DATE,TIME,BAR-PRES,IR-RADIA,OA-HUMD,OA-TEMP,SOL-ALM,SOL-BEAM,SOL-HORZ,WIND-DIR,WIND-VEL
05/08/2008,00:00:00,1010.305,140.25,69.786,53.078,0.0,0.506,0.136,30.439,5.04
05/08/2008,00:01:00,1010.305,140.625,69.905,53.007,0.0,0.506,0.136,49.387,5.028
05/08/2008,00:02:00,1010.267,140.25,69.854,53.033,0.0,0.506,0.163,48.527,6.853
05/08/2008,00:03:00,1010.267,140.25,69.854,53.007,0.0,0.538,0.136,75.565,5.563
05/08/2008,00:04:00,1010.229,140.375,69.931,52.981,0.0,0.538,0.163,49.97,4.529
05/08/2008,00:05:00,1010.229,140.375,69.873,52.949,0.0,0.506,0.163,31.372,5.636
05/08/2008,00:06:00,1010.229,140.25,70.025,52.91,0.0,0.506,0.136,76.06,3.269
05/08/2008,00:07:00,1010.229,140.5,69.828,52.936,0.0,0.506,0.136,62.651,4.65
05/08/2008,00:08:00,1010.229,140.25,69.867,52.897,0.0,0.506,0.163,51.763,5.995
05/08/2008,00:09:00,1010.267,140.5,70.029,52.871,0.0,0.506,0.136,68.51,3.306
05/08/2008,00:10:00,1010.267,140.5,70.242,52.832,0.0,0.506,0.136,73.116,3.89
05/08/2008,00:11:00,1010.305,140.375,70.44,52.793,0.0,0.443,0.136,39.899,3.914
05/08/2008,00:12:00,1010.305,140.5,70.414,52.748,0.0,0.538,0.136,70.492,3.969
05/08/2008,00:13:00,1010.305,140.5,70.42,52.722,0.0,0.57,0.136,75.229,5.484
05/08/2008,00:14:00,1010.305,140.625,70.148,52.761,0.0,0.57,0.163,84.864,3.683
05/08/2008,00:15:00,1010.344,140.375,70.129,52.774,0.0,0.506,0.136,42.406,3.866
05/08/2008,00:16:00,1010.382,140.625,70.22,52.748,0.0,0.506,0.136,36.954,3.111
05/08/2008,00:17:00,1010.401,140.75,70.207,52.722,0.0,0.57,0.136,63.219,2.837
05/08/2008,00:18:00,1010.401,140.625,70.207,52.722,0.0,0.506,0.163,48.935,2.624
05/08/2008,00:19:00,1010.401,140.625,70.372,52.67,0.0,0.506,0.136,70.215,4.018
05/08/2008,00:20:00,1010.439,140.25,70.307,52.67,0.0,0.443,0.163,64.706,4.687
05/08/2008,00:21:00,1010.439,140.625,70.08,52.683,0.0,0.443,0.163,56.733,3.89
05/08/2008,00:22:00,1010.478,140.75,70.096,52.683,0.0,0.443,0.136,39.476,3.245
05/08/2008,00:23:00,1010.478,140.5,70.281,52.657,0.0,0.538,0.136,41.414,4.291
05/08/2008,00:24:00,1010.478,140.875,70.378,52.605,0.0,0.601,0.136,75.375,3.044
05/08/2008,00:25:00,1010.478,140.75,70.611,52.592,0.0,0.443,0.136,37.26,2.496
05/08/2008,00:26:00,1010.478,140.5,70.637,52.541,0.0,0.538,0.136,50.043,5.861
05/08/2008,00:27:00,1010.439,140.5,70.472,52.566,0.0,0.506,0.136,69.312,2.143
05/08/2008,00:28:00,1010.478,140.625,70.599,52.541,0.0,0.443,0.163,39.869,3.318
05/08/2008,00:29:00,1010.478,140.625,70.832,52.489,0.0,0.538,0.136,83.639,3.233
05/08/2008,00:30:00,1010.516,140.375,70.897,52.469,0.0,0.538,0.163,61.66,4.34
05/08/2008,00:31:00,1010.516,140.5,70.644,52.443,0.0,0.601,0.136,39.622,5.46
05/08/2008,00:32:00,1010.478,140.5,70.611,52.456,0.0,0.538,0.136,55.932,3.981
05/08/2008,00:33:00,1010.516,140.75,70.663,52.417,0.0,0.506,0.136,44.242,3.056
05/08/2008,00:34:00,1010.516,140.625,70.618,52.391,0.0,0.443,0.136,53.731,4.267
05/08/2008,00:35:00,1010.516,140.375,70.427,52.391,0.0,0.506,0.136,42.755,5.484
05/08/2008,00:36:00,1010.516,140.5,70.492,52.443,0.0,0.57,0.136,43.032,4.699
05/08/2008,00:37:00,1010.478,140.375,70.268,52.456,0.0,0.538,0.136,59.721,3.732
05/08/2008,00:38:00,1010.478,140.5,70.352,52.43,0.0,0.443,0.136,45.496,2.874
05/08/2008,00:39:00,1010.439,140.375,70.573,52.391,0.0,0.506,0.136,68.175,2.241
05/08/2008,00:40:00,1010.439,140.625,70.485,52.34,0.0,0.57,0.136,55.932,5.064
05/08/2008,00:41:00,1010.439,140.375,70.307,52.379,0.0,0.506,0.136,45.845,6.08
05/08/2008,00:42:00,1010.439,140.0,70.233,52.417,0.0,0.443,0.136,38.966,5.545
05/08/2008,00:43:00,1010.401,140.25,70.155,52.43,0.0,0.538,0.136,38.281,7.516
05/08/2008,00:44:00,1010.401,140.25,70.359,52.391,0.0,0.538,0.136,61.82,3.695
05/08/2008,00:45:00,1010.382,140.375,70.65,52.327,0.0,0.57,0.163,74.996,2.837
05/08/2008,00:46:00,1010.401,139.875,70.965,52.236,0.0,0.506,0.136,66.659,2.004
05/08/2008,00:47:00,1010.401,140.0,71.136,52.152,0.0,0.538,0.163,58.395,5.064
05/08/2008,00:48:00,1010.439,140.125,71.156,52.126,0.0,0.506,0.136,39.563,3.257
05/08/2008,00:49:00,1010.439,140.25,71.156,52.087,0.0,0.538,0.136,69.195,3.02
05/08/2008,00:50:00,1010.439,139.875,71.016,52.087,0.0,0.443,0.136,57.987,3.981
05/08/2008,00:51:00,1010.478,139.75,70.871,52.1,0.0,0.506,0.163,74.428,4.078
05/08/2008,00:52:00,1010.478,140.0,70.65,52.139,0.0,0.57,0.136,71.6,3.732
05/08/2008,00:53:00,1010.478,139.875,70.909,52.126,0.0,0.538,0.136,94.352,1.784
05/08/2008,00:54:00,1010.478,139.625,70.942,52.061,0.0,0.57,0.136,102.602,2.935
05/08/2008,00:55:00,1010.478,139.625,71.149,52.022,0.0,0.506,0.136,0.88,2.995
05/08/2008,00:56:00,1010.478,139.5,71.149,51.983,0.0,0.538,0.163,70.055,4.462
05/08/2008,00:57:00,1010.478,139.5,71.295,51.983,0.0,0.506,0.136,59.138,1.395
05/08/2008,00:58:00,1010.516,139.625,71.434,51.931,0.0,0.506,0.136,73.349,1.419
05/08/2008,00:59:00,1010.516,139.375,71.612,51.905,0.0,0.443,0.136,48.556,2.746
05/08/2008,01:00:00,1010.516,139.25,71.758,51.834,0.0,0.506,0.136,41.604,2.07
05/08/2008,01:01:00,1010.554,139.375,71.606,51.834,0.0,0.506,0.163,43.819,2.575
05/08/2008,01:02:00,1010.593,139.25,71.706,51.808,0.0,0.506,0.136,54.576,3.147
05/08/2008,01:03:00,1010.593,139.25,71.81,51.782,0.0,0.538,0.136,57.593,2.947
05/08/2008,01:04:00,1010.554,139.125,71.855,51.73,0.0,0.506,0.136,38.47,3.269
05/08/2008,01:05:00,1010.554,139.125,71.842,51.717,0.0,0.506,0.136,33.179,2.405
05/08/2008,01:06:00,1010.593,139.0,71.92,51.717,0.0,0.506,0.136,35.861,2.405
05/08/2008,01:07:00,1010.554,139.25,72.14,51.666,0.0,0.506,0.136,33.981,2.795
05/08/2008,01:08:00,1010.593,138.875,72.114,51.614,0.0,0.506,0.136,34.841,2.46
05/08/2008,01:09:00,1010.593,138.75,72.192,51.568,0.0,0.506,0.136,42.814,3.221
05/08/2008,01:10:00,1010.593,138.625,72.153,51.542,0.0,0.443,0.136,25.658,3.805
05/08/2008,01:11:00,1010.669,138.625,72.114,51.555,0.0,0.506,0.136,41.094,3.914
05/08/2008,01:12:00,1010.631,138.375,72.053,51.53,0.0,0.506,0.136,20.907,1.943
05/08/2008,01:13:00,1010.631,138.375,72.16,51.491,0.0,0.506,0.136,43.819,3.695
05/08/2008,01:14:00,1010.631,138.125,72.186,51.452,0.0,0.538,0.163,40.321,3.482
05/08/2008,01:15:00,1010.669,138.0,72.331,51.426,0.0,0.506,0.136,23.807,2.77
05/08/2008,01:16:00,1010.631,138.125,72.458,51.387,0.0,0.506,0.136,69.793,2.649
05/08/2008,01:17:00,1010.631,137.75,72.445,51.355,0.0,0.538,0.136,32.8,4.243
05/08/2008,01:18:00,1010.669,138.0,72.542,51.355,0.0,0.506,0.163,31.212,2.575
05/08/2008,01:19:00,1010.669,138.0,72.636,51.257,0.0,0.538,0.136,79.923,2.722
05/08/2008,01:20:00,1010.669,138.0,72.668,51.27,0.0,0.506,0.136,28.092,2.442
05/08/2008,01:21:00,1010.669,138.0,72.688,51.244,0.0,0.57,0.136,48.105,2.004
05/08/2008,01:22:00,1010.708,138.0,72.636,51.231,0.0,0.538,0.136,46.049,2.241
05/08/2008,01:23:00,1010.746,138.0,72.691,51.205,0.0,0.506,0.136,43.178,2.6
05/08/2008,01:24:00,1010.746,137.875,72.509,51.257,0.0,0.506,0.136,15.907,3.342
05/08/2008,01:25:00,1010.746,137.875,72.403,51.27,0.0,0.538,0.136,20.12,4.267
05/08/2008,01:26:00,1010.708,138.0,72.419,51.244,0.0,0.538,0.136,44.213,3.695
05/08/2008,01:27:00,1010.708,138.125,72.458,51.231,0.0,0.538,0.136,29.9,2.034
05/08/2008,01:28:00,1010.746,138.25,72.571,51.205,0.0,0.538,0.136,30.264,4.151
05/08/2008,01:29:00,1010.708,138.375,72.597,51.193,0.0,0.538,0.136,25.833,3.853
05/08/2008,01:30:00,1010.669,138.375,72.603,51.193,0.0,0.538,0.136,38.499,4.468
05/08/2008,01:31:00,1010.669,138.125,72.548,51.218,0.0,0.538,0.163,43.061,2.758
05/08/2008,01:32:00,1010.631,138.125,72.584,51.193,0.0,0.538,0.136,63.001,3.744
05/08/2008,01:33:00,1010.593,138.375,72.642,51.205,0.0,0.538,0.136,52.477,3.616
05/08/2008,01:34:00,1010.593,138.0,72.723,51.193,0.0,0.506,0.136,51.909,3.409
05/08/2008,01:35:00,1010.593,137.75,72.82,51.141,0.0,0.506,0.163,80.622,3.519
05/08/2008,01:36:00,1010.593,137.875,72.833,51.141,0.0,0.538,0.136,45.16,3.099
05/08/2008,01:37:00,1010.593,138.25,72.862,51.115,0.0,0.538,0.136,54.343,3.646
05/08/2008,01:38:00,1010.593,138.125,73.125,51.102,0.0,0.57,0.163,50.757,2.521
05/08/2008,01:39:00,1010.593,138.125,72.833,51.076,0.0,0.538,0.136,52.011,5.052
05/08/2008,01:40:00,1010.593,138.5,72.85,51.089,0.0,0.538,0.136,34.447,4.279
05/08/2008,01:41:00,1010.593,138.375,72.901,51.037,0.0,0.506,0.136,59.692,3.147
05/08/2008,01:42:00,1010.593,138.25,72.947,51.018,0.0,0.538,0.136,46.049,4.754
05/08/2008,01:43:00,1010.593,138.25,72.953,51.037,0.0,0.57,0.136,56.704,4.517
05/08/2008,01:44:00,1010.593,138.5,72.788,51.05,0.0,0.538,0.136,36.721,4.541
05/08/2008,01:45:00,1010.593,138.625,72.82,50.992,0.0,0.538,0.136,53.468,4.218
05/08/2008,01:46:00,1010.593,138.5,72.762,51.037,0.0,0.538,0.136,53.789,5.149
05/08/2008,01:47:00,1010.631,138.25,72.655,51.063,0.0,0.506,0.136,40.321,3.853
05/08/2008,01:48:00,1010.669,138.25,72.571,51.063,0.0,0.538,0.136,47.638,4.663
05/08/2008,01:49:00,1010.669,138.0,72.775,51.076,0.0,0.506,0.136,38.033,4.091
05/08/2008,01:50:00,1010.669,138.0,72.814,51.037,0.0,0.538,0.163,87.589,2.143
05/08/2008,01:51:00,1010.669,137.875,72.736,51.018,0.0,0.538,0.136,81.439,4.151
05/08/2008,01:52:00,1010.631,138.0,72.966,50.927,0.0,0.538,0.136,49.445,4.054
05/08/2008,01:53:00,1010.631,137.75,73.028,50.888,0.0,0.506,0.136,54.343,3.616
05/08/2008,01:54:00,1010.631,137.75,72.966,50.901,0.0,0.506,0.136,50.961,3.993
05/08/2008,01:55:00,1010.631,137.75,73.148,50.823,0.0,0.506,0.136,51.195,4.577
05/08/2008,01:56:00,1010.631,137.5,73.293,50.784,0.0,0.506,0.136,51.792,5.016
05/08/2008,01:57:00,1010.593,137.75,73.426,50.726,0.0,0.443,0.163,50.684,5.898
05/08/2008,01:58:00,1010.593,137.625,73.517,50.7,0.0,0.538,0.136,59.328,4.188
05/08/2008,01:59:00,1010.593,137.375,73.86,50.622,0.0,0.506,0.136,74.282,2.825
05/08/2008,02:00:00,1010.593,137.625,74.116,50.557,0.0,0.443,0.136,53.468,2.922
05/08/2008,02:01:00,1010.593,137.75,74.116,50.493,0.0,0.538,0.136,71.542,4.73
05/08/2008,02:02:00,1010.593,137.375,74.051,50.506,0.0,0.506,0.136,61.937,2.192
05/08/2008,02:03:00,1010.593,137.5,74.139,50.48,0.0,0.506,0.136,67.621,3.184
05/08/2008,02:04:00,1010.593,137.625,74.223,50.454,0.0,0.506,0.136,51.821,2.405
05/08/2008,02:05:00,1010.593,137.625,74.203,50.434,0.0,0.443,0.163,32.8,3.111
05/08/2008,02:06:00,1010.631,137.375,74.249,50.395,0.0,0.443,0.163,34.185,2.484
05/08/2008,02:07:00,1010.631,137.375,74.281,50.408,0.0,0.506,0.136,45.758,4.176
05/08/2008,02:08:00,1010.631,137.5,74.103,50.408,0.0,0.538,0.136,31.008,2.545
05/08/2008,02:09:00,1010.669,137.625,73.918,50.467,0.0,0.538,0.136,34.447,3.981
05/08/2008,02:10:00,1010.708,137.5,73.847,50.48,0.0,0.506,0.136,61.106,3.008
05/08/2008,02:11:00,1010.746,137.875,73.74,50.531,0.0,0.538,0.136,47.303,3.646
05/08/2008,02:12:00,1010.746,137.625,73.633,50.57,0.0,0.506,0.136,47.58,3.543
05/08/2008,02:13:00,1010.746,137.625,73.591,50.544,0.0,0.538,0.136,65.085,2.265
05/08/2008,02:14:00,1010.746,137.375,73.811,50.544,0.0,0.506,0.136,82.954,2.07
05/08/2008,02:15:00,1010.784,137.5,74.025,50.48,0.0,0.506,0.136,71.469,4.005
05/08/2008,02:16:00,1010.784,137.5,74.203,50.421,0.0,0.601,0.136,71.717,2.083
05/08/2008,02:17:00,1010.746,137.375,74.268,50.369,0.0,0.506,0.136,70.828,3.506
05/08/2008,02:18:00,1010.746,137.25,74.164,50.356,0.0,0.538,0.136,61.252,3.853
05/08/2008,02:19:00,1010.746,137.0,74.223,50.331,0.0,0.506,0.136,54.911,2.283
05/08/2008,02:20:00,1010.746,137.0,74.291,50.292,0.0,0.506,0.136,79.923,4.194
05/08/2008,02:21:00,1010.746,136.875,74.281,50.305,0.0,0.538,0.136,59.532,2.034
05/08/2008,02:22:00,1010.669,137.0,74.508,50.24,0.0,0.538,0.136,55.83,2.734
05/08/2008,02:23:00,1010.669,136.75,74.427,50.253,0.0,0.506,0.136,75.842,5.113
05/08/2008,02:24:00,1010.669,137.0,74.495,50.266,0.0,0.538,0.136,70.113,2.795
05/08/2008,02:25:00,1010.631,136.75,74.43,50.266,0.0,0.538,0.136,64.648,3.458
05/08/2008,02:26:00,1010.631,136.625,74.356,50.266,0.0,0.538,0.136,61.849,3.932
05/08/2008,02:27:00,1010.593,136.625,74.184,50.279,0.0,0.57,0.136,73.087,5.101
05/08/2008,02:28:00,1010.593,136.5,74.103,50.318,0.0,0.538,0.136,80.433,4.553
05/08/2008,02:29:00,1010.593,136.125,74.139,50.253,0.0,0.506,0.136,62.971,4.687
05/08/2008,02:30:00,1010.631,136.0,74.495,50.162,0.0,0.506,0.136,69.079,4.492
05/08/2008,02:31:00,1010.631,136.25,74.754,50.104,0.0,0.506,0.136,80.2,3.866
05/08/2008,02:32:00,1010.631,135.875,74.825,50.052,0.0,0.506,0.136,88.07,3.981
05/08/2008,02:33:00,1010.631,135.875,74.926,49.974,0.0,0.443,0.136,77.459,4.565
05/08/2008,02:34:00,1010.554,136.0,75.172,49.838,0.0,0.538,0.136,55.596,3.616
05/08/2008,02:35:00,1010.516,135.75,75.337,49.812,0.0,0.506,0.136,46.239,2.795
05/08/2008,02:36:00,1010.516,135.875,75.415,49.754,0.0,0.506,0.136,60.537,4.018
05/08/2008,02:37:00,1010.516,136.0,75.46,49.741,0.0,0.506,0.136,53.876,4.687
05/08/2008,02:38:00,1010.516,136.0,75.437,49.799,0.0,0.506,0.136,43.703,5.125
05/08/2008,02:39:00,1010.516,136.125,75.217,49.851,0.0,0.506,0.163,58.788,4.243
05/08/2008,02:40:00,1010.516,136.125,75.178,49.87,0.0,0.57,0.136,48.148,5.746
05/08/2008,02:41:00,1010.516,136.25,75.123,49.87,0.0,0.506,0.136,50.247,4.413
05/08/2008,02:42:00,1010.516,136.125,75.123,49.851,0.0,0.443,0.136,46.793,6.196
05/08/2008,02:43:00,1010.516,136.125,75.117,49.851,0.0,0.506,0.136,67.461,6.433
05/08/2008,02:44:00,1010.516,136.125,75.152,49.825,0.0,0.538,0.136,50.305,4.437
05/08/2008,02:45:00,1010.478,135.75,75.311,49.741,0.0,0.506,0.163,44.65,4.018
05/08/2008,02:46:00,1010.439,136.0,75.531,49.676,0.0,0.506,0.136,71.411,3.768
05/08/2008,02:47:00,1010.439,135.875,75.777,49.585,0.0,0.538,0.136,51.078,3.044
05/08/2008,02:48:00,1010.439,135.75,75.981,49.54,0.0,0.443,0.136,37.945,3.16
05/08/2008,02:49:00,1010.439,135.75,76.114,49.514,0.0,0.538,0.136,54.999,4.59
05/08/2008,02:50:00,1010.478,135.875,76.075,49.527,0.0,0.538,0.136,79.427,3.135
05/08/2008,02:51:00,1010.516,135.375,76.153,49.462,0.0,0.443,0.136,107.908,3.446
05/08/2008,02:52:00,1010.478,135.0,76.367,49.397,0.0,0.443,0.136,95.242,2.381
05/08/2008,02:53:00,1010.439,135.25,76.924,49.235,0.0,0.443,0.136,68.568,3.008
05/08/2008,02:54:00,1010.401,135.0,77.028,49.106,0.0,0.506,0.136,75.536,3.89
05/08/2008,02:55:00,1010.382,135.125,76.976,49.08,0.0,0.506,0.136,74.967,3.008
05/08/2008,02:56:00,1010.401,134.875,76.976,48.97,0.0,0.443,0.163,68.802,2.983
05/08/2008,02:57:00,1010.401,135.25,77.219,48.957,0.0,0.506,0.136,53.935,2.807
05/08/2008,02:58:00,1010.401,135.125,77.115,48.983,0.0,0.443,0.136,69.968,3.914
05/08/2008,02:59:00,1010.382,135.625,77.102,49.002,0.0,0.538,0.136,55.174,4.778
05/08/2008,03:00:00,1010.382,135.5,77.002,49.054,0.0,0.506,0.136,68.029,3.914
05/08/2008,03:01:00,1010.401,135.375,77.07,49.067,0.0,0.506,0.136,43.761,2.922
05/08/2008,03:02:00,1010.401,135.25,77.07,49.093,0.0,0.506,0.136,81.526,2.861
05/08/2008,03:03:00,1010.401,135.375,77.128,49.08,0.0,0.506,0.136,48.105,4.602
05/08/2008,03:04:00,1010.401,135.25,77.076,49.08,0.0,0.506,0.136,57.826,4.352
05/08/2008,03:05:00,1010.401,135.25,77.16,49.067,0.0,0.506,0.163,60.567,3.981
05/08/2008,03:06:00,1010.401,135.125,77.316,49.028,0.0,0.538,0.136,58.905,2.588
05/08/2008,03:07:00,1010.439,134.875,77.277,48.983,0.0,0.506,0.136,66.091,3.342
05/08/2008,03:08:00,1010.401,134.5,77.345,48.957,0.0,0.506,0.136,66.484,4.316
05/08/2008,03:09:00,1010.439,134.625,77.543,48.892,0.0,0.506,0.136,69.822,3.616
05/08/2008,03:10:00,1010.401,134.5,77.763,48.801,0.0,0.506,0.163,56.252,3.945
05/08/2008,03:11:00,1010.401,134.375,77.892,48.775,0.0,0.506,0.136,56.369,2.46
05/08/2008,03:12:00,1010.401,134.25,77.999,48.704,0.0,0.506,0.136,22.554,2.472
05/08/2008,03:13:00,1010.382,134.25,78.245,48.665,0.0,0.506,0.136,43.295,3.184
05/08/2008,03:14:00,1010.344,134.0,78.226,48.652,0.0,0.506,0.136,54.853,3.695
05/08/2008,03:15:00,1010.344,134.0,78.258,48.652,0.0,0.538,0.136,58.584,2.509
05/08/2008,03:16:00,1010.305,133.875,78.365,48.587,0.0,0.412,0.136,59.415,2.381
05/08/2008,03:17:00,1010.305,134.0,78.469,48.522,0.0,0.506,0.136,66.572,2.417
05/08/2008,03:18:00,1010.267,133.75,78.498,48.471,0.0,0.443,0.136,50.597,4.206
05/08/2008,03:19:00,1010.267,134.0,78.589,48.445,0.0,0.506,0.136,47.245,4.279
05/08/2008,03:20:00,1010.229,133.875,78.556,48.432,0.0,0.506,0.136,46.414,4.754
05/08/2008,03:21:00,1010.229,134.0,78.543,48.419,0.0,0.506,0.136,49.562,5.028
05/08/2008,03:22:00,1010.229,133.875,78.524,48.419,0.0,0.443,0.136,62.141,4.577
05/08/2008,03:23:00,1010.19,133.75,78.556,48.373,0.0,0.506,0.136,61.601,3.123
05/08/2008,03:24:00,1010.229,134.0,78.76,48.296,0.0,0.506,0.163,84.601,2.253
05/08/2008,03:25:00,1010.229,134.25,79.078,48.244,0.0,0.506,0.136,64.473,2.886
05/08/2008,03:26:00,1010.229,134.125,79.23,48.218,0.0,0.506,0.136,75.288,4.127
05/08/2008,03:27:00,1010.229,133.875,79.224,48.257,0.0,0.506,0.136,55.567,5.874
05/08/2008,03:28:00,1010.229,134.0,79.023,48.296,0.0,0.506,0.136,73.684,4.018
05/08/2008,03:29:00,1010.19,133.625,78.935,48.257,0.0,0.443,0.136,72.883,4.504
05/08/2008,03:30:00,1010.19,133.375,79.01,48.283,0.0,0.443,0.136,73.597,3.604
05/08/2008,03:31:00,1010.19,133.25,79.104,48.192,0.0,0.443,0.136,52.331,3.92
05/08/2008,03:32:00,1010.152,133.375,79.295,48.088,0.0,0.506,0.136,69.079,4.194
05/08/2008,03:33:00,1010.152,133.25,79.408,48.062,0.0,0.506,0.163,87.706,2.417
05/08/2008,03:34:00,1010.152,133.375,79.654,48.036,0.0,0.506,0.136,67.257,4.103
05/08/2008,03:35:00,1010.152,133.25,79.7,48.036,0.0,0.506,0.136,74.748,5.125
05/08/2008,03:36:00,1010.152,133.5,79.502,48.101,0.0,0.506,0.136,79.923,3.196
05/08/2008,03:37:00,1010.152,133.625,79.447,48.075,0.0,0.538,0.136,66.003,2.509
05/08/2008,03:38:00,1010.152,133.5,79.421,48.114,0.0,0.506,0.136,54.43,4.517
05/08/2008,03:39:00,1010.19,133.25,79.415,48.075,0.0,0.506,0.136,59.969,5.588
05/08/2008,03:40:00,1010.229,133.25,79.376,48.101,0.0,0.538,0.136,65.61,4.985
05/08/2008,03:41:00,1010.229,133.25,79.382,48.088,0.0,0.538,0.136,53.76,3.567
05/08/2008,03:42:00,1010.229,133.125,79.46,48.049,0.0,0.538,0.136,80.958,3.878
05/08/2008,03:43:00,1010.267,133.25,79.515,48.01,0.0,0.506,0.136,52.302,2.837
05/08/2008,03:44:00,1010.229,133.0,79.641,47.971,0.0,0.506,0.136,61.543,3.458
05/08/2008,03:45:00,1010.229,132.625,79.732,47.92,0.0,0.443,0.136,38.528,3.494
05/08/2008,03:46:00,1010.229,132.75,79.91,47.881,0.0,0.506,0.136,42.755,4.231
05/08/2008,03:47:00,1010.229,132.5,79.985,47.842,0.0,0.506,0.136,72.008,4.054
05/08/2008,03:48:00,1010.229,132.75,80.011,47.809,0.0,0.506,0.136,42.522,5.496
05/08/2008,03:49:00,1010.229,132.625,79.952,47.809,0.0,0.506,0.136,67.65,5.375
05/08/2008,03:50:00,1010.229,132.5,79.946,47.809,0.0,0.506,0.136,53.191,4.961
05/08/2008,03:51:00,1010.229,132.625,79.946,47.784,0.0,0.506,0.136,48.44,5.648
05/08/2008,03:52:00,1010.19,132.75,79.952,47.797,0.0,0.506,0.136,52.477,3.829
05/08/2008,03:53:00,1010.19,132.5,79.764,47.809,0.0,0.506,0.136,50.276,4.078
05/08/2008,03:54:00,1010.19,132.625,79.573,47.829,0.0,0.506,0.136,45.904,4.687
05/08/2008,03:55:00,1010.229,132.75,79.466,47.829,0.0,0.506,0.136,58.992,3.932
05/08/2008,03:56:00,1010.19,132.5,79.489,47.809,0.0,0.506,0.136,47.011,6.16
05/08/2008,03:57:00,1010.19,132.5,79.395,47.809,0.0,0.506,0.136,38.878,6.135
05/08/2008,03:58:00,1010.229,132.25,79.389,47.771,0.0,0.443,0.136,37.26,3.446
05/08/2008,03:59:00,1010.229,132.375,79.496,47.758,0.0,0.538,0.136,39.214,3.981
05/08/2008,04:00:00,1010.229,132.375,79.541,47.732,0.0,0.506,0.136,38.164,4.888
05/08/2008,04:01:00,1010.267,132.375,79.599,47.654,0.0,0.443,0.136,22.495,4.936
05/08/2008,04:02:00,1010.305,132.375,79.687,47.641,0.0,0.443,0.136,47.39,2.795
05/08/2008,04:03:00,1010.267,132.25,79.832,47.602,0.0,0.443,0.136,33.325,5.016
05/08/2008,04:04:00,1010.305,132.0,79.852,47.576,0.0,0.506,0.136,56.223,5.807
05/08/2008,04:05:00,1010.305,132.375,79.897,47.544,0.0,0.443,0.136,52.361,4.279
05/08/2008,04:06:00,1010.305,132.375,79.952,47.531,0.0,0.506,0.136,45.904,3.805
05/08/2008,04:07:00,1010.305,132.125,80.072,47.518,0.0,0.506,0.136,42.726,4.73
05/08/2008,04:08:00,1010.305,132.0,79.965,47.531,0.0,0.443,0.136,56.194,5.423
05/08/2008,04:09:00,1010.305,132.125,79.946,47.505,0.0,0.506,0.136,58.366,3.78
05/08/2008,04:10:00,1010.305,132.0,79.946,47.505,0.0,0.412,0.163,71.119,3.993
05/08/2008,04:11:00,1010.305,132.125,79.978,47.466,0.0,0.506,0.136,37.319,3.02
05/08/2008,04:12:00,1010.305,132.125,80.169,47.401,0.0,0.443,0.136,44.023,5.04
05/08/2008,04:13:00,1010.305,132.25,80.347,47.336,0.0,0.443,0.136,58.876,4.504
05/08/2008,04:14:00,1010.305,132.125,80.441,47.31,0.0,0.443,0.136,46.268,4.985
05/08/2008,04:15:00,1010.382,131.875,80.409,47.323,0.0,0.443,0.136,44.563,5.563
05/08/2008,04:16:00,1010.401,132.125,80.276,47.349,0.0,0.506,0.163,55.086,3.081
05/08/2008,04:17:00,1010.401,132.375,80.066,47.349,0.0,0.506,0.136,43.091,5.575
05/08/2008,04:18:00,1010.401,132.0,79.904,47.336,0.0,0.538,0.136,33.383,5.076
05/08/2008,04:19:00,1010.401,132.0,80.017,47.297,0.0,0.506,0.109,49.387,4.437
05/08/2008,04:20:00,1010.478,132.25,80.124,47.31,0.0,0.443,0.136,54.547,4.863
05/08/2008,04:21:00,1010.478,132.625,80.024,47.336,0.0,0.538,0.163,55.363,4.504
05/08/2008,04:22:00,1010.439,132.625,80.056,47.336,0.0,0.538,0.136,38.15,5.575
05/08/2008,04:23:00,1010.478,132.0,79.839,47.375,0.0,0.506,0.136,22.146,5.113
05/08/2008,04:24:00,1010.516,132.0,79.878,47.362,0.0,0.412,0.136,50.043,4.687
05/08/2008,04:25:00,1010.478,132.0,79.91,47.349,0.0,0.412,0.136,53.104,6.36
05/08/2008,04:26:00,1010.478,132.25,79.939,47.336,0.0,0.443,0.136,48.877,5.807
05/08/2008,04:27:00,1010.516,132.125,79.904,47.349,0.0,0.412,0.136,33.923,4.687
05/08/2008,04:28:00,1010.516,132.375,79.939,47.362,0.0,0.443,0.136,21.198,4.711
05/08/2008,04:29:00,1010.516,132.125,79.745,47.336,0.0,0.443,0.136,46.21,5.721
05/08/2008,04:30:00,1010.554,132.0,79.745,47.323,0.0,0.443,0.136,45.073,3.914
05/08/2008,04:31:00,1010.516,131.875,79.845,47.259,0.0,0.412,0.136,37.741,5.983
05/08/2008,04:32:00,1010.516,131.875,79.985,47.226,0.0,0.506,0.136,37.581,4.188
05/08/2008,04:33:00,1010.554,131.75,79.998,47.187,0.0,0.443,0.136,62.855,3.446
05/08/2008,04:34:00,1010.516,131.875,80.124,47.11,0.0,0.412,0.136,50.597,5.089
05/08/2008,04:35:00,1010.516,131.625,80.13,47.071,0.0,0.412,0.136,40.38,3.719
05/08/2008,04:36:00,1010.554,131.5,80.211,47.045,0.0,0.601,0.136,50.247,4.638
05/08/2008,04:37:00,1010.593,131.625,80.105,47.032,0.0,0.506,0.136,47.157,3.914
05/08/2008,04:38:00,1010.631,131.625,80.124,46.967,0.0,0.348,0.136,39.665,5.898
05/08/2008,04:39:00,1010.593,131.875,80.176,46.98,0.0,0.38,0.136,46.924,4.389
05/08/2008,04:40:00,1010.669,131.75,80.024,47.019,0.0,0.443,0.136,36.721,3.519
05/08/2008,04:41:00,1010.669,131.75,80.072,47.006,0.0,0.506,0.136,41.72,3.482
05/08/2008,04:42:00,1010.631,131.75,80.111,46.98,0.0,0.633,0.136,36.983,4.492
05/08/2008,04:43:00,1010.593,131.625,79.897,46.993,0.0,0.412,0.136,63.729,4.018
05/08/2008,04:44:00,1010.593,131.625,79.978,46.96,0.0,0.38,0.136,39.695,5.521
05/08/2008,04:45:00,1010.593,131.5,79.978,46.993,0.0,0.57,0.109,69.312,3.683
05/08/2008,04:46:00,1010.631,131.375,79.807,47.019,0.0,0.506,0.136,70.492,3.768
05/08/2008,04:47:00,1010.593,131.375,79.92,46.967,0.0,0.443,0.136,35.176,4.863
05/08/2008,04:48:00,1010.593,131.125,79.946,46.922,0.0,0.443,0.136,43.149,4.949
05/08/2008,04:49:00,1010.631,131.5,79.926,46.948,0.0,0.443,0.136,21.563,3.993
05/08/2008,04:50:00,1010.669,131.25,79.813,46.96,0.0,0.443,0.136,57.025,5.849
05/08/2008,04:51:00,1010.631,131.5,79.7,46.993,0.0,0.506,0.136,30.322,5.825
05/08/2008,04:52:00,1010.669,131.625,79.428,47.045,0.0,0.443,0.136,58.074,3.902
05/08/2008,04:53:00,1010.708,131.25,79.356,47.032,0.0,0.443,0.163,54.153,4.73
05/08/2008,04:54:00,1010.746,131.5,79.321,47.071,0.0,0.412,0.136,51.85,3.732
05/08/2008,04:55:00,1010.746,131.25,79.211,47.097,0.0,0.412,0.136,45.525,3.354
05/08/2008,04:56:00,1010.784,131.375,79.11,47.122,0.0,0.506,0.136,32.742,5.222
05/08/2008,04:57:00,1010.784,131.25,79.007,47.148,0.0,0.506,0.136,33.704,4.638
05/08/2008,04:58:00,1010.823,131.25,78.893,47.148,0.0,0.538,0.136,49.854,4.042
05/08/2008,04:59:00,1010.823,131.0,78.9,47.161,0.0,0.412,0.136,52.871,6.184
05/08/2008,05:00:00,1010.861,131.25,78.828,47.174,0.0,0.506,0.136,57.2,4.997
05/08/2008,05:01:00,1010.899,131.125,78.663,47.174,0.0,0.538,0.136,48.775,3.756
05/08/2008,05:02:00,1010.899,131.125,78.689,47.187,0.0,0.506,0.136,34.098,5.46
05/08/2008,05:03:00,1010.899,131.5,78.563,47.174,0.0,0.506,0.136,33.412,3.878
05/08/2008,05:04:00,1010.899,131.125,78.563,47.174,0.0,0.506,0.136,42.726,4.492
05/08/2008,05:05:00,1010.861,131.0,78.359,47.226,0.0,0.443,0.136,52.9,3.208
05/08/2008,05:06:00,1010.861,131.25,78.339,47.187,0.0,0.506,0.136,46.953,3.792
05/08/2008,05:07:00,1010.823,131.25,78.462,47.148,0.0,0.443,0.136,45.189,4.194
05/08/2008,05:08:00,1010.823,131.125,78.456,47.148,0.0,0.506,0.136,40.729,6.695
05/08/2008,05:09:00,1010.861,131.0,78.411,47.148,0.0,0.506,0.136,64.312,5.886
05/08/2008,05:10:00,1010.861,131.0,78.339,47.148,0.0,0.412,0.136,39.301,2.861
05/08/2008,05:11:00,1010.861,131.25,78.424,47.122,0.0,0.506,0.136,39.724,6.695
05/08/2008,05:12:00,1010.899,131.0,78.284,47.122,0.0,0.506,0.136,59.998,4.553
05/08/2008,05:13:00,1010.899,131.125,78.207,47.097,0.0,0.412,0.136,27.67,5.545
05/08/2008,05:14:00,1010.938,131.0,78.22,47.071,0.0,0.506,0.136,20.63,4.206
05/08/2008,05:15:00,1010.976,130.875,78.239,47.071,0.0,0.443,0.136,34.039,5.259
05/08/2008,05:16:00,1010.976,131.0,78.177,47.071,0.0,0.443,0.136,32.232,3.92
05/08/2008,05:17:00,1010.976,131.125,78.339,47.071,0.0,0.443,0.136,40.977,5.326
05/08/2008,05:18:00,1010.976,131.125,78.067,47.11,0.0,0.443,0.136,29.55,4.888
05/08/2008,05:19:00,1010.976,131.375,77.967,47.084,0.0,0.506,0.136,37.712,5.247
05/08/2008,05:20:00,1010.976,131.125,78.061,47.058,0.0,0.443,0.136,42.129,5.521
05/08/2008,05:21:00,1010.938,130.875,77.98,47.045,0.0,0.443,0.136,39.505,4.48
05/08/2008,05:22:00,1010.938,130.875,78.087,47.032,0.0,0.506,0.136,52.929,6.373
05/08/2008,05:23:00,1010.899,130.875,78.054,47.019,0.0,0.443,0.136,60.027,4.924
05/08/2008,05:24:00,1010.899,130.875,78.33,46.96,0.0,0.443,0.136,41.895,5.387
05/08/2008,05:25:00,1010.899,130.875,78.291,46.967,0.0,0.412,0.136,21.708,6.373
05/08/2008,05:26:00,1010.899,130.625,78.207,46.967,0.0,0.443,0.136,49.824,3.866
05/08/2008,05:27:00,1010.899,131.0,78.226,46.935,0.0,0.506,0.136,35.919,6.579
05/08/2008,05:28:00,1010.899,131.125,78.207,46.922,0.0,0.443,0.136,42.376,4.413
05/08/2008,05:29:00,1010.899,131.125,78.139,46.96,0.0,0.506,0.163,45.874,1.693
05/08/2008,05:30:00,1010.938,131.0,77.993,46.98,0.0,0.443,0.136,43.586,3.616
05/08/2008,05:31:00,1010.976,131.0,77.999,46.96,0.0,0.443,0.163,41.895,4.304
05/08/2008,05:32:00,1010.976,130.875,78.1,46.967,0.0,0.443,0.136,45.933,4.437
05/08/2008,05:33:00,1010.976,131.0,77.941,46.967,0.0,0.443,0.136,43.761,2.849
05/08/2008,05:34:00,1011.014,131.125,78.061,46.935,0.0,0.538,0.136,18.808,4.742
05/08/2008,05:35:00,1011.014,131.125,78.08,46.967,0.0,0.443,0.136,16.141,5.709
05/08/2008,05:36:00,1011.014,131.0,77.886,46.98,0.0,0.506,0.136,65.712,6.354
05/08/2008,05:37:00,1011.014,130.875,77.795,47.032,0.0,0.443,0.136,34.549,5.028
05/08/2008,05:38:00,1011.014,130.875,77.821,47.032,0.0,0.506,0.136,18.123,4.65
05/08/2008,05:39:00,1011.014,131.0,77.701,47.071,0.0,0.538,0.136,67.592,4.066
05/08/2008,05:40:00,1011.014,131.125,77.721,47.084,0.0,0.506,0.136,23.866,6.604
05/08/2008,05:41:00,1011.014,131.25,77.617,47.135,0.0,0.506,0.163,36.983,3.993
05/08/2008,05:42:00,1010.976,131.125,77.721,47.122,0.0,0.506,0.136,30.556,4.863
05/08/2008,05:43:00,1010.976,131.375,77.536,47.135,0.0,0.538,0.136,37.144,6.08
05/08/2008,05:44:00,1010.976,131.125,77.53,47.122,0.0,0.506,0.136,41.633,5.995
05/08/2008,05:45:00,1010.976,131.375,77.727,47.097,0.0,0.506,0.136,42.668,3.853
05/08/2008,05:46:00,1010.938,130.875,77.517,47.148,0.0,0.443,0.136,41.866,3.866
05/08/2008,05:47:00,1010.938,130.75,77.562,47.2,0.0,0.412,0.136,51.442,4.042
05/08/2008,05:48:00,1010.976,131.0,77.815,47.058,0.0,0.412,0.136,13.823,5.794
05/08/2008,05:49:00,1010.938,130.875,77.562,47.148,0.0,0.443,0.136,9.873,3.47
05/08/2008,05:50:00,1010.899,130.75,77.536,47.122,0.0,0.506,0.136,33.587,6.111
05/08/2008,05:51:00,1010.938,130.75,77.471,47.122,0.0,0.443,0.136,49.883,3.853
05/08/2008,05:52:00,1010.938,130.5,77.484,47.084,0.0,0.412,0.136,71.236,3.373
05/08/2008,05:53:00,1010.938,130.5,77.721,47.019,0.0,0.443,0.136,43.061,5.46
05/08/2008,05:54:00,1010.938,130.75,77.669,46.993,0.0,0.443,0.136,68.568,5.198
05/08/2008,05:55:00,1010.938,130.25,77.74,46.948,0.0,0.412,0.136,55.713,6.22
05/08/2008,05:56:00,1010.938,130.625,77.847,46.896,0.0,0.506,0.136,35.978,5.837
05/08/2008,05:57:00,1010.938,130.25,77.909,46.87,0.0,0.412,0.163,61.878,5.387
05/08/2008,05:58:00,1010.976,130.375,77.967,46.831,0.0,0.412,0.136,51.792,4.462
05/08/2008,05:59:00,1010.976,130.625,78.074,46.818,0.0,0.412,0.136,53.381,4.742
05/08/2008,06:00:00,1010.976,130.5,78.184,46.792,0.0,0.443,0.136,28.603,6.707
05/08/2008,06:01:00,1010.976,130.875,78.087,46.779,0.0,0.38,0.136,42.289,5.825
05/08/2008,06:02:00,1011.052,130.75,78.113,46.779,0.0,0.38,0.136,43.674,6.792
05/08/2008,06:03:00,1011.052,130.75,78.171,46.792,0.0,0.38,0.163,48.586,4.553
05/08/2008,06:04:00,1011.052,130.75,78.213,46.766,0.0,0.412,0.136,37.712,7.754
05/08/2008,06:05:00,1011.014,130.5,78.025,46.831,0.0,0.412,0.19,57.506,4.626
05/08/2008,06:06:00,1011.014,131.0,77.954,46.967,0.0,0.412,0.271,54.97,4.803
05/08/2008,06:07:00,1011.014,130.875,77.873,46.922,0.0,0.443,0.434,38.354,3.245
05/08/2008,06:08:00,1010.976,130.875,77.873,46.948,0.0,0.506,0.597,54.489,6.646
05/08/2008,06:09:00,1010.976,131.0,77.688,46.967,0.0,0.633,0.813,54.226,5.861
05/08/2008,06:10:00,1010.976,130.875,77.624,46.967,0.0,0.886,0.976,72.722,4.529
05/08/2008,06:11:00,1010.938,130.625,77.756,46.948,0.0,1.266,1.192,75.9,5.886
05/08/2008,06:12:00,1010.938,130.75,77.909,46.883,0.0,2.023,1.409,56.369,3.671
05/08/2008,06:13:00,1010.899,130.625,78.087,46.857,0.0,2.277,1.572,83.756,5.636
05/08/2008,06:14:00,1010.976,130.875,78.2,46.857,0.0,2.877,1.789,63.817,3.719
05/08/2008,06:15:00,1010.976,131.0,78.067,46.922,0.0,4.523,2.061,39.097,4.176
05/08/2008,06:16:00,1011.014,131.125,78.184,46.948,0.0,5.188,2.088,38.528,4.413
05/08/2008,06:17:00,1011.014,131.25,77.954,46.993,0.0,4.395,2.006,51.165,3.628
05/08/2008,06:18:00,1011.014,131.25,77.669,47.097,0.0,3.922,2.25,37.858,4.839
05/08/2008,06:19:00,1011.014,131.375,77.465,47.174,0.0,3.984,2.385,46.443,4.377
05/08/2008,06:20:00,1011.014,131.0,77.031,47.239,0.0,4.555,2.873,58.555,5.125
05/08/2008,06:21:00,1011.014,131.0,76.817,47.272,0.0,5.66,2.928,47.696,6.397
05/08/2008,06:22:00,1010.976,131.125,76.71,47.297,0.0,5.535,2.955,56.966,8.204
05/08/2008,06:23:00,1011.014,131.125,76.62,47.362,0.0,6.797,3.469,25.061,6.446
05/08/2008,06:24:00,1010.976,131.375,76.717,47.401,0.0,8.883,3.768,38.354,5.149
05/08/2008,06:25:00,1010.976,131.25,76.425,47.44,0.0,6.484,3.469,49.052,6.579
05/08/2008,06:26:00,1011.014,131.25,76.215,47.44,0.0,3.826,3.387,76.031,5.052
05/08/2008,06:27:00,1011.014,131.375,76.315,47.479,0.0,3.637,3.578,39.869,7.492
05/08/2008,06:28:00,1010.976,131.125,76.309,47.44,0.0,4.109,3.875,55.567,5.277
05/08/2008,06:29:00,1011.014,131.125,76.406,47.401,0.0,4.426,4.172,59.109,5.387
05/08/2008,06:30:00,1010.976,131.375,76.467,47.401,0.0,4.711,4.418,51.705,5.874
05/08/2008,06:31:00,1011.014,131.5,76.305,47.427,0.0,4.617,4.605,51.938,6.92
05/08/2008,06:32:00,1011.014,131.375,76.147,47.453,0.0,5.313,5.012,36.298,5.825
05/08/2008,06:33:00,1011.052,131.375,76.082,47.453,0.0,6.133,5.422,59.386,7.827
05/08/2008,06:34:00,1011.052,131.75,76.056,47.466,0.0,7.211,5.961,56.544,4.924
05/08/2008,06:35:00,1011.052,131.75,76.043,47.427,0.0,8.383,6.34,30.322,5.508
05/08/2008,06:36:00,1011.091,131.5,76.069,47.453,0.0,8.188,6.504,43.236,4.413
05/08/2008,06:37:00,1011.129,131.5,76.049,47.505,0.0,8.664,6.855,72.037,4.839
05/08/2008,06:38:00,1011.129,131.5,75.962,47.518,0.0,8.508,6.965,56.762,7.437
05/08/2008,06:39:00,1011.167,131.625,75.79,47.55,0.0,7.59,6.938,46.982,6.744
05/08/2008,06:40:00,1011.206,131.5,75.739,47.563,0.0,6.102,6.828,30.41,3.671
05/08/2008,06:41:00,1011.206,131.625,75.771,47.589,0.0,4.996,6.938,25.804,5.624
05/08/2008,06:42:00,1011.206,131.75,75.81,47.55,0.0,4.395,7.207,37.771,5.995
05/08/2008,06:43:00,1011.206,131.5,75.943,47.55,0.0,4.426,7.695,59.473,5.971
05/08/2008,06:44:00,1011.244,131.75,75.81,47.55,0.0,5.188,8.453,38.995,5.076
05/08/2008,06:45:00,1011.244,131.625,75.797,47.589,0.0,8.914,10.023,72.373,4.876
05/08/2008,06:46:00,1011.206,132.125,75.632,47.615,0.0,10.75,10.703,39.957,7.456
05/08/2008,06:47:00,1011.206,132.125,75.204,47.745,0.0,11.828,11.734,71.119,7.742
05/08/2008,06:48:00,1011.206,132.375,75.045,47.855,0.0,18.844,14.336,82.896,7.267
05/08/2008,06:49:00,1011.206,132.75,74.838,47.971,0.0,24.922,16.469,48.265,6.817
05/08/2008,06:50:00,1011.206,133.0,74.608,48.088,0.0,27.094,17.594,78.917,6.22
05/08/2008,06:51:00,1011.167,133.375,74.456,48.146,0.0,32.406,19.781,58.045,6.458
05/08/2008,06:52:00,1011.167,133.375,73.951,48.283,0.0,36.25,21.438,80.914,7.005
05/08/2008,06:53:00,1011.167,133.75,73.786,48.445,0.0,42.813,24.063,50.99,6.829
05/08/2008,06:54:00,1011.129,134.0,73.365,48.535,0.0,46.125,25.547,69.997,5.551
05/08/2008,06:55:00,1011.129,133.875,73.271,48.691,0.0,48.188,26.828,47.871,7.912
05/08/2008,06:56:00,1011.129,134.125,73.128,48.814,0.0,50.063,27.938,77.343,4.48
05/08/2008,06:57:00,1011.091,134.125,72.914,48.892,0.0,51.781,29.0,68.248,6.841
05/08/2008,06:58:00,1011.091,134.125,72.723,48.983,0.0,53.125,29.922,63.074,5.271
05/08/2008,06:59:00,1011.129,134.25,72.989,49.158,0.0,53.938,30.703,55.684,1.979
05/08/2008,07:00:00,1011.091,134.25,72.73,49.287,0.0,54.969,31.406,72.854,4.127
05/08/2008,07:01:00,1011.129,134.375,71.92,49.41,0.0,55.75,32.188,75.958,4.504
05/08/2008,07:02:00,1011.129,134.25,71.301,49.501,0.0,56.656,32.969,68.481,6.908
05/08/2008,07:03:00,1011.129,134.625,71.499,49.579,0.0,57.625,33.813,56.966,6.841
05/08/2008,07:04:00,1011.167,134.875,70.884,49.585,0.0,58.75,34.656,70.58,7.541
05/08/2008,07:05:00,1011.167,134.375,70.965,49.65,0.0,59.688,35.594,68.86,6.22
05/08/2008,07:06:00,1011.167,135.0,70.631,49.676,0.0,60.594,36.406,82.896,7.243
05/08/2008,07:07:00,1011.206,134.75,71.11,49.689,0.0,61.625,37.344,70.376,6.616
05/08/2008,07:08:00,1011.206,134.75,70.89,49.786,0.0,62.688,38.188,55.567,4.912
05/08/2008,07:09:00,1011.206,135.125,71.505,49.896,0.0,63.875,39.125,61.572,2.795
05/08/2008,07:10:00,1011.206,135.0,70.44,49.987,0.0,64.938,40.031,57.025,3.519
05/08/2008,07:11:00,1011.206,135.0,70.054,50.013,0.0,65.875,40.906,92.166,6.354
05/08/2008,07:12:00,1011.206,135.0,70.518,50.065,0.0,67.0,41.781,42.464,3.482
05/08/2008,07:13:00,1011.206,135.125,69.384,50.162,0.0,68.125,42.719,84.718,7.48
05/08/2008,07:14:00,1011.167,135.125,70.08,50.143,0.0,68.938,43.688,78.174,4.961
05/08/2008,07:15:00,1011.206,135.125,69.501,50.13,0.0,69.75,44.563,59.109,5.648
05/08/2008,07:16:00,1011.167,135.5,70.109,50.143,0.0,71.063,45.531,65.639,8.892
05/08/2008,07:17:00,1011.167,135.25,69.575,50.156,0.0,72.125,46.438,67.738,6.257
05/08/2008,07:18:00,1011.167,135.25,69.62,50.175,0.0,73.0,47.406,79.15,5.837
05/08/2008,07:19:00,1011.167,135.5,69.792,50.279,0.0,73.813,48.281,72.635,6.494
05/08/2008,07:20:00,1011.167,135.875,69.517,50.356,0.0,74.938,49.156,70.405,8.204
05/08/2008,07:21:00,1011.167,135.625,68.646,50.395,0.0,76.188,50.281,56.019,5.685
05/08/2008,07:22:00,1011.206,135.875,68.542,50.531,0.0,77.25,51.281,103.083,5.782
05/08/2008,07:23:00,1011.167,136.5,68.814,50.713,0.0,78.313,52.188,61.631,4.79
05/08/2008,07:24:00,1011.206,136.0,68.335,50.836,0.0,79.25,53.0,75.142,7.614
05/08/2008,07:25:00,1011.206,136.25,68.441,50.81,0.0,80.25,54.0,61.907,6.397
05/08/2008,07:26:00,1011.206,136.375,69.348,50.901,0.0,81.313,54.906,93.536,4.723
05/08/2008,07:27:00,1011.206,136.5,68.733,51.018,0.0,82.25,55.813,46.385,7.054
05/08/2008,07:28:00,1011.206,136.375,68.173,51.005,0.0,83.25,56.688,77.664,6.506
05/08/2008,07:29:00,1011.206,136.625,68.199,50.94,0.0,84.313,57.594,64.473,9.61
05/08/2008,07:30:00,1011.206,136.5,68.179,50.953,0.0,85.313,58.469,57.928,6.543
05/08/2008,07:31:00,1011.206,137.125,68.27,51.018,0.0,86.188,59.375,74.282,8.819
05/08/2008,07:32:00,1011.206,136.75,68.059,51.018,0.0,87.313,60.281,68.743,10.821
05/08/2008,07:33:00,1011.167,135.875,68.121,50.914,0.0,88.563,61.188,65.551,7.516
05/08/2008,07:34:00,1011.206,136.75,68.788,50.94,0.0,89.5,62.094,72.227,5.235
05/08/2008,07:35:00,1011.167,137.0,68.37,51.115,0.0,90.25,62.75,72.664,4.827
05/08/2008,07:36:00,1011.167,137.125,68.503,51.322,0.0,91.125,63.625,50.276,5.819
05/08/2008,07:37:00,1011.167,137.5,68.396,51.296,0.0,92.25,64.5,66.032,5.624
05/08/2008,07:38:00,1011.206,137.375,68.199,51.257,0.0,93.313,65.375,75.783,8.49
05/08/2008,07:39:00,1011.206,137.375,68.283,51.244,0.0,94.063,66.188,70.726,6.543
05/08/2008,07:40:00,1011.244,137.375,68.296,51.27,0.0,94.875,67.063,87.677,7.742
05/08/2008,07:41:00,1011.263,137.125,68.296,51.465,0.0,95.938,68.0,54.285,9.701
05/08/2008,07:42:00,1011.244,137.0,68.179,51.478,0.0,96.625,68.875,78.115,8.514
05/08/2008,07:43:00,1011.263,137.625,68.487,51.568,0.0,97.0,69.625,71.44,6.957
05/08/2008,07:44:00,1011.263,137.375,69.183,51.653,0.0,98.313,70.688,82.692,9.835
05/08/2008,07:45:00,1011.263,137.625,68.441,51.542,0.0,99.563,71.563,54.255,7.176
05/08/2008,07:46:00,1011.263,137.25,68.383,51.465,0.0,100.5,72.438,73.801,9.476
05/08/2008,07:47:00,1011.263,137.75,68.467,51.413,0.0,101.625,73.438,75.506,6.957
05/08/2008,07:48:00,1011.263,138.125,69.973,51.504,0.0,102.75,74.438,58.249,5.302
05/08/2008,07:49:00,1011.263,138.625,69.164,51.782,0.0,103.875,75.25,77.809,8.04
05/08/2008,07:50:00,1011.301,138.125,68.759,51.886,0.0,105.0,76.375,90.752,4.949
05/08/2008,07:51:00,1011.263,138.625,68.348,52.1,0.0,106.125,77.313,64.254,8.216
05/08/2008,07:52:00,1011.301,137.875,68.276,52.048,0.0,107.375,78.313,75.842,9.141
05/08/2008,07:53:00,1011.301,137.875,68.807,52.061,0.0,108.5,79.313,99.906,8.606
05/08/2008,07:54:00,1011.301,138.75,69.854,52.126,0.0,109.25,80.313,74.165,5.399
05/08/2008,07:55:00,1011.301,139.5,69.384,52.366,0.0,110.375,81.375,79.485,6.172
05/08/2008,07:56:00,1011.263,138.125,67.816,52.417,0.0,111.313,82.375,70.551,8.216
05/08/2008,07:57:00,1011.301,138.875,68.276,52.366,0.0,112.188,83.375,66.295,8.271
05/08/2008,07:58:00,1011.263,139.25,68.454,52.391,0.0,113.438,84.688,84.062,7.626
05/08/2008,07:59:00,1011.263,139.375,68.315,52.554,0.0,114.5,85.875,74.399,7.468
05/08/2008,08:00:00,1011.263,139.25,67.373,52.579,0.0,115.563,87.125,90.752,8.216
05/08/2008,08:01:00,1011.301,139.625,68.509,52.515,0.0,116.563,88.25,103.826,7.723
05/08/2008,08:02:00,1011.34,139.625,68.503,52.579,0.0,117.625,89.125,80.375,8.454
05/08/2008,08:03:00,1011.34,139.375,68.396,52.683,0.0,118.625,90.313,78.859,8.064
05/08/2008,08:04:00,1011.34,140.25,69.348,52.871,0.0,119.5,91.313,63.788,8.606
05/08/2008,08:05:00,1011.34,139.625,68.357,53.007,0.0,120.625,92.375,89.411,10.236
05/08/2008,08:06:00,1011.378,140.25,69.092,53.156,0.0,121.375,93.375,74.515,5.758
05/08/2008,08:07:00,1011.378,140.0,68.108,53.396,0.0,123.125,94.938,71.892,9.537
05/08/2008,08:08:00,1011.416,140.5,67.975,53.409,0.0,123.938,96.063,64.648,5.874
05/08/2008,08:09:00,1011.416,140.875,68.613,53.714,0.0,124.688,96.875,83.013,7.778
05/08/2008,08:10:00,1011.416,140.375,65.203,53.74,0.0,126.25,98.313,86.234,7.742
05/08/2008,08:11:00,1011.378,140.125,65.646,53.83,0.0,127.688,99.5,84.208,11.581
05/08/2008,08:12:00,1011.378,140.25,66.249,53.765,0.0,128.25,100.313,82.269,11.916
05/08/2008,08:13:00,1011.378,140.375,66.369,53.778,0.0,129.75,101.813,89.382,13.76
05/08/2008,08:14:00,1011.34,140.5,66.589,53.804,0.0,130.375,102.75,93.58,11.606
05/08/2008,08:15:00,1011.34,140.625,66.479,53.791,0.0,131.125,103.563,86.117,12.652
05/08/2008,08:16:00,1011.378,141.375,67.12,53.817,0.0,132.25,104.75,89.266,9.153
05/08/2008,08:17:00,1011.34,140.25,64.843,53.83,0.0,133.625,105.813,99.439,12.062
05/08/2008,08:18:00,1011.378,140.25,65.109,53.804,0.0,134.5,107.0,90.985,12.883
05/08/2008,08:19:00,1011.416,140.625,65.912,53.804,0.0,135.125,107.875,90.84,11.143
05/08/2008,08:20:00,1011.416,140.875,66.236,53.895,0.0,136.125,108.938,108.082,9.938
05/08/2008,08:21:00,1011.416,140.875,66.437,54.161,0.0,137.625,110.25,117.761,5.959
05/08/2008,08:22:00,1011.378,140.875,65.539,54.426,0.0,138.625,111.125,116.332,10.358
05/08/2008,08:23:00,1011.378,140.875,65.183,54.504,0.0,139.375,112.313,103.112,9.038
05/08/2008,08:24:00,1011.34,140.75,64.542,54.439,0.0,141.0,113.438,125.777,11.405
05/08/2008,08:25:00,1011.34,141.125,64.924,54.31,0.0,141.75,114.5,96.553,6.433
05/08/2008,08:26:00,1011.34,140.125,64.995,54.258,0.0,142.875,115.438,97.005,13.772
05/08/2008,08:27:00,1011.34,140.125,64.111,54.122,0.0,144.0,116.688,104.905,11.879
05/08/2008,08:28:00,1011.34,140.625,64.276,54.122,0.0,144.625,117.438,92.443,8.618
05/08/2008,08:29:00,1011.301,141.375,64.581,54.148,0.0,146.0,118.625,111.158,10.309
05/08/2008,08:30:00,1011.301,141.75,65.718,54.284,0.0,146.625,119.5,89.688,5.575
05/08/2008,08:31:00,1011.301,142.0,65.824,54.712,0.0,148.125,120.688,67.913,5.113
05/08/2008,08:32:00,1011.263,141.75,63.865,54.835,0.0,148.625,121.438,91.088,9.5
05/08/2008,08:33:00,1011.263,141.75,64.892,54.861,0.0,150.0,122.75,117.396,9.634
05/08/2008,08:34:00,1011.244,141.5,63.117,54.725,0.0,151.25,123.875,115.603,10.072
05/08/2008,08:35:00,1011.244,141.5,64.691,54.66,0.0,152.0,124.563,114.321,5.375
05/08/2008,08:36:00,1011.206,142.125,65.692,54.686,0.0,152.875,125.438,119.568,11.703
05/08/2008,08:37:00,1011.167,142.125,64.503,54.712,0.0,154.0,126.625,102.179,8.478
05/08/2008,08:38:00,1011.167,142.375,65.539,55.029,0.0,154.875,127.438,89.717,11.977
05/08/2008,08:39:00,1011.206,142.25,64.435,55.295,0.0,156.375,128.625,111.901,7.437
05/08/2008,08:40:00,1011.206,143.0,65.475,55.431,0.0,157.75,129.875,84.66,7.413
05/08/2008,08:41:00,1011.167,142.125,63.288,55.509,0.0,159.25,130.75,94.79,10.17
05/08/2008,08:42:00,1011.129,142.125,63.859,55.36,0.0,160.5,131.875,122.337,6.634
05/08/2008,08:43:00,1011.167,142.25,64.25,55.321,0.0,161.75,128.375,94.819,5.959
05/08/2008,08:44:00,1011.167,142.5,62.106,55.347,0.0,162.75,128.75,114.292,9.75
05/08/2008,08:45:00,1011.129,142.75,62.288,55.23,0.0,164.0,113.188,121.594,12.488
05/08/2008,08:46:00,1011.167,141.75,63.159,55.204,0.0,164.875,136.25,107.718,11.082
05/08/2008,08:47:00,1011.206,142.25,64.111,55.321,0.0,166.625,137.375,118.169,12.835
05/08/2008,08:48:00,1011.206,142.25,62.744,55.107,0.0,167.125,138.25,123.562,10.93
05/08/2008,08:49:00,1011.129,143.25,63.768,55.23,0.0,168.25,139.125,71.44,8.764
05/08/2008,08:50:00,1011.167,143.25,64.302,55.269,0.0,169.5,140.125,121.681,8.855
05/08/2008,08:51:00,1011.129,142.25,61.695,55.269,0.0,170.625,141.25,118.3,15.342
05/08/2008,08:52:00,1011.129,142.75,63.622,55.256,0.0,171.375,142.125,108.316,7.766
05/08/2008,08:53:00,1011.129,142.375,61.847,55.418,0.0,172.875,143.625,94.192,11.843
05/08/2008,08:54:00,1011.167,143.25,61.578,55.6,0.0,173.125,144.0,115.487,11.405
05/08/2008,08:55:00,1011.129,142.25,60.785,55.561,0.0,174.125,145.0,112.193,9.239
05/08/2008,08:56:00,1011.167,144.0,62.433,55.613,0.0,175.125,146.125,96.203,7.529
05/08/2008,08:57:00,1011.167,144.75,63.573,55.852,0.0,176.0,147.0,111.624,13.109
05/08/2008,08:58:00,1011.206,143.625,61.099,55.775,0.0,177.125,148.0,106.698,9.062
05/08/2008,08:59:00,1011.167,144.5,64.199,56.027,0.0,178.125,149.0,82.357,3.373
05/08/2008,09:00:00,1011.167,143.75,60.684,56.338,0.0,179.5,150.0,111.216,12.5
05/08/2008,09:01:00,1011.129,143.625,59.784,56.04,0.0,180.125,150.875,118.11,12.677
05/08/2008,09:02:00,1011.206,144.875,61.086,55.93,0.0,181.0,152.0,91.962,11.727
05/08/2008,09:03:00,1011.206,144.5,60.791,56.118,0.0,182.5,153.0,91.379,9.737
05/08/2008,09:04:00,1011.244,144.375,59.943,56.481,0.0,182.875,153.625,107.354,13.06
05/08/2008,09:05:00,1011.244,145.25,61.643,56.442,0.0,184.75,155.5,111.216,9.512
05/08/2008,09:06:00,1011.206,145.25,62.187,56.565,0.0,186.0,156.5,118.052,8.155
05/08/2008,09:07:00,1011.167,145.125,59.493,56.559,0.0,186.625,157.5,119.918,14.088
05/08/2008,09:08:00,1011.167,143.5,59.917,56.468,0.0,187.625,158.375,118.664,16.254
05/08/2008,09:09:00,1011.167,144.25,60.837,56.338,0.0,188.875,159.5,100.474,15.293
05/08/2008,09:10:00,1011.129,144.5,58.981,56.189,0.0,190.0,160.5,113.315,17.66
05/08/2008,09:11:00,1011.167,144.125,59.0,56.118,0.0,191.0,161.75,112.441,15.208
05/08/2008,09:12:00,1011.129,144.875,59.797,56.105,0.0,191.75,162.625,117.935,7.949
05/08/2008,09:13:00,1011.129,145.125,59.956,56.312,0.0,193.125,163.625,113.403,11.32
05/08/2008,09:14:00,1011.091,145.0,58.463,56.52,0.0,194.25,164.75,102.296,13.9
05/08/2008,09:15:00,1011.091,146.25,58.55,56.896,0.0,194.75,165.5,89.44,9.914
05/08/2008,09:16:00,1011.129,146.125,56.419,57.213,0.0,195.75,166.375,86.525,8.606
05/08/2008,09:17:00,1011.129,145.0,56.108,57.161,0.0,196.75,167.5,106.275,14.259
05/08/2008,09:18:00,1011.129,146.125,56.652,57.025,0.0,198.125,168.75,108.199,6.841
05/08/2008,09:19:00,1011.167,146.375,58.582,57.479,0.0,199.5,170.0,106.392,9.476
05/08/2008,09:20:00,1011.129,146.625,54.064,57.635,0.0,200.375,170.875,112.018,11.034
05/08/2008,09:21:00,1011.167,145.875,54.123,57.505,0.0,201.125,171.875,84.922,9.153
05/08/2008,09:22:00,1011.167,145.0,54.077,57.408,0.0,202.125,172.625,110.823,16.413
05/08/2008,09:23:00,1011.129,144.375,55.638,57.369,0.0,203.25,173.875,120.865,17.234
05/08/2008,09:24:00,1011.167,144.625,54.453,57.174,0.0,203.875,174.75,98.215,12.092
05/08/2008,09:25:00,1011.167,144.875,54.479,57.174,0.0,205.125,176.0,104.541,10.011
05/08/2008,09:26:00,1011.167,146.875,56.775,57.187,0.0,205.5,176.75,100.736,11.009
05/08/2008,09:27:00,1011.206,145.625,54.223,57.304,0.0,206.75,178.125,94.192,9.823
05/08/2008,09:28:00,1011.167,145.625,51.804,57.129,0.0,207.75,179.25,115.487,16.388
05/08/2008,09:29:00,1011.129,144.0,52.762,56.948,0.0,208.0,179.375,119.626,18.506
05/08/2008,09:30:00,1011.129,146.375,55.697,56.935,0.0,209.0,180.75,119.32,13.681
05/08/2008,09:31:00,1011.091,146.25,55.276,57.012,0.0,210.125,181.75,116.114,14.995
05/08/2008,09:32:00,1011.129,147.875,56.127,57.33,0.0,210.625,182.375,119.743,12.859
05/08/2008,09:33:00,1011.052,147.875,54.123,57.583,0.0,211.75,183.5,107.674,13.608
05/08/2008,09:34:00,1011.052,147.625,53.76,57.66,0.0,213.0,184.625,73.029,10.297
05/08/2008,09:35:00,1011.091,146.75,56.153,57.803,0.0,213.875,185.25,111.114,12.476
05/08/2008,09:36:00,1011.091,146.25,53.125,57.583,0.0,213.875,185.875,100.416,9.038
05/08/2008,09:37:00,1011.091,147.0,55.282,57.699,0.0,215.375,186.875,115.91,12.585
05/08/2008,09:38:00,1011.091,148.375,52.542,57.583,0.0,216.125,188.0,130.66,14.861
05/08/2008,09:39:00,1011.091,148.0,55.042,57.408,0.0,218.0,189.25,122.002,13.157
05/08/2008,09:40:00,1011.052,146.5,53.358,57.395,0.0,219.5,190.875,106.669,14.015
05/08/2008,09:41:00,1011.052,147.0,53.77,57.317,0.0,219.125,190.75,104.628,12.202
05/08/2008,09:42:00,1011.129,148.875,56.179,57.434,0.0,220.125,191.875,117.25,11.892
05/08/2008,09:43:00,1011.129,148.125,54.731,57.771,0.0,220.875,192.875,123.839,10.273
05/08/2008,09:44:00,1011.129,148.5,53.436,58.082,0.0,221.75,193.75,105.882,6.196
05/08/2008,09:45:00,1011.167,148.75,50.725,58.652,0.0,222.5,194.5,116.624,7.675
05/08/2008,09:46:00,1011.167,147.875,48.83,58.691,0.0,222.75,194.875,101.188,8.715
05/08/2008,09:47:00,1011.167,147.0,50.725,58.555,0.0,223.75,195.5,99.25,9.871
05/08/2008,09:48:00,1011.129,147.0,50.019,58.309,0.0,224.25,196.625,114.35,12.391
05/08/2008,09:49:00,1011.167,148.625,52.662,58.399,0.0,225.875,197.875,85.491,8.32
05/08/2008,09:50:00,1011.129,150.0,50.103,58.872,0.0,227.125,198.875,74.821,9.378
05/08/2008,09:51:00,1011.129,149.0,50.398,59.086,0.0,227.875,199.75,102.267,7.936
05/08/2008,09:52:00,1011.129,147.375,50.586,58.918,0.0,228.125,200.375,111.114,10.723
05/08/2008,09:53:00,1011.091,148.625,50.472,58.769,0.0,229.25,201.625,119.918,11.417
05/08/2008,09:54:00,1011.052,149.0,53.323,58.691,0.0,230.25,202.375,111.508,7.468
05/08/2008,09:55:00,1011.052,147.5,49.514,58.957,0.0,231.375,203.625,112.47,15.482
05/08/2008,09:56:00,1011.014,149.625,52.173,58.678,0.0,232.0,204.25,127.176,9.798
05/08/2008,09:57:00,1010.976,151.25,51.716,58.756,0.0,232.75,205.0,110.079,8.691
05/08/2008,09:58:00,1011.052,151.125,50.942,58.872,0.0,234.25,206.25,104.701,14.587
05/08/2008,09:59:00,1011.014,149.25,47.463,58.892,0.0,234.375,207.0,92.851,8.168
05/08/2008,10:00:00,1011.014,150.0,50.816,59.086,0.0,235.625,208.125,88.07,12.153
05/08/2008,10:01:00,1011.052,148.625,47.907,59.287,0.0,236.25,209.0,124.043,9.488
05/08/2008,10:02:00,1011.014,149.25,48.419,59.397,0.0,237.375,209.875,109.569,10.784
05/08/2008,10:03:00,1011.014,149.375,49.679,59.274,0.0,237.75,210.75,91.292,11.618
05/08/2008,10:04:00,1010.976,149.125,46.893,59.287,0.0,237.875,211.125,82.444,9.464
05/08/2008,10:05:00,1010.976,150.0,48.351,59.352,0.0,238.0,211.875,99.162,12.61
05/08/2008,10:06:00,1011.014,149.75,48.066,59.508,0.0,239.5,213.25,109.176,9.823
05/08/2008,10:07:00,1010.976,149.75,48.701,59.786,0.0,239.5,213.5,92.705,6.111
05/08/2008,10:08:00,1011.014,149.75,45.672,59.786,0.0,240.375,214.625,105.109,8.015
05/08/2008,10:09:00,1011.014,151.5,47.496,59.838,0.0,241.5,215.5,78.319,9.287
05/08/2008,10:10:00,1011.052,150.25,45.825,59.955,0.0,243.125,216.875,105.444,9.963
05/08/2008,10:11:00,1011.052,151.375,47.774,59.825,0.0,242.5,217.125,116.886,7.352
05/08/2008,10:12:00,1011.014,152.5,49.361,59.981,0.0,242.875,217.625,112.79,4.675
05/08/2008,10:13:00,1011.014,150.125,44.846,60.032,0.0,244.625,219.5,88.581,9.64
05/08/2008,10:14:00,1011.014,151.5,47.635,59.994,0.0,244.5,219.5,128.401,9.811
05/08/2008,10:15:00,1011.014,150.75,48.574,59.942,0.0,244.75,220.0,117.994,13.747
05/08/2008,10:16:00,1010.976,150.0,48.72,59.851,0.0,245.75,221.125,128.852,14.648
05/08/2008,10:17:00,1011.014,149.25,46.579,59.728,0.0,248.0,223.125,97.005,6.135
05/08/2008,10:18:00,1011.052,149.875,49.436,59.981,0.0,247.25,222.875,116.536,4.936
05/08/2008,10:19:00,1011.052,151.375,45.812,60.143,0.0,248.625,224.375,91.35,5.624
05/08/2008,10:20:00,1011.014,150.5,45.102,60.311,0.0,249.5,225.125,76.352,11.32
05/08/2008,10:21:00,1011.052,152.75,45.844,59.994,0.0,250.25,226.25,88.129,11.417
05/08/2008,10:22:00,1011.014,151.75,46.599,60.078,0.0,251.875,227.75,91.204,5.052
05/08/2008,10:23:00,1011.052,151.125,46.696,60.486,0.0,251.75,228.0,117.819,12.092
05/08/2008,10:24:00,1011.014,152.5,42.171,60.344,0.0,253.0,229.25,121.594,16.839
05/08/2008,10:25:00,1011.014,152.75,42.158,59.825,0.0,252.5,229.375,124.043,13.656
05/08/2008,10:26:00,1011.014,152.875,45.915,59.676,0.0,253.625,230.625,136.242,13.236
05/08/2008,10:27:00,1011.014,149.75,42.822,59.365,0.0,253.75,231.25,123.255,16.899
05/08/2008,10:28:00,1011.014,151.625,45.365,59.235,0.0,253.75,231.5,109.627,11.453
05/08/2008,10:29:00,1011.014,153.0,44.043,59.449,0.0,255.375,233.0,134.872,11.502
05/08/2008,10:30:00,1011.014,151.125,43.554,59.352,0.0,256.5,234.125,116.624,14.946
05/08/2008,10:31:00,1011.052,151.875,44.607,59.339,0.0,257.75,235.75,109.336,5.472
05/08/2008,10:32:00,1011.052,150.875,44.523,59.495,0.0,258.0,236.25,110.998,9.811
05/08/2008,10:33:00,1011.052,152.375,46.926,59.812,0.0,258.75,237.125,97.253,7.973
05/08/2008,10:34:00,1011.052,152.75,45.232,60.272,0.0,260.25,238.5,123.226,11.228
05/08/2008,10:35:00,1011.052,153.125,47.418,60.616,0.0,260.25,239.0,76.978,7.973
05/08/2008,10:36:00,1011.091,150.5,40.056,60.687,0.0,259.0,238.75,112.674,11.703
05/08/2008,10:37:00,1011.129,149.5,42.359,60.421,0.0,259.0,239.125,117.673,13.023
05/08/2008,10:38:00,1011.129,151.25,41.562,60.713,0.0,259.75,240.5,119.408,9.908
05/08/2008,10:39:00,1011.129,152.0,42.57,60.512,0.0,260.25,241.125,88.726,10.097
05/08/2008,10:40:00,1011.129,152.75,42.385,60.434,0.0,260.75,241.75,50.845,9.092
05/08/2008,10:41:00,1011.129,152.625,42.683,60.551,0.0,261.5,242.625,78.349,13.249
05/08/2008,10:42:00,1011.167,152.0,41.815,60.337,0.0,261.5,243.125,98.186,14.539
05/08/2008,10:43:00,1011.167,151.25,42.505,60.091,0.0,261.0,243.25,114.0,7.115
05/08/2008,10:44:00,1011.167,153.25,43.561,60.486,0.0,264.0,245.625,100.241,4.699
05/08/2008,10:45:00,1011.206,153.875,42.524,60.92,0.0,263.25,245.375,92.56,9.202
05/08/2008,10:46:00,1011.206,154.375,44.753,60.998,0.0,263.75,246.5,124.043,9.488
05/08/2008,10:47:00,1011.206,154.625,43.726,61.303,0.0,265.0,247.5,113.913,12.226
05/08/2008,10:48:00,1011.167,153.75,41.076,61.219,0.0,263.25,246.875,99.075,11.07
05/08/2008,10:49:00,1011.206,153.625,39.447,61.18,0.0,265.75,249.0,125.952,16.376
05/08/2008,10:50:00,1011.206,151.0,41.358,60.525,0.0,266.75,250.375,98.244,4.176
05/08/2008,10:51:00,1011.206,153.0,44.215,60.538,0.0,266.5,250.25,119.291,12.573
05/08/2008,10:52:00,1011.129,153.0,39.408,60.616,0.0,268.75,252.375,99.993,14.745
05/08/2008,10:53:00,1011.129,151.875,40.604,60.447,0.0,269.5,253.625,121.885,15.993
05/08/2008,10:54:00,1011.206,151.5,40.014,60.434,0.0,270.0,254.375,148.865,9.275
05/08/2008,10:55:00,1011.206,152.625,41.122,60.661,0.0,269.5,254.75,121.827,17.435
05/08/2008,10:56:00,1011.244,153.5,41.187,60.869,0.0,271.5,256.5,111.77,14.374
05/08/2008,10:57:00,1011.263,153.625,40.798,61.037,0.0,272.0,257.25,114.743,13.176
05/08/2008,10:58:00,1011.263,152.0,37.041,61.102,0.0,271.25,257.5,130.66,19.017
05/08/2008,10:59:00,1011.263,152.5,38.058,60.46,0.0,273.0,259.0,121.623,15.147
05/08/2008,11:00:00,1011.263,152.625,40.626,60.337,0.0,272.5,259.25,109.569,12.859
05/08/2008,11:01:00,1011.263,152.25,40.419,60.337,0.0,273.0,260.25,120.064,9.5
05/08/2008,11:02:00,1011.263,153.5,39.836,60.486,0.0,273.75,261.25,113.432,9.713
05/08/2008,11:03:00,1011.263,154.625,38.281,60.674,0.0,273.5,262.0,127.089,17.088
05/08/2008,11:04:00,1011.301,151.5,35.988,60.817,0.0,274.25,263.25,103.943,15.877
05/08/2008,11:05:00,1011.263,152.25,39.962,60.765,0.0,274.0,264.0,121.623,23.544
05/08/2008,11:06:00,1011.301,151.375,38.712,60.635,0.0,273.75,265.25,103.506,12.105
05/08/2008,11:07:00,1011.301,153.25,40.027,60.59,0.0,276.5,267.75,94.382,11.07
05/08/2008,11:08:00,1011.301,152.625,37.689,60.713,0.0,276.0,268.5,103.593,12.725
05/08/2008,11:09:00,1011.301,154.5,36.94,60.804,0.0,227.5,228.75,133.866,14.374
05/08/2008,11:10:00,1011.301,154.25,38.566,60.739,0.0,265.75,264.5,122.031,13.498
05/08/2008,11:11:00,1011.263,151.5,36.604,60.778,0.0,270.0,266.75,111.872,21.512
05/08/2008,11:12:00,1011.301,153.875,39.402,60.577,0.0,272.75,269.25,118.912,18.682
05/08/2008,11:13:00,1011.263,153.125,37.676,60.881,0.0,271.5,269.25,132.205,15.433
05/08/2008,11:14:00,1011.263,155.125,37.371,60.92,0.0,272.5,271.25,83.756,11.18
05/08/2008,11:15:00,1011.301,155.75,40.924,61.264,0.0,266.5,267.25,124.32,14.088
05/08/2008,11:16:00,1011.34,156.125,38.178,60.953,0.0,271.75,273.0,125.981,13.273
05/08/2008,11:17:00,1011.301,156.5,40.976,61.225,0.0,269.5,272.75,111.479,12.762
05/08/2008,11:18:00,1011.301,154.75,41.708,61.53,0.0,264.25,270.0,114.0,14.837
05/08/2008,11:19:00,1011.34,154.25,38.362,61.517,0.0,262.0,271.0,105.823,10.121
05/08/2008,11:20:00,1011.378,153.125,38.217,61.581,0.0,172.875,196.75,118.81,7.839
05/08/2008,11:21:00,1011.378,153.5,39.502,61.568,0.0,232.0,252.125,101.902,7.742
05/08/2008,11:22:00,1011.34,153.375,40.749,62.113,0.0,251.5,268.75,121.856,10.784
05/08/2008,11:23:00,1011.301,153.125,34.631,61.951,0.0,223.125,245.125,115.428,11.819
05/08/2008,11:24:00,1011.301,153.875,38.45,61.659,0.0,215.125,238.625,126.069,12.963
05/08/2008,11:25:00,1011.301,154.125,37.332,61.633,0.0,240.0,260.0,109.394,9.038
05/08/2008,11:26:00,1011.263,154.125,40.85,61.925,0.0,246.625,266.5,134.93,13.535
05/08/2008,11:27:00,1011.263,155.0,38.706,61.86,0.0,260.0,278.5,106.1,11.581
05/08/2008,11:28:00,1011.263,156.75,41.695,62.372,0.0,251.5,272.5,92.676,12.64
05/08/2008,11:29:00,1011.206,155.125,35.101,62.346,0.0,263.0,283.5,116.857,17.97
05/08/2008,11:30:00,1011.167,154.5,35.023,61.633,0.0,256.5,279.75,89.324,12.378
05/08/2008,11:31:00,1011.206,157.125,38.913,61.607,0.0,262.0,286.0,125.267,13.309
05/08/2008,11:32:00,1011.206,155.625,36.218,61.555,0.0,249.125,276.25,128.371,18.086
05/08/2008,11:33:00,1011.167,156.125,37.844,61.264,0.0,242.125,271.5,119.262,11.593
05/08/2008,11:34:00,1011.206,152.5,33.562,61.568,0.0,216.5,251.125,111.843,19.443
05/08/2008,11:35:00,1011.167,154.5,35.83,61.206,0.0,244.75,276.75,105.022,10.595
05/08/2008,11:36:00,1011.206,156.25,40.863,61.581,0.0,247.75,280.25,125.063,12.677
05/08/2008,11:37:00,1011.091,155.875,36.153,61.724,0.0,247.5,281.5,125.981,14.411
05/08/2008,11:38:00,1011.129,154.375,34.359,61.808,0.0,247.5,283.0,94.265,10.656
05/08/2008,11:39:00,1011.052,156.75,36.192,62.191,0.0,251.375,288.5,90.84,14.289
05/08/2008,11:40:00,1010.976,158.125,33.689,62.677,0.0,263.5,304.0,77.605,16.352
05/08/2008,11:41:00,1010.899,153.5,33.595,62.392,0.0,135.75,197.375,92.414,16.766
05/08/2008,11:42:00,1010.976,152.5,36.134,62.139,0.0,150.75,209.75,105.022,8.642
05/08/2008,11:43:00,1010.976,153.5,35.321,62.113,0.0,216.625,262.75,118.14,11.082
05/08/2008,11:44:00,1010.976,156.375,36.153,62.204,0.0,226.5,269.25,101.815,9.95
05/08/2008,11:45:00,1010.938,156.0,33.938,62.217,0.0,216.375,258.5,123.78,17.301
05/08/2008,11:46:00,1010.938,156.125,34.071,61.912,0.0,240.375,279.25,118.548,16.437
05/08/2008,11:47:00,1010.938,156.375,38.952,61.834,0.0,220.25,260.0,117.702,14.338
05/08/2008,11:48:00,1010.938,156.0,38.434,61.99,0.0,255.25,289.5,110.05,17.873
05/08/2008,11:49:00,1010.976,156.5,36.756,62.139,0.0,261.0,293.75,101.932,12.013
05/08/2008,11:50:00,1010.976,155.75,34.625,62.139,0.0,264.0,296.0,113.344,12.677
05/08/2008,11:51:00,1011.014,157.875,37.054,62.087,0.0,254.25,287.0,124.145,10.559
05/08/2008,11:52:00,1011.014,159.125,35.904,62.242,0.0,261.25,293.5,114.743,12.914
05/08/2008,11:53:00,1011.014,159.625,35.995,62.191,0.0,248.5,283.25,118.693,9.561
05/08/2008,11:54:00,1011.052,158.375,40.445,62.767,0.0,242.625,280.25,99.191,7.182
05/08/2008,11:55:00,1011.014,155.875,34.858,62.78,0.0,236.375,275.25,80.229,8.441
05/08/2008,11:56:00,1011.014,157.75,36.889,62.858,0.0,249.625,287.5,57.272,12.251
05/08/2008,11:57:00,1010.976,154.875,33.514,62.819,0.0,251.125,289.75,81.38,15.384
05/08/2008,11:58:00,1011.052,157.75,33.475,62.346,0.0,248.0,288.0,89.747,9.896
05/08/2008,11:59:00,1011.129,158.125,36.027,62.605,0.0,237.625,280.5,123.984,11.49
05/08/2008,12:00:00,1011.091,157.25,36.092,62.657,0.0,232.625,277.75,96.757,17.496
05/08/2008,12:01:00,1011.129,156.375,33.961,62.56,0.0,220.0,268.0,116.259,15.184
05/08/2008,12:02:00,1011.167,157.0,38.304,62.657,0.0,225.125,272.75,114.948,10.62
05/08/2008,12:03:00,1011.206,158.375,37.996,62.69,0.0,243.75,290.0,98.39,9.226
05/08/2008,12:04:00,1011.206,156.0,36.027,62.962,0.0,227.25,275.75,107.018,11.819
05/08/2008,12:05:00,1011.167,157.875,37.213,62.819,0.0,245.375,292.0,74.69,12.324
05/08/2008,12:06:00,1011.129,158.375,36.416,63.098,0.0,228.875,277.0,80.404,10.121
05/08/2008,12:07:00,1011.167,157.0,36.244,63.111,0.0,203.375,254.25,64.021,8.843
05/08/2008,12:08:00,1011.206,159.875,32.494,62.949,0.0,257.5,303.0,125.296,11.18
05/08/2008,12:09:00,1011.206,157.75,34.573,62.677,0.0,207.625,257.5,120.603,9.798
05/08/2008,12:10:00,1011.167,159.875,37.433,62.78,0.0,239.25,284.5,102.733,4.961
05/08/2008,12:11:00,1011.129,158.875,32.429,63.046,0.0,243.625,288.25,102.966,6.768
05/08/2008,12:12:00,1011.129,160.0,37.371,63.124,0.0,261.5,303.75,111.216,6.506
05/08/2008,12:13:00,1011.091,159.875,32.918,63.007,0.0,242.75,286.75,139.799,9.914
05/08/2008,12:14:00,1011.129,160.375,39.891,63.085,0.0,246.875,290.5,74.034,13.461
05/08/2008,12:15:00,1011.091,155.5,34.207,63.15,0.0,248.5,292.5,84.689,9.664
05/08/2008,12:16:00,1011.052,155.25,37.141,63.02,0.0,214.625,261.5,105.051,7.961
05/08/2008,12:17:00,1011.014,157.0,33.52,63.111,0.0,234.5,278.75,122.964,13.705
05/08/2008,12:18:00,1010.976,159.75,36.128,62.69,0.0,258.0,299.5,198.523,2.344
05/08/2008,12:19:00,1010.899,157.625,31.855,63.007,0.0,239.875,282.25,92.56,13.656
05/08/2008,12:20:00,1010.784,155.375,32.121,62.832,0.0,254.875,295.5,102.704,22.187
05/08/2008,12:21:00,1010.861,156.75,34.453,62.67,0.0,252.375,292.5,80.797,12.859
05/08/2008,12:22:00,1010.823,156.75,34.56,62.994,0.0,247.875,288.5,106.129,13.875
05/08/2008,12:23:00,1010.823,156.625,31.762,62.806,0.0,233.75,275.5,132.89,8.843
05/08/2008,12:24:00,1010.746,159.25,33.527,62.936,0.0,247.125,287.0,118.548,14.539
05/08/2008,12:25:00,1010.746,159.125,35.386,62.858,0.0,261.25,300.0,116.682,9.105
05/08/2008,12:26:00,1010.746,159.375,36.426,63.299,0.0,261.25,297.75,80.52,10.857
05/08/2008,12:27:00,1010.708,157.375,33.595,63.364,0.0,266.25,302.75,105.678,11.679
05/08/2008,12:28:00,1010.631,156.375,32.523,63.163,0.0,260.75,297.0,117.761,18.36
05/08/2008,12:29:00,1010.669,156.5,34.019,63.189,0.0,264.75,300.0,86.336,10.449
05/08/2008,12:30:00,1010.708,158.0,34.618,63.189,0.0,280.0,312.75,124.072,13.796
05/08/2008,12:31:00,1010.669,156.75,32.218,63.338,0.0,257.75,291.75,107.908,14.015
05/08/2008,12:32:00,1010.669,158.0,37.711,63.312,0.0,278.25,309.5,118.387,4.675
05/08/2008,12:33:00,1010.669,158.375,34.181,63.493,0.0,275.5,305.75,106.727,12.427
05/08/2008,12:34:00,1010.593,161.125,34.103,63.532,0.0,263.5,293.25,154.243,17.259
05/08/2008,12:35:00,1010.631,158.25,33.549,63.26,0.0,277.25,305.5,85.068,13.121
05/08/2008,12:36:00,1010.631,158.5,31.755,63.15,0.0,281.75,308.75,58.191,4.377
05/08/2008,12:37:00,1010.593,159.875,34.816,63.137,0.0,277.25,303.5,46.676,7.328
05/08/2008,12:38:00,1010.593,159.25,33.974,63.519,0.0,281.5,307.0,100.416,16.778
05/08/2008,12:39:00,1010.593,159.625,40.076,64.174,0.0,284.25,309.0,108.082,10.37
05/08/2008,12:40:00,1010.593,159.0,32.299,64.148,0.0,286.25,310.75,100.051,13.297
05/08/2008,12:41:00,1010.554,159.625,32.273,63.973,0.0,280.25,304.75,65.114,14.21
05/08/2008,12:42:00,1010.554,158.875,32.108,63.759,0.0,272.5,298.0,71.775,15.372
05/08/2008,12:43:00,1010.516,159.125,31.92,63.655,0.0,278.75,303.25,77.838,14.794
05/08/2008,12:44:00,1010.478,158.0,31.366,63.312,0.0,281.25,305.5,100.416,16.839
05/08/2008,12:45:00,1010.478,158.5,33.507,63.202,0.0,285.25,309.0,98.842,14.411
05/08/2008,12:46:00,1010.478,160.25,32.62,63.603,0.0,285.75,309.5,79.937,13.535
05/08/2008,12:47:00,1010.439,159.875,34.686,63.986,0.0,285.75,310.0,107.295,14.459
05/08/2008,12:48:00,1010.439,158.875,32.021,63.947,0.0,280.75,305.75,69.676,15.354
05/08/2008,12:49:00,1010.401,157.375,31.046,63.707,0.0,282.75,308.75,82.211,18.853
05/08/2008,12:50:00,1010.439,158.625,32.555,63.798,0.0,260.0,288.0,92.049,13.297
05/08/2008,12:51:00,1010.439,160.375,33.196,64.09,0.0,272.75,300.0,67.825,8.295
05/08/2008,12:52:00,1010.439,159.25,30.57,64.258,0.0,267.75,295.25,90.694,11.819
05/08/2008,12:53:00,1010.401,160.0,32.354,64.174,0.0,278.75,305.5,82.546,11.295
05/08/2008,12:54:00,1010.439,163.875,35.473,64.459,0.0,285.5,311.75,165.874,13.395
05/08/2008,12:55:00,1010.401,162.5,37.206,63.999,0.0,286.0,313.25,107.164,11.453
05/08/2008,12:56:00,1010.382,160.75,34.097,64.051,0.0,287.0,316.0,82.867,18.329
05/08/2008,12:57:00,1010.401,159.125,33.958,63.785,0.0,250.0,282.75,71.513,7.675
05/08/2008,12:58:00,1010.382,158.875,32.234,63.973,0.0,285.25,318.25,88.755,13.821
05/08/2008,12:59:00,1010.401,159.875,36.105,64.103,0.0,285.25,316.0,108.432,15.543
05/08/2008,13:00:00,1010.401,160.5,34.77,63.882,0.0,284.75,315.75,121.827,13.084
05/08/2008,13:01:00,1010.439,159.125,37.132,64.025,0.0,283.75,315.5,110.342,9.36
05/08/2008,13:02:00,1010.439,161.125,32.688,64.446,0.0,281.0,313.5,75.375,13.681
05/08/2008,13:03:00,1010.401,161.125,31.81,64.349,0.0,270.25,304.5,72.46,14.289
05/08/2008,13:04:00,1010.439,161.25,32.409,64.563,0.0,277.25,312.0,72.431,13.109
05/08/2008,13:05:00,1010.401,160.0,32.944,64.459,0.0,280.75,316.25,72.824,9.378
05/08/2008,13:06:00,1010.439,158.875,31.677,64.589,0.0,279.25,316.5,98.958,11.18
05/08/2008,13:07:00,1010.382,159.0,30.362,64.135,0.0,281.0,318.25,115.516,14.946
05/08/2008,13:08:00,1010.439,160.75,31.982,64.103,0.0,285.25,322.75,99.818,10.796
05/08/2008,13:09:00,1010.439,158.125,31.545,64.485,0.0,258.5,299.75,111.216,12.19
05/08/2008,13:10:00,1010.439,159.25,30.602,64.64,0.0,270.0,310.0,88.551,16.589
05/08/2008,13:11:00,1010.439,159.875,32.626,64.135,0.0,247.375,287.25,107.499,8.727
05/08/2008,13:12:00,1010.401,159.75,32.549,64.258,0.0,262.0,301.0,107.864,12.652
05/08/2008,13:13:00,1010.382,160.625,33.381,64.174,0.0,269.25,308.25,115.224,12.786
05/08/2008,13:14:00,1010.382,159.625,30.042,64.232,0.0,273.75,312.75,130.835,14.873
05/08/2008,13:15:00,1010.382,161.0,34.097,63.843,0.0,270.25,309.0,108.228,15.244
05/08/2008,13:16:00,1010.382,161.0,32.192,64.362,0.0,258.75,298.25,82.867,14.532
05/08/2008,13:17:00,1010.344,160.75,34.275,64.206,0.0,271.5,311.25,108.534,13.735
05/08/2008,13:18:00,1010.382,163.125,33.462,64.712,0.0,274.75,314.25,87.677,8.642
05/08/2008,13:19:00,1010.382,160.75,32.866,64.997,0.0,274.25,314.25,89.499,10.535
05/08/2008,13:20:00,1010.344,160.875,31.457,64.88,0.0,269.0,310.25,124.013,13.522
05/08/2008,13:21:00,1010.382,159.5,33.303,64.602,0.0,267.25,308.75,121.2,12.348
05/08/2008,13:22:00,1010.382,163.25,30.709,64.148,0.0,264.0,305.75,131.345,10.443
05/08/2008,13:23:00,1010.401,161.5,30.728,64.09,0.0,264.0,306.0,111.085,10.431
05/08/2008,13:24:00,1010.382,161.125,32.562,64.336,0.0,260.25,302.75,102.486,12.823
05/08/2008,13:25:00,1010.439,160.125,30.016,64.258,0.0,265.5,308.75,85.068,17.234
05/08/2008,13:26:00,1010.439,159.5,32.273,63.934,0.0,263.5,307.0,113.373,9.585
05/08/2008,13:27:00,1010.439,162.375,34.064,63.772,0.0,263.25,306.75,78.888,4.888
05/08/2008,13:28:00,1010.382,163.125,31.35,64.038,0.0,266.25,310.5,91.845,8.308
05/08/2008,13:29:00,1010.401,160.625,31.477,64.206,0.0,257.5,304.0,59.634,8.003
05/08/2008,13:30:00,1010.439,161.125,31.059,63.999,0.0,258.25,306.0,89.645,10.023
05/08/2008,13:31:00,1010.401,161.875,31.583,64.42,0.0,262.75,311.0,104.453,9.908
05/08/2008,13:32:00,1010.382,162.625,30.447,64.653,0.0,262.75,313.0,91.408,9.464
05/08/2008,13:33:00,1010.401,160.875,31.477,64.679,0.0,217.0,271.25,97.967,9.105
05/08/2008,13:34:00,1010.382,160.25,31.642,64.602,0.0,217.625,273.0,116.318,16.23
05/08/2008,13:35:00,1010.382,160.875,33.507,64.414,0.0,232.0,288.25,117.906,12.61
05/08/2008,13:36:00,1010.344,161.25,35.269,64.414,0.0,202.75,261.25,81.672,7.279
05/08/2008,13:37:00,1010.344,163.25,32.953,64.893,0.0,234.25,291.25,64.881,5.052
05/08/2008,13:38:00,1010.382,161.0,37.617,65.541,0.0,226.625,283.75,95.154,7.352
05/08/2008,13:39:00,1010.305,162.5,35.493,65.321,0.0,242.75,298.25,75.506,6.519
05/08/2008,13:40:00,1010.229,159.5,30.2,65.386,0.0,240.125,295.5,74.967,16.425
05/08/2008,13:41:00,1010.229,159.75,33.912,65.029,0.0,242.0,296.0,83.946,15.579
05/08/2008,13:42:00,1010.152,160.0,32.759,65.081,0.0,224.625,279.5,89.091,12.628
05/08/2008,13:43:00,1010.152,159.125,33.005,65.068,0.0,232.0,285.0,103.229,13.547
05/08/2008,13:44:00,1010.114,157.625,33.005,64.705,0.0,241.5,294.0,96.378,11.216
05/08/2008,13:45:00,1010.114,160.375,32.001,64.485,0.0,242.0,293.75,92.195,11.082
05/08/2008,13:46:00,1010.075,158.875,31.684,64.336,0.0,207.125,259.25,71.95,10.273
05/08/2008,13:47:00,1010.075,159.875,30.029,64.349,0.0,248.25,297.25,81.409,14.326
05/08/2008,13:48:00,1010.075,160.625,32.668,64.161,0.0,234.875,282.75,116.39,9.908
05/08/2008,13:49:00,1010.114,160.0,30.949,64.31,0.0,252.875,297.25,86.7,13.157
05/08/2008,13:50:00,1010.075,160.375,33.834,64.414,0.0,260.75,302.25,107.529,6.147
05/08/2008,13:51:00,1010.075,162.5,31.305,64.563,0.0,262.25,301.0,79.515,11.429
05/08/2008,13:52:00,1010.075,160.5,33.044,64.349,0.0,268.25,305.0,94.644,12.153
05/08/2008,13:53:00,1010.075,162.875,33.715,64.725,0.0,272.75,306.5,68.306,5.971
05/08/2008,13:54:00,1010.037,162.75,31.635,64.919,0.0,273.25,305.5,98.681,3.914
05/08/2008,13:55:00,1009.999,163.5,33.455,65.412,0.0,274.0,304.5,90.752,11.295
05/08/2008,13:56:00,1009.999,159.375,30.408,65.276,0.0,274.75,304.75,74.603,15.317
05/08/2008,13:57:00,1010.075,161.125,34.168,65.068,0.0,275.0,303.25,100.736,3.409
05/08/2008,13:58:00,1010.114,161.875,33.323,65.237,0.0,278.0,304.75,91.656,10.395
05/08/2008,13:59:00,1010.114,162.0,34.0,65.295,0.0,278.5,304.75,87.079,9.811
05/08/2008,14:00:00,1010.152,160.625,35.713,65.237,0.0,279.5,305.0,117.965,10.644
05/08/2008,14:01:00,1010.075,160.125,36.458,65.438,0.0,279.25,304.0,66.63,7.389
05/08/2008,14:02:00,1010.037,162.375,31.046,65.425,0.0,280.25,303.5,82.094,5.983
05/08/2008,14:03:00,1009.999,161.0,32.082,65.425,0.0,280.0,303.0,94.382,14.186
05/08/2008,14:04:00,1009.96,160.125,32.218,65.476,0.0,279.75,302.5,28.501,8.344
05/08/2008,14:05:00,1009.922,160.625,31.881,65.554,0.0,278.75,301.0,47.419,5.971
05/08/2008,14:06:00,1009.999,164.0,32.885,65.975,0.0,278.75,300.5,81.045,7.316
05/08/2008,14:07:00,1009.96,163.25,32.911,66.332,0.0,279.5,300.75,85.257,17.995
05/08/2008,14:08:00,1009.999,161.25,35.26,66.202,0.0,278.75,300.25,111.901,12.622
05/08/2008,14:09:00,1009.999,160.5,34.725,65.898,0.0,278.75,299.75,109.176,9.403
05/08/2008,14:10:00,1009.999,161.25,34.657,65.729,0.0,279.25,299.75,118.387,8.125
05/08/2008,14:11:00,1009.999,159.625,30.822,65.768,0.0,279.0,299.25,119.801,14.77
05/08/2008,14:12:00,1009.999,162.875,31.298,65.237,0.0,279.5,299.0,138.516,9.896
05/08/2008,14:13:00,1009.999,161.125,34.408,65.224,0.0,279.5,299.0,90.84,10.395
05/08/2008,14:14:00,1009.999,159.5,38.003,65.451,0.0,279.25,298.5,103.025,6.385
05/08/2008,14:15:00,1009.999,160.5,34.255,65.755,0.0,280.0,298.75,59.605,6.744
05/08/2008,14:16:00,1009.96,160.625,31.059,65.651,0.0,280.25,298.5,124.29,14.575
05/08/2008,14:17:00,1009.96,159.625,31.648,64.764,0.0,280.0,298.25,121.915,10.681
05/08/2008,14:18:00,1009.96,159.125,30.2,64.932,0.0,280.0,297.75,82.663,10.881
05/08/2008,14:19:00,1009.922,160.5,32.779,64.867,0.0,280.25,297.5,116.624,10.261
05/08/2008,14:20:00,1009.846,160.375,30.881,65.276,0.0,280.5,297.25,81.759,12.835
05/08/2008,14:21:00,1009.922,158.5,31.418,65.172,0.0,279.75,296.75,76.527,8.429
05/08/2008,14:22:00,1009.922,160.125,30.709,65.224,0.0,279.5,296.25,96.889,9.725
05/08/2008,14:23:00,1009.884,160.25,30.204,65.211,0.0,280.5,296.75,96.67,7.815
05/08/2008,14:24:00,1009.884,160.5,31.234,65.308,0.0,280.25,296.5,84.485,7.401
05/08/2008,14:25:00,1009.846,159.0,30.09,65.263,0.0,278.25,294.5,85.141,12.062
05/08/2008,14:26:00,1009.884,160.125,31.749,65.308,0.0,278.0,293.75,90.373,8.953
05/08/2008,14:27:00,1009.884,162.625,29.388,65.451,0.0,279.75,295.0,77.43,4.565
05/08/2008,14:28:00,1009.846,160.875,30.064,65.502,0.0,280.0,295.5,113.067,7.577
05/08/2008,14:29:00,1009.846,160.0,32.74,65.464,0.0,279.25,295.0,121.856,11.654
05/08/2008,14:30:00,1009.807,158.875,29.825,65.476,0.0,279.0,294.75,120.632,11.131
05/08/2008,14:31:00,1009.769,159.5,30.929,65.107,0.0,279.0,294.25,106.844,12.129
05/08/2008,14:32:00,1009.807,160.5,33.145,65.094,0.0,278.0,293.25,121.652,6.744
05/08/2008,14:33:00,1009.769,161.75,34.097,65.729,0.0,279.5,294.0,94.921,6.579
05/08/2008,14:34:00,1009.846,162.5,32.396,65.826,0.0,279.25,293.5,150.759,5.149
05/08/2008,14:35:00,1009.846,160.25,29.161,65.528,0.0,278.75,293.0,121.463,9.141
05/08/2008,14:36:00,1009.884,162.875,33.145,65.69,0.0,278.75,292.25,93.303,4.304
05/08/2008,14:37:00,1009.846,162.875,29.799,66.144,0.0,278.75,292.0,112.28,5.886
05/08/2008,14:38:00,1009.769,162.0,32.322,66.267,0.0,278.0,291.25,89.324,11.819
05/08/2008,14:39:00,1009.807,161.125,28.869,66.332,0.0,280.25,293.25,147.611,7.279
05/08/2008,14:40:00,1009.769,160.875,31.114,65.839,0.0,277.75,291.25,138.895,4.243
05/08/2008,14:41:00,1009.692,162.875,35.334,65.813,0.0,277.5,288.75,110.648,3.482
05/08/2008,14:42:00,1009.654,162.125,30.69,66.04,0.0,278.0,288.5,107.747,5.849
05/08/2008,14:43:00,1009.577,162.125,29.996,66.397,0.0,278.0,288.0,66.455,5.326
05/08/2008,14:44:00,1009.577,163.125,37.472,66.902,0.0,278.0,287.5,113.971,10.681
05/08/2008,14:45:00,1009.616,160.0,31.227,66.837,0.0,277.0,286.5,114.204,16.042
05/08/2008,14:46:00,1009.577,158.75,30.346,66.157,0.0,276.25,285.75,92.953,12.664
05/08/2008,14:47:00,1009.577,160.125,31.107,65.839,0.0,276.25,285.0,100.358,8.429
05/08/2008,14:48:00,1009.577,163.25,36.775,66.293,0.0,277.25,285.25,81.949,5.563
05/08/2008,14:49:00,1009.616,162.0,31.551,66.76,0.0,276.25,284.25,95.358,10.297
05/08/2008,14:50:00,1009.577,162.125,34.77,66.98,0.0,275.25,283.25,93.58,7.437
05/08/2008,14:51:00,1009.577,160.375,32.134,66.902,0.0,275.0,282.5,66.572,4.437
05/08/2008,14:52:00,1009.577,162.75,31.677,67.019,0.0,275.5,282.5,82.211,11.806
05/08/2008,14:53:00,1009.539,161.375,28.416,67.032,0.0,275.75,282.0,122.775,9.896
05/08/2008,14:54:00,1009.577,163.25,34.401,66.714,0.0,274.75,280.5,93.507,9.464
05/08/2008,14:55:00,1009.539,158.875,32.733,66.76,0.0,274.75,280.5,93.361,14.599
05/08/2008,14:56:00,1009.539,159.75,30.735,66.384,0.0,275.75,280.75,104.73,8.32
05/08/2008,14:57:00,1009.577,159.0,29.326,66.202,0.0,275.75,280.0,78.523,8.63
05/08/2008,14:58:00,1009.539,160.125,30.362,66.157,0.0,275.75,279.5,88.464,12.75
05/08/2008,14:59:00,1009.52,160.0,30.722,66.066,0.0,275.5,279.0,84.718,10.419
05/08/2008,15:00:00,1009.482,161.0,29.617,66.092,0.0,275.25,278.25,99.993,7.936
05/08/2008,15:01:00,1009.443,162.75,31.081,66.28,0.0,274.5,277.0,83.1,9.202
05/08/2008,15:02:00,1009.443,162.0,33.958,66.468,0.0,274.75,277.0,112.164,12.896
05/08/2008,15:03:00,1009.443,161.625,32.461,66.215,0.0,274.25,276.5,130.47,9.366
05/08/2008,15:04:00,1009.443,159.25,31.081,66.163,0.0,273.0,275.25,114.802,16.139
05/08/2008,15:05:00,1009.443,158.375,31.956,65.613,0.0,271.75,274.5,127.118,10.595
05/08/2008,15:06:00,1009.405,160.375,31.431,65.755,0.0,272.0,273.5,92.166,6.592
05/08/2008,15:07:00,1009.367,160.875,30.981,65.963,0.0,271.0,272.25,65.347,6.172
05/08/2008,15:08:00,1009.367,162.125,32.937,66.215,0.0,269.0,270.5,90.067,4.468
05/08/2008,15:09:00,1009.328,162.125,30.362,66.293,0.0,267.5,268.75,123.474,9.537
05/08/2008,15:10:00,1009.214,162.75,33.093,66.215,0.0,264.75,266.5,136.752,16.218
05/08/2008,15:11:00,1009.29,160.25,33.336,66.675,0.0,265.5,267.25,81.949,11.265
05/08/2008,15:12:00,1009.252,163.0,32.416,66.837,0.0,269.0,270.0,64.706,13.723
05/08/2008,15:13:00,1009.29,161.5,31.477,67.006,0.0,270.25,271.75,80.404,15.865
05/08/2008,15:14:00,1009.328,161.0,31.26,66.52,0.0,269.5,271.0,80.71,13.474
05/08/2008,15:15:00,1009.367,161.0,33.569,66.358,0.0,270.0,271.0,86.423,14.435
05/08/2008,15:16:00,1009.405,159.125,32.247,66.105,0.0,269.75,271.0,73.087,7.863
05/08/2008,15:17:00,1009.367,160.25,29.268,66.293,0.0,269.5,270.5,72.256,9.226
05/08/2008,15:18:00,1009.443,162.25,29.274,66.345,0.0,268.75,269.75,95.329,10.048
05/08/2008,15:19:00,1009.482,161.125,34.246,66.423,0.0,269.0,270.5,119.597,15.196
05/08/2008,15:20:00,1009.367,159.625,29.844,66.014,0.0,268.25,270.25,111.741,13.461
05/08/2008,15:21:00,1009.443,160.375,31.512,65.975,0.0,264.75,268.5,124.946,9.038
05/08/2008,15:22:00,1009.443,160.0,30.709,66.092,0.0,240.875,249.375,106.333,11.752
05/08/2008,15:23:00,1009.405,160.0,31.166,66.319,0.0,245.125,254.75,118.169,7.529
05/08/2008,15:24:00,1009.443,160.125,31.532,66.662,0.0,211.75,227.75,101.159,9.537
05/08/2008,15:25:00,1009.405,158.5,31.292,66.507,0.0,219.375,237.25,123.503,9.573
05/08/2008,15:26:00,1009.405,160.25,30.356,66.65,0.0,218.5,238.5,117.848,8.867
05/08/2008,15:27:00,1009.367,161.125,33.53,66.559,0.0,204.0,228.75,75.958,9.251
05/08/2008,15:28:00,1009.328,160.125,30.084,66.449,0.0,186.5,216.75,80.987,7.602
05/08/2008,15:29:00,1009.29,161.875,29.216,66.397,0.0,204.375,233.5,76.643,8.727
05/08/2008,15:30:00,1009.252,161.75,30.728,66.546,0.0,199.375,231.125,75.346,9.908
05/08/2008,15:31:00,1009.252,162.25,29.514,66.468,0.0,194.875,230.25,88.464,6.032
05/08/2008,15:32:00,1009.252,162.5,31.444,66.319,0.0,182.25,221.5,83.013,5.837
05/08/2008,15:33:00,1009.29,163.25,30.55,66.74,0.0,154.875,200.75,110.589,7.34
05/08/2008,15:34:00,1009.29,160.625,33.967,66.701,0.0,117.375,172.5,113.198,5.016
05/08/2008,15:35:00,1009.29,161.5,32.474,66.662,0.0,90.25,152.125,122.877,10.632
05/08/2008,15:36:00,1009.252,157.75,30.223,66.598,0.0,97.5,159.0,113.796,15.007
05/08/2008,15:37:00,1009.29,156.125,29.737,65.885,0.0,16.953,92.125,96.816,8.241
05/08/2008,15:38:00,1009.328,158.125,33.235,65.755,0.0,4.742,79.125,83.756,7.437
05/08/2008,15:39:00,1009.252,156.5,30.907,65.755,0.0,2.34,78.063,98.652,11.545
05/08/2008,15:40:00,1009.252,158.125,31.068,65.347,0.0,6.957,84.625,86.555,9.798
05/08/2008,15:41:00,1009.214,160.0,31.451,65.159,0.0,23.844,103.625,104.307,5.016
05/08/2008,15:42:00,1009.214,162.125,33.362,65.276,0.0,32.5,117.875,64.925,5.819
05/08/2008,15:43:00,1009.175,164.5,31.457,65.36,0.0,110.0,188.375,81.759,9.452
05/08/2008,15:44:00,1009.099,167.0,34.505,65.489,0.0,126.125,207.0,80.345,3.093
05/08/2008,15:45:00,1009.099,167.875,30.715,66.001,0.0,108.063,195.25,46.239,12.238
05/08/2008,15:46:00,1009.06,167.125,32.966,66.118,0.0,75.188,169.25,73.568,9.725
05/08/2008,15:47:00,1009.099,164.375,35.988,66.28,0.0,39.063,139.125,69.253,9.366
05/08/2008,15:48:00,1009.099,163.625,33.423,66.306,0.0,43.938,142.75,84.208,6.628
05/08/2008,15:49:00,1009.06,164.875,33.647,66.267,0.0,53.656,149.75,80.229,10.236
05/08/2008,15:50:00,1009.022,163.125,33.216,66.163,0.0,21.5,122.938,96.612,7.888
05/08/2008,15:51:00,1009.022,163.625,32.662,66.014,0.0,77.938,169.125,108.257,8.892
05/08/2008,15:52:00,1009.022,164.75,31.956,66.118,0.0,69.688,164.75,65.26,11.307
05/08/2008,15:53:00,1009.06,165.375,32.494,66.163,0.0,97.125,186.625,94.702,10.023
05/08/2008,15:54:00,1009.099,164.5,31.92,66.118,0.0,71.688,166.875,80.345,8.667
05/08/2008,15:55:00,1009.06,164.125,33.86,66.189,0.0,114.688,201.25,101.815,13.2
05/08/2008,15:56:00,1009.099,166.625,33.601,66.202,0.0,113.938,199.125,105.473,8.843
05/08/2008,15:57:00,1009.099,169.25,31.02,66.053,0.0,180.5,249.125,123.897,9.908
05/08/2008,15:58:00,1009.06,169.125,31.36,66.014,0.0,218.375,275.25,123.897,8.843
05/08/2008,15:59:00,1009.099,171.0,34.006,66.332,0.0,239.25,286.25,98.055,8.8
05/08/2008,16:00:00,1009.099,171.625,33.362,66.876,0.0,243.375,283.0,86.671,7.541
05/08/2008,16:01:00,1009.099,169.5,33.601,67.369,0.0,246.5,279.25,63.817,7.45
05/08/2008,16:02:00,1009.022,169.0,31.425,67.531,0.0,250.625,275.5,74.034,10.644
05/08/2008,16:03:00,1009.099,165.625,31.418,67.33,0.0,249.25,268.75,83.552,10.821
05/08/2008,16:04:00,1009.06,165.625,31.483,67.129,0.0,249.875,263.5,109.336,13.06
05/08/2008,16:05:00,1009.099,163.625,30.508,67.019,0.0,245.0,254.75,83.465,10.133
05/08/2008,16:06:00,1009.099,163.625,29.52,66.701,0.0,239.625,246.5,79.485,9.013
05/08/2008,16:07:00,1009.06,164.625,30.628,66.546,0.0,246.625,247.5,98.71,8.867
05/08/2008,16:08:00,1009.022,165.25,33.873,66.85,0.0,248.125,245.375,78.319,4.687
05/08/2008,16:09:00,1009.022,165.25,33.53,67.44,0.0,250.375,244.125,51.34,3.683
05/08/2008,16:10:00,1009.022,162.75,29.255,67.771,0.0,249.375,241.25,70.201,8.271
05/08/2008,16:11:00,1008.984,162.25,29.744,67.356,0.0,248.875,238.5,86.205,6.172
05/08/2008,16:12:00,1008.945,161.25,32.16,67.116,0.0,246.0,234.125,80.593,12.19
05/08/2008,16:13:00,1008.945,160.75,29.698,67.233,0.0,243.375,230.375,74.005,13.595
05/08/2008,16:14:00,1009.022,161.125,30.67,66.889,0.0,240.75,226.75,81.191,5.794
05/08/2008,16:15:00,1008.984,160.875,29.679,66.85,0.0,245.5,228.5,83.552,9.999
05/08/2008,16:16:00,1008.945,161.125,29.388,67.077,0.0,246.625,227.75,74.253,8.965
05/08/2008,16:17:00,1008.945,161.625,28.675,66.812,0.0,248.25,227.625,84.747,9.403
05/08/2008,16:18:00,1008.945,161.875,30.69,66.701,0.0,249.125,226.875,84.295,14.076
05/08/2008,16:19:00,1008.984,163.125,30.748,66.837,0.0,249.5,226.0,82.503,10.097
05/08/2008,16:20:00,1009.022,160.125,31.273,66.889,0.0,249.25,225.0,117.221,9.95
05/08/2008,16:21:00,1009.022,160.0,33.271,66.727,0.0,248.875,223.875,61.718,5.758
05/08/2008,16:22:00,1009.06,161.0,29.711,66.824,0.0,248.125,222.0,126.491,4.279
05/08/2008,16:23:00,1008.945,164.0,30.728,66.876,0.0,248.125,220.125,155.788,-0.157
05/08/2008,16:24:00,1008.945,164.75,31.094,67.615,0.0,247.5,218.25,107.704,0.896
05/08/2008,16:25:00,1008.945,163.125,32.675,68.263,0.0,239.5,212.0,60.946,3.683
05/08/2008,16:26:00,1008.907,162.125,31.894,68.276,0.0,233.875,206.875,72.824,6.634
05/08/2008,16:27:00,1008.869,160.375,30.929,68.127,0.0,243.125,212.75,59.357,4.602
05/08/2008,16:28:00,1008.869,159.625,30.767,67.985,0.0,246.625,214.625,89.091,8.101
05/08/2008,16:29:00,1008.792,160.0,29.624,67.479,0.0,246.5,214.125,84.776,9.938
05/08/2008,16:30:00,1008.754,160.75,30.408,67.369,0.0,246.125,213.5,113.286,4.59
05/08/2008,16:31:00,1008.716,160.75,33.821,67.466,0.0,242.5,210.5,100.328,10.322
05/08/2008,16:32:00,1008.792,160.375,32.39,67.641,0.0,225.625,198.875,81.074,9.549
05/08/2008,16:33:00,1008.792,159.25,33.384,67.719,0.0,215.875,192.125,72.431,8.192
05/08/2008,16:34:00,1008.792,156.75,29.792,67.259,0.0,141.5,141.75,88.362,10.084
05/08/2008,16:35:00,1008.83,156.25,30.175,66.824,0.0,158.375,153.625,81.73,13.668
05/08/2008,16:36:00,1008.83,155.875,30.479,66.397,0.0,127.5,133.0,66.091,8.63
05/08/2008,16:37:00,1008.83,155.5,30.077,66.28,0.0,124.688,131.25,62.797,10.176
05/08/2008,16:38:00,1008.792,157.5,30.67,66.254,0.0,146.25,147.0,60.377,7.888
05/08/2008,16:39:00,1008.792,157.625,29.54,66.468,0.0,100.688,116.875,75.638,3.914
05/08/2008,16:40:00,1008.792,156.625,29.647,66.585,0.0,79.75,103.375,93.901,4.985
05/08/2008,16:41:00,1008.83,155.25,31.496,66.41,0.0,50.531,84.438,107.674,4.602
05/08/2008,16:42:00,1008.792,154.5,31.762,66.436,0.0,43.219,80.188,80.739,13.382
05/08/2008,16:43:00,1008.83,155.125,31.982,66.254,0.0,31.531,73.188,96.728,8.344
05/08/2008,16:44:00,1008.869,153.75,33.41,66.215,0.0,25.578,70.563,111.96,5.959
05/08/2008,16:45:00,1008.869,153.75,33.88,66.092,0.0,32.563,77.25,91.292,6.531
05/08/2008,16:46:00,1008.945,155.75,31.577,65.872,0.0,56.844,95.938,89.032,10.991
05/08/2008,16:47:00,1008.869,157.375,31.211,65.651,0.0,90.188,121.125,85.607,8.003
05/08/2008,16:48:00,1008.907,158.25,31.114,65.626,0.0,117.375,141.875,100.387,5.472
05/08/2008,16:49:00,1008.907,161.375,32.668,65.755,0.0,152.5,166.25,74.311,4.03
05/08/2008,16:50:00,1008.907,162.5,31.558,66.053,0.0,170.75,178.75,91.554,4.34
05/08/2008,16:51:00,1008.869,162.625,30.735,66.384,0.0,150.625,165.0,72.139,4.839
05/08/2008,16:52:00,1008.869,162.25,32.134,66.598,0.0,121.188,144.625,76.468,3.981
05/08/2008,16:53:00,1008.907,159.75,33.527,67.051,0.0,66.438,107.313,90.694,11.441
05/08/2008,16:54:00,1008.869,157.875,34.058,67.019,0.0,12.203,70.25,60.654,6.932
05/08/2008,16:55:00,1008.869,157.125,32.953,66.624,0.0,11.195,67.75,82.605,8.192
05/08/2008,16:56:00,1008.83,156.5,36.257,66.423,0.0,9.93,67.063,85.549,8.752
05/08/2008,16:57:00,1008.754,159.625,32.568,66.28,0.0,136.875,149.375,72.037,16.936
05/08/2008,16:58:00,1008.869,158.25,31.564,66.053,0.0,33.563,86.563,81.293,10.656
05/08/2008,16:59:00,1008.869,158.625,34.929,65.865,0.0,32.438,85.563,63.074,4.364
05/08/2008,17:00:00,1008.869,158.625,34.401,66.027,0.0,14.641,75.313,58.395,5.003
05/08/2008,17:01:00,1008.83,157.875,31.881,65.865,0.0,17.516,79.125,103.71,6.555
05/08/2008,17:02:00,1008.754,159.375,32.461,65.813,0.0,46.063,100.313,77.926,7.328
05/08/2008,17:03:00,1008.754,162.5,32.821,65.852,0.0,131.5,156.375,85.972,7.851
05/08/2008,17:04:00,1008.716,164.875,32.966,65.963,0.0,150.875,172.0,88.989,6.506
05/08/2008,17:05:00,1008.716,164.875,35.506,66.241,0.0,141.25,168.25,72.824,5.551
05/08/2008,17:06:00,1008.658,164.25,33.449,66.611,0.0,117.125,155.375,90.3,8.216
05/08/2008,17:07:00,1008.696,164.375,32.937,66.598,0.0,115.688,156.0,72.373,12.439
05/08/2008,17:08:00,1008.696,162.5,31.081,66.572,0.0,84.188,137.625,98.025,9.324
05/08/2008,17:09:00,1008.716,162.125,33.222,66.455,0.0,87.25,139.375,98.929,7.529
05/08/2008,17:10:00,1008.716,163.125,35.149,66.455,0.0,103.938,148.625,79.966,4.997
05/08/2008,17:11:00,1008.716,161.25,32.879,66.572,0.0,73.0,129.125,78.684,9.987
05/08/2008,17:12:00,1008.716,161.5,31.755,66.397,0.0,94.5,139.625,74.603,10.705
05/08/2008,17:13:00,1008.716,162.125,31.438,66.293,0.0,77.25,127.063,77.153,8.113
05/08/2008,17:14:00,1008.716,163.125,33.229,66.449,0.0,84.875,128.25,50.305,8.308
05/08/2008,17:15:00,1008.696,161.875,31.386,66.675,0.0,74.938,119.875,62.738,12.348
05/08/2008,17:16:00,1008.696,160.375,33.621,66.585,0.0,29.906,90.563,77.037,8.332
05/08/2008,17:17:00,1008.696,159.25,31.703,66.52,0.0,11.164,76.375,89.091,9.366
05/08/2008,17:18:00,1008.716,157.625,37.073,66.494,0.0,15.398,75.813,99.075,9.798
05/08/2008,17:19:00,1008.696,159.75,33.17,66.228,0.0,84.5,113.375,114.321,8.989
05/08/2008,17:20:00,1008.696,161.0,32.918,66.092,0.0,139.625,143.125,127.322,6.245
05/08/2008,17:21:00,1008.658,162.625,33.17,66.267,0.0,161.625,154.75,105.823,4.139
05/08/2008,17:22:00,1008.62,163.5,34.858,66.585,0.0,166.625,155.875,110.167,3.367
05/08/2008,17:23:00,1008.62,163.5,36.205,66.915,0.0,208.0,177.25,89.44,10.273
05/08/2008,17:24:00,1008.582,162.25,34.34,67.006,0.0,211.75,177.625,120.749,9.847
05/08/2008,17:25:00,1008.582,162.375,33.595,66.967,0.0,215.125,177.875,118.329,10.449
05/08/2008,17:26:00,1008.582,162.0,34.314,66.837,0.0,215.375,175.75,114.889,9.859
05/08/2008,17:27:00,1008.582,161.875,32.286,66.786,0.0,215.25,173.5,113.49,9.835
05/08/2008,17:28:00,1008.543,161.375,34.683,66.812,0.0,214.25,170.5,102.631,11.271
05/08/2008,17:29:00,1008.543,161.75,33.601,66.85,0.0,213.875,167.625,79.602,10.443
05/08/2008,17:30:00,1008.543,161.125,33.967,66.863,0.0,213.5,164.625,94.046,5.837
05/08/2008,17:31:00,1008.505,160.5,31.094,66.812,0.0,212.5,161.25,88.901,13.522
05/08/2008,17:32:00,1008.467,160.375,33.919,66.662,0.0,212.25,158.125,86.934,10.37
05/08/2008,17:33:00,1008.505,161.125,32.575,66.546,0.0,212.375,155.25,94.352,9.701
05/08/2008,17:34:00,1008.467,159.875,33.527,66.863,0.0,211.875,152.25,82.721,8.168
05/08/2008,17:35:00,1008.428,159.125,31.545,66.941,0.0,211.125,149.25,95.037,11.788
05/08/2008,17:36:00,1008.467,159.25,32.892,66.824,0.0,211.875,146.875,76.862,13.821
05/08/2008,17:37:00,1008.428,158.625,31.995,66.624,0.0,212.75,144.875,91.933,10.145
05/08/2008,17:38:00,1008.428,158.125,32.529,66.52,0.0,212.125,142.375,86.438,14.076
05/08/2008,17:39:00,1008.428,157.75,32.26,66.423,0.0,211.125,139.875,87.895,16.066
05/08/2008,17:40:00,1008.467,157.875,34.858,66.436,0.0,209.25,137.0,82.211,14.362
05/08/2008,17:41:00,1008.467,157.375,32.707,66.345,0.0,207.5,134.625,79.602,10.954
05/08/2008,17:42:00,1008.428,157.625,31.742,66.384,0.0,207.375,133.5,80.404,10.608
05/08/2008,17:43:00,1008.467,157.375,32.607,66.345,0.0,207.0,132.5,104.73,12.823
05/08/2008,17:44:00,1008.467,157.375,32.205,66.228,0.0,206.5,131.25,64.852,10.036
05/08/2008,17:45:00,1008.467,157.0,33.297,66.384,0.0,206.25,130.125,47.215,6.068
05/08/2008,17:46:00,1008.428,157.625,31.881,66.559,0.0,204.625,128.625,70.944,5.886
05/08/2008,17:47:00,1008.428,157.25,32.115,66.494,0.0,204.0,128.125,92.443,4.687
05/08/2008,17:48:00,1008.39,157.875,30.994,66.533,0.0,206.25,128.5,52.361,7.005
05/08/2008,17:49:00,1008.352,156.375,31.894,66.533,0.0,205.875,127.438,96.553,5.448
05/08/2008,17:50:00,1008.39,156.75,31.399,66.546,0.0,205.625,126.813,81.132,8.88
05/08/2008,17:51:00,1008.428,157.25,31.114,66.701,0.0,204.375,125.438,80.462,14.374
05/08/2008,17:52:00,1008.467,156.625,32.147,66.701,0.0,201.875,124.313,97.851,13.297
05/08/2008,17:53:00,1008.505,156.5,31.57,66.481,0.0,200.125,125.0,79.179,13.595
05/08/2008,17:54:00,1008.505,157.625,32.633,66.241,0.0,199.875,125.25,69.079,9.859
05/08/2008,17:55:00,1008.543,158.125,33.595,66.215,0.0,199.125,123.938,92.953,8.253
05/08/2008,17:56:00,1008.543,158.375,34.103,66.371,0.0,198.25,121.375,46.589,9.366
05/08/2008,17:57:00,1008.505,157.25,33.614,66.384,0.0,197.5,118.563,90.3,9.701
05/08/2008,17:58:00,1008.505,155.25,34.644,66.228,0.0,196.375,116.563,107.223,9.823
05/08/2008,17:59:00,1008.505,155.75,32.429,66.105,0.0,197.375,115.813,123.314,14.758
05/08/2008,18:00:00,1008.505,155.0,32.513,65.937,0.0,196.75,114.938,98.113,14.946
05/08/2008,18:01:00,1008.505,155.375,32.639,65.826,0.0,195.875,113.813,116.944,13.37
05/08/2008,18:02:00,1008.505,155.25,32.212,65.716,0.0,195.25,112.75,115.662,10.979
05/08/2008,18:03:00,1008.505,155.875,35.081,65.755,0.0,193.875,111.125,88.274,5.661
05/08/2008,18:04:00,1008.505,155.875,35.353,65.898,0.0,192.75,109.563,80.856,7.468
05/08/2008,18:05:00,1008.543,156.875,35.551,66.079,0.0,192.25,108.313,94.527,11.8
05/08/2008,18:06:00,1008.505,155.5,31.133,66.001,0.0,191.25,106.938,93.011,9.938
05/08/2008,18:07:00,1008.505,155.625,33.112,65.839,0.0,190.5,105.688,93.245,10.334
05/08/2008,18:08:00,1008.543,155.125,34.414,65.865,0.0,190.0,104.563,113.344,4.778
05/08/2008,18:09:00,1008.505,155.125,33.151,65.865,0.0,189.875,103.625,89.951,11.082
05/08/2008,18:10:00,1008.543,155.25,32.753,65.885,0.0,190.0,102.875,110.881,9.701
05/08/2008,18:11:00,1008.543,155.75,33.09,66.001,0.0,188.5,101.438,77.605,14.137
05/08/2008,18:12:00,1008.543,155.75,32.141,65.885,0.0,188.0,100.438,90.373,11.691
05/08/2008,18:13:00,1008.582,154.875,33.138,65.885,0.0,186.875,99.188,106.537,10.145
05/08/2008,18:14:00,1008.582,155.625,32.319,65.975,0.0,185.875,98.0,89.032,9.884
05/08/2008,18:15:00,1008.582,154.5,32.008,65.963,0.0,185.375,97.063,63.963,7.151
05/08/2008,18:16:00,1008.62,155.0,32.626,66.066,0.0,185.625,96.313,71.921,12.701
05/08/2008,18:17:00,1008.543,154.625,33.595,65.963,0.0,185.75,95.625,77.838,11.703
05/08/2008,18:18:00,1008.505,154.5,32.979,66.014,0.0,184.375,94.313,103.914,6.932
05/08/2008,18:19:00,1008.505,154.0,33.945,65.924,0.0,183.125,93.125,85.461,7.687
05/08/2008,18:20:00,1008.467,154.875,31.344,65.963,0.0,182.25,91.938,67.461,12.324
05/08/2008,18:21:00,1008.467,154.625,32.312,65.963,0.0,181.375,90.938,63.001,9.026
05/08/2008,18:22:00,1008.505,154.5,34.379,66.014,0.0,179.5,89.625,83.756,13.821
05/08/2008,18:23:00,1008.505,153.75,32.626,65.865,0.0,178.375,88.625,100.051,10.084
05/08/2008,18:24:00,1008.505,154.125,34.249,65.852,0.0,177.75,87.625,76.833,9.092
05/08/2008,18:25:00,1008.505,154.125,33.297,65.729,0.0,176.625,86.438,96.786,9.391
05/08/2008,18:26:00,1008.543,154.0,32.487,65.755,0.0,175.5,85.25,88.93,12.324
05/08/2008,18:27:00,1008.543,153.625,33.708,65.794,0.0,174.125,84.0,96.786,10.979
05/08/2008,18:28:00,1008.543,154.125,32.396,65.813,0.0,173.75,83.125,81.191,8.539
05/08/2008,18:29:00,1008.505,153.0,32.299,65.716,0.0,172.875,82.188,112.645,14.027
05/08/2008,18:30:00,1008.543,153.25,33.747,65.677,0.0,172.375,81.313,101.043,11.977
05/08/2008,18:31:00,1008.582,153.125,35.107,65.587,0.0,172.25,80.563,90.038,7.888
05/08/2008,18:32:00,1008.543,153.5,31.969,65.541,0.0,171.75,79.563,105.08,12.963
05/08/2008,18:33:00,1008.582,153.125,32.681,65.502,0.0,170.125,78.25,93.536,13.309
05/08/2008,18:34:00,1008.582,154.25,32.008,65.489,0.0,168.0,76.688,98.157,9.464
05/08/2008,18:35:00,1008.62,154.0,32.575,65.528,0.0,164.5,74.625,104.643,6.865
05/08/2008,18:36:00,1008.62,154.125,34.116,65.587,0.0,159.25,72.25,79.238,7.413
05/08/2008,18:37:00,1008.582,153.5,32.798,65.6,0.0,160.125,71.688,93.274,8.843
05/08/2008,18:38:00,1008.62,153.25,33.209,65.574,0.0,166.25,72.938,86.059,14.873
05/08/2008,18:39:00,1008.62,152.875,32.212,65.574,0.0,164.0,71.688,90.665,11.952
05/08/2008,18:40:00,1008.62,153.125,31.962,65.6,0.0,163.125,70.875,109.773,9.525
05/08/2008,18:41:00,1008.658,153.625,32.179,65.587,0.0,162.25,69.875,94.848,9.914
05/08/2008,18:42:00,1008.658,152.625,31.703,65.541,0.0,160.5,68.625,104.73,12.013
05/08/2008,18:43:00,1008.696,152.375,33.083,65.425,0.0,160.625,68.125,97.646,6.671
05/08/2008,18:44:00,1008.658,153.25,31.551,65.386,0.0,161.25,67.75,88.464,12.348
05/08/2008,18:45:00,1008.696,153.25,32.014,65.412,0.0,160.5,67.063,106.727,11.727
05/08/2008,18:46:00,1008.658,152.875,31.768,65.425,0.0,159.625,66.25,116.172,12.701
05/08/2008,18:47:00,1008.696,152.5,35.214,65.373,0.0,157.75,65.188,81.132,5.314
05/08/2008,18:48:00,1008.658,152.625,34.573,65.308,0.0,156.75,64.25,96.845,9.062
05/08/2008,18:49:00,1008.696,152.625,33.634,65.295,0.0,155.25,63.125,101.159,6.981
05/08/2008,18:50:00,1008.62,152.625,32.675,65.237,0.0,153.625,61.844,112.134,9.348
05/08/2008,18:51:00,1008.658,152.625,32.973,65.224,0.0,151.875,60.5,113.519,9.439
05/08/2008,18:52:00,1008.658,153.375,34.058,65.276,0.0,149.625,59.0,106.479,6.409
05/08/2008,18:53:00,1008.696,152.875,34.677,65.321,0.0,147.125,57.375,90.636,7.65
05/08/2008,18:54:00,1008.696,152.375,32.992,65.295,0.0,145.125,56.031,112.134,8.8
05/08/2008,18:55:00,1008.716,152.75,35.149,65.347,0.0,143.625,54.906,89.207,8.295
05/08/2008,18:56:00,1008.696,152.625,32.594,65.263,0.0,142.25,53.781,91.671,13.121
05/08/2008,18:57:00,1008.716,152.25,34.155,65.172,0.0,140.125,52.5,118.169,8.813
05/08/2008,18:58:00,1008.716,151.625,35.83,65.094,0.0,139.375,51.688,103.316,8.192
05/08/2008,18:59:00,1008.716,151.75,33.741,65.029,0.0,138.25,50.75,99.279,10.632
05/08/2008,19:00:00,1008.716,151.875,33.919,64.997,0.0,137.25,49.906,85.097,10.109
05/08/2008,19:01:00,1008.696,152.125,33.899,64.971,0.0,136.0,48.969,104.395,11.307
05/08/2008,19:02:00,1008.716,151.75,33.588,64.893,0.0,134.375,48.0,67.461,10.717
05/08/2008,19:03:00,1008.754,152.0,34.353,64.919,0.0,132.375,47.0,89.295,8.18
05/08/2008,19:04:00,1008.754,151.625,34.103,64.854,0.0,130.125,45.906,82.546,7.437
05/08/2008,19:05:00,1008.754,151.75,35.499,64.802,0.0,128.125,44.906,94.731,5.302
05/08/2008,19:06:00,1008.792,151.5,35.227,64.777,0.0,126.5,44.094,95.956,6.719
05/08/2008,19:07:00,1008.792,151.75,34.058,64.802,0.0,125.375,43.469,105.299,8.594
05/08/2008,19:08:00,1008.792,151.25,34.783,64.841,0.0,124.5,42.875,104.628,6.944
05/08/2008,19:09:00,1008.792,151.5,33.569,64.764,0.0,123.25,42.281,121.944,10.486
05/08/2008,19:10:00,1008.754,151.75,33.792,64.828,0.0,122.563,41.844,86.263,5.533
05/08/2008,19:11:00,1008.792,151.375,34.34,64.854,0.0,114.875,40.219,111.566,6.233
05/08/2008,19:12:00,1008.792,150.5,34.181,64.751,0.0,54.719,28.594,115.997,7.352
05/08/2008,19:13:00,1008.792,149.75,34.991,64.653,0.0,44.063,26.313,99.104,7.766
05/08/2008,19:14:00,1008.792,150.625,33.792,64.55,0.0,52.813,27.906,75.565,9.202
05/08/2008,19:15:00,1008.869,151.25,34.051,64.589,0.0,49.781,27.531,91.583,11.155
05/08/2008,19:16:00,1008.869,152.0,34.466,64.537,0.0,68.063,31.031,100.591,8.545
05/08/2008,19:17:00,1008.869,152.375,34.56,64.414,0.0,31.172,24.609,93.478,9.561
05/08/2008,19:18:00,1008.869,152.5,34.116,64.232,0.0,18.469,21.922,89.921,10.498
05/08/2008,19:19:00,1008.869,153.625,35.247,64.232,0.0,54.5,27.375,97.165,6.981
05/08/2008,19:20:00,1008.907,154.375,35.758,64.232,0.0,88.75,32.5,92.982,6.33
05/08/2008,19:21:00,1008.907,154.75,36.756,64.206,0.0,103.188,34.188,110.167,4.194
05/08/2008,19:22:00,1008.907,154.625,36.014,64.219,0.0,94.125,32.125,87.21,6.567
05/08/2008,19:23:00,1008.907,153.5,36.238,64.174,0.0,29.531,21.438,65.376,4.48
05/08/2008,19:24:00,1008.945,152.75,34.657,64.174,0.0,12.742,17.563,101.305,6.579
05/08/2008,19:25:00,1008.945,152.0,35.088,64.187,0.0,7.938,15.555,100.051,6.957
05/08/2008,19:26:00,1008.945,151.75,36.079,64.135,0.0,11.039,14.742,106.785,7.936
05/08/2008,19:27:00,1008.945,151.5,35.421,63.999,0.0,13.313,13.953,85.228,7.9
05/08/2008,19:28:00,1009.022,151.25,35.606,63.986,0.0,10.656,12.57,108.563,6.707
05/08/2008,19:29:00,1009.022,151.0,35.36,64.025,0.0,13.219,12.164,81.978,8.813
05/08/2008,19:30:00,1009.022,150.875,36.021,63.973,0.0,23.141,12.875,86.001,7.151
05/08/2008,19:31:00,1009.022,150.375,35.421,63.908,0.0,26.125,12.82,85.345,8.916
05/08/2008,19:32:00,1009.06,149.625,37.504,63.83,0.0,18.531,11.438,89.586,7.066
05/08/2008,19:33:00,1009.06,149.5,36.953,63.629,0.0,9.047,9.891,80.579,9.598
05/08/2008,19:34:00,1009.099,149.125,36.536,63.603,0.0,3.826,8.945,77.693,11.094
05/08/2008,19:35:00,1009.175,149.25,36.111,63.578,0.0,1.835,8.344,83.975,9.476
05/08/2008,19:36:00,1009.214,149.25,37.086,63.539,0.0,1.139,7.832,87.677,4.973
05/08/2008,19:37:00,1009.252,148.875,37.536,63.428,0.0,0.759,7.316,94.527,6.89
05/08/2008,19:38:00,1009.29,148.75,38.097,63.241,0.0,0.633,6.828,85.972,6.89
05/08/2008,19:39:00,1009.328,148.875,37.193,63.163,0.0,0.633,6.449,90.665,11.094
05/08/2008,19:40:00,1009.328,149.25,36.549,63.254,0.0,0.57,6.234,86.263,12.464
05/08/2008,19:41:00,1009.367,149.0,37.08,63.416,0.0,0.601,6.043,85.826,10.894
05/08/2008,19:42:00,1009.367,149.0,37.125,63.454,0.0,0.57,5.801,83.727,7.504
05/08/2008,19:43:00,1009.328,148.75,36.869,63.416,0.0,0.57,5.5,65.143,11.034
05/08/2008,19:44:00,1009.367,148.625,37.232,63.39,0.0,0.538,5.313,80.404,9.366
05/08/2008,19:45:00,1009.328,148.5,37.938,63.416,0.0,0.538,5.066,68.0,4.936
05/08/2008,19:46:00,1009.367,148.625,37.371,63.364,0.0,0.538,4.742,74.107,8.271
05/08/2008,19:47:00,1009.367,148.375,37.41,63.299,0.0,0.538,4.5,99.017,9.378
05/08/2008,19:48:00,1009.328,148.625,37.284,63.228,0.0,0.538,4.336,81.788,8.855
05/08/2008,19:49:00,1009.367,148.375,38.077,63.15,0.0,0.506,4.094,89.776,8.904
05/08/2008,19:50:00,1009.367,148.125,39.191,63.059,0.0,0.506,3.795,88.406,4.79
05/08/2008,19:51:00,1009.405,148.375,38.693,62.936,0.0,0.506,3.605,89.717,7.255
05/08/2008,19:52:00,1009.367,148.375,38.634,62.949,0.0,0.538,3.469,88.493,9.847
05/08/2008,19:53:00,1009.367,148.625,37.844,62.949,0.0,0.57,3.414,92.195,9.299
05/08/2008,19:54:00,1009.405,148.5,38.476,62.962,0.0,0.506,3.307,75.667,7.182
05/08/2008,19:55:00,1009.405,148.375,38.945,62.832,0.0,0.443,3.225,66.805,5.886
05/08/2008,19:56:00,1009.405,148.375,38.382,62.742,0.0,0.506,3.035,85.665,8.514
05/08/2008,19:57:00,1009.443,148.75,39.046,62.69,0.0,0.538,2.9,77.153,7.875
05/08/2008,19:58:00,1009.482,148.375,38.952,62.69,0.0,0.538,2.818,53.308,6.944
05/08/2008,19:59:00,1009.52,148.375,39.37,62.573,0.0,0.412,2.602,71.775,7.437
05/08/2008,20:00:00,1009.52,148.625,38.978,62.495,0.0,0.538,2.467,69.37,6.245
05/08/2008,20:01:00,1009.539,148.75,38.887,62.495,0.0,0.506,2.277,74.34,7.115
05/08/2008,20:02:00,1009.539,149.125,38.9,62.482,0.0,0.506,2.141,85.797,7.437
05/08/2008,20:03:00,1009.539,149.5,39.37,62.405,0.0,0.443,2.006,59.415,4.687
05/08/2008,20:04:00,1009.539,150.0,39.376,62.379,0.0,0.443,1.897,66.601,7.389
05/08/2008,20:05:00,1009.539,150.25,40.458,62.281,0.0,0.443,1.789,82.415,7.127
05/08/2008,20:06:00,1009.539,151.0,41.015,62.165,0.0,0.506,1.328,55.392,3.744
05/08/2008,20:07:00,1009.577,151.75,40.273,62.068,0.0,0.506,1.437,69.195,6.646
05/08/2008,20:08:00,1009.616,153.0,40.419,62.042,0.0,0.506,1.247,67.679,7.291
05/08/2008,20:09:00,1009.616,154.0,39.93,62.055,0.0,0.506,1.111,86.292,7.066
05/08/2008,20:10:00,1009.654,155.0,40.03,62.029,0.0,0.506,0.976,81.162,9.117
05/08/2008,20:11:00,1009.692,156.0,40.413,62.042,0.0,0.506,0.84,65.376,5.673
05/08/2008,20:12:00,1009.692,156.75,41.954,61.964,0.0,0.506,0.678,80.258,3.342
05/08/2008,20:13:00,1009.731,158.0,40.685,61.86,0.0,0.506,0.515,94.498,5.673
05/08/2008,20:14:00,1009.731,158.25,40.468,61.886,0.0,0.506,0.38,75.113,8.155
05/08/2008,20:15:00,1009.731,159.0,40.393,61.834,0.0,0.538,0.298,70.522,10.51
05/08/2008,20:16:00,1009.769,159.375,40.584,61.808,0.0,0.506,0.217,57.87,7.23
05/08/2008,20:17:00,1009.769,159.625,41.034,61.789,0.0,0.506,0.163,60.115,6.579
05/08/2008,20:18:00,1009.807,159.5,41.43,61.776,0.0,0.506,0.163,57.025,5.448
05/08/2008,20:19:00,1009.846,159.25,41.601,61.724,0.0,0.443,0.163,68.277,4.401
05/08/2008,20:20:00,1009.922,159.625,41.608,61.633,0.0,0.506,0.163,61.791,6.646
05/08/2008,20:21:00,1009.96,160.125,41.167,61.633,0.0,0.506,0.163,78.64,6.135
05/08/2008,20:22:00,1009.999,160.75,41.43,61.581,0.0,0.538,0.163,88.726,6.628
05/08/2008,20:23:00,1009.999,161.625,41.148,61.607,0.0,0.538,0.163,78.742,4.231
05/08/2008,20:24:00,1010.037,162.25,41.051,61.555,0.0,0.506,0.163,57.593,5.874
05/08/2008,20:25:00,1010.037,162.25,41.417,61.543,0.0,0.538,0.136,70.288,7.23
05/08/2008,20:26:00,1010.037,162.75,41.096,61.504,0.0,0.506,0.163,76.745,5.91
05/08/2008,20:27:00,1009.999,162.875,41.562,61.504,0.0,0.506,0.163,87.473,8.441
05/08/2008,20:28:00,1009.999,163.125,41.281,61.497,0.0,0.506,0.163,79.296,6.068
05/08/2008,20:29:00,1009.999,163.375,41.76,61.53,0.0,0.538,0.163,95.096,6.446
05/08/2008,20:30:00,1009.999,163.5,42.045,61.484,0.0,0.506,0.163,74.938,6.732
05/08/2008,20:31:00,1010.075,163.5,41.974,61.432,0.0,0.538,0.163,72.343,5.314
05/08/2008,20:32:00,1010.075,163.5,42.596,61.381,0.0,0.538,0.163,62.651,4.949
05/08/2008,20:33:00,1010.152,163.625,41.468,61.368,0.0,0.538,0.163,54.372,8.125
05/08/2008,20:34:00,1010.152,163.375,41.789,61.368,0.0,0.538,0.163,71.688,5.983
05/08/2008,20:35:00,1010.19,163.75,41.582,61.355,0.0,0.538,0.163,83.231,7.176
05/08/2008,20:36:00,1010.267,163.5,41.815,61.355,0.0,0.538,0.136,66.834,5.721
05/08/2008,20:37:00,1010.267,163.375,42.051,61.303,0.0,0.538,0.163,60.406,4.492
05/08/2008,20:38:00,1010.344,163.25,43.13,61.238,0.0,0.506,0.163,85.286,4.437
05/08/2008,20:39:00,1010.344,163.375,43.395,61.193,0.0,0.443,0.163,93.565,5.04
05/08/2008,20:40:00,1010.344,163.25,42.994,61.154,0.0,0.538,0.163,78.174,4.626
05/08/2008,20:41:00,1010.344,163.25,42.359,61.128,0.0,0.538,0.163,90.242,9.561
05/08/2008,20:42:00,1010.382,163.125,42.443,61.128,0.0,0.506,0.163,88.187,5.934
05/08/2008,20:43:00,1010.344,162.875,42.906,61.115,0.0,0.506,0.163,43.47,4.243
05/08/2008,20:44:00,1010.344,162.375,43.224,61.063,0.0,0.506,0.163,79.602,4.997
05/08/2008,20:45:00,1010.305,162.0,42.132,61.05,0.0,0.538,0.163,78.946,7.723
05/08/2008,20:46:00,1010.344,161.875,42.145,61.102,0.0,0.538,0.163,68.656,7.729
05/08/2008,20:47:00,1010.344,161.75,42.628,61.063,0.0,0.506,0.136,72.722,5.575
05/08/2008,20:48:00,1010.382,162.125,42.874,61.05,0.0,0.538,0.163,82.357,6.36
05/08/2008,20:49:00,1010.344,162.375,43.104,60.94,0.0,0.506,0.163,66.776,6.208
05/08/2008,20:50:00,1010.401,162.5,43.991,60.953,0.0,0.538,0.163,73.626,6.093
05/08/2008,20:51:00,1010.382,163.0,42.304,60.927,0.0,0.538,0.136,45.933,6.829
05/08/2008,20:52:00,1010.382,162.875,42.2,60.998,0.0,0.538,0.136,60.8,5.837
05/08/2008,20:53:00,1010.382,162.875,43.421,60.998,0.0,0.506,0.163,84.776,6.208
05/08/2008,20:54:00,1010.344,162.25,42.822,60.966,0.0,0.506,0.163,86.846,5.794
05/08/2008,20:55:00,1010.382,161.875,43.502,60.92,0.0,0.506,0.136,67.767,5.302
05/08/2008,20:56:00,1010.382,162.125,42.906,60.856,0.0,0.57,0.163,73.51,7.863
05/08/2008,20:57:00,1010.401,161.875,42.638,60.869,0.0,0.538,0.163,63.074,5.874
05/08/2008,20:58:00,1010.478,161.875,42.683,60.894,0.0,0.506,0.163,66.965,5.886
05/08/2008,20:59:00,1010.478,161.875,42.061,60.927,0.0,0.538,0.136,72.256,9.488
05/08/2008,21:00:00,1010.478,162.125,43.026,60.953,0.0,0.538,0.136,89.295,5.387
05/08/2008,21:01:00,1010.478,161.625,42.498,60.894,0.0,0.538,0.163,73.408,5.697
05/08/2008,21:02:00,1010.439,161.5,43.117,60.843,0.0,0.412,0.136,80.2,5.959
05/08/2008,21:03:00,1010.439,161.125,42.492,60.83,0.0,0.443,0.163,72.722,8.764
05/08/2008,21:04:00,1010.439,160.625,43.625,60.817,0.0,0.443,0.163,65.406,6.482
05/08/2008,21:05:00,1010.439,160.0,43.619,60.765,0.0,0.538,0.163,79.719,8.94
05/08/2008,21:06:00,1010.401,159.25,42.722,60.752,0.0,0.506,0.163,80.943,7.267
05/08/2008,21:07:00,1010.439,158.25,43.295,60.739,0.0,0.506,0.136,90.242,9.908
05/08/2008,21:08:00,1010.439,157.25,43.681,60.661,0.0,0.506,0.163,77.634,6.409
05/08/2008,21:09:00,1010.439,156.625,42.657,60.687,0.0,0.538,0.163,77.459,6.293
05/08/2008,21:10:00,1010.439,155.625,43.162,60.687,0.0,0.506,0.163,73.655,8.74
05/08/2008,21:11:00,1010.401,155.0,43.541,60.635,0.0,0.412,0.136,75.638,7.936
05/08/2008,21:12:00,1010.401,154.75,43.217,60.564,0.0,0.443,0.136,75.346,7.316
05/08/2008,21:13:00,1010.401,154.5,43.758,60.525,0.0,0.506,0.136,71.265,7.279
05/08/2008,21:14:00,1010.401,154.375,43.58,60.447,0.0,0.506,0.163,101.786,6.342
05/08/2008,21:15:00,1010.439,153.625,44.202,60.357,0.0,0.506,0.136,68.831,4.553
05/08/2008,21:16:00,1010.516,152.75,43.48,60.37,0.0,0.506,0.163,76.687,6.695
05/08/2008,21:17:00,1010.554,151.5,43.302,60.37,0.0,0.506,0.163,79.544,7.115
05/08/2008,21:18:00,1010.554,150.5,43.953,60.337,0.0,0.443,0.163,69.108,4.078
05/08/2008,21:19:00,1010.669,149.75,44.176,60.233,0.0,0.443,0.136,99.279,5.362
05/08/2008,21:20:00,1010.631,149.0,43.878,60.207,0.0,0.443,0.163,84.354,7.206
05/08/2008,21:21:00,1010.669,148.5,43.778,60.182,0.0,0.443,0.163,50.845,5.484
05/08/2008,21:22:00,1010.669,148.125,43.282,60.13,0.0,0.443,0.136,80.622,10.419
05/08/2008,21:23:00,1010.708,147.75,43.561,60.207,0.0,0.506,0.163,76.468,5.028
05/08/2008,21:24:00,1010.746,147.625,44.176,60.117,0.0,0.443,0.163,80.958,6.944
05/08/2008,21:25:00,1010.746,147.75,44.322,59.968,0.0,0.443,0.136,87.385,4.863
05/08/2008,21:26:00,1010.746,148.125,44.908,59.812,0.0,0.506,0.163,94.134,5.016
05/08/2008,21:27:00,1010.746,148.5,43.898,59.689,0.0,0.443,0.163,85.228,8.052
05/08/2008,21:28:00,1010.746,148.75,44.276,59.76,0.0,0.506,0.163,93.303,6.342
05/08/2008,21:29:00,1010.708,149.0,44.37,59.728,0.0,0.506,0.136,77.095,7.182
05/08/2008,21:30:00,1010.669,149.375,44.62,59.637,0.0,0.506,0.163,84.835,8.569
05/08/2008,21:31:00,1010.708,149.5,45.365,59.585,0.0,0.538,0.163,94.046,5.91
05/08/2008,21:32:00,1010.669,149.5,45.187,59.469,0.0,0.443,0.163,88.785,6.458
05/08/2008,21:33:00,1010.669,149.5,45.757,59.423,0.0,0.506,0.163,85.578,6.47
05/08/2008,21:34:00,1010.669,149.375,44.908,59.326,0.0,0.443,0.136,92.326,8.204
05/08/2008,21:35:00,1010.708,149.5,45.352,59.209,0.0,0.506,0.163,85.068,6.944
05/08/2008,21:36:00,1010.746,149.5,45.446,59.164,0.0,0.412,0.136,76.148,6.354
05/08/2008,21:37:00,1010.746,149.75,45.021,59.177,0.0,0.538,0.163,88.129,5.375
05/08/2008,21:38:00,1010.823,149.75,45.225,59.183,0.0,0.506,0.163,80.345,4.389
05/08/2008,21:39:00,1010.823,150.125,46.651,59.112,0.0,0.443,0.163,79.456,4.139
05/08/2008,21:40:00,1010.861,150.875,45.161,59.086,0.0,0.506,0.163,82.838,6.506
05/08/2008,21:41:00,1010.861,152.5,45.109,59.164,0.0,0.506,0.163,88.158,6.007
05/08/2008,21:42:00,1010.861,153.25,45.174,59.209,0.0,0.506,0.163,96.889,6.841
05/08/2008,21:43:00,1010.861,154.375,46.009,59.235,0.0,0.506,0.163,84.47,5.612
05/08/2008,21:44:00,1010.861,155.5,45.148,59.164,0.0,0.443,0.163,85.257,6.22
05/08/2008,21:45:00,1010.861,156.875,45.795,59.151,0.0,0.538,0.163,68.51,4.876
05/08/2008,21:46:00,1010.899,157.875,45.789,59.112,0.0,0.57,0.163,96.291,4.188
05/08/2008,21:47:00,1010.899,158.5,46.385,59.112,0.0,0.538,0.163,88.333,4.876
05/08/2008,21:48:00,1010.899,158.75,46.32,58.996,0.0,0.506,0.163,92.02,3.433
05/08/2008,21:49:00,1010.899,159.375,46.061,58.885,0.0,0.538,0.163,90.271,5.484
05/08/2008,21:50:00,1010.899,159.875,45.954,58.918,0.0,0.506,0.136,95.416,5.849
05/08/2008,21:51:00,1010.861,160.875,46.155,59.021,0.0,0.538,0.136,95.387,6.36
05/08/2008,21:52:00,1010.823,161.5,46.939,59.112,0.0,0.538,0.163,89.178,6.233
05/08/2008,21:53:00,1010.784,162.5,45.459,59.06,0.0,0.57,0.136,76.089,7.34
05/08/2008,21:54:00,1010.784,162.75,45.977,59.086,0.0,0.57,0.136,78.203,7.456
05/08/2008,21:55:00,1010.784,163.25,45.724,59.06,0.0,0.538,0.136,88.581,8.271
05/08/2008,21:56:00,1010.861,163.375,45.996,59.151,0.0,0.57,0.163,82.124,7.45
05/08/2008,21:57:00,1010.861,163.625,46.155,59.086,0.0,0.57,0.136,96.378,6.123
05/08/2008,21:58:00,1010.861,163.75,45.808,59.06,0.0,0.538,0.136,93.755,6.878
05/08/2008,21:59:00,1010.899,164.375,46.44,59.086,0.0,0.57,0.136,99.396,5.959
05/08/2008,22:00:00,1010.823,164.375,45.281,59.177,0.0,0.601,0.136,93.536,7.468
05/08/2008,22:01:00,1010.823,164.375,45.808,59.261,0.0,0.601,0.136,118.97,5.648
05/08/2008,22:02:00,1010.784,164.5,46.391,59.222,0.0,0.57,0.136,92.618,4.291
05/08/2008,22:03:00,1010.669,164.5,46.022,59.086,0.0,0.538,0.136,105.386,7.663
05/08/2008,22:04:00,1010.593,164.75,45.983,59.164,0.0,0.57,0.163,103.593,6.373
05/08/2008,22:05:00,1010.439,164.5,47.12,59.151,0.0,0.57,0.136,104.278,5.886
05/08/2008,22:06:00,1010.267,164.375,46.233,59.112,0.0,0.538,0.136,86.117,8.764
05/08/2008,22:07:00,1010.114,163.75,46.239,59.086,0.0,0.538,0.163,89.499,9.963
05/08/2008,22:08:00,1009.999,163.625,46.8,59.008,0.0,0.506,0.163,100.124,7.078
05/08/2008,22:09:00,1009.96,162.875,46.174,59.086,0.0,0.538,0.136,90.126,9.251
05/08/2008,22:10:00,1009.922,162.875,46.314,59.112,0.0,0.538,0.163,92.472,9.013
05/08/2008,22:11:00,1009.922,162.875,45.776,59.177,0.0,0.57,0.163,72.635,9.537
05/08/2008,22:12:00,1009.96,162.375,44.791,59.274,0.0,0.57,0.163,89.44,11.581
05/08/2008,22:13:00,1010.037,161.5,45.212,59.365,0.0,0.538,0.163,83.785,11.618
05/08/2008,22:14:00,1010.152,161.625,45.77,59.378,0.0,0.506,0.163,101.072,8.727
05/08/2008,22:15:00,1010.229,161.125,46.081,59.352,0.0,0.506,0.136,93.93,6.354
05/08/2008,22:16:00,1010.305,161.0,45.698,59.339,0.0,0.57,0.163,93.274,7.802
05/08/2008,22:17:00,1010.382,161.375,45.225,59.3,0.0,0.57,0.163,92.02,5.825
05/08/2008,22:18:00,1010.439,161.375,44.772,59.378,0.0,0.57,0.163,97.559,6.342
05/08/2008,22:19:00,1010.516,161.25,45.99,59.365,0.0,0.538,0.163,107.354,4.103
05/08/2008,22:20:00,1010.554,160.625,46.566,59.352,0.0,0.506,0.163,80.797,4.754
05/08/2008,22:21:00,1010.631,159.875,46.453,59.274,0.0,0.506,0.163,101.64,4.888
05/08/2008,22:22:00,1010.669,159.375,45.319,59.183,0.0,0.506,0.136,99.221,6.306
05/08/2008,22:23:00,1010.669,158.625,45.789,59.274,0.0,0.443,0.136,89.032,5.697
05/08/2008,22:24:00,1010.593,158.25,45.073,59.313,0.0,0.443,0.163,122.993,6.397
05/08/2008,22:25:00,1010.593,157.75,45.478,59.326,0.0,0.506,0.163,105.299,5.758
05/08/2008,22:26:00,1010.593,157.375,46.055,59.339,0.0,0.506,0.136,97.005,3.993
05/08/2008,22:27:00,1010.593,156.875,45.478,59.209,0.0,0.506,0.163,96.859,4.437
05/08/2008,22:28:00,1010.593,156.125,46.994,59.183,0.0,0.538,0.136,95.096,3.92
05/08/2008,22:29:00,1010.516,155.0,46.226,59.034,0.0,0.443,0.136,73.655,6.482
05/08/2008,22:30:00,1010.516,153.5,47.438,58.905,0.0,0.412,0.163,83.231,5.46
05/08/2008,22:31:00,1010.516,152.375,47.172,58.73,0.0,0.443,0.136,85.826,5.709
05/08/2008,22:32:00,1010.439,151.375,48.526,58.613,0.0,0.412,0.136,91.437,5.959
05/08/2008,22:33:00,1010.439,150.875,48.5,58.49,0.0,0.506,0.136,91.656,6.817
05/08/2008,22:34:00,1010.439,150.5,47.82,58.386,0.0,0.412,0.136,82.094,7.65
05/08/2008,22:35:00,1010.439,150.875,48.166,58.438,0.0,0.506,0.136,61.995,7.23
05/08/2008,22:36:00,1010.516,151.125,48.124,58.451,0.0,0.443,0.163,85.286,4.79
05/08/2008,22:37:00,1010.478,151.5,47.204,58.399,0.0,0.412,0.163,78.713,7.425
05/08/2008,22:38:00,1010.516,151.875,48.04,58.373,0.0,0.443,0.136,75.025,6.032
05/08/2008,22:39:00,1010.478,152.625,47.007,58.335,0.0,0.506,0.136,71.688,7.565
05/08/2008,22:40:00,1010.516,152.75,47.807,58.399,0.0,0.443,0.136,73.437,4.206
05/08/2008,22:41:00,1010.516,153.0,47.311,58.386,0.0,0.506,0.163,79.602,6.792
05/08/2008,22:42:00,1010.554,152.625,48.257,58.347,0.0,0.506,0.136,60.654,4.839
05/08/2008,22:43:00,1010.631,152.125,48.866,58.237,0.0,0.506,0.163,84.004,4.03
05/08/2008,22:44:00,1010.631,151.25,48.231,58.134,0.0,0.412,0.163,88.333,5.837
05/08/2008,22:45:00,1010.593,150.5,48.72,58.03,0.0,0.412,0.163,67.315,4.437
05/08/2008,22:46:00,1010.631,149.75,48.62,57.985,0.0,0.443,0.136,77.838,4.115
05/08/2008,22:47:00,1010.631,149.25,48.804,57.92,0.0,0.506,0.163,73.145,2.204
05/08/2008,22:48:00,1010.669,148.75,49.203,57.881,0.0,0.506,0.136,68.685,2.898
05/08/2008,22:49:00,1010.669,148.625,48.021,57.842,0.0,0.538,0.136,77.78,7.206
05/08/2008,22:50:00,1010.669,148.75,47.894,57.92,0.0,0.506,0.136,65.828,7.291
05/08/2008,22:51:00,1010.669,148.875,48.364,57.894,0.0,0.443,0.136,58.73,3.744
05/08/2008,22:52:00,1010.669,148.875,48.286,57.868,0.0,0.538,0.136,64.881,5.934
05/08/2008,22:53:00,1010.669,149.5,48.6,57.881,0.0,0.412,0.136,61.849,4.279
05/08/2008,22:54:00,1010.631,150.125,48.824,57.816,0.0,0.443,0.163,84.12,4.054
05/08/2008,22:55:00,1010.593,151.25,49.429,57.719,0.0,0.601,0.163,86.059,4.9
05/08/2008,22:56:00,1010.554,151.625,48.652,57.648,0.0,0.443,0.136,79.15,5.819
05/08/2008,22:57:00,1010.516,151.625,50.148,57.583,0.0,0.412,0.163,76.716,5.484
05/08/2008,22:58:00,1010.516,151.75,49.867,57.492,0.0,0.538,0.163,75.448,5.758
05/08/2008,22:59:00,1010.516,152.0,49.481,57.395,0.0,0.506,0.163,93.099,5.886
05/08/2008,23:00:00,1010.516,151.5,49.374,57.421,0.0,0.506,0.163,82.546,6.817
05/08/2008,23:01:00,1010.478,151.5,50.006,57.369,0.0,0.506,0.163,79.267,5.259
05/08/2008,23:02:00,1010.439,151.0,50.505,57.252,0.0,0.506,0.163,91.496,3.707
05/08/2008,23:03:00,1010.439,150.75,50.424,57.187,0.0,0.443,0.136,75.288,5.746
05/08/2008,23:04:00,1010.439,151.125,50.757,57.2,0.0,0.443,0.136,64.502,4.279
05/08/2008,23:05:00,1010.382,152.0,50.855,57.09,0.0,0.443,0.136,91.904,5.04
05/08/2008,23:06:00,1010.382,152.25,50.424,57.012,0.0,0.506,0.163,91.7,8.557
05/08/2008,23:07:00,1010.382,152.75,51.418,56.999,0.0,0.506,0.136,78.684,5.819
05/08/2008,23:08:00,1010.344,153.875,51.544,56.896,0.0,0.506,0.163,85.695,5.472
05/08/2008,23:09:00,1010.305,154.875,51.107,56.824,0.0,0.506,0.163,87.269,8.989
05/08/2008,23:10:00,1010.267,155.625,51.285,56.824,0.0,0.443,0.163,75.39,6.397
05/08/2008,23:11:00,1010.229,156.5,51.677,56.786,0.0,0.506,0.163,93.42,6.567
05/08/2008,23:12:00,1010.229,157.375,51.729,56.786,0.0,0.538,0.163,71.6,5.326
05/08/2008,23:13:00,1010.229,158.0,51.531,56.708,0.0,0.443,0.136,83.231,7.389
05/08/2008,23:14:00,1010.229,158.75,51.599,56.721,0.0,0.506,0.163,87.925,6.458
05/08/2008,23:15:00,1010.229,159.25,51.544,56.734,0.0,0.506,0.163,83.61,8.344
05/08/2008,23:16:00,1010.229,159.625,52.092,56.721,0.0,0.506,0.163,84.864,6.732
05/08/2008,23:17:00,1010.229,160.0,51.499,56.721,0.0,0.538,0.163,87.648,7.504
05/08/2008,23:18:00,1010.229,160.125,51.729,56.824,0.0,0.57,0.136,96.728,6.245
05/08/2008,23:19:00,1010.19,160.125,51.791,56.883,0.0,0.538,0.163,84.208,7.066
05/08/2008,23:20:00,1010.229,160.25,51.593,56.922,0.0,0.57,0.163,80.914,6.494
05/08/2008,23:21:00,1010.229,160.375,51.538,56.973,0.0,0.538,0.163,66.338,5.624
05/08/2008,23:22:00,1010.229,160.375,51.664,57.051,0.0,0.57,0.163,88.158,8.168
05/08/2008,23:23:00,1010.229,160.0,51.133,57.161,0.0,0.538,0.163,107.193,6.719
05/08/2008,23:24:00,1010.267,158.875,51.467,57.174,0.0,0.506,0.163,90.694,6.409
05/08/2008,23:25:00,1010.267,157.125,51.347,57.148,0.0,0.443,0.136,88.376,9.652
05/08/2008,23:26:00,1010.267,155.25,51.975,57.142,0.0,0.38,0.163,85.52,6.555
05/08/2008,23:27:00,1010.267,153.75,51.373,57.116,0.0,0.316,0.136,94.586,6.908
05/08/2008,23:28:00,1010.229,153.25,51.875,57.09,0.0,0.253,0.136,80.579,4.553
05/08/2008,23:29:00,1010.229,152.875,51.062,57.09,0.0,0.316,0.163,88.041,8.204
05/08/2008,23:30:00,1010.19,152.25,51.279,57.161,0.0,0.253,0.136,96.072,8.916
05/08/2008,23:31:00,1010.19,152.0,51.259,57.174,0.0,0.222,0.136,89.353,6.89
05/08/2008,23:32:00,1010.152,151.25,52.008,57.142,0.0,0.348,0.136,89.382,5.661
05/08/2008,23:33:00,1010.19,150.875,52.111,57.064,0.0,0.348,0.136,96.582,5.484
05/08/2008,23:34:00,1010.152,150.875,51.544,57.038,0.0,0.253,0.163,80.71,6.841
05/08/2008,23:35:00,1010.152,150.375,51.71,57.025,0.0,0.316,0.136,84.208,6.147
05/08/2008,23:36:00,1010.114,150.0,51.175,57.025,0.0,0.38,0.163,113.403,11.478
05/08/2008,23:37:00,1010.152,149.875,52.179,57.077,0.0,0.348,0.163,110.677,6.233
05/08/2008,23:38:00,1010.114,150.125,51.133,57.129,0.0,0.316,0.136,92.56,5.624
05/08/2008,23:39:00,1010.152,150.0,51.321,57.239,0.0,0.348,0.136,90.869,5.247
05/08/2008,23:40:00,1010.152,149.625,50.816,57.291,0.0,0.253,0.163,105.503,6.543
05/08/2008,23:41:00,1010.152,149.375,50.877,57.356,0.0,0.316,0.163,96.437,8.545
05/08/2008,23:42:00,1010.152,149.375,50.55,57.421,0.0,0.316,0.136,104.934,5.521
05/08/2008,23:43:00,1010.152,149.625,49.906,57.531,0.0,0.348,0.136,113.067,7.206
05/08/2008,23:44:00,1010.19,149.375,50.255,57.583,0.0,0.348,0.163,96.349,6.865
05/08/2008,23:45:00,1010.229,149.25,50.446,57.531,0.0,0.222,0.136,106.013,5.508
05/08/2008,23:46:00,1010.267,149.5,50.738,57.505,0.0,0.222,0.136,98.477,3.932
05/08/2008,23:47:00,1010.344,149.25,51.175,57.408,0.0,0.316,0.136,74.486,7.091
05/08/2008,23:48:00,1010.344,149.0,51.169,57.356,0.0,0.348,0.163,79.311,5.35
05/08/2008,23:49:00,1010.382,148.75,50.796,57.356,0.0,0.253,0.136,91.466,7.815
05/08/2008,23:50:00,1010.401,148.375,51.438,57.408,0.0,0.316,0.136,68.423,4.364
05/08/2008,23:51:00,1010.401,148.375,51.612,57.239,0.0,0.348,0.136,84.747,5.362
05/08/2008,23:52:00,1010.382,147.5,51.829,57.129,0.0,0.348,0.163,94.498,6.135
05/08/2008,23:53:00,1010.382,147.75,51.982,57.077,0.0,0.348,0.136,79.063,5.113
05/08/2008,23:54:00,1010.382,147.25,51.904,57.038,0.0,0.348,0.136,104.643,4.766
05/08/2008,23:55:00,1010.382,147.0,52.069,56.999,0.0,0.316,0.136,79.631,6.567
05/08/2008,23:56:00,1010.344,146.875,52.594,57.051,0.0,0.38,0.163,74.195,5.338
05/08/2008,23:57:00,1010.305,147.0,52.403,56.961,0.0,0.348,0.136,89.645,6.531
05/08/2008,23:58:00,1010.305,147.375,53.067,56.734,0.0,0.253,0.136,86.759,6.695
05/08/2008,23:59:00,1010.305,147.5,52.927,56.695,0.0,0.348,0.163,82.503,5.971
