HWC-VLV,CHWC-VLV,EA-DMPR,RA-DMPR,OA-DMPR,SF-WAT,RF-WAT,SA-CFM,RA-CFM,OA-CFM,SA-TEMP,MA-TEMP,RA-TEMP,HWC-DAT,CHWC-DAT,SA-SP,SF-DP,RF-DP,SF-SPD,RF-SPD,OA-TEMP
0.0,0.0,0.0,100.0,0.0,0.0,0,7.105,-19.294,26.4,76.98,65.708,60.792,65.701,76.98,0.009,0.0,0,0.0,0.0,65.708
0.0,0.0,0.0,100.0,0.0,0.0,0,7.105,-19.294,26.4,76.946,65.572,60.783,65.701,76.946,0.009,0.0,0,0.0,0.0,65.572
0.0,0.0,0.0,100.0,0.0,0.0,0,7.105,-19.294,26.4,76.912,65.45,60.774,65.7,76.912,0.009,0.0,0,0.0,0.0,65.45
0.0,0.0,0.0,100.0,0.0,0.0,0,7.105,-19.294,26.4,76.878,65.521,60.765,65.698,76.878,0.009,0.0,0,0.0,0.0,65.521
0.0,0.0,0.0,100.0,0.0,0.0,0,7.105,-19.294,26.4,76.844,65.552,60.756,65.697,76.844,0.009,0.0,0,0.0,0.0,65.552
0.0,0.0,0.0,100.0,0.0,0.0,0,7.105,-19.294,26.4,76.81,65.553,60.748,65.696,76.81,0.009,0.0,0,0.0,0.0,65.553
0.0,0.0,0.0,100.0,0.0,0.0,0,7.105,-19.294,26.4,76.776,65.536,60.739,65.695,76.776,0.009,0.0,0,0.0,0.0,65.536
0.0,0.0,0.0,100.0,0.0,0.0,0,7.105,-19.294,26.4,76.743,65.542,60.731,65.693,76.743,0.009,0.0,0,0.0,0.0,65.542
0.0,0.0,0.0,100.0,0.0,0.0,0,7.105,-19.294,26.4,76.709,65.33,60.723,65.692,76.709,0.009,0.0,0,0.0,0.0,65.33
0.0,0.0,0.0,100.0,0.0,0.0,0,7.105,-19.294,26.4,76.676,65.195,60.714,65.689,76.676,0.009,0.0,0,0.0,0.0,65.195
0.0,0.0,0.0,100.0,0.0,0.0,0,7.105,-19.294,26.4,76.643,65.296,60.706,65.685,76.643,0.009,0.0,0,0.0,0.0,65.296
0.0,0.0,0.0,100.0,0.0,0.0,0,7.105,-19.294,26.4,76.609,65.467,60.698,65.683,76.609,0.009,0.0,0,0.0,0.0,65.467
0.0,0.0,0.0,100.0,0.0,0.0,0,7.105,-19.294,26.4,76.576,65.415,60.69,65.681,76.576,0.009,0.0,0,0.0,0.0,65.415
0.0,0.0,0.0,100.0,0.0,0.0,0,7.105,-19.294,26.4,76.543,65.518,60.682,65.679,76.543,0.009,0.0,0,0.0,0.0,65.518
0.0,0.0,0.0,100.0,0.0,0.0,0,7.105,-19.294,26.4,76.51,65.556,60.674,65.678,76.51,0.009,0.0,0,0.0,0.0,65.556
0.0,0.0,0.0,100.0,0.0,0.0,0,7.105,-19.294,26.4,76.477,65.458,60.667,65.677,76.477,0.009,0.0,0,0.0,0.0,65.458
0.0,0.0,0.0,100.0,0.0,0.0,0,7.105,-19.294,26.4,76.445,65.409,60.659,65.675,76.445,0.009,0.0,0,0.0,0.0,65.409
0.0,0.0,0.0,100.0,0.0,0.0,0,7.105,-19.294,26.4,76.412,65.423,60.651,65.674,76.412,0.009,0.0,0,0.0,0.0,65.423
0.0,0.0,0.0,100.0,0.0,0.0,0,7.105,-19.294,26.4,76.38,65.433,60.644,65.672,76.38,0.009,0.0,0,0.0,0.0,65.433
0.0,0.0,0.0,100.0,0.0,0.0,0,7.105,-19.294,26.4,76.347,65.247,60.636,65.67,76.347,0.009,0.0,0,0.0,0.0,65.247
0.0,0.0,0.0,100.0,0.0,0.0,0,7.105,-19.294,26.4,76.315,65.305,60.629,65.666,76.315,0.009,0.0,0,0.0,0.0,65.305
0.0,0.0,0.0,100.0,0.0,0.0,0,7.105,-19.294,26.4,76.282,65.306,60.622,65.664,76.282,0.009,0.0,0,0.0,0.0,65.306
0.0,0.0,0.0,100.0,0.0,0.0,0,7.105,-19.294,26.4,76.25,65.234,60.615,65.661,76.25,0.009,0.0,0,0.0,0.0,65.234
0.0,0.0,0.0,100.0,0.0,0.0,0,7.105,-19.294,26.4,76.218,65.258,60.607,65.658,76.218,0.009,0.0,0,0.0,0.0,65.258
0.0,0.0,0.0,100.0,0.0,0.0,0,7.105,-19.294,26.4,76.186,65.281,60.6,65.655,76.186,0.009,0.0,0,0.0,0.0,65.281
0.0,0.0,0.0,100.0,0.0,0.0,0,7.105,-19.294,26.4,76.154,65.28,60.593,65.652,76.154,0.009,0.0,0,0.0,0.0,65.28
0.0,0.0,0.0,100.0,0.0,0.0,0,7.105,-19.294,26.4,76.122,65.339,60.586,65.65,76.122,0.009,0.0,0,0.0,0.0,65.339
0.0,0.0,0.0,100.0,0.0,0.0,0,7.105,-19.294,26.4,76.09,65.547,60.58,65.648,76.09,0.009,0.0,0,0.0,0.0,65.547
0.0,0.0,0.0,100.0,0.0,0.0,0,7.105,-19.294,26.4,76.059,65.572,60.573,65.647,76.059,0.009,0.0,0,0.0,0.0,65.572
0.0,0.0,0.0,100.0,0.0,0.0,0,7.105,-19.294,26.4,76.027,65.639,60.566,65.647,76.027,0.009,0.0,0,0.0,0.0,65.639
0.0,0.0,0.0,100.0,0.0,0.0,0,7.105,-19.294,26.4,75.996,65.515,60.56,65.647,75.996,0.009,0.0,0,0.0,0.0,65.515
0.0,0.0,0.0,100.0,0.0,0.0,0,7.105,-19.294,26.4,75.964,65.491,60.553,65.645,75.964,0.009,0.0,0,0.0,0.0,65.491
0.0,0.0,0.0,100.0,0.0,0.0,0,7.105,-19.294,26.4,75.933,65.598,60.547,65.645,75.933,0.009,0.0,0,0.0,0.0,65.598
0.0,0.0,0.0,100.0,0.0,0.0,0,7.105,-19.294,26.4,75.902,65.501,60.54,65.644,75.902,0.009,0.0,0,0.0,0.0,65.501
0.0,0.0,0.0,100.0,0.0,0.0,0,7.105,-19.294,26.4,75.871,65.37,60.534,65.643,75.871,0.009,0.0,0,0.0,0.0,65.37
0.0,0.0,0.0,100.0,0.0,0.0,0,7.105,-19.294,26.4,75.84,65.241,60.528,65.64,75.84,0.009,0.0,0,0.0,0.0,65.241
0.0,0.0,0.0,100.0,0.0,0.0,0,7.105,-19.294,26.4,75.809,65.189,60.521,65.637,75.809,0.009,0.0,0,0.0,0.0,65.189
0.0,0.0,0.0,100.0,0.0,0.0,0,7.105,-19.294,26.4,75.778,65.302,60.515,65.634,75.778,0.009,0.0,0,0.0,0.0,65.302
0.0,0.0,0.0,100.0,0.0,0.0,0,7.105,-19.294,26.4,75.747,65.351,60.509,65.632,75.747,0.009,0.0,0,0.0,0.0,65.351
0.0,0.0,0.0,100.0,0.0,0.0,0,7.105,-19.294,26.4,75.717,65.386,60.503,65.63,75.717,0.009,0.0,0,0.0,0.0,65.386
0.0,0.0,0.0,100.0,0.0,0.0,0,7.105,-19.294,26.4,75.686,65.425,60.497,65.628,75.686,0.009,0.0,0,0.0,0.0,65.425
0.0,0.0,0.0,100.0,0.0,0.0,0,7.105,-19.294,26.4,75.656,65.375,60.491,65.627,75.656,0.009,0.0,0,0.0,0.0,65.375
0.0,0.0,0.0,100.0,0.0,0.0,0,7.105,-19.294,26.4,75.625,65.468,60.485,65.625,75.625,0.009,0.0,0,0.0,0.0,65.468
0.0,0.0,0.0,100.0,0.0,0.0,0,7.105,-19.294,26.4,75.595,65.45,60.479,65.624,75.595,0.009,0.0,0,0.0,0.0,65.45
0.0,0.0,0.0,100.0,0.0,0.0,0,7.105,-19.294,26.4,75.565,65.443,60.474,65.622,75.565,0.009,0.0,0,0.0,0.0,65.443
0.0,0.0,0.0,100.0,0.0,0.0,0,7.105,-19.294,26.4,75.535,65.448,60.468,65.621,75.535,0.009,0.0,0,0.0,0.0,65.448
0.0,0.0,0.0,100.0,0.0,0.0,0,7.105,-19.294,26.4,75.505,65.331,60.462,65.62,75.505,0.009,0.0,0,0.0,0.0,65.331
0.0,0.0,0.0,100.0,0.0,0.0,0,7.105,-19.294,26.4,75.475,65.344,60.457,65.617,75.475,0.009,0.0,0,0.0,0.0,65.344
0.0,0.0,0.0,100.0,0.0,0.0,0,7.105,-19.294,26.4,75.445,65.435,60.451,65.616,75.445,0.009,0.0,0,0.0,0.0,65.435
0.0,0.0,0.0,100.0,0.0,0.0,0,7.105,-19.294,26.4,75.415,65.449,60.446,65.614,75.415,0.009,0.0,0,0.0,0.0,65.449
0.0,0.0,0.0,100.0,0.0,0.0,0,7.105,-19.294,26.4,75.385,65.36,60.44,65.613,75.385,0.009,0.0,0,0.0,0.0,65.36
0.0,0.0,0.0,100.0,0.0,0.0,0,7.105,-19.294,26.4,75.356,65.462,60.435,65.611,75.356,0.009,0.0,0,0.0,0.0,65.462
0.0,0.0,0.0,100.0,0.0,0.0,0,7.105,-19.294,26.4,75.326,65.546,60.43,65.61,75.326,0.009,0.0,0,0.0,0.0,65.546
0.0,0.0,0.0,100.0,0.0,0.0,0,7.105,-19.294,26.4,75.296,65.57,60.424,65.61,75.296,0.009,0.0,0,0.0,0.0,65.57
0.0,0.0,0.0,100.0,0.0,0.0,0,7.105,-19.294,26.4,75.267,65.553,60.419,65.61,75.267,0.009,0.0,0,0.0,0.0,65.553
0.0,0.0,0.0,100.0,0.0,0.0,0,7.105,-19.294,26.4,75.238,65.597,60.414,65.609,75.238,0.009,0.0,0,0.0,0.0,65.597
0.0,0.0,0.0,100.0,0.0,0.0,0,7.105,-19.294,26.4,75.209,65.67,60.409,65.609,75.209,0.009,0.0,0,0.0,0.0,65.67
0.0,0.0,0.0,100.0,0.0,0.0,0,7.105,-19.294,26.4,75.18,65.691,60.404,65.61,75.18,0.009,0.0,0,0.0,0.0,65.691
0.0,0.0,0.0,100.0,0.0,0.0,0,7.105,-19.294,26.4,75.15,65.827,60.399,65.611,75.15,0.009,0.0,0,0.0,0.0,65.827
0.0,0.0,0.0,100.0,0.0,0.0,0,7.105,-19.294,26.4,75.122,65.777,60.394,65.612,75.122,0.009,0.0,0,0.0,0.0,65.777
0.0,0.0,0.0,100.0,0.0,0.0,0,7.105,-19.294,26.4,75.093,65.816,60.389,65.614,75.093,0.009,0.0,0,0.0,0.0,65.816
0.0,0.0,0.0,100.0,0.0,0.0,0,7.105,-19.294,26.4,75.064,65.778,60.384,65.615,75.064,0.009,0.0,0,0.0,0.0,65.778
0.0,0.0,0.0,100.0,0.0,0.0,0,7.105,-19.294,26.4,75.035,65.7,60.38,65.616,75.035,0.009,0.0,0,0.0,0.0,65.7
0.0,0.0,0.0,100.0,0.0,0.0,0,7.105,-19.294,26.4,75.007,65.772,60.375,65.617,75.007,0.009,0.0,0,0.0,0.0,65.772
0.0,0.0,0.0,100.0,0.0,0.0,0,7.105,-19.294,26.4,74.978,65.85,60.37,65.618,74.978,0.009,0.0,0,0.0,0.0,65.85
0.0,0.0,0.0,100.0,0.0,0.0,0,7.105,-19.294,26.4,74.95,65.906,60.365,65.62,74.95,0.009,0.0,0,0.0,0.0,65.906
0.0,0.0,0.0,100.0,0.0,0.0,0,7.105,-19.294,26.4,74.922,65.94,60.361,65.622,74.922,0.009,0.0,0,0.0,0.0,65.94
0.0,0.0,0.0,100.0,0.0,0.0,0,7.105,-19.294,26.4,74.894,66.094,60.356,65.625,74.894,0.009,0.0,0,0.0,0.0,66.094
0.0,0.0,0.0,100.0,0.0,0.0,0,7.105,-19.294,26.4,74.866,66.084,60.352,65.628,74.866,0.009,0.0,0,0.0,0.0,66.084
0.0,0.0,0.0,100.0,0.0,0.0,0,7.105,-19.294,26.4,74.837,65.993,60.348,65.632,74.837,0.009,0.0,0,0.0,0.0,65.993
0.0,0.0,0.0,100.0,0.0,0.0,0,7.105,-19.294,26.4,74.81,65.98,60.343,65.634,74.81,0.009,0.0,0,0.0,0.0,65.98
0.0,0.0,0.0,100.0,0.0,0.0,0,7.105,-19.294,26.4,74.782,66.033,60.339,65.637,74.782,0.009,0.0,0,0.0,0.0,66.033
0.0,0.0,0.0,100.0,0.0,0.0,0,7.105,-19.294,26.4,74.754,66.008,60.335,65.64,74.754,0.009,0.0,0,0.0,0.0,66.008
0.0,0.0,0.0,100.0,0.0,0.0,0,7.105,-19.294,26.4,74.726,65.967,60.33,65.642,74.726,0.009,0.0,0,0.0,0.0,65.967
0.0,0.0,0.0,100.0,0.0,0.0,0,7.105,-19.294,26.4,74.699,66.035,60.326,65.645,74.699,0.009,0.0,0,0.0,0.0,66.035
0.0,0.0,0.0,100.0,0.0,0.0,0,7.105,-19.294,26.4,74.672,65.897,60.322,65.648,74.672,0.009,0.0,0,0.0,0.0,65.897
0.0,0.0,0.0,100.0,0.0,0.0,0,7.105,-19.294,26.4,74.644,65.841,60.317,65.649,74.644,0.009,0.0,0,0.0,0.0,65.841
0.0,0.0,0.0,100.0,0.0,0.0,0,7.105,-19.294,26.4,74.617,65.825,60.313,65.65,74.617,0.009,0.0,0,0.0,0.0,65.825
0.0,0.0,0.0,100.0,0.0,0.0,0,7.105,-19.294,26.4,74.59,65.792,60.309,65.652,74.59,0.009,0.0,0,0.0,0.0,65.792
0.0,0.0,0.0,100.0,0.0,0.0,0,7.105,-19.294,26.4,74.563,65.72,60.305,65.653,74.563,0.009,0.0,0,0.0,0.0,65.72
0.0,0.0,0.0,100.0,0.0,0.0,0,7.105,-19.294,26.4,74.536,65.74,60.301,65.653,74.536,0.009,0.0,0,0.0,0.0,65.74
0.0,0.0,0.0,100.0,0.0,0.0,0,7.105,-19.294,26.4,74.509,65.876,60.297,65.654,74.509,0.009,0.0,0,0.0,0.0,65.876
0.0,0.0,0.0,100.0,0.0,0.0,0,7.105,-19.294,26.4,74.482,65.974,60.293,65.656,74.482,0.009,0.0,0,0.0,0.0,65.974
0.0,0.0,0.0,100.0,0.0,0.0,0,7.105,-19.294,26.4,74.455,66.068,60.289,65.659,74.455,0.009,0.0,0,0.0,0.0,66.068
0.0,0.0,0.0,100.0,0.0,0.0,0,7.105,-19.294,26.4,74.429,66.031,60.285,65.662,74.429,0.009,0.0,0,0.0,0.0,66.031
0.0,0.0,0.0,100.0,0.0,0.0,0,7.105,-19.294,26.4,74.402,65.942,60.281,65.664,74.402,0.009,0.0,0,0.0,0.0,65.942
0.0,0.0,0.0,100.0,0.0,0.0,0,7.105,-19.294,26.4,74.375,65.848,60.277,65.666,74.375,0.009,0.0,0,0.0,0.0,65.848
0.0,0.0,0.0,100.0,0.0,0.0,0,7.105,-19.294,26.4,74.349,65.84,60.273,65.667,74.349,0.009,0.0,0,0.0,0.0,65.84
0.0,0.0,0.0,100.0,0.0,0.0,0,7.105,-19.294,26.4,74.323,65.788,60.269,65.668,74.323,0.009,0.0,0,0.0,0.0,65.788
0.0,0.0,0.0,100.0,0.0,0.0,0,7.105,-19.294,26.4,74.296,65.898,60.265,65.669,74.296,0.009,0.0,0,0.0,0.0,65.898
0.0,0.0,0.0,100.0,0.0,0.0,0,7.105,-19.294,26.4,74.27,65.883,60.261,65.671,74.27,0.009,0.0,0,0.0,0.0,65.883
0.0,0.0,0.0,100.0,0.0,0.0,0,7.105,-19.294,26.4,74.244,65.857,60.258,65.673,74.244,0.009,0.0,0,0.0,0.0,65.857
0.0,0.0,0.0,100.0,0.0,0.0,0,7.105,-19.294,26.4,74.218,65.922,60.254,65.674,74.218,0.009,0.0,0,0.0,0.0,65.922
0.0,0.0,0.0,100.0,0.0,0.0,0,7.105,-19.294,26.4,74.192,65.911,60.25,65.676,74.192,0.009,0.0,0,0.0,0.0,65.911
0.0,0.0,0.0,100.0,0.0,0.0,0,7.105,-19.294,26.4,74.166,66.027,60.247,65.678,74.166,0.009,0.0,0,0.0,0.0,66.027
0.0,0.0,0.0,100.0,0.0,0.0,0,7.105,-19.294,26.4,74.141,65.946,60.243,65.681,74.141,0.009,0.0,0,0.0,0.0,65.946
0.0,0.0,0.0,100.0,0.0,0.0,0,7.105,-19.294,26.4,74.115,65.88,60.239,65.682,74.115,0.009,0.0,0,0.0,0.0,65.88
0.0,0.0,0.0,100.0,0.0,0.0,0,7.105,-19.294,26.4,74.09,65.871,60.236,65.684,74.09,0.009,0.0,0,0.0,0.0,65.871
0.0,0.0,0.0,100.0,0.0,0.0,0,7.105,-19.294,26.4,74.064,65.989,60.232,65.685,74.064,0.009,0.0,0,0.0,0.0,65.989
0.0,0.0,0.0,100.0,0.0,0.0,0,7.105,-19.294,26.4,74.039,65.987,60.228,65.688,74.039,0.009,0.0,0,0.0,0.0,65.987
0.0,0.0,0.0,100.0,0.0,0.0,0,7.105,-19.294,26.4,74.013,66.017,60.225,65.69,74.013,0.009,0.0,0,0.0,0.0,66.017
0.0,0.0,0.0,100.0,0.0,0.0,0,7.105,-19.294,26.4,73.988,65.973,60.222,65.692,73.988,0.009,0.0,0,0.0,0.0,65.973
0.0,0.0,0.0,100.0,0.0,0.0,0,7.105,-19.294,26.4,73.963,65.964,60.218,65.694,73.963,0.009,0.0,0,0.0,0.0,65.964
0.0,0.0,0.0,100.0,0.0,0.0,0,7.105,-19.294,26.4,73.938,65.978,60.215,65.696,73.938,0.009,0.0,0,0.0,0.0,65.978
0.0,0.0,0.0,100.0,0.0,0.0,0,7.105,-19.294,26.4,73.913,66.078,60.211,65.699,73.913,0.009,0.0,0,0.0,0.0,66.078
0.0,0.0,0.0,100.0,0.0,0.0,0,7.105,-19.294,26.4,73.888,66.158,60.208,65.702,73.888,0.009,0.0,0,0.0,0.0,66.158
0.0,0.0,0.0,100.0,0.0,0.0,0,7.105,-19.294,26.4,73.863,66.167,60.205,65.705,73.863,0.009,0.0,0,0.0,0.0,66.167
0.0,0.0,0.0,100.0,0.0,0.0,0,7.105,-19.294,26.4,73.839,66.115,60.201,65.708,73.839,0.009,0.0,0,0.0,0.0,66.115
0.0,0.0,0.0,100.0,0.0,0.0,0,7.105,-19.294,26.4,73.814,66.124,60.198,65.711,73.814,0.009,0.0,0,0.0,0.0,66.124
0.0,0.0,0.0,100.0,0.0,0.0,0,7.105,-19.294,26.4,73.789,66.157,60.195,65.714,73.789,0.009,0.0,0,0.0,0.0,66.157
0.0,0.0,0.0,100.0,0.0,0.0,0,7.105,-19.294,26.4,73.765,66.256,60.192,65.718,73.765,0.009,0.0,0,0.0,0.0,66.256
0.0,0.0,0.0,100.0,0.0,0.0,0,7.105,-19.294,26.4,73.741,66.407,60.188,65.722,73.741,0.009,0.0,0,0.0,0.0,66.407
0.0,0.0,0.0,100.0,0.0,0.0,0,7.105,-19.294,26.4,73.716,66.29,60.185,65.727,73.716,0.009,0.0,0,0.0,0.0,66.29
0.0,0.0,0.0,100.0,0.0,0.0,0,7.105,-19.294,26.4,73.692,66.304,60.182,65.731,73.692,0.009,0.0,0,0.0,0.0,66.304
0.0,0.0,0.0,100.0,0.0,0.0,0,7.105,-19.294,26.4,73.668,66.231,60.179,65.735,73.668,0.009,0.0,0,0.0,0.0,66.231
0.0,0.0,0.0,100.0,0.0,0.0,0,7.105,-19.294,26.4,73.644,66.17,60.176,65.739,73.644,0.009,0.0,0,0.0,0.0,66.17
0.0,0.0,0.0,100.0,0.0,0.0,0,7.105,-19.294,26.4,73.62,66.113,60.173,65.742,73.62,0.009,0.0,0,0.0,0.0,66.113
0.0,0.0,0.0,100.0,0.0,0.0,0,7.105,-19.294,26.4,73.596,66.155,60.17,65.745,73.596,0.009,0.0,0,0.0,0.0,66.155
0.0,0.0,0.0,100.0,0.0,0.0,0,7.105,-19.294,26.4,73.572,66.211,60.167,65.748,73.572,0.009,0.0,0,0.0,0.0,66.211
0.0,0.0,0.0,100.0,0.0,0.0,0,7.105,-19.294,26.4,73.549,66.266,60.164,65.751,73.549,0.009,0.0,0,0.0,0.0,66.266
0.0,0.0,0.0,100.0,0.0,0.0,0,7.105,-19.294,26.4,73.525,66.29,60.16,65.755,73.525,0.009,0.0,0,0.0,0.0,66.29
0.0,0.0,0.0,100.0,0.0,0.0,0,7.105,-19.294,26.4,73.501,66.256,60.157,65.759,73.501,0.009,0.0,0,0.0,0.0,66.256
0.0,0.0,0.0,100.0,0.0,0.0,0,7.105,-19.294,26.4,73.478,66.314,60.155,65.763,73.478,0.009,0.0,0,0.0,0.0,66.314
0.0,0.0,0.0,100.0,0.0,0.0,0,7.105,-19.294,26.4,73.455,66.411,60.152,65.767,73.455,0.009,0.0,0,0.0,0.0,66.411
0.0,0.0,0.0,100.0,0.0,0.0,0,7.105,-19.294,26.4,73.431,66.324,60.149,65.772,73.431,0.009,0.0,0,0.0,0.0,66.324
0.0,0.0,0.0,100.0,0.0,0.0,0,7.105,-19.294,26.4,73.408,66.242,60.146,65.776,73.408,0.009,0.0,0,0.0,0.0,66.242
0.0,0.0,0.0,100.0,0.0,0.0,0,7.105,-19.294,26.4,73.385,66.221,60.143,65.779,73.385,0.009,0.0,0,0.0,0.0,66.221
0.0,0.0,0.0,100.0,0.0,0.0,0,7.105,-19.294,26.4,73.362,66.159,60.14,65.782,73.362,0.009,0.0,0,0.0,0.0,66.159
0.0,0.0,0.0,100.0,0.0,0.0,0,7.105,-19.294,26.4,73.339,65.997,60.137,65.785,73.339,0.009,0.0,0,0.0,0.0,65.997
0.0,0.0,0.0,100.0,0.0,0.0,0,7.105,-19.294,26.4,73.316,66.078,60.134,65.786,73.316,0.009,0.0,0,0.0,0.0,66.078
0.0,0.0,0.0,100.0,0.0,0.0,0,7.105,-19.294,26.4,73.293,66.067,60.131,65.789,73.293,0.009,0.0,0,0.0,0.0,66.067
0.0,0.0,0.0,100.0,0.0,0.0,0,7.105,-19.294,26.4,73.27,65.927,60.128,65.79,73.27,0.009,0.0,0,0.0,0.0,65.927
0.0,0.0,0.0,100.0,0.0,0.0,0,7.105,-19.294,26.4,73.248,65.921,60.125,65.791,73.248,0.009,0.0,0,0.0,0.0,65.921
0.0,0.0,0.0,100.0,0.0,0.0,0,7.105,-19.294,26.4,73.225,66.029,60.122,65.792,73.225,0.009,0.0,0,0.0,0.0,66.029
0.0,0.0,0.0,100.0,0.0,0.0,0,7.105,-19.294,26.4,73.203,65.962,60.119,65.794,73.203,0.009,0.0,0,0.0,0.0,65.962
0.0,0.0,0.0,100.0,0.0,0.0,0,7.105,-19.294,26.4,73.18,65.904,60.117,65.795,73.18,0.009,0.0,0,0.0,0.0,65.904
0.0,0.0,0.0,100.0,0.0,0.0,0,7.105,-19.294,26.4,73.158,65.748,60.114,65.796,73.158,0.009,0.0,0,0.0,0.0,65.748
0.0,0.0,0.0,100.0,0.0,0.0,0,7.105,-19.294,26.4,73.135,65.747,60.111,65.795,73.135,0.009,0.0,0,0.0,0.0,65.747
0.0,0.0,0.0,100.0,0.0,0.0,0,7.105,-19.294,26.4,73.113,65.688,60.108,65.795,73.113,0.009,0.0,0,0.0,0.0,65.688
0.0,0.0,0.0,100.0,0.0,0.0,0,7.105,-19.294,26.4,73.091,65.648,60.105,65.794,73.091,0.009,0.0,0,0.0,0.0,65.648
0.0,0.0,0.0,100.0,0.0,0.0,0,7.105,-19.294,26.4,73.069,65.548,60.102,65.793,73.069,0.009,0.0,0,0.0,0.0,65.548
0.0,0.0,0.0,100.0,0.0,0.0,0,7.105,-19.294,26.4,73.047,65.452,60.099,65.791,73.047,0.009,0.0,0,0.0,0.0,65.452
0.0,0.0,0.0,100.0,0.0,0.0,0,7.105,-19.294,26.4,73.025,65.431,60.096,65.788,73.025,0.009,0.0,0,0.0,0.0,65.431
0.0,0.0,0.0,100.0,0.0,0.0,0,7.105,-19.294,26.4,73.003,65.302,60.093,65.785,73.003,0.009,0.0,0,0.0,0.0,65.302
0.0,0.0,0.0,100.0,0.0,0.0,0,7.105,-19.294,26.4,72.981,65.168,60.09,65.781,72.981,0.009,0.0,0,0.0,0.0,65.168
0.0,0.0,0.0,100.0,0.0,0.0,0,7.105,-19.294,26.4,72.959,65.137,60.087,65.776,72.959,0.009,0.0,0,0.0,0.0,65.137
0.0,0.0,0.0,100.0,0.0,0.0,0,7.105,-19.294,26.4,72.937,65.136,60.084,65.772,72.937,0.009,0.0,0,0.0,0.0,65.136
0.0,0.0,0.0,100.0,0.0,0.0,0,7.105,-19.294,26.4,72.916,65.187,60.081,65.767,72.916,0.009,0.0,0,0.0,0.0,65.187
0.0,0.0,0.0,100.0,0.0,0.0,0,7.105,-19.294,26.4,72.894,65.162,60.078,65.763,72.894,0.009,0.0,0,0.0,0.0,65.162
0.0,0.0,0.0,100.0,0.0,0.0,0,7.105,-19.294,26.4,72.872,65.124,60.075,65.758,72.872,0.009,0.0,0,0.0,0.0,65.124
0.0,0.0,0.0,100.0,0.0,0.0,0,7.105,-19.294,26.4,72.851,65.103,60.072,65.754,72.851,0.009,0.0,0,0.0,0.0,65.103
0.0,0.0,0.0,100.0,0.0,0.0,0,7.105,-19.294,26.4,72.829,65.103,60.07,65.749,72.829,0.009,0.0,0,0.0,0.0,65.103
0.0,0.0,0.0,100.0,0.0,0.0,0,7.105,-19.294,26.4,72.808,65.053,60.067,65.744,72.808,0.009,0.0,0,0.0,0.0,65.053
0.0,0.0,0.0,100.0,0.0,0.0,0,7.105,-19.294,26.4,72.786,65.077,60.064,65.739,72.786,0.009,0.0,0,0.0,0.0,65.077
0.0,0.0,0.0,100.0,0.0,0.0,0,7.105,-19.294,26.4,72.765,65.132,60.061,65.734,72.765,0.009,0.0,0,0.0,0.0,65.132
0.0,0.0,0.0,100.0,0.0,0.0,0,7.105,-19.294,26.4,72.744,65.17,60.058,65.73,72.744,0.009,0.0,0,0.0,0.0,65.17
0.0,0.0,0.0,100.0,0.0,0.0,0,7.105,-19.294,26.4,72.722,65.19,60.055,65.726,72.722,0.009,0.0,0,0.0,0.0,65.19
0.0,0.0,0.0,100.0,0.0,0.0,0,7.105,-19.294,26.4,72.701,65.209,60.052,65.722,72.701,0.009,0.0,0,0.0,0.0,65.209
0.0,0.0,0.0,100.0,0.0,0.0,0,7.105,-19.294,26.4,72.68,65.193,60.05,65.718,72.68,0.009,0.0,0,0.0,0.0,65.193
0.0,0.0,0.0,100.0,0.0,0.0,0,7.105,-19.294,26.4,72.659,65.223,60.047,65.714,72.659,0.009,0.0,0,0.0,0.0,65.223
0.0,0.0,0.0,100.0,0.0,0.0,0,7.105,-19.294,26.4,72.638,65.24,60.044,65.71,72.638,0.009,0.0,0,0.0,0.0,65.24
0.0,0.0,0.0,100.0,0.0,0.0,0,7.105,-19.294,26.4,72.617,65.358,60.041,65.707,72.617,0.009,0.0,0,0.0,0.0,65.358
0.0,0.0,0.0,100.0,0.0,0.0,0,7.105,-19.294,26.4,72.596,65.393,60.039,65.705,72.596,0.009,0.0,0,0.0,0.0,65.393
0.0,0.0,0.0,100.0,0.0,0.0,0,7.105,-19.294,26.4,72.575,65.328,60.036,65.702,72.575,0.009,0.0,0,0.0,0.0,65.328
0.0,0.0,0.0,100.0,0.0,0.0,0,7.105,-19.294,26.4,72.554,65.286,60.033,65.699,72.554,0.009,0.0,0,0.0,0.0,65.286
0.0,0.0,0.0,100.0,0.0,0.0,0,7.105,-19.294,26.4,72.533,65.248,60.031,65.696,72.533,0.009,0.0,0,0.0,0.0,65.248
0.0,0.0,0.0,100.0,0.0,0.0,0,7.105,-19.294,26.4,72.513,65.277,60.028,65.693,72.513,0.009,0.0,0,0.0,0.0,65.277
0.0,0.0,0.0,100.0,0.0,0.0,0,7.105,-19.294,26.4,72.492,65.301,60.025,65.69,72.492,0.009,0.0,0,0.0,0.0,65.301
0.0,0.0,0.0,100.0,0.0,0.0,0,7.105,-19.294,26.4,72.471,65.257,60.023,65.687,72.471,0.009,0.0,0,0.0,0.0,65.257
0.0,0.0,0.0,100.0,0.0,0.0,0,7.105,-19.294,26.4,72.451,65.135,60.02,65.684,72.451,0.009,0.0,0,0.0,0.0,65.135
0.0,0.0,0.0,100.0,0.0,0.0,0,7.105,-19.294,26.4,72.43,65.059,60.018,65.679,72.43,0.009,0.0,0,0.0,0.0,65.059
0.0,0.0,0.0,100.0,0.0,0.0,0,7.105,-19.294,26.4,72.41,64.907,60.015,65.674,72.41,0.009,0.0,0,0.0,0.0,64.907
0.0,0.0,0.0,100.0,0.0,0.0,0,7.105,-19.294,26.4,72.389,64.773,60.012,65.668,72.389,0.009,0.0,0,0.0,0.0,64.773
0.0,0.0,0.0,100.0,0.0,0.0,0,7.105,-19.294,26.4,72.369,64.712,60.009,65.661,72.369,0.009,0.0,0,0.0,0.0,64.712
0.0,0.0,0.0,100.0,0.0,0.0,0,7.105,-19.294,26.4,72.348,64.642,60.007,65.654,72.348,0.009,0.0,0,0.0,0.0,64.642
0.0,0.0,0.0,100.0,0.0,0.0,0,7.105,-19.294,26.4,72.328,64.613,60.004,65.647,72.328,0.009,0.0,0,0.0,0.0,64.613
0.0,0.0,0.0,100.0,0.0,0.0,0,7.105,-19.294,26.4,72.308,64.692,60.001,65.639,72.308,0.009,0.0,0,0.0,0.0,64.692
0.0,0.0,0.0,100.0,0.0,0.0,0,7.105,-19.294,26.4,72.288,64.791,59.998,65.632,72.288,0.009,0.0,0,0.0,0.0,64.791
0.0,0.0,0.0,100.0,0.0,0.0,0,7.105,-19.294,26.4,72.267,64.721,59.996,65.626,72.267,0.009,0.0,0,0.0,0.0,64.721
0.0,0.0,0.0,100.0,0.0,0.0,0,7.105,-19.294,26.4,72.247,64.608,59.993,65.619,72.247,0.009,0.0,0,0.0,0.0,64.608
0.0,0.0,0.0,100.0,0.0,0.0,0,7.105,-19.294,26.4,72.227,64.598,59.99,65.612,72.227,0.009,0.0,0,0.0,0.0,64.598
0.0,0.0,0.0,100.0,0.0,0.0,0,7.105,-19.294,26.4,72.207,64.549,59.987,65.604,72.207,0.009,0.0,0,0.0,0.0,64.549
0.0,0.0,0.0,100.0,0.0,0.0,0,7.105,-19.294,26.4,72.187,64.561,59.985,65.596,72.187,0.009,0.0,0,0.0,0.0,64.561
0.0,0.0,0.0,100.0,0.0,0.0,0,7.105,-19.294,26.4,72.167,64.517,59.982,65.588,72.167,0.009,0.0,0,0.0,0.0,64.517
0.0,0.0,0.0,100.0,0.0,0.0,0,7.105,-19.294,26.4,72.147,64.442,59.979,65.58,72.147,0.009,0.0,0,0.0,0.0,64.442
0.0,0.0,0.0,100.0,0.0,0.0,0,7.105,-19.294,26.4,72.127,64.468,59.977,65.572,72.127,0.009,0.0,0,0.0,0.0,64.468
0.0,0.0,0.0,100.0,0.0,0.0,0,7.105,-19.294,26.4,72.107,64.428,59.974,65.564,72.107,0.009,0.0,0,0.0,0.0,64.428
0.0,0.0,0.0,100.0,0.0,0.0,0,7.105,-19.294,26.4,72.087,64.339,59.971,65.555,72.087,0.009,0.0,0,0.0,0.0,64.339
0.0,0.0,0.0,100.0,0.0,0.0,0,7.105,-19.294,26.4,72.068,64.266,59.969,65.546,72.068,0.009,0.0,0,0.0,0.0,64.266
0.0,0.0,0.0,100.0,0.0,0.0,0,7.105,-19.294,26.4,72.048,64.162,59.966,65.536,72.048,0.009,0.0,0,0.0,0.0,64.162
0.0,0.0,0.0,100.0,0.0,0.0,0,7.105,-19.294,26.4,72.028,64.068,59.963,65.526,72.028,0.009,0.0,0,0.0,0.0,64.068
0.0,0.0,0.0,100.0,0.0,0.0,0,7.105,-19.294,26.4,72.008,64.01,59.96,65.515,72.008,0.009,0.0,0,0.0,0.0,64.01
0.0,0.0,0.0,100.0,0.0,0.0,0,7.105,-19.294,26.4,71.989,63.957,59.957,65.504,71.989,0.009,0.0,0,0.0,0.0,63.957
0.0,0.0,0.0,100.0,0.0,0.0,0,7.105,-19.294,26.4,71.969,63.888,59.955,65.492,71.969,0.009,0.0,0,0.0,0.0,63.888
0.0,0.0,0.0,100.0,0.0,0.0,0,7.105,-19.294,26.4,71.949,63.799,59.952,65.48,71.949,0.009,0.0,0,0.0,0.0,63.799
0.0,0.0,0.0,100.0,0.0,0.0,0,7.105,-19.294,26.4,71.93,63.724,59.949,65.467,71.93,0.009,0.0,0,0.0,0.0,63.724
0.0,0.0,0.0,100.0,0.0,0.0,0,7.105,-19.294,26.4,71.91,63.67,59.946,65.454,71.91,0.009,0.0,0,0.0,0.0,63.67
0.0,0.0,0.0,100.0,0.0,0.0,0,7.105,-19.294,26.4,71.89,63.582,59.943,65.441,71.89,0.009,0.0,0,0.0,0.0,63.582
0.0,0.0,0.0,100.0,0.0,0.0,0,7.105,-19.294,26.4,71.871,63.539,59.941,65.427,71.871,0.009,0.0,0,0.0,0.0,63.539
0.0,0.0,0.0,100.0,0.0,0.0,0,7.105,-19.294,26.4,71.851,63.523,59.938,65.413,71.851,0.009,0.0,0,0.0,0.0,63.523
0.0,0.0,0.0,100.0,0.0,0.0,0,7.105,-19.294,26.4,71.832,63.427,59.935,65.399,71.832,0.009,0.0,0,0.0,0.0,63.427
0.0,0.0,0.0,100.0,0.0,0.0,0,7.105,-19.294,26.4,71.812,63.28,59.932,65.384,71.812,0.009,0.0,0,0.0,0.0,63.28
0.0,0.0,0.0,100.0,0.0,0.0,0,7.105,-19.294,26.4,71.793,63.266,59.929,65.368,71.793,0.009,0.0,0,0.0,0.0,63.266
0.0,0.0,0.0,100.0,0.0,0.0,0,7.105,-19.294,26.4,71.773,63.187,59.926,65.352,71.773,0.009,0.0,0,0.0,0.0,63.187
0.0,0.0,0.0,100.0,0.0,0.0,0,7.105,-19.294,26.4,71.754,63.157,59.923,65.336,71.754,0.009,0.0,0,0.0,0.0,63.157
0.0,0.0,0.0,100.0,0.0,0.0,0,7.105,-19.294,26.4,71.734,63.175,59.921,65.32,71.734,0.009,0.0,0,0.0,0.0,63.175
0.0,0.0,0.0,100.0,0.0,0.0,0,7.105,-19.294,26.4,71.715,63.146,59.918,65.304,71.715,0.009,0.0,0,0.0,0.0,63.146
0.0,0.0,0.0,100.0,0.0,0.0,0,7.105,-19.294,26.4,71.695,63.105,59.915,65.288,71.695,0.009,0.0,0,0.0,0.0,63.105
0.0,0.0,0.0,100.0,0.0,0.0,0,7.105,-19.294,26.4,71.676,63.149,59.912,65.272,71.676,0.009,0.0,0,0.0,0.0,63.149
0.0,0.0,0.0,100.0,0.0,0.0,0,7.105,-19.294,26.4,71.656,63.208,59.909,65.256,71.656,0.009,0.0,0,0.0,0.0,63.208
0.0,0.0,0.0,100.0,0.0,0.0,0,7.105,-19.294,26.4,71.637,63.185,59.906,65.241,71.637,0.009,0.0,0,0.0,0.0,63.185
0.0,0.0,0.0,100.0,0.0,0.0,0,7.105,-19.294,26.4,71.617,63.081,59.903,65.226,71.617,0.009,0.0,0,0.0,0.0,63.081
0.0,0.0,0.0,100.0,0.0,0.0,0,7.105,-19.294,26.4,71.598,63.018,59.901,65.21,71.598,0.009,0.0,0,0.0,0.0,63.018
0.0,0.0,0.0,100.0,0.0,0.0,0,7.105,-19.294,26.4,71.579,63.012,59.898,65.193,71.579,0.009,0.0,0,0.0,0.0,63.012
0.0,0.0,0.0,100.0,0.0,0.0,0,7.105,-19.294,26.4,71.559,63.047,59.895,65.177,71.559,0.009,0.0,0,0.0,0.0,63.047
0.0,0.0,0.0,100.0,0.0,0.0,0,7.105,-19.294,26.4,71.54,63.034,59.892,65.161,71.54,0.009,0.0,0,0.0,0.0,63.034
0.0,0.0,0.0,100.0,0.0,0.0,0,7.105,-19.294,26.4,71.521,63.045,59.889,65.146,71.521,0.009,0.0,0,0.0,0.0,63.045
0.0,0.0,0.0,100.0,0.0,0.0,0,7.105,-19.294,26.4,71.501,63.115,59.887,65.13,71.501,0.009,0.0,0,0.0,0.0,63.115
0.0,0.0,0.0,100.0,0.0,0.0,0,7.105,-19.294,26.4,71.482,63.108,59.884,65.115,71.482,0.009,0.0,0,0.0,0.0,63.108
0.0,0.0,0.0,100.0,0.0,0.0,0,7.105,-19.294,26.4,71.462,63.089,59.881,65.1,71.462,0.009,0.0,0,0.0,0.0,63.089
0.0,0.0,0.0,100.0,0.0,0.0,0,7.105,-19.294,26.4,71.443,63.04,59.878,65.085,71.443,0.009,0.0,0,0.0,0.0,63.04
0.0,0.0,0.0,100.0,0.0,0.0,0,7.105,-19.294,26.4,71.424,62.967,59.876,65.07,71.424,0.009,0.0,0,0.0,0.0,62.967
0.0,0.0,0.0,100.0,0.0,0.0,0,7.105,-19.294,26.4,71.405,62.959,59.873,65.054,71.405,0.009,0.0,0,0.0,0.0,62.959
0.0,0.0,0.0,100.0,0.0,0.0,0,7.105,-19.294,26.4,71.385,62.961,59.87,65.039,71.385,0.009,0.0,0,0.0,0.0,62.961
0.0,0.0,0.0,100.0,0.0,0.0,0,7.105,-19.294,26.4,71.366,62.945,59.867,65.024,71.366,0.009,0.0,0,0.0,0.0,62.945
0.0,0.0,0.0,100.0,0.0,0.0,0,7.105,-19.294,26.4,71.347,62.908,59.865,65.008,71.347,0.009,0.0,0,0.0,0.0,62.908
0.0,0.0,0.0,100.0,0.0,0.0,0,7.105,-19.294,26.4,71.327,62.937,59.862,64.993,71.327,0.009,0.0,0,0.0,0.0,62.937
0.0,0.0,0.0,100.0,0.0,0.0,0,7.105,-19.294,26.4,71.308,62.943,59.859,64.977,71.308,0.009,0.0,0,0.0,0.0,62.943
0.0,0.0,0.0,100.0,0.0,0.0,0,7.105,-19.294,26.4,71.289,62.942,59.857,64.962,71.289,0.009,0.0,0,0.0,0.0,62.942
0.0,0.0,0.0,100.0,0.0,0.0,0,7.105,-19.294,26.4,71.27,62.943,59.854,64.947,71.27,0.009,0.0,0,0.0,0.0,62.943
0.0,0.0,0.0,100.0,0.0,0.0,0,7.105,-19.294,26.4,71.251,62.93,59.851,64.932,71.251,0.009,0.0,0,0.0,0.0,62.93
0.0,0.0,0.0,100.0,0.0,0.0,0,7.105,-19.294,26.4,71.232,62.834,59.849,64.918,71.232,0.009,0.0,0,0.0,0.0,62.834
0.0,0.0,0.0,100.0,0.0,0.0,0,7.105,-19.294,26.4,71.212,62.658,59.846,64.902,71.212,0.009,0.0,0,0.0,0.0,62.658
0.0,0.0,0.0,100.0,0.0,0.0,0,7.105,-19.294,26.4,71.193,62.539,59.843,64.885,71.193,0.009,0.0,0,0.0,0.0,62.539
0.0,0.0,0.0,100.0,0.0,0.0,0,7.105,-19.294,26.4,71.174,62.448,59.84,64.867,71.174,0.009,0.0,0,0.0,0.0,62.448
0.0,0.0,0.0,100.0,0.0,0.0,0,7.105,-19.294,26.4,71.155,62.389,59.838,64.849,71.155,0.009,0.0,0,0.0,0.0,62.389
0.0,0.0,0.0,100.0,0.0,0.0,0,7.105,-19.294,26.4,71.136,62.364,59.835,64.831,71.136,0.009,0.0,0,0.0,0.0,62.364
0.0,0.0,0.0,100.0,0.0,0.0,0,7.105,-19.294,26.4,71.117,62.43,59.832,64.813,71.117,0.009,0.0,0,0.0,0.0,62.43
0.0,0.0,0.0,100.0,0.0,0.0,0,7.105,-19.294,26.4,71.097,62.427,59.829,64.795,71.097,0.009,0.0,0,0.0,0.0,62.427
0.0,0.0,0.0,100.0,0.0,0.0,0,7.105,-19.294,26.4,71.078,62.325,59.826,64.777,71.078,0.009,0.0,0,0.0,0.0,62.325
0.0,40.0,40.0,60.0,40.0,18.82,0,288.98,191.395,26.4,67.674,72.542,73.574,65.159,67.562,0.09,0.179,0,83.019,66.415,62.277
0.0,36.046,56.0,44.0,56.0,189.12,0,933.745,571.43,550.431,46.096,66.898,73.508,65.828,45.638,0.302,0.788,0,100.0,80.0,62.292
22.229,0.0,40.0,60.0,40.0,764.29,0,1805.056,1184.512,497.339,62.835,70.331,73.391,68.929,61.794,0.606,1.771,0,100.0,80.0,62.28
0.0,16.0,72.0,28.0,72.0,1872.91,0,2501.33,1379.687,2160.189,67.743,63.752,73.292,66.708,65.802,1.092,3.122,0,100.0,80.0,62.244
0.0,57.844,100.0,0.0,100.0,3310.75,0,3074.016,1732.312,3061.485,53.499,62.269,73.03,63.018,50.442,1.752,4.475,0,96.084,76.867,62.225
0.0,9.844,100.0,0.0,100.0,2980.83,0,2963.083,1685.86,2950.992,62.464,62.236,72.775,62.41,59.271,1.616,4.181,0,92.848,74.278,62.193
0.0,53.27,100.0,0.0,100.0,2950.12,0,2952.294,1681.275,2940.256,54.783,62.146,72.561,62.207,51.611,1.603,4.154,0,92.535,74.028,62.103
0.0,38.734,100.0,0.0,100.0,2947.17,0,2951.256,1680.84,2939.218,62.106,62.183,72.334,62.174,58.941,1.602,4.151,0,92.505,74.004,62.141
0.0,31.802,100.0,0.0,100.0,2917.64,0,2932.547,1673.162,2920.579,59.684,62.22,72.071,62.206,56.525,1.616,4.139,0,92.309,73.847,62.18
0.0,57.993,100.0,0.0,100.0,2507.89,0,2696.848,1570.216,2685.83,53.859,62.308,71.89,62.273,50.819,1.688,3.889,0,88.968,71.175,62.269
0.0,19.671,100.0,0.0,100.0,1658.56,0,2142.958,1273.078,2134.194,59.73,62.253,71.734,62.276,57.078,1.717,3.192,0,80.126,64.1,62.214
0.0,53.333,100.0,0.0,100.0,1111.35,0,1639.634,989.91,1632.923,49.728,62.227,71.696,62.244,47.463,1.644,2.585,0,72.625,58.1,62.188
0.0,5.333,100.0,0.0,100.0,822.073,0,1173.76,716.331,1168.953,57.169,62.195,71.733,62.227,54.98,1.576,2.172,0,68.506,54.805,62.155
0.0,39.761,100.0,0.0,100.0,725.679,0,996.494,613.114,992.411,57.643,62.143,71.733,62.192,55.357,1.54,2.029,0,67.259,53.807,62.104
0.0,46.45,100.0,0.0,100.0,723.018,0,996.753,613.351,992.67,56.962,62.073,71.633,62.141,54.665,1.535,2.024,0,67.155,53.724,62.034
0.0,46.448,100.0,0.0,100.0,722.939,0,996.859,613.418,992.774,56.764,61.981,71.531,62.069,54.466,1.534,2.023,0,67.151,53.721,61.941
0.0,25.811,100.0,0.0,100.0,722.937,0,996.864,613.42,992.779,55.227,62.003,71.417,62.018,52.929,1.534,2.023,0,67.151,53.72,61.965
0.0,39.191,100.0,0.0,100.0,722.936,0,996.864,613.42,992.779,57.008,61.994,71.309,62.008,54.71,1.534,2.023,0,67.151,53.72,61.955
0.0,35.857,100.0,0.0,100.0,715.023,0,979.056,602.189,975.045,52.428,61.974,71.188,61.993,50.122,1.536,2.014,0,67.116,53.693,61.936
0.0,20.989,100.0,0.0,100.0,691.425,0,944.043,580.126,940.174,56.392,61.958,71.061,61.978,54.071,1.535,1.994,0,67.0,53.6,61.921
0.0,46.196,100.0,0.0,100.0,657.699,0,907.769,557.299,904.05,56.895,61.874,70.958,61.943,54.591,1.535,1.972,0,66.866,53.493,61.836
0.0,17.976,100.0,0.0,100.0,624.264,0,871.165,534.29,867.596,53.171,61.847,70.853,61.893,50.89,1.535,1.951,0,66.721,53.377,61.809
0.0,20.86,100.0,0.0,100.0,590.949,0,834.022,510.974,830.604,56.096,61.813,70.758,61.858,53.841,1.534,1.929,0,66.564,53.251,61.776
0.0,38.068,100.0,0.0,100.0,559.753,0,798.75,488.861,795.478,55.764,61.812,70.681,61.833,53.534,1.534,1.908,0,66.397,53.118,61.776
0.0,34.227,100.0,0.0,100.0,557.946,0,797.447,488.043,794.181,54.872,61.696,70.624,61.794,52.654,1.531,1.904,0,66.348,53.079,61.659
0.0,27.75,100.0,0.0,100.0,557.952,0,797.489,488.069,794.223,54.679,61.698,70.565,61.737,52.462,1.531,1.904,0,66.347,53.077,61.661
0.0,26.148,100.0,0.0,100.0,557.952,0,797.491,488.071,794.225,54.811,61.656,70.505,61.708,52.595,1.531,1.904,0,66.346,53.077,61.62
0.0,26.697,100.0,0.0,100.0,557.952,0,797.491,488.071,794.225,54.852,61.567,70.447,61.657,52.635,1.531,1.904,0,66.346,53.077,61.531
0.0,26.118,100.0,0.0,100.0,557.952,0,797.491,488.071,794.225,54.73,61.507,70.389,61.591,52.514,1.531,1.904,0,66.346,53.077,61.47
0.0,24.254,100.0,0.0,100.0,557.952,0,797.491,488.071,794.225,54.621,61.502,70.331,61.542,52.404,1.531,1.904,0,66.346,53.077,61.466
0.0,22.743,100.0,0.0,100.0,557.952,0,797.491,488.071,794.225,54.653,61.472,70.274,61.514,52.436,1.531,1.904,0,66.346,53.077,61.436
0.0,22.667,100.0,0.0,100.0,557.952,0,797.491,488.071,794.225,54.778,61.421,70.217,61.479,52.562,1.531,1.904,0,66.346,53.077,61.385
0.0,23.291,100.0,0.0,100.0,557.952,0,797.491,488.071,794.225,54.84,61.318,70.161,61.422,52.624,1.531,1.904,0,66.346,53.077,61.281
0.0,23.233,100.0,0.0,100.0,557.952,0,797.491,488.071,794.225,54.809,61.24,70.106,61.344,52.593,1.531,1.904,0,66.346,53.077,61.204
0.0,22.54,100.0,0.0,100.0,557.952,0,797.491,488.071,794.225,54.801,61.185,70.051,61.272,52.584,1.531,1.904,0,66.346,53.077,61.148
0.0,22.399,100.0,0.0,100.0,557.952,0,797.491,488.071,794.225,54.903,61.132,69.997,61.211,52.687,1.531,1.904,0,66.346,53.077,61.095
0.0,23.459,100.0,0.0,100.0,557.952,0,797.491,488.071,794.225,55.048,61.056,69.944,61.147,52.832,1.531,1.904,0,66.346,53.077,61.02
0.0,24.839,100.0,0.0,100.0,557.952,0,797.491,488.071,794.225,55.113,61.124,69.892,61.108,52.897,1.531,1.904,0,66.346,53.077,61.088
0.0,25.452,100.0,0.0,100.0,557.952,0,797.491,488.071,794.225,55.083,61.303,69.841,61.163,52.867,1.531,1.904,0,66.346,53.077,61.268
0.0,25.298,100.0,0.0,100.0,557.952,0,797.491,488.071,794.225,55.052,61.308,69.791,61.248,52.835,1.531,1.904,0,66.346,53.077,61.274
0.0,25.269,100.0,0.0,100.0,557.952,0,797.491,488.071,794.225,55.062,61.298,69.741,61.275,52.846,1.531,1.904,0,66.346,53.077,61.263
0.0,25.476,100.0,0.0,100.0,557.952,0,797.491,488.071,794.225,55.057,61.43,69.691,61.318,52.84,1.531,1.904,0,66.346,53.077,61.396
0.0,25.4,100.0,0.0,100.0,557.952,0,797.491,488.071,794.225,55.015,61.453,69.644,61.392,52.798,1.531,1.904,0,66.346,53.077,61.419
0.0,24.997,100.0,0.0,100.0,557.952,0,797.491,488.071,794.225,54.981,61.336,69.6,61.398,52.765,1.531,1.904,0,66.346,53.077,61.302
0.0,24.628,100.0,0.0,100.0,557.952,0,797.491,488.071,794.225,54.94,61.27,69.561,61.344,52.723,1.531,1.904,0,66.346,53.077,61.236
0.0,23.893,100.0,0.0,100.0,557.952,0,797.491,488.071,794.225,54.865,61.248,69.525,61.297,52.648,1.531,1.904,0,66.346,53.077,61.214
0.0,22.927,100.0,0.0,100.0,557.952,0,797.491,488.071,794.225,54.841,61.262,69.495,61.272,52.624,1.531,1.904,0,66.346,53.077,61.228
0.0,22.578,100.0,0.0,100.0,557.952,0,797.491,488.071,794.225,54.877,61.314,69.468,61.279,52.66,1.531,1.904,0,66.346,53.077,61.28
0.0,22.692,100.0,0.0,100.0,557.952,0,797.491,488.071,794.225,54.93,61.324,69.445,61.304,52.714,1.531,1.904,0,66.346,53.077,61.291
0.0,23.078,100.0,0.0,100.0,557.952,0,797.491,488.071,794.225,54.962,61.228,69.425,61.294,52.746,1.531,1.904,0,66.346,53.077,61.194
0.0,23.051,100.0,0.0,100.0,557.952,0,797.491,488.071,794.225,54.91,61.116,69.407,61.228,52.694,1.531,1.904,0,66.346,53.077,61.082
0.0,22.145,100.0,0.0,100.0,557.952,0,797.491,488.071,794.225,54.828,61.052,69.391,61.147,52.612,1.531,1.904,0,66.346,53.077,61.018
0.0,21.16,100.0,0.0,100.0,557.952,0,797.491,488.071,794.225,54.822,61.099,69.376,61.105,52.606,1.531,1.904,0,66.346,53.077,61.065
0.0,20.973,100.0,0.0,100.0,557.952,0,797.491,488.071,794.225,54.885,61.059,69.363,61.095,52.669,1.531,1.904,0,66.346,53.077,61.025
0.0,21.348,100.0,0.0,100.0,557.952,0,797.491,488.071,794.225,54.946,61.003,69.354,61.06,52.729,1.531,1.904,0,66.346,53.077,60.968
0.0,21.711,100.0,0.0,100.0,557.952,0,797.491,488.071,794.225,54.955,60.964,69.346,61.018,52.739,1.531,1.904,0,66.346,53.077,60.93
0.0,21.497,100.0,0.0,100.0,557.952,0,797.491,488.071,794.225,54.898,60.948,69.339,60.985,52.682,1.531,1.904,0,66.346,53.077,60.914
0.0,20.696,100.0,0.0,100.0,557.952,0,797.491,488.071,794.225,54.865,60.832,69.334,60.938,52.649,1.531,1.904,0,66.346,53.077,60.797
0.0,20.305,100.0,0.0,100.0,557.952,0,797.491,488.071,794.225,54.887,60.783,69.33,60.863,52.671,1.531,1.904,0,66.346,53.077,60.747
0.0,20.279,100.0,0.0,100.0,557.952,0,797.491,488.071,794.225,54.922,60.782,69.328,60.819,52.706,1.531,1.904,0,66.346,53.077,60.747
0.0,20.638,100.0,0.0,100.0,557.952,0,797.491,488.071,794.225,55.014,60.735,69.326,60.789,52.797,1.531,1.904,0,66.346,53.077,60.7
0.0,21.701,100.0,0.0,100.0,557.952,0,797.491,488.071,794.225,55.1,60.681,69.326,60.745,52.884,1.531,1.904,0,66.346,53.077,60.645
0.0,22.443,100.0,0.0,100.0,557.952,0,797.491,488.071,794.225,55.064,60.61,69.326,60.692,52.847,1.531,1.904,0,66.346,53.077,60.574
0.0,21.898,100.0,0.0,100.0,557.952,0,797.491,488.071,794.225,54.958,60.569,69.327,60.635,52.742,1.531,1.904,0,66.346,53.077,60.533
0.0,20.961,100.0,0.0,100.0,557.952,0,797.491,488.071,794.225,54.933,60.568,69.328,60.598,52.716,1.531,1.904,0,66.346,53.077,60.532
0.0,20.876,100.0,0.0,100.0,557.952,0,797.491,488.071,794.225,54.989,60.503,69.329,60.567,52.773,1.531,1.904,0,66.346,53.077,60.467
0.0,21.373,100.0,0.0,100.0,557.952,0,797.491,488.071,794.225,55.034,60.477,69.33,60.523,52.817,1.531,1.904,0,66.346,53.077,60.441
0.0,21.822,100.0,0.0,100.0,557.952,0,797.491,488.071,794.225,55.057,60.477,69.331,60.498,52.841,1.531,1.904,0,66.346,53.077,60.441
0.0,22.176,100.0,0.0,100.0,557.952,0,797.491,488.071,794.225,55.059,60.444,69.333,60.479,52.843,1.531,1.904,0,66.346,53.077,60.408
0.0,22.209,100.0,0.0,100.0,557.952,0,797.491,488.071,794.225,55.03,60.441,69.334,60.458,52.813,1.531,1.904,0,66.346,53.077,60.405
0.0,21.939,100.0,0.0,100.0,557.952,0,797.491,488.071,794.225,54.994,60.412,69.335,60.444,52.777,1.531,1.904,0,66.346,53.077,60.376
0.0,21.628,100.0,0.0,100.0,557.952,0,797.491,488.071,794.225,54.985,60.311,69.335,60.403,52.768,1.531,1.904,0,66.346,53.077,60.274
0.0,21.553,100.0,0.0,100.0,557.952,0,797.491,488.071,794.225,54.986,60.218,69.336,60.328,52.769,1.531,1.904,0,66.346,53.077,60.181
0.0,21.35,100.0,0.0,100.0,557.952,0,797.491,488.071,794.225,54.927,60.128,69.336,60.245,52.71,1.531,1.904,0,66.346,53.077,60.09
0.0,20.308,100.0,0.0,100.0,557.952,0,797.491,488.071,794.225,54.806,60.07,69.335,60.164,52.589,1.531,1.904,0,66.346,53.077,60.031
0.0,18.768,100.0,0.0,100.0,557.952,0,797.491,488.071,794.225,54.732,60.032,69.334,60.102,52.516,1.531,1.904,0,66.346,53.077,59.994
0.0,17.509,100.0,0.0,100.0,557.952,0,797.491,488.071,794.225,54.697,60.009,69.332,60.056,52.48,1.531,1.904,0,66.346,53.077,59.971
0.0,16.521,100.0,0.0,100.0,557.952,0,797.491,488.071,794.225,54.686,60.072,69.331,60.044,52.469,1.531,1.904,0,66.346,53.077,60.034
0.0,15.822,100.0,0.0,100.0,557.952,0,797.491,488.071,794.225,54.718,60.133,69.329,60.077,52.501,1.531,1.904,0,66.346,53.077,60.095
0.0,15.664,100.0,0.0,100.0,557.952,0,797.491,488.071,794.225,54.782,60.092,69.328,60.101,52.565,1.531,1.904,0,66.346,53.077,60.054
0.0,15.785,100.0,0.0,100.0,557.952,0,797.491,488.071,794.225,54.824,60.017,69.329,60.076,52.607,1.531,1.904,0,66.346,53.077,59.979
0.0,15.612,100.0,0.0,100.0,557.952,0,797.491,488.071,794.225,54.793,60.01,69.33,60.04,52.576,1.531,1.904,0,66.346,53.077,59.972
0.0,14.87,100.0,0.0,100.0,557.952,0,797.491,488.071,794.225,54.804,59.982,69.334,60.018,52.588,1.531,1.904,0,66.346,53.077,59.943
0.0,14.951,100.0,0.0,100.0,557.952,0,797.491,488.071,794.225,54.907,59.896,69.342,59.978,52.691,1.531,1.904,0,66.346,53.077,59.857
0.0,15.765,100.0,0.0,100.0,557.952,0,797.491,488.071,794.225,54.983,59.835,69.354,59.915,52.766,1.531,1.904,0,66.346,53.077,59.796
0.0,16.289,100.0,0.0,100.0,557.952,0,797.491,488.071,794.225,55.0,59.835,69.37,59.872,52.784,1.531,1.904,0,66.346,53.077,59.796
0.0,16.522,100.0,0.0,100.0,557.952,0,797.491,488.071,794.225,55.033,59.71,69.392,59.825,52.817,1.531,1.904,0,66.346,53.077,59.67
0.0,16.957,100.0,0.0,100.0,557.952,0,797.491,488.071,794.225,55.042,59.53,69.422,59.716,52.825,1.531,1.904,0,66.346,53.077,59.489
0.0,16.845,100.0,0.0,100.0,557.952,0,797.491,488.071,794.225,54.973,59.404,69.458,59.582,52.756,1.531,1.904,0,66.346,53.077,59.362
0.0,16.031,100.0,0.0,100.0,557.952,0,797.491,488.071,794.225,54.908,59.14,69.497,59.424,52.691,1.531,1.904,0,66.346,53.077,59.098
0.0,15.299,100.0,0.0,100.0,557.952,0,797.491,488.071,794.225,54.876,58.737,69.536,59.168,52.659,1.531,1.904,0,66.346,53.077,58.693
0.0,14.585,100.0,0.0,100.0,557.952,0,797.491,488.071,794.225,54.815,58.366,69.575,58.834,52.598,1.531,1.904,0,66.346,53.077,58.32
0.0,13.47,100.0,0.0,100.0,557.952,0,797.491,488.071,794.225,54.756,58.103,69.614,58.506,52.539,1.531,1.904,0,66.346,53.077,58.056
0.0,12.469,100.0,0.0,100.0,557.952,0,797.491,488.071,794.225,54.741,57.889,69.648,58.231,52.525,1.531,1.904,0,66.346,53.077,57.841
0.0,11.737,100.0,0.0,100.0,557.952,0,797.491,488.071,794.225,54.717,57.607,69.676,57.972,52.501,1.531,1.904,0,66.346,53.077,57.557
0.0,10.775,100.0,0.0,100.0,557.952,0,797.491,488.071,794.225,54.687,57.429,69.697,57.722,52.471,1.531,1.904,0,66.346,53.077,57.379
0.0,9.857,100.0,0.0,100.0,557.952,0,797.491,488.071,794.225,54.684,57.287,69.712,57.525,52.467,1.531,1.904,0,66.346,53.077,57.236
0.0,9.221,100.0,0.0,100.0,557.952,0,797.491,488.071,794.225,54.711,57.129,69.719,57.355,52.494,1.531,1.904,0,66.346,53.077,57.077
0.0,8.884,100.0,0.0,100.0,557.952,0,797.491,488.071,794.225,54.741,56.95,69.718,57.185,52.525,1.531,1.904,0,66.346,53.077,56.897
0.0,8.615,100.0,0.0,100.0,557.952,0,797.491,488.071,794.225,54.773,56.816,69.71,57.02,52.557,1.531,1.904,0,66.346,53.077,56.764
0.0,8.447,100.0,0.0,100.0,557.952,0,797.491,488.071,794.225,54.799,56.724,69.697,56.884,52.582,1.531,1.904,0,66.346,53.077,56.67
0.0,8.181,100.0,0.0,100.0,557.952,0,797.491,488.071,794.225,54.795,56.632,69.681,56.772,52.578,1.531,1.904,0,66.346,53.077,56.579
0.0,7.687,100.0,0.0,100.0,557.952,0,797.491,488.071,794.225,54.798,56.606,69.664,56.686,52.582,1.531,1.904,0,66.346,53.077,56.552
0.0,7.374,100.0,0.0,100.0,557.952,0,797.491,488.071,794.225,54.825,56.605,69.644,56.641,52.609,1.531,1.904,0,66.346,53.077,56.551
0.0,7.285,100.0,0.0,100.0,557.952,0,797.491,488.071,794.225,54.857,56.62,69.623,56.624,52.64,1.531,1.904,0,66.346,53.077,56.566
0.0,7.319,100.0,0.0,100.0,557.952,0,797.491,488.071,794.225,54.896,56.669,69.603,56.633,52.68,1.531,1.904,0,66.346,53.077,56.616
0.0,7.518,100.0,0.0,100.0,557.952,0,797.491,488.071,794.225,54.935,56.739,69.583,56.67,52.719,1.531,1.904,0,66.346,53.077,56.687
0.0,7.735,100.0,0.0,100.0,557.952,0,797.491,488.071,794.225,54.956,56.813,69.565,56.727,52.739,1.531,1.904,0,66.346,53.077,56.76
0.0,7.694,100.0,0.0,100.0,557.952,0,797.491,488.071,794.225,54.923,56.852,69.549,56.785,52.706,1.531,1.904,0,66.346,53.077,56.8
0.0,7.168,100.0,0.0,100.0,557.952,0,797.491,488.071,794.225,54.9,56.904,69.536,56.834,52.684,1.531,1.904,0,66.346,53.077,56.852
0.0,6.911,100.0,0.0,100.0,557.952,0,797.491,488.071,794.225,54.929,56.943,69.525,56.883,52.713,1.531,1.904,0,66.346,53.077,56.891
0.0,7.061,100.0,0.0,100.0,557.952,0,797.491,488.071,794.225,54.956,56.946,69.516,56.918,52.74,1.531,1.904,0,66.346,53.077,56.895
0.0,7.138,100.0,0.0,100.0,557.952,0,797.491,488.071,794.225,54.954,56.944,69.507,56.933,52.738,1.531,1.904,0,66.346,53.077,56.893
0.0,6.986,100.0,0.0,100.0,557.952,0,797.491,488.071,794.225,54.946,56.978,69.499,56.947,52.729,1.531,1.904,0,66.346,53.077,56.926
0.0,6.882,100.0,0.0,100.0,557.952,0,797.491,488.071,794.225,54.968,56.982,69.492,56.966,52.751,1.531,1.904,0,66.346,53.077,56.93
0.0,7.04,100.0,0.0,100.0,557.952,0,797.491,488.071,794.225,54.982,56.993,69.492,56.975,52.765,1.531,1.904,0,66.346,53.077,56.942
0.0,7.11,100.0,0.0,100.0,557.952,0,797.491,488.071,794.225,54.994,57.106,69.52,57.01,52.778,1.531,1.904,0,66.346,53.077,57.055
0.0,7.329,100.0,0.0,100.0,557.952,0,797.491,488.071,794.225,55.033,57.254,69.557,57.102,52.817,1.531,1.904,0,66.346,53.077,57.203
0.0,7.81,100.0,0.0,100.0,557.952,0,797.491,488.071,794.225,55.063,57.305,69.596,57.203,52.847,1.531,1.904,0,66.346,53.077,57.254
0.0,8.166,100.0,0.0,100.0,557.952,0,797.491,488.071,794.225,55.064,57.276,69.635,57.254,52.847,1.531,1.904,0,66.346,53.077,57.225
0.0,8.25,100.0,0.0,100.0,557.952,0,797.491,488.071,794.225,55.046,57.208,69.673,57.25,52.83,1.531,1.904,0,66.346,53.077,57.156
0.0,8.189,100.0,0.0,100.0,557.952,0,797.491,488.071,794.225,55.037,57.119,69.708,57.204,52.82,1.531,1.904,0,66.346,53.077,57.067
0.0,8.2,100.0,0.0,100.0,557.952,0,797.491,488.071,794.225,55.033,57.044,69.739,57.137,52.816,1.531,1.904,0,66.346,53.077,56.992
0.0,8.161,100.0,0.0,100.0,557.952,0,797.491,488.071,794.225,55.006,56.99,69.764,57.072,52.79,1.531,1.904,0,66.346,53.077,56.938
0.0,7.879,100.0,0.0,100.0,557.952,0,797.491,488.071,794.225,54.981,56.906,69.784,57.007,52.764,1.531,1.904,0,66.346,53.077,56.853
0.0,7.639,100.0,0.0,100.0,557.952,0,797.491,488.071,794.225,54.973,56.798,69.801,56.924,52.757,1.531,1.904,0,66.346,53.077,56.745
0.0,7.479,100.0,0.0,100.0,557.952,0,797.491,488.071,794.225,54.96,56.721,69.814,56.834,52.743,1.531,1.904,0,66.346,53.077,56.667
0.0,7.247,100.0,0.0,100.0,557.952,0,797.491,488.071,794.225,54.953,56.681,69.821,56.76,52.737,1.531,1.904,0,66.346,53.077,56.627
0.0,7.144,100.0,0.0,100.0,557.952,0,797.491,488.071,794.225,54.965,56.675,69.824,56.713,52.749,1.531,1.904,0,66.346,53.077,56.621
0.0,7.251,100.0,0.0,100.0,557.952,0,797.491,488.071,794.225,54.996,56.725,69.824,56.704,52.78,1.531,1.904,0,66.346,53.077,56.671
0.0,7.533,100.0,0.0,100.0,557.952,0,797.491,488.071,794.225,55.01,56.763,69.821,56.726,52.794,1.531,1.904,0,66.346,53.077,56.709
0.0,7.627,100.0,0.0,100.0,557.952,0,797.491,488.071,794.225,55.005,56.816,69.817,56.759,52.788,1.531,1.904,0,66.346,53.077,56.762
0.0,7.6,100.0,0.0,100.0,557.952,0,797.491,488.071,794.225,55.006,56.836,69.812,56.796,52.789,1.531,1.904,0,66.346,53.077,56.783
0.0,7.657,100.0,0.0,100.0,557.952,0,797.491,488.071,794.225,55.014,56.901,69.807,56.833,52.798,1.531,1.904,0,66.346,53.077,56.848
0.0,7.787,100.0,0.0,100.0,557.952,0,797.491,488.071,794.225,55.027,56.976,69.801,56.89,52.811,1.531,1.904,0,66.346,53.077,56.923
0.0,7.991,100.0,0.0,100.0,557.952,0,797.491,488.071,794.225,55.039,56.996,69.796,56.943,52.822,1.531,1.904,0,66.346,53.077,56.943
0.0,8.195,100.0,0.0,100.0,557.952,0,797.491,488.071,794.225,55.053,57.108,69.792,56.997,52.837,1.531,1.904,0,66.346,53.077,57.056
0.0,8.513,100.0,0.0,100.0,557.952,0,797.491,488.071,794.225,55.081,57.237,69.79,57.091,52.865,1.531,1.904,0,66.346,53.077,57.185
0.0,8.969,100.0,0.0,100.0,557.952,0,797.491,488.071,794.225,55.096,57.347,69.79,57.2,52.879,1.531,1.904,0,66.346,53.077,57.296
0.0,9.243,100.0,0.0,100.0,557.952,0,797.491,488.071,794.225,55.085,57.425,69.793,57.303,52.869,1.531,1.904,0,66.346,53.077,57.374
0.0,9.321,100.0,0.0,100.0,557.952,0,797.491,488.071,794.225,55.076,57.431,69.799,57.373,52.859,1.531,1.904,0,66.346,53.077,57.38
0.0,9.408,100.0,0.0,100.0,557.952,0,797.491,488.071,794.225,55.069,57.462,69.807,57.412,52.852,1.531,1.904,0,66.346,53.077,57.411
0.0,9.475,100.0,0.0,100.0,557.952,0,797.491,488.071,794.225,55.06,57.484,69.818,57.446,52.843,1.531,1.904,0,66.346,53.077,57.433
0.0,9.534,100.0,0.0,100.0,557.952,0,797.491,488.071,794.225,55.058,57.467,69.83,57.463,52.841,1.531,1.904,0,66.346,53.077,57.417
0.0,9.634,100.0,0.0,100.0,557.952,0,797.491,488.071,794.225,55.051,57.514,69.843,57.475,52.835,1.531,1.904,0,66.346,53.077,57.463
0.0,9.53,100.0,0.0,100.0,557.952,0,797.491,488.071,794.225,54.995,57.54,69.858,57.506,52.779,1.531,1.904,0,66.346,53.077,57.49
0.0,8.91,100.0,0.0,100.0,557.952,0,797.491,488.071,794.225,54.949,57.476,69.872,57.51,52.732,1.531,1.904,0,66.346,53.077,57.425
0.0,8.45,100.0,0.0,100.0,557.952,0,797.491,488.071,794.225,54.937,57.449,69.887,57.482,52.721,1.531,1.904,0,66.346,53.077,57.398
0.0,8.222,100.0,0.0,100.0,557.952,0,797.491,488.071,794.225,54.942,57.465,69.902,57.467,52.726,1.531,1.904,0,66.346,53.077,57.414
0.0,8.165,100.0,0.0,100.0,557.952,0,797.491,488.071,794.225,54.953,57.467,69.916,57.467,52.736,1.531,1.904,0,66.346,53.077,57.416
0.0,8.141,100.0,0.0,100.0,557.952,0,797.491,488.071,794.225,54.954,57.482,69.929,57.47,52.738,1.531,1.904,0,66.346,53.077,57.431
0.0,8.064,100.0,0.0,100.0,557.952,0,797.491,488.071,794.225,54.962,57.516,69.941,57.485,52.745,1.531,1.904,0,66.346,53.077,57.465
0.0,8.095,100.0,0.0,100.0,557.952,0,797.491,488.071,794.225,54.977,57.553,69.951,57.512,52.76,1.531,1.904,0,66.346,53.077,57.502
0.0,8.165,100.0,0.0,100.0,557.952,0,797.491,488.071,794.225,54.98,57.571,69.959,57.539,52.763,1.531,1.904,0,66.346,53.077,57.52
0.0,8.114,100.0,0.0,100.0,557.952,0,797.491,488.071,794.225,54.975,57.654,69.966,57.576,52.758,1.531,1.904,0,66.346,53.077,57.604
0.0,8.161,100.0,0.0,100.0,557.952,0,797.491,488.071,794.225,55.021,57.68,69.97,57.628,52.805,1.531,1.904,0,66.346,53.077,57.629
0.0,8.737,100.0,0.0,100.0,557.952,0,797.491,488.071,794.225,55.063,57.745,69.973,57.671,52.847,1.531,1.904,0,66.346,53.077,57.695
0.0,9.174,100.0,0.0,100.0,557.952,0,797.491,488.071,794.225,55.071,57.787,69.975,57.724,52.855,1.531,1.904,0,66.346,53.077,57.737
0.0,9.391,100.0,0.0,100.0,557.952,0,797.491,488.071,794.225,55.067,57.805,69.975,57.763,52.85,1.531,1.904,0,66.346,53.077,57.755
0.0,9.5,100.0,0.0,100.0,557.952,0,797.491,488.071,794.225,55.066,57.853,69.975,57.796,52.849,1.531,1.904,0,66.346,53.077,57.803
0.0,9.705,100.0,0.0,100.0,557.952,0,797.491,488.071,794.225,55.086,57.956,69.974,57.853,52.869,1.531,1.904,0,66.346,53.077,57.907
0.0,10.085,100.0,0.0,100.0,557.952,0,797.491,488.071,794.225,55.091,58.033,69.972,57.93,52.875,1.531,1.904,0,66.346,53.077,57.984
0.0,10.304,100.0,0.0,100.0,557.952,0,797.491,488.071,794.225,55.094,58.105,69.97,58.005,52.877,1.531,1.904,0,66.346,53.077,58.056
0.0,10.571,100.0,0.0,100.0,557.952,0,797.491,488.071,794.225,55.099,58.158,69.969,58.073,52.882,1.531,1.904,0,66.346,53.077,58.109
0.0,10.822,100.0,0.0,100.0,557.952,0,797.491,488.071,794.225,55.101,58.276,69.968,58.147,52.885,1.531,1.904,0,66.346,53.077,58.227
0.0,11.092,100.0,0.0,100.0,557.952,0,797.491,488.071,794.225,55.108,58.387,69.968,58.247,52.891,1.531,1.904,0,66.346,53.077,58.339
0.0,11.415,100.0,0.0,100.0,557.952,0,797.491,488.071,794.225,55.118,58.478,69.968,58.347,52.902,1.531,1.904,0,66.346,53.077,58.43
0.0,11.841,100.0,0.0,100.0,557.952,0,797.491,488.071,794.225,55.148,58.584,69.97,58.446,52.931,1.531,1.904,0,66.346,53.077,58.537
0.0,12.499,100.0,0.0,100.0,557.952,0,797.491,488.071,794.225,55.176,58.675,69.971,58.545,52.96,1.531,1.904,0,66.346,53.077,58.628
0.0,13.084,100.0,0.0,100.0,557.952,0,797.491,488.071,794.225,55.17,58.779,69.974,58.642,52.954,1.531,1.904,0,66.346,53.077,58.733
0.0,13.331,100.0,0.0,100.0,557.952,0,797.491,488.071,794.225,55.151,58.919,69.976,58.752,52.934,1.531,1.904,0,66.346,53.077,58.873
0.0,13.554,100.0,0.0,100.0,557.952,0,797.491,488.071,794.225,55.159,59.063,69.979,58.88,52.942,1.531,1.904,0,66.346,53.077,59.018
0.0,14.088,100.0,0.0,100.0,557.952,0,797.491,488.071,794.225,55.191,59.206,69.982,59.017,52.974,1.531,1.904,0,66.346,53.077,59.161
0.0,14.799,100.0,0.0,100.0,557.952,0,797.491,488.071,794.225,55.205,59.372,69.986,59.165,52.989,1.531,1.904,0,66.346,53.077,59.328
0.0,15.397,100.0,0.0,100.0,557.952,0,797.491,488.071,794.225,55.227,59.361,69.988,59.283,53.01,1.531,1.904,0,66.346,53.077,59.317
0.0,16.124,100.0,0.0,100.0,557.952,0,797.491,488.071,794.225,55.227,59.255,69.991,59.3,53.011,1.531,1.904,0,66.346,53.077,59.211
0.0,16.245,100.0,0.0,100.0,557.952,0,797.491,488.071,794.225,55.104,59.191,69.994,59.256,52.888,1.531,1.904,0,66.346,53.077,59.147
0.0,14.947,100.0,0.0,100.0,557.952,0,797.491,488.071,794.225,54.944,59.215,69.995,59.223,52.727,1.531,1.904,0,66.346,53.077,59.171
0.0,13.474,100.0,0.0,100.0,557.952,0,797.491,488.071,794.225,54.883,59.317,69.995,59.243,52.667,1.531,1.904,0,66.346,53.077,59.273
0.0,12.919,100.0,0.0,100.0,557.952,0,797.491,488.071,794.225,54.921,59.429,69.995,59.313,52.704,1.531,1.904,0,66.346,53.077,59.386
0.0,13.218,100.0,0.0,100.0,557.952,0,797.491,488.071,794.225,54.986,59.458,69.996,59.387,52.77,1.531,1.904,0,66.346,53.077,59.414
0.0,13.76,100.0,0.0,100.0,557.952,0,797.491,488.071,794.225,55.017,59.456,69.997,59.425,52.801,1.531,1.904,0,66.346,53.077,59.413
0.0,14.003,100.0,0.0,100.0,557.952,0,797.491,488.071,794.225,55.018,59.486,69.998,59.448,52.802,1.531,1.904,0,66.346,53.077,59.443
0.0,13.991,100.0,0.0,100.0,557.952,0,797.491,488.071,794.225,54.99,59.571,69.999,59.489,52.774,1.531,1.904,0,66.346,53.077,59.528
0.0,13.661,100.0,0.0,100.0,557.952,0,797.491,488.071,794.225,54.966,59.663,69.999,59.558,52.75,1.531,1.904,0,66.346,53.077,59.62
0.0,13.499,100.0,0.0,100.0,557.952,0,797.491,488.071,794.225,54.992,59.72,69.999,59.631,52.775,1.531,1.904,0,66.346,53.077,59.677
0.0,13.938,100.0,0.0,100.0,557.952,0,797.491,488.071,794.225,55.075,59.789,69.997,59.697,52.859,1.531,1.904,0,66.346,53.077,59.747
0.0,14.994,100.0,0.0,100.0,557.952,0,797.491,488.071,794.225,55.15,59.845,69.996,59.762,52.933,1.531,1.904,0,66.346,53.077,59.804
0.0,15.935,100.0,0.0,100.0,557.952,0,797.491,488.071,794.225,55.175,59.9,69.996,59.822,52.959,1.531,1.904,0,66.346,53.077,59.858
0.0,16.584,100.0,0.0,100.0,557.952,0,797.491,488.071,794.225,55.203,59.921,69.996,59.871,52.986,1.531,1.904,0,66.346,53.077,59.879
0.0,17.335,100.0,0.0,100.0,557.952,0,797.491,488.071,794.225,55.212,59.969,69.996,59.909,52.996,1.531,1.904,0,66.346,53.077,59.928
0.0,17.746,100.0,0.0,100.0,557.952,0,797.491,488.071,794.225,55.182,60.042,69.996,59.961,52.966,1.531,1.904,0,66.346,53.077,60.001
0.0,17.863,100.0,0.0,100.0,557.952,0,797.491,488.071,794.225,55.164,60.05,69.997,60.01,52.948,1.531,1.904,0,66.346,53.077,60.009
0.0,18.119,100.0,0.0,100.0,557.952,0,797.491,488.071,794.225,55.162,60.065,69.997,60.035,52.945,1.531,1.904,0,66.346,53.077,60.025
0.0,18.442,100.0,0.0,100.0,557.952,0,797.491,488.071,794.225,55.164,60.05,69.997,60.049,52.948,1.531,1.904,0,66.346,53.077,60.009
0.0,18.882,100.0,0.0,100.0,557.952,0,797.491,488.071,794.225,55.18,60.08,69.997,60.056,52.963,1.531,1.904,0,66.346,53.077,60.04
0.0,19.488,100.0,0.0,100.0,557.952,0,797.491,488.071,794.225,55.211,60.086,69.996,60.072,52.994,1.531,1.904,0,66.346,53.077,60.045
0.0,20.242,100.0,0.0,100.0,557.952,0,797.491,488.071,794.225,55.212,60.068,69.997,60.075,52.995,1.531,1.904,0,66.346,53.077,60.027
0.0,20.438,100.0,0.0,100.0,557.952,0,797.491,488.071,794.225,55.142,60.079,69.996,60.072,52.926,1.531,1.904,0,66.346,53.077,60.039
0.0,20.065,100.0,0.0,100.0,557.952,0,797.491,488.071,794.225,55.095,60.16,69.996,60.094,52.879,1.531,1.904,0,66.346,53.077,60.119
0.0,20.064,100.0,0.0,100.0,557.952,0,797.491,488.071,794.225,55.121,60.302,69.996,60.166,52.905,1.531,1.904,0,66.346,53.077,60.263
0.0,20.654,100.0,0.0,100.0,557.952,0,797.491,488.071,794.225,55.16,60.351,69.995,60.257,52.943,1.531,1.904,0,66.346,53.077,60.311
0.0,21.313,100.0,0.0,100.0,557.952,0,797.491,488.071,794.225,55.179,60.401,69.995,60.32,52.963,1.531,1.904,0,66.346,53.077,60.362
0.0,21.802,100.0,0.0,100.0,557.952,0,797.491,488.071,794.225,55.146,60.44,69.995,60.376,52.93,1.531,1.904,0,66.346,53.077,60.401
0.0,21.618,100.0,0.0,100.0,557.952,0,797.491,488.071,794.225,55.084,60.443,69.995,60.413,52.868,1.531,1.904,0,66.346,53.077,60.404
0.0,21.197,100.0,0.0,100.0,557.952,0,797.491,488.071,794.225,55.018,60.459,69.994,60.433,52.802,1.531,1.904,0,66.346,53.077,60.419
0.0,20.468,100.0,0.0,100.0,557.952,0,797.491,488.071,794.225,54.946,60.477,69.994,60.452,52.729,1.531,1.904,0,66.346,53.077,60.438
0.0,19.835,100.0,0.0,100.0,557.952,0,797.491,488.071,794.225,54.959,60.481,69.993,60.468,52.743,1.531,1.904,0,66.346,53.077,60.442
0.0,20.104,100.0,0.0,100.0,557.952,0,797.491,488.071,794.225,55.023,60.447,69.992,60.467,52.807,1.531,1.904,0,66.346,53.077,60.408
0.0,20.557,100.0,0.0,100.0,557.952,0,797.491,488.071,794.225,55.0,60.443,69.992,60.454,52.784,1.531,1.904,0,66.346,53.077,60.404
0.0,20.009,100.0,0.0,100.0,557.952,0,797.491,488.071,794.225,54.915,60.428,69.991,60.445,52.698,1.531,1.904,0,66.346,53.077,60.389
0.0,19.194,100.0,0.0,100.0,557.952,0,797.491,488.071,794.225,54.898,60.394,69.991,60.427,52.682,1.531,1.904,0,66.346,53.077,60.354
0.0,18.912,100.0,0.0,100.0,557.952,0,797.491,488.071,794.225,54.911,60.372,69.991,60.402,52.695,1.531,1.904,0,66.346,53.077,60.333
0.0,18.865,100.0,0.0,100.0,557.952,0,797.491,488.071,794.225,54.943,60.384,69.992,60.387,52.726,1.531,1.904,0,66.346,53.077,60.345
0.0,19.057,100.0,0.0,100.0,557.952,0,797.491,488.071,794.225,54.955,60.466,69.992,60.404,52.739,1.531,1.904,0,66.346,53.077,60.427
0.0,18.932,100.0,0.0,100.0,557.952,0,797.491,488.071,794.225,54.931,60.556,69.994,60.461,52.714,1.531,1.904,0,66.346,53.077,60.518
0.0,18.581,100.0,0.0,100.0,557.952,0,797.491,488.071,794.225,54.929,60.679,69.994,60.544,52.713,1.531,1.904,0,66.346,53.077,60.64
0.0,18.707,100.0,0.0,100.0,557.952,0,797.491,488.071,794.225,55.024,60.789,69.995,60.647,52.807,1.531,1.904,0,66.346,53.077,60.751
0.0,20.027,100.0,0.0,100.0,557.952,0,797.491,488.071,794.225,55.183,60.881,69.997,60.749,52.966,1.531,1.904,0,66.346,53.077,60.844
0.0,21.845,100.0,0.0,100.0,557.952,0,797.491,488.071,794.225,55.239,60.954,69.998,60.841,53.023,1.531,1.904,0,66.346,53.077,60.917
0.0,22.354,100.0,0.0,100.0,557.952,0,797.491,488.071,794.225,55.134,61.042,69.999,60.925,52.918,1.531,1.904,0,66.346,53.077,61.006
0.0,21.637,100.0,0.0,100.0,557.952,0,797.491,488.071,794.225,55.066,61.099,70.0,61.005,52.85,1.531,1.904,0,66.346,53.077,61.063
0.0,21.532,100.0,0.0,100.0,557.952,0,797.491,488.071,794.225,55.11,61.185,70.0,61.078,52.893,1.531,1.904,0,66.346,53.077,61.149
0.0,22.232,100.0,0.0,100.0,557.952,0,797.491,488.071,794.225,55.156,61.26,70.0,61.157,52.94,1.531,1.904,0,66.346,53.077,61.224
0.0,22.958,100.0,0.0,100.0,557.952,0,797.491,488.071,794.225,55.186,61.311,70.0,61.226,52.97,1.531,1.904,0,66.346,53.077,61.275
0.0,23.709,100.0,0.0,100.0,557.952,0,797.491,488.071,794.225,55.207,61.482,70.0,61.314,52.99,1.531,1.904,0,66.346,53.077,61.447
0.0,24.28,100.0,0.0,100.0,557.952,0,797.491,488.071,794.225,55.196,61.503,70.001,61.418,52.979,1.531,1.904,0,66.346,53.077,61.469
0.0,24.522,100.0,0.0,100.0,557.952,0,797.491,488.071,794.225,55.164,61.53,70.001,61.469,52.947,1.531,1.904,0,66.346,53.077,61.495
0.0,24.602,100.0,0.0,100.0,557.952,0,797.491,488.071,794.225,55.156,61.615,70.001,61.523,52.939,1.531,1.904,0,66.346,53.077,61.58
0.0,25.087,100.0,0.0,100.0,557.952,0,797.491,488.071,794.225,55.211,61.689,70.001,61.593,52.995,1.531,1.904,0,66.346,53.077,61.655
0.0,26.212,100.0,0.0,100.0,557.952,0,797.491,488.071,794.225,55.278,61.778,70.002,61.668,53.061,1.531,1.904,0,66.346,53.077,61.744
0.0,27.32,100.0,0.0,100.0,557.952,0,797.491,488.071,794.225,55.278,61.82,70.002,61.741,53.062,1.531,1.904,0,66.346,53.077,61.787
0.0,27.757,100.0,0.0,100.0,557.952,0,797.491,488.071,794.225,55.237,61.854,70.003,61.793,53.021,1.531,1.904,0,66.346,53.077,61.82
0.0,27.938,100.0,0.0,100.0,557.952,0,797.491,488.071,794.225,55.211,61.922,70.001,61.842,52.995,1.531,1.904,0,66.346,53.077,61.888
0.0,28.285,100.0,0.0,100.0,557.952,0,797.491,488.071,794.225,55.248,61.998,69.999,61.907,53.031,1.531,1.904,0,66.346,53.077,61.965
0.0,29.465,100.0,0.0,100.0,557.952,0,797.491,488.071,794.225,55.333,61.955,69.998,61.949,53.117,1.531,1.904,0,66.346,53.077,61.922
0.0,30.726,100.0,0.0,100.0,557.952,0,797.491,488.071,794.225,55.279,61.993,69.999,61.957,53.063,1.531,1.904,0,66.346,53.077,61.96
0.0,30.078,100.0,0.0,100.0,557.952,0,797.491,488.071,794.225,55.055,62.081,69.993,61.999,52.839,1.531,1.904,0,66.346,53.077,62.049
0.0,28.001,100.0,0.0,100.0,557.952,0,797.491,488.071,794.225,54.896,62.158,70.067,62.065,52.679,1.531,1.904,0,66.346,53.077,62.126
0.0,26.773,100.0,0.0,100.0,557.952,0,797.491,488.071,794.225,54.934,62.164,70.236,62.119,52.718,1.531,1.904,0,66.346,53.077,62.13
0.0,27.313,100.0,0.0,100.0,557.952,0,797.491,488.071,794.225,55.036,62.238,70.393,62.158,52.82,1.531,1.904,0,66.346,53.077,62.205
0.0,28.05,100.0,0.0,100.0,557.952,0,797.491,488.071,794.225,55.024,62.444,70.542,62.251,52.808,1.531,1.904,0,66.346,53.077,62.41
0.0,27.724,100.0,0.0,100.0,557.952,0,797.491,488.071,794.225,54.966,62.621,70.676,62.407,52.749,1.531,1.904,0,66.346,53.077,62.588
0.0,27.327,100.0,0.0,100.0,557.952,0,797.491,488.071,794.225,54.975,62.605,70.8,62.526,52.758,1.531,1.904,0,66.346,53.077,62.571
0.0,27.532,100.0,0.0,100.0,557.952,0,797.491,488.071,794.225,55.041,62.597,70.916,62.566,52.824,1.531,1.904,0,66.346,53.077,62.563
0.0,28.299,100.0,0.0,100.0,557.952,0,797.491,488.071,794.225,55.079,62.599,71.027,62.584,52.863,1.531,1.904,0,66.346,53.077,62.565
0.0,28.502,100.0,0.0,100.0,557.952,0,797.491,488.071,794.225,55.016,62.585,71.133,62.59,52.8,1.531,1.904,0,66.346,53.077,62.55
0.0,27.746,100.0,0.0,100.0,557.952,0,797.491,488.071,794.225,54.922,62.531,71.237,62.573,52.706,1.531,1.904,0,66.346,53.077,62.495
0.0,26.799,100.0,0.0,100.0,557.952,0,797.491,488.071,794.225,54.901,62.586,71.34,62.559,52.685,1.531,1.904,0,66.346,53.077,62.55
0.0,26.751,100.0,0.0,100.0,557.952,0,797.491,488.071,794.225,54.994,62.724,71.441,62.607,52.777,1.531,1.904,0,66.346,53.077,62.688
0.0,27.696,100.0,0.0,100.0,557.952,0,797.491,488.071,794.225,55.047,62.886,71.542,62.712,52.83,1.531,1.904,0,66.346,53.077,62.85
0.0,27.91,100.0,0.0,100.0,557.952,0,797.491,488.071,794.225,55.015,63.034,71.641,62.847,52.799,1.531,1.904,0,66.346,53.077,62.998
0.0,27.802,100.0,0.0,100.0,557.952,0,797.491,488.071,794.225,55.018,63.132,71.74,62.977,52.802,1.531,1.904,0,66.346,53.077,63.096
0.0,28.05,100.0,0.0,100.0,557.952,0,797.491,488.071,794.225,55.083,63.158,71.838,63.071,52.867,1.531,1.904,0,66.346,53.077,63.123
0.0,29.014,100.0,0.0,100.0,557.952,0,797.491,488.071,794.225,55.147,63.141,71.936,63.115,52.931,1.531,1.904,0,66.346,53.077,63.105
0.0,29.626,100.0,0.0,100.0,557.952,0,797.491,488.071,794.225,55.102,63.171,72.033,63.136,52.885,1.531,1.904,0,66.346,53.077,63.135
0.0,29.168,100.0,0.0,100.0,557.952,0,797.491,488.071,794.225,55.013,63.19,72.13,63.16,52.796,1.531,1.904,0,66.346,53.077,63.153
0.0,28.607,100.0,0.0,100.0,557.952,0,797.491,488.071,794.225,55.039,63.287,72.226,63.198,52.823,1.531,1.904,0,66.346,53.077,63.25
0.0,29.33,100.0,0.0,100.0,557.952,0,797.491,488.071,794.225,55.126,63.411,72.322,63.278,52.91,1.531,1.904,0,66.346,53.077,63.375
0.0,30.121,100.0,0.0,100.0,557.952,0,797.491,488.071,794.225,55.111,63.571,72.416,63.391,52.895,1.531,1.904,0,66.346,53.077,63.535
0.0,30.071,100.0,0.0,100.0,557.952,0,797.491,488.071,794.225,55.078,63.686,72.51,63.522,52.861,1.531,1.904,0,66.346,53.077,63.65
0.0,30.484,100.0,0.0,100.0,604.825,0,855.364,528.174,851.858,55.366,63.776,72.623,63.637,53.138,1.518,1.925,0,66.346,53.077,63.739
0.0,37.119,100.0,0.0,100.0,692.279,0,971.867,607.24,967.88,56.256,63.913,72.733,63.759,53.995,1.495,1.97,0,66.346,53.077,63.876
0.0,48.118,100.0,0.0,100.0,727.603,0,1073.178,674.566,1068.774,53.486,64.076,72.811,63.91,51.3,1.477,2.012,0,66.346,53.077,64.04
0.0,9.82,100.0,0.0,100.0,760.033,0,1183.813,743.568,1178.955,55.212,64.171,72.828,64.054,53.128,1.454,2.056,0,66.346,53.077,64.135
0.0,45.092,100.0,0.0,100.0,811.552,0,1373.569,852.0,1367.937,58.819,64.338,72.851,64.199,56.884,1.394,2.124,0,66.346,53.077,64.302
0.0,29.092,88.489,11.511,88.489,861.045,0,1542.536,928.509,1508.969,53.659,64.707,72.802,64.433,51.848,1.303,2.167,0,66.346,53.077,64.527
0.0,29.092,100.0,0.0,100.0,940.29,0,1688.665,1017.643,1681.754,60.286,64.506,72.795,64.539,58.523,1.261,2.246,0,67.282,53.826,64.471
0.0,52.908,100.0,0.0,100.0,1046.56,0,1813.698,1083.47,1806.27,47.267,64.406,72.748,64.461,45.463,1.262,2.368,0,69.01,55.208,64.372
0.0,14.274,100.0,0.0,100.0,1202.92,0,1973.418,1171.653,1965.357,60.16,64.408,72.688,64.485,58.272,1.257,2.534,0,71.409,57.127,64.374
0.0,62.274,100.0,0.0,100.0,1358.72,0,2105.928,1246.612,2097.322,49.283,64.508,72.679,64.477,47.286,1.264,2.695,0,73.732,58.985,64.475
0.0,30.078,82.095,17.905,82.095,1494.9,0,2199.208,1252.803,2093.731,57.358,64.966,72.569,64.684,55.25,1.273,2.843,0,75.795,60.636,64.583
0.0,46.078,100.0,0.0,100.0,1574.0,0,2258.45,1338.959,2249.227,62.041,64.774,72.584,64.724,59.855,1.297,2.916,0,76.835,61.468,64.742
0.0,46.078,100.0,0.0,100.0,1602.91,0,2276.384,1351.634,2267.074,51.716,64.856,72.491,64.814,49.496,1.304,2.946,0,77.248,61.798,64.824
0.0,37.947,100.0,0.0,100.0,1594.85,0,2261.389,1342.581,2252.131,62.066,64.939,72.473,64.901,59.834,1.328,2.95,0,77.264,61.811,64.909
0.0,53.948,100.0,0.0,100.0,1577.17,0,2230.8,1325.787,2221.683,48.587,65.078,72.412,65.009,46.35,1.371,2.956,0,77.264,61.811,65.048
0.0,30.846,100.0,0.0,100.0,1544.21,0,2172.491,1294.082,2163.603,61.692,65.194,72.379,65.138,59.446,1.451,2.963,0,77.264,61.811,65.164
0.0,62.846,100.0,0.0,100.0,1506.84,0,2103.886,1256.763,2095.28,47.863,65.222,72.347,65.201,45.601,1.54,2.968,0,77.264,61.811,65.192
0.0,14.846,100.0,0.0,100.0,1428.78,0,2015.446,1208.277,2007.21,60.255,65.218,72.295,65.248,57.994,1.587,2.911,0,76.517,61.213,65.189
0.0,62.846,100.0,0.0,100.0,1330.79,0,1931.688,1162.286,1923.786,48.99,65.314,72.314,65.272,46.784,1.575,2.806,0,75.145,60.116,65.286
0.0,29.949,82.723,17.277,82.723,1256.95,0,1854.582,1082.551,1771.792,56.167,65.663,72.256,65.416,54.006,1.565,2.729,0,74.178,59.343,65.355
0.0,45.949,100.0,0.0,100.0,1183.88,0,1782.563,1080.267,1775.259,61.483,65.693,72.293,65.543,59.361,1.569,2.644,0,73.09,58.472,65.666
0.0,45.949,98.763,1.237,98.763,1135.26,0,1730.289,1050.815,1721.681,49.75,66.033,72.267,65.824,47.661,1.561,2.586,0,72.361,57.888,66.002
0.0,24.4,100.0,0.0,100.0,1090.68,0,1674.114,1020.628,1667.257,60.96,66.26,72.279,66.142,58.887,1.562,2.534,0,71.736,57.389,66.235
0.0,57.113,100.0,0.0,100.0,1064.59,0,1645.968,1005.423,1639.225,47.584,66.333,72.305,66.271,45.529,1.553,2.5,0,71.304,57.043,66.308
0.0,9.113,100.0,0.0,100.0,1052.12,0,1628.711,996.252,1622.039,59.551,66.291,72.298,66.32,57.503,1.553,2.485,0,71.13,56.904,66.266
0.0,57.113,100.0,0.0,100.0,1046.28,0,1624.777,994.527,1618.121,50.398,66.147,72.343,66.231,48.356,1.548,2.476,0,71.007,56.806,66.122
0.0,25.113,85.96,14.04,85.96,1049.64,0,1634.276,979.234,1585.047,55.701,66.373,72.314,66.231,53.664,1.534,2.478,0,71.008,56.806,66.188
0.0,41.113,100.0,0.0,100.0,1055.6,0,1651.016,1009.983,1644.252,61.499,66.189,72.349,66.215,59.471,1.53,2.482,0,71.008,56.806,66.164
0.0,41.113,100.0,0.0,100.0,1066.48,0,1680.987,1027.053,1674.1,50.204,66.34,72.324,66.258,48.188,1.509,2.487,0,71.008,56.806,66.315
0.0,25.113,100.0,0.0,100.0,1075.07,0,1704.124,1040.016,1697.143,61.294,66.573,72.328,66.458,59.291,1.492,2.491,0,71.008,56.806,66.549
0.0,57.411,100.0,0.0,100.0,1087.38,0,1736.532,1058.204,1729.42,47.572,66.787,72.337,66.656,45.582,1.466,2.496,0,71.008,56.806,66.764
0.0,14.168,100.0,0.0,100.0,1099.45,0,1767.48,1075.381,1760.246,60.326,66.669,72.311,66.724,58.35,1.44,2.5,0,71.008,56.806,66.646
0.0,62.168,100.0,0.0,100.0,1111.54,0,1797.682,1092.103,1790.325,48.939,66.384,72.341,66.541,46.975,1.413,2.503,0,71.008,56.806,66.36
0.0,30.168,83.584,16.415,83.584,1122.1,0,1823.483,1072.952,1750.003,56.089,66.435,72.28,66.386,54.137,1.375,2.505,0,71.008,56.806,66.189
0.0,45.952,100.0,0.0,100.0,1131.87,0,1846.874,1119.107,1839.323,62.023,66.281,72.307,66.29,60.079,1.366,2.506,0,71.008,56.806,66.256
0.0,45.952,98.142,1.858,98.142,1140.89,0,1868.099,1129.124,1857.856,49.873,66.377,72.257,66.328,47.936,1.344,2.507,0,71.008,56.806,66.345
0.0,29.952,100.0,0.0,100.0,1143.07,0,1873.168,1133.32,1865.494,61.835,66.627,72.253,66.531,59.902,1.339,2.507,0,71.008,56.806,66.604
0.0,61.952,100.0,0.0,100.0,1145.3,0,1878.342,1136.05,1870.651,47.058,66.643,72.249,66.623,45.125,1.334,2.507,0,71.008,56.806,66.62
0.0,13.952,99.59,0.41,99.59,1145.86,0,1879.645,1136.421,1871.443,60.465,66.678,72.213,66.688,58.533,1.333,2.507,0,71.008,56.806,66.654
0.0,61.952,100.0,0.0,100.0,1141.41,0,1869.314,1130.802,1861.658,49.43,66.882,72.244,66.782,47.496,1.343,2.507,0,71.008,56.806,66.86
0.0,29.952,85.074,14.926,85.074,1138.29,0,1862.027,1097.441,1799.477,56.772,67.096,72.191,66.939,54.837,1.34,2.507,0,71.008,56.806,66.919
0.0,45.952,100.0,0.0,100.0,1135.42,0,1855.286,1122.635,1847.683,62.576,66.989,72.23,66.967,60.639,1.358,2.507,0,71.008,56.806,66.968
0.0,45.952,100.0,0.0,100.0,1135.82,0,1856.219,1122.989,1848.634,50.098,67.028,72.191,67.005,48.159,1.357,2.507,0,71.008,56.806,67.006
0.0,29.952,100.0,0.0,100.0,1131.23,0,1845.36,1116.613,1837.81,62.197,67.047,72.197,67.059,60.256,1.368,2.506,0,71.008,56.806,67.026
0.0,61.952,100.0,0.0,100.0,1130.19,0,1842.878,1114.986,1835.328,46.785,67.058,72.201,67.052,44.842,1.37,2.506,0,71.008,56.806,67.037
0.0,13.952,95.643,4.357,95.643,1129.24,0,1840.626,1109.147,1825.894,60.424,67.269,72.169,67.197,58.48,1.371,2.506,0,71.008,56.806,67.23
0.0,61.952,100.0,0.0,100.0,1124.41,0,1829.062,1106.741,1821.565,49.342,67.498,72.206,67.363,47.395,1.384,2.505,0,71.008,56.806,67.479
0.0,29.952,84.0,16.0,84.0,1121.97,0,1823.166,1071.555,1753.305,56.774,67.983,72.16,67.675,54.826,1.376,2.505,0,71.008,56.806,67.816
0.0,45.952,100.0,0.0,100.0,1121.37,0,1821.723,1102.29,1814.261,63.105,68.061,72.204,67.924,61.156,1.391,2.505,0,71.008,56.806,68.044
0.0,45.952,100.0,0.0,100.0,1124.73,0,1829.819,1106.781,1822.339,50.101,67.949,72.172,67.983,48.153,1.383,2.505,0,71.008,56.806,67.932
0.0,29.952,100.0,0.0,100.0,1123.93,0,1827.901,1105.632,1820.421,62.849,67.88,72.184,67.939,60.901,1.385,2.505,0,71.008,56.806,67.863
0.0,61.952,100.0,0.0,100.0,1127.55,0,1836.595,1110.521,1829.08,46.815,67.786,72.194,67.851,44.869,1.376,2.506,0,71.008,56.806,67.768
0.0,13.952,100.0,0.0,100.0,1131.27,0,1845.466,1115.585,1837.915,61.068,67.517,72.165,67.694,59.124,1.368,2.506,0,71.008,56.806,67.498
0.0,61.952,100.0,0.0,100.0,1131.76,0,1846.627,1116.227,1839.059,49.546,67.693,72.206,67.63,47.604,1.366,2.506,0,71.008,56.806,67.674
0.0,29.952,84.616,15.384,84.616,1133.97,0,1851.854,1088.877,1786.03,57.006,68.018,72.154,67.815,55.066,1.349,2.506,0,71.008,56.806,67.866
0.0,45.952,100.0,0.0,100.0,1136.37,0,1857.504,1122.498,1849.901,63.337,68.198,72.197,68.029,61.399,1.355,2.507,0,71.008,56.806,68.182
0.0,45.952,100.0,0.0,100.0,1141.55,0,1869.648,1129.404,1861.992,50.616,68.29,72.159,68.219,48.681,1.343,2.507,0,71.008,56.806,68.274
0.0,31.622,100.0,0.0,100.0,1141.18,0,1868.768,1128.985,1861.112,63.192,68.195,72.169,68.239,61.258,1.344,2.507,0,71.008,56.806,68.179
0.0,63.622,100.0,0.0,100.0,1143.94,0,1875.192,1132.657,1867.518,46.905,68.077,72.165,68.141,44.972,1.337,2.507,0,71.008,56.806,68.06
0.0,15.622,89.621,10.379,89.621,1144.8,0,1877.198,1117.947,1842.069,60.634,68.214,72.123,68.189,58.701,1.33,2.507,0,71.008,56.806,68.14
0.0,57.055,100.0,0.0,100.0,1138.4,0,1862.274,1125.492,1854.653,51.303,68.384,72.167,68.283,49.368,1.351,2.507,0,71.008,56.806,68.368
0.0,35.022,84.557,15.443,84.557,1135.5,0,1855.48,1091.008,1789.04,54.335,68.623,72.112,68.46,52.398,1.345,2.507,0,71.008,56.806,68.493
0.0,35.022,100.0,0.0,100.0,1132.34,0,1848.0,1117.517,1840.432,63.651,68.611,72.146,68.571,61.712,1.365,2.506,0,71.008,56.806,68.597
0.0,52.318,100.0,0.0,100.0,1132.93,0,1849.39,1118.339,1841.822,47.525,68.766,72.139,68.678,45.584,1.364,2.506,0,71.008,56.806,68.752
0.0,20.318,100.0,0.0,100.0,1131.93,0,1847.014,1117.01,1839.464,62.81,68.946,72.136,68.853,60.869,1.366,2.506,0,71.008,56.806,68.932
0.0,68.318,100.0,0.0,100.0,1133.55,0,1850.869,1119.191,1843.283,47.271,69.096,72.171,69.003,45.33,1.362,2.506,0,71.008,56.806,69.084
0.0,20.318,92.672,7.328,92.672,1138.42,0,1862.309,1116.452,1839.411,60.075,69.187,72.132,69.131,58.137,1.347,2.507,0,71.008,56.806,69.151
0.0,52.318,100.0,0.0,100.0,1139.04,0,1863.787,1126.463,1856.149,55.386,69.12,72.187,69.14,53.449,1.349,2.507,0,71.008,56.806,69.108
0.0,37.352,92.0,8.0,92.0,1145.49,0,1878.765,1124.096,1853.386,54.161,69.068,72.139,69.087,52.228,1.33,2.507,0,71.008,56.806,69.026
0.0,37.352,100.0,0.0,100.0,1148.23,0,1885.118,1138.444,1877.392,64.003,69.207,72.172,69.135,62.072,1.327,2.507,0,71.008,56.806,69.194
0.0,55.263,84.0,16.0,84.0,1152.29,0,1894.411,1109.8,1821.846,47.578,69.494,72.16,69.321,45.65,1.303,2.507,0,71.008,56.806,69.388
0.0,23.263,40.0,60.0,40.0,1240.4,0,1942.09,1280.534,534.699,63.568,71.396,72.151,70.423,61.579,1.314,2.633,0,72.767,58.213,69.41
0.0,71.263,40.0,60.0,40.0,1228.16,0,1919.896,1265.449,528.616,47.647,71.403,72.179,71.18,45.625,1.336,2.629,0,72.712,58.169,69.359
0.0,23.263,40.0,60.0,40.0,1232.02,0,1928.414,1271.112,530.959,61.168,71.344,72.132,71.318,59.144,1.326,2.629,0,72.712,58.169,69.27
0.0,55.263,40.0,60.0,40.0,1232.08,0,1928.52,1271.162,530.99,54.429,71.378,72.191,71.355,52.404,1.326,2.629,0,72.712,58.169,69.238
0.0,39.263,40.0,60.0,40.0,1238.61,0,1942.811,1280.653,534.919,54.184,71.366,72.139,71.366,52.163,1.309,2.629,0,72.712,58.169,69.331
0.0,41.01,40.0,60.0,40.0,1238.24,0,1942.019,1280.117,534.702,66.064,71.452,72.183,71.406,64.044,1.31,2.629,0,72.712,58.169,69.528
0.0,57.01,40.0,60.0,40.0,1244.98,0,1956.61,1289.812,538.713,47.583,71.44,72.158,71.443,45.566,1.293,2.629,0,72.712,58.169,69.548
0.0,25.01,40.0,60.0,40.0,1249.47,0,1957.789,1290.61,539.04,64.73,71.459,72.145,71.443,62.709,1.299,2.636,0,72.813,58.25,69.653
0.0,73.01,40.0,60.0,40.0,1250.74,0,1960.517,1292.412,539.787,47.511,71.538,72.173,71.503,45.489,1.295,2.636,0,72.813,58.25,69.864
0.0,25.01,40.0,60.0,40.0,1256.35,0,1964.389,1295.013,540.855,60.875,71.537,72.12,71.527,58.85,1.298,2.643,0,72.91,58.328,70.002
0.0,57.01,40.0,60.0,40.0,1252.44,0,1956.011,1289.446,538.551,53.31,71.614,72.177,71.577,51.282,1.308,2.643,0,72.91,58.328,70.132
0.0,41.01,40.0,60.0,40.0,1254.91,0,1961.309,1292.993,540.007,52.973,71.561,72.116,71.582,50.946,1.302,2.643,0,72.91,58.328,70.1
0.0,41.01,40.0,60.0,40.0,1248.89,0,1948.338,1284.374,536.439,66.012,71.559,72.155,71.559,63.983,1.317,2.643,0,72.91,58.328,69.988
0.0,57.01,40.0,60.0,40.0,1249.61,0,1949.922,1285.439,536.87,46.942,71.552,72.127,71.559,44.911,1.315,2.643,0,72.91,58.328,70.037
0.0,22.263,40.0,60.0,40.0,1243.78,0,1937.25,1277.033,533.387,64.565,71.58,72.113,71.561,62.533,1.33,2.643,0,72.91,58.328,70.175
0.0,70.263,40.0,60.0,40.0,1240.45,0,1929.963,1272.2,531.384,47.439,71.663,72.16,71.625,45.404,1.339,2.643,0,72.91,58.328,70.356
0.0,27.502,40.0,60.0,40.0,1240.75,0,1930.632,1272.66,531.562,59.649,71.65,72.105,71.645,57.613,1.338,2.643,0,72.91,58.328,70.451
0.0,46.301,40.0,60.0,40.0,1236.19,0,1920.582,1265.987,528.804,66.369,71.768,72.18,71.705,64.331,1.349,2.643,0,72.91,58.328,70.684
0.0,53.332,40.0,60.0,40.0,1243.51,0,1936.651,1276.686,533.22,47.2,71.81,72.145,71.782,45.164,1.331,2.643,0,72.91,58.328,70.927
0.0,21.332,40.0,60.0,40.0,1244.08,0,1937.901,1277.522,533.563,65.447,71.848,72.149,71.82,63.413,1.329,2.643,0,72.91,58.328,71.056
0.0,69.332,40.0,60.0,40.0,1249.5,0,1949.675,1285.347,536.802,47.466,71.862,72.201,71.858,45.434,1.315,2.643,0,72.91,58.328,70.972
0.0,29.475,40.0,60.0,40.0,1259.59,0,1969.317,1298.428,542.2,59.643,71.768,72.139,71.809,57.615,1.294,2.645,0,72.934,58.347,70.79
0.0,45.475,40.0,60.0,40.0,1263.29,0,1972.784,1300.714,543.154,66.576,71.809,72.211,71.793,64.548,1.293,2.649,0,72.987,58.39,70.75
0.0,52.427,40.0,60.0,40.0,1294.7,0,2002.334,1320.396,551.274,47.527,71.798,72.17,71.805,45.488,1.289,2.68,0,73.426,58.741,70.817
0.0,21.072,40.0,60.0,40.0,1304.09,0,2006.435,1323.076,552.406,65.938,71.808,72.174,71.799,63.882,1.297,2.694,0,73.612,58.89,70.843
0.0,69.072,40.0,60.0,40.0,1320.26,0,2024.158,1334.884,557.278,48.525,71.847,72.227,71.831,46.463,1.289,2.707,0,73.8,59.04,70.845
0.0,34.776,40.0,60.0,40.0,1352.43,0,2048.024,1350.756,563.842,57.264,71.902,72.148,71.868,55.181,1.296,2.743,0,74.302,59.442,71.254
0.0,40.158,40.0,60.0,40.0,1349.72,0,2041.97,1346.694,562.179,67.093,72.021,72.208,71.957,65.001,1.304,2.744,0,74.31,59.448,71.527
0.0,56.158,40.0,60.0,40.0,1366.94,0,2061.646,1359.651,567.596,47.769,72.024,72.186,72.017,45.673,1.292,2.757,0,74.489,59.591,71.598
0.0,24.158,40.0,60.0,40.0,1375.74,0,2064.638,1361.578,568.427,65.902,72.024,72.179,72.016,63.794,1.301,2.77,0,74.666,59.733,71.615
0.0,72.158,40.0,60.0,40.0,1382.2,0,2073.122,1366.922,570.779,47.905,72.065,72.213,72.051,45.794,1.294,2.773,0,74.717,59.774,71.676
0.0,24.158,40.0,60.0,40.0,1398.97,0,2083.734,1373.696,573.711,62.29,72.072,72.158,72.06,60.167,1.3,2.793,0,74.99,59.992,71.845
0.0,56.158,40.0,60.0,40.0,1396.65,0,2079.686,1370.882,572.607,54.279,72.167,72.223,72.122,52.152,1.305,2.793,0,74.985,59.988,72.021
0.0,40.158,40.0,60.0,40.0,1409.21,0,2092.974,1379.4,576.282,54.531,72.219,72.154,72.186,52.401,1.298,2.803,0,75.121,60.097,72.39
0.0,40.158,40.0,60.0,40.0,1403.88,0,2082.432,1371.989,573.408,67.146,72.264,72.202,72.237,65.011,1.312,2.804,0,75.124,60.1,72.427
0.0,56.158,40.0,60.0,40.0,1406.71,0,2087.906,1375.297,574.932,47.794,72.189,72.175,72.225,45.659,1.305,2.803,0,75.124,60.1,72.224
0.0,24.158,40.0,60.0,40.0,1403.41,0,2081.517,1370.723,573.195,66.007,72.128,72.169,72.156,63.872,1.313,2.804,0,75.124,60.1,72.019
0.0,72.158,40.0,60.0,40.0,1401.78,0,2078.349,1368.354,572.343,47.478,72.104,72.202,72.127,45.341,1.318,2.804,0,75.124,60.1,71.845
0.0,24.158,40.0,60.0,40.0,1401.39,0,2077.592,1367.636,572.148,62.169,72.079,72.146,72.087,60.033,1.319,2.804,0,75.124,60.1,71.901
0.0,56.158,40.0,60.0,40.0,1394.9,0,2064.92,1359.049,568.677,53.945,72.195,72.211,72.142,51.805,1.335,2.805,0,75.124,60.1,72.151
0.0,40.158,40.0,60.0,40.0,1395.75,0,2066.592,1360.07,569.14,54.168,72.262,72.143,72.22,52.028,1.333,2.805,0,75.124,60.1,72.575
0.0,40.158,40.0,60.0,40.0,1386.8,0,2048.974,1348.311,564.302,67.05,72.374,72.19,72.312,64.908,1.356,2.805,0,75.124,60.1,72.86
0.0,56.158,40.0,60.0,40.0,1385.76,0,2046.915,1346.956,563.732,47.487,72.357,72.164,72.362,45.342,1.359,2.806,0,75.124,60.1,72.864
0.0,24.158,40.0,60.0,40.0,1378.61,0,2032.677,1337.551,559.812,65.923,72.258,72.158,72.302,63.776,1.377,2.806,0,75.124,60.1,72.522
0.0,72.158,40.0,60.0,40.0,1374.29,0,2024.0,1331.882,557.42,47.843,72.152,72.196,72.218,45.693,1.388,2.806,0,75.124,60.1,72.036
0.0,27.515,40.0,60.0,40.0,1372.01,0,2019.389,1328.946,556.144,60.915,72.007,72.137,72.083,58.764,1.394,2.806,0,75.124,60.1,71.667
0.0,59.515,40.0,60.0,40.0,1363.35,0,2001.789,1317.383,551.295,52.203,72.017,72.191,72.027,50.047,1.415,2.806,0,75.124,60.1,71.56
0.0,43.515,40.0,60.0,40.0,1360.43,0,1995.787,1313.551,549.639,52.181,72.002,72.121,72.011,50.022,1.423,2.806,0,75.124,60.1,71.687
0.0,38.86,40.0,60.0,40.0,1346.75,0,1967.398,1294.827,541.82,66.555,72.057,72.157,72.029,64.39,1.456,2.806,0,75.124,60.1,71.795
0.0,56.35,40.0,60.0,40.0,1341.12,0,1955.518,1287.076,538.546,47.341,72.025,72.146,72.043,45.17,1.47,2.805,0,75.124,60.1,71.708
0.0,24.35,40.0,60.0,40.0,1331.85,0,1935.754,1274.069,533.102,65.135,71.99,72.144,72.003,62.958,1.493,2.804,0,75.124,60.1,71.584
0.0,72.35,40.0,60.0,40.0,1328.34,0,1928.203,1269.138,531.018,47.086,72.064,72.183,72.033,44.904,1.501,2.804,0,75.124,60.1,71.752
0.0,24.35,40.0,60.0,40.0,1326.78,0,1924.806,1266.961,530.082,61.041,72.183,72.137,72.113,58.858,1.505,2.804,0,75.124,60.1,72.305
0.0,56.35,40.0,60.0,40.0,1322.75,0,1916.059,1261.17,527.673,53.58,72.322,72.203,72.244,51.394,1.514,2.803,0,75.124,60.1,72.637
0.0,40.35,40.0,60.0,40.0,1326.98,0,1925.264,1267.299,530.202,53.25,72.326,72.15,72.309,51.066,1.504,2.804,0,75.124,60.1,72.792
0.0,40.35,40.0,60.0,40.0,1324.01,0,1918.805,1262.994,528.428,66.589,72.398,72.197,72.355,64.404,1.511,2.803,0,75.124,60.1,72.925
0.0,56.35,40.0,60.0,40.0,1330.59,0,1933.043,1272.417,532.345,47.001,72.362,72.181,72.38,44.818,1.496,2.804,0,75.124,60.1,72.839
0.0,24.35,40.0,60.0,40.0,1331.28,0,1934.522,1273.356,532.756,65.276,72.235,72.176,72.295,63.096,1.494,2.804,0,75.124,60.1,72.391
0.0,72.35,40.0,60.0,40.0,1336.16,0,1944.994,1280.245,535.64,46.905,72.216,72.212,72.24,44.727,1.482,2.805,0,75.124,60.1,72.224
0.0,24.35,40.0,60.0,40.0,1341.46,0,1956.24,1287.66,538.736,61.23,72.232,72.162,72.221,59.057,1.469,2.805,0,75.124,60.1,72.415
0.0,54.873,40.0,60.0,40.0,1342.54,0,1958.528,1289.108,539.371,54.965,72.437,72.23,72.335,52.793,1.467,2.805,0,75.124,60.1,72.983
0.0,38.873,40.0,60.0,40.0,1351.93,0,1978.222,1302.129,544.789,54.705,72.515,72.177,72.459,52.538,1.444,2.806,0,75.124,60.1,73.405
0.0,38.873,40.0,60.0,40.0,1353.99,0,1982.499,1304.912,545.97,67.083,72.693,72.231,72.593,64.918,1.439,2.806,0,75.124,60.1,73.908
0.0,55.66,40.0,60.0,40.0,1366.28,0,2007.773,1321.651,552.922,47.348,72.721,72.219,72.7,45.189,1.408,2.806,0,75.124,60.1,74.04
0.0,23.66,40.0,60.0,40.0,1373.47,0,2022.346,1331.296,556.931,66.058,72.545,72.217,72.622,63.905,1.39,2.806,0,75.124,60.1,73.408
0.0,71.66,40.0,60.0,40.0,1383.7,0,2042.814,1344.874,562.566,47.348,72.41,72.255,72.491,45.2,1.364,2.806,0,75.124,60.1,72.816
0.0,23.66,40.0,60.0,40.0,1394.74,0,2064.621,1359.35,568.563,62.36,72.353,72.202,72.386,60.218,1.336,2.805,0,75.124,60.1,72.751
0.0,55.66,40.0,60.0,40.0,1399.7,0,2074.301,1365.758,571.224,54.655,72.458,72.27,72.416,52.516,1.323,2.804,0,75.124,60.1,72.953
0.0,40.212,40.0,60.0,40.0,1415.19,0,2098.941,1382.177,577.996,54.442,72.48,72.202,72.463,52.307,1.295,2.807,0,75.19,60.152,73.212
0.0,40.212,40.0,60.0,40.0,1421.61,0,2101.616,1383.899,578.739,67.367,72.539,72.252,72.506,65.225,1.3,2.816,0,75.31,60.248,73.294
0.0,56.735,40.0,60.0,40.0,1443.77,0,2121.539,1397.199,584.211,47.582,72.495,72.221,72.516,45.432,1.294,2.836,0,75.586,60.469,73.217
0.0,24.735,40.0,60.0,40.0,1449.19,0,2120.624,1396.539,583.964,66.266,72.459,72.211,72.473,64.104,1.306,2.847,0,75.725,60.58,73.112
0.0,72.735,40.0,60.0,40.0,1449.87,0,2121.909,1397.426,584.311,47.475,72.423,72.241,72.45,45.31,1.305,2.847,0,75.725,60.58,72.902
0.0,24.735,40.0,60.0,40.0,1453.62,0,2124.901,1399.432,585.137,62.406,72.351,72.18,72.381,60.239,1.304,2.85,0,75.775,60.62,72.8
0.0,56.735,40.0,60.0,40.0,1447.35,0,2113.091,1391.597,581.889,53.88,72.47,72.245,72.421,51.711,1.321,2.851,0,75.775,60.62,73.06
0.0,40.735,40.0,60.0,40.0,1448.26,0,2114.816,1392.79,582.359,54.202,72.435,72.174,72.446,52.033,1.318,2.851,0,75.775,60.62,73.124
0.0,40.735,40.0,60.0,40.0,1439.0,0,2097.251,1381.109,577.526,67.295,72.412,72.224,72.421,65.123,1.342,2.853,0,75.775,60.62,72.905
0.0,56.735,40.0,60.0,40.0,1437.64,0,2094.646,1379.43,576.81,47.493,72.378,72.194,72.4,45.318,1.346,2.853,0,75.775,60.62,72.864
0.0,24.735,40.0,60.0,40.0,1429.7,0,2079.405,1369.31,572.618,66.01,72.32,72.186,72.347,63.833,1.366,2.854,0,75.775,60.62,72.674
0.0,72.735,40.0,60.0,40.0,1423.99,0,2068.352,1361.985,569.576,47.291,72.288,72.219,72.313,45.111,1.381,2.854,0,75.775,60.62,72.47
0.0,24.735,40.0,60.0,40.0,1419.74,0,2060.045,1356.488,567.292,61.921,72.312,72.163,72.297,59.739,1.392,2.855,0,75.775,60.62,72.704
0.0,56.735,40.0,60.0,40.0,1410.05,0,2040.984,1343.825,562.049,53.583,72.459,72.229,72.391,51.396,1.416,2.855,0,75.775,60.62,73.066
0.0,40.735,40.0,60.0,40.0,1408.88,0,2038.661,1342.296,561.408,53.677,72.394,72.164,72.416,51.488,1.419,2.855,0,75.775,60.62,73.0
0.0,40.735,40.0,60.0,40.0,1398.6,0,2018.122,1328.652,555.762,66.982,72.342,72.213,72.367,64.789,1.444,2.855,0,75.775,60.62,72.681
0.0,56.735,40.0,60.0,40.0,1397.79,0,2016.502,1327.572,555.315,47.124,72.283,72.188,72.319,44.929,1.446,2.855,0,75.775,60.62,72.532
0.0,24.735,40.0,60.0,40.0,1390.63,0,2002.0,1317.934,551.325,65.559,72.343,72.181,72.313,63.361,1.464,2.855,0,75.775,60.62,72.768
0.0,72.735,40.0,60.0,40.0,1387.13,0,1994.854,1313.175,549.363,46.963,72.419,72.216,72.386,44.761,1.472,2.855,0,75.775,60.62,72.954
0.0,24.735,40.0,60.0,40.0,1384.94,0,1990.366,1310.195,548.129,61.449,72.4,72.164,72.399,59.245,1.478,2.855,0,75.775,60.62,73.021
0.0,56.735,40.0,60.0,40.0,1378.54,0,1977.166,1301.4,544.5,53.305,72.434,72.229,72.419,51.097,1.493,2.854,0,75.775,60.62,72.974
0.0,40.735,40.0,60.0,40.0,1380.26,0,1980.722,1303.669,545.486,53.221,72.394,72.166,72.409,51.013,1.489,2.854,0,75.775,60.62,72.994
0.0,40.735,40.0,60.0,40.0,1372.84,0,1965.286,1293.176,541.253,66.789,72.464,72.212,72.428,64.578,1.507,2.854,0,75.775,60.62,73.127
0.0,56.735,40.0,60.0,40.0,1374.83,0,1969.44,1295.622,542.418,46.9,72.492,72.189,72.477,44.688,1.502,2.854,0,75.775,60.62,73.292
0.0,24.735,40.0,60.0,40.0,1369.89,0,1959.091,1288.39,539.597,65.448,72.515,72.179,72.497,63.235,1.514,2.854,0,75.775,60.62,73.399
0.0,72.735,40.0,60.0,40.0,1368.61,0,1956.416,1286.22,538.884,46.775,72.496,72.213,72.509,44.558,1.517,2.853,0,75.775,60.62,73.239
0.0,24.735,40.0,60.0,40.0,1367.57,0,1954.216,1284.399,538.301,61.208,72.471,72.161,72.478,58.992,1.519,2.853,0,75.775,60.62,73.286
0.0,56.735,40.0,60.0,40.0,1362.61,0,1943.709,1277.07,535.436,53.197,72.598,72.225,72.539,50.977,1.531,2.853,0,75.775,60.62,73.581
0.0,40.735,40.0,60.0,40.0,1365.27,0,1949.341,1280.514,537.008,53.005,72.59,72.165,72.586,50.786,1.525,2.853,0,75.775,60.62,73.708
0.0,38.117,40.0,60.0,40.0,1359.12,0,1936.264,1271.589,533.426,66.849,72.583,72.21,72.584,64.627,1.539,2.852,0,75.775,60.62,73.564
0.0,59.814,40.0,60.0,40.0,1363.71,0,1946.032,1277.873,536.128,46.564,72.458,72.208,72.528,44.343,1.528,2.853,0,75.775,60.62,73.115
0.0,12.338,40.0,60.0,40.0,1363.62,0,1945.856,1277.653,536.085,65.02,72.363,72.191,72.414,62.8,1.529,2.853,0,75.775,60.62,72.817
0.0,60.338,40.0,60.0,40.0,1366.21,0,1951.347,1281.22,537.601,51.201,72.467,72.267,72.428,48.981,1.522,2.853,0,75.775,60.62,72.992
0.0,42.953,40.0,60.0,40.0,1377.54,0,1975.09,1296.97,544.129,51.804,72.431,72.195,72.443,49.592,1.495,2.854,0,75.775,60.62,73.052
0.0,26.953,40.0,60.0,40.0,1376.75,0,1973.435,1295.92,543.671,67.032,72.502,72.232,72.463,64.822,1.497,2.854,0,75.775,60.62,73.211
0.0,74.953,40.0,60.0,40.0,1386.21,0,1992.954,1308.921,549.037,46.54,72.587,72.267,72.546,44.333,1.474,2.855,0,75.775,60.62,73.427
0.0,26.953,40.0,60.0,40.0,1395.71,0,2012.296,1321.848,554.351,60.891,72.595,72.202,72.579,58.692,1.451,2.855,0,75.775,60.62,73.63
0.0,43.075,40.0,60.0,40.0,1397.07,0,2015.042,1323.756,555.1,67.632,72.7,72.286,72.645,65.434,1.448,2.855,0,75.775,60.62,73.788
0.0,59.076,40.0,60.0,40.0,1411.99,0,2044.821,1343.624,563.284,46.832,72.65,72.25,72.669,44.641,1.411,2.855,0,75.775,60.62,73.7
0.0,13.75,40.0,60.0,40.0,1417.53,0,2055.715,1350.937,566.275,65.813,72.653,72.229,72.647,63.627,1.397,2.855,0,75.775,60.62,73.768
0.0,61.75,40.0,60.0,40.0,1422.93,0,2066.275,1358.027,569.172,51.366,72.697,72.306,72.681,49.182,1.383,2.854,0,75.775,60.62,73.723
0.0,43.868,40.0,60.0,40.0,1436.9,0,2093.238,1376.026,576.581,52.319,72.578,72.221,72.629,50.142,1.347,2.853,0,75.775,60.62,73.517
0.0,29.358,40.0,60.0,40.0,1436.65,0,2092.763,1375.725,576.451,67.521,72.68,72.258,72.632,65.346,1.348,2.853,0,75.775,60.62,73.79
0.0,77.134,40.0,60.0,40.0,1444.1,0,2106.949,1385.238,580.348,46.576,72.844,72.286,72.769,44.403,1.329,2.852,0,75.775,60.62,74.312
0.0,29.134,40.0,60.0,40.0,1451.2,0,2120.36,1394.144,584.031,61.516,72.871,72.208,72.843,59.346,1.31,2.851,0,75.775,60.62,74.613
0.0,45.56,40.0,60.0,40.0,1447.52,0,2113.408,1389.506,582.125,68.065,72.898,72.295,72.881,65.895,1.32,2.851,0,75.775,60.62,74.483
0.0,61.56,40.0,60.0,40.0,1455.99,0,2129.354,1400.175,586.502,46.773,72.759,72.249,72.826,44.606,1.298,2.85,0,75.775,60.62,74.1
0.0,14.022,40.0,60.0,40.0,1462.07,0,2129.547,1400.193,586.564,66.117,72.637,72.221,72.695,63.944,1.309,2.861,0,75.915,60.732,73.732
0.0,62.022,40.0,60.0,40.0,1458.76,0,2123.352,1396.087,584.857,51.367,72.715,72.3,72.692,49.191,1.317,2.861,0,75.915,60.732,73.807
0.0,44.966,40.0,60.0,40.0,1464.86,0,2134.739,1403.683,587.991,52.354,72.683,72.208,72.694,50.179,1.301,2.86,0,75.915,60.732,73.933
0.0,30.09,40.0,60.0,40.0,1457.46,0,2120.712,1394.239,584.139,67.682,72.815,72.247,72.75,65.507,1.321,2.862,0,75.918,60.734,74.308
0.0,77.353,40.0,60.0,40.0,1457.37,0,2120.554,1394.182,584.091,46.601,72.879,72.276,72.848,44.424,1.321,2.862,0,75.918,60.734,74.466
0.0,29.353,40.0,60.0,40.0,1458.3,0,2122.296,1395.293,584.573,61.582,72.886,72.199,72.872,59.406,1.319,2.862,0,75.918,60.734,74.694
0.0,46.311,40.0,60.0,40.0,1449.03,0,2104.784,1383.617,579.763,68.046,72.938,72.288,72.911,65.866,1.343,2.863,0,75.918,60.734,74.644
0.0,61.411,40.0,60.0,40.0,1453.25,0,2112.774,1388.974,581.956,46.844,72.861,72.243,72.898,44.664,1.332,2.863,0,75.918,60.734,74.489
0.0,13.823,40.0,60.0,40.0,1448.89,0,2104.538,1383.425,579.695,66.106,72.762,72.218,72.807,63.926,1.343,2.863,0,75.918,60.734,74.19
0.0,61.823,40.0,60.0,40.0,1443.56,0,2094.382,1376.7,576.903,51.433,72.783,72.3,72.785,49.25,1.357,2.864,0,75.918,60.734,74.054
0.0,45.267,40.0,60.0,40.0,1448.73,0,2104.221,1383.247,579.607,52.156,72.711,72.213,72.744,49.974,1.344,2.863,0,75.918,60.734,74.02
0.0,29.267,40.0,60.0,40.0,1440.47,0,2088.486,1372.74,575.282,67.597,72.809,72.253,72.762,65.413,1.365,2.864,0,75.918,60.734,74.273
0.0,77.267,40.0,60.0,40.0,1441.19,0,2089.859,1373.696,575.657,46.664,72.938,72.284,72.879,44.479,1.363,2.864,0,75.918,60.734,74.659
0.0,29.267,40.0,60.0,40.0,1443.08,0,2093.485,1376.084,576.653,61.412,72.907,72.211,72.908,59.228,1.358,2.864,0,75.918,60.734,74.736
0.0,45.267,40.0,60.0,40.0,1435.41,0,2078.736,1366.288,572.602,68.019,72.964,72.3,72.934,65.832,1.378,2.865,0,75.918,60.734,74.711
0.0,61.267,40.0,60.0,40.0,1441.99,0,2091.373,1374.724,576.074,46.335,72.978,72.257,72.971,44.149,1.361,2.864,0,75.918,60.734,74.875
0.0,13.267,40.0,60.0,40.0,1439.47,0,2086.55,1371.487,574.751,66.087,72.956,72.232,72.958,63.902,1.367,2.864,0,75.918,60.734,74.86
0.0,61.267,40.0,60.0,40.0,1436.33,0,2080.514,1367.501,573.089,51.673,73.06,72.315,73.015,49.486,1.375,2.865,0,75.918,60.734,75.018
0.0,45.267,40.0,60.0,40.0,1443.79,0,2094.822,1377.028,577.021,52.197,72.999,72.23,73.021,50.012,1.356,2.864,0,75.918,60.734,75.023
0.0,29.267,40.0,60.0,40.0,1437.83,0,2083.4,1369.414,573.881,67.796,73.043,72.268,73.021,65.611,1.371,2.864,0,75.918,60.734,75.079
0.0,77.267,40.0,60.0,40.0,1440.48,0,2088.486,1372.858,575.275,46.272,73.101,72.297,73.08,44.086,1.365,2.864,0,75.918,60.734,75.214
0.0,29.267,40.0,60.0,40.0,1443.15,0,2093.608,1376.292,576.683,61.45,72.987,72.221,73.034,59.266,1.358,2.864,0,75.918,60.734,75.005
0.0,45.267,40.0,60.0,40.0,1435.42,0,2078.771,1366.466,572.598,68.089,72.983,72.309,72.99,65.902,1.378,2.865,0,75.918,60.734,74.755
0.0,61.267,40.0,60.0,40.0,1441.66,0,2090.757,1374.512,575.893,46.42,72.923,72.265,72.955,44.234,1.362,2.864,0,75.918,60.734,74.653
0.0,13.267,40.0,60.0,40.0,1438.57,0,2084.843,1370.572,574.263,66.084,72.979,72.241,72.949,63.899,1.37,2.864,0,75.918,60.734,74.922
0.0,61.267,40.0,60.0,40.0,1435.02,0,2077.997,1366.061,572.38,51.638,73.116,72.324,73.053,49.451,1.379,2.865,0,75.918,60.734,75.199
0.0,45.238,40.0,60.0,40.0,1442.19,0,2091.778,1375.239,576.168,52.222,73.043,72.239,73.068,50.037,1.36,2.864,0,75.918,60.734,75.16
0.0,29.238,40.0,60.0,40.0,1435.95,0,2079.792,1367.242,572.875,67.819,73.059,72.28,73.05,65.633,1.376,2.865,0,75.918,60.734,75.108
0.0,77.238,40.0,60.0,40.0,1439.46,0,2086.55,1371.739,574.73,46.442,73.112,72.313,73.093,44.255,1.367,2.864,0,75.918,60.734,75.213
0.0,29.238,40.0,60.0,40.0,1443.86,0,2094.963,1377.297,577.048,61.518,73.128,72.238,73.112,59.334,1.356,2.864,0,75.918,60.734,75.467
0.0,45.238,40.0,60.0,40.0,1438.51,0,2084.72,1370.442,574.232,68.202,73.17,72.331,73.147,66.016,1.37,2.864,0,75.918,60.734,75.38
0.0,61.238,40.0,60.0,40.0,1447.07,0,2101.07,1381.313,578.73,46.833,73.117,72.256,73.142,44.65,1.348,2.863,0,75.918,60.734,75.382
0.0,13.3,40.0,60.0,40.0,1438.16,0,2084.051,1369.847,574.057,66.248,73.12,72.162,73.115,64.064,1.371,2.864,0,75.918,60.734,75.64
0.0,61.299,40.0,60.0,40.0,1413.03,0,2034.947,1337.123,560.565,51.64,73.134,72.181,73.134,49.445,1.434,2.866,0,75.918,60.734,75.643
0.0,45.299,40.0,60.0,40.0,1385.72,0,1979.613,1300.14,545.362,51.562,73.016,72.041,73.073,49.353,1.501,2.865,0,75.918,60.734,75.583
0.0,29.3,40.0,60.0,40.0,1305.52,0,1861.534,1221.268,512.919,67.051,73.002,72.022,73.015,64.823,1.583,2.81,0,75.301,60.241,75.577
0.0,67.062,40.0,60.0,40.0,1208.57,0,1767.075,1157.99,486.978,46.088,72.993,72.015,73.008,43.903,1.572,2.696,0,73.883,59.106,75.565
0.0,19.062,40.0,60.0,40.0,1118.24,0,1660.331,1086.281,457.681,61.357,72.916,71.94,72.957,59.209,1.571,2.589,0,72.608,58.086,75.482
0.0,50.529,40.0,60.0,40.0,1034.89,0,1550.572,1014.621,421.054,57.633,72.906,71.979,72.922,55.512,1.561,2.482,0,71.394,57.115,75.394
0.0,38.299,40.0,60.0,40.0,980.709,0,1463.484,959.485,385.398,52.062,72.907,71.93,72.909,49.943,1.555,2.409,0,70.665,56.532,75.638
0.0,22.299,40.0,60.0,40.0,929.501,0,1368.558,899.265,347.593,64.628,72.985,71.937,72.938,62.488,1.551,2.338,0,70.024,56.019,76.063
0.0,70.299,40.0,60.0,40.0,894.844,0,1301.314,855.434,321.644,44.964,72.97,71.969,72.973,42.797,1.546,2.286,0,69.587,55.67,76.02
0.0,22.299,40.0,60.0,40.0,870.186,0,1248.657,820.92,301.77,55.96,72.851,71.914,72.923,53.765,1.543,2.249,0,69.313,55.45,75.791
0.0,24.0,40.0,60.0,40.0,852.87,0,1212.885,798.223,288.392,65.302,72.886,71.933,72.881,63.081,1.54,2.223,0,69.109,55.288,75.943
0.0,67.331,40.0,60.0,40.0,848.268,0,1204.725,793.193,285.347,44.228,72.931,71.951,72.907,41.999,1.539,2.216,0,69.043,55.234,76.092
0.0,19.331,40.0,60.0,40.0,845.756,0,1198.199,788.959,282.945,55.372,72.87,71.887,72.901,53.14,1.539,2.212,0,69.026,55.221,76.051
0.0,20.265,40.0,60.0,40.0,837.099,0,1178.507,776.021,275.752,65.359,72.893,71.899,72.885,63.114,1.539,2.199,0,68.945,55.156,76.15
0.0,68.265,40.0,60.0,40.0,835.991,0,1177.827,774.944,275.584,44.743,72.863,71.929,72.885,42.493,1.537,2.197,0,68.916,55.133,75.921
0.0,20.265,40.0,60.0,40.0,837.009,0,1181.088,776.264,276.874,54.922,72.784,71.877,72.839,52.676,1.537,2.199,0,68.916,55.133,75.746
0.0,16.0,40.0,60.0,40.0,835.247,0,1175.451,771.969,274.9,66.277,72.82,71.895,72.809,64.028,1.538,2.196,0,68.916,55.133,75.853
0.0,64.0,40.0,60.0,40.0,838.703,0,1186.546,778.101,279.085,46.604,72.942,71.941,72.862,44.36,1.535,2.201,0,68.916,55.133,76.197
0.0,23.826,40.0,60.0,40.0,843.473,0,1202.061,786.984,284.928,54.025,72.994,71.901,72.937,51.796,1.532,2.207,0,68.916,55.133,76.51
0.0,16.0,40.0,60.0,40.0,844.144,0,1204.262,787.581,285.845,66.274,72.999,71.918,72.976,64.051,1.531,2.208,0,68.916,55.133,76.472
0.0,64.0,40.0,60.0,40.0,852.082,0,1230.588,803.956,295.678,46.828,73.059,71.965,73.014,44.622,1.525,2.219,0,68.916,55.133,76.519
0.0,22.628,40.0,60.0,40.0,862.536,0,1265.942,826.524,308.959,55.536,73.075,71.926,73.052,53.365,1.516,2.233,0,68.916,55.133,76.637
0.0,20.0,40.0,60.0,40.0,867.441,0,1282.716,837.352,315.306,65.982,73.05,71.943,73.058,63.832,1.511,2.24,0,68.916,55.133,76.45
0.0,68.0,40.0,60.0,40.0,875.764,0,1311.334,855.367,326.274,46.236,73.078,71.971,73.065,44.108,1.503,2.251,0,68.916,55.133,76.422
0.0,20.0,40.0,60.0,40.0,882.001,0,1332.829,869.074,334.562,57.778,73.036,71.923,73.057,55.674,1.496,2.259,0,68.916,55.133,76.36
0.0,28.816,40.0,60.0,40.0,882.327,0,1333.952,870.111,334.958,65.791,73.05,71.948,73.044,63.694,1.496,2.259,0,68.916,55.133,76.34
0.0,60.816,40.0,60.0,40.0,887.364,0,1351.291,881.121,341.697,46.008,73.144,71.967,73.089,43.921,1.49,2.266,0,68.916,55.133,76.624
0.0,12.816,40.0,60.0,40.0,889.604,0,1358.991,886.07,344.692,60.759,73.128,71.929,73.122,58.684,1.488,2.269,0,68.916,55.133,76.659
0.0,44.816,40.0,60.0,40.0,888.519,0,1355.263,883.828,343.223,65.821,73.188,71.967,73.147,63.745,1.489,2.267,0,68.916,55.133,76.788
0.0,44.816,40.0,60.0,40.0,891.585,0,1365.79,890.326,347.361,48.994,73.169,71.945,73.174,46.923,1.486,2.271,0,68.916,55.133,76.761
0.0,12.816,40.0,60.0,40.0,889.055,0,1357.104,884.845,343.96,64.305,73.127,71.932,73.15,62.233,1.488,2.268,0,68.916,55.133,76.648
0.0,60.816,40.0,60.0,40.0,887.78,0,1352.725,881.954,342.265,50.902,73.17,71.972,73.149,48.823,1.49,2.266,0,68.916,55.133,76.707
0.0,32.974,40.0,60.0,40.0,888.563,0,1355.415,883.402,343.344,53.58,73.211,71.929,73.18,51.503,1.489,2.267,0,68.916,55.133,76.99
0.0,26.048,40.0,60.0,40.0,882.959,0,1336.129,871.218,335.836,65.215,73.301,71.925,73.237,63.128,1.495,2.26,0,68.916,55.133,77.4
0.0,71.244,40.0,60.0,40.0,878.96,0,1322.35,862.595,330.489,47.086,73.274,71.934,73.278,44.985,1.5,2.255,0,68.916,55.133,77.297
0.0,23.244,40.0,60.0,40.0,872.894,0,1301.453,849.631,322.414,57.19,73.211,71.89,73.247,55.074,1.506,2.247,0,68.916,55.133,77.225
0.0,35.651,40.0,60.0,40.0,862.654,0,1266.343,827.767,308.987,65.407,73.275,71.914,73.244,63.261,1.516,2.234,0,68.916,55.133,77.495
0.0,54.324,40.0,60.0,40.0,858.492,0,1252.189,818.81,303.639,46.081,73.245,71.921,73.261,43.915,1.519,2.228,0,68.916,55.133,77.383
0.0,6.324,40.0,60.0,40.0,852.325,0,1231.4,805.723,295.823,61.412,73.217,71.901,73.235,59.229,1.525,2.219,0,68.916,55.133,77.379
0.0,54.144,40.0,60.0,40.0,846.765,0,1212.895,793.95,288.932,55.178,73.299,71.942,73.252,52.973,1.529,2.212,0,68.916,55.133,77.64
0.0,38.144,40.0,60.0,40.0,845.525,0,1208.801,791.212,287.431,50.18,73.263,71.918,73.276,47.967,1.53,2.21,0,68.916,55.133,77.581
0.0,9.988,40.0,60.0,40.0,839.85,0,1190.256,779.307,280.597,63.952,73.215,71.917,73.246,61.725,1.534,2.202,0,68.916,55.133,77.427
0.0,57.988,40.0,60.0,40.0,837.913,0,1184.0,775.106,278.325,50.502,73.25,71.965,73.236,48.262,1.536,2.2,0,68.916,55.133,77.436
0.0,31.463,40.0,60.0,40.0,840.02,0,1190.805,779.282,280.847,51.706,73.28,71.938,73.257,49.469,1.534,2.203,0,68.916,55.133,77.637
0.0,16.0,40.0,60.0,40.0,837.628,0,1183.083,774.28,278.02,64.843,73.324,71.945,73.287,62.603,1.536,2.199,0,68.916,55.133,77.817
0.0,64.0,40.0,60.0,40.0,839.724,0,1189.848,778.423,280.526,47.3,73.351,71.988,73.325,45.06,1.534,2.202,0,68.916,55.133,77.773
0.0,31.02,40.0,60.0,40.0,843.638,0,1202.601,786.484,285.236,51.588,73.291,71.948,73.322,49.362,1.531,2.208,0,68.916,55.133,77.615
0.0,8.954,40.0,60.0,40.0,841.192,0,1194.616,781.449,282.283,65.892,73.258,71.952,73.285,63.664,1.533,2.204,0,68.916,55.133,77.483
0.0,56.954,40.0,60.0,40.0,843.306,0,1201.513,785.78,284.835,51.132,73.272,72.008,73.271,48.904,1.532,2.207,0,68.916,55.133,77.345
0.0,34.608,40.0,60.0,40.0,849.631,0,1222.403,798.954,292.6,50.255,73.305,71.975,73.283,48.045,1.527,2.216,0,68.916,55.133,77.533
0.0,8.0,40.0,60.0,40.0,849.815,0,1223.015,799.434,292.816,65.308,73.406,71.974,73.332,63.106,1.526,2.216,0,68.916,55.133,77.959
0.0,56.0,40.0,60.0,40.0,853.27,0,1234.571,806.659,297.146,51.995,73.501,72.026,73.419,49.799,1.524,2.221,0,68.916,55.133,78.153
0.0,34.628,40.0,60.0,40.0,860.266,0,1258.21,821.499,306.052,50.588,73.646,71.991,73.53,48.414,1.518,2.23,0,68.916,55.133,78.796
0.0,8.0,40.0,60.0,40.0,860.911,0,1260.405,822.98,306.87,65.828,73.695,71.99,73.632,63.663,1.517,2.231,0,68.916,55.133,78.998
0.0,56.0,40.0,60.0,40.0,864.591,0,1272.959,830.863,311.633,52.175,73.641,72.043,73.658,50.017,1.514,2.236,0,68.916,55.133,78.575
0.0,35.78,40.0,60.0,40.0,871.939,0,1298.164,846.641,321.267,50.683,73.552,72.002,73.61,48.547,1.507,2.246,0,68.916,55.133,78.267
0.0,8.0,40.0,60.0,40.0,872.162,0,1298.933,847.239,321.548,66.038,73.615,71.998,73.587,63.91,1.506,2.246,0,68.916,55.133,78.532
0.0,56.0,40.0,60.0,40.0,874.957,0,1308.553,853.303,325.243,52.709,73.746,72.047,73.661,50.586,1.504,2.25,0,68.916,55.133,78.885
0.0,37.918,40.0,60.0,40.0,881.72,0,1331.861,867.925,334.254,51.15,73.717,72.036,73.712,49.045,1.497,2.259,0,68.916,55.133,78.738
0.0,8.0,40.0,60.0,40.0,888.438,0,1354.987,882.695,343.232,66.426,73.782,72.104,73.734,64.339,1.489,2.267,0,68.916,55.133,78.729
0.0,56.0,40.0,60.0,40.0,907.728,0,1420.661,923.989,369.174,53.293,73.973,72.222,73.846,51.246,1.465,2.29,0,68.916,55.133,78.96
0.0,40.0,40.0,60.0,40.0,938.501,0,1521.157,986.739,409.939,50.929,74.123,72.224,74.007,48.947,1.42,2.319,0,68.916,55.133,79.274
0.0,14.218,40.0,60.0,40.0,966.695,0,1607.241,1041.168,443.777,66.575,74.209,72.261,74.133,64.649,1.371,2.339,0,68.916,55.133,79.318
0.0,62.218,40.0,60.0,40.0,1002.66,0,1708.733,1109.451,471.617,51.115,74.334,72.35,74.25,49.236,1.288,2.354,0,68.916,55.133,79.541
0.0,31.157,40.0,60.0,40.0,1103.51,0,1834.466,1193.968,506.113,58.811,74.358,72.317,74.33,56.925,1.263,2.462,0,70.374,56.299,79.715
0.0,45.197,40.0,60.0,40.0,1203.75,0,1929.646,1258.72,532.178,68.464,74.351,72.376,74.348,66.516,1.269,2.575,0,71.961,57.569,79.541
0.0,57.7,40.0,60.0,40.0,1323.86,0,2035.264,1330.937,561.074,48.589,74.223,72.331,74.288,46.564,1.269,2.703,0,73.753,59.003,79.195
0.0,25.7,40.0,60.0,40.0,1411.51,0,2099.557,1375.78,578.614,67.581,74.19,72.316,74.209,65.479,1.286,2.8,0,75.094,60.075,79.117
0.0,73.7,40.0,60.0,40.0,1483.98,0,2156.862,1416.335,594.208,48.69,74.114,72.341,74.161,46.534,1.283,2.871,0,76.082,60.866,78.779
0.0,25.7,40.0,60.0,40.0,1554.36,0,2203.766,1449.73,606.961,64.145,74.095,72.272,74.102,61.931,1.296,2.946,0,77.097,61.678,78.893
0.0,57.7,40.0,60.0,40.0,1567.2,0,2210.965,1455.735,608.861,54.695,74.193,72.341,74.153,52.454,1.301,2.961,0,77.294,61.835,79.063
0.0,41.7,40.0,60.0,40.0,1596.31,0,2231.733,1470.04,614.541,55.662,74.223,72.264,74.202,53.404,1.301,2.989,0,77.678,62.143,79.378
0.0,44.176,40.0,60.0,40.0,1593.62,0,2225.01,1465.568,612.688,69.38,74.281,72.316,74.249,67.112,1.314,2.992,0,77.705,62.164,79.449
0.0,60.176,40.0,60.0,40.0,1596.94,0,2230.765,1469.459,614.268,48.449,74.241,72.252,74.258,46.181,1.305,2.991,0,77.705,62.164,79.474
0.0,28.176,40.0,60.0,40.0,1586.25,0,2212.021,1456.988,609.113,67.975,74.27,72.221,74.252,65.705,1.333,2.994,0,77.706,62.165,79.664
0.0,76.176,40.0,60.0,40.0,1569.12,0,2181.749,1437.049,600.781,48.08,74.266,72.238,74.274,45.804,1.377,2.997,0,77.706,62.165,79.603
0.0,28.176,40.0,60.0,40.0,1549.47,0,2146.39,1413.602,591.052,63.17,74.236,72.171,74.245,60.887,1.426,3.0,0,77.706,62.165,79.672
0.0,60.176,40.0,60.0,40.0,1523.62,0,2098.642,1381.6,577.94,52.949,74.277,72.24,74.263,50.654,1.49,3.002,0,77.706,62.165,79.636
0.0,44.176,40.0,60.0,40.0,1510.11,0,2073.069,1364.088,570.942,53.308,74.224,72.17,74.246,51.004,1.523,3.003,0,77.706,62.165,79.629
0.0,44.176,40.0,60.0,40.0,1481.87,0,2027.062,1332.725,558.342,68.533,74.237,72.216,74.23,66.219,1.572,2.994,0,77.604,62.083,79.555
0.0,60.176,40.0,60.0,40.0,1449.13,0,2001.842,1315.329,551.447,47.33,74.275,72.179,74.258,45.03,1.567,2.958,0,77.145,61.716,79.788
0.0,24.858,40.0,60.0,40.0,1401.27,0,1957.683,1285.358,539.343,66.568,74.325,72.172,74.292,64.289,1.571,2.91,0,76.533,61.226,79.986
0.0,72.858,40.0,60.0,40.0,1368.22,0,1932.973,1268.23,532.599,47.564,74.408,72.22,74.369,45.312,1.561,2.87,0,76.029,60.823,80.162
0.0,24.858,40.0,60.0,40.0,1351.96,0,1916.57,1256.592,528.137,62.389,74.324,72.181,74.355,60.149,1.564,2.854,0,75.823,60.658,79.961
0.0,56.858,40.0,60.0,40.0,1330.61,0,1899.374,1244.484,523.452,54.525,74.392,72.256,74.365,52.3,1.558,2.829,0,75.499,60.399,80.005
0.0,40.858,40.0,60.0,40.0,1333.71,0,1905.904,1248.285,525.284,54.042,74.269,72.204,74.329,51.824,1.552,2.83,0,75.502,60.402,79.697
0.0,40.858,40.0,60.0,40.0,1325.68,0,1894.059,1240.209,522.044,68.217,74.216,72.246,74.247,65.998,1.559,2.824,0,75.438,60.35,79.394
0.0,59.176,40.0,60.0,40.0,1327.96,0,1901.258,1245.064,524.014,47.711,74.235,72.232,74.235,45.496,1.55,2.823,0,75.414,60.332,79.498
0.0,27.176,40.0,60.0,40.0,1326.22,0,1897.421,1242.757,522.944,66.243,74.238,72.23,74.231,64.03,1.554,2.822,0,75.414,60.332,79.513
0.0,75.176,40.0,60.0,40.0,1329.59,0,1904.83,1247.787,524.976,47.219,74.334,72.267,74.29,45.006,1.546,2.823,0,75.414,60.332,79.769
0.0,27.176,40.0,60.0,40.0,1334.17,0,1914.862,1254.532,527.727,61.396,74.362,72.217,74.337,59.188,1.536,2.824,0,75.414,60.332,80.003
0.0,57.77,40.0,60.0,40.0,1335.16,0,1917.01,1255.948,528.317,53.396,74.436,72.285,74.395,51.189,1.533,2.824,0,75.414,60.332,80.091
0.0,41.77,40.0,60.0,40.0,1344.23,0,1936.598,1268.89,533.708,53.398,74.528,72.225,74.474,51.196,1.512,2.826,0,75.414,60.332,80.574
0.0,41.77,40.0,60.0,40.0,1344.16,0,1936.44,1268.858,533.664,68.367,74.615,72.265,74.561,66.167,1.512,2.826,0,75.414,60.332,80.791
0.0,57.77,40.0,60.0,40.0,1350.2,0,1949.323,1277.672,537.191,47.368,74.596,72.233,74.601,45.172,1.498,2.826,0,75.414,60.332,80.806
0.0,25.77,40.0,60.0,40.0,1347.44,0,1943.445,1274.238,535.54,66.808,74.555,72.226,74.57,64.613,1.504,2.826,0,75.414,60.332,80.676
0.0,73.77,40.0,60.0,40.0,1348.6,0,1945.926,1276.218,536.202,47.264,74.54,72.269,74.557,45.068,1.502,2.826,0,75.414,60.332,80.509
0.0,25.77,40.0,60.0,40.0,1352.25,0,1953.67,1281.548,538.317,62.118,74.481,72.221,74.508,59.925,1.493,2.827,0,75.414,60.332,80.425
0.0,57.77,40.0,60.0,40.0,1352.3,0,1953.776,1281.657,538.345,53.537,74.524,72.282,74.51,51.344,1.493,2.827,0,75.414,60.332,80.417
0.0,41.77,40.0,60.0,40.0,1358.03,0,1965.832,1289.825,541.649,53.381,74.481,72.211,74.499,51.192,1.479,2.827,0,75.414,60.332,80.453
0.0,41.77,40.0,60.0,40.0,1352.54,0,1954.286,1282.391,538.456,68.3,74.515,72.262,74.498,66.109,1.492,2.827,0,75.414,60.332,80.441
0.0,57.77,40.0,60.0,40.0,1356.69,0,1963.016,1288.26,540.855,47.345,74.496,72.242,74.506,45.155,1.482,2.827,0,75.414,60.332,80.423
0.0,25.77,40.0,60.0,40.0,1355.33,0,1960.165,1286.301,540.077,66.812,74.6,72.239,74.543,64.622,1.486,2.827,0,75.414,60.332,80.805
0.0,73.77,40.0,60.0,40.0,1358.54,0,1966.906,1290.534,541.946,47.149,74.648,72.275,74.626,44.959,1.478,2.827,0,75.414,60.332,80.89
0.0,25.77,40.0,60.0,40.0,1361.75,0,1973.611,1294.811,543.798,62.297,74.501,72.212,74.564,60.111,1.47,2.827,0,75.414,60.332,80.52
0.0,57.77,40.0,60.0,40.0,1357.98,0,1965.726,1289.506,541.636,53.344,74.518,72.278,74.52,51.157,1.479,2.827,0,75.414,60.332,80.409
0.0,41.77,40.0,60.0,40.0,1361.72,0,1973.541,1294.619,543.791,53.215,74.535,72.209,74.529,51.029,1.47,2.827,0,75.414,60.332,80.649
0.0,41.77,40.0,60.0,40.0,1354.01,0,1957.384,1283.968,539.34,68.335,74.524,72.243,74.526,66.146,1.489,2.827,0,75.414,60.332,80.52
0.0,57.77,40.0,60.0,40.0,1351.46,0,1951.998,1280.715,537.838,47.212,74.473,72.209,74.502,45.02,1.495,2.827,0,75.414,60.332,80.427
0.0,25.77,40.0,60.0,40.0,1339.54,0,1926.514,1264.344,530.793,66.608,74.437,72.192,74.454,64.409,1.523,2.825,0,75.414,60.332,80.338
0.0,73.77,40.0,60.0,40.0,1329.57,0,1904.778,1250.526,524.777,47.564,74.457,72.224,74.457,45.356,1.547,2.823,0,75.414,60.332,80.33
0.0,25.77,40.0,60.0,40.0,1314.81,0,1881.264,1235.594,518.265,61.831,74.405,72.17,74.427,59.617,1.564,2.813,0,75.314,60.251,80.284
0.0,57.77,40.0,60.0,40.0,1279.99,0,1849.091,1214.968,509.369,53.316,74.435,72.23,74.427,51.115,1.561,2.773,0,74.809,59.847,80.234
0.0,41.77,40.0,60.0,40.0,1265.46,0,1834.677,1206.153,505.356,52.801,74.341,72.173,74.389,50.612,1.56,2.757,0,74.604,59.683,80.043
0.0,41.77,40.0,60.0,40.0,1231.72,0,1798.949,1183.118,495.482,67.651,74.259,72.212,74.306,65.475,1.561,2.719,0,74.138,59.31,79.645
0.0,57.77,40.0,60.0,40.0,1215.97,0,1785.221,1174.663,491.665,46.729,74.269,72.201,74.275,44.567,1.556,2.699,0,73.883,59.106,79.71
0.0,17.251,40.0,60.0,40.0,1196.3,0,1762.482,1159.81,485.396,65.479,74.307,72.202,74.284,63.324,1.558,2.677,0,73.617,58.894,79.847
0.0,65.251,40.0,60.0,40.0,1190.19,0,1761.214,1158.784,485.061,49.626,74.389,72.275,74.346,47.482,1.549,2.667,0,73.474,58.779,79.951
0.0,33.251,40.0,60.0,40.0,1197.65,0,1779.712,1170.564,490.181,57.186,74.43,72.235,74.396,55.05,1.533,2.67,0,73.474,58.779,80.205
0.0,48.414,40.0,60.0,40.0,1202.61,0,1791.856,1177.827,493.574,62.388,74.537,72.294,74.474,60.259,1.522,2.672,0,73.474,58.779,80.438
0.0,48.414,40.0,60.0,40.0,1215.0,0,1821.688,1196.904,501.822,49.652,74.509,72.254,74.514,47.534,1.493,2.676,0,73.474,58.779,80.442
0.0,32.415,40.0,60.0,40.0,1219.86,0,1833.181,1204.002,505.018,67.349,74.545,72.279,74.522,65.239,1.482,2.677,0,73.474,58.779,80.507
0.0,64.415,40.0,60.0,40.0,1232.43,0,1862.432,1222.822,513.103,46.916,74.526,72.306,74.539,44.814,1.452,2.68,0,73.474,58.779,80.368
0.0,16.415,40.0,60.0,40.0,1245.51,0,1892.194,1241.919,521.335,64.864,74.499,72.287,74.506,62.774,1.421,2.682,0,73.474,58.779,80.316
0.0,64.415,40.0,60.0,40.0,1260.58,0,1925.651,1263.36,530.582,49.954,74.636,72.353,74.572,47.875,1.383,2.684,0,73.474,58.779,80.637
0.0,33.143,40.0,60.0,40.0,1281.63,0,1970.971,1292.759,543.096,58.644,74.698,72.298,74.654,56.579,1.33,2.684,0,73.474,58.779,81.005
0.0,49.143,40.0,60.0,40.0,1296.24,0,2001.595,1312.418,551.559,61.992,74.848,72.369,74.765,59.936,1.292,2.684,0,73.474,58.779,81.366
0.0,49.696,40.0,60.0,40.0,1361.42,0,2060.098,1350.751,567.686,49.675,74.913,72.32,74.872,47.598,1.284,2.748,0,74.373,59.498,81.729
0.0,33.696,40.0,60.0,40.0,1400.11,0,2087.307,1368.226,575.203,68.662,74.89,72.348,74.891,66.549,1.293,2.792,0,74.974,59.979,81.576
0.0,66.376,40.0,60.0,40.0,1449.21,0,2128.403,1395.261,586.522,47.676,74.821,72.355,74.86,45.534,1.287,2.839,0,75.628,60.503,81.307
0.0,18.393,40.0,60.0,40.0,1495.63,0,2159.766,1415.711,595.174,66.466,74.792,72.319,74.803,64.286,1.297,2.889,0,76.315,61.052,81.295
0.0,66.393,40.0,60.0,40.0,1524.52,0,2182.47,1430.713,601.422,50.459,74.838,72.378,74.827,48.256,1.294,2.916,0,76.691,61.353,81.307
0.0,34.393,40.0,60.0,40.0,1570.4,0,2214.133,1451.704,610.132,60.296,74.751,72.299,74.786,58.062,1.298,2.963,0,77.326,61.86,81.197
0.0,54.315,40.0,60.0,40.0,1584.85,0,2223.32,1457.665,612.665,59.032,74.748,72.374,74.755,56.78,1.301,2.978,0,77.531,62.025,80.99
0.0,54.315,40.0,60.0,40.0,1617.74,0,2247.15,1473.796,619.203,49.694,74.618,72.297,74.678,47.423,1.3,3.009,0,77.954,62.363,80.722
0.0,38.315,40.0,60.0,40.0,1623.89,0,2248.312,1474.29,619.538,69.284,74.695,72.323,74.661,66.998,1.308,3.019,0,78.075,62.46,80.934
0.0,70.315,40.0,60.0,40.0,1631.91,0,2256.021,1479.701,621.643,48.237,74.765,72.317,74.739,45.948,1.302,3.024,0,78.151,62.521,81.205
0.0,23.452,40.0,60.0,40.0,1637.47,0,2256.989,1480.227,621.915,67.003,74.758,72.276,74.749,64.707,1.31,3.033,0,78.26,62.608,81.286
0.0,71.452,40.0,60.0,40.0,1635.16,0,2253.064,1477.629,620.831,50.183,74.895,72.322,74.84,47.884,1.316,3.033,0,78.26,62.608,81.662
0.0,39.452,40.0,60.0,40.0,1632.98,0,2249.35,1475.336,619.798,57.971,74.795,72.232,74.832,55.672,1.321,3.034,0,78.26,62.608,81.536
0.0,55.452,40.0,60.0,40.0,1619.64,0,2226.435,1460.129,613.497,57.104,74.782,72.292,74.792,54.802,1.356,3.037,0,78.26,62.608,81.333
0.0,55.452,40.0,60.0,40.0,1606.03,0,2202.763,1445.022,606.948,49.302,74.745,72.217,74.765,46.995,1.39,3.04,0,78.26,62.608,81.393
0.0,39.374,40.0,60.0,40.0,1579.35,0,2155.402,1414.005,593.896,68.672,74.784,72.235,74.763,66.356,1.457,3.043,0,78.26,62.608,81.486
0.0,67.885,40.0,60.0,40.0,1558.48,0,2117.386,1389.161,583.412,47.803,74.82,72.226,74.806,45.476,1.508,3.045,0,78.26,62.608,81.642
0.0,19.885,40.0,60.0,40.0,1535.66,0,2074.67,1361.052,571.648,66.135,74.836,72.198,74.821,63.796,1.563,3.045,0,78.26,62.608,81.772
0.0,67.885,40.0,60.0,40.0,1487.69,0,2034.05,1334.228,560.468,50.135,74.806,72.269,74.824,47.808,1.567,2.998,0,77.655,62.124,81.474
0.0,35.885,40.0,60.0,40.0,1471.37,0,2020.005,1325.0,556.6,58.625,74.827,72.213,74.814,56.312,1.568,2.982,0,77.446,61.957,81.7
0.0,51.885,40.0,60.0,40.0,1438.23,0,1993.464,1307.412,549.296,59.517,74.864,72.29,74.846,57.222,1.564,2.946,0,76.989,61.591,81.632
0.0,51.885,40.0,60.0,40.0,1439.23,0,1998.04,1310.44,550.554,49.063,74.802,72.248,74.831,46.779,1.557,2.944,0,76.96,61.568,81.517
0.0,35.885,40.0,60.0,40.0,1426.32,0,1983.344,1300.636,546.519,68.301,74.767,72.279,74.784,66.02,1.564,2.933,0,76.828,61.462,81.309
0.0,67.885,40.0,60.0,40.0,1428.13,0,1991.704,1306.101,548.824,47.466,74.743,72.283,74.766,45.192,1.55,2.93,0,76.775,61.42,81.209
0.0,19.885,40.0,60.0,40.0,1425.69,0,1986.723,1302.942,547.444,65.328,74.637,72.234,74.687,63.056,1.556,2.929,0,76.775,61.42,80.954
0.0,67.885,40.0,60.0,40.0,1410.21,0,1970.971,1292.85,543.088,49.842,74.656,72.288,74.66,47.572,1.561,2.915,0,76.593,61.274,80.877
0.0,35.885,40.0,60.0,40.0,1407.11,0,1967.011,1290.615,541.973,58.071,74.563,72.225,74.608,55.804,1.563,2.913,0,76.565,61.252,80.706
0.0,51.885,40.0,60.0,40.0,1379.65,0,1942.406,1274.733,535.174,59.175,74.615,72.277,74.596,56.918,1.563,2.883,0,76.195,60.956,80.758
0.0,51.885,40.0,60.0,40.0,1370.55,0,1934.856,1270.368,533.058,48.709,74.526,72.22,74.573,46.462,1.562,2.873,0,76.063,60.851,80.591
0.0,35.885,40.0,60.0,40.0,1333.07,0,1897.368,1246.221,522.701,67.62,74.387,72.23,74.461,65.386,1.567,2.834,0,75.58,60.464,80.058
0.0,67.885,40.0,60.0,40.0,1307.05,0,1875.914,1232.783,516.745,46.916,74.282,72.237,74.353,44.702,1.56,2.803,0,75.183,60.147,79.658
0.0,19.885,40.0,60.0,40.0,1278.02,0,1845.166,1213.01,508.246,63.917,74.237,72.212,74.266,61.716,1.564,2.772,0,74.803,59.842,79.562
0.0,64.897,40.0,60.0,40.0,1253.55,0,1824.698,1199.741,502.6,49.937,74.367,72.282,74.309,47.754,1.556,2.742,0,74.414,59.531,79.85
0.0,32.897,40.0,60.0,40.0,1254.03,0,1826.035,1200.598,502.969,57.891,74.432,72.245,74.386,55.715,1.555,2.742,0,74.411,59.529,80.183
0.0,48.897,40.0,60.0,40.0,1250.72,0,1823.712,1198.674,502.353,61.832,74.563,72.319,74.485,59.658,1.553,2.738,0,74.353,59.483,80.465
0.0,48.897,40.0,60.0,40.0,1262.0,0,1850.042,1215.56,509.633,49.556,74.577,72.295,74.557,47.39,1.527,2.741,0,74.353,59.483,80.581
0.0,32.897,40.0,60.0,40.0,1269.67,0,1867.642,1226.504,514.52,67.629,74.689,72.319,74.623,65.472,1.509,2.743,0,74.353,59.483,80.925
0.0,66.801,40.0,60.0,40.0,1283.5,0,1898.758,1246.536,523.121,47.281,74.684,72.323,74.684,45.135,1.477,2.746,0,74.353,59.483,80.897
0.0,18.801,40.0,60.0,40.0,1291.44,0,1916.288,1257.877,527.963,64.755,74.578,72.278,74.625,62.618,1.458,2.747,0,74.353,59.483,80.632
0.0,66.801,40.0,60.0,40.0,1295.03,0,1924.138,1262.976,530.128,49.78,74.575,72.328,74.588,47.646,1.449,2.748,0,74.353,59.483,80.489
0.0,34.801,40.0,60.0,40.0,1301.91,0,1939.045,1272.818,534.232,58.017,74.604,72.269,74.59,55.888,1.432,2.748,0,74.353,59.483,80.75
0.0,50.801,40.0,60.0,40.0,1301.6,0,1938.376,1272.285,534.053,59.924,74.629,72.332,74.615,57.797,1.433,2.748,0,74.353,59.483,80.673
0.0,50.801,40.0,60.0,40.0,1310.48,0,1957.384,1284.765,539.289,49.172,74.595,72.292,74.608,47.049,1.411,2.749,0,74.353,59.483,80.652
0.0,34.801,40.0,60.0,40.0,1312.73,0,1962.171,1287.713,540.621,67.984,74.726,72.319,74.656,65.864,1.405,2.749,0,74.353,59.483,81.058
0.0,66.801,40.0,60.0,40.0,1322.58,0,1982.869,1301.133,546.336,47.593,74.855,72.333,74.788,45.478,1.381,2.749,0,74.353,59.483,81.489
0.0,18.801,40.0,60.0,40.0,1330.83,0,1999.976,1312.156,551.061,65.539,74.925,72.305,74.875,63.429,1.36,2.749,0,74.353,59.483,81.815
0.0,66.801,40.0,60.0,40.0,1338.81,0,2016.326,1322.652,555.581,50.354,74.872,72.365,74.896,48.248,1.339,2.749,0,74.353,59.483,81.463
0.0,34.801,40.0,60.0,40.0,1352.08,0,2043.131,1340.163,562.971,59.08,74.803,72.305,74.832,56.98,1.305,2.747,0,74.353,59.483,81.372
0.0,51.267,40.0,60.0,40.0,1363.5,0,2057.862,1349.658,567.044,59.976,74.961,72.379,74.891,57.878,1.293,2.754,0,74.451,59.561,81.752
0.0,51.274,40.0,60.0,40.0,1407.13,0,2094.083,1373.471,577.021,49.879,74.875,72.326,74.91,47.762,1.291,2.798,0,75.058,60.046,81.577
0.0,37.999,40.0,60.0,40.0,1425.2,0,2104.96,1380.354,580.034,68.848,74.849,72.356,74.859,66.709,1.298,2.819,0,75.353,60.283,81.407
0.0,69.999,40.0,60.0,40.0,1456.02,0,2131.888,1398.139,587.442,47.83,74.816,72.357,74.84,45.676,1.291,2.847,0,75.744,60.595,81.285
0.0,21.999,40.0,60.0,40.0,1482.49,0,2148.133,1408.637,591.93,66.297,74.847,72.318,74.828,64.118,1.301,2.878,0,76.158,60.926,81.498
0.0,69.999,40.0,60.0,40.0,1491.04,0,2156.37,1414.061,594.199,50.262,74.957,72.376,74.91,48.075,1.297,2.885,0,76.252,61.002,81.74
0.0,37.999,40.0,60.0,40.0,1521.13,0,2177.507,1428.036,600.017,59.619,74.974,72.303,74.955,57.414,1.3,2.916,0,76.676,61.341,81.993
0.0,55.694,40.0,60.0,40.0,1521.72,0,2176.434,1427.272,599.724,56.953,75.067,72.359,75.025,54.74,1.304,2.918,0,76.704,61.363,82.189
0.0,55.694,40.0,60.0,40.0,1534.01,0,2185.955,1433.9,602.323,49.581,74.881,72.274,74.964,47.361,1.302,2.929,0,76.863,61.49,81.739
0.0,39.694,40.0,60.0,40.0,1523.02,0,2166.331,1421.101,596.909,68.759,74.76,72.291,74.821,66.534,1.331,2.932,0,76.861,61.489,81.257
0.0,70.764,40.0,60.0,40.0,1512.1,0,2146.426,1408.498,591.393,47.896,74.696,72.278,74.74,45.666,1.359,2.933,0,76.861,61.489,81.054
0.0,22.764,40.0,60.0,40.0,1496.63,0,2117.826,1389.992,583.496,65.39,74.701,72.24,74.699,63.154,1.398,2.936,0,76.861,61.489,81.171
0.0,70.764,40.0,60.0,40.0,1479.65,0,2085.811,1369.171,574.666,49.824,74.769,72.295,74.744,47.579,1.441,2.937,0,76.861,61.489,81.276
0.0,38.764,40.0,60.0,40.0,1469.83,0,2066.979,1356.995,569.467,57.357,74.735,72.229,74.745,55.107,1.465,2.937,0,76.861,61.489,81.326
0.0,54.764,40.0,60.0,40.0,1453.05,0,2034.243,1335.458,560.449,57.377,74.719,72.295,74.728,55.118,1.506,2.937,0,76.861,61.489,81.094
0.0,54.764,40.0,60.0,40.0,1447.82,0,2023.877,1328.694,557.591,49.04,74.7,72.247,74.711,46.775,1.519,2.937,0,76.861,61.489,81.149
0.0,35.899,40.0,60.0,40.0,1434.33,0,1996.79,1310.756,550.136,68.038,74.669,72.26,74.683,65.766,1.551,2.936,0,76.861,61.489,81.007
0.0,67.899,40.0,60.0,40.0,1421.34,0,1979.842,1299.63,545.468,47.852,74.617,72.266,74.65,45.577,1.562,2.927,0,76.752,61.401,80.801
0.0,19.899,40.0,60.0,40.0,1398.24,0,1957.56,1284.995,539.327,65.258,74.58,72.248,74.598,62.99,1.566,2.904,0,76.463,61.171,80.716
0.0,67.899,40.0,60.0,40.0,1382.23,0,1947.493,1278.392,536.557,50.079,74.589,72.312,74.592,47.826,1.558,2.884,0,76.199,60.959,80.577
0.0,35.899,40.0,60.0,40.0,1384.24,0,1951.4,1281.048,537.625,58.189,74.677,72.26,74.629,55.941,1.554,2.885,0,76.203,60.962,81.032
0.0,51.899,40.0,60.0,40.0,1379.43,0,1945.011,1276.759,535.869,59.522,74.838,72.336,74.751,57.275,1.558,2.881,0,76.161,60.929,81.416
0.0,51.899,40.0,60.0,40.0,1389.35,0,1965.515,1290.281,541.515,49.428,74.839,72.291,74.827,47.186,1.535,2.883,0,76.165,60.932,81.54
0.0,35.899,40.0,60.0,40.0,1389.42,0,1965.656,1290.397,541.554,68.328,74.799,72.308,74.81,66.089,1.535,2.883,0,76.165,60.932,81.346
0.0,67.899,40.0,60.0,40.0,1395.39,0,1978.046,1298.702,544.954,47.881,74.792,72.314,74.804,45.644,1.521,2.883,0,76.165,60.932,81.31
0.0,19.899,40.0,60.0,40.0,1396.03,0,1979.366,1299.815,545.303,65.464,74.684,72.272,74.734,63.229,1.519,2.883,0,76.165,60.932,81.029
0.0,67.899,40.0,60.0,40.0,1393.4,0,1973.928,1296.525,543.787,50.258,74.715,72.327,74.711,48.022,1.526,2.883,0,76.165,60.932,80.996
0.0,35.899,40.0,60.0,40.0,1396.0,0,1979.314,1300.394,545.248,58.491,74.753,72.277,74.731,56.256,1.519,2.883,0,76.165,60.932,81.267
0.0,51.899,40.0,60.0,40.0,1394.21,0,1975.6,1298.028,544.224,59.686,74.844,72.352,74.796,57.451,1.524,2.883,0,76.165,60.932,81.4
0.0,51.899,40.0,60.0,40.0,1404.82,0,1997.389,1312.467,550.216,49.611,74.849,72.313,74.84,47.38,1.498,2.884,0,76.165,60.932,81.519
0.0,35.899,40.0,60.0,40.0,1408.6,0,2005.062,1317.415,552.337,68.547,74.913,72.344,74.875,66.32,1.489,2.884,0,76.165,60.932,81.67
0.0,67.899,40.0,60.0,40.0,1421.36,0,2030.67,1334.186,559.395,48.178,74.9,72.358,74.908,45.957,1.458,2.885,0,76.165,60.932,81.589
0.0,19.924,40.0,60.0,40.0,1431.94,0,2051.579,1347.801,565.161,66.029,74.862,72.333,74.873,63.815,1.432,2.884,0,76.165,60.932,81.516
0.0,67.924,40.0,60.0,40.0,1443.11,0,2073.315,1361.893,571.159,50.726,74.947,72.395,74.914,48.518,1.404,2.884,0,76.165,60.932,81.657
0.0,35.924,40.0,60.0,40.0,1459.81,0,2105.242,1382.816,579.957,59.596,74.936,72.333,74.934,57.397,1.361,2.882,0,76.165,60.932,81.785
0.0,55.148,40.0,60.0,40.0,1468.53,0,2121.645,1393.39,584.489,57.488,74.944,72.402,74.941,55.293,1.339,2.881,0,76.165,60.932,81.63
0.0,55.148,40.0,60.0,40.0,1484.78,0,2151.794,1413.203,592.8,49.783,74.892,72.339,74.917,47.595,1.297,2.878,0,76.165,60.932,81.611
0.0,39.148,40.0,60.0,40.0,1504.24,0,2163.885,1420.866,596.144,68.879,74.848,72.346,74.867,66.68,1.303,2.9,0,76.462,61.169,81.431
0.0,71.148,40.0,60.0,40.0,1511.65,0,2170.344,1425.1,597.925,48.279,74.822,72.311,74.843,46.075,1.3,2.906,0,76.55,61.24,81.428
0.0,23.148,40.0,60.0,40.0,1503.93,0,2154.328,1414.523,593.516,65.584,74.74,72.258,74.776,63.375,1.325,2.91,0,76.575,61.26,81.27
0.0,71.148,40.0,60.0,40.0,1487.0,0,2123.07,1394.056,584.901,50.108,74.755,72.309,74.76,47.892,1.369,2.913,0,76.575,61.26,81.193
0.0,39.148,40.0,60.0,40.0,1474.68,0,2099.926,1378.962,578.521,57.452,74.728,72.24,74.738,55.23,1.4,2.914,0,76.575,61.26,81.273
0.0,55.148,40.0,60.0,40.0,1454.37,0,2060.995,1353.301,567.802,57.244,74.774,72.294,74.756,55.013,1.451,2.916,0,76.575,61.26,81.298
0.0,53.774,40.0,60.0,40.0,1441.53,0,2035.862,1336.908,560.868,49.557,74.638,72.232,74.702,47.318,1.482,2.916,0,76.575,61.26,80.968
0.0,37.774,40.0,60.0,40.0,1418.37,0,1989.346,1306.372,548.05,68.371,74.611,72.257,74.629,66.119,1.538,2.915,0,76.575,61.26,80.805
0.0,69.774,40.0,60.0,40.0,1397.64,0,1957.842,1285.831,539.364,47.772,74.614,72.266,74.622,45.51,1.565,2.903,0,76.446,61.157,80.79
0.0,21.774,40.0,60.0,40.0,1361.61,0,1923.574,1263.469,529.917,64.932,74.638,72.245,74.62,62.682,1.568,2.866,0,75.976,60.781,80.932
0.0,69.774,40.0,60.0,40.0,1333.15,0,1901.434,1249.035,523.809,49.752,74.766,72.306,74.705,47.523,1.559,2.832,0,75.538,60.43,81.236
0.0,37.774,40.0,60.0,40.0,1324.3,0,1891.806,1242.877,521.147,57.566,74.726,72.245,74.736,55.346,1.562,2.823,0,75.429,60.343,81.25
0.0,53.774,40.0,60.0,40.0,1294.89,0,1863.594,1224.409,513.369,58.72,74.693,72.299,74.712,56.512,1.561,2.79,0,75.02,60.016,80.99
0.0,53.774,40.0,60.0,40.0,1284.44,0,1854.442,1218.726,510.829,48.665,74.529,72.252,74.619,46.468,1.559,2.778,0,74.861,59.889,80.52
0.0,34.827,40.0,60.0,40.0,1253.87,0,1821.371,1197.159,501.706,67.294,74.407,72.265,74.482,65.107,1.562,2.745,0,74.457,59.566,80.044
0.0,66.827,40.0,60.0,40.0,1235.19,0,1805.39,1186.999,497.283,47.445,74.297,72.276,74.375,45.273,1.557,2.722,0,74.157,59.326,79.614
0.0,18.827,40.0,60.0,40.0,1215.33,0,1782.264,1172.028,490.897,63.837,74.24,72.256,74.278,61.673,1.56,2.7,0,73.898,59.118,79.462
0.0,66.823,40.0,60.0,40.0,1199.89,0,1769.363,1163.649,487.337,49.762,74.335,72.314,74.298,47.609,1.553,2.68,0,73.638,58.911,79.652
0.0,34.823,40.0,60.0,40.0,1200.19,0,1769.61,1163.893,487.4,56.898,74.333,72.268,74.324,54.75,1.553,2.68,0,73.643,58.915,79.769
0.0,47.064,40.0,60.0,40.0,1192.25,0,1761.179,1158.177,485.088,64.628,74.477,72.331,74.396,62.481,1.553,2.671,0,73.527,58.822,80.123
0.0,52.416,40.0,60.0,40.0,1198.96,0,1777.283,1168.735,489.526,48.581,74.513,72.303,74.483,46.441,1.539,2.674,0,73.533,58.826,80.326
0.0,30.902,40.0,60.0,40.0,1199.68,0,1779.043,1169.807,490.016,66.994,74.475,72.316,74.484,64.857,1.537,2.674,0,73.533,58.826,80.16
0.0,69.773,40.0,60.0,40.0,1206.38,0,1795.429,1180.55,494.53,47.666,74.47,72.348,74.477,45.534,1.522,2.677,0,73.533,58.826,80.053
0.0,21.773,40.0,60.0,40.0,1214.45,0,1814.877,1193.234,499.893,63.738,74.53,72.323,74.494,61.615,1.504,2.679,0,73.533,58.826,80.341
0.0,62.296,40.0,60.0,40.0,1224.31,0,1838.214,1208.346,506.336,52.325,74.638,72.398,74.58,50.21,1.481,2.682,0,73.533,58.826,80.533
0.0,46.296,40.0,60.0,40.0,1243.34,0,1882.056,1237.0,518.424,52.386,74.612,72.346,74.614,50.287,1.436,2.686,0,73.533,58.826,80.577
0.0,37.864,40.0,60.0,40.0,1254.63,0,1907.365,1253.292,525.42,68.366,74.67,72.381,74.637,66.278,1.408,2.687,0,73.533,58.826,80.696
0.0,69.864,40.0,60.0,40.0,1272.72,0,1946.965,1279.186,536.334,47.629,74.667,72.381,74.67,45.553,1.363,2.689,0,73.533,58.826,80.681
0.0,21.864,40.0,60.0,40.0,1285.48,0,1974.174,1297.009,543.836,65.058,74.617,72.341,74.636,62.992,1.331,2.689,0,73.533,58.826,80.608
0.0,69.598,40.0,60.0,40.0,1294.51,0,1993.13,1309.387,549.062,50.089,74.642,72.384,74.639,48.029,1.308,2.688,0,73.533,58.826,80.585
0.0,37.598,40.0,60.0,40.0,1315.84,0,2017.946,1325.838,555.885,58.484,74.573,72.313,74.604,56.423,1.294,2.705,0,73.765,59.012,80.521
0.0,53.598,40.0,60.0,40.0,1315.7,0,2015.482,1324.169,555.213,59.199,74.59,72.375,74.587,57.132,1.299,2.707,0,73.792,59.034,80.417
0.0,53.598,40.0,60.0,40.0,1335.51,0,2034.666,1336.991,560.484,49.591,74.515,72.32,74.553,47.517,1.293,2.725,0,74.049,59.239,80.291
0.0,37.598,40.0,60.0,40.0,1334.32,0,2027.678,1332.404,558.557,68.302,74.499,72.334,74.508,66.219,1.307,2.73,0,74.105,59.284,80.196
0.0,69.598,40.0,60.0,40.0,1335.14,0,2029.35,1333.693,559.004,48.063,74.472,72.33,74.495,45.979,1.304,2.73,0,74.105,59.284,80.109
0.0,21.598,40.0,60.0,40.0,1330.92,0,2020.779,1328.27,556.632,65.418,74.404,72.29,74.434,63.333,1.315,2.73,0,74.105,59.284,79.966
0.0,69.598,40.0,60.0,40.0,1323.3,0,2005.186,1318.173,552.327,50.216,74.434,72.34,74.43,48.126,1.335,2.73,0,74.105,59.284,79.947
0.0,37.598,40.0,60.0,40.0,1319.75,0,1997.864,1313.615,550.29,58.387,74.405,72.274,74.416,56.295,1.344,2.731,0,74.105,59.284,80.012
0.0,53.598,40.0,60.0,40.0,1307.97,0,1973.277,1297.544,543.516,59.036,74.478,72.335,74.443,56.939,1.374,2.731,0,74.105,59.284,80.117
0.0,53.598,40.0,60.0,40.0,1305.01,0,1967.046,1293.646,541.784,49.268,74.482,72.288,74.476,47.168,1.382,2.731,0,74.105,59.284,80.258
0.0,37.598,40.0,60.0,40.0,1294.69,0,1945.046,1279.187,535.725,67.901,74.536,72.314,74.502,65.795,1.407,2.73,0,74.105,59.284,80.385
0.0,69.598,40.0,60.0,40.0,1292.98,0,1941.35,1276.753,534.707,47.749,74.598,72.33,74.568,45.64,1.412,2.73,0,74.105,59.284,80.565
0.0,21.598,40.0,60.0,40.0,1291.53,0,1938.218,1274.573,533.852,64.898,74.587,72.307,74.581,62.788,1.415,2.73,0,74.105,59.284,80.583
0.0,69.598,40.0,60.0,40.0,1292.42,0,1940.154,1275.585,534.401,50.018,74.648,72.368,74.621,47.907,1.413,2.73,0,74.105,59.284,80.645
0.0,37.598,40.0,60.0,40.0,1300.22,0,1956.874,1286.395,539.021,58.09,74.62,72.316,74.626,55.983,1.394,2.731,0,74.105,59.284,80.682
0.0,53.598,40.0,60.0,40.0,1303.16,0,1963.122,1290.131,540.765,59.128,74.711,72.386,74.665,57.023,1.386,2.731,0,74.105,59.284,80.828
0.0,53.598,40.0,60.0,40.0,1316.41,0,1990.947,1308.208,548.441,49.491,74.736,72.345,74.719,47.393,1.353,2.731,0,74.105,59.284,81.03
0.0,37.598,40.0,60.0,40.0,1322.94,0,2004.429,1316.77,552.179,68.345,74.773,72.372,74.747,66.252,1.336,2.73,0,74.105,59.284,81.089
0.0,69.598,40.0,60.0,40.0,1336.23,0,2031.55,1334.406,559.657,48.202,74.761,72.382,74.769,46.115,1.301,2.729,0,74.105,59.284,81.021
0.0,21.598,40.0,60.0,40.0,1365.27,0,2058.725,1352.21,567.151,65.846,74.749,72.352,74.749,63.752,1.294,2.756,0,74.484,59.587,81.056
0.0,69.598,40.0,60.0,40.0,1388.06,0,2079.211,1365.561,572.799,50.575,74.831,72.411,74.799,48.467,1.29,2.778,0,74.784,59.827,81.197
0.0,37.598,40.0,60.0,40.0,1432.02,0,2112.158,1387.287,581.87,59.475,74.793,72.347,74.803,57.34,1.294,2.824,0,75.425,60.34,81.229
0.0,57.138,40.0,60.0,40.0,1445.8,0,2122.155,1393.769,584.63,55.884,74.853,72.407,74.828,53.731,1.296,2.839,0,75.626,60.501,81.288
0.0,54.613,40.0,60.0,40.0,1482.44,0,2150.403,1412.525,592.398,50.189,74.737,72.337,74.789,48.015,1.296,2.875,0,76.128,60.902,81.049
0.0,38.984,40.0,60.0,40.0,1485.0,0,2147.57,1410.554,591.624,69.105,74.718,72.367,74.728,66.917,1.307,2.883,0,76.223,60.978,80.904
0.0,70.984,40.0,60.0,40.0,1493.57,0,2158.218,1417.728,594.549,48.569,74.654,72.36,74.692,46.379,1.297,2.887,0,76.287,61.03,80.692
0.0,22.984,40.0,60.0,40.0,1502.86,0,2161.104,1419.66,595.339,65.719,74.63,72.32,74.639,63.519,1.307,2.901,0,76.465,61.172,80.713
0.0,70.984,40.0,60.0,40.0,1499.59,0,2155.12,1415.779,593.688,50.56,74.69,72.368,74.672,48.356,1.316,2.901,0,76.465,61.172,80.806
0.0,38.984,40.0,60.0,40.0,1500.37,0,2156.546,1416.856,594.069,58.156,74.646,72.296,74.661,55.952,1.314,2.901,0,76.465,61.172,80.833
0.0,54.984,40.0,60.0,40.0,1491.58,0,2140.406,1406.219,589.625,57.877,74.698,72.36,74.677,55.671,1.336,2.903,0,76.465,61.172,80.855
0.0,54.984,40.0,60.0,40.0,1490.93,0,2139.192,1405.562,589.281,50.13,74.625,72.303,74.658,47.923,1.338,2.903,0,76.465,61.172,80.739
0.0,38.984,40.0,60.0,40.0,1481.1,0,2120.923,1393.522,584.253,68.686,74.649,72.326,74.635,66.476,1.363,2.904,0,76.465,61.172,80.763
0.0,70.984,40.0,60.0,40.0,1476.73,0,2112.739,1388.2,581.995,48.517,74.709,72.323,74.685,46.304,1.374,2.905,0,76.465,61.172,80.988
0.0,22.984,40.0,60.0,40.0,1469.17,0,2098.483,1378.84,578.067,65.402,74.698,72.288,74.695,63.186,1.394,2.906,0,76.465,61.172,81.042
0.0,70.984,40.0,60.0,40.0,1460.03,0,2081.059,1367.342,573.271,50.392,74.683,72.339,74.696,48.171,1.417,2.907,0,76.465,61.172,80.856
0.0,38.984,40.0,60.0,40.0,1455.87,0,2073.069,1362.148,571.065,57.644,74.634,72.273,74.656,55.421,1.427,2.907,0,76.465,61.172,80.85
0.0,54.984,40.0,60.0,40.0,1443.59,0,2049.186,1346.351,564.497,57.622,74.654,72.337,74.649,55.393,1.458,2.907,0,76.465,61.172,80.755
0.0,54.984,40.0,60.0,40.0,1441.37,0,2044.838,1343.528,563.295,49.743,74.625,72.289,74.64,47.511,1.463,2.907,0,76.465,61.172,80.776
0.0,38.984,40.0,60.0,40.0,1430.91,0,2024.158,1329.807,557.603,68.241,74.627,72.313,74.624,66.004,1.489,2.907,0,76.465,61.172,80.717
0.0,70.984,40.0,60.0,40.0,1428.36,0,2019.037,1326.389,556.2,48.217,74.621,72.316,74.629,45.977,1.495,2.907,0,76.465,61.172,80.689
0.0,22.984,40.0,60.0,40.0,1422.73,0,2007.738,1318.882,553.092,64.737,74.612,72.282,74.613,62.494,1.508,2.907,0,76.465,61.172,80.744
0.0,70.984,40.0,60.0,40.0,1416.66,0,1995.435,1310.672,549.713,50.107,74.604,72.332,74.615,47.859,1.523,2.907,0,76.465,61.172,80.586
0.0,38.984,40.0,60.0,40.0,1415.03,0,1992.109,1308.468,548.796,57.021,74.545,72.273,74.572,54.771,1.527,2.906,0,76.465,61.172,80.525
0.0,54.984,40.0,60.0,40.0,1406.6,0,1974.79,1296.932,544.037,57.387,74.615,72.332,74.585,55.132,1.547,2.906,0,76.465,61.172,80.62
0.0,54.984,40.0,60.0,40.0,1407.3,0,1976.234,1297.882,544.435,49.49,74.611,72.286,74.61,47.235,1.545,2.906,0,76.465,61.172,80.729
0.0,38.984,40.0,60.0,40.0,1398.51,0,1959.408,1286.71,539.806,67.922,74.667,72.305,74.634,65.663,1.563,2.903,0,76.449,61.159,80.879
0.0,70.167,40.0,60.0,40.0,1392.76,0,1957.49,1285.449,539.28,48.137,74.637,72.309,74.653,45.882,1.557,2.895,0,76.335,61.068,80.764
0.0,22.167,40.0,60.0,40.0,1385.84,0,1948.162,1279.281,536.712,65.236,74.61,72.286,74.619,62.982,1.563,2.89,0,76.277,61.021,80.725
0.0,70.167,40.0,60.0,40.0,1379.03,0,1946.226,1277.996,536.179,50.311,74.656,72.348,74.641,48.063,1.555,2.879,0,76.138,60.91,80.729
0.0,38.167,40.0,60.0,40.0,1384.2,0,1957.12,1285.279,539.171,58.333,74.594,72.296,74.619,56.091,1.543,2.88,0,76.138,60.91,80.638
0.0,54.167,40.0,60.0,40.0,1384.05,0,1956.803,1285.089,539.084,59.231,74.701,72.367,74.651,56.989,1.543,2.88,0,76.138,60.91,80.842
0.0,54.167,40.0,60.0,40.0,1395.02,0,1979.648,1300.283,545.364,49.729,74.685,72.325,74.689,47.494,1.517,2.881,0,76.138,60.91,80.894
0.0,38.167,40.0,60.0,40.0,1398.15,0,1986.09,1304.598,547.131,68.42,74.678,72.352,74.677,66.188,1.509,2.882,0,76.138,60.91,80.797
0.0,70.167,40.0,60.0,40.0,1409.16,0,2008.53,1319.53,553.302,48.5,74.645,72.364,74.667,46.274,1.483,2.882,0,76.138,60.91,80.649
0.0,22.167,40.0,60.0,40.0,1417.64,0,2025.566,1330.893,557.982,65.774,74.633,72.338,74.637,63.555,1.462,2.883,0,76.138,60.91,80.671
0.0,70.167,40.0,60.0,40.0,1426.59,0,2043.307,1342.674,562.866,50.736,74.634,72.398,74.642,48.521,1.44,2.883,0,76.138,60.91,80.518
0.0,38.167,40.0,60.0,40.0,1440.87,0,2071.203,1361.233,570.534,59.236,74.542,72.338,74.583,57.029,1.404,2.882,0,76.138,60.91,80.339
0.0,55.886,40.0,60.0,40.0,1447.41,0,2083.805,1369.569,574.001,56.979,74.616,72.399,74.587,54.777,1.388,2.881,0,76.138,60.91,80.45
0.0,55.886,40.0,60.0,40.0,1460.73,0,2109.166,1386.433,580.972,50.057,74.617,72.337,74.616,47.861,1.354,2.88,0,76.138,60.91,80.614
0.0,39.886,40.0,60.0,40.0,1461.89,0,2111.349,1387.89,581.574,68.496,74.564,72.352,74.584,66.302,1.351,2.88,0,76.138,60.91,80.383
0.0,71.886,40.0,60.0,40.0,1465.55,0,2118.23,1392.507,583.461,48.616,74.531,72.341,74.553,46.423,1.342,2.879,0,76.138,60.91,80.293
0.0,23.886,40.0,60.0,40.0,1463.53,0,2114.446,1390.062,582.416,65.054,74.51,72.301,74.517,62.862,1.347,2.879,0,76.138,60.91,80.322
0.0,71.886,40.0,60.0,40.0,1457.51,0,2103.077,1382.564,579.285,50.49,74.561,72.344,74.545,48.296,1.362,2.88,0,76.138,60.91,80.394
0.0,39.886,40.0,60.0,40.0,1454.4,0,2097.163,1378.758,577.653,57.195,74.524,72.275,74.538,54.999,1.37,2.881,0,76.138,60.91,80.444
0.0,55.886,40.0,60.0,40.0,1441.73,0,2072.875,1362.703,570.97,56.922,74.502,72.33,74.517,54.721,1.402,2.882,0,76.138,60.91,80.22
0.0,55.886,40.0,60.0,40.0,1436.39,0,2062.526,1355.953,568.114,49.89,74.416,72.273,74.46,47.685,1.416,2.882,0,76.138,60.91,80.055
0.0,39.886,40.0,60.0,40.0,1420.6,0,2031.445,1335.437,559.56,68.053,74.407,72.29,74.414,65.841,1.455,2.883,0,76.138,60.91,79.979
0.0,69.923,40.0,60.0,40.0,1410.62,0,2011.486,1322.276,554.06,48.448,74.376,72.287,74.398,46.229,1.479,2.882,0,76.138,60.91,79.873
0.0,21.923,40.0,60.0,40.0,1397.73,0,1985.227,1304.963,546.837,65.441,74.354,72.264,74.362,63.215,1.511,2.882,0,76.138,60.91,79.856
0.0,69.923,40.0,60.0,40.0,1387.73,0,1964.512,1291.261,541.137,50.544,74.428,72.328,74.398,48.308,1.534,2.881,0,76.138,60.91,79.951
0.0,37.923,40.0,60.0,40.0,1385.87,0,1960.622,1288.778,540.056,58.433,74.451,72.279,74.432,56.195,1.539,2.88,0,76.138,60.91,80.165
0.0,53.923,40.0,60.0,40.0,1379.81,0,1947.88,1280.36,536.55,59.33,74.507,72.35,74.477,57.088,1.553,2.88,0,76.138,60.91,80.182
0.0,53.923,40.0,60.0,40.0,1385.4,0,1959.654,1288.246,539.781,49.836,74.418,72.313,74.458,47.595,1.54,2.88,0,76.138,60.91,79.958
0.0,37.923,40.0,60.0,40.0,1384.38,0,1957.507,1286.868,539.19,68.173,74.441,72.341,74.43,65.933,1.542,2.88,0,76.138,60.91,79.964
0.0,69.923,40.0,60.0,40.0,1392.17,0,1973.752,1297.68,543.657,48.489,74.436,72.355,74.445,46.252,1.524,2.881,0,76.138,60.91,79.912
0.0,21.923,40.0,60.0,40.0,1397.79,0,1985.35,1305.415,546.844,65.427,74.372,72.328,74.399,63.195,1.511,2.882,0,76.138,60.91,79.752
0.0,69.923,40.0,60.0,40.0,1403.68,0,1997.406,1313.409,550.16,50.715,74.412,72.383,74.402,48.487,1.496,2.882,0,76.138,60.91,79.749
0.0,37.923,40.0,60.0,40.0,1414.01,0,2018.298,1327.329,555.901,58.862,74.371,72.325,74.387,56.64,1.471,2.883,0,76.138,60.91,79.754
0.0,55.112,40.0,60.0,40.0,1416.91,0,2024.106,1331.176,557.503,57.551,74.416,72.387,74.397,55.333,1.464,2.883,0,76.138,60.91,79.754
0.0,55.112,40.0,60.0,40.0,1427.84,0,2045.771,1345.583,563.46,50.041,74.375,72.331,74.394,47.828,1.437,2.882,0,76.138,60.91,79.755
0.0,39.112,40.0,60.0,40.0,1427.06,0,2044.24,1344.563,563.038,68.198,74.38,72.344,74.375,65.987,1.439,2.883,0,76.138,60.91,79.736
0.0,71.112,40.0,60.0,40.0,1429.84,0,2049.714,1348.186,564.543,48.612,74.389,72.338,74.39,46.402,1.432,2.882,0,76.138,60.91,79.784
0.0,23.112,40.0,60.0,40.0,1426.9,0,2043.923,1344.355,562.952,64.896,74.36,72.3,74.369,62.685,1.439,2.883,0,76.138,60.91,79.781
0.0,71.112,40.0,60.0,40.0,1421.59,0,2033.434,1337.334,560.067,50.476,74.353,72.347,74.364,48.262,1.453,2.883,0,76.138,60.91,79.63
0.0,39.112,40.0,60.0,40.0,1419.93,0,2030.125,1335.129,559.157,57.297,74.282,72.282,74.315,55.082,1.457,2.883,0,76.138,60.91,79.543
0.0,55.112,40.0,60.0,40.0,1409.32,0,2008.846,1320.949,553.309,57.412,74.315,72.335,74.305,55.192,1.483,2.882,0,76.138,60.91,79.525
0.0,55.112,40.0,60.0,40.0,1406.21,0,2002.546,1316.77,551.579,49.816,74.243,72.286,74.279,47.593,1.49,2.882,0,76.138,60.91,79.395
0.0,39.112,40.0,60.0,40.0,1394.17,0,1977.888,1300.367,544.797,67.816,74.229,72.305,74.237,65.586,1.519,2.881,0,76.138,60.91,79.294
0.0,71.112,40.0,60.0,40.0,1388.9,0,1966.941,1293.065,541.79,48.396,74.224,72.307,74.233,46.16,1.532,2.881,0,76.138,60.91,79.267
0.0,23.112,40.0,60.0,40.0,1380.62,0,1949.605,1281.528,537.022,64.178,74.211,72.276,74.215,61.938,1.551,2.88,0,76.138,60.91,79.303
0.0,71.112,40.0,60.0,40.0,1365.66,0,1931.565,1269.481,532.066,50.066,74.224,72.323,74.225,47.824,1.56,2.867,0,75.984,60.787,79.228
0.0,38.668,40.0,60.0,40.0,1357.92,0,1923.099,1263.856,529.741,56.84,74.154,72.266,74.187,54.602,1.562,2.86,0,75.893,60.715,79.119
0.0,54.668,40.0,60.0,40.0,1332.21,0,1899.744,1248.31,523.318,57.5,74.167,72.321,74.166,55.272,1.561,2.831,0,75.534,60.427,79.025
0.0,54.668,40.0,60.0,40.0,1328.99,0,1898.072,1247.235,522.857,49.428,74.127,72.282,74.149,47.209,1.558,2.827,0,75.474,60.379,78.98
0.0,36.327,40.0,60.0,40.0,1309.96,0,1878.237,1234.043,517.405,67.262,74.154,72.302,74.139,65.048,1.561,2.807,0,75.229,60.183,79.025
0.0,68.327,40.0,60.0,40.0,1306.61,0,1879.504,1234.888,517.752,48.314,74.188,72.319,74.175,46.109,1.553,2.8,0,75.134,60.107,79.103
0.0,20.327,40.0,60.0,40.0,1305.6,0,1877.216,1233.399,517.121,64.632,74.142,72.297,74.159,62.429,1.555,2.8,0,75.134,60.107,78.997
0.0,68.327,40.0,60.0,40.0,1305.43,0,1879.469,1234.881,517.737,50.608,74.167,72.355,74.162,48.406,1.551,2.798,0,75.105,60.084,78.935
0.0,36.327,40.0,60.0,40.0,1312.07,0,1894.288,1244.79,521.814,58.062,74.089,72.307,74.126,55.866,1.536,2.8,0,75.105,60.084,78.778
0.0,52.327,40.0,60.0,40.0,1313.96,0,1898.477,1247.59,522.961,59.509,74.15,72.369,74.124,57.315,1.531,2.8,0,75.105,60.084,78.836
0.0,52.327,40.0,60.0,40.0,1324.61,0,1921.814,1263.159,529.375,49.944,74.16,72.331,74.153,47.757,1.506,2.802,0,75.105,60.084,78.971
0.0,36.327,40.0,60.0,40.0,1328.14,0,1929.47,1268.305,531.474,67.866,74.158,72.354,74.153,65.684,1.498,2.803,0,75.105,60.084,78.903
0.0,68.327,40.0,60.0,40.0,1338.67,0,1951.998,1283.327,537.669,48.637,74.162,72.366,74.164,46.461,1.473,2.804,0,75.105,60.084,78.885
0.0,22.83,40.0,60.0,40.0,1346.9,0,1969.352,1294.911,542.437,65.24,74.168,72.342,74.16,63.071,1.453,2.804,0,75.105,60.084,78.974
0.0,70.83,40.0,60.0,40.0,1355.43,0,1987.11,1306.701,547.323,50.332,74.177,72.388,74.178,48.168,1.432,2.805,0,75.105,60.084,78.886
0.0,38.83,40.0,60.0,40.0,1366.52,0,2009.867,1321.839,553.576,57.273,74.121,72.323,74.146,55.117,1.404,2.805,0,75.105,60.084,78.854
0.0,54.83,40.0,60.0,40.0,1368.34,0,2013.563,1324.243,554.594,57.685,74.16,72.375,74.145,55.531,1.399,2.805,0,75.105,60.084,78.855
0.0,54.83,40.0,60.0,40.0,1376.34,0,2029.702,1334.942,559.036,50.016,74.109,72.323,74.134,47.866,1.379,2.805,0,75.105,60.084,78.81
0.0,38.83,40.0,60.0,40.0,1374.37,0,2025.742,1332.253,557.953,67.933,74.088,72.34,74.097,65.784,1.384,2.805,0,75.105,60.084,78.686
0.0,70.83,40.0,60.0,40.0,1376.95,0,2030.917,1335.609,559.381,48.59,74.085,72.336,74.094,46.441,1.378,2.805,0,75.105,60.084,78.688
0.0,22.83,40.0,60.0,40.0,1374.77,0,2026.57,1332.667,558.186,64.69,74.059,72.297,74.068,62.542,1.383,2.805,0,75.105,60.084,78.693
0.0,70.83,40.0,60.0,40.0,1369.66,0,2016.238,1325.727,555.349,50.416,74.085,72.341,74.08,48.265,1.396,2.805,0,75.105,60.084,78.675
0.0,38.83,40.0,60.0,40.0,1367.53,0,2011.926,1322.856,554.166,57.307,74.048,72.278,74.063,55.154,1.401,2.805,0,75.105,60.084,78.707
0.0,54.83,40.0,60.0,40.0,1357.42,0,1991.229,1309.049,548.476,57.601,74.081,72.334,74.067,55.443,1.427,2.805,0,75.105,60.084,78.676
0.0,54.83,40.0,60.0,40.0,1355.48,0,1987.216,1306.378,547.378,49.819,74.064,72.287,74.072,47.659,1.431,2.805,0,75.105,60.084,78.741
0.0,38.83,40.0,60.0,40.0,1345.63,0,1966.694,1292.722,541.733,67.644,74.058,72.311,74.058,65.479,1.456,2.804,0,75.105,60.084,78.651
0.0,70.83,40.0,60.0,40.0,1341.15,0,1957.261,1286.433,539.139,48.398,74.002,72.239,74.04,46.229,1.467,2.804,0,75.105,60.084,78.639
0.0,22.83,40.0,60.0,40.0,1312.98,0,1896.294,1245.835,522.382,63.877,73.84,72.047,73.922,61.695,1.534,2.8,0,75.105,60.084,78.557
0.0,70.83,40.0,60.0,40.0,1197.12,0,1746.943,1145.98,481.353,49.544,73.777,71.958,73.831,47.359,1.583,2.687,0,73.796,59.037,78.56
0.0,37.768,40.0,60.0,40.0,1049.44,0,1556.674,1021.075,423.313,55.094,73.658,71.8,73.742,52.947,1.58,2.505,0,71.737,57.39,78.633
0.0,38.679,40.0,60.0,40.0,918.264,0,1330.407,877.883,332.392,65.826,73.457,71.751,73.599,63.662,1.564,2.323,0,70.029,56.024,78.579
0.0,56.984,40.0,60.0,40.0,815.977,0,1117.57,741.257,253.192,46.148,73.236,71.702,73.429,43.884,1.55,2.171,0,68.901,55.121,78.47
0.0,8.984,40.0,60.0,40.0,754.491,0,999.221,665.863,211.957,57.88,73.044,71.601,73.241,55.517,1.54,2.087,0,68.291,54.633,78.404
0.0,40.984,40.0,60.0,40.0,750.709,0,996.764,664.263,211.13,64.018,73.004,71.528,73.104,61.634,1.535,2.08,0,68.189,54.551,78.496
0.0,53.179,40.0,60.0,40.0,750.639,0,996.86,664.328,211.161,45.7,72.938,71.416,73.026,43.315,1.534,2.08,0,68.185,54.548,78.6
0.0,5.179,40.0,60.0,40.0,740.749,0,976.427,650.494,204.378,58.266,72.78,71.276,72.925,55.871,1.536,2.069,0,68.138,54.51,78.463
0.0,39.321,40.0,60.0,40.0,707.944,0,941.475,626.833,192.94,63.895,72.669,71.203,72.802,61.505,1.536,2.047,0,67.999,54.399,78.355
0.0,55.32,40.0,60.0,40.0,674.935,0,907.19,603.622,181.926,45.079,72.572,71.115,72.697,42.712,1.535,2.025,0,67.848,54.279,78.382
0.0,7.321,40.0,60.0,40.0,640.042,0,870.258,578.614,170.294,55.246,72.438,71.002,72.587,52.905,1.535,2.002,0,67.678,54.143,78.338
0.0,24.0,40.0,60.0,40.0,604.488,0,832.015,552.714,158.513,64.105,72.354,70.944,72.478,61.791,1.535,1.978,0,67.486,53.988,78.346
0.0,59.524,40.0,60.0,40.0,573.013,0,797.834,529.559,148.218,45.164,72.291,70.904,72.394,42.878,1.534,1.955,0,67.286,53.828,78.369
0.0,11.524,40.0,60.0,40.0,571.94,0,797.449,529.297,148.103,52.458,72.211,70.825,72.318,50.183,1.531,1.952,0,67.238,53.79,78.288
0.0,8.451,40.0,60.0,40.0,571.947,0,797.489,529.324,148.115,64.302,72.162,70.768,72.245,62.029,1.531,1.952,0,67.236,53.789,78.274
0.0,56.451,40.0,60.0,40.0,571.948,0,797.491,529.325,148.116,49.741,72.153,70.741,72.198,47.469,1.531,1.952,0,67.236,53.789,78.344
0.0,24.451,40.0,60.0,40.0,571.948,0,797.491,529.325,148.116,48.787,72.088,70.67,72.159,46.515,1.531,1.952,0,67.236,53.789,78.304
0.0,0.0,40.0,60.0,40.0,571.948,0,797.491,529.325,148.116,62.368,72.03,70.6,72.104,60.096,1.531,1.952,0,67.236,53.789,78.301
0.0,40.0,40.0,60.0,40.0,571.948,0,797.491,529.325,148.116,63.307,71.98,70.572,72.05,61.035,1.531,1.952,0,67.236,53.789,78.152
0.0,40.0,40.0,60.0,40.0,571.948,0,797.491,529.325,148.116,45.336,71.935,70.521,72.002,43.064,1.531,1.952,0,67.236,53.789,78.133
0.0,0.0,40.0,60.0,40.0,571.948,0,797.491,529.325,148.116,57.548,71.861,70.445,71.947,55.276,1.531,1.952,0,67.236,53.789,78.073
0.0,24.0,40.0,60.0,40.0,571.948,0,797.491,529.325,148.116,64.559,71.813,70.406,71.886,62.287,1.531,1.952,0,67.236,53.789,77.98
0.0,56.0,40.0,60.0,40.0,571.948,0,797.491,529.325,148.116,44.884,71.787,70.376,71.841,42.612,1.531,1.952,0,67.236,53.789,77.973
0.0,8.0,40.0,60.0,40.0,571.948,0,797.491,529.325,148.116,52.975,71.716,70.304,71.794,50.703,1.531,1.952,0,67.236,53.789,77.909
0.0,11.46,40.0,60.0,40.0,571.948,0,797.491,529.325,148.116,63.984,71.669,70.252,71.738,61.712,1.531,1.952,0,67.236,53.789,77.883
0.0,59.46,40.0,60.0,40.0,571.948,0,797.491,529.325,148.116,48.004,71.648,70.226,71.695,45.732,1.531,1.952,0,67.236,53.789,77.882
0.0,27.46,40.0,60.0,40.0,571.948,0,797.491,529.325,148.116,47.842,71.588,70.156,71.656,45.569,1.531,1.952,0,67.236,53.789,77.869
0.0,0.0,40.0,60.0,40.0,571.948,0,797.491,529.325,148.116,60.901,71.519,70.086,71.6,58.629,1.531,1.952,0,67.236,53.789,77.8
0.0,35.601,40.0,60.0,40.0,571.948,0,797.491,529.325,148.116,62.998,71.492,70.055,71.547,60.726,1.531,1.952,0,67.236,53.789,77.791
0.0,50.347,40.0,60.0,40.0,571.948,0,797.491,529.325,148.116,43.406,71.457,70.011,71.511,41.134,1.531,1.952,0,67.236,53.789,77.796
0.0,2.347,40.0,60.0,40.0,571.948,0,797.491,529.325,148.116,53.439,71.373,69.93,71.46,51.167,1.531,1.952,0,67.236,53.789,77.697
0.0,8.0,40.0,60.0,40.0,571.948,0,797.491,529.325,148.116,65.425,71.324,69.88,71.398,63.153,1.531,1.952,0,67.236,53.789,77.65
0.0,56.0,40.0,60.0,40.0,571.948,0,797.491,529.325,148.116,49.806,71.304,69.86,71.353,47.534,1.531,1.952,0,67.236,53.789,77.633
0.0,24.0,40.0,60.0,40.0,571.948,0,797.491,529.325,148.116,48.805,71.243,69.796,71.312,46.533,1.531,1.952,0,67.236,53.789,77.584
0.0,0.0,40.0,60.0,40.0,571.948,0,797.491,529.325,148.116,62.155,71.182,69.735,71.257,59.883,1.531,1.952,0,67.236,53.789,77.527
0.0,40.0,40.0,60.0,40.0,571.948,0,797.491,529.325,148.116,62.893,71.166,69.716,71.211,60.621,1.531,1.952,0,67.236,53.789,77.521
0.0,40.0,40.0,60.0,40.0,571.948,0,797.491,529.325,148.116,45.518,71.131,69.676,71.18,43.246,1.531,1.952,0,67.236,53.789,77.509
0.0,0.0,40.0,60.0,40.0,571.948,0,797.491,529.325,148.116,57.301,71.066,69.615,71.136,55.029,1.531,1.952,0,67.236,53.789,77.424
0.0,24.0,40.0,60.0,40.0,571.948,0,797.491,529.325,148.116,64.016,71.045,69.591,71.091,61.744,1.531,1.952,0,67.236,53.789,77.417
0.0,56.0,40.0,60.0,40.0,571.948,0,797.491,529.325,148.116,44.359,71.008,69.571,71.059,42.087,1.531,1.952,0,67.236,53.789,77.306
0.0,8.0,40.0,60.0,40.0,571.948,0,797.491,529.325,148.116,52.409,70.935,69.512,71.012,50.137,1.531,1.952,0,67.236,53.789,77.177
0.0,8.0,40.0,60.0,40.0,571.948,0,797.491,529.325,148.116,64.548,70.89,69.478,70.957,62.276,1.531,1.952,0,67.236,53.789,77.082
0.0,56.0,40.0,60.0,40.0,571.948,0,797.491,529.325,148.116,50.087,70.87,69.47,70.915,47.815,1.531,1.952,0,67.236,53.789,77.007
0.0,24.0,40.0,60.0,40.0,571.948,0,797.491,529.325,148.116,48.928,70.828,69.425,70.881,46.656,1.531,1.952,0,67.236,53.789,76.982
0.0,0.0,40.0,60.0,40.0,571.948,0,797.491,529.325,148.116,61.957,70.8,69.386,70.843,59.685,1.531,1.952,0,67.236,53.789,76.996
0.0,40.0,40.0,60.0,40.0,571.948,0,797.491,529.325,148.116,62.682,70.808,69.385,70.821,60.41,1.531,1.952,0,67.236,53.789,77.047
0.0,40.0,40.0,60.0,40.0,571.948,0,797.491,529.325,148.116,45.878,70.796,69.361,70.813,43.606,1.531,1.952,0,67.236,53.789,77.088
0.0,0.0,40.0,60.0,40.0,571.948,0,797.491,529.325,148.116,57.327,70.762,69.322,70.794,55.055,1.531,1.952,0,67.236,53.789,77.075
0.0,25.229,40.0,60.0,40.0,571.948,0,797.491,529.325,148.116,63.284,70.759,69.319,70.774,61.012,1.531,1.952,0,67.236,53.789,77.072
0.0,57.23,40.0,60.0,40.0,571.948,0,797.491,529.325,148.116,44.39,70.755,69.315,70.767,42.118,1.531,1.952,0,67.236,53.789,77.072
0.0,9.229,40.0,60.0,40.0,571.948,0,797.491,529.325,148.116,52.057,70.725,69.278,70.753,49.784,1.531,1.952,0,67.236,53.789,77.072
0.0,8.0,40.0,60.0,40.0,571.948,0,797.491,529.325,148.116,63.845,70.717,69.267,70.734,61.572,1.531,1.952,0,67.236,53.789,77.072
0.0,56.0,40.0,60.0,40.0,571.948,0,797.491,529.325,148.116,50.053,70.724,69.276,70.727,47.781,1.531,1.952,0,67.236,53.789,77.073
0.0,24.0,40.0,60.0,40.0,571.948,0,797.491,529.325,148.116,49.069,70.699,69.249,70.719,46.797,1.531,1.952,0,67.236,53.789,77.055
0.0,0.0,40.0,60.0,40.0,571.948,0,797.491,529.325,148.116,61.944,70.689,69.233,70.704,59.672,1.531,1.952,0,67.236,53.789,77.072
0.0,40.0,40.0,60.0,40.0,571.948,0,797.491,529.325,148.116,62.58,70.689,69.247,70.696,60.308,1.531,1.952,0,67.236,53.789,77.01
0.0,40.0,40.0,60.0,40.0,571.948,0,797.491,529.325,148.116,45.579,70.67,69.233,70.689,43.307,1.531,1.952,0,67.236,53.789,76.971
0.0,0.0,40.0,60.0,40.0,571.948,0,797.491,529.325,148.116,57.125,70.628,69.209,70.667,54.852,1.531,1.952,0,67.236,53.789,76.853
0.0,24.0,40.0,60.0,40.0,571.948,0,797.491,529.325,148.116,63.623,70.628,69.22,70.644,61.351,1.531,1.952,0,67.236,53.789,76.802
0.0,56.0,40.0,60.0,40.0,571.948,0,797.491,529.325,148.116,43.449,70.639,69.227,70.64,41.177,1.531,1.952,0,67.236,53.789,76.834
0.0,8.0,40.0,60.0,40.0,571.948,0,797.491,529.325,148.116,51.683,70.617,69.201,70.634,49.411,1.531,1.952,0,67.236,53.789,76.825
0.0,8.0,40.0,60.0,40.0,571.948,0,797.491,529.325,148.116,64.01,70.607,69.2,70.621,61.738,1.531,1.952,0,67.236,53.789,76.774
0.0,56.0,40.0,60.0,40.0,571.948,0,797.491,529.325,148.116,49.119,70.605,69.215,70.613,46.847,1.531,1.952,0,67.236,53.789,76.703
0.0,24.0,40.0,60.0,40.0,571.948,0,797.491,529.325,148.116,48.049,70.574,69.19,70.602,45.777,1.531,1.952,0,67.236,53.789,76.648
0.0,0.0,40.0,60.0,40.0,571.948,0,797.491,529.325,148.116,61.417,70.547,69.175,70.579,59.145,1.531,1.952,0,67.236,53.789,76.563
0.0,40.0,40.0,60.0,40.0,571.948,0,797.491,529.325,148.116,62.249,70.538,69.189,70.559,59.977,1.531,1.952,0,67.236,53.789,76.455
0.0,40.0,40.0,60.0,40.0,571.948,0,797.491,529.325,148.116,45.176,70.513,69.176,70.543,42.904,1.531,1.952,0,67.236,53.789,76.376
0.0,0.0,40.0,60.0,40.0,571.948,0,797.491,529.325,148.116,56.818,70.493,69.156,70.52,54.546,1.531,1.952,0,67.236,53.789,76.354
0.0,23.957,40.0,60.0,40.0,571.948,0,797.491,529.325,148.116,63.482,70.492,69.166,70.505,61.21,1.531,1.952,0,67.236,53.789,76.307
0.0,55.957,40.0,60.0,40.0,571.948,0,797.491,529.325,148.116,44.181,70.479,69.171,70.496,41.909,1.531,1.952,0,67.236,53.789,76.217
0.0,7.957,40.0,60.0,40.0,571.948,0,797.491,529.325,148.116,52.108,70.459,69.148,70.481,49.836,1.531,1.952,0,67.236,53.789,76.207
0.0,7.937,40.0,60.0,40.0,571.948,0,797.491,529.325,148.116,64.101,70.456,69.152,70.467,61.829,1.531,1.952,0,67.236,53.789,76.175
0.0,55.937,40.0,60.0,40.0,571.948,0,797.491,529.325,148.116,49.808,70.476,69.169,70.467,47.536,1.531,1.952,0,67.236,53.789,76.204
0.0,23.937,40.0,60.0,40.0,571.948,0,797.491,529.325,148.116,48.71,70.456,69.151,70.468,46.438,1.531,1.952,0,67.236,53.789,76.18
0.0,0.0,40.0,60.0,40.0,571.948,0,797.491,529.325,148.116,61.639,70.435,69.144,70.455,59.367,1.531,1.952,0,67.236,53.789,76.092
0.0,40.0,40.0,60.0,40.0,571.948,0,797.491,529.325,148.116,62.291,70.443,69.165,70.445,60.018,1.531,1.952,0,67.236,53.789,76.048
0.0,40.0,40.0,60.0,40.0,571.948,0,797.491,529.325,148.116,45.445,70.436,69.157,70.444,43.173,1.531,1.952,0,67.236,53.789,76.045
0.0,0.0,40.0,60.0,40.0,571.948,0,797.491,529.325,148.116,56.947,70.426,69.144,70.436,54.676,1.531,1.952,0,67.236,53.789,76.048
0.0,22.668,40.0,60.0,40.0,571.948,0,797.491,529.325,148.116,63.53,70.429,69.159,70.431,61.258,1.531,1.952,0,67.236,53.789,75.999
0.0,54.668,40.0,60.0,40.0,571.948,0,797.491,529.325,148.116,44.412,70.431,69.166,70.432,42.14,1.531,1.952,0,67.236,53.789,75.977
0.0,6.668,40.0,60.0,40.0,571.948,0,797.491,529.325,148.116,52.738,70.407,69.149,70.425,50.466,1.531,1.952,0,67.236,53.789,75.927
0.0,8.0,40.0,60.0,40.0,571.948,0,797.491,529.325,148.116,64.315,70.405,69.155,70.414,62.043,1.531,1.952,0,67.236,53.789,75.887
0.0,56.0,40.0,60.0,40.0,571.948,0,797.491,529.325,148.116,49.491,70.418,69.172,70.412,47.219,1.531,1.952,0,67.236,53.789,75.882
0.0,24.0,40.0,60.0,40.0,571.948,0,797.491,529.325,148.116,48.408,70.411,69.155,70.414,46.136,1.531,1.952,0,67.236,53.789,75.918
0.0,0.0,40.0,60.0,40.0,571.948,0,797.491,529.325,148.116,61.482,70.399,69.153,70.409,59.21,1.531,1.952,0,67.236,53.789,75.86
0.0,37.892,40.0,60.0,40.0,571.948,0,797.491,529.325,148.116,62.349,70.401,69.178,70.404,60.077,1.531,1.952,0,67.236,53.789,75.766
0.0,39.3,40.0,60.0,40.0,571.948,0,797.491,529.325,148.116,45.919,70.401,69.18,70.404,43.647,1.531,1.952,0,67.236,53.789,75.757
0.0,0.0,40.0,60.0,40.0,571.948,0,797.491,529.325,148.116,57.222,70.392,69.175,70.4,54.95,1.531,1.952,0,67.236,53.789,75.729
0.0,24.0,40.0,60.0,40.0,571.948,0,797.491,529.325,148.116,63.512,70.395,69.198,70.396,61.24,1.531,1.952,0,67.236,53.789,75.643
0.0,56.0,40.0,60.0,40.0,571.948,0,797.491,529.325,148.116,44.051,70.395,69.212,70.397,41.779,1.531,1.952,0,67.236,53.789,75.582
0.0,8.0,40.0,60.0,40.0,571.948,0,797.491,529.325,148.116,51.962,70.386,69.202,70.393,49.69,1.531,1.952,0,67.236,53.789,75.581
0.0,7.721,40.0,60.0,40.0,571.948,0,797.491,529.325,148.116,63.991,70.38,69.215,70.387,61.719,1.531,1.952,0,67.236,53.789,75.484
0.0,55.721,40.0,60.0,40.0,571.948,0,797.491,529.325,148.116,49.846,70.386,69.24,70.385,47.574,1.531,1.952,0,67.236,53.789,75.405
0.0,23.721,40.0,60.0,40.0,571.948,0,797.491,529.325,148.116,48.674,70.37,69.231,70.381,46.402,1.531,1.952,0,67.236,53.789,75.363
0.0,0.0,40.0,60.0,40.0,571.948,0,797.491,529.325,148.116,61.584,70.382,69.234,70.377,59.312,1.531,1.952,0,67.236,53.789,75.413
0.0,40.0,40.0,60.0,40.0,571.948,0,797.491,529.325,148.116,62.162,70.384,69.26,70.381,59.89,1.531,1.952,0,67.236,53.789,75.309
0.0,40.0,40.0,60.0,40.0,571.948,0,797.491,529.325,148.116,45.179,70.357,69.259,70.377,42.906,1.531,1.952,0,67.236,53.789,75.172
0.0,0.0,40.0,60.0,40.0,571.948,0,797.491,529.325,148.116,56.78,70.363,69.25,70.366,54.508,1.531,1.952,0,67.236,53.789,75.243
0.0,20.213,40.0,60.0,40.0,571.948,0,797.491,529.325,148.116,63.618,70.376,69.27,70.368,61.346,1.531,1.952,0,67.236,53.789,75.228
0.0,55.323,40.0,60.0,40.0,571.948,0,797.491,529.325,148.116,44.624,70.369,69.284,70.372,42.352,1.531,1.952,0,67.236,53.789,75.123
0.0,7.323,40.0,60.0,40.0,571.948,0,797.491,529.325,148.116,52.503,70.345,69.27,70.364,50.231,1.531,1.952,0,67.236,53.789,75.06
0.0,8.0,40.0,60.0,40.0,571.948,0,797.491,529.325,148.116,64.156,70.352,69.279,70.354,61.884,1.531,1.952,0,67.236,53.789,75.055
0.0,56.0,40.0,60.0,40.0,571.948,0,797.491,529.325,148.116,49.278,70.368,69.298,70.357,47.006,1.531,1.952,0,67.236,53.789,75.056
0.0,24.0,40.0,60.0,40.0,571.948,0,797.491,529.325,148.116,48.133,70.352,69.279,70.36,45.861,1.531,1.952,0,67.236,53.789,75.056
0.0,0.0,40.0,60.0,40.0,571.948,0,797.491,529.325,148.116,61.32,70.346,69.272,70.353,59.048,1.531,1.952,0,67.236,53.789,75.056
0.0,34.894,40.0,60.0,40.0,571.948,0,797.491,529.325,148.116,62.496,70.361,69.29,70.352,60.224,1.531,1.952,0,67.236,53.789,75.055
0.0,43.147,40.0,60.0,40.0,571.948,0,797.491,529.325,148.116,44.685,70.359,69.284,70.359,42.413,1.531,1.952,0,67.236,53.789,75.075
0.0,0.0,40.0,60.0,40.0,571.948,0,797.491,529.325,148.116,55.461,70.331,69.263,70.352,53.189,1.531,1.952,0,67.236,53.789,75.012
0.0,16.0,40.0,60.0,40.0,571.948,0,797.491,529.325,148.116,64.236,70.327,69.272,70.338,61.964,1.531,1.952,0,67.236,53.789,74.954
0.0,64.0,40.0,60.0,40.0,571.948,0,797.491,529.325,148.116,45.225,70.326,69.281,70.333,42.953,1.531,1.952,0,67.236,53.789,74.905
0.0,16.0,40.0,60.0,40.0,571.948,0,797.491,529.325,148.116,50.045,70.273,69.255,70.317,47.773,1.531,1.952,0,67.236,53.789,74.736
0.0,0.0,40.0,60.0,40.0,571.948,0,797.491,529.325,148.116,63.412,70.248,69.248,70.285,61.14,1.531,1.952,0,67.236,53.789,74.633
0.0,43.741,40.0,60.0,40.0,571.948,0,797.491,529.325,148.116,61.839,70.247,69.264,70.264,59.567,1.531,1.952,0,67.236,53.789,74.558
0.0,34.401,40.0,60.0,40.0,571.948,0,797.491,529.325,148.116,47.281,70.235,69.251,70.253,45.009,1.531,1.952,0,67.236,53.789,74.551
0.0,0.0,40.0,60.0,40.0,571.948,0,797.491,529.325,148.116,58.609,70.223,69.235,70.239,56.337,1.531,1.952,0,67.236,53.789,74.552
0.0,29.934,40.0,60.0,40.0,571.948,0,797.491,529.325,148.116,62.812,70.234,69.25,70.232,60.54,1.531,1.952,0,67.236,53.789,74.551
0.0,49.686,40.0,60.0,40.0,571.948,0,797.491,529.325,148.116,45.298,70.245,69.255,70.238,43.026,1.531,1.952,0,67.236,53.789,74.585
0.0,1.686,40.0,60.0,40.0,571.948,0,797.491,529.325,148.116,54.435,70.232,69.241,70.238,52.163,1.531,1.952,0,67.236,53.789,74.575
0.0,16.0,40.0,60.0,40.0,571.948,0,797.491,529.325,148.116,63.631,70.235,69.255,70.235,61.359,1.531,1.952,0,67.236,53.789,74.528
0.0,64.0,40.0,60.0,40.0,571.948,0,797.491,529.325,148.116,45.995,70.217,69.275,70.232,43.723,1.531,1.952,0,67.236,53.789,74.343
0.0,16.0,40.0,60.0,40.0,571.948,0,797.491,529.325,148.116,50.623,70.18,69.262,70.214,48.351,1.531,1.952,0,67.236,53.789,74.204
0.0,0.0,40.0,60.0,40.0,571.948,0,797.491,529.325,148.116,63.586,70.172,69.268,70.191,61.314,1.531,1.952,0,67.236,53.789,74.139
0.0,48.0,40.0,60.0,40.0,571.948,0,797.491,529.325,148.116,57.102,70.207,69.295,70.189,54.829,1.531,1.952,0,67.236,53.789,74.203
0.0,32.0,40.0,60.0,40.0,571.948,0,797.491,529.325,148.116,46.413,70.193,69.288,70.197,44.141,1.531,1.952,0,67.236,53.789,74.164
0.0,0.0,40.0,60.0,40.0,571.948,0,797.491,529.325,148.116,58.922,70.186,69.28,70.192,56.65,1.531,1.952,0,67.236,53.789,74.16
0.0,28.999,40.0,60.0,40.0,571.948,0,797.491,529.325,148.116,62.657,70.181,69.303,70.188,60.385,1.531,1.952,0,67.236,53.789,74.033
0.0,45.101,40.0,60.0,40.0,571.948,0,797.491,529.325,148.116,44.986,70.161,69.311,70.181,42.714,1.531,1.952,0,67.236,53.789,73.884
0.0,0.0,40.0,60.0,40.0,571.948,0,797.491,529.325,148.116,55.3,70.132,69.299,70.161,53.028,1.531,1.952,0,67.236,53.789,73.783
0.0,16.0,40.0,60.0,40.0,571.948,0,797.491,529.325,148.116,63.928,70.154,69.313,70.149,61.656,1.531,1.952,0,67.236,53.789,73.842
0.0,64.0,40.0,60.0,40.0,571.948,0,797.491,529.325,148.116,44.622,70.161,69.331,70.156,42.35,1.531,1.952,0,67.236,53.789,73.802
0.0,16.0,40.0,60.0,40.0,571.948,0,797.491,529.325,148.116,49.704,70.15,69.312,70.156,47.432,1.531,1.952,0,67.236,53.789,73.828
0.0,0.0,40.0,60.0,40.0,571.948,0,797.491,529.325,148.116,63.185,70.149,69.311,70.152,60.913,1.531,1.952,0,67.236,53.789,73.82
0.0,42.947,40.0,60.0,40.0,571.948,0,797.491,529.325,148.116,61.843,70.151,69.337,70.151,59.571,1.531,1.952,0,67.236,53.789,73.719
0.0,37.659,40.0,60.0,40.0,571.948,0,797.491,529.325,148.116,46.538,70.14,69.333,70.149,44.266,1.531,1.952,0,67.236,53.789,73.678
0.0,0.0,40.0,60.0,40.0,571.948,0,797.491,529.325,148.116,57.821,70.101,69.324,70.134,55.549,1.531,1.952,0,67.236,53.789,73.509
0.0,24.0,40.0,60.0,40.0,571.948,0,797.491,529.325,148.116,63.628,70.114,69.345,70.118,61.356,1.531,1.952,0,67.236,53.789,73.488
0.0,56.0,40.0,60.0,40.0,571.948,0,797.491,529.325,148.116,45.133,70.119,69.36,70.119,42.861,1.531,1.952,0,67.236,53.789,73.446
0.0,8.0,40.0,60.0,40.0,571.948,0,797.491,529.325,148.116,52.763,70.09,69.347,70.112,50.491,1.531,1.952,0,67.236,53.789,73.344
0.0,8.0,40.0,60.0,40.0,571.948,0,797.491,529.325,148.116,64.164,70.072,69.358,70.094,61.892,1.531,1.952,0,67.236,53.789,73.203
0.0,56.0,40.0,60.0,40.0,571.948,0,797.491,529.325,148.116,50.341,70.063,69.383,70.08,48.069,1.531,1.952,0,67.236,53.789,73.043
0.0,24.0,40.0,60.0,40.0,571.948,0,797.491,529.325,148.116,49.3,70.024,69.374,70.061,47.028,1.531,1.952,0,67.236,53.789,72.874
0.0,0.0,40.0,60.0,40.0,571.948,0,797.491,529.325,148.116,61.697,70.024,69.374,70.039,59.425,1.531,1.952,0,67.236,53.789,72.874
0.0,40.0,40.0,60.0,40.0,571.948,0,797.491,529.325,148.116,62.473,70.042,69.402,70.035,60.2,1.531,1.952,0,67.236,53.789,72.846
0.0,40.0,40.0,60.0,40.0,571.948,0,797.491,529.325,148.116,46.494,70.047,69.406,70.041,44.222,1.531,1.952,0,67.236,53.789,72.859
0.0,0.0,40.0,60.0,40.0,571.948,0,797.491,529.325,148.116,57.318,70.038,69.4,70.042,55.046,1.531,1.952,0,67.236,53.789,72.832
0.0,26.358,40.0,60.0,40.0,571.948,0,797.491,529.325,148.116,62.616,70.037,69.423,70.039,60.344,1.531,1.952,0,67.236,53.789,72.73
0.0,57.934,40.0,60.0,40.0,571.948,0,797.491,529.325,148.116,44.143,70.031,69.438,70.038,41.871,1.531,1.952,0,67.236,53.789,72.631
0.0,9.934,40.0,60.0,40.0,571.948,0,797.491,529.325,148.116,51.591,70.036,69.427,70.034,49.319,1.531,1.952,0,67.236,53.789,72.707
0.0,2.454,40.0,60.0,40.0,571.948,0,797.491,529.325,148.116,63.493,70.034,69.438,70.035,61.221,1.531,1.952,0,67.236,53.789,72.645
0.0,50.454,40.0,60.0,40.0,571.948,0,797.491,529.325,148.116,54.042,70.021,69.468,70.031,51.77,1.531,1.952,0,67.236,53.789,72.446
0.0,31.569,40.0,60.0,40.0,571.948,0,797.491,529.325,148.116,46.657,70.022,69.463,70.026,44.385,1.531,1.952,0,67.236,53.789,72.473
0.0,0.0,40.0,60.0,40.0,571.948,0,797.491,529.325,148.116,59.047,70.015,69.46,70.022,56.775,1.531,1.952,0,67.236,53.789,72.451
0.0,30.479,40.0,60.0,40.0,571.948,0,797.491,529.325,148.116,62.707,70.037,69.487,70.023,60.435,1.531,1.952,0,67.236,53.789,72.45
0.0,46.586,40.0,60.0,40.0,571.948,0,797.491,529.325,148.116,45.508,70.025,69.502,70.03,43.236,1.531,1.952,0,67.236,53.789,72.322
0.0,0.0,40.0,60.0,40.0,571.948,0,797.491,529.325,148.116,55.465,70.001,69.497,70.021,53.193,1.531,1.952,0,67.236,53.789,72.21
0.0,18.167,40.0,60.0,40.0,571.948,0,797.491,529.325,148.116,63.02,69.982,69.517,70.004,60.748,1.531,1.952,0,67.236,53.789,72.02
0.0,61.338,40.0,60.0,40.0,571.948,0,797.491,529.325,148.116,45.03,69.974,69.539,69.991,42.758,1.531,1.952,0,67.236,53.789,71.879
0.0,13.338,40.0,60.0,40.0,571.948,0,797.491,529.325,148.116,51.339,69.971,69.531,69.98,49.067,1.531,1.952,0,67.236,53.789,71.902
0.0,0.0,40.0,60.0,40.0,571.948,0,797.491,529.325,148.116,63.897,69.97,69.542,69.974,61.625,1.531,1.952,0,67.236,53.789,71.845
0.0,48.0,40.0,60.0,40.0,571.948,0,797.491,529.325,148.116,56.913,69.982,69.574,69.975,54.641,1.531,1.952,0,67.236,53.789,71.772
0.0,32.0,40.0,60.0,40.0,571.948,0,797.491,529.325,148.116,46.419,69.959,69.569,69.975,44.147,1.531,1.952,0,67.236,53.789,71.669
0.0,0.0,40.0,60.0,40.0,571.948,0,797.491,529.325,148.116,58.865,69.933,69.565,69.959,56.593,1.531,1.952,0,67.236,53.789,71.545
0.0,28.864,40.0,60.0,40.0,571.948,0,797.491,529.325,148.116,62.826,69.923,69.59,69.941,60.554,1.531,1.952,0,67.236,53.789,71.383
0.0,50.647,40.0,60.0,40.0,571.948,0,797.491,529.325,148.116,45.008,69.924,69.604,69.932,42.736,1.531,1.952,0,67.236,53.789,71.329
0.0,2.647,40.0,60.0,40.0,571.948,0,797.491,529.325,148.116,53.885,69.923,69.594,69.927,51.613,1.531,1.952,0,67.236,53.789,71.364
0.0,13.811,40.0,60.0,40.0,571.948,0,797.491,529.325,148.116,63.253,69.921,69.609,69.924,60.981,1.531,1.952,0,67.236,53.789,71.292
0.0,61.811,40.0,60.0,40.0,571.948,0,797.491,529.325,148.116,47.671,69.913,69.632,69.921,45.399,1.531,1.952,0,67.236,53.789,71.145
0.0,17.57,40.0,60.0,40.0,571.948,0,797.491,529.325,148.116,50.949,69.906,69.623,69.914,48.677,1.531,1.952,0,67.236,53.789,71.147
0.0,0.0,40.0,60.0,40.0,571.948,0,797.491,529.325,148.116,62.972,69.904,69.629,69.909,60.7,1.531,1.952,0,67.236,53.789,71.108
0.0,48.0,40.0,60.0,40.0,571.948,0,797.491,529.325,148.116,57.108,69.898,69.656,69.905,54.836,1.531,1.952,0,67.236,53.789,70.956
0.0,32.0,40.0,60.0,40.0,571.948,0,797.491,529.325,148.116,46.824,69.863,69.651,69.893,44.552,1.531,1.952,0,67.236,53.789,70.789
0.0,0.0,40.0,60.0,40.0,571.948,0,797.491,529.325,148.116,59.01,69.844,69.648,69.87,56.738,1.531,1.952,0,67.236,53.789,70.704
0.0,32.0,40.0,60.0,40.0,571.948,0,797.491,529.325,148.116,62.569,69.868,69.673,69.861,60.297,1.531,1.952,0,67.236,53.789,70.721
0.0,48.0,40.0,60.0,40.0,571.948,0,797.491,529.325,148.116,44.461,69.842,69.682,69.861,42.189,1.531,1.952,0,67.236,53.789,70.546
0.0,0.0,40.0,60.0,40.0,571.948,0,797.491,529.325,148.116,54.293,69.814,69.671,69.843,52.021,1.531,1.952,0,67.236,53.789,70.441
0.0,15.457,40.0,60.0,40.0,571.948,0,797.491,529.325,148.116,63.505,69.803,69.688,69.824,61.233,1.531,1.952,0,67.236,53.789,70.306
0.0,63.457,40.0,60.0,40.0,571.948,0,797.491,529.325,148.116,45.493,69.787,69.709,69.809,43.221,1.531,1.952,0,67.236,53.789,70.126
0.0,15.457,40.0,60.0,40.0,571.948,0,797.491,529.325,148.116,50.296,69.758,69.697,69.789,48.024,1.531,1.952,0,67.236,53.789,70.027
0.0,0.0,40.0,60.0,40.0,571.948,0,797.491,529.325,148.116,63.224,69.74,69.702,69.767,60.952,1.531,1.952,0,67.236,53.789,69.905
0.0,45.039,40.0,60.0,40.0,571.948,0,797.491,529.325,148.116,61.228,69.749,69.73,69.754,58.956,1.531,1.952,0,67.236,53.789,69.828
0.0,29.039,40.0,60.0,40.0,571.948,0,797.491,529.325,148.116,48.012,69.72,69.727,69.745,45.739,1.531,1.952,0,67.236,53.789,69.689
0.0,0.0,40.0,60.0,40.0,571.948,0,797.491,529.325,148.116,59.749,69.716,69.726,69.729,57.476,1.531,1.952,0,67.236,53.789,69.676
0.0,32.0,40.0,60.0,40.0,571.948,0,797.491,529.325,148.116,62.525,69.714,69.752,69.722,60.253,1.531,1.952,0,67.236,53.789,69.549
0.0,48.0,40.0,60.0,40.0,571.948,0,797.491,529.325,148.116,43.858,69.705,69.76,69.716,41.585,1.531,1.952,0,67.236,53.789,69.463
0.0,0.0,40.0,60.0,40.0,571.948,0,797.491,529.325,148.116,53.854,69.695,69.749,69.707,51.582,1.531,1.952,0,67.236,53.789,69.461
0.0,8.261,40.0,60.0,40.0,571.948,0,797.491,529.325,148.116,64.675,69.688,69.765,69.698,62.403,1.531,1.952,0,67.236,53.789,69.348
0.0,56.261,40.0,60.0,40.0,571.948,0,797.491,529.325,148.116,49.489,69.698,69.793,69.695,47.217,1.531,1.952,0,67.236,53.789,69.283
0.0,24.261,40.0,60.0,40.0,571.948,0,797.491,529.325,148.116,48.723,69.681,69.783,69.693,46.451,1.531,1.952,0,67.236,53.789,69.235
0.0,0.0,40.0,60.0,40.0,571.948,0,797.491,529.325,148.116,61.128,69.649,69.783,69.678,58.856,1.531,1.952,0,67.236,53.789,69.064
0.0,38.278,40.0,60.0,40.0,571.948,0,797.491,529.325,148.116,62.051,69.663,69.808,69.664,59.779,1.531,1.952,0,67.236,53.789,69.027
0.0,38.278,40.0,60.0,40.0,571.948,0,797.491,529.325,148.116,47.377,69.653,69.813,69.663,45.105,1.531,1.952,0,67.236,53.789,68.951
0.0,0.0,40.0,60.0,40.0,571.948,0,797.491,529.325,148.116,57.958,69.618,69.807,69.648,55.686,1.531,1.952,0,67.236,53.789,68.791
0.0,29.245,40.0,60.0,40.0,571.948,0,797.491,529.325,148.116,62.346,69.625,69.826,69.632,60.074,1.531,1.952,0,67.236,53.789,68.742
0.0,49.034,40.0,60.0,40.0,571.948,0,797.491,529.325,148.116,45.743,69.618,69.836,69.629,43.471,1.531,1.952,0,67.236,53.789,68.663
0.0,1.034,40.0,60.0,40.0,571.948,0,797.491,529.325,148.116,54.636,69.58,69.825,69.613,52.364,1.531,1.952,0,67.236,53.789,68.503
0.0,16.0,40.0,60.0,40.0,571.948,0,797.491,529.325,148.116,63.405,69.581,69.839,69.593,61.133,1.531,1.952,0,67.236,53.789,68.453
0.0,64.0,40.0,60.0,40.0,571.948,0,797.491,529.325,148.116,46.519,69.584,69.857,69.589,44.246,1.531,1.952,0,67.236,53.789,68.387
0.0,16.0,40.0,60.0,40.0,571.948,0,797.491,529.325,148.116,51.162,69.563,69.844,69.581,48.89,1.531,1.952,0,67.236,53.789,68.332
0.0,0.0,40.0,60.0,40.0,571.948,0,797.491,529.325,148.116,63.437,69.549,69.846,69.567,61.165,1.531,1.952,0,67.236,53.789,68.245
0.0,48.0,40.0,60.0,40.0,571.948,0,797.491,529.325,148.116,57.377,69.554,69.87,69.558,55.104,1.531,1.952,0,67.236,53.789,68.172
0.0,32.0,40.0,60.0,40.0,571.948,0,797.491,529.325,148.116,47.313,69.524,69.86,69.55,45.041,1.531,1.952,0,67.236,53.789,68.051
0.0,0.0,40.0,60.0,40.0,571.948,0,797.491,529.325,148.116,59.082,69.5,69.85,69.528,56.81,1.531,1.952,0,67.236,53.789,67.971
0.0,32.0,40.0,60.0,40.0,571.948,0,797.491,529.325,148.116,62.399,69.508,69.868,69.515,60.127,1.531,1.952,0,67.236,53.789,67.935
0.0,48.0,40.0,60.0,40.0,571.948,0,797.491,529.325,148.116,44.107,69.489,69.87,69.509,41.835,1.531,1.952,0,67.236,53.789,67.82
0.0,0.0,40.0,60.0,40.0,571.948,0,797.491,529.325,148.116,53.931,69.448,69.853,69.487,51.659,1.531,1.952,0,67.236,53.789,67.675
0.0,15.184,40.0,60.0,40.0,571.948,0,797.491,529.325,148.116,63.155,69.442,69.867,69.463,60.883,1.531,1.952,0,67.236,53.789,67.58
0.0,63.184,40.0,60.0,40.0,571.948,0,797.491,529.325,148.116,45.155,69.436,69.891,69.451,42.883,1.531,1.952,0,67.236,53.789,67.443
0.0,15.184,40.0,60.0,40.0,571.948,0,797.491,529.325,148.116,50.129,69.406,69.887,69.435,47.857,1.531,1.952,0,67.236,53.789,67.295
0.0,0.0,40.0,60.0,40.0,571.948,0,797.491,529.325,148.116,62.958,69.406,69.906,69.417,60.686,1.531,1.952,0,67.236,53.789,67.216
0.0,44.316,40.0,60.0,40.0,571.948,0,797.491,529.325,148.116,61.198,69.431,69.952,69.418,58.926,1.531,1.952,0,67.236,53.789,67.149
0.0,28.316,40.0,60.0,40.0,571.948,0,797.491,529.325,148.116,48.689,69.414,69.97,69.422,46.417,1.531,1.952,0,67.236,53.789,66.975
0.0,0.0,40.0,60.0,40.0,571.948,0,797.491,529.325,148.116,59.994,69.424,69.988,69.418,57.722,1.531,1.952,0,67.236,53.789,66.953
0.0,34.937,88.0,12.0,88.0,560.445,0,797.03,483.683,778.525,61.777,66.999,70.029,68.635,59.532,1.54,1.914,0,66.529,53.224,66.927
0.0,40.779,92.0,8.0,92.0,557.634,0,796.946,485.588,786.164,46.517,66.888,70.05,67.699,44.295,1.531,1.905,0,66.354,53.083,66.844
0.0,0.0,46.737,53.263,46.737,555.362,0,794.028,500.24,267.349,55.937,68.923,70.052,67.616,53.72,1.489,1.904,0,66.358,53.086,66.699
0.0,21.183,94.737,5.263,94.737,559.222,0,798.86,487.74,791.553,61.822,66.746,70.075,67.535,59.604,1.531,1.905,0,66.358,53.086,66.716
0.0,53.183,100.0,0.0,100.0,557.953,0,797.479,488.064,794.212,45.517,66.723,70.092,67.099,43.3,1.531,1.904,0,66.347,53.078,66.709
0.0,5.183,60.0,40.0,60.0,555.7,0,794.663,477.641,532.254,52.932,67.776,70.075,67.016,50.716,1.511,1.903,0,66.347,53.078,66.642
0.0,8.0,84.983,15.017,84.983,559.911,0,799.936,483.467,772.696,62.463,66.69,70.076,67.331,60.246,1.528,1.905,0,66.347,53.078,66.57
0.0,56.0,100.0,0.0,100.0,557.962,0,797.5,488.076,794.232,50.05,66.48,70.087,66.912,47.833,1.531,1.904,0,66.347,53.077,66.465
0.0,20.232,74.854,25.146,74.854,556.312,0,795.436,473.317,711.825,50.272,66.773,70.063,66.684,48.056,1.525,1.904,0,66.346,53.077,66.386
0.0,0.0,68.767,31.233,68.767,560.032,0,800.091,474.593,654.958,60.539,67.032,70.043,67.196,58.322,1.519,1.905,0,66.346,53.077,66.365
0.0,40.0,100.0,0.0,100.0,558.027,0,797.583,488.127,794.316,60.625,66.315,70.046,66.833,58.409,1.531,1.904,0,66.346,53.077,66.3
0.0,34.639,89.216,10.784,89.216,557.527,0,796.958,484.304,781.195,47.813,66.318,70.026,66.538,45.596,1.53,1.904,0,66.346,53.077,66.244
0.0,0.0,54.94,45.06,54.94,559.541,0,799.485,489.072,453.573,57.138,67.818,69.994,66.876,54.922,1.505,1.905,0,66.346,53.077,66.159
0.0,24.0,100.0,0.0,100.0,558.455,0,798.12,488.458,794.849,61.804,66.052,69.988,66.763,59.587,1.531,1.905,0,66.346,53.077,66.035
0.0,52.14,100.0,0.0,100.0,557.953,0,797.493,488.071,794.225,45.819,65.955,69.98,66.347,43.602,1.531,1.904,0,66.346,53.077,65.938
0.0,4.14,58.953,41.047,58.953,555.714,0,794.686,479.123,516.248,53.007,67.327,69.944,66.303,50.791,1.51,1.903,0,66.346,53.077,65.915
0.0,8.0,84.477,15.523,84.477,559.946,0,799.987,483.118,770.996,62.138,65.98,69.929,66.729,59.921,1.528,1.905,0,66.346,53.077,65.832
0.0,56.0,100.0,0.0,100.0,557.962,0,797.502,488.078,794.235,50.077,65.838,69.932,66.26,47.86,1.531,1.904,0,66.346,53.077,65.821
0.0,16.264,73.336,26.664,73.336,556.217,0,795.318,472.535,698.599,51.07,66.292,69.909,66.065,48.854,1.524,1.904,0,66.346,53.077,65.791
0.0,0.0,77.008,22.992,77.008,560.055,0,800.122,477.375,732.461,61.194,66.104,69.899,66.535,58.978,1.525,1.905,0,66.346,53.077,65.753
0.0,45.962,100.0,0.0,100.0,557.977,0,797.521,488.09,794.255,59.335,65.766,69.914,66.162,57.118,1.531,1.904,0,66.346,53.077,65.749
0.0,29.079,82.253,17.747,82.253,556.979,0,796.273,479.105,758.592,47.579,65.944,69.904,65.957,45.363,1.528,1.904,0,66.346,53.077,65.747
0.0,0.0,46.847,53.153,46.847,557.165,0,796.506,501.69,271.044,57.648,68.505,69.894,66.69,55.432,1.488,1.904,0,66.346,53.077,65.812
0.0,24.0,94.847,5.153,94.847,559.042,0,798.855,487.77,791.664,61.595,65.929,69.915,66.773,59.377,1.53,1.905,0,66.346,53.077,65.892
0.0,43.206,100.0,0.0,100.0,557.955,0,797.495,488.073,794.226,46.401,65.785,69.931,66.278,44.184,1.531,1.904,0,66.346,53.077,65.768
0.0,0.0,52.0,48.0,52.0,555.5,0,794.42,493.231,389.169,54.514,67.874,69.928,66.314,52.298,1.499,1.903,0,66.346,53.077,65.735
0.0,14.229,89.332,10.668,89.332,559.561,0,799.505,485.92,783.934,61.613,65.72,69.947,66.602,59.396,1.53,1.905,0,66.346,53.077,65.636
0.0,59.372,100.0,0.0,100.0,557.957,0,797.498,488.074,794.23,46.772,65.621,69.973,66.08,44.555,1.531,1.904,0,66.346,53.077,65.603
0.0,11.372,60.0,40.0,60.0,234.504,0,671.22,404.971,449.476,45.706,67.108,69.99,65.999,44.216,0.654,0.959,0,0.0,0.0,65.686
0.0,0.0,12.0,88.0,12.0,45.825,0,431.49,393.656,26.4,49.536,69.735,69.999,67.266,48.901,0.142,0.318,0,0.0,0.0,65.695
0.0,0.0,0.0,100.0,0.0,0.29,0,39.693,13.294,26.4,51.159,67.194,70.016,67.847,50.997,0.016,0.02,0,0.0,0.0,65.774
0.0,0.0,0.0,100.0,0.0,0.0,0,7.105,-19.294,26.4,51.163,65.852,57.349,67.834,51.14,0.009,0.0,0,0.0,0.0,65.852
0.0,0.0,0.0,100.0,0.0,0.0,0,7.105,-19.294,26.4,51.194,65.858,57.352,67.819,51.191,0.009,0.0,0,0.0,0.0,65.858
0.0,0.0,0.0,100.0,0.0,0.0,0,7.105,-19.294,26.4,51.242,65.905,57.355,67.805,51.241,0.009,0.0,0,0.0,0.0,65.905
0.0,0.0,0.0,100.0,0.0,0.0,0,7.105,-19.294,26.4,51.291,65.929,57.359,67.791,51.291,0.009,0.0,0,0.0,0.0,65.929
0.0,0.0,0.0,100.0,0.0,0.0,0,7.105,-19.294,26.4,51.341,65.944,57.362,67.777,51.341,0.009,0.0,0,0.0,0.0,65.944
0.0,0.0,0.0,100.0,0.0,0.0,0,7.105,-19.294,26.4,51.391,66.012,57.365,67.764,51.391,0.009,0.0,0,0.0,0.0,66.012
0.0,0.0,0.0,100.0,0.0,0.0,0,7.105,-19.294,26.4,51.441,66.02,57.368,67.751,51.441,0.009,0.0,0,0.0,0.0,66.02
0.0,0.0,0.0,100.0,0.0,0.0,0,7.105,-19.294,26.4,51.49,66.066,57.371,67.738,51.49,0.009,0.0,0,0.0,0.0,66.066
0.0,0.0,0.0,100.0,0.0,0.0,0,7.105,-19.294,26.4,51.539,66.136,57.374,67.726,51.539,0.009,0.0,0,0.0,0.0,66.136
0.0,0.0,0.0,100.0,0.0,0.0,0,7.105,-19.294,26.4,51.588,66.229,57.377,67.714,51.588,0.009,0.0,0,0.0,0.0,66.229
0.0,0.0,0.0,100.0,0.0,0.0,0,7.105,-19.294,26.4,51.637,66.205,57.38,67.703,51.637,0.009,0.0,0,0.0,0.0,66.205
0.0,0.0,0.0,100.0,0.0,0.0,0,7.105,-19.294,26.4,51.685,66.217,57.382,67.692,51.685,0.009,0.0,0,0.0,0.0,66.217
0.0,0.0,0.0,100.0,0.0,0.0,0,7.105,-19.294,26.4,51.734,66.189,57.385,67.681,51.734,0.009,0.0,0,0.0,0.0,66.189
0.0,0.0,0.0,100.0,0.0,0.0,0,7.105,-19.294,26.4,51.782,66.115,57.388,67.67,51.782,0.009,0.0,0,0.0,0.0,66.115
0.0,0.0,0.0,100.0,0.0,0.0,0,7.105,-19.294,26.4,51.83,66.171,57.39,67.659,51.83,0.009,0.0,0,0.0,0.0,66.171
0.0,0.0,0.0,100.0,0.0,0.0,0,7.105,-19.294,26.4,51.878,66.212,57.393,67.648,51.878,0.009,0.0,0,0.0,0.0,66.212
0.0,0.0,0.0,100.0,0.0,0.0,0,7.105,-19.294,26.4,51.926,66.31,57.396,67.637,51.926,0.009,0.0,0,0.0,0.0,66.31
0.0,0.0,0.0,100.0,0.0,0.0,0,7.105,-19.294,26.4,51.973,66.44,57.398,67.628,51.973,0.009,0.0,0,0.0,0.0,66.44
0.0,0.0,0.0,100.0,0.0,0.0,0,7.105,-19.294,26.4,52.02,66.465,57.401,67.619,52.02,0.009,0.0,0,0.0,0.0,66.465
0.0,0.0,0.0,100.0,0.0,0.0,0,7.105,-19.294,26.4,52.068,66.614,57.403,67.611,52.068,0.009,0.0,0,0.0,0.0,66.614
0.0,0.0,0.0,100.0,0.0,0.0,0,7.105,-19.294,26.4,52.115,66.635,57.406,67.604,52.115,0.009,0.0,0,0.0,0.0,66.635
0.0,0.0,0.0,100.0,0.0,0.0,0,7.105,-19.294,26.4,52.161,66.643,57.408,67.597,52.161,0.009,0.0,0,0.0,0.0,66.643
0.0,0.0,0.0,100.0,0.0,0.0,0,7.105,-19.294,26.4,52.208,66.777,57.411,67.59,52.208,0.009,0.0,0,0.0,0.0,66.777
0.0,0.0,0.0,100.0,0.0,0.0,0,7.105,-19.294,26.4,52.255,66.83,57.413,67.584,52.255,0.009,0.0,0,0.0,0.0,66.83
0.0,0.0,0.0,100.0,0.0,0.0,0,7.105,-19.294,26.4,52.301,66.817,57.415,67.579,52.301,0.009,0.0,0,0.0,0.0,66.817
0.0,0.0,0.0,100.0,0.0,0.0,0,7.105,-19.294,26.4,52.347,66.75,57.418,67.573,52.347,0.009,0.0,0,0.0,0.0,66.75
0.0,0.0,0.0,100.0,0.0,0.0,0,7.105,-19.294,26.4,52.393,66.68,57.42,67.567,52.393,0.009,0.0,0,0.0,0.0,66.68
0.0,0.0,0.0,100.0,0.0,0.0,0,7.105,-19.294,26.4,52.439,66.542,57.422,67.56,52.439,0.009,0.0,0,0.0,0.0,66.542
0.0,0.0,0.0,100.0,0.0,0.0,0,7.105,-19.294,26.4,52.485,66.43,57.424,67.552,52.485,0.009,0.0,0,0.0,0.0,66.43
0.0,0.0,0.0,100.0,0.0,0.0,0,7.105,-19.294,26.4,52.531,66.293,57.426,67.543,52.531,0.009,0.0,0,0.0,0.0,66.293
0.0,0.0,0.0,100.0,0.0,0.0,0,7.105,-19.294,26.4,52.576,66.098,57.428,67.534,52.576,0.009,0.0,0,0.0,0.0,66.098
0.0,0.0,0.0,100.0,0.0,0.0,0,7.105,-19.294,26.4,52.621,65.948,57.43,67.523,52.621,0.009,0.0,0,0.0,0.0,65.948
0.0,0.0,0.0,100.0,0.0,0.0,0,7.105,-19.294,26.4,52.666,65.771,57.432,67.511,52.666,0.009,0.0,0,0.0,0.0,65.771
0.0,0.0,0.0,100.0,0.0,0.0,0,7.105,-19.294,26.4,52.711,65.652,57.433,67.497,52.711,0.009,0.0,0,0.0,0.0,65.652
0.0,0.0,0.0,100.0,0.0,0.0,0,7.105,-19.294,26.4,52.756,65.612,57.435,67.484,52.756,0.009,0.0,0,0.0,0.0,65.612
0.0,0.0,0.0,100.0,0.0,0.0,0,7.105,-19.294,26.4,52.8,65.493,57.437,67.47,52.8,0.009,0.0,0,0.0,0.0,65.493
0.0,0.0,0.0,100.0,0.0,0.0,0,7.105,-19.294,26.4,52.845,65.481,57.438,67.455,52.845,0.009,0.0,0,0.0,0.0,65.481
0.0,0.0,0.0,100.0,0.0,0.0,0,7.105,-19.294,26.4,52.889,65.385,57.44,67.44,52.889,0.009,0.0,0,0.0,0.0,65.385
0.0,0.0,0.0,100.0,0.0,0.0,0,7.105,-19.294,26.4,52.933,65.357,57.441,67.425,52.933,0.009,0.0,0,0.0,0.0,65.357
0.0,0.0,0.0,100.0,0.0,0.0,0,7.105,-19.294,26.4,52.977,65.26,57.442,67.409,52.977,0.009,0.0,0,0.0,0.0,65.26
0.0,0.0,0.0,100.0,0.0,0.0,0,7.105,-19.294,26.4,53.02,65.196,57.444,67.393,53.02,0.009,0.0,0,0.0,0.0,65.196
0.0,0.0,0.0,100.0,0.0,0.0,0,7.105,-19.294,26.4,53.064,65.191,57.445,67.377,53.064,0.009,0.0,0,0.0,0.0,65.191
0.0,0.0,0.0,100.0,0.0,0.0,0,7.105,-19.294,26.4,53.107,65.192,57.446,67.361,53.107,0.009,0.0,0,0.0,0.0,65.192
0.0,0.0,0.0,100.0,0.0,0.0,0,7.105,-19.294,26.4,53.15,65.19,57.447,67.345,53.15,0.009,0.0,0,0.0,0.0,65.19
0.0,0.0,0.0,100.0,0.0,0.0,0,7.105,-19.294,26.4,53.193,65.244,57.449,67.329,53.193,0.009,0.0,0,0.0,0.0,65.244
0.0,0.0,0.0,100.0,0.0,0.0,0,7.105,-19.294,26.4,53.236,65.151,57.45,67.313,53.236,0.009,0.0,0,0.0,0.0,65.151
0.0,0.0,0.0,100.0,0.0,0.0,0,7.105,-19.294,26.4,53.279,65.139,57.451,67.297,53.279,0.009,0.0,0,0.0,0.0,65.139
0.0,0.0,0.0,100.0,0.0,0.0,0,7.105,-19.294,26.4,53.321,65.057,57.452,67.281,53.321,0.009,0.0,0,0.0,0.0,65.057
0.0,0.0,0.0,100.0,0.0,0.0,0,7.105,-19.294,26.4,53.363,65.065,57.453,67.265,53.363,0.009,0.0,0,0.0,0.0,65.065
0.0,0.0,0.0,100.0,0.0,0.0,0,7.105,-19.294,26.4,53.405,64.991,57.454,67.249,53.405,0.009,0.0,0,0.0,0.0,64.991
0.0,0.0,0.0,100.0,0.0,0.0,0,7.105,-19.294,26.4,53.447,64.863,57.455,67.232,53.447,0.009,0.0,0,0.0,0.0,64.863
0.0,0.0,0.0,100.0,0.0,0.0,0,7.105,-19.294,26.4,53.489,64.833,57.456,67.214,53.489,0.009,0.0,0,0.0,0.0,64.833
0.0,0.0,0.0,100.0,0.0,0.0,0,7.105,-19.294,26.4,53.53,64.805,57.456,67.196,53.53,0.009,0.0,0,0.0,0.0,64.805
0.0,0.0,0.0,100.0,0.0,0.0,0,7.105,-19.294,26.4,53.572,64.654,57.457,67.178,53.572,0.009,0.0,0,0.0,0.0,64.654
0.0,0.0,0.0,100.0,0.0,0.0,0,7.105,-19.294,26.4,53.613,64.554,57.458,67.159,53.613,0.009,0.0,0,0.0,0.0,64.554
0.0,0.0,0.0,100.0,0.0,0.0,0,7.105,-19.294,26.4,53.654,64.45,57.458,67.14,53.654,0.009,0.0,0,0.0,0.0,64.45
0.0,0.0,0.0,100.0,0.0,0.0,0,7.105,-19.294,26.4,53.694,64.322,57.459,67.12,53.694,0.009,0.0,0,0.0,0.0,64.322
0.0,0.0,0.0,100.0,0.0,0.0,0,7.105,-19.294,26.4,53.735,64.293,57.46,67.099,53.735,0.009,0.0,0,0.0,0.0,64.293
0.0,0.0,0.0,100.0,0.0,0.0,0,7.105,-19.294,26.4,53.776,64.266,57.46,67.078,53.776,0.009,0.0,0,0.0,0.0,64.266
0.0,0.0,0.0,100.0,0.0,0.0,0,7.105,-19.294,26.4,53.816,64.087,57.46,67.057,53.816,0.009,0.0,0,0.0,0.0,64.087
0.0,0.0,0.0,100.0,0.0,0.0,0,7.105,-19.294,26.4,53.856,63.863,57.461,67.034,53.856,0.009,0.0,0,0.0,0.0,63.863
0.0,0.0,0.0,100.0,0.0,0.0,0,7.105,-19.294,26.4,53.896,63.807,57.461,67.011,53.896,0.009,0.0,0,0.0,0.0,63.807
0.0,0.0,0.0,100.0,0.0,0.0,0,7.105,-19.294,26.4,53.935,63.756,57.461,66.987,53.935,0.009,0.0,0,0.0,0.0,63.756
0.0,0.0,0.0,100.0,0.0,0.0,0,7.105,-19.294,26.4,53.975,63.782,57.462,66.963,53.975,0.009,0.0,0,0.0,0.0,63.782
0.0,0.0,0.0,100.0,0.0,0.0,0,7.105,-19.294,26.4,54.014,63.804,57.462,66.94,54.014,0.009,0.0,0,0.0,0.0,63.804
0.0,0.0,0.0,100.0,0.0,0.0,0,7.105,-19.294,26.4,54.053,63.822,57.462,66.917,54.053,0.009,0.0,0,0.0,0.0,63.822
0.0,0.0,0.0,100.0,0.0,0.0,0,7.105,-19.294,26.4,54.092,63.825,57.462,66.894,54.092,0.009,0.0,0,0.0,0.0,63.825
0.0,0.0,0.0,100.0,0.0,0.0,0,7.105,-19.294,26.4,54.131,63.804,57.462,66.871,54.131,0.009,0.0,0,0.0,0.0,63.804
0.0,0.0,0.0,100.0,0.0,0.0,0,7.105,-19.294,26.4,54.169,63.897,57.462,66.849,54.169,0.009,0.0,0,0.0,0.0,63.897
0.0,0.0,0.0,100.0,0.0,0.0,0,7.105,-19.294,26.4,54.208,64.03,57.463,66.827,54.208,0.009,0.0,0,0.0,0.0,64.03
0.0,0.0,0.0,100.0,0.0,0.0,0,7.105,-19.294,26.4,54.246,63.995,57.463,66.807,54.246,0.009,0.0,0,0.0,0.0,63.995
0.0,0.0,0.0,100.0,0.0,0.0,0,7.105,-19.294,26.4,54.284,63.963,57.463,66.786,54.284,0.009,0.0,0,0.0,0.0,63.963
0.0,0.0,0.0,100.0,0.0,0.0,0,7.105,-19.294,26.4,54.321,64.111,57.463,66.765,54.321,0.009,0.0,0,0.0,0.0,64.111
0.0,0.0,0.0,100.0,0.0,0.0,0,7.105,-19.294,26.4,54.359,64.15,57.463,66.746,54.359,0.009,0.0,0,0.0,0.0,64.15
0.0,0.0,0.0,100.0,0.0,0.0,0,7.105,-19.294,26.4,54.397,64.135,57.463,66.727,54.397,0.009,0.0,0,0.0,0.0,64.135
0.0,0.0,0.0,100.0,0.0,0.0,0,7.105,-19.294,26.4,54.434,64.069,57.464,66.707,54.434,0.009,0.0,0,0.0,0.0,64.069
0.0,0.0,0.0,100.0,0.0,0.0,0,7.105,-19.294,26.4,54.471,63.978,57.464,66.688,54.471,0.009,0.0,0,0.0,0.0,63.978
0.0,0.0,0.0,100.0,0.0,0.0,0,7.105,-19.294,26.4,54.508,63.921,57.464,66.667,54.508,0.009,0.0,0,0.0,0.0,63.921
0.0,0.0,0.0,100.0,0.0,0.0,0,7.105,-19.294,26.4,54.545,63.85,57.464,66.647,54.545,0.009,0.0,0,0.0,0.0,63.85
0.0,0.0,0.0,100.0,0.0,0.0,0,7.105,-19.294,26.4,54.581,63.828,57.464,66.626,54.581,0.009,0.0,0,0.0,0.0,63.828
0.0,0.0,0.0,100.0,0.0,0.0,0,7.105,-19.294,26.4,54.618,63.749,57.464,66.605,54.618,0.009,0.0,0,0.0,0.0,63.749
0.0,0.0,0.0,100.0,0.0,0.0,0,7.105,-19.294,26.4,54.654,63.59,57.463,66.584,54.654,0.009,0.0,0,0.0,0.0,63.59
0.0,0.0,0.0,100.0,0.0,0.0,0,7.105,-19.294,26.4,54.69,63.528,57.463,66.562,54.69,0.009,0.0,0,0.0,0.0,63.528
0.0,0.0,0.0,100.0,0.0,0.0,0,7.105,-19.294,26.4,54.726,63.343,57.463,66.539,54.726,0.009,0.0,0,0.0,0.0,63.343
0.0,0.0,0.0,100.0,0.0,0.0,0,7.105,-19.294,26.4,54.762,63.27,57.463,66.515,54.762,0.009,0.0,0,0.0,0.0,63.27
0.0,0.0,0.0,100.0,0.0,0.0,0,7.105,-19.294,26.4,54.797,63.218,57.462,66.491,54.797,0.009,0.0,0,0.0,0.0,63.218
0.0,0.0,0.0,100.0,0.0,0.0,0,7.105,-19.294,26.4,54.832,63.193,57.462,66.467,54.832,0.009,0.0,0,0.0,0.0,63.193
0.0,0.0,0.0,100.0,0.0,0.0,0,7.105,-19.294,26.4,54.868,63.242,57.462,66.442,54.868,0.009,0.0,0,0.0,0.0,63.242
0.0,0.0,0.0,100.0,0.0,0.0,0,7.105,-19.294,26.4,54.903,63.254,57.461,66.419,54.903,0.009,0.0,0,0.0,0.0,63.254
0.0,0.0,0.0,100.0,0.0,0.0,0,7.105,-19.294,26.4,54.937,63.123,57.461,66.395,54.937,0.009,0.0,0,0.0,0.0,63.123
0.0,0.0,0.0,100.0,0.0,0.0,0,7.105,-19.294,26.4,54.972,63.019,57.461,66.371,54.972,0.009,0.0,0,0.0,0.0,63.019
0.0,0.0,0.0,100.0,0.0,0.0,0,7.105,-19.294,26.4,55.007,63.061,57.46,66.346,55.007,0.009,0.0,0,0.0,0.0,63.061
0.0,0.0,0.0,100.0,0.0,0.0,0,7.105,-19.294,26.4,55.041,63.055,57.46,66.322,55.041,0.009,0.0,0,0.0,0.0,63.055
0.0,0.0,0.0,100.0,0.0,0.0,0,7.105,-19.294,26.4,55.075,63.004,57.459,66.298,55.075,0.009,0.0,0,0.0,0.0,63.004
0.0,0.0,0.0,100.0,0.0,0.0,0,7.105,-19.294,26.4,55.109,62.932,57.459,66.273,55.109,0.009,0.0,0,0.0,0.0,62.932
0.0,0.0,0.0,100.0,0.0,0.0,0,7.105,-19.294,26.4,55.143,62.908,57.458,66.248,55.143,0.009,0.0,0,0.0,0.0,62.908
0.0,0.0,0.0,100.0,0.0,0.0,0,7.105,-19.294,26.4,55.176,62.863,57.458,66.224,55.176,0.009,0.0,0,0.0,0.0,62.863
0.0,0.0,0.0,100.0,0.0,0.0,0,7.105,-19.294,26.4,55.21,62.725,57.457,66.199,55.21,0.009,0.0,0,0.0,0.0,62.725
0.0,0.0,0.0,100.0,0.0,0.0,0,7.105,-19.294,26.4,55.243,62.644,57.456,66.173,55.243,0.009,0.0,0,0.0,0.0,62.644
0.0,0.0,0.0,100.0,0.0,0.0,0,7.105,-19.294,26.4,55.276,62.568,57.456,66.146,55.276,0.009,0.0,0,0.0,0.0,62.568
0.0,0.0,0.0,100.0,0.0,0.0,0,7.105,-19.294,26.4,55.309,62.628,57.455,66.12,55.309,0.009,0.0,0,0.0,0.0,62.628
0.0,0.0,0.0,100.0,0.0,0.0,0,7.105,-19.294,26.4,55.341,62.59,57.455,66.094,55.341,0.009,0.0,0,0.0,0.0,62.59
0.0,0.0,0.0,100.0,0.0,0.0,0,7.105,-19.294,26.4,55.374,62.566,57.454,66.068,55.374,0.009,0.0,0,0.0,0.0,62.566
0.0,0.0,0.0,100.0,0.0,0.0,0,7.105,-19.294,26.4,55.406,62.533,57.453,66.042,55.406,0.009,0.0,0,0.0,0.0,62.533
0.0,0.0,0.0,100.0,0.0,0.0,0,7.105,-19.294,26.4,55.438,62.48,57.453,66.016,55.438,0.009,0.0,0,0.0,0.0,62.48
0.0,0.0,0.0,100.0,0.0,0.0,0,7.105,-19.294,26.4,55.47,62.454,57.452,65.99,55.47,0.009,0.0,0,0.0,0.0,62.454
0.0,0.0,0.0,100.0,0.0,0.0,0,7.105,-19.294,26.4,55.502,62.538,57.451,65.964,55.502,0.009,0.0,0,0.0,0.0,62.538
0.0,0.0,0.0,100.0,0.0,0.0,0,7.105,-19.294,26.4,55.534,62.488,57.45,65.939,55.534,0.009,0.0,0,0.0,0.0,62.488
0.0,0.0,0.0,100.0,0.0,0.0,0,7.105,-19.294,26.4,55.565,62.36,57.45,65.913,55.565,0.009,0.0,0,0.0,0.0,62.36
0.0,0.0,0.0,100.0,0.0,0.0,0,7.105,-19.294,26.4,55.597,62.365,57.449,65.887,55.597,0.009,0.0,0,0.0,0.0,62.365
0.0,0.0,0.0,100.0,0.0,0.0,0,7.105,-19.294,26.4,55.628,62.289,57.448,65.861,55.628,0.009,0.0,0,0.0,0.0,62.289
0.0,0.0,0.0,100.0,0.0,0.0,0,7.105,-19.294,26.4,55.658,62.198,57.447,65.834,55.658,0.009,0.0,0,0.0,0.0,62.198
0.0,0.0,0.0,100.0,0.0,0.0,0,7.105,-19.294,26.4,55.689,62.091,57.446,65.807,55.689,0.009,0.0,0,0.0,0.0,62.091
0.0,0.0,0.0,100.0,0.0,0.0,0,7.105,-19.294,26.4,55.72,62.011,57.446,65.779,55.72,0.009,0.0,0,0.0,0.0,62.011
0.0,0.0,0.0,100.0,0.0,0.0,0,7.105,-19.294,26.4,55.75,62.027,57.445,65.751,55.75,0.009,0.0,0,0.0,0.0,62.027
0.0,0.0,0.0,100.0,0.0,0.0,0,7.105,-19.294,26.4,55.781,61.85,57.444,65.724,55.781,0.009,0.0,0,0.0,0.0,61.85
0.0,0.0,0.0,100.0,0.0,0.0,0,7.105,-19.294,26.4,55.811,61.773,57.443,65.695,55.811,0.009,0.0,0,0.0,0.0,61.773
