DATE,TIME,BAR-PRES,IR-RADIA,OA-HUMD,OA-TEMP,SOL-ALM,SOL-BEAM,SOL-HORZ,WIND-DIR,WIND-VEL
05/16/2008,00:00:00,1017.986,147.375,50.877,55.444,0.0,0.412,0.136,183.7,5.551
05/16/2008,00:01:00,1017.986,147.25,50.55,55.457,0.0,0.412,0.136,195.331,5.758
05/16/2008,00:02:00,1017.986,146.625,51.48,55.431,0.0,0.38,0.136,179.721,3.056
05/16/2008,00:03:00,1017.948,147.125,50.942,55.334,0.0,0.38,0.136,193.145,5.709
05/16/2008,00:04:00,1017.986,147.0,51.334,55.36,0.0,0.38,0.136,209.382,3.829
05/16/2008,00:05:00,1017.948,147.0,50.479,55.321,0.0,0.38,0.136,197.24,5.46
05/16/2008,00:06:00,1017.986,147.0,51.14,55.347,0.0,0.38,0.163,178.467,4.352
05/16/2008,00:07:00,1017.986,147.125,51.088,55.295,0.0,0.38,0.136,179.4,4.066
05/16/2008,00:08:00,1017.986,146.875,51.347,55.256,0.0,0.38,0.136,181.805,3.531
05/16/2008,00:09:00,1017.986,146.625,51.716,55.191,0.0,0.38,0.136,168.264,2.32
05/16/2008,00:10:00,1017.986,146.625,51.612,55.139,0.0,0.38,0.136,182.373,3.123
05/16/2008,00:11:00,1018.025,146.875,51.804,55.113,0.0,0.38,0.136,164.14,2.995
05/16/2008,00:12:00,1018.025,146.75,51.855,55.068,0.0,0.38,0.136,182.053,4.267
05/16/2008,00:13:00,1017.986,146.625,51.473,55.055,0.0,0.38,0.136,184.472,2.886
05/16/2008,00:14:00,1017.986,147.0,52.027,55.055,0.0,0.38,0.136,169.737,3.367
05/16/2008,00:15:00,1017.986,146.875,51.366,55.042,0.0,0.412,0.163,182.869,4.291
05/16/2008,00:16:00,1017.986,146.625,51.816,55.042,0.0,0.348,0.163,173.949,2.588
05/16/2008,00:17:00,1017.948,146.625,51.969,54.964,0.0,0.348,0.136,174.663,2.156
05/16/2008,00:18:00,1017.948,146.5,51.583,54.887,0.0,0.38,0.136,218.681,3.92
05/16/2008,00:19:00,1017.91,146.75,51.292,54.887,0.0,0.348,0.136,185.945,2.46
05/16/2008,00:20:00,1017.948,146.875,51.298,54.926,0.0,0.412,0.136,214.075,2.758
05/16/2008,00:21:00,1017.948,146.625,51.425,54.951,0.0,0.38,0.136,232.863,1.632
05/16/2008,00:22:00,1017.948,146.875,50.855,54.887,0.0,0.412,0.163,199.879,4.876
05/16/2008,00:23:00,1017.948,146.75,50.948,54.835,0.0,0.38,0.136,207.385,4.73
05/16/2008,00:24:00,1017.986,146.5,50.948,54.789,0.0,0.38,0.136,225.254,4.005
05/16/2008,00:25:00,1017.986,146.375,51.651,54.725,0.0,0.38,0.163,230.137,2.168
05/16/2008,00:26:00,1017.986,146.75,51.266,54.576,0.0,0.348,0.136,215.401,3.878
05/16/2008,00:27:00,1017.986,146.75,51.791,54.524,0.0,0.38,0.163,211.218,4.912
05/16/2008,00:28:00,1017.986,146.125,51.697,54.504,0.0,0.412,0.136,221.654,3.068
05/16/2008,00:29:00,1017.986,146.5,51.697,54.439,0.0,0.38,0.136,199.252,2.91
05/16/2008,00:30:00,1017.948,146.25,52.008,54.401,0.0,0.38,0.136,208.536,4.626
05/16/2008,00:31:00,1017.948,146.5,51.881,54.401,0.0,0.443,0.136,203.216,2.983
05/16/2008,00:32:00,1017.948,146.375,51.836,54.362,0.0,0.412,0.136,233.184,3.147
05/16/2008,00:33:00,1017.948,146.25,52.435,54.31,0.0,0.38,0.136,229.656,2.143
05/16/2008,00:34:00,1017.91,146.25,52.244,54.2,0.0,0.348,0.136,203.989,2.046
05/16/2008,00:35:00,1017.91,146.125,52.137,54.148,0.0,0.38,0.136,206.758,3.135
05/16/2008,00:36:00,1017.871,146.125,52.257,54.135,0.0,0.38,0.136,218.346,3.458
05/16/2008,00:37:00,1017.91,146.25,52.085,54.122,0.0,0.348,0.136,200.112,2.216
05/16/2008,00:38:00,1017.871,146.375,52.458,54.096,0.0,0.412,0.136,206.365,1.943
05/16/2008,00:39:00,1017.833,146.25,52.186,54.031,0.0,0.412,0.136,238.664,2.283
05/16/2008,00:40:00,1017.871,146.25,52.179,54.005,0.0,0.412,0.163,222.208,3.342
05/16/2008,00:41:00,1017.871,145.875,52.484,54.005,0.0,0.38,0.136,237.323,3.367
05/16/2008,00:42:00,1017.833,145.5,52.775,53.94,0.0,0.348,0.163,217.369,5.003
05/16/2008,00:43:00,1017.833,145.875,52.416,53.934,0.0,0.38,0.136,227.543,4.626
05/16/2008,00:44:00,1017.833,146.125,52.319,53.966,0.0,0.412,0.136,217.967,3.245
05/16/2008,00:45:00,1017.833,145.875,52.238,53.895,0.0,0.412,0.136,230.225,5.575
05/16/2008,00:46:00,1017.833,145.625,52.238,53.934,0.0,0.38,0.136,238.037,4.316
05/16/2008,00:47:00,1017.833,146.0,52.212,53.934,0.0,0.412,0.136,228.665,3.294
05/16/2008,00:48:00,1017.833,146.25,52.396,53.882,0.0,0.38,0.136,199.164,4.437
05/16/2008,00:49:00,1017.795,145.875,51.904,53.882,0.0,0.443,0.136,235.545,7.742
05/16/2008,00:50:00,1017.833,145.875,52.231,53.979,0.0,0.443,0.136,213.769,5.003
05/16/2008,00:51:00,1017.795,146.375,52.455,53.908,0.0,0.412,0.163,219.016,3.008
05/16/2008,00:52:00,1017.833,145.875,52.043,53.895,0.0,0.412,0.136,195.273,4.924
05/16/2008,00:53:00,1017.833,146.125,51.93,53.94,0.0,0.506,0.163,220.867,4.961
05/16/2008,00:54:00,1017.795,146.25,51.91,53.992,0.0,0.506,0.136,211.335,2.612
05/16/2008,00:55:00,1017.795,146.25,51.765,54.018,0.0,0.443,0.136,235.209,5.508
05/16/2008,00:56:00,1017.795,145.875,51.875,54.018,0.0,0.412,0.136,223.433,6.47
05/16/2008,00:57:00,1017.795,146.375,51.538,54.031,0.0,0.443,0.136,215.606,5.101
05/16/2008,00:58:00,1017.795,145.875,51.804,54.018,0.0,0.443,0.136,225.488,6.744
05/16/2008,00:59:00,1017.833,146.125,51.739,54.018,0.0,0.506,0.136,221.742,2.673
05/16/2008,01:00:00,1017.833,145.75,52.043,53.979,0.0,0.38,0.163,225.633,3.695
05/16/2008,01:01:00,1017.833,146.25,51.917,53.94,0.0,0.506,0.136,233.971,2.283
05/16/2008,01:02:00,1017.833,146.0,52.186,53.908,0.0,0.443,0.136,191.716,4.973
05/16/2008,01:03:00,1017.833,146.0,52.283,53.869,0.0,0.443,0.163,196.293,5.825
05/16/2008,01:04:00,1017.833,145.625,52.276,53.843,0.0,0.38,0.163,222.995,3.616
05/16/2008,01:05:00,1017.833,145.625,52.581,53.727,0.0,0.412,0.136,217.967,7.614
05/16/2008,01:06:00,1017.833,145.75,52.111,53.727,0.0,0.412,0.136,234.408,5.648
05/16/2008,01:07:00,1017.833,145.5,52.212,53.662,0.0,0.412,0.136,249.756,6.482
05/16/2008,01:08:00,1017.833,145.5,52.448,53.701,0.0,0.412,0.136,218.506,4.687
05/16/2008,01:09:00,1017.795,145.5,52.289,53.662,0.0,0.412,0.136,231.041,4.054
05/16/2008,01:10:00,1017.756,145.75,52.574,53.701,0.0,0.506,0.136,225.663,3.318
05/16/2008,01:11:00,1017.756,145.875,52.497,53.649,0.0,0.412,0.136,235.005,5.387
05/16/2008,01:12:00,1017.756,145.5,52.325,53.662,0.0,0.38,0.136,227.004,6.36
05/16/2008,01:13:00,1017.756,145.75,52.594,53.577,0.0,0.412,0.163,200.709,3.093
05/16/2008,01:14:00,1017.756,145.25,52.357,53.539,0.0,0.412,0.136,233.869,7.553
05/16/2008,01:15:00,1017.756,145.625,52.186,53.616,0.0,0.443,0.136,225.371,6.543
05/16/2008,01:16:00,1017.68,145.5,52.629,53.565,0.0,0.38,0.136,233.286,3.494
05/16/2008,01:17:00,1017.68,145.375,52.49,53.461,0.0,0.412,0.163,237.294,6.817
05/16/2008,01:18:00,1017.68,145.25,52.879,53.364,0.0,0.348,0.136,228.767,5.174
05/16/2008,01:19:00,1017.68,145.375,52.788,53.383,0.0,0.38,0.136,232.382,7.218
05/16/2008,01:20:00,1017.68,145.5,52.953,53.338,0.0,0.412,0.163,230.953,4.851
05/16/2008,01:21:00,1017.68,145.25,53.093,53.286,0.0,0.412,0.136,233.286,5.277
05/16/2008,01:22:00,1017.718,145.0,53.397,53.247,0.0,0.38,0.136,226.348,6.184
05/16/2008,01:23:00,1017.68,145.5,52.846,53.156,0.0,0.443,0.136,243.532,7.091
05/16/2008,01:24:00,1017.68,145.25,53.284,53.221,0.0,0.38,0.136,224.744,4.243
05/16/2008,01:25:00,1017.641,145.875,53.206,53.208,0.0,0.412,0.136,221.465,5.326
05/16/2008,01:26:00,1017.641,145.25,53.53,53.169,0.0,0.506,0.136,224.059,3.531
05/16/2008,01:27:00,1017.603,145.0,53.734,53.091,0.0,0.316,0.136,224.278,4.194
05/16/2008,01:28:00,1017.603,145.25,53.582,53.091,0.0,0.412,0.136,213.813,5.302
05/16/2008,01:29:00,1017.565,145.25,53.51,53.104,0.0,0.443,0.136,186.323,4.176
05/16/2008,01:30:00,1017.603,145.375,53.588,53.143,0.0,0.412,0.136,226.202,3.64
05/16/2008,01:31:00,1017.603,145.375,53.093,53.143,0.0,0.38,0.136,231.216,6.817
05/16/2008,01:32:00,1017.641,145.0,53.721,53.182,0.0,0.412,0.163,221.319,3.519
05/16/2008,01:33:00,1017.641,145.125,53.536,53.072,0.0,0.412,0.136,231.041,4.65
05/16/2008,01:34:00,1017.603,145.0,53.841,53.033,0.0,0.412,0.136,231.099,4.127
05/16/2008,01:35:00,1017.603,144.875,53.727,52.981,0.0,0.316,0.163,224.511,5.551
05/16/2008,01:36:00,1017.603,144.875,53.74,52.962,0.0,0.38,0.163,206.365,4.742
05/16/2008,01:37:00,1017.603,144.75,53.734,52.981,0.0,0.348,0.163,220.022,5.235
05/16/2008,01:38:00,1017.603,144.875,53.912,52.923,0.0,0.412,0.136,236.273,3.695
05/16/2008,01:39:00,1017.603,144.625,54.016,52.884,0.0,0.412,0.136,224.992,4.912
05/16/2008,01:40:00,1017.603,144.875,54.446,52.722,0.0,0.38,0.136,232.688,4.03
05/16/2008,01:41:00,1017.603,144.75,54.599,52.644,0.0,0.38,0.163,232.557,4.602
05/16/2008,01:42:00,1017.565,144.75,54.495,52.605,0.0,0.412,0.136,221.028,7.949
05/16/2008,01:43:00,1017.565,144.75,54.514,52.657,0.0,0.412,0.136,213.419,4.973
05/16/2008,01:44:00,1017.565,144.75,54.686,52.618,0.0,0.38,0.136,240.121,3.294
05/16/2008,01:45:00,1017.565,145.0,54.851,52.592,0.0,0.412,0.136,235.253,4.042
05/16/2008,01:46:00,1017.565,144.875,54.832,52.566,0.0,0.412,0.163,207.647,3.494
05/16/2008,01:47:00,1017.565,144.75,54.751,52.579,0.0,0.443,0.136,231.872,3.147
05/16/2008,01:48:00,1017.527,144.625,54.388,52.566,0.0,0.412,0.163,218.652,5.198
05/16/2008,01:49:00,1017.565,144.625,54.356,52.644,0.0,0.38,0.136,239.291,6.172
05/16/2008,01:50:00,1017.527,144.625,54.029,52.67,0.0,0.412,0.136,232.892,7.565
05/16/2008,01:51:00,1017.565,145.0,54.356,52.722,0.0,0.443,0.136,225.75,5.362
05/16/2008,01:52:00,1017.527,145.125,54.148,52.683,0.0,0.412,0.136,228.315,8.466
05/16/2008,01:53:00,1017.488,144.75,54.194,52.722,0.0,0.412,0.163,244.071,4.364
05/16/2008,01:54:00,1017.488,144.75,54.408,52.722,0.0,0.412,0.136,236.609,4.255
05/16/2008,01:55:00,1017.488,144.875,54.647,52.696,0.0,0.412,0.136,217.515,5.448
05/16/2008,01:56:00,1017.488,144.875,54.459,52.696,0.0,0.38,0.136,211.145,5.521
05/16/2008,01:57:00,1017.488,144.625,54.787,52.67,0.0,0.38,0.136,228.374,5.551
05/16/2008,01:58:00,1017.488,144.625,54.333,52.605,0.0,0.412,0.136,229.423,4.413
05/16/2008,01:59:00,1017.488,144.5,54.68,52.579,0.0,0.38,0.136,226.785,5.709
05/16/2008,02:00:00,1017.488,144.625,54.242,52.592,0.0,0.412,0.163,216.086,6.646
05/16/2008,02:01:00,1017.488,144.375,54.32,52.631,0.0,0.38,0.163,202.56,5.435
05/16/2008,02:02:00,1017.45,144.375,54.514,52.592,0.0,0.38,0.136,236.448,3.032
05/16/2008,02:03:00,1017.45,144.25,54.482,52.502,0.0,0.412,0.136,229.831,4.839
05/16/2008,02:04:00,1017.412,144.875,54.44,52.489,0.0,0.443,0.136,209.105,4.03
05/16/2008,02:05:00,1017.412,144.5,54.097,52.515,0.0,0.443,0.136,230.283,5.222
05/16/2008,02:06:00,1017.412,144.5,54.44,52.515,0.0,0.412,0.136,204.732,3.519
05/16/2008,02:07:00,1017.373,144.375,54.294,52.515,0.0,0.412,0.136,206.306,6.007
05/16/2008,02:08:00,1017.373,144.75,54.194,52.554,0.0,0.443,0.136,223.141,7.565
05/16/2008,02:09:00,1017.335,144.25,54.408,52.515,0.0,0.443,0.136,220.401,5.959
05/16/2008,02:10:00,1017.297,144.625,54.466,52.482,0.0,0.443,0.136,239.466,5.113
05/16/2008,02:11:00,1017.258,144.25,54.09,52.489,0.0,0.38,0.136,230.808,5.064
05/16/2008,02:12:00,1017.258,144.625,54.268,52.489,0.0,0.412,0.136,227.353,3.056
05/16/2008,02:13:00,1017.297,144.5,54.11,52.469,0.0,0.412,0.136,221.888,4.936
05/16/2008,02:14:00,1017.258,144.375,54.148,52.489,0.0,0.38,0.163,217.282,6.841
05/16/2008,02:15:00,1017.258,144.625,54.197,52.502,0.0,0.412,0.136,198.13,3.506
05/16/2008,02:16:00,1017.22,145.0,53.753,52.489,0.0,0.412,0.136,195.331,2.935
05/16/2008,02:17:00,1017.22,144.75,53.378,52.541,0.0,0.443,0.136,229.059,6.932
05/16/2008,02:18:00,1017.22,145.0,53.51,52.605,0.0,0.443,0.136,208.187,6.506
05/16/2008,02:19:00,1017.22,144.875,53.523,52.657,0.0,0.443,0.136,215.635,4.65
05/16/2008,02:20:00,1017.201,144.5,53.436,52.683,0.0,0.38,0.136,239.757,5.089
05/16/2008,02:21:00,1017.201,144.5,53.753,52.631,0.0,0.38,0.136,209.251,8.332
05/16/2008,02:22:00,1017.201,144.625,53.497,52.644,0.0,0.38,0.136,199.252,6.78
05/16/2008,02:23:00,1017.163,144.875,52.885,52.605,0.0,0.506,0.136,224.176,9.811
05/16/2008,02:24:00,1017.124,144.125,52.992,52.657,0.0,0.38,0.136,202.779,6.446
05/16/2008,02:25:00,1017.124,145.0,52.902,52.722,0.0,0.443,0.136,199.077,5.149
05/16/2008,02:26:00,1017.086,144.875,53.093,52.696,0.0,0.443,0.136,256.781,6.902
05/16/2008,02:27:00,1017.086,144.625,53.054,52.683,0.0,0.348,0.163,226.887,8.101
05/16/2008,02:28:00,1017.086,144.75,53.06,52.67,0.0,0.443,0.136,230.662,3.135
05/16/2008,02:29:00,1017.086,144.75,53.358,52.605,0.0,0.443,0.136,213.026,5.484
05/16/2008,02:30:00,1017.086,144.5,53.138,52.566,0.0,0.412,0.136,237.323,6.817
05/16/2008,02:31:00,1017.086,145.125,53.277,52.566,0.0,0.443,0.136,238.751,4.194
05/16/2008,02:32:00,1017.086,144.75,53.038,52.579,0.0,0.412,0.136,234.626,7.151
05/16/2008,02:33:00,1017.086,145.0,52.892,52.67,0.0,0.506,0.136,222.121,8.253
05/16/2008,02:34:00,1017.086,144.875,53.112,52.644,0.0,0.412,0.136,224.424,7.699
05/16/2008,02:35:00,1017.009,144.5,53.212,52.618,0.0,0.443,0.136,214.95,5.016
05/16/2008,02:36:00,1017.009,144.25,53.504,52.482,0.0,0.348,0.136,235.661,6.567
05/16/2008,02:37:00,1017.009,144.25,53.747,52.417,0.0,0.38,0.136,231.128,4.462
05/16/2008,02:38:00,1017.009,144.5,53.763,52.34,0.0,0.38,0.136,221.596,7.59
05/16/2008,02:39:00,1017.009,144.375,53.76,52.353,0.0,0.348,0.163,205.971,5.46
05/16/2008,02:40:00,1016.99,144.75,53.957,52.249,0.0,0.412,0.163,232.353,6.482
05/16/2008,02:41:00,1016.99,144.625,54.035,52.197,0.0,0.38,0.163,218.258,6.458
05/16/2008,02:42:00,1016.952,144.125,54.599,52.178,0.0,0.348,0.163,234.583,5.448
05/16/2008,02:43:00,1016.99,144.5,54.573,52.1,0.0,0.412,0.136,224.744,3.671
05/16/2008,02:44:00,1016.914,144.625,54.288,52.074,0.0,0.412,0.163,235.005,4.59
05/16/2008,02:45:00,1016.914,144.0,54.356,52.113,0.0,0.38,0.136,200.141,4.766
05/16/2008,02:46:00,1016.952,144.125,54.097,52.1,0.0,0.348,0.136,218.317,5.947
05/16/2008,02:47:00,1016.875,144.375,54.369,52.087,0.0,0.348,0.163,224.744,4.176
05/16/2008,02:48:00,1016.875,144.25,54.527,52.061,0.0,0.412,0.136,229.656,7.59
05/16/2008,02:49:00,1016.837,144.375,54.382,52.087,0.0,0.38,0.136,227.266,6.506
05/16/2008,02:50:00,1016.837,144.375,54.77,52.048,0.0,0.348,0.163,237.819,5.362
05/16/2008,02:51:00,1016.799,144.125,54.586,51.996,0.0,0.38,0.136,224.424,4.602
05/16/2008,02:52:00,1016.837,144.5,54.369,51.996,0.0,0.348,0.136,228.199,8.155
05/16/2008,02:53:00,1016.799,144.375,54.673,51.983,0.0,0.316,0.136,210.912,4.766
05/16/2008,02:54:00,1016.799,144.25,54.281,51.905,0.0,0.348,0.136,242.308,6.245
05/16/2008,02:55:00,1016.799,144.125,54.414,51.918,0.0,0.348,0.136,223.491,8.125
05/16/2008,02:56:00,1016.799,144.0,54.433,51.983,0.0,0.348,0.136,232.265,7.553
05/16/2008,02:57:00,1016.76,144.0,54.142,51.996,0.0,0.348,0.163,207.05,6.433
05/16/2008,02:58:00,1016.722,144.375,54.395,51.944,0.0,0.38,0.163,216.713,6.099
05/16/2008,02:59:00,1016.722,144.25,54.482,51.886,0.0,0.348,0.136,226.012,6.172
05/16/2008,03:00:00,1016.684,144.125,55.091,51.821,0.0,0.348,0.136,223.083,2.995
05/16/2008,03:01:00,1016.684,144.5,54.508,51.743,0.0,0.38,0.136,232.411,8.344
05/16/2008,03:02:00,1016.646,144.25,54.699,51.795,0.0,0.38,0.136,217.967,3.616
05/16/2008,03:03:00,1016.646,144.125,54.725,51.743,0.0,0.38,0.136,243.211,3.805
05/16/2008,03:04:00,1016.607,144.0,55.182,51.692,0.0,0.316,0.163,235.093,4.553
05/16/2008,03:05:00,1016.607,144.0,54.634,51.627,0.0,0.38,0.136,217.34,5.04
05/16/2008,03:06:00,1016.607,144.75,54.336,51.704,0.0,0.443,0.136,212.559,6.482
05/16/2008,03:07:00,1016.569,144.125,54.547,51.769,0.0,0.38,0.136,219.993,4.139
05/16/2008,03:08:00,1016.569,144.0,54.673,51.704,0.0,0.348,0.163,240.296,4.243
05/16/2008,03:09:00,1016.607,144.125,54.706,51.64,0.0,0.348,0.136,226.887,6.184
05/16/2008,03:10:00,1016.569,144.5,54.605,51.627,0.0,0.412,0.136,225.342,4.164
05/16/2008,03:11:00,1016.569,144.125,54.349,51.614,0.0,0.38,0.163,240.981,4.626
05/16/2008,03:12:00,1016.569,144.0,54.573,51.627,0.0,0.348,0.136,248.444,4.876
05/16/2008,03:13:00,1016.531,144.5,54.446,51.627,0.0,0.38,0.136,209.571,4.462
05/16/2008,03:14:00,1016.531,144.5,54.064,51.627,0.0,0.412,0.136,237.921,4.699
05/16/2008,03:15:00,1016.531,144.25,54.573,51.607,0.0,0.348,0.136,206.277,5.125
05/16/2008,03:16:00,1016.531,144.25,54.333,51.568,0.0,0.38,0.136,229.948,6.123
05/16/2008,03:17:00,1016.492,144.375,54.553,51.594,0.0,0.38,0.136,199.675,6.354
05/16/2008,03:18:00,1016.492,144.5,54.097,51.614,0.0,0.348,0.136,219.672,6.33
05/16/2008,03:19:00,1016.492,144.25,53.841,51.692,0.0,0.348,0.136,209.907,3.981
05/16/2008,03:20:00,1016.454,144.25,53.795,51.666,0.0,0.348,0.136,213.594,6.908
05/16/2008,03:21:00,1016.492,144.375,53.795,51.679,0.0,0.38,0.136,173.497,3.33
05/16/2008,03:22:00,1016.492,144.25,53.789,51.653,0.0,0.38,0.136,229.598,5.235
05/16/2008,03:23:00,1016.492,144.0,53.964,51.627,0.0,0.316,0.136,213.448,6.409
05/16/2008,03:24:00,1016.492,144.25,54.395,51.581,0.0,0.348,0.136,247.045,3.33
05/16/2008,03:25:00,1016.492,144.25,54.877,51.478,0.0,0.38,0.136,231.434,3.616
05/16/2008,03:26:00,1016.492,144.125,54.731,51.387,0.0,0.38,0.136,218.885,5.411
05/16/2008,03:27:00,1016.492,144.0,54.32,51.413,0.0,0.38,0.136,243.926,6.659
05/16/2008,03:28:00,1016.492,144.125,54.333,51.426,0.0,0.38,0.163,227.776,6.494
05/16/2008,03:29:00,1016.531,144.25,54.527,51.426,0.0,0.38,0.136,237.294,4.389
05/16/2008,03:30:00,1016.492,144.125,54.514,51.387,0.0,0.316,0.136,225.342,3.756
05/16/2008,03:31:00,1016.492,144.25,54.56,51.387,0.0,0.348,0.136,234.831,4.687
05/16/2008,03:32:00,1016.454,144.25,54.333,51.342,0.0,0.348,0.163,232.557,4.687
05/16/2008,03:33:00,1016.454,144.0,54.408,51.329,0.0,0.348,0.136,222.835,5.125
05/16/2008,03:34:00,1016.454,144.25,54.774,51.296,0.0,0.348,0.136,228.14,2.575
05/16/2008,03:35:00,1016.454,144.125,54.77,51.205,0.0,0.316,0.136,222.543,4.517
05/16/2008,03:36:00,1016.454,144.125,54.864,51.218,0.0,0.316,0.163,217.967,4.912
05/16/2008,03:37:00,1016.454,144.625,54.799,51.167,0.0,0.38,0.136,212.341,7.529
05/16/2008,03:38:00,1016.454,144.5,54.991,51.141,0.0,0.348,0.136,202.925,4.291
05/16/2008,03:39:00,1016.454,144.5,55.084,51.141,0.0,0.348,0.136,211.335,4.425
05/16/2008,03:40:00,1016.454,144.25,55.34,51.102,0.0,0.316,0.136,228.665,4.577
05/16/2008,03:41:00,1016.454,144.125,55.327,51.102,0.0,0.316,0.136,221.975,5.545
05/16/2008,03:42:00,1016.454,143.75,55.301,51.115,0.0,0.348,0.136,226.042,2.722
05/16/2008,03:43:00,1016.416,144.0,55.528,51.037,0.0,0.348,0.136,215.941,2.022
05/16/2008,03:44:00,1016.416,144.375,55.295,51.018,0.0,0.412,0.136,226.799,3.531
05/16/2008,03:45:00,1016.416,143.75,55.642,51.018,0.0,0.348,0.136,230.37,4.626
05/16/2008,03:46:00,1016.454,143.875,55.664,50.979,0.0,0.348,0.136,219.847,3.147
05/16/2008,03:47:00,1016.454,143.5,55.684,50.901,0.0,0.316,0.136,229.715,5.149
05/16/2008,03:48:00,1016.416,144.0,55.742,50.914,0.0,0.348,0.136,228.665,2.046
05/16/2008,03:49:00,1016.454,144.125,55.574,50.849,0.0,0.38,0.136,225.254,3.817
05/16/2008,03:50:00,1016.454,144.75,55.684,50.836,0.0,0.348,0.136,247.759,2.636
05/16/2008,03:51:00,1016.492,144.375,55.723,50.849,0.0,0.348,0.136,244.377,4.03
05/16/2008,03:52:00,1016.492,143.875,55.842,50.797,0.0,0.316,0.136,237.979,2.296
05/16/2008,03:53:00,1016.492,143.75,56.072,50.739,0.0,0.348,0.136,237.352,2.143
05/16/2008,03:54:00,1016.492,143.875,56.367,50.609,0.0,0.348,0.136,242.701,2.192
05/16/2008,03:55:00,1016.492,143.5,56.412,50.518,0.0,0.316,0.136,248.531,2.381
05/16/2008,03:56:00,1016.492,144.125,56.406,50.531,0.0,0.348,0.136,244.669,2.484
05/16/2008,03:57:00,1016.492,143.625,56.636,50.454,0.0,0.348,0.136,229.452,2.983
05/16/2008,03:58:00,1016.492,143.875,56.71,50.408,0.0,0.316,0.136,210.65,3.792
05/16/2008,03:59:00,1016.492,143.875,56.678,50.408,0.0,0.316,0.136,233.941,2.496
05/16/2008,04:00:00,1016.454,143.625,56.642,50.395,0.0,0.253,0.136,241.069,4.139
05/16/2008,04:01:00,1016.492,143.5,56.83,50.408,0.0,0.222,0.136,241.317,2.685
05/16/2008,04:02:00,1016.492,143.625,56.914,50.356,0.0,0.253,0.136,240.865,2.874
05/16/2008,04:03:00,1016.454,144.0,57.021,50.318,0.0,0.253,0.136,237.614,1.048
05/16/2008,04:04:00,1016.454,144.125,57.086,50.253,0.0,0.348,0.136,239.466,2.168
05/16/2008,04:05:00,1016.454,143.625,57.242,50.227,0.0,0.222,0.136,245.616,2.819
05/16/2008,04:06:00,1016.416,143.75,57.174,50.227,0.0,0.19,0.136,234.976,3.367
05/16/2008,04:07:00,1016.416,143.875,56.95,50.253,0.0,0.348,0.136,236.448,3.135
05/16/2008,04:08:00,1016.416,144.125,56.804,50.331,0.0,0.316,0.136,215.882,1.906
05/16/2008,04:09:00,1016.416,143.625,57.034,50.292,0.0,0.316,0.136,232.178,3.068
05/16/2008,04:10:00,1016.416,144.125,57.054,50.305,0.0,0.316,0.136,246.607,2.685
05/16/2008,04:11:00,1016.454,143.875,56.927,50.344,0.0,0.38,0.136,239.291,2.746
05/16/2008,04:12:00,1016.492,143.875,57.148,50.318,0.0,0.316,0.136,230.429,3.093
05/16/2008,04:13:00,1016.454,144.0,57.345,50.305,0.0,0.348,0.136,253.166,2.296
05/16/2008,04:14:00,1016.492,143.75,57.488,50.227,0.0,0.316,0.136,246.185,2.034
05/16/2008,04:15:00,1016.454,143.5,57.53,50.175,0.0,0.222,0.136,238.474,1.371
05/16/2008,04:16:00,1016.492,143.625,57.394,50.162,0.0,0.253,0.136,230.691,0.884
05/16/2008,04:17:00,1016.492,143.625,57.439,50.156,0.0,0.253,0.136,244.188,2.241
05/16/2008,04:18:00,1016.531,143.875,57.206,50.175,0.0,0.253,0.136,239.291,3.172
05/16/2008,04:19:00,1016.531,143.75,57.008,50.305,0.0,0.316,0.136,260.964,1.93
05/16/2008,04:20:00,1016.531,144.0,56.957,50.331,0.0,0.253,0.136,263.005,2.417
05/16/2008,04:21:00,1016.569,143.875,56.94,50.356,0.0,0.253,0.136,259.682,2.253
05/16/2008,04:22:00,1016.569,144.0,57.015,50.382,0.0,0.316,0.136,241.229,2.922
05/16/2008,04:23:00,1016.531,143.625,56.895,50.356,0.0,0.316,0.136,259.594,4.352
05/16/2008,04:24:00,1016.531,143.625,56.856,50.408,0.0,0.253,0.136,256.839,3.446
05/16/2008,04:25:00,1016.569,143.875,56.736,50.48,0.0,0.316,0.136,250.557,4.614
05/16/2008,04:26:00,1016.569,143.75,56.665,50.544,0.0,0.253,0.136,247.992,3.032
05/16/2008,04:27:00,1016.569,143.625,56.743,50.531,0.0,0.316,0.136,249.246,3.902
05/16/2008,04:28:00,1016.569,143.625,56.837,50.506,0.0,0.253,0.136,267.071,4.553
05/16/2008,04:29:00,1016.569,143.75,56.95,50.506,0.0,0.316,0.136,246.637,3.056
05/16/2008,04:30:00,1016.569,143.875,57.167,50.408,0.0,0.253,0.163,247.482,4.091
05/16/2008,04:31:00,1016.569,144.0,57.28,50.369,0.0,0.316,0.136,253.443,3.367
05/16/2008,04:32:00,1016.607,143.875,57.494,50.344,0.0,0.348,0.136,253.312,3.683
05/16/2008,04:33:00,1016.607,143.75,57.569,50.331,0.0,0.253,0.136,261.649,4.115
05/16/2008,04:34:00,1016.607,143.875,57.575,50.356,0.0,0.253,0.163,248.138,3.482
05/16/2008,04:35:00,1016.607,144.0,57.714,50.305,0.0,0.316,0.163,244.581,3.768
05/16/2008,04:36:00,1016.569,144.0,57.821,50.305,0.0,0.316,0.136,244.305,4.389
05/16/2008,04:37:00,1016.569,144.375,57.931,50.279,0.0,0.348,0.163,234.976,4.291
05/16/2008,04:38:00,1016.569,144.125,58.084,50.227,0.0,0.348,0.136,241.783,5.259
05/16/2008,04:39:00,1016.607,144.0,58.259,50.188,0.0,0.316,0.136,234.233,4.997
05/16/2008,04:40:00,1016.607,144.125,58.236,50.214,0.0,0.348,0.136,247.016,5.247
05/16/2008,04:41:00,1016.607,144.125,58.404,50.13,0.0,0.348,0.136,232.95,4.699
05/16/2008,04:42:00,1016.646,144.0,58.641,50.143,0.0,0.316,0.136,247.103,4.9
05/16/2008,04:43:00,1016.646,143.875,58.741,50.078,0.0,0.316,0.136,248.327,4.723
05/16/2008,04:44:00,1016.646,143.75,59.084,49.974,0.0,0.348,0.136,237.891,4.754
05/16/2008,04:45:00,1016.684,143.75,59.334,49.864,0.0,0.348,0.136,242.934,4.778
05/16/2008,04:46:00,1016.684,143.875,59.525,49.851,0.0,0.222,0.136,241.404,4.437
05/16/2008,04:47:00,1016.684,144.0,59.567,49.812,0.0,0.316,0.109,243.095,5.174
05/16/2008,04:48:00,1016.684,144.125,59.593,49.851,0.0,0.316,0.136,241.346,4.413
05/16/2008,04:49:00,1016.646,144.125,59.606,49.838,0.0,0.316,0.136,239.232,4.687
05/16/2008,04:50:00,1016.684,143.875,59.684,49.786,0.0,0.316,0.136,252.394,5.186
05/16/2008,04:51:00,1016.646,144.0,59.784,49.754,0.0,0.222,0.136,239.349,4.364
05/16/2008,04:52:00,1016.684,143.625,59.91,49.715,0.0,0.253,0.136,237.891,4.462
05/16/2008,04:53:00,1016.646,143.875,60.144,49.566,0.0,0.253,0.136,245.471,4.176
05/16/2008,04:54:00,1016.646,143.75,60.335,49.514,0.0,0.253,0.136,242.468,4.65
05/16/2008,04:55:00,1016.684,143.75,60.461,49.462,0.0,0.316,0.136,239.101,4.997
05/16/2008,04:56:00,1016.684,143.625,60.6,49.423,0.0,0.253,0.163,239.349,5.028
05/16/2008,04:57:00,1016.646,143.625,60.72,49.384,0.0,0.316,0.136,246.039,3.92
05/16/2008,04:58:00,1016.646,143.625,60.963,49.345,0.0,0.253,0.136,245.66,3.866
05/16/2008,04:59:00,1016.646,143.625,61.118,49.287,0.0,0.316,0.136,243.561,3.506
05/16/2008,05:00:00,1016.646,143.625,61.212,49.274,0.0,0.253,0.136,244.902,3.306
05/16/2008,05:01:00,1016.607,143.875,61.148,49.307,0.0,0.253,0.136,246.316,4.723
05/16/2008,05:02:00,1016.607,144.0,61.186,49.287,0.0,0.316,0.136,246.724,3.695
05/16/2008,05:03:00,1016.569,143.75,61.274,49.261,0.0,0.253,0.136,243.022,2.022
05/16/2008,05:04:00,1016.569,143.75,61.416,49.261,0.0,0.253,0.136,253.764,3.208
05/16/2008,05:05:00,1016.531,143.625,61.491,49.261,0.0,0.253,0.136,243.299,3.373
05/16/2008,05:06:00,1016.531,143.625,61.578,49.235,0.0,0.253,0.136,247.817,3.373
05/16/2008,05:07:00,1016.492,143.875,61.769,49.17,0.0,0.316,0.136,237.585,3.817
05/16/2008,05:08:00,1016.492,143.875,61.902,49.17,0.0,0.316,0.136,238.066,3.269
05/16/2008,05:09:00,1016.492,143.625,62.119,49.132,0.0,0.316,0.136,241.433,3.604
05/16/2008,05:10:00,1016.492,143.75,62.252,49.106,0.0,0.253,0.136,237.265,3.78
05/16/2008,05:11:00,1016.492,143.875,62.398,49.067,0.0,0.253,0.136,253.021,3.519
05/16/2008,05:12:00,1016.531,143.875,62.537,49.08,0.0,0.316,0.136,247.016,3.196
05/16/2008,05:13:00,1016.531,143.75,62.563,49.067,0.0,0.348,0.136,253.4,4.188
05/16/2008,05:14:00,1016.531,143.75,62.544,49.106,0.0,0.316,0.136,244.931,2.983
05/16/2008,05:15:00,1016.531,143.75,62.44,49.145,0.0,0.316,0.136,252.102,3.421
05/16/2008,05:16:00,1016.531,143.625,62.531,49.132,0.0,0.316,0.136,242.104,3.89
05/16/2008,05:17:00,1016.569,143.875,62.586,49.145,0.0,0.316,0.136,246.403,4.364
05/16/2008,05:18:00,1016.531,143.75,62.605,49.132,0.0,0.316,0.136,249.508,4.231
05/16/2008,05:19:00,1016.531,143.875,62.631,49.145,0.0,0.316,0.163,242.162,3.099
05/16/2008,05:20:00,1016.531,143.625,62.816,49.119,0.0,0.316,0.136,248.765,3.367
05/16/2008,05:21:00,1016.531,143.625,63.091,49.067,0.0,0.316,0.136,235.938,3.099
05/16/2008,05:22:00,1016.531,143.625,63.256,49.002,0.0,0.316,0.136,247.395,3.294
05/16/2008,05:23:00,1016.531,143.625,63.369,48.957,0.0,0.316,0.136,243.503,4.078
05/16/2008,05:24:00,1016.531,144.125,63.541,48.879,0.0,0.348,0.136,232.979,2.533
05/16/2008,05:25:00,1016.569,143.75,63.92,48.775,0.0,0.348,0.136,235.253,3.196
05/16/2008,05:26:00,1016.569,143.75,64.111,48.749,0.0,0.316,0.136,246.812,2.935
05/16/2008,05:27:00,1016.607,143.875,64.276,48.723,0.0,0.348,0.136,242.468,2.861
05/16/2008,05:28:00,1016.607,143.75,64.364,48.71,0.0,0.316,0.136,246.607,3.257
05/16/2008,05:29:00,1016.607,143.75,64.422,48.704,0.0,0.348,0.136,246.214,2.886
05/16/2008,05:30:00,1016.569,143.75,64.422,48.749,0.0,0.253,0.136,239.407,3.02
05/16/2008,05:31:00,1016.607,144.0,64.224,48.814,0.0,0.316,0.136,241.113,2.77
05/16/2008,05:32:00,1016.569,143.75,64.283,48.801,0.0,0.253,0.136,247.642,2.91
05/16/2008,05:33:00,1016.569,143.75,64.212,48.853,0.0,0.316,0.136,237.177,2.18
05/16/2008,05:34:00,1016.569,143.625,64.25,48.84,0.0,0.253,0.136,245.092,2.995
05/16/2008,05:35:00,1016.569,143.625,64.296,48.84,0.0,0.316,0.136,247.365,2.661
05/16/2008,05:36:00,1016.569,143.375,64.409,48.827,0.0,0.222,0.136,246.957,2.722
05/16/2008,05:37:00,1016.607,143.875,64.51,48.788,0.0,0.316,0.136,245.354,2.296
05/16/2008,05:38:00,1016.569,144.0,64.636,48.775,0.0,0.253,0.136,236.609,2.959
05/16/2008,05:39:00,1016.569,143.75,64.704,48.736,0.0,0.316,0.136,239.757,2.283
05/16/2008,05:40:00,1016.569,143.75,64.804,48.71,0.0,0.222,0.163,234.626,2.32
05/16/2008,05:41:00,1016.569,143.875,65.044,48.613,0.0,0.253,0.136,244.64,2.253
05/16/2008,05:42:00,1016.569,143.5,65.313,48.522,0.0,0.253,0.136,247.759,2.417
05/16/2008,05:43:00,1016.569,143.625,65.692,48.496,0.0,0.19,0.136,239.699,2.734
05/16/2008,05:44:00,1016.569,144.375,65.85,48.471,0.0,0.316,0.136,231.216,0.811
05/16/2008,05:45:00,1016.531,144.25,65.938,48.445,0.0,0.348,0.163,222.033,2.557
05/16/2008,05:46:00,1016.531,144.0,65.983,48.522,0.0,0.222,0.136,230.4,1.967
05/16/2008,05:47:00,1016.531,144.0,66.064,48.509,0.0,0.253,0.136,216.232,1.857
05/16/2008,05:48:00,1016.569,143.875,66.051,48.535,0.0,0.253,0.136,240.544,2.07
05/16/2008,05:49:00,1016.607,143.75,65.812,48.548,0.0,0.222,0.136,255.878,1.419
05/16/2008,05:50:00,1016.607,143.75,65.792,48.535,0.0,0.253,0.136,251.811,1.669
05/16/2008,05:51:00,1016.607,143.75,65.76,48.522,0.0,0.19,0.163,249.698,1.249
05/16/2008,05:52:00,1016.646,143.75,65.76,48.471,0.0,0.253,0.163,256.694,1.133
05/16/2008,05:53:00,1016.646,143.625,65.857,48.509,0.0,0.316,0.163,260.789,1.87
05/16/2008,05:54:00,1016.646,143.75,65.666,48.522,0.0,0.253,0.19,233.927,1.547
05/16/2008,05:55:00,1016.607,144.25,65.627,48.587,0.0,0.348,0.326,230.035,2.6
05/16/2008,05:56:00,1016.646,144.375,65.52,48.652,0.0,0.38,0.542,246.695,2.277
05/16/2008,05:57:00,1016.607,144.5,65.374,48.678,0.0,0.348,0.786,227.98,2.612
05/16/2008,05:58:00,1016.646,144.375,65.313,48.652,0.0,0.38,0.976,211.247,1.784
05/16/2008,05:59:00,1016.646,144.25,65.475,48.6,0.0,0.316,1.139,218.987,1.784
05/16/2008,06:00:00,1016.646,144.125,65.831,48.561,0.0,0.316,1.328,217.967,1.571
05/16/2008,06:01:00,1016.646,144.375,66.696,48.522,0.0,0.348,1.464,208.697,2.241
05/16/2008,06:02:00,1016.607,144.75,66.929,48.458,0.0,0.38,1.653,209.353,2.369
05/16/2008,06:03:00,1016.607,144.125,66.874,48.471,0.0,0.348,1.816,220.459,2.168
05/16/2008,06:04:00,1016.646,144.25,67.088,48.445,0.0,0.348,2.006,209.134,2.119
05/16/2008,06:05:00,1016.646,144.375,67.178,48.419,0.0,0.57,2.305,225.371,1.474
05/16/2008,06:06:00,1016.607,144.375,67.22,48.373,0.0,0.886,2.439,231.522,1.419
05/16/2008,06:07:00,1016.607,144.25,67.616,48.373,0.0,1.328,2.711,221.465,2.034
05/16/2008,06:08:00,1016.607,144.25,67.622,48.309,0.0,2.309,2.98,222.398,2.46
05/16/2008,06:09:00,1016.607,144.375,67.492,48.283,0.0,3.385,3.279,224.147,2.46
05/16/2008,06:10:00,1016.607,144.5,67.748,48.321,0.0,4.363,3.578,223.287,1.833
05/16/2008,06:11:00,1016.569,144.5,67.638,48.334,0.0,5.09,3.875,219.133,2.356
05/16/2008,06:12:00,1016.607,144.25,67.629,48.373,0.0,5.914,4.199,235.997,2.18
05/16/2008,06:13:00,1016.646,144.375,67.577,48.373,0.0,6.703,4.5,242.41,1.474
05/16/2008,06:14:00,1016.646,144.375,67.499,48.334,0.0,7.621,4.77,231.303,1.462
05/16/2008,06:15:00,1016.646,144.375,67.596,48.334,0.0,8.32,5.148,240.442,1.693
05/16/2008,06:16:00,1016.684,144.375,67.483,48.334,0.0,9.141,5.473,242.381,1.322
05/16/2008,06:17:00,1016.684,144.5,67.36,48.36,0.0,10.086,5.828,237.979,2.07
05/16/2008,06:18:00,1016.684,144.625,67.353,48.373,0.0,10.781,6.207,241.783,1.535
05/16/2008,06:19:00,1016.646,144.625,67.279,48.399,0.0,11.445,6.559,240.413,1.62
05/16/2008,06:20:00,1016.646,144.625,67.198,48.419,0.0,12.266,6.938,242.162,2.022
05/16/2008,06:21:00,1016.646,144.5,67.094,48.458,0.0,12.742,7.289,234.976,2.509
05/16/2008,06:22:00,1016.646,144.625,67.039,48.471,0.0,12.836,7.586,244.188,1.809
05/16/2008,06:23:00,1016.607,144.625,66.968,48.522,0.0,12.773,7.859,240.092,1.906
05/16/2008,06:24:00,1016.607,144.75,67.02,48.522,0.0,13.914,8.43,233.067,2.083
05/16/2008,06:25:00,1016.607,145.0,67.007,48.548,0.0,15.117,8.891,233.096,1.535
05/16/2008,06:26:00,1016.607,145.0,66.994,48.587,0.0,15.625,9.375,226.785,1.693
05/16/2008,06:27:00,1016.569,145.25,67.068,48.652,0.0,15.18,9.539,221.29,1.158
05/16/2008,06:28:00,1016.531,145.125,66.948,48.704,0.0,10.781,8.914,228.723,1.012
05/16/2008,06:29:00,1016.569,144.75,67.033,48.665,0.0,4.523,8.156,238.693,1.146
05/16/2008,06:30:00,1016.531,144.625,67.337,48.574,0.0,1.739,8.078,237.556,1.559
05/16/2008,06:31:00,1016.531,144.75,67.816,48.496,0.0,1.581,8.289,235.312,1.237
05/16/2008,06:32:00,1016.569,145.0,68.059,48.445,0.0,1.677,8.617,228.767,1.632
05/16/2008,06:33:00,1016.569,145.0,68.082,48.399,0.0,1.677,9.0,236.084,1.547
05/16/2008,06:34:00,1016.569,145.0,68.302,48.347,0.0,10.055,11.352,235.428,1.705
05/16/2008,06:35:00,1016.569,145.625,68.335,48.373,0.0,22.578,14.117,235.909,1.73
05/16/2008,06:36:00,1016.607,145.875,68.127,48.496,0.0,25.391,14.984,226.945,2.07
05/16/2008,06:37:00,1016.607,146.0,67.92,48.652,0.0,26.188,15.477,227.805,2.046
05/16/2008,06:38:00,1016.607,146.0,67.651,48.775,0.0,27.25,16.063,225.05,1.821
05/16/2008,06:39:00,1016.569,146.375,67.622,48.918,0.0,28.578,16.797,212.224,1.906
05/16/2008,06:40:00,1016.607,146.25,67.645,49.002,0.0,30.297,17.594,232.469,2.308
05/16/2008,06:41:00,1016.607,146.25,67.881,49.106,0.0,31.75,18.313,227.572,3.196
05/16/2008,06:42:00,1016.569,146.25,67.93,49.17,0.0,33.031,19.016,234.029,2.612
05/16/2008,06:43:00,1016.569,146.5,68.059,49.261,0.0,34.313,19.734,224.628,3.068
05/16/2008,06:44:00,1016.569,146.75,68.263,49.307,0.0,35.906,20.516,225.313,2.557
05/16/2008,06:45:00,1016.531,146.75,68.147,49.358,0.0,37.563,21.328,188.612,2.216
05/16/2008,06:46:00,1016.531,147.0,68.186,49.436,0.0,38.688,21.922,234.146,3.233
05/16/2008,06:47:00,1016.492,147.0,68.276,49.54,0.0,39.594,22.547,219.876,3.221
05/16/2008,06:48:00,1016.492,147.0,67.969,49.598,0.0,40.469,23.141,210.227,3.628
05/16/2008,06:49:00,1016.492,146.875,67.956,49.624,0.0,41.75,23.844,212.282,3.044
05/16/2008,06:50:00,1016.492,147.0,68.179,49.611,0.0,43.125,24.609,237.789,3.008
05/16/2008,06:51:00,1016.492,147.25,68.529,49.585,0.0,44.625,25.5,239.13,2.472
05/16/2008,06:52:00,1016.492,147.375,68.681,49.598,0.0,46.219,26.344,228.082,2.083
05/16/2008,06:53:00,1016.492,147.5,68.765,49.676,0.0,48.313,27.313,229.919,2.557
05/16/2008,06:54:00,1016.492,147.625,68.733,49.741,0.0,50.625,28.406,223.535,4.377
05/16/2008,06:55:00,1016.531,147.75,68.707,49.851,0.0,51.938,29.297,242.701,3.671
05/16/2008,06:56:00,1016.492,148.0,68.739,49.896,0.0,52.906,30.109,236.478,3.233
05/16/2008,06:57:00,1016.492,148.25,68.688,50.0,0.0,54.969,31.25,228.199,3.506
05/16/2008,06:58:00,1016.492,148.375,68.726,50.117,0.0,57.094,32.469,231.872,2.837
05/16/2008,06:59:00,1016.492,148.25,68.649,50.201,0.0,57.281,33.0,228.519,2.344
05/16/2008,07:00:00,1016.454,148.25,68.688,50.331,0.0,52.719,31.969,211.597,3.506
05/16/2008,07:01:00,1016.454,148.875,68.714,50.447,0.0,61.656,35.094,217.311,1.456
05/16/2008,07:02:00,1016.454,148.875,68.694,50.674,0.0,62.875,35.969,245.922,1.718
05/16/2008,07:03:00,1016.454,149.0,68.535,50.771,0.0,64.188,36.719,226.377,2.381
05/16/2008,07:04:00,1016.454,149.0,68.328,50.901,0.0,66.0,37.656,249.508,2.521
05/16/2008,07:05:00,1016.454,149.0,67.797,50.966,0.0,67.563,38.5,232.892,3.732
05/16/2008,07:06:00,1016.454,149.375,67.781,51.005,0.0,69.0,39.406,241.564,3.135
05/16/2008,07:07:00,1016.454,149.5,67.888,51.089,0.0,70.938,40.5,236.273,3.044
05/16/2008,07:08:00,1016.454,149.375,67.399,51.141,0.0,72.625,41.5,236.842,3.257
05/16/2008,07:09:00,1016.454,149.5,67.45,51.205,0.0,74.688,42.719,207.079,1.955
05/16/2008,07:10:00,1016.416,150.0,67.366,51.329,0.0,74.813,43.25,235.545,2.496
05/16/2008,07:11:00,1016.416,150.0,67.583,51.504,0.0,77.375,44.688,239.261,2.32
05/16/2008,07:12:00,1016.416,149.875,67.12,51.64,0.0,79.063,45.844,234.437,0.428
05/16/2008,07:13:00,1016.454,150.0,66.906,51.756,0.0,79.438,46.188,239.801,4.553
05/16/2008,07:14:00,1016.416,150.25,66.79,51.704,0.0,73.813,44.344,244.96,2.442
05/16/2008,07:15:00,1016.377,149.75,66.854,51.692,0.0,70.375,43.438,230.079,3.616
05/16/2008,07:16:00,1016.377,149.875,66.657,51.679,0.0,80.625,47.656,236.521,4.468
05/16/2008,07:17:00,1016.377,150.375,67.185,51.653,0.0,81.625,48.75,250.587,2.947
05/16/2008,07:18:00,1016.377,150.625,67.02,51.666,0.0,80.938,48.875,242.672,4.316
05/16/2008,07:19:00,1016.416,150.375,67.784,51.73,0.0,86.625,51.75,262.947,3.111
05/16/2008,07:20:00,1016.416,150.5,67.405,51.821,0.0,81.0,49.875,239.174,4.602
05/16/2008,07:21:00,1016.416,150.875,67.107,51.847,0.0,88.938,53.5,244.611,4.73
05/16/2008,07:22:00,1016.416,150.5,67.603,51.918,0.0,87.313,53.219,229.598,3.342
05/16/2008,07:23:00,1016.416,150.75,67.557,52.022,0.0,88.063,53.938,250.353,3.756
05/16/2008,07:24:00,1016.416,150.875,67.331,52.087,0.0,90.875,55.594,236.842,3.89
05/16/2008,07:25:00,1016.416,151.25,67.943,52.191,0.0,91.188,56.063,231.726,4.614
05/16/2008,07:26:00,1016.454,151.75,66.893,52.236,0.0,92.938,57.219,257.102,3.878
05/16/2008,07:27:00,1016.492,151.25,68.075,52.314,0.0,93.938,58.094,258.574,2.722
05/16/2008,07:28:00,1016.492,151.375,67.709,52.541,0.0,91.875,57.531,259.798,2.283
05/16/2008,07:29:00,1016.569,152.125,66.663,52.722,0.0,97.813,60.656,267.625,4.231
05/16/2008,07:30:00,1016.569,152.5,66.314,52.761,0.0,98.75,61.594,247.307,5.162
05/16/2008,07:31:00,1016.531,152.375,66.543,52.832,0.0,100.063,62.563,266.882,3.33
05/16/2008,07:32:00,1016.607,152.5,66.307,52.981,0.0,100.125,63.031,248.05,4.48
05/16/2008,07:33:00,1016.569,152.25,65.659,52.949,0.0,101.25,63.938,269.403,5.271
05/16/2008,07:34:00,1016.607,152.25,65.527,52.936,0.0,102.688,65.0,265.162,5.247
05/16/2008,07:35:00,1016.607,152.75,65.786,53.007,0.0,102.375,65.375,268.325,5.746
05/16/2008,07:36:00,1016.607,152.5,65.248,53.007,0.0,104.313,66.688,260.877,4.742
05/16/2008,07:37:00,1016.607,152.875,65.87,53.059,0.0,105.125,67.688,246.782,4.9
05/16/2008,07:38:00,1016.607,153.375,66.009,53.234,0.0,105.813,68.313,262.159,3.878
05/16/2008,07:39:00,1016.569,153.25,65.507,53.325,0.0,107.0,69.375,249.129,5.533
05/16/2008,07:40:00,1016.607,153.5,65.76,53.299,0.0,108.438,70.5,262.014,4.291
05/16/2008,07:41:00,1016.607,153.375,66.071,53.409,0.0,107.313,70.5,276.72,4.602
05/16/2008,07:42:00,1016.646,152.875,65.446,53.577,0.0,110.188,72.188,283.148,4.389
05/16/2008,07:43:00,1016.646,153.25,65.235,53.791,0.0,111.125,73.188,276.152,4.766
05/16/2008,07:44:00,1016.646,153.0,64.937,53.791,0.0,111.813,73.875,262.101,3.056
05/16/2008,07:45:00,1016.722,153.375,65.241,53.966,0.0,112.875,75.25,288.352,3.385
05/16/2008,07:46:00,1016.722,153.75,64.843,54.148,0.0,113.25,75.875,259.682,6.16
05/16/2008,07:47:00,1016.722,153.875,65.057,54.258,0.0,113.313,76.563,289.795,3.707
05/16/2008,07:48:00,1016.722,154.125,64.843,54.401,0.0,113.625,77.25,304.414,5.721
05/16/2008,07:49:00,1016.76,153.25,64.079,54.504,0.0,114.688,78.5,282.317,7.078
05/16/2008,07:50:00,1016.76,153.5,64.224,54.336,0.0,116.125,79.813,285.291,6.111
05/16/2008,07:51:00,1016.76,154.0,64.791,54.323,0.0,117.375,80.938,285.699,3.878
05/16/2008,07:52:00,1016.799,153.625,64.529,54.478,0.0,118.125,82.063,275.175,7.9
05/16/2008,07:53:00,1016.799,154.125,64.798,54.426,0.0,118.625,82.938,281.37,5.113
05/16/2008,07:54:00,1016.799,154.75,65.031,54.504,0.0,119.813,84.125,287.011,5.016
05/16/2008,07:55:00,1016.799,154.5,64.956,54.699,0.0,121.438,85.563,300.653,7.243
05/16/2008,07:56:00,1016.799,154.125,64.623,54.764,0.0,122.188,86.625,304.414,5.314
05/16/2008,07:57:00,1016.799,154.875,64.71,54.848,0.0,122.375,87.313,256.533,4.389
05/16/2008,07:58:00,1016.799,155.125,64.704,54.938,0.0,123.313,88.313,273.281,5.563
05/16/2008,07:59:00,1016.799,155.0,64.289,55.042,0.0,124.125,89.25,253.166,7.456
05/16/2008,08:00:00,1016.799,155.125,64.529,54.977,0.0,124.688,90.0,272.45,5.411
05/16/2008,08:01:00,1016.837,154.625,64.785,55.094,0.0,125.375,90.938,281.428,4.59
05/16/2008,08:02:00,1016.837,155.375,64.642,55.165,0.0,127.125,92.438,289.518,5.508
05/16/2008,08:03:00,1016.875,155.25,64.717,55.347,0.0,127.875,93.5,275.627,4.151
05/16/2008,08:04:00,1016.875,155.25,64.017,55.444,0.0,128.5,94.438,293.293,4.699
05/16/2008,08:05:00,1016.875,155.5,64.364,55.561,0.0,128.75,95.125,291.383,5.46
05/16/2008,08:06:00,1016.914,155.625,64.325,55.625,0.0,129.5,96.25,274.403,6.628
05/16/2008,08:07:00,1016.952,155.75,65.274,55.749,0.0,130.0,97.063,298.044,3.184
05/16/2008,08:08:00,1017.009,155.75,64.697,55.969,0.0,129.75,97.438,276.808,7.45
05/16/2008,08:09:00,1017.009,154.75,64.224,55.956,0.0,130.125,98.313,285.699,8.581
05/16/2008,08:10:00,1016.99,154.25,64.616,55.904,0.0,131.125,99.375,281.297,10.449
05/16/2008,08:11:00,1017.009,155.0,64.691,55.8,0.0,132.875,100.813,284.474,7.851
05/16/2008,08:12:00,1017.009,155.5,65.096,55.852,0.0,134.875,102.25,247.759,5.186
05/16/2008,08:13:00,1017.009,155.875,65.102,56.04,0.0,137.125,103.938,276.91,7.389
05/16/2008,08:14:00,1017.009,156.25,64.772,56.157,0.0,138.5,105.063,312.197,1.821
05/16/2008,08:15:00,1016.99,155.75,64.963,56.338,0.0,140.0,106.25,251.49,4.176
05/16/2008,08:16:00,1016.952,156.5,64.548,56.338,0.0,141.25,107.125,265.905,5.326
05/16/2008,08:17:00,1016.952,157.125,64.892,56.403,0.0,142.5,107.875,281.21,4.304
05/16/2008,08:18:00,1016.914,156.25,64.603,56.442,0.0,143.5,108.875,248.05,4.577
05/16/2008,08:19:00,1016.914,156.125,65.015,56.39,0.0,145.0,110.125,284.081,7.565
05/16/2008,08:20:00,1016.875,155.75,65.07,56.287,0.0,146.625,111.438,287.404,6.08
05/16/2008,08:21:00,1016.875,156.125,65.177,56.299,0.0,147.625,112.188,277.799,8.18
05/16/2008,08:22:00,1016.875,156.125,65.3,56.325,0.0,148.5,113.188,256.621,8.429
05/16/2008,08:23:00,1016.837,156.375,64.976,56.338,0.0,149.375,114.188,280.714,8.581
05/16/2008,08:24:00,1016.837,156.375,65.394,56.416,0.0,150.75,115.313,267.786,9.439
05/16/2008,08:25:00,1016.837,157.0,65.446,56.546,0.0,151.75,116.375,287.127,6.482
05/16/2008,08:26:00,1016.837,158.0,66.307,56.773,0.0,152.75,117.188,247.161,5.77
05/16/2008,08:27:00,1016.837,157.625,64.885,56.935,0.0,153.75,118.063,276.196,8.137
05/16/2008,08:28:00,1016.799,158.5,64.95,56.935,0.0,155.25,119.188,270.365,5.271
05/16/2008,08:29:00,1016.837,159.625,65.844,57.116,0.0,156.375,120.25,264.885,4.304
05/16/2008,08:30:00,1016.799,158.75,64.73,57.304,0.0,157.625,121.313,270.176,6.592
05/16/2008,08:31:00,1016.837,157.75,64.224,57.453,0.0,158.25,122.25,268.281,7.091
05/16/2008,08:32:00,1016.875,157.875,64.312,57.544,0.0,159.25,123.188,284.052,5.861
05/16/2008,08:33:00,1016.837,158.75,64.02,57.66,0.0,160.5,124.5,271.765,5.685
05/16/2008,08:34:00,1016.875,158.25,63.719,57.719,0.0,160.5,125.0,257.189,9.348
05/16/2008,08:35:00,1016.875,158.125,64.312,57.719,0.0,161.25,125.75,267.727,9.366
05/16/2008,08:36:00,1016.875,158.5,63.998,57.622,0.0,162.375,126.75,255.703,7.839
05/16/2008,08:37:00,1016.875,158.875,64.778,57.758,0.0,163.0,127.625,301.251,8.137
05/16/2008,08:38:00,1016.914,158.5,64.066,57.816,0.0,164.125,128.875,284.955,5.484
05/16/2008,08:39:00,1016.914,159.5,64.568,57.933,0.0,165.0,129.75,288.599,5.959
05/16/2008,08:40:00,1016.875,160.0,64.869,58.121,0.0,166.25,130.75,285.947,3.659
05/16/2008,08:41:00,1016.837,159.125,63.706,58.322,0.0,167.25,131.875,273.339,5.837
05/16/2008,08:42:00,1016.875,160.5,63.82,58.594,0.0,168.25,132.75,270.861,3.409
05/16/2008,08:43:00,1016.875,159.875,63.033,58.892,0.0,169.25,133.875,293.715,8.63
05/16/2008,08:44:00,1016.875,159.875,63.026,58.918,0.0,170.625,135.125,299.152,6.36
05/16/2008,08:45:00,1016.875,159.875,62.404,58.918,0.0,171.25,135.875,282.317,8.928
05/16/2008,08:46:00,1016.875,159.25,63.097,58.756,0.0,171.75,136.75,301.79,7.675
05/16/2008,08:47:00,1016.837,159.625,63.071,58.665,0.0,172.375,137.625,272.056,9.366
05/16/2008,08:48:00,1016.914,160.0,63.755,58.678,0.0,173.75,139.0,288.147,4.65
05/16/2008,08:49:00,1016.875,160.875,63.172,58.996,0.0,174.0,139.5,313.742,8.271
05/16/2008,08:50:00,1016.914,160.125,62.657,58.944,0.0,175.0,140.75,287.069,7.565
05/16/2008,08:51:00,1016.914,160.5,63.402,58.905,0.0,175.75,141.75,286.121,9.275
05/16/2008,08:52:00,1016.875,161.0,62.9,59.047,0.0,177.0,142.875,263.632,9.153
05/16/2008,08:53:00,1016.914,161.0,63.237,59.183,0.0,178.0,143.875,260.964,5.448
05/16/2008,08:54:00,1016.914,160.125,62.181,59.196,0.0,178.625,145.0,292.724,9.859
05/16/2008,08:55:00,1016.952,160.375,63.554,59.138,0.0,179.625,146.0,309.675,7.182
05/16/2008,08:56:00,1016.952,161.0,62.9,59.313,0.0,180.5,147.0,288.949,8.125
05/16/2008,08:57:00,1016.952,161.0,62.2,59.495,0.0,181.75,148.25,310.812,6.89
05/16/2008,08:58:00,1016.952,162.125,62.65,59.546,0.0,181.75,148.75,280.947,6.245
05/16/2008,08:59:00,1016.952,161.875,62.398,59.546,0.0,182.5,149.625,257.437,11.216
05/16/2008,09:00:00,1016.914,161.25,62.618,59.41,0.0,183.375,150.75,284.445,7.115
05/16/2008,09:01:00,1016.952,161.5,62.696,59.572,0.0,184.0,151.5,308.451,8.715
05/16/2008,09:02:00,1016.952,162.125,62.142,59.65,0.0,185.5,152.75,296.674,8.965
05/16/2008,09:03:00,1016.837,163.125,63.826,59.741,0.0,186.5,153.625,266.503,4.218
05/16/2008,09:04:00,1016.837,163.0,62.618,59.981,0.0,187.625,154.75,284.591,4.005
05/16/2008,09:05:00,1016.837,163.625,61.922,60.272,0.0,188.75,155.75,301.28,8.076
05/16/2008,09:06:00,1016.837,162.5,61.688,60.434,0.0,189.5,156.625,272.741,5.314
05/16/2008,09:07:00,1016.837,161.375,61.841,60.344,0.0,189.625,157.25,295.333,8.32
05/16/2008,09:08:00,1016.837,162.0,61.711,60.395,0.0,190.875,158.375,309.471,9.737
05/16/2008,09:09:00,1016.837,162.625,62.187,60.298,0.0,192.625,159.875,330.066,5.362
05/16/2008,09:10:00,1016.875,163.375,62.352,60.473,0.0,193.0,160.625,266.853,6.817
05/16/2008,09:11:00,1016.875,162.375,61.251,60.486,0.0,193.625,161.75,291.777,7.401
05/16/2008,09:12:00,1016.875,163.375,62.65,60.629,0.0,193.75,162.375,282.113,6.172
05/16/2008,09:13:00,1016.914,164.0,61.834,60.83,0.0,194.125,163.125,321.7,6.829
05/16/2008,09:14:00,1016.837,164.125,61.093,61.024,0.0,195.0,164.125,290.305,7.699
05/16/2008,09:15:00,1016.875,164.125,61.391,61.167,0.0,195.375,165.0,304.895,5.235
05/16/2008,09:16:00,1016.837,164.375,60.866,61.471,0.0,196.75,166.25,287.943,5.472
05/16/2008,09:17:00,1016.837,163.625,60.163,61.659,0.0,197.375,167.25,280.743,11.429
05/16/2008,09:18:00,1016.837,163.875,60.416,61.62,0.0,198.125,168.25,275.773,6.865
05/16/2008,09:19:00,1016.837,164.125,60.195,61.834,0.0,198.875,169.25,271.109,6.032
05/16/2008,09:20:00,1016.837,164.625,59.541,61.789,0.0,199.125,170.125,285.67,7.936
05/16/2008,09:21:00,1016.837,164.75,60.335,61.795,0.0,198.875,170.375,276.881,10.498
05/16/2008,09:22:00,1016.799,163.375,60.27,61.912,0.0,199.5,171.875,260.673,8.679
05/16/2008,09:23:00,1016.837,163.75,60.215,61.938,0.0,199.75,172.375,286.748,5.484
05/16/2008,09:24:00,1016.799,164.875,60.454,62.165,0.0,200.375,173.25,290.188,5.162
05/16/2008,09:25:00,1016.799,165.125,59.593,62.281,0.0,201.25,174.125,265.818,6.245
05/16/2008,09:26:00,1016.799,163.125,58.582,62.152,0.0,201.0,174.625,297.243,10.097
05/16/2008,09:27:00,1016.799,164.5,60.137,61.912,0.0,202.375,176.125,291.106,10.76
05/16/2008,09:28:00,1016.76,165.25,60.435,62.08,0.0,203.625,177.125,300.537,5.746
05/16/2008,09:29:00,1016.722,165.625,59.288,62.23,0.0,204.5,178.25,304.355,9.859
05/16/2008,09:30:00,1016.76,165.875,60.62,62.23,0.0,204.875,179.125,289.255,8.843
05/16/2008,09:31:00,1016.722,165.25,59.314,62.139,0.0,205.875,180.125,277.143,9.166
05/16/2008,09:32:00,1016.684,165.0,59.353,62.281,0.0,206.125,180.75,319.63,10.571
05/16/2008,09:33:00,1016.646,164.0,59.493,62.139,0.0,206.375,181.75,274.549,9.987
05/16/2008,09:34:00,1016.607,165.125,59.493,62.23,0.0,207.25,182.75,286.952,7.364
05/16/2008,09:35:00,1016.607,165.25,59.778,62.443,0.0,207.375,183.125,281.72,9.774
05/16/2008,09:36:00,1016.531,165.625,59.525,62.677,0.0,208.875,184.5,280.466,7.255
05/16/2008,09:37:00,1016.569,165.25,59.039,62.78,0.0,210.375,186.0,259.857,6.853
05/16/2008,09:38:00,1016.569,165.875,60.03,62.884,0.0,211.0,186.875,287.725,6.841
05/16/2008,09:39:00,1016.492,166.375,58.495,62.871,0.0,211.125,187.375,272.829,6.908
05/16/2008,09:40:00,1016.531,166.625,59.745,63.059,0.0,211.625,188.125,278.79,6.506
05/16/2008,09:41:00,1016.492,167.75,58.615,63.364,0.0,212.5,189.25,295.304,3.732
05/16/2008,09:42:00,1016.531,167.25,57.766,63.616,0.0,213.0,190.125,301.965,9.871
05/16/2008,09:43:00,1016.531,165.375,57.53,63.364,0.0,212.875,190.875,279.752,11.131
05/16/2008,09:44:00,1016.531,165.625,57.701,63.299,0.0,212.625,191.125,268.864,10.224
05/16/2008,09:45:00,1016.569,167.625,58.051,63.39,0.0,213.625,192.125,315.681,10.486
05/16/2008,09:46:00,1016.492,166.25,59.48,63.312,0.0,214.125,193.25,285.947,6.707
05/16/2008,09:47:00,1016.492,167.5,58.673,63.441,0.0,214.375,193.875,299.181,4.985
05/16/2008,09:48:00,1016.454,169.5,59.373,63.921,0.0,214.625,194.25,286.559,2.91
05/16/2008,09:49:00,1016.454,168.5,56.957,64.174,0.0,215.875,195.625,273.339,9.153
05/16/2008,09:50:00,1016.416,167.875,57.109,64.297,0.0,217.25,197.125,260.133,8.904
05/16/2008,09:51:00,1016.454,167.125,56.863,64.206,0.0,216.0,196.75,292.068,8.113
05/16/2008,09:52:00,1016.416,168.625,57.588,64.258,0.0,217.375,198.0,253.968,6.707
05/16/2008,09:53:00,1016.377,167.75,56.108,64.258,0.0,218.875,199.625,255.44,8.539
05/16/2008,09:54:00,1016.32,169.25,57.002,64.122,0.0,219.375,200.125,257.189,10.224
05/16/2008,09:55:00,1016.358,170.625,60.063,64.297,0.0,218.125,199.5,262.072,5.959
05/16/2008,09:56:00,1016.358,168.375,56.503,64.602,0.0,220.125,201.625,257.524,7.456
05/16/2008,09:57:00,1016.281,168.5,56.027,64.64,0.0,220.25,202.125,283.994,6.306
05/16/2008,09:58:00,1016.243,168.75,58.271,64.815,0.0,221.5,203.25,219.249,8.514
05/16/2008,09:59:00,1016.32,167.75,54.472,65.224,0.0,221.5,203.75,288.658,11.952
05/16/2008,10:00:00,1016.243,168.375,54.926,64.867,0.0,223.625,205.75,318.406,8.654
05/16/2008,10:01:00,1016.243,168.875,56.684,64.815,0.0,223.75,206.125,266.59,5.375
05/16/2008,10:02:00,1016.205,170.5,57.073,65.12,0.0,225.375,207.5,239.64,7.778
05/16/2008,10:03:00,1016.243,170.125,54.356,65.237,0.0,226.375,208.5,272.8,11.478
05/16/2008,10:04:00,1016.167,171.125,56.652,65.295,0.0,226.75,209.25,256.242,7.602
05/16/2008,10:05:00,1016.205,168.75,53.608,65.263,0.0,226.5,209.75,265.905,12.713
05/16/2008,10:06:00,1016.167,167.25,53.284,64.958,0.0,227.375,210.875,266.197,10.869
05/16/2008,10:07:00,1016.167,170.0,56.286,64.867,0.0,228.625,211.75,261.168,8.514
05/16/2008,10:08:00,1016.205,168.0,53.29,65.016,0.0,229.875,213.25,260.585,13.395
05/16/2008,10:09:00,1016.128,169.75,54.307,64.958,0.0,231.125,214.25,254.595,8.125
05/16/2008,10:10:00,1016.128,170.125,54.382,65.159,0.0,231.25,214.875,260.396,9.263
05/16/2008,10:11:00,1016.128,171.5,54.605,65.25,0.0,231.75,215.375,265.118,8.953
05/16/2008,10:12:00,1016.128,170.75,53.99,65.399,0.0,233.0,217.0,267.931,7.949
05/16/2008,10:13:00,1016.128,168.5,53.245,65.276,0.0,233.125,217.875,280.379,10.583
05/16/2008,10:14:00,1016.128,169.0,54.236,65.159,0.0,231.875,217.375,290.363,13.188
05/16/2008,10:15:00,1016.09,168.375,53.012,65.347,0.0,232.0,217.625,269.112,10.474
05/16/2008,10:16:00,1016.128,169.0,52.966,65.399,0.0,235.125,220.25,271.735,15.968
05/16/2008,10:17:00,1016.09,171.5,53.789,65.541,0.0,236.625,221.5,252.481,8.405
05/16/2008,10:18:00,1016.052,170.75,54.229,65.755,0.0,237.5,222.625,283.338,5.533
05/16/2008,10:19:00,1016.052,171.5,53.397,65.924,0.0,237.875,223.375,258.282,7.218
05/16/2008,10:20:00,1016.052,172.125,53.556,65.963,0.0,238.875,224.375,268.573,8.028
05/16/2008,10:21:00,1016.052,171.25,52.986,66.241,0.0,239.625,225.0,271.823,8.125
05/16/2008,10:22:00,1016.052,171.875,52.192,66.189,0.0,240.375,226.125,252.598,8.557
05/16/2008,10:23:00,1016.052,170.5,52.714,65.872,0.0,240.625,226.75,254.128,11.703
05/16/2008,10:24:00,1016.013,171.5,52.746,65.651,0.0,241.25,227.375,241.113,9.61
05/16/2008,10:25:00,1016.052,169.625,52.312,65.6,0.0,242.25,228.75,273.543,16.674
05/16/2008,10:26:00,1016.052,171.5,54.035,65.587,0.0,242.75,229.625,260.615,8.417
05/16/2008,10:27:00,1016.052,170.0,51.842,65.541,0.0,243.5,230.75,255.047,11.094
05/16/2008,10:28:00,1016.013,172.0,53.689,65.613,0.0,244.625,231.5,229.656,10.51
05/16/2008,10:29:00,1016.052,172.375,52.814,65.865,0.0,244.75,232.125,254.813,12.336
05/16/2008,10:30:00,1016.013,171.375,52.707,65.865,0.0,245.375,233.0,249.246,8.727
05/16/2008,10:31:00,1015.975,172.0,53.245,65.937,0.0,246.5,234.125,265.002,6.208
05/16/2008,10:32:00,1016.013,172.875,50.89,65.963,0.0,246.625,234.75,256.183,8.101
05/16/2008,10:33:00,1016.013,173.5,52.364,65.911,0.0,246.25,234.75,264.258,11.916
05/16/2008,10:34:00,1016.013,171.625,52.908,66.131,0.0,246.125,235.375,247.817,10.224
05/16/2008,10:35:00,1015.975,173.75,52.477,66.254,0.0,246.75,236.25,259.419,8.308
05/16/2008,10:36:00,1016.013,172.875,52.872,66.319,0.0,247.0,236.875,252.715,8.381
05/16/2008,10:37:00,1016.052,173.5,51.425,66.727,0.0,248.0,238.0,266.08,8.332
05/16/2008,10:38:00,1016.013,172.0,51.752,66.747,0.0,249.125,239.25,256.533,11.058
05/16/2008,10:39:00,1015.975,171.75,51.305,66.637,0.0,248.375,239.375,251.519,12.105
05/16/2008,10:40:00,1016.013,170.75,51.272,66.507,0.0,249.375,240.625,279.271,11.368
05/16/2008,10:41:00,1016.013,173.875,52.192,66.863,0.0,249.375,240.75,251.957,7.182
05/16/2008,10:42:00,1016.013,173.375,50.576,66.928,0.0,250.375,242.0,260.877,10.273
05/16/2008,10:43:00,1016.052,173.25,51.175,66.993,0.0,249.875,242.125,267.305,11.24
05/16/2008,10:44:00,1016.013,173.125,51.321,66.773,0.0,250.125,242.75,250.237,10.382
05/16/2008,10:45:00,1016.013,170.125,50.333,66.52,0.0,249.375,242.75,263.807,10.37
05/16/2008,10:46:00,1015.975,172.625,51.612,66.494,0.0,251.125,244.25,264.2,7.103
05/16/2008,10:47:00,1015.975,172.125,50.855,66.747,0.0,251.375,244.625,265.818,5.302
05/16/2008,10:48:00,1015.975,175.25,51.444,67.032,0.0,253.25,246.25,284.11,5.673
05/16/2008,10:49:00,1015.937,172.625,49.792,67.311,0.0,252.5,246.375,302.767,11.441
05/16/2008,10:50:00,1016.052,172.625,50.877,67.129,0.0,252.5,246.875,269.054,10.735
05/16/2008,10:51:00,1016.052,171.25,50.731,67.168,0.0,253.25,247.875,273.251,12.987
05/16/2008,10:52:00,1016.052,171.625,50.217,67.155,0.0,254.75,249.375,285.553,11.393
05/16/2008,10:53:00,1016.052,171.875,51.214,67.207,0.0,254.875,249.875,316.89,6.409
05/16/2008,10:54:00,1015.975,172.5,50.038,67.44,0.0,256.75,251.25,296.281,4.699
05/16/2008,10:55:00,1015.975,173.0,50.55,67.68,0.0,256.75,251.75,279.723,5.435
05/16/2008,10:56:00,1015.975,174.375,49.442,67.745,0.0,257.75,252.75,255.615,6.409
05/16/2008,10:57:00,1015.975,172.375,49.423,67.57,0.0,257.75,253.375,259.478,10.133
05/16/2008,10:58:00,1015.975,175.25,49.348,67.466,0.0,258.5,254.0,263.909,7.529
05/16/2008,10:59:00,1015.975,175.625,49.666,67.44,0.0,257.5,253.875,289.955,6.409
05/16/2008,11:00:00,1015.937,174.75,48.678,67.518,0.0,257.75,254.75,268.573,7.516
05/16/2008,11:01:00,1015.975,175.75,48.759,67.44,0.0,257.75,255.0,277.507,8.752
05/16/2008,11:02:00,1015.975,174.75,48.205,67.583,0.0,258.25,255.75,260.163,9.299
05/16/2008,11:03:00,1015.937,173.0,48.519,67.285,0.0,257.25,255.75,255.222,11.703
05/16/2008,11:04:00,1015.937,173.875,51.088,67.181,0.0,257.5,256.25,239.407,9.026
05/16/2008,11:05:00,1015.898,171.25,51.664,67.317,0.0,258.75,258.25,234.685,6.829
05/16/2008,11:06:00,1015.937,173.5,48.403,67.615,0.0,258.25,257.5,245.631,9.689
05/16/2008,11:07:00,1015.898,174.25,49.196,67.628,0.0,258.5,257.5,226.1,6.555
05/16/2008,11:08:00,1015.975,173.5,47.668,67.887,0.0,259.5,259.25,301.309,10.17
05/16/2008,11:09:00,1015.898,174.5,47.92,67.861,0.0,261.0,260.75,295.027,8.654
05/16/2008,11:10:00,1015.898,177.5,49.455,68.179,0.0,261.25,261.0,271.342,3.093
05/16/2008,11:11:00,1015.937,177.375,47.59,68.633,0.0,261.75,261.75,264.433,6.135
05/16/2008,11:12:00,1015.975,173.5,46.32,68.659,0.0,262.0,262.75,284.635,10.395
05/16/2008,11:13:00,1015.898,173.125,46.893,68.198,0.0,263.0,263.75,295.843,3.196
05/16/2008,11:14:00,1015.898,176.375,47.755,68.166,0.0,264.5,264.5,280.947,4.005
05/16/2008,11:15:00,1015.898,175.5,47.927,68.432,0.0,263.5,264.5,301.28,10.431
05/16/2008,11:16:00,1015.898,172.75,46.981,68.503,0.0,263.5,265.25,291.952,10.991
05/16/2008,11:17:00,1015.898,173.375,46.518,68.328,0.0,262.25,264.5,282.711,4.803
05/16/2008,11:18:00,1015.86,174.75,46.518,68.607,0.0,264.5,266.5,252.598,5.387
05/16/2008,11:19:00,1015.86,175.375,46.187,68.736,0.0,264.25,266.75,264.798,10.273
05/16/2008,11:20:00,1015.86,174.625,47.198,68.963,0.0,264.0,267.25,297.782,5.886
05/16/2008,11:21:00,1015.822,177.25,46.446,69.501,0.0,266.0,269.0,339.205,8.04
05/16/2008,11:22:00,1015.937,176.125,47.033,69.54,0.0,263.75,267.75,295.698,12.178
05/16/2008,11:23:00,1015.898,173.625,44.902,69.073,0.0,263.75,268.75,300.901,9.275
05/16/2008,11:24:00,1015.86,173.875,44.957,68.795,0.0,265.25,270.0,291.208,6.33
05/16/2008,11:25:00,1015.898,176.0,45.387,68.795,0.0,265.75,270.75,318.056,8.813
05/16/2008,11:26:00,1015.86,175.875,43.794,69.073,0.0,264.75,270.5,284.052,7.699
05/16/2008,11:27:00,1015.898,173.75,43.098,68.95,0.0,265.5,272.0,280.32,11.204
05/16/2008,11:28:00,1015.898,175.875,44.289,68.821,0.0,265.25,272.0,286.413,5.709
05/16/2008,11:29:00,1015.898,176.25,41.967,69.047,0.0,265.5,272.75,319.732,6.056
05/16/2008,11:30:00,1015.898,175.625,41.886,68.821,0.0,265.5,273.25,277.376,5.271
05/16/2008,11:31:00,1015.86,178.75,43.059,68.782,0.0,265.0,273.0,305.39,1.918
05/16/2008,11:32:00,1015.86,180.125,44.613,69.274,0.0,263.75,272.0,284.285,4.328
05/16/2008,11:33:00,1015.898,177.625,42.074,69.728,0.0,266.0,274.75,278.163,8.368
05/16/2008,11:34:00,1015.822,176.125,42.913,69.618,0.0,264.75,274.75,260.046,6.543
05/16/2008,11:35:00,1015.86,177.5,42.796,69.566,0.0,264.5,274.5,270.774,11.143
05/16/2008,11:36:00,1015.86,175.625,43.188,69.41,0.0,265.0,276.25,288.264,9.452
05/16/2008,11:37:00,1015.86,175.5,42.79,69.384,0.0,264.25,276.5,293.38,10.547
05/16/2008,11:38:00,1015.898,177.75,44.846,69.462,0.0,262.5,275.5,272.275,5.508
05/16/2008,11:39:00,1015.898,176.375,43.502,69.631,0.0,263.5,277.0,258.37,7.815
05/16/2008,11:40:00,1015.898,177.875,43.946,69.832,0.0,264.25,277.75,310.069,4.754
05/16/2008,11:41:00,1015.898,179.375,43.515,70.162,0.0,266.75,280.25,305.521,6.318
05/16/2008,11:42:00,1015.86,179.25,42.913,70.337,0.0,265.5,280.0,318.566,4.754
05/16/2008,11:43:00,1015.898,178.125,42.987,70.506,0.0,266.25,281.25,335.27,9.105
05/16/2008,11:44:00,1015.898,177.25,42.032,70.363,0.0,265.75,281.0,328.23,7.827
05/16/2008,11:45:00,1015.898,176.5,41.161,69.909,0.0,266.5,282.0,314.529,5.375
05/16/2008,11:46:00,1015.898,177.625,41.776,69.793,0.0,266.25,282.25,310.477,9.378
05/16/2008,11:47:00,1015.86,176.75,40.691,69.78,0.0,266.25,282.75,284.329,5.496
05/16/2008,11:48:00,1015.822,176.875,42.443,69.579,0.0,267.0,283.5,259.886,7.291
05/16/2008,11:49:00,1015.898,175.375,41.135,69.793,0.0,266.75,284.0,285.218,12.311
05/16/2008,11:50:00,1015.822,177.0,43.033,69.436,0.0,266.5,284.5,314.879,10.346
05/16/2008,11:51:00,1015.745,177.5,42.074,69.566,0.0,265.25,284.0,325.971,10.072
05/16/2008,11:52:00,1015.783,175.375,41.922,69.922,0.0,266.25,285.5,293.715,7.529
05/16/2008,11:53:00,1015.783,177.125,41.397,69.78,0.0,265.5,285.25,278.601,7.243
05/16/2008,11:54:00,1015.745,179.25,41.449,69.955,0.0,266.25,285.75,287.462,6.099
05/16/2008,11:55:00,1015.707,179.0,41.297,69.968,0.0,267.0,287.0,267.567,6.446
05/16/2008,11:56:00,1015.668,179.125,42.184,70.123,0.0,267.0,287.25,291.412,7.638
05/16/2008,11:57:00,1015.745,178.25,41.397,70.48,0.0,267.75,288.25,292.841,7.839
05/16/2008,11:58:00,1015.783,178.0,42.323,70.441,0.0,267.5,288.5,306.76,10.011
05/16/2008,11:59:00,1015.63,176.625,40.924,70.201,0.0,265.25,287.25,298.583,6.78
05/16/2008,12:00:00,1015.63,176.375,40.691,70.149,0.0,265.75,287.75,305.39,10.145
05/16/2008,12:01:00,1015.592,179.75,41.65,70.259,0.0,266.5,288.5,289.795,6.147
05/16/2008,12:02:00,1015.63,178.5,41.915,70.389,0.0,270.25,292.25,310.754,5.898
05/16/2008,12:03:00,1015.592,180.375,40.626,70.493,0.0,271.25,293.0,273.834,2.405
05/16/2008,12:04:00,1015.592,178.5,40.996,70.506,0.0,270.75,293.25,328.434,7.151
05/16/2008,12:05:00,1015.554,177.625,40.646,70.259,0.0,269.5,293.25,341.231,6.306
05/16/2008,12:06:00,1015.63,178.875,41.478,70.791,0.0,268.25,292.0,314.587,8.344
05/16/2008,12:07:00,1015.554,177.25,38.401,70.648,0.0,270.0,294.5,304.414,6.671
05/16/2008,12:08:00,1015.515,181.625,41.008,70.564,0.0,269.25,294.25,280.976,3.196
05/16/2008,12:09:00,1015.496,180.875,39.81,70.849,0.0,266.5,292.75,303.641,4.699
05/16/2008,12:10:00,1015.458,180.375,39.35,70.914,0.0,270.0,296.0,336.975,8.819
05/16/2008,12:11:00,1015.458,180.625,38.401,71.141,0.0,269.0,295.25,300.318,9.549
05/16/2008,12:12:00,1015.458,179.5,39.143,70.875,0.0,269.75,296.25,285.582,5.782
05/16/2008,12:13:00,1015.381,180.0,39.052,71.128,0.0,270.75,297.25,309.734,3.233
05/16/2008,12:14:00,1015.419,181.875,39.988,71.432,0.0,269.5,296.5,278.601,5.448
05/16/2008,12:15:00,1015.458,180.25,37.041,71.88,0.0,267.75,295.75,295.668,8.606
05/16/2008,12:16:00,1015.381,180.5,38.242,71.549,0.0,267.25,295.75,278.746,6.233
05/16/2008,12:17:00,1015.381,182.375,39.052,71.828,0.0,266.75,295.75,288.439,5.624
05/16/2008,12:18:00,1015.343,179.75,36.749,71.737,0.0,268.25,297.5,267.363,5.289
05/16/2008,12:19:00,1015.343,179.875,37.119,71.387,0.0,270.0,298.75,322.997,10.273
05/16/2008,12:20:00,1015.343,177.875,35.386,71.523,0.0,271.75,300.75,298.525,9.026
05/16/2008,12:21:00,1015.266,179.125,37.857,71.497,0.0,275.25,304.0,294.182,5.825
05/16/2008,12:22:00,1015.228,178.125,35.269,71.257,0.0,274.5,303.75,286.413,8.204
05/16/2008,12:23:00,1015.228,180.875,37.18,70.979,0.0,274.5,304.0,323.712,5.697
05/16/2008,12:24:00,1015.19,181.875,36.934,71.031,0.0,272.0,302.25,318.173,5.588
05/16/2008,12:25:00,1015.151,182.25,37.232,71.335,0.0,272.0,303.0,284.198,5.624
05/16/2008,12:26:00,1015.19,182.375,35.525,72.106,0.0,272.25,303.75,305.696,9.239
05/16/2008,12:27:00,1015.305,178.375,33.375,71.854,0.0,271.25,304.25,295.756,11.989
05/16/2008,12:28:00,1015.19,178.875,34.929,71.406,0.0,271.0,304.75,292.52,17.837
05/16/2008,12:29:00,1015.151,180.0,34.524,71.219,0.0,273.0,308.5,292.695,8.594
05/16/2008,12:30:00,1015.151,180.0,33.993,71.374,0.0,273.75,311.0,322.371,10.273
05/16/2008,12:31:00,1015.228,180.625,35.454,71.471,0.0,272.25,310.75,328.828,10.906
05/16/2008,12:32:00,1015.19,182.25,34.071,71.666,0.0,272.75,312.5,307.766,8.703
05/16/2008,12:33:00,1015.151,183.375,34.213,71.789,0.0,272.25,314.75,260.964,7.23
05/16/2008,12:34:00,1015.151,185.125,35.234,71.957,0.0,268.0,315.0,347.688,5.934
05/16/2008,12:35:00,1015.113,185.75,33.384,72.21,0.0,269.5,321.75,284.227,6.695
05/16/2008,12:36:00,1015.036,189.5,35.34,72.709,0.0,271.0,331.5,286.5,2.886
05/16/2008,12:37:00,1015.036,190.5,32.973,73.318,0.0,267.75,337.0,296.324,2.557
05/16/2008,12:38:00,1015.036,190.5,31.888,73.267,0.0,262.0,343.25,337.719,6.342
05/16/2008,12:39:00,1014.998,178.5,32.121,72.495,0.0,6.766,94.188,333.842,6.768
05/16/2008,12:40:00,1014.998,179.375,34.032,72.042,0.0,6.957,93.625,306.848,4.626
05/16/2008,12:41:00,1014.998,180.0,34.064,72.068,0.0,4.332,95.0,340.153,6.981
05/16/2008,12:42:00,1015.036,186.375,33.938,72.081,0.0,257.0,339.25,316.191,6.494
05/16/2008,12:43:00,1014.998,190.625,33.303,72.34,0.0,260.75,349.25,289.518,8.125
05/16/2008,12:44:00,1015.036,183.5,31.204,72.158,0.0,11.797,102.563,299.808,10.906
05/16/2008,12:45:00,1014.922,178.25,32.898,71.724,0.0,4.109,83.75,319.995,8.003
05/16/2008,12:46:00,1014.883,177.375,33.627,71.653,0.0,2.277,72.813,299.983,7.638
05/16/2008,12:47:00,1014.883,175.625,33.044,71.536,0.0,1.93,72.188,274.84,6.744
05/16/2008,12:48:00,1014.883,181.625,34.246,71.394,0.0,210.25,281.25,283.979,4.851
05/16/2008,12:49:00,1014.883,188.75,31.962,71.614,0.0,268.25,341.75,276.72,7.778
05/16/2008,12:50:00,1014.845,188.5,29.718,71.918,0.0,267.75,342.75,269.637,8.253
05/16/2008,12:51:00,1014.883,189.625,31.039,72.042,0.0,268.25,349.0,287.011,10.036
05/16/2008,12:52:00,1014.845,192.75,30.495,72.405,0.0,270.25,356.0,324.936,10.273
05/16/2008,12:53:00,1014.768,194.125,29.154,72.761,0.0,269.75,366.75,298.438,8.052
05/16/2008,12:54:00,1014.768,190.875,31.033,73.104,0.0,221.375,337.25,324.455,6.646
05/16/2008,12:55:00,1014.768,182.875,28.824,73.344,0.0,3.857,108.75,315.739,9.537
05/16/2008,12:56:00,1014.768,180.5,29.174,72.787,0.0,2.656,106.063,317.721,8.855
05/16/2008,12:57:00,1014.73,181.25,30.288,72.456,0.0,36.75,144.125,330.46,3.367
05/16/2008,12:58:00,1014.692,181.125,30.262,72.508,0.0,2.656,103.5,324.907,7.924
05/16/2008,12:59:00,1014.673,180.25,30.44,72.184,0.0,3.227,107.25,318.29,5.91
05/16/2008,13:00:00,1014.692,180.125,30.855,72.158,0.0,2.309,103.375,334.716,7.602
05/16/2008,13:01:00,1014.73,178.875,31.888,72.042,0.0,1.36,98.063,327.108,7.863
05/16/2008,13:02:00,1014.634,176.25,30.401,71.724,0.0,1.107,94.625,339.205,7.389
05/16/2008,13:03:00,1014.692,174.875,30.576,71.445,0.0,4.871,98.5,302.14,10.681
05/16/2008,13:04:00,1014.634,175.75,32.474,71.348,0.0,23.016,115.813,288.206,5.861
05/16/2008,13:05:00,1014.634,177.125,30.741,71.562,0.0,156.125,242.5,327.836,9.092
05/16/2008,13:06:00,1014.596,183.75,30.421,71.562,0.0,265.25,328.0,318.858,7.851
05/16/2008,13:07:00,1014.558,185.5,30.521,71.854,0.0,266.0,322.25,313.115,5.6
05/16/2008,13:08:00,1014.558,188.0,32.354,72.353,0.0,266.25,319.25,300.959,5.874
05/16/2008,13:09:00,1014.481,184.125,29.336,72.761,0.0,266.75,319.25,334.949,5.673
05/16/2008,13:10:00,1014.481,187.0,30.748,72.67,0.0,268.0,320.5,293.234,9.823
05/16/2008,13:11:00,1014.481,185.625,29.394,73.163,0.0,269.5,322.75,280.32,13.735
05/16/2008,13:12:00,1014.404,184.375,29.909,72.774,0.0,269.25,324.25,312.372,8.788
05/16/2008,13:13:00,1014.404,186.375,31.386,72.813,0.0,268.25,324.25,290.392,6.306
05/16/2008,13:14:00,1014.404,183.75,28.756,72.91,0.0,265.75,323.75,313.655,14.782
05/16/2008,13:15:00,1014.404,184.5,29.909,72.631,0.0,261.0,321.25,308.626,7.699
05/16/2008,13:16:00,1014.328,184.5,29.167,72.774,0.0,267.25,329.0,289.576,8.764
05/16/2008,13:17:00,1014.251,181.125,28.895,72.67,0.0,50.594,112.25,297.534,5.648
05/16/2008,13:18:00,1014.213,185.375,28.772,72.884,0.0,257.5,323.0,303.364,13.449
05/16/2008,13:19:00,1014.251,177.75,28.409,72.975,0.0,126.688,201.25,321.073,8.776
05/16/2008,13:20:00,1014.251,184.375,29.047,72.735,0.0,268.5,326.75,335.008,5.387
05/16/2008,13:21:00,1014.29,185.0,28.179,72.813,0.0,268.75,325.25,273.485,10.51
05/16/2008,13:22:00,1014.29,186.875,30.375,73.13,0.0,268.75,325.5,328.492,8.064
05/16/2008,13:23:00,1014.251,186.5,28.681,73.318,0.0,269.25,325.75,319.689,7.626
05/16/2008,13:24:00,1014.213,187.75,28.976,73.344,0.0,270.0,328.0,341.377,7.723
05/16/2008,13:25:00,1014.251,188.5,29.996,73.623,0.0,269.25,329.75,339.468,6.902
05/16/2008,13:26:00,1014.29,188.625,29.757,74.018,0.0,264.0,329.0,252.817,7.699
05/16/2008,13:27:00,1014.213,186.75,27.35,74.252,0.0,262.0,335.75,276.094,9.871
05/16/2008,13:28:00,1014.213,185.875,26.34,73.843,0.0,264.0,333.5,293.613,6.446
05/16/2008,13:29:00,1014.213,175.875,26.631,73.636,0.0,11.0,92.313,336.655,11.131
05/16/2008,13:30:00,1014.136,174.125,26.2,73.396,0.0,25.047,102.938,307.824,6.421
05/16/2008,13:31:00,1014.098,181.25,27.732,73.04,0.0,267.0,326.0,294.808,8.569
05/16/2008,13:32:00,1014.06,181.875,27.185,72.988,0.0,268.75,318.0,284.474,11.502
05/16/2008,13:33:00,1014.021,181.375,27.813,72.813,0.0,265.25,311.25,286.69,8.74
05/16/2008,13:34:00,1014.06,184.25,28.39,72.839,0.0,265.0,309.25,318.829,12.622
05/16/2008,13:35:00,1014.136,182.875,28.225,72.923,0.0,264.75,309.25,293.176,12.61
05/16/2008,13:36:00,1014.021,184.125,27.846,72.897,0.0,268.5,313.5,291.077,8.618
05/16/2008,13:37:00,1014.021,184.5,27.966,73.189,0.0,268.0,315.0,288.264,8.581
05/16/2008,13:38:00,1013.945,183.125,26.677,73.163,0.0,260.25,312.25,260.673,11.131
05/16/2008,13:39:00,1013.983,185.375,27.681,73.331,0.0,252.625,310.75,302.621,7.437
05/16/2008,13:40:00,1014.021,186.5,29.18,73.714,0.0,265.25,325.5,338.549,5.995
05/16/2008,13:41:00,1013.945,185.625,26.479,73.675,0.0,265.5,326.75,279.781,10.881
05/16/2008,13:42:00,1013.983,185.5,26.398,73.571,0.0,265.5,326.5,302.898,6.306
05/16/2008,13:43:00,1013.983,186.125,26.366,73.584,0.0,265.5,328.5,304.355,11.119
05/16/2008,13:44:00,1013.945,188.0,26.855,73.856,0.0,264.75,331.0,299.123,5.575
05/16/2008,13:45:00,1013.945,187.875,26.405,74.187,0.0,261.25,331.5,299.575,7.425
05/16/2008,13:46:00,1014.021,184.625,26.139,74.349,0.0,213.75,291.75,296.849,14.186
05/16/2008,13:47:00,1014.021,176.375,28.332,74.239,0.0,22.766,107.25,314.427,12.95
05/16/2008,13:48:00,1013.906,178.75,27.331,74.161,0.0,23.656,102.438,320.942,9.689
05/16/2008,13:49:00,1013.945,175.625,26.816,74.135,0.0,52.531,137.25,302.767,8.137
05/16/2008,13:50:00,1013.945,180.5,27.023,73.882,0.0,239.25,317.75,326.452,7.997
05/16/2008,13:51:00,1013.906,184.875,26.298,73.714,0.0,263.0,329.25,335.459,9.36
05/16/2008,13:52:00,1013.906,185.75,26.796,73.422,0.0,264.25,326.0,334.497,12.774
05/16/2008,13:53:00,1013.906,185.625,27.172,73.61,0.0,262.0,322.5,281.326,10.133
05/16/2008,13:54:00,1013.906,185.125,26.874,73.96,0.0,252.125,312.75,302.767,10.133
05/16/2008,13:55:00,1013.906,185.25,26.531,74.044,0.0,250.875,313.5,291.587,11.539
05/16/2008,13:56:00,1013.868,184.125,26.544,73.921,0.0,256.5,320.75,319.732,3.914
05/16/2008,13:57:00,1013.868,187.625,28.244,74.044,0.0,261.75,322.5,337.369,4.9
05/16/2008,13:58:00,1013.868,190.0,28.302,74.478,0.0,260.75,316.0,321.452,6.628
05/16/2008,13:59:00,1013.868,186.125,26.728,74.958,0.0,260.25,311.25,314.966,6.233
05/16/2008,14:00:00,1013.945,185.25,26.379,74.945,0.0,260.5,308.0,306.104,12.299
05/16/2008,14:01:00,1013.868,181.25,25.543,74.615,0.0,262.5,308.25,321.919,12.585
05/16/2008,14:02:00,1013.868,183.25,27.732,74.083,0.0,262.5,307.0,337.806,12.08
05/16/2008,14:03:00,1013.868,183.5,27.23,74.122,0.0,262.0,305.75,298.613,7.389
05/16/2008,14:04:00,1013.811,184.375,28.225,74.07,0.0,261.25,304.75,332.282,8.088
05/16/2008,14:05:00,1013.811,184.5,27.846,73.986,0.0,260.25,303.5,327.545,6.281
05/16/2008,14:06:00,1013.811,183.625,26.971,74.057,0.0,260.75,303.75,298.103,9.086
05/16/2008,14:07:00,1013.657,184.125,25.903,74.012,0.0,261.75,304.5,261.984,7.103
05/16/2008,14:08:00,1013.772,183.625,26.651,74.187,0.0,264.0,307.25,302.417,10.51
05/16/2008,14:09:00,1013.696,182.0,24.983,74.148,0.0,263.5,308.25,335.722,18.293
05/16/2008,14:10:00,1013.734,182.0,25.09,73.973,0.0,262.5,309.0,297.476,16.662
05/16/2008,14:11:00,1013.772,182.75,26.126,74.135,0.0,262.25,309.75,282.084,10.023
05/16/2008,14:12:00,1013.619,184.75,26.145,74.388,0.0,261.5,309.75,322.298,5.338
05/16/2008,14:13:00,1013.581,185.125,25.556,74.731,0.0,259.25,311.0,311.57,8.989
05/16/2008,14:14:00,1013.619,185.875,25.605,74.653,0.0,258.75,318.25,257.772,7.194
05/16/2008,14:15:00,1013.619,188.125,29.109,74.705,0.0,249.0,320.0,253.473,10.297
05/16/2008,14:16:00,1013.619,182.125,25.77,74.997,0.0,247.0,322.25,277.741,11.843
05/16/2008,14:17:00,1013.581,185.5,24.626,75.152,0.0,239.875,310.75,285.917,14.599
05/16/2008,14:18:00,1013.581,185.875,25.012,74.692,0.0,259.0,336.0,275.234,11.752
05/16/2008,14:19:00,1013.504,177.5,25.744,74.478,0.0,46.594,135.875,288.541,11.539
05/16/2008,14:20:00,1013.581,178.5,26.884,74.323,0.0,14.953,103.688,327.326,9.914
05/16/2008,14:21:00,1013.581,178.25,27.389,74.388,0.0,8.0,100.5,327.895,10.498
05/16/2008,14:22:00,1013.619,176.0,25.98,74.29,0.0,8.031,103.5,306.221,8.965
05/16/2008,14:23:00,1013.657,180.0,26.745,73.882,0.0,43.031,136.25,324.338,10.547
05/16/2008,14:24:00,1013.581,182.5,25.834,73.623,0.0,173.75,273.0,305.099,10.632
05/16/2008,14:25:00,1013.542,182.875,26.372,73.759,0.0,83.5,187.75,266.736,8.028
05/16/2008,14:26:00,1013.542,179.75,25.005,73.986,0.0,6.133,105.188,276.37,9.348
05/16/2008,14:27:00,1013.542,178.0,25.834,73.895,0.0,34.719,117.063,265.599,7.827
05/16/2008,14:28:00,1013.542,181.125,25.43,73.934,0.0,163.25,237.875,285.101,8.405
05/16/2008,14:29:00,1013.504,184.0,24.565,73.934,0.0,257.75,310.75,274.84,7.863
05/16/2008,14:30:00,1013.466,186.5,27.237,74.044,0.0,258.0,303.75,326.772,7.352
05/16/2008,14:31:00,1013.466,187.125,27.237,74.582,0.0,261.25,302.5,312.59,5.174
05/16/2008,14:32:00,1013.504,187.125,25.954,75.127,0.0,262.0,300.5,286.53,3.993
05/16/2008,14:33:00,1013.466,186.5,25.161,75.509,0.0,262.0,299.0,275.977,10.705
05/16/2008,14:34:00,1013.351,186.625,25.43,75.198,0.0,261.25,297.0,270.628,8.344
05/16/2008,14:35:00,1013.427,183.0,24.711,75.276,0.0,260.5,295.75,291.777,8.088
05/16/2008,14:36:00,1013.427,184.625,24.568,75.392,0.0,260.0,294.5,286.5,14.088
05/16/2008,14:37:00,1013.351,183.25,23.956,75.464,0.0,260.25,294.25,296.47,13.419
05/16/2008,14:38:00,1013.427,182.875,23.846,75.353,0.0,260.0,295.0,297.898,12.062
05/16/2008,14:39:00,1013.274,182.25,24.196,75.062,0.0,258.25,295.25,277.26,9.999
05/16/2008,14:40:00,1013.313,183.5,23.422,75.353,0.0,258.25,299.75,294.269,12.19
05/16/2008,14:41:00,1013.351,177.0,23.467,75.677,0.0,18.719,85.813,279.635,12.19
05/16/2008,14:42:00,1013.351,173.5,23.525,75.023,0.0,3.605,67.938,304.18,14.782
05/16/2008,14:43:00,1013.427,172.375,24.115,74.653,0.0,6.133,68.75,297.038,19.668
05/16/2008,14:44:00,1013.427,178.875,24.037,74.401,0.0,250.125,298.5,294.182,10.157
05/16/2008,14:45:00,1013.351,183.625,24.704,74.504,0.0,256.75,299.25,282.201,14.934
05/16/2008,14:46:00,1013.351,187.25,26.301,75.075,0.0,256.5,296.0,293.263,9.062
05/16/2008,14:47:00,1013.351,186.625,25.974,75.788,0.0,257.25,293.75,316.045,9.263
05/16/2008,14:48:00,1013.313,183.875,23.924,75.438,0.0,258.0,293.25,285.641,8.88
05/16/2008,14:49:00,1013.274,184.875,23.852,75.451,0.0,257.5,292.0,280.087,10.535
05/16/2008,14:50:00,1013.274,184.625,24.322,75.742,0.0,256.75,292.5,295.362,8.271
05/16/2008,14:51:00,1013.274,183.5,24.018,75.639,0.0,252.625,295.0,277.347,12.871
05/16/2008,14:52:00,1013.236,182.25,25.103,75.6,0.0,178.125,226.875,311.177,11.417
05/16/2008,14:53:00,1013.198,181.375,23.237,75.664,0.0,254.625,299.0,342.835,14.374
05/16/2008,14:54:00,1013.198,179.0,24.733,75.509,0.0,168.25,215.875,351.638,7.529
05/16/2008,14:55:00,1013.274,182.25,24.121,75.198,0.0,257.5,292.25,313.217,10.06
05/16/2008,14:56:00,1013.083,183.875,24.759,75.049,0.0,259.5,290.0,-1.277,5.387
05/16/2008,14:57:00,1013.121,184.0,25.854,75.276,0.0,257.25,284.5,307.649,8.703
05/16/2008,14:58:00,1013.121,184.875,25.271,75.496,0.0,257.25,281.5,308.538,7.34
05/16/2008,14:59:00,1013.044,185.125,24.588,75.742,0.0,258.75,280.5,323.464,8.715
05/16/2008,15:00:00,1013.044,182.75,22.097,75.865,0.0,258.25,279.0,331.539,8.088
05/16/2008,15:01:00,1013.083,181.875,23.001,75.969,0.0,258.75,278.25,264.885,10.967
05/16/2008,15:02:00,1013.044,182.5,24.315,75.827,0.0,262.25,280.25,267.96,9.086
05/16/2008,15:03:00,1013.083,183.375,24.429,75.788,0.0,256.75,274.75,292.302,6.853
05/16/2008,15:04:00,1013.044,181.5,21.028,76.021,0.0,257.0,274.25,332.675,10.261
05/16/2008,15:05:00,1013.044,184.125,23.104,75.904,0.0,255.625,272.0,342.033,7.504
05/16/2008,15:06:00,1013.121,181.75,22.635,76.079,0.0,257.0,272.75,284.781,9.835
05/16/2008,15:07:00,1013.044,183.375,23.205,76.209,0.0,258.5,273.25,315.214,7.985
05/16/2008,15:08:00,1013.044,183.25,22.369,76.235,0.0,255.875,270.25,298.35,6.293
05/16/2008,15:09:00,1013.159,181.75,22.298,76.526,0.0,258.0,271.75,299.895,12.628
05/16/2008,15:10:00,1013.044,181.375,22.356,76.326,0.0,259.5,273.0,291.048,8.642
05/16/2008,15:11:00,1013.083,182.875,22.8,76.118,0.0,259.25,272.0,267.96,7.176
05/16/2008,15:12:00,1013.044,182.125,22.615,76.3,0.0,259.25,272.25,253.108,7.766
05/16/2008,15:13:00,1013.006,180.5,21.621,76.157,0.0,260.25,273.0,292.36,11.867
05/16/2008,15:14:00,1013.044,179.0,20.863,75.956,0.0,258.75,270.75,288.322,13.461
05/16/2008,15:15:00,1013.006,180.375,21.161,75.703,0.0,259.75,271.0,298.248,9.464
05/16/2008,15:16:00,1012.968,182.625,21.805,75.865,0.0,258.75,269.25,303.452,7.151
05/16/2008,15:17:00,1012.949,184.375,25.352,76.209,0.0,261.25,270.5,351.507,2.308
05/16/2008,15:18:00,1012.91,184.125,21.128,76.3,0.0,262.0,269.75,295.304,7.267
05/16/2008,15:19:00,1012.91,182.5,22.058,76.222,0.0,262.0,268.5,286.063,5.91
05/16/2008,15:20:00,1012.872,181.625,21.964,76.144,0.0,260.75,266.25,280.583,7.985
05/16/2008,15:21:00,1012.91,181.5,22.21,75.995,0.0,262.25,267.0,296.47,11.094
05/16/2008,15:22:00,1012.91,183.0,22.482,76.222,0.0,263.25,267.0,322.094,19.656
05/16/2008,15:23:00,1012.91,180.25,21.407,76.066,0.0,262.5,266.25,310.215,9.427
05/16/2008,15:24:00,1012.872,179.75,21.388,75.878,0.0,262.25,265.0,337.15,8.703
05/16/2008,15:25:00,1012.872,180.5,22.291,75.904,0.0,262.5,264.25,294.546,7.766
05/16/2008,15:26:00,1012.795,181.625,20.83,75.891,0.0,262.5,263.5,317.75,3.969
05/16/2008,15:27:00,1012.834,181.0,22.932,76.021,0.0,262.5,262.5,286.559,11.253
05/16/2008,15:28:00,1012.757,180.625,22.437,76.008,0.0,261.5,261.0,287.127,8.727
05/16/2008,15:29:00,1012.68,179.875,21.128,75.904,0.0,261.5,260.25,278.936,8.569
05/16/2008,15:30:00,1012.68,182.625,22.544,76.034,0.0,262.0,259.75,256.154,9.512
05/16/2008,15:31:00,1012.68,182.5,21.232,76.339,0.0,261.75,259.25,308.48,7.255
05/16/2008,15:32:00,1012.68,181.25,20.141,76.676,0.0,255.125,253.0,282.142,12.05
05/16/2008,15:33:00,1012.604,181.5,21.485,76.326,0.0,256.75,254.125,272.829,6.433
05/16/2008,15:34:00,1012.719,180.375,21.245,76.274,0.0,255.125,251.125,273.076,12.61
05/16/2008,15:35:00,1012.642,181.875,22.748,76.397,0.0,259.25,253.875,270.919,8.429
05/16/2008,15:36:00,1012.604,182.25,22.032,76.727,0.0,260.0,253.875,277.682,6.342
05/16/2008,15:37:00,1012.795,179.25,21.371,76.676,0.0,261.75,254.5,316.832,22.68
05/16/2008,15:38:00,1012.757,178.25,20.231,76.339,0.0,261.0,253.375,289.488,19.747
05/16/2008,15:39:00,1012.68,181.0,21.18,75.956,0.0,261.0,252.625,277.595,10.93
05/16/2008,15:40:00,1012.68,180.5,20.989,75.865,0.0,260.25,251.75,298.496,13.023
05/16/2008,15:41:00,1012.642,180.875,21.524,76.021,0.0,260.25,251.375,324.659,13.157
05/16/2008,15:42:00,1012.604,181.75,20.782,76.326,0.0,258.25,249.375,318.8,14.173
05/16/2008,15:43:00,1012.719,180.5,20.698,76.449,0.0,259.25,249.5,317.823,18.409
05/16/2008,15:44:00,1012.527,179.0,20.665,76.287,0.0,255.375,245.875,322.837,10.535
05/16/2008,15:45:00,1012.795,179.0,20.332,76.287,0.0,257.5,246.625,311.075,14.758
05/16/2008,15:46:00,1012.604,179.125,20.484,75.814,0.0,258.25,246.625,321.481,12.537
05/16/2008,15:47:00,1012.565,182.125,21.702,75.827,0.0,258.25,246.125,301.309,11.831
05/16/2008,15:48:00,1012.604,182.625,24.102,76.449,0.0,257.75,245.125,324.601,8.831
05/16/2008,15:49:00,1012.604,180.25,21.206,76.397,0.0,256.25,243.5,323.712,11.405
05/16/2008,15:50:00,1012.527,180.625,21.345,76.034,0.0,254.5,242.25,291.15,6.707
05/16/2008,15:51:00,1012.527,182.875,21.847,76.345,0.0,257.25,243.5,324.455,10.681
05/16/2008,15:52:00,1012.489,183.0,21.673,76.676,0.0,256.25,242.125,278.163,7.279
05/16/2008,15:53:00,1012.451,184.0,22.709,77.155,0.0,256.25,241.375,14.712,3.628
05/16/2008,15:54:00,1012.604,181.25,20.533,77.46,0.0,256.5,241.25,307.416,12.05
05/16/2008,15:55:00,1012.527,180.0,21.206,76.941,0.0,256.25,240.5,299.983,8.18
05/16/2008,15:56:00,1012.527,180.0,20.306,76.993,0.0,257.0,240.25,284.474,14.435
05/16/2008,15:57:00,1012.489,180.75,21.407,76.326,0.0,257.5,240.0,291.952,7.742
05/16/2008,15:58:00,1012.527,180.5,21.967,76.423,0.0,258.0,239.625,311.454,11.94
05/16/2008,15:59:00,1012.412,181.125,21.873,76.501,0.0,256.25,237.625,281.151,6.865
05/16/2008,16:00:00,1012.527,179.125,20.115,76.805,0.0,256.0,236.5,294.488,16.912
05/16/2008,16:01:00,1012.412,180.375,20.837,76.714,0.0,256.25,235.75,313.931,9.105
05/16/2008,16:02:00,1012.412,179.0,20.662,76.397,0.0,254.375,234.0,313.144,17.873
05/16/2008,16:03:00,1012.374,180.625,20.75,76.714,0.0,255.75,233.75,308.903,12.689
05/16/2008,16:04:00,1012.374,179.875,20.578,76.63,0.0,256.5,233.875,312.59,10.808
05/16/2008,16:05:00,1012.336,180.5,21.938,76.488,0.0,257.0,233.5,290.305,11.07
05/16/2008,16:06:00,1012.374,180.25,21.116,76.604,0.0,255.25,230.875,290.844,15.944
05/16/2008,16:07:00,1012.336,179.625,20.928,76.326,0.0,255.5,230.75,308.99,7.018
05/16/2008,16:08:00,1012.374,179.125,20.432,76.371,0.0,256.25,230.625,294.925,13.2
05/16/2008,16:09:00,1012.297,179.375,20.597,76.326,0.0,257.0,230.5,292.841,9.823
05/16/2008,16:10:00,1012.221,179.75,20.173,76.41,0.0,256.0,228.75,280.379,10.285
05/16/2008,16:11:00,1012.182,181.625,20.724,76.41,0.0,255.125,227.625,344.219,7.078
05/16/2008,16:12:00,1012.259,181.125,20.75,76.663,0.0,254.375,226.0,317.109,13.443
05/16/2008,16:13:00,1012.144,181.875,21.281,76.701,0.0,255.0,226.125,306.279,9.713
05/16/2008,16:14:00,1012.144,182.75,21.601,77.09,0.0,255.75,225.75,299.808,6.659
05/16/2008,16:15:00,1012.259,180.5,20.338,77.317,0.0,257.0,225.75,282.827,20.295
05/16/2008,16:16:00,1012.259,178.875,20.086,76.727,0.0,256.75,225.25,309.617,16.443
05/16/2008,16:17:00,1012.106,179.875,20.963,76.423,0.0,256.25,223.75,268.019,7.164
05/16/2008,16:18:00,1012.144,180.5,20.516,76.65,0.0,256.25,222.75,274.607,16.802
05/16/2008,16:19:00,1012.106,181.375,21.695,76.688,0.0,254.75,221.25,322.779,7.815
05/16/2008,16:20:00,1012.259,182.125,20.963,76.993,0.0,253.875,220.0,298.671,13.656
05/16/2008,16:21:00,1012.144,181.125,21.511,77.064,0.0,252.125,218.25,325.023,10.462
05/16/2008,16:22:00,1012.144,178.875,20.095,77.038,0.0,250.875,216.625,298.19,11.253
05/16/2008,16:23:00,1012.297,180.25,21.002,76.779,0.0,251.125,216.0,311.046,15.768
05/16/2008,16:24:00,1012.144,179.75,21.261,76.753,0.0,248.25,213.375,331.203,8.216
05/16/2008,16:25:00,1012.144,179.5,21.232,76.578,0.0,249.75,214.0,287.069,8.831
05/16/2008,16:26:00,1012.144,180.0,21.135,76.565,0.0,248.875,213.25,299.895,6.208
05/16/2008,16:27:00,1012.106,181.125,20.717,76.857,0.0,250.375,213.625,287.215,10.942
05/16/2008,16:28:00,1012.144,180.25,20.762,76.87,0.0,250.375,213.25,298.132,17.672
05/16/2008,16:29:00,1012.182,179.625,20.895,76.857,0.0,249.5,212.0,292.462,11.453
05/16/2008,16:30:00,1012.144,179.625,20.241,76.74,0.0,248.75,210.875,306.046,15.518
05/16/2008,16:31:00,1012.087,181.25,21.524,76.701,0.0,249.125,210.625,305.74,6.056
05/16/2008,16:32:00,1012.048,180.375,20.533,76.792,0.0,247.25,208.125,293.584,13.285
05/16/2008,16:33:00,1012.048,180.5,21.702,76.883,0.0,246.75,207.125,286.559,9.366
05/16/2008,16:34:00,1012.048,182.5,21.906,77.006,0.0,248.625,208.625,302.082,6.944
05/16/2008,16:35:00,1012.048,180.0,20.38,77.194,0.0,249.0,208.875,270.978,13.37
05/16/2008,16:36:00,1012.01,179.375,20.04,76.896,0.0,248.5,206.875,280.058,10.37
05/16/2008,16:37:00,1012.106,179.625,21.122,76.701,0.0,248.25,204.375,316.628,10.011
05/16/2008,16:38:00,1011.972,180.25,20.61,76.475,0.0,247.875,203.125,285.189,7.03
05/16/2008,16:39:00,1011.972,181.125,22.178,76.501,0.0,246.625,201.375,294.575,5.673
05/16/2008,16:40:00,1011.933,180.625,21.167,76.676,0.0,245.5,200.125,271.706,9.737
05/16/2008,16:41:00,1011.933,180.25,22.058,76.766,0.0,245.5,199.625,284.168,8.642
05/16/2008,16:42:00,1011.972,179.75,21.614,76.663,0.0,243.375,197.75,304.982,10.474
05/16/2008,16:43:00,1011.895,179.75,21.588,76.676,0.0,243.625,197.5,305.638,5.235
05/16/2008,16:44:00,1011.895,180.375,21.141,76.883,0.0,242.5,196.125,313.873,7.602
05/16/2008,16:45:00,1011.895,181.5,21.582,76.87,0.0,242.625,195.625,347.586,9.652
05/16/2008,16:46:00,1011.933,179.875,21.06,76.98,0.0,243.125,195.25,282.434,13.011
05/16/2008,16:47:00,1011.857,179.25,21.167,76.805,0.0,242.375,194.125,299.064,9.312
05/16/2008,16:48:00,1011.895,179.25,21.122,76.663,0.0,243.625,194.25,325.912,9.622
05/16/2008,16:49:00,1011.819,180.25,21.148,76.65,0.0,244.25,194.125,297.213,7.516
05/16/2008,16:50:00,1011.857,178.875,20.97,76.637,0.0,243.625,193.0,294.4,11.441
05/16/2008,16:51:00,1011.819,180.0,21.64,76.65,0.0,243.75,192.0,336.232,9.166
05/16/2008,16:52:00,1011.857,178.25,20.856,76.565,0.0,243.125,190.875,301.79,9.725
05/16/2008,16:53:00,1011.857,178.125,21.313,76.3,0.0,243.75,190.625,283.031,13.072
05/16/2008,16:54:00,1011.895,178.625,21.754,76.248,0.0,243.25,189.375,299.152,8.813
05/16/2008,16:55:00,1011.78,179.25,21.932,76.209,0.0,242.125,188.0,291.646,8.831
05/16/2008,16:56:00,1011.78,179.375,21.595,76.235,0.0,241.375,186.75,281.268,9.652
05/16/2008,16:57:00,1011.742,179.75,21.919,76.488,0.0,239.375,184.625,300.93,6.36
05/16/2008,16:58:00,1011.819,178.375,20.928,76.617,0.0,239.375,184.0,268.748,13.656
05/16/2008,16:59:00,1011.819,178.25,21.384,76.526,0.0,239.375,183.25,285.815,12.214
05/16/2008,17:00:00,1011.704,179.875,21.401,76.423,0.0,237.75,181.375,277.945,5.125
05/16/2008,17:01:00,1011.742,180.75,22.077,76.74,0.0,238.625,181.125,332.049,2.746
05/16/2008,17:02:00,1011.665,180.125,21.682,77.077,0.0,237.375,179.625,313.684,6.805
05/16/2008,17:03:00,1011.627,179.5,20.756,77.168,0.0,236.75,178.5,283.746,9.652
05/16/2008,17:04:00,1011.704,180.25,21.708,76.98,0.0,238.375,178.875,283.833,9.512
05/16/2008,17:05:00,1011.704,178.875,21.582,76.941,0.0,237.5,177.625,290.99,10.796
05/16/2008,17:06:00,1011.819,180.375,22.654,76.941,0.0,235.625,175.375,296.383,12.725
05/16/2008,17:07:00,1011.627,178.625,21.407,76.818,0.0,233.75,173.625,322.604,9.275
05/16/2008,17:08:00,1011.665,180.25,22.913,76.896,0.0,233.75,172.625,291.471,6.756
05/16/2008,17:09:00,1011.665,179.125,21.549,76.922,0.0,233.875,172.125,305.944,11.703
05/16/2008,17:10:00,1011.627,179.125,21.2,76.753,0.0,233.125,171.0,287.258,10.358
05/16/2008,17:11:00,1011.627,179.125,21.274,76.74,0.0,232.5,169.875,298.554,14.04
05/16/2008,17:12:00,1011.704,178.25,21.835,76.552,0.0,232.375,169.375,302.563,10.808
05/16/2008,17:13:00,1011.665,178.375,21.64,76.65,0.0,231.625,168.0,283.775,10.857
05/16/2008,17:14:00,1011.704,177.125,20.49,76.591,0.0,231.625,167.5,267.756,17.161
05/16/2008,17:15:00,1011.589,177.625,21.245,76.196,0.0,224.25,162.375,285.582,12.61
05/16/2008,17:16:00,1011.665,178.125,20.957,76.339,0.0,230.75,165.375,279.869,17.015
05/16/2008,17:17:00,1011.704,178.5,20.484,76.326,0.0,230.0,164.125,286.471,17.8
05/16/2008,17:18:00,1011.55,178.25,21.022,76.261,0.0,229.25,162.875,299.414,10.224
05/16/2008,17:19:00,1011.55,177.75,21.708,76.274,0.0,230.625,162.75,254.362,11.49
05/16/2008,17:20:00,1011.531,179.375,21.621,76.3,0.0,230.0,161.25,278.396,5.971
05/16/2008,17:21:00,1011.55,179.625,21.847,76.475,0.0,228.625,159.25,276.575,9.811
05/16/2008,17:22:00,1011.704,179.125,21.958,76.753,0.0,229.625,158.625,320.563,13.735
05/16/2008,17:23:00,1011.627,178.0,21.148,76.526,0.0,228.25,157.0,315.185,18.634
05/16/2008,17:24:00,1011.531,179.25,22.278,76.475,0.0,229.75,156.75,326.51,6.671
05/16/2008,17:25:00,1011.627,177.5,21.562,76.617,0.0,229.5,155.5,318.566,15.111
05/16/2008,17:26:00,1011.455,177.125,20.393,76.423,0.0,230.0,154.75,278.09,16.54
05/16/2008,17:27:00,1011.455,177.75,21.015,76.261,0.0,230.125,153.75,279.694,7.456
05/16/2008,17:28:00,1011.455,177.875,20.73,76.3,0.0,229.0,152.0,313.509,8.691
05/16/2008,17:29:00,1011.416,179.5,20.963,76.397,0.0,229.0,150.875,273.587,11.143
05/16/2008,17:30:00,1011.455,179.0,20.824,76.565,0.0,227.375,149.125,294.007,17.91
05/16/2008,17:31:00,1011.416,179.125,20.889,76.436,0.0,226.5,147.75,288.235,16.169
05/16/2008,17:32:00,1011.34,176.875,20.597,76.358,0.0,225.75,146.625,298.132,17.526
05/16/2008,17:33:00,1011.416,176.0,21.067,76.235,0.0,222.125,144.25,273.951,18.615
05/16/2008,17:34:00,1011.416,178.375,21.575,76.488,0.0,223.25,143.875,322.997,11.831
05/16/2008,17:35:00,1011.455,177.125,20.908,76.539,0.0,222.75,142.875,317.167,7.437
05/16/2008,17:36:00,1011.493,177.75,21.239,76.526,0.0,222.875,142.25,289.634,10.796
05/16/2008,17:37:00,1011.493,177.625,21.226,76.313,0.0,221.625,140.875,296.383,14.161
05/16/2008,17:38:00,1011.416,178.0,20.989,76.222,0.0,221.75,140.125,311.206,12.762
05/16/2008,17:39:00,1011.34,177.375,21.439,76.3,0.0,221.875,139.25,284.985,12.391
05/16/2008,17:40:00,1011.34,177.875,21.268,76.287,0.0,221.625,138.5,287.185,9.038
05/16/2008,17:41:00,1011.34,179.25,22.223,76.449,0.0,221.75,137.5,316.949,6.08
05/16/2008,17:42:00,1011.34,178.5,22.11,76.565,0.0,219.625,135.625,317.138,8.965
05/16/2008,17:43:00,1011.34,177.75,21.42,76.591,0.0,217.875,133.875,310.098,13.772
05/16/2008,17:44:00,1011.416,177.625,21.116,76.565,0.0,218.25,133.375,313.8,15.196
05/16/2008,17:45:00,1011.416,177.75,21.103,76.436,0.0,217.25,132.0,298.846,17.837
05/16/2008,17:46:00,1011.263,178.625,20.915,76.436,0.0,216.875,131.125,301.455,15.111
05/16/2008,17:47:00,1011.34,179.5,22.521,76.604,0.0,217.5,130.625,312.765,5.016
05/16/2008,17:48:00,1011.301,179.375,21.485,76.844,0.0,218.25,130.25,305.828,8.514
05/16/2008,17:49:00,1011.34,178.75,21.546,77.006,0.0,219.125,129.875,317.313,7.48
05/16/2008,17:50:00,1011.378,178.75,21.154,76.993,0.0,219.625,129.25,293.613,14.575
05/16/2008,17:51:00,1011.301,177.375,20.737,76.857,0.0,218.5,128.125,295.566,11.131
05/16/2008,17:52:00,1011.263,178.375,21.401,76.65,0.0,217.25,126.813,326.364,7.103
05/16/2008,17:53:00,1011.263,177.5,20.516,76.578,0.0,217.625,126.313,314.558,10.869
05/16/2008,17:54:00,1011.263,178.5,21.333,76.475,0.0,217.75,125.688,281.428,7.614
05/16/2008,17:55:00,1011.206,177.125,20.439,76.591,0.0,215.75,124.188,298.525,11.082
05/16/2008,17:56:00,1011.301,177.375,21.575,76.526,0.0,215.0,123.375,298.044,7.65
05/16/2008,17:57:00,1011.301,177.5,22.265,76.637,0.0,214.375,122.563,283.396,10.748
05/16/2008,17:58:00,1011.244,176.5,20.837,76.423,0.0,213.5,121.688,294.007,9.871
05/16/2008,17:59:00,1011.263,176.875,21.682,76.339,0.0,214.25,121.438,268.543,6.068
05/16/2008,18:00:00,1011.263,176.625,20.928,76.462,0.0,214.0,120.625,298.671,9.488
05/16/2008,18:01:00,1011.244,176.625,20.471,76.274,0.0,213.125,119.813,289.634,11.965
05/16/2008,18:02:00,1011.263,177.375,21.232,76.235,0.0,212.125,118.625,298.19,7.936
05/16/2008,18:03:00,1011.263,176.875,21.313,76.222,0.0,210.625,117.25,304.414,11.952
05/16/2008,18:04:00,1011.206,178.25,21.472,76.371,0.0,211.25,116.875,272.989,10.93
05/16/2008,18:05:00,1011.244,176.875,21.345,76.501,0.0,211.25,116.188,274.344,9.226
05/16/2008,18:06:00,1011.263,176.625,21.122,76.423,0.0,211.0,115.375,287.229,9.798
05/16/2008,18:07:00,1011.244,177.375,21.073,76.397,0.0,209.75,114.0,294.007,8.028
05/16/2008,18:08:00,1011.244,177.75,21.906,76.449,0.0,208.75,112.813,302.767,5.247
05/16/2008,18:09:00,1011.263,176.875,22.813,76.526,0.0,208.5,111.813,328.23,8.228
05/16/2008,18:10:00,1011.301,176.75,20.28,76.526,0.0,208.5,110.875,303.277,13.37
05/16/2008,18:11:00,1011.167,176.125,21.103,76.222,0.0,207.0,109.563,296.164,7.875
05/16/2008,18:12:00,1011.167,177.125,22.178,76.248,0.0,205.875,108.125,330.606,5.137
05/16/2008,18:13:00,1011.167,176.5,20.516,76.274,0.0,205.375,107.125,296.732,14.958
05/16/2008,18:14:00,1011.167,176.5,21.54,76.092,0.0,203.875,105.813,299.239,9.871
05/16/2008,18:15:00,1011.167,177.125,21.938,76.196,0.0,203.125,104.75,283.483,7.675
05/16/2008,18:16:00,1011.167,177.625,22.158,76.345,0.0,202.625,103.875,264.375,6.671
05/16/2008,18:17:00,1011.167,176.625,21.546,76.397,0.0,201.5,102.625,273.543,6.409
05/16/2008,18:18:00,1011.167,176.625,21.333,76.384,0.0,200.375,101.563,320.971,8.843
05/16/2008,18:19:00,1011.206,177.875,23.052,76.475,0.0,200.625,100.813,276.487,4.413
05/16/2008,18:20:00,1011.129,178.25,22.424,76.617,0.0,202.0,100.5,325.679,9.476
05/16/2008,18:21:00,1011.244,176.5,21.66,76.663,0.0,202.375,99.75,279.213,17.946
05/16/2008,18:22:00,1011.167,175.0,19.882,76.475,0.0,201.375,98.688,290.13,13.747
05/16/2008,18:23:00,1011.167,175.25,20.856,76.183,0.0,200.875,97.75,295.566,8.776
05/16/2008,18:24:00,1011.129,177.25,21.086,76.222,0.0,199.5,96.438,330.766,9.366
05/16/2008,18:25:00,1011.129,176.75,21.268,76.3,0.0,199.75,95.563,302.738,8.417
05/16/2008,18:26:00,1011.052,176.125,21.307,76.358,0.0,198.0,94.125,279.271,8.813
05/16/2008,18:27:00,1011.129,175.5,20.597,76.274,0.0,196.625,92.875,316.074,16.601
05/16/2008,18:28:00,1011.052,176.125,21.18,76.157,0.0,195.75,91.688,336.494,7.389
05/16/2008,18:29:00,1011.052,176.375,21.333,76.248,0.0,195.0,90.563,282.944,9.585
05/16/2008,18:30:00,1011.052,175.375,21.42,76.248,0.0,195.25,89.875,285.32,9.95
05/16/2008,18:31:00,1011.052,176.0,21.708,76.3,0.0,194.75,88.938,311.279,7.437
05/16/2008,18:32:00,1011.091,175.75,21.067,76.313,0.0,194.625,88.0,294.211,13.747
05/16/2008,18:33:00,1011.014,176.0,21.666,76.118,0.0,192.5,86.5,298.496,5.825
05/16/2008,18:34:00,1011.014,176.0,21.371,76.235,0.0,191.5,85.313,301.732,7.504
05/16/2008,18:35:00,1011.014,176.375,20.976,76.274,0.0,190.75,84.25,296.281,8.776
05/16/2008,18:36:00,1010.976,176.625,21.498,76.3,0.0,190.25,83.25,266.94,5.533
05/16/2008,18:37:00,1011.014,176.125,21.42,76.274,0.0,189.5,82.25,320.345,6.695
05/16/2008,18:38:00,1011.014,176.125,21.268,76.339,0.0,186.875,80.563,267.96,13.443
05/16/2008,18:39:00,1010.976,175.375,21.103,76.3,0.0,186.0,79.688,281.982,7.413
05/16/2008,18:40:00,1011.014,175.5,21.478,76.274,0.0,185.125,78.75,312.255,7.778
05/16/2008,18:41:00,1010.976,176.0,21.015,76.222,0.0,183.125,77.5,310.783,8.502
05/16/2008,18:42:00,1010.976,175.625,21.154,76.3,0.0,181.375,76.25,298.904,7.802
05/16/2008,18:43:00,1011.052,176.25,20.775,76.183,0.0,181.375,75.625,283.979,10.967
05/16/2008,18:44:00,1010.976,176.0,21.452,76.047,0.0,181.125,74.813,271.459,7.936
05/16/2008,18:45:00,1011.052,175.875,21.582,76.131,0.0,180.75,74.0,307.314,9.914
05/16/2008,18:46:00,1010.938,176.375,21.867,76.144,0.0,180.25,73.125,296.616,6.409
05/16/2008,18:47:00,1010.938,175.75,22.317,76.066,0.0,178.25,71.75,282.405,6.482
05/16/2008,18:48:00,1010.938,175.75,22.12,76.118,0.0,177.375,70.75,312.197,5.922
05/16/2008,18:49:00,1010.938,176.0,23.386,76.079,0.0,176.125,69.563,283.119,4.614
05/16/2008,18:50:00,1010.976,175.5,21.689,76.066,0.0,174.5,68.313,290.305,16.565
05/16/2008,18:51:00,1010.938,175.75,22.69,75.891,0.0,172.875,67.125,286.034,9.573
05/16/2008,18:52:00,1010.899,175.625,22.33,75.878,0.0,171.375,66.0,273.222,7.492
05/16/2008,18:53:00,1010.899,175.125,21.76,75.982,0.0,170.625,65.063,280.466,10.845
05/16/2008,18:54:00,1010.899,175.5,21.987,76.066,0.0,169.25,64.063,304.559,7.23
05/16/2008,18:55:00,1010.899,175.375,22.424,76.105,0.0,168.25,63.094,282.026,5.435
05/16/2008,18:56:00,1010.899,175.75,21.867,76.196,0.0,166.375,61.75,273.281,9.713
05/16/2008,18:57:00,1010.899,175.75,22.482,76.118,0.0,165.25,60.688,291.777,5.6
05/16/2008,18:58:00,1010.938,175.625,22.43,76.092,0.0,164.375,59.656,277.828,8.344
05/16/2008,18:59:00,1010.899,174.75,21.647,76.021,0.0,163.125,58.594,290.873,8.137
05/16/2008,19:00:00,1010.899,175.375,22.57,75.943,0.0,163.125,57.875,287.841,5.624
05/16/2008,19:01:00,1010.899,175.375,22.686,76.008,0.0,162.5,57.031,316.686,3.932
05/16/2008,19:02:00,1010.899,175.0,21.627,76.021,0.0,162.0,56.125,285.218,12.202
05/16/2008,19:03:00,1010.861,175.125,22.489,75.995,0.0,161.125,55.25,327.545,6.032
05/16/2008,19:04:00,1010.899,175.25,21.828,75.93,0.0,159.0,54.094,302.738,6.555
05/16/2008,19:05:00,1010.861,175.625,22.11,75.943,0.0,158.25,53.188,284.664,6.044
05/16/2008,19:06:00,1010.861,175.625,22.615,75.969,0.0,156.5,52.156,308.815,4.377
05/16/2008,19:07:00,1010.861,175.25,22.045,75.943,0.0,155.625,51.344,311.089,7.65
05/16/2008,19:08:00,1010.861,175.125,22.495,75.865,0.0,154.75,50.531,277.056,6.068
05/16/2008,19:09:00,1010.861,174.75,22.0,75.814,0.0,153.875,49.781,276.91,6.865
05/16/2008,19:10:00,1010.861,175.0,22.66,75.814,0.0,152.25,48.875,285.524,6.902
05/16/2008,19:11:00,1010.784,175.25,22.926,75.788,0.0,148.375,47.344,278.717,4.091
05/16/2008,19:12:00,1010.784,175.0,22.388,75.775,0.0,148.375,46.719,288.41,7.827
05/16/2008,19:13:00,1010.784,174.5,22.139,75.716,0.0,146.625,45.75,277.056,8.94
05/16/2008,19:14:00,1010.746,174.375,22.291,75.703,0.0,144.625,44.75,273.63,9.464
05/16/2008,19:15:00,1010.823,174.625,22.43,75.639,0.0,143.625,44.0,316.161,8.679
05/16/2008,19:16:00,1010.746,174.625,22.278,75.613,0.0,143.125,43.25,290.188,6.792
05/16/2008,19:17:00,1010.746,174.625,22.826,75.561,0.0,141.875,42.406,285.786,10.06
05/16/2008,19:18:00,1010.746,174.875,22.868,75.522,0.0,141.25,41.563,273.776,3.409
05/16/2008,19:19:00,1010.746,174.625,22.641,75.509,0.0,140.0,40.656,288.468,7.638
05/16/2008,19:20:00,1010.746,174.125,22.071,75.405,0.0,138.125,39.656,313.086,8.94
05/16/2008,19:21:00,1010.746,174.625,22.563,75.353,0.0,136.375,38.688,298.788,7.164
05/16/2008,19:22:00,1010.746,174.75,23.104,75.392,0.0,134.75,37.719,276.035,6.555
05/16/2008,19:23:00,1010.746,174.875,22.715,75.418,0.0,133.375,36.781,283.09,9.001
05/16/2008,19:24:00,1010.784,174.375,22.709,75.353,0.0,126.938,34.969,301.528,5.837
05/16/2008,19:25:00,1010.784,174.5,22.362,75.34,0.0,130.625,34.969,291.893,8.003
05/16/2008,19:26:00,1010.746,174.5,22.988,75.327,0.0,128.75,34.094,274.519,5.837
05/16/2008,19:27:00,1010.746,174.375,23.409,75.314,0.0,125.5,32.938,300.988,4.413
05/16/2008,19:28:00,1010.746,174.25,22.489,75.276,0.0,113.313,30.375,282.973,6.172
05/16/2008,19:29:00,1010.746,174.25,22.874,75.25,0.0,123.563,31.547,262.043,8.393
05/16/2008,19:30:00,1010.784,174.125,23.331,75.224,0.0,118.0,30.266,304.443,4.255
05/16/2008,19:31:00,1010.784,174.5,23.344,75.211,0.0,110.313,28.594,304.559,7.425
05/16/2008,19:32:00,1010.784,174.5,23.486,75.165,0.0,116.813,29.109,309.938,4.437
05/16/2008,19:33:00,1010.746,173.75,23.305,75.127,0.0,100.188,26.156,291.267,5.807
05/16/2008,19:34:00,1010.746,173.625,23.237,75.036,0.0,112.688,27.453,280.831,9.166
05/16/2008,19:35:00,1010.708,173.75,24.413,74.958,0.0,110.438,26.828,297.272,3.111
05/16/2008,19:36:00,1010.746,174.0,23.179,74.919,0.0,107.625,26.125,263.938,6.482
05/16/2008,19:37:00,1010.708,173.75,23.185,74.835,0.0,104.938,25.359,305.245,6.981
05/16/2008,19:38:00,1010.746,173.625,23.58,74.783,0.0,102.938,24.609,261.227,6.981
05/16/2008,19:39:00,1010.746,173.625,23.344,74.757,0.0,101.563,23.953,262.903,8.527
05/16/2008,19:40:00,1010.708,173.125,23.81,74.692,0.0,69.625,19.125,293.234,5.314
05/16/2008,19:41:00,1010.708,173.375,23.697,74.653,0.0,98.188,22.484,290.334,7.888
05/16/2008,19:42:00,1010.708,173.625,23.386,74.64,0.0,96.063,21.844,289.518,6.433
05/16/2008,19:43:00,1010.746,173.5,23.745,74.595,0.0,93.25,21.109,297.476,6.172
05/16/2008,19:44:00,1010.708,173.375,23.324,74.543,0.0,91.188,20.375,287.637,6.007
05/16/2008,19:45:00,1010.708,173.25,24.341,74.504,0.0,88.188,19.625,303.787,3.342
05/16/2008,19:46:00,1010.708,173.125,24.15,74.453,0.0,88.063,19.188,301.338,6.494
05/16/2008,19:47:00,1010.708,173.125,23.83,74.44,0.0,85.938,18.641,283.95,5.825
05/16/2008,19:48:00,1010.708,173.25,23.998,74.414,0.0,83.25,17.938,265.366,5.101
05/16/2008,19:49:00,1010.746,173.125,24.121,74.362,0.0,78.938,17.078,266.503,4.577
05/16/2008,19:50:00,1010.746,172.875,24.798,74.31,0.0,67.5,15.313,263.909,2.046
05/16/2008,19:51:00,1010.746,173.125,23.23,74.239,0.0,62.969,14.305,277.974,5.235
05/16/2008,19:52:00,1010.708,172.375,23.532,74.2,0.0,56.688,13.172,267.756,6.841
05/16/2008,19:53:00,1010.746,172.5,23.46,74.161,0.0,58.313,13.141,295.071,5.685
05/16/2008,19:54:00,1010.746,172.625,23.975,74.135,0.0,64.688,13.492,294.182,5.661
05/16/2008,19:55:00,1010.746,172.25,23.823,74.057,0.0,40.0,10.57,302.898,4.565
05/16/2008,19:56:00,1010.746,172.25,24.241,74.031,0.0,48.5,11.055,273.543,1.76
05/16/2008,19:57:00,1010.746,172.125,24.235,73.999,0.0,48.625,10.758,251.986,4.34
05/16/2008,19:58:00,1010.746,171.875,24.15,73.908,0.0,44.719,10.055,255.673,4.34
05/16/2008,19:59:00,1010.746,172.0,24.393,73.83,0.0,52.094,10.438,291.806,2.509
05/16/2008,20:00:00,1010.784,171.875,24.315,73.785,0.0,53.094,10.219,275.03,3.932
05/16/2008,20:01:00,1010.746,171.875,24.374,73.714,0.0,46.031,9.242,291.267,3.719
05/16/2008,20:02:00,1010.784,171.75,24.581,73.649,0.0,37.5,8.078,298.044,6.147
05/16/2008,20:03:00,1010.784,171.5,24.607,73.571,0.0,35.094,7.344,273.834,3.111
05/16/2008,20:04:00,1010.784,171.375,24.672,73.493,0.0,40.813,7.344,269.345,4.565
05/16/2008,20:05:00,1010.746,171.375,24.746,73.422,0.0,33.938,6.504,272.829,5.125
05/16/2008,20:06:00,1010.784,171.25,24.711,73.37,0.0,27.859,5.395,272.391,4.626
05/16/2008,20:07:00,1010.784,171.125,25.122,73.331,0.0,28.297,4.578,279.898,3.294
05/16/2008,20:08:00,1010.784,171.0,25.206,73.254,0.0,21.375,3.875,269.433,4.042
05/16/2008,20:09:00,1010.784,170.75,25.005,73.215,0.0,8.602,3.414,282.74,4.042
05/16/2008,20:10:00,1010.823,170.625,25.174,73.117,0.0,3.984,3.252,279.956,4.218
05/16/2008,20:11:00,1010.823,170.5,25.226,73.053,0.0,3.289,2.574,249.012,2.6
05/16/2008,20:12:00,1010.784,170.625,25.145,72.923,0.0,3.258,2.574,280.525,3.397
05/16/2008,20:13:00,1010.746,170.625,24.937,72.813,0.0,2.877,2.494,279.009,3.543
05/16/2008,20:14:00,1010.784,170.25,25.226,72.761,0.0,3.479,2.305,287.885,3.646
05/16/2008,20:15:00,1010.746,170.25,25.051,72.735,0.0,3.922,2.113,264.477,4.961
05/16/2008,20:16:00,1010.746,170.375,24.996,72.683,0.0,2.594,1.951,268.689,5.125
05/16/2008,20:17:00,1010.746,170.25,25.226,72.605,0.0,2.213,1.653,296.587,2.898
05/16/2008,20:18:00,1010.784,170.25,25.226,72.56,0.0,1.645,1.355,272.202,4.005
05/16/2008,20:19:00,1010.746,170.125,25.459,72.508,0.0,0.886,1.139,263.282,2.283
05/16/2008,20:20:00,1010.746,169.625,25.75,72.43,0.0,0.696,0.813,265.57,2.192
05/16/2008,20:21:00,1010.746,170.0,24.918,72.34,0.0,0.696,0.488,271.546,6.458
05/16/2008,20:22:00,1010.746,169.875,25.378,72.353,0.0,0.633,0.38,263.092,4.066
05/16/2008,20:23:00,1010.746,169.625,25.498,72.255,0.0,0.601,0.19,261.824,5.326
05/16/2008,20:24:00,1010.784,169.875,25.721,72.23,0.0,0.57,0.163,277.945,3.646
05/16/2008,20:25:00,1010.784,169.375,25.731,72.119,0.0,0.57,0.163,256.096,4.723
05/16/2008,20:26:00,1010.784,169.25,25.579,71.97,0.0,0.538,0.163,258.763,6.33
05/16/2008,20:27:00,1010.784,169.25,26.107,71.918,0.0,0.538,0.163,253.735,4.936
05/16/2008,20:28:00,1010.746,169.125,26.443,71.841,0.0,0.538,0.163,261.897,5.338
05/16/2008,20:29:00,1010.746,169.125,26.57,71.64,0.0,0.538,0.163,246.928,4.018
05/16/2008,20:30:00,1010.746,169.125,26.466,71.51,0.0,0.506,0.163,286.5,6.506
05/16/2008,20:31:00,1010.708,169.125,26.644,71.497,0.0,0.57,0.163,268.806,3.993
05/16/2008,20:32:00,1010.708,168.875,26.657,71.536,0.0,0.506,0.163,235.778,6.354
05/16/2008,20:33:00,1010.746,169.5,26.252,71.562,0.0,0.57,0.163,261.241,6.446
05/16/2008,20:34:00,1010.708,169.125,26.505,71.627,0.0,0.506,0.163,268.223,5.849
05/16/2008,20:35:00,1010.708,168.875,26.677,71.562,0.0,0.538,0.163,275.919,6.257
05/16/2008,20:36:00,1010.708,168.875,26.67,71.497,0.0,0.538,0.163,264.652,4.34
05/16/2008,20:37:00,1010.708,168.75,26.57,71.484,0.0,0.57,0.163,273.018,5.545
05/16/2008,20:38:00,1010.708,168.625,26.531,71.458,0.0,0.538,0.163,256.023,6.373
05/16/2008,20:39:00,1010.708,168.375,27.124,71.374,0.0,0.538,0.163,249.1,3.981
05/16/2008,20:40:00,1010.669,168.25,27.276,71.141,0.0,0.506,0.163,284.227,4.79
05/16/2008,20:41:00,1010.669,168.125,27.554,70.966,0.0,0.506,0.163,257.597,3.555
05/16/2008,20:42:00,1010.669,168.25,27.681,70.817,0.0,0.538,0.163,257.524,3.671
05/16/2008,20:43:00,1010.669,168.125,27.953,70.726,0.0,0.538,0.163,253.502,4.529
05/16/2008,20:44:00,1010.669,167.625,28.163,70.564,0.0,0.538,0.163,242.191,3.732
05/16/2008,20:45:00,1010.669,167.875,28.017,70.467,0.0,0.538,0.163,253.647,4.03
05/16/2008,20:46:00,1010.669,167.625,28.053,70.415,0.0,0.506,0.163,262.509,4.663
05/16/2008,20:47:00,1010.669,167.875,28.435,70.311,0.0,0.538,0.163,259.798,3.981
05/16/2008,20:48:00,1010.669,167.625,28.225,70.233,0.0,0.538,0.163,257.976,4.626
05/16/2008,20:49:00,1010.669,167.75,28.325,70.149,0.0,0.538,0.163,263.34,4.602
05/16/2008,20:50:00,1010.669,167.625,28.497,70.097,0.0,0.506,0.163,259.055,4.699
05/16/2008,20:51:00,1010.669,167.375,28.338,70.02,0.0,0.506,0.163,257.524,3.878
05/16/2008,20:52:00,1010.669,167.5,28.902,69.922,0.0,0.601,0.163,254.726,3.707
05/16/2008,20:53:00,1010.669,167.375,28.97,69.819,0.0,0.506,0.163,253.677,3.92
05/16/2008,20:54:00,1010.669,167.375,28.989,69.728,0.0,0.443,0.163,255.222,5.271
05/16/2008,20:55:00,1010.669,167.375,28.944,69.741,0.0,0.538,0.163,250.237,4.194
05/16/2008,20:56:00,1010.669,167.125,28.983,69.702,0.0,0.538,0.163,247.074,4.949
05/16/2008,20:57:00,1010.669,167.125,29.307,69.676,0.0,0.506,0.163,256.563,5.028
05/16/2008,20:58:00,1010.631,167.125,29.235,69.579,0.0,0.443,0.163,263.807,4.304
05/16/2008,20:59:00,1010.669,167.125,29.627,69.501,0.0,0.538,0.163,260.163,3.628
05/16/2008,21:00:00,1010.631,167.125,29.527,69.384,0.0,0.506,0.163,252.656,4.389
05/16/2008,21:01:00,1010.631,166.75,29.634,69.313,0.0,0.506,0.163,248.415,4.815
05/16/2008,21:02:00,1010.593,166.875,29.799,69.274,0.0,0.506,0.163,241.317,4.723
05/16/2008,21:03:00,1010.593,166.875,29.983,69.158,0.0,0.506,0.163,250.135,4.151
05/16/2008,21:04:00,1010.593,166.75,29.857,69.08,0.0,0.538,0.163,252.933,4.638
05/16/2008,21:05:00,1010.593,166.875,30.256,69.002,0.0,0.538,0.163,264.404,4.328
05/16/2008,21:06:00,1010.631,166.875,30.142,68.937,0.0,0.506,0.163,250.047,5.551
05/16/2008,21:07:00,1010.631,166.875,30.097,68.898,0.0,0.506,0.163,248.05,5.46
05/16/2008,21:08:00,1010.593,167.0,30.281,68.847,0.0,0.57,0.163,249.479,4.389
05/16/2008,21:09:00,1010.554,166.875,30.097,68.821,0.0,0.538,0.163,231.784,4.73
05/16/2008,21:10:00,1010.554,166.625,30.375,68.782,0.0,0.506,0.163,237.789,5.314
05/16/2008,21:11:00,1010.554,166.5,30.188,68.697,0.0,0.506,0.163,242.818,5.186
05/16/2008,21:12:00,1010.554,166.375,30.78,68.62,0.0,0.57,0.163,236.58,4.626
05/16/2008,21:13:00,1010.516,166.5,30.576,68.62,0.0,0.538,0.136,241.492,4.949
05/16/2008,21:14:00,1010.516,166.625,30.868,68.542,0.0,0.57,0.163,248.298,4.151
05/16/2008,21:15:00,1010.516,166.375,31.081,68.471,0.0,0.57,0.163,243.984,5.113
05/16/2008,21:16:00,1010.554,166.375,31.068,68.393,0.0,0.538,0.163,250.135,4.663
05/16/2008,21:17:00,1010.554,166.375,31.185,68.302,0.0,0.538,0.163,246.462,4.553
05/16/2008,21:18:00,1010.516,166.375,31.211,68.25,0.0,0.538,0.163,238.27,4.413
05/16/2008,21:19:00,1010.516,166.375,31.234,68.237,0.0,0.538,0.163,240.544,4.231
05/16/2008,21:20:00,1010.554,166.375,31.57,68.179,0.0,0.538,0.163,260.075,3.744
05/16/2008,21:21:00,1010.516,166.375,31.512,68.075,0.0,0.538,0.163,251.49,4.699
05/16/2008,21:22:00,1010.478,166.5,31.311,68.049,0.0,0.57,0.163,252.627,5.302
05/16/2008,21:23:00,1010.516,166.25,31.457,68.075,0.0,0.538,0.163,235.661,4.042
05/16/2008,21:24:00,1010.516,166.125,31.596,68.049,0.0,0.538,0.163,240.719,4.139
05/16/2008,21:25:00,1010.516,166.25,31.83,68.023,0.0,0.506,0.163,246.578,3.957
05/16/2008,21:26:00,1010.478,166.0,32.102,67.959,0.0,0.538,0.163,243.59,2.782
05/16/2008,21:27:00,1010.478,165.875,32.273,67.758,0.0,0.538,0.163,240.719,4.078
05/16/2008,21:28:00,1010.439,165.625,32.383,67.628,0.0,0.538,0.163,248.502,4.279
05/16/2008,21:29:00,1010.439,165.75,32.746,67.583,0.0,0.538,0.163,238.576,4.425
05/16/2008,21:30:00,1010.401,165.875,33.057,67.453,0.0,0.538,0.163,240.602,4.723
05/16/2008,21:31:00,1010.382,165.375,33.773,67.233,0.0,0.506,0.163,240.486,4.742
05/16/2008,21:32:00,1010.382,165.375,34.175,67.006,0.0,0.506,0.163,233.271,6.147
05/16/2008,21:33:00,1010.382,165.125,34.599,66.812,0.0,0.443,0.163,244.786,5.551
05/16/2008,21:34:00,1010.382,165.375,34.537,66.675,0.0,0.506,0.163,242.308,6.768
05/16/2008,21:35:00,1010.382,165.375,34.991,66.598,0.0,0.506,0.163,242.41,5.697
05/16/2008,21:36:00,1010.382,165.25,35.156,66.41,0.0,0.506,0.163,240.034,6.233
05/16/2008,21:37:00,1010.344,165.125,34.871,66.345,0.0,0.506,0.163,238.066,6.056
05/16/2008,21:38:00,1010.344,165.125,34.683,66.436,0.0,0.443,0.136,240.326,5.101
05/16/2008,21:39:00,1010.305,165.5,35.227,66.494,0.0,0.506,0.136,241.958,4.985
05/16/2008,21:40:00,1010.305,165.5,34.851,66.449,0.0,0.538,0.163,230.706,5.697
05/16/2008,21:41:00,1010.305,165.625,35.486,66.371,0.0,0.57,0.163,243.78,5.399
05/16/2008,21:42:00,1010.267,165.5,34.699,66.397,0.0,0.506,0.163,234.583,6.707
05/16/2008,21:43:00,1010.267,165.375,34.725,66.41,0.0,0.506,0.163,233.154,7.176
05/16/2008,21:44:00,1010.267,165.25,34.693,66.481,0.0,0.506,0.163,242.643,7.541
05/16/2008,21:45:00,1010.229,165.125,35.506,66.436,0.0,0.538,0.163,237.44,5.837
05/16/2008,21:46:00,1010.229,165.125,34.625,66.371,0.0,0.538,0.163,244.552,7.206
05/16/2008,21:47:00,1010.152,165.25,35.392,66.397,0.0,0.57,0.163,229.54,6.093
05/16/2008,21:48:00,1010.152,165.25,35.149,66.293,0.0,0.57,0.163,242.41,6.768
05/16/2008,21:49:00,1010.114,164.875,35.247,66.241,0.0,0.506,0.163,235.122,8.168
05/16/2008,21:50:00,1010.075,165.125,35.48,66.163,0.0,0.538,0.163,235.239,6.093
05/16/2008,21:51:00,1010.037,165.25,35.493,65.963,0.0,0.57,0.163,238.693,6.768
05/16/2008,21:52:00,1009.999,165.25,35.499,65.988,0.0,0.57,0.136,238.329,7.316
05/16/2008,21:53:00,1009.999,165.375,35.988,65.988,0.0,0.538,0.163,236.084,6.068
05/16/2008,21:54:00,1010.037,164.75,35.765,65.839,0.0,0.506,0.163,243.211,5.995
05/16/2008,21:55:00,1010.037,164.875,36.001,65.781,0.0,0.443,0.163,241.346,5.387
05/16/2008,21:56:00,1010.075,164.5,35.626,65.839,0.0,0.506,0.136,246.549,5.794
05/16/2008,21:57:00,1010.114,164.5,35.7,65.885,0.0,0.443,0.163,245.835,4.663
05/16/2008,21:58:00,1010.114,164.875,35.493,65.898,0.0,0.538,0.163,255.615,4.504
05/16/2008,21:59:00,1010.075,164.875,35.486,65.924,0.0,0.538,0.163,247.016,5.472
05/16/2008,22:00:00,1010.114,164.625,35.454,65.963,0.0,0.538,0.163,242.555,5.137
05/16/2008,22:01:00,1010.152,164.625,35.269,66.014,0.0,0.57,0.163,249.756,5.21
05/16/2008,22:02:00,1010.19,164.5,35.58,66.001,0.0,0.443,0.163,246.068,6.458
05/16/2008,22:03:00,1010.19,164.5,35.538,65.911,0.0,0.443,0.163,243.692,4.851
05/16/2008,22:04:00,1010.229,164.625,35.36,65.911,0.0,0.538,0.163,254.536,7.65
05/16/2008,22:05:00,1010.267,164.5,35.933,65.872,0.0,0.506,0.163,245.267,5.016
05/16/2008,22:06:00,1010.229,164.5,35.308,65.872,0.0,0.57,0.136,235.865,4.79
05/16/2008,22:07:00,1010.229,164.375,35.92,65.885,0.0,0.506,0.136,247.045,5.125
05/16/2008,22:08:00,1010.229,164.625,36.04,65.865,0.0,0.506,0.163,261.358,5.052
05/16/2008,22:09:00,1010.229,164.625,35.865,65.826,0.0,0.601,0.163,239.466,6.908
05/16/2008,22:10:00,1010.229,164.25,35.561,65.768,0.0,0.443,0.163,235.865,7.054
05/16/2008,22:11:00,1010.19,164.375,35.587,65.781,0.0,0.538,0.163,240.573,7.018
05/16/2008,22:12:00,1010.19,164.625,35.797,65.839,0.0,0.57,0.163,236.303,6.817
05/16/2008,22:13:00,1010.19,164.5,35.765,65.729,0.0,0.57,0.163,244.64,7.279
05/16/2008,22:14:00,1010.19,164.5,35.839,65.826,0.0,0.506,0.163,236.9,6.318
05/16/2008,22:15:00,1010.229,164.375,35.804,65.781,0.0,0.538,0.163,246.87,5.898
05/16/2008,22:16:00,1010.229,164.5,35.817,65.813,0.0,0.506,0.163,249.362,5.052
05/16/2008,22:17:00,1010.229,164.625,35.69,65.872,0.0,0.538,0.163,248.794,6.433
05/16/2008,22:18:00,1010.229,164.875,35.545,65.937,0.0,0.506,0.136,243.27,6.458
05/16/2008,22:19:00,1010.267,164.5,35.651,65.898,0.0,0.538,0.136,242.366,6.908
05/16/2008,22:20:00,1010.229,164.75,35.784,65.781,0.0,0.506,0.136,241.987,5.563
05/16/2008,22:21:00,1010.229,164.625,35.878,65.729,0.0,0.506,0.163,250.893,6.257
05/16/2008,22:22:00,1010.229,164.5,36.273,65.703,0.0,0.506,0.163,244.101,6.616
05/16/2008,22:23:00,1010.229,164.5,36.231,65.6,0.0,0.506,0.163,245.15,6.306
05/16/2008,22:24:00,1010.229,164.625,35.979,65.677,0.0,0.506,0.163,254.128,7.936
05/16/2008,22:25:00,1010.229,164.5,36.27,65.742,0.0,0.538,0.136,247.278,7.23
05/16/2008,22:26:00,1010.229,164.625,35.878,65.716,0.0,0.506,0.136,240.836,5.837
05/16/2008,22:27:00,1010.267,164.375,36.257,65.677,0.0,0.506,0.163,245.5,5.874
05/16/2008,22:28:00,1010.267,164.5,36.079,65.638,0.0,0.538,0.163,242.701,8.076
05/16/2008,22:29:00,1010.305,165.0,35.972,65.664,0.0,0.506,0.163,243.415,8.113
05/16/2008,22:30:00,1010.229,164.875,36.118,65.677,0.0,0.538,0.136,261.926,6.604
05/16/2008,22:31:00,1010.229,164.625,36.788,65.554,0.0,0.538,0.136,261.27,6.433
05/16/2008,22:32:00,1010.229,164.875,36.814,65.489,0.0,0.538,0.136,249.1,4.492
05/16/2008,22:33:00,1010.229,164.875,36.827,65.502,0.0,0.506,0.163,249.304,6.208
05/16/2008,22:34:00,1010.229,165.375,36.782,65.554,0.0,0.57,0.163,242.526,7.663
05/16/2008,22:35:00,1010.229,165.25,36.617,65.651,0.0,0.57,0.163,254.726,6.196
05/16/2008,22:36:00,1010.229,165.0,36.827,65.613,0.0,0.538,0.136,244.975,6.099
05/16/2008,22:37:00,1010.229,165.125,36.597,65.489,0.0,0.443,0.163,240.515,7.255
05/16/2008,22:38:00,1010.19,164.625,37.187,65.476,0.0,0.506,0.163,246.52,4.103
05/16/2008,22:39:00,1010.19,164.75,36.701,65.425,0.0,0.506,0.163,245.952,6.756
05/16/2008,22:40:00,1010.19,165.125,36.536,65.554,0.0,0.601,0.163,247.453,6.628
05/16/2008,22:41:00,1010.19,165.25,36.675,65.541,0.0,0.57,0.163,250.557,6.044
05/16/2008,22:42:00,1010.19,165.25,36.717,65.528,0.0,0.506,0.163,246.214,4.936
05/16/2008,22:43:00,1010.19,165.0,36.821,65.489,0.0,0.538,0.163,256.927,5.362
05/16/2008,22:44:00,1010.19,165.25,36.762,65.36,0.0,0.506,0.163,253.531,6.482
05/16/2008,22:45:00,1010.19,165.375,37.161,65.412,0.0,0.57,0.136,255.222,5.052
05/16/2008,22:46:00,1010.152,165.0,37.167,65.399,0.0,0.443,0.163,259.084,4.176
05/16/2008,22:47:00,1010.114,165.0,36.795,65.451,0.0,0.538,0.163,233.606,7.875
05/16/2008,22:48:00,1010.114,165.0,36.782,65.554,0.0,0.538,0.136,263.909,5.533
05/16/2008,22:49:00,1010.114,165.0,37.2,65.502,0.0,0.538,0.163,248.415,6.08
05/16/2008,22:50:00,1010.114,165.125,36.675,65.386,0.0,0.506,0.163,249.989,7.304
05/16/2008,22:51:00,1010.114,165.0,37.161,65.373,0.0,0.538,0.136,250.266,5.959
05/16/2008,22:52:00,1010.114,165.125,36.953,65.373,0.0,0.443,0.163,255.644,6.89
05/16/2008,22:53:00,1010.075,165.25,36.756,65.6,0.0,0.601,0.163,245.121,6.172
05/16/2008,22:54:00,1010.075,165.0,36.902,65.502,0.0,0.506,0.163,242.555,5.46
05/16/2008,22:55:00,1010.152,165.125,37.106,65.412,0.0,0.506,0.163,246.491,6.111
05/16/2008,22:56:00,1010.114,165.5,36.814,65.321,0.0,0.538,0.163,253.735,7.985
05/16/2008,22:57:00,1010.114,165.125,37.251,65.36,0.0,0.538,0.163,248.619,5.588
05/16/2008,22:58:00,1010.152,165.25,37.232,65.295,0.0,0.506,0.163,251.869,8.192
05/16/2008,22:59:00,1010.114,165.5,37.106,65.425,0.0,0.538,0.163,249.362,7.03
05/16/2008,23:00:00,1010.075,165.625,36.701,65.502,0.0,0.57,0.163,245.587,8.441
05/16/2008,23:01:00,1010.075,165.375,36.701,65.638,0.0,0.506,0.163,247.54,6.02
05/16/2008,23:02:00,1010.075,165.5,36.782,65.528,0.0,0.57,0.163,242.308,7.377
05/16/2008,23:03:00,1010.075,165.125,36.979,65.386,0.0,0.538,0.163,246.316,7.985
05/16/2008,23:04:00,1010.037,164.875,37.498,65.373,0.0,0.506,0.163,245.033,5.947
05/16/2008,23:05:00,1010.037,165.0,37.232,65.276,0.0,0.506,0.136,242.366,6.123
05/16/2008,23:06:00,1009.999,165.25,37.53,65.276,0.0,0.57,0.163,241.01,7.413
05/16/2008,23:07:00,1009.999,164.75,37.3,65.321,0.0,0.538,0.163,246.068,6.458
05/16/2008,23:08:00,1010.037,164.875,37.721,65.263,0.0,0.538,0.163,255.469,5.874
05/16/2008,23:09:00,1010.037,165.0,37.326,65.172,0.0,0.506,0.163,244.64,6.756
05/16/2008,23:10:00,1009.999,164.75,37.472,65.412,0.0,0.506,0.163,251.724,5.387
05/16/2008,23:11:00,1010.037,164.625,37.358,65.321,0.0,0.57,0.163,239.917,7.961
05/16/2008,23:12:00,1010.037,164.625,37.119,65.308,0.0,0.506,0.163,241.04,9.287
05/16/2008,23:13:00,1009.999,164.5,37.365,65.321,0.0,0.506,0.136,252.933,6.829
05/16/2008,23:14:00,1009.999,164.5,37.06,65.263,0.0,0.506,0.163,235.574,8.557
05/16/2008,23:15:00,1009.96,165.0,36.953,65.295,0.0,0.506,0.163,257.073,10.097
05/16/2008,23:16:00,1009.96,164.75,37.284,65.373,0.0,0.538,0.136,256.679,7.103
05/16/2008,23:17:00,1009.922,165.0,37.575,65.373,0.0,0.538,0.136,253.137,6.865
05/16/2008,23:18:00,1009.922,165.625,36.61,65.36,0.0,0.538,0.163,255.105,10.37
05/16/2008,23:19:00,1009.884,165.625,36.523,65.651,0.0,0.57,0.163,249.421,8.028
05/16/2008,23:20:00,1009.884,165.125,36.562,65.626,0.0,0.506,0.136,260.818,8.8
05/16/2008,23:21:00,1009.922,165.0,37.028,65.677,0.0,0.538,0.163,243.503,7.553
05/16/2008,23:22:00,1009.884,165.0,37.213,65.528,0.0,0.538,0.163,251.009,6.184
05/16/2008,23:23:00,1009.884,165.25,36.979,65.451,0.0,0.57,0.163,242.41,9.348
05/16/2008,23:24:00,1009.884,165.0,37.167,65.321,0.0,0.538,0.136,252.656,9.086
05/16/2008,23:25:00,1009.884,165.0,37.287,65.373,0.0,0.506,0.163,249.756,8.539
05/16/2008,23:26:00,1009.884,166.0,36.409,65.347,0.0,0.57,0.163,246.243,13.863
05/16/2008,23:27:00,1009.884,165.125,37.18,65.464,0.0,0.57,0.163,265.687,5.697
05/16/2008,23:28:00,1009.846,165.125,37.193,65.373,0.0,0.538,0.163,244.96,7.267
05/16/2008,23:29:00,1009.846,165.75,36.889,65.425,0.0,0.633,0.136,242.614,8.545
05/16/2008,23:30:00,1009.807,165.0,36.876,65.425,0.0,0.538,0.136,247.249,9.537
05/16/2008,23:31:00,1009.807,165.25,36.711,65.438,0.0,0.443,0.163,263.909,9.366
05/16/2008,23:32:00,1009.769,165.25,36.795,65.451,0.0,0.538,0.163,233.839,11.879
05/16/2008,23:33:00,1009.692,165.75,36.795,65.399,0.0,0.601,0.136,256.752,12.013
05/16/2008,23:34:00,1009.692,166.25,37.423,65.399,0.0,0.57,0.163,241.9,7.553
05/16/2008,23:35:00,1009.692,165.875,37.319,65.399,0.0,0.57,0.163,239.888,10.084
05/16/2008,23:36:00,1009.654,165.875,37.358,65.438,0.0,0.506,0.163,248.298,5.697
05/16/2008,23:37:00,1009.616,165.75,37.041,65.211,0.0,0.443,0.163,234.0,10.121
05/16/2008,23:38:00,1009.616,165.5,37.284,65.276,0.0,0.538,0.163,253.997,5.819
05/16/2008,23:39:00,1009.616,165.625,37.093,65.198,0.0,0.57,0.163,263.282,5.435
05/16/2008,23:40:00,1009.616,165.625,36.63,65.386,0.0,0.538,0.136,248.502,11.368
05/16/2008,23:41:00,1009.577,165.375,36.549,65.476,0.0,0.538,0.163,259.142,7.194
05/16/2008,23:42:00,1009.539,165.375,36.066,65.587,0.0,0.506,0.163,270.744,9.823
05/16/2008,23:43:00,1009.577,165.875,35.872,65.677,0.0,0.601,0.163,245.471,11.752
05/16/2008,23:44:00,1009.539,165.625,36.529,65.729,0.0,0.57,0.136,252.685,10.273
05/16/2008,23:45:00,1009.539,165.375,35.972,65.651,0.0,0.506,0.163,250.106,11.094
05/16/2008,23:46:00,1009.539,165.875,36.675,65.515,0.0,0.57,0.163,256.679,8.216
05/16/2008,23:47:00,1009.539,165.625,36.915,65.347,0.0,0.57,0.136,244.101,9.026
05/16/2008,23:48:00,1009.539,165.875,36.694,65.399,0.0,0.601,0.163,251.009,7.194
05/16/2008,23:49:00,1009.539,166.0,37.119,65.438,0.0,0.601,0.136,235.399,9.622
05/16/2008,23:50:00,1009.52,165.875,36.098,65.36,0.0,0.57,0.163,265.002,14.326
05/16/2008,23:51:00,1009.52,165.375,36.834,65.476,0.0,0.57,0.136,257.043,9.299
05/16/2008,23:52:00,1009.482,165.625,37.2,65.373,0.0,0.506,0.136,257.656,10.285
05/16/2008,23:53:00,1009.52,165.5,37.167,65.347,0.0,0.538,0.163,249.639,11.046
05/16/2008,23:54:00,1009.52,165.875,36.814,65.476,0.0,0.601,0.163,250.135,8.466
05/16/2008,23:55:00,1009.482,165.875,36.61,65.399,0.0,0.506,0.163,235.938,9.226
05/16/2008,23:56:00,1009.539,165.625,36.128,65.399,0.0,0.538,0.163,245.864,12.628
05/16/2008,23:57:00,1009.443,165.75,36.179,65.69,0.0,0.57,0.163,251.359,8.253
05/16/2008,23:58:00,1009.482,166.125,36.098,65.703,0.0,0.633,0.136,260.731,8.855
05/16/2008,23:59:00,1009.443,166.375,36.205,65.781,0.0,0.538,0.136,236.157,9.938
