DATE,TIME,BAR-PRES,IR-RADIA,OA-HUMD,OA-TEMP,SOL-ALM,SOL-BEAM,SOL-HORZ,WIND-DIR,WIND-VEL
08/26/2007,00:00:00,1018.35,109.375,81.235,66.533,0.0,0.222,0.136,135.892,1.182
08/26/2007,00:01:00,1018.35,109.313,80.849,66.507,0.0,0.222,0.163,138.749,1.383
08/26/2007,00:02:00,1018.312,109.625,80.895,66.423,0.0,0.222,0.163,119.174,1.024
08/26/2007,00:03:00,1018.312,109.625,80.493,66.397,0.0,0.253,0.136,134.96,1.334
08/26/2007,00:04:00,1018.312,109.625,80.309,66.371,0.0,0.253,0.163,166.836,1.693
08/26/2007,00:05:00,1018.35,109.75,80.37,66.345,0.0,0.253,0.163,128.852,0.501
08/26/2007,00:06:00,1018.35,109.625,80.849,66.41,0.0,0.222,0.163,154.782,1.547
08/26/2007,00:07:00,1018.35,109.5,81.902,66.397,0.0,0.19,0.136,125.267,0.939
08/26/2007,00:08:00,1018.35,109.438,81.643,66.332,0.0,0.19,0.163,130.718,1.261
08/26/2007,00:09:00,1018.35,109.563,81.818,66.319,0.0,0.19,0.163,138.516,0.61
08/26/2007,00:10:00,1018.35,109.438,81.546,66.345,0.0,0.222,0.163,136.752,-0.187
08/26/2007,00:11:00,1018.35,109.375,81.267,66.241,0.0,0.19,0.136,136.927,0.537
08/26/2007,00:12:00,1018.388,109.375,81.028,66.163,0.0,0.222,0.163,137.102,-0.187
08/26/2007,00:13:00,1018.388,109.375,81.109,66.144,0.0,0.222,0.136,120.034,0.653
08/26/2007,00:14:00,1018.427,109.313,81.102,66.131,0.0,0.222,0.163,128.459,-0.187
08/26/2007,00:15:00,1018.427,109.5,81.471,66.144,0.0,0.316,0.136,146.052,0.513
08/26/2007,00:16:00,1018.427,110.0,81.122,66.066,0.0,0.253,0.136,145.906,2.022
08/26/2007,00:17:00,1018.427,109.938,81.141,66.066,0.0,0.316,0.163,149.608,2.429
08/26/2007,00:18:00,1018.427,110.0,80.93,66.079,0.0,0.253,0.163,134.93,1.906
08/26/2007,00:19:00,1018.427,110.188,80.746,66.079,0.0,0.253,0.163,151.94,2.381
08/26/2007,00:20:00,1018.427,109.688,80.908,66.144,0.0,0.222,0.136,147.99,2.393
08/26/2007,00:21:00,1018.427,109.625,81.089,66.176,0.0,0.222,0.163,146.591,1.511
08/26/2007,00:22:00,1018.427,109.688,81.034,66.163,0.0,0.222,0.136,127.118,2.393
08/26/2007,00:23:00,1018.388,109.563,80.956,66.157,0.0,0.222,0.163,139.259,1.462
08/26/2007,00:24:00,1018.427,109.813,80.982,66.157,0.0,0.253,0.163,143.355,2.685
08/26/2007,00:25:00,1018.427,110.063,81.102,66.157,0.0,0.316,0.163,142.845,2.509
08/26/2007,00:26:00,1018.427,110.125,81.261,66.202,0.0,0.253,0.136,134.96,1.797
08/26/2007,00:27:00,1018.427,109.75,81.805,66.118,0.0,0.19,0.163,123.532,2.216
08/26/2007,00:28:00,1018.465,109.625,81.637,66.118,0.0,0.19,0.136,124.349,1.085
08/26/2007,00:29:00,1018.503,109.813,81.811,66.04,0.0,0.222,0.136,172.156,1.31
08/26/2007,00:30:00,1018.503,109.938,81.818,65.937,0.0,0.222,0.136,123.897,0.835
08/26/2007,00:31:00,1018.503,109.75,82.213,65.95,0.0,0.222,0.136,139.769,1.681
08/26/2007,00:32:00,1018.503,109.75,82.096,65.839,0.0,0.222,0.136,137.802,0.634
08/26/2007,00:33:00,1018.465,109.625,82.129,65.768,0.0,0.222,0.163,129.129,0.787
08/26/2007,00:34:00,1018.465,109.438,82.573,65.742,0.0,0.222,0.163,132.409,1.967
08/26/2007,00:35:00,1018.465,109.438,82.479,65.703,0.0,0.19,0.163,136.577,1.511
08/26/2007,00:36:00,1018.465,109.625,82.453,65.677,0.0,0.222,0.136,142.553,1.979
08/26/2007,00:37:00,1018.465,109.75,81.426,65.664,0.0,0.253,0.163,147.844,3.354
08/26/2007,00:38:00,1018.465,109.75,81.611,65.742,0.0,0.253,0.163,138.268,2.405
08/26/2007,00:39:00,1018.465,109.75,81.478,65.729,0.0,0.222,0.163,141.475,2.168
08/26/2007,00:40:00,1018.503,109.813,81.611,65.781,0.0,0.253,0.163,139.93,0.762
08/26/2007,00:41:00,1018.503,109.875,81.407,65.742,0.0,0.222,0.163,151.08,1.833
08/26/2007,00:42:00,1018.503,110.0,81.241,65.794,0.0,0.253,0.136,155.613,2.405
08/26/2007,00:43:00,1018.503,110.063,81.054,65.839,0.0,0.253,0.136,136.986,3.683
08/26/2007,00:44:00,1018.503,110.063,80.62,65.898,0.0,0.253,0.163,129.348,4.291
08/26/2007,00:45:00,1018.503,109.813,80.882,65.937,0.0,0.222,0.163,139.434,2.405
08/26/2007,00:46:00,1018.503,109.875,80.888,65.885,0.0,0.19,0.163,144.944,3.671
08/26/2007,00:47:00,1018.503,109.813,80.176,65.872,0.0,0.222,0.163,134.027,3.196
08/26/2007,00:48:00,1018.542,110.0,80.143,65.95,0.0,0.222,0.136,172.914,2.746
08/26/2007,00:49:00,1018.542,110.063,80.289,65.924,0.0,0.253,0.136,150.905,3.993
08/26/2007,00:50:00,1018.58,109.938,80.587,65.963,0.0,0.222,0.136,148.894,2.722
08/26/2007,00:51:00,1018.542,110.125,81.021,65.898,0.0,0.222,0.163,142.102,1.285
08/26/2007,00:52:00,1018.503,110.188,81.287,65.865,0.0,0.253,0.136,145.935,2.277
08/26/2007,00:53:00,1018.503,110.313,80.688,65.872,0.0,0.253,0.163,147.451,3.421
08/26/2007,00:54:00,1018.542,110.563,80.085,65.865,0.0,0.253,0.136,151.167,3.719
08/26/2007,00:55:00,1018.542,111.0,79.926,65.95,0.0,0.316,0.163,158.703,2.898
08/26/2007,00:56:00,1018.503,110.625,79.395,65.963,0.0,0.222,0.163,141.81,3.695
08/26/2007,00:57:00,1018.503,110.75,79.382,66.04,0.0,0.253,0.136,156.794,2.874
08/26/2007,00:58:00,1018.503,110.25,79.509,66.105,0.0,0.222,0.136,144.463,2.277
08/26/2007,00:59:00,1018.503,110.188,79.667,66.014,0.0,0.19,0.163,157.173,2.229
08/26/2007,01:00:00,1018.503,109.625,79.871,65.975,0.0,0.19,0.136,133.181,3.659
08/26/2007,01:01:00,1018.465,109.688,79.871,65.963,0.0,0.222,0.163,134.755,3.531
08/26/2007,01:02:00,1018.465,109.563,79.758,65.963,0.0,0.222,0.136,144.098,2.819
08/26/2007,01:03:00,1018.465,109.75,79.599,65.975,0.0,0.222,0.163,144.696,3.269
08/26/2007,01:04:00,1018.465,109.938,80.25,65.963,0.0,0.222,0.163,130.47,2.344
08/26/2007,01:05:00,1018.427,109.625,80.315,65.872,0.0,0.222,0.163,159.417,2.046
08/26/2007,01:06:00,1018.465,109.813,80.675,65.813,0.0,0.222,0.163,159.111,2.837
08/26/2007,01:07:00,1018.465,109.75,81.102,65.729,0.0,0.19,0.136,123.737,1.681
08/26/2007,01:08:00,1018.427,109.813,81.28,65.651,0.0,0.19,0.163,143.894,2.898
08/26/2007,01:09:00,1018.427,109.75,81.115,65.587,0.0,0.19,0.163,142.583,2.521
08/26/2007,01:10:00,1018.388,109.438,81.504,65.613,0.0,0.19,0.136,149.929,1.943
08/26/2007,01:11:00,1018.427,109.5,81.889,65.554,0.0,0.222,0.163,144.317,2.344
08/26/2007,01:12:00,1018.427,109.375,82.313,65.464,0.0,0.19,0.163,145.308,1.547
08/26/2007,01:13:00,1018.427,109.563,82.249,65.373,0.0,0.222,0.163,145.76,1.718
08/26/2007,01:14:00,1018.427,109.688,82.365,65.347,0.0,0.253,0.136,152.654,3.354
08/26/2007,01:15:00,1018.427,109.75,81.73,65.386,0.0,0.222,0.136,146.299,3.056
08/26/2007,01:16:00,1018.427,109.813,81.52,65.464,0.0,0.19,0.163,156.823,3.02
08/26/2007,01:17:00,1018.427,109.625,81.756,65.451,0.0,0.222,0.136,153.048,2.216
08/26/2007,01:18:00,1018.427,109.375,81.711,65.412,0.0,0.222,0.163,157.858,1.73
08/26/2007,01:19:00,1018.427,109.625,81.782,65.399,0.0,0.222,0.163,170.203,1.547
08/26/2007,01:20:00,1018.427,109.563,81.889,65.489,0.0,0.222,0.136,153.704,1.596
08/26/2007,01:21:00,1018.427,109.375,82.333,65.502,0.0,0.19,0.136,158.645,1.474
08/26/2007,01:22:00,1018.427,109.375,82.194,65.476,0.0,0.19,0.136,156.429,1.097
08/26/2007,01:23:00,1018.427,109.438,82.035,65.451,0.0,0.222,0.163,153.762,1.93
08/26/2007,01:24:00,1018.427,109.375,81.863,65.464,0.0,0.19,0.163,155.875,1.06
08/26/2007,01:25:00,1018.465,109.313,81.857,65.476,0.0,0.19,0.136,141.475,0.908
08/26/2007,01:26:00,1018.427,109.25,82.427,65.489,0.0,0.19,0.163,130.806,1.322
08/26/2007,01:27:00,1018.427,109.25,81.97,65.451,0.0,0.222,0.136,129.057,1.657
08/26/2007,01:28:00,1018.427,109.188,82.715,65.528,0.0,0.19,0.136,127.264,2.046
08/26/2007,01:29:00,1018.427,109.125,82.585,65.541,0.0,0.19,0.163,127.745,1.456
08/26/2007,01:30:00,1018.427,109.188,82.702,65.502,0.0,0.222,0.136,130.441,1.93
08/26/2007,01:31:00,1018.388,109.375,82.168,65.451,0.0,0.222,0.136,138.297,2.241
08/26/2007,01:32:00,1018.427,109.313,82.683,65.451,0.0,0.222,0.163,133.866,1.693
08/26/2007,01:33:00,1018.388,109.188,83.084,65.438,0.0,0.222,0.163,124.407,0.799
08/26/2007,01:34:00,1018.388,109.375,82.359,65.464,0.0,0.222,0.136,127.949,1.705
08/26/2007,01:35:00,1018.388,109.25,82.103,65.399,0.0,0.222,0.136,149.783,2.545
08/26/2007,01:36:00,1018.388,109.25,82.313,65.438,0.0,0.222,0.136,116.536,1.943
08/26/2007,01:37:00,1018.35,109.25,82.2,65.464,0.0,0.222,0.163,109.54,2.277
08/26/2007,01:38:00,1018.35,109.188,82.236,65.476,0.0,0.222,0.163,107.937,1.322
08/26/2007,01:39:00,1018.35,109.313,82.313,65.476,0.0,0.222,0.163,121.521,2.07
08/26/2007,01:40:00,1018.388,109.313,82.313,65.425,0.0,0.222,0.136,117.848,2.229
08/26/2007,01:41:00,1018.427,109.375,82.307,65.386,0.0,0.253,0.163,115.05,1.261
08/26/2007,01:42:00,1018.427,109.438,82.148,65.373,0.0,0.253,0.163,119.291,1.523
08/26/2007,01:43:00,1018.427,109.375,82.194,65.276,0.0,0.222,0.163,108.287,2.046
08/26/2007,01:44:00,1018.388,109.438,82.505,65.224,0.0,0.222,0.163,104.818,1.523
08/26/2007,01:45:00,1018.388,109.375,82.822,65.094,0.0,0.222,0.136,117.644,1.133
08/26/2007,01:46:00,1018.388,109.375,82.841,65.042,0.0,0.253,0.163,118.912,1.225
08/26/2007,01:47:00,1018.388,109.625,83.032,64.958,0.0,0.253,0.136,101.932,2.496
08/26/2007,01:48:00,1018.388,109.625,83.198,64.971,0.0,0.253,0.136,143.034,2.07
08/26/2007,01:49:00,1018.35,109.5,83.097,64.984,0.0,0.253,0.136,112.018,0.908
08/26/2007,01:50:00,1018.388,109.563,83.159,64.958,0.0,0.222,0.136,111.479,1.261
08/26/2007,01:51:00,1018.35,109.875,83.59,64.919,0.0,0.222,0.163,125.66,1.718
08/26/2007,01:52:00,1018.35,110.0,83.476,64.906,0.0,0.253,0.136,126.112,2.746
08/26/2007,01:53:00,1018.35,110.188,83.026,64.945,0.0,0.253,0.136,133.371,2.947
08/26/2007,01:54:00,1018.35,110.438,82.913,65.029,0.0,0.222,0.163,155.015,2.046
08/26/2007,01:55:00,1018.35,111.25,83.398,65.003,0.0,0.222,0.163,133.283,1.93
08/26/2007,01:56:00,1018.35,111.625,83.583,64.971,0.0,0.222,0.163,127.453,2.083
08/26/2007,01:57:00,1018.35,112.438,83.285,65.016,0.0,0.222,0.163,113.432,3.147
08/26/2007,01:58:00,1018.35,113.125,83.065,65.068,0.0,0.253,0.163,145.964,2.995
08/26/2007,01:59:00,1018.35,112.875,83.159,65.172,0.0,0.222,0.163,142.437,2.308
08/26/2007,02:00:00,1018.35,112.438,82.955,65.146,0.0,0.19,0.163,131.126,3.318
08/26/2007,02:01:00,1018.312,112.313,83.198,65.107,0.0,0.253,0.163,133.342,3.245
08/26/2007,02:02:00,1018.35,112.125,83.23,65.146,0.0,0.316,0.136,159.111,4.188
08/26/2007,02:03:00,1018.35,111.063,82.854,65.146,0.0,0.253,0.136,146.503,4.985
08/26/2007,02:04:00,1018.35,110.5,82.517,65.282,0.0,0.253,0.136,132.598,3.172
08/26/2007,02:05:00,1018.312,110.063,82.654,65.308,0.0,0.19,0.136,143.749,4.65
08/26/2007,02:06:00,1018.312,110.063,82.427,65.263,0.0,0.222,0.163,143.238,4.541
08/26/2007,02:07:00,1018.312,109.688,82.511,65.224,0.0,0.253,0.136,142.189,3.756
08/26/2007,02:08:00,1018.312,109.5,82.728,65.146,0.0,0.316,0.163,147.305,2.983
08/26/2007,02:09:00,1018.312,109.625,83.165,65.094,0.0,0.222,0.136,147.728,1.833
08/26/2007,02:10:00,1018.312,109.375,83.33,65.029,0.0,0.253,0.163,152.785,1.584
08/26/2007,02:11:00,1018.35,109.375,83.755,65.003,0.0,0.222,0.136,142.961,2.673
08/26/2007,02:12:00,1018.35,109.313,83.515,64.932,0.0,0.19,0.136,145.396,3.081
08/26/2007,02:13:00,1018.312,109.375,83.667,64.906,0.0,0.222,0.136,151.197,4.425
08/26/2007,02:14:00,1018.35,109.25,83.768,64.945,0.0,0.222,0.163,145.877,2.332
08/26/2007,02:15:00,1018.35,109.25,83.654,64.867,0.0,0.19,0.136,128.882,1.93
08/26/2007,02:16:00,1018.35,109.188,84.04,64.828,0.0,0.222,0.163,143.18,2.405
08/26/2007,02:17:00,1018.35,109.438,84.001,64.815,0.0,0.222,0.136,157.683,2.825
08/26/2007,02:18:00,1018.35,109.375,83.888,64.867,0.0,0.19,0.136,154.87,3.093
08/26/2007,02:19:00,1018.35,109.25,83.794,64.815,0.0,0.222,0.136,155.759,3.123
08/26/2007,02:20:00,1018.35,109.313,83.577,64.789,0.0,0.222,0.163,160.394,2.283
08/26/2007,02:21:00,1018.35,109.188,83.324,64.789,0.0,0.222,0.136,168.95,2.18
08/26/2007,02:22:00,1018.312,109.0,83.661,64.789,0.0,0.222,0.163,172.462,1.523
08/26/2007,02:23:00,1018.312,108.813,83.742,64.802,0.0,0.19,0.136,199.879,1.797
08/26/2007,02:24:00,1018.274,108.688,84.059,64.679,0.0,0.19,0.136,213.769,2.119
08/26/2007,02:25:00,1018.312,108.563,84.402,64.589,0.0,0.19,0.136,195.783,2.216
08/26/2007,02:26:00,1018.312,108.563,84.72,64.485,0.0,0.19,0.163,189.807,2.496
08/26/2007,02:27:00,1018.35,108.563,84.956,64.414,0.0,0.19,0.163,194.792,2.722
08/26/2007,02:28:00,1018.35,108.813,85.122,64.388,0.0,0.222,0.163,169.795,1.407
08/26/2007,02:29:00,1018.35,108.563,85.131,64.362,0.0,0.19,0.136,182.898,1.979
08/26/2007,02:30:00,1018.388,108.688,85.115,64.323,0.0,0.19,0.136,176.091,2.545
08/26/2007,02:31:00,1018.388,108.813,85.07,64.362,0.0,0.222,0.136,170.932,2.344
08/26/2007,02:32:00,1018.388,108.813,85.394,64.388,0.0,0.19,0.136,160.758,2.046
08/26/2007,02:33:00,1018.427,108.875,85.329,64.375,0.0,0.19,0.163,160.758,2.296
08/26/2007,02:34:00,1018.427,108.75,85.102,64.362,0.0,0.222,0.163,151.59,1.048
08/26/2007,02:35:00,1018.465,108.5,85.309,64.349,0.0,0.19,0.163,156.939,1.718
08/26/2007,02:36:00,1018.427,108.625,85.581,64.258,0.0,0.19,0.163,150.745,1.857
08/26/2007,02:37:00,1018.465,108.563,85.562,64.206,0.0,0.19,0.136,155.19,1.736
08/26/2007,02:38:00,1018.465,108.438,85.708,64.161,0.0,0.19,0.163,146.212,2.509
08/26/2007,02:39:00,1018.427,108.688,85.879,64.206,0.0,0.222,0.163,134.143,1.06
08/26/2007,02:40:00,1018.427,108.625,85.905,64.187,0.0,0.19,0.136,122.906,1.644
08/26/2007,02:41:00,1018.427,108.313,86.058,64.258,0.0,0.222,0.163,128.342,2.119
08/26/2007,02:42:00,1018.427,108.563,86.42,64.31,0.0,0.19,0.163,95.752,1.261
08/26/2007,02:43:00,1018.427,108.438,86.103,64.297,0.0,0.222,0.163,125.296,2.192
08/26/2007,02:44:00,1018.427,108.375,85.951,64.284,0.0,0.222,0.136,109.598,1.882
08/26/2007,02:45:00,1018.427,108.688,85.672,64.161,0.0,0.222,0.136,124.801,2.533
08/26/2007,02:46:00,1018.465,108.813,85.685,64.148,0.0,0.253,0.163,120.661,1.809
08/26/2007,02:47:00,1018.465,108.813,85.607,64.09,0.0,0.222,0.163,125.515,2.168
08/26/2007,02:48:00,1018.465,109.0,85.672,64.077,0.0,0.19,0.163,118.941,2.484
08/26/2007,02:49:00,1018.465,108.938,85.701,64.09,0.0,0.19,0.136,117.017,2.509
08/26/2007,02:50:00,1018.427,108.813,85.734,64.051,0.0,0.222,0.136,117.221,1.955
08/26/2007,02:51:00,1018.465,109.0,85.879,63.973,0.0,0.19,0.136,120.311,2.32
08/26/2007,02:52:00,1018.427,108.875,85.837,63.895,0.0,0.222,0.136,118.664,2.277
08/26/2007,02:53:00,1018.427,108.75,85.847,63.869,0.0,0.222,0.136,104.905,1.797
08/26/2007,02:54:00,1018.427,108.813,85.957,63.856,0.0,0.222,0.163,113.49,2.119
08/26/2007,02:55:00,1018.427,108.75,86.103,63.856,0.0,0.222,0.163,126.637,2.241
08/26/2007,02:56:00,1018.427,108.75,86.038,63.83,0.0,0.253,0.163,115.705,1.669
08/26/2007,02:57:00,1018.427,108.813,85.727,63.843,0.0,0.222,0.163,122.366,2.32
08/26/2007,02:58:00,1018.465,108.813,85.727,63.921,0.0,0.222,0.163,116.624,1.857
08/26/2007,02:59:00,1018.465,108.625,85.698,63.96,0.0,0.253,0.163,125.267,2.046
08/26/2007,03:00:00,1018.503,108.563,85.766,63.973,0.0,0.19,0.136,138.181,2.216
08/26/2007,03:01:00,1018.503,108.625,85.701,63.999,0.0,0.222,0.136,130.66,1.584
08/26/2007,03:02:00,1018.503,108.375,85.853,64.012,0.0,0.222,0.163,133.458,1.736
08/26/2007,03:03:00,1018.503,108.5,86.058,63.999,0.0,0.19,0.136,138.749,1.456
08/26/2007,03:04:00,1018.503,108.688,86.051,63.96,0.0,0.222,0.136,151.998,1.462
08/26/2007,03:05:00,1018.503,108.563,86.151,63.947,0.0,0.222,0.136,130.091,1.943
08/26/2007,03:06:00,1018.503,108.813,86.245,63.921,0.0,0.222,0.136,155.015,2.283
08/26/2007,03:07:00,1018.503,108.5,86.109,63.934,0.0,0.19,0.163,132.496,0.975
08/26/2007,03:08:00,1018.503,108.688,86.038,63.908,0.0,0.222,0.163,153.223,1.584
08/26/2007,03:09:00,1018.503,108.625,86.158,63.934,0.0,0.222,0.163,106.188,1.432
08/26/2007,03:10:00,1018.503,108.688,85.999,63.869,0.0,0.19,0.163,125.063,1.383
08/26/2007,03:11:00,1018.503,108.438,85.964,63.921,0.0,0.222,0.136,124.013,0.713
08/26/2007,03:12:00,1018.542,108.813,85.931,63.843,0.0,0.222,0.163,151.678,1.012
08/26/2007,03:13:00,1018.542,108.375,85.977,63.843,0.0,0.222,0.136,123.532,1.31
08/26/2007,03:14:00,1018.542,108.813,86.32,63.869,0.0,0.222,0.163,142.495,0.513
08/26/2007,03:15:00,1018.58,108.688,86.294,63.895,0.0,0.253,0.163,150.876,2.253
08/26/2007,03:16:00,1018.542,108.563,85.938,63.921,0.0,0.19,0.136,133.123,1.644
08/26/2007,03:17:00,1018.542,108.563,85.931,63.934,0.0,0.19,0.136,146.853,1.395
08/26/2007,03:18:00,1018.503,108.938,86.006,63.908,0.0,0.222,0.136,168.09,1.845
08/26/2007,03:19:00,1018.542,108.75,85.918,63.947,0.0,0.316,0.163,143.064,1.133
08/26/2007,03:20:00,1018.542,108.5,85.925,63.882,0.0,0.19,0.136,151.401,0.379
08/26/2007,03:21:00,1018.542,108.688,85.785,63.882,0.0,0.19,0.136,158.309,1.681
08/26/2007,03:22:00,1018.503,108.875,85.672,63.895,0.0,0.222,0.136,155.161,2.07
08/26/2007,03:23:00,1018.542,108.688,85.183,63.921,0.0,0.222,0.136,157.085,1.809
08/26/2007,03:24:00,1018.542,108.375,85.196,63.934,0.0,0.19,0.136,136.607,2.381
08/26/2007,03:25:00,1018.542,108.25,85.342,63.999,0.0,0.19,0.136,137.525,2.308
08/26/2007,03:26:00,1018.542,108.625,85.449,63.999,0.0,0.222,0.136,137.496,2.332
08/26/2007,03:27:00,1018.542,108.375,84.998,63.973,0.0,0.19,0.163,137.889,3.147
08/26/2007,03:28:00,1018.58,108.563,85.131,64.012,0.0,0.222,0.136,143.749,1.188
08/26/2007,03:29:00,1018.542,108.438,85.131,63.973,0.0,0.19,0.136,130.179,2.947
08/26/2007,03:30:00,1018.542,108.375,85.07,63.986,0.0,0.19,0.136,143.53,1.632
08/26/2007,03:31:00,1018.58,108.625,85.342,63.986,0.0,0.19,0.136,143.355,0.464
08/26/2007,03:32:00,1018.542,108.688,85.283,63.908,0.0,0.222,0.136,142.583,2.825
08/26/2007,03:33:00,1018.58,109.125,84.905,63.934,0.0,0.222,0.136,140.28,2.935
08/26/2007,03:34:00,1018.618,109.125,84.924,64.025,0.0,0.222,0.136,140.586,1.547
08/26/2007,03:35:00,1018.618,108.563,84.898,63.986,0.0,0.158,0.163,141.752,0.75
08/26/2007,03:36:00,1018.618,108.563,84.979,63.921,0.0,0.222,0.136,134.435,-0.187
08/26/2007,03:37:00,1018.618,108.438,84.979,63.824,0.0,0.19,0.136,139.872,1.06
08/26/2007,03:38:00,1018.58,108.625,84.998,63.772,0.0,0.19,0.136,140.221,2.095
08/26/2007,03:39:00,1018.618,108.688,85.096,63.843,0.0,0.19,0.136,152.625,2.685
08/26/2007,03:40:00,1018.618,108.688,85.215,63.869,0.0,0.222,0.163,137.773,2.484
08/26/2007,03:41:00,1018.618,108.938,85.546,63.869,0.0,0.222,0.163,146.503,1.821
08/26/2007,03:42:00,1018.618,108.25,85.387,63.856,0.0,0.19,0.163,157.027,0.373
08/26/2007,03:43:00,1018.618,108.625,85.209,63.843,0.0,0.19,0.136,138.239,0.726
08/26/2007,03:44:00,1018.618,108.625,85.64,63.843,0.0,0.222,0.136,143.151,2.795
08/26/2007,03:45:00,1018.618,108.563,85.355,63.83,0.0,0.19,0.163,120.515,0.999
08/26/2007,03:46:00,1018.618,108.625,85.659,63.811,0.0,0.19,0.136,152.785,1.87
08/26/2007,03:47:00,1018.618,108.438,85.792,63.811,0.0,0.19,0.136,132.409,1.535
08/26/2007,03:48:00,1018.618,108.688,86.051,63.798,0.0,0.19,0.163,136.577,1.273
08/26/2007,03:49:00,1018.618,108.625,86.187,63.72,0.0,0.19,0.163,127.089,1.608
08/26/2007,03:50:00,1018.618,108.75,86.472,63.668,0.0,0.19,0.136,129.669,1.955
08/26/2007,03:51:00,1018.618,108.813,86.346,63.616,0.0,0.19,0.136,122.906,2.004
08/26/2007,03:52:00,1018.618,108.813,86.339,63.565,0.0,0.222,0.136,133.546,1.644
08/26/2007,03:53:00,1018.618,109.0,86.777,63.519,0.0,0.19,0.163,126.112,2.509
08/26/2007,03:54:00,1018.58,109.0,86.644,63.506,0.0,0.19,0.136,129.581,1.486
08/26/2007,03:55:00,1018.618,109.063,86.537,63.48,0.0,0.222,0.163,126.171,2.07
08/26/2007,03:56:00,1018.618,108.813,86.352,63.493,0.0,0.19,0.163,126.579,2.277
08/26/2007,03:57:00,1018.618,108.938,86.346,63.428,0.0,0.222,0.163,120.909,2.819
08/26/2007,03:58:00,1018.657,108.938,86.307,63.39,0.0,0.222,0.136,121.565,2.673
08/26/2007,03:59:00,1018.657,108.938,86.252,63.325,0.0,0.222,0.136,121.113,2.283
08/26/2007,04:00:00,1018.657,109.0,86.326,63.26,0.0,0.222,0.136,118.868,2.46
08/26/2007,04:01:00,1018.695,108.875,86.385,63.228,0.0,0.222,0.136,117.163,2.472
08/26/2007,04:02:00,1018.695,109.063,86.359,63.202,0.0,0.253,0.163,118.023,2.649
08/26/2007,04:03:00,1018.695,108.813,86.359,63.163,0.0,0.253,0.136,118.606,2.557
08/26/2007,04:04:00,1018.695,108.813,86.644,63.15,0.0,0.253,0.163,117.6,2.442
08/26/2007,04:05:00,1018.695,108.75,86.624,63.111,0.0,0.253,0.136,125.544,2.673
08/26/2007,04:06:00,1018.695,108.563,86.864,63.163,0.0,0.222,0.163,120.253,2.107
08/26/2007,04:07:00,1018.695,108.563,86.517,63.137,0.0,0.253,0.136,131.943,2.32
08/26/2007,04:08:00,1018.733,108.188,86.67,63.228,0.0,0.222,0.163,135.528,2.143
08/26/2007,04:09:00,1018.695,108.188,86.828,63.241,0.0,0.222,0.163,132.117,2.283
08/26/2007,04:10:00,1018.695,108.063,86.955,63.26,0.0,0.222,0.163,139.041,1.809
08/26/2007,04:11:00,1018.695,108.188,86.563,63.286,0.0,0.222,0.163,125.354,2.192
08/26/2007,04:12:00,1018.695,107.938,86.696,63.202,0.0,0.222,0.163,121.652,1.474
08/26/2007,04:13:00,1018.695,107.875,87.272,63.228,0.0,0.222,0.163,117.629,1.133
08/26/2007,04:14:00,1018.695,107.875,87.266,63.137,0.0,0.222,0.163,127.686,1.097
08/26/2007,04:15:00,1018.695,107.875,87.003,63.137,0.0,0.253,0.136,103.652,1.462
08/26/2007,04:16:00,1018.695,108.063,86.657,63.215,0.0,0.222,0.163,127.745,3.16
08/26/2007,04:17:00,1018.733,107.938,86.663,63.241,0.0,0.222,0.136,116.799,2.758
08/26/2007,04:18:00,1018.695,108.063,86.411,63.241,0.0,0.19,0.163,127.424,2.429
08/26/2007,04:19:00,1018.695,107.813,86.365,63.228,0.0,0.222,0.163,120.719,3.008
08/26/2007,04:20:00,1018.657,108.0,86.372,63.202,0.0,0.19,0.136,124.101,3.373
08/26/2007,04:21:00,1018.657,107.875,86.378,63.202,0.0,0.222,0.136,119.553,2.697
08/26/2007,04:22:00,1018.657,107.938,86.378,63.189,0.0,0.222,0.136,130.004,2.557
08/26/2007,04:23:00,1018.657,107.938,86.42,63.189,0.0,0.253,0.136,125.413,3.196
08/26/2007,04:24:00,1018.657,107.938,86.245,63.202,0.0,0.222,0.163,132.526,2.533
08/26/2007,04:25:00,1018.657,107.875,86.372,63.202,0.0,0.222,0.136,129.319,2.442
08/26/2007,04:26:00,1018.657,107.75,86.135,63.241,0.0,0.222,0.136,123.343,2.91
08/26/2007,04:27:00,1018.657,107.813,86.294,63.273,0.0,0.253,0.163,128.852,2.782
08/26/2007,04:28:00,1018.657,107.688,86.138,63.286,0.0,0.253,0.136,127.322,2.004
08/26/2007,04:29:00,1018.657,107.75,86.391,63.241,0.0,0.222,0.136,127.235,1.857
08/26/2007,04:30:00,1018.657,107.75,86.689,63.215,0.0,0.19,0.136,141.533,2.983
08/26/2007,04:31:00,1018.657,108.313,86.702,63.228,0.0,0.253,0.163,150.993,2.746
08/26/2007,04:32:00,1018.657,107.875,86.702,63.202,0.0,0.222,0.136,128.911,1.085
08/26/2007,04:33:00,1018.657,107.875,86.398,63.124,0.0,0.19,0.136,121.856,1.644
08/26/2007,04:34:00,1018.695,107.688,86.459,63.15,0.0,0.19,0.163,119.743,2.241
08/26/2007,04:35:00,1018.657,107.938,86.598,63.072,0.0,0.222,0.136,120.544,2.131
08/26/2007,04:36:00,1018.695,107.75,86.385,63.02,0.0,0.222,0.136,124.946,1.456
08/26/2007,04:37:00,1018.695,108.125,86.391,62.949,0.0,0.19,0.163,115.822,1.772
08/26/2007,04:38:00,1018.657,108.438,86.942,62.936,0.0,0.19,0.136,122.847,2.004
08/26/2007,04:39:00,1018.657,108.688,86.757,62.897,0.0,0.19,0.136,126.827,2.356
08/26/2007,04:40:00,1018.657,109.125,86.637,62.884,0.0,0.19,0.136,130.747,2.022
08/26/2007,04:41:00,1018.657,109.813,86.909,62.923,0.0,0.19,0.163,135.528,1.693
08/26/2007,04:42:00,1018.657,110.375,86.809,62.968,0.0,0.19,0.136,122.119,2.935
08/26/2007,04:43:00,1018.695,110.875,86.676,62.968,0.0,0.222,0.163,145.964,1.845
08/26/2007,04:44:00,1018.695,111.5,86.815,62.968,0.0,0.19,0.136,123.503,1.693
08/26/2007,04:45:00,1018.657,111.875,86.981,62.923,0.0,0.19,0.163,121.521,2.588
08/26/2007,04:46:00,1018.657,112.375,87.049,62.962,0.0,0.222,0.136,125.777,2.46
08/26/2007,04:47:00,1018.657,112.563,87.207,63.059,0.0,0.19,0.163,119.262,1.073
08/26/2007,04:48:00,1018.618,112.75,87.003,62.994,0.0,0.222,0.136,127.686,2.253
08/26/2007,04:49:00,1018.58,112.813,87.288,62.994,0.0,0.222,0.136,138.064,1.432
08/26/2007,04:50:00,1018.58,112.938,87.029,62.884,0.0,0.253,0.136,125.952,3.269
08/26/2007,04:51:00,1018.58,113.313,86.731,62.981,0.0,0.253,0.136,121.798,3.914
08/26/2007,04:52:00,1018.58,113.25,86.573,62.949,0.0,0.222,0.136,137.379,3.878
08/26/2007,04:53:00,1018.542,113.563,86.725,62.968,0.0,0.19,0.136,112.047,2.886
08/26/2007,04:54:00,1018.503,113.625,86.585,62.962,0.0,0.222,0.136,103.477,2.083
08/26/2007,04:55:00,1018.503,113.75,86.815,62.884,0.0,0.222,0.136,94.221,2.01
08/26/2007,04:56:00,1018.503,113.813,87.01,62.832,0.0,0.222,0.136,93.041,2.381
08/26/2007,04:57:00,1018.503,113.813,87.181,62.754,0.0,0.222,0.136,90.461,2.143
08/26/2007,04:58:00,1018.503,113.625,87.34,62.657,0.0,0.222,0.136,101.043,2.496
08/26/2007,04:59:00,1018.503,113.625,87.447,62.586,0.0,0.253,0.136,102.063,3.008
08/26/2007,05:00:00,1018.503,113.25,87.492,62.586,0.0,0.253,0.136,104.162,1.797
08/26/2007,05:01:00,1018.465,112.5,87.586,62.586,0.0,0.222,0.136,102.325,4.054
08/26/2007,05:02:00,1018.465,111.938,87.525,62.631,0.0,0.253,0.163,107.966,4.255
08/26/2007,05:03:00,1018.427,111.063,87.447,62.657,0.0,0.253,0.136,93.565,3.184
08/26/2007,05:04:00,1018.427,110.75,87.398,62.69,0.0,0.222,0.136,85.942,3.221
08/26/2007,05:05:00,1018.427,110.0,87.133,62.729,0.0,0.253,0.136,113.228,2.734
08/26/2007,05:06:00,1018.427,109.25,86.89,62.819,0.0,0.222,0.136,107.995,3.184
08/26/2007,05:07:00,1018.427,109.188,86.903,62.806,0.0,0.253,0.136,107.704,2.91
08/26/2007,05:08:00,1018.427,108.813,86.777,62.819,0.0,0.222,0.163,120.938,4.577
08/26/2007,05:09:00,1018.427,108.688,86.517,62.871,0.0,0.253,0.136,109.715,3.458
08/26/2007,05:10:00,1018.427,108.25,86.764,62.806,0.0,0.222,0.136,116.915,4.279
08/26/2007,05:11:00,1018.427,108.063,86.968,62.819,0.0,0.222,0.163,123.955,2.46
08/26/2007,05:12:00,1018.427,107.688,86.903,62.806,0.0,0.316,0.136,129.465,3.433
08/26/2007,05:13:00,1018.427,107.438,86.841,62.832,0.0,0.222,0.136,127.716,2.837
08/26/2007,05:14:00,1018.427,107.438,86.245,62.981,0.0,0.19,0.163,129.756,3.16
08/26/2007,05:15:00,1018.465,107.25,86.207,62.981,0.0,0.222,0.136,151.415,3.756
08/26/2007,05:16:00,1018.503,107.063,86.466,63.046,0.0,0.19,0.163,134.93,1.212
08/26/2007,05:17:00,1018.503,107.625,87.107,63.059,0.0,0.253,0.163,141.839,3.47
08/26/2007,05:18:00,1018.503,107.688,86.702,63.007,0.0,0.222,0.163,169.43,3.64
08/26/2007,05:19:00,1018.503,107.563,85.847,63.033,0.0,0.19,0.136,160.846,3.932
08/26/2007,05:20:00,1018.503,107.375,85.918,63.007,0.0,0.19,0.136,172.914,3.269
08/26/2007,05:21:00,1018.503,107.313,85.653,62.981,0.0,0.19,0.136,180.916,3.056
08/26/2007,05:22:00,1018.503,107.188,85.698,63.007,0.0,0.222,0.136,177.607,2.143
08/26/2007,05:23:00,1018.503,107.313,85.666,62.981,0.0,0.222,0.136,164.227,3.032
08/26/2007,05:24:00,1018.542,107.625,85.62,62.962,0.0,0.19,0.163,149.695,4.437
08/26/2007,05:25:00,1018.542,107.5,85.727,62.936,0.0,0.222,0.136,161.458,5.174
08/26/2007,05:26:00,1018.58,107.063,85.938,62.884,0.0,0.222,0.136,184.472,3.269
08/26/2007,05:27:00,1018.58,106.563,86.365,62.806,0.0,0.158,0.136,202.735,2.685
08/26/2007,05:28:00,1018.58,106.563,86.398,62.677,0.0,0.19,0.136,197.474,2.746
08/26/2007,05:29:00,1018.618,106.5,86.777,62.56,0.0,0.19,0.163,220.27,2.332
08/26/2007,05:30:00,1018.58,106.188,87.1,62.456,0.0,0.19,0.163,233.344,1.918
08/26/2007,05:31:00,1018.58,106.25,87.327,62.307,0.0,0.19,0.136,214.891,1.76
08/26/2007,05:32:00,1018.542,106.438,87.538,62.191,0.0,0.19,0.136,218.856,1.821
08/26/2007,05:33:00,1018.542,106.438,87.849,62.126,0.0,0.19,0.136,222.062,0.501
08/26/2007,05:34:00,1018.542,106.313,88.092,62.087,0.0,0.19,0.136,232.265,1.261
08/26/2007,05:35:00,1018.58,106.25,88.166,62.042,0.0,0.19,0.136,214.644,1.657
08/26/2007,05:36:00,1018.58,106.5,88.276,62.016,0.0,0.19,0.136,199.966,1.657
08/26/2007,05:37:00,1018.58,106.313,88.351,61.925,0.0,0.19,0.163,207.225,1.596
08/26/2007,05:38:00,1018.618,106.313,88.516,61.938,0.0,0.19,0.136,214.556,0.823
08/26/2007,05:39:00,1018.58,106.188,88.581,61.886,0.0,0.19,0.136,197.036,1.146
08/26/2007,05:40:00,1018.618,106.313,88.788,61.912,0.0,0.19,0.136,181.368,1.523
08/26/2007,05:41:00,1018.618,106.188,88.914,61.834,0.0,0.158,0.163,190.04,-0.175
08/26/2007,05:42:00,1018.657,106.188,88.94,61.789,0.0,0.19,0.163,192.066,1.073
08/26/2007,05:43:00,1018.657,106.188,89.173,61.789,0.0,0.19,0.136,201.161,1.261
08/26/2007,05:44:00,1018.657,106.25,89.193,61.737,0.0,0.19,0.136,189.239,1.511
08/26/2007,05:45:00,1018.657,106.188,89.219,61.795,0.0,0.19,0.136,192.999,1.158
08/26/2007,05:46:00,1018.657,106.25,89.232,61.737,0.0,0.19,0.163,169.022,1.432
08/26/2007,05:47:00,1018.618,106.438,89.225,61.724,0.0,0.19,0.163,165.189,1.632
08/26/2007,05:48:00,1018.657,106.5,89.232,61.789,0.0,0.19,0.136,160.933,1.133
08/26/2007,05:49:00,1018.618,106.313,89.225,61.763,0.0,0.19,0.136,149.724,1.991
08/26/2007,05:50:00,1018.618,106.813,89.575,61.912,0.0,0.19,0.136,155.7,1.474
08/26/2007,05:51:00,1018.618,106.625,89.225,61.951,0.0,0.19,0.163,142.378,1.474
08/26/2007,05:52:00,1018.657,106.375,88.979,62.016,0.0,0.19,0.136,136.752,1.62
08/26/2007,05:53:00,1018.657,106.438,89.099,61.99,0.0,0.158,0.163,147.757,1.498
08/26/2007,05:54:00,1018.657,106.375,88.629,62.029,0.0,0.19,0.136,143.923,1.237
08/26/2007,05:55:00,1018.657,106.75,88.687,62.055,0.0,0.222,0.136,161.181,1.212
08/26/2007,05:56:00,1018.657,106.313,88.61,62.068,0.0,0.19,0.163,131.287,-0.187
08/26/2007,05:57:00,1018.657,106.25,88.733,62.068,0.0,0.19,0.163,131.185,-0.187
08/26/2007,05:58:00,1018.618,106.188,88.966,62.042,0.0,0.19,0.136,131.155,-0.187
08/26/2007,05:59:00,1018.618,106.375,89.024,62.016,0.0,0.19,0.136,131.345,0.835
08/26/2007,06:00:00,1018.618,106.438,88.998,61.99,0.0,0.19,0.163,131.811,0.713
08/26/2007,06:01:00,1018.618,106.5,89.06,62.003,0.0,0.19,0.163,109.117,1.571
08/26/2007,06:02:00,1018.618,106.438,89.238,62.003,0.0,0.158,0.163,82.182,1.736
08/26/2007,06:03:00,1018.58,106.188,89.423,61.847,0.0,0.158,0.136,88.435,2.01
08/26/2007,06:04:00,1018.58,106.25,89.277,61.75,0.0,0.19,0.163,98.594,2.283
08/26/2007,06:05:00,1018.542,106.188,89.264,61.685,0.0,0.19,0.136,99.964,1.772
08/26/2007,06:06:00,1018.542,106.188,89.29,61.62,0.0,0.19,0.136,91.088,2.588
08/26/2007,06:07:00,1018.58,106.25,89.193,61.543,0.0,0.19,0.163,89.645,2.417
08/26/2007,06:08:00,1018.58,106.188,89.206,61.419,0.0,0.158,0.136,99.191,2.241
08/26/2007,06:09:00,1018.542,106.375,89.125,61.406,0.0,0.19,0.136,94.556,2.575
08/26/2007,06:10:00,1018.542,106.5,88.921,61.368,0.0,0.19,0.136,87.589,2.344
08/26/2007,06:11:00,1018.58,106.438,88.603,61.432,0.0,0.19,0.136,95.81,1.93
08/26/2007,06:12:00,1018.58,106.688,88.464,61.458,0.0,0.19,0.163,94.761,2.143
08/26/2007,06:13:00,1018.542,106.438,88.143,61.458,0.0,0.19,0.136,104.701,2.557
08/26/2007,06:14:00,1018.58,106.375,87.904,61.53,0.0,0.19,0.136,108.199,2.521
08/26/2007,06:15:00,1018.542,106.25,87.751,61.594,0.0,0.19,0.136,93.988,2.405
08/26/2007,06:16:00,1018.542,106.563,87.564,61.607,0.0,0.19,0.136,128.43,2.886
08/26/2007,06:17:00,1018.542,106.563,87.405,61.633,0.0,0.19,0.136,107.383,2.861
08/26/2007,06:18:00,1018.542,106.75,87.162,61.737,0.0,0.158,0.136,129.246,2.886
08/26/2007,06:19:00,1018.542,106.625,86.935,61.776,0.0,0.158,0.163,116.711,2.575
08/26/2007,06:20:00,1018.542,106.563,86.372,62.003,0.0,0.19,0.136,127.147,2.168
08/26/2007,06:21:00,1018.58,106.188,85.886,62.152,0.0,0.19,0.136,129.159,1.76
08/26/2007,06:22:00,1018.58,106.5,86.226,62.165,0.0,0.158,0.163,150.789,2.545
08/26/2007,06:23:00,1018.58,107.125,86.145,62.242,0.0,0.222,0.136,141.752,2.734
08/26/2007,06:24:00,1018.58,106.875,86.492,62.43,0.0,0.19,0.136,141.358,3.89
08/26/2007,06:25:00,1018.58,106.938,85.568,62.495,0.0,0.158,0.136,154.359,2.083
08/26/2007,06:26:00,1018.58,106.625,85.235,62.534,0.0,0.19,0.136,133.692,3.878
08/26/2007,06:27:00,1018.58,106.625,84.95,62.508,0.0,0.19,0.136,163.936,2.898
08/26/2007,06:28:00,1018.58,106.75,84.892,62.495,0.0,0.19,0.136,153.135,4.164
08/26/2007,06:29:00,1018.58,107.188,85.209,62.521,0.0,0.19,0.136,145.906,2.405
08/26/2007,06:30:00,1018.618,106.688,85.138,62.482,0.0,0.158,0.163,133.487,2.229
08/26/2007,06:31:00,1018.618,107.0,85.387,62.417,0.0,0.158,0.271,138.749,3.354
08/26/2007,06:32:00,1018.618,106.875,85.627,62.346,0.0,0.19,0.38,138.603,4.425
08/26/2007,06:33:00,1018.618,106.5,85.866,62.255,0.0,0.158,0.488,127.322,1.547
08/26/2007,06:34:00,1018.58,106.25,86.07,62.242,0.0,0.19,0.542,141.125,4.468
08/26/2007,06:35:00,1018.58,106.563,86.307,62.139,0.0,0.19,0.624,138.487,4.997
08/26/2007,06:36:00,1018.58,106.25,86.611,62.113,0.0,0.19,0.759,159.388,3.032
08/26/2007,06:37:00,1018.58,106.438,86.485,62.152,0.0,0.19,0.922,118.14,2.509
08/26/2007,06:38:00,1018.58,106.438,87.398,62.178,0.0,0.158,1.111,152.479,2.405
08/26/2007,06:39:00,1018.58,106.438,87.259,62.139,0.0,0.222,1.274,140.79,4.687
08/26/2007,06:40:00,1018.58,106.5,87.295,62.087,0.0,0.222,1.437,125.092,2.563
08/26/2007,06:41:00,1018.58,106.688,87.379,62.016,0.0,0.222,1.681,116.624,1.718
08/26/2007,06:42:00,1018.618,106.375,87.69,62.068,0.0,0.222,1.925,151.022,4.437
08/26/2007,06:43:00,1018.618,106.375,87.405,62.055,0.0,0.316,2.168,144.842,4.863
08/26/2007,06:44:00,1018.657,106.313,87.564,61.951,0.0,2.246,2.412,150.847,4.949
08/26/2007,06:45:00,1018.657,106.563,87.288,61.912,0.0,10.242,2.791,169.678,4.127
08/26/2007,06:46:00,1018.695,106.5,87.36,61.938,0.0,18.938,3.197,150.57,3.592
08/26/2007,06:47:00,1018.733,106.688,87.308,61.951,0.0,23.141,3.551,130.951,4.462
08/26/2007,06:48:00,1018.733,106.875,87.295,61.912,0.0,26.25,3.957,142.961,3.531
08/26/2007,06:49:00,1018.771,106.75,87.505,61.886,0.0,28.844,4.336,141.183,3.878
08/26/2007,06:50:00,1018.771,106.938,87.392,61.899,0.0,31.688,4.77,143.268,3.008
08/26/2007,06:51:00,1018.81,107.063,87.606,61.938,0.0,34.938,5.203,154.389,3.932
08/26/2007,06:52:00,1018.81,107.125,87.411,61.964,0.0,38.063,5.719,171.879,5.076
08/26/2007,06:53:00,1018.848,107.438,87.57,61.964,0.0,40.813,6.289,155.19,4.924
08/26/2007,06:54:00,1018.886,107.625,87.531,62.029,0.0,44.219,6.801,152.217,4.65
08/26/2007,06:55:00,1018.886,107.688,87.473,62.113,0.0,47.125,7.344,151.474,4.468
08/26/2007,06:56:00,1018.848,107.438,87.314,62.152,0.0,50.344,7.859,116.595,3.196
08/26/2007,06:57:00,1018.886,107.25,87.334,62.165,0.0,52.813,8.32,145.148,4.888
08/26/2007,06:58:00,1018.886,107.5,87.003,62.204,0.0,54.969,8.727,139.114,4.65
08/26/2007,06:59:00,1018.925,107.313,86.744,62.268,0.0,57.625,9.133,153.908,3.506
08/26/2007,07:00:00,1018.944,107.063,86.79,62.359,0.0,59.969,9.703,148.442,2.429
08/26/2007,07:01:00,1018.982,107.25,86.598,62.469,0.0,62.281,10.219,160.642,4.03
08/26/2007,07:02:00,1018.982,107.25,86.385,62.469,0.0,65.125,10.789,164.14,3.373
08/26/2007,07:03:00,1018.982,107.188,86.359,62.508,0.0,67.125,11.273,163.688,4.103
08/26/2007,07:04:00,1019.021,107.375,85.847,62.605,0.0,66.813,11.602,186.892,3.841
08/26/2007,07:05:00,1019.059,107.438,85.672,62.56,0.0,68.938,12.086,174.065,3.208
08/26/2007,07:06:00,1019.059,107.563,85.944,62.605,0.0,68.875,12.547,169.824,2.241
08/26/2007,07:07:00,1019.097,107.625,86.122,62.657,0.0,63.219,12.656,168.06,3.281
08/26/2007,07:08:00,1019.097,107.625,86.122,62.605,0.0,27.922,10.625,167.638,2.649
08/26/2007,07:09:00,1019.097,108.0,86.288,62.56,0.0,37.688,12.141,167.915,2.405
08/26/2007,07:10:00,1019.135,108.813,86.271,62.573,0.0,77.563,15.773,157.26,2.308
08/26/2007,07:11:00,1019.097,109.375,86.226,62.67,0.0,84.0,17.125,154.899,2.624
08/26/2007,07:12:00,1019.097,109.5,85.983,62.819,0.0,87.813,18.234,189.049,2.344
08/26/2007,07:13:00,1019.097,109.688,85.235,62.968,0.0,89.75,19.156,200.243,2.058
08/26/2007,07:14:00,1019.097,109.625,84.396,63.098,0.0,92.875,20.156,182.898,2.971
08/26/2007,07:15:00,1019.135,109.688,84.127,63.254,0.0,95.875,21.266,190.492,2.356
08/26/2007,07:16:00,1019.174,109.875,83.654,63.39,0.0,98.125,22.438,171.588,2.393
08/26/2007,07:17:00,1019.174,109.75,83.476,63.539,0.0,100.063,23.547,186.892,0.762
08/26/2007,07:18:00,1019.174,109.813,83.107,63.681,0.0,101.625,24.578,165.0,1.857
08/26/2007,07:19:00,1019.135,109.938,82.275,63.785,0.0,102.875,25.641,165.029,2.649
08/26/2007,07:20:00,1019.174,110.25,82.281,63.908,0.0,102.375,26.469,179.371,3.208
08/26/2007,07:21:00,1019.174,110.563,82.048,64.025,0.0,103.813,27.578,172.579,4.291
08/26/2007,07:22:00,1019.174,110.688,81.789,64.09,0.0,106.188,28.641,173.774,3.482
08/26/2007,07:23:00,1019.174,110.813,81.63,64.187,0.0,106.625,29.406,179.75,4.912
08/26/2007,07:24:00,1019.174,110.813,81.387,64.271,0.0,107.375,30.109,176.281,3.853
08/26/2007,07:25:00,1019.174,110.625,80.995,64.336,0.0,109.75,30.922,168.92,3.221
08/26/2007,07:26:00,1019.174,110.625,81.513,64.433,0.0,114.375,31.969,170.145,3.957
08/26/2007,07:27:00,1019.174,110.688,81.831,64.55,0.0,115.75,32.344,131.811,3.531
08/26/2007,07:28:00,1019.174,110.75,80.176,64.64,0.0,118.063,32.844,171.223,4.936
08/26/2007,07:29:00,1019.174,110.813,80.454,64.725,0.0,121.063,33.5,162.259,4.218
08/26/2007,07:30:00,1019.174,110.875,79.978,64.802,0.0,121.75,33.938,181.951,5.35
08/26/2007,07:31:00,1019.212,110.938,80.908,64.893,0.0,123.313,34.75,176.281,4.377
08/26/2007,07:32:00,1019.174,111.188,80.341,64.932,0.0,122.813,35.313,151.444,3.135
08/26/2007,07:33:00,1019.174,110.938,79.832,65.016,0.0,108.375,33.813,178.948,3.506
08/26/2007,07:34:00,1019.174,110.5,79.599,65.146,0.0,96.125,32.563,162.055,4.577
08/26/2007,07:35:00,1019.174,110.0,80.396,65.133,0.0,68.688,28.938,173.031,4.377
08/26/2007,07:36:00,1019.174,109.438,80.6,65.081,0.0,44.969,25.547,159.986,4.139
08/26/2007,07:37:00,1019.174,109.75,80.487,64.971,0.0,95.75,34.0,170.261,4.103
08/26/2007,07:38:00,1019.174,109.938,80.085,64.997,0.0,70.063,30.047,176.485,2.521
08/26/2007,07:39:00,1019.174,110.188,80.004,65.159,0.0,102.75,35.594,175.946,4.699
08/26/2007,07:40:00,1019.212,109.813,79.891,65.172,0.0,93.25,34.188,157.595,4.316
08/26/2007,07:41:00,1019.212,108.938,79.136,65.172,0.0,72.813,30.781,183.044,4.462
08/26/2007,07:42:00,1019.212,109.0,79.807,65.159,0.0,71.5,30.375,168.862,3.659
08/26/2007,07:43:00,1019.25,109.938,80.124,65.146,0.0,123.0,39.656,198.29,3.172
08/26/2007,07:44:00,1019.25,109.75,79.097,65.237,0.0,136.625,42.438,191.017,4.413
08/26/2007,07:45:00,1019.25,110.313,78.815,65.373,0.0,149.125,45.031,173.468,4.541
08/26/2007,07:46:00,1019.25,110.25,79.023,65.464,0.0,149.0,45.313,181.003,4.839
08/26/2007,07:47:00,1019.25,110.25,79.204,65.554,0.0,148.25,45.375,189.413,3.543
08/26/2007,07:48:00,1019.25,110.188,78.404,65.664,0.0,149.25,45.875,182.373,3.421
08/26/2007,07:49:00,1019.25,110.563,77.909,65.703,0.0,149.125,46.281,179.24,4.401
08/26/2007,07:50:00,1019.327,110.375,78.485,65.852,0.0,131.0,43.188,189.355,2.484
08/26/2007,07:51:00,1019.25,110.688,77.332,66.001,0.0,139.375,45.313,208.478,4.389
08/26/2007,07:52:00,1019.25,111.188,77.316,66.014,0.0,154.875,49.25,187.941,2.417
08/26/2007,07:53:00,1019.25,111.188,78.352,66.144,0.0,156.5,50.469,170.771,4.304
08/26/2007,07:54:00,1019.25,111.0,77.478,66.176,0.0,160.125,52.344,183.919,4.553
08/26/2007,07:55:00,1019.25,111.563,78.032,66.176,0.0,164.25,54.656,162.915,2.521
08/26/2007,07:56:00,1019.25,111.875,77.734,66.293,0.0,166.0,56.625,160.015,4.876
08/26/2007,07:57:00,1019.25,111.75,76.474,66.306,0.0,166.75,58.688,182.432,6.671
08/26/2007,07:58:00,1019.289,112.438,76.943,66.345,0.0,166.25,61.031,196.016,4.815
08/26/2007,07:59:00,1019.289,112.5,77.296,66.468,0.0,165.5,63.281,199.645,4.018
08/26/2007,08:00:00,1019.289,112.75,76.163,66.559,0.0,165.375,65.188,175.057,5.898
08/26/2007,08:01:00,1019.327,112.5,76.506,66.662,0.0,168.125,67.125,175.479,6.318
08/26/2007,08:02:00,1019.327,112.875,76.817,66.747,0.0,168.875,68.125,165.539,4.316
08/26/2007,08:03:00,1019.327,113.063,76.024,66.824,0.0,170.25,68.938,163.994,5.448
08/26/2007,08:04:00,1019.289,113.0,74.692,66.812,0.0,170.125,69.438,168.775,6.671
08/26/2007,08:05:00,1019.327,110.813,75.897,66.837,0.0,22.953,33.844,177.782,6.458
08/26/2007,08:06:00,1019.289,110.188,77.002,66.637,0.0,14.953,32.906,169.43,3.792
08/26/2007,08:07:00,1019.289,110.375,76.354,66.455,0.0,28.203,37.813,167.288,3.008
08/26/2007,08:08:00,1019.289,111.625,77.19,66.423,0.0,43.438,43.094,179.954,3.592
08/26/2007,08:09:00,1019.289,111.125,76.785,66.449,0.0,16.156,37.219,163.819,4.839
08/26/2007,08:10:00,1019.25,112.75,76.412,66.371,0.0,133.625,69.563,180.581,4.413
08/26/2007,08:11:00,1019.25,113.125,77.423,66.481,0.0,96.438,60.969,171.486,3.671
08/26/2007,08:12:00,1019.25,113.25,75.512,66.559,0.0,119.75,68.25,189.749,6.531
08/26/2007,08:13:00,1019.25,111.375,75.091,66.52,0.0,34.75,45.813,172.754,8.514
08/26/2007,08:14:00,1019.25,112.563,76.114,66.436,0.0,97.125,63.938,188.991,6.805
08/26/2007,08:15:00,1019.25,111.25,74.919,66.397,0.0,24.656,43.375,168.862,9.312
08/26/2007,08:16:00,1019.25,111.563,75.943,66.371,0.0,57.469,51.75,177.053,7.005
08/26/2007,08:17:00,1019.25,110.938,76.519,66.319,0.0,51.844,49.313,205.986,5.995
08/26/2007,08:18:00,1019.289,111.75,75.91,66.371,0.0,52.906,48.344,197.124,5.533
08/26/2007,08:19:00,1019.289,110.875,76.292,66.481,0.0,41.781,43.906,181.922,5.819
08/26/2007,08:20:00,1019.289,113.875,76.163,66.494,0.0,180.625,84.75,200.739,5.472
08/26/2007,08:21:00,1019.289,113.875,75.855,66.675,0.0,181.0,84.75,173.861,5.551
08/26/2007,08:22:00,1019.289,113.938,74.939,66.876,0.0,178.875,83.938,173.322,6.233
08/26/2007,08:23:00,1019.289,113.938,75.211,67.077,0.0,187.125,86.625,171.559,5.947
08/26/2007,08:24:00,1019.289,110.5,75.862,67.22,0.0,8.0,30.703,214.133,4.711
08/26/2007,08:25:00,1019.289,109.313,74.576,66.941,0.0,3.637,30.219,175.625,5.125
08/26/2007,08:26:00,1019.327,112.438,74.851,66.824,0.0,168.25,84.25,178.292,7.218
08/26/2007,08:27:00,1019.327,113.25,74.9,66.889,0.0,182.5,89.938,173.06,8.813
08/26/2007,08:28:00,1019.289,111.313,74.427,67.038,0.0,57.063,47.938,196.585,8.63
08/26/2007,08:29:00,1019.289,110.688,74.806,67.019,0.0,99.125,61.719,182.228,8.764
08/26/2007,08:30:00,1019.289,110.438,75.593,67.09,0.0,49.406,43.938,188.364,4.699
08/26/2007,08:31:00,1019.327,113.375,75.159,67.181,0.0,175.125,86.125,183.161,5.563
08/26/2007,08:32:00,1019.289,113.188,74.297,67.356,0.0,182.75,88.563,204.732,7.742
08/26/2007,08:33:00,1019.327,113.938,74.692,67.615,0.0,192.5,91.938,167.915,5.089
08/26/2007,08:34:00,1019.327,113.563,75.262,67.823,0.0,192.375,92.125,191.294,4.304
08/26/2007,08:35:00,1019.289,113.438,73.685,68.049,0.0,193.625,93.0,179.429,6.829
08/26/2007,08:36:00,1019.289,113.313,72.788,68.114,0.0,195.625,94.375,165.845,5.947
08/26/2007,08:37:00,1019.289,113.438,72.558,68.211,0.0,195.625,94.875,152.057,5.46
08/26/2007,08:38:00,1019.289,113.0,71.434,68.224,0.0,196.5,95.688,170.509,7.687
08/26/2007,08:39:00,1019.25,113.625,72.814,68.276,0.0,197.875,96.688,168.119,8.441
08/26/2007,08:40:00,1019.25,113.063,71.347,68.25,0.0,200.0,98.0,173.206,8.764
08/26/2007,08:41:00,1019.25,113.125,71.875,68.276,0.0,200.375,98.813,173.978,8.581
08/26/2007,08:42:00,1019.25,113.188,72.691,68.328,0.0,199.75,99.188,166.37,7.018
08/26/2007,08:43:00,1019.289,113.563,71.56,68.445,0.0,200.75,100.5,177.199,7.949
08/26/2007,08:44:00,1019.289,114.063,72.675,68.568,0.0,202.25,101.875,199.019,5.101
08/26/2007,08:45:00,1019.25,114.188,71.055,68.607,0.0,203.625,103.375,202.837,7.626
08/26/2007,08:46:00,1019.25,113.938,70.903,68.749,0.0,203.0,103.875,170.261,6.068
08/26/2007,08:47:00,1019.25,114.375,71.434,68.911,0.0,203.375,104.688,193.363,3.744
08/26/2007,08:48:00,1019.25,113.938,70.935,69.06,0.0,203.625,105.625,181.718,8.788
08/26/2007,08:49:00,1019.327,114.438,71.664,69.184,0.0,203.875,106.5,195.419,4.364
08/26/2007,08:50:00,1019.327,114.375,70.884,69.235,0.0,202.5,106.625,185.609,7.863
08/26/2007,08:51:00,1019.327,113.75,71.56,69.197,0.0,203.0,107.625,209.076,4.328
08/26/2007,08:52:00,1019.327,113.813,71.625,69.274,0.0,203.75,108.813,178.584,5.399
08/26/2007,08:53:00,1019.327,114.375,70.061,69.352,0.0,204.875,110.063,193.451,6.306
08/26/2007,08:54:00,1019.327,113.875,70.527,69.3,0.0,205.125,111.063,190.39,7.255
08/26/2007,08:55:00,1019.327,115.125,71.939,69.371,0.0,206.75,112.625,196.701,6.056
08/26/2007,08:56:00,1019.327,114.5,70.757,69.553,0.0,206.375,113.375,189.209,7.291
08/26/2007,08:57:00,1019.327,114.063,67.829,69.605,0.0,206.375,114.188,193.291,6.16
08/26/2007,08:58:00,1019.327,113.438,69.507,69.514,0.0,206.25,115.25,182.053,11.021
08/26/2007,08:59:00,1019.327,114.125,69.216,69.397,0.0,206.625,116.375,180.231,6.409
08/26/2007,09:00:00,1019.327,113.125,69.766,69.326,0.0,203.75,116.125,181.12,10.449
08/26/2007,09:01:00,1019.365,114.438,71.182,69.3,0.0,205.25,117.875,183.583,7.754
08/26/2007,09:02:00,1019.327,113.813,70.346,69.371,0.0,201.0,116.75,173.861,8.429
08/26/2007,09:03:00,1019.327,114.063,69.627,69.384,0.0,202.125,118.125,171.369,9.312
08/26/2007,09:04:00,1019.365,114.563,69.734,69.501,0.0,201.75,118.875,147.276,3.506
08/26/2007,09:05:00,1019.327,115.25,70.518,69.754,0.0,205.75,121.813,245.5,3.47
08/26/2007,09:06:00,1019.327,115.25,68.655,69.871,0.0,207.125,123.375,196.293,6.111
08/26/2007,09:07:00,1019.327,115.625,68.186,70.007,0.0,208.625,125.0,157.231,5.934
08/26/2007,09:08:00,1019.327,115.125,68.701,70.02,0.0,206.375,124.938,163.848,6.695
08/26/2007,09:09:00,1019.327,115.75,68.516,70.136,0.0,205.875,125.563,169.941,6.908
08/26/2007,09:10:00,1019.327,115.25,69.999,70.149,0.0,207.125,127.125,162.347,5.746
08/26/2007,09:11:00,1019.289,115.313,67.868,70.324,0.0,207.125,127.813,182.753,6.433
08/26/2007,09:12:00,1019.289,114.375,68.205,70.227,0.0,206.75,128.625,169.401,8.088
08/26/2007,09:13:00,1019.25,115.25,67.651,70.246,0.0,206.5,129.5,151.138,8.155
08/26/2007,09:14:00,1019.25,116.125,68.186,70.311,0.0,205.875,130.125,179.152,7.839
08/26/2007,09:15:00,1019.25,116.125,67.849,70.467,0.0,205.875,130.875,187.227,7.614
08/26/2007,09:16:00,1019.289,116.188,68.075,70.525,0.0,206.625,132.375,196.264,5.849
08/26/2007,09:17:00,1019.327,115.938,67.907,70.564,0.0,206.75,133.375,177.17,4.851
08/26/2007,09:18:00,1019.327,115.813,67.285,70.7,0.0,207.0,134.5,186.323,4.462
08/26/2007,09:19:00,1019.327,116.563,67.525,70.901,0.0,206.625,135.125,200.389,3.866
08/26/2007,09:20:00,1019.327,116.563,66.275,71.082,0.0,207.125,136.25,182.373,8.49
08/26/2007,09:21:00,1019.365,116.125,66.009,71.069,0.0,206.0,136.625,173.57,7.79
08/26/2007,09:22:00,1019.365,116.375,66.469,71.005,0.0,205.5,137.5,190.434,7.815
08/26/2007,09:23:00,1019.404,115.625,64.636,70.992,0.0,205.875,138.75,170.145,10.188
08/26/2007,09:24:00,1019.365,116.563,67.923,70.992,0.0,206.875,140.25,183.19,5.697
08/26/2007,09:25:00,1019.365,116.313,64.804,71.057,0.0,205.375,140.625,152.217,9.336
08/26/2007,09:26:00,1019.365,115.688,65.458,71.102,0.0,205.5,141.875,174.969,8.691
08/26/2007,09:27:00,1019.365,116.625,65.329,71.082,0.0,205.875,143.125,178.671,12.226
08/26/2007,09:28:00,1019.365,115.875,64.623,70.953,0.0,205.625,144.125,171.456,11.764
08/26/2007,09:29:00,1019.365,116.875,65.718,71.031,0.0,204.875,145.0,186.717,7.699
08/26/2007,09:30:00,1019.404,116.188,64.976,71.206,0.0,204.5,146.0,159.738,9.5
08/26/2007,09:31:00,1019.365,117.0,64.017,71.27,0.0,202.75,146.0,175.625,8.241
08/26/2007,09:32:00,1019.365,117.25,66.142,71.445,0.0,201.125,146.0,201.963,7.206
08/26/2007,09:33:00,1019.365,116.375,63.441,71.51,0.0,199.5,146.0,174.751,15.36
08/26/2007,09:34:00,1019.365,115.813,64.351,71.419,0.0,200.375,147.625,190.9,8.916
08/26/2007,09:35:00,1019.327,115.25,63.755,71.348,0.0,201.75,149.5,170.509,11.344
08/26/2007,09:36:00,1019.327,116.688,64.458,71.361,0.0,203.0,151.0,178.059,10.748
08/26/2007,09:37:00,1019.327,117.125,65.096,71.484,0.0,203.75,152.75,156.969,6.47
08/26/2007,09:38:00,1019.327,116.938,65.05,71.64,0.0,203.5,153.75,172.01,9.324
08/26/2007,09:39:00,1019.404,118.188,66.45,71.789,0.0,204.0,155.0,176.82,6.944
08/26/2007,09:40:00,1019.365,117.063,62.378,71.97,0.0,202.625,155.125,188.553,8.545
08/26/2007,09:41:00,1019.365,115.438,62.524,71.88,0.0,202.75,156.5,172.127,13.571
08/26/2007,09:42:00,1019.365,117.063,65.533,71.737,0.0,202.25,157.375,164.198,9.348
08/26/2007,09:43:00,1019.404,116.438,63.742,71.854,0.0,201.0,157.5,189.151,7.255
08/26/2007,09:44:00,1019.404,117.438,65.015,72.029,0.0,201.5,158.5,192.81,10.869
08/26/2007,09:45:00,1019.48,118.125,64.937,72.081,0.0,201.875,159.875,181.31,3.866
08/26/2007,09:46:00,1019.48,118.438,64.516,72.314,0.0,202.625,161.5,193.626,6.695
08/26/2007,09:47:00,1019.48,116.688,63.68,72.443,0.0,202.875,162.625,207.735,9.573
08/26/2007,09:48:00,1019.519,117.5,62.155,72.456,0.0,202.0,163.25,188.524,11.265
08/26/2007,09:49:00,1019.519,117.813,63.123,72.43,0.0,201.5,163.875,208.274,7.729
08/26/2007,09:50:00,1019.519,118.063,63.959,72.482,0.0,202.0,165.375,199.252,6.768
08/26/2007,09:51:00,1019.519,117.125,62.359,72.618,0.0,201.625,166.375,175.654,9.001
08/26/2007,09:52:00,1019.557,117.625,62.126,72.683,0.0,201.25,167.5,176.908,7.377
08/26/2007,09:53:00,1019.557,118.625,63.35,72.631,0.0,201.0,168.5,168.425,6.385
08/26/2007,09:54:00,1019.557,119.313,63.25,72.748,0.0,199.75,169.125,197.663,7.054
08/26/2007,09:55:00,1019.519,119.313,64.817,73.014,0.0,201.0,171.125,189.705,8.125
08/26/2007,09:56:00,1019.519,117.375,62.919,73.079,0.0,199.625,171.5,164.169,9.549
08/26/2007,09:57:00,1019.519,118.313,62.048,73.04,0.0,199.25,172.0,188.277,8.776
08/26/2007,09:58:00,1019.557,118.938,63.13,73.079,0.0,199.25,173.625,189.749,7.626
08/26/2007,09:59:00,1019.519,118.438,61.896,73.176,0.0,199.0,174.625,204.018,9.062
08/26/2007,10:00:00,1019.519,117.5,62.391,73.13,0.0,197.75,175.375,192.27,11.32
08/26/2007,10:01:00,1019.519,116.063,60.315,72.858,0.0,197.0,176.0,184.837,16.127
08/26/2007,10:02:00,1019.48,116.375,62.492,72.683,0.0,196.125,176.875,179.998,11.867
08/26/2007,10:03:00,1019.48,117.938,62.492,72.644,0.0,194.5,177.125,176.602,8.028
08/26/2007,10:04:00,1019.48,117.563,62.061,72.761,0.0,194.25,178.5,168.512,10.346
08/26/2007,10:05:00,1019.48,116.5,61.967,72.735,0.0,194.125,179.875,163.6,13.224
08/26/2007,10:06:00,1019.48,117.75,60.671,72.787,0.0,192.875,180.25,198.581,12.701
08/26/2007,10:07:00,1019.48,119.563,61.345,72.761,0.0,192.75,181.5,191.439,8.654
08/26/2007,10:08:00,1019.442,120.063,62.278,73.001,0.0,192.125,182.25,174.853,7.602
08/26/2007,10:09:00,1019.442,120.438,63.136,73.241,0.0,192.0,183.25,210.227,4.389
08/26/2007,10:10:00,1019.442,120.063,60.684,73.422,0.0,191.5,184.0,182.286,9.086
08/26/2007,10:11:00,1019.48,121.313,60.999,73.584,0.0,191.375,185.25,201.074,6.482
08/26/2007,10:12:00,1019.48,121.625,61.067,73.908,0.0,191.0,186.25,178.351,7.912
08/26/2007,10:13:00,1019.48,119.563,60.169,74.031,0.0,189.875,186.625,208.595,11.679
08/26/2007,10:14:00,1019.48,120.5,59.217,73.986,0.0,188.75,187.125,188.131,8.545
08/26/2007,10:15:00,1019.519,120.5,59.493,73.882,0.0,187.5,187.75,203.362,7.541
08/26/2007,10:16:00,1019.48,120.375,60.555,73.986,0.0,186.875,188.75,203.756,6.33
08/26/2007,10:17:00,1019.48,121.0,60.62,73.96,0.0,185.0,189.0,192.095,4.59
08/26/2007,10:18:00,1019.48,120.5,59.263,73.96,0.0,184.875,190.375,176.747,10.358
08/26/2007,10:19:00,1019.48,119.375,59.12,73.772,0.0,183.125,191.25,192.547,10.681
08/26/2007,10:20:00,1019.442,120.688,60.202,73.83,0.0,182.0,192.0,199.368,6.494
08/26/2007,10:21:00,1019.442,120.375,60.937,73.947,0.0,180.875,193.0,188.014,8.819
08/26/2007,10:22:00,1019.442,121.188,60.399,74.148,0.0,179.0,193.0,192.489,7.888
08/26/2007,10:23:00,1019.404,121.75,60.999,74.239,0.0,178.625,195.0,203.275,6.032
08/26/2007,10:24:00,1019.404,121.75,60.937,74.349,0.0,175.75,194.0,200.505,3.878
08/26/2007,10:25:00,1019.404,121.25,59.797,74.401,0.0,175.5,195.875,185.755,10.382
08/26/2007,10:26:00,1019.365,121.25,61.543,74.349,0.0,174.0,195.75,190.099,7.005
08/26/2007,10:27:00,1019.327,120.0,58.304,74.414,0.0,172.5,196.25,167.113,9.762
08/26/2007,10:28:00,1019.365,122.0,60.228,74.336,0.0,172.25,197.125,213.9,8.49
08/26/2007,10:29:00,1019.327,120.938,57.828,74.666,0.0,171.25,197.625,176.368,9.859
08/26/2007,10:30:00,1019.289,121.813,61.193,74.504,0.0,170.375,197.875,170.48,8.113
08/26/2007,10:31:00,1019.289,122.375,59.567,74.615,0.0,170.375,199.75,196.643,7.45
08/26/2007,10:32:00,1019.289,121.313,58.152,74.718,0.0,170.375,201.25,186.323,9.701
08/26/2007,10:33:00,1019.289,121.688,59.739,74.653,0.0,169.625,202.0,167.492,8.63
08/26/2007,10:34:00,1019.327,121.813,59.373,74.718,0.0,169.25,203.125,193.349,6.792
08/26/2007,10:35:00,1019.289,123.375,60.752,74.945,0.0,168.375,203.625,200.083,4.851
08/26/2007,10:36:00,1019.289,122.188,60.733,74.945,0.0,168.125,205.125,200.272,7.255
08/26/2007,10:37:00,1019.25,122.438,57.676,75.023,0.0,167.0,205.5,190.667,8.393
08/26/2007,10:38:00,1019.25,123.625,60.859,75.14,0.0,167.0,206.875,217.573,4.723
08/26/2007,10:39:00,1019.212,122.875,59.58,75.263,0.0,166.0,207.75,166.632,7.182
08/26/2007,10:40:00,1019.174,122.063,59.243,75.237,0.0,164.375,208.375,166.136,7.638
08/26/2007,10:41:00,1019.174,120.0,57.701,75.049,0.0,162.875,209.25,163.761,9.312
08/26/2007,10:42:00,1019.135,121.188,58.051,74.783,0.0,161.375,209.375,162.23,9.512
08/26/2007,10:43:00,1019.174,122.563,58.932,74.893,0.0,160.25,210.125,192.722,8.843
08/26/2007,10:44:00,1019.174,122.188,58.952,74.822,0.0,158.0,210.625,190.988,8.295
08/26/2007,10:45:00,1019.174,122.813,61.889,74.848,0.0,155.875,210.75,184.545,8.63
08/26/2007,10:46:00,1019.135,122.25,57.773,74.77,0.0,154.5,211.5,202.386,10.559
08/26/2007,10:47:00,1019.135,122.563,57.274,74.848,0.0,153.625,212.125,173.745,14.599
08/26/2007,10:48:00,1019.097,123.25,59.538,74.796,0.0,151.75,212.625,172.039,8.295
08/26/2007,10:49:00,1019.097,123.625,60.195,75.036,0.0,150.375,212.875,148.617,11.009
08/26/2007,10:50:00,1019.059,121.438,60.448,75.302,0.0,149.125,214.25,163.28,16.102
08/26/2007,10:51:00,1019.021,122.125,58.906,75.075,0.0,148.5,214.75,155.963,15.993
08/26/2007,10:52:00,1019.021,122.375,59.34,75.152,0.0,147.375,215.375,172.127,14.575
08/26/2007,10:53:00,1019.021,121.0,57.951,75.049,0.0,146.25,216.25,146.868,16.042
08/26/2007,10:54:00,1019.021,120.125,57.174,74.718,0.0,146.125,218.0,168.09,12.439
08/26/2007,10:55:00,1018.982,121.375,57.633,74.569,0.0,144.25,217.5,165.218,14.198
08/26/2007,10:56:00,1018.944,124.313,60.05,74.796,0.0,144.0,218.625,163.542,4.827
08/26/2007,10:57:00,1018.982,123.063,57.931,75.101,0.0,142.5,218.75,158.513,13.461
08/26/2007,10:58:00,1018.982,121.875,60.131,74.822,0.0,142.0,220.625,162.624,12.427
08/26/2007,10:59:00,1018.944,123.25,57.225,74.848,0.0,142.125,221.625,162.318,12.165
08/26/2007,11:00:00,1018.925,121.188,56.584,74.744,0.0,140.25,222.0,157.858,18.244
08/26/2007,11:01:00,1018.982,122.75,58.495,74.705,0.0,139.25,222.625,167.259,10.784
08/26/2007,11:02:00,1018.944,123.125,57.319,74.893,0.0,138.25,223.25,167.521,12.871
08/26/2007,11:03:00,1018.944,124.063,58.382,74.874,0.0,137.375,224.0,179.458,10.322
08/26/2007,11:04:00,1018.944,122.75,56.101,75.075,0.0,135.5,223.375,158.251,15.67
08/26/2007,11:05:00,1018.886,124.938,57.446,75.075,0.0,134.375,223.875,150.934,11.916
08/26/2007,11:06:00,1018.886,124.188,57.974,74.971,0.0,133.125,224.375,142.903,10.498
08/26/2007,11:07:00,1018.925,123.938,57.931,75.036,0.0,132.0,224.375,145.673,9.762
08/26/2007,11:08:00,1018.886,125.563,56.503,75.101,0.0,132.25,226.625,185.23,7.243
08/26/2007,11:09:00,1018.886,124.625,56.387,75.276,0.0,130.875,227.5,176.004,12.597
08/26/2007,11:10:00,1018.886,125.063,56.153,75.172,0.0,129.5,228.0,187.256,11.654
08/26/2007,11:11:00,1018.886,124.375,58.349,75.327,0.0,128.75,229.25,179.458,12.689
08/26/2007,11:12:00,1018.886,123.688,55.428,75.379,0.0,127.438,229.5,167.201,15.421
08/26/2007,11:13:00,1018.925,122.625,55.962,75.049,0.0,125.875,230.5,167.74,15.317
08/26/2007,11:14:00,1018.925,123.563,56.04,74.971,0.0,124.5,230.5,163.659,12.287
08/26/2007,11:15:00,1018.944,125.188,56.817,74.997,0.0,123.375,230.625,195.273,10.51
08/26/2007,11:16:00,1018.944,124.25,56.519,75.237,0.0,122.313,231.5,158.426,15.482
08/26/2007,11:17:00,1018.944,125.0,55.988,75.438,0.0,121.063,232.375,160.583,9.561
08/26/2007,11:18:00,1018.944,126.438,57.319,75.438,0.0,119.75,232.0,164.796,11.356
08/26/2007,11:19:00,1018.925,124.75,56.374,75.438,0.0,118.313,232.625,165.029,9.525
08/26/2007,11:20:00,1018.886,125.125,56.697,75.405,0.0,117.875,233.0,168.6,11.819
08/26/2007,11:21:00,1018.886,128.0,58.608,75.652,0.0,117.0,233.75,169.372,7.565
08/26/2007,11:22:00,1018.886,128.625,60.082,76.079,0.0,116.125,234.25,179.094,4.291
08/26/2007,11:23:00,1018.848,125.688,57.225,76.423,0.0,114.938,235.125,157.566,16.467
08/26/2007,11:24:00,1018.81,123.188,56.027,76.053,0.0,113.563,235.5,161.997,15.92
08/26/2007,11:25:00,1018.771,125.688,58.589,75.69,0.0,113.25,236.125,138.953,9.871
08/26/2007,11:26:00,1018.733,125.5,58.974,75.904,0.0,112.0,236.625,137.889,13.176
08/26/2007,11:27:00,1018.733,125.938,57.676,75.865,0.0,111.563,237.875,158.397,15.232
08/26/2007,11:28:00,1018.695,125.25,56.649,75.827,0.0,110.5,238.5,147.509,15.658
08/26/2007,11:29:00,1018.695,125.125,55.69,75.729,0.0,109.25,238.5,136.009,8.752
08/26/2007,11:30:00,1018.695,124.125,56.642,75.639,0.0,108.188,239.625,155.613,16.279
08/26/2007,11:31:00,1018.733,127.875,58.589,75.69,0.0,107.813,240.5,177.841,11.082
08/26/2007,11:32:00,1018.657,126.625,55.509,75.852,0.0,106.75,241.125,171.879,12.61
08/26/2007,11:33:00,1018.657,126.5,56.247,75.943,0.0,105.875,242.125,158.616,9.64
08/26/2007,11:34:00,1018.657,126.813,57.021,76.183,0.0,104.563,242.5,169.853,10.93
08/26/2007,11:35:00,1018.657,123.313,54.009,75.852,0.0,102.688,242.75,160.306,13.2
08/26/2007,11:36:00,1018.695,126.938,57.925,75.677,0.0,102.438,243.125,137.918,11.131
08/26/2007,11:37:00,1018.695,125.063,55.467,75.814,0.0,100.875,243.0,170.203,16.492
08/26/2007,11:38:00,1018.733,125.125,55.055,75.703,0.0,100.063,244.75,182.694,18.36
08/26/2007,11:39:00,1018.733,125.125,55.522,75.762,0.0,99.563,245.875,174.911,18.019
08/26/2007,11:40:00,1018.695,125.313,56.357,75.509,0.0,97.75,245.75,162.565,11.788
08/26/2007,11:41:00,1018.695,127.75,56.762,75.639,0.0,97.563,246.125,177.432,8.855
08/26/2007,11:42:00,1018.733,126.688,57.3,75.827,0.0,95.938,246.375,184.808,10.431
08/26/2007,11:43:00,1018.695,125.813,54.764,75.852,0.0,95.625,248.25,159.169,13.522
08/26/2007,11:44:00,1018.695,124.25,54.064,75.814,0.0,94.0,247.375,155.963,14.496
08/26/2007,11:45:00,1018.657,126.563,55.949,75.852,0.0,94.125,248.625,137.948,10.06
08/26/2007,11:46:00,1018.657,127.125,57.034,76.079,0.0,93.688,249.875,174.692,12.798
08/26/2007,11:47:00,1018.657,126.438,54.048,76.248,0.0,92.5,250.0,169.941,14.246
08/26/2007,11:48:00,1018.657,125.063,53.63,76.235,0.0,91.313,250.375,159.024,14.922
08/26/2007,11:49:00,1018.657,127.375,55.473,76.326,0.0,90.813,250.5,158.018,14.825
08/26/2007,11:50:00,1018.657,126.688,56.506,76.397,0.0,89.688,251.125,169.576,10.133
08/26/2007,11:51:00,1018.657,126.5,54.534,76.313,0.0,88.625,251.25,175.654,13.9
08/26/2007,11:52:00,1018.657,125.438,53.763,76.144,0.0,87.625,251.625,174.459,16.638
08/26/2007,11:53:00,1018.58,125.0,53.575,75.995,0.0,86.938,252.375,170.83,14.794
08/26/2007,11:54:00,1018.58,126.813,55.729,76.021,0.0,86.125,252.625,130.66,9.366
08/26/2007,11:55:00,1018.58,126.25,56.228,76.144,0.0,85.125,253.375,166.924,12.798
08/26/2007,11:56:00,1018.657,126.188,54.307,76.17,0.0,84.188,253.625,162.565,12.628
08/26/2007,11:57:00,1018.618,125.625,54.965,75.995,0.0,83.563,254.25,156.648,11.63
08/26/2007,11:58:00,1018.618,125.563,54.825,76.144,0.0,81.938,253.875,166.53,18.244
08/26/2007,11:59:00,1018.58,126.75,54.586,76.079,0.0,81.0,253.875,174.517,14.624
08/26/2007,12:00:00,1018.618,126.875,54.314,76.053,0.0,80.625,255.375,167.638,15.457
08/26/2007,12:01:00,1018.618,128.625,55.735,76.209,0.0,80.688,256.0,172.695,8.271
08/26/2007,12:02:00,1018.58,130.0,55.816,76.688,0.0,79.438,256.25,178.263,7.626
08/26/2007,12:03:00,1018.58,126.875,52.396,77.019,0.0,78.125,257.0,164.446,14.484
08/26/2007,12:04:00,1018.58,127.625,53.06,76.98,0.0,77.5,257.75,180.945,15.719
08/26/2007,12:05:00,1018.58,127.375,53.131,76.857,0.0,76.688,258.0,174.882,13.681
08/26/2007,12:06:00,1018.542,127.375,53.747,76.701,0.0,76.5,259.0,160.583,14.052
08/26/2007,12:07:00,1018.503,128.625,54.181,76.792,0.0,75.75,259.25,160.248,12.378
08/26/2007,12:08:00,1018.503,129.0,55.671,76.993,0.0,74.813,259.0,160.729,11.167
08/26/2007,12:09:00,1018.465,127.25,52.775,76.941,0.0,73.875,258.75,175.713,13.784
08/26/2007,12:10:00,1018.465,127.563,52.859,76.779,0.0,73.25,259.25,182.927,15.792
08/26/2007,12:11:00,1018.427,126.125,53.423,76.591,0.0,72.0,259.5,180.974,14.411
08/26/2007,12:12:00,1018.465,127.25,54.401,76.727,0.0,71.563,259.5,175.625,10.358
08/26/2007,12:13:00,1018.465,127.063,52.092,76.753,0.0,70.75,260.25,189.749,11.819
08/26/2007,12:14:00,1018.427,127.813,53.497,76.792,0.0,70.5,261.0,202.648,8.855
08/26/2007,12:15:00,1018.427,129.25,52.908,76.967,0.0,69.688,261.0,171.398,11.502
08/26/2007,12:16:00,1018.388,128.0,50.961,76.928,0.0,68.688,261.25,169.139,12.336
08/26/2007,12:17:00,1018.35,127.875,52.892,76.941,0.0,67.938,261.75,170.48,11.928
08/26/2007,12:18:00,1018.35,129.25,55.036,77.213,0.0,67.75,262.25,165.072,11.453
08/26/2007,12:19:00,1018.35,129.625,55.982,77.531,0.0,67.0,262.5,165.189,8.405
08/26/2007,12:20:00,1018.274,128.0,53.365,77.544,0.0,65.813,262.75,143.064,15.603
08/26/2007,12:21:00,1018.312,128.125,55.509,77.116,0.0,64.688,262.5,159.956,9.038
08/26/2007,12:22:00,1018.312,130.0,57.62,77.265,0.0,64.688,263.0,185.697,11.07
08/26/2007,12:23:00,1018.274,128.125,54.757,77.499,0.0,63.313,263.0,146.897,12.165
08/26/2007,12:24:00,1018.274,127.313,52.788,77.317,0.0,62.344,263.5,175.567,12.914
08/26/2007,12:25:00,1018.274,130.0,54.314,77.395,0.0,62.063,263.5,184.749,12.287
08/26/2007,12:26:00,1018.235,129.75,54.433,77.447,0.0,61.156,263.75,200.214,9.871
08/26/2007,12:27:00,1018.235,130.75,54.048,77.849,0.0,60.844,264.25,179.692,10.608
08/26/2007,12:28:00,1018.197,131.625,56.837,78.153,0.0,60.125,264.75,156.109,6.123
08/26/2007,12:29:00,1018.197,129.75,54.446,78.361,0.0,59.375,265.0,180.887,11.034
08/26/2007,12:30:00,1018.235,128.625,52.872,78.361,0.0,59.125,265.75,177.52,10.632
08/26/2007,12:31:00,1018.197,125.75,49.977,77.862,0.0,57.625,265.75,158.455,16.875
08/26/2007,12:32:00,1018.197,128.625,54.592,77.382,0.0,57.656,266.25,139.769,8.752
08/26/2007,12:33:00,1018.197,126.438,52.688,77.395,0.0,56.781,266.5,159.024,17.338
08/26/2007,12:34:00,1018.197,127.188,53.74,77.304,0.0,56.406,267.0,168.308,15.579
08/26/2007,12:35:00,1018.235,127.063,53.157,77.142,0.0,55.594,267.5,170.334,15.305
08/26/2007,12:36:00,1018.197,128.125,54.148,77.064,0.0,54.719,267.25,174.007,14.052
08/26/2007,12:37:00,1018.197,128.5,53.245,77.291,0.0,54.563,268.0,168.6,13.084
08/26/2007,12:38:00,1018.159,128.5,54.744,77.33,0.0,53.531,268.0,141.271,12.263
08/26/2007,12:39:00,1018.12,127.375,54.097,77.226,0.0,53.094,268.5,140.615,12.153
08/26/2007,12:40:00,1018.12,127.688,55.69,77.447,0.0,52.688,268.25,166.632,16.711
08/26/2007,12:41:00,1018.082,131.125,55.894,77.486,0.0,52.5,268.0,125.486,3.123
08/26/2007,12:42:00,1018.082,130.625,55.599,78.082,0.0,51.219,267.75,134.435,6.342
08/26/2007,12:43:00,1018.063,128.25,54.103,78.296,0.0,50.813,268.75,158.557,12.512
08/26/2007,12:44:00,1018.063,127.938,51.564,78.153,0.0,50.063,269.75,155.278,13.224
08/26/2007,12:45:00,1018.063,128.875,52.464,78.205,0.0,49.781,270.0,165.072,13.474
08/26/2007,12:46:00,1018.025,128.5,51.684,78.056,0.0,48.875,270.0,164.737,11.679
08/26/2007,12:47:00,1017.986,130.0,55.535,78.043,0.0,48.5,269.5,133.866,4.863
08/26/2007,12:48:00,1017.986,130.75,52.833,78.14,0.0,47.938,269.75,183.131,4.602
08/26/2007,12:49:00,1017.986,130.25,54.116,78.309,0.0,47.0,269.5,98.565,6.829
08/26/2007,12:50:00,1017.986,128.75,52.846,78.335,0.0,45.938,269.0,140.046,8.192
08/26/2007,12:51:00,1017.986,128.75,51.055,78.257,0.0,45.344,268.75,170.713,10.109
08/26/2007,12:52:00,1017.986,129.0,51.936,78.101,0.0,44.781,269.0,165.597,10.382
08/26/2007,12:53:00,1017.986,130.0,53.112,78.127,0.0,44.125,269.5,178.584,11.271
08/26/2007,12:54:00,1017.986,128.625,52.238,78.088,0.0,43.375,269.5,162.77,12.287
08/26/2007,12:55:00,1017.948,130.5,53.164,78.03,0.0,42.75,269.75,148.646,16.163
08/26/2007,12:56:00,1017.91,129.875,55.276,77.874,0.0,42.719,270.5,129.246,5.162
08/26/2007,12:57:00,1017.91,128.125,53.86,77.823,0.0,41.094,270.0,140.28,8.381
08/26/2007,12:58:00,1017.948,129.0,53.883,77.978,0.0,40.906,269.5,137.7,5.521
08/26/2007,12:59:00,1017.948,130.625,53.847,78.27,0.0,40.969,270.25,167.769,8.295
08/26/2007,13:00:00,1017.986,127.875,53.601,78.004,0.0,39.594,270.5,140.761,13.991
08/26/2007,13:01:00,1017.948,127.688,54.194,77.674,0.0,39.313,271.0,166.224,10.833
08/26/2007,13:02:00,1017.91,129.75,56.908,77.648,0.0,38.969,271.25,159.446,7.602
08/26/2007,13:03:00,1017.871,133.25,54.851,78.127,0.0,38.813,270.0,139.697,11.514
08/26/2007,13:04:00,1017.91,130.0,55.862,78.309,0.0,38.156,270.0,169.052,10.693
08/26/2007,13:05:00,1017.91,133.5,57.701,78.536,0.0,37.875,270.75,114.627,7.078
08/26/2007,13:06:00,1017.91,127.563,52.561,78.432,0.0,36.688,271.25,171.792,12.141
08/26/2007,13:07:00,1017.871,130.75,57.786,78.296,0.0,36.938,271.25,180.377,7.34
08/26/2007,13:08:00,1017.833,128.875,53.031,78.484,0.0,36.625,272.0,156.939,15.159
08/26/2007,13:09:00,1017.871,127.75,54.084,78.309,0.0,35.625,272.25,171.107,15.591
08/26/2007,13:10:00,1017.871,126.063,51.651,78.03,0.0,35.031,272.25,164.402,16.017
08/26/2007,13:11:00,1017.91,126.125,52.296,77.751,0.0,34.531,272.25,156.91,14.234
08/26/2007,13:12:00,1017.871,129.75,54.466,77.777,0.0,34.875,272.25,176.164,7.078
08/26/2007,13:13:00,1017.91,131.25,52.464,78.283,0.0,34.375,272.75,183.554,11.606
08/26/2007,13:14:00,1017.871,130.25,53.701,78.361,0.0,33.438,273.25,196.351,7.553
08/26/2007,13:15:00,1017.833,129.125,51.771,78.335,0.0,33.125,273.5,176.164,9.287
08/26/2007,13:16:00,1017.795,130.125,52.561,78.548,0.0,33.031,274.0,163.819,8.204
08/26/2007,13:17:00,1017.833,130.375,51.583,78.691,0.0,32.313,273.75,186.411,14.983
08/26/2007,13:18:00,1017.795,128.125,51.334,78.471,0.0,31.469,273.0,178.584,13.985
08/26/2007,13:19:00,1017.833,128.625,52.966,78.244,0.0,30.891,273.0,172.039,14.399
08/26/2007,13:20:00,1017.871,128.375,54.058,78.179,0.0,30.766,272.5,216.116,8.454
08/26/2007,13:21:00,1017.833,129.0,53.663,78.231,0.0,29.953,272.0,175.377,12.324
08/26/2007,13:22:00,1017.833,129.5,53.65,78.283,0.0,29.344,271.75,165.247,12.299
08/26/2007,13:23:00,1017.756,130.25,54.89,78.445,0.0,29.25,272.5,156.648,11.776
08/26/2007,13:24:00,1017.795,126.938,52.396,78.548,0.0,28.969,272.5,166.588,16.729
08/26/2007,13:25:00,1017.756,128.0,53.575,78.361,0.0,28.328,272.5,166.166,11.131
08/26/2007,13:26:00,1017.718,127.438,52.947,78.348,0.0,28.109,273.5,161.239,12.403
08/26/2007,13:27:00,1017.718,128.0,54.155,78.14,0.0,27.828,273.25,169.62,10.735
08/26/2007,13:28:00,1017.68,130.375,54.965,78.406,0.0,28.016,273.25,167.579,9.75
08/26/2007,13:29:00,1017.68,126.688,52.014,78.348,0.0,26.938,273.0,164.446,13.595
08/26/2007,13:30:00,1017.68,128.125,55.11,78.218,0.0,26.719,273.25,161.137,14.173
08/26/2007,13:31:00,1017.68,129.625,53.925,78.296,0.0,26.813,273.0,182.753,12.311
08/26/2007,13:32:00,1017.603,130.375,56.558,78.348,0.0,26.406,273.0,172.972,10.748
08/26/2007,13:33:00,1017.603,129.625,53.931,78.322,0.0,26.156,273.5,180.552,7.127
08/26/2007,13:34:00,1017.603,130.25,54.453,78.419,0.0,25.578,273.0,188.014,12.762
08/26/2007,13:35:00,1017.527,130.75,53.326,78.561,0.0,25.641,273.25,197.211,7.614
08/26/2007,13:36:00,1017.527,128.875,54.508,78.587,0.0,24.922,272.5,222.718,11.49
08/26/2007,13:37:00,1017.527,130.5,54.514,78.672,0.0,24.828,272.5,188.043,9.573
08/26/2007,13:38:00,1017.527,128.75,53.617,78.769,0.0,24.219,271.5,113.49,11.727
08/26/2007,13:39:00,1017.527,127.438,52.999,78.613,0.0,23.688,271.5,165.714,12.451
08/26/2007,13:40:00,1017.488,131.5,54.446,78.704,0.0,23.906,271.25,161.079,10.997
08/26/2007,13:41:00,1017.527,126.875,52.6,78.937,0.0,23.109,270.75,161.254,16.899
08/26/2007,13:42:00,1017.488,126.188,53.099,78.296,0.0,22.234,270.5,157.828,13.991
08/26/2007,13:43:00,1017.527,129.5,56.299,78.231,0.0,22.797,271.5,157.304,10.212
08/26/2007,13:44:00,1017.45,129.5,55.308,78.536,0.0,22.359,272.0,139.07,7.206
08/26/2007,13:45:00,1017.488,128.375,53.271,78.659,0.0,21.781,271.75,166.953,11.24
08/26/2007,13:46:00,1017.527,129.75,53.569,78.646,0.0,21.875,272.5,158.732,11.058
08/26/2007,13:47:00,1017.488,130.625,54.916,78.672,0.0,21.688,271.75,190.842,5.533
08/26/2007,13:48:00,1017.488,131.625,54.858,78.795,0.0,21.375,271.5,151.474,6.257
08/26/2007,13:49:00,1017.45,130.375,54.612,78.957,0.0,21.0,270.75,175.232,10.273
08/26/2007,13:50:00,1017.488,130.0,53.951,78.646,0.0,20.609,271.5,190.958,11.405
08/26/2007,13:51:00,1017.45,129.0,53.332,78.574,0.0,20.297,270.75,166.166,11.977
08/26/2007,13:52:00,1017.45,130.25,55.697,78.561,0.0,20.172,270.0,171.369,9.634
08/26/2007,13:53:00,1017.45,131.75,56.597,78.957,0.0,20.234,269.75,132.773,4.078
08/26/2007,13:54:00,1017.45,133.375,54.197,79.352,0.0,19.922,269.0,157.741,12.366
08/26/2007,13:55:00,1017.45,128.375,52.17,79.242,0.0,18.938,268.75,151.415,13.407
08/26/2007,13:56:00,1017.488,128.5,54.187,78.847,0.0,18.906,268.5,173.293,12.348
08/26/2007,13:57:00,1017.45,129.75,54.618,78.782,0.0,18.969,268.0,158.674,13.011
08/26/2007,13:58:00,1017.45,131.375,55.35,78.847,0.0,18.625,267.25,197.78,9.36
08/26/2007,13:59:00,1017.488,127.063,53.462,79.009,0.0,17.984,268.5,151.313,15.47
08/26/2007,14:00:00,1017.45,128.25,56.497,78.704,0.0,17.391,268.25,150.264,6.184
08/26/2007,14:01:00,1017.488,127.563,52.733,78.996,0.0,17.422,267.5,174.751,15.804
08/26/2007,14:02:00,1017.45,127.938,53.08,78.646,0.0,17.203,267.25,182.927,12.378
08/26/2007,14:03:00,1017.45,130.0,54.66,78.523,0.0,17.047,267.75,186.688,12.202
08/26/2007,14:04:00,1017.45,130.875,56.076,78.782,0.0,17.109,267.5,177.899,12.537
08/26/2007,14:05:00,1017.45,129.75,54.343,78.808,0.0,16.375,267.5,190.434,11.283
08/26/2007,14:06:00,1017.45,131.375,55.823,78.937,0.0,16.375,266.25,179.633,7.626
08/26/2007,14:07:00,1017.412,131.625,56.552,79.112,0.0,15.875,265.25,212.486,8.867
08/26/2007,14:08:00,1017.373,129.875,54.66,79.06,0.0,15.75,264.75,183.496,12.628
08/26/2007,14:09:00,1017.335,128.875,53.883,79.035,0.0,15.586,265.0,171.311,14.922
08/26/2007,14:10:00,1017.335,129.0,55.587,79.177,0.0,15.523,264.75,160.554,11.271
08/26/2007,14:11:00,1017.335,128.25,53.549,79.229,0.0,15.055,264.0,162.026,16.638
08/26/2007,14:12:00,1017.297,126.875,56.526,78.73,0.0,14.359,263.0,170.597,11.855
08/26/2007,14:13:00,1017.258,129.5,54.022,78.717,0.0,14.641,264.0,149.695,11.393
08/26/2007,14:14:00,1017.297,127.0,53.523,78.633,0.0,13.914,262.5,154.243,14.958
08/26/2007,14:15:00,1017.258,128.25,55.295,78.6,0.0,14.164,263.25,158.82,13.747
08/26/2007,14:16:00,1017.22,130.0,54.932,78.659,0.0,14.258,262.5,170.713,14.399
08/26/2007,14:17:00,1017.258,128.375,54.56,78.672,0.0,13.727,262.5,172.462,15.281
08/26/2007,14:18:00,1017.22,129.0,53.193,78.587,0.0,13.625,261.75,169.401,15.92
08/26/2007,14:19:00,1017.163,129.75,56.882,78.672,0.0,13.82,262.5,158.426,11.332
08/26/2007,14:20:00,1017.163,130.125,54.667,78.795,0.0,13.344,262.25,165.189,11.752
08/26/2007,14:21:00,1017.124,131.5,58.456,79.112,0.0,13.281,262.0,108.651,4.364
08/26/2007,14:22:00,1017.086,132.125,54.965,79.365,0.0,13.406,261.0,151.707,13.723
08/26/2007,14:23:00,1017.124,130.375,54.654,79.378,0.0,12.773,261.0,150.016,10.133
08/26/2007,14:24:00,1017.124,130.5,53.206,79.579,0.0,13.063,260.25,179.983,16.029
08/26/2007,14:25:00,1017.124,128.0,52.947,79.417,0.0,12.461,259.75,174.168,15.683
08/26/2007,14:26:00,1017.086,128.75,55.023,79.009,0.0,12.266,259.75,182.257,10.249
08/26/2007,14:27:00,1017.086,129.125,55.522,79.177,0.0,12.297,260.25,181.863,10.632
08/26/2007,14:28:00,1017.086,131.75,53.371,79.339,0.0,12.297,258.5,218.987,10.808
08/26/2007,14:29:00,1017.048,131.5,53.815,79.696,0.0,12.141,259.5,185.857,8.168
08/26/2007,14:30:00,1017.009,129.0,53.277,79.858,0.0,11.539,258.75,157.96,14.027
08/26/2007,14:31:00,1017.009,130.5,55.23,79.922,0.0,11.602,257.75,177.928,9.701
08/26/2007,14:32:00,1017.009,129.625,52.662,80.078,0.0,11.641,258.25,168.833,11.204
08/26/2007,14:33:00,1016.99,129.75,53.225,80.175,0.0,11.445,257.75,165.364,8.618
08/26/2007,14:34:00,1017.009,131.125,53.776,80.285,0.0,11.539,257.5,207.254,15.196
08/26/2007,14:35:00,1017.009,131.5,54.343,80.214,0.0,11.133,258.0,180.712,8.271
08/26/2007,14:36:00,1017.009,130.375,54.262,80.415,0.0,10.977,257.25,145.556,12.263
08/26/2007,14:37:00,1016.99,129.0,53.601,80.227,0.0,10.5,257.0,193.903,8.904
08/26/2007,14:38:00,1016.952,131.625,52.623,80.259,0.0,11.164,256.75,186.353,8.295
08/26/2007,14:39:00,1016.914,130.25,54.116,80.162,0.0,10.688,256.25,196.074,9.701
08/26/2007,14:40:00,1016.952,126.875,53.41,80.065,0.0,9.867,255.5,140.557,14.77
08/26/2007,14:41:00,1016.914,128.25,52.098,79.566,0.0,10.117,255.625,166.69,11.752
08/26/2007,14:42:00,1016.952,128.75,54.016,79.657,0.0,10.313,255.25,172.127,14.088
08/26/2007,14:43:00,1016.914,129.375,54.579,79.508,0.0,9.93,254.625,163.367,9.598
08/26/2007,14:44:00,1016.952,129.5,53.536,79.747,0.0,10.055,253.25,170.742,12.08
08/26/2007,14:45:00,1016.99,127.813,54.991,79.579,0.0,9.453,252.75,162.565,13.559
08/26/2007,14:46:00,1016.952,128.75,53.906,79.566,0.0,9.805,253.5,183.554,9.129
08/26/2007,14:47:00,1016.952,129.0,51.836,79.683,0.0,9.516,253.375,175.917,11.082
08/26/2007,14:48:00,1016.952,131.625,55.314,79.696,0.0,9.609,252.25,144.725,3.695
08/26/2007,14:49:00,1016.952,130.375,54.229,79.961,0.0,9.422,252.0,162.259,9.378
08/26/2007,14:50:00,1016.914,128.625,52.27,80.246,0.0,8.984,250.625,165.714,11.94
08/26/2007,14:51:00,1016.875,127.938,52.309,80.259,0.0,9.047,250.25,137.204,17.794
08/26/2007,14:52:00,1016.914,129.125,52.429,80.052,0.0,9.047,250.125,187.664,11.666
08/26/2007,14:53:00,1016.875,129.25,53.397,79.987,0.0,9.109,250.25,181.339,10.334
08/26/2007,14:54:00,1016.875,130.375,55.434,80.324,0.0,9.234,250.125,159.417,9.415
08/26/2007,14:55:00,1016.952,129.625,52.186,80.402,0.0,8.758,250.375,193.057,15.944
08/26/2007,14:56:00,1016.952,127.438,54.78,80.078,0.0,8.414,250.0,167.23,12.366
08/26/2007,14:57:00,1016.952,128.625,51.677,79.871,0.0,8.727,250.25,175.406,15.555
08/26/2007,14:58:00,1016.952,127.938,53.87,79.631,0.0,8.219,249.625,166.311,11.368
08/26/2007,14:59:00,1016.952,128.125,53.339,79.76,0.0,8.352,249.0,170.509,13.37
08/26/2007,15:00:00,1016.875,128.625,53.316,79.76,0.0,8.188,248.875,173.147,13.37
08/26/2007,15:01:00,1016.837,126.875,52.497,79.722,0.0,7.906,247.875,153.937,12.524
08/26/2007,15:02:00,1016.914,127.625,53.734,79.696,0.0,8.125,246.75,167.23,15.281
08/26/2007,15:03:00,1016.875,129.875,54.343,79.521,0.0,8.094,246.5,161.21,7.723
08/26/2007,15:04:00,1016.837,128.625,54.003,79.644,0.0,8.031,245.25,172.316,15.147
08/26/2007,15:05:00,1016.799,129.125,54.051,79.592,0.0,7.844,245.375,167.463,12.75
08/26/2007,15:06:00,1016.799,130.625,55.638,79.935,0.0,7.969,244.75,137.408,4.59
08/26/2007,15:07:00,1016.837,131.125,53.332,80.214,0.0,8.0,244.5,181.863,14.113
08/26/2007,15:08:00,1016.799,127.875,52.309,79.974,0.0,7.559,243.625,170.305,13.443
08/26/2007,15:09:00,1016.799,131.5,52.966,79.786,0.0,7.813,243.125,206.306,10.571
08/26/2007,15:10:00,1016.799,131.125,55.078,80.026,0.0,7.652,242.25,209.571,4.437
08/26/2007,15:11:00,1016.799,128.875,53.099,80.324,0.0,7.43,241.125,173.439,13.845
08/26/2007,15:12:00,1016.722,129.625,53.206,80.201,0.0,7.527,240.75,174.853,12.622
08/26/2007,15:13:00,1016.722,128.625,53.08,80.201,0.0,7.43,240.25,177.083,13.632
08/26/2007,15:14:00,1016.76,129.375,53.617,80.136,0.0,7.336,239.5,199.529,12.975
08/26/2007,15:15:00,1016.684,129.25,53.656,80.259,0.0,7.43,239.0,185.07,14.849
08/26/2007,15:16:00,1016.722,128.25,52.953,80.259,0.0,6.957,238.625,184.356,13.449
08/26/2007,15:17:00,1016.646,129.5,55.327,80.214,0.0,7.082,238.25,158.222,11.283
08/26/2007,15:18:00,1016.646,129.0,52.51,80.214,0.0,6.957,237.75,192.547,12.847
08/26/2007,15:19:00,1016.646,128.125,52.966,79.948,0.0,6.641,235.75,181.776,11.892
08/26/2007,15:20:00,1016.646,128.0,53.339,79.871,0.0,6.863,235.5,173.147,15.421
08/26/2007,15:21:00,1016.646,128.5,54.333,79.909,0.0,6.797,233.875,180.26,11.307
08/26/2007,15:22:00,1016.646,126.813,53.099,79.987,0.0,6.387,233.5,172.521,15.616
08/26/2007,15:23:00,1016.607,129.375,53.436,79.922,0.0,6.516,232.875,170.028,7.529
08/26/2007,15:24:00,1016.646,127.875,54.618,80.065,0.0,6.484,232.5,181.922,11.666
08/26/2007,15:25:00,1016.569,128.25,52.859,80.227,0.0,6.609,231.375,171.019,16.005
08/26/2007,15:26:00,1016.531,128.875,53.63,80.052,0.0,6.418,230.75,181.805,11.989
08/26/2007,15:27:00,1016.569,130.75,55.363,80.246,0.0,6.387,228.125,167.113,10.717
08/26/2007,15:28:00,1016.607,130.375,54.236,80.629,0.0,6.516,227.75,186.804,11.843
08/26/2007,15:29:00,1016.569,127.188,53.316,80.59,0.0,6.23,228.5,157.887,17.575
08/26/2007,15:30:00,1016.569,129.0,53.727,80.246,0.0,6.133,227.75,145.964,7.389
08/26/2007,15:31:00,1016.569,130.25,54.336,80.363,0.0,6.578,226.75,223.855,5.448
08/26/2007,15:32:00,1016.569,129.375,54.168,80.59,0.0,6.324,226.0,203.668,11.295
08/26/2007,15:33:00,1016.569,127.813,53.964,80.389,0.0,6.133,224.625,173.978,16.863
08/26/2007,15:34:00,1016.569,126.688,53.86,80.149,0.0,5.82,223.5,151.197,15.634
08/26/2007,15:35:00,1016.531,128.75,54.699,80.136,0.0,6.23,225.0,173.978,12.573
08/26/2007,15:36:00,1016.531,127.063,54.116,80.091,0.0,5.883,224.75,178.861,16.181
08/26/2007,15:37:00,1016.492,129.375,54.764,79.884,0.0,6.008,223.625,170.626,12.725
08/26/2007,15:38:00,1016.492,129.75,55.697,80.0,0.0,6.07,223.5,165.903,14.672
08/26/2007,15:39:00,1016.492,130.0,54.32,80.078,0.0,5.754,223.125,200.36,10.273
08/26/2007,15:40:00,1016.492,130.625,56.306,80.136,0.0,5.883,221.25,159.65,3.421
08/26/2007,15:41:00,1016.492,131.25,55.81,80.363,0.0,6.039,220.375,215.518,6.196
08/26/2007,15:42:00,1016.454,129.5,54.356,80.499,0.0,5.883,219.5,177.782,13.644
08/26/2007,15:43:00,1016.416,129.125,56.101,80.499,0.0,5.852,218.875,127.031,12.299
08/26/2007,15:44:00,1016.416,127.438,53.297,80.59,0.0,5.535,218.75,163.221,17.794
08/26/2007,15:45:00,1016.416,129.375,56.399,80.499,0.0,5.914,217.25,139.988,7.316
08/26/2007,15:46:00,1016.416,126.875,53.449,80.564,0.0,5.469,215.0,167.084,14.374
08/26/2007,15:47:00,1016.377,126.063,53.747,80.214,0.0,5.281,214.75,162.974,14.721
08/26/2007,15:48:00,1016.358,130.5,55.849,80.188,0.0,5.691,213.875,126.914,11.892
08/26/2007,15:49:00,1016.358,130.875,55.697,80.298,0.0,6.008,213.5,128.663,8.265
08/26/2007,15:50:00,1016.358,129.25,55.036,80.389,0.0,5.375,213.0,142.874,5.149
08/26/2007,15:51:00,1016.377,126.375,53.808,80.324,0.0,5.25,211.75,161.21,19.327
08/26/2007,15:52:00,1016.358,128.25,54.427,80.136,0.0,5.344,211.25,164.446,15.159
08/26/2007,15:53:00,1016.358,127.375,55.486,80.104,0.0,5.375,209.75,104.628,7.711
08/26/2007,15:54:00,1016.32,128.125,56.526,80.078,0.0,5.344,209.25,134.143,7.377
08/26/2007,15:55:00,1016.281,126.188,53.63,79.948,0.0,5.156,208.875,172.914,17.563
08/26/2007,15:56:00,1016.281,127.875,54.667,79.76,0.0,5.344,207.5,181.572,11.965
08/26/2007,15:57:00,1016.281,129.125,57.608,80.039,0.0,5.313,207.25,141.475,8.819
08/26/2007,15:58:00,1016.281,131.75,56.338,80.376,0.0,5.504,206.625,155.613,11.368
08/26/2007,15:59:00,1016.205,130.375,55.612,80.363,0.0,5.566,205.75,137.292,10.176
08/26/2007,16:00:00,1016.281,125.75,52.801,80.337,0.0,4.871,204.625,165.539,22.12
08/26/2007,16:01:00,1016.281,125.625,54.612,80.091,0.0,4.965,204.625,165.189,18.579
08/26/2007,16:02:00,1016.281,128.0,53.468,80.052,0.0,5.438,203.375,186.863,11.654
08/26/2007,16:03:00,1016.281,128.125,53.808,80.104,0.0,5.375,202.125,166.749,14.873
08/26/2007,16:04:00,1016.205,127.438,54.029,79.974,0.0,5.059,201.0,157.114,11.502
08/26/2007,16:05:00,1016.243,127.563,54.44,79.987,0.0,4.965,200.5,164.591,10.048
08/26/2007,16:06:00,1016.243,128.0,54.612,80.201,0.0,5.313,198.375,160.394,15.086
08/26/2007,16:07:00,1016.243,128.625,55.357,80.227,0.0,5.09,198.5,161.968,14.173
08/26/2007,16:08:00,1016.243,129.125,54.851,80.214,0.0,5.121,198.25,186.63,9.178
08/26/2007,16:09:00,1016.243,127.938,54.174,80.272,0.0,4.996,198.0,170.451,14.186
08/26/2007,16:10:00,1016.205,129.0,54.877,80.214,0.0,5.25,197.0,167.055,13.176
08/26/2007,16:11:00,1016.243,127.188,53.569,80.123,0.0,4.711,195.625,170.203,14.161
08/26/2007,16:12:00,1016.205,128.5,53.536,80.104,0.0,4.934,194.75,209.746,13.973
08/26/2007,16:13:00,1016.167,129.125,56.927,80.227,0.0,5.09,194.375,129.785,5.387
08/26/2007,16:14:00,1016.128,129.125,53.144,80.376,0.0,4.902,192.75,172.229,13.072
08/26/2007,16:15:00,1016.128,128.0,55.25,80.246,0.0,4.711,192.625,144.667,14.721
08/26/2007,16:16:00,1016.09,127.75,54.871,80.259,0.0,4.773,192.5,170.771,11.764
08/26/2007,16:17:00,1016.052,129.0,55.282,80.298,0.0,5.059,191.75,186.09,14.137
08/26/2007,16:18:00,1016.052,129.125,54.262,80.447,0.0,5.156,190.375,190.215,13.723
08/26/2007,16:19:00,1016.013,130.5,55.276,80.324,0.0,4.902,187.875,140.615,6.555
08/26/2007,16:20:00,1016.052,128.875,56.697,80.363,0.0,4.711,186.75,164.621,14.374
08/26/2007,16:21:00,1016.052,129.125,56.458,80.512,0.0,4.902,185.625,164.912,12.95
08/26/2007,16:22:00,1016.052,129.0,55.37,80.629,0.0,4.871,185.75,169.226,11.119
08/26/2007,16:23:00,1016.052,130.75,57.028,80.817,0.0,5.156,184.25,179.065,6.841
08/26/2007,16:24:00,1015.975,130.75,55.823,80.972,0.0,5.121,182.75,155.161,8.88
08/26/2007,16:25:00,1016.013,130.5,55.295,81.134,0.0,5.121,182.125,170.261,8.454
08/26/2007,16:26:00,1015.975,128.5,56.089,80.921,0.0,4.711,181.75,154.272,10.991
08/26/2007,16:27:00,1015.975,129.25,55.496,80.972,0.0,5.059,181.125,198.13,9.61
08/26/2007,16:28:00,1015.975,127.75,53.821,81.044,0.0,5.09,181.25,165.655,16.626
08/26/2007,16:29:00,1015.937,128.375,53.951,80.681,0.0,4.805,180.875,178.467,10.273
08/26/2007,16:30:00,1015.937,129.625,55.34,80.726,0.0,4.965,179.875,173.206,9.105
08/26/2007,16:31:00,1015.898,128.5,56.254,80.804,0.0,4.871,178.875,167.915,8.168
08/26/2007,16:32:00,1015.898,129.0,54.148,80.985,0.0,5.059,177.25,169.052,13.382
08/26/2007,16:33:00,1015.898,126.375,52.756,80.791,0.0,4.68,177.25,165.131,16.589
08/26/2007,16:34:00,1015.898,126.688,54.877,80.415,0.0,4.492,176.375,205.446,12.902
08/26/2007,16:35:00,1015.898,128.75,54.103,80.46,0.0,4.871,175.25,199.645,16.054
08/26/2007,16:36:00,1015.86,128.125,54.495,80.421,0.0,4.586,174.75,165.0,11.32
08/26/2007,16:37:00,1015.86,129.0,56.795,80.538,0.0,4.555,172.875,161.691,16.851
08/26/2007,16:38:00,1015.898,125.938,54.003,80.473,0.0,4.332,172.375,166.384,15.993
08/26/2007,16:39:00,1015.86,126.875,53.977,80.214,0.0,4.523,172.25,155.948,13.419
08/26/2007,16:40:00,1015.898,127.563,55.849,80.123,0.0,4.426,171.25,185.128,11.094
08/26/2007,16:41:00,1015.86,128.625,57.407,80.117,0.0,4.773,170.625,142.976,7.206
08/26/2007,16:42:00,1015.86,127.875,56.215,80.324,0.0,4.523,170.125,151.313,13.522
08/26/2007,16:43:00,1015.822,126.938,53.789,80.35,0.0,4.492,169.625,139.959,15.768
08/26/2007,16:44:00,1015.783,127.813,55.224,80.214,0.0,4.711,168.125,151.08,17.575
08/26/2007,16:45:00,1015.822,126.063,54.547,80.078,0.0,4.395,167.25,171.675,14.77
08/26/2007,16:46:00,1015.822,127.438,56.558,79.935,0.0,4.523,166.625,165.874,14.958
08/26/2007,16:47:00,1015.783,126.375,55.502,80.026,0.0,4.68,165.75,170.116,20.344
08/26/2007,16:48:00,1015.745,125.813,55.078,79.825,0.0,4.207,164.625,152.1,21.962
08/26/2007,16:49:00,1015.745,126.188,55.716,79.858,0.0,4.426,163.375,168.206,19.169
08/26/2007,16:50:00,1015.707,126.188,54.812,79.858,0.0,4.332,162.5,160.19,16.328
08/26/2007,16:51:00,1015.745,127.563,55.982,79.871,0.0,4.426,162.25,169.853,11.228
08/26/2007,16:52:00,1015.668,126.188,55.224,79.948,0.0,4.301,161.625,166.924,17.563
08/26/2007,16:53:00,1015.668,127.188,55.282,79.858,0.0,4.301,160.25,175.567,9.178
08/26/2007,16:54:00,1015.668,127.688,57.821,79.948,0.0,4.301,159.125,114.029,5.277
08/26/2007,16:55:00,1015.707,126.625,54.774,80.065,0.0,4.332,157.125,170.363,13.821
08/26/2007,16:56:00,1015.668,127.875,56.597,79.948,0.0,4.301,154.0,164.373,10.236
08/26/2007,16:57:00,1015.668,127.5,55.535,80.149,0.0,4.492,150.375,129.698,13.358
08/26/2007,16:58:00,1015.668,128.0,56.824,80.104,0.0,4.395,154.125,125.486,8.88
08/26/2007,16:59:00,1015.707,126.125,54.952,80.039,0.0,4.207,153.5,173.628,20.843
08/26/2007,17:00:00,1015.707,126.375,56.205,79.884,0.0,4.301,153.0,163.338,12.178
08/26/2007,17:01:00,1015.668,126.0,55.561,79.935,0.0,4.363,151.5,191.716,16.254
08/26/2007,17:02:00,1015.592,127.0,55.363,79.948,0.0,4.363,150.25,175.173,15.506
08/26/2007,17:03:00,1015.592,129.125,55.648,80.117,0.0,4.68,149.125,193.393,12.786
08/26/2007,17:04:00,1015.515,127.188,54.952,80.272,0.0,4.426,148.625,170.801,16.802
08/26/2007,17:05:00,1015.592,125.563,53.815,80.091,0.0,4.238,147.125,168.92,18.968
08/26/2007,17:06:00,1015.592,126.5,56.267,79.961,0.0,4.332,146.75,169.168,14.259
08/26/2007,17:07:00,1015.554,126.5,55.295,80.078,0.0,4.395,145.375,172.01,15.098
08/26/2007,17:08:00,1015.515,127.063,55.761,80.013,0.0,4.363,143.875,162.682,14.539
08/26/2007,17:09:00,1015.515,126.25,54.725,80.0,0.0,4.238,143.375,166.166,17.873
08/26/2007,17:10:00,1015.496,126.438,54.731,79.884,0.0,4.176,143.25,156.313,14.149
08/26/2007,17:11:00,1015.496,127.25,55.723,79.832,0.0,4.207,142.0,141.723,14.971
08/26/2007,17:12:00,1015.458,126.0,55.907,79.935,0.0,4.332,140.75,150.993,16.115
08/26/2007,17:13:00,1015.458,126.75,54.482,79.786,0.0,4.145,138.875,179.327,8.539
08/26/2007,17:14:00,1015.458,126.438,55.049,79.709,0.0,4.238,137.375,159.563,20.8
08/26/2007,17:15:00,1015.458,128.625,56.254,79.812,0.0,4.395,136.875,149.418,8.052
08/26/2007,17:16:00,1015.458,126.5,55.123,79.812,0.0,4.238,135.75,158.455,12.336
08/26/2007,17:17:00,1015.419,126.0,56.114,79.618,0.0,4.109,133.875,157.741,12.19
08/26/2007,17:18:00,1015.458,126.125,56.344,79.657,0.0,4.176,134.125,156.706,16.948
08/26/2007,17:19:00,1015.419,127.188,56.357,79.722,0.0,4.492,133.5,158.164,13.121
08/26/2007,17:20:00,1015.381,127.313,56.616,79.76,0.0,4.426,132.5,165.903,13.845
08/26/2007,17:21:00,1015.419,127.875,57.42,79.948,0.0,4.492,129.875,141.562,4.389
08/26/2007,17:22:00,1015.458,126.625,55.473,80.065,0.0,4.301,129.25,157.056,15.08
08/26/2007,17:23:00,1015.381,126.313,57.433,79.845,0.0,4.207,130.0,170.028,10.048
08/26/2007,17:24:00,1015.343,127.188,55.308,79.773,0.0,4.332,129.625,129.785,22.437
08/26/2007,17:25:00,1015.419,126.688,57.931,79.644,0.0,4.426,127.75,108.913,5.235
08/26/2007,17:26:00,1015.458,128.0,56.393,79.508,0.0,4.426,126.625,139.872,18.147
08/26/2007,17:27:00,1015.419,126.75,56.684,79.482,0.0,4.145,125.875,133.517,11.539
08/26/2007,17:28:00,1015.419,126.313,56.173,79.553,0.0,4.363,124.25,169.547,11.368
08/26/2007,17:29:00,1015.381,127.938,56.957,79.683,0.0,4.555,123.875,154.01,6.47
08/26/2007,17:30:00,1015.381,126.188,56.027,79.884,0.0,4.523,121.563,143.778,16.303
08/26/2007,17:31:00,1015.419,126.938,55.428,79.858,0.0,4.301,120.438,197.692,11.831
08/26/2007,17:32:00,1015.419,126.125,55.804,79.696,0.0,4.332,118.688,174.372,13.06
08/26/2007,17:33:00,1015.419,126.125,56.697,79.722,0.0,4.332,118.438,161.997,13.522
08/26/2007,17:34:00,1015.381,126.813,56.717,79.871,0.0,4.395,117.25,134.785,23.021
08/26/2007,17:35:00,1015.458,125.375,56.267,79.657,0.0,4.145,115.625,166.049,19.644
08/26/2007,17:36:00,1015.381,126.313,55.729,79.579,0.0,4.109,114.063,151.532,12.348
08/26/2007,17:37:00,1015.381,126.188,56.85,79.67,0.0,4.332,113.625,168.119,8.076
08/26/2007,17:38:00,1015.419,125.563,55.509,79.592,0.0,4.109,112.625,157.901,17.234
08/26/2007,17:39:00,1015.381,126.313,55.862,79.521,0.0,4.238,112.125,107.237,9.859
08/26/2007,17:40:00,1015.381,126.938,58.284,79.579,0.0,4.332,111.313,181.995,7.65
08/26/2007,17:41:00,1015.419,127.875,56.743,79.566,0.0,4.395,111.063,140.338,11.727
08/26/2007,17:42:00,1015.419,127.438,56.989,79.631,0.0,4.332,110.375,133.487,12.701
08/26/2007,17:43:00,1015.419,126.438,57.306,79.592,0.0,4.363,109.0,141.271,8.8
08/26/2007,17:44:00,1015.381,126.25,56.228,79.644,0.0,4.301,108.813,162.347,13.991
08/26/2007,17:45:00,1015.381,125.5,56.756,79.592,0.0,4.332,106.375,178.351,8.228
08/26/2007,17:46:00,1015.381,126.75,56.519,79.605,0.0,4.332,106.0,161.604,9.75
08/26/2007,17:47:00,1015.343,126.313,55.289,79.495,0.0,4.238,103.625,139.376,18.396
08/26/2007,17:48:00,1015.381,125.875,55.774,79.43,0.0,4.332,102.938,164.446,17.575
08/26/2007,17:49:00,1015.343,126.188,56.101,79.391,0.0,4.395,102.313,139.289,14.21
08/26/2007,17:50:00,1015.343,126.25,58.375,79.404,0.0,4.332,101.0,153.587,4.687
08/26/2007,17:51:00,1015.419,126.0,57.102,79.352,0.0,4.176,99.625,158.047,12.19
08/26/2007,17:52:00,1015.381,125.375,55.421,79.352,0.0,4.238,99.5,149.491,9.871
08/26/2007,17:53:00,1015.381,125.063,55.816,79.326,0.0,4.016,98.5,146.897,14.587
08/26/2007,17:54:00,1015.381,125.563,55.363,79.3,0.0,4.238,97.063,164.11,14.125
08/26/2007,17:55:00,1015.343,125.688,55.729,79.365,0.0,4.363,96.125,170.538,12.561
08/26/2007,17:56:00,1015.381,125.75,55.493,79.469,0.0,4.395,95.625,162.536,16.163
08/26/2007,17:57:00,1015.381,124.938,54.123,79.469,0.0,4.207,94.188,152.538,15.622
08/26/2007,17:58:00,1015.381,124.875,55.648,79.274,0.0,4.016,93.313,163.105,20.179
08/26/2007,17:59:00,1015.305,125.25,54.787,79.261,0.0,4.109,91.938,150.41,16.638
08/26/2007,18:00:00,1015.343,125.5,55.943,79.203,0.0,4.176,91.0,153.106,13.991
08/26/2007,18:01:00,1015.343,125.688,56.61,79.248,0.0,4.207,90.125,163.965,12.713
08/26/2007,18:02:00,1015.343,124.938,54.427,79.229,0.0,4.176,88.063,149.214,16.717
08/26/2007,18:03:00,1015.305,125.063,55.091,79.138,0.0,4.238,86.938,163.134,12.963
08/26/2007,18:04:00,1015.305,125.313,55.648,79.177,0.0,4.332,86.25,155.045,19.516
08/26/2007,18:05:00,1015.305,125.938,56.497,79.19,0.0,4.363,85.438,154.782,11.831
08/26/2007,18:06:00,1015.305,125.375,56.85,79.164,0.0,4.301,84.063,156.05,10.145
08/26/2007,18:07:00,1015.305,125.25,55.868,79.125,0.0,4.301,83.563,142.437,13.322
08/26/2007,18:08:00,1015.305,126.188,56.914,79.177,0.0,4.363,81.75,110.502,12.549
08/26/2007,18:09:00,1015.305,125.188,54.932,79.138,0.0,4.238,80.813,167.23,16.139
08/26/2007,18:10:00,1015.266,125.625,55.829,79.125,0.0,4.207,79.625,157.391,7.492
08/26/2007,18:11:00,1015.228,125.625,56.665,79.138,0.0,4.207,78.25,174.721,9.634
08/26/2007,18:12:00,1015.228,125.188,55.661,79.086,0.0,4.145,76.75,147.99,10.796
08/26/2007,18:13:00,1015.228,125.063,55.723,79.138,0.0,4.301,75.938,161.91,12.713
08/26/2007,18:14:00,1015.228,124.875,56.526,79.125,0.0,4.176,75.188,147.932,10.297
08/26/2007,18:15:00,1015.228,124.875,56.432,79.073,0.0,4.176,73.5,157.275,13.608
08/26/2007,18:16:00,1015.228,125.813,56.889,79.073,0.0,4.301,72.5,119.597,8.441
08/26/2007,18:17:00,1015.228,126.125,56.393,79.099,0.0,4.332,71.25,136.184,12.81
08/26/2007,18:18:00,1015.19,125.313,57.193,79.009,0.0,4.047,69.75,155.948,9.652
08/26/2007,18:19:00,1015.228,125.563,56.234,79.06,0.0,4.176,69.375,126.01,11.009
08/26/2007,18:20:00,1015.19,125.625,55.855,79.035,0.0,4.207,68.063,136.359,15.257
08/26/2007,18:21:00,1015.228,125.5,56.817,78.97,0.0,4.176,67.688,133.968,8.015
08/26/2007,18:22:00,1015.19,125.5,57.614,78.957,0.0,4.145,66.875,145.673,7.985
08/26/2007,18:23:00,1015.19,125.5,56.464,78.873,0.0,4.238,65.813,153.223,16.863
08/26/2007,18:24:00,1015.19,125.25,57.18,78.898,0.0,4.047,64.313,138.924,14.709
08/26/2007,18:25:00,1015.228,125.313,57.212,78.847,0.0,4.047,62.813,160.846,5.648
08/26/2007,18:26:00,1015.151,125.313,57.76,78.847,0.0,4.145,62.281,164.65,4.127
08/26/2007,18:27:00,1015.151,124.688,56.652,78.911,0.0,4.016,60.938,157.333,15.232
08/26/2007,18:28:00,1015.151,125.188,57.76,78.86,0.0,4.109,59.938,125.427,3.604
08/26/2007,18:29:00,1015.151,124.5,56.976,78.834,0.0,4.016,59.438,181.601,15.044
08/26/2007,18:30:00,1015.151,124.688,57.912,78.821,0.0,3.953,58.844,130.689,13.072
08/26/2007,18:31:00,1015.19,124.563,57.582,78.821,0.0,4.047,57.906,175.144,7.723
08/26/2007,18:32:00,1015.19,125.25,57.517,78.795,0.0,4.047,57.688,162.682,11.892
08/26/2007,18:33:00,1015.151,124.625,57.627,78.795,0.0,3.984,56.219,150.045,5.861
08/26/2007,18:34:00,1015.19,124.938,58.09,78.782,0.0,4.047,55.0,163.542,11.271
08/26/2007,18:35:00,1015.113,124.75,57.523,78.743,0.0,4.109,54.406,169.853,14.447
08/26/2007,18:36:00,1015.151,124.5,59.392,78.691,0.0,3.984,52.969,115.939,8.204
08/26/2007,18:37:00,1015.19,124.5,58.43,78.613,0.0,4.047,52.563,148.792,12.153
08/26/2007,18:38:00,1015.151,124.25,58.236,78.646,0.0,3.984,51.75,159.213,11.283
08/26/2007,18:39:00,1015.113,124.75,57.141,78.587,0.0,4.176,51.094,168.862,14.435
08/26/2007,18:40:00,1015.151,124.563,57.394,78.633,0.0,4.109,49.844,165.991,11.192
08/26/2007,18:41:00,1015.151,125.0,58.595,78.613,0.0,3.984,48.656,153.193,14.806
08/26/2007,18:42:00,1015.113,124.938,57.407,78.574,0.0,3.984,47.25,145.279,7.352
08/26/2007,18:43:00,1015.151,124.875,58.097,78.561,0.0,3.857,45.969,134.027,11.49
08/26/2007,18:44:00,1015.151,124.25,59.026,78.561,0.0,3.922,44.875,146.503,10.023
08/26/2007,18:45:00,1015.151,124.5,58.058,78.497,0.0,3.953,43.875,154.724,10.084
08/26/2007,18:46:00,1015.151,124.188,58.861,78.484,0.0,3.826,42.875,172.885,11.082
08/26/2007,18:47:00,1015.151,124.5,59.706,78.484,0.0,3.857,42.094,159.388,9.312
08/26/2007,18:48:00,1015.151,124.438,59.34,78.445,0.0,3.826,41.094,161.312,8.843
08/26/2007,18:49:00,1015.151,124.5,60.157,78.419,0.0,3.857,40.344,158.849,8.441
08/26/2007,18:50:00,1015.113,124.25,58.019,78.38,0.0,3.922,40.031,165.874,14.709
08/26/2007,18:51:00,1015.151,124.125,58.874,78.406,0.0,3.826,39.406,159.082,14.265
08/26/2007,18:52:00,1015.151,124.375,60.442,78.335,0.0,3.732,38.25,137.408,12.585
08/26/2007,18:53:00,1015.151,124.688,59.719,78.231,0.0,3.795,36.875,141.329,5.648
08/26/2007,18:54:00,1015.151,124.125,60.263,78.231,0.0,3.795,36.031,159.68,4.352
08/26/2007,18:55:00,1015.113,124.25,60.798,78.179,0.0,3.668,35.344,139.769,8.855
08/26/2007,18:56:00,1015.151,124.125,58.799,78.127,0.0,3.732,34.781,170.83,14.173
08/26/2007,18:57:00,1015.151,123.813,60.72,78.127,0.0,3.764,34.344,150.351,9.251
08/26/2007,18:58:00,1015.151,123.875,60.639,78.14,0.0,3.795,33.469,161.604,5.849
08/26/2007,18:59:00,1015.113,124.0,59.114,78.056,0.0,3.732,32.531,158.251,13.249
08/26/2007,19:00:00,1015.151,124.0,60.037,78.056,0.0,3.668,31.703,156.458,11.867
08/26/2007,19:01:00,1015.113,123.813,60.778,78.03,0.0,3.637,30.734,153.223,9.585
08/26/2007,19:02:00,1015.113,123.875,59.493,78.004,0.0,3.605,30.031,158.193,12.025
08/26/2007,19:03:00,1015.113,124.063,60.539,77.952,0.0,3.605,29.422,143.588,10.443
08/26/2007,19:04:00,1015.113,124.25,60.416,77.913,0.0,3.668,28.609,157.654,8.466
08/26/2007,19:05:00,1015.151,124.125,60.665,77.913,0.0,3.637,27.969,123.11,6.33
08/26/2007,19:06:00,1015.151,123.875,60.532,77.849,0.0,3.605,26.969,174.007,6.36
08/26/2007,19:07:00,1015.113,123.938,60.568,77.81,0.0,3.543,26.125,150.045,8.125
08/26/2007,19:08:00,1015.113,123.563,59.91,77.797,0.0,3.543,25.547,162.565,12.062
08/26/2007,19:09:00,1015.113,123.563,60.422,77.777,0.0,3.543,24.656,157.96,11.952
08/26/2007,19:10:00,1015.151,123.438,60.6,77.725,0.0,3.479,24.016,156.517,7.839
08/26/2007,19:11:00,1015.151,123.438,61.478,77.738,0.0,3.543,23.359,93.07,3.008
08/26/2007,19:12:00,1015.113,123.0,60.545,77.622,0.0,3.479,22.547,132.38,7.516
08/26/2007,19:13:00,1015.151,123.438,62.722,77.531,0.0,3.479,21.656,124.524,6.671
08/26/2007,19:14:00,1015.151,123.5,60.101,77.473,0.0,3.479,20.969,141.417,11.691
08/26/2007,19:15:00,1015.151,123.0,61.125,77.518,0.0,3.416,20.453,141.752,12.062
08/26/2007,19:16:00,1015.19,122.813,61.313,77.473,0.0,3.385,19.813,136.417,5.125
08/26/2007,19:17:00,1015.151,123.188,61.708,77.434,0.0,3.416,19.078,148.923,6.068
08/26/2007,19:18:00,1015.19,122.688,62.842,77.395,0.0,3.352,18.375,148.923,7.675
08/26/2007,19:19:00,1015.151,123.125,61.118,77.265,0.0,3.352,17.75,134.61,9.725
08/26/2007,19:20:00,1015.151,122.625,62.365,77.33,0.0,3.289,17.266,155.963,7.936
08/26/2007,19:21:00,1015.19,123.25,62.087,77.252,0.0,3.352,16.563,157.056,13.973
08/26/2007,19:22:00,1015.19,122.875,61.378,77.252,0.0,3.289,15.984,152.275,13.845
08/26/2007,19:23:00,1015.228,122.75,61.763,77.239,0.0,3.227,15.445,165.481,9.202
08/26/2007,19:24:00,1015.19,122.813,60.892,77.239,0.0,3.193,14.82,167.142,13.821
08/26/2007,19:25:00,1015.228,122.75,62.958,77.207,0.0,3.1,14.148,175.771,9.275
08/26/2007,19:26:00,1015.228,122.688,61.371,77.142,0.0,3.1,13.523,147.48,9.464
08/26/2007,19:27:00,1015.19,122.938,61.757,77.09,0.0,3.004,12.898,154.753,10.358
08/26/2007,19:28:00,1015.19,122.688,62.618,77.077,0.0,2.973,12.195,140.527,7.541
08/26/2007,19:29:00,1015.228,122.75,62.294,77.006,0.0,2.973,11.602,147.188,8.831
08/26/2007,19:30:00,1015.19,122.313,62.696,76.922,0.0,2.846,11.031,154.986,3.318
08/26/2007,19:31:00,1015.19,122.375,64.04,76.831,0.0,2.846,10.383,151.765,2.861
08/26/2007,19:32:00,1015.228,122.063,63.039,76.753,0.0,2.721,9.703,152.815,9.61
08/26/2007,19:33:00,1015.228,122.188,62.77,76.676,0.0,2.783,9.133,159.869,6.646
08/26/2007,19:34:00,1015.228,122.063,62.757,76.714,0.0,2.688,8.563,147.961,10.011
08/26/2007,19:35:00,1015.228,122.0,63.509,76.663,0.0,2.529,8.078,142.16,8.216
08/26/2007,19:36:00,1015.19,122.063,62.926,76.63,0.0,2.467,7.508,157.537,7.206
08/26/2007,19:37:00,1015.19,122.125,63.007,76.617,0.0,2.34,6.992,141.985,8.819
08/26/2007,19:38:00,1015.19,122.125,62.378,76.552,0.0,2.15,6.531,117.848,5.46
08/26/2007,19:39:00,1015.19,122.0,62.599,76.513,0.0,2.088,6.016,164.256,10.942
08/26/2007,19:40:00,1015.19,121.75,63.693,76.462,0.0,1.739,5.367,149.666,10.176
08/26/2007,19:41:00,1015.151,121.563,62.544,76.462,0.0,1.392,4.418,158.557,11.271
08/26/2007,19:42:00,1015.151,121.25,64.004,76.345,0.0,0.917,3.848,171.486,6.908
08/26/2007,19:43:00,1015.151,121.5,63.483,76.235,0.0,0.696,3.523,159.563,4.766
08/26/2007,19:44:00,1015.151,121.5,63.288,76.209,0.0,0.601,3.197,157.143,10.443
08/26/2007,19:45:00,1015.151,121.563,62.722,76.17,0.0,0.538,2.98,150.176,12.226
08/26/2007,19:46:00,1015.151,121.375,63.642,76.248,0.0,0.506,2.764,147.553,10.309
08/26/2007,19:47:00,1015.151,121.563,62.683,76.157,0.0,0.38,2.494,165.568,14.423
08/26/2007,19:48:00,1015.151,121.063,64.594,76.131,0.0,0.316,2.277,150.599,7.352
08/26/2007,19:49:00,1015.151,121.563,62.829,76.092,0.0,0.348,1.897,137.263,12.762
08/26/2007,19:50:00,1015.19,121.563,63.059,76.144,0.0,0.348,1.951,166.443,8.928
08/26/2007,19:51:00,1015.19,121.375,63.463,76.131,0.0,0.222,1.681,140.819,9.324
08/26/2007,19:52:00,1015.151,121.25,63.224,76.021,0.0,0.222,1.464,155.219,5.673
08/26/2007,19:53:00,1015.228,121.125,64.173,76.034,0.0,0.222,1.247,147.247,9.585
08/26/2007,19:54:00,1015.151,121.063,64.429,75.93,0.0,0.222,1.03,160.846,6.293
08/26/2007,19:55:00,1015.19,138.25,64.931,75.788,0.0,0.19,0.813,134.143,4.176
08/26/2007,19:56:00,1015.151,139.125,64.503,75.677,0.0,0.222,0.542,145.993,10.133
08/26/2007,19:57:00,1015.19,138.625,65.008,75.703,0.0,0.19,0.461,159.738,8.441
08/26/2007,19:58:00,1015.19,120.875,64.652,75.548,0.0,0.19,0.353,153.645,7.389
08/26/2007,19:59:00,1015.228,120.625,65.805,75.451,0.0,0.19,0.217,154.899,5.289
08/26/2007,20:00:00,1015.228,120.875,65.031,75.438,0.0,0.253,0.163,145.454,8.74
08/26/2007,20:01:00,1015.228,120.75,66.336,75.483,0.0,0.19,0.163,171.908,4.863
08/26/2007,20:02:00,1015.228,120.813,65.261,75.353,0.0,0.222,0.163,154.039,9.598
08/26/2007,20:03:00,1015.228,120.688,65.905,75.34,0.0,0.19,0.19,164.825,4.851
08/26/2007,20:04:00,1015.266,120.375,66.841,75.172,0.0,0.19,0.163,127.351,6.245
08/26/2007,20:05:00,1015.266,120.5,67.881,75.049,0.0,0.19,0.163,148.588,4.577
08/26/2007,20:06:00,1015.305,120.5,67.305,74.971,0.0,0.19,0.163,136.271,3.756
08/26/2007,20:07:00,1015.305,120.375,67.476,74.932,0.0,0.19,0.163,159.534,7.504
08/26/2007,20:08:00,1015.305,120.438,67.344,74.874,0.0,0.19,0.163,128.08,6.628
08/26/2007,20:09:00,1015.305,120.438,66.994,74.822,0.0,0.19,0.163,146.897,5.624
08/26/2007,20:10:00,1015.305,120.188,67.914,74.887,0.0,0.19,0.163,142.131,5.612
08/26/2007,20:11:00,1015.305,120.375,67.658,74.77,0.0,0.19,0.163,131.345,6.957
08/26/2007,20:12:00,1015.266,120.313,68.147,74.718,0.0,0.19,0.163,118.839,3.135
08/26/2007,20:13:00,1015.266,120.188,68.503,74.718,0.0,0.222,0.163,144.215,4.078
08/26/2007,20:14:00,1015.228,120.25,68.503,74.666,0.0,0.158,0.163,140.338,6.908
08/26/2007,20:15:00,1015.228,120.25,68.594,74.615,0.0,0.222,0.163,149.156,6.932
08/26/2007,20:16:00,1015.266,120.375,68.39,74.517,0.0,0.19,0.163,153.879,9.439
08/26/2007,20:17:00,1015.228,120.375,68.48,74.53,0.0,0.19,0.163,135.295,8.691
08/26/2007,20:18:00,1015.228,120.25,68.892,74.491,0.0,0.222,0.163,120.603,4.742
08/26/2007,20:19:00,1015.228,120.063,69.044,74.414,0.0,0.19,0.136,154.33,5.362
08/26/2007,20:20:00,1015.266,120.188,68.879,74.375,0.0,0.19,0.163,145.614,6.494
08/26/2007,20:21:00,1015.228,120.25,69.329,74.278,0.0,0.19,0.163,161.662,10.145
08/26/2007,20:22:00,1015.305,120.0,69.74,74.303,0.0,0.222,0.163,160.306,4.638
08/26/2007,20:23:00,1015.305,120.188,70.116,74.239,0.0,0.19,0.163,142.306,5.612
08/26/2007,20:24:00,1015.305,120.125,70.2,74.148,0.0,0.19,0.163,150.847,5.648
08/26/2007,20:25:00,1015.305,120.188,69.993,74.135,0.0,0.222,0.163,143.209,7.437
08/26/2007,20:26:00,1015.305,120.125,70.518,74.122,0.0,0.222,0.163,144.55,6.805
08/26/2007,20:27:00,1015.343,120.188,69.999,74.083,0.0,0.222,0.163,135.382,6.92
08/26/2007,20:28:00,1015.305,120.125,70.32,74.07,0.0,0.222,0.163,157.96,5.35
08/26/2007,20:29:00,1015.343,120.125,70.359,74.083,0.0,0.222,0.163,135.82,6.123
08/26/2007,20:30:00,1015.305,120.375,69.86,74.083,0.0,0.222,0.163,163.134,10.322
08/26/2007,20:31:00,1015.305,120.25,69.74,74.135,0.0,0.19,0.163,153.558,6.841
08/26/2007,20:32:00,1015.305,120.188,69.867,74.135,0.0,0.222,0.163,142.218,6.233
08/26/2007,20:33:00,1015.305,120.0,70.485,74.07,0.0,0.19,0.163,132.147,6.433
08/26/2007,20:34:00,1015.343,120.125,70.599,74.057,0.0,0.222,0.163,138.837,7.078
08/26/2007,20:35:00,1015.343,119.875,70.958,73.973,0.0,0.19,0.163,135.076,4.206
08/26/2007,20:36:00,1015.343,120.063,71.586,73.856,0.0,0.19,0.136,161.181,10.535
08/26/2007,20:37:00,1015.381,119.75,71.143,73.843,0.0,0.222,0.163,136.461,5.77
08/26/2007,20:38:00,1015.381,119.813,71.625,73.772,0.0,0.19,0.163,180.435,4.839
08/26/2007,20:39:00,1015.381,119.875,71.567,73.662,0.0,0.19,0.163,166.282,6.482
08/26/2007,20:40:00,1015.381,119.813,72.351,73.662,0.0,0.222,0.163,142.67,4.377
08/26/2007,20:41:00,1015.381,120.0,71.994,73.558,0.0,0.19,0.163,85.724,3.604
08/26/2007,20:42:00,1015.381,119.875,72.403,73.532,0.0,0.19,0.163,156.109,5.673
08/26/2007,20:43:00,1015.381,119.813,71.901,73.519,0.0,0.19,0.163,165.51,5.588
08/26/2007,20:44:00,1015.381,119.813,71.939,73.545,0.0,0.19,0.163,124.801,5.411
08/26/2007,20:45:00,1015.381,119.813,72.153,73.506,0.0,0.222,0.163,145.512,5.064
08/26/2007,20:46:00,1015.381,120.125,71.56,73.48,0.0,0.222,0.163,133.91,8.727
08/26/2007,20:47:00,1015.381,120.188,71.586,73.649,0.0,0.222,0.163,126.827,5.362
08/26/2007,20:48:00,1015.419,119.938,71.888,73.662,0.0,0.19,0.163,131.724,3.64
08/26/2007,20:49:00,1015.419,119.75,71.619,73.48,0.0,0.19,0.163,185.099,5.782
08/26/2007,20:50:00,1015.419,119.75,72.934,73.467,0.0,0.19,0.163,156.283,3.671
08/26/2007,20:51:00,1015.381,120.063,71.499,73.422,0.0,0.222,0.163,156.735,6.196
08/26/2007,20:52:00,1015.381,119.813,72.535,73.409,0.0,0.222,0.163,140.44,5.496
08/26/2007,20:53:00,1015.419,120.063,72.383,73.429,0.0,0.222,0.163,122.031,6.604
08/26/2007,20:54:00,1015.458,120.0,72.338,73.396,0.0,0.222,0.163,142.757,11.581
08/26/2007,20:55:00,1015.419,120.0,72.338,73.37,0.0,0.222,0.163,164.65,5.794
08/26/2007,20:56:00,1015.458,120.188,72.299,73.357,0.0,0.222,0.163,135.98,7.541
08/26/2007,20:57:00,1015.458,120.0,71.914,73.37,0.0,0.222,0.163,157.114,8.18
08/26/2007,20:58:00,1015.458,119.938,72.312,73.292,0.0,0.222,0.163,132.657,8.545
08/26/2007,20:59:00,1015.458,119.813,72.862,73.292,0.0,0.222,0.163,143.122,8.393
08/26/2007,21:00:00,1015.458,119.875,72.419,73.318,0.0,0.222,0.163,125.325,7.638
08/26/2007,21:01:00,1015.496,119.688,72.542,73.254,0.0,0.19,0.163,147.218,7.754
08/26/2007,21:02:00,1015.496,119.75,72.901,73.163,0.0,0.19,0.163,141.898,4.778
08/26/2007,21:03:00,1015.496,119.688,73.041,73.092,0.0,0.19,0.163,168.804,4.687
08/26/2007,21:04:00,1015.496,119.563,74.012,73.066,0.0,0.222,0.136,136.723,6.281
08/26/2007,21:05:00,1015.515,119.688,73.646,72.975,0.0,0.19,0.163,134.639,7.127
08/26/2007,21:06:00,1015.496,120.063,73.219,73.014,0.0,0.222,0.163,132.088,6.33
08/26/2007,21:07:00,1015.496,119.75,73.549,73.092,0.0,0.253,0.136,143.53,5.326
08/26/2007,21:08:00,1015.496,120.0,73.873,72.975,0.0,0.222,0.163,166.341,4.985
08/26/2007,21:09:00,1015.515,119.875,73.439,72.962,0.0,0.253,0.136,132.686,9.348
08/26/2007,21:10:00,1015.496,120.188,72.927,72.975,0.0,0.253,0.163,160.642,10.632
08/26/2007,21:11:00,1015.515,120.125,72.509,73.104,0.0,0.222,0.163,145.993,9.452
08/26/2007,21:12:00,1015.496,120.0,72.775,73.092,0.0,0.222,0.163,131.287,8.064
08/26/2007,21:13:00,1015.496,120.0,72.749,73.066,0.0,0.19,0.163,151.444,9.525
08/26/2007,21:14:00,1015.515,119.938,73.371,73.066,0.0,0.222,0.163,125.267,9.403
08/26/2007,21:15:00,1015.496,119.813,73.766,73.04,0.0,0.222,0.163,132.744,6.646
08/26/2007,21:16:00,1015.496,119.813,73.452,72.949,0.0,0.222,0.163,141.504,6.506
08/26/2007,21:17:00,1015.496,119.625,73.747,72.91,0.0,0.222,0.163,130.325,7.468
08/26/2007,21:18:00,1015.496,120.063,73.646,72.858,0.0,0.222,0.136,138.895,9.166
08/26/2007,21:19:00,1015.515,119.875,73.439,72.858,0.0,0.222,0.163,170.48,4.638
08/26/2007,21:20:00,1015.496,119.75,73.543,72.839,0.0,0.222,0.163,155.219,8.356
08/26/2007,21:21:00,1015.515,119.813,73.867,72.826,0.0,0.222,0.163,124.261,7.766
08/26/2007,21:22:00,1015.515,120.0,74.038,72.839,0.0,0.316,0.163,148.413,8.514
08/26/2007,21:23:00,1015.554,119.625,73.792,72.8,0.0,0.222,0.163,156.706,3.981
08/26/2007,21:24:00,1015.515,119.563,74.407,72.735,0.0,0.19,0.163,147.873,7.018
08/26/2007,21:25:00,1015.554,119.625,74.275,72.657,0.0,0.253,0.163,140.017,6.683
08/26/2007,21:26:00,1015.554,119.938,74.369,72.696,0.0,0.19,0.163,146.984,5.448
08/26/2007,21:27:00,1015.515,119.688,74.236,72.67,0.0,0.222,0.163,146.766,6.829
08/26/2007,21:28:00,1015.515,119.688,74.977,72.644,0.0,0.19,0.163,120.282,1.857
08/26/2007,21:29:00,1015.515,119.563,74.534,72.58,0.0,0.222,0.163,115.516,6.768
08/26/2007,21:30:00,1015.496,119.563,74.939,72.567,0.0,0.222,0.163,130.266,5.235
08/26/2007,21:31:00,1015.496,119.688,75.065,72.567,0.0,0.222,0.163,156.969,5.819
08/26/2007,21:32:00,1015.496,119.5,75.217,72.547,0.0,0.222,0.163,100.955,4.492
08/26/2007,21:33:00,1015.496,119.813,74.025,72.567,0.0,0.222,0.163,143.501,8.63
08/26/2007,21:34:00,1015.496,119.938,73.701,72.67,0.0,0.222,0.163,132.088,12.597
08/26/2007,21:35:00,1015.458,120.125,73.148,72.683,0.0,0.222,0.163,160.073,12.573
08/26/2007,21:36:00,1015.496,119.875,74.152,72.761,0.0,0.222,0.163,133.371,5.411
08/26/2007,21:37:00,1015.515,120.125,73.458,72.696,0.0,0.222,0.163,158.543,10.796
08/26/2007,21:38:00,1015.515,120.0,73.799,72.761,0.0,0.253,0.136,124.465,6.531
08/26/2007,21:39:00,1015.515,119.688,73.799,72.683,0.0,0.222,0.163,120.749,5.35
08/26/2007,21:40:00,1015.515,119.688,74.589,72.631,0.0,0.222,0.163,152.188,5.819
08/26/2007,21:41:00,1015.496,120.125,73.141,72.631,0.0,0.222,0.163,152.785,11.38
08/26/2007,21:42:00,1015.515,119.75,73.426,72.657,0.0,0.253,0.163,133.91,8.155
08/26/2007,21:43:00,1015.515,119.75,73.319,72.644,0.0,0.222,0.163,146.984,11.928
08/26/2007,21:44:00,1015.515,119.625,73.565,72.696,0.0,0.222,0.163,137.467,6.306
08/26/2007,21:45:00,1015.515,119.813,73.141,72.696,0.0,0.222,0.136,131.461,9.987
08/26/2007,21:46:00,1015.515,119.188,74.275,72.657,0.0,0.222,0.163,129.057,7.663
08/26/2007,21:47:00,1015.515,119.25,74.21,72.592,0.0,0.222,0.136,123.955,7.553
08/26/2007,21:48:00,1015.515,119.563,73.345,72.547,0.0,0.222,0.163,152.654,10.784
08/26/2007,21:49:00,1015.515,119.938,73.238,72.58,0.0,0.222,0.163,125.456,2.886
08/26/2007,21:50:00,1015.515,119.938,73.611,72.631,0.0,0.222,0.163,145.673,8.819
08/26/2007,21:51:00,1015.554,119.625,73.054,72.735,0.0,0.222,0.163,147.844,8.405
08/26/2007,21:52:00,1015.554,120.125,73.199,72.774,0.0,0.316,0.163,134.406,9.336
08/26/2007,21:53:00,1015.515,119.563,72.966,72.722,0.0,0.222,0.163,144.157,9.105
08/26/2007,21:54:00,1015.515,119.375,73.799,72.683,0.0,0.222,0.163,141.183,6.36
08/26/2007,21:55:00,1015.515,119.813,73.271,72.58,0.0,0.222,0.163,161.91,9.403
08/26/2007,21:56:00,1015.515,119.813,72.995,72.592,0.0,0.222,0.163,121.171,6.056
08/26/2007,21:57:00,1015.496,120.0,72.827,72.618,0.0,0.253,0.163,125.777,5.6
08/26/2007,21:58:00,1015.515,119.688,72.862,72.657,0.0,0.222,0.136,159.709,5.338
08/26/2007,21:59:00,1015.515,119.688,73.319,72.631,0.0,0.222,0.163,144.725,9.263
08/26/2007,22:00:00,1015.515,120.0,72.995,72.567,0.0,0.222,0.163,149.244,5.162
08/26/2007,22:01:00,1015.496,119.938,72.71,72.534,0.0,0.19,0.136,167.638,10.559
08/26/2007,22:02:00,1015.515,119.688,72.292,72.508,0.0,0.19,0.163,161.662,10.309
08/26/2007,22:03:00,1015.496,119.75,72.496,72.605,0.0,0.222,0.163,128.488,4.79
08/26/2007,22:04:00,1015.515,119.813,72.37,72.618,0.0,0.253,0.163,138.064,7.255
08/26/2007,22:05:00,1015.515,119.625,72.901,72.631,0.0,0.253,0.163,138.326,10.474
08/26/2007,22:06:00,1015.496,119.313,73.028,72.567,0.0,0.19,0.163,134.93,7.675
08/26/2007,22:07:00,1015.458,119.813,73.141,72.56,0.0,0.19,0.136,158.79,4.711
08/26/2007,22:08:00,1015.496,119.938,72.681,72.56,0.0,0.222,0.163,166.078,9.092
08/26/2007,22:09:00,1015.458,119.563,72.782,72.56,0.0,0.222,0.136,168.541,8.393
08/26/2007,22:10:00,1015.419,119.625,72.121,72.521,0.0,0.222,0.163,140.367,8.454
08/26/2007,22:11:00,1015.419,119.188,73.352,72.495,0.0,0.19,0.163,154.301,2.058
08/26/2007,22:12:00,1015.381,119.25,73.339,72.418,0.0,0.19,0.163,152.057,3.58
08/26/2007,22:13:00,1015.381,119.688,72.516,72.418,0.0,0.222,0.163,143.588,9.312
08/26/2007,22:14:00,1015.381,119.563,72.833,72.43,0.0,0.19,0.163,158.674,4.675
08/26/2007,22:15:00,1015.419,119.813,72.079,72.392,0.0,0.222,0.136,138.982,10.62
08/26/2007,22:16:00,1015.458,119.563,72.098,72.508,0.0,0.253,0.136,132.059,3.817
08/26/2007,22:17:00,1015.419,119.5,72.072,72.508,0.0,0.19,0.163,140.163,7.541
08/26/2007,22:18:00,1015.419,119.938,71.573,72.534,0.0,0.253,0.163,160.671,11.892
08/26/2007,22:19:00,1015.419,119.75,71.023,72.58,0.0,0.316,0.163,137.175,13.023
08/26/2007,22:20:00,1015.419,119.688,71.881,72.618,0.0,0.253,0.163,143.151,7.054
08/26/2007,22:21:00,1015.419,119.313,71.816,72.644,0.0,0.222,0.163,134.377,3.817
08/26/2007,22:22:00,1015.381,119.875,72.001,72.521,0.0,0.19,0.163,150.176,3.945
08/26/2007,22:23:00,1015.419,120.25,71.055,72.605,0.0,0.316,0.163,151.255,11.034
08/26/2007,22:24:00,1015.381,120.375,70.611,72.67,0.0,0.38,0.136,134.289,9.141
08/26/2007,22:25:00,1015.419,119.688,71.295,72.696,0.0,0.222,0.163,117.819,6.817
08/26/2007,22:26:00,1015.381,119.813,70.712,72.592,0.0,0.253,0.136,159.592,8.606
08/26/2007,22:27:00,1015.381,119.813,71.386,72.657,0.0,0.253,0.163,149.958,4.675
08/26/2007,22:28:00,1015.381,119.688,70.67,72.618,0.0,0.222,0.136,141.81,9.823
08/26/2007,22:29:00,1015.419,119.625,70.845,72.592,0.0,0.253,0.163,156.735,9.074
08/26/2007,22:30:00,1015.381,119.813,70.935,72.567,0.0,0.222,0.163,135.411,12.573
08/26/2007,22:31:00,1015.458,119.875,70.518,72.631,0.0,0.253,0.163,164.854,7.164
08/26/2007,22:32:00,1015.458,120.063,70.812,72.696,0.0,0.222,0.163,170.932,9.105
08/26/2007,22:33:00,1015.496,120.125,70.301,72.774,0.0,0.316,0.163,143.238,10.571
08/26/2007,22:34:00,1015.496,120.375,70.09,72.839,0.0,0.253,0.163,149.214,9.811
08/26/2007,22:35:00,1015.496,120.0,70.006,72.923,0.0,0.253,0.163,131.811,5.101
08/26/2007,22:36:00,1015.496,120.375,69.403,72.813,0.0,0.19,0.163,151.94,13.121
08/26/2007,22:37:00,1015.515,119.688,70.757,72.826,0.0,0.19,0.163,142.495,2.922
08/26/2007,22:38:00,1015.515,120.125,69.799,72.839,0.0,0.253,0.163,149.01,3.957
08/26/2007,22:39:00,1015.515,119.75,69.378,72.871,0.0,0.253,0.136,127.235,5.983
08/26/2007,22:40:00,1015.515,120.125,69.779,72.826,0.0,0.222,0.136,161.37,10.51
08/26/2007,22:41:00,1015.515,119.688,70.382,72.884,0.0,0.253,0.136,147.305,9.178
08/26/2007,22:42:00,1015.496,119.875,69.867,72.839,0.0,0.222,0.136,127.089,5.545
08/26/2007,22:43:00,1015.515,119.813,70.339,72.787,0.0,0.222,0.163,151.532,6.36
08/26/2007,22:44:00,1015.515,119.875,70.006,72.722,0.0,0.19,0.163,157.231,11.07
08/26/2007,22:45:00,1015.515,119.688,69.938,72.722,0.0,0.253,0.163,151.08,9.823
08/26/2007,22:46:00,1015.515,120.188,69.442,72.657,0.0,0.253,0.136,145.964,9.239
08/26/2007,22:47:00,1015.554,120.313,69.714,72.774,0.0,0.253,0.163,154.593,8.344
08/26/2007,22:48:00,1015.592,119.438,70.135,72.761,0.0,0.19,0.163,141.839,8.965
08/26/2007,22:49:00,1015.554,119.688,70.378,72.735,0.0,0.222,0.163,145.002,3.744
08/26/2007,22:50:00,1015.554,120.0,69.779,72.787,0.0,0.316,0.163,136.84,9.214
08/26/2007,22:51:00,1015.592,119.875,69.582,72.839,0.0,0.222,0.136,112.645,3.099
08/26/2007,22:52:00,1015.592,120.0,68.953,72.813,0.0,0.253,0.163,130.441,11.405
08/26/2007,22:53:00,1015.592,119.938,68.911,72.852,0.0,0.19,0.163,139.697,4.888
08/26/2007,22:54:00,1015.515,119.688,69.063,72.91,0.0,0.253,0.163,135.164,2.782
08/26/2007,22:55:00,1015.515,119.5,69.867,72.8,0.0,0.222,0.163,141.242,8.228
08/26/2007,22:56:00,1015.554,120.438,68.681,72.826,0.0,0.253,0.163,163.163,9.427
08/26/2007,22:57:00,1015.554,120.188,68.979,72.858,0.0,0.253,0.163,129.348,10.735
08/26/2007,22:58:00,1015.592,120.063,68.714,72.975,0.0,0.253,0.163,136.038,7.291
08/26/2007,22:59:00,1015.554,120.313,68.467,72.949,0.0,0.316,0.136,132.321,11.204
08/26/2007,23:00:00,1015.554,120.313,68.827,73.001,0.0,0.253,0.163,137.467,5.959
08/26/2007,23:01:00,1015.554,119.5,69.514,72.858,0.0,0.19,0.163,183.044,7.553
08/26/2007,23:02:00,1015.592,120.0,69.322,72.858,0.0,0.222,0.163,138.093,7.291
08/26/2007,23:03:00,1015.592,120.375,69.378,72.8,0.0,0.253,0.163,141.781,8.393
08/26/2007,23:04:00,1015.554,119.813,69.368,72.787,0.0,0.19,0.163,144.871,8.539
08/26/2007,23:05:00,1015.592,120.313,68.872,72.761,0.0,0.222,0.136,139.901,7.176
08/26/2007,23:06:00,1015.63,120.125,68.879,72.826,0.0,0.253,0.163,159.505,6.944
08/26/2007,23:07:00,1015.63,120.0,69.079,72.787,0.0,0.19,0.163,163.484,6.944
08/26/2007,23:08:00,1015.668,120.0,68.474,72.813,0.0,0.253,0.163,157.391,11.058
08/26/2007,23:09:00,1015.668,120.375,67.868,72.962,0.0,0.316,0.163,161.633,9.585
08/26/2007,23:10:00,1015.668,120.063,67.943,72.962,0.0,0.222,0.163,133.254,4.924
08/26/2007,23:11:00,1015.668,120.0,68.626,72.988,0.0,0.222,0.136,109.992,2.758
08/26/2007,23:12:00,1015.668,119.875,68.548,72.884,0.0,0.19,0.163,139.551,6.184
08/26/2007,23:13:00,1015.63,120.313,68.212,72.826,0.0,0.222,0.163,149.418,10.522
08/26/2007,23:14:00,1015.668,119.875,68.335,72.936,0.0,0.253,0.163,167.973,9.263
08/26/2007,23:15:00,1015.592,119.938,67.742,72.91,0.0,0.222,0.136,144.492,9.823
08/26/2007,23:16:00,1015.592,120.0,67.92,72.871,0.0,0.222,0.163,140.965,9.677
08/26/2007,23:17:00,1015.592,119.75,67.816,72.897,0.0,0.222,0.163,143.953,6.957
08/26/2007,23:18:00,1015.554,120.313,67.577,72.884,0.0,0.222,0.163,156.677,11.18
08/26/2007,23:19:00,1015.592,119.875,67.868,72.949,0.0,0.253,0.136,117.367,6.531
08/26/2007,23:20:00,1015.592,119.875,68.134,72.897,0.0,0.222,0.136,149.156,10.395
08/26/2007,23:21:00,1015.592,119.688,68.833,72.787,0.0,0.222,0.163,172.258,3.433
08/26/2007,23:22:00,1015.554,119.75,68.39,72.774,0.0,0.222,0.163,166.778,9.61
08/26/2007,23:23:00,1015.592,119.563,68.905,72.761,0.0,0.253,0.163,131.243,6.354
08/26/2007,23:24:00,1015.592,119.688,68.296,72.774,0.0,0.222,0.163,147.553,5.983
08/26/2007,23:25:00,1015.592,120.5,67.875,72.696,0.0,0.222,0.136,159.621,9.75
08/26/2007,23:26:00,1015.592,120.188,67.638,72.852,0.0,0.316,0.136,153.368,11.216
08/26/2007,23:27:00,1015.63,120.563,67.79,72.91,0.0,0.253,0.136,146.868,9.336
08/26/2007,23:28:00,1015.63,120.188,68.027,72.884,0.0,0.222,0.163,159.475,9.312
08/26/2007,23:29:00,1015.668,119.688,68.714,72.787,0.0,0.19,0.163,161.749,9.701
08/26/2007,23:30:00,1015.668,119.813,68.001,72.787,0.0,0.253,0.163,157.304,9.64
08/26/2007,23:31:00,1015.707,119.313,68.701,72.735,0.0,0.19,0.163,156.313,6.318
08/26/2007,23:32:00,1015.707,119.938,67.79,72.644,0.0,0.222,0.163,160.7,10.249
08/26/2007,23:33:00,1015.745,119.938,68.147,72.696,0.0,0.222,0.163,118.489,7.711
08/26/2007,23:34:00,1015.745,120.0,68.199,72.657,0.0,0.222,0.163,154.928,7.997
08/26/2007,23:35:00,1015.783,119.625,68.794,72.657,0.0,0.253,0.163,152.188,7.151
08/26/2007,23:36:00,1015.783,119.625,68.335,72.58,0.0,0.19,0.163,151.503,7.48
08/26/2007,23:37:00,1015.822,119.375,69.131,72.508,0.0,0.222,0.163,136.607,8.88
08/26/2007,23:38:00,1015.822,119.938,68.066,72.469,0.0,0.222,0.163,171.078,12.786
08/26/2007,23:39:00,1015.822,120.0,68.574,72.56,0.0,0.222,0.163,147.043,9.701
08/26/2007,23:40:00,1015.86,120.188,68.059,72.58,0.0,0.222,0.163,156.575,10.188
08/26/2007,23:41:00,1015.898,119.563,68.422,72.644,0.0,0.19,0.136,132.205,6.628
08/26/2007,23:42:00,1015.86,120.375,67.59,72.631,0.0,0.253,0.163,147.844,13.395
08/26/2007,23:43:00,1015.898,120.188,67.638,72.761,0.0,0.222,0.163,154.957,11.228
08/26/2007,23:44:00,1015.898,119.875,68.396,72.67,0.0,0.222,0.163,150.293,7.675
08/26/2007,23:45:00,1015.822,120.375,67.638,72.592,0.0,0.222,0.136,158.076,13.936
08/26/2007,23:46:00,1015.86,120.0,68.322,72.618,0.0,0.222,0.163,142.976,7.723
08/26/2007,23:47:00,1015.86,119.813,68.613,72.521,0.0,0.19,0.163,171.078,6.683
08/26/2007,23:48:00,1015.822,119.375,68.934,72.482,0.0,0.222,0.136,79.69,3.02
08/26/2007,23:49:00,1015.822,119.563,68.714,72.353,0.0,0.19,0.136,156.823,10.072
08/26/2007,23:50:00,1015.822,119.938,67.803,72.418,0.0,0.222,0.163,169.678,9.774
08/26/2007,23:51:00,1015.783,119.313,68.082,72.456,0.0,0.222,0.163,146.299,7.377
08/26/2007,23:52:00,1015.783,119.375,68.924,72.327,0.0,0.19,0.163,164.402,5.959
08/26/2007,23:53:00,1015.783,119.375,69.297,72.268,0.0,0.19,0.163,151.138,6.196
08/26/2007,23:54:00,1015.783,119.5,69.309,72.21,0.0,0.253,0.163,100.124,7.194
08/26/2007,23:55:00,1015.783,119.688,68.714,72.145,0.0,0.222,0.136,164.446,9.324
08/26/2007,23:56:00,1015.822,120.125,67.982,72.243,0.0,0.316,0.163,174.78,12.81
08/26/2007,23:57:00,1015.86,119.563,68.335,72.275,0.0,0.222,0.136,146.766,8.892
08/26/2007,23:58:00,1015.86,119.25,69.335,72.23,0.0,0.222,0.136,127.322,5.551
08/26/2007,23:59:00,1015.822,119.625,68.794,72.158,0.0,0.19,0.163,132.263,8.49
