DATE,TIME,BAR-PRES,IR-RADIA,OA-HUMD,OA-TEMP,SOL-ALM,SOL-BEAM,SOL-HORZ,WIND-DIR,WIND-VEL
02/09/2008,00:00:00,1009.577,88.125,90.401,22.093,0.0,0.253,0.136,264.564,3.421
02/09/2008,00:01:00,1009.577,87.625,90.469,22.054,0.0,0.253,0.136,270.176,3.008
02/09/2008,00:02:00,1009.539,87.375,90.534,22.015,0.0,0.253,0.136,285.641,3.208
02/09/2008,00:03:00,1009.539,87.438,90.566,22.002,0.0,0.253,0.136,281.151,2.6
02/09/2008,00:04:00,1009.539,87.813,90.786,22.015,0.0,0.253,0.136,311.862,3.47
02/09/2008,00:05:00,1009.539,87.563,90.958,22.08,0.0,0.253,0.136,292.491,3.683
02/09/2008,00:06:00,1009.539,87.5,90.951,22.132,0.0,0.253,0.136,281.035,3.707
02/09/2008,00:07:00,1009.577,87.188,90.919,22.145,0.0,0.253,0.109,278.717,4.577
02/09/2008,00:08:00,1009.539,87.438,90.851,22.119,0.0,0.253,0.136,293.438,3.932
02/09/2008,00:09:00,1009.539,87.313,90.725,22.08,0.0,0.222,0.136,290.552,3.805
02/09/2008,00:10:00,1009.539,86.938,90.767,21.989,0.0,0.253,0.136,265.06,2.442
02/09/2008,00:11:00,1009.52,87.25,90.896,22.028,0.0,0.253,0.136,296.412,3.555
02/09/2008,00:12:00,1009.52,87.563,90.958,22.054,0.0,0.253,0.136,288.862,3.135
02/09/2008,00:13:00,1009.539,87.938,91.143,22.106,0.0,0.253,0.136,299.21,4.687
02/09/2008,00:14:00,1009.539,88.125,91.23,22.184,0.0,0.253,0.136,286.121,3.914
02/09/2008,00:15:00,1009.577,88.063,91.071,22.21,0.0,0.253,0.136,293.745,2.983
02/09/2008,00:16:00,1009.577,88.625,91.162,22.21,0.0,0.253,0.136,277.507,4.231
02/09/2008,00:17:00,1009.616,89.25,91.327,22.268,0.0,0.253,0.109,288.774,5.685
02/09/2008,00:18:00,1009.577,89.125,91.356,22.346,0.0,0.253,0.136,298.132,5.886
02/09/2008,00:19:00,1009.577,88.188,91.428,22.372,0.0,0.316,0.136,312.43,5.886
02/09/2008,00:20:00,1009.539,88.625,91.395,22.424,0.0,0.253,0.136,288.716,5.624
02/09/2008,00:21:00,1009.539,88.625,91.44,22.501,0.0,0.253,0.136,313.173,5.91
02/09/2008,00:22:00,1009.539,88.563,91.376,22.527,0.0,0.253,0.136,314.908,4.961
02/09/2008,00:23:00,1009.539,88.313,91.256,22.553,0.0,0.253,0.136,278.542,6.592
02/09/2008,00:24:00,1009.539,88.438,91.123,22.521,0.0,0.253,0.163,292.928,3.184
02/09/2008,00:25:00,1009.539,88.438,91.117,22.489,0.0,0.253,0.136,269.316,4.164
02/09/2008,00:26:00,1009.616,89.125,90.99,22.398,0.0,0.253,0.136,287.754,4.151
02/09/2008,00:27:00,1009.616,89.25,90.926,22.359,0.0,0.253,0.136,298.103,3.342
02/09/2008,00:28:00,1009.616,89.0,90.812,22.242,0.0,0.253,0.136,292.695,2.795
02/09/2008,00:29:00,1009.539,89.0,90.903,22.171,0.0,0.253,0.136,255.367,4.48
02/09/2008,00:30:00,1009.539,88.813,90.877,22.132,0.0,0.253,0.136,290.421,2.758
02/09/2008,00:31:00,1009.539,88.5,90.89,22.067,0.0,0.253,0.109,273.426,4.328
02/09/2008,00:32:00,1009.539,88.188,90.964,22.015,0.0,0.222,0.136,302.927,2.265
02/09/2008,00:33:00,1009.52,88.25,91.078,22.015,0.0,0.253,0.136,303.277,4.863
02/09/2008,00:34:00,1009.52,88.063,91.191,22.041,0.0,0.253,0.136,294.867,3.957
02/09/2008,00:35:00,1009.52,88.375,91.256,22.041,0.0,0.253,0.136,279.067,3.184
02/09/2008,00:36:00,1009.52,88.438,91.314,22.041,0.0,0.253,0.136,301.367,2.91
02/09/2008,00:37:00,1009.482,88.313,91.44,22.067,0.0,0.222,0.136,281.093,2.935
02/09/2008,00:38:00,1009.482,87.938,91.434,22.067,0.0,0.222,0.136,272.96,2.861
02/09/2008,00:39:00,1009.52,88.375,91.428,22.093,0.0,0.222,0.136,268.748,2.959
02/09/2008,00:40:00,1009.539,88.5,91.343,22.093,0.0,0.222,0.136,273.834,3.099
02/09/2008,00:41:00,1009.539,88.438,91.35,22.041,0.0,0.222,0.136,284.168,3.945
02/09/2008,00:42:00,1009.52,88.625,91.421,22.028,0.0,0.222,0.136,267.96,3.458
02/09/2008,00:43:00,1009.52,88.563,91.447,22.015,0.0,0.253,0.136,258.938,4.127
02/09/2008,00:44:00,1009.52,88.375,91.496,22.028,0.0,0.19,0.136,287.521,3.458
02/09/2008,00:45:00,1009.539,88.313,91.496,22.002,0.0,0.222,0.109,279.271,2.484
02/09/2008,00:46:00,1009.52,87.813,91.509,22.002,0.0,0.222,0.136,292.433,3.044
02/09/2008,00:47:00,1009.482,87.75,91.489,22.015,0.0,0.222,0.136,270.147,3.257
02/09/2008,00:48:00,1009.482,87.75,91.664,22.015,0.0,0.222,0.136,294.065,2.168
02/09/2008,00:49:00,1009.52,88.25,91.716,22.041,0.0,0.19,0.136,301.994,2.959
02/09/2008,00:50:00,1009.539,88.25,91.696,22.106,0.0,0.253,0.136,298.321,3.269
02/09/2008,00:51:00,1009.539,87.75,91.777,22.171,0.0,0.222,0.136,303.189,3.902
02/09/2008,00:52:00,1009.539,87.5,91.696,22.21,0.0,0.222,0.136,262.276,3.744
02/09/2008,00:53:00,1009.539,86.688,91.67,22.197,0.0,0.222,0.136,268.369,3.506
02/09/2008,00:54:00,1009.52,87.438,91.664,22.158,0.0,0.222,0.136,278.367,3.397
02/09/2008,00:55:00,1009.539,87.5,91.625,22.145,0.0,0.222,0.136,263.457,3.902
02/09/2008,00:56:00,1009.539,87.375,91.625,22.106,0.0,0.222,0.136,260.993,3.373
02/09/2008,00:57:00,1009.539,86.563,91.677,22.119,0.0,0.222,0.136,308.67,2.624
02/09/2008,00:58:00,1009.52,86.438,91.696,22.093,0.0,0.222,0.136,283.425,2.308
02/09/2008,00:59:00,1009.52,87.0,91.683,22.132,0.0,0.222,0.109,266.43,1.76
02/09/2008,01:00:00,1009.539,87.188,91.69,22.119,0.0,0.222,0.136,299.269,3.628
02/09/2008,01:01:00,1009.539,87.688,91.683,22.119,0.0,0.222,0.136,280.699,2.746
02/09/2008,01:02:00,1009.577,87.688,91.683,22.145,0.0,0.222,0.109,286.034,2.91
02/09/2008,01:03:00,1009.577,87.125,91.696,22.171,0.0,0.222,0.136,292.549,2.746
02/09/2008,01:04:00,1009.577,87.438,91.823,22.184,0.0,0.222,0.136,295.479,3.269
02/09/2008,01:05:00,1009.577,86.938,91.829,22.21,0.0,0.222,0.136,286.603,2.277
02/09/2008,01:06:00,1009.539,87.438,91.709,22.223,0.0,0.222,0.109,279.49,2.004
02/09/2008,01:07:00,1009.539,88.375,91.829,22.223,0.0,0.222,0.136,317.488,3.123
02/09/2008,01:08:00,1009.539,88.75,91.803,22.242,0.0,0.222,0.136,299.473,1.748
02/09/2008,01:09:00,1009.539,88.813,91.81,22.255,0.0,0.222,0.136,305.099,4.504
02/09/2008,01:10:00,1009.539,88.75,91.962,22.307,0.0,0.253,0.136,293.438,2.022
02/09/2008,01:11:00,1009.539,89.063,91.981,22.333,0.0,0.222,0.136,323.624,4.018
02/09/2008,01:12:00,1009.577,89.0,91.874,22.372,0.0,0.253,0.136,274.403,2.405
02/09/2008,01:13:00,1009.616,89.0,91.768,22.346,0.0,0.222,0.136,267.625,2.673
02/09/2008,01:14:00,1009.616,89.063,91.632,22.32,0.0,0.222,0.136,283.396,2.649
02/09/2008,01:15:00,1009.616,88.938,91.638,22.242,0.0,0.222,0.136,291.5,5.277
02/09/2008,01:16:00,1009.577,89.063,91.632,22.184,0.0,0.222,0.136,289.765,5.399
02/09/2008,01:17:00,1009.577,89.25,91.658,22.158,0.0,0.222,0.136,289.838,3.841
02/09/2008,01:18:00,1009.577,89.313,91.677,22.158,0.0,0.222,0.136,292.987,3.008
02/09/2008,01:19:00,1009.539,89.125,91.716,22.171,0.0,0.222,0.109,290.931,3.354
02/09/2008,01:20:00,1009.539,89.063,91.797,22.197,0.0,0.222,0.136,292.87,1.644
02/09/2008,01:21:00,1009.52,89.313,91.881,22.223,0.0,0.222,0.136,318.537,3.081
02/09/2008,01:22:00,1009.539,89.25,91.923,22.255,0.0,0.253,0.109,279.519,2.91
02/09/2008,01:23:00,1009.539,89.313,91.923,22.268,0.0,0.222,0.136,298.438,3.792
02/09/2008,01:24:00,1009.539,89.375,91.887,22.268,0.0,0.222,0.136,281.516,3.829
02/09/2008,01:25:00,1009.539,89.5,91.894,22.281,0.0,0.222,0.136,304.764,3.208
02/09/2008,01:26:00,1009.577,89.688,91.949,22.307,0.0,0.222,0.136,285.917,2.509
02/09/2008,01:27:00,1009.577,89.875,91.962,22.333,0.0,0.222,0.136,306.192,2.296
02/09/2008,01:28:00,1009.577,89.875,91.981,22.372,0.0,0.222,0.136,288.599,3.421
02/09/2008,01:29:00,1009.577,90.125,91.975,22.411,0.0,0.222,0.136,308.815,6.506
02/09/2008,01:30:00,1009.616,90.0,91.93,22.424,0.0,0.222,0.136,288.57,6.147
02/09/2008,01:31:00,1009.616,90.125,91.868,22.45,0.0,0.253,0.136,278.032,4.018
02/09/2008,01:32:00,1009.616,90.0,91.917,22.45,0.0,0.222,0.136,284.329,7.127
02/09/2008,01:33:00,1009.616,89.75,91.862,22.463,0.0,0.222,0.136,274.636,4.291
02/09/2008,01:34:00,1009.654,89.563,91.615,22.398,0.0,0.253,0.136,282.259,5.77
02/09/2008,01:35:00,1009.654,89.688,91.602,22.32,0.0,0.222,0.136,286.603,4.504
02/09/2008,01:36:00,1009.616,89.563,91.609,22.281,0.0,0.222,0.136,289.095,4.553
02/09/2008,01:37:00,1009.616,89.313,91.632,22.242,0.0,0.222,0.136,303.131,4.961
02/09/2008,01:38:00,1009.616,89.313,91.651,22.223,0.0,0.222,0.136,275.35,3.044
02/09/2008,01:39:00,1009.616,89.313,91.651,22.184,0.0,0.222,0.109,298.846,2.381
02/09/2008,01:40:00,1009.616,88.0,91.638,22.158,0.0,0.19,0.136,268.281,2.886
02/09/2008,01:41:00,1009.616,89.313,91.632,22.145,0.0,0.222,0.136,273.572,2.004
02/09/2008,01:42:00,1009.616,89.563,91.664,22.158,0.0,0.222,0.136,288.57,3.47
02/09/2008,01:43:00,1009.616,89.688,91.632,22.145,0.0,0.222,0.136,271.517,4.79
02/09/2008,01:44:00,1009.692,89.625,91.645,22.119,0.0,0.222,0.136,274.971,3.89
02/09/2008,01:45:00,1009.731,89.563,91.683,22.119,0.0,0.19,0.136,319.966,4.304
02/09/2008,01:46:00,1009.692,89.438,91.664,22.119,0.0,0.222,0.136,300.42,4.614
02/09/2008,01:47:00,1009.692,89.813,91.836,22.132,0.0,0.222,0.136,283.236,4.553
02/09/2008,01:48:00,1009.692,89.813,91.874,22.119,0.0,0.222,0.136,282.667,4.255
02/09/2008,01:49:00,1009.731,90.0,91.907,22.119,0.0,0.222,0.136,286.296,4.504
02/09/2008,01:50:00,1009.692,89.813,91.975,22.171,0.0,0.222,0.136,311.803,0.835
02/09/2008,01:51:00,1009.731,89.813,92.082,22.223,0.0,0.253,0.136,295.872,3.221
02/09/2008,01:52:00,1009.769,90.063,92.166,22.281,0.0,0.222,0.136,315.681,3.695
02/09/2008,01:53:00,1009.731,90.063,92.185,22.32,0.0,0.222,0.136,330.46,3.385
02/09/2008,01:54:00,1009.731,89.938,92.192,22.372,0.0,0.222,0.136,313.509,4.663
02/09/2008,01:55:00,1009.731,89.625,92.153,22.411,0.0,0.19,0.136,301.513,4.949
02/09/2008,01:56:00,1009.692,90.0,92.127,22.45,0.0,0.222,0.136,338.098,5.052
02/09/2008,01:57:00,1009.692,89.938,92.127,22.463,0.0,0.222,0.136,319.514,3.506
02/09/2008,01:58:00,1009.654,89.938,92.108,22.476,0.0,0.222,0.136,326.685,4.863
02/09/2008,01:59:00,1009.692,89.938,92.134,22.501,0.0,0.253,0.136,318.173,6.184
02/09/2008,02:00:00,1009.692,89.75,92.127,22.527,0.0,0.222,0.136,296.849,3.92
02/09/2008,02:01:00,1009.692,90.125,92.108,22.54,0.0,0.222,0.136,300.988,6.184
02/09/2008,02:02:00,1009.769,90.188,92.027,22.553,0.0,0.222,0.136,305.798,4.687
02/09/2008,02:03:00,1009.731,90.125,91.93,22.527,0.0,0.222,0.136,328.011,4.699
02/09/2008,02:04:00,1009.769,90.125,92.062,22.521,0.0,0.222,0.136,307.11,4.839
02/09/2008,02:05:00,1009.769,90.188,92.075,22.527,0.0,0.253,0.136,296.47,3.257
02/09/2008,02:06:00,1009.731,90.125,92.04,22.527,0.0,0.222,0.136,270.919,1.809
02/09/2008,02:07:00,1009.731,90.188,91.913,22.476,0.0,0.222,0.136,271.706,3.032
02/09/2008,02:08:00,1009.731,90.063,91.829,22.411,0.0,0.222,0.136,300.507,2.575
02/09/2008,02:09:00,1009.692,90.063,91.862,22.372,0.0,0.222,0.136,280.466,0.361
02/09/2008,02:10:00,1009.692,90.25,91.868,22.372,0.0,0.222,0.136,271.138,2.022
02/09/2008,02:11:00,1009.692,90.438,91.923,22.359,0.0,0.222,0.136,320.534,2.369
02/09/2008,02:12:00,1009.692,90.438,92.062,22.398,0.0,0.222,0.136,343.214,0.872
02/09/2008,02:13:00,1009.692,90.25,92.121,22.437,0.0,0.253,0.109,225.517,0.774
02/09/2008,02:14:00,1009.692,89.875,91.887,22.385,0.0,0.222,0.109,265.308,1.748
02/09/2008,02:15:00,1009.692,89.688,91.894,22.32,0.0,0.222,0.136,314.791,1.188
02/09/2008,02:16:00,1009.731,89.938,91.962,22.32,0.0,0.222,0.136,283.061,1.334
02/09/2008,02:17:00,1009.731,90.25,92.172,22.372,0.0,0.222,0.136,308.815,3.056
02/09/2008,02:18:00,1009.692,90.188,92.221,22.437,0.0,0.253,0.136,315.331,3.646
02/09/2008,02:19:00,1009.654,90.313,92.228,22.489,0.0,0.222,0.136,291.529,5.661
02/09/2008,02:20:00,1009.692,90.25,92.24,22.527,0.0,0.253,0.136,342.835,6.269
02/09/2008,02:21:00,1009.731,90.313,92.354,22.553,0.0,0.253,0.136,315.797,5.052
02/09/2008,02:22:00,1009.731,90.125,92.367,22.579,0.0,0.222,0.136,300.828,3.196
02/09/2008,02:23:00,1009.769,89.938,92.373,22.618,0.0,0.222,0.109,325.111,4.164
02/09/2008,02:24:00,1009.731,90.125,92.318,22.605,0.0,0.222,0.136,267.509,2.673
02/09/2008,02:25:00,1009.692,90.125,92.354,22.618,0.0,0.222,0.136,306.308,6.841
02/09/2008,02:26:00,1009.692,90.125,92.399,22.657,0.0,0.222,0.109,325.402,4.79
02/09/2008,02:27:00,1009.692,90.25,92.318,22.605,0.0,0.253,0.136,306.25,5.387
02/09/2008,02:28:00,1009.692,90.25,92.393,22.592,0.0,0.222,0.136,323.172,3.932
02/09/2008,02:29:00,1009.616,90.188,92.445,22.631,0.0,0.253,0.136,307.999,5.673
02/09/2008,02:30:00,1009.654,89.938,92.367,22.605,0.0,0.222,0.136,339.468,7.754
02/09/2008,02:31:00,1009.616,90.063,92.393,22.579,0.0,0.222,0.136,-0.33,4.577
02/09/2008,02:32:00,1009.616,90.0,92.412,22.566,0.0,0.222,0.136,5.267,5.77
02/09/2008,02:33:00,1009.616,90.125,92.506,22.618,0.0,0.253,0.136,337.456,6.007
02/09/2008,02:34:00,1009.616,90.063,92.564,22.592,0.0,0.253,0.136,317.911,3.945
02/09/2008,02:35:00,1009.654,90.0,92.603,22.566,0.0,0.253,0.136,313.567,5.794
02/09/2008,02:36:00,1009.616,90.063,92.665,22.592,0.0,0.253,0.136,314.369,4.504
02/09/2008,02:37:00,1009.654,90.125,92.629,22.618,0.0,0.253,0.136,315.141,6.817
02/09/2008,02:38:00,1009.616,89.938,92.629,22.592,0.0,0.222,0.109,345.866,4.65
02/09/2008,02:39:00,1009.616,89.563,92.678,22.605,0.0,0.253,0.136,345.181,2.241
02/09/2008,02:40:00,1009.577,89.75,92.684,22.631,0.0,0.253,0.136,347.061,5.807
02/09/2008,02:41:00,1009.616,89.875,92.684,22.631,0.0,0.222,0.136,322.779,5.794
02/09/2008,02:42:00,1009.616,89.938,92.645,22.631,0.0,0.253,0.136,325.461,3.817
02/09/2008,02:43:00,1009.616,89.5,92.678,22.631,0.0,0.222,0.136,317.604,2.308
02/09/2008,02:44:00,1009.577,89.5,92.678,22.657,0.0,0.253,0.136,313.334,2.533
02/09/2008,02:45:00,1009.616,89.625,92.723,22.683,0.0,0.253,0.136,296.383,2.746
02/09/2008,02:46:00,1009.616,89.625,92.645,22.683,0.0,0.222,0.136,309.559,4.005
02/09/2008,02:47:00,1009.616,90.063,92.645,22.709,0.0,0.253,0.136,300.624,3.093
02/09/2008,02:48:00,1009.654,89.875,92.616,22.722,0.0,0.253,0.136,281.399,3.695
02/09/2008,02:49:00,1009.616,89.75,92.665,22.709,0.0,0.253,0.136,302.592,5.125
02/09/2008,02:50:00,1009.654,89.813,92.597,22.709,0.0,0.253,0.136,309.355,3.531
02/09/2008,02:51:00,1009.654,90.063,92.652,22.735,0.0,0.253,0.136,316.103,4.328
02/09/2008,02:52:00,1009.692,90.063,92.623,22.735,0.0,0.253,0.136,335.153,3.446
02/09/2008,02:53:00,1009.692,90.0,92.571,22.748,0.0,0.253,0.136,305.725,5.125
02/09/2008,02:54:00,1009.692,90.125,92.571,22.748,0.0,0.253,0.136,322.72,2.46
02/09/2008,02:55:00,1009.692,90.063,92.532,22.774,0.0,0.253,0.109,314.223,2.533
02/09/2008,02:56:00,1009.654,90.063,92.597,22.813,0.0,0.253,0.136,294.692,3.342
02/09/2008,02:57:00,1009.654,90.125,92.545,22.813,0.0,0.253,0.136,318.085,2.107
02/09/2008,02:58:00,1009.616,89.875,92.47,22.787,0.0,0.253,0.136,323.58,5.411
02/09/2008,02:59:00,1009.616,89.688,92.354,22.761,0.0,0.253,0.109,347.688,4.066
02/09/2008,03:00:00,1009.616,89.063,92.354,22.735,0.0,0.253,0.136,326.204,4.79
02/09/2008,03:01:00,1009.577,88.438,92.393,22.709,0.0,0.222,0.136,316.978,3.123
02/09/2008,03:02:00,1009.577,88.688,92.457,22.722,0.0,0.253,0.136,284.387,6.981
02/09/2008,03:03:00,1009.577,89.125,92.525,22.735,0.0,0.253,0.136,295.421,4.364
02/09/2008,03:04:00,1009.577,89.813,92.513,22.735,0.0,0.253,0.136,280.116,5.508
02/09/2008,03:05:00,1009.616,89.875,92.525,22.722,0.0,0.253,0.136,302.927,3.245
02/09/2008,03:06:00,1009.616,89.875,92.636,22.748,0.0,0.253,0.136,327.268,2.807
02/09/2008,03:07:00,1009.654,89.813,92.551,22.761,0.0,0.253,0.136,310.987,6.318
02/09/2008,03:08:00,1009.616,90.188,92.558,22.735,0.0,0.253,0.136,298.044,5.794
02/09/2008,03:09:00,1009.654,90.063,92.597,22.735,0.0,0.253,0.136,314.398,6.385
02/09/2008,03:10:00,1009.692,89.938,92.616,22.748,0.0,0.222,0.136,316.132,3.58
02/09/2008,03:11:00,1009.692,90.063,92.636,22.761,0.0,0.253,0.109,303.554,4.541
02/09/2008,03:12:00,1009.692,90.063,92.603,22.774,0.0,0.253,0.136,305.58,4.638
02/09/2008,03:13:00,1009.692,90.188,92.629,22.774,0.0,0.253,0.136,277.886,5.934
02/09/2008,03:14:00,1009.654,89.813,92.59,22.787,0.0,0.222,0.136,287.011,4.054
02/09/2008,03:15:00,1009.654,89.688,92.603,22.748,0.0,0.253,0.136,278.251,3.294
02/09/2008,03:16:00,1009.616,89.625,92.691,22.787,0.0,0.253,0.136,298.321,2.393
02/09/2008,03:17:00,1009.616,89.563,92.684,22.8,0.0,0.222,0.136,288.949,1.395
02/09/2008,03:18:00,1009.616,89.625,92.623,22.787,0.0,0.253,0.136,330.577,2.795
02/09/2008,03:19:00,1009.616,89.563,92.603,22.774,0.0,0.253,0.136,310.39,3.555
02/09/2008,03:20:00,1009.577,89.438,92.597,22.761,0.0,0.253,0.136,323.026,2.849
02/09/2008,03:21:00,1009.616,89.063,92.538,22.722,0.0,0.253,0.136,344.409,3.385
02/09/2008,03:22:00,1009.539,89.188,92.577,22.709,0.0,0.253,0.136,304.443,4.577
02/09/2008,03:23:00,1009.539,89.25,92.597,22.709,0.0,0.253,0.136,279.213,2.837
02/09/2008,03:24:00,1009.52,89.0,92.597,22.683,0.0,0.222,0.136,334.92,3.792
02/09/2008,03:25:00,1009.482,89.063,92.616,22.67,0.0,0.222,0.136,322.72,3.421
02/09/2008,03:26:00,1009.52,89.188,92.629,22.67,0.0,0.253,0.136,316.745,3.993
02/09/2008,03:27:00,1009.52,89.75,92.658,22.644,0.0,0.253,0.136,310.667,2.058
02/09/2008,03:28:00,1009.52,89.875,92.736,22.657,0.0,0.222,0.136,332.005,1.097
02/09/2008,03:29:00,1009.52,89.875,92.762,22.67,0.0,0.253,0.136,320.563,4.279
02/09/2008,03:30:00,1009.52,89.938,92.717,22.644,0.0,0.253,0.136,341.523,2.77
02/09/2008,03:31:00,1009.482,90.125,92.684,22.631,0.0,0.253,0.136,306.338,2.983
02/09/2008,03:32:00,1009.482,90.0,92.723,22.618,0.0,0.253,0.136,322.458,2.46
02/09/2008,03:33:00,1009.482,90.188,92.804,22.605,0.0,0.253,0.136,332.107,2.807
02/09/2008,03:34:00,1009.52,90.375,92.781,22.618,0.0,0.253,0.136,319.66,3.245
02/09/2008,03:35:00,1009.482,90.625,92.804,22.605,0.0,0.253,0.136,323.143,1.681
02/09/2008,03:36:00,1009.482,90.625,92.875,22.618,0.0,0.253,0.163,298.19,2.509
02/09/2008,03:37:00,1009.52,90.563,92.937,22.631,0.0,0.253,0.136,287.667,2.575
02/09/2008,03:38:00,1009.539,90.5,92.969,22.657,0.0,0.253,0.109,337.121,2.095
02/09/2008,03:39:00,1009.577,90.563,92.882,22.657,0.0,0.253,0.109,311.25,4.042
02/09/2008,03:40:00,1009.577,90.625,92.862,22.605,0.0,0.222,0.136,309.88,2.253
02/09/2008,03:41:00,1009.616,90.625,92.875,22.579,0.0,0.253,0.136,305.04,3.269
02/09/2008,03:42:00,1009.692,90.688,92.995,22.579,0.0,0.253,0.136,331.145,2.995
02/09/2008,03:43:00,1009.692,90.938,93.076,22.592,0.0,0.253,0.136,297.592,4.328
02/09/2008,03:44:00,1009.731,91.0,93.089,22.605,0.0,0.253,0.136,296.441,2.734
02/09/2008,03:45:00,1009.769,91.0,93.173,22.644,0.0,0.253,0.136,279.694,4.03
02/09/2008,03:46:00,1009.769,90.625,93.18,22.67,0.0,0.253,0.136,270.744,4.437
02/09/2008,03:47:00,1009.769,91.0,93.121,22.644,0.0,0.253,0.136,301.528,4.231
02/09/2008,03:48:00,1009.807,90.938,93.134,22.644,0.0,0.253,0.109,281.953,3.33
02/09/2008,03:49:00,1009.769,90.688,93.076,22.605,0.0,0.253,0.136,281.428,4.218
02/09/2008,03:50:00,1009.769,90.688,93.089,22.592,0.0,0.253,0.136,274.257,4.267
02/09/2008,03:51:00,1009.769,90.75,93.16,22.592,0.0,0.253,0.136,293.672,2.697
02/09/2008,03:52:00,1009.692,90.563,93.115,22.605,0.0,0.253,0.136,279.752,1.943
02/09/2008,03:53:00,1009.692,90.688,93.128,22.605,0.0,0.253,0.136,278.848,2.685
02/09/2008,03:54:00,1009.692,90.875,93.096,22.618,0.0,0.253,0.136,299.239,2.356
02/09/2008,03:55:00,1009.692,90.563,93.089,22.605,0.0,0.253,0.136,286.923,2.661
02/09/2008,03:56:00,1009.692,90.438,93.089,22.605,0.0,0.253,0.136,301.586,3.792
02/09/2008,03:57:00,1009.654,90.25,92.976,22.553,0.0,0.253,0.136,287.754,3.184
02/09/2008,03:58:00,1009.654,90.25,93.034,22.527,0.0,0.253,0.136,282.973,2.947
02/09/2008,03:59:00,1009.692,90.375,93.108,22.527,0.0,0.253,0.136,336.115,3.16
02/09/2008,04:00:00,1009.692,90.438,93.18,22.527,0.0,0.253,0.109,302.533,3.604
02/09/2008,04:01:00,1009.692,90.375,93.167,22.521,0.0,0.222,0.136,331.888,2.849
02/09/2008,04:02:00,1009.731,90.563,93.154,22.501,0.0,0.253,0.136,322.4,3.385
02/09/2008,04:03:00,1009.731,90.438,93.16,22.45,0.0,0.222,0.136,313.596,2.983
02/09/2008,04:04:00,1009.692,90.438,93.206,22.437,0.0,0.253,0.136,298.161,2.575
02/09/2008,04:05:00,1009.692,90.5,93.28,22.424,0.0,0.316,0.136,280.583,2.332
02/09/2008,04:06:00,1009.692,90.188,93.338,22.437,0.0,0.253,0.136,279.358,0.525
02/09/2008,04:07:00,1009.692,90.25,93.41,22.463,0.0,0.253,0.136,253.166,2.91
02/09/2008,04:08:00,1009.731,90.063,93.368,22.45,0.0,0.253,0.109,272.027,2.32
02/09/2008,04:09:00,1009.731,90.188,93.403,22.45,0.0,0.253,0.136,267.392,1.285
02/09/2008,04:10:00,1009.692,90.063,93.436,22.437,0.0,0.253,0.136,258.253,2.107
02/09/2008,04:11:00,1009.692,90.25,93.494,22.45,0.0,0.253,0.136,345.618,1.644
02/09/2008,04:12:00,1009.731,90.063,93.481,22.463,0.0,0.253,0.136,292.957,0.975
02/09/2008,04:13:00,1009.731,89.875,93.568,22.521,0.0,0.253,0.136,308.538,1.571
02/09/2008,04:14:00,1009.692,89.625,93.523,22.489,0.0,0.253,0.136,302.184,2.983
02/09/2008,04:15:00,1009.692,90.063,93.543,22.501,0.0,0.253,0.136,342.98,1.809
02/09/2008,04:16:00,1009.731,90.0,93.523,22.489,0.0,0.253,0.136,306.877,1.146
02/09/2008,04:17:00,1009.731,90.188,93.594,22.527,0.0,0.253,0.136,290.276,1.93
02/09/2008,04:18:00,1009.731,90.25,93.62,22.527,0.0,0.253,0.136,313.363,1.657
02/09/2008,04:19:00,1009.692,90.25,93.614,22.501,0.0,0.253,0.136,334.978,-0.199
02/09/2008,04:20:00,1009.654,90.188,93.646,22.54,0.0,0.253,0.136,336.917,2.746
02/09/2008,04:21:00,1009.616,90.188,93.601,22.527,0.0,0.253,0.136,341.945,1.784
02/09/2008,04:22:00,1009.616,90.313,93.649,22.501,0.0,0.253,0.136,350.53,2.557
02/09/2008,04:23:00,1009.616,90.375,93.62,22.476,0.0,0.253,0.109,326.481,1.93
02/09/2008,04:24:00,1009.616,90.5,93.708,22.489,0.0,0.253,0.136,339.759,4.377
02/09/2008,04:25:00,1009.654,90.5,93.688,22.501,0.0,0.253,0.136,327.72,3.628
02/09/2008,04:26:00,1009.654,90.5,93.627,22.45,0.0,0.253,0.136,334.556,3.47
02/09/2008,04:27:00,1009.692,90.438,93.695,22.424,0.0,0.253,0.136,315.054,3.531
02/09/2008,04:28:00,1009.654,90.375,93.772,22.411,0.0,0.253,0.136,338.476,2.898
02/09/2008,04:29:00,1009.654,90.375,93.795,22.437,0.0,0.253,0.136,296.674,4.553
02/09/2008,04:30:00,1009.616,90.063,93.847,22.398,0.0,0.253,0.136,318.712,1.857
02/09/2008,04:31:00,1009.577,90.0,93.86,22.411,0.0,0.253,0.136,330.008,3.196
02/09/2008,04:32:00,1009.539,89.563,93.86,22.398,0.0,0.253,0.136,328.128,3.421
02/09/2008,04:33:00,1009.539,89.563,93.84,22.372,0.0,0.253,0.136,331.947,2.709
02/09/2008,04:34:00,1009.539,89.438,93.925,22.372,0.0,0.253,0.136,312.518,2.636
02/09/2008,04:35:00,1009.577,89.5,93.973,22.372,0.0,0.222,0.109,316.424,3.093
02/09/2008,04:36:00,1009.539,89.5,93.96,22.398,0.0,0.222,0.136,313.276,2.697
02/09/2008,04:37:00,1009.577,89.563,94.038,22.398,0.0,0.222,0.136,314.558,2.204
02/09/2008,04:38:00,1009.539,89.313,94.051,22.411,0.0,0.222,0.109,308.247,2.563
02/09/2008,04:39:00,1009.539,89.375,94.07,22.437,0.0,0.222,0.136,317.765,2.661
02/09/2008,04:40:00,1009.539,89.313,94.08,22.437,0.0,0.222,0.136,308.189,3.008
02/09/2008,04:41:00,1009.539,89.188,94.145,22.437,0.0,0.253,0.136,301.134,0.999
02/09/2008,04:42:00,1009.539,89.0,94.087,22.45,0.0,0.222,0.136,332.049,2.192
02/09/2008,04:43:00,1009.539,89.0,94.119,22.437,0.0,0.222,0.136,334.978,2.058
02/09/2008,04:44:00,1009.577,89.0,94.077,22.45,0.0,0.222,0.136,316.511,3.294
02/09/2008,04:45:00,1009.577,88.938,94.125,22.45,0.0,0.222,0.136,295.756,2.697
02/09/2008,04:46:00,1009.539,89.063,94.132,22.45,0.0,0.222,0.136,312.226,2.216
02/09/2008,04:47:00,1009.539,89.625,94.158,22.45,0.0,0.253,0.136,307.081,2.241
02/09/2008,04:48:00,1009.616,89.688,94.164,22.45,0.0,0.253,0.136,303.495,2.405
02/09/2008,04:49:00,1009.577,89.688,94.265,22.501,0.0,0.222,0.109,300.77,1.498
02/09/2008,04:50:00,1009.616,89.438,94.252,22.553,0.0,0.222,0.136,316.307,1.669
02/09/2008,04:51:00,1009.539,89.063,94.304,22.579,0.0,0.253,0.136,281.064,1.736
02/09/2008,04:52:00,1009.539,88.5,94.223,22.579,0.0,0.222,0.136,290.844,2.521
02/09/2008,04:53:00,1009.52,87.813,94.177,22.553,0.0,0.253,0.136,273.018,2.649
02/09/2008,04:54:00,1009.52,87.75,94.164,22.54,0.0,0.253,0.136,272.275,3.902
02/09/2008,04:55:00,1009.539,87.188,94.119,22.476,0.0,0.253,0.136,276.458,3.196
02/09/2008,04:56:00,1009.539,86.813,94.1,22.437,0.0,0.222,0.136,268.427,3.914
02/09/2008,04:57:00,1009.577,87.125,94.119,22.411,0.0,0.253,0.136,274.753,2.758
02/09/2008,04:58:00,1009.539,86.938,94.151,22.398,0.0,0.222,0.136,263.821,3.421
02/09/2008,04:59:00,1009.539,87.25,94.164,22.372,0.0,0.253,0.109,274.184,3.792
02/09/2008,05:00:00,1009.539,87.438,94.203,22.385,0.0,0.253,0.136,267.392,2.77
02/09/2008,05:01:00,1009.539,87.625,94.203,22.372,0.0,0.222,0.136,272.391,2.983
02/09/2008,05:02:00,1009.539,87.938,94.226,22.346,0.0,0.222,0.136,262.014,4.127
02/09/2008,05:03:00,1009.539,88.0,94.151,22.346,0.0,0.222,0.136,267.028,2.442
02/09/2008,05:04:00,1009.539,87.875,94.19,22.307,0.0,0.253,0.136,267.392,2.588
02/09/2008,05:05:00,1009.616,87.938,94.252,22.32,0.0,0.253,0.136,281.749,2.034
02/09/2008,05:06:00,1009.654,88.25,94.291,22.333,0.0,0.253,0.136,273.689,3.233
02/09/2008,05:07:00,1009.654,88.688,94.291,22.346,0.0,0.222,0.136,267.057,3.044
02/09/2008,05:08:00,1009.616,88.688,94.342,22.346,0.0,0.222,0.136,271.998,2.837
02/09/2008,05:09:00,1009.616,88.875,94.291,22.359,0.0,0.222,0.136,265.658,3.147
02/09/2008,05:10:00,1009.616,89.25,94.323,22.333,0.0,0.253,0.136,259.084,2.253
02/09/2008,05:11:00,1009.616,89.25,94.349,22.333,0.0,0.253,0.136,266.969,3.397
02/09/2008,05:12:00,1009.654,89.438,94.33,22.359,0.0,0.222,0.136,266.43,3.409
02/09/2008,05:13:00,1009.654,89.375,94.31,22.307,0.0,0.253,0.136,274.782,2.168
02/09/2008,05:14:00,1009.654,88.75,94.391,22.333,0.0,0.222,0.109,270.453,3.093
02/09/2008,05:15:00,1009.654,88.938,94.355,22.32,0.0,0.253,0.136,255.163,3.269
02/09/2008,05:16:00,1009.616,89.25,94.304,22.294,0.0,0.253,0.136,271.371,3.306
02/09/2008,05:17:00,1009.616,89.5,94.398,22.268,0.0,0.222,0.136,247.161,1.718
02/09/2008,05:18:00,1009.577,89.5,94.398,22.255,0.0,0.222,0.136,255.411,3.969
02/09/2008,05:19:00,1009.577,89.25,94.391,22.242,0.0,0.222,0.136,263.398,2.533
02/09/2008,05:20:00,1009.616,89.313,94.368,22.197,0.0,0.253,0.136,263.165,3.233
02/09/2008,05:21:00,1009.616,89.375,94.398,22.184,0.0,0.253,0.109,261.358,2.6
02/09/2008,05:22:00,1009.539,89.063,94.508,22.197,0.0,0.222,0.136,302.417,2.004
02/09/2008,05:23:00,1009.539,88.688,94.55,22.223,0.0,0.222,0.136,259.113,1.584
02/09/2008,05:24:00,1009.52,89.25,94.508,22.197,0.0,0.253,0.136,279.358,3.147
02/09/2008,05:25:00,1009.52,88.75,94.469,22.145,0.0,0.222,0.136,290.188,2.624
02/09/2008,05:26:00,1009.52,88.75,94.537,22.119,0.0,0.19,0.136,303.219,3.294
02/09/2008,05:27:00,1009.52,88.125,94.556,22.119,0.0,0.222,0.136,282.74,2.46
02/09/2008,05:28:00,1009.52,88.5,94.508,22.054,0.0,0.222,0.109,267.45,3.719
02/09/2008,05:29:00,1009.482,88.438,94.514,22.015,0.0,0.222,0.136,257.043,2.588
02/09/2008,05:30:00,1009.52,88.0,94.64,21.989,0.0,0.222,0.136,267.931,3.47
02/09/2008,05:31:00,1009.539,87.875,94.696,21.989,0.0,0.222,0.136,274.344,3.92
02/09/2008,05:32:00,1009.539,88.125,94.754,22.015,0.0,0.253,0.136,298.263,4.151
02/09/2008,05:33:00,1009.577,88.938,94.676,21.944,0.0,0.222,0.136,300.216,2.922
02/09/2008,05:34:00,1009.577,89.188,94.773,21.964,0.0,0.253,0.136,317.313,3.221
02/09/2008,05:35:00,1009.577,89.375,94.76,21.964,0.0,0.253,0.136,297.068,2.795
02/09/2008,05:36:00,1009.577,89.375,94.78,21.944,0.0,0.222,0.136,281.297,4.48
02/09/2008,05:37:00,1009.539,89.438,94.806,21.905,0.0,0.253,0.136,291.864,2.983
02/09/2008,05:38:00,1009.539,89.438,94.88,21.892,0.0,0.253,0.136,274.228,3.172
02/09/2008,05:39:00,1009.539,89.563,94.913,21.892,0.0,0.222,0.136,260.454,1.797
02/09/2008,05:40:00,1009.52,89.5,94.948,21.892,0.0,0.253,0.136,288.264,1.31
02/09/2008,05:41:00,1009.539,89.625,95.013,21.918,0.0,0.222,0.136,274.155,2.509
02/09/2008,05:42:00,1009.52,89.5,94.968,21.892,0.0,0.222,0.136,294.954,1.991
02/09/2008,05:43:00,1009.52,89.813,94.974,21.879,0.0,0.222,0.136,300.376,2.874
02/09/2008,05:44:00,1009.52,89.875,94.932,21.84,0.0,0.222,0.136,290.392,1.048
02/09/2008,05:45:00,1009.539,89.938,94.993,21.827,0.0,0.222,0.136,305.07,2.046
02/09/2008,05:46:00,1009.482,89.875,95.039,21.84,0.0,0.253,0.136,287.754,0.823
02/09/2008,05:47:00,1009.52,90.0,95.045,21.84,0.0,0.253,0.136,344.846,0.348
02/09/2008,05:48:00,1009.52,89.813,95.052,21.84,0.0,0.222,0.136,304.647,-0.224
02/09/2008,05:49:00,1009.52,89.938,95.091,21.853,0.0,0.253,0.136,304.895,-0.224
02/09/2008,05:50:00,1009.52,89.875,95.113,21.866,0.0,0.253,0.136,304.647,-0.199
02/09/2008,05:51:00,1009.482,89.75,95.152,21.892,0.0,0.222,0.136,216.203,0.811
02/09/2008,05:52:00,1009.482,89.625,95.152,21.892,0.0,0.222,0.136,240.209,2.253
02/09/2008,05:53:00,1009.482,89.625,95.084,21.84,0.0,0.253,0.136,221.144,2.922
02/09/2008,05:54:00,1009.482,89.813,95.107,21.827,0.0,0.222,0.136,244.275,2.344
02/09/2008,05:55:00,1009.539,89.75,95.107,21.814,0.0,0.222,0.136,237.76,2.369
02/09/2008,05:56:00,1009.539,90.125,95.094,21.789,0.0,0.253,0.136,236.871,2.575
02/09/2008,05:57:00,1009.539,90.188,95.139,21.776,0.0,0.316,0.136,250.164,2.344
02/09/2008,05:58:00,1009.539,90.125,95.159,21.789,0.0,0.316,0.136,262.364,2.393
02/09/2008,05:59:00,1009.539,90.188,95.188,21.763,0.0,0.316,0.136,258.938,1.748
02/09/2008,06:00:00,1009.577,90.25,95.188,21.763,0.0,0.316,0.136,256.869,3.093
02/09/2008,06:01:00,1009.52,90.125,95.165,21.737,0.0,0.19,0.136,263.34,2.874
02/09/2008,06:02:00,1009.52,90.188,95.175,21.724,0.0,0.19,0.136,262.334,2.369
02/09/2008,06:03:00,1009.52,90.188,95.201,21.711,0.0,0.19,0.136,251.49,3.196
02/09/2008,06:04:00,1009.52,90.063,95.22,21.698,0.0,0.19,0.136,254.391,4.194
02/09/2008,06:05:00,1009.539,89.875,95.269,21.724,0.0,0.19,0.136,232.12,4.328
02/09/2008,06:06:00,1009.539,90.0,95.295,21.685,0.0,0.19,0.136,235.005,4.48
02/09/2008,06:07:00,1009.52,90.0,95.347,21.789,0.0,0.222,0.136,222.062,3.957
02/09/2008,06:08:00,1009.539,90.0,95.379,21.776,0.0,0.253,0.136,221.086,3.914
02/09/2008,06:09:00,1009.539,90.0,95.207,21.724,0.0,0.222,0.136,222.573,5.508
02/09/2008,06:10:00,1009.539,89.938,95.126,21.575,0.0,0.222,0.136,233.242,5.746
02/09/2008,06:11:00,1009.539,89.938,95.165,21.51,0.0,0.253,0.136,227.776,5.521
02/09/2008,06:12:00,1009.539,89.875,95.188,21.445,0.0,0.158,0.136,221.232,4.961
02/09/2008,06:13:00,1009.539,89.75,95.243,21.393,0.0,0.158,0.136,223.564,3.16
02/09/2008,06:14:00,1009.539,89.938,95.269,21.38,0.0,0.158,0.136,230.429,3.92
02/09/2008,06:15:00,1009.577,89.813,95.295,21.322,0.0,0.19,0.136,232.032,3.792
02/09/2008,06:16:00,1009.539,89.938,95.282,21.283,0.0,0.158,0.136,237.921,2.636
02/09/2008,06:17:00,1009.539,89.938,95.301,21.27,0.0,0.158,0.136,217.85,1.444
02/09/2008,06:18:00,1009.539,89.875,95.353,21.231,0.0,0.158,0.109,224.249,2.107
02/09/2008,06:19:00,1009.539,89.813,95.366,21.231,0.0,0.158,0.109,223.083,1.669
02/09/2008,06:20:00,1009.52,89.938,95.402,21.231,0.0,0.158,0.136,217.69,0.561
02/09/2008,06:21:00,1009.539,90.0,95.415,21.231,0.0,0.158,0.136,236.667,1.657
02/09/2008,06:22:00,1009.539,89.875,95.453,21.231,0.0,0.158,0.136,250.324,1.748
02/09/2008,06:23:00,1009.539,89.938,95.528,21.283,0.0,0.158,0.136,246.666,2.874
02/09/2008,06:24:00,1009.577,89.938,95.586,21.322,0.0,0.158,0.136,227.412,2.959
02/09/2008,06:25:00,1009.577,90.063,95.586,21.361,0.0,0.19,0.136,226.858,1.93
02/09/2008,06:26:00,1009.577,90.125,95.612,21.393,0.0,0.19,0.136,236.332,1.718
02/09/2008,06:27:00,1009.577,90.125,95.625,21.393,0.0,0.19,0.136,215.912,5.016
02/09/2008,06:28:00,1009.577,90.125,95.573,21.406,0.0,0.19,0.136,208.726,2.624
02/09/2008,06:29:00,1009.616,90.063,95.593,21.38,0.0,0.19,0.136,219.483,0.647
02/09/2008,06:30:00,1009.616,90.063,95.599,21.367,0.0,0.19,0.136,207.297,2.959
02/09/2008,06:31:00,1009.616,90.0,95.554,21.361,0.0,0.19,0.136,207.166,3.409
02/09/2008,06:32:00,1009.616,89.813,95.547,21.322,0.0,0.158,0.136,179.721,3.433
02/09/2008,06:33:00,1009.616,89.813,95.44,21.231,0.0,0.158,0.136,187.008,5.375
02/09/2008,06:34:00,1009.616,89.875,95.453,21.128,0.0,0.158,0.136,186.149,4.614
02/09/2008,06:35:00,1009.577,89.813,95.447,21.069,0.0,0.19,0.136,183.846,2.034
02/09/2008,06:36:00,1009.616,89.813,95.466,21.056,0.0,0.222,0.136,193.291,3.446
02/09/2008,06:37:00,1009.616,89.875,95.567,21.043,0.0,0.222,0.136,192.605,2.624
02/09/2008,06:38:00,1009.539,89.875,95.58,21.03,0.0,0.19,0.136,207.283,3.318
02/09/2008,06:39:00,1009.616,90.0,95.593,21.056,0.0,0.222,0.136,195.506,3.433
02/09/2008,06:40:00,1009.616,89.875,95.632,21.03,0.0,0.222,0.136,214.454,3.257
02/09/2008,06:41:00,1009.654,89.938,95.638,21.056,0.0,0.222,0.136,190.958,4.529
02/09/2008,06:42:00,1009.654,89.875,95.68,21.076,0.0,0.222,0.136,199.82,1.498
02/09/2008,06:43:00,1009.616,89.875,95.657,21.069,0.0,0.222,0.136,200.112,4.59
02/09/2008,06:44:00,1009.616,89.875,95.645,21.069,0.0,0.19,0.136,197.182,3.866
02/09/2008,06:45:00,1009.539,89.938,95.645,21.056,0.0,0.222,0.136,212.618,1.845
02/09/2008,06:46:00,1009.577,89.938,95.68,21.056,0.0,0.222,0.136,207.021,2.758
02/09/2008,06:47:00,1009.539,89.875,95.706,21.043,0.0,0.222,0.136,200.957,1.943
02/09/2008,06:48:00,1009.577,89.875,95.738,21.089,0.0,0.222,0.136,221.596,2.746
02/09/2008,06:49:00,1009.616,89.813,95.745,21.102,0.0,0.222,0.136,232.717,1.285
02/09/2008,06:50:00,1009.577,89.875,95.797,21.179,0.0,0.222,0.136,217.253,2.734
02/09/2008,06:51:00,1009.616,89.75,95.764,21.153,0.0,0.222,0.136,205.359,3.628
02/09/2008,06:52:00,1009.577,89.75,95.758,21.153,0.0,0.222,0.136,190.332,1.967
02/09/2008,06:53:00,1009.616,89.875,95.764,21.179,0.0,0.253,0.136,213.871,2.253
02/09/2008,06:54:00,1009.577,89.688,95.79,21.179,0.0,0.222,0.136,176.631,2.874
02/09/2008,06:55:00,1009.577,89.813,95.81,21.244,0.0,0.222,0.136,205.446,1.535
02/09/2008,06:56:00,1009.577,89.938,95.839,21.231,0.0,0.222,0.136,182.14,3.233
02/09/2008,06:57:00,1009.577,90.0,95.826,21.257,0.0,0.253,0.136,202.356,3.78
02/09/2008,06:58:00,1009.539,89.875,95.81,21.283,0.0,0.222,0.136,179.327,4.316
02/09/2008,06:59:00,1009.539,90.0,95.845,21.309,0.0,0.253,0.136,160.671,3.902
02/09/2008,07:00:00,1009.577,89.938,95.819,21.322,0.0,0.253,0.136,185.259,2.119
02/09/2008,07:01:00,1009.577,89.875,95.839,21.322,0.0,0.253,0.136,205.082,4.151
02/09/2008,07:02:00,1009.616,89.875,95.816,21.335,0.0,0.222,0.136,212.909,2.971
02/09/2008,07:03:00,1009.577,89.938,95.832,21.309,0.0,0.253,0.136,226.785,4.425
02/09/2008,07:04:00,1009.616,89.875,95.826,21.322,0.0,0.222,0.136,222.514,3.294
02/09/2008,07:05:00,1009.616,89.813,95.832,21.348,0.0,0.253,0.136,205.913,3.397
02/09/2008,07:06:00,1009.616,90.0,95.904,21.38,0.0,0.253,0.136,222.937,3.33
02/09/2008,07:07:00,1009.616,89.938,95.897,21.393,0.0,0.253,0.163,205.024,3.135
02/09/2008,07:08:00,1009.654,89.875,95.897,21.393,0.0,0.253,0.136,204.936,4.03
02/09/2008,07:09:00,1009.654,89.938,95.897,21.406,0.0,0.253,0.136,227.353,4.541
02/09/2008,07:10:00,1009.616,89.688,95.936,21.432,0.0,0.253,0.163,223.768,4.876
02/09/2008,07:11:00,1009.616,89.563,95.891,21.458,0.0,0.253,0.271,205.257,3.081
02/09/2008,07:12:00,1009.539,89.5,95.923,21.432,0.0,0.222,0.163,215.401,3.683
02/09/2008,07:13:00,1009.577,89.313,95.884,21.432,0.0,0.253,0.19,191.979,4.054
02/09/2008,07:14:00,1009.577,89.125,95.897,21.471,0.0,0.253,0.217,207.356,2.898
02/09/2008,07:15:00,1009.577,89.563,95.897,21.471,0.0,0.253,0.19,223.943,5.076
02/09/2008,07:16:00,1009.577,89.563,95.93,21.458,0.0,0.253,0.461,208.988,2.959
02/09/2008,07:17:00,1009.577,89.688,95.904,21.445,0.0,0.222,0.461,202.867,3.628
02/09/2008,07:18:00,1009.577,89.375,95.871,21.458,0.0,0.253,0.597,217.049,3.878
02/09/2008,07:19:00,1009.616,89.5,95.865,21.419,0.0,0.222,0.624,201.701,5.04
02/09/2008,07:20:00,1009.577,89.813,95.871,21.393,0.0,0.253,0.759,205.505,2.356
02/09/2008,07:21:00,1009.616,89.813,95.871,21.38,0.0,0.222,0.813,198.232,5.995
02/09/2008,07:22:00,1009.654,89.938,95.871,21.361,0.0,0.222,0.922,158.251,2.484
02/09/2008,07:23:00,1009.616,89.75,95.904,21.361,0.0,0.222,0.949,204.31,3.385
02/09/2008,07:24:00,1009.654,89.5,95.884,21.38,0.0,0.222,1.003,184.093,4.018
02/09/2008,07:25:00,1009.654,89.75,95.91,21.348,0.0,0.222,1.166,196.016,4.304
02/09/2008,07:26:00,1009.692,89.875,95.878,21.361,0.0,0.222,1.274,196.133,3.732
02/09/2008,07:27:00,1009.692,89.938,95.936,21.367,0.0,0.253,1.572,203.362,2.381
02/09/2008,07:28:00,1009.769,90.0,95.917,21.38,0.0,0.253,1.789,203.552,4.437
02/09/2008,07:29:00,1009.731,90.063,95.897,21.367,0.0,0.222,2.25,205.796,3.196
02/09/2008,07:30:00,1009.731,90.0,95.91,21.348,0.0,0.253,2.25,202.531,3.342
02/09/2008,07:31:00,1009.731,90.063,95.904,21.367,0.0,0.222,2.439,216.32,3.78
02/09/2008,07:32:00,1009.731,90.063,95.949,21.361,0.0,0.222,2.656,194.763,2.983
02/09/2008,07:33:00,1009.769,89.938,95.949,21.393,0.0,0.222,2.818,202.56,2.947
02/09/2008,07:34:00,1009.769,89.938,95.923,21.406,0.0,0.222,2.764,198.829,3.02
02/09/2008,07:35:00,1009.769,89.813,95.965,21.406,0.0,0.222,2.955,200.739,2.947
02/09/2008,07:36:00,1009.769,89.75,95.949,21.406,0.0,0.253,3.252,199.995,3.683
02/09/2008,07:37:00,1009.769,89.625,95.949,21.406,0.0,0.253,3.631,196.41,3.531
02/09/2008,07:38:00,1009.731,89.688,95.985,21.432,0.0,0.253,3.686,196.133,3.044
02/09/2008,07:39:00,1009.769,89.875,95.991,21.445,0.0,0.253,4.66,208.813,2.521
02/09/2008,07:40:00,1009.769,89.75,96.043,21.536,0.0,0.19,4.445,221.8,2.216
02/09/2008,07:41:00,1009.769,89.688,95.991,21.575,0.0,0.19,4.336,210.737,3.081
02/09/2008,07:42:00,1009.692,89.563,95.93,21.536,0.0,0.19,5.012,238.358,3.123
02/09/2008,07:43:00,1009.692,89.188,95.955,21.614,0.0,0.19,5.066,240.836,5.125
02/09/2008,07:44:00,1009.692,89.25,95.758,21.614,0.0,0.19,4.605,218.972,3.147
02/09/2008,07:45:00,1009.731,89.563,95.421,21.549,0.0,0.19,6.152,221.028,4.103
02/09/2008,07:46:00,1009.654,89.438,95.133,21.419,0.0,0.19,5.5,225.692,3.281
02/09/2008,07:47:00,1009.616,89.25,95.045,21.419,0.0,0.222,6.313,240.806,3.397
02/09/2008,07:48:00,1009.692,89.5,94.932,21.432,0.0,0.222,7.18,227.63,2.344
02/09/2008,07:49:00,1009.731,89.688,94.815,21.445,0.0,0.19,6.828,226.829,3.056
02/09/2008,07:50:00,1009.807,89.563,94.683,21.432,0.0,0.19,7.316,223.258,2.01
02/09/2008,07:51:00,1009.884,89.625,94.702,21.51,0.0,0.222,7.535,223.316,3.482
02/09/2008,07:52:00,1009.846,89.313,94.469,21.432,0.0,0.222,7.18,239.83,4.742
02/09/2008,07:53:00,1009.846,89.375,94.404,21.38,0.0,0.158,8.781,236.9,3.932
02/09/2008,07:54:00,1009.846,89.438,94.342,21.38,0.0,0.19,10.242,239.786,2.886
02/09/2008,07:55:00,1009.846,89.563,94.349,21.419,0.0,0.19,10.68,219.57,2.971
02/09/2008,07:56:00,1009.807,89.688,94.33,21.419,0.0,0.19,12.523,173.001,2.046
02/09/2008,07:57:00,1009.846,89.438,94.21,21.432,0.0,0.222,13.492,218.025,4.754
02/09/2008,07:58:00,1009.846,89.375,94.113,21.393,0.0,0.158,12.656,205.228,5.162
02/09/2008,07:59:00,1009.846,89.688,94.064,21.361,0.0,0.19,14.172,221.829,4.577
02/09/2008,08:00:00,1009.846,89.75,94.087,21.348,0.0,0.19,14.82,205.111,3.853
02/09/2008,08:01:00,1009.846,89.938,94.07,21.367,0.0,0.222,15.117,205.884,3.957
02/09/2008,08:02:00,1009.846,90.0,94.138,21.406,0.0,0.253,18.203,209.134,1.346
02/09/2008,08:03:00,1009.922,90.188,94.138,21.458,0.0,0.222,19.563,236.959,3.756
02/09/2008,08:04:00,1009.96,90.0,94.045,21.458,0.0,0.222,21.672,223.083,5.636
02/09/2008,08:05:00,1009.884,90.313,93.912,21.406,0.0,0.222,28.094,235.209,4.985
02/09/2008,08:06:00,1009.999,90.25,93.866,21.393,0.0,0.253,27.672,241.681,6.47
02/09/2008,08:07:00,1010.037,90.438,93.899,21.367,0.0,0.222,33.813,229.802,5.794
02/09/2008,08:08:00,1010.037,90.438,93.86,21.406,0.0,0.222,36.406,238.241,4.194
02/09/2008,08:09:00,1009.999,90.313,93.714,21.335,0.0,0.222,30.781,237.556,6.373
02/09/2008,08:10:00,1009.999,90.25,93.646,21.257,0.0,0.19,29.047,234.889,5.235
02/09/2008,08:11:00,1009.999,90.313,93.708,21.244,0.0,0.19,24.531,218.477,5.886
02/09/2008,08:12:00,1009.96,90.063,93.594,21.179,0.0,0.158,29.609,239.64,6.555
02/09/2008,08:13:00,1009.922,90.438,93.701,21.166,0.0,0.222,34.563,239.524,4.936
02/09/2008,08:14:00,1009.922,90.5,93.847,21.218,0.0,0.316,35.156,226.945,3.221
02/09/2008,08:15:00,1009.999,90.438,93.973,21.348,0.0,0.222,34.75,235.209,4.328
02/09/2008,08:16:00,1009.999,90.0,93.568,21.257,0.0,0.158,28.609,236.813,6.531
02/09/2008,08:17:00,1009.96,90.0,93.487,21.153,0.0,0.158,24.906,239.291,4.437
02/09/2008,08:18:00,1010.114,90.0,93.53,21.102,0.0,0.19,25.797,215.11,6.123
02/09/2008,08:19:00,1010.037,90.063,93.633,21.102,0.0,0.19,23.25,236.725,3.208
02/09/2008,08:20:00,1009.999,89.813,93.649,21.115,0.0,0.158,23.391,233.723,4.985
02/09/2008,08:21:00,1010.037,89.75,93.536,21.076,0.0,0.19,22.391,245.033,3.981
02/09/2008,08:22:00,1010.075,89.813,93.62,21.056,0.0,0.19,22.281,216.422,2.356
02/09/2008,08:23:00,1010.152,89.688,93.53,21.03,0.0,0.158,21.844,227.149,5.076
02/09/2008,08:24:00,1010.075,89.75,93.555,21.004,0.0,0.19,21.969,238.576,3.853
02/09/2008,08:25:00,1010.075,89.75,93.555,20.978,0.0,0.19,21.438,239.888,5.423
02/09/2008,08:26:00,1010.075,89.563,93.523,20.927,0.0,0.158,22.063,225.08,4.018
02/09/2008,08:27:00,1010.152,89.563,93.455,20.868,0.0,0.158,21.656,242.701,4.997
02/09/2008,08:28:00,1010.075,89.375,93.403,20.816,0.0,0.158,21.844,222.777,5.289
02/09/2008,08:29:00,1009.999,89.25,93.371,20.745,0.0,0.158,22.078,209.834,5.387
02/09/2008,08:30:00,1009.999,89.188,93.39,20.719,0.0,0.19,22.656,227.004,6.22
02/09/2008,08:31:00,1010.075,89.438,93.429,20.693,0.0,0.158,23.281,233.271,6.446
02/09/2008,08:32:00,1010.075,89.0,93.332,20.641,0.0,0.158,24.766,208.216,6.147
02/09/2008,08:33:00,1010.19,89.375,93.193,20.551,0.0,0.158,23.906,224.394,7.066
02/09/2008,08:34:00,1010.152,88.938,93.222,20.466,0.0,0.158,24.828,231.843,5.423
02/09/2008,08:35:00,1010.152,89.125,93.306,20.486,0.0,0.19,25.172,205.417,6.409
02/09/2008,08:36:00,1010.229,89.188,93.306,20.466,0.0,0.158,24.5,208.872,2.624
02/09/2008,08:37:00,1010.305,89.0,93.254,20.441,0.0,0.19,24.906,232.294,4.949
02/09/2008,08:38:00,1010.229,88.438,93.332,20.428,0.0,0.158,26.469,230.225,5.198
02/09/2008,08:39:00,1010.19,88.188,93.254,20.428,0.0,0.19,27.531,231.128,3.878
02/09/2008,08:40:00,1010.267,88.375,93.241,20.402,0.0,0.19,27.047,232.032,5.174
02/09/2008,08:41:00,1010.267,87.563,93.083,20.311,0.0,0.158,28.609,251.272,7.742
02/09/2008,08:42:00,1010.305,87.063,93.193,20.259,0.0,0.158,31.109,235.778,7.742
02/09/2008,08:43:00,1010.229,87.25,93.287,20.259,0.0,0.19,33.063,233.577,5.235
02/09/2008,08:44:00,1010.152,87.125,93.384,20.337,0.0,0.19,33.938,214.425,4.054
02/09/2008,08:45:00,1010.229,87.125,93.241,20.35,0.0,0.19,33.656,239.072,6.494
02/09/2008,08:46:00,1010.229,87.063,93.07,20.259,0.0,0.19,32.938,241.783,6.853
02/09/2008,08:47:00,1010.229,86.563,93.267,20.285,0.0,0.19,34.031,243.27,4.912
02/09/2008,08:48:00,1010.19,86.75,93.358,20.311,0.0,0.222,34.938,226.523,5.472
02/09/2008,08:49:00,1010.19,86.688,93.403,20.415,0.0,0.222,36.219,229.977,6.865
02/09/2008,08:50:00,1010.114,86.0,93.215,20.363,0.0,0.19,36.125,236.419,5.289
02/09/2008,08:51:00,1010.075,85.313,93.287,20.363,0.0,0.222,35.938,213.958,3.494
02/09/2008,08:52:00,1010.114,84.375,93.147,20.402,0.0,0.316,34.906,220.284,6.032
02/09/2008,08:53:00,1010.114,83.938,93.102,20.35,0.0,0.19,32.313,250.237,6.245
02/09/2008,08:54:00,1010.114,80.0,93.141,20.324,0.0,0.412,27.984,237.469,6.373
02/09/2008,08:55:00,1010.114,76.25,93.053,20.259,0.0,0.412,25.469,246.374,5.277
02/09/2008,08:56:00,1010.152,74.75,93.128,20.259,0.0,1.139,24.609,250.178,4.766
02/09/2008,08:57:00,1009.999,74.188,93.254,20.259,0.0,0.601,25.172,220.692,4.188
02/09/2008,08:58:00,1009.999,74.875,93.319,20.324,0.0,4.109,29.813,225.138,3.58
02/09/2008,08:59:00,1010.075,76.875,93.371,20.376,0.0,34.375,46.5,237.235,4.577
02/09/2008,09:00:00,1009.846,79.625,93.51,20.538,0.0,149.625,97.938,167.74,5.807
02/09/2008,09:01:00,1010.19,82.375,93.925,20.894,0.0,194.75,122.188,220.124,5.186
02/09/2008,09:02:00,1010.267,82.5,93.481,21.205,0.0,181.25,124.938,246.87,5.661
02/09/2008,09:03:00,1010.305,78.813,92.982,21.38,0.0,139.875,102.25,274.811,5.362
02/09/2008,09:04:00,1010.382,73.813,92.597,21.432,0.0,7.051,31.813,264.652,5.472
02/09/2008,09:05:00,1010.344,71.375,92.228,21.257,0.0,4.996,27.047,252.715,4.45
02/09/2008,09:06:00,1010.382,71.125,92.299,21.004,0.0,53.438,49.219,265.424,3.519
02/09/2008,09:07:00,1010.401,73.063,92.768,20.965,0.0,114.25,71.938,254.42,2.484
02/09/2008,09:08:00,1010.439,73.813,92.937,21.128,0.0,166.25,92.188,249.756,3.531
02/09/2008,09:09:00,1010.439,74.438,93.008,21.348,0.0,201.25,104.813,262.101,3.433
02/09/2008,09:10:00,1010.401,75.375,93.141,21.698,0.0,198.125,102.688,241.433,3.543
02/09/2008,09:11:00,1010.382,73.938,92.678,21.931,0.0,206.125,104.75,249.158,3.969
02/09/2008,09:12:00,1010.478,74.688,92.279,21.964,0.0,213.75,107.625,276.779,3.397
02/09/2008,09:13:00,1010.478,74.188,92.208,22.145,0.0,208.25,104.75,268.806,4.255
02/09/2008,09:14:00,1010.439,74.563,91.709,22.119,0.0,214.75,105.938,257.918,5.076
02/09/2008,09:15:00,1010.554,73.813,91.583,22.171,0.0,212.125,105.875,277.507,5.624
02/09/2008,09:16:00,1010.401,73.938,92.014,22.281,0.0,217.25,106.313,210.111,3.646
02/09/2008,09:17:00,1010.554,74.25,91.836,22.489,0.0,219.375,110.125,259.142,4.602
02/09/2008,09:18:00,1010.593,73.75,91.44,22.424,0.0,187.125,99.563,268.325,6.342
02/09/2008,09:19:00,1010.516,74.0,91.622,22.424,0.0,227.25,111.313,240.457,1.346
02/09/2008,09:20:00,1010.554,74.5,91.415,22.618,0.0,221.5,109.438,244.042,4.078
02/09/2008,09:21:00,1010.439,73.563,91.56,22.735,0.0,235.875,114.438,231.07,2.588
02/09/2008,09:22:00,1010.554,73.813,91.69,23.013,0.0,232.0,114.188,253.968,4.73
02/09/2008,09:23:00,1010.516,74.125,90.89,22.923,0.0,219.5,109.25,233.286,3.695
02/09/2008,09:24:00,1010.516,72.5,91.262,23.039,0.0,231.25,113.625,250.761,3.707
02/09/2008,09:25:00,1010.593,73.375,90.812,23.065,0.0,229.0,114.063,252.394,4.139
02/09/2008,09:26:00,1010.631,73.813,91.042,23.091,0.0,230.0,114.75,271.706,3.081
02/09/2008,09:27:00,1010.631,73.813,91.149,23.331,0.0,226.0,113.875,254.42,4.115
02/09/2008,09:28:00,1010.669,74.563,90.864,23.383,0.0,234.875,117.813,254.056,2.898
02/09/2008,09:29:00,1010.708,73.938,91.217,23.649,0.0,235.75,119.875,276.37,4.352
02/09/2008,09:30:00,1010.746,74.875,90.767,23.824,0.0,234.75,120.5,267.159,2.131
02/09/2008,09:31:00,1010.746,74.688,90.812,24.024,0.0,232.5,121.938,266.445,2.947
02/09/2008,09:32:00,1010.746,74.688,90.611,24.297,0.0,232.0,125.438,267.421,5.575
02/09/2008,09:33:00,1010.708,77.063,90.838,24.439,0.0,239.75,132.5,266.372,4.389
02/09/2008,09:34:00,1010.784,79.938,91.123,24.757,0.0,247.375,143.875,270.395,4.054
02/09/2008,09:35:00,1010.746,84.188,90.236,24.971,0.0,240.25,154.25,247.045,5.624
02/09/2008,09:36:00,1010.669,89.5,89.636,24.997,0.0,243.25,173.25,243.445,3.373
02/09/2008,09:37:00,1010.746,92.438,89.594,25.223,0.0,241.625,185.625,254.872,4.742
02/09/2008,09:38:00,1010.746,93.813,89.206,25.476,0.0,243.375,186.625,264.477,8.691
02/09/2008,09:39:00,1010.823,91.938,88.192,25.632,0.0,68.188,106.688,282.521,11.18
02/09/2008,09:40:00,1010.899,87.813,88.046,25.839,0.0,17.297,73.688,261.445,5.697
02/09/2008,09:41:00,1010.861,83.875,87.201,25.658,0.0,6.262,55.406,261.824,6.555
02/09/2008,09:42:00,1010.899,79.313,86.585,25.405,0.0,3.004,46.719,276.881,7.675
02/09/2008,09:43:00,1010.899,76.875,86.42,25.198,0.0,1.961,41.188,277.507,9.859
02/09/2008,09:44:00,1010.861,76.563,86.459,25.236,0.0,1.835,39.156,294.808,10.869
02/09/2008,09:45:00,1010.899,76.563,85.698,25.262,0.0,1.455,39.656,300.129,8.819
02/09/2008,09:46:00,1010.861,76.938,85.792,25.379,0.0,1.961,43.531,279.271,6.805
02/09/2008,09:47:00,1010.899,80.125,84.344,25.405,0.0,251.25,158.75,286.238,13.887
02/09/2008,09:48:00,1010.746,81.313,83.654,25.515,0.0,255.625,164.25,258.078,10.979
02/09/2008,09:49:00,1010.899,79.625,82.767,25.852,0.0,250.25,162.125,276.4,11.618
02/09/2008,09:50:00,1010.861,79.75,82.634,26.053,0.0,254.25,164.25,247.045,7.176
02/09/2008,09:51:00,1010.861,78.625,81.957,26.487,0.0,221.125,148.875,273.426,11.441
02/09/2008,09:52:00,1010.823,77.75,80.341,26.675,0.0,244.125,157.25,268.325,10.273
02/09/2008,09:53:00,1010.861,76.5,79.249,26.727,0.0,250.75,158.75,262.874,12.798
02/09/2008,09:54:00,1010.861,76.188,79.237,26.805,0.0,257.0,161.0,266.139,12.537
02/09/2008,09:55:00,1010.899,74.063,78.378,26.792,0.0,161.25,114.188,268.398,11.557
02/09/2008,09:56:00,1010.938,73.5,78.025,26.675,0.0,118.188,94.438,281.603,7.194
02/09/2008,09:57:00,1011.014,74.5,78.074,26.662,0.0,264.5,162.125,269.68,10.145
02/09/2008,09:58:00,1010.861,75.688,78.689,26.87,0.0,265.5,160.25,260.571,6.592
02/09/2008,09:59:00,1010.899,69.813,77.734,26.766,0.0,9.422,37.563,266.649,11.855
02/09/2008,10:00:00,1010.861,74.438,78.783,26.526,0.0,276.0,161.75,275.059,7.456
02/09/2008,10:01:00,1010.861,75.0,78.537,26.805,0.0,266.75,156.5,283.542,14.301
02/09/2008,10:02:00,1010.861,74.5,76.989,26.902,0.0,267.25,156.75,274.068,11.204
02/09/2008,10:03:00,1010.899,74.063,76.93,26.928,0.0,266.0,156.25,267.392,11.679
02/09/2008,10:04:00,1010.976,74.375,77.326,26.915,0.0,266.25,156.125,265.06,8.618
02/09/2008,10:05:00,1011.052,74.063,77.397,27.019,0.0,268.25,156.875,294.983,7.005
02/09/2008,10:06:00,1010.938,74.375,76.335,27.22,0.0,271.0,159.0,271.648,9.871
02/09/2008,10:07:00,1011.014,74.438,76.5,27.207,0.0,268.5,159.875,266.736,9.525
02/09/2008,10:08:00,1011.014,73.813,75.703,27.109,0.0,268.5,160.375,293.263,14.946
02/09/2008,10:09:00,1010.976,74.5,76.697,26.98,0.0,272.5,162.375,266.736,10.796
02/09/2008,10:10:00,1011.129,74.813,76.736,27.032,0.0,271.25,162.125,282.376,9.61
02/09/2008,10:11:00,1011.052,76.0,77.332,27.271,0.0,275.25,164.375,271.021,6.196
02/09/2008,10:12:00,1011.206,75.25,76.48,27.621,0.0,272.75,164.0,284.839,14.551
02/09/2008,10:13:00,1011.167,75.75,75.33,27.595,0.0,272.75,164.125,271.969,10.894
02/09/2008,10:14:00,1011.206,75.813,75.816,27.57,0.0,272.25,164.125,269.462,11.94
02/09/2008,10:15:00,1011.263,76.125,76.024,27.673,0.0,269.75,162.875,294.153,14.35
02/09/2008,10:16:00,1011.263,76.875,76.286,27.809,0.0,273.5,165.25,306.542,10.431
02/09/2008,10:17:00,1011.378,77.813,75.745,28.056,0.0,274.0,167.625,299.269,9.573
02/09/2008,10:18:00,1011.34,77.25,74.832,28.244,0.0,239.875,153.5,289.168,13.863
02/09/2008,10:19:00,1011.263,77.688,75.198,28.179,0.0,236.0,153.5,309.646,4.164
02/09/2008,10:20:00,1011.416,78.125,75.58,28.444,0.0,259.0,167.0,291.106,11.393
02/09/2008,10:21:00,1011.416,78.438,74.786,28.561,0.0,262.75,172.125,291.675,9.415
02/09/2008,10:22:00,1011.493,78.75,74.482,28.522,0.0,263.75,176.25,268.543,13.723
02/09/2008,10:23:00,1011.531,79.438,74.343,28.432,0.0,248.75,174.125,284.227,11.928
02/09/2008,10:24:00,1011.493,79.5,74.906,28.613,0.0,222.5,166.5,284.198,10.595
02/09/2008,10:25:00,1011.531,78.625,74.268,28.684,0.0,185.25,153.125,273.805,12.05
02/09/2008,10:26:00,1011.493,79.563,75.178,28.684,0.0,173.625,152.125,280.802,7.34
02/09/2008,10:27:00,1011.493,79.75,74.534,28.801,0.0,153.0,147.0,284.781,7.949
02/09/2008,10:28:00,1011.55,80.125,74.33,28.944,0.0,130.5,140.875,287.287,9.689
02/09/2008,10:29:00,1011.589,79.875,74.42,28.827,0.0,95.813,128.75,266.372,9.677
02/09/2008,10:30:00,1011.665,80.5,74.634,28.788,0.0,121.75,145.125,260.673,10.157
02/09/2008,10:31:00,1011.704,81.25,75.039,28.892,0.0,105.375,142.5,303.962,8.581
02/09/2008,10:32:00,1011.742,81.063,74.582,28.84,0.0,92.813,139.5,293.803,10.236
02/09/2008,10:33:00,1011.742,81.875,75.003,28.814,0.0,113.875,151.75,283.833,13.157
02/09/2008,10:34:00,1011.78,82.625,75.418,28.918,0.0,92.813,142.625,303.306,10.443
02/09/2008,10:35:00,1011.819,83.063,75.078,29.021,0.0,113.938,153.0,301.513,12.713
02/09/2008,10:36:00,1011.933,83.563,75.269,29.125,0.0,96.25,143.875,306.046,9.214
02/09/2008,10:37:00,1011.819,83.313,74.945,29.248,0.0,102.0,144.125,287.812,12.823
02/09/2008,10:38:00,1011.857,82.5,74.845,29.248,0.0,62.469,122.438,304.472,12.737
02/09/2008,10:39:00,1011.742,82.438,75.586,29.326,0.0,84.0,129.5,288.235,6.123
02/09/2008,10:40:00,1011.819,80.375,75.143,29.43,0.0,32.406,100.688,306.338,12.896
02/09/2008,10:41:00,1011.819,80.063,75.57,29.417,0.0,18.75,89.5,275.409,13.821
02/09/2008,10:42:00,1011.704,79.688,75.771,29.404,0.0,6.133,79.688,312.882,7.626
02/09/2008,10:43:00,1011.78,79.563,76.432,29.527,0.0,25.109,85.5,285.947,11.046
02/09/2008,10:44:00,1011.78,79.125,76.341,29.656,0.0,12.141,75.875,293.715,12.074
02/09/2008,10:45:00,1011.933,78.125,76.299,29.747,0.0,5.566,69.5,304.764,12.774
02/09/2008,10:46:00,1011.972,77.875,76.208,29.747,0.0,13.664,70.375,299.269,13.346
02/09/2008,10:47:00,1012.087,77.313,76.558,29.799,0.0,9.078,63.938,300.07,14.575
02/09/2008,10:48:00,1012.01,76.063,76.584,29.831,0.0,2.91,56.25,294.4,13.176
02/09/2008,10:49:00,1012.048,74.875,76.6,29.844,0.0,0.981,51.188,297.986,15.829
02/09/2008,10:50:00,1012.01,74.5,77.154,29.844,0.0,3.035,49.281,291.835,11.892
02/09/2008,10:51:00,1012.106,74.063,77.19,29.896,0.0,10.055,50.844,301.819,16.206
02/09/2008,10:52:00,1012.106,74.375,77.167,29.909,0.0,9.484,48.906,309.821,9.622
02/09/2008,10:53:00,1012.106,74.5,77.219,29.922,0.0,24.797,55.375,292.957,11.466
02/09/2008,10:54:00,1012.182,74.438,77.271,29.974,0.0,19.516,51.594,274.068,10.796
02/09/2008,10:55:00,1012.221,74.313,77.29,30.052,0.0,17.422,49.438,293.701,16.48
02/09/2008,10:56:00,1012.297,75.25,77.332,30.136,0.0,45.875,62.75,284.504,16.875
02/09/2008,10:57:00,1012.374,75.813,77.251,30.266,0.0,42.531,61.5,290.698,20.49
02/09/2008,10:58:00,1012.297,76.563,77.478,30.343,0.0,96.75,91.5,286.836,12.664
02/09/2008,10:59:00,1012.374,79.125,77.284,30.654,0.0,208.875,150.5,306.688,11.739
02/09/2008,11:00:00,1012.374,79.313,76.658,30.979,0.0,201.125,147.125,304.676,11.453
02/09/2008,11:01:00,1012.297,78.563,76.147,31.283,0.0,234.75,162.125,302.738,13.833
02/09/2008,11:02:00,1012.374,77.5,75.797,31.491,0.0,228.625,160.875,327.078,9.75
02/09/2008,11:03:00,1012.336,79.438,75.376,31.743,0.0,278.0,169.375,302.329,17.423
02/09/2008,11:04:00,1012.412,79.375,74.534,31.97,0.0,279.0,168.125,292.185,7.304
02/09/2008,11:05:00,1012.527,78.938,73.523,32.119,0.0,279.75,168.5,303.044,14.563
02/09/2008,11:06:00,1012.527,78.5,72.697,32.32,0.0,278.0,167.5,284.664,6.08
02/09/2008,11:07:00,1012.68,78.0,72.244,32.333,0.0,278.75,168.875,338.272,17.733
02/09/2008,11:08:00,1012.68,78.0,72.231,32.32,0.0,277.5,168.25,322.312,16.291
02/09/2008,11:09:00,1012.757,77.375,72.046,32.333,0.0,277.75,168.25,312.882,17.77
02/09/2008,11:10:00,1012.719,77.813,72.173,32.32,0.0,277.25,168.5,322.065,12.178
02/09/2008,11:11:00,1012.757,78.563,72.14,32.32,0.0,276.5,168.5,322.371,10.443
02/09/2008,11:12:00,1012.757,78.188,71.658,32.482,0.0,275.75,168.75,326.933,9.5
02/09/2008,11:13:00,1013.006,76.563,70.929,32.469,0.0,274.25,168.25,324.455,22.37
02/09/2008,11:14:00,1012.834,76.875,71.408,32.294,0.0,276.25,170.25,320.199,13.133
02/09/2008,11:15:00,1012.949,77.563,71.353,32.294,0.0,275.5,170.25,313.276,18.622
02/09/2008,11:16:00,1012.91,77.313,71.447,32.281,0.0,276.25,171.125,325.796,16.948
02/09/2008,11:17:00,1012.91,77.313,71.408,32.268,0.0,273.5,170.625,319.31,13.322
02/09/2008,11:18:00,1012.949,77.75,71.664,32.294,0.0,266.25,169.125,330.635,14.612
02/09/2008,11:19:00,1013.198,76.438,70.977,32.242,0.0,271.0,172.5,333.346,21.938
02/09/2008,11:20:00,1012.949,77.813,71.029,32.242,0.0,262.75,173.75,328.915,15.543
02/09/2008,11:21:00,1012.968,77.5,70.965,32.255,0.0,273.25,176.875,318.974,15.372
02/09/2008,11:22:00,1012.968,79.313,71.454,32.398,0.0,274.0,180.625,333.812,14.873
02/09/2008,11:23:00,1012.968,78.625,71.664,32.625,0.0,276.75,179.25,320.286,14.825
02/09/2008,11:24:00,1013.006,77.938,71.282,32.651,0.0,274.75,177.25,316.715,27.877
02/09/2008,11:25:00,1013.044,77.25,71.246,32.56,0.0,273.5,176.875,304.647,20.788
02/09/2008,11:26:00,1013.006,78.25,71.939,32.411,0.0,274.5,180.25,345.691,10.2
02/09/2008,11:27:00,1013.083,77.813,71.366,32.456,0.0,276.0,186.625,317.225,21.871
02/09/2008,11:28:00,1013.044,79.438,72.445,32.43,0.0,271.5,186.875,334.687,15.944
02/09/2008,11:29:00,1013.044,78.813,71.875,32.534,0.0,236.875,171.625,297.592,9.652
02/09/2008,11:30:00,1013.044,77.563,71.765,32.625,0.0,173.375,141.75,312.969,11.405
02/09/2008,11:31:00,1013.159,77.063,71.68,32.56,0.0,205.0,157.875,344.19,11.253
02/09/2008,11:32:00,1013.198,76.875,71.894,32.456,0.0,179.875,145.375,332.588,20.593
02/09/2008,11:33:00,1013.159,76.875,72.211,32.398,0.0,138.0,123.813,296.907,12.001
02/09/2008,11:34:00,1013.236,74.938,72.279,32.359,0.0,25.453,64.063,326.481,11.965
02/09/2008,11:35:00,1013.236,74.0,72.668,32.139,0.0,81.0,90.625,320.709,12.725
02/09/2008,11:36:00,1013.504,75.75,72.218,32.035,0.0,175.375,135.625,302.154,18.056
02/09/2008,11:37:00,1013.198,75.438,72.425,31.918,0.0,195.5,143.625,297.184,12.677
02/09/2008,11:38:00,1013.236,78.125,72.344,32.022,0.0,270.0,182.875,326.248,13.346
02/09/2008,11:39:00,1013.581,77.75,71.758,32.203,0.0,275.0,185.125,320.505,25.838
02/09/2008,11:40:00,1013.389,77.75,71.334,32.255,0.0,275.25,185.125,303.612,12.938
02/09/2008,11:41:00,1013.351,77.75,71.042,32.281,0.0,274.75,184.625,317.196,14.806
02/09/2008,11:42:00,1013.351,77.75,71.049,32.268,0.0,272.75,187.0,312.59,18.707
02/09/2008,11:43:00,1013.389,79.563,70.838,32.281,0.0,270.0,195.0,324.601,13.261
02/09/2008,11:44:00,1013.427,79.188,71.068,32.443,0.0,229.625,193.0,324.251,12.263
02/09/2008,11:45:00,1013.542,78.375,70.498,32.534,0.0,112.125,134.625,351.128,15.044
02/09/2008,11:46:00,1013.351,79.625,71.182,32.508,0.0,271.75,201.375,304.589,14.934
02/09/2008,11:47:00,1013.389,76.688,71.301,32.573,0.0,13.469,71.188,302.111,7.778
02/09/2008,11:48:00,1013.466,79.438,71.823,32.398,0.0,272.75,204.0,295.872,11.703
02/09/2008,11:49:00,1013.351,75.625,71.939,32.456,0.0,3.352,58.375,309.763,9.987
02/09/2008,11:50:00,1013.313,80.688,72.535,32.411,0.0,274.0,196.25,294.036,7.912
02/09/2008,11:51:00,1013.313,84.063,72.377,32.664,0.0,273.25,208.875,280.233,14.922
02/09/2008,11:52:00,1013.351,86.063,71.836,32.877,0.0,175.625,186.875,293.293,16.699
02/09/2008,11:53:00,1013.466,86.875,71.301,32.903,0.0,175.875,209.0,293.832,19.583
02/09/2008,11:54:00,1013.351,83.25,70.09,32.722,0.0,41.156,139.625,301.994,17.946
02/09/2008,11:55:00,1013.274,81.188,71.353,32.586,0.0,76.375,147.625,346.274,13.2
02/09/2008,11:56:00,1013.389,77.938,70.281,32.573,0.0,143.0,167.0,301.134,17.484
02/09/2008,11:57:00,1013.313,75.938,70.553,32.43,0.0,141.0,149.375,349.539,15.658
02/09/2008,11:58:00,1013.466,78.438,71.036,32.469,0.0,117.813,114.25,331.407,18.579
02/09/2008,11:59:00,1013.466,74.125,70.096,32.56,0.0,37.719,81.438,322.269,14.326
02/09/2008,12:00:00,1013.389,77.75,71.175,32.43,0.0,271.0,192.0,318.566,9.774
02/09/2008,12:01:00,1013.351,78.438,71.282,32.625,0.0,118.563,100.5,317.109,7.529
02/09/2008,12:02:00,1013.389,74.938,70.446,32.709,0.0,208.625,172.5,314.529,10.784
02/09/2008,12:03:00,1013.351,79.25,68.827,32.664,0.0,268.5,210.125,319.543,16.753
02/09/2008,12:04:00,1013.351,76.063,69.368,32.547,0.0,101.75,128.875,330.096,15.372
02/09/2008,12:05:00,1013.351,80.5,70.135,32.456,0.0,274.75,217.625,339.438,13.048
02/09/2008,12:06:00,1013.466,82.438,69.828,32.456,0.0,263.75,219.0,332.224,18.208
02/09/2008,12:07:00,1013.581,84.188,70.012,32.709,0.0,270.5,223.875,336.028,19.017
02/09/2008,12:08:00,1013.427,85.813,70.511,33.026,0.0,238.625,213.125,294.123,10.236
02/09/2008,12:09:00,1013.466,86.313,70.825,33.37,0.0,275.0,231.875,306.104,8.928
02/09/2008,12:10:00,1013.619,90.875,68.739,33.551,0.0,257.0,260.5,293.861,18.22
02/09/2008,12:11:00,1013.657,90.875,69.682,33.331,0.0,260.25,269.25,310.725,20.045
02/09/2008,12:12:00,1013.619,84.813,70.161,33.078,0.0,252.0,249.375,305.886,10.595
02/09/2008,12:13:00,1013.504,81.875,71.373,32.994,0.0,271.25,218.0,292.01,10.894
02/09/2008,12:14:00,1013.619,83.563,70.56,32.929,0.0,270.0,232.75,302.504,11.405
02/09/2008,12:15:00,1013.657,87.438,70.194,33.001,0.0,260.75,256.75,295.217,14.861
02/09/2008,12:16:00,1013.619,90.438,70.819,33.169,0.0,265.75,260.25,307.649,13.796
02/09/2008,12:17:00,1013.696,94.563,70.851,33.305,0.0,162.25,227.375,316.686,13.571
02/09/2008,12:18:00,1013.619,97.0,70.275,33.5,0.0,261.75,292.5,283.862,17.538
02/09/2008,12:19:00,1013.772,98.563,69.607,33.746,0.0,39.156,185.625,317.794,12.512
02/09/2008,12:20:00,1013.83,95.875,70.029,33.5,0.0,2.656,141.0,298.438,16.936
02/09/2008,12:21:00,1013.811,94.813,69.64,33.117,0.0,1.139,110.0,339.919,13.169
02/09/2008,12:22:00,1013.772,95.625,71.055,32.864,0.0,1.328,99.063,302.679,14.709
02/09/2008,12:23:00,1013.772,96.25,71.188,32.774,0.0,1.139,106.938,319.66,11.892
02/09/2008,12:24:00,1013.906,96.25,71.739,32.664,0.0,0.57,89.063,320.024,15.281
02/09/2008,12:25:00,1013.983,95.625,71.117,32.32,0.0,0.222,83.625,297.388,16.851
02/09/2008,12:26:00,1013.983,95.25,71.143,31.957,0.0,0.19,75.438,334.745,21.999
02/09/2008,12:27:00,1013.868,96.188,73.154,31.782,0.0,0.348,73.188,332.107,20.344
02/09/2008,12:28:00,1014.098,95.0,71.677,31.601,0.0,0.158,75.25,294.211,22.905
02/09/2008,12:29:00,1014.021,95.938,72.279,31.478,0.0,0.19,77.25,297.213,16.005
02/09/2008,12:30:00,1014.136,95.063,71.875,31.374,0.0,0.19,80.188,290.421,21.299
02/09/2008,12:31:00,1013.983,94.375,72.577,31.348,0.0,0.316,95.125,309.588,12.324
02/09/2008,12:32:00,1014.021,94.688,71.256,31.335,0.0,0.348,113.125,324.965,16.504
02/09/2008,12:33:00,1013.983,96.375,71.803,31.439,0.0,0.348,102.688,316.715,17.447
02/09/2008,12:34:00,1014.098,96.75,71.988,31.542,0.0,0.38,105.25,293.089,10.212
02/09/2008,12:35:00,1013.945,95.75,70.644,31.562,0.0,0.38,114.063,298.729,13.875
02/09/2008,12:36:00,1014.175,96.938,72.066,31.516,0.0,0.38,124.688,289.226,13.285
02/09/2008,12:37:00,1014.175,96.125,70.048,31.374,0.0,0.253,116.875,327.181,22.845
02/09/2008,12:38:00,1014.251,95.625,71.062,31.16,0.0,0.222,106.0,312.43,25.236
02/09/2008,12:39:00,1014.29,95.375,70.803,30.959,0.0,0.19,97.0,316.511,17.599
02/09/2008,12:40:00,1014.251,95.5,70.744,30.765,0.0,0.19,87.563,334.089,18.78
02/09/2008,12:41:00,1014.366,95.313,70.757,30.603,0.0,0.222,80.938,329.483,23.392
02/09/2008,12:42:00,1014.213,95.5,71.894,30.467,0.0,0.19,83.0,322.75,18.634
02/09/2008,12:43:00,1014.213,95.625,72.192,30.428,0.0,0.316,81.188,338.783,20.952
02/09/2008,12:44:00,1014.328,95.688,72.471,30.415,0.0,0.222,71.75,305.215,14.1
02/09/2008,12:45:00,1014.251,96.125,73.471,30.389,0.0,0.316,71.0,298.948,7.389
02/09/2008,12:46:00,1014.251,95.875,73.983,30.428,0.0,0.316,84.125,295.275,12.226
02/09/2008,12:47:00,1014.251,95.375,72.403,30.415,0.0,0.222,80.438,292.782,26.946
02/09/2008,12:48:00,1014.328,93.688,73.141,30.292,0.0,0.253,91.063,325.169,9.585
02/09/2008,12:49:00,1014.328,94.813,73.319,30.188,0.0,0.222,91.125,303.16,22.905
02/09/2008,12:50:00,1014.29,95.438,72.244,30.078,0.0,0.253,76.875,308.16,15.47
02/09/2008,12:51:00,1014.443,95.25,73.008,30.013,0.0,0.222,78.188,293.89,15.421
02/09/2008,12:52:00,1014.404,95.25,72.623,29.987,0.0,0.253,72.063,315.797,15.591
02/09/2008,12:53:00,1014.328,95.438,73.565,29.935,0.0,0.253,68.25,288.629,10.808
02/09/2008,12:54:00,1014.443,95.313,73.536,29.922,0.0,0.316,75.625,316.249,15.707
02/09/2008,12:55:00,1014.481,94.938,72.675,29.805,0.0,0.222,84.438,313.057,15.305
02/09/2008,12:56:00,1014.558,94.813,73.118,29.721,0.0,0.222,79.625,303.422,14.934
02/09/2008,12:57:00,1014.673,94.813,73.484,29.721,0.0,0.253,76.25,317.167,12.999
02/09/2008,12:58:00,1014.807,94.375,72.704,29.579,0.0,0.222,80.375,348.155,26.66
02/09/2008,12:59:00,1014.768,94.25,73.51,29.443,0.0,0.222,78.0,335.182,16.875
02/09/2008,13:00:00,1014.73,93.875,74.553,29.326,0.0,0.222,80.875,318.202,19.23
02/09/2008,13:01:00,1014.845,94.125,75.538,29.099,0.0,0.253,78.938,314.966,15.67
02/09/2008,13:02:00,1014.96,93.813,75.81,28.775,0.0,0.222,82.25,297.213,29.86
02/09/2008,13:03:00,1014.922,94.375,77.403,28.574,0.0,0.253,78.063,332.807,18.384
02/09/2008,13:04:00,1015.075,93.313,76.658,28.334,0.0,0.222,73.125,325.373,20.544
02/09/2008,13:05:00,1014.998,93.5,77.16,28.101,0.0,0.253,75.938,326.86,23.794
02/09/2008,13:06:00,1015.343,92.5,75.722,27.686,0.0,0.222,79.563,320.082,30.84
02/09/2008,13:07:00,1014.998,93.063,76.082,27.395,0.0,0.253,82.063,322.239,18.993
02/09/2008,13:08:00,1015.113,93.188,76.552,27.148,0.0,0.316,85.25,331.291,18.019
02/09/2008,13:09:00,1014.998,93.188,77.002,27.006,0.0,0.316,93.0,298.438,13.498
02/09/2008,13:10:00,1015.036,93.188,76.59,26.883,0.0,0.38,94.125,308.757,19.966
02/09/2008,13:11:00,1015.151,93.063,76.71,26.74,0.0,0.348,85.438,290.931,20.83
02/09/2008,13:12:00,1015.151,93.0,76.765,26.623,0.0,0.316,79.625,317.721,17.812
02/09/2008,13:13:00,1015.228,92.563,76.982,26.474,0.0,0.253,83.625,347.44,12.391
02/09/2008,13:14:00,1015.151,92.813,77.397,26.384,0.0,0.316,79.875,301.644,13.535
02/09/2008,13:15:00,1015.266,92.625,77.497,26.384,0.0,0.316,75.625,311.629,16.674
02/09/2008,13:16:00,1015.305,92.375,77.316,26.299,0.0,0.316,75.875,304.297,30.28
02/09/2008,13:17:00,1015.343,92.438,77.471,26.17,0.0,0.348,78.563,322.968,13.973
02/09/2008,13:18:00,1015.419,92.563,77.756,26.092,0.0,0.316,81.313,324.892,17.398
02/09/2008,13:19:00,1015.305,92.875,78.164,26.209,0.0,0.348,76.688,317.4,12.464
02/09/2008,13:20:00,1015.419,92.563,77.455,26.247,0.0,0.38,69.938,300.478,27.433
02/09/2008,13:21:00,1015.458,92.375,77.763,26.066,0.0,0.316,66.188,336.8,16.163
02/09/2008,13:22:00,1015.458,92.25,77.07,25.943,0.0,0.316,70.75,329.032,18.895
02/09/2008,13:23:00,1015.668,91.938,76.399,25.729,0.0,0.316,76.25,305.07,21.013
02/09/2008,13:24:00,1015.554,92.0,75.816,25.45,0.0,0.348,93.688,331.976,10.346
02/09/2008,13:25:00,1015.592,92.5,76.406,25.45,0.0,0.506,100.375,316.453,7.863
02/09/2008,13:26:00,1015.63,92.25,76.506,25.431,0.0,0.412,94.875,314.514,20.331
02/09/2008,13:27:00,1015.554,92.5,76.36,25.437,0.0,0.949,110.375,311.308,10.808
02/09/2008,13:28:00,1015.458,92.313,75.664,25.405,0.0,1.266,119.688,338.637,15.372
02/09/2008,13:29:00,1015.592,91.375,74.913,25.275,0.0,0.316,103.25,304.836,8.8
02/09/2008,13:30:00,1015.668,91.313,75.625,25.236,0.0,0.348,93.625,343.359,18.396
02/09/2008,13:31:00,1015.86,90.5,75.784,25.061,0.0,0.316,89.125,318.056,23.928
02/09/2008,13:32:00,1015.937,89.938,74.861,24.848,0.0,0.316,85.313,326.204,23.155
02/09/2008,13:33:00,1016.013,90.313,75.282,24.692,0.0,0.316,83.063,316.657,9.415
02/09/2008,13:34:00,1016.128,90.125,74.78,24.543,0.0,0.316,77.313,323.916,15.445
02/09/2008,13:35:00,1016.128,90.0,75.178,24.374,0.0,0.316,75.375,311.046,14.064
02/09/2008,13:36:00,1016.32,89.938,74.534,24.212,0.0,0.316,74.063,333.244,15.993
02/09/2008,13:37:00,1016.569,89.688,74.595,24.063,0.0,0.316,77.563,314.456,20.106
02/09/2008,13:38:00,1016.32,89.438,72.862,23.72,0.0,0.316,77.063,338.302,28.43
02/09/2008,13:39:00,1016.281,89.625,73.604,23.519,0.0,0.316,74.125,342.383,19.23
02/09/2008,13:40:00,1016.531,89.0,72.749,23.344,0.0,0.348,72.5,323.857,30.645
02/09/2008,13:41:00,1016.416,89.688,73.977,23.214,0.0,0.348,72.688,326.962,13.595
02/09/2008,13:42:00,1016.454,90.063,75.11,23.305,0.0,0.38,70.813,310.667,24.834
02/09/2008,13:43:00,1016.416,90.188,74.427,23.383,0.0,0.38,69.125,318.45,10.498
02/09/2008,13:44:00,1016.492,89.75,73.786,23.266,0.0,0.348,68.938,352.862,14.234
02/09/2008,13:45:00,1016.569,89.813,73.478,23.124,0.0,0.348,72.188,318.319,12.537
02/09/2008,13:46:00,1016.416,90.25,74.66,23.137,0.0,0.412,76.375,294.808,7.456
02/09/2008,13:47:00,1016.492,89.688,74.152,23.137,0.0,0.38,81.75,306.819,13.595
02/09/2008,13:48:00,1016.416,89.375,74.268,23.124,0.0,0.506,92.313,306.571,11.393
02/09/2008,13:49:00,1016.492,89.313,74.129,23.111,0.0,0.538,99.5,299.808,13.334
02/09/2008,13:50:00,1016.416,89.375,74.032,23.163,0.0,0.443,89.063,333.302,14.326
02/09/2008,13:51:00,1016.377,89.125,73.99,23.111,0.0,0.412,84.0,321.729,13.747
02/09/2008,13:52:00,1016.454,88.875,74.31,23.124,0.0,0.38,82.938,308.393,13.644
02/09/2008,13:53:00,1016.492,89.188,74.602,23.15,0.0,0.38,76.438,313.173,16.425
02/09/2008,13:54:00,1016.531,88.875,74.31,23.137,0.0,0.348,74.813,314.281,13.249
02/09/2008,13:55:00,1016.454,88.563,73.925,23.001,0.0,0.38,69.438,333.754,9.737
02/09/2008,13:56:00,1016.607,88.125,74.388,22.858,0.0,0.348,66.625,310.812,24.201
02/09/2008,13:57:00,1016.416,88.313,75.217,22.774,0.0,0.38,64.875,346.959,8.813
02/09/2008,13:58:00,1016.358,88.813,75.658,22.884,0.0,1.139,66.25,310.667,9.166
02/09/2008,13:59:00,1016.416,88.875,75.395,22.975,0.0,0.38,67.813,317.094,8.113
02/09/2008,14:00:00,1016.492,88.5,74.443,22.884,0.0,0.348,53.063,318.596,15.756
02/09/2008,14:01:00,1016.492,88.313,74.735,22.832,0.0,0.348,67.25,305.157,16.23
02/09/2008,14:02:00,1016.492,89.188,75.136,22.787,0.0,0.412,78.688,322.662,10.595
02/09/2008,14:03:00,1016.722,89.438,74.861,22.884,0.0,0.443,81.688,308.815,15.208
02/09/2008,14:04:00,1016.952,89.313,74.773,22.884,0.0,0.38,77.563,302.738,20.727
02/09/2008,14:05:00,1016.76,89.375,74.793,22.897,0.0,0.38,84.813,327.603,11.253
02/09/2008,14:06:00,1016.799,89.25,73.225,22.709,0.0,0.38,113.188,321.598,14.648
02/09/2008,14:07:00,1016.76,89.313,74.077,22.605,0.0,9.648,134.75,310.987,11.879
02/09/2008,14:08:00,1016.646,88.063,71.842,22.385,0.0,17.516,171.625,321.0,18.707
02/09/2008,14:09:00,1017.048,88.938,71.373,22.411,0.0,1.013,130.375,309.194,24.913
02/09/2008,14:10:00,1016.799,88.5,72.39,22.463,0.0,5.629,139.5,335.868,10.249
02/09/2008,14:11:00,1016.875,85.938,71.055,22.476,0.0,2.783,119.625,336.859,19.169
02/09/2008,14:12:00,1016.799,82.375,71.075,22.242,0.0,0.696,86.313,333.215,14.064
02/09/2008,14:13:00,1016.914,82.313,72.503,22.197,0.0,0.38,80.0,316.57,19.583
02/09/2008,14:14:00,1016.952,82.375,71.836,22.106,0.0,0.412,94.75,329.294,8.74
02/09/2008,14:15:00,1017.009,83.938,72.509,22.067,0.0,0.538,87.188,310.04,13.2
02/09/2008,14:16:00,1017.048,84.188,71.726,22.015,0.0,0.348,76.063,293.089,16.042
02/09/2008,14:17:00,1017.163,85.938,71.881,21.951,0.0,0.348,63.438,331.976,12.883
02/09/2008,14:18:00,1017.335,87.188,72.807,21.892,0.0,0.348,52.063,286.092,17.538
02/09/2008,14:19:00,1017.335,85.813,72.092,21.562,0.0,0.316,66.25,340.867,16.662
02/09/2008,14:20:00,1017.412,87.438,73.86,21.38,0.0,0.38,88.5,274.403,18.196
02/09/2008,14:21:00,1017.527,88.188,74.521,21.419,0.0,0.443,96.0,286.807,19.127
02/09/2008,14:22:00,1017.45,88.063,73.416,21.432,0.0,0.443,106.438,297.272,12.549
02/09/2008,14:23:00,1017.412,87.063,72.616,21.484,0.0,0.412,105.25,332.399,14.709
02/09/2008,14:24:00,1017.335,87.188,73.611,21.549,0.0,6.672,105.188,327.151,7.79
02/09/2008,14:25:00,1017.412,86.875,71.752,21.659,0.0,1.107,99.375,333.958,16.924
02/09/2008,14:26:00,1017.603,84.75,71.875,21.601,0.0,0.38,93.875,308.626,13.784
02/09/2008,14:27:00,1017.603,82.938,70.99,21.27,0.0,0.348,87.188,324.309,14.052
02/09/2008,14:28:00,1017.565,83.125,71.029,21.017,0.0,0.38,93.313,318.29,24.95
02/09/2008,14:29:00,1017.641,83.375,71.081,20.745,0.0,0.38,98.0,345.925,16.826
02/09/2008,14:30:00,1017.68,82.563,71.188,20.525,0.0,2.246,104.563,309.413,17.861
02/09/2008,14:31:00,1017.718,80.813,71.58,20.551,0.0,6.988,102.438,318.566,15.53
02/09/2008,14:32:00,1017.641,78.625,71.13,20.486,0.0,14.227,114.125,337.981,18.518
02/09/2008,14:33:00,1017.641,78.625,71.36,20.512,0.0,21.031,123.313,342.922,25.236
02/09/2008,14:34:00,1017.641,76.313,71.301,20.525,0.0,4.555,99.375,299.75,21.049
02/09/2008,14:35:00,1017.641,72.0,71.327,20.59,0.0,6.578,83.188,287.185,17.338
02/09/2008,14:36:00,1017.603,71.688,71.081,20.59,0.0,99.875,121.188,303.699,17.849
02/09/2008,14:37:00,1017.641,71.813,71.321,20.68,0.0,18.844,94.875,315.928,8.752
02/09/2008,14:38:00,1017.718,75.063,71.246,20.842,0.0,199.875,167.75,339.191,8.076
02/09/2008,14:39:00,1017.795,76.875,71.169,21.179,0.0,215.75,182.375,314.194,7.48
02/09/2008,14:40:00,1017.91,75.813,69.284,21.322,0.0,216.75,184.75,327.574,21.761
02/09/2008,14:41:00,1018.025,74.188,68.681,21.296,0.0,215.625,175.875,292.039,14.709
02/09/2008,14:42:00,1018.159,73.125,67.829,21.38,0.0,192.0,164.75,317.007,21.116
02/09/2008,14:43:00,1018.197,69.5,68.335,21.322,0.0,10.844,69.75,352.104,9.999
02/09/2008,14:44:00,1018.159,69.063,68.27,21.153,0.0,96.813,108.0,277.464,11.332
02/09/2008,14:45:00,1018.159,68.75,67.331,20.991,0.0,61.094,91.25,331.028,20.191
02/09/2008,14:46:00,1018.12,69.75,66.867,20.616,0.0,66.25,96.438,310.9,23.021
02/09/2008,14:47:00,1018.12,70.688,66.79,20.311,0.0,63.219,99.125,337.748,14.076
02/09/2008,14:48:00,1018.063,70.5,68.474,20.22,0.0,9.234,77.875,316.016,10.37
02/09/2008,14:49:00,1018.082,72.375,68.574,20.207,0.0,26.156,87.188,300.901,14.563
02/09/2008,14:50:00,1018.12,72.125,68.134,20.259,0.0,27.094,87.313,329.483,17.897
02/09/2008,14:51:00,1018.197,71.938,68.752,20.298,0.0,26.063,83.375,334.118,9.537
02/09/2008,14:52:00,1018.235,72.25,68.924,20.428,0.0,54.719,94.75,324.426,14.326
02/09/2008,14:53:00,1018.388,74.313,68.833,20.466,0.0,89.5,106.813,309.194,16.948
02/09/2008,14:54:00,1018.35,73.813,68.846,20.428,0.0,79.5,100.125,312.795,11.344
02/09/2008,14:55:00,1018.235,72.938,68.859,20.285,0.0,87.938,104.438,338.418,14.563
02/09/2008,14:56:00,1018.235,75.875,69.203,20.162,0.0,164.125,144.25,338.724,13.023
02/09/2008,14:57:00,1018.274,71.625,69.905,20.298,0.0,47.063,86.375,318.027,19.735
02/09/2008,14:58:00,1018.082,72.75,69.918,20.272,0.0,167.0,138.375,302.271,10.249
02/09/2008,14:59:00,1018.197,73.313,69.773,20.402,0.0,57.25,97.313,327.691,11.642
02/09/2008,15:00:00,1018.235,74.313,69.799,20.441,0.0,141.625,136.875,317.575,9.835
02/09/2008,15:01:00,1018.388,71.813,69.523,20.486,0.0,31.047,92.5,326.087,11.228
02/09/2008,15:02:00,1018.312,71.875,70.624,20.415,0.0,2.721,71.563,316.336,7.316
02/09/2008,15:03:00,1018.427,72.563,69.462,20.363,0.0,144.375,129.75,319.106,14.015
02/09/2008,15:04:00,1018.542,70.813,69.494,20.311,0.0,14.578,66.25,290.786,7.389
02/09/2008,15:05:00,1018.58,72.938,69.867,20.389,0.0,128.625,111.125,343.651,15.068
02/09/2008,15:06:00,1018.618,69.0,68.16,20.201,0.0,2.529,44.375,337.689,10.109
02/09/2008,15:07:00,1018.733,68.563,68.173,19.954,0.0,77.438,78.875,322.72,22.431
02/09/2008,15:08:00,1018.58,68.938,68.121,19.805,0.0,142.5,108.563,320.855,12.926
02/09/2008,15:09:00,1018.733,68.813,68.231,19.805,0.0,125.063,100.75,343.592,18.682
02/09/2008,15:10:00,1018.695,68.938,68.033,19.909,0.0,47.469,64.5,342.66,10.2
02/09/2008,15:11:00,1018.733,68.438,68.101,19.857,0.0,55.031,73.813,340.663,16.376
02/09/2008,15:12:00,1018.886,71.563,68.668,19.929,0.0,131.375,108.125,333.433,11.727
02/09/2008,15:13:00,1018.886,72.813,68.701,19.967,0.0,43.594,65.25,308.815,12.299
02/09/2008,15:14:00,1018.944,72.875,68.5,19.909,0.0,14.195,58.844,306.134,17.551
02/09/2008,15:15:00,1018.944,74.375,69.335,19.767,0.0,121.563,109.375,300.857,14.198
02/09/2008,15:16:00,1018.982,74.063,69.912,19.831,0.0,80.5,89.313,315.593,9.512
02/09/2008,15:17:00,1019.097,72.125,70.116,19.883,0.0,0.538,61.469,265.395,9.5
02/09/2008,15:18:00,1019.174,74.25,70.803,19.883,0.0,34.531,78.188,303.452,16.315
02/09/2008,15:19:00,1019.327,75.875,70.433,19.831,0.0,0.917,62.25,304.764,16.194
02/09/2008,15:20:00,1019.25,76.375,71.055,19.728,0.0,4.871,60.375,323.318,14.186
02/09/2008,15:21:00,1019.404,75.313,70.181,19.65,0.0,56.938,91.375,312.314,20.228
02/09/2008,15:22:00,1019.289,77.25,70.948,19.637,0.0,47.281,81.563,319.456,13.224
02/09/2008,15:23:00,1019.48,75.125,69.297,19.65,0.0,4.523,56.594,322.429,24.761
02/09/2008,15:24:00,1019.365,74.438,68.296,19.462,0.0,18.094,60.313,319.543,15.981
02/09/2008,15:25:00,1019.404,73.75,68.364,19.371,0.0,12.555,58.75,317.4,21.049
02/09/2008,15:26:00,1019.289,74.0,69.157,19.371,0.0,0.316,49.813,332.5,12.597
02/09/2008,15:27:00,1019.327,76.938,69.653,19.345,0.0,1.835,49.0,338.987,10.334
02/09/2008,15:28:00,1019.404,75.313,68.794,19.332,0.0,46.906,64.313,352.921,12.464
02/09/2008,15:29:00,1019.404,73.125,68.931,19.326,0.0,12.141,52.094,346.158,11.867
02/09/2008,15:30:00,1019.442,75.188,68.759,19.267,0.0,4.176,56.75,337.631,14.447
02/09/2008,15:31:00,1019.557,78.125,69.582,19.267,0.0,61.344,78.688,329.571,16.078
02/09/2008,15:32:00,1019.595,78.688,69.954,19.345,0.0,28.969,69.75,343.869,11.253
02/09/2008,15:33:00,1019.71,80.438,69.714,19.436,0.0,47.75,84.063,321.977,14.709
02/09/2008,15:34:00,1019.749,81.5,70.365,19.371,0.0,70.063,99.875,300.42,16.042
02/09/2008,15:35:00,1019.71,79.75,70.382,19.41,0.0,11.383,88.563,318.202,11.344
02/09/2008,15:36:00,1019.672,76.813,69.808,19.41,0.0,27.547,90.75,339.919,17.277
02/09/2008,15:37:00,1019.71,78.563,69.303,19.475,0.0,39.906,92.75,322.312,21.311
02/09/2008,15:38:00,1019.672,74.938,69.967,19.462,0.0,0.38,67.625,327.953,9.05
02/09/2008,15:39:00,1019.921,72.5,69.297,19.514,0.0,131.625,96.813,320.286,22.832
02/09/2008,15:40:00,1019.749,69.438,68.866,19.384,0.0,24.594,58.156,316.745,19.692
02/09/2008,15:41:00,1019.749,73.938,68.973,19.267,0.0,43.0,69.563,299.575,7.468
02/09/2008,15:42:00,1019.883,75.75,69.118,19.267,0.0,0.506,54.531,307.649,18.007
02/09/2008,15:43:00,1019.883,78.375,69.41,19.112,0.0,0.443,67.625,341.377,14.91
02/09/2008,15:44:00,1019.959,76.625,70.618,18.924,0.0,32.875,74.625,327.297,9.598
02/09/2008,15:45:00,1020.112,77.75,71.849,18.885,0.0,94.875,102.5,320.199,23.83
02/09/2008,15:46:00,1019.959,77.563,70.181,18.781,0.0,25.391,67.5,330.037,14.806
02/09/2008,15:47:00,1019.959,77.5,72.105,18.807,0.0,26.969,66.0,338.724,7.912
02/09/2008,15:48:00,1020.189,77.75,71.625,18.963,0.0,47.875,79.5,305.638,20.094
02/09/2008,15:49:00,1020.227,76.375,70.006,18.859,0.0,2.529,62.313,316.278,17.922
02/09/2008,15:50:00,1020.189,72.625,68.866,18.581,0.0,3.004,50.781,318.887,24.177
02/09/2008,15:51:00,1020.151,71.25,68.428,18.457,0.0,45.5,65.125,335.663,16.973
02/09/2008,15:52:00,1020.189,72.25,68.788,18.464,0.0,1.328,52.625,348.854,9.963
02/09/2008,15:53:00,1020.074,73.813,69.309,18.431,0.0,90.438,82.25,334.148,7.65
02/09/2008,15:54:00,1020.112,76.313,69.501,18.555,0.0,85.5,84.25,320.738,11.526
02/09/2008,15:55:00,1020.189,75.938,69.905,18.684,0.0,52.688,71.375,329.032,17.995
02/09/2008,15:56:00,1020.036,74.938,70.624,18.593,0.0,92.875,83.563,310.987,12.664
02/09/2008,15:57:00,1020.074,72.688,71.671,18.645,0.0,67.875,69.125,313.363,12.062
02/09/2008,15:58:00,1020.036,72.75,70.573,18.581,0.0,76.875,79.188,323.143,12.725
02/09/2008,15:59:00,1019.998,73.813,71.651,18.619,0.0,59.031,72.063,342.324,11.606
02/09/2008,16:00:00,1020.074,71.75,70.631,18.593,0.0,136.25,86.938,298.729,8.356
02/09/2008,16:01:00,1020.112,69.688,70.631,18.684,0.0,114.375,73.0,332.777,14.697
02/09/2008,16:02:00,1020.189,66.75,69.092,18.645,0.0,191.125,82.563,331.714,19.966
02/09/2008,16:03:00,1020.151,64.375,68.594,18.581,0.0,177.0,75.438,350.224,13.547
02/09/2008,16:04:00,1020.151,63.031,67.399,18.529,0.0,159.375,69.438,327.866,17.362
02/09/2008,16:05:00,1020.381,63.156,67.253,18.431,0.0,193.75,74.875,327.778,13.486
02/09/2008,16:06:00,1020.304,62.531,66.275,18.315,0.0,172.75,68.25,340.24,17.538
02/09/2008,16:07:00,1020.419,62.563,66.443,18.315,0.0,172.375,67.25,327.049,16.279
02/09/2008,16:08:00,1020.457,62.031,66.029,18.289,0.0,163.25,64.188,309.588,15.044
02/09/2008,16:09:00,1020.496,62.156,66.084,18.315,0.0,109.563,49.0,292.666,13.133
02/09/2008,16:10:00,1020.496,62.563,66.475,18.418,0.0,91.25,43.281,302.839,13.821
02/09/2008,16:11:00,1020.572,61.563,66.569,18.341,0.0,59.688,36.531,339.293,8.253
02/09/2008,16:12:00,1020.534,61.344,66.822,18.276,0.0,11.32,25.203,346.464,14.532
02/09/2008,16:13:00,1020.61,63.094,67.638,18.14,0.0,37.813,32.469,313.509,8.393
02/09/2008,16:14:00,1020.668,63.813,67.901,18.127,0.0,22.984,29.047,288.716,11.107
02/09/2008,16:15:00,1020.821,63.563,68.315,18.114,0.0,5.914,24.422,305.828,14.934
02/09/2008,16:16:00,1020.706,65.625,68.454,17.971,0.0,99.563,48.719,327.691,13.176
02/09/2008,16:17:00,1020.859,65.875,68.853,17.997,0.0,85.875,44.25,344.438,8.904
02/09/2008,16:18:00,1020.783,64.875,67.93,17.861,0.0,31.234,34.75,296.645,14.636
02/09/2008,16:19:00,1020.936,65.125,69.17,17.77,0.0,25.484,33.438,323.712,23.216
02/09/2008,16:20:00,1020.859,66.125,69.663,17.673,0.0,28.906,34.313,348.49,15.707
02/09/2008,16:21:00,1020.898,64.875,70.407,17.686,0.0,39.656,36.313,343.738,12.311
02/09/2008,16:22:00,1020.744,64.813,69.886,17.66,0.0,71.688,41.313,324.994,12.75
02/09/2008,16:23:00,1020.744,67.188,69.403,17.595,0.0,96.75,48.125,317.196,13.382
02/09/2008,16:24:00,1020.898,66.438,69.815,17.608,0.0,103.813,49.0,295.187,11.441
02/09/2008,16:25:00,1020.936,67.188,69.423,17.686,0.0,93.875,47.656,308.48,13.461
02/09/2008,16:26:00,1020.821,67.063,68.973,17.686,0.0,128.875,54.344,350.472,12.762
02/09/2008,16:27:00,1020.783,65.875,68.979,17.608,0.0,85.813,43.531,332.107,16.924
02/09/2008,16:28:00,1020.744,63.531,69.19,17.576,0.0,25.578,28.078,300.099,15.816
02/09/2008,16:29:00,1020.974,62.969,68.487,17.407,0.0,57.469,31.969,329.352,23.788
02/09/2008,16:30:00,1020.649,61.781,66.955,17.181,0.0,54.5,29.047,325.912,16.717
02/09/2008,16:31:00,1020.744,61.25,67.768,17.077,0.0,32.688,23.391,342.747,11.283
02/09/2008,16:32:00,1020.821,60.938,67.784,16.993,0.0,12.109,18.828,337.15,15.591
02/09/2008,16:33:00,1020.821,60.844,68.25,16.941,0.0,19.797,18.828,343.84,10.772
02/09/2008,16:34:00,1020.821,61.75,69.216,16.889,0.0,11.953,18.891,330.343,10.772
02/09/2008,16:35:00,1020.859,63.125,69.05,16.876,0.0,36.781,24.063,325.796,8.088
02/09/2008,16:36:00,1020.859,65.875,69.536,16.863,0.0,30.672,22.219,326.714,8.052
02/09/2008,16:37:00,1020.898,68.813,70.249,16.85,0.0,22.391,21.891,321.919,7.766
02/09/2008,16:38:00,1020.974,71.625,71.055,16.837,0.0,21.938,23.406,311.308,20.855
02/09/2008,16:39:00,1021.089,67.438,72.762,16.708,0.0,4.617,18.094,298.846,11.38
02/09/2008,16:40:00,1021.051,68.375,73.002,16.571,0.0,10.406,20.109,338.01,12.403
02/09/2008,16:41:00,1021.204,65.313,73.685,16.546,0.0,10.844,20.547,306.221,12.415
02/09/2008,16:42:00,1021.204,63.188,74.33,16.558,0.0,41.813,25.906,341.435,12.427
02/09/2008,16:43:00,1021.242,63.656,72.292,16.533,0.0,61.781,27.984,345.473,19.467
02/09/2008,16:44:00,1021.491,62.719,70.42,16.558,0.0,89.688,32.063,343.928,12.859
02/09/2008,16:45:00,1021.472,62.938,69.092,16.533,0.0,79.5,30.078,282.682,15.184
02/09/2008,16:46:00,1021.606,63.75,69.954,16.546,0.0,95.438,32.844,323.026,17.538
02/09/2008,16:47:00,1021.357,64.688,70.388,16.571,0.0,113.813,35.344,315.651,13.583
02/09/2008,16:48:00,1021.396,63.25,70.783,16.61,0.0,57.625,23.953,339.861,16.492
02/09/2008,16:49:00,1021.491,62.625,69.899,16.597,0.0,74.25,24.094,315.112,25.431
02/09/2008,16:50:00,1021.491,62.344,69.416,16.52,0.0,64.063,22.984,342.66,9.324
02/09/2008,16:51:00,1021.606,61.25,69.403,16.546,0.0,56.656,21.922,344.875,9.275
02/09/2008,16:52:00,1021.53,62.031,69.708,16.546,0.0,66.313,23.297,326.146,17.885
02/09/2008,16:53:00,1021.606,61.719,69.303,16.481,0.0,32.75,17.828,302.927,16.139
02/09/2008,16:54:00,1021.721,61.156,69.092,16.422,0.0,19.703,14.766,309.194,13.681
02/09/2008,16:55:00,1021.798,60.875,68.833,16.332,0.0,42.719,16.266,321.307,17.672
02/09/2008,16:56:00,1021.721,60.438,68.134,16.254,0.0,13.406,11.977,345.414,19.127
02/09/2008,16:57:00,1021.798,59.5,68.72,16.189,0.0,10.875,10.539,319.135,8.052
02/09/2008,16:58:00,1021.875,59.0,68.726,16.137,0.0,0.759,8.32,312.882,17.611
02/09/2008,16:59:00,1021.836,60.719,68.801,16.046,0.0,2.023,7.859,343.651,9.75
02/09/2008,17:00:00,1021.798,62.5,68.493,16.008,0.0,0.601,7.805,296.324,11.228
02/09/2008,17:01:00,1021.875,62.094,69.05,15.969,0.0,0.506,7.777,325.227,17.064
02/09/2008,17:02:00,1021.913,64.688,69.536,15.943,0.0,0.412,7.777,326.539,16.96
02/09/2008,17:03:00,1022.028,66.25,69.773,15.943,0.0,0.506,7.18,336.552,15.518
02/09/2008,17:04:00,1022.181,66.938,70.644,15.943,0.0,0.759,7.316,299.75,12.713
02/09/2008,17:05:00,1022.219,68.813,71.269,15.917,0.0,0.57,6.828,352.702,13.358
02/09/2008,17:06:00,1022.181,68.125,71.803,15.833,0.0,0.981,6.938,309.194,8.594
02/09/2008,17:07:00,1022.143,70.625,73.206,15.742,0.0,1.075,6.559,305.332,8.155
02/09/2008,17:08:00,1022.392,72.5,73.591,15.703,0.0,0.696,6.367,291.208,19.492
02/09/2008,17:09:00,1022.334,72.25,73.633,15.664,0.0,0.348,6.043,305.551,14.326
02/09/2008,17:10:00,1022.258,70.688,73.646,15.625,0.0,0.222,5.906,283.119,10.462
02/09/2008,17:11:00,1022.354,68.875,73.792,15.573,0.0,0.19,5.691,330.606,8.271
02/09/2008,17:12:00,1022.219,67.188,73.925,15.528,0.0,0.19,5.746,321.598,7.766
02/09/2008,17:13:00,1022.143,65.813,73.646,15.476,0.0,0.19,5.258,287.521,19.632
02/09/2008,17:14:00,1022.334,67.5,73.659,15.411,0.0,0.19,5.313,296.281,20.788
02/09/2008,17:15:00,1022.258,67.438,73.672,15.36,0.0,0.19,5.148,299.604,17.064
02/09/2008,17:16:00,1022.258,67.125,73.685,15.295,0.0,0.19,4.742,326.772,8.155
02/09/2008,17:17:00,1022.334,68.5,72.914,15.21,0.0,0.19,4.688,318.654,7.243
02/09/2008,17:18:00,1022.43,66.0,72.565,15.172,0.0,0.19,4.605,313.173,16.376
02/09/2008,17:19:00,1022.488,62.281,71.619,15.107,0.0,0.19,4.5,336.348,18.384
02/09/2008,17:20:00,1022.392,60.0,71.373,15.081,0.0,0.158,4.555,329.002,14.186
02/09/2008,17:21:00,1022.334,59.188,71.22,15.029,0.0,0.158,4.391,333.273,9.999
02/09/2008,17:22:00,1022.296,58.969,71.169,14.964,0.0,0.158,4.254,306.877,15.409
02/09/2008,17:23:00,1022.334,59.031,70.611,14.932,0.0,0.158,4.172,304.122,8.344
02/09/2008,17:24:00,1022.43,59.156,70.803,14.919,0.0,0.158,4.012,326.991,10.37
02/09/2008,17:25:00,1022.449,59.438,70.955,14.854,0.0,0.158,3.768,299.385,8.8
02/09/2008,17:26:00,1022.43,59.594,70.744,14.802,0.0,0.158,3.578,328.463,15.579
02/09/2008,17:27:00,1022.449,59.719,70.965,14.763,0.0,0.158,3.279,332.486,10.954
02/09/2008,17:28:00,1022.43,60.156,70.566,14.75,0.0,0.158,2.98,324.717,10.395
02/09/2008,17:29:00,1022.449,61.156,70.832,14.737,0.0,0.158,2.764,326.306,11.539
02/09/2008,17:30:00,1022.43,62.031,71.288,14.724,0.0,0.158,2.467,308.014,11.216
02/09/2008,17:31:00,1022.392,61.25,71.816,14.724,0.0,0.19,2.277,335.212,6.233
02/09/2008,17:32:00,1022.354,61.75,71.573,14.711,0.0,0.19,2.006,302.271,6.245
02/09/2008,17:33:00,1022.43,61.719,70.997,14.666,0.0,0.158,1.816,339.132,17.648
02/09/2008,17:34:00,1022.449,61.5,70.965,14.64,0.0,0.158,1.653,302.3,5.411
02/09/2008,17:35:00,1022.526,61.719,71.207,14.627,0.0,0.158,1.437,309.763,12.299
02/09/2008,17:36:00,1022.564,61.656,71.13,14.588,0.0,0.158,1.247,322.662,10.583
02/09/2008,17:37:00,1022.564,61.5,69.96,14.562,0.0,0.158,1.111,335.868,20.763
02/09/2008,17:38:00,1022.756,61.938,69.462,14.562,0.0,0.158,0.949,311.016,24.323
02/09/2008,17:39:00,1022.603,62.0,69.222,14.536,0.0,0.158,0.84,303.452,13.048
02/09/2008,17:40:00,1022.603,62.969,69.151,14.465,0.0,0.158,0.813,312.226,20.654
02/09/2008,17:41:00,1022.679,63.875,69.335,14.478,0.0,0.158,0.624,324.149,13.924
02/09/2008,17:42:00,1022.603,64.375,69.423,14.452,0.0,0.19,0.542,343.418,11.368
02/09/2008,17:43:00,1022.679,64.875,69.335,14.426,0.0,0.158,0.461,297.724,11.788
02/09/2008,17:44:00,1022.641,65.313,69.569,14.413,0.0,0.19,0.326,325.344,8.581
02/09/2008,17:45:00,1022.717,65.688,69.501,14.4,0.0,0.158,0.298,313.713,16.455
02/09/2008,17:46:00,1022.641,65.875,69.815,14.4,0.0,0.158,0.217,336.494,9.439
02/09/2008,17:47:00,1022.564,66.0,69.867,14.368,0.0,0.158,0.163,315.506,12.561
02/09/2008,17:48:00,1022.986,65.625,69.601,14.355,0.0,0.158,0.163,317.634,20.903
02/09/2008,17:49:00,1022.603,65.688,69.436,14.316,0.0,0.158,0.136,327.574,11.867
02/09/2008,17:50:00,1022.756,66.063,69.766,14.329,0.0,0.158,0.136,315.681,14.806
02/09/2008,17:51:00,1022.717,66.25,69.442,14.303,0.0,0.158,0.136,313.276,11.691
02/09/2008,17:52:00,1022.679,66.75,69.361,14.29,0.0,0.158,0.109,323.886,14.161
02/09/2008,17:53:00,1022.717,66.688,69.423,14.277,0.0,0.158,0.136,312.372,11.265
02/09/2008,17:54:00,1022.794,66.438,69.355,14.238,0.0,0.158,0.136,337.806,21.889
02/09/2008,17:55:00,1022.603,66.0,68.979,14.225,0.0,0.158,0.136,288.599,11.131
02/09/2008,17:56:00,1022.603,65.5,68.529,14.173,0.0,0.158,0.136,316.628,10.462
02/09/2008,17:57:00,1022.603,65.188,66.663,14.148,0.0,0.158,0.136,342.776,16.115
02/09/2008,17:58:00,1022.603,64.75,66.9,14.173,0.0,0.158,0.136,337.004,19.4
02/09/2008,17:59:00,1022.564,64.5,66.741,14.122,0.0,0.158,0.109,309.617,13.656
02/09/2008,18:00:00,1022.603,64.75,67.227,14.063,0.0,0.158,0.109,340.925,14.91
02/09/2008,18:01:00,1022.679,64.75,67.02,14.05,0.0,0.158,0.136,338.185,19.492
02/09/2008,18:02:00,1022.832,64.813,67.418,13.999,0.0,0.158,0.109,338.127,12.573
02/09/2008,18:03:00,1022.756,65.125,67.386,13.96,0.0,0.158,0.136,330.97,10.681
02/09/2008,18:04:00,1022.794,65.313,67.353,13.934,0.0,0.19,0.109,339.759,15.634
02/09/2008,18:05:00,1022.832,65.438,67.609,13.895,0.0,0.158,0.109,325.402,12.214
02/09/2008,18:06:00,1022.909,65.75,67.716,13.869,0.0,0.19,0.109,308.99,11.344
02/09/2008,18:07:00,1022.909,65.5,67.829,13.856,0.0,0.158,0.109,317.881,7.425
02/09/2008,18:08:00,1022.986,64.875,67.79,13.843,0.0,0.158,0.136,334.089,19.4
02/09/2008,18:09:00,1022.871,63.906,68.121,13.843,0.0,0.158,0.109,337.15,11.819
02/09/2008,18:10:00,1022.947,62.781,68.474,13.817,0.0,0.158,0.136,316.482,6.695
02/09/2008,18:11:00,1023.024,62.156,68.655,13.817,0.0,0.158,0.109,301.936,9.074
02/09/2008,18:12:00,1023.062,61.75,68.6,13.817,0.0,0.158,0.109,329.177,9.677
02/09/2008,18:13:00,1023.024,61.719,68.814,13.804,0.0,0.158,0.109,346.697,10.632
02/09/2008,18:14:00,1022.986,61.625,69.076,13.798,0.0,0.158,0.136,345.72,4.59
02/09/2008,18:15:00,1023.062,61.438,68.746,13.772,0.0,0.158,0.136,-0.84,15.658
02/09/2008,18:16:00,1022.947,61.25,68.309,13.817,0.0,0.19,0.109,301.994,11.131
02/09/2008,18:17:00,1022.871,61.125,68.409,13.804,0.0,0.19,0.136,7.512,5.721
02/09/2008,18:18:00,1022.986,60.969,68.487,13.798,0.0,0.19,0.136,318.508,6.768
02/09/2008,18:19:00,1023.024,60.625,68.707,13.772,0.0,0.19,0.136,301.455,12.038
02/09/2008,18:20:00,1022.871,59.938,68.542,13.772,0.0,0.19,0.109,313.115,16.34
02/09/2008,18:21:00,1023.024,59.156,67.603,13.733,0.0,0.158,0.109,337.369,22.37
02/09/2008,18:22:00,1022.871,58.406,66.968,13.746,0.0,0.158,0.109,313.829,15.756
02/09/2008,18:23:00,1022.756,57.969,65.905,13.694,0.0,0.19,0.136,321.89,10.297
02/09/2008,18:24:00,1022.947,57.375,66.518,13.668,0.0,0.158,0.109,343.243,15.877
02/09/2008,18:25:00,1022.909,57.219,65.488,13.629,0.0,0.158,0.109,330.066,18.67
02/09/2008,18:26:00,1022.947,56.938,65.507,13.551,0.0,0.158,0.109,327.385,15.543
02/09/2008,18:27:00,1022.986,56.75,64.976,13.538,0.0,0.158,0.136,308.101,15.445
02/09/2008,18:28:00,1022.947,56.656,65.063,13.467,0.0,0.158,0.109,353.547,16.899
02/09/2008,18:29:00,1022.947,56.656,65.322,13.454,0.0,0.158,0.109,333.579,10.547
02/09/2008,18:30:00,1023.024,56.656,65.863,13.363,0.0,0.19,0.109,316.016,15.707
02/09/2008,18:31:00,1022.986,56.906,65.614,13.299,0.0,0.158,0.136,340.182,12.202
02/09/2008,18:32:00,1022.947,57.063,65.76,13.247,0.0,0.158,0.109,330.912,18.317
02/09/2008,18:33:00,1023.062,57.406,65.718,13.214,0.0,0.158,0.109,338.841,22.692
02/09/2008,18:34:00,1023.062,57.844,65.578,13.214,0.0,0.158,0.109,338.127,10.991
02/09/2008,18:35:00,1023.062,58.094,66.071,13.124,0.0,0.158,0.109,343.505,12.871
02/09/2008,18:36:00,1023.139,58.781,65.659,13.085,0.0,0.158,0.109,330.11,15.159
02/09/2008,18:37:00,1023.196,58.969,66.109,13.085,0.0,0.158,0.109,351.536,9.348
02/09/2008,18:38:00,1023.196,59.063,66.401,12.994,0.0,0.19,0.109,305.915,9.427
02/09/2008,18:39:00,1023.273,59.344,66.498,12.955,0.0,0.19,0.109,327.545,15.457
02/09/2008,18:40:00,1023.388,59.719,66.595,12.923,0.0,0.158,0.109,320.505,10.17
02/09/2008,18:41:00,1023.388,59.938,66.974,12.89,0.0,0.158,0.136,336.742,12.226
02/09/2008,18:42:00,1023.426,60.219,66.741,12.877,0.0,0.19,0.109,328.521,12.324
02/09/2008,18:43:00,1023.541,60.281,66.676,12.851,0.0,0.19,0.109,325.052,8.076
02/09/2008,18:44:00,1023.694,60.688,66.909,12.813,0.0,0.19,0.109,327.603,15.889
02/09/2008,18:45:00,1023.733,60.594,66.848,12.864,0.0,0.19,0.109,331.422,16.65
02/09/2008,18:46:00,1023.694,61.688,66.816,12.825,0.0,0.158,0.109,351.157,7.243
02/09/2008,18:47:00,1023.771,61.813,67.062,12.813,0.0,0.158,0.136,331.655,12.61
02/09/2008,18:48:00,1023.733,62.281,67.055,12.787,0.0,0.158,0.109,337.34,9.737
02/09/2008,18:49:00,1023.847,62.156,67.068,12.787,0.0,0.19,0.109,309.282,12.774
02/09/2008,18:50:00,1023.847,61.688,67.379,12.774,0.0,0.158,0.109,345.75,12.61
02/09/2008,18:51:00,1023.809,61.625,67.191,12.787,0.0,0.19,0.109,2.075,9.664
02/09/2008,18:52:00,1023.924,61.719,67.033,12.787,0.0,0.158,0.109,305.725,8.703
02/09/2008,18:53:00,1023.809,61.75,67.114,12.774,0.0,0.158,0.109,339.949,13.236
02/09/2008,18:54:00,1023.656,61.719,67.347,12.774,0.0,0.19,0.109,330.256,5.411
02/09/2008,18:55:00,1023.579,61.75,67.658,12.722,0.0,0.158,0.109,335.955,7.766
02/09/2008,18:56:00,1023.541,62.031,67.93,12.709,0.0,0.19,0.109,308.014,13.273
02/09/2008,18:57:00,1023.464,62.031,67.92,12.722,0.0,0.19,0.109,353.271,7.352
02/09/2008,18:58:00,1023.464,61.594,68.127,12.748,0.0,0.19,0.109,328.521,12.95
02/09/2008,18:59:00,1023.464,61.125,68.283,12.735,0.0,0.158,0.109,341.377,9.652
02/09/2008,19:00:00,1023.541,60.688,68.5,12.696,0.0,0.158,0.109,305.332,7.139
02/09/2008,19:01:00,1023.503,60.406,68.778,12.696,0.0,0.158,0.109,335.066,10.395
02/09/2008,19:02:00,1023.541,60.5,68.892,12.67,0.0,0.158,0.109,324.936,15.579
02/09/2008,19:03:00,1023.656,60.656,68.931,12.67,0.0,0.19,0.109,333.215,19.516
02/09/2008,19:04:00,1023.541,60.563,68.765,12.696,0.0,0.19,0.109,330.168,12.488
02/09/2008,19:05:00,1023.579,60.125,69.112,12.67,0.0,0.158,0.109,319.514,10.942
02/09/2008,19:06:00,1023.579,59.719,69.523,12.625,0.0,0.19,0.109,333.04,9.634
02/09/2008,19:07:00,1023.656,59.438,69.494,12.573,0.0,0.158,0.109,310.783,11.167
02/09/2008,19:08:00,1023.694,58.625,69.449,12.586,0.0,0.158,0.109,306.192,9.5
02/09/2008,19:09:00,1023.579,58.063,69.633,12.547,0.0,0.158,0.109,323.682,4.504
02/09/2008,19:10:00,1023.694,57.75,69.688,12.495,0.0,0.158,0.109,302.767,10.224
02/09/2008,19:11:00,1023.847,58.031,69.663,12.482,0.0,0.19,0.109,320.286,13.595
02/09/2008,19:12:00,1023.809,58.156,69.688,12.443,0.0,0.158,0.109,306.396,9.092
02/09/2008,19:13:00,1023.847,58.094,69.727,12.404,0.0,0.158,0.109,331.232,9.573
02/09/2008,19:14:00,1023.847,57.875,69.727,12.391,0.0,0.158,0.109,329.265,11.204
02/09/2008,19:15:00,1023.886,57.156,69.802,12.346,0.0,0.158,0.109,328.755,12.847
02/09/2008,19:16:00,1024.0,56.563,69.886,12.32,0.0,0.158,0.109,323.974,10.796
02/09/2008,19:17:00,1023.962,56.438,69.88,12.307,0.0,0.158,0.109,322.487,6.458
02/09/2008,19:18:00,1024.039,56.469,69.918,12.255,0.0,0.158,0.109,311.687,10.407
02/09/2008,19:19:00,1024.0,56.25,69.86,12.229,0.0,0.158,0.109,322.779,6.147
02/09/2008,19:20:00,1024.097,56.219,68.555,12.164,0.0,0.158,0.109,311.833,22.68
02/09/2008,19:21:00,1024.058,56.063,67.24,12.138,0.0,0.19,0.109,307.999,17.313
02/09/2008,19:22:00,1023.962,56.219,66.935,12.074,0.0,0.19,0.109,320.17,17.185
02/09/2008,19:23:00,1023.924,56.094,66.122,12.054,0.0,0.158,0.109,328.755,11.727
02/09/2008,19:24:00,1024.039,56.063,65.912,12.015,0.0,0.158,0.109,308.757,11.271
02/09/2008,19:25:00,1024.0,56.063,66.19,11.951,0.0,0.158,0.136,346.93,11.654
02/09/2008,19:26:00,1024.0,55.969,66.511,11.899,0.0,0.158,0.136,320.622,10.808
02/09/2008,19:27:00,1024.097,56.125,66.683,11.834,0.0,0.158,0.055,295.187,10.097
02/09/2008,19:28:00,1024.211,56.25,66.728,11.795,0.0,0.158,0.136,337.777,15.768
02/09/2008,19:29:00,1024.288,56.344,66.556,11.769,0.0,0.19,0.136,335.576,14.958
02/09/2008,19:30:00,1024.441,56.406,66.492,11.763,0.0,0.158,0.109,328.405,13.948
02/09/2008,19:31:00,1024.518,56.469,66.663,11.737,0.0,0.158,0.109,301.848,12.999
02/09/2008,19:32:00,1024.479,56.594,66.783,11.685,0.0,0.158,0.109,-0.301,7.936
02/09/2008,19:33:00,1024.479,56.875,66.861,11.672,0.0,0.158,0.109,318.712,10.705
02/09/2008,19:34:00,1024.441,57.438,67.12,11.607,0.0,0.158,0.109,325.402,18.22
02/09/2008,19:35:00,1024.441,57.906,66.929,11.607,0.0,0.158,0.109,317.604,17.812
02/09/2008,19:36:00,1024.556,58.25,67.02,11.594,0.0,0.19,0.109,307.052,8.703
02/09/2008,19:37:00,1024.556,58.25,67.373,11.555,0.0,0.158,0.109,332.646,9.525
02/09/2008,19:38:00,1024.709,58.469,67.476,11.542,0.0,0.19,0.109,318.421,15.78
02/09/2008,19:39:00,1024.633,58.813,67.431,11.555,0.0,0.158,0.109,300.347,11.009
02/09/2008,19:40:00,1024.633,59.031,67.577,11.529,0.0,0.158,0.109,317.823,10.894
02/09/2008,19:41:00,1024.633,59.594,67.716,11.477,0.0,0.158,0.109,302.65,15.543
02/09/2008,19:42:00,1024.556,60.094,67.684,11.49,0.0,0.19,0.055,328.288,12.439
02/09/2008,19:43:00,1024.786,60.5,67.684,11.503,0.0,0.19,0.109,311.629,21.999
02/09/2008,19:44:00,1024.633,59.781,67.816,11.516,0.0,0.158,0.136,325.286,16.401
02/09/2008,19:45:00,1024.556,59.938,68.088,11.49,0.0,0.158,0.109,315.054,13.644
02/09/2008,19:46:00,1024.556,61.125,68.509,11.432,0.0,0.158,0.109,352.44,6.044
02/09/2008,19:47:00,1024.671,62.406,68.416,11.38,0.0,0.19,0.136,303.044,10.084
02/09/2008,19:48:00,1024.786,63.156,68.607,11.354,0.0,0.158,0.109,336.829,11.715
02/09/2008,19:49:00,1024.92,62.344,68.801,11.354,0.0,0.158,0.109,313.961,14.137
02/09/2008,19:50:00,1024.901,61.875,68.973,11.315,0.0,0.158,0.136,322.371,11.715
02/09/2008,19:51:00,1024.92,61.938,68.101,11.283,0.0,0.158,0.109,294.604,6.902
02/09/2008,19:52:00,1024.997,61.875,67.729,11.244,0.0,0.158,0.109,315.957,12.025
02/09/2008,19:53:00,1025.112,61.969,66.994,11.218,0.0,0.19,0.109,314.194,16.054
02/09/2008,19:54:00,1025.073,62.344,66.437,11.16,0.0,0.158,0.109,288.381,13.796
02/09/2008,19:55:00,1025.188,62.625,66.09,11.069,0.0,0.158,0.109,328.172,23.763
02/09/2008,19:56:00,1025.227,62.594,65.737,11.017,0.0,0.19,0.109,292.156,10.157
02/09/2008,19:57:00,1025.265,62.75,66.336,10.965,0.0,0.158,0.136,303.699,11.977
02/09/2008,19:58:00,1025.265,62.594,65.97,10.888,0.0,0.19,0.109,2.994,13.985
02/09/2008,19:59:00,1025.303,62.875,65.87,10.829,0.0,0.158,0.109,328.915,19.139
02/09/2008,20:00:00,1025.38,63.469,65.925,10.829,0.0,0.19,0.109,313.173,13.449
02/09/2008,20:01:00,1025.38,64.5,66.148,10.816,0.0,0.158,0.136,326.904,15.457
02/09/2008,20:02:00,1025.418,65.25,66.511,10.765,0.0,0.158,0.136,314.456,4.888
02/09/2008,20:03:00,1025.495,65.313,66.748,10.713,0.0,0.158,0.109,0.035,11.466
02/09/2008,20:04:00,1025.418,65.438,66.255,10.7,0.0,0.19,0.109,337.573,10.358
02/09/2008,20:05:00,1025.533,65.375,65.944,10.687,0.0,0.19,0.136,306.454,21.987
02/09/2008,20:06:00,1025.418,65.438,65.342,10.648,0.0,0.19,0.109,345.531,20.191
02/09/2008,20:07:00,1025.38,65.75,65.177,10.648,0.0,0.19,0.136,331.509,10.322
02/09/2008,20:08:00,1025.418,66.0,65.248,10.635,0.0,0.19,0.109,310.608,8.667
02/09/2008,20:09:00,1025.341,66.188,65.374,10.577,0.0,0.158,0.136,309.311,18.615
02/09/2008,20:10:00,1025.227,66.125,65.235,10.525,0.0,0.19,0.109,-0.898,11.283
02/09/2008,20:11:00,1025.188,66.313,65.154,10.512,0.0,0.19,0.136,336.348,19.194
02/09/2008,20:12:00,1025.265,67.063,64.581,10.499,0.0,0.19,0.136,333.186,14.958
02/09/2008,20:13:00,1025.112,68.5,64.199,10.486,0.0,0.158,0.136,340.124,20.49
02/09/2008,20:14:00,1025.15,69.875,64.503,10.499,0.0,0.158,0.109,323.231,13.358
02/09/2008,20:15:00,1025.15,71.438,64.704,10.447,0.0,0.158,0.136,303.335,10.942
02/09/2008,20:16:00,1025.112,72.688,64.869,10.421,0.0,0.158,0.109,332.34,12.378
02/09/2008,20:17:00,1025.265,73.813,65.387,10.421,0.0,0.158,0.109,341.319,9.086
02/09/2008,20:18:00,1025.457,75.0,65.731,10.408,0.0,0.158,0.109,312.255,11.38
02/09/2008,20:19:00,1025.533,74.938,64.963,10.447,0.0,0.158,0.109,325.65,11.545
02/09/2008,20:20:00,1025.725,74.375,64.691,10.46,0.0,0.158,0.109,306.76,12.153
02/09/2008,20:21:00,1025.533,73.313,65.122,10.499,0.0,0.158,0.136,336.494,5.959
02/09/2008,20:22:00,1025.609,72.625,64.671,10.486,0.0,0.158,0.136,347.061,7.164
02/09/2008,20:23:00,1025.609,72.938,64.111,10.512,0.0,0.158,0.136,293.701,10.748
02/09/2008,20:24:00,1025.533,72.5,64.173,10.499,0.0,0.158,0.109,348.155,9.987
02/09/2008,20:25:00,1025.457,70.938,64.691,10.499,0.0,0.158,0.136,308.874,8.18
02/09/2008,20:26:00,1025.533,69.125,63.616,10.46,0.0,0.158,0.109,351.988,14.015
02/09/2008,20:27:00,1025.648,67.625,63.833,10.46,0.0,0.158,0.109,335.518,19.857
02/09/2008,20:28:00,1025.533,66.813,63.344,10.46,0.0,0.158,0.136,335.314,9.725
02/09/2008,20:29:00,1025.533,66.375,63.622,10.434,0.0,0.158,0.109,317.138,8.557
02/09/2008,20:30:00,1025.609,66.375,63.457,10.421,0.0,0.158,0.109,297.753,10.833
02/09/2008,20:31:00,1025.648,66.813,63.742,10.408,0.0,0.158,0.109,337.777,14.301
02/09/2008,20:32:00,1025.533,67.125,63.629,10.382,0.0,0.158,0.136,318.683,8.776
02/09/2008,20:33:00,1025.609,67.75,63.573,10.382,0.0,0.158,0.109,342.922,11.155
02/09/2008,20:34:00,1025.725,70.313,63.434,10.369,0.0,0.158,0.109,314.733,15.098
02/09/2008,20:35:00,1025.782,71.75,63.35,10.382,0.0,0.158,0.136,321.277,12.378
02/09/2008,20:36:00,1025.763,71.438,63.68,10.369,0.0,0.158,0.109,311.089,13.449
02/09/2008,20:37:00,1025.763,72.063,63.476,10.369,0.0,0.158,0.109,341.1,11.478
02/09/2008,20:38:00,1025.725,72.188,63.337,10.369,0.0,0.158,0.109,323.26,9.488
02/09/2008,20:39:00,1025.763,72.25,63.706,10.356,0.0,0.158,0.109,321.277,11.344
02/09/2008,20:40:00,1025.82,72.375,64.309,10.343,0.0,0.158,0.136,318.29,6.007
02/09/2008,20:41:00,1025.897,72.75,64.71,10.356,0.0,0.158,0.109,330.912,11.405
02/09/2008,20:42:00,1025.974,73.25,64.561,10.33,0.0,0.158,0.109,297.724,16.577
02/09/2008,20:43:00,1025.935,73.563,64.642,10.33,0.0,0.158,0.109,301.965,11.739
02/09/2008,20:44:00,1025.82,73.125,64.843,10.356,0.0,0.158,0.136,342.63,8.679
02/09/2008,20:45:00,1025.782,72.125,65.057,10.343,0.0,0.158,0.136,327.661,11.32
02/09/2008,20:46:00,1025.763,71.25,65.335,10.343,0.0,0.158,0.109,324.892,15.293
02/09/2008,20:47:00,1025.763,71.563,65.546,10.33,0.0,0.158,0.136,352.76,9.999
02/09/2008,20:48:00,1025.763,72.125,65.837,10.356,0.0,0.158,0.109,334.439,4.936
02/09/2008,20:49:00,1025.858,72.813,65.983,10.343,0.0,0.158,0.109,334.468,9.129
02/09/2008,20:50:00,1025.858,73.0,66.223,10.33,0.0,0.158,0.109,333.244,6.409
02/09/2008,20:51:00,1025.974,72.75,66.485,10.317,0.0,0.158,0.109,318.027,17.946
02/09/2008,20:52:00,1025.782,72.688,66.022,10.343,0.0,0.158,0.136,308.247,9.239
02/09/2008,20:53:00,1025.686,73.125,66.045,10.343,0.0,0.158,0.109,330.11,11.557
02/09/2008,20:54:00,1025.648,72.563,66.76,10.343,0.0,0.158,0.109,342.893,8.928
02/09/2008,20:55:00,1025.648,73.188,66.485,10.33,0.0,0.158,0.136,308.626,10.224
02/09/2008,20:56:00,1025.571,73.0,66.615,10.311,0.0,0.158,0.109,341.319,5.734
02/09/2008,20:57:00,1025.533,73.375,66.741,10.298,0.0,0.158,0.136,327.836,13.583
02/09/2008,20:58:00,1025.457,74.375,67.126,10.259,0.0,0.158,0.109,330.635,10.821
02/09/2008,20:59:00,1025.457,74.438,66.79,10.233,0.0,0.158,0.109,329.6,17.611
02/09/2008,21:00:00,1025.495,73.938,65.983,10.194,0.0,0.158,0.136,308.218,9.275
02/09/2008,21:01:00,1025.495,73.813,64.156,10.168,0.0,0.158,0.136,322.837,16.614
02/09/2008,21:02:00,1025.533,73.563,62.893,10.129,0.0,0.158,0.136,321.336,17.003
02/09/2008,21:03:00,1025.457,73.5,62.009,10.091,0.0,0.158,0.136,307.795,13.486
02/09/2008,21:04:00,1025.725,73.125,60.824,10.006,0.0,0.158,0.136,314.587,18.506
02/09/2008,21:05:00,1025.571,73.438,60.169,9.967,0.0,0.158,0.109,348.956,9.634
02/09/2008,21:06:00,1025.533,73.313,61.174,9.967,0.0,0.158,0.109,353.635,11.788
02/09/2008,21:07:00,1025.609,72.875,60.568,9.954,0.0,0.127,0.109,296.353,13.048
02/09/2008,21:08:00,1025.648,73.188,60.322,9.903,0.0,0.158,0.109,338.185,13.936
02/09/2008,21:09:00,1025.686,72.938,59.518,9.851,0.0,0.158,0.109,330.751,12.488
02/09/2008,21:10:00,1025.782,72.75,59.007,9.773,0.0,0.158,0.136,345.298,9.366
02/09/2008,21:11:00,1025.725,72.813,58.735,9.715,0.0,0.158,0.136,330.751,15.67
02/09/2008,21:12:00,1025.82,73.063,59.013,9.715,0.0,0.158,0.136,333.463,14.587
02/09/2008,21:13:00,1025.782,72.813,58.874,9.669,0.0,0.158,0.109,315.112,8.308
02/09/2008,21:14:00,1025.82,73.438,58.965,9.643,0.0,0.158,0.109,341.144,15.244
02/09/2008,21:15:00,1025.858,73.813,59.334,9.656,0.0,0.158,0.109,320.111,12.439
02/09/2008,21:16:00,1025.935,73.375,59.428,9.617,0.0,0.158,0.109,333.696,9.871
02/09/2008,21:17:00,1025.974,73.313,59.467,9.591,0.0,0.158,0.136,323.857,14.861
02/09/2008,21:18:00,1025.974,73.5,59.395,9.566,0.0,0.158,0.136,323.624,9.835
02/09/2008,21:19:00,1025.974,73.5,59.434,9.566,0.0,0.158,0.109,302.023,18.086
02/09/2008,21:20:00,1025.897,73.625,59.084,9.54,0.0,0.158,0.109,344.613,17.259
02/09/2008,21:21:00,1025.935,73.25,59.373,9.514,0.0,0.127,0.136,329.658,14.575
02/09/2008,21:22:00,1026.05,73.25,59.693,9.514,0.0,0.158,0.136,332.5,20.131
02/09/2008,21:23:00,1025.974,72.938,58.965,9.488,0.0,0.158,0.109,341.435,17.161
02/09/2008,21:24:00,1025.935,73.25,59.395,9.501,0.0,0.127,0.109,322.546,13.845
02/09/2008,21:25:00,1025.858,73.75,59.301,9.514,0.0,0.158,0.136,322.269,16.09
02/09/2008,21:26:00,1025.82,73.563,59.923,9.488,0.0,0.158,0.136,3.27,12.117
02/09/2008,21:27:00,1025.858,73.563,60.367,9.462,0.0,0.158,0.109,290.217,8.527
02/09/2008,21:28:00,1025.82,73.438,60.114,9.449,0.0,0.158,0.109,351.609,13.2
02/09/2008,21:29:00,1025.897,73.688,60.409,9.436,0.0,0.158,0.109,313.48,7.997
02/09/2008,21:30:00,1025.974,74.0,60.296,9.436,0.0,0.158,0.136,332.952,10.608
02/09/2008,21:31:00,1025.935,74.125,60.746,9.436,0.0,0.158,0.109,327.181,11.526
02/09/2008,21:32:00,1025.974,74.125,61.044,9.436,0.0,0.158,0.109,318.829,8.368
02/09/2008,21:33:00,1026.012,73.813,61.245,9.416,0.0,0.158,0.109,326.904,7.699
02/09/2008,21:34:00,1026.012,73.188,61.497,9.429,0.0,0.158,0.136,322.269,8.892
02/09/2008,21:35:00,1026.05,72.625,61.828,9.429,0.0,0.158,0.109,317.721,14.198
02/09/2008,21:36:00,1026.05,72.688,61.948,9.514,0.0,0.158,0.109,334.468,10.644
02/09/2008,21:37:00,1026.204,72.5,62.08,9.429,0.0,0.158,0.109,329.804,15.342
02/09/2008,21:38:00,1026.165,72.25,62.252,9.378,0.0,0.158,0.109,328.23,6.719
02/09/2008,21:39:00,1026.165,71.813,62.663,9.404,0.0,0.158,0.109,308.072,5.125
02/09/2008,21:40:00,1026.28,71.813,63.097,9.416,0.0,0.127,0.109,303.044,11.788
02/09/2008,21:41:00,1026.204,71.75,63.369,9.416,0.0,0.158,0.109,353.096,9.251
02/09/2008,21:42:00,1026.242,71.313,63.026,9.378,0.0,0.158,0.109,320.17,8.228
02/09/2008,21:43:00,1026.204,71.375,63.191,9.365,0.0,0.158,0.109,300.566,13.346
02/09/2008,21:44:00,1026.165,71.938,62.952,9.339,0.0,0.158,0.109,333.783,11.283
02/09/2008,21:45:00,1026.242,72.5,62.709,9.313,0.0,0.158,0.109,336.057,9.36
02/09/2008,21:46:00,1026.242,72.625,63.256,9.313,0.0,0.127,0.109,300.959,8.752
02/09/2008,21:47:00,1026.395,72.938,63.311,9.326,0.0,0.158,0.109,303.044,9.038
02/09/2008,21:48:00,1026.395,73.125,62.77,9.3,0.0,0.158,0.109,324.032,17.812
02/09/2008,21:49:00,1026.204,72.938,62.67,9.287,0.0,0.158,0.136,323.522,15.829
02/09/2008,21:50:00,1026.204,73.0,62.945,9.274,0.0,0.158,0.109,333.812,14.259
02/09/2008,21:51:00,1026.242,73.25,62.722,9.274,0.0,0.158,0.136,340.838,7.79
02/09/2008,21:52:00,1026.088,73.375,62.952,9.248,0.0,0.158,0.136,325.49,14.697
02/09/2008,21:53:00,1026.165,73.313,62.796,9.235,0.0,0.158,0.109,301.076,14.435
02/09/2008,21:54:00,1026.28,73.063,61.378,9.209,0.0,0.158,0.109,310.929,16.437
02/09/2008,21:55:00,1026.395,73.0,61.258,9.183,0.0,0.158,0.109,317.313,8.417
02/09/2008,21:56:00,1026.51,73.0,61.98,9.183,0.0,0.158,0.109,325.738,12.074
02/09/2008,21:57:00,1026.548,73.5,61.915,9.209,0.0,0.158,0.109,327.632,13.072
02/09/2008,21:58:00,1026.605,73.563,61.225,9.144,0.0,0.158,0.109,329.891,12.464
02/09/2008,21:59:00,1026.644,73.188,61.339,9.138,0.0,0.158,0.136,312.459,7.377
02/09/2008,22:00:00,1026.797,72.813,61.718,9.138,0.0,0.158,0.109,290.931,7.888
02/09/2008,22:01:00,1026.835,72.75,62.327,9.157,0.0,0.127,0.109,329.833,9.476
02/09/2008,22:02:00,1026.721,73.563,62.618,9.125,0.0,0.158,0.136,342.324,12.61
02/09/2008,22:03:00,1026.682,74.5,61.961,9.086,0.0,0.127,0.109,302.14,12.689
02/09/2008,22:04:00,1026.759,74.563,62.424,9.086,0.0,0.158,0.136,319.66,10.796
02/09/2008,22:05:00,1026.835,74.25,62.77,9.06,0.0,0.158,0.109,303.787,13.382
02/09/2008,22:06:00,1026.797,73.563,62.945,9.047,0.0,0.158,0.136,335.576,11.679
02/09/2008,22:07:00,1026.95,73.25,63.496,9.021,0.0,0.158,0.109,328.492,18.171
02/09/2008,22:08:00,1026.797,72.875,62.867,8.93,0.0,0.158,0.109,284.387,15.944
02/09/2008,22:09:00,1026.797,72.688,63.489,8.905,0.0,0.158,0.109,346.61,11.271
02/09/2008,22:10:00,1026.835,72.25,63.933,8.879,0.0,0.158,0.109,287.754,16.34
02/09/2008,22:11:00,1026.835,71.313,63.616,8.833,0.0,0.158,0.109,329.207,8.393
02/09/2008,22:12:00,1026.912,70.625,63.781,8.794,0.0,0.158,0.109,348.213,8.295
02/09/2008,22:13:00,1026.874,71.438,64.017,8.768,0.0,0.158,0.136,327.326,9.488
02/09/2008,22:14:00,1026.797,72.5,64.263,8.755,0.0,0.158,0.109,292.87,8.32
02/09/2008,22:15:00,1026.95,73.688,64.629,8.73,0.0,0.158,0.109,345.021,9.439
02/09/2008,22:16:00,1026.874,74.5,64.312,8.73,0.0,0.158,0.109,323.201,9.074
02/09/2008,22:17:00,1026.835,75.0,64.678,8.73,0.0,0.158,0.109,305.099,9.239
02/09/2008,22:18:00,1026.989,75.438,64.856,8.691,0.0,0.158,0.109,320.884,5.326
02/09/2008,22:19:00,1027.104,75.563,64.646,8.704,0.0,0.158,0.109,288.352,14.161
02/09/2008,22:20:00,1027.027,75.563,64.37,8.691,0.0,0.158,0.109,333.463,11.654
02/09/2008,22:21:00,1026.874,75.688,64.892,8.665,0.0,0.158,0.109,311.687,8.49
02/09/2008,22:22:00,1026.682,75.688,65.089,8.639,0.0,0.158,0.109,347.746,3.294
02/09/2008,22:23:00,1026.644,75.813,64.529,8.613,0.0,0.127,0.109,299.895,12.001
02/09/2008,22:24:00,1026.586,75.813,64.752,8.574,0.0,0.127,0.109,331.087,14.259
02/09/2008,22:25:00,1026.682,75.938,64.652,8.567,0.0,0.158,0.109,327.078,13.145
02/09/2008,22:26:00,1026.682,75.875,64.837,8.587,0.0,0.158,0.109,342.062,8.813
02/09/2008,22:27:00,1026.721,75.938,64.616,8.613,0.0,0.158,0.109,320.359,5.052
02/09/2008,22:28:00,1026.874,75.625,64.561,8.587,0.0,0.158,0.109,315.302,10.748
02/09/2008,22:29:00,1027.18,75.563,64.484,8.6,0.0,0.158,0.109,298.7,10.772
02/09/2008,22:30:00,1027.506,75.5,64.377,8.613,0.0,0.158,0.136,300.507,6.458
02/09/2008,22:31:00,1027.697,75.625,64.39,8.639,0.0,0.158,0.109,325.169,17.447
02/09/2008,22:32:00,1027.774,75.563,64.072,8.613,0.0,0.127,0.109,349.16,12.774
02/09/2008,22:33:00,1027.813,75.563,63.852,8.6,0.0,0.19,0.109,296.499,15.397
02/09/2008,22:34:00,1027.583,75.5,63.104,8.555,0.0,0.158,0.136,330.751,10.991
02/09/2008,22:35:00,1027.41,75.563,63.389,8.567,0.0,0.158,0.109,312.284,9.823
02/09/2008,22:36:00,1027.333,75.563,62.417,8.503,0.0,0.158,0.136,326.598,13.9
02/09/2008,22:37:00,1027.41,75.625,61.637,8.438,0.0,0.158,0.136,345.895,11.009
02/09/2008,22:38:00,1027.544,75.625,61.313,8.399,0.0,0.158,0.109,311.337,17.526
02/09/2008,22:39:00,1027.468,75.563,61.391,8.399,0.0,0.19,0.136,312.62,12.701
02/09/2008,22:40:00,1027.697,75.625,62.035,8.399,0.0,0.158,0.109,332.194,6.744
02/09/2008,22:41:00,1027.985,75.625,61.87,8.425,0.0,0.158,0.109,327.21,10.449
02/09/2008,22:42:00,1028.023,75.625,61.782,8.464,0.0,0.19,0.109,329.629,13.309
02/09/2008,22:43:00,1027.985,75.625,62.307,8.49,0.0,0.158,0.109,353.125,10.693
02/09/2008,22:44:00,1027.946,75.625,62.155,8.477,0.0,0.158,0.109,299.924,9.05
02/09/2008,22:45:00,1028.1,75.688,61.757,8.477,0.0,0.158,0.109,306.79,7.729
02/09/2008,22:46:00,1028.062,75.75,62.307,8.438,0.0,0.158,0.136,344.467,8.125
02/09/2008,22:47:00,1027.985,75.625,62.003,8.438,0.0,0.19,0.136,325.344,11.295
02/09/2008,22:48:00,1027.908,75.625,62.932,8.412,0.0,0.158,0.109,317.998,6.805
02/09/2008,22:49:00,1027.908,75.75,63.046,8.373,0.0,0.158,0.109,3.708,7.985
02/09/2008,22:50:00,1028.062,75.688,62.79,8.321,0.0,0.158,0.136,307.766,11.666
02/09/2008,22:51:00,1028.215,75.688,62.657,8.282,0.0,0.158,0.136,327.151,15.36
02/09/2008,22:52:00,1027.946,75.75,62.864,8.276,0.0,0.127,0.136,326.656,5.271
02/09/2008,22:53:00,1028.215,75.813,63.489,8.295,0.0,0.158,0.109,306.046,18.591
02/09/2008,22:54:00,1028.311,75.938,62.887,8.224,0.0,0.19,0.136,346.464,11.393
02/09/2008,22:55:00,1028.138,75.938,63.211,8.211,0.0,0.158,0.109,339.949,11.332
02/09/2008,22:56:00,1028.023,76.0,63.282,8.224,0.0,0.158,0.109,339.468,6.957
02/09/2008,22:57:00,1028.062,75.938,63.661,8.172,0.0,0.158,0.136,308.13,10.906
02/09/2008,22:58:00,1028.062,75.938,63.68,8.172,0.0,0.158,0.109,324.688,13.863
02/09/2008,22:59:00,1027.985,75.813,63.295,8.159,0.0,0.19,0.136,295.872,7.766
02/09/2008,23:00:00,1028.062,75.875,63.509,8.159,0.0,0.158,0.136,323.085,7.815
02/09/2008,23:01:00,1028.062,75.813,63.382,8.172,0.0,0.158,0.109,321.307,15.567
02/09/2008,23:02:00,1027.985,75.875,63.071,8.198,0.0,0.158,0.109,311.629,7.255
02/09/2008,23:03:00,1027.946,76.0,62.809,8.159,0.0,0.158,0.109,320.141,7.139
02/09/2008,23:04:00,1028.138,75.938,61.782,8.159,0.0,0.127,0.109,336.348,15.086
02/09/2008,23:05:00,1028.215,76.0,60.189,8.12,0.0,0.158,0.136,325.592,21.859
02/09/2008,23:06:00,1028.062,76.125,60.056,8.094,0.0,0.158,0.136,324.032,15.567
02/09/2008,23:07:00,1027.908,76.313,60.361,8.094,0.0,0.158,0.136,332.588,7.042
02/09/2008,23:08:00,1027.851,76.313,60.872,8.12,0.0,0.158,0.109,278.601,6.78
02/09/2008,23:09:00,1027.851,76.313,59.541,8.075,0.0,0.158,0.109,335.182,17.587
02/09/2008,23:10:00,1027.813,76.375,59.133,8.062,0.0,0.158,0.136,306.134,9.774
02/09/2008,23:11:00,1027.813,76.25,58.835,8.036,0.0,0.158,0.109,302.621,13.023
02/09/2008,23:12:00,1027.908,76.063,57.912,7.997,0.0,0.158,0.109,352.731,9.963
02/09/2008,23:13:00,1028.062,75.938,55.357,7.913,0.0,0.158,0.109,332.136,27.372
02/09/2008,23:14:00,1027.774,75.75,56.021,7.822,0.0,0.158,0.109,297.928,7.912
02/09/2008,23:15:00,1027.985,75.75,56.361,7.835,0.0,0.158,0.109,322.487,14.125
02/09/2008,23:16:00,1028.062,75.563,55.927,7.783,0.0,0.158,0.136,321.423,10.011
02/09/2008,23:17:00,1028.062,75.313,55.11,7.706,0.0,0.158,0.109,325.592,12.847
02/09/2008,23:18:00,1028.023,75.5,55.104,7.647,0.0,0.158,0.136,299.75,10.486
02/09/2008,23:19:00,1028.062,75.438,55.768,7.608,0.0,0.158,0.109,283.994,15.968
02/09/2008,23:20:00,1028.023,75.188,54.216,7.492,0.0,0.158,0.136,321.0,15.908
02/09/2008,23:21:00,1028.1,75.25,56.001,7.453,0.0,0.158,0.109,306.571,12.001
02/09/2008,23:22:00,1028.1,74.938,54.336,7.33,0.0,0.158,0.109,312.911,14.161
02/09/2008,23:23:00,1028.1,74.875,54.897,7.213,0.0,0.127,0.109,322.924,14.259
02/09/2008,23:24:00,1028.062,74.563,55.735,7.187,0.0,0.127,0.109,339.438,12.287
02/09/2008,23:25:00,1028.062,74.625,56.432,7.109,0.0,0.158,0.109,328.667,16.467
02/09/2008,23:26:00,1028.138,74.375,55.988,7.025,0.0,0.158,0.109,320.447,20.331
02/09/2008,23:27:00,1028.215,74.563,56.769,6.973,0.0,0.127,0.109,319.281,13.06
02/09/2008,23:28:00,1028.138,74.25,56.649,6.818,0.0,0.158,0.136,303.612,16.181
02/09/2008,23:29:00,1028.349,74.313,57.374,6.746,0.0,0.158,0.136,304.559,8.253
02/09/2008,23:30:00,1028.463,73.875,56.908,6.656,0.0,0.127,0.109,340.386,19.954
02/09/2008,23:31:00,1028.425,73.688,57.306,6.617,0.0,0.158,0.109,306.192,19.516
02/09/2008,23:32:00,1028.425,73.75,57.543,6.565,0.0,0.158,0.109,285.436,21.25
02/09/2008,23:33:00,1028.425,74.0,58.252,6.565,0.0,0.158,0.109,292.87,9.391
02/09/2008,23:34:00,1028.425,74.375,58.728,6.552,0.0,0.158,0.109,325.738,19.759
02/09/2008,23:35:00,1028.349,74.5,58.297,6.494,0.0,0.127,0.136,324.309,10.869
02/09/2008,23:36:00,1028.463,74.25,57.186,6.448,0.0,0.158,0.109,328.973,13.535
02/09/2008,23:37:00,1028.655,73.75,57.53,6.383,0.0,0.158,0.136,316.103,18.944
02/09/2008,23:38:00,1028.54,73.063,57.815,6.332,0.0,0.158,0.109,289.634,12.5
02/09/2008,23:39:00,1028.579,73.25,57.74,6.267,0.0,0.127,0.136,300.566,17.313
02/09/2008,23:40:00,1028.349,73.375,58.343,6.254,0.0,0.158,0.109,331.655,11.606
02/09/2008,23:41:00,1028.387,73.75,58.45,6.208,0.0,0.158,0.109,329.862,13.461
02/09/2008,23:42:00,1028.502,73.875,57.627,6.183,0.0,0.158,0.109,325.767,18.135
02/09/2008,23:43:00,1028.463,74.0,57.462,6.144,0.0,0.158,0.109,320.971,12.549
02/09/2008,23:44:00,1028.579,74.063,57.28,6.131,0.0,0.158,0.136,331.801,15.147
02/09/2008,23:45:00,1028.425,73.813,57.475,6.131,0.0,0.158,0.136,198.552,10.644
02/09/2008,23:46:00,1028.425,74.125,57.407,6.118,0.0,0.158,0.109,353.212,22.796
02/09/2008,23:47:00,1028.502,74.125,57.899,6.157,0.0,0.158,0.136,342.456,13.06
02/09/2008,23:48:00,1028.349,74.313,57.708,6.131,0.0,0.158,0.109,334.862,10.212
02/09/2008,23:49:00,1028.349,74.5,56.179,6.092,0.0,0.158,0.109,334.206,18.147
02/09/2008,23:50:00,1028.349,74.625,55.395,6.027,0.0,0.158,0.136,322.924,19.09
02/09/2008,23:51:00,1028.253,74.875,54.91,6.001,0.0,0.158,0.136,335.343,17.149
02/09/2008,23:52:00,1028.176,75.0,55.25,5.975,0.0,0.158,0.136,328.973,14.539
02/09/2008,23:53:00,1028.291,75.0,54.022,5.975,0.0,0.158,0.136,319.193,19.808
02/09/2008,23:54:00,1028.291,75.0,54.408,5.988,0.0,0.158,0.136,320.053,13.547
02/09/2008,23:55:00,1028.291,75.0,55.467,5.962,0.0,0.158,0.136,339.89,14.301
02/09/2008,23:56:00,1028.349,74.938,55.606,5.975,0.0,0.158,0.109,345.181,12.549
02/09/2008,23:57:00,1028.311,75.0,55.389,5.904,0.0,0.158,0.136,350.472,14.539
02/09/2008,23:58:00,1028.291,74.875,55.875,5.904,0.0,0.127,0.109,349.875,9.999
02/09/2008,23:59:00,1028.311,75.0,54.858,5.852,0.0,0.158,0.136,338.841,15.098
