DATE,TIME,BAR-PRES,IR-RADIA,OA-HUMD,OA-TEMP,SOL-ALM,SOL-BEAM,SOL-HORZ,WIND-DIR,WIND-VEL
02/08/2008,00:00:00,1009.175,90.313,89.258,22.735,0.0,0.222,0.136,235.807,2.922
02/08/2008,00:01:00,1009.137,90.063,89.264,22.722,0.0,0.222,0.136,231.012,3.646
02/08/2008,00:02:00,1009.099,90.063,89.27,22.722,0.0,0.19,0.136,229.059,3.707
02/08/2008,00:03:00,1009.06,90.0,89.283,22.709,0.0,0.222,0.136,220.969,3.281
02/08/2008,00:04:00,1009.06,90.125,89.245,22.722,0.0,0.222,0.136,213.929,2.624
02/08/2008,00:05:00,1009.06,90.25,89.245,22.722,0.0,0.222,0.163,231.464,2.722
02/08/2008,00:06:00,1009.022,90.313,89.219,22.722,0.0,0.222,0.136,221.086,2.6
02/08/2008,00:07:00,1009.022,90.125,89.199,22.722,0.0,0.222,0.136,218.419,3.829
02/08/2008,00:08:00,1009.06,90.188,89.245,22.709,0.0,0.222,0.136,232.09,3.446
02/08/2008,00:09:00,1009.06,90.188,89.232,22.709,0.0,0.222,0.136,227.382,4.949
02/08/2008,00:10:00,1009.022,89.938,89.277,22.696,0.0,0.222,0.136,221.494,3.719
02/08/2008,00:11:00,1009.022,90.0,89.245,22.722,0.0,0.19,0.136,226.785,3.592
02/08/2008,00:12:00,1008.984,90.188,89.27,22.722,0.0,0.222,0.136,209.382,2.083
02/08/2008,00:13:00,1008.984,90.0,89.238,22.722,0.0,0.19,0.136,221.202,2.722
02/08/2008,00:14:00,1008.945,90.188,89.27,22.722,0.0,0.222,0.136,209.047,2.131
02/08/2008,00:15:00,1008.945,90.063,89.258,22.748,0.0,0.222,0.136,199.194,2.156
02/08/2008,00:16:00,1008.907,89.938,89.264,22.735,0.0,0.222,0.136,220.576,3.172
02/08/2008,00:17:00,1008.869,89.875,89.245,22.735,0.0,0.222,0.136,202.677,3.659
02/08/2008,00:18:00,1008.907,90.188,89.29,22.722,0.0,0.19,0.136,219.964,3.269
02/08/2008,00:19:00,1008.945,90.063,89.303,22.761,0.0,0.222,0.136,209.834,3.367
02/08/2008,00:20:00,1008.984,90.125,89.283,22.761,0.0,0.222,0.136,199.427,3.008
02/08/2008,00:21:00,1008.945,90.063,89.283,22.735,0.0,0.222,0.109,193.028,1.894
02/08/2008,00:22:00,1008.907,90.0,89.27,22.735,0.0,0.222,0.136,219.337,2.192
02/08/2008,00:23:00,1008.869,90.0,89.296,22.748,0.0,0.222,0.136,211.277,2.575
02/08/2008,00:24:00,1008.869,89.875,89.277,22.761,0.0,0.222,0.136,228.14,5.222
02/08/2008,00:25:00,1008.869,90.125,89.309,22.748,0.0,0.222,0.136,217.908,3.385
02/08/2008,00:26:00,1008.792,89.688,89.27,22.761,0.0,0.222,0.136,190.186,3.081
02/08/2008,00:27:00,1008.754,89.563,89.251,22.735,0.0,0.19,0.136,221.377,2.636
02/08/2008,00:28:00,1008.792,89.5,89.245,22.774,0.0,0.222,0.136,193.116,2.545
02/08/2008,00:29:00,1008.754,89.5,89.219,22.787,0.0,0.222,0.136,227.98,1.93
02/08/2008,00:30:00,1008.716,89.188,89.144,22.8,0.0,0.222,0.136,193.509,2.825
02/08/2008,00:31:00,1008.696,88.875,89.131,22.8,0.0,0.19,0.109,199.849,0.774
02/08/2008,00:32:00,1008.696,88.875,89.079,22.813,0.0,0.222,0.136,176.747,3.519
02/08/2008,00:33:00,1008.716,89.313,89.053,22.787,0.0,0.222,0.136,203.012,2.509
02/08/2008,00:34:00,1008.716,89.313,88.985,22.787,0.0,0.222,0.136,180.654,2.575
02/08/2008,00:35:00,1008.716,89.313,88.979,22.787,0.0,0.222,0.136,212.137,2.095
02/08/2008,00:36:00,1008.716,89.625,88.953,22.774,0.0,0.222,0.136,228.461,3.056
02/08/2008,00:37:00,1008.754,89.75,88.998,22.787,0.0,0.222,0.136,223.622,4.03
02/08/2008,00:38:00,1008.83,89.813,89.005,22.787,0.0,0.19,0.136,220.547,3.616
02/08/2008,00:39:00,1008.869,89.875,89.005,22.787,0.0,0.222,0.136,222.427,4.218
02/08/2008,00:40:00,1008.869,89.938,88.992,22.8,0.0,0.222,0.136,227.718,3.172
02/08/2008,00:41:00,1008.869,90.125,89.005,22.774,0.0,0.222,0.136,223.374,5.861
02/08/2008,00:42:00,1008.869,89.75,89.011,22.787,0.0,0.222,0.136,237.352,5.387
02/08/2008,00:43:00,1008.869,89.938,89.005,22.787,0.0,0.222,0.109,230.574,2.685
02/08/2008,00:44:00,1008.83,89.938,88.992,22.761,0.0,0.222,0.136,210.081,5.685
02/08/2008,00:45:00,1008.907,89.938,88.947,22.774,0.0,0.222,0.136,226.202,7.468
02/08/2008,00:46:00,1008.907,89.813,88.94,22.761,0.0,0.222,0.136,234.626,5.661
02/08/2008,00:47:00,1008.907,89.875,88.927,22.761,0.0,0.19,0.136,225.925,6.233
02/08/2008,00:48:00,1008.83,89.5,88.966,22.748,0.0,0.222,0.136,214.396,4.34
02/08/2008,00:49:00,1008.754,89.25,88.888,22.735,0.0,0.222,0.136,197.838,5.484
02/08/2008,00:50:00,1008.696,88.625,88.908,22.722,0.0,0.222,0.109,213.477,5.545
02/08/2008,00:51:00,1008.658,88.188,88.846,22.722,0.0,0.222,0.136,205.257,1.821
02/08/2008,00:52:00,1008.62,88.25,88.866,22.709,0.0,0.222,0.136,183.729,2.216
02/08/2008,00:53:00,1008.62,88.0,88.908,22.696,0.0,0.222,0.136,171.515,4.839
02/08/2008,00:54:00,1008.582,88.0,88.914,22.709,0.0,0.222,0.136,165.874,3.147
02/08/2008,00:55:00,1008.62,87.875,88.985,22.683,0.0,0.222,0.136,180.581,4.042
02/08/2008,00:56:00,1008.62,87.563,88.966,22.683,0.0,0.222,0.136,185.609,3.056
02/08/2008,00:57:00,1008.62,87.438,88.979,22.67,0.0,0.222,0.136,194.646,2.782
02/08/2008,00:58:00,1008.62,87.438,88.914,22.644,0.0,0.19,0.136,211.685,5.484
02/08/2008,00:59:00,1008.658,87.188,88.914,22.631,0.0,0.19,0.136,212.107,1.456
02/08/2008,01:00:00,1008.658,87.25,88.914,22.631,0.0,0.222,0.136,202.298,5.186
02/08/2008,01:01:00,1008.658,87.313,88.895,22.605,0.0,0.222,0.136,177.724,3.555
02/08/2008,01:02:00,1008.658,87.188,88.921,22.605,0.0,0.19,0.136,192.489,3.245
02/08/2008,01:03:00,1008.696,87.375,88.901,22.592,0.0,0.19,0.109,197.532,5.612
02/08/2008,01:04:00,1008.716,87.875,88.882,22.579,0.0,0.222,0.136,226.012,4.425
02/08/2008,01:05:00,1008.792,88.375,88.846,22.566,0.0,0.19,0.109,204.135,6.099
02/08/2008,01:06:00,1008.792,88.438,88.853,22.566,0.0,0.222,0.136,212.734,3.294
02/08/2008,01:07:00,1008.754,88.563,88.827,22.553,0.0,0.222,0.136,200.811,4.042
02/08/2008,01:08:00,1008.716,88.625,88.827,22.527,0.0,0.19,0.136,199.31,6.646
02/08/2008,01:09:00,1008.754,88.375,88.814,22.527,0.0,0.222,0.136,217.573,6.829
02/08/2008,01:10:00,1008.754,88.375,88.82,22.566,0.0,0.222,0.136,232.775,6.482
02/08/2008,01:11:00,1008.716,88.313,88.846,22.54,0.0,0.222,0.136,219.104,3.914
02/08/2008,01:12:00,1008.754,88.563,88.853,22.553,0.0,0.19,0.136,221.829,2.807
02/08/2008,01:13:00,1008.754,88.5,88.879,22.527,0.0,0.222,0.136,224.001,5.612
02/08/2008,01:14:00,1008.716,88.875,88.879,22.527,0.0,0.253,0.136,216.232,3.458
02/08/2008,01:15:00,1008.716,88.938,88.901,22.521,0.0,0.222,0.136,226.26,2.265
02/08/2008,01:16:00,1008.716,89.25,88.96,22.501,0.0,0.222,0.136,203.814,4.188
02/08/2008,01:17:00,1008.716,89.063,88.979,22.501,0.0,0.222,0.136,236.39,3.671
02/08/2008,01:18:00,1008.716,88.938,89.028,22.501,0.0,0.222,0.136,229.292,5.545
02/08/2008,01:19:00,1008.716,89.0,89.06,22.501,0.0,0.222,0.136,224.147,5.003
02/08/2008,01:20:00,1008.716,88.813,89.086,22.501,0.0,0.222,0.136,218.681,4.462
02/08/2008,01:21:00,1008.696,88.25,89.066,22.476,0.0,0.222,0.136,210.14,3.519
02/08/2008,01:22:00,1008.696,87.938,89.086,22.463,0.0,0.222,0.136,216.203,4.973
02/08/2008,01:23:00,1008.716,88.0,89.125,22.45,0.0,0.19,0.136,221.115,5.472
02/08/2008,01:24:00,1008.716,87.938,89.138,22.45,0.0,0.222,0.136,224.569,5.277
02/08/2008,01:25:00,1008.696,87.75,89.157,22.45,0.0,0.222,0.136,198.742,3.306
02/08/2008,01:26:00,1008.658,88.063,89.125,22.411,0.0,0.222,0.136,203.1,4.687
02/08/2008,01:27:00,1008.658,88.063,89.118,22.398,0.0,0.222,0.136,223.709,6.032
02/08/2008,01:28:00,1008.62,88.125,89.131,22.398,0.0,0.222,0.136,221.377,6.007
02/08/2008,01:29:00,1008.658,88.188,89.157,22.398,0.0,0.222,0.136,214.76,6.342
02/08/2008,01:30:00,1008.658,88.563,89.164,22.372,0.0,0.222,0.136,235.778,7.352
02/08/2008,01:31:00,1008.658,88.438,89.167,22.372,0.0,0.222,0.136,221.771,5.648
02/08/2008,01:32:00,1008.658,88.438,89.186,22.359,0.0,0.222,0.136,207.254,5.983
02/08/2008,01:33:00,1008.658,87.625,89.232,22.359,0.0,0.222,0.136,229.029,4.936
02/08/2008,01:34:00,1008.62,87.563,89.232,22.359,0.0,0.222,0.136,221.232,3.981
02/08/2008,01:35:00,1008.62,87.875,89.245,22.359,0.0,0.222,0.136,226.785,3.817
02/08/2008,01:36:00,1008.543,87.75,89.245,22.32,0.0,0.222,0.136,207.195,1.857
02/08/2008,01:37:00,1008.505,87.563,89.283,22.346,0.0,0.253,0.136,198.902,4.267
02/08/2008,01:38:00,1008.467,87.313,89.245,22.32,0.0,0.222,0.136,178.803,3.64
02/08/2008,01:39:00,1008.467,87.375,89.277,22.32,0.0,0.222,0.136,202.837,5.089
02/08/2008,01:40:00,1008.467,87.063,89.277,22.307,0.0,0.222,0.136,184.531,3.044
02/08/2008,01:41:00,1008.467,86.375,89.303,22.294,0.0,0.222,0.136,194.617,3.969
02/08/2008,01:42:00,1008.505,86.563,89.332,22.294,0.0,0.222,0.136,192.605,4.492
02/08/2008,01:43:00,1008.505,86.563,89.313,22.268,0.0,0.222,0.136,222.573,4.437
02/08/2008,01:44:00,1008.505,86.125,89.377,22.294,0.0,0.222,0.136,191.527,4.675
02/08/2008,01:45:00,1008.505,85.938,89.429,22.242,0.0,0.222,0.109,210.796,4.042
02/08/2008,01:46:00,1008.505,86.188,89.436,22.242,0.0,0.222,0.136,210.766,3.866
02/08/2008,01:47:00,1008.505,86.5,89.449,22.268,0.0,0.222,0.136,205.417,4.778
02/08/2008,01:48:00,1008.505,86.5,89.423,22.281,0.0,0.222,0.109,224.394,3.567
02/08/2008,01:49:00,1008.543,86.438,89.458,22.255,0.0,0.222,0.109,206.817,2.935
02/08/2008,01:50:00,1008.582,86.375,89.455,22.255,0.0,0.222,0.136,215.285,3.628
02/08/2008,01:51:00,1008.582,86.75,89.429,22.223,0.0,0.222,0.136,210.402,2.332
02/08/2008,01:52:00,1008.582,87.188,89.504,22.21,0.0,0.222,0.109,227.834,1.894
02/08/2008,01:53:00,1008.62,87.563,89.491,22.197,0.0,0.19,0.136,224.03,1.882
02/08/2008,01:54:00,1008.582,87.438,89.484,22.158,0.0,0.253,0.136,241.958,3.433
02/08/2008,01:55:00,1008.62,87.563,89.601,22.171,0.0,0.222,0.136,220.24,1.845
02/08/2008,01:56:00,1008.62,88.0,89.601,22.171,0.0,0.222,0.136,225.473,1.498
02/08/2008,01:57:00,1008.658,87.875,89.643,22.119,0.0,0.222,0.136,235.457,3.208
02/08/2008,01:58:00,1008.658,87.875,89.701,22.132,0.0,0.222,0.136,218.987,3.208
02/08/2008,01:59:00,1008.62,87.875,89.756,22.145,0.0,0.222,0.109,226.668,2.046
02/08/2008,02:00:00,1008.62,87.563,89.785,22.171,0.0,0.222,0.136,200.593,2.344
02/08/2008,02:01:00,1008.582,87.0,89.831,22.158,0.0,0.253,0.109,201.992,1.906
02/08/2008,02:02:00,1008.582,87.063,89.837,22.171,0.0,0.222,0.136,199.879,3.081
02/08/2008,02:03:00,1008.543,86.438,89.892,22.158,0.0,0.222,0.136,213.536,0.738
02/08/2008,02:04:00,1008.505,86.25,89.85,22.145,0.0,0.222,0.136,198.071,2.204
02/08/2008,02:05:00,1008.543,86.063,89.905,22.158,0.0,0.222,0.136,199.937,2.083
02/08/2008,02:06:00,1008.505,86.375,89.905,22.158,0.0,0.222,0.163,187.285,3.172
02/08/2008,02:07:00,1008.467,86.125,89.957,22.145,0.0,0.222,0.109,209.426,3.318
02/08/2008,02:08:00,1008.428,86.0,89.931,22.119,0.0,0.222,0.109,175.742,2.575
02/08/2008,02:09:00,1008.428,86.0,89.964,22.119,0.0,0.222,0.136,194.165,3.945
02/08/2008,02:10:00,1008.428,85.625,90.022,22.119,0.0,0.253,0.136,196.249,3.616
02/08/2008,02:11:00,1008.39,85.0,90.009,22.119,0.0,0.222,0.136,185.434,2.01
02/08/2008,02:12:00,1008.39,84.625,90.009,22.106,0.0,0.222,0.136,197.415,1.93
02/08/2008,02:13:00,1008.428,84.313,90.038,22.08,0.0,0.253,0.109,210.766,1.748
02/08/2008,02:14:00,1008.428,84.375,90.009,22.067,0.0,0.222,0.136,215.168,1.322
02/08/2008,02:15:00,1008.428,84.375,90.022,22.041,0.0,0.253,0.136,214.163,1.736
02/08/2008,02:16:00,1008.428,84.813,90.057,22.041,0.0,0.222,0.136,217.821,1.955
02/08/2008,02:17:00,1008.39,84.938,90.09,22.002,0.0,0.253,0.109,201.584,2.356
02/08/2008,02:18:00,1008.39,85.188,90.135,22.015,0.0,0.222,0.136,197.357,3.099
02/08/2008,02:19:00,1008.352,85.25,90.184,22.015,0.0,0.222,0.136,193.567,2.484
02/08/2008,02:20:00,1008.352,85.438,90.21,21.989,0.0,0.222,0.136,203.96,2.484
02/08/2008,02:21:00,1008.352,85.625,90.268,22.002,0.0,0.222,0.136,192.547,1.943
02/08/2008,02:22:00,1008.313,85.875,90.275,22.002,0.0,0.222,0.136,201.278,2.004
02/08/2008,02:23:00,1008.313,86.125,90.268,21.989,0.0,0.253,0.136,188.335,1.833
02/08/2008,02:24:00,1008.313,86.438,90.268,21.951,0.0,0.222,0.109,190.638,1.76
02/08/2008,02:25:00,1008.275,86.625,90.294,21.951,0.0,0.253,0.136,177.228,2.296
02/08/2008,02:26:00,1008.275,86.875,90.349,21.951,0.0,0.222,0.136,176.995,2.168
02/08/2008,02:27:00,1008.352,87.188,90.401,21.944,0.0,0.253,0.136,233.694,2.058
02/08/2008,02:28:00,1008.428,87.5,90.42,21.951,0.0,0.222,0.136,214.396,1.547
02/08/2008,02:29:00,1008.39,87.438,90.414,21.931,0.0,0.222,0.136,217.034,1.237
02/08/2008,02:30:00,1008.39,87.438,90.475,21.918,0.0,0.222,0.136,207.647,1.833
02/08/2008,02:31:00,1008.352,87.125,90.534,21.931,0.0,0.222,0.109,195.564,1.62
02/08/2008,02:32:00,1008.313,86.875,90.514,21.944,0.0,0.222,0.136,176.339,0.847
02/08/2008,02:33:00,1008.313,86.75,90.54,21.931,0.0,0.253,0.136,188.043,1.857
02/08/2008,02:34:00,1008.275,87.0,90.547,21.944,0.0,0.253,0.136,183.729,2.07
02/08/2008,02:35:00,1008.313,86.438,90.585,21.944,0.0,0.253,0.136,169.824,1.474
02/08/2008,02:36:00,1008.352,86.625,90.605,21.964,0.0,0.222,0.136,167.113,2.095
02/08/2008,02:37:00,1008.313,86.5,90.615,21.931,0.0,0.222,0.136,208.099,0.86
02/08/2008,02:38:00,1008.275,86.313,90.621,21.944,0.0,0.222,0.136,177.228,1.596
02/08/2008,02:39:00,1008.237,86.25,90.66,21.944,0.0,0.222,0.109,179.458,2.509
02/08/2008,02:40:00,1008.198,86.25,90.712,21.931,0.0,0.253,0.136,174.517,2.959
02/08/2008,02:41:00,1008.198,86.063,90.786,21.964,0.0,0.222,0.136,189.049,3.135
02/08/2008,02:42:00,1008.198,86.188,90.767,21.944,0.0,0.253,0.136,184.808,3.92
02/08/2008,02:43:00,1008.198,86.188,90.786,21.964,0.0,0.222,0.136,186.717,5.076
02/08/2008,02:44:00,1008.198,86.125,90.806,21.944,0.0,0.253,0.136,217.282,4.231
02/08/2008,02:45:00,1008.198,85.813,90.773,21.951,0.0,0.222,0.136,197.721,2.722
02/08/2008,02:46:00,1008.198,85.875,90.786,21.944,0.0,0.222,0.136,184.808,4.839
02/08/2008,02:47:00,1008.198,85.75,90.819,21.931,0.0,0.253,0.109,193.99,4.291
02/08/2008,02:48:00,1008.16,85.75,90.825,21.931,0.0,0.253,0.136,183.496,4.018
02/08/2008,02:49:00,1008.122,85.75,90.851,21.918,0.0,0.222,0.136,176.252,3.969
02/08/2008,02:50:00,1008.122,85.875,90.832,21.905,0.0,0.222,0.136,190.638,2.624
02/08/2008,02:51:00,1008.045,85.813,90.845,21.905,0.0,0.253,0.136,169.401,5.886
02/08/2008,02:52:00,1008.045,85.625,90.903,21.918,0.0,0.253,0.136,184.808,4.73
02/08/2008,02:53:00,1008.045,85.313,90.903,21.918,0.0,0.222,0.136,186.353,4.45
02/08/2008,02:54:00,1008.045,85.063,90.896,21.918,0.0,0.222,0.136,171.282,4.413
02/08/2008,02:55:00,1008.007,84.875,90.903,21.931,0.0,0.222,0.136,157.202,5.91
02/08/2008,02:56:00,1008.007,84.688,90.997,21.931,0.0,0.253,0.136,176.849,4.675
02/08/2008,02:57:00,1008.007,84.313,90.938,21.931,0.0,0.222,0.136,182.607,4.687
02/08/2008,02:58:00,1007.969,83.938,90.926,21.918,0.0,0.253,0.109,178.015,4.766
02/08/2008,02:59:00,1007.969,83.75,90.977,21.931,0.0,0.253,0.136,161.604,5.697
02/08/2008,03:00:00,1007.969,83.813,90.932,21.905,0.0,0.253,0.136,173.497,4.949
02/08/2008,03:01:00,1007.969,83.563,90.938,21.879,0.0,0.253,0.136,156.138,5.198
02/08/2008,03:02:00,1007.93,83.063,90.958,21.892,0.0,0.253,0.136,181.339,4.876
02/08/2008,03:03:00,1007.93,83.0,90.99,21.879,0.0,0.253,0.136,172.55,4.803
02/08/2008,03:04:00,1007.892,83.0,90.951,21.866,0.0,0.253,0.136,170.276,4.766
02/08/2008,03:05:00,1007.892,83.125,90.971,21.853,0.0,0.222,0.136,163.717,2.484
02/08/2008,03:06:00,1007.854,82.875,90.903,21.802,0.0,0.253,0.136,164.97,4.803
02/08/2008,03:07:00,1007.834,82.5,90.877,21.763,0.0,0.222,0.136,164.475,5.186
02/08/2008,03:08:00,1007.854,82.625,90.997,21.776,0.0,0.222,0.136,167.579,3.981
02/08/2008,03:09:00,1007.834,82.875,90.964,21.75,0.0,0.222,0.136,147.582,1.705
02/08/2008,03:10:00,1007.834,83.313,91.023,21.724,0.0,0.253,0.109,169.343,4.553
02/08/2008,03:11:00,1007.796,83.813,91.042,21.724,0.0,0.253,0.136,139.769,3.196
02/08/2008,03:12:00,1007.758,83.875,91.01,21.672,0.0,0.253,0.136,114.204,2.922
02/08/2008,03:13:00,1007.719,84.188,91.016,21.652,0.0,0.222,0.136,172.783,3.592
02/08/2008,03:14:00,1007.719,84.25,91.045,21.614,0.0,0.222,0.109,166.341,2.983
02/08/2008,03:15:00,1007.719,84.5,91.058,21.588,0.0,0.222,0.136,148.617,4.553
02/08/2008,03:16:00,1007.719,84.938,91.155,21.601,0.0,0.253,0.136,166.996,3.744
02/08/2008,03:17:00,1007.719,85.125,91.217,21.588,0.0,0.253,0.136,163.717,4.79
02/08/2008,03:18:00,1007.719,85.375,91.262,21.588,0.0,0.222,0.136,163.688,4.091
02/08/2008,03:19:00,1007.758,85.563,91.389,21.614,0.0,0.222,0.136,161.283,6.08
02/08/2008,03:20:00,1007.758,85.688,91.434,21.614,0.0,0.253,0.136,165.932,5.198
02/08/2008,03:21:00,1007.758,85.188,91.415,21.588,0.0,0.222,0.109,162.915,5.113
02/08/2008,03:22:00,1007.758,85.125,91.421,21.588,0.0,0.222,0.136,171.486,4.888
02/08/2008,03:23:00,1007.796,84.75,91.415,21.575,0.0,0.222,0.136,176.194,5.076
02/08/2008,03:24:00,1007.758,84.688,91.356,21.588,0.0,0.253,0.136,169.97,4.401
02/08/2008,03:25:00,1007.719,84.5,91.382,21.562,0.0,0.253,0.136,160.7,5.302
02/08/2008,03:26:00,1007.681,84.25,91.343,21.549,0.0,0.222,0.136,163.192,5.721
02/08/2008,03:27:00,1007.681,84.313,91.334,21.536,0.0,0.253,0.109,158.878,4.005
02/08/2008,03:28:00,1007.681,84.438,91.453,21.497,0.0,0.222,0.136,141.125,5.861
02/08/2008,03:29:00,1007.643,84.813,91.428,21.51,0.0,0.222,0.136,151.998,4.803
02/08/2008,03:30:00,1007.604,84.625,91.447,21.497,0.0,0.253,0.136,159.169,5.508
02/08/2008,03:31:00,1007.566,84.375,91.301,21.484,0.0,0.253,0.136,160.102,5.648
02/08/2008,03:32:00,1007.566,84.188,91.308,21.458,0.0,0.253,0.136,170.392,5.472
02/08/2008,03:33:00,1007.528,84.188,91.269,21.445,0.0,0.222,0.136,142.043,3.646
02/08/2008,03:34:00,1007.49,84.375,91.249,21.432,0.0,0.19,0.136,109.219,3.099
02/08/2008,03:35:00,1007.49,84.688,91.181,21.38,0.0,0.19,0.136,130.441,2.795
02/08/2008,03:36:00,1007.451,84.938,91.168,21.322,0.0,0.19,0.136,130.951,3.02
02/08/2008,03:37:00,1007.413,85.313,91.211,21.283,0.0,0.222,0.136,138.064,5.247
02/08/2008,03:38:00,1007.413,85.313,91.191,21.244,0.0,0.19,0.109,135.295,0.914
02/08/2008,03:39:00,1007.336,85.5,91.249,21.205,0.0,0.222,0.136,149.214,3.817
02/08/2008,03:40:00,1007.336,85.375,91.236,21.205,0.0,0.19,0.109,130.412,2.283
02/08/2008,03:41:00,1007.298,85.438,91.249,21.179,0.0,0.19,0.136,130.121,2.649
02/08/2008,03:42:00,1007.26,85.313,91.308,21.166,0.0,0.19,0.136,108.461,0.787
02/08/2008,03:43:00,1007.26,85.188,91.327,21.153,0.0,0.222,0.109,159.417,2.861
02/08/2008,03:44:00,1007.221,85.063,91.288,21.153,0.0,0.19,0.109,147.072,3.184
02/08/2008,03:45:00,1007.183,85.063,91.269,21.153,0.0,0.19,0.136,144.579,4.839
02/08/2008,03:46:00,1007.145,85.125,91.217,21.14,0.0,0.222,0.136,156.91,2.935
02/08/2008,03:47:00,1007.145,85.313,91.188,21.128,0.0,0.222,0.136,135.557,2.192
02/08/2008,03:48:00,1007.145,85.5,91.162,21.102,0.0,0.19,0.136,151.561,3.506
02/08/2008,03:49:00,1007.183,85.5,91.191,21.102,0.0,0.222,0.136,135.134,3.841
02/08/2008,03:50:00,1007.183,85.563,91.136,21.076,0.0,0.19,0.136,153.077,1.906
02/08/2008,03:51:00,1007.145,85.75,91.155,21.056,0.0,0.19,0.136,166.836,1.535
02/08/2008,03:52:00,1007.183,85.625,91.13,21.076,0.0,0.222,0.136,188.495,4.267
02/08/2008,03:53:00,1007.183,85.438,91.117,21.043,0.0,0.19,0.136,130.922,4.553
02/08/2008,03:54:00,1007.183,85.563,91.042,21.017,0.0,0.19,0.109,135.164,2.18
02/08/2008,03:55:00,1007.26,85.563,91.078,20.991,0.0,0.222,0.136,144.273,2.344
02/08/2008,03:56:00,1007.26,85.813,91.155,20.978,0.0,0.222,0.136,122.658,4.553
02/08/2008,03:57:00,1007.221,85.938,91.191,20.991,0.0,0.222,0.109,171.398,5.551
02/08/2008,03:58:00,1007.26,85.813,91.204,21.03,0.0,0.222,0.136,150.745,5.77
02/08/2008,03:59:00,1007.298,85.5,91.223,21.017,0.0,0.222,0.136,153.937,3.768
02/08/2008,04:00:00,1007.298,85.438,91.23,21.004,0.0,0.222,0.136,171.048,6.099
02/08/2008,04:01:00,1007.298,85.375,91.23,21.004,0.0,0.222,0.109,171.048,6.865
02/08/2008,04:02:00,1007.221,85.25,91.204,20.978,0.0,0.222,0.136,159.388,5.271
02/08/2008,04:03:00,1007.183,85.188,91.155,20.953,0.0,0.222,0.136,156.313,4.48
02/08/2008,04:04:00,1007.183,85.188,91.097,20.94,0.0,0.222,0.136,157.508,6.744
02/08/2008,04:05:00,1007.145,85.313,91.162,20.907,0.0,0.222,0.109,160.365,5.861
02/08/2008,04:06:00,1007.145,85.5,91.217,20.894,0.0,0.222,0.136,169.737,4.912
02/08/2008,04:07:00,1007.183,85.5,91.204,20.907,0.0,0.222,0.136,167.084,4.176
02/08/2008,04:08:00,1007.221,85.25,91.236,20.894,0.0,0.19,0.136,171.252,4.401
02/08/2008,04:09:00,1007.26,84.813,91.249,20.868,0.0,0.222,0.136,168.454,5.508
02/08/2008,04:10:00,1007.26,84.688,91.295,20.868,0.0,0.222,0.136,180.945,6.421
02/08/2008,04:11:00,1007.26,84.625,91.343,20.881,0.0,0.222,0.136,159.621,4.352
02/08/2008,04:12:00,1007.298,84.438,91.327,20.868,0.0,0.222,0.136,161.822,5.271
02/08/2008,04:13:00,1007.298,84.313,91.334,20.868,0.0,0.253,0.136,162.536,5.149
02/08/2008,04:14:00,1007.298,84.125,91.356,20.868,0.0,0.253,0.136,155.526,4.48
02/08/2008,04:15:00,1007.298,83.688,91.327,20.894,0.0,0.19,0.136,154.564,4.614
02/08/2008,04:16:00,1007.298,83.625,91.327,20.842,0.0,0.222,0.136,160.612,4.888
02/08/2008,04:17:00,1007.298,83.438,91.314,20.868,0.0,0.222,0.136,155.875,4.65
02/08/2008,04:18:00,1007.26,83.188,91.321,20.868,0.0,0.222,0.136,147.043,2.746
02/08/2008,04:19:00,1007.26,83.063,91.256,20.829,0.0,0.19,0.136,169.46,3.957
02/08/2008,04:20:00,1007.221,82.688,91.269,20.803,0.0,0.19,0.136,161.21,2.429
02/08/2008,04:21:00,1007.145,82.188,91.334,20.803,0.0,0.222,0.136,137.233,1.991
02/08/2008,04:22:00,1007.145,81.438,91.301,20.803,0.0,0.222,0.136,126.491,2.332
02/08/2008,04:23:00,1007.183,80.688,91.256,20.791,0.0,0.222,0.136,145.702,4.888
02/08/2008,04:24:00,1007.145,79.625,91.356,20.791,0.0,0.19,0.136,154.593,4.936
02/08/2008,04:25:00,1007.145,78.563,91.343,20.791,0.0,0.222,0.109,152.188,3.294
02/08/2008,04:26:00,1007.145,78.188,91.295,20.758,0.0,0.222,0.136,158.222,5.46
02/08/2008,04:27:00,1007.145,78.188,91.334,20.791,0.0,0.222,0.136,169.401,5.314
02/08/2008,04:28:00,1007.145,78.313,91.282,20.791,0.0,0.19,0.136,115.939,2.296
02/08/2008,04:29:00,1007.106,78.625,91.198,20.745,0.0,0.19,0.136,119.524,2.612
02/08/2008,04:30:00,1007.068,78.563,91.168,20.719,0.0,0.19,0.136,114.394,2.156
02/08/2008,04:31:00,1007.03,77.938,91.123,20.68,0.0,0.222,0.109,119.495,5.338
02/08/2008,04:32:00,1006.992,77.625,91.155,20.641,0.0,0.222,0.136,156.254,4.723
02/08/2008,04:33:00,1006.992,77.375,91.162,20.616,0.0,0.19,0.136,140.848,5.149
02/08/2008,04:34:00,1006.992,77.5,91.262,20.577,0.0,0.222,0.109,139.638,5.399
02/08/2008,04:35:00,1006.992,78.25,91.217,20.616,0.0,0.253,0.136,123.255,4.151
02/08/2008,04:36:00,1007.106,79.313,91.143,20.564,0.0,0.222,0.109,150.876,6.433
02/08/2008,04:37:00,1007.068,80.563,91.376,20.59,0.0,0.253,0.136,155.467,4.291
02/08/2008,04:38:00,1007.068,82.0,91.369,20.616,0.0,0.222,0.136,158.135,6.908
02/08/2008,04:39:00,1007.068,82.813,91.343,20.641,0.0,0.222,0.136,166.865,3.853
02/08/2008,04:40:00,1007.068,84.125,91.408,20.68,0.0,0.253,0.136,135.411,6.902
02/08/2008,04:41:00,1007.068,84.688,91.369,20.641,0.0,0.253,0.136,156.254,5.922
02/08/2008,04:42:00,1007.068,85.063,91.343,20.667,0.0,0.253,0.136,169.62,6.354
02/08/2008,04:43:00,1007.106,85.125,91.356,20.667,0.0,0.253,0.136,174.43,7.766
02/08/2008,04:44:00,1007.106,85.188,91.334,20.693,0.0,0.253,0.136,165.874,4.851
02/08/2008,04:45:00,1007.068,85.375,91.308,20.693,0.0,0.253,0.136,148.923,4.577
02/08/2008,04:46:00,1007.068,85.625,91.321,20.693,0.0,0.253,0.136,164.227,6.604
02/08/2008,04:47:00,1007.068,85.688,91.321,20.719,0.0,0.253,0.136,174.372,5.222
02/08/2008,04:48:00,1007.03,85.688,91.321,20.706,0.0,0.253,0.136,158.135,7.03
02/08/2008,04:49:00,1007.03,85.625,91.262,20.693,0.0,0.253,0.136,153.31,5.435
02/08/2008,04:50:00,1007.03,85.563,91.269,20.693,0.0,0.253,0.136,165.758,6.78
02/08/2008,04:51:00,1007.03,85.688,91.295,20.693,0.0,0.253,0.136,165.131,8.04
02/08/2008,04:52:00,1006.992,85.875,91.295,20.667,0.0,0.253,0.136,161.312,8.125
02/08/2008,04:53:00,1006.992,86.0,91.275,20.693,0.0,0.253,0.136,153.252,7.59
02/08/2008,04:54:00,1006.992,86.0,91.256,20.693,0.0,0.222,0.109,139.114,5.922
02/08/2008,04:55:00,1006.934,85.938,91.282,20.706,0.0,0.253,0.136,164.14,6.458
02/08/2008,04:56:00,1006.896,85.688,91.23,20.719,0.0,0.222,0.136,155.948,6.172
02/08/2008,04:57:00,1006.896,85.5,91.181,20.719,0.0,0.253,0.136,173.949,6.494
02/08/2008,04:58:00,1006.896,85.125,91.149,20.719,0.0,0.222,0.136,161.37,5.837
02/08/2008,04:59:00,1006.896,84.813,91.149,20.719,0.0,0.222,0.136,150.206,4.34
02/08/2008,05:00:00,1006.934,84.563,91.084,20.706,0.0,0.222,0.136,105.022,2.77
02/08/2008,05:01:00,1006.934,84.5,91.091,20.706,0.0,0.222,0.109,147.422,1.407
02/08/2008,05:02:00,1006.934,83.938,91.003,20.719,0.0,0.222,0.136,160.452,4.504
02/08/2008,05:03:00,1006.934,83.625,91.003,20.693,0.0,0.253,0.109,168.716,3.932
02/08/2008,05:04:00,1006.896,83.438,90.951,20.654,0.0,0.222,0.136,143.865,5.794
02/08/2008,05:05:00,1006.857,83.188,90.938,20.693,0.0,0.222,0.136,130.412,5.198
02/08/2008,05:06:00,1006.781,83.188,90.845,20.654,0.0,0.222,0.109,162.624,3.756
02/08/2008,05:07:00,1006.743,83.188,90.845,20.616,0.0,0.222,0.136,140.994,5.435
02/08/2008,05:08:00,1006.743,83.188,90.87,20.628,0.0,0.253,0.136,146.853,5.289
02/08/2008,05:09:00,1006.704,83.0,90.78,20.616,0.0,0.222,0.136,135.295,4.638
02/08/2008,05:10:00,1006.704,83.063,90.767,20.603,0.0,0.222,0.136,141.927,3.519
02/08/2008,05:11:00,1006.704,82.938,90.666,20.59,0.0,0.222,0.109,153.252,6.172
02/08/2008,05:12:00,1006.704,83.0,90.679,20.577,0.0,0.253,0.136,152.567,6.634
02/08/2008,05:13:00,1006.704,83.0,90.679,20.551,0.0,0.222,0.109,148.981,4.328
02/08/2008,05:14:00,1006.666,82.75,90.621,20.564,0.0,0.253,0.136,124.145,3.519
02/08/2008,05:15:00,1006.628,82.438,90.527,20.564,0.0,0.222,0.109,158.995,9.062
02/08/2008,05:16:00,1006.628,82.188,90.433,20.59,0.0,0.222,0.109,146.926,6.385
02/08/2008,05:17:00,1006.628,81.5,90.307,20.564,0.0,0.222,0.136,133.91,6.245
02/08/2008,05:18:00,1006.628,81.188,90.336,20.577,0.0,0.222,0.136,137.146,5.399
02/08/2008,05:19:00,1006.666,80.75,90.242,20.525,0.0,0.222,0.109,144.696,5.734
02/08/2008,05:20:00,1006.628,80.063,90.242,20.538,0.0,0.222,0.136,143.661,3.719
02/08/2008,05:21:00,1006.628,79.563,90.184,20.538,0.0,0.222,0.136,152.421,8.015
02/08/2008,05:22:00,1006.589,78.75,90.229,20.538,0.0,0.222,0.136,153.106,8.393
02/08/2008,05:23:00,1006.551,77.313,90.168,20.551,0.0,0.253,0.136,141.008,4.65
02/08/2008,05:24:00,1006.551,76.188,90.051,20.512,0.0,0.222,0.136,160.642,4.054
02/08/2008,05:25:00,1006.551,75.188,89.951,20.441,0.0,0.222,0.136,149.418,6.007
02/08/2008,05:26:00,1006.551,74.438,90.077,20.441,0.0,0.222,0.109,138.749,8.417
02/08/2008,05:27:00,1006.551,73.313,90.057,20.441,0.0,0.253,0.136,160.481,5.782
02/08/2008,05:28:00,1006.551,71.938,90.015,20.415,0.0,0.253,0.136,151.561,5.399
02/08/2008,05:29:00,1006.513,70.875,90.015,20.402,0.0,0.19,0.136,168.512,5.235
02/08/2008,05:30:00,1006.474,69.875,89.983,20.35,0.0,0.19,0.136,149.841,7.304
02/08/2008,05:31:00,1006.436,68.625,89.912,20.298,0.0,0.19,0.136,133.211,4.425
02/08/2008,05:32:00,1006.398,67.875,89.957,20.233,0.0,0.19,0.136,148.5,7.815
02/08/2008,05:33:00,1006.398,67.375,90.028,20.188,0.0,0.19,0.136,133.662,4.602
02/08/2008,05:34:00,1006.36,66.875,89.944,20.11,0.0,0.19,0.136,183.379,1.62
02/08/2008,05:35:00,1006.36,66.563,89.996,20.058,0.0,0.19,0.109,139.988,8.308
02/08/2008,05:36:00,1006.321,66.375,90.051,20.006,0.0,0.19,0.109,155.875,7.456
02/08/2008,05:37:00,1006.398,66.188,90.045,19.967,0.0,0.19,0.109,134.406,3.829
02/08/2008,05:38:00,1006.398,66.0,89.951,19.883,0.0,0.19,0.136,99.468,3.616
02/08/2008,05:39:00,1006.398,66.0,90.009,19.818,0.0,0.19,0.136,148.296,4.553
02/08/2008,05:40:00,1006.398,65.938,90.142,19.792,0.0,0.19,0.109,137.044,3.646
02/08/2008,05:41:00,1006.398,66.0,90.197,19.779,0.0,0.19,0.109,142.612,4.803
02/08/2008,05:42:00,1006.398,65.875,90.129,19.728,0.0,0.19,0.109,139.697,7.377
02/08/2008,05:43:00,1006.474,65.813,90.142,19.741,0.0,0.222,0.136,164.11,1.76
02/08/2008,05:44:00,1006.474,65.813,90.015,19.637,0.0,0.19,0.136,152.931,2.624
02/08/2008,05:45:00,1006.513,65.875,90.002,19.579,0.0,0.19,0.136,121.288,2.886
02/08/2008,05:46:00,1006.513,66.125,90.19,19.527,0.0,0.222,0.109,172.404,7.042
02/08/2008,05:47:00,1006.551,66.125,90.42,19.605,0.0,0.222,0.109,153.31,5.825
02/08/2008,05:48:00,1006.551,66.188,90.592,19.715,0.0,0.222,0.109,151.969,5.563
02/08/2008,05:49:00,1006.551,66.0,90.294,19.728,0.0,0.222,0.136,155.919,6.08
02/08/2008,05:50:00,1006.551,66.0,90.19,19.728,0.0,0.19,0.109,170.334,4.723
02/08/2008,05:51:00,1006.513,66.125,90.268,19.65,0.0,0.19,0.136,140.965,0.738
02/08/2008,05:52:00,1006.513,65.938,90.168,19.637,0.0,0.222,0.109,146.649,2.795
02/08/2008,05:53:00,1006.474,65.813,90.045,19.605,0.0,0.222,0.136,144.375,4.888
02/08/2008,05:54:00,1006.474,65.875,89.912,19.501,0.0,0.222,0.109,122.847,2.442
02/08/2008,05:55:00,1006.474,65.75,90.038,19.475,0.0,0.19,0.136,137.831,4.48
02/08/2008,05:56:00,1006.474,65.813,89.708,19.345,0.0,0.222,0.109,134.61,5.387
02/08/2008,05:57:00,1006.474,65.75,90.028,19.313,0.0,0.222,0.109,126.229,3.482
02/08/2008,05:58:00,1006.474,65.75,89.925,19.267,0.0,0.222,0.136,177.258,2.557
02/08/2008,05:59:00,1006.474,65.813,89.87,19.216,0.0,0.222,0.109,137.35,4.961
02/08/2008,06:00:00,1006.474,66.125,90.057,19.138,0.0,0.19,0.136,144.375,5.794
02/08/2008,06:01:00,1006.474,66.063,90.281,19.203,0.0,0.158,0.109,127.512,5.6
02/08/2008,06:02:00,1006.436,65.938,90.262,19.28,0.0,0.158,0.109,130.383,4.851
02/08/2008,06:03:00,1006.436,65.75,90.203,19.293,0.0,0.19,0.109,138.429,4.377
02/08/2008,06:04:00,1006.474,66.0,90.028,19.28,0.0,0.158,0.136,122.745,4.888
02/08/2008,06:05:00,1006.513,66.125,89.844,19.267,0.0,0.19,0.109,126.069,2.807
02/08/2008,06:06:00,1006.513,66.063,89.863,19.229,0.0,0.19,0.136,172.856,2.034
02/08/2008,06:07:00,1006.513,66.188,89.899,19.229,0.0,0.19,0.136,138.924,3.294
02/08/2008,06:08:00,1006.551,66.188,89.99,19.313,0.0,0.222,0.136,135.615,7.115
02/08/2008,06:09:00,1006.551,66.188,89.899,19.397,0.0,0.222,0.136,150.206,3.385
02/08/2008,06:10:00,1006.474,65.688,89.818,19.358,0.0,0.158,0.109,130.864,6.044
02/08/2008,06:11:00,1006.474,66.25,89.695,19.358,0.0,0.19,0.109,147.524,6.482
02/08/2008,06:12:00,1006.436,66.063,89.465,19.345,0.0,0.158,0.136,136.301,6.993
02/08/2008,06:13:00,1006.398,66.5,89.543,19.358,0.0,0.19,0.136,149.637,5.825
02/08/2008,06:14:00,1006.398,66.188,89.416,19.371,0.0,0.158,0.109,141.154,7.577
02/08/2008,06:15:00,1006.436,65.688,89.251,19.293,0.0,0.253,0.109,137.729,5.423
02/08/2008,06:16:00,1006.398,65.563,89.27,19.293,0.0,0.19,0.109,151.372,5.648
02/08/2008,06:17:00,1006.436,66.125,89.138,19.242,0.0,0.158,0.109,178.205,4.827
02/08/2008,06:18:00,1006.398,66.0,89.225,19.229,0.0,0.19,0.109,137.379,7.912
02/08/2008,06:19:00,1006.398,66.375,89.118,19.216,0.0,0.158,0.136,141.723,6.385
02/08/2008,06:20:00,1006.398,66.063,89.125,19.177,0.0,0.158,0.109,106.071,3.616
02/08/2008,06:21:00,1006.436,66.438,89.118,19.177,0.0,0.222,0.109,136.811,4.042
02/08/2008,06:22:00,1006.474,66.5,89.151,19.19,0.0,0.222,0.136,148.704,5.338
02/08/2008,06:23:00,1006.474,66.375,89.151,19.267,0.0,0.19,0.109,135.892,5.734
02/08/2008,06:24:00,1006.474,66.688,89.319,19.345,0.0,0.222,0.136,169.343,7.553
02/08/2008,06:25:00,1006.513,66.563,89.264,19.475,0.0,0.222,0.136,181.31,5.91
02/08/2008,06:26:00,1006.551,66.875,89.066,19.462,0.0,0.19,0.109,152.625,6.829
02/08/2008,06:27:00,1006.628,66.688,88.807,19.501,0.0,0.158,0.109,162.055,5.314
02/08/2008,06:28:00,1006.666,66.5,88.807,19.527,0.0,0.19,0.136,163.936,6.719
02/08/2008,06:29:00,1006.666,66.563,88.707,19.527,0.0,0.19,0.109,166.603,6.233
02/08/2008,06:30:00,1006.666,66.438,88.781,19.579,0.0,0.19,0.136,164.941,4.912
02/08/2008,06:31:00,1006.666,66.563,88.781,19.605,0.0,0.19,0.109,157.056,7.182
02/08/2008,06:32:00,1006.666,66.5,88.49,19.624,0.0,0.19,0.109,155.19,6.123
02/08/2008,06:33:00,1006.704,66.313,88.331,19.553,0.0,0.19,0.109,165.962,4.59
02/08/2008,06:34:00,1006.781,66.813,88.574,19.579,0.0,0.222,0.136,183.35,8.715
02/08/2008,06:35:00,1006.857,66.688,88.509,19.624,0.0,0.222,0.109,181.805,8.344
02/08/2008,06:36:00,1006.819,66.5,88.477,19.702,0.0,0.19,0.136,192.329,6.421
02/08/2008,06:37:00,1006.819,66.5,88.137,19.715,0.0,0.19,0.136,163.819,6.458
02/08/2008,06:38:00,1006.819,66.938,88.642,19.754,0.0,0.222,0.136,177.083,10.048
02/08/2008,06:39:00,1006.781,66.438,88.053,19.909,0.0,0.19,0.136,168.235,7.279
02/08/2008,06:40:00,1006.819,66.313,87.638,19.831,0.0,0.19,0.109,177.112,7.614
02/08/2008,06:41:00,1006.781,66.188,87.447,19.754,0.0,0.19,0.109,192.955,5.995
02/08/2008,06:42:00,1006.743,66.125,87.551,19.689,0.0,0.158,0.109,176.82,6.579
02/08/2008,06:43:00,1006.743,66.438,87.632,19.663,0.0,0.19,0.136,177.782,11.192
02/08/2008,06:44:00,1006.628,66.688,87.466,19.624,0.0,0.158,0.109,170.567,11.819
02/08/2008,06:45:00,1006.551,66.5,87.632,19.663,0.0,0.19,0.109,165.874,9.36
02/08/2008,06:46:00,1006.513,66.438,87.285,19.624,0.0,0.19,0.136,172.346,11.271
02/08/2008,06:47:00,1006.513,66.25,87.272,19.579,0.0,0.158,0.136,166.719,7.176
02/08/2008,06:48:00,1006.513,66.25,87.156,19.501,0.0,0.158,0.136,175.713,7.912
02/08/2008,06:49:00,1006.474,66.313,87.385,19.462,0.0,0.158,0.109,163.571,6.628
02/08/2008,06:50:00,1006.474,66.438,87.431,19.449,0.0,0.158,0.109,162.711,8.715
02/08/2008,06:51:00,1006.474,66.313,87.227,19.332,0.0,0.158,0.136,137.831,7.401
02/08/2008,06:52:00,1006.474,65.938,87.188,19.19,0.0,0.158,0.109,154.272,3.294
02/08/2008,06:53:00,1006.474,65.938,87.321,19.086,0.0,0.158,0.109,193.451,3.099
02/08/2008,06:54:00,1006.513,66.0,87.447,19.015,0.0,0.158,0.136,158.616,5.837
02/08/2008,06:55:00,1006.513,66.125,87.586,18.911,0.0,0.158,0.109,153.937,4.03
02/08/2008,06:56:00,1006.474,65.875,87.738,18.859,0.0,0.158,0.109,149.987,7.352
02/08/2008,06:57:00,1006.474,65.563,87.81,18.794,0.0,0.158,0.109,147.728,6.792
02/08/2008,06:58:00,1006.513,65.813,87.949,18.71,0.0,0.158,0.136,131.972,5.314
02/08/2008,06:59:00,1006.513,66.063,88.231,18.645,0.0,0.19,0.136,131.695,4.73
02/08/2008,07:00:00,1006.551,65.875,88.117,18.581,0.0,0.158,0.136,103.856,3.732
02/08/2008,07:01:00,1006.551,65.625,88.192,18.503,0.0,0.158,0.109,150.468,6.293
02/08/2008,07:02:00,1006.589,65.938,88.257,18.431,0.0,0.19,0.136,154.243,7.875
02/08/2008,07:03:00,1006.589,65.938,88.623,18.418,0.0,0.19,0.136,154.622,8.356
02/08/2008,07:04:00,1006.551,65.75,88.509,18.393,0.0,0.19,0.136,151.765,6.841
02/08/2008,07:05:00,1006.551,65.75,88.636,18.341,0.0,0.19,0.109,170.888,6.671
02/08/2008,07:06:00,1006.551,65.688,88.503,18.263,0.0,0.158,0.109,157.027,6.093
02/08/2008,07:07:00,1006.589,66.063,88.561,18.198,0.0,0.19,0.136,171.952,5.861
02/08/2008,07:08:00,1006.551,65.563,88.743,18.153,0.0,0.19,0.136,138.093,4.243
02/08/2008,07:09:00,1006.551,65.438,88.901,18.166,0.0,0.158,0.136,144.813,5.399
02/08/2008,07:10:00,1006.551,65.875,88.781,18.088,0.0,0.19,0.136,169.372,7.541
02/08/2008,07:11:00,1006.589,65.75,88.888,18.101,0.0,0.19,0.136,165.51,7.377
02/08/2008,07:12:00,1006.589,65.75,88.84,18.049,0.0,0.19,0.136,156.254,5.934
02/08/2008,07:13:00,1006.551,65.75,88.775,17.997,0.0,0.19,0.136,147.013,7.577
02/08/2008,07:14:00,1006.628,65.75,88.713,17.874,0.0,0.19,0.136,164.621,7.218
02/08/2008,07:15:00,1006.589,65.875,88.953,17.848,0.0,0.19,0.163,165.102,8.381
02/08/2008,07:16:00,1006.666,65.875,88.953,17.809,0.0,0.19,0.19,164.402,6.007
02/08/2008,07:17:00,1006.704,65.875,89.131,17.809,0.0,0.19,0.271,154.782,6.646
02/08/2008,07:18:00,1006.704,66.0,89.079,17.77,0.0,0.19,0.434,176.106,6.196
02/08/2008,07:19:00,1006.704,66.0,89.319,17.835,0.0,0.19,0.542,166.078,5.198
02/08/2008,07:20:00,1006.704,66.438,89.384,17.835,0.0,0.222,0.759,174.809,8.679
02/08/2008,07:21:00,1006.704,66.313,89.371,17.861,0.0,0.253,0.976,178.059,7.626
02/08/2008,07:22:00,1006.666,66.375,89.303,17.881,0.0,0.19,1.166,150.686,6.805
02/08/2008,07:23:00,1006.704,66.375,89.377,17.907,0.0,0.222,1.437,168.264,7.875
02/08/2008,07:24:00,1006.704,66.438,89.345,17.932,0.0,0.222,1.653,158.761,6.007
02/08/2008,07:25:00,1006.666,66.313,89.144,17.894,0.0,0.222,1.816,167.171,7.492
02/08/2008,07:26:00,1006.666,66.125,89.212,17.881,0.0,0.222,1.979,166.472,6.878
02/08/2008,07:27:00,1006.666,66.25,89.193,17.874,0.0,0.538,2.305,157.624,7.042
02/08/2008,07:28:00,1006.628,66.125,89.092,17.848,0.0,1.739,2.818,156.546,6.099
02/08/2008,07:29:00,1006.628,66.375,89.167,17.861,0.0,3.637,3.197,170.888,7.018
02/08/2008,07:30:00,1006.551,66.375,89.005,17.796,0.0,4.965,3.578,111.391,2.673
02/08/2008,07:31:00,1006.589,66.313,88.985,17.783,0.0,5.852,3.957,156.4,5.758
02/08/2008,07:32:00,1006.551,66.188,89.144,17.835,0.0,7.43,4.445,145.06,4.364
02/08/2008,07:33:00,1006.551,66.438,88.879,17.835,0.0,9.234,4.988,161.283,5.125
02/08/2008,07:34:00,1006.551,66.625,88.895,17.835,0.0,10.75,5.5,146.416,6.354
02/08/2008,07:35:00,1006.551,66.563,88.814,17.809,0.0,11.891,5.828,135.076,4.389
02/08/2008,07:36:00,1006.513,66.375,88.7,17.796,0.0,12.961,6.234,130.864,5.125
02/08/2008,07:37:00,1006.551,66.313,88.383,17.66,0.0,15.148,7.02,139.872,4.103
02/08/2008,07:38:00,1006.551,66.438,88.509,17.608,0.0,16.531,7.535,143.778,3.555
02/08/2008,07:39:00,1006.551,66.563,88.623,17.621,0.0,18.594,8.133,167.973,3.957
02/08/2008,07:40:00,1006.551,66.75,88.522,17.647,0.0,19.281,8.508,144.754,3.446
02/08/2008,07:41:00,1006.513,66.875,88.568,17.719,0.0,22.453,9.43,134.377,4.018
02/08/2008,07:42:00,1006.474,66.875,88.435,17.686,0.0,25.547,10.109,138.516,4.03
02/08/2008,07:43:00,1006.474,66.688,88.299,17.621,0.0,26.969,10.758,124.888,4.553
02/08/2008,07:44:00,1006.513,66.75,88.305,17.621,0.0,25.578,11.195,162.74,3.646
02/08/2008,07:45:00,1006.551,67.063,88.296,17.621,0.0,31.563,12.547,158.251,5.289
02/08/2008,07:46:00,1006.551,67.0,88.49,17.66,0.0,30.328,11.977,156.079,4.176
02/08/2008,07:47:00,1006.513,67.0,88.451,17.699,0.0,28.781,12.383,148.471,4.437
02/08/2008,07:48:00,1006.474,67.188,88.441,17.732,0.0,40.438,15.016,142.014,4.577
02/08/2008,07:49:00,1006.474,67.375,88.205,17.757,0.0,45.375,16.453,158.965,3.506
02/08/2008,07:50:00,1006.474,67.125,88.059,17.783,0.0,42.188,15.93,166.894,4.711
02/08/2008,07:51:00,1006.513,67.0,88.124,17.783,0.0,34.469,15.281,170.48,7.255
02/08/2008,07:52:00,1006.474,67.313,88.166,17.757,0.0,46.844,17.75,141.927,4.936
02/08/2008,07:53:00,1006.474,67.438,88.283,17.809,0.0,52.781,19.125,131.214,3.081
02/08/2008,07:54:00,1006.436,67.625,88.066,17.894,0.0,52.75,19.344,144.973,5.235
02/08/2008,07:55:00,1006.398,66.938,87.991,17.907,0.0,31.109,14.664,126.827,2.07
02/08/2008,07:56:00,1006.436,66.688,87.962,17.971,0.0,27.953,15.172,119.743,2.229
02/08/2008,07:57:00,1006.436,67.188,87.79,17.997,0.0,53.938,21.594,139.434,4.815
02/08/2008,07:58:00,1006.474,67.5,87.599,17.971,0.0,62.844,23.875,161.545,5.484
02/08/2008,07:59:00,1006.474,67.563,87.447,17.932,0.0,55.063,22.0,150.847,4.492
02/08/2008,08:00:00,1006.474,67.625,87.453,17.958,0.0,58.094,23.281,124.64,4.279
02/08/2008,08:01:00,1006.474,67.313,87.385,17.971,0.0,45.969,20.922,173.468,4.127
02/08/2008,08:02:00,1006.474,67.375,87.094,18.023,0.0,57.406,24.828,125.486,4.961
02/08/2008,08:03:00,1006.551,67.5,87.207,17.997,0.0,56.844,24.438,133.342,4.949
02/08/2008,08:04:00,1006.589,67.063,86.955,17.971,0.0,51.719,23.766,153.937,3.433
02/08/2008,08:05:00,1006.551,67.375,86.854,17.881,0.0,57.531,24.984,129.027,4.127
02/08/2008,08:06:00,1006.551,67.563,86.955,17.919,0.0,70.75,29.156,118.577,4.699
02/08/2008,08:07:00,1006.513,67.563,86.802,17.894,0.0,80.625,32.531,120.253,5.125
02/08/2008,08:08:00,1006.589,67.938,86.935,17.984,0.0,73.813,32.531,137.408,3.123
02/08/2008,08:09:00,1006.666,67.438,86.809,18.049,0.0,70.188,32.031,163.6,4.687
02/08/2008,08:10:00,1006.628,67.438,86.696,18.036,0.0,67.688,30.781,146.241,4.34
02/08/2008,08:11:00,1006.628,68.563,87.113,18.153,0.0,74.125,32.906,130.922,2.381
02/08/2008,08:12:00,1006.628,68.0,86.65,18.431,0.0,88.25,36.75,156.109,3.841
02/08/2008,08:13:00,1006.551,68.563,86.271,18.418,0.0,94.813,38.688,120.37,4.267
02/08/2008,08:14:00,1006.589,68.313,85.844,18.464,0.0,94.313,40.281,129.319,3.068
02/08/2008,08:15:00,1006.704,68.25,85.773,18.555,0.0,88.188,40.156,167.886,4.054
02/08/2008,08:16:00,1006.704,68.0,85.083,18.529,0.0,85.25,38.719,176.879,5.521
02/08/2008,08:17:00,1006.743,68.125,85.296,18.464,0.0,96.938,41.969,103.389,2.861
02/08/2008,08:18:00,1006.819,68.375,85.283,18.49,0.0,102.313,45.375,159.199,4.602
02/08/2008,08:19:00,1006.934,68.5,85.436,18.568,0.0,86.938,42.156,185.201,2.661
02/08/2008,08:20:00,1006.934,68.188,85.083,18.606,0.0,94.625,43.781,148.413,3.135
02/08/2008,08:21:00,1006.972,68.688,85.196,18.71,0.0,102.688,48.0,174.692,2.947
02/08/2008,08:22:00,1006.934,68.625,85.235,18.885,0.0,88.125,42.5,144.783,1.456
02/08/2008,08:23:00,1006.972,68.75,85.368,19.229,0.0,100.75,47.906,194.384,1.419
02/08/2008,08:24:00,1006.972,68.438,84.111,19.423,0.0,100.75,48.125,198.202,3.33
02/08/2008,08:25:00,1006.934,68.5,83.385,19.358,0.0,102.25,47.594,147.013,1.882
02/08/2008,08:26:00,1006.896,67.625,83.126,19.41,0.0,57.375,34.438,155.73,2.649
02/08/2008,08:27:00,1006.934,68.563,83.405,19.332,0.0,116.813,53.281,143.617,2.874
02/08/2008,08:28:00,1006.934,68.875,83.363,19.41,0.0,111.625,52.719,152.873,3.294
02/08/2008,08:29:00,1006.934,68.625,83.071,19.449,0.0,108.0,52.313,164.737,4.9
02/08/2008,08:30:00,1006.896,68.813,83.211,19.423,0.0,116.938,55.5,168.031,4.103
02/08/2008,08:31:00,1006.857,68.813,83.457,19.449,0.0,119.313,56.594,168.031,6.123
02/08/2008,08:32:00,1006.781,69.313,83.819,19.54,0.0,119.813,57.781,156.021,3.853
02/08/2008,08:33:00,1006.781,69.125,83.842,19.624,0.0,117.5,57.656,176.66,4.876
02/08/2008,08:34:00,1006.781,69.5,83.9,19.767,0.0,121.625,59.875,177.258,3.269
02/08/2008,08:35:00,1006.781,69.625,83.648,19.954,0.0,116.563,58.219,132.628,4.711
02/08/2008,08:36:00,1006.743,69.25,83.311,19.98,0.0,118.0,58.75,176.791,3.732
02/08/2008,08:37:00,1006.666,69.563,83.152,20.032,0.0,122.0,60.531,154.622,3.756
02/08/2008,08:38:00,1006.666,69.688,82.968,20.175,0.0,109.563,57.375,138.429,3.458
02/08/2008,08:39:00,1006.666,69.813,81.87,20.058,0.0,124.25,63.031,128.707,3.318
02/08/2008,08:40:00,1006.704,69.875,82.249,20.149,0.0,129.75,65.563,128.517,2.381
02/08/2008,08:41:00,1006.781,69.375,81.491,20.298,0.0,129.5,65.688,156.546,4.139
02/08/2008,08:42:00,1006.819,69.063,81.552,20.311,0.0,131.5,66.875,162.114,3.89
02/08/2008,08:43:00,1006.819,68.938,81.805,20.298,0.0,136.0,70.0,160.423,5.076
02/08/2008,08:44:00,1006.857,69.0,82.074,20.259,0.0,130.375,69.5,170.99,5.959
02/08/2008,08:45:00,1006.781,69.75,82.553,20.259,0.0,129.25,69.563,163.163,3.932
02/08/2008,08:46:00,1006.781,70.313,82.547,20.402,0.0,122.938,68.563,178.467,2.612
02/08/2008,08:47:00,1006.819,70.25,82.401,20.59,0.0,133.75,72.5,152.217,3.135
02/08/2008,08:48:00,1006.819,70.875,82.009,20.693,0.0,137.0,74.313,175.625,4.218
02/08/2008,08:49:00,1006.819,70.875,81.724,20.778,0.0,136.625,75.813,161.778,5.375
02/08/2008,08:50:00,1006.857,70.438,81.604,20.829,0.0,124.688,72.688,160.816,5.326
02/08/2008,08:51:00,1006.819,70.438,81.484,20.771,0.0,138.5,78.688,163.6,4.59
02/08/2008,08:52:00,1006.819,71.188,81.928,20.816,0.0,143.25,81.75,158.455,3.172
02/08/2008,08:53:00,1006.819,71.25,81.934,20.978,0.0,144.25,83.813,171.821,5.235
02/08/2008,08:54:00,1006.781,71.5,81.624,21.043,0.0,149.125,86.688,167.346,5.338
02/08/2008,08:55:00,1006.781,71.438,81.782,21.043,0.0,149.625,88.5,178.147,6.257
02/08/2008,08:56:00,1006.781,71.688,82.142,21.056,0.0,148.25,89.125,181.295,7.553
02/08/2008,08:57:00,1006.781,71.5,82.135,21.056,0.0,147.875,90.313,168.512,8.028
02/08/2008,08:58:00,1006.781,71.688,82.375,21.056,0.0,147.625,90.375,168.483,7.054
02/08/2008,08:59:00,1006.743,72.063,82.615,21.069,0.0,149.0,92.063,175.086,6.281
02/08/2008,09:00:00,1006.704,71.625,82.375,21.179,0.0,120.188,81.75,157.114,6.032
02/08/2008,09:01:00,1006.704,71.688,82.122,21.179,0.0,155.0,96.063,164.315,6.768
02/08/2008,09:02:00,1006.704,72.125,82.433,21.335,0.0,148.375,93.063,186.265,5.746
02/08/2008,09:03:00,1006.743,70.875,81.776,21.393,0.0,101.438,74.625,165.247,7.48
02/08/2008,09:04:00,1006.743,70.25,81.666,21.257,0.0,92.563,70.813,176.82,7.34
02/08/2008,09:05:00,1006.781,70.875,82.275,21.179,0.0,109.125,78.313,189.924,6.482
02/08/2008,09:06:00,1006.781,71.438,82.66,21.128,0.0,119.563,82.938,188.612,3.646
02/08/2008,09:07:00,1006.781,71.5,82.722,21.309,0.0,115.063,81.375,188.466,8.715
02/08/2008,09:08:00,1006.781,71.5,82.579,21.393,0.0,93.125,73.25,173.118,4.961
02/08/2008,09:09:00,1006.781,71.188,82.466,21.458,0.0,91.688,72.5,166.501,8.253
02/08/2008,09:10:00,1006.781,71.125,82.702,21.458,0.0,96.438,75.25,172.521,5.995
02/08/2008,09:11:00,1006.819,71.188,82.566,21.497,0.0,94.688,75.625,184.006,7.802
02/08/2008,09:12:00,1006.819,70.938,82.647,21.536,0.0,71.875,66.688,196.978,6.354
02/08/2008,09:13:00,1006.819,71.063,82.359,21.484,0.0,77.75,69.75,177.36,6.683
02/08/2008,09:14:00,1006.781,71.438,82.521,21.484,0.0,100.0,79.875,172.914,6.233
02/08/2008,09:15:00,1006.819,71.75,82.42,21.458,0.0,114.188,86.188,169.737,6.865
02/08/2008,09:16:00,1006.819,71.813,82.621,21.458,0.0,111.375,86.375,183.131,5.685
02/08/2008,09:17:00,1006.819,72.063,82.388,21.575,0.0,119.875,90.563,167.609,8.088
02/08/2008,09:18:00,1006.819,72.563,82.249,21.562,0.0,135.125,97.25,176.791,5.947
02/08/2008,09:19:00,1006.819,73.438,82.521,21.698,0.0,148.625,103.688,174.853,4.912
02/08/2008,09:20:00,1006.781,73.625,82.352,21.977,0.0,145.625,102.125,179.633,5.521
02/08/2008,09:21:00,1006.743,73.5,81.52,22.21,0.0,173.0,114.625,170.203,5.46
02/08/2008,09:22:00,1006.704,73.25,80.989,22.385,0.0,169.125,113.75,171.369,5.819
02/08/2008,09:23:00,1006.704,72.813,80.335,22.424,0.0,155.125,108.625,187.781,6.506
02/08/2008,09:24:00,1006.704,72.313,80.377,22.372,0.0,144.25,103.438,176.908,8.94
02/08/2008,09:25:00,1006.704,71.688,80.568,22.223,0.0,111.313,88.938,167.609,6.829
02/08/2008,09:26:00,1006.704,71.563,81.083,22.119,0.0,94.063,82.25,178.613,5.052
02/08/2008,09:27:00,1006.704,72.0,81.617,22.145,0.0,92.688,81.938,199.704,2.192
02/08/2008,09:28:00,1006.666,71.875,81.228,22.32,0.0,82.75,78.375,188.043,4.176
02/08/2008,09:29:00,1006.666,72.5,81.274,22.372,0.0,95.688,84.813,165.247,3.695
02/08/2008,09:30:00,1006.666,72.688,81.008,22.527,0.0,106.313,90.25,162.055,4.565
02/08/2008,09:31:00,1006.666,72.875,80.493,22.476,0.0,112.875,94.438,177.52,4.218
02/08/2008,09:32:00,1006.628,73.063,80.701,22.527,0.0,134.5,104.75,170.83,6.458
02/08/2008,09:33:00,1006.589,72.813,80.441,22.566,0.0,127.625,102.313,162.974,6.135
02/08/2008,09:34:00,1006.551,72.75,80.516,22.527,0.0,128.625,103.813,174.721,5.636
02/08/2008,09:35:00,1006.513,73.313,80.694,22.592,0.0,137.75,108.125,171.733,6.068
02/08/2008,09:36:00,1006.551,72.875,80.568,22.657,0.0,101.188,91.563,178.322,6.683
02/08/2008,09:37:00,1006.551,72.688,80.642,22.605,0.0,96.625,89.5,182.869,5.837
02/08/2008,09:38:00,1006.551,72.625,81.002,22.683,0.0,107.0,94.125,157.508,7.675
02/08/2008,09:39:00,1006.589,73.0,80.969,22.683,0.0,121.0,101.438,185.857,6.281
02/08/2008,09:40:00,1006.551,73.625,81.096,22.813,0.0,125.75,104.438,177.666,4.912
02/08/2008,09:41:00,1006.551,73.688,80.224,22.832,0.0,148.5,115.375,172.783,8.003
02/08/2008,09:42:00,1006.551,74.125,80.341,22.813,0.0,150.875,117.625,166.253,7.042
02/08/2008,09:43:00,1006.551,74.188,80.357,22.923,0.0,148.25,117.063,164.475,6.293
02/08/2008,09:44:00,1006.551,74.688,80.231,23.104,0.0,147.625,117.875,172.812,6.841
02/08/2008,09:45:00,1006.551,74.75,79.917,23.175,0.0,142.875,116.688,157.449,5.484
02/08/2008,09:46:00,1006.551,75.313,79.865,23.279,0.0,152.0,121.813,170.422,4.754
02/08/2008,09:47:00,1006.551,75.75,79.787,23.396,0.0,164.375,129.0,185.259,7.863
02/08/2008,09:48:00,1006.551,75.625,79.104,23.415,0.0,164.5,129.375,187.46,5.472
02/08/2008,09:49:00,1006.589,75.438,79.194,23.415,0.0,159.125,128.25,179.779,8.63
02/08/2008,09:50:00,1006.589,75.75,79.389,23.402,0.0,152.875,126.688,177.636,6.932
02/08/2008,09:51:00,1006.628,75.563,79.421,23.415,0.0,148.5,125.438,183.729,7.754
02/08/2008,09:52:00,1006.628,76.0,79.706,23.61,0.0,137.375,120.813,199.485,5.685
02/08/2008,09:53:00,1006.628,76.375,78.935,23.746,0.0,148.875,127.063,176.879,6.196
02/08/2008,09:54:00,1006.589,76.938,79.301,23.927,0.0,161.0,133.75,184.691,7.194
02/08/2008,09:55:00,1006.551,76.813,78.304,24.076,0.0,165.375,136.25,173.206,7.626
02/08/2008,09:56:00,1006.551,76.75,78.359,24.135,0.0,160.5,134.875,169.999,9.214
02/08/2008,09:57:00,1006.513,76.563,78.152,24.161,0.0,169.625,140.0,179.954,8.606
02/08/2008,09:58:00,1006.474,77.313,78.815,24.199,0.0,165.875,139.0,171.733,6.433
02/08/2008,09:59:00,1006.474,78.188,78.258,24.238,0.0,185.5,148.75,169.795,7.912
02/08/2008,10:00:00,1006.474,79.125,78.796,24.452,0.0,180.125,146.75,206.904,7.005
02/08/2008,10:01:00,1006.513,79.125,77.364,24.692,0.0,182.625,148.0,187.096,6.646
02/08/2008,10:02:00,1006.551,78.0,77.076,24.848,0.0,168.625,141.5,187.941,3.433
02/08/2008,10:03:00,1006.551,79.125,77.429,25.185,0.0,192.25,152.5,205.169,5.387
02/08/2008,10:04:00,1006.628,79.0,76.969,25.632,0.0,182.5,147.25,214.95,3.878
02/08/2008,10:05:00,1006.666,78.375,75.884,26.131,0.0,161.75,137.0,202.094,3.932
02/08/2008,10:06:00,1006.628,78.125,75.243,26.5,0.0,170.875,140.125,203.129,5.302
02/08/2008,10:07:00,1006.666,77.563,73.543,26.61,0.0,164.5,136.625,206.642,6.245
02/08/2008,10:08:00,1006.628,78.188,74.152,26.74,0.0,178.375,142.25,205.359,5.064
02/08/2008,10:09:00,1006.628,78.063,73.837,27.045,0.0,184.75,144.0,202.094,5.959
02/08/2008,10:10:00,1006.628,78.688,72.85,26.993,0.0,194.75,148.25,196.789,4.602
02/08/2008,10:11:00,1006.628,79.313,73.773,27.096,0.0,207.25,154.25,212.253,4.267
02/08/2008,10:12:00,1006.589,79.938,72.921,27.343,0.0,212.5,156.25,202.531,6.957
02/08/2008,10:13:00,1006.551,79.313,72.723,27.492,0.0,217.625,158.5,228.913,5.648
02/08/2008,10:14:00,1006.551,79.125,72.995,27.874,0.0,220.0,159.25,170.626,5.709
02/08/2008,10:15:00,1006.551,79.25,71.379,27.77,0.0,229.125,164.25,191.702,5.247
02/08/2008,10:16:00,1006.589,79.125,71.816,27.751,0.0,232.0,165.875,180.406,4.255
02/08/2008,10:17:00,1006.628,79.313,71.441,27.738,0.0,226.875,164.375,187.548,5.314
02/08/2008,10:18:00,1006.628,80.188,71.969,27.874,0.0,229.0,166.25,201.365,5.508
02/08/2008,10:19:00,1006.628,80.313,71.486,28.075,0.0,230.5,167.25,192.926,5.46
02/08/2008,10:20:00,1006.666,80.313,70.738,28.334,0.0,233.0,168.25,198.348,5.563
02/08/2008,10:21:00,1006.704,80.438,71.366,28.509,0.0,228.25,165.875,226.785,4.949
02/08/2008,10:22:00,1006.743,81.313,70.809,28.814,0.0,228.0,165.5,200.841,3.829
02/08/2008,10:23:00,1006.743,81.0,70.365,29.3,0.0,224.5,163.875,213.448,3.233
02/08/2008,10:24:00,1006.704,79.938,69.501,29.747,0.0,233.5,167.75,212.399,3.221
02/08/2008,10:25:00,1006.704,79.938,68.992,29.883,0.0,239.0,170.0,226.668,2.807
02/08/2008,10:26:00,1006.704,80.813,69.53,30.097,0.0,237.0,168.375,161.079,2.746
02/08/2008,10:27:00,1006.781,79.313,68.581,30.369,0.0,238.875,168.75,194.471,3.482
02/08/2008,10:28:00,1006.704,78.375,68.322,30.551,0.0,237.875,167.125,224.482,6.147
02/08/2008,10:29:00,1006.704,77.5,68.522,30.428,0.0,232.875,163.875,240.209,5.934
02/08/2008,10:30:00,1006.743,76.75,68.639,30.188,0.0,239.0,166.0,226.945,7.699
02/08/2008,10:31:00,1006.743,76.063,68.694,29.818,0.0,242.25,166.625,220.692,7.687
02/08/2008,10:32:00,1006.743,77.688,69.663,29.708,0.0,239.5,163.875,226.348,5.149
02/08/2008,10:33:00,1006.743,77.875,69.138,29.799,0.0,235.625,162.0,233.664,6.208
02/08/2008,10:34:00,1006.743,78.5,70.407,29.618,0.0,233.625,160.625,230.764,5.289
02/08/2008,10:35:00,1006.781,77.875,71.162,29.857,0.0,233.375,159.5,234.0,4.425
02/08/2008,10:36:00,1006.743,78.063,70.067,30.091,0.0,246.0,165.375,226.974,4.699
02/08/2008,10:37:00,1006.743,78.5,69.74,30.402,0.0,238.125,161.625,231.58,1.584
02/08/2008,10:38:00,1006.704,78.125,68.354,30.829,0.0,238.875,161.625,235.836,5.076
02/08/2008,10:39:00,1006.704,77.75,69.044,30.979,0.0,228.125,157.5,235.18,3.373
02/08/2008,10:40:00,1006.666,76.125,68.228,30.92,0.0,224.5,157.25,236.842,9.999
02/08/2008,10:41:00,1006.666,76.063,69.442,30.441,0.0,209.625,150.875,227.98,7.553
02/08/2008,10:42:00,1006.628,76.438,70.663,30.162,0.0,185.0,140.25,238.576,5.721
02/08/2008,10:43:00,1006.666,78.5,71.541,29.883,0.0,199.125,147.375,241.404,8.74
02/08/2008,10:44:00,1006.666,77.313,72.114,29.734,0.0,172.875,135.5,234.058,5.533
02/08/2008,10:45:00,1006.628,75.813,72.749,29.708,0.0,156.125,127.438,243.386,5.849
02/08/2008,10:46:00,1006.628,75.313,72.331,29.747,0.0,136.625,117.688,247.482,6.89
02/08/2008,10:47:00,1006.628,76.125,72.231,29.514,0.0,143.25,120.188,232.44,9.153
02/08/2008,10:48:00,1006.666,74.25,72.995,29.3,0.0,144.625,120.125,211.539,8.283
02/08/2008,10:49:00,1006.628,74.125,72.597,29.203,0.0,141.0,117.563,232.265,9.488
02/08/2008,10:50:00,1006.628,75.375,73.646,29.099,0.0,156.875,124.188,237.789,11.654
02/08/2008,10:51:00,1006.666,76.25,73.433,29.021,0.0,202.125,145.0,248.531,11.216
02/08/2008,10:52:00,1006.628,78.375,73.471,28.944,0.0,223.75,154.0,236.988,10.145
02/08/2008,10:53:00,1006.666,78.625,73.659,29.021,0.0,242.875,162.0,242.934,7.401
02/08/2008,10:54:00,1006.628,78.125,73.747,29.274,0.0,253.625,165.25,250.208,7.778
02/08/2008,10:55:00,1006.666,78.313,72.649,29.43,0.0,226.75,150.75,251.417,9.549
02/08/2008,10:56:00,1006.628,77.125,72.807,29.456,0.0,221.625,146.625,246.957,7.194
02/08/2008,10:57:00,1006.704,76.438,72.548,29.507,0.0,205.375,137.875,245.296,12.677
02/08/2008,10:58:00,1006.628,75.813,72.85,29.456,0.0,188.125,128.25,223.054,8.271
02/08/2008,10:59:00,1006.628,75.188,72.934,29.566,0.0,244.5,157.25,234.146,8.04
02/08/2008,11:00:00,1006.628,75.5,72.756,29.695,0.0,225.75,147.5,230.254,8.904
02/08/2008,11:01:00,1006.551,75.063,71.593,29.773,0.0,241.25,155.125,236.419,8.076
02/08/2008,11:02:00,1006.551,75.688,71.567,29.747,0.0,263.0,165.375,244.436,10.334
02/08/2008,11:03:00,1006.551,77.375,71.573,29.682,0.0,253.25,159.5,261.883,6.817
02/08/2008,11:04:00,1006.551,78.75,72.338,29.773,0.0,244.375,154.875,254.07,8.332
02/08/2008,11:05:00,1006.589,76.438,71.907,29.844,0.0,227.25,146.875,236.507,8.831
02/08/2008,11:06:00,1006.551,73.063,71.554,29.883,0.0,164.875,116.563,247.453,9.214
02/08/2008,11:07:00,1006.474,73.0,71.612,29.63,0.0,133.0,100.125,251.388,7.529
02/08/2008,11:08:00,1006.513,72.875,72.066,29.417,0.0,162.5,115.375,235.151,8.703
02/08/2008,11:09:00,1006.474,74.063,73.128,29.43,0.0,197.875,133.25,252.627,5.697
02/08/2008,11:10:00,1006.474,75.688,72.312,29.682,0.0,255.25,162.25,234.714,7.316
02/08/2008,11:11:00,1006.436,76.25,71.599,29.786,0.0,256.25,162.875,238.299,9.573
02/08/2008,11:12:00,1006.398,76.875,71.939,29.987,0.0,265.75,167.75,230.808,7.815
02/08/2008,11:13:00,1006.436,77.25,71.156,30.149,0.0,264.25,166.625,233.184,6.908
02/08/2008,11:14:00,1006.436,77.75,70.922,30.266,0.0,268.5,168.5,229.831,7.468
02/08/2008,11:15:00,1006.398,76.938,70.498,30.518,0.0,267.75,168.25,221.771,7.863
02/08/2008,11:16:00,1006.398,76.25,69.62,30.881,0.0,270.25,169.5,221.581,10.334
02/08/2008,11:17:00,1006.398,75.875,68.72,30.855,0.0,266.0,167.375,231.099,7.437
02/08/2008,11:18:00,1006.321,76.5,68.814,30.778,0.0,268.25,168.125,237.294,9.847
02/08/2008,11:19:00,1006.321,77.0,69.517,30.667,0.0,271.75,169.875,256.242,7.815
02/08/2008,11:20:00,1006.283,77.688,70.566,30.829,0.0,271.75,169.875,235.005,6.22
02/08/2008,11:21:00,1006.245,76.875,69.53,31.108,0.0,271.75,170.125,236.521,8.466
02/08/2008,11:22:00,1006.206,76.438,68.788,31.16,0.0,272.5,170.625,237.891,9.598
02/08/2008,11:23:00,1006.168,76.5,69.112,31.147,0.0,273.25,171.0,232.382,6.592
02/08/2008,11:24:00,1006.13,77.5,69.277,31.212,0.0,275.25,171.875,249.581,5.113
02/08/2008,11:25:00,1006.168,77.188,68.872,31.257,0.0,274.25,172.125,247.424,7.279
02/08/2008,11:26:00,1006.168,79.063,68.192,31.108,0.0,273.25,172.0,248.08,7.456
02/08/2008,11:27:00,1006.13,77.938,69.708,31.147,0.0,276.0,173.5,232.411,7.723
02/08/2008,11:28:00,1006.13,76.688,67.901,31.251,0.0,275.75,173.75,247.365,8.295
02/08/2008,11:29:00,1006.13,77.375,69.371,31.361,0.0,275.0,173.375,241.535,5.149
02/08/2008,11:30:00,1006.091,76.5,67.943,31.575,0.0,275.25,174.0,228.432,7.352
02/08/2008,11:31:00,1006.091,78.0,67.577,31.704,0.0,278.0,175.75,253.881,6.293
02/08/2008,11:32:00,1006.053,78.313,68.668,31.678,0.0,274.75,174.625,246.724,6.281
02/08/2008,11:33:00,1006.015,78.25,68.309,31.743,0.0,275.0,174.625,233.606,5.259
02/08/2008,11:34:00,1006.053,77.438,67.609,31.97,0.0,274.0,174.625,241.229,5.198
02/08/2008,11:35:00,1006.053,77.813,67.544,32.035,0.0,276.0,176.25,241.229,6.373
02/08/2008,11:36:00,1006.015,79.063,67.512,32.022,0.0,274.5,175.875,241.492,7.675
02/08/2008,11:37:00,1006.053,78.75,67.386,31.931,0.0,273.0,175.5,238.27,6.908
02/08/2008,11:38:00,1006.053,77.25,67.424,31.892,0.0,270.0,175.0,240.442,6.08
02/08/2008,11:39:00,1006.053,76.875,67.366,31.834,0.0,260.5,171.0,241.783,7.529
02/08/2008,11:40:00,1006.091,78.188,67.227,31.795,0.0,247.875,164.75,244.13,8.18
02/08/2008,11:41:00,1006.091,77.875,67.512,31.575,0.0,260.0,171.875,247.992,6.981
02/08/2008,11:42:00,1006.053,78.813,67.638,31.64,0.0,273.5,178.875,239.466,6.805
02/08/2008,11:43:00,1006.091,77.0,67.476,31.769,0.0,272.75,179.5,246.812,6.482
02/08/2008,11:44:00,1006.053,79.063,67.463,31.866,0.0,270.25,178.375,238.635,4.803
02/08/2008,11:45:00,1006.053,77.875,67.399,32.113,0.0,274.0,180.625,248.473,9.871
02/08/2008,11:46:00,1006.053,79.813,67.033,32.009,0.0,275.5,181.875,249.698,9.427
02/08/2008,11:47:00,1006.053,78.375,67.227,31.931,0.0,276.75,183.25,238.606,9.561
02/08/2008,11:48:00,1006.053,79.125,67.292,31.834,0.0,276.0,183.625,247.905,11.764
02/08/2008,11:49:00,1006.053,79.438,67.386,31.678,0.0,272.0,182.375,247.482,9.202
02/08/2008,11:50:00,1006.091,78.563,67.344,31.717,0.0,274.5,184.625,240.806,8.843
02/08/2008,11:51:00,1006.053,77.75,67.392,31.84,0.0,276.25,186.25,230.254,5.77
02/08/2008,11:52:00,1006.091,78.625,67.344,32.255,0.0,275.25,186.5,213.39,6.342
02/08/2008,11:53:00,1006.13,78.313,67.159,32.638,0.0,271.25,184.875,214.833,6.957
02/08/2008,11:54:00,1006.13,76.188,66.009,32.56,0.0,266.25,183.0,230.137,10.395
02/08/2008,11:55:00,1006.13,76.563,67.081,32.411,0.0,261.5,180.0,223.972,8.691
02/08/2008,11:56:00,1006.13,77.5,66.835,32.547,0.0,271.5,185.0,237.76,10.967
02/08/2008,11:57:00,1006.13,76.75,65.831,32.398,0.0,276.5,187.5,247.482,7.924
02/08/2008,11:58:00,1006.13,78.438,66.9,32.1,0.0,277.75,188.125,242.381,9.178
02/08/2008,11:59:00,1006.13,79.75,67.146,31.983,0.0,277.25,187.75,246.666,8.076
02/08/2008,12:00:00,1006.13,78.875,67.311,32.1,0.0,273.5,186.375,238.926,9.975
02/08/2008,12:01:00,1006.13,77.688,66.942,32.19,0.0,267.0,183.875,239.407,10.157
02/08/2008,12:02:00,1006.13,79.25,66.336,31.957,0.0,264.5,183.25,237.265,10.176
02/08/2008,12:03:00,1006.091,77.938,67.081,31.996,0.0,260.0,181.5,225.371,7.602
02/08/2008,12:04:00,1006.091,80.813,67.279,32.216,0.0,253.75,178.375,266.999,7.206
02/08/2008,12:05:00,1006.053,78.813,66.216,32.385,0.0,252.625,178.25,245.296,9.999
02/08/2008,12:06:00,1006.053,78.75,66.715,32.229,0.0,256.75,181.0,249.071,8.703
02/08/2008,12:07:00,1005.977,78.125,67.191,32.333,0.0,249.625,177.75,248.736,7.377
02/08/2008,12:08:00,1005.977,77.875,66.994,32.417,0.0,258.0,182.75,240.005,9.938
02/08/2008,12:09:00,1005.938,78.813,66.236,32.534,0.0,256.75,182.375,247.365,8.265
02/08/2008,12:10:00,1005.938,79.0,66.197,32.689,0.0,267.0,188.625,245.864,7.504
02/08/2008,12:11:00,1005.9,81.25,65.99,32.787,0.0,270.0,190.625,239.291,10.011
02/08/2008,12:12:00,1005.823,79.688,66.187,32.748,0.0,265.25,188.625,228.942,11.253
02/08/2008,12:13:00,1005.785,78.375,64.83,32.864,0.0,258.25,185.375,235.516,8.052
02/08/2008,12:14:00,1005.785,79.625,64.396,33.026,0.0,254.25,184.0,222.485,5.362
02/08/2008,12:15:00,1005.785,79.5,64.736,33.331,0.0,255.75,185.5,234.524,5.222
02/08/2008,12:16:00,1005.785,79.063,64.059,33.675,0.0,241.5,178.625,240.544,7.328
02/08/2008,12:17:00,1005.747,81.188,62.644,33.37,0.0,238.875,177.75,259.929,8.253
02/08/2008,12:18:00,1005.747,80.75,64.092,33.195,0.0,235.375,176.625,251.184,6.695
02/08/2008,12:19:00,1005.747,81.188,65.037,33.104,0.0,232.25,174.5,246.695,6.671
02/08/2008,12:20:00,1005.747,80.063,65.335,33.117,0.0,251.75,185.25,252.846,7.663
02/08/2008,12:21:00,1005.785,79.938,64.811,33.117,0.0,253.625,185.75,265.337,8.052
02/08/2008,12:22:00,1005.785,80.875,65.161,33.169,0.0,249.5,182.625,265.002,7.729
02/08/2008,12:23:00,1005.747,80.813,67.02,33.37,0.0,247.375,180.5,241.681,5.271
02/08/2008,12:24:00,1005.747,79.125,64.289,33.396,0.0,252.375,182.25,241.564,6.02
02/08/2008,12:25:00,1005.67,78.188,64.283,33.383,0.0,260.25,186.25,249.45,8.417
02/08/2008,12:26:00,1005.67,80.438,64.61,33.422,0.0,264.75,188.875,259.623,7.742
02/08/2008,12:27:00,1005.632,82.188,64.186,33.474,0.0,262.0,187.625,257.976,6.695
02/08/2008,12:28:00,1005.632,80.938,64.83,33.623,0.0,259.25,186.75,240.632,6.02
02/08/2008,12:29:00,1005.632,79.813,64.778,33.759,0.0,259.75,188.0,238.606,7.364
02/08/2008,12:30:00,1005.632,79.625,63.726,33.746,0.0,256.5,187.25,251.898,6.068
02/08/2008,12:31:00,1005.67,81.063,64.484,33.746,0.0,258.75,189.5,257.947,8.441
02/08/2008,12:32:00,1005.67,81.438,63.033,33.675,0.0,255.125,188.875,236.39,9.366
02/08/2008,12:33:00,1005.67,81.438,63.276,33.5,0.0,244.25,184.875,251.301,8.052
02/08/2008,12:34:00,1005.67,80.938,63.288,33.169,0.0,222.625,175.625,242.22,7.699
02/08/2008,12:35:00,1005.632,79.813,65.031,33.001,0.0,218.625,176.75,246.637,6.506
02/08/2008,12:36:00,1005.67,78.625,65.446,33.078,0.0,184.875,161.875,256.358,4.803
02/08/2008,12:37:00,1005.632,80.5,64.772,33.156,0.0,181.25,163.25,234.626,7.875
02/08/2008,12:38:00,1005.593,80.188,64.186,33.104,0.0,84.0,111.375,245.471,5.837
02/08/2008,12:39:00,1005.593,77.438,65.711,33.026,0.0,82.563,115.313,240.034,6.08
02/08/2008,12:40:00,1005.555,78.813,64.448,32.968,0.0,80.938,118.0,251.272,5.746
02/08/2008,12:41:00,1005.555,78.75,66.064,32.89,0.0,88.5,127.313,226.887,6.196
02/08/2008,12:42:00,1005.517,81.25,65.718,32.864,0.0,119.188,148.625,222.281,3.458
02/08/2008,12:43:00,1005.517,85.25,65.604,33.052,0.0,184.625,189.375,273.047,8.417
02/08/2008,12:44:00,1005.517,86.188,64.746,33.286,0.0,193.625,198.0,260.615,8.253
02/08/2008,12:45:00,1005.517,88.688,64.581,33.448,0.0,213.375,212.5,267.217,5.089
02/08/2008,12:46:00,1005.479,88.5,64.516,33.947,0.0,164.0,186.875,259.682,6.354
02/08/2008,12:47:00,1005.44,88.25,64.51,34.141,0.0,112.5,159.375,277.347,3.318
02/08/2008,12:48:00,1005.44,86.313,63.318,34.154,0.0,97.5,151.5,259.886,5.21
02/08/2008,12:49:00,1005.44,85.25,64.542,34.141,0.0,62.375,131.875,255.163,5.101
02/08/2008,12:50:00,1005.44,86.563,62.971,34.038,0.0,84.188,144.25,248.852,4.699
02/08/2008,12:51:00,1005.44,85.938,63.888,34.025,0.0,83.625,143.5,246.126,4.65
02/08/2008,12:52:00,1005.364,85.188,63.535,34.012,0.0,89.75,146.0,241.229,3.92
02/08/2008,12:53:00,1005.364,85.5,64.276,33.96,0.0,67.875,133.625,248.327,4.115
02/08/2008,12:54:00,1005.364,85.813,64.516,33.934,0.0,74.125,138.375,256.125,4.377
02/08/2008,12:55:00,1005.364,86.125,63.761,33.863,0.0,65.625,134.125,274.782,5.77
02/08/2008,12:56:00,1005.325,84.938,65.951,33.85,0.0,39.031,119.438,266.561,3.732
02/08/2008,12:57:00,1005.287,85.313,63.603,33.824,0.0,42.688,123.25,264.885,5.837
02/08/2008,12:58:00,1005.287,85.813,63.781,33.759,0.0,59.781,135.25,253.706,4.176
02/08/2008,12:59:00,1005.268,85.938,63.833,33.701,0.0,67.688,142.25,254.478,4.997
02/08/2008,13:00:00,1005.268,88.0,64.325,33.759,0.0,91.125,157.375,278.746,6.135
02/08/2008,13:01:00,1005.287,87.313,63.476,33.908,0.0,87.813,157.5,280.32,6.409
02/08/2008,13:02:00,1005.287,88.375,63.998,34.225,0.0,113.25,173.375,274.84,4.194
02/08/2008,13:03:00,1005.287,89.25,62.757,34.465,0.0,140.375,190.25,280.379,2.849
02/08/2008,13:04:00,1005.287,89.25,63.509,34.724,0.0,92.813,164.125,267.625,3.756
02/08/2008,13:05:00,1005.287,89.625,62.142,34.724,0.0,69.625,151.625,276.006,3.792
02/08/2008,13:06:00,1005.325,87.563,62.531,34.647,0.0,57.313,144.75,276.37,6.421
02/08/2008,13:07:00,1005.287,89.313,62.958,34.491,0.0,77.438,155.5,240.486,6.969
02/08/2008,13:08:00,1005.287,86.375,63.554,34.303,0.0,84.375,158.5,283.512,6.47
02/08/2008,13:09:00,1005.268,87.688,62.44,34.05,0.0,110.938,170.125,271.998,5.661
02/08/2008,13:10:00,1005.287,86.563,63.11,34.012,0.0,79.875,148.75,271.429,8.101
02/08/2008,13:11:00,1005.268,87.063,63.554,33.934,0.0,87.563,149.125,272.712,5.807
02/08/2008,13:12:00,1005.287,86.25,64.477,33.882,0.0,99.75,151.25,272.654,6.519
02/08/2008,13:13:00,1005.268,85.063,63.35,33.986,0.0,102.0,146.875,267.713,4.188
02/08/2008,13:14:00,1005.268,83.438,63.013,33.96,0.0,86.5,131.625,282.915,6.044
02/08/2008,13:15:00,1005.268,81.75,62.822,33.934,0.0,126.063,146.125,272.027,7.699
02/08/2008,13:16:00,1005.287,82.688,63.774,33.863,0.0,173.75,166.5,289.795,5.186
02/08/2008,13:17:00,1005.287,83.688,64.364,34.154,0.0,233.75,195.375,314.485,4.638
02/08/2008,13:18:00,1005.287,82.875,62.333,34.368,0.0,207.5,179.0,274.213,6.33
02/08/2008,13:19:00,1005.325,84.375,63.178,34.42,0.0,246.0,200.25,273.805,7.456
02/08/2008,13:20:00,1005.364,84.125,64.173,34.595,0.0,230.875,194.375,265.366,7.328
02/08/2008,13:21:00,1005.364,83.25,63.23,34.582,0.0,147.0,151.875,251.578,8.8
02/08/2008,13:22:00,1005.364,82.313,63.978,34.381,0.0,130.5,146.0,236.361,5.794
02/08/2008,13:23:00,1005.325,82.875,63.761,34.238,0.0,126.5,146.875,255.163,4.103
02/08/2008,13:24:00,1005.287,83.438,63.457,34.225,0.0,115.813,144.375,254.362,6.068
02/08/2008,13:25:00,1005.325,84.188,63.907,34.05,0.0,106.375,142.25,250.951,6.135
02/08/2008,13:26:00,1005.287,82.938,62.997,33.85,0.0,111.563,147.125,278.367,5.052
02/08/2008,13:27:00,1005.287,83.438,63.661,33.798,0.0,105.063,144.125,265.687,6.16
02/08/2008,13:28:00,1005.287,83.438,65.799,33.934,0.0,109.188,145.25,266.561,4.517
02/08/2008,13:29:00,1005.287,84.563,63.444,33.999,0.0,118.563,148.0,263.063,5.125
02/08/2008,13:30:00,1005.364,84.375,64.059,34.05,0.0,146.125,161.75,230.166,6.969
02/08/2008,13:31:00,1005.364,84.5,65.313,33.947,0.0,133.625,154.0,280.32,6.695
02/08/2008,13:32:00,1005.364,83.0,64.325,33.96,0.0,109.688,141.625,305.157,6.196
02/08/2008,13:33:00,1005.364,84.25,64.283,34.102,0.0,99.938,138.0,275.117,3.33
02/08/2008,13:34:00,1005.364,82.75,64.053,34.115,0.0,64.125,119.688,256.563,8.618
02/08/2008,13:35:00,1005.325,82.25,63.946,33.746,0.0,51.563,113.0,265.993,7.851
02/08/2008,13:36:00,1005.287,82.813,64.581,33.688,0.0,37.625,104.813,256.038,6.829
02/08/2008,13:37:00,1005.287,83.313,65.426,33.688,0.0,42.875,107.5,271.488,4.9
02/08/2008,13:38:00,1005.287,82.5,64.484,33.811,0.0,54.438,112.875,282.201,4.723
02/08/2008,13:39:00,1005.287,82.563,65.015,33.908,0.0,47.094,106.625,247.905,3.932
02/08/2008,13:40:00,1005.325,81.0,64.548,33.85,0.0,29.781,94.875,267.421,5.624
02/08/2008,13:41:00,1005.325,81.688,66.748,33.908,0.0,47.188,103.188,275.0,2.971
02/08/2008,13:42:00,1005.325,82.063,63.635,33.973,0.0,36.938,98.0,236.609,7.127
02/08/2008,13:43:00,1005.364,79.688,64.717,33.713,0.0,27.547,94.375,259.594,7.103
02/08/2008,13:44:00,1005.325,84.0,65.021,33.577,0.0,104.188,137.0,265.395,9.36
02/08/2008,13:45:00,1005.364,83.0,66.615,33.597,0.0,120.75,151.375,263.879,7.206
02/08/2008,13:46:00,1005.364,83.938,64.351,33.675,0.0,84.438,134.75,256.563,6.841
02/08/2008,13:47:00,1005.325,83.938,64.642,33.759,0.0,77.5,132.25,248.502,5.837
02/08/2008,13:48:00,1005.287,86.188,64.691,33.85,0.0,189.375,193.25,235.486,7.985
02/08/2008,13:49:00,1005.287,85.938,64.73,33.934,0.0,154.125,174.125,258.88,7.626
02/08/2008,13:50:00,1005.287,86.75,64.302,34.141,0.0,152.5,173.875,259.915,5.758
02/08/2008,13:51:00,1005.287,83.625,62.997,34.187,0.0,115.875,156.25,268.485,6.853
02/08/2008,13:52:00,1005.287,84.813,62.978,34.154,0.0,130.125,161.75,258.851,8.155
02/08/2008,13:53:00,1005.287,82.625,65.173,34.187,0.0,60.469,125.188,273.747,3.64
02/08/2008,13:54:00,1005.287,84.438,65.452,34.42,0.0,114.625,153.375,270.599,4.924
02/08/2008,13:55:00,1005.268,85.688,63.071,34.433,0.0,131.0,161.875,255.192,5.721
02/08/2008,13:56:00,1005.229,86.25,64.535,34.491,0.0,114.438,151.0,259.303,4.401
02/08/2008,13:57:00,1005.229,86.25,64.098,34.724,0.0,147.875,169.5,235.72,4.827
02/08/2008,13:58:00,1005.268,85.063,63.211,34.887,0.0,65.125,127.813,233.927,7.364
02/08/2008,13:59:00,1005.268,83.5,64.49,34.77,0.0,69.563,129.5,284.168,8.265
02/08/2008,14:00:00,1005.268,84.688,63.535,34.595,0.0,152.25,169.5,267.246,6.555
02/08/2008,14:01:00,1005.229,86.75,63.45,34.569,0.0,170.75,174.625,264.564,6.36
02/08/2008,14:02:00,1005.229,86.063,62.99,34.634,0.0,171.125,170.875,255.309,9.178
02/08/2008,14:03:00,1005.191,85.313,63.25,34.621,0.0,173.25,168.75,272.8,6.579
02/08/2008,14:04:00,1005.191,85.563,62.314,34.673,0.0,179.75,169.25,258.967,7.328
02/08/2008,14:05:00,1005.191,83.438,62.168,34.647,0.0,136.625,146.0,275.059,5.435
02/08/2008,14:06:00,1005.191,84.563,63.117,34.699,0.0,138.125,145.125,270.293,6.147
02/08/2008,14:07:00,1005.229,84.313,64.15,34.835,0.0,155.375,153.625,259.274,8.928
02/08/2008,14:08:00,1005.268,85.875,63.415,34.724,0.0,216.5,184.0,272.391,7.054
02/08/2008,14:09:00,1005.268,83.938,62.288,34.737,0.0,165.125,156.125,259.026,6.233
02/08/2008,14:10:00,1005.287,85.063,63.149,34.835,0.0,216.25,177.625,253.91,9.725
02/08/2008,14:11:00,1005.325,84.875,62.958,34.835,0.0,252.125,191.0,266.08,11.831
02/08/2008,14:12:00,1005.287,83.563,62.637,34.757,0.0,260.25,190.25,277.289,10.322
02/08/2008,14:13:00,1005.325,81.5,63.356,34.757,0.0,249.875,181.125,264.652,10.644
02/08/2008,14:14:00,1005.287,81.688,61.902,34.686,0.0,208.75,157.875,272.858,8.63
02/08/2008,14:15:00,1005.364,79.125,62.657,34.608,0.0,112.0,107.938,248.983,6.659
02/08/2008,14:16:00,1005.364,80.188,63.985,34.673,0.0,121.875,112.563,263.092,5.922
02/08/2008,14:17:00,1005.402,81.875,63.859,34.737,0.0,228.125,165.25,267.101,7.961
02/08/2008,14:18:00,1005.364,78.313,62.803,34.77,0.0,71.75,89.5,283.206,8.076
02/08/2008,14:19:00,1005.364,77.688,62.919,34.53,0.0,97.313,102.813,260.76,7.936
02/08/2008,14:20:00,1005.402,79.063,63.719,34.465,0.0,131.0,120.313,273.63,8.8
02/08/2008,14:21:00,1005.402,80.25,65.844,34.569,0.0,88.563,101.5,261.3,4.815
02/08/2008,14:22:00,1005.44,81.625,65.507,34.809,0.0,145.25,130.5,262.422,5.782
02/08/2008,14:23:00,1005.44,83.75,63.648,34.977,0.0,185.0,150.75,272.96,4.815
02/08/2008,14:24:00,1005.44,84.375,61.617,35.113,0.0,218.5,166.0,263.777,8.332
02/08/2008,14:25:00,1005.44,83.75,63.535,35.178,0.0,179.625,145.625,246.272,8.18
02/08/2008,14:26:00,1005.517,83.0,63.706,35.321,0.0,167.875,137.375,252.365,9.202
02/08/2008,14:27:00,1005.479,80.438,62.459,35.243,0.0,166.875,134.375,239.524,8.581
02/08/2008,14:28:00,1005.479,81.438,62.965,35.074,0.0,208.875,151.75,259.448,7.541
02/08/2008,14:29:00,1005.44,79.75,62.842,35.061,0.0,189.75,140.625,248.357,8.466
02/08/2008,14:30:00,1005.44,80.875,62.958,35.016,0.0,185.375,137.0,259.332,7.255
02/08/2008,14:31:00,1005.44,81.688,62.978,35.23,0.0,241.125,161.75,265.279,7.541
02/08/2008,14:32:00,1005.44,80.875,61.789,35.45,0.0,209.125,146.125,280.087,4.815
02/08/2008,14:33:00,1005.479,78.688,62.074,35.476,0.0,143.5,115.063,262.917,5.898
02/08/2008,14:34:00,1005.479,78.813,62.702,35.411,0.0,126.938,107.125,262.451,4.218
02/08/2008,14:35:00,1005.517,78.813,62.556,35.411,0.0,124.688,106.313,276.283,4.127
02/08/2008,14:36:00,1005.479,77.875,63.276,35.36,0.0,88.563,90.813,249.989,8.466
02/08/2008,14:37:00,1005.517,76.938,63.136,35.243,0.0,101.938,97.688,247.905,8.125
02/08/2008,14:38:00,1005.517,78.625,63.288,35.049,0.0,130.125,111.188,264.535,8.788
02/08/2008,14:39:00,1005.517,79.188,64.377,34.925,0.0,101.938,98.063,266.853,7.115
02/08/2008,14:40:00,1005.517,80.938,64.911,35.016,0.0,165.5,126.313,283.833,4.279
02/08/2008,14:41:00,1005.593,80.75,63.007,35.061,0.0,206.0,143.625,274.403,7.194
02/08/2008,14:42:00,1005.67,80.875,63.706,35.321,0.0,192.375,136.25,282.798,7.565
02/08/2008,14:43:00,1005.632,80.25,63.311,35.476,0.0,209.0,141.875,270.293,7.018
02/08/2008,14:44:00,1005.632,78.688,61.643,35.321,0.0,137.125,107.688,271.969,7.389
02/08/2008,14:45:00,1005.67,78.0,62.709,35.139,0.0,89.313,83.938,242.614,9.896
02/08/2008,14:46:00,1005.67,78.375,64.351,35.126,0.0,133.625,102.125,266.255,7.973
02/08/2008,14:47:00,1005.67,80.25,64.39,35.165,0.0,242.375,149.125,270.059,7.03
02/08/2008,14:48:00,1005.632,79.563,62.822,35.36,0.0,174.25,117.688,251.782,6.756
02/08/2008,14:49:00,1005.632,78.188,62.932,35.178,0.0,134.375,99.25,270.234,6.908
02/08/2008,14:50:00,1005.67,78.0,62.816,35.061,0.0,185.25,120.5,269.433,9.847
02/08/2008,14:51:00,1005.67,78.688,63.311,35.126,0.0,240.625,143.625,292.36,9.914
02/08/2008,14:52:00,1005.67,79.438,62.99,35.282,0.0,255.125,149.0,284.839,6.628
02/08/2008,14:53:00,1005.67,80.125,64.105,35.347,0.0,254.75,147.75,268.427,5.162
02/08/2008,14:54:00,1005.67,79.125,61.695,35.502,0.0,226.75,134.875,272.625,7.291
02/08/2008,14:55:00,1005.67,78.75,62.913,35.619,0.0,178.875,113.375,291.208,5.697
02/08/2008,14:56:00,1005.708,77.563,62.113,35.664,0.0,134.625,93.688,276.822,10.036
02/08/2008,14:57:00,1005.785,78.438,62.663,35.463,0.0,181.125,112.875,253.254,7.778
02/08/2008,14:58:00,1005.747,77.813,63.8,35.437,0.0,140.5,95.438,261.139,7.638
02/08/2008,14:59:00,1005.747,77.188,63.263,35.308,0.0,174.0,108.938,279.548,10.681
02/08/2008,15:00:00,1005.785,76.938,63.263,35.269,0.0,169.25,107.5,278.688,7.352
02/08/2008,15:01:00,1005.823,76.688,63.421,35.256,0.0,158.75,102.563,264.113,8.569
02/08/2008,15:02:00,1005.862,77.5,63.865,35.23,0.0,222.125,128.375,284.168,8.192
02/08/2008,15:03:00,1005.823,79.5,63.732,35.36,0.0,243.25,136.625,270.861,6.36
02/08/2008,15:04:00,1005.862,78.688,63.463,35.593,0.0,223.625,127.5,274.519,7.729
02/08/2008,15:05:00,1005.823,79.0,62.605,35.638,0.0,207.375,119.938,317.488,7.687
02/08/2008,15:06:00,1005.9,76.75,62.939,35.625,0.0,183.25,109.313,287.667,11.295
02/08/2008,15:07:00,1005.862,78.25,63.985,35.437,0.0,232.25,128.75,290.305,6.421
02/08/2008,15:08:00,1005.862,78.125,63.104,35.567,0.0,212.125,119.875,283.717,7.115
02/08/2008,15:09:00,1005.823,78.063,62.278,35.593,0.0,234.5,127.625,258.909,12.025
02/08/2008,15:10:00,1005.9,77.938,63.415,35.45,0.0,210.0,117.375,263.34,11.606
02/08/2008,15:11:00,1005.9,77.75,63.541,35.45,0.0,209.25,116.125,280.583,8.454
02/08/2008,15:12:00,1005.9,77.25,62.126,35.411,0.0,209.625,115.438,279.927,11.514
02/08/2008,15:13:00,1005.9,78.938,63.13,35.308,0.0,231.375,123.063,261.445,10.486
02/08/2008,15:14:00,1005.9,78.375,63.642,35.399,0.0,234.125,122.688,255.557,7.778
02/08/2008,15:15:00,1005.862,77.188,64.364,35.664,0.0,164.875,95.0,310.929,5.399
02/08/2008,15:16:00,1005.9,77.25,62.725,35.768,0.0,178.375,99.313,288.949,7.328
02/08/2008,15:17:00,1005.9,77.563,63.719,35.69,0.0,214.125,112.0,298.292,5.624
02/08/2008,15:18:00,1005.9,78.438,63.515,35.846,0.0,194.625,103.188,268.354,6.555
02/08/2008,15:19:00,1005.938,78.563,63.502,35.846,0.0,229.0,114.813,281.953,7.687
02/08/2008,15:20:00,1005.9,77.875,63.489,35.898,0.0,191.0,99.75,258.545,8.88
02/08/2008,15:21:00,1005.9,78.25,64.15,35.807,0.0,240.375,115.563,253.647,9.561
02/08/2008,15:22:00,1005.938,77.688,63.742,35.716,0.0,239.75,114.125,269.943,10.17
02/08/2008,15:23:00,1005.977,77.25,63.298,35.742,0.0,237.0,111.875,269.491,9.61
02/08/2008,15:24:00,1005.977,76.375,63.528,35.664,0.0,236.875,110.563,285.247,12.439
02/08/2008,15:25:00,1006.015,75.813,63.528,35.664,0.0,234.75,108.688,268.922,9.166
02/08/2008,15:26:00,1006.015,76.625,63.117,35.625,0.0,234.625,107.313,267.188,9.439
02/08/2008,15:27:00,1006.015,76.188,63.901,35.677,0.0,231.25,104.75,270.395,6.981
02/08/2008,15:28:00,1006.015,75.75,62.586,35.716,0.0,230.25,103.375,241.987,8.441
02/08/2008,15:29:00,1006.015,76.125,64.059,35.82,0.0,227.0,101.313,268.048,7.827
02/08/2008,15:30:00,1006.053,75.875,63.881,35.982,0.0,231.875,102.125,288.978,5.983
02/08/2008,15:31:00,1006.053,76.688,64.441,36.098,0.0,233.5,101.563,266.313,7.802
02/08/2008,15:32:00,1006.015,76.25,63.463,36.209,0.0,228.5,98.688,271.735,7.626
02/08/2008,15:33:00,1006.015,77.0,63.489,36.235,0.0,229.75,98.313,323.056,5.697
02/08/2008,15:34:00,1006.053,77.625,64.477,36.403,0.0,232.625,98.375,292.957,5.758
02/08/2008,15:35:00,1006.053,76.313,63.654,36.565,0.0,232.125,97.375,282.113,5.271
02/08/2008,15:36:00,1006.053,76.188,62.997,36.617,0.0,230.125,95.875,262.844,8.076
02/08/2008,15:37:00,1006.091,76.563,63.211,36.455,0.0,230.75,95.063,276.822,3.519
02/08/2008,15:38:00,1006.091,76.563,62.822,36.552,0.0,233.0,94.813,292.637,7.541
02/08/2008,15:39:00,1006.053,76.188,63.654,36.578,0.0,232.5,93.813,271.488,9.013
02/08/2008,15:40:00,1006.091,74.813,63.091,36.299,0.0,230.375,92.625,282.857,7.663
02/08/2008,15:41:00,1006.091,74.625,63.894,36.073,0.0,224.25,90.375,289.372,8.843
02/08/2008,15:42:00,1006.091,75.688,64.581,35.969,0.0,225.25,90.125,290.669,5.289
02/08/2008,15:43:00,1006.13,75.875,64.535,35.995,0.0,225.875,89.625,295.668,10.772
02/08/2008,15:44:00,1006.091,74.938,64.642,35.995,0.0,223.5,88.0,291.019,9.378
02/08/2008,15:45:00,1006.053,75.25,63.933,35.846,0.0,222.75,87.063,274.374,8.204
02/08/2008,15:46:00,1006.053,75.125,64.471,35.716,0.0,224.75,87.0,262.334,10.486
02/08/2008,15:47:00,1006.015,75.313,65.439,35.651,0.0,222.0,85.5,267.596,5.314
02/08/2008,15:48:00,1006.053,75.375,64.244,35.69,0.0,223.375,85.5,284.722,7.504
02/08/2008,15:49:00,1006.053,75.0,64.856,35.716,0.0,225.375,85.438,282.521,7.042
02/08/2008,15:50:00,1006.091,75.563,65.096,35.859,0.0,224.875,84.625,286.18,6.093
02/08/2008,15:51:00,1006.13,75.688,64.817,35.872,0.0,219.75,82.688,278.338,6.993
02/08/2008,15:52:00,1006.13,75.25,64.785,35.898,0.0,220.125,82.313,285.815,6.269
02/08/2008,15:53:00,1006.168,75.813,65.196,35.982,0.0,219.75,81.5,287.433,8.253
02/08/2008,15:54:00,1006.168,75.438,65.063,35.872,0.0,216.625,79.875,288.745,10.322
02/08/2008,15:55:00,1006.168,74.875,64.791,35.768,0.0,214.0,78.438,282.74,8.076
02/08/2008,15:56:00,1006.245,75.063,66.016,35.781,0.0,217.125,78.625,301.673,6.494
02/08/2008,15:57:00,1006.206,75.75,65.203,35.943,0.0,217.0,77.875,283.542,10.51
02/08/2008,15:58:00,1006.245,75.438,64.61,36.008,0.0,214.0,76.188,300.712,8.015
02/08/2008,15:59:00,1006.321,76.188,64.717,36.137,0.0,217.375,76.375,303.248,8.228
02/08/2008,16:00:00,1006.283,74.688,63.45,35.969,0.0,215.625,75.0,279.956,11.867
02/08/2008,16:01:00,1006.321,74.75,64.205,35.846,0.0,216.875,74.438,310.929,9.403
02/08/2008,16:02:00,1006.283,75.375,64.765,35.716,0.0,215.125,73.188,270.293,6.458
02/08/2008,16:03:00,1006.321,74.938,64.629,35.716,0.0,215.75,72.625,285.218,9.677
02/08/2008,16:04:00,1006.36,75.063,66.051,35.716,0.0,213.625,71.5,276.4,7.492
02/08/2008,16:05:00,1006.398,74.875,65.413,35.82,0.0,212.875,70.563,282.638,7.151
02/08/2008,16:06:00,1006.436,73.813,64.765,35.58,0.0,212.25,69.75,310.812,12.5
02/08/2008,16:07:00,1006.436,73.938,66.122,35.36,0.0,210.625,68.688,289.255,13.845
02/08/2008,16:08:00,1006.474,74.0,66.097,35.204,0.0,208.125,67.438,286.413,7.711
02/08/2008,16:09:00,1006.474,74.063,66.32,35.139,0.0,205.0,66.063,301.367,12.451
02/08/2008,16:10:00,1006.474,75.125,66.816,35.191,0.0,206.75,65.875,314.514,10.449
02/08/2008,16:11:00,1006.474,74.625,66.702,35.139,0.0,203.875,64.5,292.418,12.713
02/08/2008,16:12:00,1006.474,74.75,66.893,35.165,0.0,202.375,63.531,296.251,10.693
02/08/2008,16:13:00,1006.513,74.313,66.79,35.256,0.0,202.25,62.938,277.318,11.344
02/08/2008,16:14:00,1006.513,74.438,66.689,35.204,0.0,199.75,61.5,280.116,8.441
02/08/2008,16:15:00,1006.513,74.438,66.809,35.178,0.0,197.5,60.219,294.517,10.249
02/08/2008,16:16:00,1006.513,74.125,66.822,35.113,0.0,195.25,59.125,285.101,12.914
02/08/2008,16:17:00,1006.513,74.0,66.854,35.003,0.0,196.0,58.656,296.441,10.176
02/08/2008,16:18:00,1006.474,74.563,67.344,34.938,0.0,192.25,57.219,285.611,5.6
02/08/2008,16:19:00,1006.551,74.125,66.948,35.016,0.0,195.25,57.219,313.567,7.413
02/08/2008,16:20:00,1006.513,74.438,67.279,35.049,0.0,192.875,56.063,302.213,6.373
02/08/2008,16:21:00,1006.474,74.813,67.709,35.126,0.0,188.75,54.531,313.217,6.281
02/08/2008,16:22:00,1006.551,74.75,67.159,35.152,0.0,188.75,53.844,294.182,10.036
02/08/2008,16:23:00,1006.474,75.125,67.875,35.113,0.0,184.875,52.219,249.931,5.709
02/08/2008,16:24:00,1006.513,74.438,67.816,35.074,0.0,186.875,52.031,283.746,4.164
02/08/2008,16:25:00,1006.551,74.375,67.93,35.074,0.0,183.5,50.688,291.646,8.113
02/08/2008,16:26:00,1006.551,74.438,67.616,35.049,0.0,183.0,49.938,271.677,10.37
02/08/2008,16:27:00,1006.589,73.5,67.564,34.912,0.0,182.125,49.281,293.861,11.32
02/08/2008,16:28:00,1006.589,74.313,68.548,34.861,0.0,182.5,48.844,281.778,7.949
02/08/2008,16:29:00,1006.589,74.688,68.613,34.925,0.0,180.125,47.75,295.217,11.119
02/08/2008,16:30:00,1006.551,74.0,68.662,34.899,0.0,178.25,46.656,278.542,3.695
02/08/2008,16:31:00,1006.589,73.75,68.364,34.835,0.0,176.875,45.719,291.675,8.965
02/08/2008,16:32:00,1006.589,74.313,69.005,34.848,0.0,174.875,44.719,298.19,5.277
02/08/2008,16:33:00,1006.589,74.313,69.076,34.977,0.0,174.125,43.906,295.479,6.007
02/08/2008,16:34:00,1006.589,74.313,68.707,35.1,0.0,172.75,42.938,277.056,4.03
02/08/2008,16:35:00,1006.628,73.875,68.341,35.113,0.0,172.25,42.094,294.459,13.62
02/08/2008,16:36:00,1006.628,73.625,67.969,34.912,0.0,170.25,41.156,281.035,7.699
02/08/2008,16:37:00,1006.666,73.875,68.633,34.796,0.0,170.125,40.5,295.012,6.634
02/08/2008,16:38:00,1006.743,73.938,68.62,34.737,0.0,168.0,39.406,300.099,10.273
02/08/2008,16:39:00,1006.666,74.0,69.057,34.699,0.0,166.875,38.563,281.21,4.504
02/08/2008,16:40:00,1006.704,73.875,69.588,34.77,0.0,165.375,37.625,265.905,4.565
02/08/2008,16:41:00,1006.743,74.063,69.079,34.822,0.0,162.625,36.594,249.931,5.247
02/08/2008,16:42:00,1006.743,73.813,69.031,34.796,0.0,161.25,35.781,278.367,5.545
02/08/2008,16:43:00,1006.743,73.688,69.005,34.783,0.0,158.625,34.75,284.198,7.005
02/08/2008,16:44:00,1006.781,73.438,68.84,34.724,0.0,157.875,33.938,300.449,6.732
02/08/2008,16:45:00,1006.819,73.688,68.905,34.699,0.0,156.625,33.125,285.699,8.727
02/08/2008,16:46:00,1006.896,73.625,69.39,34.724,0.0,154.375,32.313,292.666,7.456
02/08/2008,16:47:00,1006.896,73.563,68.947,34.621,0.0,151.25,31.328,280.947,9.652
02/08/2008,16:48:00,1006.896,73.25,69.018,34.569,0.0,149.875,30.625,270.147,5.472
02/08/2008,16:49:00,1006.934,73.063,69.653,34.608,0.0,147.875,29.813,270.424,5.375
02/08/2008,16:50:00,1006.896,73.0,68.953,34.569,0.0,145.375,28.938,275.948,5.934
02/08/2008,16:51:00,1006.896,73.25,68.918,34.53,0.0,144.125,28.344,285.189,6.805
02/08/2008,16:52:00,1006.972,73.125,69.475,34.53,0.0,142.5,27.672,292.068,6.306
02/08/2008,16:53:00,1006.972,73.125,69.348,34.543,0.0,140.875,26.875,301.615,5.271
02/08/2008,16:54:00,1006.992,72.938,69.092,34.465,0.0,138.875,26.063,299.895,9.086
02/08/2008,16:55:00,1006.972,73.188,69.455,34.452,0.0,137.5,25.469,296.383,2.636
02/08/2008,16:56:00,1006.992,73.125,69.138,34.465,0.0,135.5,24.734,294.4,7.005
02/08/2008,16:57:00,1006.992,73.063,69.462,34.478,0.0,133.625,23.953,282.798,4.675
02/08/2008,16:58:00,1007.03,73.0,68.872,34.452,0.0,131.875,23.219,267.392,5.472
02/08/2008,16:59:00,1007.068,73.0,68.979,34.368,0.0,129.0,22.328,292.637,7.961
02/08/2008,17:00:00,1007.106,72.625,69.348,34.316,0.0,126.375,21.563,293.948,7.614
02/08/2008,17:01:00,1007.145,72.688,69.675,34.238,0.0,124.5,20.844,311.905,5.04
02/08/2008,17:02:00,1007.145,72.875,69.847,34.225,0.0,122.125,20.047,288.978,7.425
02/08/2008,17:03:00,1007.183,72.688,69.588,34.187,0.0,120.063,19.234,300.099,9.141
02/08/2008,17:04:00,1007.183,72.375,69.912,34.115,0.0,118.0,18.484,296.324,6.683
02/08/2008,17:05:00,1007.145,72.563,69.925,34.076,0.0,114.625,17.594,272.887,6.123
02/08/2008,17:06:00,1007.183,72.625,70.168,34.038,0.0,112.563,16.797,275.569,6.519
02/08/2008,17:07:00,1007.183,72.5,70.359,34.038,0.0,110.063,16.063,285.582,4.961
02/08/2008,17:08:00,1007.183,72.375,70.479,34.025,0.0,107.938,15.313,296.31,2.697
02/08/2008,17:09:00,1007.221,72.563,70.22,33.999,0.0,105.688,14.578,293.293,3.945
02/08/2008,17:10:00,1007.26,72.125,70.213,33.921,0.0,103.188,13.875,291.952,6.555
02/08/2008,17:11:00,1007.221,72.188,70.566,33.837,0.0,100.313,13.281,278.571,4.255
02/08/2008,17:12:00,1007.298,72.375,70.922,33.798,0.0,97.438,12.547,286.063,4.961
02/08/2008,17:13:00,1007.298,72.188,70.871,33.759,0.0,94.438,11.844,295.362,5.198
02/08/2008,17:14:00,1007.298,72.125,71.22,33.701,0.0,91.625,11.195,279.038,3.64
02/08/2008,17:15:00,1007.375,72.188,71.068,33.688,0.0,88.75,10.539,260.644,4.34
02/08/2008,17:16:00,1007.375,72.25,71.321,33.61,0.0,85.188,9.867,310.958,4.754
02/08/2008,17:17:00,1007.375,72.063,71.295,33.577,0.0,82.438,9.156,288.264,5.399
02/08/2008,17:18:00,1007.413,72.063,71.473,33.526,0.0,79.5,8.594,280.67,4.73
02/08/2008,17:19:00,1007.375,71.75,71.492,33.448,0.0,75.875,7.859,285.524,5.35
02/08/2008,17:20:00,1007.375,71.75,71.68,33.383,0.0,72.875,7.316,279.431,4.078
02/08/2008,17:21:00,1007.413,71.563,71.894,33.292,0.0,69.688,6.773,288.41,3.841
02/08/2008,17:22:00,1007.375,71.5,72.092,33.234,0.0,65.688,6.207,304.078,5.277
02/08/2008,17:23:00,1007.375,71.625,72.199,33.117,0.0,61.156,5.852,295.1,7.516
02/08/2008,17:24:00,1007.413,71.5,72.085,33.078,0.0,46.031,4.688,329.542,3.932
02/08/2008,17:25:00,1007.375,71.25,72.179,32.994,0.0,21.594,3.469,322.035,3.245
02/08/2008,17:26:00,1007.375,71.0,72.616,32.852,0.0,3.162,2.547,296.47,3.056
02/08/2008,17:27:00,1007.413,71.125,72.837,32.677,0.0,18.016,2.656,313.684,3.853
02/08/2008,17:28:00,1007.413,71.375,73.028,32.586,0.0,33.0,2.818,283.061,3.342
02/08/2008,17:29:00,1007.451,71.25,73.238,32.534,0.0,29.75,2.385,293.263,4.924
02/08/2008,17:30:00,1007.451,71.313,73.258,32.495,0.0,28.141,1.925,277.507,2.685
02/08/2008,17:31:00,1007.451,71.188,73.497,32.43,0.0,24.031,1.897,293.059,2.959
02/08/2008,17:32:00,1007.49,71.25,73.698,32.398,0.0,15.781,1.464,294.298,3.531
02/08/2008,17:33:00,1007.49,71.063,73.646,32.346,0.0,11.383,1.139,314.762,1.462
02/08/2008,17:34:00,1007.528,71.0,73.844,32.255,0.0,6.832,0.868,287.287,3.33
02/08/2008,17:35:00,1007.566,70.938,74.116,32.177,0.0,4.363,0.542,290.523,2.734
02/08/2008,17:36:00,1007.566,71.063,74.401,32.1,0.0,1.677,0.353,297.155,3.409
02/08/2008,17:37:00,1007.604,71.063,74.582,32.035,0.0,0.412,0.19,294.4,3.184
02/08/2008,17:38:00,1007.604,70.875,74.621,31.97,0.0,0.38,0.163,310.9,3.294
02/08/2008,17:39:00,1007.604,70.688,74.699,31.905,0.0,0.348,0.136,290.961,2.509
02/08/2008,17:40:00,1007.604,70.813,75.045,31.84,0.0,0.348,0.136,292.637,3.221
02/08/2008,17:41:00,1007.681,71.0,75.078,31.756,0.0,0.316,0.163,314.281,0.951
02/08/2008,17:42:00,1007.681,70.875,75.557,31.666,0.0,0.316,0.136,286.267,2.575
02/08/2008,17:43:00,1007.681,70.875,75.677,31.627,0.0,0.316,0.136,296.31,1.906
02/08/2008,17:44:00,1007.681,70.688,75.79,31.575,0.0,0.316,0.136,291.15,1.657
02/08/2008,17:45:00,1007.681,70.5,75.936,31.542,0.0,0.253,0.136,276.72,2.095
02/08/2008,17:46:00,1007.719,70.75,76.101,31.465,0.0,0.253,0.136,281.399,1.918
02/08/2008,17:47:00,1007.719,70.813,76.202,31.387,0.0,0.316,0.136,322.546,1.498
02/08/2008,17:48:00,1007.719,70.75,76.432,31.27,0.0,0.253,0.136,285.072,3.367
02/08/2008,17:49:00,1007.719,70.938,76.943,31.199,0.0,0.316,0.136,299.895,4.127
02/08/2008,17:50:00,1007.758,70.75,76.739,31.186,0.0,0.253,0.136,292.578,1.285
02/08/2008,17:51:00,1007.758,70.875,77.037,31.134,0.0,0.253,0.136,294.429,1.784
02/08/2008,17:52:00,1007.758,70.75,77.147,31.134,0.0,0.253,0.136,300.07,2.922
02/08/2008,17:53:00,1007.758,70.813,77.122,31.095,0.0,0.253,0.136,280.743,2.947
02/08/2008,17:54:00,1007.758,70.625,77.115,31.03,0.0,0.253,0.136,284.139,2.241
02/08/2008,17:55:00,1007.758,70.688,77.232,30.959,0.0,0.253,0.136,273.951,2.697
02/08/2008,17:56:00,1007.758,70.813,77.455,30.92,0.0,0.253,0.136,285.072,2.022
02/08/2008,17:57:00,1007.758,70.75,77.601,30.855,0.0,0.253,0.136,299.239,3.732
02/08/2008,17:58:00,1007.758,70.875,77.802,30.817,0.0,0.316,0.136,271.765,2.91
02/08/2008,17:59:00,1007.758,70.75,77.75,30.817,0.0,0.316,0.136,295.654,4.316
02/08/2008,18:00:00,1007.796,70.875,77.808,30.804,0.0,0.253,0.136,276.997,4.59
02/08/2008,18:01:00,1007.758,71.0,77.795,30.791,0.0,0.316,0.136,268.135,4.9
02/08/2008,18:02:00,1007.758,70.813,77.915,30.778,0.0,0.348,0.136,281.399,3.616
02/08/2008,18:03:00,1007.758,70.688,77.847,30.739,0.0,0.38,0.136,294.634,3.008
02/08/2008,18:04:00,1007.796,70.625,78.2,30.667,0.0,0.348,0.136,284.081,5.314
02/08/2008,18:05:00,1007.834,70.875,78.213,30.674,0.0,0.348,0.136,289.168,3.695
02/08/2008,18:06:00,1007.834,70.813,78.194,30.667,0.0,0.348,0.136,317.823,2.332
02/08/2008,18:07:00,1007.834,70.563,78.284,30.564,0.0,0.348,0.136,273.66,2.722
02/08/2008,18:08:00,1007.854,70.5,78.582,30.479,0.0,0.348,0.136,299.181,4.316
02/08/2008,18:09:00,1007.854,70.75,78.689,30.454,0.0,0.348,0.136,294.692,4.115
02/08/2008,18:10:00,1007.854,70.625,78.79,30.415,0.0,0.348,0.136,294.24,3.945
02/08/2008,18:11:00,1007.93,70.563,78.747,30.441,0.0,0.348,0.136,295.698,2.874
02/08/2008,18:12:00,1007.93,70.5,78.822,30.376,0.0,0.348,0.136,282.827,5.77
02/08/2008,18:13:00,1007.93,70.813,78.861,30.369,0.0,0.348,0.136,279.606,5.399
02/08/2008,18:14:00,1007.93,70.813,78.906,30.376,0.0,0.38,0.136,283.148,5.064
02/08/2008,18:15:00,1007.892,70.938,78.77,30.402,0.0,0.38,0.136,291.179,4.279
02/08/2008,18:16:00,1007.892,70.875,78.835,30.376,0.0,0.38,0.136,288.089,2.277
02/08/2008,18:17:00,1007.93,70.875,78.893,30.356,0.0,0.38,0.136,281.486,4.492
02/08/2008,18:18:00,1007.969,71.0,78.942,30.389,0.0,0.38,0.136,277.916,5.411
02/08/2008,18:19:00,1007.969,70.875,78.676,30.402,0.0,0.38,0.136,279.3,5.064
02/08/2008,18:20:00,1008.045,70.688,78.657,30.369,0.0,0.348,0.136,289.707,5.825
02/08/2008,18:21:00,1008.045,70.875,78.709,30.343,0.0,0.348,0.136,292.272,5.886
02/08/2008,18:22:00,1008.045,70.563,78.783,30.317,0.0,0.38,0.136,294.634,5.508
02/08/2008,18:23:00,1008.122,71.188,78.822,30.279,0.0,0.38,0.136,288.541,5.624
02/08/2008,18:24:00,1008.122,71.125,78.874,30.24,0.0,0.38,0.136,273.281,7.48
02/08/2008,18:25:00,1008.122,71.0,78.841,30.214,0.0,0.38,0.136,293.555,8.155
02/08/2008,18:26:00,1008.122,70.563,78.796,30.214,0.0,0.348,0.136,286.559,5.149
02/08/2008,18:27:00,1008.083,70.375,78.861,30.136,0.0,0.348,0.109,284.329,6.792
02/08/2008,18:28:00,1008.083,70.563,79.036,30.123,0.0,0.348,0.136,282.74,6.628
02/08/2008,18:29:00,1008.083,70.813,78.961,30.136,0.0,0.38,0.136,280.831,3.768
02/08/2008,18:30:00,1008.122,70.688,78.893,30.11,0.0,0.38,0.136,280.058,6.531
02/08/2008,18:31:00,1008.122,70.75,78.948,30.091,0.0,0.38,0.136,289.401,3.866
02/08/2008,18:32:00,1008.16,70.75,79.029,30.039,0.0,0.348,0.136,270.919,4.529
02/08/2008,18:33:00,1008.198,70.563,79.0,29.974,0.0,0.348,0.136,276.516,4.005
02/08/2008,18:34:00,1008.16,70.813,79.065,29.909,0.0,0.348,0.136,268.223,3.221
02/08/2008,18:35:00,1008.198,70.75,79.376,29.818,0.0,0.38,0.136,271.051,5.277
02/08/2008,18:36:00,1008.198,70.75,79.395,29.786,0.0,0.38,0.136,272.173,4.675
02/08/2008,18:37:00,1008.275,70.688,79.56,29.734,0.0,0.38,0.136,288.381,4.151
02/08/2008,18:38:00,1008.237,70.625,79.515,29.734,0.0,0.348,0.136,276.094,5.508
02/08/2008,18:39:00,1008.237,70.438,79.654,29.682,0.0,0.348,0.136,255.615,4.839
02/08/2008,18:40:00,1008.275,70.688,79.781,29.734,0.0,0.38,0.136,270.803,5.259
02/08/2008,18:41:00,1008.275,70.625,79.758,29.734,0.0,0.38,0.136,279.038,5.709
02/08/2008,18:42:00,1008.275,70.438,79.794,29.786,0.0,0.38,0.136,270.686,5.235
02/08/2008,18:43:00,1008.275,70.563,79.654,29.799,0.0,0.38,0.136,256.329,6.908
02/08/2008,18:44:00,1008.275,70.5,79.959,29.805,0.0,0.348,0.136,286.442,6.567
02/08/2008,18:45:00,1008.313,70.5,79.946,29.857,0.0,0.38,0.136,281.836,6.506
02/08/2008,18:46:00,1008.352,70.438,79.713,29.87,0.0,0.348,0.136,276.545,6.293
02/08/2008,18:47:00,1008.352,70.375,80.056,30.013,0.0,0.38,0.136,267.567,6.932
02/08/2008,18:48:00,1008.352,70.813,79.745,29.909,0.0,0.412,0.109,271.881,7.553
02/08/2008,18:49:00,1008.39,70.688,79.46,29.948,0.0,0.412,0.136,268.106,5.697
02/08/2008,18:50:00,1008.39,70.563,79.175,29.922,0.0,0.412,0.136,284.387,12.178
02/08/2008,18:51:00,1008.39,70.875,78.88,29.987,0.0,0.412,0.136,288.497,8.88
02/08/2008,18:52:00,1008.428,70.813,78.624,30.013,0.0,0.38,0.136,286.092,8.557
02/08/2008,18:53:00,1008.428,70.438,78.297,30.013,0.0,0.38,0.136,289.124,9.105
02/08/2008,18:54:00,1008.428,70.438,78.126,29.948,0.0,0.348,0.136,270.948,10.133
02/08/2008,18:55:00,1008.39,70.75,78.359,29.857,0.0,0.38,0.109,282.798,7.389
02/08/2008,18:56:00,1008.428,70.188,78.404,29.831,0.0,0.38,0.136,270.118,8.265
02/08/2008,18:57:00,1008.39,70.375,78.404,29.799,0.0,0.348,0.136,254.026,6.385
02/08/2008,18:58:00,1008.428,70.313,78.456,29.805,0.0,0.348,0.136,286.923,9.19
02/08/2008,18:59:00,1008.428,70.313,78.2,29.805,0.0,0.348,0.136,297.694,8.441
02/08/2008,19:00:00,1008.39,70.688,78.239,29.76,0.0,0.38,0.136,285.757,5.807
02/08/2008,19:01:00,1008.428,72.313,78.53,29.747,0.0,0.38,0.136,288.002,8.892
02/08/2008,19:02:00,1008.428,76.0,78.372,29.747,0.0,0.38,0.136,273.572,5.861
02/08/2008,19:03:00,1008.428,78.375,78.365,29.669,0.0,0.348,0.136,289.678,8.892
02/08/2008,19:04:00,1008.428,77.563,78.398,29.605,0.0,0.348,0.136,259.084,6.519
02/08/2008,19:05:00,1008.428,76.563,78.537,29.514,0.0,0.348,0.136,267.902,5.101
02/08/2008,19:06:00,1008.467,75.688,78.754,29.404,0.0,0.348,0.136,254.653,5.898
02/08/2008,19:07:00,1008.505,73.688,78.861,29.352,0.0,0.38,0.136,287.754,7.492
02/08/2008,19:08:00,1008.505,73.625,78.955,29.339,0.0,0.348,0.136,281.545,7.042
02/08/2008,19:09:00,1008.505,73.688,78.961,29.3,0.0,0.348,0.136,262.757,5.052
02/08/2008,19:10:00,1008.505,73.813,78.981,29.274,0.0,0.348,0.136,273.368,6.123
02/08/2008,19:11:00,1008.505,74.063,79.091,29.222,0.0,0.316,0.136,290.931,9.987
02/08/2008,19:12:00,1008.505,73.5,79.058,29.235,0.0,0.348,0.136,285.291,9.086
02/08/2008,19:13:00,1008.505,73.688,78.741,29.404,0.0,0.443,0.136,277.741,9.062
02/08/2008,19:14:00,1008.505,73.25,78.1,29.527,0.0,0.38,0.136,299.006,15.889
02/08/2008,19:15:00,1008.505,72.25,77.455,29.63,0.0,0.38,0.136,300.129,11.977
02/08/2008,19:16:00,1008.428,71.688,77.196,29.695,0.0,0.348,0.136,288.57,8.715
02/08/2008,19:17:00,1008.467,71.188,77.147,29.656,0.0,0.38,0.136,311.745,6.616
02/08/2008,19:18:00,1008.428,70.563,77.16,29.618,0.0,0.316,0.136,297.417,7.018
02/08/2008,19:19:00,1008.467,70.375,77.364,29.579,0.0,0.348,0.136,306.629,10.346
02/08/2008,19:20:00,1008.505,70.25,77.352,29.54,0.0,0.38,0.136,316.132,4.778
02/08/2008,19:21:00,1008.428,70.063,77.371,29.553,0.0,0.38,0.136,291.777,5.746
02/08/2008,19:22:00,1008.505,70.25,77.449,29.514,0.0,0.38,0.136,299.385,10.407
02/08/2008,19:23:00,1008.467,69.813,77.303,29.514,0.0,0.348,0.136,257.014,5.137
02/08/2008,19:24:00,1008.505,70.0,77.309,29.456,0.0,0.38,0.136,308.597,7.875
02/08/2008,19:25:00,1008.543,69.75,77.39,29.43,0.0,0.348,0.136,299.356,6.817
02/08/2008,19:26:00,1008.582,69.813,77.517,29.404,0.0,0.348,0.136,296.937,7.711
02/08/2008,19:27:00,1008.505,69.813,77.611,29.352,0.0,0.316,0.136,275.831,7.912
02/08/2008,19:28:00,1008.505,69.875,77.795,29.3,0.0,0.348,0.136,299.473,7.018
02/08/2008,19:29:00,1008.505,69.688,77.675,29.235,0.0,0.348,0.136,284.591,6.421
02/08/2008,19:30:00,1008.505,69.625,77.815,29.125,0.0,0.348,0.136,278.192,4.127
02/08/2008,19:31:00,1008.467,69.563,78.087,29.073,0.0,0.348,0.136,299.75,7.377
02/08/2008,19:32:00,1008.505,69.625,78.158,28.995,0.0,0.348,0.136,271.677,6.433
02/08/2008,19:33:00,1008.543,70.0,78.469,28.866,0.0,0.38,0.136,310.9,8.216
02/08/2008,19:34:00,1008.543,69.813,78.385,28.918,0.0,0.38,0.136,305.58,7.9
02/08/2008,19:35:00,1008.543,69.813,78.556,28.892,0.0,0.348,0.136,272.391,6.433
02/08/2008,19:36:00,1008.505,69.563,78.722,28.84,0.0,0.316,0.136,315.71,8.028
02/08/2008,19:37:00,1008.582,69.625,78.715,28.84,0.0,0.38,0.136,301.076,10.036
02/08/2008,19:38:00,1008.543,69.563,78.595,28.827,0.0,0.348,0.136,313.028,6.281
02/08/2008,19:39:00,1008.543,69.5,78.79,28.788,0.0,0.348,0.136,282.711,7.218
02/08/2008,19:40:00,1008.543,69.688,78.848,28.788,0.0,0.348,0.136,288.891,6.342
02/08/2008,19:41:00,1008.582,69.813,78.874,28.762,0.0,0.38,0.136,318.377,7.65
02/08/2008,19:42:00,1008.543,69.688,78.689,28.762,0.0,0.348,0.136,275.685,5.959
02/08/2008,19:43:00,1008.505,69.5,78.715,28.723,0.0,0.38,0.136,291.835,6.269
02/08/2008,19:44:00,1008.543,69.563,78.803,28.684,0.0,0.38,0.136,324.746,3.981
02/08/2008,19:45:00,1008.543,69.438,78.734,28.632,0.0,0.348,0.136,322.779,3.044
02/08/2008,19:46:00,1008.582,69.188,78.874,28.548,0.0,0.348,0.136,324.032,6.932
02/08/2008,19:47:00,1008.543,69.125,79.097,28.419,0.0,0.348,0.136,297.359,4.066
02/08/2008,19:48:00,1008.582,69.063,79.479,28.308,0.0,0.316,0.136,299.531,4.151
02/08/2008,19:49:00,1008.62,68.938,79.567,28.231,0.0,0.348,0.136,319.937,4.638
02/08/2008,19:50:00,1008.62,69.0,79.8,28.088,0.0,0.348,0.163,317.823,6.293
02/08/2008,19:51:00,1008.62,68.813,80.066,28.017,0.0,0.348,0.136,318.916,4.437
02/08/2008,19:52:00,1008.62,68.938,80.309,27.939,0.0,0.348,0.136,292.812,4.949
02/08/2008,19:53:00,1008.582,69.0,80.529,27.848,0.0,0.348,0.136,324.776,5.435
02/08/2008,19:54:00,1008.62,69.0,80.694,27.796,0.0,0.348,0.109,326.743,7.961
02/08/2008,19:55:00,1008.658,68.938,80.694,27.783,0.0,0.38,0.136,305.551,8.028
02/08/2008,19:56:00,1008.658,69.0,80.785,27.77,0.0,0.348,0.136,346.843,4.34
02/08/2008,19:57:00,1008.696,68.938,80.794,27.725,0.0,0.316,0.136,317.313,3.945
02/08/2008,19:58:00,1008.658,69.188,80.843,27.66,0.0,0.348,0.136,6.346,8.478
02/08/2008,19:59:00,1008.658,68.875,81.4,27.595,0.0,0.348,0.136,343.899,6.543
02/08/2008,20:00:00,1008.696,69.0,81.28,27.583,0.0,0.38,0.136,330.198,5.661
02/08/2008,20:01:00,1008.716,68.688,81.141,27.518,0.0,0.348,0.136,327.836,7.279
02/08/2008,20:02:00,1008.716,68.75,81.452,27.446,0.0,0.348,0.136,336.057,3.33
02/08/2008,20:03:00,1008.716,68.688,81.374,27.356,0.0,0.348,0.136,328.288,5.174
02/08/2008,20:04:00,1008.754,68.563,81.844,27.233,0.0,0.348,0.136,311.891,5.721
02/08/2008,20:05:00,1008.754,68.5,81.824,27.161,0.0,0.348,0.136,290.756,4.091
02/08/2008,20:06:00,1008.792,68.375,82.035,27.096,0.0,0.348,0.109,352.644,5.222
02/08/2008,20:07:00,1008.792,68.5,81.99,26.993,0.0,0.348,0.136,303.16,7.59
02/08/2008,20:08:00,1008.83,68.438,82.09,26.87,0.0,0.348,0.136,310.477,11.24
02/08/2008,20:09:00,1008.83,68.375,82.181,26.818,0.0,0.348,0.136,323.551,7.851
02/08/2008,20:10:00,1008.83,68.438,82.313,26.74,0.0,0.348,0.136,340.007,5.624
02/08/2008,20:11:00,1008.869,68.125,82.339,26.636,0.0,0.348,0.136,313.45,6.482
02/08/2008,20:12:00,1008.83,68.063,82.394,26.526,0.0,0.348,0.136,304.778,5.314
02/08/2008,20:13:00,1008.869,68.063,82.608,26.397,0.0,0.348,0.136,311.454,3.78
02/08/2008,20:14:00,1008.869,68.063,82.806,26.319,0.0,0.316,0.136,333.929,6.044
02/08/2008,20:15:00,1008.869,68.25,82.806,26.26,0.0,0.38,0.136,295.843,4.815
02/08/2008,20:16:00,1008.945,68.063,82.867,26.183,0.0,0.348,0.136,278.965,8.539
02/08/2008,20:17:00,1008.907,68.25,82.951,26.092,0.0,0.348,0.136,309.5,7.34
02/08/2008,20:18:00,1008.907,68.313,83.058,26.04,0.0,0.38,0.136,298.817,7.243
02/08/2008,20:19:00,1008.945,68.188,83.178,26.008,0.0,0.348,0.136,316.161,9.275
02/08/2008,20:20:00,1008.907,68.25,83.084,25.969,0.0,0.348,0.136,293.701,5.673
02/08/2008,20:21:00,1008.945,68.125,83.107,25.891,0.0,0.348,0.136,313.363,10.109
02/08/2008,20:22:00,1008.907,68.313,83.279,25.826,0.0,0.316,0.136,323.26,10.17
02/08/2008,20:23:00,1008.907,68.313,83.317,25.761,0.0,0.348,0.136,287.287,3.111
02/08/2008,20:24:00,1008.945,68.25,83.489,25.684,0.0,0.348,0.136,329.352,6.969
02/08/2008,20:25:00,1008.907,68.313,83.528,25.606,0.0,0.348,0.136,291.762,2.971
02/08/2008,20:26:00,1008.907,68.5,83.641,25.515,0.0,0.348,0.136,316.132,9.622
02/08/2008,20:27:00,1008.907,68.75,83.742,25.437,0.0,0.348,0.136,328.172,8.405
02/08/2008,20:28:00,1008.945,68.75,83.913,25.431,0.0,0.348,0.136,285.553,10.048
02/08/2008,20:29:00,1008.945,68.688,84.001,25.353,0.0,0.316,0.136,331.291,12.074
02/08/2008,20:30:00,1008.945,68.75,83.946,25.262,0.0,0.316,0.109,292.068,6.306
02/08/2008,20:31:00,1008.945,69.063,84.111,25.159,0.0,0.222,0.109,314.908,7.291
02/08/2008,20:32:00,1008.945,69.125,84.402,25.074,0.0,0.253,0.136,290.071,6.281
02/08/2008,20:33:00,1008.945,69.313,84.574,25.01,0.0,0.222,0.136,297.184,7.875
02/08/2008,20:34:00,1008.984,69.875,84.83,25.01,0.0,0.253,0.136,320.826,10.285
02/08/2008,20:35:00,1008.945,70.625,84.791,24.958,0.0,0.222,0.136,344.671,4.863
02/08/2008,20:36:00,1008.984,71.313,84.898,24.893,0.0,0.253,0.136,300.901,4.504
02/08/2008,20:37:00,1008.984,71.75,85.005,24.854,0.0,0.253,0.136,288.381,5.076
02/08/2008,20:38:00,1009.022,71.313,85.138,24.822,0.0,0.253,0.136,307.256,9.725
02/08/2008,20:39:00,1009.022,70.438,85.109,24.757,0.0,0.222,0.136,301.79,6.269
02/08/2008,20:40:00,1008.945,69.625,85.264,24.718,0.0,0.253,0.136,300.187,4.291
02/08/2008,20:41:00,1008.984,69.25,85.322,24.679,0.0,0.253,0.136,312.94,4.863
02/08/2008,20:42:00,1008.984,68.75,85.429,24.601,0.0,0.253,0.109,325.111,6.36
02/08/2008,20:43:00,1008.984,68.313,85.416,24.53,0.0,0.253,0.136,289.226,5.922
02/08/2008,20:44:00,1008.945,68.0,85.539,24.452,0.0,0.316,0.136,344.044,5.137
02/08/2008,20:45:00,1008.984,68.063,85.74,24.439,0.0,0.253,0.136,292.637,7.127
02/08/2008,20:46:00,1008.945,68.188,85.779,24.4,0.0,0.316,0.109,298.19,5.588
02/08/2008,20:47:00,1009.022,68.063,85.824,24.362,0.0,0.253,0.136,336.684,7.79
02/08/2008,20:48:00,1009.06,67.875,85.824,24.323,0.0,0.222,0.136,322.065,7.687
02/08/2008,20:49:00,1009.06,67.75,85.734,24.31,0.0,0.222,0.136,322.516,5.837
02/08/2008,20:50:00,1009.06,67.938,85.753,24.277,0.0,0.222,0.136,327.326,7.401
02/08/2008,20:51:00,1009.099,67.875,85.753,24.212,0.0,0.222,0.136,348.767,7.59
02/08/2008,20:52:00,1009.06,67.75,85.734,24.199,0.0,0.222,0.136,303.845,9.251
02/08/2008,20:53:00,1009.099,67.938,85.734,24.199,0.0,0.253,0.136,320.388,4.389
02/08/2008,20:54:00,1009.099,67.938,85.766,24.161,0.0,0.222,0.136,326.248,7.456
02/08/2008,20:55:00,1009.099,67.875,85.792,24.148,0.0,0.253,0.136,331.772,8.527
02/08/2008,20:56:00,1009.175,67.938,85.659,24.102,0.0,0.19,0.136,319.966,8.168
02/08/2008,20:57:00,1009.137,67.625,85.692,24.089,0.0,0.222,0.136,310.156,5.521
02/08/2008,20:58:00,1009.175,67.688,85.666,24.037,0.0,0.222,0.136,314.616,6.756
02/08/2008,20:59:00,1009.175,67.688,85.692,23.986,0.0,0.222,0.136,320.563,4.638
02/08/2008,21:00:00,1009.175,67.0,85.747,23.94,0.0,0.222,0.136,314.733,5.721
02/08/2008,21:01:00,1009.137,67.375,85.886,23.914,0.0,0.222,0.109,299.064,4.687
02/08/2008,21:02:00,1009.137,67.25,85.97,23.85,0.0,0.222,0.136,302.3,8.155
02/08/2008,21:03:00,1009.137,67.688,86.109,23.811,0.0,0.253,0.136,336.465,5.387
02/08/2008,21:04:00,1009.137,67.438,86.122,23.759,0.0,0.222,0.136,321.511,4.985
02/08/2008,21:05:00,1009.137,67.0,86.109,23.707,0.0,0.253,0.136,308.903,2.947
02/08/2008,21:06:00,1009.099,67.25,86.187,23.649,0.0,0.222,0.109,333.696,3.367
02/08/2008,21:07:00,1009.099,67.25,86.232,23.597,0.0,0.222,0.136,333.812,2.971
02/08/2008,21:08:00,1009.137,67.25,86.433,23.545,0.0,0.222,0.136,340.896,5.064
02/08/2008,21:09:00,1009.099,67.188,86.624,23.519,0.0,0.316,0.109,316.657,7.626
02/08/2008,21:10:00,1009.099,67.313,86.644,23.519,0.0,0.253,0.136,314.762,5.861
02/08/2008,21:11:00,1009.099,67.25,86.624,23.48,0.0,0.222,0.136,319.732,6.628
02/08/2008,21:12:00,1009.099,67.125,86.683,23.441,0.0,0.222,0.136,316.453,5.35
02/08/2008,21:13:00,1009.137,67.063,86.712,23.396,0.0,0.222,0.136,329.542,6.068
02/08/2008,21:14:00,1009.175,67.125,86.783,23.331,0.0,0.222,0.136,350.137,5.387
02/08/2008,21:15:00,1009.175,67.188,86.994,23.305,0.0,0.253,0.136,317.911,4.291
02/08/2008,21:16:00,1009.175,67.25,87.12,23.292,0.0,0.316,0.136,327.632,6.111
02/08/2008,21:17:00,1009.29,67.25,87.259,23.305,0.0,0.253,0.136,327.137,5.648
02/08/2008,21:18:00,1009.29,67.063,87.146,23.279,0.0,0.222,0.136,345.021,3.805
02/08/2008,21:19:00,1009.328,67.125,87.107,23.214,0.0,0.253,0.136,322.954,6.342
02/08/2008,21:20:00,1009.328,67.0,87.214,23.214,0.0,0.253,0.136,353.329,4.164
02/08/2008,21:21:00,1009.29,67.063,87.156,23.111,0.0,0.222,0.136,336.057,5.314
02/08/2008,21:22:00,1009.328,67.188,87.285,23.104,0.0,0.222,0.136,327.472,7.961
02/08/2008,21:23:00,1009.328,66.938,87.353,23.078,0.0,0.253,0.109,313.173,2.983
02/08/2008,21:24:00,1009.328,67.063,87.411,22.988,0.0,0.253,0.109,321.54,6.172
02/08/2008,21:25:00,1009.328,67.0,87.538,22.975,0.0,0.253,0.136,307.97,4.851
02/08/2008,21:26:00,1009.328,66.938,87.434,22.897,0.0,0.253,0.136,315.214,3.932
02/08/2008,21:27:00,1009.328,67.0,87.696,22.871,0.0,0.222,0.136,315.87,4.827
02/08/2008,21:28:00,1009.29,66.875,87.722,22.858,0.0,0.253,0.136,301.513,4.352
02/08/2008,21:29:00,1009.29,66.938,87.703,22.813,0.0,0.222,0.136,334.891,2.758
02/08/2008,21:30:00,1009.29,66.938,87.836,22.761,0.0,0.222,0.136,316.57,4.803
02/08/2008,21:31:00,1009.29,66.938,87.703,22.735,0.0,0.222,0.136,306.819,4.742
02/08/2008,21:32:00,1009.29,67.063,87.936,22.696,0.0,0.253,0.136,298.467,3.719
02/08/2008,21:33:00,1009.328,67.063,88.027,22.709,0.0,0.253,0.136,314.31,5.271
02/08/2008,21:34:00,1009.252,67.063,88.166,22.735,0.0,0.253,0.136,303.189,3.135
02/08/2008,21:35:00,1009.252,67.188,88.166,22.761,0.0,0.253,0.109,306.819,5.496
02/08/2008,21:36:00,1009.252,67.063,88.053,22.709,0.0,0.253,0.109,311.891,2.734
02/08/2008,21:37:00,1009.214,67.125,88.166,22.696,0.0,0.222,0.109,308.218,4.316
02/08/2008,21:38:00,1009.175,67.313,88.205,22.683,0.0,0.253,0.136,302.111,5.819
02/08/2008,21:39:00,1009.175,67.125,88.185,22.631,0.0,0.316,0.136,352.134,3.409
02/08/2008,21:40:00,1009.214,67.063,88.211,22.618,0.0,0.222,0.136,318.231,3.866
02/08/2008,21:41:00,1009.137,67.0,88.218,22.553,0.0,0.222,0.136,336.348,3.306
02/08/2008,21:42:00,1009.137,67.0,88.325,22.521,0.0,0.316,0.136,-0.84,1.955
02/08/2008,21:43:00,1009.137,67.063,88.435,22.501,0.0,0.316,0.136,299.094,6.671
02/08/2008,21:44:00,1009.099,67.0,88.435,22.476,0.0,0.253,0.109,349.641,3.056
02/08/2008,21:45:00,1009.099,67.125,88.509,22.463,0.0,0.316,0.136,340.007,4.876
02/08/2008,21:46:00,1009.099,67.125,88.587,22.424,0.0,0.222,0.136,325.548,2.91
02/08/2008,21:47:00,1009.137,67.125,88.587,22.359,0.0,0.253,0.109,334.235,5.484
02/08/2008,21:48:00,1009.137,67.25,88.655,22.372,0.0,0.253,0.109,330.066,4.462
02/08/2008,21:49:00,1009.175,67.313,88.736,22.333,0.0,0.253,0.136,325.315,5.174
02/08/2008,21:50:00,1009.137,67.313,88.807,22.333,0.0,0.253,0.136,316.482,4.425
02/08/2008,21:51:00,1009.137,67.25,88.96,22.32,0.0,0.253,0.109,322.21,3.269
02/08/2008,21:52:00,1009.137,67.125,88.794,22.294,0.0,0.222,0.136,341.042,1.991
02/08/2008,21:53:00,1009.137,67.125,88.84,22.268,0.0,0.253,0.136,299.866,2.509
02/08/2008,21:54:00,1009.137,67.125,88.866,22.268,0.0,0.253,0.136,318.8,4.65
02/08/2008,21:55:00,1009.175,67.438,89.073,22.236,0.0,0.253,0.136,313.8,5.648
02/08/2008,21:56:00,1009.099,67.438,89.053,22.21,0.0,0.253,0.136,326.743,5.533
02/08/2008,21:57:00,1009.099,67.25,89.053,22.21,0.0,0.253,0.109,343.651,4.127
02/08/2008,21:58:00,1009.099,67.25,88.953,22.171,0.0,0.253,0.136,318.056,2.496
02/08/2008,21:59:00,1009.099,67.375,89.073,22.132,0.0,0.253,0.136,349.16,3.628
02/08/2008,22:00:00,1009.099,67.375,89.105,22.158,0.0,0.222,0.136,59.692,4.912
02/08/2008,22:01:00,1009.137,67.438,89.079,22.119,0.0,0.253,0.136,318.144,2.746
02/08/2008,22:02:00,1009.137,67.25,89.099,22.093,0.0,0.253,0.109,313.48,3.306
02/08/2008,22:03:00,1009.099,67.25,89.283,22.106,0.0,0.253,0.109,318.421,2.296
02/08/2008,22:04:00,1009.137,67.25,89.18,22.054,0.0,0.253,0.136,324.207,4.005
02/08/2008,22:05:00,1009.099,67.313,89.144,22.041,0.0,0.222,0.136,311.177,3.208
02/08/2008,22:06:00,1009.099,67.063,89.219,21.989,0.0,0.253,0.136,334.41,5.076
02/08/2008,22:07:00,1009.137,67.125,89.371,21.977,0.0,0.253,0.136,342.208,2.807
02/08/2008,22:08:00,1009.175,67.0,89.319,21.931,0.0,0.253,0.136,313.713,5.125
02/08/2008,22:09:00,1009.175,67.25,89.351,21.918,0.0,0.222,0.136,306.338,3.16
02/08/2008,22:10:00,1009.175,67.0,89.384,21.892,0.0,0.253,0.136,322.546,4.985
02/08/2008,22:11:00,1009.137,66.938,89.358,21.866,0.0,0.253,0.109,308.393,3.616
02/08/2008,22:12:00,1009.175,67.375,89.549,21.853,0.0,0.316,0.109,343.199,3.318
02/08/2008,22:13:00,1009.099,67.125,89.471,21.827,0.0,0.222,0.136,289.168,5.198
02/08/2008,22:14:00,1009.099,67.313,89.497,21.789,0.0,0.253,0.136,319.077,4.054
02/08/2008,22:15:00,1009.137,67.875,89.562,21.75,0.0,0.253,0.136,314.762,2.46
02/08/2008,22:16:00,1009.137,68.5,89.51,21.711,0.0,0.253,0.136,317.371,4.03
02/08/2008,22:17:00,1009.137,68.5,89.581,21.672,0.0,0.253,0.136,318.596,5.995
02/08/2008,22:18:00,1009.175,68.875,89.543,21.614,0.0,0.253,0.136,315.112,4.34
02/08/2008,22:19:00,1009.175,68.875,89.624,21.588,0.0,0.253,0.136,303.816,6.47
02/08/2008,22:20:00,1009.175,69.625,89.701,21.562,0.0,0.253,0.136,316.803,5.77
02/08/2008,22:21:00,1009.214,68.188,89.899,21.562,0.0,0.316,0.136,315.681,3.221
02/08/2008,22:22:00,1009.252,68.063,89.776,21.536,0.0,0.222,0.109,312.459,2.709
02/08/2008,22:23:00,1009.29,68.563,90.009,21.549,0.0,0.316,0.109,313.392,4.291
02/08/2008,22:24:00,1009.29,69.438,90.022,21.575,0.0,0.316,0.136,311.935,7.504
02/08/2008,22:25:00,1009.252,68.063,89.983,21.536,0.0,0.316,0.136,299.808,3.932
02/08/2008,22:26:00,1009.29,69.313,89.892,21.497,0.0,0.316,0.109,306.629,6.531
02/08/2008,22:27:00,1009.328,68.75,89.792,21.393,0.0,0.253,0.109,313.028,4.851
02/08/2008,22:28:00,1009.328,68.875,90.002,21.38,0.0,0.316,0.136,305.157,4.468
02/08/2008,22:29:00,1009.29,67.813,90.035,21.335,0.0,0.316,0.136,298.788,2.898
02/08/2008,22:30:00,1009.29,68.25,90.355,21.38,0.0,0.253,0.136,280.437,3.792
02/08/2008,22:31:00,1009.29,69.313,90.521,21.432,0.0,0.348,0.136,311.089,2.77
02/08/2008,22:32:00,1009.252,68.75,90.388,21.432,0.0,0.253,0.136,292.549,4.437
02/08/2008,22:33:00,1009.252,71.938,90.368,21.432,0.0,0.316,0.136,306.308,4.078
02/08/2008,22:34:00,1009.214,72.875,90.514,21.432,0.0,0.316,0.109,309.136,3.044
02/08/2008,22:35:00,1009.175,71.438,90.349,21.458,0.0,0.316,0.109,302.81,4.243
02/08/2008,22:36:00,1009.175,73.125,90.255,21.406,0.0,0.253,0.136,296.762,3.604
02/08/2008,22:37:00,1009.214,75.125,90.294,21.38,0.0,0.316,0.136,315.025,5.101
02/08/2008,22:38:00,1009.252,75.688,90.407,21.432,0.0,0.316,0.109,309.646,4.48
02/08/2008,22:39:00,1009.214,74.813,90.355,21.458,0.0,0.316,0.136,307.11,2.685
02/08/2008,22:40:00,1009.214,76.25,90.686,21.471,0.0,0.316,0.109,298.977,4.364
02/08/2008,22:41:00,1009.252,74.625,90.592,21.549,0.0,0.348,0.136,301.557,4.504
02/08/2008,22:42:00,1009.252,72.688,90.488,21.562,0.0,0.348,0.136,307.883,3.866
02/08/2008,22:43:00,1009.252,72.188,90.42,21.575,0.0,0.316,0.136,331.32,4.462
02/08/2008,22:44:00,1009.252,74.563,90.446,21.536,0.0,0.316,0.136,295.1,3.817
02/08/2008,22:45:00,1009.328,73.75,90.33,21.497,0.0,0.316,0.109,317.4,4.437
02/08/2008,22:46:00,1009.328,72.75,90.307,21.497,0.0,0.316,0.136,295.668,2.332
02/08/2008,22:47:00,1009.405,76.438,90.433,21.51,0.0,0.316,0.136,314.879,3.744
02/08/2008,22:48:00,1009.405,79.0,90.547,21.549,0.0,0.316,0.136,325.592,3.555
02/08/2008,22:49:00,1009.405,80.0,90.786,21.627,0.0,0.316,0.109,319.878,4.517
02/08/2008,22:50:00,1009.443,81.5,90.938,21.763,0.0,0.348,0.136,273.805,3.543
02/08/2008,22:51:00,1009.482,83.688,90.611,21.802,0.0,0.316,0.136,304.355,4.675
02/08/2008,22:52:00,1009.482,83.438,90.495,21.802,0.0,0.316,0.136,277.624,4.492
02/08/2008,22:53:00,1009.443,84.0,90.615,21.879,0.0,0.348,0.136,303.277,3.756
02/08/2008,22:54:00,1009.443,84.875,90.679,21.944,0.0,0.316,0.136,301.907,6.433
02/08/2008,22:55:00,1009.443,85.938,90.605,22.015,0.0,0.316,0.136,279.723,3.543
02/08/2008,22:56:00,1009.443,86.375,90.527,22.093,0.0,0.253,0.136,267.509,2.709
02/08/2008,22:57:00,1009.405,86.563,90.028,21.989,0.0,0.253,0.136,319.82,2.661
02/08/2008,22:58:00,1009.405,87.0,90.275,21.989,0.0,0.253,0.136,292.753,4.103
02/08/2008,22:59:00,1009.405,86.188,90.229,21.964,0.0,0.253,0.136,311.235,6.342
02/08/2008,23:00:00,1009.405,85.938,90.407,22.067,0.0,0.253,0.136,317.969,3.099
02/08/2008,23:01:00,1009.405,85.938,90.446,22.119,0.0,0.222,0.136,308.218,3.707
02/08/2008,23:02:00,1009.405,85.188,90.585,22.197,0.0,0.316,0.136,319.995,4.961
02/08/2008,23:03:00,1009.443,86.125,90.679,22.333,0.0,0.316,0.136,296.222,5.6
02/08/2008,23:04:00,1009.482,86.875,90.566,22.424,0.0,0.253,0.136,288.803,5.149
02/08/2008,23:05:00,1009.482,87.313,90.488,22.501,0.0,0.316,0.136,287.637,2.959
02/08/2008,23:06:00,1009.52,87.375,90.368,22.527,0.0,0.253,0.136,283.206,3.981
02/08/2008,23:07:00,1009.52,87.25,90.161,22.501,0.0,0.253,0.136,287.011,4.626
02/08/2008,23:08:00,1009.52,86.125,90.035,22.489,0.0,0.222,0.136,294.094,2.782
02/08/2008,23:09:00,1009.52,86.625,89.97,22.424,0.0,0.253,0.136,283.717,5.247
02/08/2008,23:10:00,1009.52,86.313,90.022,22.398,0.0,0.222,0.136,277.741,2.722
02/08/2008,23:11:00,1009.52,86.125,90.035,22.372,0.0,0.253,0.136,255.79,3.245
02/08/2008,23:12:00,1009.52,83.875,90.09,22.359,0.0,0.253,0.136,268.806,4.291
02/08/2008,23:13:00,1009.52,85.813,90.057,22.359,0.0,0.253,0.136,258.02,3.671
02/08/2008,23:14:00,1009.539,88.313,90.051,22.32,0.0,0.253,0.136,257.801,4.59
02/08/2008,23:15:00,1009.539,88.5,90.002,22.268,0.0,0.253,0.136,268.456,5.174
02/08/2008,23:16:00,1009.539,88.438,90.057,22.242,0.0,0.222,0.109,272.887,3.306
02/08/2008,23:17:00,1009.577,87.0,90.103,22.223,0.0,0.253,0.136,284.314,4.018
02/08/2008,23:18:00,1009.539,87.0,90.203,22.242,0.0,0.253,0.136,264.346,4.352
02/08/2008,23:19:00,1009.539,84.688,90.197,22.255,0.0,0.253,0.136,271.604,3.707
02/08/2008,23:20:00,1009.539,85.063,90.129,22.197,0.0,0.222,0.136,278.192,3.458
02/08/2008,23:21:00,1009.539,85.125,90.135,22.171,0.0,0.253,0.136,275.35,3.196
02/08/2008,23:22:00,1009.577,86.688,90.161,22.119,0.0,0.253,0.109,272.362,3.92
02/08/2008,23:23:00,1009.577,87.125,90.116,22.08,0.0,0.253,0.136,278.192,5.125
02/08/2008,23:24:00,1009.539,87.25,90.216,22.054,0.0,0.222,0.136,280.714,4.577
02/08/2008,23:25:00,1009.52,86.438,90.281,22.028,0.0,0.222,0.136,278.717,5.174
02/08/2008,23:26:00,1009.52,87.0,90.355,22.028,0.0,0.222,0.109,281.005,4.139
02/08/2008,23:27:00,1009.482,85.563,90.42,22.041,0.0,0.222,0.136,283.95,6.147
02/08/2008,23:28:00,1009.443,86.375,90.482,22.028,0.0,0.222,0.136,272.683,4.675
02/08/2008,23:29:00,1009.443,85.5,90.488,22.041,0.0,0.222,0.136,297.636,3.056
02/08/2008,23:30:00,1009.482,84.063,90.54,22.041,0.0,0.222,0.136,291.121,2.959
02/08/2008,23:31:00,1009.482,86.0,90.615,22.054,0.0,0.222,0.136,281.151,3.099
02/08/2008,23:32:00,1009.482,86.438,90.692,22.093,0.0,0.222,0.136,278.426,3.817
02/08/2008,23:33:00,1009.482,85.063,90.718,22.132,0.0,0.253,0.136,304.297,2.095
02/08/2008,23:34:00,1009.482,84.125,90.66,22.145,0.0,0.222,0.109,295.1,3.805
02/08/2008,23:35:00,1009.482,84.875,90.705,22.145,0.0,0.222,0.136,277.172,2.6
02/08/2008,23:36:00,1009.482,83.0,90.66,22.158,0.0,0.222,0.136,261.533,3.397
02/08/2008,23:37:00,1009.52,84.063,90.628,22.132,0.0,0.222,0.136,270.001,4.364
02/08/2008,23:38:00,1009.52,85.938,90.508,22.093,0.0,0.222,0.136,268.864,4.711
02/08/2008,23:39:00,1009.539,86.75,90.459,22.028,0.0,0.222,0.136,276.808,5.387
02/08/2008,23:40:00,1009.539,86.375,90.495,21.964,0.0,0.222,0.136,274.374,4.34
02/08/2008,23:41:00,1009.52,86.188,90.534,21.951,0.0,0.222,0.136,262.976,2.095
02/08/2008,23:42:00,1009.52,86.125,90.605,21.964,0.0,0.222,0.136,283.177,4.005
02/08/2008,23:43:00,1009.539,86.063,90.592,21.944,0.0,0.222,0.136,291.646,3.373
02/08/2008,23:44:00,1009.52,85.688,90.605,21.944,0.0,0.222,0.136,290.45,5.825
02/08/2008,23:45:00,1009.482,86.125,90.712,21.944,0.0,0.253,0.136,293.263,4.876
02/08/2008,23:46:00,1009.482,85.938,90.712,21.951,0.0,0.253,0.109,304.807,3.58
02/08/2008,23:47:00,1009.482,84.438,90.76,21.964,0.0,0.222,0.136,284.285,2.935
02/08/2008,23:48:00,1009.52,87.313,90.751,21.989,0.0,0.222,0.136,281.778,2.277
02/08/2008,23:49:00,1009.52,87.688,90.877,22.041,0.0,0.222,0.136,280.525,3.756
02/08/2008,23:50:00,1009.539,87.5,90.896,22.106,0.0,0.253,0.136,280.233,3.744
02/08/2008,23:51:00,1009.539,88.25,90.926,22.132,0.0,0.253,0.136,280.525,3.902
02/08/2008,23:52:00,1009.539,88.875,91.029,22.223,0.0,0.253,0.136,282.798,4.723
02/08/2008,23:53:00,1009.539,88.938,90.997,22.268,0.0,0.253,0.136,293.176,5.448
02/08/2008,23:54:00,1009.539,89.25,90.964,22.307,0.0,0.222,0.136,304.865,3.64
02/08/2008,23:55:00,1009.539,88.938,90.838,22.346,0.0,0.253,0.136,269.768,2.624
02/08/2008,23:56:00,1009.577,89.25,90.838,22.32,0.0,0.253,0.136,267.188,2.983
02/08/2008,23:57:00,1009.577,89.188,90.725,22.32,0.0,0.253,0.136,268.398,3.817
02/08/2008,23:58:00,1009.616,89.188,90.705,22.294,0.0,0.253,0.136,275.292,2.959
02/08/2008,23:59:00,1009.616,88.5,90.433,22.21,0.0,0.253,0.136,272.202,3.817
