Date' (yyyymmdd),Time' (min),Outdoor Air Temperature' (°F),Outdoor Air Relative Humidity' (%),Outdoor Air Enthalpy' (BTU/lb),Energy Usage Hour' (KWh),Sensor: Chilled Water Flowrate' (GPM),Sensor: Chilled Water Return Temperature' (°F),Sensor: Chilled Water Supply Temperature' (°F),Sensor: Cooling Water Delta Pressure' (psi),Sensor: Cooling Water Return Temperature' (°F),Sensor: Cooling Water Supply Temperature'(°F),Sensor: Cooling Water Valve Feedback' (%),Sensor: Chilled Water Supply Delta Pressure' (psi),"Control Chiller Status' (0 = Off, 1 = On)","Spare Pump Status' (0 = Off, 1 = On)","Bypass Valve Status' (0 = Closed, 1 = Open)",Control: Chilled Water Bypass Valve Output' (%),Control: Chilled Water Pump Vfd Output' (%),Control: Cooling Water Pump Vfd Output' (%),"Control: Chiller On/Off' (0 = Off, 1 = On)","Control: Chilled Water Pump On/Off' (0 = Off, 1 = On)","Control: Cooling Water Pump On/Off' (0 = Off, 1 = On)","Control: Spare Pump On/Off' (0 = Off, 1 = On)",Control: Cooling Water Bypass Setpoint' (%),Chilled Water Flowrate Setpoint' (GPM ),Bypass Valve Setpoint' (psi),Cooling Water Delta Pressure Setpoint' (psi),Sensor: Cooling Water Delta Pressure' (psi),Chilled Water Delta Pressure Setpoint' (psi),Chilled Water Flowrate Setpoint' (GPM),Sensor: Return Air Temperature' (°F),Sensor: Mixed Air Temperature' (°F),Sensor: Supply Air Temperature' (°F),Control: Supply Fan Speed' (%),Economizer Position' (%),Feedback: Cooling Coil Valve Position' (%),Economizer Setpoint' (%),Control: Return Fan Speed' (%),Sensor: Filter DP' (inches of water column  or in.  w.c.),Sensor: Between-Coil Temperature' (°F),Sensor: Supply Air Static Pressure' (inches of water column  or w.c.),Supply Air Temperature Setpoint' (°F),Supply Air Static Pressure Setpoint' (in. w.c.),Sensor: Return Air Relative Humidity' (%),×' (placeholder),×' (placeholder),Sensor: Supply Air Fan Current' (Amperes),Sensor: Return Air Fan Current' (Amperes),×' (placeholder),Control: Steam Valve 1/3' (%),Control: Steam Valve 2/3' (%),Sensor: Return Air Temperature' (°F),Sensor: Mixed Air Temperature' (°F),Sensor: Supply Air Temperature' (°F),Supply Fan Speed' (%),Economizer Position' (%),Feedback: Cooling Coil Valve Position' (%),Economizer Setpoint' (%),Control Return Fan Speed' (%),×' (placeholder),Sensor: Between-coil Temperature' (°F),Sensor: Supply Air Static Pressure' (in. w.c.),Supply Air Temperature Setpoint' (°F),Supply Air Static Pressure Setpoint' (in. w.c.),Sensor: Return Air Relative Humidity' (%),×' (placeholder),×' (placeholder),Sensor: Supply Air Humidity' (%),Sensor: Supply Air Fan Current' (Amperes),Sensor: Return Air Fan Current' (Amperes),Control: Steam Valve 1/3' (%),Control: Steam Valve 2/3' (%),Control: Relief Air Damper' (%),Control: Return Air Damper' (%),Sensor: Supply Air Humidity' (%),Sensor: Supply Air Temperature' (°F),Sf_vfd_output' (%),Economizer Position' (%),Feedback: Cooling Coil Valve Position' (%),×' (placeholder),Sensor: Between-Coil Temperature' (°F),Sensor: Supply Air Static Pressure' (in. w.c.),Supply Air Temperature Setpoint' (°F),Supply Air Temperature Setpoint' (in. w.c.),×' (Placeholder),Sensor: Supply Air Fan Current' (Amperes),Steam Valve 1/3' (%),Steam Valve 2/3' (%),"Cooling Tower Fan Status' Binary (0 = Off, 1 = On)",Damper Position' (%),"Cooling Tower Fan Start/Stop' (0 = Off, 1 = On)",Cooling Tower Variable Frequency Drive Setpoint' (%),Sensor: Flowrate' (GPM ),Sensor: Discharge Temperature' (°F),Control Signal for Hot Water Valve Position' (%),Control: Damper Position' (%),Control: Flow Setpoint' (GPM),Cooling Setpoint' (°F),Heating Setpoint' (°F),Sensor: Air Flow Rate' (CFM),Sensor: Zone Temperature' (°F),Sensor: Discharge Temperature' (°F),Control: Damper  Position' (%),Control: Flow Setpoint' (GPM),Sensor: Air Flow Rate' (CFM),Sensor: Zone Temperature' (°F),Sensor: Discharge Temperature' (°F),Control:Hot Water Valve' (%),Control: Damper Position' (%),Control: Flow Setpoint' (GPM),Sensor: Air Flow Rate' (CFM),Sensor: Zone Temperature' (°F),Sensor: Discharge Temperature' (°F),Control:Hot Water Valve' (%),Control: Damper Position' (%),Control: Flow Setpoint' (GPM),Sensor: Air Flow Rate' (CFM),Sensor: Zone Temperature' (°F),Sensor: Discharge Temperature' (°F),Control:Hot Water Valve' (%),Control: Damper Position' (%),Control: Flow Setpoint' (GPM),Sensor: Air Flow Rate' (CFM),Sensor: Zone Temperature' (°F),Sensor: Discharge Temperature' (°F),Control:Hot Water Valve' (%),Control: Damper Position' (%),Control: Flow Setpoint' (GPM),Sensor: Air Flow Rate' (CFM),Sensor: Zone Temperature' (°F),Sensor: Discharge Temperature' (°F),Control:Hot Water Valve' (%),Control: Damper Position' (%),Control: Flow Setpoint' (GPM),Sensor: Air Flow Rate' (CFM),Sensor: Zone Temperature' (°F),Sensor: Discharge Temperature' (°F),Control:Hot Water Valve' (%),Control: Damper Position' (%),Control: Flow Setpoint' (GPM),Sensor: Air Flow Rate' (CFM),Sensor: Zone Temperature' (°F),Sensor: Discharge Temperature' (°F),Control:Hot Water Valve' (%),Control: Damper Position' (%),Control: Flow Setpoint' (GPM),Sensor: Air Flow Rate' (CFM),Sensor: Zone Temperature' (°F),Sensor: Discharge Temperature' (°F),Control:Hot Water Valve' (%),Control: Damper Position' (%),Control: Flow Setpoint' (GPM),Sensor: Air Flow Rate' (CFM),Sensor: Zone Temperature' (°F),Sensor: Discharge Temperature' (°F),Control:Hot Water Valve' (%),Control: Damper Position' (%),Control: Flow Setpoint' (GPM),Sensor: Air Flow Rate' (CFM),Sensor: Zone Temperature' (°F),Sensor: Discharge Temperature' (°F),Control:Hot Water Valve' (%),Control: Damper Position' (%),Control: Flow Setpoint' (GPM),Sensor: Air Flow Rate' (CFM),×' (placeholder),Sensor: Discharge Temperature' (°F),Control:Hot Water Valve' (%),Control: Damper Position' (%),Control: Flow Setpoint' (GPM),Sensor: Air Flow Rate' (CFM),Sensor: Zone Temperature' (°F),Sensor: Discharge Temperature' (°F),Control:Hot Water Valve' (%),Control: Damper Position' (%),Control: Flow Setpoint' (GPM),Sensor: Air Flow Rate' (CFM),Sensor: Zone Temperature' (°F),Sensor: Discharge Temperature' (°F),Control:Hot Water Valve' (%),Control: Damper Position' (%),Control: Flow Setpoint' (GPM),Sensor: Air Flow Rate' (CFM),Sensor: Zone Temperature' (°F),Sensor: Discharge Temperature' (°F),Control:Hot Water Valve' (%),Control: Damper Position' (%),Control: Flow Setpoint' (GPM),Sensor: Air Flow Rate' (CFM),Sensor: Zone Temperature' (°F),Sensor: Discharge Temperature' (°F),Control:Hot Water Valve' (%),Control: Damper Position' (%),Control: Flow Setpoint' (GPM),Sensor: Air Flow Rate' (CFM),Sensor: Zone Temperature' (°F),Sensor: Discharge Temperature' (°F),Control:Hot Water Valve' (%),Control: Damper Position' (%),Control: Flow Setpoint' (GPM),Sensor: Air Flow Rate' (CFM),Sensor: Zone Temperature' (°F),Sensor: Discharge Temperature' (°F),Control:Hot Water Valve' (%),Control: Damper Position' (%),Control: Flow Setpoint' (GPM),Sensor: Air Flow Rate' (CFM),Sensor: Zone Temperature' (°F),Sensor: Discharge Temperature' (°F),Control:Hot Water Valve' (%),Control: Damper Position' (%),Control: Flow Setpoint' (GPM),Sensor: Air Flow Rate' (CFM),Sensor: Zone Temperature' (°F),Sensor: Discharge Temperature' (°F),Control:Hot Water Valve' (%),Control: Damper Position' (%),Control: Flow Setpoint' (GPM),Sensor: Air Flow Rate' (CFM),Sensor: Zone Temperature' (°F),Sensor: Discharge Temperature' (°F),Control:Hot Water Valve' (%),Control: Damper Position' (%),Control: Flow Setpoint' (GPM),Sensor: Air Flow Rate' (CFM),Sensor: Zone Temperature' (°F),Sensor: Discharge Temperature' (°F),Control:Hot Water Valve' (%),Control: Damper Position' (%),Control: Flow Setpoint' (GPM),Sensor: Air Flow Rate' (CFM),Sensor: Zone Temperature' (°F),Sensor: Discharge Temperature' (°F),Control:Hot Water Valve' (%),Control: Damper Position' (%),Control: Flow Setpoint' (GPM),Sensor: Air Flow Rate' (CFM),Sensor: Zone Temperature' (°F),Sensor: Discharge Temperature' (°F),Control:Hot Water Valve' (%),Control: Damper Position' (%),Control: Flow Setpoint' (GPM),Sensor: Air Flow Rate' (CFM),Sensor: Zone Temperature' (°F),Sensor: Discharge Temperature' (°F),Control:Hot Water Valve' (%),Control: Damper Position' (%),Control: Flow Setpoint' (GPM),Sensor: Air Flow Rate' (CFM),Sensor: Zone Temperature' (°F),Sensor: Discharge Temperature' (°F),Control:Hot Water Valve' (%),Control: Damper Position' (%),Control: Flow Setpoint' (GPM),Sensor: Air Flow Rate' (CFM),Sensor: Zone Temperature' (°F),Sensor: Discharge Temperature' (°F),Control:Hot Water Valve' (%),Control: Damper Position' (%),Control: Flow Setpoint' (GPM),Sensor: Air Flow Rate' (CFM),Sensor: Zone Temperature' (°F),Sensor: Discharge Temperature' (°F),Control:Hot Water Valve' (%),Control: Damper Position' (%),Control: Flow Setpoint' (GPM),Sensor: Air Flow Rate' (CFM),Sensor: Zone Temperature' (°F),Sensor: Discharge Temperature' (°F),Control:Hot Water Valve' (%),Control: Damper Position' (%),Control: Flow Setpoint' (GPM),Sensor: Air Flow Rate' (CFM),Sensor: Zone Temperature' (°F),Sensor: Discharge Temperature' (°F),Control:Hot Water Valve' (%),Control: Damper Position' (%),Control: Flow Setpoint' (GPM),Sensor: Air Flow Rate' (CFM),Sensor: Zone Temperature' (°F),Sensor: Discharge Temperature' (°F),Control:Hot Water Valve' (%),Control: Damper Position' (%),Control: Flow Setpoint' (GPM),Sensor: Air Flow Rate' (CFM),Sensor: Zone Temperature' (°F),Sensor: Discharge Temperature' (°F),Control:Hot Water Valve' (%),Control: Damper Position' (%),Control: Flow Setpoint' (GPM),Sensor: Air Flow Rate' (CFM),Sensor: Zone Temperature' (°F),Sensor: Discharge Temperature' (°F),Control:Hot Water Valve' (%),Control: Damper Position' (%),Control: Flow Setpoint' (GPM),Sensor: Air Flow Rate' (CFM),Sensor: Zone Temperature' (°F),Sensor: Discharge Temperature' (°F),Control:Hot Water Valve' (%),Control: Damper Position' (%),Control: Flow Setpoint' (GPM),Sensor: Air Flow Rate' (CFM),Sensor: Zone Temperature' (°F),Sensor: Discharge Temperature' (°F),Control:Hot Water Valve' (%),Control: Damper Position' (%),Control: Flow Setpoint' (GPM),Sensor: Air Flow Rate' (CFM),Sensor: Zone Temperature' (°F),Sensor: Discharge Temperature' (°F),Control:Hot Water Valve' (%),Control: Damper Position' (%),Control: Flow Setpoint' (GPM),Sensor: Air Flow Rate' (CFM),Sensor: Zone Temperature' (°F),Sensor: Discharge Temperature' (°F),Control:Hot Water Valve' (%),Control: Damper Position' (%),Control: Flow Setpoint' (GPM),Sensor: Air Flow Rate' (CFM),Sensor: Zone Temperature' (°F),Sensor: Discharge Temperature' (°F),Control:Hot Water Valve' (%),Control: Damper Position' (%),Control: Flow Setpoint' (GPM),Sensor: Air Flow Rate' (CFM),Sensor: Zone Temperature' (°F),Sensor: Discharge Temperature' (°F),Control:Hot Water Valve' (%),Control: Damper Position' (%),Control: Flow Setpoint' (GPM),Sensor: Air Flow Rate' (CFM),Sensor: Zone Temperature' (°F),Sensor: Discharge Temperature' (°F),Control:Hot Water Valve' (%),Control: Damper Position' (%),Control: Flow Setpoint' (GPM),Sensor: Air Flow Rate' (CFM),Sensor: Zone Temperature' (°F),Sensor: Discharge Temperature' (°F),Control:Hot Water Valve' (%),Control: Damper Position' (%),Control: Flow Setpoint' (GPM),Sensor: Air Flow Rate' (CFM),Sensor: Zone Temperature' (°F),Sensor: Discharge Temperature' (°F),Control:Hot Water Valve' (%),Control: Damper Position' (%),Control: Flow Setpoint' (GPM),Sensor: Air Flow Rate' (CFM),Sensor: Zone Temperature' (°F),Sensor: Discharge Temperature' (°F),Control:Hot Water Valve' (%),Control: Damper Position' (%),Control: Flow Setpoint' (GPM),Sensor: Air Flow Rate' (CFM),Sensor: Zone Temperature' (°F),Sensor: Discharge Temperature' (°F),Control:Hot Water Valve' (%),Control: Damper Position' (%),Control: Flow Setpoint' (GPM),Sensor: Air Flow Rate' (CFM),Sensor: Zone Temperature' (°F),Sensor: Discharge Temperature' (°F),Control:Hot Water Valve' (%),Control: Damper Position' (%),Control: Flow Setpoint' (GPM),Sensor: Air Flow Rate' (CFM),Sensor: Zone Temperature' (°F),Sensor: Discharge Temperature' (°F),Control:Hot Water Valve' (%),Control: Damper Position' (%),Control: Flow Setpoint' (GPM),Sensor: Air Flow Rate' (CFM),Sensor: Zone Temperature' (°F),Sensor: Discharge Temperature' (°F),Control:Hot Water Valve' (%),Control: Damper Position' (%),Control: Flow Setpoint' (GPM),Sensor: Air Flow Rate' (CFM),Sensor: Zone Temperature' (°F),Sensor: Discharge Temperature' (°F),Control:Hot Water Valve' (%),Control: Damper Position' (%),Control: Flow Setpoint' (GPM),Sensor: Air Flow Rate' (CFM),Sensor: Zone Temperature' (°F),Sensor: Discharge Temperature' (°F),Control:Hot Water Valve' (%),Control: Damper Position' (%),Control: Flow Setpoint' (GPM),Sensor: Air Flow Rate' (CFM),Sensor: Zone Temperature' (°F),Sensor: Discharge Temperature' (°F),Control:Hot Water Valve' (%),Control: Damper Position' (%),Control: Flow Setpoint' (GPM),Sensor: Air Flow Rate' (CFM),Sensor: Zone Temperature' (°F),Sensor: Discharge Temperature' (°F),Control:Hot Water Valve' (%),Control: Damper Position' (%),Control: Flow Setpoint' (GPM),Sensor: Air Flow Rate' (CFM),Sensor: Zone Temperature' (°F),Sensor: Discharge Temperature' (°F),Control:Hot Water Valve' (%),Control: Damper Position' (%),Control: Flow Setpoint' (GPM),Sensor: Air Flow Rate' (CFM),Sensor: Zone Temperature' (°F),Sensor: Discharge Temperature' (°F),Control:Hot Water Valve' (%),Control: Damper Position' (%),Control: Flow Setpoint' (GPM),Sensor: Air Flow Rate' (CFM),Sensor: Zone Temperature' (°F),Sensor: Discharge Temperature' (°F),Control:Hot Water Valve' (%),Control: Damper Position' (%),Control: Flow Setpoint' (GPM),Sensor: Air Flow Rate' (CFM),Sensor: Zone Temperature' (°F),Sensor: Discharge Temperature' (°F),Control:Hot Water Valve' (%),Control: Damper Position' (%),Control: Flow Setpoint' (GPM),Sensor: Air Flow Rate' (CFM),Sensor: Zone Temperature' (°F),Sensor: Discharge Temperature' (°F),Control:Hot Water Valve' (%),Control: Damper Position' (%),Control: Flow Setpoint' (GPM),Sensor: Air Flow Rate' (CFM),Sensor: Zone Temperature' (°F),Sensor: Discharge Temperature' (°F),Control:Hot Water Valve' (%),Control: Damper Position' (%),Control: Flow Setpoint' (GPM),Sensor: Air Flow Rate' (CFM),Sensor: Zone Temperature' (°F),Sensor: Discharge Temperature' (°F),Control:Hot Water Valve' (%),Control: Damper Position' (%),Control: Flow Setpoint' (GPM),Sensor: Air Flow Rate' (CFM),Sensor: Zone Temperature' (°F),Sensor: Discharge Temperature' (°F),Control:Hot Water Valve' (%),Control: Damper Position' (%),Control: Flow Setpoint' (GPM),Sensor: Air Flow Rate' (CFM),Sensor: Zone Temperature' (°F),Sensor: Discharge Temperature' (°F),Control:Hot Water Valve' (%),Control: Damper Position' (%),Control: Flow Setpoint' (GPM),Sensor: Air Flow Rate' (CFM),Sensor: Zone Temperature' (°F),Sensor: Discharge Temperature' (°F),Control:Hot Water Valve' (%),Control: Damper Position' (%),Control: Flow Setpoint' (GPM),Sensor: Air Flow Rate' (CFM),Sensor: Zone Temperature' (°F),Sensor: Discharge Temperature' (°F),Control:Hot Water Valve' (%),Control: Damper Position' (%),Control: Flow Setpoint' (GPM),Sensor: Air Flow Rate' (CFM),Sensor: Zone Temperature' (°F),Sensor: Discharge Temperature' (°F),Control:Hot Water Valve' (%),Control: Damper Position' (%),Control: Flow Setpoint' (GPM),Sensor: Air Flow Rate' (CFM),Sensor: Zone Temperature' (°F),Sensor: Discharge Temperature' (°F),Control:Hot Water Valve' (%),Control: Damper Position' (%),Control: Flow Setpoint' (GPM),Sensor: Air Flow Rate' (CFM),Sensor: Zone Temperature' (°F),Sensor: Discharge Temperature' (°F),Control:Hot Water Valve' (%),Control: Damper Position' (%),Control: Flow Setpoint' (GPM),Sensor: Air Flow Rate' (CFM),Sensor: Zone Temperature' (°F),Sensor: Discharge Temperature' (°F),Control:Hot Water Valve' (%),Control: Damper Position' (%),Control: Flow Setpoint' (GPM),Sensor: Air Flow Rate' (CFM),Sensor: Zone Temperature' (°F),Sensor: Discharge Temperature' (°F),Control:Hot Water Valve' (%),Control: Damper Position' (%),Control: Flow Setpoint' (GPM),Sensor: Air Flow Rate' (CFM),Sensor: Zone Temperature' (°F),Sensor: Discharge Temperature' (°F),Control:Hot Water Valve' (%),Control: Damper Position' (%),Control: Flow Setpoint' (GPM),Sensor: Air flow rate',Sensor: Zone temperature',Sensor: Discharge temperature',Control:HW valve',Control: Damper  Position',Control: Flow Stpt',Sensor: Air Flow Rate' (CFM),Sensor: Zone Temperature' (°F),Sensor: Discharge Temperature' (°F),Control:Hot Water Valve' (%),Control: Damper Position' (%),Control: Flow Setpoint' (GPM),Sensor: Air Flow Rate' (CFM),Sensor: Zone Temperature' (°F),Sensor: Discharge Temperature' (°F),Control:Hot Water Valve' (%),Control: Damper Position' (%),Control: Flow Setpoint' (GPM),Sensor: Air Flow Rate' (CFM),Sensor: Zone Temperature' (°F),Sensor: Discharge Temperature' (°F),Control:Hot Water Valve' (%),Control: Damper Position' (%),Control: Flow Setpoint' (GPM),Control: Flow Setpoint' (GPM),Control: Flow Setpoint' (GPM),Control: Flow Setpoint' (GPM),Control: Flow Setpoint' (GPM),Control: Flow Setpoint' (GPM),Control: Flow Setpoint' (GPM),Control: Flow Setpoint' (GPM),Control: Flow Setpoint' (GPM),Outdoor air Pressure' (inHg)
20170729,0,76.7,94.8,39.14542574,29.6277775,1,56.8,57.2,4.1,74.9,75.6,-0.1,0.55,0,0,0,5,0,0,0,0,0,0,0,200,72,7.5,4.1,7.5,200,80.5,79.4,76.3,0,0,0,60,0,0,76.6,0,61,0.8125,53.2,0,0,-0.2,1.5,0,0,0,73.7,73.6,71.9,56.4,15,100,61,20,0,73.7,0.98,61,0.8125,70.9,0,0,87.8,55.4,9.9,4.9,1.1,15,15,82.3,71.9,83.2,100,99.8,0,73.6,1.3,65.31035,64.81035,0,13,0,0,0,0,0,72,106,78.2,0,0,0,85,55,0,69,67.3,1,2200,13,73.7,72.6,0,100,260,2,71.7,72.3,0,0.035872295,0,-16,74.8,71.6,0,0.049176294,0,1274,76.2,73.1,0,0,700,129,74,72.1,0,0,0,45,74.9,73.6,0,0.012298611,0,-1,74.4,74.3,0,0,0,48,72.5,75,0,0,0,41,73.3,74.4,0,0.02459117,0,5,72.8,76.8,0,100,950,-3,0,74.1,0,0,0,-4,73.4,73.5,0,0,0,100,73.7,70.9,0,39.183872,100,200,71,71.1,0,38.828285,200,200,71.7,70.7,0,40.215527,200,206,73.1,70.4,0,24.584557,200,96,73.3,69.3,0,24.201025,100,201,72,69.9,0,23.817692,200,198,73.6,69.7,0,19.249172,200,100,72.1,69.7,0,28.778214,100,196,74.2,70.1,0,22.384188,200,97,70.9,70.2,0,30.841927,100,99,73.8,71.3,0,35.65644,100,98,72.8,71.1,0,36.069195,100,195,72.1,70.9,0,29.424099,200,100,72.7,70,0,22.539526,100,202,72.6,70.4,0,32.851364,200,201,73.1,69.5,0,28.386148,200,203,72.6,69.6,0,22.492924,200,96,71.6,69.6,0,30.23313,100,185,71.5,70.6,0,28.414558,200,196,70.7,70.7,0,26.191647,200,98,73.7,71.2,0,49.92785,100,200,72.3,71.1,0,39.569714,200,201,72.4,70.6,0,27.828333,200,0,73.3,71.6,0,0,0,203,73.8,70.3,0,29.16972,200,194,73,69.9,0,35.84234,200,197,73.6,69.7,0,27.036629,200,151,70.8,70.2,0,37.617134,150,203,73.4,70.4,0,35.721077,200,198,72.3,70.5,0,29.927973,200,102,74,70.9,0,49.94478,100,201,73.5,71.2,0,42.220314,200,204,72.8,70.5,0,35.587803,200,99,74,69.8,0,25.033665,100,202,72.9,69.8,0,26.470589,200,91,72.5,69.6,0,30.543983,100,98,73,69.8,0,27.817509,100,99,71.9,285,0,26.736069,100,208,73.2,70,0,32.610836,200,204,72.5,70.5,0,35.017166,200,100,74.2,70.2,0,32.452538,100,100,74.9,70.7,0,36.257435,100,200,73.1,70.2,0,30.72245,200,98,72.5,69.7,0,38.63424,100,196,71,70.4,0,48.63222,200,92,74.4,69,0,35.425014,100,102,72.3,69.7,0,33.565666,100,99,71.7,69.7,0,37.380295,100,204,73.1,70.3,0,36.095905,200,202,70.9,70.8,0,53.30678,200,197,74,69.7,0,40.373173,200,198,73.7,70.1,0,38.511703,200,97,73.5,69.8,0,49.969707,100,100,74.1,70,0,25.908163,100,96,72,70.2,0,37.650173,100,198,71.6,70.3,0,32.74133,200,198,73,70.2,0,29.760227,200,98,70.6,70.5,0,43.258762,100,197,70.9,70.7,0,37.987278,200,87.7,87.8,87.8,142.1,102.1,115.6,3.1,-0.1,29.73
20170729,5,76.5,95.7,39.1559578,24.96303083,1,56.8,57.3,4.1,75,75.6,-0.1,0.55,0,0,0,5,0,0,0,0,0,0,0,200,72,7.5,4.1,7.5,200,81.3,79.1,76,0,0,0,60,0,0,76.8,0,61,0.8125,57.8,0,0,-0.2,1.5,0,0,0,73.8,73.7,72.9,56.7,15,100,61,20,0,73.6,0.99,61,0.8125,71,0,0,84.1,55.6,9.9,4.8,1,15,15,82.4,71.9,83.2,100,99.9,0,73.6,1.3,65.31035,64.81035,0,13,0,0,0,0,0,72,110,78.2,0,0,0,85,55,0,69,67.3,1,2200,14,73.7,72.6,0,100,260,2,71.7,72.4,0,0.035872295,0,-17,74.8,71.7,0,0.049176294,0,1274,76.2,73.2,0,0,700,128,74,72.2,0,0,0,45,75,73.7,0,0.012298611,0,-1,74.5,74.4,0,0,0,41,72.5,75.1,0,0,0,42,73.3,74.5,0,0.02459117,0,5,72.8,77,0,100,950,-4,0,74.1,0,0,0,-3,73.4,73.6,0,0,0,100,73.8,71.9,0,39.183872,100,200,71.1,72.1,0,38.828285,200,202,71.8,71.7,0,40.215527,200,204,73.1,71.4,0,24.584557,200,96,73.3,70.1,0,24.201025,100,202,72.1,70.8,0,23.817692,200,199,73.6,70.6,0,19.249172,200,100,72.1,70.5,0,28.778214,100,197,74.2,70.9,0,22.384188,200,98,71,71.1,0,30.841927,100,100,73.9,72.3,0,35.65644,100,98,72.8,72,0,36.069195,100,195,72.2,71.9,0,29.424099,200,101,72.7,70.9,0,22.539526,100,200,72.7,71.4,0,32.851364,200,204,73.1,70.4,0,28.386148,200,204,72.7,70.6,0,22.492924,200,95,71.7,70.3,0,30.23313,100,188,71.6,71.6,0,28.414558,200,196,70.8,71.6,0,26.191647,200,98,73.7,72.2,0,49.92785,100,202,72.4,72.1,0,39.569714,200,202,72.4,71.6,0,27.828333,200,0,73.3,71.6,0,0,0,203,73.8,71.3,0,29.16972,200,194,73,70.8,0,35.84234,200,200,73.7,70.7,0,27.036629,200,151,70.8,71.3,0,37.617134,150,205,73.5,71.3,0,35.721077,200,199,72.4,71.5,0,29.927973,200,101,74.1,71.9,0,49.94478,100,203,73.6,72.2,0,42.220314,200,205,72.8,71.4,0,35.587803,200,99,74,70.7,0,25.033665,100,204,72.9,70.6,0,26.470589,200,90,72.6,70.5,0,30.543983,100,96,73,70.7,0,27.817509,100,101,72,284.9,0,26.736069,100,209,73.3,70.9,0,32.610836,200,205,72.5,71.4,0,35.017166,200,103,74.2,71.2,0,32.452538,100,100,74.9,71.6,0,36.257435,100,199,73.2,71.2,0,30.72245,200,98,72.6,70.8,0,38.63424,100,206,71.2,71.5,0,48.63222,200,92,74.4,69.9,0,35.425014,100,107,72.3,70.7,0,33.565666,100,99,71.7,70.5,0,37.380295,100,206,73.2,71.2,0,36.095905,200,202,71,71.8,0,53.30678,200,196,74,70.5,0,40.373173,200,199,73.7,71,0,38.511703,200,97,73.5,70.7,0,49.969707,100,100,74.2,70.8,0,25.908163,100,96,72.1,71.1,0,37.650173,100,198,71.6,71.2,0,32.74133,200,199,73,71.2,0,29.760227,200,98,70.7,71.5,0,43.258762,100,199,71,71.7,0,37.987278,200,87.7,87.8,87.9,145.1,102.1,115.4,1.2,0.6,29.73
20170729,10,76.4,95.9,39.1047312,24.96303083,1,56.9,57.4,4.1,75.1,75.7,-0.1,0.55,0,0,0,5,0,0,0,0,0,0,0,200,72,7.5,4.1,7.5,200,82.3,78.6,75.8,0,0,0,60,0,0,77.1,0,61,0.8125,56.3,0,0,-0.2,1.5,0,0,0,73.8,73.6,73.7,56.7,15,100,61,20,0,73.7,1,61,0.8125,71.3,0,0,81.7,56,9.9,4.9,0.9,15,15,82.5,71.9,83.2,100,100,0,73.6,1.3,65.31035,64.81035,0,13,0,0,0,0,0,72,112,78.3,0,0,0,85,55,0,69,67.3,1,2200,14,73.7,72.7,0,100,260,2,71.7,72.5,0,0.035872295,0,-16,74.9,71.8,0,0.049176294,0,1274,76.3,73.2,0,0,700,127,74,72.2,0,0,0,45,75,73.7,0,0.012298611,0,-1,74.5,74.4,0,0,0,41,72.5,75.1,0,0,0,42,73.3,74.6,0,0.02459117,0,4,72.9,77.1,0,100,950,-3,0,74.1,0,0,0,-4,73.5,73.6,0,0,0,100,73.8,72.7,0,39.183872,100,200,71.2,72.9,0,38.828285,200,201,72,72.5,0,40.215527,200,205,73.2,72.3,0,24.584557,200,96,73.3,70.9,0,24.201025,100,201,72.1,71.7,0,23.817692,200,197,73.7,71.6,0,19.249172,200,100,72.2,71.3,0,28.778214,100,197,74.2,71.8,0,22.384188,200,98,71.1,71.9,0,30.841927,100,99,73.9,73,0,35.65644,100,98,72.9,72.9,0,36.069195,100,194,72.3,72.7,0,29.424099,200,101,72.8,71.8,0,22.539526,100,200,72.7,72.3,0,32.851364,200,203,73.2,71.3,0,28.386148,200,201,72.7,71.4,0,22.492924,200,96,71.7,71.1,0,30.23313,100,210,71.7,72.4,0,28.414558,200,200,70.9,72.4,0,26.191647,200,99,73.8,73,0,49.92785,100,201,72.4,72.9,0,39.569714,200,202,72.5,72.5,0,27.828333,200,0,73.4,71.7,0,0,0,202,73.9,72.2,0,29.16972,200,194,73.1,71.7,0,35.84234,200,198,73.7,71.6,0,27.036629,200,151,70.9,72.1,0,37.617134,150,201,73.5,72.2,0,35.721077,200,201,72.4,72.4,0,29.927973,200,101,74.1,72.7,0,49.94478,100,202,73.7,73,0,42.220314,200,204,72.9,72.3,0,35.587803,200,100,74,71.6,0,25.033665,100,201,73,71.6,0,26.470589,200,91,72.7,71.4,0,30.543983,100,97,73,71.5,0,27.817509,100,100,72,284.9,0,26.736069,100,208,73.3,71.8,0,32.610836,200,204,72.6,72.3,0,35.017166,200,101,74.3,72,0,32.452538,100,100,74.9,72.4,0,36.257435,100,198,73.2,72.1,0,30.72245,200,98,72.6,71.7,0,38.63424,100,206,71.3,72.4,0,48.63222,200,92,74.4,70.8,0,35.425014,100,112,72.4,71.6,0,33.565666,100,99,71.8,71.4,0,37.380295,100,204,73.2,72.1,0,36.095905,200,202,71.1,72.7,0,53.30678,200,196,74.1,71.3,0,40.373173,200,199,73.8,71.8,0,38.511703,200,97,73.6,71.5,0,49.969707,100,99,74.2,71.7,0,25.908163,100,96,72.2,71.9,0,37.650173,100,198,71.7,72,0,32.74133,200,198,73,72.1,0,29.760227,200,98,70.8,72.3,0,43.258762,100,199,71.1,72.6,0,37.987278,200,87.8,87.9,87.9,145.1,102.1,115.4,1,-0.1,29.73
20170729,15,76.3,96,39.03117837,24.96303083,1,56.9,57.5,4.1,75.2,75.7,-0.2,0.55,0,0,0,5,0,0,0,0,0,0,0,200,72,7.5,4.1,7.5,200,82.3,78.5,75.8,0,0,0,60,0,0,77,0,61,0.8125,53.3,0,0,-0.2,1.5,0,0,0,73.9,73.7,74.4,56.6,15,100,61,20,0,73.7,1,61,0.8125,71.4,0,0,79.7,55.6,9.9,4.3,1.1,15,15,82.5,71.9,83.2,100,100,0,73.6,1.3,65.31035,64.81035,0,13,0,0,0,0,0,72,105,78.4,0,0,0,85,55,0,69,67.4,1,2200,13,73.8,72.7,0,100,260,2,71.7,72.5,0,0.035872295,0,-16,74.9,71.9,0,0.049176294,0,1274,76.3,73.3,0,0,700,129,74.1,72.3,0,0,0,45,75.1,73.8,0,0.012298611,0,-1,74.6,74.5,0,0,0,40,72.6,75.2,0,0,0,42,73.3,74.7,0,0.02459117,0,4,72.9,77.1,0,100,950,-4,0,74.2,0,0,0,-4,73.5,73.6,0,0,0,100,73.8,73.4,0,39.183872,100,200,71.4,73.6,0,38.828285,200,201,72.2,73.2,0,40.215527,200,204,73.3,73,0,24.584557,200,96,73.3,71.7,0,24.201025,100,201,72.2,72.5,0,23.817692,200,199,73.7,72.4,0,19.249172,200,99,72.2,72.1,0,28.778214,100,198,74.3,72.5,0,22.384188,200,98,71.1,72.6,0,30.841927,100,99,73.9,73.7,0,35.65644,100,98,72.9,73.6,0,36.069195,100,195,72.3,73.4,0,29.424099,200,101,72.8,72.5,0,22.539526,100,202,72.8,73.1,0,32.851364,200,203,73.2,72,0,28.386148,200,204,72.8,72.2,0,22.492924,200,96,71.8,71.9,0,30.23313,100,189,71.8,73.1,0,28.414558,200,193,71,73.1,0,26.191647,200,98,73.9,73.6,0,49.92785,100,200,72.5,73.6,0,39.569714,200,201,72.6,73.2,0,27.828333,200,0,73.4,71.6,0,0,0,199,73.9,73,0,29.16972,200,194,73.2,72.4,0,35.84234,200,199,73.8,72.4,0,27.036629,200,152,71,72.9,0,37.617134,150,204,73.5,72.9,0,35.721077,200,199,72.5,73.1,0,29.927973,200,101,74.2,73.4,0,49.94478,100,202,73.8,73.7,0,42.220314,200,200,72.9,73,0,35.587803,200,99,74,72.4,0,25.033665,100,202,73,72.3,0,26.470589,200,91,72.8,72.1,0,30.543983,100,96,73.1,72.3,0,27.817509,100,100,72.1,285,0,26.736069,100,207,73.4,72.5,0,32.610836,200,204,72.7,73,0,35.017166,200,100,74.3,72.8,0,32.452538,100,100,75,73,0,36.257435,100,197,73.3,72.8,0,30.72245,200,98,72.6,72.5,0,38.63424,100,208,71.5,73.1,0,48.63222,200,92,74.5,71.6,0,35.425014,100,107,72.4,72.4,0,33.565666,100,99,71.9,72.2,0,37.380295,100,205,73.2,72.9,0,36.095905,200,200,71.2,73.4,0,53.30678,200,195,74.1,72,0,40.373173,200,199,73.9,72.6,0,38.511703,200,97,73.7,72.3,0,49.969707,100,99,74.3,72.4,0,25.908163,100,96,72.2,72.7,0,37.650173,100,198,71.8,72.8,0,32.74133,200,199,73.1,72.8,0,29.760227,200,98,71,73.1,0,43.258762,100,200,71.2,73.3,0,37.987278,200,87.8,87.9,87.7,142.1,102.1,115.5,1.2,0.1,29.73
20170729,20,76.3,96,39.03117837,24.96303083,1,57,57.6,4.1,75.2,75.8,-0.2,0.55,0,0,0,5,0,0,0,0,0,0,0,200,72,7.5,4.1,7.5,200,82.3,78.4,75.9,0,0,0,60,0,0,76.8,0,61,0.8125,52.8,0,0,-0.2,1.5,0,0,0,73.9,73.8,74.8,56.5,15,100,61,20,0,73.8,1.01,61,0.8125,71.5,0,0,78.1,55.5,9.9,4.4,1.4,15,15,82.4,71.9,83.6,100,99.9,0,73.6,1.25,65.31035,64.81035,0,13.1,0,0,0,0,0,72,110,78.4,0,0,0,85,55,0,69.1,67.4,1,2200,14,73.8,72.8,0,100,260,2,71.7,72.6,0,0.035872295,0,-17,75,71.9,0,0.049176294,0,1274,76.4,73.4,0,0,700,128,74.1,72.3,0,0,0,45,75.2,73.9,0,0.012298611,0,-1,74.7,74.5,0,0,0,39,72.6,75.2,0,0,0,42,73.4,74.7,0,0.02459117,0,4,72.9,77.2,0,100,950,-4,0,74.2,0,0,0,-4,73.5,73.7,0,0,0,99,73.9,74,0,39.183872,100,199,71.5,74.1,0,38.828285,200,200,72.3,73.8,0,40.215527,200,202,73.3,73.6,0,24.584557,200,96,73.4,72.4,0,24.201025,100,200,72.2,73.2,0,23.817692,200,198,73.8,73,0,19.249172,200,99,72.3,72.8,0,28.778214,100,197,74.3,73.1,0,22.384188,200,102,71.2,73.2,0,31.296024,100,99,74,74.3,0,35.65644,100,98,73,74.1,0,36.069195,100,193,72.4,74,0,29.424099,200,101,72.8,73.2,0,22.539526,100,199,72.8,73.7,0,32.851364,200,202,73.3,72.7,0,28.386148,200,203,72.9,72.9,0,22.492924,200,95,71.9,72.5,0,30.23313,100,186,71.9,73.7,0,28.414558,200,190,71,73.7,0,26.191647,200,98,73.9,74.2,0,49.92785,100,200,72.5,74.1,0,39.569714,200,201,72.6,73.7,0,27.828333,200,0,73.4,71.6,0,0,0,203,73.9,73.6,0,29.16972,200,194,73.3,73.1,0,35.84234,200,197,73.8,73.1,0,27.036629,200,151,71.1,73.5,0,37.617134,150,201,73.6,73.5,0,35.721077,200,197,72.5,73.7,0,29.927973,200,101,74.2,74,0,49.94478,100,202,73.9,74.3,0,42.220314,200,202,73,73.6,0,35.587803,200,99,74.1,73,0,25.033665,100,200,73.1,72.9,0,26.470589,200,90,72.9,72.8,0,30.543983,100,97,73.1,72.9,0,27.817509,100,99,72.1,284.9,0,26.736069,100,204,73.4,73.1,0,32.610836,200,203,72.8,73.6,0,35.017166,200,100,74.3,73.4,0,32.452538,100,99,75,73.6,0,36.257435,100,196,73.3,73.5,0,30.72245,200,97,72.6,73.1,0,38.63424,100,195,71.7,73.7,0,48.63222,200,92,74.5,72.3,0,35.425014,100,103,72.5,73.1,0,33.565666,100,99,71.9,72.8,0,37.380295,100,205,73.3,73.5,0,36.095905,200,197,71.4,73.9,0,53.30678,200,195,74.1,72.7,0,40.373173,200,198,73.9,73.3,0,38.511703,200,98,73.7,73,0,50.35339,100,100,74.3,73.1,0,25.908163,100,95,72.3,73.3,0,37.650173,100,197,71.9,73.4,0,32.74133,200,198,73.2,73.4,0,29.760227,200,98,71.1,73.6,0,43.258762,100,198,71.3,73.9,0,37.987278,200,87.9,88,87.9,145.1,102.1,115.5,1.2,-0.1,29.73
20170729,25,76.2,96.5,39.0463508,24.96303083,1,57.1,57.7,4.1,75.3,75.8,-0.2,0.55,0,0,0,5,0,0,0,0,0,0,0,200,72,7.5,4.1,7.5,200,82.8,78.3,75.6,0,0,0,60,0,0,76.9,0,61,0.8125,57.8,0,0,-0.2,1.5,0,0,0,73.9,73.8,75.1,56.4,15,100,61,20,0,73.8,1.01,61,0.8125,71.3,0,0,76.9,55.3,9.9,4.6,1.3,15,15,82.2,71.9,86.1,100,99.5,0,73.6,1.25,65.31035,64.81035,0,13.2,0,0,0,0,0,72,107,78.5,0,0,0,85,55,0,69.1,67.4,1,2200,14,73.8,72.8,0,100,260,2,71.7,72.7,0,0.035872295,0,-16,75,72,0,0.049176294,0,1275,76.4,73.4,0,0,700,128,74.2,72.4,0,0,0,45,75.2,73.9,0,0.012298611,0,-1,74.8,74.6,0,0,0,40,72.6,75.3,0,0,0,42,73.4,74.8,0,0.02459117,0,3,72.9,77.3,0,100,950,-4,0,74.2,0,0,0,-4,73.5,73.7,0,0,0,99,74,74.4,0,39.183872,100,200,71.6,74.6,0,38.828285,200,200,72.4,74.2,0,40.215527,200,204,73.3,74.1,0,24.584557,200,96,73.4,72.9,0,24.201025,100,200,72.3,73.7,0,23.817692,200,198,73.8,73.6,0,19.249172,200,99,72.3,73.3,0,28.778214,100,197,74.4,73.6,0,22.384188,200,103,71.3,73.8,0,31.296024,100,100,74,74.7,0,35.65644,100,99,73.1,74.5,0,36.069195,100,194,72.5,74.4,0,29.424099,200,100,72.8,73.7,0,22.539526,100,202,72.9,74.2,0,32.851364,200,203,73.4,73.3,0,28.386148,200,201,72.9,73.4,0,22.492924,200,95,71.9,73,0,30.23313,100,206,72,74.2,0,28.414558,200,194,71.1,74.2,0,26.191647,200,98,74,74.6,0,49.92785,100,201,72.6,74.5,0,39.569714,200,200,72.7,74.2,0,27.828333,200,0,73.4,71.7,0,0,0,201,74,74.1,0,29.16972,200,194,73.3,73.6,0,35.84234,200,196,73.9,73.6,0,27.036629,200,151,71.2,74,0,37.617134,150,203,73.6,74,0,35.721077,200,198,72.5,74.2,0,29.927973,200,101,74.3,74.4,0,49.94478,100,203,73.9,74.7,0,42.220314,200,204,73,74.1,0,35.587803,200,99,74.1,73.5,0,25.033665,100,202,73.2,73.5,0,26.470589,200,89,73,73.4,0,30.543983,100,97,73.2,73.5,0,27.817509,100,98,72.2,285,0,26.736069,100,205,73.5,73.6,0,32.610836,200,204,72.9,74.1,0,35.017166,200,100,74.3,73.9,0,32.452538,100,100,75,74,0,36.257435,100,197,73.3,73.9,0,30.72245,200,98,72.7,73.6,0,38.63424,100,195,71.9,74.2,0,48.63222,200,92,74.5,72.8,0,35.425014,100,105,72.5,73.6,0,33.565666,100,98,72,73.3,0,37.380295,100,204,73.3,74,0,36.095905,200,201,71.5,74.4,0,53.30678,200,194,74.2,73.2,0,40.373173,200,198,74,73.8,0,38.511703,200,98,73.8,73.5,0,50.35339,100,100,74.4,73.6,0,25.908163,100,95,72.3,73.8,0,37.650173,100,196,71.9,73.9,0,32.74133,200,198,73.3,73.9,0,29.760227,200,98,71.2,74.1,0,43.258762,100,199,71.4,74.4,0,37.987278,200,87.9,88,88,146.1,102.2,115.6,2.2,-0.7,29.73
20170729,30,76.1,96.5,38.95053628,24.96303083,1,57.1,57.8,4.1,75.4,75.9,-0.1,0.55,0,0,0,5,0,0,0,0,0,0,0,200,72,7.5,4.1,7.5,200,82.7,78.2,75.7,0,0,0,60,0,0,76.8,0,61,0.8125,53.5,0,0,-0.2,1.5,0,0,0,74,73.9,75.4,56.6,15,100,61,20,0,73.8,0.98,61,0.8125,71.5,0,0,76.1,55.7,9.9,4.4,1.1,15,15,82.1,71.9,87.1,100,99.8,0,73.6,1.25,65.31035,64.81035,0,13.3,0,0,0,0,0,72,103,78.6,0,0,0,85,55,0,69.1,67.5,1,2200,14,73.8,73,0,100,260,1,71.7,72.7,0,0.035872295,0,-16,75,72,0,0.049176294,0,1274,76.5,73.6,0,0,700,127,74.2,72.5,0,0,0,45,75.3,74,0,0.012298611,0,-1,74.8,74.6,0,0,0,39,72.6,75.3,0,0,0,42,73.4,74.9,0,0.02459117,0,4,72.9,77.3,0,100,950,-4,0,74.3,0,0,0,-4,73.6,73.8,0,0,0,99,74,74.8,0,39.183872,100,199,71.7,75,0,38.828285,200,199,72.6,74.5,0,40.215527,200,203,73.4,74.5,0,24.584557,200,96,73.5,73.4,0,24.201025,100,198,72.3,74.2,0,23.817692,200,194,73.8,74.1,0,19.249172,200,100,72.4,73.8,0,28.778214,100,195,74.4,74,0,22.384188,200,104,71.4,74.2,0,30.841927,100,99,74.1,75,0,35.65644,100,98,73.1,74.9,0,36.069195,100,191,72.5,74.8,0,29.424099,200,101,72.9,74.1,0,22.539526,100,199,73,74.6,0,32.851364,200,202,73.4,73.8,0,28.386148,200,202,73,73.9,0,22.492924,200,95,72,73.5,0,30.23313,100,203,72.1,74.5,0,28.414558,200,197,71.2,74.5,0,26.191647,200,97,74,74.9,0,49.92785,100,198,72.6,74.8,0,39.569714,200,199,72.8,74.6,0,27.828333,200,0,73.4,71.8,0,0,0,201,74.1,74.6,0,29.16972,200,194,73.4,74.1,0,35.84234,200,196,73.9,74.1,0,27.036629,200,150,71.3,74.4,0,37.617134,150,202,73.7,74.5,0,35.721077,200,197,72.6,74.5,0,29.927973,200,101,74.4,74.7,0,49.94478,100,202,74,75,0,42.220314,200,201,73.1,74.4,0,35.587803,200,98,74.1,74,0,25.033665,100,199,73.2,73.9,0,26.470589,200,92,73.1,73.8,0,30.543983,100,98,73.3,73.9,0,27.817509,100,98,72.3,284.9,0,26.736069,100,207,73.5,74,0,32.610836,200,202,73,74.4,0,35.017166,200,100,74.4,74.3,0,32.452538,100,98,75,74.3,0,36.257435,100,195,73.4,74.3,0,30.72245,200,98,72.7,74.1,0,38.63424,100,188,72.1,74.5,0,48.63222,200,92,74.6,73.4,0,35.425014,100,102,72.6,74,0,33.565666,100,99,72,73.8,0,37.380295,100,203,73.4,74.4,0,36.095905,200,194,71.6,74.7,0,53.30678,200,194,74.2,73.7,0,40.373173,200,198,74.1,74.3,0,38.511703,200,97,73.9,74,0,50.35339,100,98,74.5,74.1,0,25.908163,100,95,72.4,74.3,0,37.650173,100,198,72,74.3,0,32.74133,200,197,73.3,74.3,0,29.760227,200,98,71.4,74.5,0,43.258762,100,199,71.5,74.7,0,37.987278,200,88,88.1,87.9,144.1,102.2,115.8,0.9,1.7,29.73
20170729,35,76.1,96.1,38.86219514,24.96303083,258,56.9,56.8,4.95,75.5,75.2,-0.2,0.55,0,0,0,5,100,100,1,1,1,0,0,200,72,7.5,4.95,7.5,200,82.7,78.2,75.8,0,0,0,60,0,0,76.8,0,61,0.8125,53.2,0,0,-0.2,1.5,0,0,0,74,73.8,73.6,56.3,15,100,61,20,0,73.8,1.02,61,0.8125,71.6,0,0,76.7,55.7,9.9,4.9,1,15,15,81.4,71.1,87.8,100,99.9,0,73.6,1.3,65.31035,64.81035,0,13.5,0,0,1,23.5,1,72,107,78.6,0,0,0,85,55,0,69.2,67.5,1,2200,14,73.9,73,0,100,260,2,71.8,72.8,0,0.035872295,0,-17,75.1,72.1,0,0.049176294,0,1274,76.5,73.6,0,0,700,127,74.2,72.5,0,0,0,44,75.4,74.1,0,0.012298611,0,-1,74.9,74.7,0,0,0,37,72.6,75.4,0,0,0,40,73.4,74.9,0,0.02459117,0,4,73,77.3,0,100,950,-3,0,74.3,0,0,0,-4,73.6,73.8,0,0,0,101,74,74.7,0,39.183872,100,202,71.9,74.9,0,38.828285,200,203,72.7,74.4,0,40.215527,200,206,73.4,74.6,0,24.584557,200,96,73.5,73.7,0,24.201025,100,204,72.4,74.3,0,23.817692,200,200,73.9,74.3,0,19.249172,200,102,72.4,74,0,28.778214,100,200,74.5,74.3,0,22.384188,200,105,71.4,74.3,0,30.841927,100,100,74.1,74.8,0,35.65644,100,101,73.2,74.7,0,36.069195,100,196,72.6,74.7,0,29.424099,200,102,72.9,74.3,0,22.539526,100,205,73,74.7,0,32.851364,200,203,73.5,74,0,28.386148,200,202,73,74,0,22.492924,200,98,72.1,73.8,0,30.23313,100,193,72.1,74.5,0,28.414558,200,198,71.3,74.6,0,26.818184,200,101,74.1,74.4,0,49.92785,100,202,72.7,74.6,0,39.569714,200,205,72.8,74.5,0,27.828333,200,0,73.5,71.9,0,0,0,203,74.1,74.6,0,29.16972,200,194,73.4,74.3,0,35.84234,200,201,73.9,74.2,0,27.036629,200,154,71.4,74.6,0,37.617134,150,205,73.7,74.6,0,35.721077,200,202,72.7,74.5,0,29.927973,200,102,74.4,74.5,0,49.94478,100,205,74.1,74.5,0,42.220314,200,206,73.2,74.6,0,35.587803,200,100,74.1,74.1,0,25.033665,100,205,73.3,74.1,0,26.470589,200,91,73.2,74.1,0,30.543983,100,98,73.3,74.2,0,27.817509,100,102,72.4,284.9,0,26.736069,100,210,73.6,74.1,0,32.610836,200,205,73,74.3,0,35.017166,200,101,74.4,74.5,0,32.452538,100,100,75.1,74.3,0,36.257435,100,199,73.4,74.4,0,30.72245,200,99,72.7,74.2,0,38.63424,100,224,72.2,74.2,0,48.63222,200,92,74.6,73.7,0,35.425014,100,114,72.6,74.1,0,33.565666,100,101,72.1,74.1,0,37.380295,100,206,73.4,74.4,0,36.095905,200,207,71.7,74.4,0,53.30678,200,197,74.3,74.1,0,40.373173,200,200,74.2,74.6,0,38.511703,200,99,73.9,74.3,0,50.35339,100,100,74.6,74.4,0,25.908163,100,96,72.4,74.5,0,37.650173,100,196,72.1,74.4,0,32.74133,200,200,73.4,74.4,0,29.760227,200,98,71.5,74.5,0,43.258762,100,201,71.6,74.6,0,37.987278,200,88,88.1,88.1,147.1,102.2,115.9,3,-0.1,29.73
20170729,40,76.2,96.3,39.00201962,24.96303083,262,53.4,46.7,5.55,80.3,74.1,-0.1,0.65,0,0,0,5,100,100,1,1,1,0,0,200,72,7.5,5.55,7.5,200,83,78.2,75.7,0,0,0,60,0,0,76.8,0,61,0.8125,54.7,0,0,-0.2,1.5,0,0,0,74,73.9,63.4,55.7,15,100,61,20,0,73.7,0.99,61,0.8125,71.2,0,0,85.1,55.6,9.9,4.3,1.2,15,15,88.8,65.1,88,100,100,0,74.5,1.3,65.31035,64.81035,0,13.7,0,0,1,25,1,72,111,78.7,0,0,0,85,55,0,69.2,67.5,1,2200,19,73.9,73.1,0,100,260,2,71.8,72.9,0,0.035872295,0,-16,75.1,72.2,0,0.049176294,0,1272,76.6,73.6,0,0,700,128,74.3,72.6,0,0,0,45,75.4,74.1,0,0.012298611,0,-1,74.9,74.7,0,0,0,41,72.7,75.4,0,0,0,41,73.4,75,0,0.02459117,0,6,73,77.4,0,100,950,-4,0,74.3,0,0,0,-4,73.6,73.8,0,0,0,101,74.1,69.2,0,39.183872,100,202,71.9,69.1,0,38.828285,200,204,72.7,68.4,0,40.215527,200,204,73.5,70.2,0,24.584557,200,96,73.5,72,0,24.201025,100,202,72.4,71.1,0,23.817692,200,197,73.9,70.9,0,19.249172,200,101,72.5,71.5,0,28.778214,100,197,74.5,71.1,0,22.384188,200,105,71.5,70.2,0,30.841927,100,101,74.1,68.2,0,35.65644,100,101,73.2,68.9,0,36.069195,100,197,72.6,68.6,0,29.424099,200,100,72.9,70.9,0,22.539526,100,203,73.1,70.2,0,32.851364,200,203,73.6,71.5,0,28.386148,200,206,73.1,70.5,0,22.492924,200,96,72.1,71.2,0,30.23313,100,210,72.2,69.1,0,28.414558,200,201,71.4,69.9,0,26.818184,200,99,74.1,67.1,0,49.92785,100,201,72.7,67.9,0,39.569714,200,202,72.9,69.1,0,27.828333,200,1,73.5,72,0,0,0,206,74.2,69.7,0,29.16972,200,194,73.5,71.3,0,35.84234,200,200,74,70.5,0,27.036629,200,153,71.5,70.3,0,37.617134,150,205,73.7,70.5,0,35.721077,200,200,72.7,69.2,0,29.927973,200,102,74.4,68.2,0,49.94478,100,204,74.2,67.2,0,42.220314,200,202,73.3,70.1,0,35.587803,200,99,74.2,70.3,0,25.033665,100,202,73.4,70.5,0,26.470589,200,90,73.3,71.3,0,30.543983,100,101,73.3,71.5,0,27.817509,100,99,72.5,284.8,0,26.736069,100,205,73.6,70.3,0,32.610836,200,204,73.1,69,0,35.017166,200,102,74.4,70.8,0,32.452538,100,99,75.1,69.8,0,36.257435,100,199,73.5,69.9,0,30.72245,200,98,72.7,70.9,0,38.63424,100,197,72.2,68,0,48.63222,200,93,74.7,71.7,0,35.425014,100,109,72.7,70,0,33.565666,100,99,72.1,71.3,0,37.380295,100,203,73.4,70.1,0,36.095905,200,204,71.8,67.5,0,53.30678,200,195,74.3,72.7,0,40.373173,200,199,74.3,72,0,38.511703,200,97,73.9,72.5,0,50.35339,100,100,74.6,72.1,0,25.908163,100,95,72.5,71.6,0,37.650173,100,199,72.1,70.4,0,32.74133,200,197,73.4,70,0,29.760227,200,98,71.6,69.6,0,43.258762,100,200,71.7,68.7,0,37.987278,200,88.1,88.2,88.1,144.1,102.2,116.3,1.2,0,29.73
20170729,45,76.2,96,38.93553336,24.96303083,263,49.4,44.1,5.65,80.8,75.9,-0.1,2.05,0,0,0,5,100,100,1,1,1,0,0,200,72,7.5,5.65,7.5,200,83.4,78.1,75.6,0,0,0,60,0,0,76.7,0,61,0.8125,54.4,0,0,-0.2,1.5,0,0,0,74,73.8,56.2,55.8,15,96.4,61,20,0,73.8,1.01,61,0.8125,70.5,0,0,85.6,56.1,9.9,4.7,0.7,15,15,89.9,61.1,85.9,100,98,0,74.5,1.4,65.31035,64.81035,0,13.5,0,0,1,28.9,1,72,112,78.7,0,0,0,85,55,0,69.2,67.6,1,2200,15,73.9,73.2,0,100,260,2,71.8,73,0,0.035872295,0,-16,75.1,72.2,0,0.049176294,0,1274,76.6,73.7,0,0,700,129,74.3,72.6,0,0,0,45,75.5,74.2,0,0.012298611,0,-1,75,74.8,0,0,0,36,72.7,75.4,0,0,0,42,73.5,75.1,0,0.02459117,0,3,73,77.4,0,100,950,-4,0,74.4,0,0,0,-4,73.6,73.8,0,0,0,101,74.1,63.5,0,39.183872,100,203,71.6,63.5,0,38.828285,200,204,72.2,62.9,0,40.215527,200,206,73.5,65,0,24.584557,200,97,73.5,69,0,24.201025,100,205,72.4,66.8,0,23.817692,200,202,73.9,66.6,0,19.249172,200,100,72.5,67.9,0,28.778214,100,198,74.5,67,0,22.384188,200,104,71.4,65.7,0,30.400097,100,101,74.1,62.1,0,35.65644,100,101,73.2,63.2,0,36.069195,100,199,72.6,62.7,0,29.424099,200,101,72.9,66.6,0,22.539526,100,206,73.1,65.1,0,32.851364,200,206,73.5,68,0,28.386148,200,212,73.1,66.2,0,22.025349,200,96,72.2,67.6,0,30.23313,100,193,72.1,63.4,0,28.414558,200,203,71.3,64.7,0,26.818184,200,100,74,60.7,0,49.92785,100,204,72.7,61.8,0,39.569714,200,202,72.9,63.2,0,27.828333,200,0,73.5,72.1,0,0,0,205,74.1,64.4,0,29.16972,200,194,73.5,67.4,0,35.84234,200,202,74,65.9,0,27.036629,200,154,71.5,65.6,0,37.617134,150,208,73.7,65.4,0,35.721077,200,203,72.7,63.5,0,29.927973,200,103,74.3,62.1,0,49.94478,100,204,74.1,60.9,0,42.220314,200,209,73.2,64.8,0,35.587803,200,100,74.2,65.8,0,25.033665,100,200,73.3,66,0,26.470589,200,91,73.1,67.5,0,30.543983,100,102,73.4,67.8,0,27.817509,100,100,72.5,284.7,0,26.736069,100,206,73.6,65.6,0,32.610836,200,206,73,63.4,0,35.017166,200,101,74.5,65.9,0,32.452538,100,101,75.1,64.8,0,36.257435,100,200,73.5,64.6,0,30.72245,200,97,72.7,66.4,0,38.63424,100,203,72,62.2,0,48.63222,200,92,74.7,68.6,0,35.425014,100,109,72.7,65.4,0,33.565666,100,99,72.2,67.6,0,37.380295,100,202,73.4,65,0,36.095905,200,207,71.7,61.4,0,53.30678,200,195,74.3,70,0,40.373173,200,199,74.2,68.4,0,38.511703,200,98,74,69.2,0,50.35339,100,100,74.6,68.6,0,25.908163,100,96,72.5,67.5,0,37.650173,100,199,72.1,65.6,0,32.74133,200,199,73.5,64.7,0,29.760227,200,98,71.4,64.1,0,43.258762,100,199,71.6,62.8,0,37.987278,200,88.1,88.2,87.9,143.1,102.2,116.3,1.2,0,29.73
20170729,50,76.1,95.8,38.79595389,24.96303083,258,47.9,43.8,5.65,79.5,75.7,-0.1,2.35,0,0,0,5,100,100,1,1,1,0,0,200,72,7.5,5.65,7.5,200,83.4,78.2,75.6,0,0,0,60.4,0,0,76.6,0,61.4,0.8125,54.6,0,0,-0.2,1.5,0,0,0,73.9,73.7,52.8,55.2,15,90.7,61.2,20,0,73.7,1.02,61.4,0.8125,69.6,0,0,92.4,55.7,9.9,4.7,0.7,15,15,93.5,59.1,84,100,83.4,0,74.5,1.35,65.43104,64.93104,0,13.5,0,0,1,32.5,1,72,116,78.8,0,0,0,85,55,0,69.2,67.6,1,2200,15,73.9,73.3,0,100,260,1,71.8,73,0,0.035872295,0,-16,75.2,72.3,0,0.049176294,0,1275,76.7,73.7,0,0,700,128,74.3,72.7,0,0,0,44,75.6,74.2,0,0.012298611,0,-1,75,74.8,0,0,0,39,72.7,75.5,0,0,0,41,73.5,75.1,0,0.02459117,0,5,73,77.4,0,100,950,-4,0,74.4,0,0,0,-4,73.7,73.9,0,0,0,102,74,59.1,0,39.183872,100,204,71.2,59.2,0,38.828285,200,205,71.6,58.9,0,40.215527,200,208,73.4,60.6,0,24.584557,200,98,73.5,65.6,0,24.201025,100,208,72.4,62.6,0,23.817692,200,206,73.9,62.6,0,19.249172,200,101,72.4,64.5,0,28.778214,100,200,74.5,63.2,0,22.384188,200,104,71.2,61.8,0,30.400097,100,102,74,57.9,0,35.65644,100,104,73.2,58.9,0,36.069195,100,202,72.5,58.4,0,29.424099,200,100,72.9,62.7,0,22.539526,100,208,73,60.9,0,32.851364,200,207,73.5,64.4,0,28.386148,200,207,73,62.2,0,21.39781,200,98,72.1,64.2,0,30.23313,100,198,72,58.9,0,28.414558,200,203,71.1,60.4,0,26.818184,200,102,73.9,56.5,0,49.92785,100,203,72.6,57.6,0,39.569714,200,206,72.8,58.7,0,27.828333,200,0,73.5,72.2,0,0,0,208,74.1,60,0,29.16972,200,194,73.3,63.5,0,35.84234,200,205,74,61.7,0,27.036629,200,155,71.2,61.6,0,37.617134,150,208,73.7,60.8,0,35.721077,200,203,72.7,59,0,29.927973,200,103,74.2,57.7,0,49.94478,100,205,73.9,56.9,0,42.220314,200,208,73.2,60.3,0,35.587803,200,101,74.2,61.6,0,25.033665,100,205,73.2,61.8,0,26.470589,200,92,73,63.6,0,30.543983,100,101,73.3,64.1,0,27.817509,100,102,72.4,285.2,0,26.736069,100,205,73.5,61.3,0,32.610836,200,206,72.8,59.2,0,35.017166,200,104,74.4,61.3,0,32.452538,100,101,75.1,60.7,0,36.257435,100,203,73.4,60.2,0,30.72245,200,97,72.7,62.2,0,38.63424,100,214,71.5,58.1,0,48.63222,200,93,74.6,65.1,0,35.425014,100,121,72.6,61.2,0,33.565666,100,100,71.9,64.1,0,37.380295,100,205,73.4,60.5,0,36.095905,200,209,71.4,57.3,0,53.30678,200,198,74.3,66.6,0,40.373173,200,200,74.2,64.6,0,38.511703,200,99,73.9,65.5,0,50.35339,100,101,74.5,64.8,0,25.908163,100,97,72.5,63.4,0,37.650173,100,200,72,61.4,0,32.74133,200,200,73.4,60.1,0,29.760227,200,98,71.1,59.7,0,43.258762,100,199,71.4,58.3,0,37.987278,200,88.2,88.3,88.1,144.1,102.3,116.4,1.2,-0.1,29.73
20170729,55,76.1,95.1,38.64143959,24.96303083,265,47.5,43.7,5.6,78.5,74.9,-0.1,2.35,0,0,0,5,100,100,1,1,1,0,0,200,72,7.5,5.6,7.5,200,82.9,78.2,75.9,0,0,0,60.4,0,0,76.5,0,61.4,0.8125,52.6,0,0,-0.2,1.5,0,0,0,73.8,73.6,51.8,55.6,15,84.8,61.2,20,0,73.5,1.01,61.4,0.8125,68.7,0,0,95.6,56.5,9.9,4.7,1.1,15,15,95.2,59.1,83,100,68.2,0,74.5,1.3,65.43104,64.93104,0,13.3,0,0,1,35.6,1,72,113,78.9,0,0,0,85,55,0,69.3,67.6,1,2200,15,73.9,73.3,0,100,260,1,71.8,73.1,0,0.035872295,0,-17,75.2,72.3,0,0.049176294,0,1274,76.7,73.8,0,0,700,128,74.4,72.7,0,0,0,44,75.6,74.3,0,0.012298611,0,-1,75.1,74.9,0,0,0,40,72.7,75.5,0,0,0,42,73.5,75.1,0,0.02459117,0,3,73,77.5,0,100,950,-4,0,74.5,0,0,0,-4,73.7,73.9,0,0,0,102,73.9,56.6,0,39.183872,100,203,70.7,56.9,0,38.828285,200,204,71.1,56.6,0,40.215527,200,207,73.3,57.8,0,24.584557,200,97,73.5,62.7,0,24.201025,100,205,72.2,59.7,0,23.817692,200,202,73.8,59.8,0,19.249172,200,102,72.2,61.7,0,28.778214,100,199,74.4,60.3,0,22.384188,200,103,71,59.2,0,30.400097,100,102,73.9,55.7,0,35.65644,100,103,73.1,56.6,0,36.069195,100,200,72.3,56,0,29.424099,200,100,72.9,60,0,22.539526,100,206,72.9,58.3,0,32.851364,200,206,73.3,61.6,0,28.386148,200,207,72.9,59.5,0,21.39781,200,98,71.9,61.6,0,30.23313,100,193,71.7,56.3,0,28.414558,200,204,70.8,57.9,0,26.818184,200,101,73.7,54.5,0,49.92785,100,202,72.4,55.5,0,39.569714,200,205,72.7,56.1,0,27.828333,200,0,73.5,72.2,0,0,0,206,74.1,57.4,0,29.16972,200,194,73.1,60.8,0,35.84234,200,205,74,59,0,27.036629,200,154,71,59,0,37.617134,150,208,73.6,57.9,0,35.721077,200,202,72.6,56.4,0,29.927973,200,103,74,55.4,0,49.94478,100,205,73.7,54.8,0,42.220314,200,208,73.1,57.6,0,35.587803,200,100,74.1,59,0,25.033665,100,205,73.1,59,0,26.470589,200,92,72.7,60.8,0,30.543983,100,103,73.2,61.3,0,27.817509,100,101,72.2,284.9,0,26.736069,100,203,73.4,58.5,0,32.610836,200,206,72.6,56.8,0,35.017166,200,102,74.4,58.4,0,32.452538,100,101,75.1,58.4,0,36.257435,100,203,73.3,57.5,0,30.72245,200,97,72.7,59.3,0,38.63424,100,205,70.9,55.8,0,48.63222,200,93,74.6,62.4,0,35.425014,100,112,72.5,58.5,0,33.565666,100,99,71.7,61.5,0,37.380295,100,203,73.3,57.7,0,36.095905,200,204,71.1,55,0,53.30678,200,198,74.2,63.7,0,40.373173,200,199,74,61.6,0,38.511703,200,98,73.8,62.6,0,50.35339,100,100,74.4,61.8,0,25.908163,100,96,72.4,60.5,0,37.650173,100,201,71.8,58.7,0,32.74133,200,199,73.3,57.3,0,29.760227,200,98,70.7,57.1,0,43.258762,100,197,71.3,55.9,0,37.987278,200,88.2,88.3,88.2,145.1,102.3,116.3,3.1,-0.2,29.73
20170729,100,76.1,95.7,38.77387625,24.96303083,260,47.4,43.7,5.6,78,74.5,-0.1,2.55,0,0,0,5,100,100,0,1,0,0,0,200,72,7.5,5.6,7.5,200,83.1,78.3,75.7,0,0,0,60.4,0,0,76.4,0,61.4,0.8125,53.4,0,0,-0.2,1.5,0,0,0,73.6,73.6,51.4,55.6,15,78.8,61.2,20,0,73.5,1.01,61.4,0.8125,67.4,0,0,97.4,56.4,9.9,4.4,1.3,15,15,96.9,59.1,82.8,100,52.9,0,74.5,1.3,65.43104,64.93104,0,13.3,0,0,1,38.3,0,72,111,78.9,0,0,0,85,55,0,69.3,67.7,1,2200,16,74,73.4,0,100,260,2,71.8,73.2,0,0.035872295,0,-16,75.2,72.4,0,0.049176294,0,1273,76.7,73.9,0,0,700,127,74.4,72.8,0,0,0,44,75.7,74.3,0,0.012298611,0,-1,75.1,74.9,0,0,0,41,72.7,75.5,0,0,0,43,73.5,75.2,0,0.02459117,0,2,73.1,77.6,0,100,950,-4,0,74.5,0,0,0,-4,73.7,73.9,0,0,0,103,73.9,55.2,0,39.183872,100,204,70.4,55.5,0,38.828285,200,205,70.7,55.3,0,40.215527,200,208,73.2,56.1,0,24.584557,200,97,73.5,60.6,0,24.201025,100,207,72.1,57.8,0,23.817692,200,204,73.7,57.8,0,19.249172,200,102,72,59.8,0,28.778214,100,198,74.4,58.4,0,22.384188,200,104,70.8,57.5,0,30.400097,100,102,73.8,54.6,0,35.65644,100,103,72.9,55.3,0,36.069195,100,200,72.1,54.7,0,29.424099,200,101,72.8,58.2,0,22.539526,100,208,72.7,56.6,0,32.39799,200,205,73.2,59.7,0,28.386148,200,210,72.7,57.7,0,21.39781,200,99,71.7,59.8,0,30.23313,100,209,71.5,54.8,0,28.414558,200,208,70.6,56.4,0,26.818184,200,101,73.7,53.5,0,49.92785,100,205,72.3,54.4,0,39.569714,200,205,72.6,54.7,0,27.828333,200,0,73.5,72.2,0,0,0,206,74,55.8,0,28.71795,200,194,73,58.9,0,35.84234,200,204,73.9,57.2,0,27.036629,200,155,70.7,57.4,0,37.617134,150,207,73.6,56.1,0,35.721077,200,205,72.5,55,0,29.927973,200,102,73.8,54.2,0,49.94478,100,205,73.5,53.8,0,42.220314,200,208,73,55.9,0,35.587803,200,101,74.1,57.2,0,25.033665,100,206,73,57.2,0,26.470589,200,90,72.5,58.8,0,30.543983,100,103,73.2,59.4,0,27.817509,100,102,72,284.9,0,26.736069,100,205,73.3,56.7,0,32.610836,200,207,72.4,55.4,0,35.017166,200,103,74.3,56.6,0,32.452538,100,102,75.1,57.1,0,36.257435,100,202,73.2,55.9,0,30.72245,200,97,72.6,57.4,0,38.63424,100,217,70.3,54.5,0,48.63222,200,93,74.6,60.3,0,35.425014,100,113,72.3,56.8,0,33.565666,100,99,71.4,59.8,0,37.380295,100,201,73.2,55.9,0,36.095905,200,207,70.7,53.8,0,53.30678,200,198,74,61.4,0,40.373173,200,199,73.7,59.5,0,38.511703,200,99,73.7,60.3,0,50.35339,100,101,74.2,59.7,0,25.908163,100,96,72.1,58.5,0,37.650173,100,201,71.6,57.1,0,32.74133,200,200,73.2,55.6,0,29.760227,200,98,70.4,55.5,0,43.258762,100,198,71.1,54.6,0,37.987278,200,88.3,88.4,88.2,147.1,102.3,116.3,2.9,-0.2,29.73
20170729,105,76.1,94.9,38.59730515,23.96469333,249,52.3,52.3,4.25,73.1,74.6,-0.2,1.4,0,0,0,5,95,0,0,1,0,0,0,200,72,7.5,4.25,7.5,200,82.9,78.6,75.9,0,0,0,60.4,0,0,76.2,0,61.4,0.8125,54.5,0,0,-0.2,1.5,0,0,0,73.5,73.5,52.2,55.6,15,73,61.2,20,0,73.3,0.99,61.4,0.8125,66.9,0,0,99.8,55.9,9.9,4.5,0.9,15,15,99.9,63.1,83.4,100,42.3,0,74.5,1.3,65.43104,64.93104,0,13.3,0,0,0,0,0,72,111,79,0,0,0,85,55,0,69.3,67.7,1,2200,15,74,73.5,0,100,260,1,71.8,73.2,0,0.035872295,0,-16,75.2,72.4,0,0.049176294,0,1274,76.8,73.9,0,0,700,129,74.4,72.8,0,0,0,44,75.8,74.4,0,0.012298611,0,-1,75.2,75,0,0,0,43,72.8,75.6,0,0,0,40,73.5,75.2,0,0.02459117,0,5,73.1,77.6,0,100,950,-3,0,74.5,0,0,0,-4,73.7,73.9,0,0,0,102,73.8,54.7,0,39.183872,100,203,70,55,0,38.828285,200,203,70.4,54.9,0,40.215527,200,206,73,55.3,0,24.584557,200,98,73.4,59.1,0,24.201025,100,205,71.9,56.6,0,23.817692,200,202,73.5,56.6,0,19.249172,200,101,71.8,58.6,0,28.778214,100,198,74.2,57.2,0,22.384188,200,104,70.7,56.5,0,30.400097,100,102,73.8,54.4,0,35.65644,100,101,72.8,54.9,0,36.069195,100,200,72,54.3,0,29.424099,200,99,72.8,57.2,0,22.539526,100,204,72.6,55.7,0,32.39799,200,206,73.1,58.3,0,28.386148,200,205,72.6,56.5,0,21.39781,200,98,71.5,58.7,0,30.23313,100,200,71.3,54.2,0,28.414558,200,206,70.4,55.8,0,26.818184,200,100,73.6,53.5,0,49.92785,100,203,72.2,54.2,0,39.569714,200,203,72.5,54.2,0,27.828333,200,0,73.5,72.1,0,0,0,204,73.9,55,0,28.71795,200,194,72.8,57.7,0,35.84234,200,203,73.8,56,0,27.036629,200,154,70.4,56.4,0,37.617134,150,205,73.5,55.2,0,35.721077,200,202,72.4,54.4,0,29.927973,200,102,73.7,54,0,49.94478,100,203,73.2,53.8,0,42.220314,200,204,72.9,55.1,0,35.587803,200,101,74.1,56.3,0,25.033665,100,206,72.8,56.1,0,26.470589,200,91,72.3,57.5,0,30.543983,100,103,73.1,58.2,0,27.817509,100,100,71.8,285.1,0,26.736069,100,205,73.2,55.7,0,32.610836,200,207,72.2,54.8,0,35.017166,200,103,74.2,55.7,0,32.452538,100,101,75.1,56.7,0,36.257435,100,204,73.1,55.1,0,30.72245,200,97,72.6,56.4,0,38.63424,100,206,69.9,54.1,0,48.63222,200,92,74.5,58.9,0,35.425014,100,111,72.2,55.8,0,33.565666,100,99,71.3,58.6,0,37.380295,100,200,73.1,55.1,0,36.095905,200,206,70.4,53.8,0,53.30678,200,198,73.9,59.8,0,40.373173,200,198,73.5,58.1,0,38.511703,200,98,73.6,58.9,0,50.35339,100,100,74.1,58.2,0,25.908163,100,96,71.9,57.3,0,37.650173,100,200,71.4,56.3,0,32.74133,200,201,73,54.7,0,29.760227,200,98,70.2,54.9,0,43.258762,100,199,71,54.1,0,37.987278,200,88.3,88.4,88.3,146.1,102.3,116.5,1.2,0,29.73
20170729,110,76.1,95,38.61937168,23.96469333,237,55.3,55.2,4.2,73.3,74.6,-0.2,0.55,0,0,0,5,90,0,0,0,0,0,0,200,72,7.5,4.2,7.5,200,83.1,78.4,75.7,0,0,0,60.4,0,0,76.1,0,61.4,0.8125,58.3,0,0,-0.2,1.5,0,0,0,73.4,73.3,56.4,56,15,70.2,61.2,20,0,73.2,1.01,61.4,0.8125,66.2,0,0,99.8,56.1,9.9,4.7,0.8,15,15,100,69.1,83.4,100,41.4,0,74.5,1.3,65.43104,64.93104,0,13.3,0,0,0,0,0,72,114,79,0,0,0,85,55,0,69.3,67.7,1,2200,16,74,73.6,0,100,260,2,71.9,73.3,0,0.035872295,0,-15,75.3,72.5,0,0.049176294,0,1274,76.8,74,0,0,700,129,74.4,72.9,0,0,0,44,75.8,74.5,0,0.012298611,0,-1,75.2,75,0,0,0,39,72.8,75.6,0,0,0,43,73.6,75.3,0,0.02459117,0,4,73.1,77.6,0,100,950,-3,0,74.6,0,0,0,-4,73.8,74,0,0,0,103,73.7,57,0,39.183872,100,202,69.8,57.3,0,38.828285,200,203,70.3,57.5,0,40.215527,200,208,72.9,57,0,24.584557,200,98,73.4,59.1,0,24.201025,100,204,71.8,57.6,0,23.817692,200,205,73.4,57.6,0,19.249172,200,102,71.7,59.1,0,28.778214,100,197,74.2,58.1,0,22.384188,200,104,70.6,57.8,0,30.400097,100,101,73.7,57.2,0,35.65644,100,102,72.7,57.3,0,36.069195,100,203,71.8,56.9,0,29.424099,200,101,72.7,58.2,0,22.539526,100,206,72.4,57.4,0,32.39799,200,208,73,58.7,0,28.386148,200,205,72.5,57.5,0,21.39781,200,98,71.3,59.4,0,30.23313,100,185,71.1,56.5,0,28.414558,200,206,70.3,57.6,0,26.818184,200,100,73.6,56.7,0,49.92785,100,201,72,57.1,0,39.569714,200,203,72.4,56.6,0,27.828333,200,0,73.5,72,0,0,0,205,73.8,57,0,28.71795,200,194,72.7,58.5,0,35.84234,200,204,73.7,57.2,0,27.036629,200,154,70.2,57.9,0,37.617134,150,204,73.4,56.8,0,35.721077,200,202,72.3,56.5,0,29.927973,200,103,73.6,56.7,0,49.94478,100,205,73,57,0,42.220314,200,208,72.8,57,0,35.587803,200,101,74,57.6,0,25.033665,100,205,72.7,57.3,0,26.470589,200,92,72.1,58.1,0,30.543983,100,101,73.1,58.7,0,27.817509,100,102,71.6,284.9,0,26.736069,100,206,73.1,57.1,0,32.610836,200,207,72.1,57.1,0,35.017166,200,101,74.1,57.2,0,32.452538,100,101,75.1,58.4,0,36.257435,100,204,73.1,56.9,0,30.72245,200,97,72.6,57.6,0,38.63424,100,219,69.6,56.7,0,48.63222,200,93,74.4,59,0,35.425014,100,117,72,57.1,0,33.565666,100,99,71.2,59.4,0,37.380295,100,204,73,56.9,0,36.095905,200,210,70.2,56.7,0,53.30678,200,199,73.8,59.4,0,40.373173,200,199,73.3,58.5,0,38.511703,200,99,73.4,58.9,0,50.35339,100,101,74,58.5,0,25.908163,100,96,71.8,58.1,0,37.650173,100,201,71.3,57.9,0,32.74133,200,202,72.9,56.6,0,29.760227,200,98,70,56.9,0,43.258762,100,197,70.9,56.7,0,37.987278,200,88.4,88.4,88.2,145.1,102.3,116.5,1.2,0,29.73
20170729,115,76.1,95.7,38.77387625,23.96469333,1,56.1,56.3,4.1,73.5,74.7,-0.2,0.55,0,0,0,5,0,0,0,0,0,0,0,200,72,7.5,4.1,7.5,200,83,78.5,75.7,0,0,0,60.4,0,0,76,0,61.4,0.8125,53.3,0,0,-0.2,1.5,0,0,0,73.3,73.3,64.6,56.3,15,71.1,61.2,20,0,73.2,1.01,61.4,0.8125,66,0,0,99.8,55.8,9.9,4.5,1.5,15,15,100,71.1,83.4,100,55.2,0,74.5,1.3,65.43104,64.93104,0,13.2,0,0,0,0,0,72,108,79.1,0,0,0,85,55,0,69.4,67.7,1,2200,15,74,73.6,0,100,260,1,71.9,73.3,0,0.035872295,0,-17,75.3,72.6,0,0.049176294,0,1275,76.9,74,0,0,700,128,74.5,72.9,0,0,0,44,75.9,74.5,0,0.012298611,0,-1,75.3,75,0,0,0,37,72.8,75.7,0,0,0,41,73.6,75.4,0,0.02459117,0,4,73.2,77.5,0,100,950,-4,0,74.6,0,0,0,-4,73.8,74,0,0,0,101,73.7,63,0,39.183872,100,202,69.8,63.2,0,38.828285,200,203,70.3,63.3,0,40.215527,200,206,72.8,62.3,0,24.584557,200,97,73.4,61.3,0,24.201025,100,203,71.8,61.6,0,23.817692,200,201,73.3,61.5,0,19.249172,200,101,71.6,61.9,0,28.778214,100,197,74.1,61.8,0,22.384188,200,102,70.6,62.2,0,30.400097,100,101,73.7,63.6,0,35.65644,100,101,72.6,63.3,0,36.069195,100,197,71.7,63.1,0,29.424099,200,102,72.7,62,0,22.539526,100,204,72.3,62.4,0,32.39799,200,204,72.9,61.5,0,28.386148,200,200,72.4,61.6,0,21.39781,200,97,71.2,62.2,0,30.23313,100,206,71,62.5,0,28.414558,200,200,70.2,62.7,0,26.818184,200,99,73.5,63.7,0,49.92785,100,200,72,63.6,0,39.569714,200,204,72.3,62.7,0,27.828333,200,-1,73.5,72,0,0,0,203,73.7,62.4,0,28.71795,200,194,72.5,61.8,0,35.84234,200,200,73.6,61.6,0,27.036629,200,153,70.1,62.4,0,37.617134,150,205,73.4,62,0,35.721077,200,202,72.3,62.5,0,29.927973,200,102,73.6,63.3,0,49.94478,100,203,72.9,63.8,0,42.220314,200,205,72.8,62.5,0,35.587803,200,100,74,61.9,0,25.033665,100,202,72.6,61.6,0,26.470589,200,92,72,61.4,0,30.543983,100,102,73,61.9,0,27.817509,100,100,71.5,285.2,0,26.736069,100,204,73.1,61.7,0,32.610836,200,208,72.1,62.7,0,35.017166,200,100,74.1,62.2,0,32.452538,100,100,75.1,63.1,0,36.257435,100,199,73,62.4,0,30.72245,200,96,72.5,62,0,38.63424,100,204,69.3,63,0,48.63222,200,93,74.4,61.4,0,35.425014,100,109,72,61.9,0,33.565666,100,98,71.1,62.4,0,37.380295,100,205,73,62.3,0,36.095905,200,205,70.2,63.4,0,53.30678,200,198,73.7,61.2,0,40.373173,200,199,73.2,61.6,0,38.511703,200,98,73.3,61.3,0,50.35339,100,101,73.9,61.3,0,25.908163,100,97,71.7,61.8,0,37.650173,100,201,71.2,62.4,0,32.74133,200,200,72.8,62.1,0,29.760227,200,98,69.9,62.7,0,43.258762,100,197,70.8,62.9,0,37.987278,200,88.4,88.5,88.2,145.1,102.3,116.8,1.2,0.1,29.73
20170729,120,76,96.7,38.89896899,23.96469333,1,56,56.3,4.1,73.6,74.8,-0.1,0.55,0,0,0,5,0,0,0,0,0,0,0,200,72,7.5,4.1,7.5,200,83.3,78.2,75.4,0,0,0,60.4,0,0,76,0,61.4,0.8125,59.4,0,0,-0.2,1.5,0,0,0,73.3,73.3,66.1,56.2,15,72.9,61.2,20,0,73.2,0.99,61.4,0.8125,66.2,0,0,99.8,55.5,9.9,4.4,1.4,15,15,99.8,73.1,83.4,100,76.4,0,74.5,1.3,65.43104,64.93104,0,13.2,0,0,0,0,0,72,109,79.1,0,0,0,85,55,0,69.4,67.7,1,2200,15,74.1,73.6,0,100,260,1,71.9,73.3,0,0.035872295,0,-16,75.3,72.6,0,0.049176294,0,1275,76.9,74.1,0,0,700,128,74.5,72.9,0,0,0,44,75.9,74.6,0,0.012298611,0,-1,75.4,75.1,0,0,0,38,72.8,75.7,0,0,0,41,73.6,75.4,0,0.02459117,0,5,73.2,77.6,0,100,950,-4,0,74.6,0,0,0,-4,73.8,74,0,0,0,101,73.7,65.5,0,39.183872,100,202,69.9,65.7,0,38.828285,200,202,70.5,65.7,0,40.215527,200,206,72.8,65.3,0,24.584557,200,97,73.3,64.3,0,24.201025,100,202,71.8,64.7,0,23.817692,200,199,73.3,64.6,0,19.249172,200,99,71.6,65,0,28.778214,100,198,74.1,64.9,0,22.384188,200,102,70.6,64.9,0,30.400097,100,100,73.7,65.7,0,35.65644,100,100,72.6,65.6,0,36.069195,100,196,71.8,65.4,0,29.424099,200,101,72.7,65,0,22.539526,100,202,72.3,65.2,0,32.39799,200,202,72.9,64.4,0,28.386148,200,201,72.4,64.5,0,21.39781,200,97,71.2,65.1,0,30.23313,100,207,71,65.1,0,28.414558,200,201,70.3,65.3,0,26.818184,200,99,73.5,65.6,0,49.92785,100,202,72,65.7,0,39.569714,200,203,72.3,65.3,0,27.828333,200,0,73.4,72,0,0,0,203,73.7,65.2,0,28.71795,200,194,72.5,64.9,0,35.84234,200,200,73.6,64.6,0,27.036629,200,153,70.2,65.4,0,37.617134,150,205,73.4,65.2,0,35.721077,200,198,72.2,65.2,0,29.927973,200,102,73.7,65.5,0,49.94478,100,203,72.9,65.7,0,42.220314,200,205,72.7,65.3,0,35.587803,200,100,74,64.8,0,25.033665,100,203,72.6,64.6,0,26.470589,200,91,72,64.6,0,30.543983,100,102,73,64.8,0,27.817509,100,99,71.5,285,0,26.736069,100,207,73,64.9,0,32.610836,200,208,72.2,65.3,0,35.017166,200,101,74.1,65.2,0,32.452538,100,99,75.1,65.6,0,36.257435,100,199,72.9,65.2,0,30.72245,200,97,72.5,65.1,0,38.63424,100,202,69.5,65.3,0,48.63222,200,92,74.4,64.3,0,35.425014,100,105,72,64.8,0,33.565666,100,99,71.1,65.5,0,37.380295,100,204,72.9,65.3,0,36.095905,200,203,70.2,65.5,0,53.30678,200,198,73.7,64.2,0,40.373173,200,199,73.2,64.9,0,38.511703,200,98,73.3,64.5,0,50.35339,100,100,73.9,64.6,0,25.908163,100,95,71.8,65,0,37.650173,100,199,71.2,65.4,0,32.74133,200,201,72.9,65,0,29.760227,200,98,70,65.3,0,43.258762,100,198,70.8,65.4,0,37.987278,200,88.4,88.5,88.2,143.1,102.3,116.5,1.2,0,29.73
20170729,125,75.8,97.2,38.8174475,23.96469333,1,56,56.4,4.1,73.8,74.9,-0.2,0.55,0,0,0,5,0,0,0,0,0,0,0,200,72,7.5,4.1,7.5,200,83.4,78.1,75.3,0,0,0,60.4,0,0,76.1,0,61.4,0.8125,55.3,0,0,-0.2,1.5,0,0,0,73.4,73.3,66.4,56.7,15,74.7,61.2,20,0,73.3,0.99,61.4,0.8125,66.4,0,0,99.8,56.6,9.9,4.8,1.4,15,15,98.5,73.1,83.4,100,98.3,0,74.5,1.3,65.43104,64.93104,0,13.2,0,0,0,0,0,72,107,79.2,0,0,0,85,55,0,69.4,67.8,1,2200,14,74.1,73.7,0,100,260,1,71.9,73.4,0,0.035872295,0,-16,75.3,72.7,0,0.049176294,0,1275,77,74.1,0,0,700,128,74.6,73,0,0,0,44,76,74.6,0,0.012298611,0,-1,75.4,75.1,0,0,0,39,72.8,75.7,0,0,0,41,73.6,75.5,0,0.02459117,0,4,73.2,77.6,0,100,950,-5,0,74.7,0,0,0,-4,73.8,74,0,0,0,100,73.7,66,0,39.183872,100,201,70.1,66.3,0,38.828285,200,202,70.8,66.3,0,40.215527,200,203,72.9,65.9,0,24.584557,200,97,73.3,65.6,0,24.201025,100,200,71.8,65.7,0,23.817692,200,199,73.3,65.6,0,19.249172,200,100,71.7,66.4,0,28.778214,100,198,74.2,65.9,0,22.384188,200,101,70.7,65.9,0,30.400097,100,100,73.7,66.2,0,35.65644,100,100,72.6,66.1,0,36.069195,100,196,71.8,66,0,29.424099,200,100,72.7,65.9,0,22.539526,100,200,72.4,66,0,32.39799,200,203,72.9,65.6,0,28.386148,200,200,72.4,65.5,0,21.39781,200,96,71.3,66.3,0,30.23313,100,198,71.1,65.7,0,28.414558,200,199,70.4,66,0,26.818184,200,99,73.6,66,0,49.92785,100,201,72,66.2,0,39.569714,200,200,72.4,65.8,0,27.828333,200,0,73.4,71.9,0,0,0,205,73.7,66,0,28.71795,200,194,72.6,66,0,35.84234,200,200,73.6,65.5,0,27.036629,200,151,70.2,66.3,0,37.617134,150,203,73.4,66,0,35.721077,200,201,72.2,65.7,0,29.927973,200,101,73.7,65.9,0,49.94478,100,203,73,66.2,0,42.220314,200,202,72.8,65.9,0,35.587803,200,100,74,65.7,0,25.033665,100,204,72.6,65.6,0,26.470589,200,93,72.1,65.7,0,30.543983,100,101,73,65.9,0,27.817509,100,98,71.6,284.9,0,26.736069,100,206,73.1,65.7,0,32.610836,200,205,72.2,66,0,35.017166,200,102,74.1,65.9,0,32.452538,100,98,75.1,66.3,0,36.257435,100,200,73,65.8,0,30.72245,200,97,72.5,66,0,38.63424,100,194,69.8,65.9,0,48.63222,200,92,74.4,65.6,0,35.425014,100,105,72,65.6,0,33.565666,100,98,71.2,66.7,0,37.380295,100,205,73,66.1,0,36.095905,200,203,70.4,66,0,53.30678,200,196,73.7,65.7,0,40.373173,200,198,73.3,66.1,0,38.511703,200,98,73.3,65.8,0,50.35339,100,101,73.9,65.9,0,25.908163,100,95,71.9,66,0,37.650173,100,202,71.2,66.3,0,32.74133,200,199,73.1,65.7,0,29.760227,200,98,70.2,65.9,0,43.258762,100,197,70.9,66,0,37.987278,200,88.5,88.6,88.2,146.1,102.4,116.6,1.2,0,29.73
20170729,130,75.5,97.9,38.68317604,23.96469333,1,56,56.4,4.1,74,75,-0.1,0.55,0,0,0,5,0,0,0,0,0,0,0,200,72,7.5,4.1,7.5,200,83.8,78,74.9,0,0,0,60.4,0,0,76.2,0,61.4,0.8125,63.6,0,0,-0.2,1.5,0,0,0,73.5,73.4,66.8,56.7,15,76.5,61.2,20,0,73.3,1,61.4,0.8125,67,0,0,99.8,56.3,9.9,4.5,0.8,15,15,97.9,73.1,83.4,100,99.6,0,74.5,1.3,65.43104,64.93104,0,13.2,0,0,0,0,0,72,107,79.2,0,0,0,85,55,0,69.5,67.8,1,2200,17,74.1,73.8,0,100,260,1,71.9,73.5,0,0.035872295,0,-16,75.4,72.8,0,0.049176294,0,1273,77,74.2,0,0,700,129,74.6,73,0,0,0,44,76,74.7,0,0.012298611,0,-1,75.5,75.1,0,0,0,37,72.8,75.8,0,0,0,41,73.6,75.5,0,0.02459117,0,2,73.2,77.7,0,100,950,-4,0,74.7,0,0,0,-4,73.8,74.1,0,0,0,100,73.7,66.4,0,39.183872,100,201,70.3,66.7,0,38.828285,200,202,71,66.7,0,40.215527,200,206,73,66.3,0,24.584557,200,97,73.2,66.2,0,24.201025,100,201,71.9,66.2,0,23.817692,200,200,73.4,66.1,0,19.249172,200,99,71.8,67,0,28.778214,100,197,74.2,66.4,0,22.384188,200,103,70.8,66.4,0,30.400097,100,100,73.7,66.6,0,35.65644,100,100,72.7,66.5,0,36.069195,100,195,71.9,66.3,0,29.424099,200,100,72.7,66.4,0,22.539526,100,203,72.4,66.4,0,32.39799,200,201,72.9,66.2,0,28.386148,200,202,72.5,65.9,0,21.39781,200,96,71.4,66.8,0,30.23313,100,189,71.2,66,0,28.414558,200,201,70.4,66.4,0,26.818184,200,99,73.6,66.4,0,49.92785,100,202,72.1,66.5,0,39.569714,200,202,72.4,66.1,0,27.828333,200,0,73.4,71.9,0,0,0,205,73.7,66.4,0,28.71795,200,194,72.6,66.6,0,35.84234,200,199,73.6,66,0,27.036629,200,152,70.1,66.8,0,37.617134,150,206,73.4,66.3,0,35.721077,200,202,72.2,66.1,0,29.927973,200,102,73.8,66.3,0,49.94478,100,202,73.1,66.6,0,42.220314,200,202,72.8,66.2,0,35.587803,200,100,74,66.2,0,25.033665,100,203,72.7,66,0,26.470589,200,93,72.2,66.2,0,30.543983,100,100,73,66.5,0,27.817509,100,99,71.7,284.9,0,26.736069,100,204,73.1,66.1,0,32.610836,200,206,72.3,66.4,0,35.017166,200,102,74.1,66.2,0,32.452538,100,100,75.1,66.8,0,36.257435,100,200,73,66.1,0,30.72245,200,98,72.5,66.3,0,38.63424,100,200,70,66.2,0,48.63222,200,92,74.4,66.2,0,35.425014,100,104,72.2,66,0,33.565666,100,99,71.3,67.3,0,37.380295,100,204,73,66.3,0,36.095905,200,201,70.5,66.4,0,53.30678,200,197,73.8,66.4,0,40.373173,200,198,73.4,66.6,0,38.511703,200,98,73.3,66.4,0,50.35339,100,99,73.9,66.6,0,25.908163,100,95,71.9,66.5,0,37.650173,100,199,71.3,66.8,0,32.74133,200,200,73.2,66,0,29.760227,200,98,70.3,66.2,0,43.258762,100,197,71,66.3,0,37.987278,200,88.5,88.6,88.4,145.1,102.4,116.5,3.1,-0.4,29.73
20170729,135,75.3,98.8,38.68615677,23.96469333,1,56,56.5,4.1,74.1,75.1,-0.1,0.55,0,0,0,5,0,0,0,0,0,0,0,200,72,7.5,4.1,7.5,200,84,77.8,74.9,0,0,0,60.4,0,0,76.2,0,61.4,0.8125,54.9,0,0,-0.2,1.5,0,0,0,73.5,73.3,67.5,56.4,15,78.7,61.2,20,0,73.4,1,61.4,0.8125,67.9,0,0,99.8,55.9,9.9,4.7,1.4,15,15,97.4,73.1,83.4,100,99.5,0,74.5,1.3,65.43104,64.93104,0,13.2,0,0,0,0,0,72,109,79.3,0,0,0,85,55,0,69.5,67.8,1,2200,15,74.1,73.9,0,100,260,2,71.9,73.5,0,0.035872295,0,-17,75.4,72.8,0,0.049176294,0,1274,77,74.2,0,0,700,128,74.6,73,0,0,0,44,76.1,74.7,0,0.012298611,0,-1,75.6,75.2,0,0,0,36,72.8,75.8,0,0,0,41,73.7,75.5,0,0.02459117,0,2,73.2,77.6,0,100,950,-5,0,74.7,0,0,0,-4,73.8,74.1,0,0,0,100,73.7,66.8,0,39.183872,100,200,70.4,67.1,0,38.828285,200,202,71.1,67.1,0,40.215527,200,204,73,66.6,0,24.584557,200,97,73.2,66.6,0,24.201025,100,203,71.9,66.6,0,23.817692,200,200,73.5,66.5,0,19.249172,200,100,71.9,67.3,0,28.778214,100,196,74.3,66.8,0,22.384188,200,102,70.9,66.8,0,30.400097,100,100,73.8,67.1,0,35.65644,100,99,72.7,67,0,36.069195,100,199,72,66.8,0,29.424099,200,101,72.7,66.8,0,22.539526,100,200,72.5,66.8,0,32.39799,200,203,73,66.6,0,28.386148,200,202,72.5,66.3,0,21.39781,200,96,71.5,67.2,0,30.23313,100,201,71.3,66.5,0,28.414558,200,198,70.5,66.9,0,26.818184,200,99,73.6,66.8,0,49.92785,100,203,72.1,67,0,39.569714,200,202,72.4,66.5,0,27.828333,200,0,73.4,71.9,0,0,0,203,73.8,66.8,0,28.71795,200,194,72.7,67,0,35.84234,200,199,73.7,66.4,0,27.036629,200,152,70.4,67.1,0,37.617134,150,202,73.4,66.6,0,35.721077,200,201,72.3,66.5,0,29.927973,200,102,73.8,66.7,0,49.94478,100,202,73.2,67,0,42.220314,200,202,72.8,66.6,0,35.587803,200,99,74,66.6,0,25.033665,100,203,72.7,66.3,0,26.470589,200,92,72.2,66.6,0,30.543983,100,99,73.1,66.8,0,27.817509,100,100,71.7,284.9,0,26.736069,100,204,73.1,66.5,0,32.610836,200,205,72.3,66.8,0,35.017166,200,101,74.2,66.6,0,32.452538,100,98,75.1,67.3,0,36.257435,100,199,73,66.4,0,30.72245,200,98,72.5,66.7,0,38.63424,100,204,70.2,66.7,0,48.63222,200,92,74.4,66.6,0,35.425014,100,110,72.2,66.4,0,33.565666,100,98,71.4,67.6,0,37.380295,100,203,73,66.6,0,36.095905,200,202,70.6,66.7,0,53.30678,200,196,73.9,66.8,0,40.373173,200,198,73.5,67,0,38.511703,200,97,73.4,66.8,0,50.35339,100,100,74,67,0,25.908163,100,95,72,66.9,0,37.650173,100,199,71.4,67.2,0,32.74133,200,200,73.2,66.3,0,29.760227,200,98,70.4,66.5,0,43.258762,100,198,71.1,66.6,0,37.987278,200,88.5,88.6,88.3,148.1,102.4,116.8,1.2,0.1,29.73
20170729,140,75.2,99.2,38.6619868,23.96469333,1,56.1,56.6,4.1,74.3,75.1,-0.1,0.55,0,0,0,5,0,0,0,0,0,0,0,200,72,7.5,4.1,7.5,200,84,77.9,75,0,0,0,60.4,0,0,76.3,0,61.4,0.8125,58.2,0,0,-0.2,1.5,0,0,0,73.6,73.5,67.8,56.2,15,81,61.2,20,0,73.4,1.01,61.4,0.8125,68.5,0,0,99.8,55.8,9.9,4.4,0.8,15,15,96.5,73.1,83.4,100,100,0,74.5,1.3,65.43104,64.93104,0,13.2,0,0,0,0,0,72,111,79.4,0,0,0,85,55,0,69.5,67.8,1,2200,14,74.1,73.9,0,100,260,1,71.9,73.6,0,0.035872295,0,-17,75.4,72.9,0,0.049176294,0,1275,77.1,74.2,0,0,700,130,74.7,73.1,0,0,0,44,76.1,74.8,0,0.012298611,0,-1,75.7,75.2,0,0,0,38,72.9,75.8,0,0,0,41,73.7,75.6,0,0.02459117,0,5,73.2,77.6,0,100,950,-4,0,74.7,0,0,0,-4,73.9,74.1,0,0,0,100,73.7,67.3,0,39.183872,100,202,70.5,67.6,0,38.828285,200,203,71.2,67.5,0,40.215527,200,206,73.1,67,0,24.584557,200,97,73.3,67,0,24.201025,100,202,72,67,0,23.817692,200,199,73.6,66.9,0,19.249172,200,100,72,67.7,0,28.778214,100,195,74.3,67.2,0,22.384188,200,104,71,67.2,0,30.400097,100,100,73.8,67.6,0,35.65644,100,100,72.7,67.5,0,36.069195,100,196,72,67.3,0,29.424099,200,101,72.7,67.2,0,22.539526,100,201,72.5,67.3,0,32.39799,200,203,73,67,0,28.386148,200,202,72.6,66.7,0,21.39781,200,97,71.5,67.5,0,30.23313,100,184,71.4,66.9,0,28.414558,200,199,70.5,67.4,0,26.818184,200,99,73.6,67.3,0,49.92785,100,201,72.2,67.5,0,39.569714,200,204,72.4,66.9,0,27.828333,200,0,73.4,71.9,0,0,0,202,73.8,67.2,0,28.71795,200,194,72.7,67.4,0,35.84234,200,200,73.7,66.7,0,27.036629,200,153,70.5,67.5,0,37.617134,150,203,73.4,67,0,35.721077,200,202,72.3,67,0,29.927973,200,102,73.9,67.3,0,49.94478,100,204,73.3,67.5,0,42.220314,200,205,72.9,67,0,35.587803,200,100,74,67,0,25.033665,100,203,72.8,66.8,0,26.470589,200,92,72.3,67,0,30.543983,100,100,73.1,67.3,0,27.817509,100,100,71.8,284.9,0,26.736069,100,210,73.2,66.9,0,32.610836,200,207,72.4,67.2,0,35.017166,200,103,74.2,66.9,0,32.452538,100,100,75.2,67.7,0,36.257435,100,198,73.1,66.8,0,30.72245,200,98,72.5,67,0,38.63424,100,209,70.4,67.1,0,48.63222,200,92,74.5,67,0,35.425014,100,111,72.3,66.8,0,33.565666,100,98,71.5,67.9,0,37.380295,100,207,73,67,0,36.095905,200,203,70.7,67.1,0,53.30678,200,197,73.9,67.2,0,40.373173,200,199,73.6,67.4,0,38.511703,200,98,73.4,67.3,0,50.35339,100,100,74.1,67.4,0,25.908163,100,96,72.1,67.3,0,37.650173,100,200,71.5,67.5,0,32.74133,200,200,73.2,66.7,0,29.760227,200,98,70.5,66.9,0,43.258762,100,198,71.2,67.1,0,37.987278,200,88.6,88.7,88.5,146.1,102.4,116.7,1.2,-0.2,29.75
20170729,145,75.2,99.4,38.7048085,23.96469333,1,56.2,56.7,4.1,74.4,75.2,-0.2,0.55,0,0,0,5,0,0,0,0,0,0,0,200,72,7.5,4.1,7.5,200,84,77.7,75.1,0,0,0,60.4,0,0,76.2,0,61.4,0.8125,55.5,0,0,-0.2,1.5,0,0,0,73.7,73.5,68.3,56.2,15,83.5,61.2,20,0,73.4,0.98,61.4,0.8125,69.1,0,0,99.8,55.4,9.9,4.6,0.5,15,15,95.5,73.1,83.4,100,99.7,0,74.5,1.3,65.43104,64.93104,0,13.2,0,0,0,0,0,72,105,79.4,0,0,0,85,55,0,69.5,67.9,1,2200,16,74.1,73.9,0,100,260,1,71.9,73.7,0,0.035872295,0,-17,75.4,72.9,0,0.049176294,0,1275,77.1,74.3,0,0,700,129,74.7,73.1,0,0,0,44,76.2,74.8,0,0.012298611,0,-1,75.8,75.3,0,0,0,39,72.9,75.9,0,0,0,41,73.7,75.6,0,0.02459117,0,4,73.3,77.6,0,100,950,-5,0,74.7,0,0,0,-4,73.9,74.1,0,0,0,100,73.7,67.8,0,39.183872,100,201,70.6,68,0,38.828285,200,202,71.3,67.8,0,40.215527,200,206,73.1,67.4,0,24.584557,200,97,73.3,67.3,0,24.201025,100,201,72,67.4,0,23.817692,200,199,73.6,67.3,0,19.249172,200,99,72,68,0,28.778214,100,197,74.3,67.5,0,22.384188,200,103,71,67.5,0,30.400097,100,100,73.8,68,0,35.65644,100,99,72.8,67.9,0,36.069195,100,195,72.1,67.7,0,29.424099,200,100,72.7,67.6,0,22.539526,100,201,72.6,67.7,0,32.39799,200,202,73,67.3,0,28.386148,200,200,72.6,67.1,0,21.39781,200,97,71.6,67.8,0,30.23313,100,189,71.4,67.3,0,28.414558,200,204,70.6,67.8,0,26.818184,200,99,73.6,67.8,0,49.92785,100,202,72.2,67.9,0,39.569714,200,201,72.5,67.4,0,27.828333,200,0,73.4,71.9,0,0,0,202,73.8,67.6,0,28.71795,200,194,72.8,67.8,0,35.84234,200,198,73.8,67.2,0,27.036629,200,152,70.6,67.8,0,37.617134,150,205,73.5,67.3,0,35.721077,200,202,72.3,67.5,0,29.927973,200,102,73.9,67.7,0,49.94478,100,203,73.3,67.9,0,42.220314,200,202,72.9,67.4,0,35.587803,200,100,74.1,67.3,0,25.033665,100,204,72.8,67.2,0,26.470589,200,90,72.4,67.4,0,30.543983,100,100,73.2,67.7,0,27.817509,100,100,71.9,285.2,0,26.736069,100,209,73.2,67.3,0,32.610836,200,206,72.4,67.6,0,35.017166,200,101,74.2,67.3,0,32.452538,100,101,75.2,68.1,0,36.257435,100,199,73.1,67.2,0,30.72245,200,97,72.5,67.3,0,38.63424,100,207,70.4,67.4,0,48.63222,200,92,74.5,67.3,0,35.425014,100,108,72.3,67.2,0,33.565666,100,98,71.6,68.2,0,37.380295,100,203,73.1,67.3,0,36.095905,200,204,70.8,67.4,0,53.30678,200,197,74,67.6,0,40.373173,200,199,73.6,67.7,0,38.511703,200,98,73.5,67.7,0,50.35339,100,100,74.1,67.7,0,25.908163,100,96,72.1,67.7,0,37.650173,100,198,71.6,67.8,0,32.74133,200,200,73.3,67.1,0,29.760227,200,98,70.6,67.3,0,43.258762,100,197,71.2,67.4,0,37.987278,200,88.6,88.7,88.4,147.1,102.4,116.5,1.3,-0.1,29.75
20170729,150,75.1,99.6,38.65172879,23.96469333,1,56.3,56.8,4.1,74.5,75.2,-0.1,0.55,0,0,0,5,0,0,0,0,0,0,0,200,72,7.5,4.1,7.5,200,83.9,78,75.1,0,0,0,60.4,0,0,76.3,0,61.4,0.8125,58.6,0,0,-0.2,1.5,0,0,0,73.7,73.5,68.6,56.5,15,86.2,61.2,20,0,73.5,0.99,61.4,0.8125,69.8,0,0,99.8,56.3,9.9,4.5,1.5,15,15,94.1,73.1,83.4,100,100,0,74.5,1.3,65.43104,64.93104,0,13.2,0,0,0,0,0,72,104,79.5,0,0,0,85,55,0,69.5,67.9,1,2200,16,74.2,74,0,100,260,2,72,73.7,0,0.035872295,0,-17,75.5,72.9,0,0.049176294,0,1274,77.2,74.4,0,0,700,130,74.7,73.1,0,0,0,45,76.2,74.8,0,0.012298611,0,-1,75.8,75.3,0,0,0,38,72.9,75.9,0,0,0,41,73.7,75.6,0,0.02459117,0,4,73.3,77.7,0,100,950,-5,0,74.7,0,0,0,-4,73.9,74.1,0,0,0,100,73.8,68.2,0,39.183872,100,200,70.7,68.4,0,38.828285,200,201,71.4,68.1,0,40.215527,200,205,73.1,67.8,0,24.584557,200,97,73.3,67.6,0,24.201025,100,200,72.1,67.7,0,23.817692,200,196,73.7,67.6,0,19.249172,200,100,72.1,68.2,0,28.778214,100,196,74.3,67.8,0,22.384188,200,102,71.1,67.8,0,30.400097,100,100,73.8,68.4,0,35.65644,100,99,72.8,68.3,0,36.069195,100,194,72.1,68.1,0,29.424099,200,100,72.7,67.9,0,22.539526,100,202,72.6,68.1,0,32.39799,200,203,73.1,67.6,0,28.386148,200,202,72.6,67.4,0,21.39781,200,95,71.6,68.1,0,30.23313,100,184,71.5,67.7,0,28.414558,200,196,70.6,68.2,0,26.818184,200,99,73.7,68.3,0,49.92785,100,202,72.3,68.3,0,39.569714,200,203,72.5,67.9,0,27.828333,200,0,73.4,71.9,0,0,0,201,73.8,68,0,28.71795,200,194,72.8,68.1,0,35.84234,200,198,73.8,67.5,0,27.036629,200,152,70.6,68.1,0,37.617134,150,204,73.5,67.8,0,35.721077,200,201,72.4,67.9,0,29.927973,200,102,73.9,68.2,0,49.94478,100,203,73.4,68.3,0,42.220314,200,202,72.9,67.8,0,35.587803,200,99,74.1,67.6,0,25.033665,100,204,72.8,67.6,0,26.470589,200,90,72.4,67.7,0,30.543983,100,101,73.2,67.9,0,27.817509,100,99,71.9,285.1,0,26.736069,100,208,73.2,67.6,0,32.610836,200,206,72.5,68,0,35.017166,200,100,74.3,67.6,0,32.452538,100,99,75.2,68.4,0,36.257435,100,201,73.1,67.5,0,30.72245,200,98,72.5,67.5,0,38.63424,100,196,70.6,67.8,0,48.63222,200,92,74.5,67.6,0,35.425014,100,104,72.4,67.5,0,33.565666,100,99,71.7,68.4,0,37.380295,100,205,73.1,67.5,0,36.095905,200,202,70.8,67.8,0,53.30678,200,197,74,67.9,0,40.373173,200,198,73.7,68,0,38.511703,200,98,73.5,68,0,50.35339,100,100,74.1,68,0,25.908163,100,95,72.2,68,0,37.650173,100,201,71.6,68.2,0,32.74133,200,199,73.3,67.4,0,29.760227,200,98,70.7,67.7,0,43.258762,100,197,71.3,67.8,0,37.987278,200,88.7,88.8,88.5,147.1,102.5,116.8,1.2,0,29.75
20170729,155,74.7,99.6,38.27740949,23.96469333,1,56.4,56.9,4.1,74.6,75.3,-0.1,0.55,0,0,0,5,0,0,0,0,0,0,0,200,72,7.5,4.1,7.5,200,83.7,77.8,75.3,0,0,0,60.4,0,0,76.3,0,61.4,0.8125,52.8,0,0,-0.2,1.5,0,0,0,73.7,73.5,69.2,56.8,15,89.3,61.2,20,0,73.5,1.02,61.4,0.8125,70.6,0,0,99.7,56.4,10,4.7,0.7,15,15,92.7,73.1,83.4,100,100,0,74.5,1.3,65.43104,64.93104,0,13.1,0,0,0,0,0,72,109,79.5,0,0,0,85,55,0,69.6,67.9,1,2200,16,74.2,74,0,100,260,1,72,73.8,0,0.035872295,0,-17,75.5,73,0,0.049176294,0,1275,77.2,74.4,0,0,700,128,74.7,73.2,0,0,0,44,76.3,74.9,0,0.012298611,0,-1,75.9,75.3,0,0,0,38,72.9,75.9,0,0,0,42,73.7,75.7,0,0.02459117,0,4,73.3,77.7,0,100,950,-4,0,74.8,0,0,0,-4,73.9,74.1,0,0,0,101,73.8,68.7,0,39.183872,100,201,70.8,68.9,0,38.828285,200,202,71.5,68.6,0,40.215527,200,205,73.2,68.3,0,24.584557,200,97,73.3,67.9,0,24.201025,100,202,72.1,68.2,0,23.817692,200,199,73.7,68,0,19.249172,200,102,72.2,68.5,0,28.778214,100,197,74.4,68.2,0,22.384188,200,102,71.1,68.2,0,30.400097,100,100,73.8,69,0,35.65644,100,100,72.8,68.9,0,36.069195,100,196,72.2,68.7,0,29.424099,200,100,72.7,68.3,0,22.539526,100,200,72.6,68.5,0,32.39799,200,203,73.1,68,0,28.386148,200,200,72.7,67.9,0,21.39781,200,96,71.7,68.4,0,30.23313,100,190,71.5,68.3,0,28.414558,200,200,70.7,68.7,0,26.818184,200,99,73.7,68.9,0,49.92785,100,202,72.3,68.9,0,39.569714,200,201,72.5,68.4,0,27.828333,200,0,73.4,71.9,0,0,0,202,73.8,68.4,0,28.71795,200,194,72.9,68.5,0,35.84234,200,200,73.8,67.9,0,27.036629,200,153,70.7,68.5,0,37.617134,150,204,73.5,68.4,0,35.721077,200,202,72.4,68.4,0,29.927973,200,102,74,68.7,0,49.94478,100,202,73.4,68.9,0,42.220314,200,202,73,68.3,0,35.587803,200,100,74.1,68,0,25.033665,100,205,72.9,68,0,26.470589,200,91,72.5,68,0,30.543983,100,100,73.2,68.3,0,27.817509,100,100,72,284.9,0,26.736069,100,208,73.3,68.1,0,32.610836,200,207,72.5,68.5,0,35.017166,200,103,74.3,68,0,32.452538,100,99,75.2,68.8,0,36.257435,100,200,73.2,68.1,0,30.72245,200,99,72.5,67.8,0,38.63424,100,209,70.7,68.3,0,48.63222,200,92,74.5,67.8,0,35.425014,100,109,72.4,67.9,0,33.565666,100,100,71.7,68.6,0,37.380295,100,203,73.1,68,0,36.095905,200,206,70.9,68.3,0,53.30678,200,197,74.1,68.3,0,40.373173,200,199,73.7,68.4,0,38.511703,200,98,73.6,68.3,0,50.35339,100,101,74.2,68.4,0,25.908163,100,94,72.2,68.5,0,37.650173,100,199,71.7,68.6,0,32.74133,200,200,73.2,68,0,29.760227,200,98,70.8,68.4,0,43.258762,100,199,71.4,68.4,0,37.987278,200,88.7,88.8,88.6,144.1,102.5,116.7,1.2,0,29.74
20170729,200,74.6,99.6,38.18260565,23.96469333,1,56.4,57,4.1,74.7,75.4,-0.1,0.55,0,0,0,5,0,0,0,0,0,0,0,200,72,7.5,4.1,7.5,200,83.8,77.7,75.4,0,0,0,60.4,0,0,76.3,0,61.4,0.8125,54.6,0,0,-0.2,1.5,0,0,0,73.8,73.5,70.1,56.4,15,92.8,61.2,20,0,73.5,1,61.4,0.8125,70.9,0,0,97.4,55.7,9.9,4.8,1,15,15,90.9,75.1,83.4,100,100,0,74.5,1.3,65.43104,64.93104,0,13.1,0,0,0,0,0,72,115,79.5,0,0,0,85,55,0,69.6,67.9,1,2200,14,74.2,74,0,100,260,1,72,73.8,0,0.035872295,0,-16,75.6,73,0,0.049176294,0,1275,77.2,74.4,0,0,700,127,74.8,73.2,0,0,0,44,76.3,74.9,0,0.012298611,0,-1,75.9,75.4,0,0,0,41,72.9,75.9,0,0,0,42,73.7,75.7,0,0.02459117,0,4,73.3,77.7,0,100,950,-4,0,74.8,0,0,0,-4,73.9,74.2,0,0,0,100,73.8,69.4,0,39.183872,100,201,70.9,69.6,0,38.828285,200,203,71.6,69.2,0,40.215527,200,205,73.2,68.9,0,24.584557,200,97,73.3,68.3,0,24.201025,100,202,72.2,68.7,0,23.817692,200,199,73.7,68.5,0,19.249172,200,100,72.2,68.8,0,28.778214,100,196,74.4,68.7,0,22.384188,200,103,71.2,68.8,0,30.400097,100,101,73.9,69.8,0,35.65644,100,101,72.9,69.6,0,36.069195,100,198,72.2,69.4,0,29.424099,200,100,72.7,68.8,0,22.539526,100,199,72.7,69.1,0,32.39799,200,203,73.2,68.5,0,28.386148,200,200,72.7,68.4,0,21.39781,200,95,71.7,68.7,0,30.23313,100,188,71.6,69.1,0,28.414558,200,202,70.8,69.3,0,26.818184,200,99,73.7,69.6,0,49.92785,100,203,72.4,69.6,0,39.569714,200,202,72.6,69.1,0,27.828333,200,0,73.4,71.9,0,0,0,201,73.8,68.9,0,28.71795,200,194,72.9,68.9,0,35.84234,200,198,73.8,68.4,0,27.036629,200,152,70.8,69,0,37.617134,150,203,73.5,69,0,35.721077,200,199,72.4,69,0,29.927973,200,101,74,69.4,0,49.94478,100,203,73.4,69.6,0,42.220314,200,202,73,69,0,35.587803,200,100,74.1,68.5,0,25.033665,100,203,72.9,68.5,0,26.470589,200,91,72.5,68.5,0,30.543983,100,100,73.2,68.7,0,27.817509,100,99,72,285.3,0,26.736069,100,205,73.3,68.7,0,32.610836,200,206,72.5,69.1,0,35.017166,200,103,74.3,68.7,0,32.452538,100,98,75.2,69.4,0,36.257435,100,199,73.2,68.8,0,30.72245,200,98,72.6,68.2,0,38.63424,100,203,70.8,69,0,48.63222,200,92,74.6,68.1,0,35.425014,100,106,72.4,68.4,0,33.565666,100,100,71.7,68.9,0,37.380295,100,205,73.2,68.6,0,36.095905,200,203,71,69.1,0,53.30678,200,198,74.1,68.7,0,40.373173,200,199,73.8,68.9,0,38.511703,200,98,73.6,68.8,0,50.35339,100,101,74.2,68.9,0,25.908163,100,95,72.3,69,0,37.650173,100,200,71.8,69,0,32.74133,200,199,73.3,68.7,0,29.760227,200,98,70.9,69.1,0,43.258762,100,198,71.5,69.1,0,37.987278,200,88.7,88.8,88.4,144.1,102.5,116.9,1.2,0.2,29.74
20170729,205,74.5,99.6,38.08802553,21.45852167,1,56.5,57.1,4.1,74.8,75.4,-0.2,0.55,0,0,0,5,0,0,0,0,0,0,0,200,72,7.5,4.1,7.5,200,83.7,77.9,75.5,0,0,0,60.4,0,0,76.4,0,61.4,0.8125,54.1,0,0,-0.2,1.5,0,0,0,73.8,73.4,71,56.7,15,96.7,61.2,20,0,73.5,0.98,61.4,0.8125,71.3,0,0,92.3,55.9,10,4.8,1.4,15,15,89.7,75.1,83.4,100,99.5,0,74.5,1.3,65.43104,64.93104,0,13.1,0,0,0,0,0,72,106,79.6,0,0,0,85,55,0,69.6,67.9,1,2200,14,74.2,74,0,100,260,1,72,73.9,0,0.035872295,0,-16,75.6,73,0,0.049176294,0,1274,77.3,74.5,0,0,700,130,74.8,73.2,0,0,0,45,76.4,74.9,0,0.012298611,0,-1,75.9,75.4,0,0,0,37,72.9,75.9,0,0,0,43,73.7,75.7,0,0.02459117,0,4,73.3,77.7,0,100,950,-5,0,74.8,0,0,0,-4,73.9,74.1,0,0,0,100,73.9,70.3,0,39.183872,100,200,71,70.5,0,38.828285,200,202,71.7,70.1,0,40.215527,200,206,73.2,69.8,0,24.584557,200,96,73.4,68.8,0,24.201025,100,200,72.2,69.3,0,23.817692,200,197,73.8,69.1,0,19.249172,200,100,72.3,69.3,0,28.778214,100,198,74.4,69.5,0,22.384188,200,102,71.2,69.6,0,30.400097,100,100,73.9,70.6,0,35.65644,100,99,72.9,70.5,0,36.069195,100,196,72.3,70.3,0,29.424099,200,101,72.8,69.5,0,22.539526,100,200,72.7,69.9,0,32.39799,200,201,73.2,69.1,0,28.386148,200,199,72.7,69,0,21.39781,200,96,71.8,69.2,0,30.23313,100,186,71.6,69.9,0,28.414558,200,200,70.8,70.1,0,26.818184,200,99,73.8,70.5,0,49.92785,100,201,72.4,70.5,0,39.569714,200,201,72.6,70,0,27.828333,200,-1,73.4,71.9,0,0,0,202,73.9,69.7,0,28.71795,200,194,73,69.5,0,35.84234,200,199,73.9,69.1,0,27.036629,200,152,70.8,69.7,0,37.617134,150,205,73.5,69.8,0,35.721077,200,198,72.5,69.9,0,29.927973,200,102,74.1,70.3,0,49.94478,100,203,73.5,70.5,0,42.220314,200,203,73,69.9,0,35.587803,200,99,74.1,69.2,0,25.033665,100,203,73,69.2,0,26.470589,200,91,72.6,69.1,0,30.543983,100,98,73.3,69.3,0,27.817509,100,99,72.1,284.9,0,26.736069,100,206,73.3,69.5,0,32.610836,200,207,72.6,69.9,0,35.017166,200,102,74.3,69.6,0,32.452538,100,99,75.3,70.2,0,36.257435,100,199,73.2,69.6,0,30.72245,200,98,72.6,69,0,38.63424,100,197,70.9,69.8,0,48.63222,200,92,74.6,68.6,0,35.425014,100,107,72.4,69.2,0,33.565666,100,99,71.8,69.4,0,37.380295,100,204,73.2,69.6,0,36.095905,200,202,71.1,70,0,53.30678,200,196,74.1,69.3,0,40.373173,200,198,73.8,69.5,0,38.511703,200,98,73.6,69.4,0,50.35339,100,100,74.3,69.5,0,25.908163,100,95,72.3,69.7,0,37.650173,100,197,71.8,69.8,0,32.74133,200,198,73.4,69.5,0,29.760227,200,98,70.9,69.9,0,43.258762,100,199,71.5,70,0,37.987278,200,88.8,88.9,88.7,144.1,102.5,117,1.2,0,29.74
20170729,210,74.4,99.6,37.99366845,21.45852167,1,56.6,57.1,4.1,74.9,75.5,-0.2,0.55,0,0,0,5,0,0,0,0,0,0,0,200,72,7.5,4.1,7.5,200,83.9,77.4,75.3,0,0,0,60.4,0,0,76.4,0,61.4,0.8125,57.6,0,0,-0.2,1.5,0,0,0,73.8,73.4,72,56.7,15,100,61.2,20,0,73.5,1.01,61.4,0.8125,71.8,0,0,88.5,55.9,9.9,4.9,1.5,15,15,88.9,75.1,83.4,100,100,0,74.5,1.3,65.43104,64.93104,0,13.1,0,0,0,0,0,72,108,79.6,0,0,0,85,55,0,69.6,67.9,1,2200,15,74.2,74.1,0,100,260,2,72,73.9,0,0.035872295,0,-17,75.6,73.1,0,0.049176294,0,1274,77.3,74.5,0,0,700,127,74.8,73.3,0,0,0,45,76.4,75,0,0.012298611,0,-1,76,75.4,0,0,0,38,73,75.9,0,0,0,41,73.8,75.8,0,0.02459117,0,4,73.3,77.7,0,100,950,-4,0,74.8,0,0,0,-4,73.9,74.2,0,0,0,100,73.9,71.2,0,39.183872,100,201,71.1,71.3,0,38.828285,200,201,71.8,71,0,40.215527,200,205,73.3,70.7,0,24.584557,200,97,73.4,69.5,0,24.201025,100,201,72.3,70.2,0,23.817692,200,197,73.8,70,0,19.249172,200,101,72.3,70,0,28.778214,100,200,74.5,70.3,0,22.384188,200,103,71.3,70.5,0,30.400097,100,99,74,71.5,0,35.65644,100,99,73,71.3,0,36.069195,100,195,72.3,71.1,0,29.424099,200,101,72.8,70.3,0,22.539526,100,201,72.7,70.7,0,32.39799,200,202,73.2,69.8,0,28.386148,200,202,72.8,69.8,0,21.39781,200,96,71.8,69.8,0,30.23313,100,188,71.7,70.9,0,28.414558,200,197,70.9,71,0,26.818184,200,99,73.8,71.4,0,49.92785,100,200,72.4,71.3,0,39.569714,200,202,72.7,70.9,0,27.828333,200,0,73.5,71.9,0,0,0,199,73.9,70.5,0,28.71795,200,194,73,70.2,0,35.84234,200,198,73.9,70,0,27.036629,200,153,70.9,70.5,0,37.617134,150,204,73.6,70.6,0,35.721077,200,200,72.5,70.8,0,29.927973,200,102,74.1,71.2,0,49.94478,100,202,73.6,71.4,0,42.220314,200,203,73.1,70.7,0,35.587803,200,100,74.1,70,0,25.033665,100,200,73,70,0,26.470589,200,91,72.6,69.9,0,30.543983,100,99,73.3,70.1,0,27.817509,100,100,72.1,284.9,0,26.736069,100,209,73.4,70.3,0,32.610836,200,206,72.6,70.7,0,35.017166,200,101,74.3,70.5,0,32.452538,100,100,75.3,71,0,36.257435,100,199,73.3,70.5,0,30.72245,200,97,72.6,70,0,38.63424,100,211,71,70.7,0,48.63222,200,92,74.6,69.3,0,35.425014,100,107,72.5,70,0,33.565666,100,100,71.8,70,0,37.380295,100,205,73.2,70.6,0,36.095905,200,204,71.2,71,0,53.30678,200,197,74.2,70,0,40.373173,200,198,73.9,70.4,0,38.511703,200,98,73.7,70.1,0,50.35339,100,100,74.3,70.2,0,25.908163,100,95,72.3,70.5,0,37.650173,100,199,71.9,70.5,0,32.74133,200,199,73.5,70.5,0,29.760227,200,98,71,70.8,0,43.258762,100,199,71.6,70.9,0,37.987278,200,88.8,88.9,88.6,146.1,102.5,116.8,1.2,0.8,29.74
20170729,215,74.3,99.6,37.89953379,21.45852167,1,56.6,57.3,4.1,75,75.6,-0.2,0.55,0,0,0,5,0,0,0,0,0,0,0,200,72,7.5,4.1,7.5,200,84.1,77.3,75,0,0,0,60.4,0,0,76.4,0,61.4,0.8125,65,0,0,-0.2,1.5,0,0,0,73.8,73.5,72.8,56.8,15,100,61.2,20,0,73.6,1,61.4,0.8125,72,0,0,85.1,56.1,9.9,4.7,1.4,15,15,88.2,75.1,83.4,100,99.3,0,74.5,1.3,65.43104,64.93104,0,13.1,0,0,0,0,0,72,113,79.7,0,0,0,85,55,0,69.6,67.9,1,2200,16,74.3,74.2,0,100,260,1,72,74,0,0.035872295,0,-17,75.6,73.1,0,0.049176294,0,1274,77.3,74.5,0,0,700,128,74.8,73.3,0,0,0,45,76.4,75,0,0.012298611,0,-1,76,75.4,0,0,0,38,73,76,0,0,0,41,73.8,75.8,0,0.02459117,0,5,73.3,77.8,0,100,950,-5,0,74.8,0,0,0,-5,73.9,74.2,0,0,0,100,74,72,0,39.183872,100,200,71.2,72.2,0,38.828285,200,202,71.9,71.8,0,40.215527,200,206,73.3,71.6,0,24.584557,200,96,73.4,70.3,0,24.201025,100,200,72.3,71,0,23.817692,200,199,73.9,70.8,0,19.249172,200,101,72.4,70.7,0,28.778214,100,198,74.5,71.1,0,22.384188,200,102,71.4,71.3,0,30.400097,100,100,74,72.3,0,35.65644,100,99,73,72.2,0,36.069195,100,194,72.4,72,0,29.424099,200,101,72.8,71.1,0,22.539526,100,201,72.8,71.5,0,32.39799,200,201,73.3,70.6,0,28.386148,200,199,72.9,70.7,0,21.39781,200,97,71.9,70.5,0,30.23313,100,200,71.8,71.7,0,28.414558,200,201,71,71.8,0,26.818184,200,99,73.9,72.2,0,49.92785,100,200,72.5,72.2,0,39.569714,200,203,72.7,71.7,0,27.828333,200,0,73.5,71.9,0,0,0,200,73.9,71.4,0,28.71795,200,194,73.1,71,0,35.84234,200,199,73.9,70.9,0,27.036629,200,152,71,71.4,0,37.617134,150,204,73.6,71.5,0,35.721077,200,198,72.6,71.6,0,29.927973,200,102,74.2,72,0,49.94478,100,202,73.7,72.3,0,42.220314,200,205,73.1,71.6,0,35.587803,200,99,74.1,70.9,0,25.033665,100,202,73.1,70.9,0,26.470589,200,90,72.7,70.7,0,30.543983,100,98,73.3,70.8,0,27.817509,100,100,72.2,284.8,0,26.736069,100,208,73.4,71.1,0,32.610836,200,206,72.7,71.6,0,35.017166,200,103,74.4,71.3,0,32.452538,100,100,75.3,71.7,0,36.257435,100,198,73.3,71.4,0,30.72245,200,99,72.6,70.9,0,38.63424,100,209,71.2,71.6,0,48.63222,200,93,74.6,70.1,0,35.425014,100,105,72.5,70.9,0,33.565666,100,99,71.9,70.7,0,37.380295,100,205,73.2,71.4,0,36.095905,200,203,71.3,71.9,0,53.30678,200,196,74.2,70.7,0,40.373173,200,199,73.9,71.2,0,38.511703,200,99,73.7,70.9,0,50.35339,100,99,74.3,71,0,25.908163,100,94,72.4,71.3,0,37.650173,100,199,71.9,71.3,0,32.74133,200,199,73.5,71.3,0,29.760227,200,98,71.1,71.6,0,43.258762,100,198,71.7,71.8,0,37.987278,200,88.9,88.9,88.8,144.1,102.6,116.9,3.1,-0.2,29.74
20170729,220,74.2,99.6,37.80562087,21.45852167,1,56.7,57.4,4.1,75.1,75.6,-0.1,0.55,0,0,0,5,0,0,0,0,0,0,0,200,72,7.5,4.1,7.5,200,84.1,76.8,74.8,0,0,0,60.4,0,0,76.4,0,61.4,0.8125,66.3,0,0,-0.2,1.5,0,0,0,73.9,73.5,73.5,56.6,15,100,61.2,20,0,73.5,1.01,61.4,0.8125,72,0,0,82.9,55.3,9.9,4.7,0.7,15,15,88,75.1,83.4,100,99.5,0,74.5,1.3,65.43104,64.93104,0,13.1,0,0,0,0,0,72,107,79.7,0,0,0,85,55,0,69.6,68,1,2200,14,74.3,74.4,0,100,260,1,72,74,0,0.035872295,0,-16,75.6,73.2,0,0.049176294,0,1275,77.4,74.6,0,0,700,127,74.8,73.3,0,0,0,44,76.5,75.1,0,0.012298611,0,-1,76,75.5,0,0,0,41,73,76,0,0,0,42,73.8,75.8,0,0.02459117,0,5,73.3,77.8,0,100,950,-5,0,74.8,0,0,0,-4,73.9,74.2,0,0,0,100,74,72.8,0,39.183872,100,200,71.3,72.9,0,38.828285,200,201,72,72.5,0,40.215527,200,204,73.3,72.4,0,24.584557,200,96,73.5,71.1,0,24.201025,100,201,72.4,71.8,0,23.817692,200,200,73.9,71.6,0,19.249172,200,100,72.4,71.5,0,28.778214,100,195,74.5,71.8,0,22.384188,200,101,71.4,72,0,30.400097,100,99,74,73,0,35.65644,100,98,73.1,72.9,0,36.069195,100,192,72.5,72.7,0,29.424099,200,101,72.8,71.9,0,22.539526,100,199,72.8,72.3,0,32.39799,200,201,73.3,71.4,0,28.386148,200,199,72.9,71.5,0,21.39781,200,96,71.9,71.2,0,30.23313,100,186,71.9,72.4,0,28.414558,200,200,71,72.5,0,26.818184,200,98,73.9,72.9,0,49.92785,100,202,72.5,72.9,0,39.569714,200,201,72.8,72.5,0,27.828333,200,0,73.5,71.9,0,0,0,198,74,72.2,0,28.71795,200,194,73.2,71.8,0,35.84234,200,199,74,71.7,0,27.036629,200,152,71.1,72.2,0,37.617134,150,200,73.6,72.2,0,35.721077,200,200,72.6,72.4,0,29.927973,200,101,74.3,72.7,0,49.94478,100,203,73.8,73,0,42.220314,200,205,73.2,72.3,0,35.587803,200,99,74.2,71.7,0,25.033665,100,201,73.1,71.6,0,26.470589,200,91,72.8,71.4,0,30.543983,100,98,73.3,71.6,0,27.817509,100,100,72.2,284.7,0,26.736069,100,207,73.4,71.8,0,32.610836,200,204,72.8,72.3,0,35.017166,200,103,74.4,72.1,0,32.452538,100,100,75.3,72.4,0,36.257435,100,197,73.3,72.2,0,30.72245,200,99,72.6,71.8,0,38.63424,100,208,71.3,72.4,0,48.63222,200,92,74.6,70.9,0,35.425014,100,103,72.6,71.7,0,33.565666,100,99,71.9,71.5,0,37.380295,100,205,73.3,72.2,0,36.095905,200,203,71.4,72.7,0,53.30678,200,194,74.2,71.4,0,40.373173,200,199,73.9,71.9,0,38.511703,200,98,73.8,71.7,0,50.35339,100,100,74.3,71.8,0,25.908163,100,95,72.4,72,0,37.650173,100,197,72,72.1,0,32.74133,200,199,73.5,72.1,0,29.760227,200,98,71.2,72.4,0,43.258762,100,199,71.8,72.6,0,37.987278,200,88.9,89,88.6,144.1,102.6,117,1.5,-1.4,29.74
20170729,225,74.2,99.6,37.81947401,21.45852167,1,56.8,57.5,4.1,75.2,75.7,-0.2,0.55,0,0,0,5,0,0,0,0,0,0,0,200,72,7.5,4.1,7.5,200,83.9,76.7,74.7,0,0,0,60.4,0,0,76.3,0,61.4,0.8125,66,0,0,-0.2,1.5,0,0,0,73.9,73.6,74.1,56.8,15,100,61.2,20,0,73.6,1.01,61.4,0.8125,72.3,0,0,80.7,56.1,9.9,4.9,1,15,15,87.8,75.1,83.4,100,100,0,74.5,1.3,65.43104,64.93104,0,13.1,0,0,0,0,0,72,111,79.8,0,0,0,85,55,0,69.6,68,1,2200,16,74.3,74.4,0,100,260,1,72,74.1,0,0.035872295,0,-16,75.7,73.3,0,0.049176294,0,1275,77.4,74.6,0,0,700,130,74.8,73.3,0,0,0,44,76.5,75.1,0,0.012298611,0,-1,76,75.5,0,0,0,38,73,76,0,0,0,41,73.8,75.8,0,0.02459117,0,5,73.3,77.7,0,100,950,-4,0,74.9,0,0,0,-4,73.9,74.2,0,0,0,99,74.1,73.4,0,39.183872,100,200,71.5,73.5,0,38.828285,200,200,72.2,73.1,0,40.215527,200,203,73.4,73,0,24.584557,200,96,73.5,71.7,0,24.201025,100,201,72.4,72.5,0,23.817692,200,196,73.9,72.4,0,19.249172,200,99,72.5,72.1,0,28.778214,100,198,74.6,72.5,0,22.384188,200,101,71.5,72.7,0,30.400097,100,99,74.1,73.6,0,35.65644,100,98,73.1,73.5,0,36.069195,100,192,72.5,73.3,0,29.424099,200,101,72.9,72.6,0,22.539526,100,200,72.9,73,0,32.39799,200,201,73.4,72.1,0,28.386148,200,195,73,72.2,0,21.39781,200,95,72,71.9,0,30.23313,100,186,72,73.1,0,28.414558,200,192,71.1,73.1,0,26.818184,200,97,74,73.5,0,49.92785,100,200,72.6,73.5,0,39.569714,200,200,72.8,73.1,0,27.828333,200,0,73.5,71.9,0,0,0,198,74,72.9,0,28.71795,200,194,73.3,72.4,0,35.84234,200,197,74,72.4,0,27.036629,200,151,71.2,72.8,0,37.617134,150,202,73.7,72.9,0,35.721077,200,197,72.7,73,0,29.927973,200,101,74.3,73.3,0,49.94478,100,201,73.9,73.6,0,42.220314,200,201,73.2,73,0,35.587803,200,100,74.2,72.4,0,25.033665,100,200,73.2,72.3,0,26.470589,200,92,72.9,72.2,0,30.543983,100,98,73.4,72.3,0,27.817509,100,98,72.3,284.8,0,26.736069,100,209,73.5,72.5,0,32.610836,200,203,72.9,73,0,35.017166,200,100,74.4,72.8,0,32.452538,100,99,75.4,73,0,36.257435,100,195,73.4,72.8,0,30.72245,200,98,72.7,72.5,0,38.63424,100,195,71.5,73.1,0,48.63222,200,92,74.7,71.6,0,35.425014,100,102,72.6,72.4,0,33.565666,100,98,72,72.2,0,37.380295,100,201,73.3,72.9,0,36.095905,200,199,71.5,73.3,0,53.30678,200,194,74.3,72.1,0,40.373173,200,198,74,72.6,0,38.511703,200,97,73.9,72.4,0,50.35339,100,99,74.4,72.5,0,25.908163,100,95,72.5,72.7,0,37.650173,100,198,72.1,72.8,0,33.27413,200,198,73.5,72.8,0,29.760227,200,98,71.3,73,0,43.258762,100,197,71.9,73.3,0,37.987278,200,88.9,89,88.7,143.1,102.6,116.9,1.2,0,29.72
20170729,230,74.1,99.6,37.72573257,21.45852167,1,56.8,57.6,4.1,75.3,75.7,-0.1,0.55,0,0,0,5,0,0,0,0,0,0,0,200,72,7.5,4.1,7.5,200,83.8,76.5,74.7,0,0,0,60.4,0,0,76.3,0,61.4,0.8125,66.9,0,0,-0.2,1.4,0,0,0,74,73.6,74.6,56.6,15,100,61.2,20,0,73.6,0.98,61.4,0.8125,72.3,0,0,79.7,55.6,9.9,4.4,1.3,15,15,87.6,75.1,83.4,100,99.9,0,74.5,1.3,65.43104,64.93104,0,13.1,0,0,0,0,0,72,114,79.9,0,0,0,85,55,0,69.7,68,1,2200,17,74.3,74.5,0,100,260,1,72.1,74.1,0,0.035872295,0,-17,75.7,73.4,0,0.049176294,0,1275,77.4,74.6,0,0,700,128,74.9,73.4,0,0,0,44,76.6,75.1,0,0.012298611,0,-1,76.1,75.5,0,0,0,40,73,76,0,0,0,41,73.8,75.9,0,0.02459117,0,4,73.3,77.8,0,100,950,-6,0,74.9,0,0,0,-5,74,74.2,0,0,0,99,74.1,73.9,0,39.183872,100,199,71.6,74.1,0,38.828285,200,201,72.4,73.7,0,40.215527,200,204,73.4,73.6,0,24.584557,200,95,73.5,72.4,0,24.201025,100,199,72.5,73.1,0,23.817692,200,197,74,73,0,19.249172,200,99,72.5,72.8,0,28.778214,100,195,74.6,73.1,0,22.384188,200,101,71.6,73.2,0,30.400097,100,99,74.1,74.1,0,35.65644,100,98,73.2,74,0,36.069195,100,191,72.6,73.8,0,29.424099,200,101,72.9,73.1,0,22.539526,100,200,72.9,73.6,0,32.39799,200,202,73.4,72.7,0,28.386148,200,197,73,72.8,0,21.39781,200,94,72,72.5,0,30.23313,100,184,72.1,73.6,0,28.414558,200,198,71.2,73.7,0,26.818184,200,98,74,74,0,49.92785,100,200,72.6,74,0,39.569714,200,201,72.9,73.7,0,27.828333,200,0,73.5,71.8,0,0,0,200,74.1,73.5,0,28.71795,200,194,73.3,73,0,35.84234,200,196,74.1,73,0,27.036629,200,150,71.3,73.5,0,37.617134,150,203,73.7,73.4,0,35.721077,200,200,72.7,73.6,0,29.927973,200,101,74.4,73.8,0,49.94478,100,202,73.9,74.1,0,42.220314,200,197,73.2,73.5,0,35.587803,200,98,74.2,73,0,25.033665,100,198,73.2,72.9,0,26.470589,200,89,72.9,72.8,0,30.543983,100,100,73.4,72.9,0,27.817509,100,98,72.3,284.9,0,26.736069,100,208,73.5,73,0,32.610836,200,204,73,73.5,0,35.017166,200,99,74.5,73.4,0,32.452538,100,99,75.4,73.5,0,36.257435,100,196,73.4,73.4,0,30.72245,200,98,72.7,73,0,38.63424,100,196,71.7,73.6,0,48.63222,200,92,74.7,72.3,0,35.425014,100,99,72.7,73,0,33.565666,100,98,72,72.8,0,37.380295,100,206,73.3,73.4,0,36.095905,200,197,71.6,73.8,0,53.30678,200,194,74.3,72.7,0,40.373173,200,198,74.1,73.2,0,38.511703,200,98,73.9,73,0,50.35339,100,99,74.5,73.1,0,25.908163,100,94,72.5,73.3,0,37.650173,100,198,72.1,73.3,0,33.27413,200,197,73.6,73.4,0,29.760227,200,98,71.4,73.6,0,43.258762,100,199,72,73.8,0,37.987278,200,89,89.1,88.7,144.1,102.6,117.2,1.2,-0.1,29.72
20170729,235,74.1,99.6,37.72573257,21.45852167,1,56.9,57.7,4.1,75.4,75.8,-0.2,0.55,0,0,0,5,0,0,0,0,0,0,0,200,72,7.5,4.1,7.5,200,83.7,76.3,74.6,0,0,0,60.4,0,0,76.3,0,61.4,0.8125,67.1,0,0,-0.2,1.4,0,0,0,74,73.7,74.9,56.7,15,100,61.2,20,0,73.7,1.01,61.4,0.8125,72.3,0,0,78.3,55.6,9.9,4.7,0.7,15,15,87.3,75.1,83.4,100,100,0,74.5,1.3,65.43104,64.93104,0,13.1,0,0,0,0,0,72,114,79.9,0,0,0,85,55,0,69.7,68.1,1,2200,16,74.3,74.6,0,100,260,1,72.1,74.1,0,0.035872295,0,-15,75.7,73.5,0,0.049176294,0,1274,77.5,74.7,0,0,700,127,74.9,73.4,0,0,0,44,76.6,75.1,0,0.012298611,0,-1,76.1,75.5,0,0,0,39,73,76.1,0,0,0,41,73.8,75.9,0,0.02459117,0,5,73.3,77.8,0,100,950,-4,0,74.9,0,0,0,-4,74,74.3,0,0,0,100,74.2,74.3,0,39.183872,100,200,71.7,74.5,0,38.828285,200,201,72.5,74.1,0,40.215527,200,204,73.5,74.1,0,24.584557,200,96,73.6,72.9,0,24.201025,100,200,72.5,73.6,0,23.817692,200,198,74,73.6,0,19.249172,200,100,72.6,73.3,0,28.778214,100,196,74.7,73.6,0,22.384188,200,102,71.7,73.7,0,30.400097,100,99,74.1,74.6,0,35.65644,100,100,73.3,74.4,0,36.069195,100,195,72.7,74.3,0,29.424099,200,101,72.9,73.6,0,22.539526,100,201,73,74.1,0,32.39799,200,200,73.5,73.2,0,28.386148,200,200,73.1,73.3,0,21.39781,200,96,72.1,73,0,30.23313,100,193,72.2,74,0,28.414558,200,199,71.3,74.1,0,26.818184,200,99,74.1,74.4,0,49.92785,100,201,72.7,74.4,0,39.569714,200,203,72.9,74.1,0,27.828333,200,0,73.5,71.8,0,0,0,200,74.1,74,0,28.71795,200,194,73.4,73.5,0,35.84234,200,197,74.1,73.6,0,27.036629,200,151,71.4,73.9,0,37.617134,150,205,73.7,73.9,0,35.721077,200,198,72.8,74,0,29.927973,200,102,74.4,74.3,0,49.94478,100,203,74,74.5,0,42.220314,200,203,73.3,73.9,0,35.587803,200,99,74.2,73.5,0,25.033665,100,202,73.3,73.4,0,26.470589,200,90,73,73.3,0,30.543983,100,99,73.5,73.4,0,27.817509,100,99,72.4,284.8,0,26.736069,100,208,73.6,73.5,0,32.610836,200,204,73.1,74,0,35.017166,200,98,74.5,73.8,0,32.452538,100,99,75.4,73.9,0,36.257435,100,198,73.5,73.8,0,30.72245,200,99,72.7,73.6,0,38.63424,100,207,71.9,74.1,0,48.63222,200,92,74.7,72.8,0,35.425014,100,100,72.7,73.5,0,33.565666,100,100,72.1,73.3,0,37.380295,100,206,73.4,73.9,0,36.095905,200,202,71.7,74.3,0,53.30678,200,194,74.3,73.2,0,40.373173,200,198,74.1,73.8,0,38.511703,200,98,74,73.5,0,50.35339,100,99,74.5,73.6,0,25.908163,100,95,72.7,73.8,0,37.650173,100,199,72.2,73.8,0,33.27413,200,198,73.6,73.9,0,29.760227,200,98,71.6,74,0,43.258762,100,198,72.1,74.3,0,37.987278,200,89,89.1,88.8,146.1,102.6,116.9,1.4,-1.6,29.72
20170729,240,74.2,99.6,37.81947401,21.45852167,1,57,57.8,4.1,75.5,75.9,-0.2,0.55,0,0,0,5,0,0,0,0,0,0,0,200,72,7.5,4.1,7.5,200,83.5,76.2,74.6,0,0,0,60.4,0,0,76.2,0,61.4,0.8125,67.3,0,0,-0.2,1.4,0,0,0,74.1,73.7,75.3,56.9,15,100,61.2,20,0,73.7,0.99,61.4,0.8125,72.4,0,0,77.6,56.1,10,4.7,1.9,15,15,86.8,75.1,84.3,100,99.6,0,74.5,1.3,65.43104,64.93104,0,13.2,0,0,0,0,0,72,112,80,0,0,0,85,55,0,69.7,68.1,1,2200,18,74.3,74.7,0,100,260,1,72.1,74.2,0,0.035872295,0,-16,75.7,73.6,0,0.049176294,0,1274,77.5,74.7,0,0,700,128,74.9,73.4,0,0,0,44,76.7,75.2,0,0.012298611,0,-1,76.2,75.5,0,0,0,37,73,76.1,0,0,0,41,73.9,75.9,0,0.02459117,0,5,73.4,77.7,0,100,950,-4,0,74.9,0,0,0,-4,74,74.3,0,0,0,99,74.2,74.7,0,39.183872,100,199,71.9,74.9,0,38.828285,200,201,72.6,74.4,0,40.215527,200,202,73.5,74.4,0,24.584557,200,95,73.6,73.4,0,24.201025,100,199,72.5,74.1,0,23.817692,200,195,74.1,74,0,19.249172,200,100,72.6,73.7,0,28.778214,100,197,74.7,74,0,22.384188,200,101,71.7,74.1,0,30.400097,100,99,74.1,74.9,0,35.65644,100,98,73.3,74.8,0,36.069195,100,194,72.7,74.7,0,29.868048,200,100,72.9,74,0,22.539526,100,198,73.1,74.5,0,32.39799,200,200,73.6,73.7,0,28.386148,200,195,73.1,73.7,0,21.39781,200,95,72.2,73.4,0,30.23313,100,184,72.2,74.4,0,28.414558,200,198,71.4,74.5,0,26.818184,200,97,74.1,74.7,0,49.92785,100,202,72.7,74.7,0,39.569714,200,200,73,74.4,0,27.828333,200,0,73.6,71.9,0,0,0,200,74.2,74.4,0,28.71795,200,194,73.4,74,0,35.84234,200,197,74.1,74,0,27.036629,200,151,71.5,74.3,0,37.617134,150,201,73.8,74.3,0,35.721077,200,198,72.8,74.4,0,29.927973,200,101,74.5,74.6,0,49.94478,100,202,74.1,74.8,0,42.220314,200,201,73.4,74.4,0,35.587803,200,98,74.3,73.9,0,25.033665,100,200,73.3,73.8,0,26.470589,200,91,73.2,73.7,0,30.543983,100,98,73.5,73.8,0,27.817509,100,98,72.5,284.7,0,26.736069,100,205,73.6,73.9,0,32.610836,200,203,73.1,74.3,0,35.017166,200,99,74.5,74.2,0,32.452538,100,99,75.4,74.2,0,36.257435,100,196,73.5,74.2,0,30.72245,200,98,72.7,74,0,38.63424,100,194,72.1,74.4,0,48.63222,200,92,74.7,73.3,0,35.425014,100,102,72.8,73.9,0,33.565666,100,99,72.1,73.8,0,37.380295,100,206,73.5,74.3,0,36.095905,200,201,71.8,74.6,0,53.30678,200,194,74.4,73.7,0,40.373173,200,197,74.2,74.2,0,38.511703,200,97,74,73.9,0,50.35339,100,99,74.6,74,0,25.908163,100,101,72.8,74.3,0,38.230503,100,199,72.3,74.2,0,33.27413,200,197,73.6,74.2,0,29.760227,200,98,71.7,74.4,0,43.258762,100,197,72.1,74.6,0,37.987278,200,89,89.1,88.7,146.1,102.7,117.4,0.2,1.5,29.72
20170729,245,74.2,99.6,37.81947401,21.45852167,1,57.1,57.9,4.1,75.6,75.9,-0.1,0.55,0,0,0,5,0,0,0,0,0,0,0,200,72,7.5,4.1,7.5,200,83.4,76,74.6,0,0,0,60.4,0,0,76.1,0,61.4,0.8125,67.2,0,0,-0.2,1.4,0,0,0,74.1,73.8,75.4,57,15,100,61.2,20,0,73.7,0.99,61.4,0.8125,72.4,0,0,77,56.3,9.8,4.5,1.1,15,15,86.4,75.1,85.1,100,100,0,74.5,1.25,65.43104,64.93104,0,13,0,0,0,0,0,72,114,80,0,0,0,85,55,0,69.8,68.1,1,2200,16,74.3,74.8,0,100,260,2,72.1,74.2,0,0.035872295,0,-16,75.8,73.7,0,0.049176294,0,1274,77.5,74.7,0,0,700,128,74.9,73.4,0,0,0,44,76.7,75.2,0,0.012298611,0,-1,76.2,75.5,0,0,0,35,73,76.1,0,0,0,42,73.9,76,0,0.02459117,0,4,73.4,77.8,0,100,950,-5,0,74.9,0,0,0,-4,74,74.3,0,0,0,99,74.3,75,0,39.183872,100,198,72,75.1,0,38.828285,200,200,72.8,74.7,0,40.215527,200,203,73.6,74.7,0,24.584557,200,95,73.6,73.7,0,24.201025,100,199,72.6,74.4,0,23.817692,200,194,74.1,74.3,0,19.249172,200,100,72.7,74,0,28.778214,100,198,74.7,74.3,0,22.384188,200,101,71.8,74.4,0,30.400097,100,99,74.2,75.1,0,35.65644,100,98,73.3,75,0,36.069195,100,193,72.8,74.9,0,29.868048,200,101,72.9,74.4,0,22.539526,100,199,73.2,74.8,0,32.39799,200,201,73.6,74,0,28.386148,200,195,73.2,74.1,0,21.39781,200,95,72.2,73.8,0,30.23313,100,186,72.3,74.7,0,28.414558,200,197,71.5,74.7,0,26.818184,200,97,74.2,75,0,49.92785,100,201,72.8,75,0,39.569714,200,198,73,74.7,0,27.828333,200,0,73.6,72,0,0,0,200,74.2,74.7,0,28.71795,200,194,73.5,74.3,0,35.84234,200,195,74.1,74.3,0,27.036629,200,150,71.6,74.7,0,37.617134,150,202,73.8,74.6,0,35.721077,200,198,72.9,74.7,0,29.927973,200,101,74.5,74.8,0,49.94478,100,202,74.2,75.1,0,42.220314,200,204,73.4,74.6,0,35.587803,200,98,74.3,74.2,0,25.033665,100,201,73.4,74.1,0,26.470589,200,90,73.3,74.1,0,30.543983,100,96,73.5,74.2,0,27.817509,100,97,72.5,285.2,0,26.736069,100,206,73.7,74.2,0,32.610836,200,202,73.2,74.6,0,35.017166,200,101,74.6,74.5,0,32.452538,100,99,75.5,74.5,0,36.257435,100,194,73.5,74.5,0,30.72245,200,98,72.8,74.3,0,38.63424,100,189,72.2,74.7,0,48.63222,200,92,74.8,73.7,0,35.425014,100,104,72.8,74.2,0,33.565666,100,98,72.2,74.1,0,37.380295,100,204,73.5,74.5,0,36.095905,200,197,71.9,74.9,0,53.30678,200,193,74.4,74.1,0,40.373173,200,197,74.3,74.6,0,38.511703,200,97,74.1,74.3,0,50.35339,100,99,74.7,74.4,0,25.908163,100,100,72.9,74.6,0,38.230503,100,197,72.4,74.5,0,33.27413,200,196,73.7,74.5,0,29.760227,200,98,71.8,74.7,0,43.258762,100,197,72.2,74.9,0,37.987278,200,89.1,89.2,89,145.1,102.7,117.3,1.2,-0.1,29.72
20170729,250,74.3,99.6,37.91343673,21.45852167,1,57.1,58.1,4.1,75.7,76,-0.1,0.55,0,0,0,5,0,0,0,0,0,0,0,200,72,7.5,4.1,7.5,200,83.3,76.2,74.7,0,0,0,60.8,0,0,76,0,61.8,0.8125,67.5,0,0,-0.2,1.4,0,0,0,74.2,73.8,75.6,56.7,15,100,61.4,20,0,73.8,1,61.8,0.8125,72.4,0,0,76.9,55.8,10,4.7,0.8,15,15,86.3,75.1,87.3,100,99.5,0,74.5,1.25,65.55173,65.05173,0,13.3,0,0,0,0,0,72,108,80.1,0,0,0,85,55,0,69.8,68.1,1,2200,17,74.4,74.8,0,100,260,1,72.1,74.3,0,0.035872295,0,-15,75.8,73.7,0,0.049176294,0,1274,77.5,74.7,0,0,700,130,74.9,73.5,0,0,0,44,76.8,75.2,0,0.012298611,0,-1,76.3,75.5,0,0,0,37,73,76.1,0,0,0,41,73.9,76,0,0.02459117,0,4,73.3,77.8,0,100,950,-5,0,74.9,0,0,0,-5,74,74.3,0,0,0,100,74.3,75.2,0,39.183872,100,200,72.1,75.3,0,38.828285,200,200,72.9,74.9,0,40.215527,200,204,73.6,74.9,0,24.584557,200,96,73.6,74.1,0,24.201025,100,200,72.6,74.7,0,23.817692,200,194,74.1,74.6,0,19.249172,200,100,72.7,74.4,0,28.778214,100,198,74.8,74.6,0,22.384188,200,102,71.9,74.7,0,30.400097,100,99,74.2,75.3,0,35.65644,100,97,73.4,75.2,0,36.069195,100,191,72.8,75.1,0,29.868048,200,100,73,74.6,0,22.539526,100,201,73.2,75.1,0,32.39799,200,199,73.7,74.3,0,28.386148,200,195,73.2,74.4,0,21.39781,200,95,72.3,74.1,0,30.23313,100,205,72.4,74.9,0,28.414558,200,197,71.5,74.9,0,26.818184,200,98,74.2,75.2,0,49.92785,100,199,72.9,75.2,0,39.569714,200,202,73.1,74.9,0,27.828333,200,0,73.6,72.2,0,0,0,200,74.3,75,0,28.71795,200,194,73.6,74.6,0,35.84234,200,196,74.2,74.6,0,27.036629,200,151,71.7,74.9,0,37.617134,150,201,73.8,74.9,0,35.721077,200,198,72.9,74.9,0,29.927973,200,101,74.6,75.1,0,49.94478,100,201,74.3,75.3,0,42.220314,200,203,73.5,74.9,0,35.587803,200,99,74.3,74.5,0,25.033665,100,199,73.5,74.5,0,26.470589,200,90,73.3,74.4,0,30.543983,100,98,73.6,74.5,0,27.817509,100,98,72.6,285.1,0,26.736069,100,206,73.7,74.5,0,32.610836,200,203,73.3,74.8,0,35.017166,200,98,74.6,74.8,0,32.452538,100,99,75.5,74.7,0,36.257435,100,195,73.6,74.7,0,30.72245,200,98,72.8,74.5,0,38.63424,100,202,72.4,74.9,0,48.63222,200,92,74.8,74,0,35.425014,100,97,72.8,74.5,0,33.565666,100,99,72.2,74.4,0,37.380295,100,203,73.5,74.8,0,36.095905,200,195,72,75.1,0,53.30678,200,193,74.5,74.4,0,40.373173,200,198,74.3,74.9,0,38.511703,200,97,74.1,74.6,0,50.35339,100,99,74.8,74.7,0,25.908163,100,100,73,74.9,0,38.230503,100,198,72.5,74.8,0,33.27413,200,197,73.7,74.7,0,29.760227,200,98,71.9,74.9,0,43.258762,100,198,72.3,75.1,0,37.987278,200,89.1,89.2,88.7,147.1,102.7,117.5,1.2,-0.3,29.72
20170729,255,74.3,99.6,37.92039543,21.45852167,1,57.2,58.1,4.1,75.7,76,-0.2,0.55,0,0,0,5,0,0,0,0,0,0,0,200,72,7.5,4.1,7.5,200,83.3,76,74.7,0,0,0,60.8,0,0,76,0,61.8,0.8125,67.6,0,0,-0.2,1.4,0,0,0,74.2,73.8,75.7,56.6,15,100,61.4,20,0,73.9,1,61.8,0.8125,72.6,0,0,76.5,55.3,9.9,4.5,1.7,15,15,86.1,75.1,87.9,100,99.5,0,74.5,1.25,65.55173,65.05173,0,13.4,0,0,0,0,0,72,110,80.1,0,0,0,85,55,0,69.8,68.1,1,2200,17,74.4,74.9,0,100,260,1,72.1,74.3,0,0.035872295,0,-16,75.8,73.8,0,0.049176294,0,1275,77.6,74.8,0,0,700,130,75,73.5,0,0,0,44,76.8,75.3,0,0.012298611,0,-1,76.3,75.6,0,0,0,37,73.1,76.1,0,0,0,40,73.9,76,0,0.02459117,0,4,73.4,77.8,0,100,950,-4,0,74.9,0,0,0,-4,74,74.3,0,0,0,99,74.3,75.3,0,39.183872,100,200,72.2,75.5,0,38.828285,200,201,73,75.1,0,40.215527,200,203,73.7,75.1,0,24.584557,200,96,73.7,74.3,0,24.201025,100,200,72.7,74.9,0,23.817692,200,197,74.2,74.8,0,19.58042,200,101,72.8,74.5,0,28.778214,100,200,74.8,74.8,0,22.384188,200,101,71.9,74.9,0,30.400097,100,99,74.3,75.4,0,35.65644,100,99,73.4,75.4,0,36.069195,100,194,72.9,75.2,0,29.868048,200,102,73,74.8,0,22.539526,100,200,73.3,75.2,0,32.39799,200,199,73.8,74.6,0,28.386148,200,200,73.2,74.6,0,21.39781,200,95,72.4,74.3,0,30.23313,100,191,72.4,75,0,28.414558,200,197,71.6,75.1,0,26.818184,200,98,74.3,75.3,0,49.92785,100,198,72.9,75.3,0,39.569714,200,202,73.2,75.1,0,27.828333,200,0,73.6,72.3,0,0,0,200,74.3,75.2,0,28.71795,200,194,73.6,74.8,0,35.84234,200,198,74.2,74.8,0,27.036629,200,151,71.8,75.1,0,37.617134,150,202,73.8,75,0,35.721077,200,198,72.9,75.1,0,29.927973,200,101,74.6,75.2,0,49.94478,100,202,74.4,75.4,0,42.220314,200,204,73.6,75,0,35.587803,200,99,74.3,74.7,0,25.033665,100,200,73.5,74.6,0,26.470589,200,90,73.4,74.6,0,30.543983,100,97,73.6,74.7,0,27.817509,100,98,72.7,285.1,0,26.736069,100,205,73.8,74.6,0,32.610836,200,204,73.3,75,0,35.017166,200,100,74.6,74.9,0,32.452538,100,99,75.5,74.8,0,36.257435,100,194,73.6,74.9,0,30.72245,200,98,72.8,74.7,0,38.63424,100,202,72.5,75.1,0,48.63222,200,92,74.8,74.2,0,35.425014,100,104,72.9,74.7,0,33.565666,100,100,72.3,74.6,0,37.380295,100,205,73.6,74.9,0,36.095905,200,199,72.1,75.2,0,53.30678,200,195,74.5,74.6,0,40.373173,200,199,74.4,75.1,0,38.511703,200,98,74.2,74.9,0,50.35339,100,99,74.8,74.9,0,25.908163,100,100,73,75.1,0,38.230503,100,197,72.5,75,0,33.27413,200,197,73.8,74.9,0,29.760227,200,98,72,75,0,43.258762,100,197,72.3,75.2,0,37.987278,200,89.1,89.2,89.1,147.1,102.7,117.5,1.2,1.3,29.71
20170729,300,74.3,99.6,37.92039543,21.45852167,1,57.3,58.3,4.1,75.8,76.1,-0.2,0.55,0,0,0,5,0,0,1,1,1,0,0,200,72,7.5,4.1,7.5,200,83.2,76,74.7,0,0,0,60.8,0,0,76,0,61.8,0.8125,67.7,0,0,-0.2,1.4,0,0,0,74.2,73.8,75.7,56.8,15,100,61.4,20,0,73.9,1.01,61.8,0.8125,72.3,0,0,76.5,55.6,9.9,4.7,0.7,15,15,86.3,75.1,88.4,100,99.4,0,74.5,1.25,65.55173,65.05173,0,13.5,0,0,0,0,1,72,115,80.2,0,0,0,85,55,0,69.8,68.1,1,2200,17,74.4,75,0,100,260,1,72.1,74.4,0,0.035872295,0,-16,75.8,73.9,0,0.049176294,0,1274,77.6,74.8,0,0,700,129,75,73.5,0,0,0,44,76.8,75.3,0,0.012298611,0,-1,76.3,75.6,0,0,0,33,73.1,76.1,0,0,0,41,73.9,76,0,0.02459117,0,4,73.4,77.8,0,100,950,-5,0,74.9,0,0,0,-4,74,74.3,0,0,0,100,74.4,75.5,0,39.183872,100,200,72.2,75.6,0,38.828285,200,201,73.1,75.2,0,40.215527,200,203,73.7,75.3,0,24.584557,200,95,73.7,74.5,0,24.201025,100,200,72.7,75,0,23.817692,200,197,74.2,75,0,19.58042,200,101,72.8,74.7,0,28.778214,100,199,74.9,75,0,22.384188,200,102,72,75.1,0,30.400097,100,99,74.3,75.6,0,35.65644,100,100,73.5,75.5,0,36.069195,100,194,72.9,75.4,0,29.868048,200,100,73,75,0,22.539526,100,204,73.3,75.4,0,32.39799,200,201,73.8,74.8,0,28.386148,200,197,73.3,74.7,0,21.39781,200,95,72.4,74.5,0,30.23313,100,204,72.5,75.2,0,28.414558,200,197,71.7,75.2,0,26.818184,200,98,74.3,75.4,0,49.92785,100,200,72.9,75.4,0,39.569714,200,203,73.3,75.2,0,27.828333,200,0,73.6,72.4,0,0,0,202,74.4,75.3,0,28.71795,200,194,73.7,75,0,35.84234,200,197,74.2,74.9,0,27.036629,200,152,71.8,75.2,0,37.617134,150,200,73.9,75.2,0,35.721077,200,199,73,75.2,0,29.927973,200,102,74.7,75.3,0,49.94478,100,204,74.4,75.5,0,42.220314,200,204,73.6,75.2,0,35.587803,200,99,74.4,74.9,0,25.033665,100,199,73.6,74.7,0,26.470589,200,89,73.5,74.8,0,30.543983,100,97,73.6,74.9,0,27.817509,100,98,72.8,284.9,0,26.736069,100,204,73.8,74.8,0,32.610836,200,204,73.4,75.1,0,35.017166,200,100,74.7,75.1,0,32.452538,100,99,75.6,74.9,0,36.257435,100,195,73.7,75,0,30.72245,200,98,72.8,74.9,0,38.63424,100,198,72.7,75.2,0,48.63222,200,102,74.9,74.5,0,36.026157,100,98,72.9,74.8,0,33.565666,100,100,72.3,74.7,0,37.380295,100,206,73.6,75.1,0,36.095905,200,198,72.2,75.3,0,53.30678,200,196,74.6,74.9,0,40.373173,200,199,74.5,75.3,0,38.511703,200,98,74.3,75.1,0,50.35339,100,100,74.8,75.1,0,25.908163,100,101,73.1,75.2,0,38.230503,100,196,72.5,75.1,0,33.27413,200,196,73.8,75,0,29.760227,200,98,72.1,75.2,0,43.258762,100,198,72.4,75.4,0,37.987278,200,89.2,89.3,89.1,146.1,102.8,117.5,0.5,0.1,29.71
20170729,305,74.1,99.6,37.7326415,22.21334333,265,56.9,54.2,5.4,76.3,73.9,-0.1,0.55,0,0,0,5,100,100,1,1,1,0,0,200,72,7.5,5.4,7.5,200,83.1,75.9,74.7,0,0,0,60.8,0,0,76,0,61.8,0.8125,67.7,0,0,-0.2,1.4,0,0,0,74.3,73.9,69.1,55.9,15,100,61.4,20,0,73.8,1.01,61.8,0.8125,72.5,0,0,74.6,55.4,9.9,4.9,1.4,15,15,83.8,69.1,88.8,100,99.5,0,74.5,1.3,65.55173,65.05173,0,13.7,0,0,1,23.6,1,72,111,80.2,0,0,0,85,55,0,69.8,68.1,1,2200,19,74.4,75,0,100,260,1,72.1,74.4,0,0.035872295,0,-16,75.8,73.9,0,0.049176294,0,1274,77.6,74.8,0,0,700,130,75,73.6,0,0,0,44,76.9,75.3,0,0.012298611,0,-1,76.4,75.7,0,0,0,37,73.1,76.2,0,0,0,42,73.9,76,0,0.02459117,0,5,73.4,77.8,0,100,950,-5,0,75,0,0,0,-4,74.1,74.3,0,0,0,100,74.4,73.6,0,39.183872,100,200,72.3,73.5,0,38.828285,200,201,73.1,72.8,0,40.215527,200,207,73.8,74,0,24.584557,200,96,73.7,74.2,0,24.201025,100,202,72.8,74.3,0,23.817692,200,200,74.2,74.1,0,19.58042,200,100,72.9,74.2,0,28.778214,100,202,74.9,74.1,0,22.384188,200,102,72,73.6,0,30.400097,100,100,74.3,73,0,35.65644,100,100,73.5,73.4,0,36.069195,100,194,73,73.2,0,29.868048,200,100,73,74.1,0,22.539526,100,203,73.4,74,0,32.39799,200,201,73.9,74.2,0,28.386148,200,199,73.3,73.9,0,21.39781,200,96,72.4,73.9,0,30.23313,100,188,72.6,73.3,0,28.414558,200,196,71.7,73.8,0,26.818184,200,99,74.3,72.3,0,49.92785,100,200,73,72.8,0,39.569714,200,204,73.3,73.5,0,27.828333,200,0,73.6,72.6,0,0,0,200,74.4,73.8,0,28.71795,200,194,73.8,74.3,0,35.84234,200,199,74.3,73.9,0,27.036629,200,152,71.9,73.9,0,37.617134,150,204,73.9,74.1,0,35.721077,200,200,73,73.6,0,29.927973,200,101,74.7,73,0,49.94478,100,203,74.5,72,0,42.220314,200,204,73.7,73.9,0,35.587803,200,100,74.4,73.7,0,25.033665,100,199,73.6,73.9,0,26.470589,200,90,73.6,74.2,0,30.543983,100,98,73.7,74.3,0,27.817509,100,99,72.8,284.7,0,26.736069,100,207,73.8,73.7,0,32.610836,200,202,73.5,73.2,0,35.017166,200,99,74.7,74.2,0,32.452538,100,99,75.6,73.6,0,36.257435,100,196,73.7,73.7,0,30.72245,200,98,72.8,74,0,38.63424,100,199,72.8,72.4,0,48.63222,200,102,74.9,74.1,0,36.026157,100,107,73,73.5,0,33.565666,100,99,72.4,74,0,37.380295,100,205,73.7,73.8,0,36.095905,200,204,72.3,72.4,0,53.30678,200,194,74.7,74.7,0,40.373173,200,198,74.5,74.7,0,38.511703,200,98,74.3,74.7,0,50.35339,100,99,74.9,74.6,0,25.908163,100,101,73.2,74.5,0,38.230503,100,198,72.6,73.9,0,33.27413,200,197,73.9,73.8,0,29.760227,200,98,72.1,73.6,0,43.258762,100,198,72.5,73.3,0,37.987278,200,89.2,89.3,89,147.1,102.8,117.8,1.2,-0.1,29.71
20170729,310,74,99.6,37.63909592,22.21334333,263,51.5,45,5.6,81,75,-0.1,1.15,0,0,0,5,100,100,1,1,1,0,0,200,72,7.5,5.6,7.5,200,83.1,76,74.7,0,0,0,60.8,0,0,76,0,61.8,0.8125,68.3,0,0,-0.2,1.4,0,0,0,74.3,73.9,61.2,55.7,15,99.3,61.4,20,0,73.7,1.02,61.8,0.8125,72,0,0,84.8,55.8,9.9,4.5,1.3,15,15,89.5,63.1,89,100,100,0,74.5,1.25,65.55173,65.05173,0,13.9,0,0,1,25.9,1,72,112,80.3,0,0,0,85,55,0,69.9,68.2,1,2200,19,74.4,75.1,0,100,260,1,72.2,74.5,0,0.035872295,0,-16,75.9,74,0,0.049176294,0,1274,77.7,74.9,0,0,700,127,75,73.5,0,0,0,44,76.9,75.3,0,0.012298611,0,-1,76.4,75.7,0,0,0,37,73.1,76.2,0,0,0,40,73.9,76,0,0.02459117,0,4,73.4,77.8,0,100,950,-4,0,74.9,0,0,0,-4,74.1,74.4,0,0,0,101,74.4,67.7,0,39.183872,100,202,72.2,67.7,0,38.828285,200,203,72.9,67,0,40.215527,200,205,73.8,68.9,0,24.584557,200,97,73.8,71.7,0,24.201025,100,204,72.8,70.2,0,23.817692,200,199,74.3,70.1,0,19.58042,200,101,72.9,71,0,28.778214,100,201,74.9,70.4,0,22.384188,200,103,72,69.3,0,30.400097,100,101,74.3,66.5,0,35.65644,100,101,73.6,67.3,0,36.069195,100,199,73,66.9,0,29.868048,200,100,73.1,70,0,22.539526,100,205,73.4,69,0,32.39799,200,205,73.9,71.1,0,28.386148,200,204,73.4,69.7,0,21.39781,200,97,72.5,70.7,0,30.23313,100,186,72.6,67.6,0,28.414558,200,199,71.8,68.6,0,26.818184,200,99,74.3,65.3,0,49.92785,100,201,73,66.2,0,39.569714,200,205,73.3,67.5,0,27.828333,200,0,73.7,72.7,0,0,0,204,74.4,68.5,0,28.71795,200,194,73.8,70.6,0,35.84234,200,201,74.3,69.6,0,27.036629,200,153,71.9,69.3,0,37.617134,150,206,74,69.3,0,35.721077,200,201,73.1,67.8,0,29.927973,200,102,74.7,66.5,0,49.94478,100,205,74.5,65.4,0,42.220314,200,201,73.7,68.7,0,35.587803,200,99,74.4,69.3,0,25.033665,100,200,73.7,69.6,0,26.470589,200,90,73.6,70.7,0,30.543983,100,101,73.7,70.9,0,27.817509,100,99,72.9,284.8,0,26.736069,100,206,73.9,69.3,0,32.610836,200,205,73.4,67.5,0,35.017166,200,99,74.7,69.6,0,32.452538,100,100,75.6,68.5,0,36.257435,100,197,73.8,68.5,0,30.72245,200,98,72.9,70,0,38.63424,100,195,72.6,66.4,0,48.63222,200,102,74.9,71.2,0,36.026157,100,113,73,69,0,33.565666,100,100,72.4,70.7,0,37.380295,100,205,73.7,68.9,0,36.095905,200,205,72.3,65.8,0,53.30678,200,196,74.7,72.6,0,40.373173,200,199,74.6,71.5,0,38.511703,200,97,74.3,72.1,0,50.35339,100,100,74.9,71.5,0,25.908163,100,101,73.3,70.7,0,38.230503,100,197,72.6,69.3,0,33.27413,200,197,73.9,68.7,0,29.760227,200,98,72.1,68.1,0,43.258762,100,198,72.5,67.1,0,37.987278,200,89.3,89.3,89,146.1,102.8,117.5,1.1,0.1,29.71
20170729,315,74,99.6,37.63909592,22.21334333,264,48.6,43.7,5.65,80.2,75.6,-0.2,2.2,0,0,0,5,100,100,1,1,1,0,0,200,72,7.5,5.65,7.5,200,83.1,75.9,74.7,0,0,0,60.8,0,0,76,0,61.8,0.8125,68.6,0,0,-0.2,1.4,0,0,0,74.2,73.9,54.7,55.6,15,94.3,61.4,20,0,73.6,1.01,61.8,0.8125,71.1,0,0,88.4,56.1,9.9,4.4,1,15,15,92.2,61.1,85.7,100,92.7,0,74.5,1.4,65.55173,65.05173,0,13.5,0,0,1,29.8,1,72,108,80.3,0,0,0,85,55,0,69.9,68.2,1,2200,19,74.5,75.1,0,100,260,1,72.2,74.5,0,0.035872295,0,-16,75.9,74.1,0,0.049176294,0,1274,77.7,74.9,0,0,700,128,75,73.6,0,0,0,44,77,75.4,0,0.012298611,0,-1,76.4,75.7,0,0,0,39,73.1,76.2,0,0,0,40,73.9,76.1,0,0.02459117,0,4,73.4,77.8,0,100,950,-4,0,75,0,0,0,-5,74.1,74.4,0,0,0,101,74.4,61.9,0,39.183872,100,202,71.8,62.1,0,38.828285,200,204,72.3,61.5,0,40.215527,200,205,73.8,63.6,0,24.584557,200,97,73.8,68.3,0,24.201025,100,204,72.8,65.6,0,23.817692,200,200,74.3,65.5,0,19.58042,200,101,72.9,67.1,0,28.778214,100,198,74.9,66,0,22.384188,200,103,71.9,64.6,0,30.400097,100,101,74.3,60.6,0,35.65644,100,102,73.5,61.7,0,36.069195,100,201,72.9,61.1,0,29.868048,200,100,73.1,65.5,0,22.539526,100,205,73.3,63.8,0,32.39799,200,204,73.8,67.2,0,28.386148,200,203,73.3,65.1,0,21.39781,200,97,72.5,66.8,0,30.23313,100,211,72.5,61.9,0,28.414558,200,205,71.6,63.2,0,26.818184,200,100,74.2,59.2,0,49.92785,100,200,72.9,60.3,0,39.569714,200,205,73.3,61.6,0,27.828333,200,0,73.7,72.7,0,0,0,205,74.4,63,0,28.71795,200,194,73.7,66.2,0,35.84234,200,202,74.3,64.7,0,27.036629,200,153,71.8,64.5,0,37.617134,150,206,73.9,64,0,35.721077,200,202,73.1,62,0,29.927973,200,102,74.5,60.5,0,49.94478,100,204,74.4,59.4,0,42.220314,200,208,73.6,63.3,0,35.587803,200,99,74.4,64.6,0,25.033665,100,203,73.6,64.7,0,26.470589,200,90,73.4,66.4,0,30.543983,100,101,73.7,66.8,0,27.817509,100,99,72.8,284.7,0,26.736069,100,205,73.8,64.3,0,32.610836,200,206,73.2,62,0,35.017166,200,102,74.7,64.4,0,32.452538,100,100,75.6,63.4,0,36.257435,100,200,73.7,63.2,0,30.72245,200,98,72.9,65.2,0,38.63424,100,196,72.2,60.8,0,48.63222,200,103,74.9,67.6,0,36.026157,100,104,73,64.1,0,33.565666,100,99,72.4,66.7,0,37.380295,100,201,73.6,63.6,0,36.095905,200,201,72.1,60,0,53.30678,200,195,74.6,69.2,0,40.373173,200,199,74.5,67.4,0,38.511703,200,97,74.3,68.4,0,50.35339,100,100,74.8,67.6,0,25.908163,100,101,73.2,66.1,0,38.230503,100,198,72.5,64.2,0,33.27413,200,197,73.9,63.2,0,29.760227,200,98,71.9,62.6,0,43.258762,100,197,72.4,61.2,0,37.987278,200,89.3,89.4,89.1,147.1,102.9,117.4,3.2,-0.2,29.71
20170729,320,74,99.6,37.63909592,22.21334333,262,47.8,43.9,5.65,79.1,75.5,-0.2,2.35,0,0,0,5,100,100,1,1,1,0,0,200,72,7.5,5.65,7.5,200,83.2,76.2,74.8,0,0,0,60.8,0,0,75.9,0,61.8,0.8125,68.6,0,0,-0.2,1.4,0,0,0,74.1,73.7,52.3,55.2,15,88.5,61.4,20,0,73.6,1,61.8,0.8125,70.3,0,0,93.3,55.8,9.9,4.7,1,15,15,94.8,59.1,84.2,100,76.8,0,74.5,1.35,65.55173,65.05173,0,13.3,0,0,1,33.4,1,72,112,80.3,0,0,0,85,55,0,69.9,68.2,1,2200,16,74.5,75.1,0,100,260,2,72.2,74.6,0,0.035872295,0,-16,75.9,74.1,0,0.049176294,0,1275,77.7,74.9,0,0,700,127,75,73.6,0,0,0,43,77,75.4,0,0.012298611,0,-1,76.5,75.7,0,0,0,39,73.2,76.2,0,0,0,40,73.9,76.1,0,0.02459117,0,4,73.5,77.8,0,100,950,-4,0,75,0,0,0,-4,74.1,74.4,0,0,0,102,74.3,58.3,0,39.183872,100,202,71.3,58.5,0,38.828285,200,204,71.7,58.1,0,40.215527,200,206,73.6,59.7,0,24.584557,200,97,73.7,64.9,0,24.201025,100,204,72.7,61.7,0,23.817692,200,203,74.2,61.8,0,19.58042,200,101,72.7,63.7,0,28.778214,100,195,74.9,62.3,0,22.384188,200,103,71.7,61.1,0,30.400097,100,102,74.2,57.2,0,35.65644,100,103,73.4,58.1,0,36.069195,100,202,72.7,57.5,0,29.868048,200,101,73.1,61.9,0,22.539526,100,205,73.2,60.1,0,32.39799,200,205,73.7,63.7,0,28.386148,200,206,73.2,61.5,0,21.39781,200,97,72.4,63.6,0,30.23313,100,195,72.2,58,0,28.414558,200,205,71.3,59.6,0,26.818184,200,100,74,55.8,0,49.92785,100,204,72.8,56.9,0,39.569714,200,206,73.2,57.8,0,27.828333,200,-1,73.7,72.6,0,0,0,202,74.3,59.2,0,28.71795,200,194,73.5,62.7,0,35.84234,200,204,74.3,61,0,27.036629,200,154,71.6,60.8,0,37.617134,150,208,73.9,59.9,0,35.721077,200,202,73,58.2,0,29.927973,200,102,74.4,56.9,0,49.94478,100,205,74.1,56.1,0,42.220314,200,205,73.5,59.4,0,35.587803,200,100,74.4,60.8,0,25.033665,100,202,73.4,61,0,26.470589,200,92,73.2,62.8,0,30.543983,100,102,73.6,63.4,0,27.817509,100,99,72.7,284.9,0,26.736069,100,204,73.7,60.4,0,32.610836,200,207,73,58.4,0,35.017166,200,103,74.7,60.4,0,32.452538,100,101,75.6,60,0,36.257435,100,200,73.6,59.3,0,30.72245,200,98,72.8,61.3,0,38.63424,100,204,71.7,57.4,0,48.63222,200,102,74.8,64.2,0,36.026157,100,115,72.9,60.4,0,33.565666,100,99,72.1,63.4,0,37.380295,100,203,73.6,59.6,0,36.095905,200,206,71.8,56.5,0,53.30678,200,196,74.5,65.9,0,40.373173,200,199,74.4,63.8,0,38.511703,200,98,74.3,64.8,0,50.35339,100,100,74.7,63.9,0,25.908163,100,102,73.1,62.3,0,38.230503,100,199,72.3,60.5,0,33.27413,200,198,73.9,59.2,0,29.760227,200,98,71.5,58.8,0,43.258762,100,198,72.2,57.5,0,37.987278,200,89.3,89.4,89,145.1,102.9,117.5,1.2,-0.1,29.71
20170729,325,73.9,99.6,37.5457704,22.21334333,263,47.5,43.6,5.6,78.5,74.9,-0.2,2.45,0,0,0,5,100,100,1,1,1,0,0,200,72,7.5,5.6,7.5,200,83.2,76.1,74.7,0,0,0,60.8,0,0,75.9,0,61.8,0.8125,69,0,0,-0.2,1.4,0,0,0,73.9,73.6,51.8,55.6,15,82.5,61.4,20,0,73.5,1,61.8,0.8125,69.2,0,0,96.3,56.3,9.9,4.8,1.4,15,15,96.1,59.1,84,100,61.3,0,74.5,1.3,65.55173,65.05173,0,13.4,0,0,1,36.3,1,72,111,80.4,0,0,0,85,55,0,69.9,68.2,1,2200,23,74.5,75.1,0,100,260,1,72.2,74.6,0,0.035872295,0,-16,75.9,74.1,0,0.049176294,0,1272,77.8,74.9,0,0,700,128,75,73.6,0,0,0,44,76.8,75.4,0,0.012298611,0,-1,76.5,75.7,0,0,0,40,73.2,76.3,0,0,0,41,74,76.1,0,0.02459117,0,4,73.5,77.9,0,100,950,-5,0,75,0,0,0,-4,74.1,74.4,0,0,0,102,74.3,56.2,0,39.183872,100,202,70.9,56.5,0,38.828285,200,204,71.2,56.2,0,40.215527,200,205,73.5,57.3,0,24.584557,200,97,73.7,62.2,0,24.201025,100,205,72.5,59.1,0,23.817692,200,202,74.1,59.3,0,19.58042,200,100,72.5,61.3,0,28.778214,100,198,74.8,59.8,0,22.384188,200,104,71.5,58.7,0,30.400097,100,101,74.1,55.4,0,35.65644,100,102,73.3,56.2,0,36.069195,100,199,72.5,55.6,0,29.868048,200,100,73,59.5,0,22.539526,100,207,73.1,57.8,0,32.39799,200,204,73.6,61.2,0,28.386148,200,206,73.1,59,0,21.39781,200,97,72.2,61.3,0,30.23313,100,184,72,55.9,0,28.414558,200,205,71.1,57.5,0,26.818184,200,100,73.9,54.3,0,49.92785,100,200,72.6,55.2,0,39.569714,200,204,73.1,55.7,0,27.828333,200,-1,73.7,72.6,0,0,0,205,74.3,57,0,28.71795,200,194,73.3,60.3,0,35.84234,200,204,74.3,58.5,0,27.036629,200,154,71.2,58.6,0,37.617134,150,204,73.8,57.4,0,35.721077,200,199,72.9,56,0,29.927973,200,102,74.2,55,0,49.94478,100,203,73.8,54.5,0,42.220314,200,207,73.4,57.1,0,35.587803,200,100,74.4,58.5,0,25.033665,100,203,73.3,58.5,0,26.470589,200,90,73,60.2,0,30.543983,100,102,73.5,60.8,0,27.817509,100,100,72.5,284.9,0,26.736069,100,201,73.6,57.9,0,32.610836,200,206,72.8,56.4,0,35.017166,200,102,74.6,57.9,0,32.452538,100,100,75.6,58.1,0,36.257435,100,199,73.5,57.1,0,30.72245,200,97,72.8,58.7,0,38.63424,100,199,71.1,55.4,0,48.63222,200,103,74.7,61.6,0,36.026157,100,114,72.8,58,0,33.565666,100,99,71.9,61.1,0,37.380295,100,198,73.5,57.2,0,36.095905,200,203,71.4,54.7,0,53.30678,200,195,74.4,63.1,0,40.373173,200,199,74.1,61.1,0,38.511703,200,98,74.1,62,0,50.35339,100,100,74.5,61.2,0,25.908163,100,102,72.9,59.8,0,38.230503,100,199,72.1,58.3,0,33.27413,200,198,73.8,56.8,0,29.760227,200,98,71.1,56.6,0,43.258762,100,197,72,55.5,0,37.987278,200,89.4,89.4,89.2,145.1,102.9,117.6,1.2,-0.3,29.71
20170729,330,73.9,99.6,37.5457704,22.21334333,261,47.4,43.7,5.6,78.1,74.6,-0.2,2.5,0,0,0,5,100,100,1,1,1,0,0,200,72,7.5,5.6,7.5,200,83.2,76,74.6,0,0,0,60.8,0,0,75.8,0,61.8,0.8125,69,0,0,-0.2,1.4,0,0,0,73.7,73.4,51.3,55.5,15,76.3,61.4,20,0,73.3,0.98,61.8,0.8125,68.4,0,0,97.6,56,9.9,4.8,1,15,15,98.1,59.1,83.8,100,46.7,0,74.5,1.3,65.55173,65.05173,0,13.3,0,0,1,39,1,72,114,80.4,0,0,0,85,55,0,70,68.3,1,2200,20,74.5,75.2,0,100,260,2,72.2,74.6,0,0.035872295,0,-17,75.9,74.1,0,0.049176294,0,1273,77.8,75,0,0,700,127,75.1,73.6,0,0,0,43,77.1,75.4,0,0.012298611,0,-1,76.5,75.8,0,0,0,42,73.2,76.2,0,0,0,41,74,76.1,0,0.02459117,0,5,73.5,77.9,0,100,950,-5,0,75,0,0,0,-4,74.1,74.4,0,0,0,102,74.1,55,0,39.183872,100,204,70.5,55.2,0,38.828285,200,205,70.8,55.1,0,40.215527,200,206,73.3,55.8,0,24.584557,200,98,73.7,60.3,0,24.201025,100,205,72.4,57.4,0,23.817692,200,204,73.9,57.5,0,19.58042,200,101,72.3,59.6,0,28.778214,100,197,74.7,58,0,22.384188,200,103,71.3,57.2,0,30.400097,100,102,74,54.4,0,35.65644,100,102,73.2,55.1,0,36.069195,100,203,72.4,54.5,0,29.868048,200,100,72.9,57.9,0,22.539526,100,204,72.9,56.3,0,32.39799,200,206,73.5,59.4,0,28.386148,200,204,72.9,57.4,0,21.39781,200,99,72,59.7,0,30.23313,100,186,71.7,54.6,0,28.414558,200,205,70.8,56.3,0,26.818184,200,101,73.9,53.4,0,49.92785,100,204,72.5,54.2,0,39.569714,200,205,72.9,54.5,0,27.828333,200,0,73.7,72.5,0,0,0,205,74.1,55.5,0,28.71795,200,194,73.1,58.6,0,35.84234,200,205,74.2,56.8,0,27.036629,200,155,71,57.1,0,37.617134,150,206,73.7,55.8,0,35.721077,200,205,72.8,54.7,0,29.927973,200,103,74,54.1,0,49.94478,100,205,73.6,53.6,0,42.220314,200,207,73.4,55.7,0,35.587803,200,100,74.3,57,0,25.033665,100,204,73.1,56.8,0,26.470589,200,90,72.7,58.5,0,30.543983,100,103,73.5,59.1,0,27.817509,100,101,72.3,285.3,0,26.736069,100,203,73.5,56.3,0,32.610836,200,208,72.6,55.1,0,35.017166,200,103,74.5,56.3,0,32.452538,100,100,75.6,57.1,0,36.257435,100,201,73.4,55.6,0,30.72245,200,97,72.7,57.1,0,38.63424,100,207,70.5,54.2,0,48.63222,200,104,74.7,59.7,0,36.026157,100,119,72.6,56.4,0,33.565666,100,98,71.6,59.5,0,37.380295,100,199,73.4,55.6,0,36.095905,200,206,71,53.6,0,53.30678,200,198,74.3,61,0,40.373173,200,199,73.9,59.1,0,38.511703,200,98,74,60,0,50.35339,100,100,74.4,59.2,0,25.908163,100,102,72.7,58,0,38.230503,100,201,71.9,56.8,0,33.27413,200,200,73.7,55.3,0,29.760227,200,98,70.8,55.2,0,43.258762,100,200,71.8,54.4,0,37.987278,200,89.4,89.5,89.1,145.1,103,117.9,1.2,-0.1,29.71
20170729,335,73.8,99.6,37.45266431,22.21334333,262,47.1,43.5,5.6,77.8,74.4,-0.2,2.6,0,0,0,5,100,100,0,1,0,0,0,200,72,7.5,5.6,7.5,200,83.2,76,74.5,0,0,0,60.8,0,0,75.8,0,61.8,0.8125,69,0,0,-0.2,1.4,0,0,0,73.6,73.3,51,55.8,15,70.1,61.4,20,0,73.1,1.01,61.8,0.8125,67.4,0,0,98.4,56.6,9.9,4.7,0.9,15,15,99.5,63.1,83.8,100,38.9,0,72.5,1.3,65.55173,65.05173,0,12.9,0,0,1,41.4,0,72,110,80.5,0,0,0,85,55,0,70,68.3,1,2200,22,74.5,75.2,0,100,260,2,72.2,74.7,0,0.035872295,0,-16,76,74.2,0,0.049176294,0,1274,77.8,75,0,0,700,128,75.1,73.7,0,0,0,44,77.1,75.5,0,0.012298611,0,-1,76.6,75.8,0,0,0,40,73.2,76.3,0,0,0,40,74,76.1,0,0.02459117,0,5,73.5,77.9,0,100,950,-3,0,75,0,0,0,-4,74.1,74.4,0,0,0,102,74.1,54.2,0,39.183872,100,205,70.2,54.5,0,38.828285,200,204,70.5,54.4,0,40.215527,200,206,73.2,54.9,0,24.584557,200,98,73.6,58.9,0,24.201025,100,206,72.3,56.2,0,23.817692,200,205,73.7,56.2,0,19.58042,200,102,72.1,58.2,0,28.778214,100,197,74.6,56.9,0,22.384188,200,104,71.1,56.1,0,30.400097,100,102,73.9,53.9,0,35.65644,100,103,73.1,54.4,0,36.069195,100,203,72.2,53.9,0,29.868048,200,100,72.9,56.9,0,22.539526,100,208,72.7,55.3,0,32.39799,200,206,73.3,58,0,28.386148,200,206,72.8,56.2,0,21.39781,200,98,71.7,58.5,0,30.23313,100,190,71.5,53.8,0,28.414558,200,204,70.6,55.6,0,26.818184,200,101,73.8,52.9,0,49.92785,100,204,72.4,53.7,0,39.569714,200,206,72.8,53.8,0,27.828333,200,1,73.7,72.5,0,0,0,205,74.1,54.6,0,28.71795,200,194,72.9,57.4,0,35.84234,200,205,74.1,55.7,0,27.036629,200,155,70.7,56,0,37.617134,150,206,73.7,54.9,0,35.721077,200,201,72.7,54,0,29.927973,200,102,73.9,53.5,0,49.94478,100,205,73.3,53.1,0,42.220314,200,210,73.3,54.8,0,35.587803,200,101,74.3,55.8,0,25.033665,100,203,73,55.7,0,26.470589,200,91,72.5,57.2,0,30.543983,100,104,73.4,57.8,0,27.817509,100,100,72.1,284.9,0,26.736069,100,203,73.4,55.3,0,32.610836,200,208,72.5,54.4,0,34.686123,200,103,74.4,55.3,0,32.452538,100,101,75.6,56.4,0,36.257435,100,202,73.3,54.8,0,30.72245,200,97,72.7,56,0,38.63424,100,206,70,53.5,0,48.63222,200,104,74.6,58.3,0,36.026157,100,116,72.5,55.4,0,33.565666,100,99,71.5,58.4,0,37.380295,100,197,73.3,54.7,0,36.095905,200,207,70.7,53,0,53.30678,200,198,74.1,59.4,0,40.373173,200,200,73.7,57.8,0,38.511703,200,98,73.8,58.5,0,50.35339,100,101,74.3,57.9,0,25.908163,100,103,72.5,56.8,0,38.230503,100,200,71.7,55.9,0,33.27413,200,200,73.7,54.4,0,29.760227,200,98,70.5,54.5,0,43.258762,100,198,71.7,53.7,0,37.987278,200,89.4,89.5,89.1,146.1,103,117.7,1.1,0.1,29.71
20170729,340,73.6,99.6,37.26710782,22.21334333,251,52.3,52.3,4.2,73,74.4,-0.1,1.4,0,0,0,5,95,0,0,1,0,0,0,200,72,7.5,4.2,7.5,200,83.1,75.6,74.3,0,0,0,60.8,0,0,75.6,0,61.8,0.8125,69,0,0,-0.2,1.4,0,0,0,73.5,73.2,52.2,55.9,15,64.2,61.4,20,0,73,1,61.8,0.8125,66.8,0,0,99.8,56.4,9.9,4.4,1.2,15,15,99.5,65.1,83.8,100,37.7,0,72.5,1.3,65.55173,65.05173,0,12.9,0,0,0,0,0,72,113,80.5,0,0,0,85,55,0,70,68.3,1,2200,19,74.6,75.3,0,100,260,2,72.2,74.7,0,0.035872295,0,-16,76,74.3,0,0.049176294,0,1274,77.8,75,0,0,700,127,75.1,73.7,0,0,0,43,77.2,75.5,0,0.012298611,0,-1,76.7,75.8,0,0,0,37,73.2,76.3,0,0,0,41,74,76.2,0,0.02459117,0,3,73.5,77.9,0,100,950,-4,0,75,0,0,0,-4,74.1,74.4,0,0,0,102,74,54.2,0,39.183872,100,202,69.9,54.5,0,38.828285,200,204,70.3,54.5,0,40.215527,200,206,73.1,54.6,0,24.584557,200,98,73.6,57.9,0,24.201025,100,204,72.1,55.6,0,23.817692,200,203,73.6,55.6,0,19.58042,200,101,71.9,57.5,0,28.778214,100,198,74.5,56.2,0,22.384188,200,103,70.9,55.6,0,30.400097,100,101,73.9,54.1,0,35.65644,100,102,73,54.4,0,36.069195,100,201,72,53.9,0,29.868048,200,99,72.8,56.3,0,22.539526,100,204,72.6,55,0,32.39799,200,206,73.2,57.2,0,28.386148,200,203,72.6,55.6,0,21.39781,200,98,71.6,57.8,0,30.23313,100,202,71.3,53.7,0,28.414558,200,208,70.4,55.4,0,26.818184,200,100,73.7,53.3,0,49.92785,100,203,72.2,53.9,0,39.569714,200,204,72.7,53.8,0,27.828333,200,-1,73.6,72.4,0,0,0,203,73.9,54.4,0,28.71795,200,194,72.8,56.7,0,35.84234,200,203,74,55.1,0,27.036629,200,154,70.4,55.6,0,37.617134,150,210,73.6,54.5,0,35.721077,200,203,72.6,53.8,0,29.927973,200,102,73.8,53.7,0,49.94478,100,205,73.1,53.5,0,42.220314,200,207,73.1,54.5,0,35.587803,200,100,74.2,55.4,0,25.033665,100,203,72.9,55.2,0,26.470589,200,91,72.2,56.5,0,30.543983,100,102,73.3,57.1,0,27.817509,100,100,71.9,284.9,0,26.736069,100,202,73.2,54.9,0,32.610836,200,206,72.4,54.4,0,34.686123,200,101,74.3,55,0,32.452538,100,101,75.5,56.3,0,36.257435,100,203,73.2,54.5,0,30.72245,200,97,72.6,55.6,0,38.63424,100,205,69.6,53.6,0,48.63222,200,103,74.6,57.4,0,36.026157,100,108,72.3,55,0,33.565666,100,98,71.3,57.7,0,37.380295,100,202,73.2,54.5,0,36.095905,200,201,70.4,53.4,0,53.30678,200,198,74,58.3,0,40.373173,200,198,73.4,57,0,38.511703,200,98,73.7,57.6,0,50.35339,100,101,74.1,57.1,0,25.908163,100,103,72.3,56.2,0,38.230503,100,199,71.5,55.6,0,33.27413,200,201,73.6,54.1,0,29.760227,200,98,70.3,54.3,0,43.258762,100,198,71.5,53.7,0,37.987278,200,89.5,89.6,89.2,148.1,103,117.9,1.2,0.1,29.71
20170729,345,73.1,99.6,36.80701178,22.21334333,235,55.1,55,4.2,73.1,74.5,-0.2,0.55,0,0,0,5,90,0,0,0,0,0,0,200,72,7.5,4.2,7.5,200,82.8,75.2,74.1,0,0,0,60.8,0,0,75.4,0,61.8,0.8125,68.9,0,0,-0.2,1.4,0,0,0,73.4,73,56.7,55.9,15,61.3,61.4,20,0,72.9,1,61.8,0.8125,66.3,0,0,99.7,55.9,9.9,4.7,0.8,15,15,99.2,69.1,83.8,100,41.2,0,72.5,1.3,65.55173,65.05173,0,12.9,0,0,0,0,0,72,109,80.5,0,0,0,85,55,0,70,68.4,1,2200,18,74.6,75.4,0,100,260,2,72.2,74.7,0,0.035872295,0,-15,76,74.3,0,0.049176294,0,1276,77.9,75.1,0,0,700,128,75.1,73.7,0,0,0,43,77.2,75.5,0,0.012298611,0,-1,76.7,75.8,0,0,0,37,73.2,76.3,0,0,0,40,74,76.2,0,0.02459117,0,4,73.5,77.9,0,100,950,-4,0,75,0,0,0,-4,74.1,74.4,0,0,0,102,73.9,56.8,0,39.183872,100,204,69.7,57.2,0,38.828285,200,204,70.2,57.3,0,40.215527,200,206,73,56.7,0,24.584557,200,98,73.5,58.3,0,24.201025,100,203,72,57,0,23.817692,200,203,73.5,56.9,0,19.58042,200,101,71.8,58.5,0,28.778214,100,198,74.4,57.5,0,22.384188,200,104,70.8,57.3,0,30.400097,100,102,73.8,57.1,0,35.65644,100,102,72.9,57.1,0,36.069195,100,201,71.9,56.7,0,29.868048,200,100,72.8,57.7,0,22.539526,100,204,72.5,57,0,32.39799,200,207,73.1,57.9,0,28.386148,200,203,72.6,57,0,21.39781,200,97,71.4,58.8,0,30.23313,100,191,71.1,56.2,0,28.414558,200,210,70.4,57.5,0,26.818184,200,101,73.7,56.6,0,49.92785,100,202,72.1,57,0,39.569714,200,203,72.6,56.4,0,27.828333,200,0,73.6,72.3,0,0,0,204,73.9,56.6,0,28.71795,200,194,72.6,57.9,0,35.84234,200,203,73.9,56.7,0,27.036629,200,154,70.2,57.5,0,37.617134,150,208,73.5,56.5,0,35.721077,200,204,72.5,56.3,0,29.927973,200,103,73.7,56.6,0,49.94478,100,205,73,56.8,0,42.220314,200,207,73.1,56.7,0,35.587803,200,100,74.2,57.1,0,25.033665,100,207,72.7,56.7,0,26.470589,200,91,72.1,57.4,0,30.543983,100,102,73.3,58.1,0,27.817509,100,101,71.7,285.3,0,26.736069,100,207,73.2,56.7,0,32.610836,200,207,72.3,56.8,0,34.686123,200,102,74.3,56.9,0,32.452538,100,100,75.5,58.3,0,36.257435,100,200,73.1,56.6,0,30.72245,200,97,72.6,57.1,0,38.63424,100,207,69.2,56.4,0,48.63222,200,104,74.5,58,0,36.026157,100,114,72.1,56.6,0,33.565666,100,99,71.2,58.8,0,37.380295,100,204,73.1,56.6,0,36.095905,200,207,70.3,56.5,0,53.30678,200,198,73.9,58.5,0,40.373173,200,199,73.3,57.8,0,38.511703,200,98,73.5,58.1,0,50.35339,100,101,74,57.8,0,25.908163,100,103,72.2,57.5,0,38.230503,100,201,71.4,57.5,0,33.27413,200,201,73.6,56.3,0,29.760227,200,98,70.2,56.6,0,43.258762,100,195,71.5,56.5,0,37.987278,200,89.5,89.6,89.4,148.1,103.1,118.3,1.2,0.1,29.71
20170729,350,72.3,99.6,36.08197157,22.21334333,1,55.6,55.9,4.1,73.4,74.6,-0.2,0.55,0,0,0,5,0,0,0,0,0,0,0,200,72,7.5,4.1,7.5,200,82.5,74.9,73.8,0,0,0,60.8,0,0,75.2,0,61.8,0.8125,69,0,0,-0.2,1.4,0,0,0,73.4,73,64.6,56.8,15,62.5,61.4,20,0,72.9,1,61.8,0.8125,66.2,0,0,99.8,56.4,9.9,4.9,1.4,15,15,100,71.1,83.8,100,54.5,0,72.5,1.3,65.55173,65.05173,0,13.2,0,0,0,0,0,72,115,80.6,0,0,0,85,55,0,70,68.4,1,2200,22,74.6,75.5,0,100,260,1,72.2,74.7,0,0.035872295,0,-15,76,74.4,0,0.049176294,0,1273,77.9,75.1,0,0,700,131,75.1,73.7,0,0,0,43,77.2,75.5,0,0.012298611,0,-1,76.8,75.8,0,0,0,42,73.2,76.3,0,0,0,40,74,76.2,0,0.02459117,0,4,73.6,77.9,0,100,950,-4,0,75,0,0,0,-4,74.1,74.4,0,0,0,101,73.9,63.2,0,39.183872,100,202,69.7,63.5,0,38.828285,200,203,70.2,63.4,0,40.215527,200,206,72.9,62.5,0,24.584557,200,98,73.5,61.2,0,24.201025,100,201,71.9,61.7,0,23.817692,200,203,73.4,61.5,0,19.58042,200,101,71.7,61.9,0,28.778214,100,198,74.4,61.8,0,22.384188,200,103,70.8,62.2,0,30.400097,100,101,73.7,63.9,0,35.65644,100,102,72.8,63.5,0,36.069195,100,198,71.8,63.3,0,29.868048,200,100,72.7,62.1,0,22.539526,100,202,72.4,62.5,0,32.39799,200,206,73,61.4,0,28.386148,200,202,72.5,61.6,0,21.39781,200,97,71.3,62.1,0,30.23313,100,188,71,62.7,0,28.414558,200,199,70.3,62.9,0,26.818184,200,99,73.6,63.9,0,49.92785,100,202,72,63.8,0,39.569714,200,203,72.5,63,0,27.828333,200,0,73.6,72.2,0,0,0,204,73.8,62.6,0,28.71795,200,194,72.5,61.7,0,35.84234,200,200,73.8,61.7,0,27.036629,200,154,70.2,62.5,0,37.617134,150,208,73.5,62.2,0,35.721077,200,202,72.4,62.8,0,29.927973,200,102,73.7,63.6,0,49.94478,100,204,72.9,63.9,0,42.220314,200,204,73,62.7,0,35.587803,200,100,74.1,61.9,0,25.033665,100,204,72.6,61.7,0,26.470589,200,91,72,61.4,0,30.543983,100,101,73.2,61.8,0,27.817509,100,100,71.6,284.8,0,26.736069,100,206,73.1,61.9,0,32.610836,200,205,72.2,62.9,0,34.686123,200,101,74.2,62.4,0,32.452538,100,100,75.5,63.3,0,36.257435,100,201,73.1,62.6,0,30.72245,200,97,72.6,62.2,0,38.63424,100,206,69.1,63.1,0,48.63222,200,103,74.5,61.2,0,36.026157,100,113,72.1,62,0,33.565666,100,99,71.1,62.4,0,37.380295,100,203,73,62.5,0,36.095905,200,202,70.2,63.5,0,53.30678,200,199,73.8,60.9,0,40.373173,200,198,73.2,61.6,0,38.511703,200,98,73.5,61.2,0,50.35339,100,101,73.9,61.3,0,25.908163,100,103,72.2,61.9,0,38.230503,100,203,71.3,62.6,0,33.27413,200,201,73.5,62.4,0,29.760227,200,98,70.1,62.9,0,43.258762,100,198,71.4,63.2,0,37.987278,200,89.5,89.6,89.2,146.1,103.1,118.3,1.2,1.3,29.71
20170729,355,71.5,99.6,35.37662784,22.21334333,1,55.4,56,4.1,73.6,74.7,-0.1,0.55,0,0,0,5,0,0,0,0,0,0,0,200,72,7.5,4.1,7.5,200,82,74.4,73.6,0,0,0,60.8,0,0,75,0,61.8,0.8125,69.3,0,0,-0.2,1.4,0,0,0,73.4,73,66,56.6,15,64,61.4,20,0,72.9,0.99,61.8,0.8125,66.3,0,0,99.8,56.3,9.9,4.7,1.4,15,15,98.8,71.1,83.8,100,70.4,0,72.5,1.3,65.55173,65.05173,0,13.2,0,0,0,0,0,72,116,80.6,0,0,0,85,55,0,70.1,68.4,1,2200,24,74.6,75.6,0,100,260,1,72.2,74.8,0,0.035872295,0,-16,76,74.4,0,0.049176294,0,1274,77.9,75.1,0,0,700,129,75.1,73.7,0,0,0,43,77.3,75.5,0,0.012298611,0,-1,76.9,75.9,0,0,0,40,73.2,76.3,0,0,0,41,74,76.2,0,0.02459117,0,4,73.6,78,0,100,950,-5,0,75.1,0,0,0,-4,74.1,74.5,0,0,0,101,73.8,65.4,0,39.183872,100,202,69.9,65.6,0,38.828285,200,204,70.5,65.6,0,40.215527,200,207,72.9,65.2,0,24.584557,200,97,73.4,64.2,0,24.201025,100,202,71.9,64.7,0,23.817692,200,202,73.5,64.5,0,19.58042,200,101,71.8,64.9,0,28.778214,100,200,74.4,64.8,0,22.384188,200,103,70.9,64.8,0,30.400097,100,101,73.8,65.6,0,35.65644,100,101,72.7,65.5,0,36.069195,100,198,71.8,65.3,0,29.868048,200,101,72.7,64.9,0,22.539526,100,203,72.4,65.1,0,32.39799,200,204,73,64.3,0,28.386148,200,202,72.5,64.3,0,21.39781,200,98,71.3,65,0,30.23313,100,191,71,65.1,0,28.414558,200,202,70.4,65.2,0,26.818184,200,100,73.6,65.4,0,49.92785,100,203,72,65.6,0,39.569714,200,205,72.5,65.2,0,27.828333,200,0,73.5,72.2,0,0,0,204,73.7,65.1,0,28.71795,200,194,72.5,64.8,0,35.84234,200,201,73.8,64.6,0,27.036629,200,154,70.2,65.3,0,37.617134,150,209,73.5,65.1,0,35.721077,200,200,72.4,65,0,29.927973,200,102,73.8,65.4,0,49.94478,100,204,73,65.6,0,42.220314,200,203,73,65.2,0,35.587803,200,100,74.1,64.7,0,25.033665,100,202,72.6,64.6,0,26.470589,200,90,72.1,64.5,0,30.543983,100,100,73.2,64.7,0,27.817509,100,101,71.6,284.9,0,26.736069,100,206,73.1,64.8,0,32.610836,200,207,72.3,65.2,0,34.686123,200,103,74.2,65.2,0,32.452538,100,100,75.4,65.5,0,36.257435,100,200,73,65.1,0,30.72245,200,97,72.6,65,0,38.63424,100,213,69.3,65.2,0,48.63222,200,103,74.4,64.3,0,36.026157,100,109,72.1,64.7,0,33.565666,100,99,71.2,65.4,0,37.380295,100,205,73,65.2,0,36.095905,200,206,70.3,65.4,0,53.30678,200,197,73.8,64,0,40.373173,200,199,73.2,64.7,0,38.511703,200,99,73.4,64.4,0,50.35339,100,100,73.9,64.5,0,25.908163,100,102,72.3,64.9,0,38.230503,100,202,71.3,65.3,0,33.27413,200,202,73.5,65,0,29.760227,200,98,70.3,65.2,0,43.258762,100,197,71.4,65.3,0,37.987278,200,89.5,89.6,89.5,146.1,103.1,118,1.2,0,29.7
20170729,400,70.8,99.6,34.76453448,22.21334333,1,55.4,56,4.1,73.8,74.8,-0.1,0.55,0,0,0,5,0,0,0,0,0,0,0,200,72,7.5,4.1,7.5,200,81.7,73.7,73.4,0,0,0,60.8,0,0,74.8,0,61.8,0.8125,69.2,0,0,-0.2,1.4,0,0,0,73.5,73.1,66.4,56.4,15,65.5,61.4,20,0,73,1.01,61.8,0.8125,67,0,0,99.9,55.9,9.9,4.4,1.2,15,15,98.1,71.1,83.8,100,85.1,0,70.5,1.3,65.55173,65.05173,0,13.2,0,0,0,0,0,72,111,80.7,0,0,0,85,55,0,70.1,68.3,1,2200,18,74.6,75.6,0,100,260,1,72.3,74.8,0,0.035872295,0,-15,76,74.4,0,0.049176294,0,1274,78,75.1,0,0,700,128,75.1,73.7,0,0,0,44,77.3,75.6,0,0.012298611,0,-1,76.9,75.9,0,0,0,35,73.2,76.3,0,0,0,42,74,76.2,0,0.02459117,0,4,73.6,77.9,0,100,950,-5,0,75.1,0,0,0,-4,74.2,74.5,0,0,0,101,73.8,65.9,0,39.183872,100,202,70.1,66.2,0,38.828285,200,203,70.8,66.2,0,40.215527,200,206,73,65.8,0,24.584557,200,98,73.3,65.4,0,24.201025,100,201,72,65.6,0,23.817692,200,201,73.5,65.4,0,19.58042,200,100,71.9,66.2,0,28.778214,100,199,74.4,65.8,0,22.384188,200,103,71,65.7,0,30.400097,100,100,73.8,66.1,0,35.65644,100,100,72.7,66,0,36.069195,100,197,71.9,65.8,0,29.868048,200,101,72.7,65.8,0,22.539526,100,204,72.4,65.9,0,32.39799,200,202,73,65.5,0,28.386148,200,201,72.5,65.3,0,21.39781,200,97,71.4,66.1,0,30.23313,100,212,71.1,65.6,0,28.414558,200,202,70.4,65.8,0,26.818184,200,100,73.7,65.8,0,49.92785,100,204,72.1,66,0,39.569714,200,204,72.5,65.6,0,27.828333,200,0,73.5,72.1,0,0,0,203,73.7,65.8,0,28.71795,200,194,72.6,65.8,0,35.84234,200,201,73.8,65.4,0,27.036629,200,153,70.3,66.2,0,37.617134,150,202,73.4,65.8,0,35.721077,200,201,72.3,65.6,0,29.927973,200,102,73.8,65.8,0,49.94478,100,202,73,66.1,0,42.220314,200,200,73,65.7,0,35.587803,200,100,74.1,65.5,0,25.033665,100,206,72.7,65.4,0,26.470589,200,92,72.2,65.6,0,30.543983,100,101,73.2,65.7,0,27.817509,100,100,71.7,284.9,0,26.736069,100,204,73.1,65.6,0,32.610836,200,206,72.4,65.8,0,34.686123,200,101,74.2,65.8,0,32.452538,100,100,75.4,66.1,0,36.257435,100,199,73,65.6,0,30.72245,200,98,72.5,65.8,0,38.63424,100,205,69.6,65.7,0,48.63222,200,103,74.4,65.5,0,36.026157,100,110,72.2,65.5,0,33.565666,100,99,71.3,66.6,0,37.380295,100,206,73,65.9,0,36.095905,200,203,70.4,65.9,0,53.30678,200,198,73.8,65.5,0,40.373173,200,199,73.4,65.9,0,38.511703,200,98,73.4,65.6,0,50.35339,100,101,73.9,65.7,0,25.908163,100,103,72.4,65.8,0,38.230503,100,201,71.4,66.2,0,33.27413,200,199,73.5,65.5,0,29.760227,200,98,70.4,65.7,0,43.258762,100,199,71.5,65.8,0,37.987278,200,89.6,89.7,89.4,147.1,103.1,118,1.2,-0.1,29.7
20170729,405,70.2,99.6,34.24770833,18.39715167,1,55.5,56.1,4.1,74,74.9,-0.1,0.55,0,0,0,5,0,0,0,0,0,0,0,200,72,7.5,4.1,7.5,200,81.1,73.1,73.1,0,0,0,60.8,0,0,74.5,0,61.8,0.8125,68.8,0,0,-0.2,1.4,0,0,0,73.6,73,66.8,56.6,15,67.2,61.4,20,0,72.9,1.02,61.8,0.8125,67.4,0,0,99.8,55.9,9.8,4.8,0.9,15,15,97.4,71.1,83.6,100,99.3,0,70.5,1.3,65.55173,65.05173,0,13.2,0,0,0,0,0,72,110,80.7,0,0,0,85,55,0,70.1,68.4,1,2200,26,74.6,75.7,0,100,260,1,72.3,74.9,0,0.035872295,0,-16,76.1,74.5,0,0.049176294,0,1272,78,75.1,0,0,700,126,75.1,73.7,0,0,0,43,77.3,75.6,0,0.012298611,0,-1,76.9,75.9,0,0,0,40,73.2,76.3,0,0,0,40,74,76.2,0,0.02459117,0,4,73.6,77.9,0,100,950,-5,0,75.1,0,0,0,-5,74.2,74.5,0,0,0,101,73.9,66.2,0,39.183872,100,202,70.3,66.5,0,38.828285,200,202,70.9,66.5,0,40.215527,200,208,73,66.1,0,24.584557,200,98,73.3,66,0,24.201025,100,202,72,66,0,23.817692,200,200,73.6,66,0,19.58042,200,100,72,66.8,0,28.778214,100,199,74.5,66.2,0,22.384188,200,103,71.1,66.2,0,30.400097,100,100,73.8,66.5,0,35.65644,100,101,72.8,66.4,0,36.069195,100,198,72,66.2,0,29.868048,200,102,72.7,66.2,0,22.539526,100,202,72.4,66.3,0,32.39799,200,203,73,66,0,28.386148,200,204,72.6,65.8,0,21.39781,200,98,71.5,66.7,0,30.23313,100,216,71.2,65.9,0,28.414558,200,201,70.5,66.3,0,26.818184,200,100,73.7,66.2,0,49.92785,100,202,72.1,66.3,0,39.569714,200,202,72.5,65.9,0,27.828333,200,0,73.5,72.1,0,0,0,202,73.8,66.1,0,28.71795,200,194,72.6,66.4,0,35.84234,200,202,73.8,65.8,0,27.036629,200,153,70.4,66.6,0,37.617134,150,205,73.4,66.1,0,35.721077,200,202,72.4,65.9,0,29.927973,200,102,73.8,66.1,0,49.94478,100,202,73.1,66.4,0,42.220314,200,205,73,66.1,0,35.587803,200,101,74.1,66,0,25.033665,100,205,72.7,65.8,0,26.470589,200,92,72.2,66,0,30.543983,100,100,73.3,66.3,0,27.817509,100,102,71.8,285,0,26.736069,100,208,73.2,65.9,0,32.610836,200,206,72.4,66.2,0,34.686123,200,103,74.3,66,0,32.452538,100,100,75.5,66.6,0,36.257435,100,201,73.1,65.9,0,30.72245,200,98,72.5,66.2,0,38.63424,100,216,69.9,66.1,0,48.63222,200,103,74.4,66,0,36.026157,100,109,72.2,65.9,0,33.565666,100,100,71.4,67.1,0,37.380295,100,201,73,66.2,0,36.095905,200,211,70.6,66.2,0,53.30678,200,197,73.9,66.2,0,40.373173,200,200,73.4,66.5,0,38.511703,200,99,73.5,66.2,0,50.35339,100,100,73.9,66.3,0,25.908163,100,103,72.5,66.3,0,38.230503,100,198,71.5,66.6,0,33.27413,200,202,73.5,65.8,0,29.760227,200,98,70.6,66,0,43.258762,100,199,71.5,66.1,0,37.987278,200,89.6,89.7,89.3,148.1,103.2,118.3,1.2,0,29.7
20170729,410,69.6,99.6,33.73797259,18.39715167,1,55.5,56.2,4.1,74.2,75,-0.1,0.55,0,0,0,5,0,0,0,0,0,0,0,200,72,7.5,4.1,7.5,200,80.7,73,73,0,0,0,60.8,0,0,74.1,0,61.8,0.8125,69.2,0,0,-0.2,1.4,0,0,0,73.7,73,67.3,56.7,15,69.1,61.4,20,0,73,1,61.8,0.8125,68.2,0,0,99.8,56,9.9,4.9,2,15,15,97.4,71.1,83.4,100,99.2,0,70.5,1.3,65.55173,65.05173,0,13.3,0,0,0,0,0,72,111,80.7,0,0,0,85,55,0,70.1,68.4,1,2200,21,74.6,75.8,0,100,260,1,72.3,74.9,0,0.035872295,0,-16,76.1,74.6,0,0.049176294,0,1273,78,75.1,0,0,700,128,75.1,73.8,0,0,0,43,77.3,75.6,0,0.012298611,0,-1,77,75.9,0,0,0,38,73.2,76.3,0,0,0,42,74.1,76.2,0,0.02459117,0,4,73.6,77.9,0,100,950,-4,0,75.1,0,0,0,-4,74.2,74.5,0,0,0,101,73.9,66.6,0,39.183872,100,202,70.4,66.9,0,38.828285,200,202,71.1,66.8,0,40.215527,200,205,73.1,66.4,0,24.584557,200,97,73.3,66.4,0,24.201025,100,202,72.1,66.3,0,23.817692,200,202,73.7,66.3,0,19.58042,200,101,72.1,67.2,0,28.778214,100,199,74.5,66.6,0,22.384188,200,103,71.2,66.6,0,30.400097,100,100,73.9,66.8,0,35.65644,100,100,72.8,66.8,0,36.069195,100,195,72,66.6,0,29.868048,200,101,72.7,66.6,0,22.539526,100,203,72.5,66.6,0,32.39799,200,201,73,66.4,0,28.386148,200,202,72.6,66.1,0,21.39781,200,97,71.6,67,0,30.23313,100,207,71.3,66.2,0,28.414558,200,206,70.5,66.7,0,26.818184,200,100,73.7,66.6,0,49.92785,100,201,72.1,66.8,0,39.569714,200,203,72.6,66.2,0,27.828333,200,-1,73.5,72,0,0,0,201,73.8,66.5,0,28.71795,200,194,72.7,66.8,0,35.84234,200,200,73.8,66.1,0,27.036629,200,152,70.4,66.9,0,37.617134,150,201,73.5,66.4,0,35.721077,200,203,72.4,66.3,0,29.927973,200,102,73.9,66.5,0,49.94478,100,202,73.2,66.8,0,42.220314,200,202,73,66.3,0,35.587803,200,100,74.1,66.3,0,25.033665,100,205,72.7,66.1,0,26.470589,200,93,72.3,66.4,0,30.543983,100,102,73.3,66.6,0,27.817509,100,101,71.8,285,0,26.736069,100,206,73.2,66.3,0,32.610836,200,205,72.4,66.5,0,34.686123,200,102,74.3,66.3,0,32.452538,100,100,75.5,67.1,0,36.257435,100,199,73.1,66.1,0,30.72245,200,98,72.5,66.4,0,38.63424,100,215,70.1,66.4,0,48.63222,200,102,74.5,66.4,0,36.026157,100,106,72.3,66.2,0,33.565666,100,98,71.5,67.4,0,37.380295,100,203,73,66.4,0,36.095905,200,209,70.7,66.5,0,53.30678,200,195,73.9,66.6,0,40.373173,200,199,73.6,66.8,0,38.511703,200,98,73.5,66.6,0,50.35339,100,100,74,66.8,0,25.908163,100,102,72.5,66.7,0,38.230503,100,200,71.6,66.9,0,33.27413,200,201,73.5,66.1,0,29.760227,200,98,70.7,66.2,0,43.258762,100,199,71.6,66.4,0,37.987278,200,89.6,89.7,89.4,147.1,103.2,118.1,1.2,0,29.7
20170729,415,69.2,99.6,33.40202671,18.39715167,1,55.6,56.2,4.1,74.4,75.1,-0.2,0.55,0,0,0,5,0,0,0,0,0,0,0,200,72,7.5,4.1,7.5,200,80.5,72.7,73,0,0,0,60.8,0,0,73.9,0,61.8,0.8125,69.2,0,0,-0.2,1.4,0,0,0,73.7,73,67.4,56.4,15,71.3,61.4,20,0,73,0.99,61.8,0.8125,68.8,0,0,99.8,55.5,9.9,4.8,1.1,15,15,96.9,71.1,83.4,100,99.3,0,70.5,1.3,65.55173,65.05173,0,13.3,0,0,0,0,0,72,107,80.7,0,0,0,85,55,0,70.1,68.4,1,2200,21,74.6,75.8,0,100,260,1,72.3,75,0,0.035872295,0,-15,76.1,74.6,0,0.049176294,0,1275,78,75.1,0,0,700,129,75.2,73.7,0,0,0,43,77.4,75.7,0,0.012298611,0,-1,77,76,0,0,0,37,73.3,76.4,0,0,0,41,74.1,76.2,0,0.02459117,0,4,73.6,77.9,0,100,950,-5,0,75.1,0,0,0,-4,74.2,74.5,0,0,0,101,73.9,67,0,39.183872,100,203,70.5,67.3,0,38.828285,200,203,71.2,67.2,0,40.215527,200,207,73.1,66.7,0,24.584557,200,97,73.3,66.7,0,24.201025,100,202,72.2,66.7,0,23.817692,200,200,73.7,66.6,0,19.58042,200,102,72.1,67.4,0,28.778214,100,200,74.6,66.9,0,22.384188,200,103,71.3,66.9,0,30.400097,100,100,73.9,67.3,0,35.65644,100,101,72.8,67.2,0,36.069195,100,199,72.1,67,0,29.868048,200,101,72.7,66.9,0,22.539526,100,205,72.5,67,0,32.39799,200,203,73.1,66.7,0,28.386148,200,204,72.6,66.4,0,21.39781,200,98,71.6,67.3,0,30.23313,100,195,71.4,66.6,0,28.414558,200,203,70.6,67.2,0,26.818184,200,101,73.7,67.1,0,49.92785,100,204,72.2,67.2,0,39.569714,200,203,72.6,66.6,0,27.828333,200,0,73.5,72,0,0,0,204,73.8,66.9,0,28.71795,200,194,72.7,67.2,0,35.84234,200,202,73.9,66.4,0,27.036629,200,154,70.5,67.2,0,37.617134,150,205,73.5,66.6,0,35.721077,200,201,72.4,66.7,0,29.927973,200,102,73.9,67,0,49.94478,100,205,73.2,67.2,0,42.220314,200,207,73.1,66.6,0,35.587803,200,100,74.1,66.7,0,25.033665,100,204,72.8,66.4,0,26.470589,200,91,72.3,66.7,0,30.543983,100,100,73.3,67,0,27.817509,100,102,71.9,285.2,0,26.736069,100,206,73.2,66.6,0,32.610836,200,206,72.5,66.9,0,34.686123,200,101,74.3,66.6,0,32.452538,100,100,75.5,67.4,0,36.257435,100,200,73.1,66.5,0,30.72245,200,98,72.5,66.7,0,38.63424,100,225,70.2,66.8,0,48.63222,200,103,74.5,66.6,0,36.026157,100,109,72.4,66.5,0,33.565666,100,100,71.5,67.7,0,37.380295,100,205,73.1,66.7,0,36.095905,200,213,70.8,66.8,0,53.30678,200,198,74,66.9,0,40.373173,200,199,73.7,67.1,0,38.511703,200,99,73.5,67,0,50.35339,100,100,74.1,67.1,0,25.908163,100,103,72.6,67.1,0,38.230503,100,200,71.7,67.2,0,33.27413,200,202,73.5,66.4,0,29.760227,200,98,70.8,66.6,0,43.258762,100,199,71.7,66.7,0,37.987278,200,89.7,89.7,89.4,148.1,103.2,118.3,1.2,0.1,29.7
20170729,420,69,99.6,33.23520355,18.39715167,1,55.8,56.3,4.1,74.5,75.2,-0.1,0.55,0,0,0,5,0,0,0,0,0,0,0,200,72,7.5,4.1,7.5,200,80.2,72.3,73,0,0,0,60.8,0,0,73.7,0,61.8,0.8125,69.2,0,0,-0.2,1.4,0,0,0,73.8,73.1,67.8,56.4,15,73.5,61.4,20,0,73,0.99,61.8,0.8125,69.5,0,0,99.7,56,9.9,4.4,1.8,15,15,95.8,71.1,83.4,100,99.3,0,70.5,1.3,65.55173,65.05173,0,13.3,0,0,0,0,0,72,107,80.8,0,0,0,85,55,0,70.2,68.4,1,2200,23,74.7,75.8,0,100,260,1,72.3,75,0,0.035872295,0,-16,76.1,74.7,0,0.049176294,0,1273,78.1,75.1,0,0,700,127,75.2,73.7,0,0,0,43,77.4,75.7,0,0.012298611,0,-1,77,76,0,0,0,37,73.3,76.4,0,0,0,40,74.1,76.2,0,0.02459117,0,4,73.6,77.9,0,100,950,-5,0,75.1,0,0,0,-4,74.2,74.5,0,0,0,100,73.9,67.5,0,39.183872,100,201,70.6,67.7,0,38.828285,200,204,71.3,67.5,0,40.215527,200,205,73.2,67.1,0,24.584557,200,96,73.4,66.9,0,24.201025,100,200,72.2,67.1,0,23.817692,200,200,73.8,66.9,0,19.58042,200,101,72.2,67.7,0,28.778214,100,198,74.6,67.2,0,22.384188,200,101,71.4,67.2,0,30.400097,100,101,73.9,67.7,0,35.65644,100,102,72.8,67.6,0,36.069195,100,199,72.1,67.4,0,29.868048,200,100,72.7,67.2,0,22.539526,100,201,72.5,67.4,0,32.39799,200,204,73.1,67,0,28.386148,200,199,72.6,66.7,0,21.39781,200,96,71.7,67.5,0,30.23313,100,192,71.4,67,0,29.0438,200,199,70.6,67.5,0,26.818184,200,99,73.7,67.5,0,49.92785,100,201,72.2,67.6,0,39.569714,200,202,72.6,67.1,0,27.828333,200,0,73.5,72.1,0,0,0,203,73.8,67.3,0,28.71795,200,194,72.7,67.5,0,35.84234,200,199,73.9,66.8,0,27.036629,200,153,70.6,67.5,0,37.617134,150,208,73.5,67,0,35.721077,200,199,72.5,67.2,0,29.927973,200,102,73.9,67.5,0,49.94478,100,204,73.3,67.6,0,42.220314,200,202,73.1,67,0,35.587803,200,99,74.1,67,0,25.033665,100,204,72.8,66.8,0,26.470589,200,90,72.4,67,0,30.543983,100,99,73.3,67.3,0,27.817509,100,97,71.9,285,0,26.736069,100,206,73.2,66.9,0,32.610836,200,205,72.5,67.3,0,34.686123,200,102,74.4,66.9,0,32.452538,100,99,75.5,67.8,0,36.257435,100,200,73.2,66.8,0,30.72245,200,97,72.6,66.9,0,38.63424,100,190,70.4,67.1,0,48.63222,200,102,74.5,66.9,0,36.026157,100,100,72.4,66.8,0,33.565666,100,98,71.6,67.9,0,37.380295,100,206,73.1,66.9,0,36.095905,200,196,70.8,67.1,0,53.30678,200,197,74,67.2,0,40.373173,200,199,73.7,67.4,0,38.511703,200,97,73.6,67.3,0,50.35339,100,101,74.1,67.4,0,25.908163,100,102,72.7,67.4,0,38.230503,100,201,71.7,67.5,0,33.27413,200,197,73.6,66.7,0,29.760227,200,98,70.9,66.9,0,43.258762,100,197,71.7,67.1,0,37.987278,200,89.7,89.8,89.6,147.1,103.3,118.3,1.2,0.6,29.7
20170729,425,68.7,99.6,32.98639345,18.39715167,1,55.8,56.5,4.1,74.6,75.3,-0.1,0.55,0,0,0,5,0,0,0,0,0,0,0,200,72,7.5,4.1,7.5,200,79.8,71.8,72.8,0,0,0,60.8,0,0,73.4,0,61.8,0.8125,69.2,0,0,-0.2,1.4,0,0,0,73.8,73.1,68.4,56.8,15,76,61.4,20,0,73,0.99,61.8,0.8125,70,0,0,99.9,56.5,9.9,4.4,1.3,15,15,94.5,71.1,83.4,100,98.8,0,70.5,1.3,65.55173,65.05173,0,13.2,0,0,0,0,0,72,115,80.8,0,0,0,85,55,0,70.2,68.4,1,2200,26,74.7,75.8,0,100,260,1,72.4,75,0,0.035872295,0,-15,76.1,74.7,0,0.049176294,0,1273,78.1,75.1,0,0,700,128,75.1,73.8,0,0,0,42,77.4,75.7,0,0.012298611,0,-1,77,76,0,0,0,37,73.3,76.4,0,0,0,41,74.1,76.2,0,0.02459117,0,4,73.6,77.9,0,100,950,-5,0,75.1,0,0,0,-5,74.2,74.5,0,0,0,100,74,67.9,0,39.183872,100,201,70.7,68.1,0,38.828285,200,202,71.3,67.9,0,40.215527,200,204,73.2,67.5,0,24.584557,200,97,73.4,67.2,0,24.201025,100,200,72.2,67.4,0,23.817692,200,199,73.8,67.2,0,19.58042,200,100,72.3,67.9,0,28.778214,100,198,74.6,67.5,0,22.384188,200,103,71.4,67.5,0,30.400097,100,100,73.9,68.2,0,35.65644,100,101,72.9,68.1,0,36.069195,100,196,72.2,67.8,0,29.868048,200,102,72.7,67.6,0,22.539526,100,201,72.6,67.8,0,32.39799,200,202,73.1,67.3,0,28.386148,200,199,72.7,67.1,0,21.39781,200,96,71.7,67.7,0,30.23313,100,199,71.5,67.5,0,29.0438,200,201,70.7,67.9,0,26.818184,200,99,73.8,68,0,49.92785,100,203,72.3,68,0,39.569714,200,203,72.6,67.6,0,27.828333,200,0,73.5,72,0,0,0,202,73.9,67.6,0,28.71795,200,194,72.8,67.8,0,35.84234,200,199,73.9,67.1,0,27.036629,200,153,70.7,67.8,0,37.617134,150,204,73.5,67.5,0,35.721077,200,198,72.5,67.6,0,29.927973,200,102,74,67.9,0,49.94478,100,204,73.3,68,0,42.220314,200,204,73.1,67.5,0,35.587803,200,99,74.2,67.3,0,25.033665,100,204,72.8,67.2,0,26.470589,200,90,72.4,67.3,0,30.543983,100,100,73.4,67.6,0,27.817509,100,99,72,284.9,0,26.736069,100,206,73.3,67.3,0,32.610836,200,204,72.6,67.7,0,34.686123,200,101,74.4,67.2,0,32.452538,100,100,75.5,68.1,0,36.257435,100,197,73.2,67.3,0,30.72245,200,97,72.6,67.1,0,38.63424,100,199,70.4,67.5,0,48.63222,200,103,74.5,67.2,0,36.026157,100,108,72.4,67.2,0,33.565666,100,98,71.7,68.1,0,37.380295,100,205,73.1,67.2,0,36.095905,200,203,70.9,67.5,0,53.30678,200,196,74.1,67.5,0,40.373173,200,199,73.8,67.6,0,38.511703,200,98,73.6,67.6,0,50.35339,100,99,74.2,67.7,0,25.908163,100,102,72.7,67.8,0,38.230503,100,200,71.8,67.8,0,33.27413,200,199,73.6,67.2,0,29.760227,200,98,71,67.5,0,43.258762,100,197,71.8,67.5,0,37.987278,200,89.7,89.8,89.6,148.1,103.3,118.4,2,0.3,29.7
20170729,430,68.4,99.6,32.73927958,18.39715167,1,55.9,56.5,4.1,74.8,75.3,-0.1,0.55,0,0,0,5,0,0,0,0,0,0,0,200,72,7.5,4.1,7.5,200,79.5,71.8,72.6,0,0,0,60.8,0,0,73.1,0,61.8,0.8125,69.2,0,0,-0.2,1.4,0,0,0,73.8,73.2,69,56.3,15,78.8,61.4,20,0,73.1,1.01,61.8,0.8125,70.4,0,0,99.3,55.6,9.9,4.4,1.2,15,15,93.6,71.1,83.2,100,98.7,0,70.5,1.3,65.55173,65.05173,0,13.2,0,0,0,0,0,72,113,80.8,0,0,0,85,55,0,70.2,68.4,1,2200,35,74.7,75.9,0,100,260,1,72.4,75.1,0,0.035872295,0,-16,76.1,74.7,0,0.049176294,0,1270,78.1,75.2,0,0,700,126,75.1,73.7,0,0,0,43,77.4,75.7,0,0.012298611,0,-1,77,76,0,0,0,37,73.3,76.4,0,0,0,41,74.1,76.2,0,0.02459117,0,6,73.6,77.9,0,100,950,-4,0,75.1,0,0,0,-4,74.2,74.5,0,0,0,100,74,68.5,0,39.183872,100,200,70.8,68.6,0,38.828285,200,201,71.4,68.3,0,40.215527,200,204,73.2,68.1,0,24.584557,200,97,73.4,67.5,0,24.201025,100,200,72.3,67.8,0,23.817692,200,199,73.9,67.6,0,19.58042,200,100,72.3,68.1,0,28.778214,100,198,74.6,67.9,0,22.384188,200,102,71.5,67.9,0,30.400097,100,100,73.9,68.8,0,35.65644,100,100,72.9,68.6,0,36.069195,100,195,72.2,68.4,0,29.868048,200,100,72.7,68,0,22.539526,100,202,72.6,68.2,0,32.39799,200,203,73.2,67.6,0,28.386148,200,199,72.7,67.5,0,21.39781,200,96,71.8,68,0,30.23313,100,200,71.5,68.1,0,29.0438,200,201,70.7,68.4,0,26.818184,200,98,73.8,68.6,0,49.92785,100,200,72.3,68.6,0,39.569714,200,202,72.7,68.2,0,27.828333,200,0,73.5,72,0,0,0,200,73.9,68.1,0,28.71795,200,194,72.8,68.1,0,35.84234,200,199,73.9,67.6,0,27.036629,200,152,70.8,68.2,0,37.617134,150,203,73.5,68,0,35.721077,200,199,72.5,68.1,0,29.927973,200,102,74.1,68.5,0,49.94478,100,202,73.4,68.6,0,42.220314,200,203,73.2,68.1,0,35.587803,200,99,74.2,67.7,0,25.033665,100,202,72.9,67.6,0,26.470589,200,91,72.4,67.7,0,30.543983,100,99,73.4,67.9,0,27.817509,100,99,72,284.8,0,26.736069,100,206,73.3,67.8,0,32.610836,200,203,72.6,68.2,0,34.686123,200,102,74.4,67.8,0,32.452538,100,99,75.5,68.6,0,36.257435,100,197,73.2,67.8,0,30.72245,200,97,72.6,67.3,0,38.63424,100,198,70.5,68,0,48.63222,200,102,74.5,67.4,0,36.026157,100,103,72.5,67.6,0,33.565666,100,99,71.7,68.3,0,37.380295,100,204,73.1,67.7,0,36.095905,200,202,71,68.1,0,53.30678,200,197,74.1,67.9,0,40.373173,200,197,73.9,68,0,38.511703,200,98,73.7,68,0,50.35339,100,100,74.2,68,0,25.908163,100,101,72.8,68.2,0,38.230503,100,199,71.9,68.2,0,33.27413,200,199,73.6,67.8,0,29.760227,200,98,71,68.1,0,43.258762,100,199,71.8,68.1,0,37.987278,200,89.7,89.8,89.5,146.1,103.3,118.4,1.2,0.1,29.7
20170729,435,68.2,99.6,32.58665444,18.39715167,1,56,56.7,4.1,74.9,75.4,-0.2,0.55,0,0,0,5,0,0,0,0,0,0,0,200,72,7.5,4.1,7.5,200,79.2,71.6,72.6,0,0,0,60.8,0,0,72.9,0,61.8,0.8125,69.3,0,0,-0.2,1.4,0,0,0,73.8,73.1,70,56.4,15,82.1,61.4,20,0,73,1,61.8,0.8125,70.9,0,0,94.9,55.5,10,4.8,1,15,15,92.2,71.1,83.2,100,98.2,0,70.5,1.3,65.55173,65.05173,0,13.2,0,0,0,0,0,72,115,80.8,0,0,0,85,55,0,70.2,68.4,1,2200,30,74.6,75.9,0,100,260,1,72.4,75.1,0,0.035872295,0,-16,76.1,74.8,0,0.049176294,0,1272,78.1,75.2,0,0,700,128,75.1,73.8,0,0,0,43,77.5,75.7,0,0.012298611,0,-1,77,76,0,0,0,39,73.3,76.4,0,0,0,41,74.1,76.2,0,0.02459117,0,5,73.6,77.9,0,100,950,-4,0,75.1,0,0,0,-4,74.2,74.5,0,0,0,100,74.1,69.2,0,39.183872,100,201,70.8,69.4,0,38.828285,200,202,71.4,69,0,40.215527,200,206,73.3,68.8,0,24.584557,200,97,73.4,67.9,0,24.201025,100,201,72.3,68.4,0,23.817692,200,198,73.9,68.2,0,19.58042,200,100,72.4,68.5,0,28.778214,100,198,74.7,68.5,0,22.384188,200,102,71.5,68.6,0,30.400097,100,100,74,69.6,0,35.65644,100,100,72.9,69.4,0,36.069195,100,197,72.3,69.1,0,29.868048,200,100,72.8,68.5,0,22.539526,100,203,72.6,68.8,0,32.39799,200,202,73.2,68.1,0,28.386148,200,200,72.8,68,0,21.39781,200,96,71.8,68.4,0,30.23313,100,193,71.6,68.9,0,28.574953,200,204,70.8,69.1,0,26.818184,200,99,73.8,69.4,0,49.92785,100,201,72.4,69.4,0,39.569714,200,202,72.7,68.9,0,27.828333,200,-1,73.5,72,0,0,0,203,73.9,68.6,0,28.71795,200,194,72.9,68.6,0,35.84234,200,200,74,68.1,0,27.036629,200,152,70.8,68.7,0,37.617134,150,204,73.6,68.8,0,35.721077,200,199,72.5,68.8,0,29.927973,200,102,74.1,69.2,0,49.94478,100,203,73.4,69.4,0,42.220314,200,203,73.2,68.8,0,35.587803,200,99,74.2,68.2,0,25.033665,100,202,72.9,68.2,0,26.470589,200,93,72.5,68.2,0,30.543983,100,98,73.4,68.4,0,27.817509,100,100,72.1,285.1,0,26.736069,100,210,73.3,68.5,0,32.610836,200,205,72.6,68.8,0,34.686123,200,101,74.2,68.6,0,32.452538,100,99,75.6,69.3,0,36.257435,100,199,73.2,68.5,0,30.72245,200,98,72.6,67.9,0,38.63424,100,202,70.6,68.7,0,48.63222,200,102,74.6,67.8,0,36.026157,100,104,72.5,68.1,0,33.565666,100,100,71.8,68.6,0,37.380295,100,202,73.1,68.4,0,36.095905,200,200,71,68.9,0,53.30678,200,197,74.1,68.4,0,40.373173,200,198,73.9,68.6,0,38.511703,200,98,73.7,68.4,0,50.35339,100,101,74.3,68.5,0,25.908163,100,102,72.8,68.8,0,38.230503,100,198,71.9,68.8,0,33.27413,200,199,73.6,68.5,0,29.760227,200,98,71.1,68.9,0,43.258762,100,199,71.9,68.9,0,37.987278,200,89.8,89.8,89.6,149.2,103.4,118.5,1.2,0.1,29.68
20170729,440,68.1,99.6,32.50498883,18.39715167,1,56.1,56.8,4.1,75.1,75.5,-0.1,0.55,0,0,0,5,0,0,0,0,0,0,0,200,72,7.5,4.1,7.5,200,79,71.5,72.5,0,0,0,60.8,0,0,72.8,0,61.8,0.8125,70,0,0,-0.2,1.4,0,0,0,73.9,73.1,70.9,56.9,15,85.9,61.4,20,0,73,1.01,61.8,0.8125,71.2,0,0,90,56,9.9,4.5,1.4,15,15,90.9,71.1,83.2,100,99.3,0,70.5,1.3,65.55173,65.05173,0,13.1,0,0,0,0,0,72,111,80.8,0,0,0,84.71798,55,0,70.2,68.4,1,2200,30,74.6,75.9,0,100,260,1,72.4,75.1,0,0.035872295,0,-16,76.1,74.9,0,0.049176294,0,1271,78.1,75.2,0,0,700,128,75.1,73.7,0,0,0,42,77.5,75.7,0,0.012298611,0,-1,77,76,0,0,0,42,73.3,76.4,0,0,0,43,74.1,76.1,0,0.02459117,0,4,73.6,77.9,0,100,950,-6,0,75.1,0,0,0,-4,74.2,74.5,0,0,0,100,74.1,70.1,0,39.183872,100,201,70.9,70.3,0,38.828285,200,202,71.5,69.9,0,40.215527,200,205,73.3,69.6,0,24.584557,200,97,73.5,68.6,0,24.201025,100,200,72.3,69.1,0,23.817692,200,200,73.9,68.9,0,19.58042,200,100,72.4,69,0,28.778214,100,199,74.7,69.3,0,22.384188,200,101,71.5,69.4,0,30.400097,100,100,74,70.4,0,35.65644,100,101,72.9,70.3,0,36.069195,100,198,72.3,70.1,0,29.868048,200,101,72.8,69.3,0,22.539526,100,201,72.7,69.6,0,32.39799,200,201,73.2,68.8,0,28.386148,200,201,72.8,68.8,0,21.39781,200,97,71.9,68.9,0,30.23313,100,196,71.6,69.7,0,28.574953,200,199,70.8,69.9,0,26.818184,200,99,73.9,70.3,0,49.92785,100,200,72.4,70.3,0,39.569714,200,201,72.7,69.8,0,27.828333,200,0,73.5,72,0,0,0,202,73.9,69.4,0,28.71795,200,195,72.9,69.2,0,36.29666,200,199,74,68.9,0,27.036629,200,153,70.9,69.5,0,37.617134,150,203,73.6,69.6,0,35.721077,200,201,72.6,69.7,0,29.927973,200,101,74.1,70.1,0,49.94478,100,203,73.5,70.3,0,42.220314,200,203,73.2,69.6,0,35.587803,200,100,74.2,69,0,25.033665,100,203,72.9,69,0,26.470589,200,91,72.5,68.8,0,30.543983,100,99,73.4,69,0,27.817509,100,101,72.1,285.1,0,26.736069,100,208,73.3,69.3,0,32.610836,200,204,72.7,69.7,0,34.686123,200,102,74.5,69.4,0,32.452538,100,100,75.6,70,0,36.257435,100,198,73.3,69.5,0,30.72245,200,99,72.6,69,0,38.63424,100,211,70.7,69.5,0,48.63222,200,103,74.6,68.3,0,36.026157,100,108,72.5,68.9,0,33.565666,100,100,71.8,69.1,0,37.380295,100,204,73.2,69.4,0,36.095905,200,209,71.1,69.9,0,53.30678,200,198,74.1,69,0,40.373173,200,199,73.9,69.3,0,38.511703,200,99,73.8,69.1,0,50.35339,100,101,74.3,69.2,0,25.908163,100,102,72.8,69.5,0,38.230503,100,200,72,69.5,0,33.27413,200,200,73.5,69.4,0,29.760227,200,98,71.1,69.8,0,43.258762,100,200,71.9,69.8,0,37.987278,200,89.8,89.9,89.6,149.2,103.4,118.6,1.2,-1,29.68
20170729,445,68.1,99.6,32.50498883,18.39715167,1,56.2,56.9,4.1,75.2,75.6,-0.1,0.55,0,0,0,5,0,0,0,0,0,0,0,200,72,7.5,4.1,7.5,200,78.9,71.4,72.6,0,0,0,60.8,0,0,72.7,0,61.8,0.8125,69.9,0,0,-0.2,1.4,0,0,0,73.9,73.1,71.8,56.9,15,90.1,61.4,20,0,72.9,0.99,61.8,0.8125,71.4,0,0,86.2,56.3,9.9,4.5,1.1,15,15,89.3,71.1,83.2,100,98.4,0,70.5,1.3,65.55173,65.05173,0,13.1,0,0,0,0,0,72,114,80.8,0,0,0,84.088005,55,0,70.2,68.4,1,2200,24,74.7,75.9,0,100,260,1,72.4,75.2,0,0.035872295,0,-15,76.1,74.9,0,0.049176294,0,1272,78.2,75.3,0,0,700,129,75.1,73.7,0,0,0,43,77.5,75.7,0,0.012298611,0,-1,77,76,0,0,0,43,73.3,76.4,0,0,0,42,74.1,76.1,0,0.02459117,0,5,73.6,77.9,0,100,950,-5,0,75.1,0,0,0,-4,74.2,74.5,0,0,0,99,74.1,71,0,39.183872,100,199,71,71.2,0,38.828285,200,200,71.6,70.8,0,40.215527,200,205,73.3,70.6,0,24.584557,200,96,73.5,69.4,0,24.201025,100,197,72.4,70,0,23.817692,200,195,74,69.7,0,19.58042,200,99,72.5,69.8,0,28.778214,100,197,74.7,70.2,0,22.384188,200,100,71.6,70.3,0,30.400097,100,99,74,71.3,0,35.65644,100,99,73,71.2,0,36.069195,100,192,72.3,71,0,29.868048,200,101,72.8,70.1,0,22.539526,100,200,72.7,70.5,0,32.39799,200,199,73.3,69.6,0,28.386148,200,196,72.8,69.6,0,21.39781,200,95,71.9,69.6,0,30.23313,100,191,71.7,70.7,0,28.574953,200,195,70.9,70.8,0,26.818184,200,97,73.9,71.2,0,49.92785,100,198,72.4,71.2,0,39.569714,200,201,72.8,70.7,0,27.828333,200,0,73.5,72,0,0,0,200,73.9,70.3,0,28.71795,200,194,72.9,70,0,36.29666,200,198,74,69.8,0,27.036629,200,150,70.9,70.3,0,37.617134,150,200,73.6,70.5,0,35.721077,200,197,72.6,70.6,0,29.927973,200,101,74.2,71,0,49.94478,100,202,73.5,71.3,0,42.220314,200,203,73.2,70.5,0,35.587803,200,99,74.2,69.8,0,25.033665,100,202,72.9,69.8,0,26.470589,200,91,72.6,69.6,0,30.543983,100,98,73.4,69.8,0,27.817509,100,99,72.2,285,0,26.736069,100,206,73.4,70.1,0,32.610836,200,201,72.7,70.5,0,34.686123,200,101,74.5,70.3,0,32.452538,100,99,75.6,70.8,0,36.257435,100,194,73.3,70.4,0,30.72245,200,98,72.6,70,0,38.63424,100,198,70.8,70.5,0,48.63222,200,102,74.6,69.2,0,36.026157,100,102,72.6,69.8,0,33.565666,100,99,71.9,69.9,0,37.380295,100,202,73.2,70.4,0,36.095905,200,197,71.2,70.8,0,53.30678,200,194,74.2,69.8,0,40.373173,200,197,73.9,70.2,0,38.511703,200,97,73.8,69.9,0,50.35339,100,100,74.3,70,0,25.908163,100,101,72.8,70.3,0,38.230503,100,199,72,70.3,0,33.27413,200,198,73.5,70.3,0,29.760227,200,98,71.2,70.6,0,43.258762,100,197,72,70.8,0,37.987278,200,89.8,89.9,89.9,150.2,103.5,118.6,-0.2,0,29.68
20170729,450,68.3,99.6,32.66850591,18.39715167,1,56.2,57.1,4.1,75.3,75.7,-0.2,0.55,0,0,0,5,0,0,0,0,0,0,0,200,72,7.5,4.1,7.5,200,78.8,71.4,72.4,0,0,0,60.8,0,0,72.5,0,61.8,0.8125,69.7,0,0,-0.2,1.4,0,0,0,73.9,73,72.6,56.5,15,94.7,61.4,20,0,73,1.02,61.8,0.8125,71.5,0,0,83.4,55.7,10,4.9,1.5,15,15,88,71.1,83.2,100,98.7,0,70.5,1.3,65.55173,65.05173,0,13.1,0,0,0,0,0,72,116,80.9,0,0,0,83.47606,55,0,70.3,68.5,1,2200,34,74.7,75.9,0,100,260,1,72.4,75.2,0,0.035872295,0,-16,76.1,74.9,0,0.049176294,0,1271,78.2,75.3,0,0,700,129,75.1,73.7,0,0,0,43,77.6,75.7,0,0.012298611,0,-1,77,76,0,0,0,39,73.3,76.3,0,0,0,41,74.1,76.1,0,0.02459117,0,6,73.6,77.9,0,100,950,-4,0,75.1,0,0,0,-4,74.2,74.5,0,0,0,100,74.1,71.8,0,39.183872,100,199,71.1,72,0,38.828285,200,201,71.7,71.6,0,40.215527,200,202,73.3,71.4,0,24.584557,200,97,73.5,70.2,0,24.201025,100,200,72.4,70.8,0,23.817692,200,200,74,70.6,0,19.58042,200,100,72.5,70.5,0,28.778214,100,199,74.7,70.9,0,22.384188,200,102,71.6,71.1,0,30.400097,100,100,74.1,72.1,0,35.65644,100,99,73,71.9,0,36.069195,100,196,72.4,71.7,0,29.868048,200,101,72.8,70.9,0,22.539526,100,201,72.7,71.3,0,32.39799,200,201,73.3,70.4,0,28.386148,200,200,72.9,70.5,0,21.39781,200,96,71.9,70.3,0,30.23313,100,194,71.8,71.5,0,28.574953,200,198,71,71.6,0,26.818184,200,98,73.9,71.9,0,49.92785,100,201,72.5,72,0,39.569714,200,203,72.8,71.5,0,27.828333,200,0,73.5,72,0,0,0,201,73.9,71.2,0,28.71795,200,195,73,70.8,0,36.29666,200,197,74,70.7,0,27.036629,200,151,71,71.2,0,37.617134,150,202,73.6,71.3,0,35.721077,200,199,72.7,71.4,0,29.927973,200,101,74.2,71.7,0,49.94478,100,203,73.6,72,0,42.220314,200,203,73.3,71.4,0,35.587803,200,99,74.2,70.7,0,25.033665,100,201,73,70.6,0,26.470589,200,90,72.6,70.5,0,30.543983,100,99,73.5,70.6,0,27.817509,100,100,72.2,284.9,0,26.736069,100,210,73.4,70.9,0,32.610836,200,202,72.8,71.3,0,34.686123,200,101,74.5,71.2,0,32.452538,100,99,75.6,71.5,0,36.257435,100,197,73.3,71.2,0,30.72245,200,98,72.6,70.8,0,38.63424,100,203,71,71.4,0,48.63222,200,102,74.6,70,0,36.026157,100,106,72.6,70.7,0,33.565666,100,99,71.9,70.6,0,37.380295,100,203,73.2,71.2,0,36.095905,200,200,71.3,71.7,0,53.30678,200,196,74.2,70.4,0,40.373173,200,198,74,71,0,38.511703,200,98,73.8,70.7,0,50.35339,100,99,74.3,70.8,0,25.908163,100,101,72.8,71.1,0,38.230503,100,201,72.1,71.2,0,33.27413,200,199,73.6,71.2,0,29.760227,200,98,71.2,71.5,0,43.258762,100,198,72.1,71.6,0,37.987278,200,89.8,89.9,89.8,146.2,103.5,118.6,1.2,1.1,29.68
20170729,455,68.4,99.6,32.75054378,18.39715167,1,56.3,57.1,4.1,75.4,75.7,-0.1,0.55,0,0,0,5,0,0,0,0,0,0,0,200,72,7.5,4.1,7.5,200,78.5,71,72.3,0,0,0,60.8,0,0,72.2,0,61.8,0.8125,69.6,0,0,-0.2,1.4,0,0,0,73.9,73,73.1,57,15,99.7,61.4,20,0,72.9,1,61.8,0.8125,71.6,0,0,81.1,56.6,10,4.5,1.5,15,15,86.4,71.1,83.2,100,99.2,0,70.5,1.3,65.55173,65.05173,0,13.1,0,0,0,0,0,72,116,81,0,0,0,82.88,55,0,70.3,68.5,1,2200,29,74.6,75.9,0,100,260,1,72.4,75.2,0,0.035872295,0,-16,76.1,74.9,0,0.049176294,0,1273,78.2,75.3,0,0,700,128,75.1,73.7,0,0,0,43,77.6,75.7,0,0.012298611,0,-1,77,76,0,0,0,41,73.3,76.4,0,0,0,42,74.1,76,0,0.02459117,0,4,73.6,77.8,0,100,950,-5,0,75.1,0,0,0,-5,74.2,74.5,0,0,0,99,74.2,72.5,0,39.183872,100,199,71.2,72.7,0,38.828285,200,201,71.8,72.3,0,40.215527,200,202,73.3,72.1,0,24.584557,200,96,73.5,70.9,0,24.201025,100,198,72.5,71.6,0,23.817692,200,194,74.1,71.5,0,19.58042,200,100,72.5,71.3,0,28.778214,100,195,74.7,71.7,0,22.384188,200,102,71.7,71.8,0,30.400097,100,99,74.1,72.8,0,35.65644,100,100,73,72.7,0,36.069195,100,193,72.4,72.5,0,29.868048,200,100,72.8,71.7,0,22.539526,100,199,72.8,72.1,0,32.39799,200,200,73.3,71.1,0,28.386148,200,197,72.9,71.3,0,21.39781,200,94,72,71,0,30.23313,100,205,71.8,72.2,0,28.574953,200,197,71,72.3,0,26.818184,200,97,74,72.6,0,49.92785,100,199,72.5,72.6,0,39.569714,200,202,72.8,72.2,0,27.828333,200,0,73.5,72,0,0,0,200,73.9,72,0,28.71795,200,194,73.1,71.6,0,36.29666,200,198,74.1,71.4,0,27.036629,200,150,71.1,71.9,0,37.617134,150,204,73.6,71.9,0,35.721077,200,197,72.7,72.1,0,29.927973,200,101,74.3,72.5,0,49.94478,100,201,73.7,72.8,0,42.220314,200,201,73.3,72.1,0,35.587803,200,99,74.3,71.4,0,25.033665,100,199,73,71.4,0,26.470589,200,90,72.7,71.2,0,30.543983,100,97,73.5,71.4,0,27.817509,100,97,72.3,285,0,26.736069,100,205,73.4,71.6,0,32.610836,200,204,72.9,72.1,0,34.686123,200,100,74.5,71.9,0,32.452538,100,99,75.6,72.2,0,36.257435,100,197,73.3,71.9,0,30.72245,200,98,72.6,71.6,0,38.63424,100,193,71.1,72.2,0,48.63222,200,101,74.6,70.8,0,36.026157,100,99,72.6,71.5,0,33.565666,100,98,71.9,71.4,0,37.380295,100,204,73.2,71.9,0,36.095905,200,194,71.4,72.4,0,53.30678,200,194,74.2,71.2,0,40.373173,200,197,74,71.7,0,38.511703,200,97,73.9,71.5,0,50.35339,100,99,74.4,71.5,0,25.908163,100,101,72.8,71.9,0,38.230503,100,198,72.1,71.9,0,33.27413,200,197,73.6,71.9,0,29.760227,200,98,71.3,72.2,0,43.258762,100,195,72.2,72.4,0,37.987278,200,89.8,89.9,89.9,147.2,103.6,118.8,1.2,-1,29.68
20170729,500,68.5,99.6,32.83276861,18.39715167,1,56.4,57.2,4.1,75.5,75.8,-0.2,0.55,0,0,0,5,0,0,0,0,0,0,0,200,72,7.5,4.1,7.5,200,78.3,70.8,72.2,0,0,0,60.8,0,0,72,0,61.8,0.8125,69.7,0,0,-0.2,1.4,0,0,0,74,73,73.7,56.6,15,100,61.4,20,0,72.9,1,61.8,0.8125,71.6,0,0,79.3,55.9,10,4.8,0.7,15,15,85.8,71.1,83.2,100,99.3,0,68.5,1.3,65.55173,65.05173,0,13.1,0,0,0,0,0,72,115,81,0,0,0,82.30176,55,0,70.3,68.5,1,2200,31,74.6,76,0,100,260,1,72.4,75.2,0,0.035872295,0,-16,76.1,75,0,0.049176294,0,1272,78.2,75.3,0,0,700,128,75.1,73.7,0,0,0,43,77.6,75.7,0,0.012298611,0,-1,77,76.1,0,0,0,43,73.3,76.4,0,0,0,42,74.1,76,0,0.02459117,0,5,73.6,77.8,0,100,950,-5,0,75.1,0,0,0,-4,74.2,74.5,0,0,0,100,74.2,73.1,0,39.183872,100,201,71.4,73.2,0,38.828285,200,201,72,72.9,0,40.215527,200,202,73.4,72.8,0,24.584557,200,96,73.5,71.6,0,24.201025,100,199,72.5,72.3,0,23.817692,200,198,74.1,72.1,0,19.58042,200,100,72.6,71.9,0,28.778214,100,198,74.7,72.3,0,22.384188,200,103,71.7,72.4,0,30.400097,100,100,74.1,73.3,0,35.65644,100,101,73.1,73.2,0,36.069195,100,194,72.5,73.1,0,29.868048,200,102,72.8,72.3,0,22.539526,100,200,72.8,72.7,0,32.39799,200,201,73.3,71.8,0,28.386148,200,195,73,71.9,0,21.39781,200,97,72.1,71.6,0,30.23313,100,195,71.9,72.8,0,28.574953,200,198,71.1,72.9,0,26.818184,200,98,74.1,73.2,0,49.92785,100,201,72.5,73.1,0,39.569714,200,202,72.9,72.8,0,27.828333,200,0,73.5,72,0,0,0,200,74,72.7,0,28.71795,200,195,73.2,72.2,0,36.29666,200,198,74.1,72.2,0,27.036629,200,152,71.2,72.6,0,37.617134,150,202,73.6,72.6,0,35.721077,200,199,72.7,72.8,0,29.927973,200,101,74.3,73,0,49.94478,100,203,73.8,73.3,0,42.220314,200,205,73.3,72.7,0,35.587803,200,99,74.3,72.1,0,25.033665,100,204,73,72,0,26.470589,200,90,72.8,71.9,0,30.543983,100,99,73.5,72,0,27.817509,100,98,72.3,284.9,0,26.736069,100,208,73.4,72.2,0,32.610836,200,206,73,72.7,0,34.686123,200,101,74.6,72.5,0,32.452538,100,99,75.6,72.7,0,36.257435,100,196,73.3,72.5,0,30.72245,200,98,72.7,72.2,0,38.63424,100,197,71.3,72.8,0,48.63222,200,102,74.6,71.5,0,36.026157,100,106,72.7,72.2,0,33.565666,100,99,72,72.1,0,37.380295,100,206,73.3,72.6,0,36.095905,200,201,71.5,73,0,53.30678,200,197,74.2,71.8,0,40.373173,200,198,74.1,72.4,0,38.511703,200,98,73.9,72.1,0,50.35339,100,100,74.4,72.2,0,25.908163,100,102,72.8,72.5,0,38.230503,100,197,72.2,72.5,0,33.27413,200,197,73.6,72.5,0,29.760227,200,98,71.4,72.7,0,43.258762,100,197,72.3,72.9,0,37.987278,200,89.9,89.9,89.9,147.2,103.6,118.7,1.4,-1.3,29.68
20170729,505,68.5,99.6,32.83276861,21.7247775,1,56.5,57.4,4.1,75.6,75.9,-0.1,0.55,0,0,0,5,0,0,0,0,0,0,0,200,72,7.5,4.1,7.5,200,78.1,70.7,72.1,0,0,0,60.8,0,0,71.8,0,61.8,0.8125,69.8,0,0,-0.2,1.4,0,0,0,74,73.2,74.1,56.6,15,100,61.4,20,0,73,0.98,61.8,0.8125,71.6,0,0,78.1,55.5,9.8,4.4,1.1,15,15,85.7,71.1,83.2,100,99.1,0,68.5,1.3,65.55173,65.05173,0,13.1,0,0,0,0,0,72,120,81,0,0,0,81.73743,55,0,70.3,68.6,1,2200,38,74.6,76,0,100,260,1,72.4,75.2,0,0.035872295,0,-15,76.1,75,0,0.049176294,0,1269,78.3,75.3,0,0,700,131,75.1,73.7,0,0,0,43,77.6,75.7,0,0.012298611,0,-1,77,76.1,0,0,0,43,73.3,76.4,0,0,0,41,74.1,76,0,0.02459117,0,7,73.6,77.8,0,100,950,-4,0,75.1,0,0,0,-4,74.2,74.5,0,0,0,99,74.3,73.5,0,39.183872,100,199,71.5,73.7,0,38.828285,200,200,72.2,73.3,0,40.215527,200,202,73.4,73.3,0,24.584557,200,96,73.6,72.1,0,24.201025,100,197,72.5,72.8,0,23.817692,200,197,74.1,72.7,0,19.58042,200,100,72.7,72.5,0,28.778214,100,199,74.8,72.8,0,22.384188,200,103,71.8,72.9,0,30.400097,100,98,74.1,73.8,0,35.65644,100,97,73.2,73.7,0,36.069195,100,191,72.5,73.5,0,29.868048,200,101,72.9,72.8,0,22.539526,100,199,72.9,73.3,0,32.39799,200,199,73.4,72.4,0,28.386148,200,198,73,72.5,0,21.39781,200,95,72.1,72.2,0,30.23313,100,210,72,73.2,0,28.574953,200,198,71.2,73.3,0,26.818184,200,98,74.1,73.6,0,49.92785,100,199,72.6,73.6,0,39.569714,200,199,72.9,73.3,0,27.828333,200,0,73.5,72,0,0,0,199,74,73.2,0,28.71795,200,195,73.2,72.8,0,36.29666,200,197,74.1,72.7,0,27.036629,200,150,71.2,73.1,0,37.617134,150,202,73.7,73.1,0,35.721077,200,198,72.8,73.2,0,29.927973,200,101,74.4,73.5,0,49.94478,100,201,73.9,73.7,0,42.220314,200,202,73.4,73.2,0,35.587803,200,99,74.4,72.6,0,25.033665,100,201,73.1,72.6,0,26.470589,200,90,72.9,72.5,0,30.543983,100,98,73.5,72.6,0,27.817509,100,99,72.4,285.4,0,26.736069,100,209,73.5,72.7,0,32.610836,200,201,73,73.1,0,34.686123,200,99,74.6,73,0,32.452538,100,99,75.6,73.1,0,36.257435,100,195,73.4,73,0,30.72245,200,98,72.7,72.7,0,38.63424,100,196,71.4,73.2,0,48.63222,200,101,74.6,72.1,0,36.026157,100,99,72.7,72.7,0,33.565666,100,99,72,72.6,0,37.380295,100,203,73.3,73.1,0,36.095905,200,200,71.6,73.5,0,53.30678,200,193,74.2,72.4,0,40.373173,200,197,74.1,72.9,0,38.511703,200,98,74,72.7,0,50.35339,100,99,74.4,72.8,0,25.908163,100,101,72.8,73,0,38.230503,100,197,72.2,73,0,33.27413,200,198,73.7,73,0,29.760227,200,98,71.5,73.2,0,43.258762,100,197,72.3,73.4,0,37.987278,200,89.9,90,89.8,148.2,103.6,118.9,1.2,0,29.68
20170729,510,68.6,99.6,32.91518095,21.7247775,1,56.5,57.4,4.1,75.7,76,-0.2,0.55,0,0,0,5,0,0,0,0,0,0,0,200,72,7.5,4.1,7.5,200,77.8,70.5,72,0,0,0,60.8,0,0,71.6,0,61.8,0.8125,69.7,0,0,-0.2,1.4,0,0,0,74,73.1,74.4,56.5,15,100,61.4,20,0,73.1,0.99,61.8,0.8125,71.6,0,0,77,55.7,9.9,4.7,0.8,15,15,85.4,71.1,83.2,100,99.3,0,68.5,1.3,65.55173,65.05173,0,13.1,0,0,0,0,0,72,120,81,0,0,0,81.18721,55,0,70.3,68.6,1,2200,27,74.6,76,0,100,260,1,72.4,75.3,0,0.035872295,0,-16,76.1,75,0,0.049176294,0,1272,78.3,75.4,0,0,700,129,75,73.7,0,0,0,43,77.6,75.8,0,0.012298611,0,-1,77,76.1,0,0,0,41,73.3,76.4,0,0,0,40,74.1,76,0,0.02459117,0,4,73.6,77.8,0,100,950,-4,0,75.1,0,0,0,-5,74.2,74.5,0,0,0,99,74.3,73.9,0,39.183872,100,198,71.6,74.1,0,38.828285,200,200,72.3,73.7,0,40.215527,200,202,73.5,73.6,0,24.584557,200,96,73.6,72.6,0,24.201025,100,198,72.6,73.3,0,23.817692,200,196,74.2,73.2,0,19.58042,200,99,72.7,72.9,0,28.778214,100,197,74.8,73.2,0,22.384188,200,102,71.9,73.3,0,30.400097,100,99,74.2,74.1,0,35.65644,100,98,73.2,74,0,36.069195,100,194,72.6,73.9,0,29.868048,200,101,72.9,73.3,0,22.539526,100,199,72.9,73.7,0,32.39799,200,198,73.4,72.9,0,28.386148,200,198,73.1,73,0,21.39781,200,95,72.2,72.7,0,30.23313,100,187,72.1,73.6,0,28.574953,200,203,71.3,73.7,0,26.818184,200,97,74.1,74,0,49.92785,100,200,72.6,74,0,39.569714,200,199,73,73.7,0,27.828333,200,0,73.6,72,0,0,0,198,74,73.6,0,28.71795,200,194,73.3,73.2,0,36.29666,200,196,74.2,73.1,0,27.036629,200,150,71.3,73.6,0,37.617134,150,202,73.7,73.5,0,35.721077,200,197,72.8,73.6,0,29.927973,200,101,74.4,73.8,0,49.94478,100,201,73.9,74.1,0,42.220314,200,204,73.4,73.6,0,35.587803,200,99,74.4,73.1,0,25.033665,100,199,73.2,73,0,26.470589,200,89,72.9,72.9,0,30.543983,100,97,73.6,73.1,0,27.817509,100,98,72.4,284.9,0,26.736069,100,206,73.5,73.1,0,32.610836,200,202,73.1,73.6,0,34.686123,200,101,74.6,73.4,0,32.452538,100,98,75.6,73.5,0,36.257435,100,195,73.4,73.4,0,30.72245,200,98,72.7,73.2,0,38.63424,100,197,71.6,73.6,0,48.63222,200,101,74.6,72.6,0,36.026157,100,99,72.8,73.1,0,33.565666,100,98,72.1,73.1,0,37.380295,100,202,73.3,73.5,0,36.095905,200,198,71.7,73.8,0,53.30678,200,194,74.3,72.9,0,40.373173,200,198,74.2,73.4,0,38.511703,200,97,74.1,73.2,0,50.35339,100,99,74.4,73.2,0,25.908163,100,101,72.9,73.5,0,38.230503,100,198,72.3,73.4,0,33.27413,200,197,73.7,73.4,0,29.760227,200,98,71.6,73.6,0,43.258762,100,196,72.4,73.8,0,37.987278,200,89.9,90,90,149.2,103.7,118.9,2.6,-0.4,29.68
20170729,515,68.6,99.6,32.92086008,21.7247775,1,56.7,57.6,4.1,75.8,76,-0.2,0.55,0,0,0,5,0,0,0,0,0,0,0,200,72,7.5,4.1,7.5,200,77.8,70.4,71.9,0,0,0,60.8,0,0,71.5,0,61.8,0.8125,69.6,0,0,-0.2,1.4,0,0,0,74.1,73.2,74.7,57.1,15,100,61.4,20,0,73,1,61.8,0.8125,71.5,0,0,76.3,56.3,9.9,4.5,1.5,15,15,84.9,71.1,83.2,100,99.6,0,68.5,1.3,65.55173,65.05173,0,13.1,0,0,0,0,0,72,111,81,0,0,0,80.65474,55,0,70.4,68.6,1,2200,30,74.6,76,0,100,260,1,72.4,75.3,0,0.035872295,0,-16,76.1,75.1,0,0.049176294,0,1271,78.3,75.4,0,0,700,128,75,73.6,0,0,0,43,77.7,75.8,0,0.012298611,0,-1,77,76.1,0,0,0,38,73.3,76.4,0,0,0,41,74.1,76,0,0.02459117,0,4,73.6,77.7,0,100,950,-5,0,75.1,0,0,0,-4,74.2,74.5,0,0,0,99,74.3,74.3,0,39.183872,100,198,71.7,74.4,0,38.828285,200,200,72.4,74,0,40.215527,200,202,73.5,74,0,24.584557,200,96,73.6,73,0,24.201025,100,199,72.6,73.7,0,23.817692,200,196,74.1,73.6,0,19.58042,200,99,72.8,73.4,0,28.778214,100,196,74.8,73.6,0,22.384188,200,103,71.9,73.7,0,30.400097,100,99,74.2,74.4,0,35.65644,100,99,73.3,74.3,0,36.069195,100,193,72.7,74.2,0,29.868048,200,100,72.9,73.6,0,22.539526,100,200,73,74.1,0,32.39799,200,201,73.5,73.3,0,28.386148,200,198,73.1,73.4,0,21.39781,200,95,72.2,73.1,0,30.23313,100,192,72.2,74,0,28.574953,200,199,71.4,74,0,26.818184,200,97,74.2,74.3,0,49.92785,100,202,72.7,74.3,0,39.569714,200,200,73,74,0,27.828333,200,0,73.6,72,0,0,0,199,74.1,74,0,28.71795,200,194,73.4,73.6,0,36.29666,200,195,74.2,73.6,0,27.036629,200,150,71.4,73.9,0,37.617134,150,201,73.7,73.9,0,35.721077,200,199,72.9,74,0,29.927973,200,101,74.5,74.1,0,49.94478,100,201,74,74.4,0,42.220314,200,201,73.4,73.9,0,35.587803,200,99,74.4,73.5,0,25.033665,100,199,73.2,73.4,0,26.470589,200,87,73,73.3,0,30.543983,100,96,73.6,73.5,0,27.817509,100,98,72.5,285.1,0,26.736069,100,208,73.6,73.5,0,32.610836,200,201,73.2,73.9,0,34.686123,200,100,74.7,73.8,0,32.452538,100,99,75.6,73.8,0,36.257435,100,194,73.5,73.8,0,30.72245,200,97,72.7,73.6,0,38.63424,100,198,71.8,74,0,48.63222,200,101,74.7,73,0,36.026157,100,96,72.8,73.5,0,33.565666,100,99,72.2,73.4,0,37.380295,100,202,73.3,73.8,0,36.095905,200,197,71.8,74.1,0,53.30678,200,195,74.3,73.3,0,40.373173,200,197,74.3,73.8,0,38.511703,200,98,74.1,73.6,0,50.35339,100,98,74.4,73.6,0,25.908163,100,101,72.9,73.8,0,38.230503,100,199,72.2,73.8,0,33.27413,200,197,73.7,73.8,0,29.760227,200,98,71.7,74,0,43.258762,100,196,72.5,74.1,0,37.987278,200,89.9,90,89.9,147.2,103.7,119.1,1.2,0,29.67
20170729,520,68.7,99.6,33.00348117,21.7247775,1,56.7,57.7,4.1,75.9,76.1,-0.1,0.55,0,0,0,5,0,0,0,0,0,0,0,200,72,7.5,4.1,7.5,200,77.7,70.4,71.9,0,0,0,60.8,0,0,71.3,0,61.8,0.8125,69.4,0,0,-0.2,1.4,0,0,0,74.1,73.3,74.8,57.3,15,100,61.4,20,0,73.1,1,61.8,0.8125,71.4,0,0,75.7,56.5,9.9,4.7,0.8,15,15,84.9,71.1,83.2,100,98.8,0,68.5,1.3,65.55173,65.05173,0,13.1,0,0,0,0,0,72,112,81,0,0,0,80.138145,55,0,70.4,68.7,1,2200,39,74.6,76,0,100,260,1,72.4,75.3,0,0.035872295,0,-16,76.1,75.1,0,0.049176294,0,1270,78.3,75.4,0,0,700,131,75,73.7,0,0,0,43,77.7,75.8,0,0.012298611,0,-1,77,76.1,0,0,0,37,73.3,76.4,0,0,0,41,74.1,75.9,0,0.02459117,0,7,73.6,77.8,0,100,950,-5,0,75.1,0,0,0,-5,74.2,74.6,0,0,0,99,74.4,74.5,0,39.183872,100,197,71.8,74.7,0,38.828285,200,199,72.5,74.2,0,40.215527,200,202,73.5,74.3,0,24.584557,200,96,73.7,73.3,0,24.201025,100,198,72.7,74,0,23.817692,200,194,74.2,73.9,0,19.58042,200,99,72.8,73.7,0,28.778214,100,195,74.8,73.9,0,22.384188,200,101,72,74,0,30.400097,100,99,74.2,74.7,0,35.65644,100,98,73.3,74.6,0,36.069195,100,191,72.7,74.4,0,29.868048,200,100,72.9,73.9,0,22.539526,100,199,73,74.4,0,32.39799,200,199,73.6,73.6,0,28.386148,200,195,73.2,73.7,0,21.39781,200,95,72.3,73.4,0,30.23313,100,194,72.3,74.2,0,28.574953,200,196,71.4,74.3,0,26.818184,200,97,74.2,74.5,0,49.92785,100,197,72.7,74.5,0,39.569714,200,200,73.1,74.2,0,27.828333,200,0,73.6,72,0,0,0,199,74.1,74.3,0,28.71795,200,195,73.4,73.9,0,36.29666,200,196,74.2,73.9,0,27.036629,200,150,71.6,74.2,0,37.617134,150,198,73.8,74.2,0,35.721077,200,198,72.9,74.2,0,29.927973,200,101,74.5,74.4,0,49.94478,100,201,74.1,74.6,0,42.220314,200,202,73.5,74.2,0,35.587803,200,99,74.5,73.8,0,25.033665,100,201,73.3,73.7,0,26.470589,200,88,73.1,73.7,0,30.985052,100,95,73.6,73.8,0,27.817509,100,98,72.6,285,0,26.736069,100,205,73.6,73.7,0,32.610836,200,200,73.3,74.1,0,34.686123,200,99,74.7,74.1,0,32.452538,100,100,75.7,74,0,36.257435,100,192,73.5,74.1,0,30.72245,200,97,72.8,73.8,0,38.63424,100,194,72,74.2,0,48.63222,200,100,74.7,73.4,0,36.026157,100,94,72.8,73.8,0,33.565666,100,98,72.2,73.7,0,37.380295,100,204,73.4,74.1,0,36.095905,200,197,71.9,74.4,0,53.30678,200,194,74.3,73.6,0,40.373173,200,198,74.3,74.2,0,38.511703,200,98,74.1,73.9,0,50.35339,100,99,74.4,73.9,0,25.908163,100,101,72.9,74.2,0,38.230503,100,197,72.4,74.1,0,33.27413,200,196,73.7,74,0,29.760227,200,98,71.8,74.2,0,43.258762,100,196,72.5,74.4,0,37.987278,200,89.9,90,89.9,148.2,103.8,118.9,2.2,0,29.67
20170729,525,68.7,99.6,33.00348117,21.7247775,1,56.8,57.8,4.1,76,76.2,-0.1,0.55,0,0,0,5,0,0,0,0,0,0,0,200,72,7.5,4.1,7.5,200,77.5,70.2,71.8,0,0,0,60.8,0,0,71.1,0,61.8,0.8125,69.3,0,0,-0.2,1.4,0,0,0,74.2,73.2,75,56.7,15,100,61.4,20,0,73.2,0.99,61.8,0.8125,71.5,0,0,75.3,55.9,9.9,4.7,0.8,15,15,84.9,71.1,83.2,100,98.8,0,68.5,1.3,65.55173,65.05173,0,13.1,0,0,0,0,0,72,118,81,0,0,0,79.63746,55,0,70.4,68.7,1,2200,35,74.6,76,0,100,260,1,72.4,75.3,0,0.035872295,0,-15,76.1,75.1,0,0.049176294,0,1270,78.3,75.4,0,0,700,127,75,73.6,0,0,0,43,77.7,75.8,0,0.012298611,0,-1,77.1,76.1,0,0,0,37,73.3,76.4,0,0,0,41,74.1,75.9,0,0.02459117,0,5,73.5,77.7,0,100,950,-4,0,75.1,0,0,0,-4,74.2,74.6,0,0,0,99,74.4,74.7,0,39.183872,100,198,71.9,74.9,0,38.828285,200,201,72.6,74.4,0,40.215527,200,202,73.6,74.4,0,24.584557,200,96,73.7,73.6,0,24.201025,100,198,72.7,74.2,0,23.817692,200,195,74.3,74.2,0,19.58042,200,99,72.9,73.9,0,28.778214,100,197,74.8,74.2,0,22.384188,200,103,72,74.2,0,30.400097,100,99,74.2,74.8,0,35.65644,100,98,73.3,74.8,0,36.069195,100,192,72.8,74.6,0,29.868048,200,100,72.9,74.2,0,22.539526,100,199,73.1,74.6,0,32.39799,200,198,73.6,73.9,0,28.386148,200,198,73.2,73.9,0,21.39781,200,95,72.3,73.6,0,30.23313,100,195,72.3,74.4,0,28.574953,200,199,71.5,74.5,0,26.818184,200,97,74.2,74.6,0,49.92785,100,201,72.8,74.6,0,39.569714,200,200,73.1,74.4,0,27.828333,200,0,73.6,72.1,0,0,0,199,74.1,74.5,0,28.71795,200,195,73.5,74.2,0,36.29666,200,197,74.3,74.1,0,27.036629,200,150,71.6,74.5,0,37.617134,150,203,73.8,74.4,0,35.721077,200,200,73,74.4,0,29.927973,200,101,74.6,74.5,0,49.94478,100,202,74.2,74.7,0,42.220314,200,197,73.5,74.4,0,35.587803,200,98,74.5,74,0,25.033665,100,198,73.3,74,0,26.470589,200,90,73.2,73.9,0,30.985052,100,96,73.7,74.1,0,27.817509,100,100,72.6,285.1,0,26.037968,100,207,73.6,73.9,0,32.610836,200,199,73.3,74.3,0,34.686123,200,100,74.7,74.3,0,32.452538,100,99,75.7,74.2,0,36.257435,100,194,73.5,74.3,0,30.72245,200,98,72.8,74.1,0,38.63424,100,192,72.2,74.4,0,48.63222,200,102,74.7,73.6,0,36.026157,100,99,72.9,74,0,33.565666,100,99,72.2,74,0,37.380295,100,205,73.4,74.3,0,36.095905,200,203,72,74.5,0,53.30678,200,195,74.4,73.9,0,40.373173,200,198,74.4,74.4,0,38.511703,200,97,74.2,74.2,0,50.35339,100,100,74.5,74.2,0,25.908163,100,102,73,74.4,0,38.230503,100,196,72.5,74.3,0,33.27413,200,196,73.7,74.2,0,29.760227,200,98,71.9,74.4,0,43.258762,100,196,72.6,74.6,0,37.987278,200,90,90,90,148.2,103.8,119.1,1.5,0.1,29.67
20170729,530,68.7,99.6,33.00348117,21.7247775,1,56.8,57.9,4.1,76.1,76.3,-0.1,0.55,0,0,0,5,0,0,0,0,0,0,0,200,72,7.5,4.1,7.5,200,77.5,70.2,71.8,0,0,0,60.8,0,0,71.1,0,61.8,0.8125,69.3,0,0,-0.2,1.4,0,0,0,74.2,73.4,75.1,57.1,15,100,61.4,20,0,73.2,0.99,61.8,0.8125,71.3,0,0,74.9,56.3,9.9,4.6,0.9,15,15,85,71.1,83.2,100,98.9,0,68.5,1.3,65.55173,65.05173,0,13.1,0,0,0,0,0,72,116,81.1,0,0,0,79.15426,55,0,70.4,68.7,1,2200,36,74.7,76,0,100,260,1,72.5,75.4,0,0.035872295,0,-16,76.1,75.1,0,0.049176294,0,1271,78.3,75.5,0,0,700,130,75,73.7,0,0,0,42,77.7,75.8,0,0.012298611,0,-1,77.1,76.1,0,0,0,43,73.2,76.3,0,0,0,42,74.1,75.9,0,0.02459117,0,6,73.5,77.7,0,100,950,-4,0,75.1,0,0,0,-4,74.2,74.6,0,0,0,99,74.5,74.9,0,39.183872,100,199,72,75,0,38.828285,200,200,72.7,74.6,0,40.215527,200,202,73.6,74.7,0,24.584557,200,95,73.7,73.9,0,24.201025,100,198,72.8,74.4,0,23.817692,200,196,74.3,74.4,0,19.58042,200,100,72.9,74.1,0,28.778214,100,199,74.9,74.4,0,22.384188,200,102,72.1,74.4,0,30.400097,100,100,74.3,74.9,0,35.65644,100,99,73.4,74.9,0,36.069195,100,193,72.8,74.7,0,29.868048,200,101,73,74.4,0,22.539526,100,200,73.1,74.7,0,32.39799,200,201,73.7,74.1,0,28.386148,200,198,73.2,74.1,0,21.39781,200,95,72.4,73.9,0,30.23313,100,206,72.4,74.5,0,28.574953,200,200,71.6,74.6,0,26.818184,200,97,74.3,74.7,0,49.92785,100,200,72.8,74.8,0,39.569714,200,201,73.2,74.6,0,27.828333,200,0,73.6,72.2,0,0,0,200,74.1,74.7,0,28.71795,200,194,73.5,74.4,0,36.29666,200,195,74.3,74.3,0,27.036629,200,151,71.7,74.6,0,37.617134,150,204,73.8,74.6,0,35.721077,200,198,73,74.6,0,29.927973,200,102,74.6,74.7,0,49.94478,100,203,74.2,74.9,0,42.220314,200,203,73.6,74.6,0,35.587803,200,98,74.5,74.2,0,25.033665,100,202,73.4,74.1,0,26.470589,200,89,73.3,74.1,0,30.985052,100,98,73.7,74.3,0,27.817509,100,100,72.7,284.7,0,26.037968,100,204,73.6,74.1,0,32.610836,200,201,73.4,74.5,0,34.686123,200,98,74.8,74.5,0,32.452538,100,99,75.7,74.4,0,36.257435,100,195,73.6,74.4,0,30.72245,200,98,72.8,74.3,0,38.63424,100,184,72.3,74.5,0,48.63222,200,102,74.7,73.9,0,36.026157,100,89,72.9,74.2,0,33.565666,100,99,72.3,74.2,0,37.380295,100,202,73.4,74.4,0,36.095905,200,196,72.1,74.7,0,53.30678,200,195,74.4,74.1,0,40.373173,200,197,74.5,74.6,0,38.511703,200,97,74.2,74.4,0,50.35339,100,98,74.5,74.4,0,25.908163,100,101,73,74.6,0,38.230503,100,199,72.5,74.5,0,33.27413,200,197,73.7,74.4,0,29.760227,200,98,72,74.6,0,43.258762,100,196,72.7,74.7,0,37.987278,200,90,90.1,89.9,146.2,103.8,119.1,1.2,-0.2,29.67
20170729,535,68.7,99.6,33.00348117,21.7247775,1,56.9,58,4.1,76.2,76.3,-0.1,0.55,0,0,0,5,0,0,0,0,0,0,0,200,72,7.5,4.1,7.5,200,77.4,70.1,71.6,0,0,0,60.8,0,0,71,0,61.8,0.8125,69.2,0,0,-0.2,1.4,0,0,0,74.2,73.3,75,57,15,100,61.4,20,0,73.1,1,61.8,0.8125,71.2,0,0,75,56.3,9.9,4.4,1.3,15,15,85.1,71.1,83.2,100,99.3,0,68.5,1.3,65.55173,65.05173,0,13.1,0,0,0,0,0,72,111,81.1,0,0,0,78.68377,55,0,70.4,68.7,1,2200,39,74.7,76,0,100,260,1,72.5,75.4,0,0.035872295,0,-15,76.1,75.2,0,0.049176294,0,1270,78.4,75.5,0,0,700,129,75,73.6,0,0,0,42,77.8,75.8,0,0.012298611,0,-1,77.1,76.1,0,0,0,38,73.2,76.3,0,0,0,41,74.1,75.9,0,0.02459117,0,6,73.6,77.7,0,100,950,-5,0,75.1,0,0,0,-4,74.1,74.6,0,0,0,99,74.5,74.9,0,39.183872,100,198,72.1,75.1,0,38.828285,200,199,72.7,74.7,0,40.215527,200,201,73.6,74.8,0,24.584557,200,96,73.8,74,0,24.201025,100,197,72.8,74.6,0,23.817692,200,194,74.3,74.5,0,19.58042,200,98,73,74.3,0,28.778214,100,196,74.9,74.5,0,22.384188,200,102,72.1,74.5,0,30.400097,100,99,74.3,75,0,35.65644,100,97,73.4,74.9,0,36.069195,100,189,72.9,74.8,0,29.868048,200,100,73,74.5,0,22.539526,100,200,73.2,74.9,0,32.39799,200,199,73.7,74.3,0,28.386148,200,196,73.3,74.3,0,21.39781,200,94,72.4,74,0,30.23313,100,190,72.4,74.6,0,28.574953,200,198,71.6,74.8,0,26.818184,200,97,74.3,74.8,0,49.92785,100,198,72.9,74.8,0,39.569714,200,200,73.3,74.7,0,27.828333,200,0,73.6,72.4,0,0,0,198,74.2,74.8,0,28.71795,200,194,73.5,74.5,0,36.29666,200,196,74.3,74.4,0,27.036629,200,150,71.8,74.8,0,37.617134,150,197,73.8,74.7,0,35.721077,200,196,73,74.7,0,29.927973,200,100,74.7,74.7,0,49.94478,100,201,74.3,74.9,0,42.220314,200,202,73.6,74.7,0,35.587803,200,98,74.5,74.3,0,25.033665,100,197,73.4,74.3,0,26.470589,200,90,73.4,74.3,0,30.985052,100,97,73.7,74.5,0,27.817509,100,99,72.8,284.9,0,26.037968,100,205,73.7,74.3,0,32.610836,200,201,73.4,74.6,0,34.686123,200,99,74.8,74.6,0,32.452538,100,99,75.7,74.4,0,36.257435,100,193,73.6,74.5,0,30.72245,200,98,72.9,74.4,0,38.63424,100,187,72.4,74.6,0,48.63222,200,101,74.7,74.1,0,36.026157,100,92,73,74.3,0,33.565666,100,98,72.3,74.3,0,37.380295,100,205,73.5,74.6,0,36.095905,200,194,72.2,74.7,0,53.30678,200,193,74.5,74.4,0,40.373173,200,197,74.5,74.8,0,38.511703,200,97,74.3,74.6,0,50.35339,100,98,74.6,74.6,0,25.908163,100,101,73,74.8,0,38.230503,100,197,72.6,74.6,0,33.27413,200,197,73.8,74.5,0,29.760227,200,98,72,74.7,0,43.258762,100,196,72.7,74.8,0,37.987278,200,90,90.1,90.1,146.2,103.9,119.3,1.6,-0.1,29.67
20170729,540,68.8,99.6,33.08629094,21.7247775,1,57,58.1,4.1,76.3,76.4,-0.1,0.55,0,0,0,5,0,0,0,0,0,0,0,200,72,7.5,4.1,7.5,200,77.3,69.9,71.5,0,0,0,60.8,0,0,70.9,0,61.8,0.8125,69.2,0,0,-0.2,1.4,0,0,0,74.3,73.2,75.2,56.9,15,100,61.4,20,0,73,0.99,61.8,0.8125,71.1,0,0,74.8,56.3,10.2,4.7,0.9,15,15,85,71.1,83.2,100,99.3,0,68.5,1.3,65.55173,65.05173,0,13.1,0,0,0,0,0,72,112,81.1,0,0,0,78.23225,55,0,70.4,68.8,1,2200,39,74.7,76,0,100,260,1,72.5,75.4,0,0.035872295,0,-16,76.1,75.2,0,0.049176294,0,1269,78.4,75.5,0,0,700,127,75,73.6,0,0,0,42,77.8,75.8,0,0.012298611,0,-1,77.1,76.1,0,0,0,39,73.2,76.3,0,0,0,41,74.1,75.9,0,0.02459117,0,8,73.6,77.7,0,100,950,-6,0,75.1,0,0,0,-5,74.2,74.6,0,0,0,100,74.5,75,0,39.183872,100,199,72.1,75.1,0,38.828285,200,200,72.8,74.7,0,40.215527,200,203,73.7,74.8,0,24.584557,200,96,73.8,74.2,0,24.201025,100,200,72.8,74.7,0,23.817692,200,200,74.4,74.6,0,19.58042,200,99,73,74.4,0,28.778214,100,198,74.9,74.6,0,22.384188,200,103,72.2,74.6,0,30.400097,100,99,74.3,75.1,0,35.65644,100,97,73.5,75,0,36.069195,100,192,72.9,74.9,0,29.868048,200,101,73,74.6,0,22.539526,100,203,73.3,75,0,32.39799,200,199,73.8,74.4,0,28.386148,200,197,73.3,74.3,0,21.39781,200,95,72.5,74.2,0,30.23313,100,213,72.5,74.7,0,28.574953,200,197,71.7,74.8,0,26.818184,200,98,74.3,74.9,0,49.92785,100,201,72.9,74.9,0,39.569714,200,201,73.3,74.7,0,27.828333,200,0,73.7,72.5,0,0,0,199,74.2,74.9,0,28.71795,200,195,73.6,74.6,0,36.29666,200,198,74.3,74.6,0,27.036629,200,152,71.9,74.9,0,37.617134,150,201,73.8,74.7,0,35.721077,200,200,73.1,74.8,0,29.927973,200,101,74.7,74.8,0,49.94478,100,201,74.4,75,0,42.220314,200,201,73.7,74.7,0,35.587803,200,99,74.6,74.4,0,25.033665,100,199,73.5,74.4,0,26.470589,200,89,73.5,74.4,0,30.985052,100,98,73.8,74.6,0,27.817509,100,100,72.8,285.2,0,26.037968,100,207,73.7,74.4,0,32.610836,200,202,73.5,74.7,0,34.686123,200,101,74.8,74.7,0,32.452538,100,99,75.7,74.5,0,36.257435,100,194,73.6,74.6,0,31.257603,200,98,72.9,74.5,0,38.63424,100,204,72.5,74.7,0,48.63222,200,101,74.8,74.2,0,36.026157,100,96,73,74.4,0,33.565666,100,99,72.4,74.4,0,37.380295,100,203,73.5,74.6,0,36.095905,200,200,72.3,74.8,0,53.30678,200,195,74.5,74.5,0,40.373173,200,198,74.6,74.9,0,38.511703,200,97,74.3,74.7,0,50.35339,100,99,74.7,74.7,0,25.908163,100,102,73.1,74.8,0,38.230503,100,196,72.6,74.7,0,33.27413,200,203,73.8,74.6,0,29.842503,200,98,72.1,74.7,0,43.258762,100,197,72.8,74.9,0,37.987278,200,90,90.1,90,148.2,103.9,119.2,1,1.6,29.67
20170729,545,68.7,99.6,33.00348117,21.7247775,1,57,58.2,4.1,76.4,76.5,-0.1,0.55,0,0,0,5,0,0,0,0,0,0,0,200,72,7.5,4.1,7.5,200,77.1,69.9,71.6,0,0,0,60.8,0,0,70.7,0,61.8,0.8125,69.2,0,0,-0.2,1.4,0,0,0,74.3,73.2,75,56.8,15,100,61.4,20,0,72.9,1,61.8,0.8125,71.1,0,0,74.9,55.7,9.9,4.5,1,15,15,85.2,71.1,83,100,99.3,0,68.5,1.3,65.55173,65.05173,0,13.1,0,0,0,0,0,72,114,81.1,0,0,0,77.79509,55.717472,0,70.4,68.8,1,2200,42,74.7,76,0,100,260,1,72.5,75.4,0,0.035872295,0,-16,76.2,75.2,0,0.049176294,0,1269,78.4,75.5,0,0,700,129,75,73.6,0,0,0,43,77.8,75.8,0,0.012298611,0,-1,77.1,76.1,0,0,0,38,73.2,76.3,0,0,0,42,74.1,75.9,0,0.02459117,0,8,73.6,77.6,0,100,950,-5,0,75.1,0,0,0,-5,74.2,74.6,0,0,0,99,74.6,75,0,39.183872,100,199,72.2,75.1,0,38.828285,200,200,72.9,74.8,0,40.215527,200,203,73.7,74.9,0,24.584557,200,96,73.9,74.3,0,24.201025,100,199,72.9,74.8,0,23.817692,200,192,74.4,74.7,0,19.58042,200,99,73.1,74.5,0,28.778214,100,198,75,74.7,0,22.384188,200,102,72.2,74.7,0,30.400097,100,99,74.4,75,0,35.65644,100,99,73.5,75,0,36.069195,100,191,72.9,74.9,0,29.868048,200,101,73,74.6,0,22.539526,100,200,73.3,75,0,32.39799,200,200,73.8,74.5,0,28.386148,200,194,73.4,74.4,0,21.39781,200,94,72.5,74.3,0,30.23313,100,193,72.5,74.7,0,28.574953,200,197,71.7,74.8,0,26.818184,200,97,74.4,74.8,0,49.92785,100,200,72.9,74.9,0,39.569714,200,201,73.3,74.7,0,27.828333,200,0,73.7,72.6,0,0,0,199,74.3,74.9,0,28.71795,200,195,73.7,74.7,0,36.29666,200,196,74.4,74.6,0,27.036629,200,151,72,74.9,0,37.617134,150,202,73.8,74.8,0,35.721077,200,197,73.1,74.8,0,29.927973,200,101,74.7,74.8,0,49.94478,100,202,74.4,75,0,42.220314,200,202,73.7,74.7,0,35.587803,200,98,74.6,74.5,0,25.033665,100,201,73.5,74.4,0,26.470589,200,91,73.5,74.5,0,30.985052,100,96,73.8,74.7,0,27.817509,100,100,72.9,284.9,0,26.037968,100,205,73.7,74.4,0,32.610836,200,200,73.5,74.7,0,34.686123,200,101,74.8,74.7,0,32.452538,100,99,75.8,74.5,0,36.257435,100,195,73.7,74.6,0,31.257603,200,98,72.9,74.5,0,38.63424,100,197,72.6,74.7,0,48.63222,200,102,74.8,74.3,0,36.026157,100,102,73.1,74.4,0,33.565666,100,99,72.4,74.5,0,37.380295,100,204,73.5,74.7,0,36.095905,200,195,72.3,74.8,0,53.30678,200,195,74.5,74.6,0,40.373173,200,198,74.6,75,0,38.511703,200,100,74.3,74.8,0,50.92892,100,98,74.7,74.8,0,25.908163,100,101,73.1,74.9,0,38.230503,100,197,72.7,74.7,0,33.27413,200,205,73.8,74.6,0,29.842503,200,98,72.2,74.7,0,43.258762,100,197,72.8,74.9,0,37.987278,200,90,90.1,90,147.2,104,119.3,3.1,-0.1,29.67
20170729,550,68.6,99.6,32.92086008,21.7247775,1,57.2,58.3,4.1,76.5,76.5,-0.2,0.55,0,0,0,5,0,0,0,0,0,0,0,200,72,7.5,4.1,7.5,200,77.1,69.8,71.5,0,0,0,62.4,0,0,70.7,0,63.4,0.8125,68.8,0,0,-0.2,1.4,0,0,0,74.3,73.4,75.2,56.9,15,100,62.199997,20,0,73.3,0.99,63.4,0.8125,71,0,0,74.5,56,9.9,4.7,0.7,15,15,85.3,71.1,83,100,98.7,0,68.5,1.3,66.034485,65.534485,0,13.1,0,0,0,0,0,72,112,81.1,0,0,0,79.0822,57.826923,0,70.4,68.8,1,2200,36,74.7,76,0,100,260,1,72.5,75.5,0,0.035872295,0,-16,76.2,75.2,0,0.049176294,0,1272,78.5,75.6,0,0,700,129,75,73.6,0,0,0,43,77.8,75.8,0,0.012298611,0,-1,77.2,76.1,0,0,0,40,73.2,76.3,0,0,0,43,74,75.8,0,0.02459117,0,5,73.6,77.6,0,100,950,-5,0,75.1,0,0,0,-4,74.2,74.6,0,0,0,99,74.6,75,0,39.183872,100,200,72.2,75.2,0,38.828285,200,200,72.9,74.8,0,40.215527,200,203,73.8,74.9,0,24.584557,200,95,73.9,74.3,0,24.201025,100,199,72.9,74.8,0,23.817692,200,196,74.4,74.7,0,19.58042,200,100,73.1,74.6,0,28.778214,100,196,75,74.7,0,22.384188,200,103,72.3,74.7,0,30.400097,100,99,74.4,75.1,0,35.65644,100,99,73.5,75,0,36.069195,100,193,73,74.9,0,29.868048,200,101,73.1,74.7,0,22.539526,100,203,73.3,75.1,0,32.39799,200,203,73.9,74.6,0,28.386148,200,196,73.4,74.5,0,21.39781,200,95,72.6,74.3,0,30.23313,100,192,72.6,74.7,0,28.574953,200,199,71.8,74.8,0,26.818184,200,97,74.4,74.8,0,49.92785,100,199,73,74.9,0,39.569714,200,201,73.4,74.7,0,27.828333,200,0,73.7,72.7,0,0,0,200,74.3,74.9,0,28.71795,200,194,73.7,74.7,0,36.29666,200,196,74.4,74.6,0,27.489895,200,151,72,74.9,0,37.617134,150,201,73.9,74.8,0,35.721077,200,198,73.2,74.8,0,29.927973,200,101,74.8,74.8,0,49.94478,100,203,74.5,75,0,42.220314,200,202,73.8,74.8,0,35.587803,200,99,74.6,74.5,0,25.033665,100,201,73.6,74.5,0,26.470589,200,91,73.6,74.6,0,30.985052,100,96,73.8,74.7,0,27.817509,100,99,72.9,284.6,0,26.037968,100,209,73.8,74.4,0,32.610836,200,200,73.6,74.7,0,34.686123,200,101,74.9,74.7,0,32.452538,100,100,75.8,74.5,0,36.257435,100,195,73.7,74.7,0,31.257603,200,98,72.9,74.6,0,38.63424,100,194,72.7,74.7,0,48.63222,200,102,74.8,74.4,0,36.026157,100,91,73.1,74.4,0,33.565666,100,98,72.4,74.5,0,37.380295,100,206,73.6,74.7,0,36.095905,200,197,72.4,74.8,0,53.30678,200,195,74.6,74.7,0,40.373173,200,198,74.7,75,0,38.511703,200,100,74.4,74.9,0,50.92892,100,99,74.8,74.9,0,25.908163,100,101,73.2,74.9,0,38.230503,100,197,72.7,74.7,0,33.27413,200,204,73.8,74.6,0,29.842503,200,98,72.2,74.8,0,43.258762,100,196,72.9,74.9,0,37.987278,200,90,90.1,90,146.2,104,119.1,1.2,-0.1,29.67
20170729,555,68.6,99.6,32.90383443,21.7247775,1,57.2,58.3,4.1,76.6,76.6,-0.2,0.55,0,0,0,5,0,0,0,0,0,0,0,200,72,7.5,4.1,7.5,200,77,69.8,71.3,0,0,0,62.4,0,0,70.7,0,63.4,0.8125,69.3,0,0,-0.2,1.4,0,0,0,74.3,73.3,75.1,56.8,15,100,62.199997,20,0,73.2,0.98,63.4,0.8125,71,0,0,74.4,55.8,9.9,4.5,1.1,15,15,85.3,71.1,83,100,100,0,68.5,1.3,66.034485,65.534485,0,13.1,0,0,0,0,0,72,117,81.1,0,0,0,78.54789,58.594418,0,70.5,68.7,1,2200,29,74.7,76,0,100,260,1,72.5,75.5,0,0.035872295,0,-16,76.2,75.2,0,0.049176294,0,1272,78.5,75.6,0,0,700,127,75.1,73.6,0,0,0,43,77.8,75.8,0,0.012298611,0,-1,77.2,76.1,0,0,0,42,73.3,76.3,0,0,0,41,74,75.8,0,0.02459117,0,5,73.6,77.6,0,100,950,-5,0,75.1,0,0,0,-5,74.2,74.6,0,0,0,99,74.6,75.1,0,39.183872,100,199,72.3,75.2,0,38.828285,200,200,73,74.8,0,40.215527,200,202,73.8,74.9,0,24.584557,200,96,73.9,74.4,0,24.201025,100,199,73,74.8,0,23.817692,200,197,74.5,74.8,0,19.58042,200,99,73.2,74.6,0,28.778214,100,198,75,74.8,0,22.384188,200,101,72.3,74.8,0,30.400097,100,99,74.4,75.2,0,35.65644,100,99,73.5,75.1,0,36.069195,100,193,73,75,0,29.868048,200,100,73.1,74.7,0,22.539526,100,199,73.3,75.1,0,32.39799,200,203,73.9,74.7,0,28.386148,200,197,73.4,74.5,0,21.39781,200,95,72.6,74.4,0,30.23313,100,209,72.6,74.8,0,28.574953,200,198,71.8,74.9,0,26.818184,200,97,74.4,74.9,0,49.92785,100,199,73,75,0,39.569714,200,200,73.4,74.8,0,27.828333,200,0,73.7,72.8,0,0,0,199,74.3,75,0,28.71795,200,194,73.7,74.8,0,36.29666,200,195,74.4,74.7,0,27.489895,200,151,72.1,75,0,37.617134,150,202,73.9,74.9,0,35.721077,200,197,73.2,74.8,0,29.927973,200,101,74.8,74.9,0,49.94478,100,203,74.5,75.1,0,42.220314,200,202,73.8,74.8,0,35.587803,200,98,74.6,74.6,0,25.033665,100,196,73.6,74.5,0,26.470589,200,87,73.6,74.6,0,30.985052,100,97,73.9,74.8,0,27.817509,100,99,73,285.1,0,26.037968,100,205,73.8,74.5,0,32.610836,200,201,73.6,74.7,0,34.686123,200,99,74.9,74.8,0,32.452538,100,99,75.8,74.6,0,36.257435,100,195,73.8,74.7,0,31.257603,200,99,72.9,74.6,0,38.63424,100,186,72.8,74.8,0,48.63222,200,101,74.8,74.4,0,36.026157,100,99,73.2,74.5,0,33.565666,100,98,72.5,74.6,0,37.380295,100,202,73.6,74.7,0,36.095905,200,197,72.4,74.9,0,53.30678,200,194,74.6,74.8,0,40.373173,200,198,74.8,75.1,0,38.511703,200,100,74.4,74.9,0,50.92892,100,99,74.8,74.9,0,25.908163,100,101,73.2,75,0,38.230503,100,196,72.8,74.8,0,33.27413,200,204,73.9,74.7,0,29.842503,200,98,72.3,74.8,0,43.258762,100,197,72.9,75,0,37.987278,200,90.1,90.1,90,148.2,104.1,119.4,1.2,-0.1,29.7
20170729,600,68.6,99.6,32.90383443,21.7247775,1,57.3,58.5,4.1,76.7,76.7,-0.1,0.55,0,0,0,5,0,0,0,0,0,0,0,200,72,7.5,4.1,7.5,200,76.9,69.8,71.3,0,0,0,62.4,0,0,70.6,0,63.4,0.8125,69.1,0,0,-0.2,1.4,0,0,0,74.4,73.4,75.3,56.7,15,100,62.199997,20,0,73.2,1.01,63.4,0.8125,71,0,0,74.1,55.4,9.9,4.5,1.4,15,15,85.2,71.1,83,100,98.7,0,68.5,1.3,66.034485,65.534485,0,13.1,0,0,0,0,0,72,115,81.2,0,0,0,78.03453,59.331814,0,70.5,68.6,1,2200,31,74.7,76,0,100,260,1,72.5,75.5,0,0.035872295,0,-16,76.2,75.2,0,0.049176294,0,1272,78.5,75.6,0,0,700,127,75.1,73.6,0,0,0,42,77.8,75.8,0,0.012298611,0,-1,77.2,76.1,0,0,0,40,73.3,76.3,0,0,0,41,74,75.7,0,0.02459117,0,5,73.6,77.6,0,100,950,-5,0,75.1,0,0,0,-5,74.2,74.6,0,0,0,100,74.6,75.1,0,39.183872,100,198,72.3,75.3,0,38.828285,200,200,73.1,74.9,0,40.215527,200,201,73.8,75,0,24.584557,200,95,73.9,74.5,0,24.201025,100,199,73,74.9,0,23.817692,200,195,74.5,74.9,0,19.58042,200,99,73.2,74.7,0,28.778214,100,195,75,74.8,0,22.384188,200,103,72.4,74.9,0,30.400097,100,99,74.4,75.2,0,35.65644,100,99,73.6,75.1,0,36.069195,100,192,73,75,0,29.868048,200,99,73.1,74.8,0,22.539526,100,201,73.4,75.2,0,32.39799,200,202,73.9,74.7,0,28.386148,200,195,73.5,74.6,0,21.39781,200,94,72.7,74.5,0,30.23313,100,206,72.7,74.8,0,28.574953,200,201,71.9,75,0,26.818184,200,97,74.4,75,0,49.92785,100,198,73,75,0,39.569714,200,201,73.4,74.8,0,27.828333,200,0,73.7,73,0,0,0,198,74.3,75.1,0,28.71795,200,194,73.8,74.9,0,36.29666,200,197,74.5,74.7,0,27.489895,200,151,72.2,75,0,37.617134,150,201,73.9,74.9,0,35.721077,200,198,73.3,74.9,0,29.927973,200,101,74.8,75,0,49.94478,100,203,74.6,75.2,0,42.220314,200,202,73.9,74.9,0,35.587803,200,98,74.6,74.6,0,25.033665,100,199,73.6,74.6,0,26.470589,200,90,73.7,74.7,0,30.985052,100,95,73.9,74.8,0,27.817509,100,99,73,284.9,0,26.037968,100,207,73.8,74.5,0,32.610836,200,201,73.6,74.8,0,34.686123,200,101,74.9,74.9,0,32.452538,100,99,75.8,74.6,0,36.257435,100,194,73.8,74.8,0,31.257603,200,98,72.9,74.7,0,38.63424,100,191,72.9,74.9,0,48.63222,200,101,74.9,74.5,0,36.026157,100,94,73.2,74.6,0,33.565666,100,99,72.5,74.7,0,37.380295,100,203,73.6,74.8,0,36.095905,200,197,72.5,74.9,0,53.30678,200,195,74.7,74.8,0,40.373173,200,198,74.8,75.1,0,38.511703,200,100,74.4,75,0,50.92892,100,99,74.8,75,0,25.908163,100,102,73.2,75,0,38.230503,100,196,72.8,74.9,0,33.27413,200,203,73.9,74.7,0,29.842503,200,98,72.3,74.9,0,43.258762,100,197,73,75,0,37.987278,200,90.1,90.1,90.2,149.2,104.1,119.3,1.2,0,29.7
20170729,605,68.5,99.6,32.82146332,27.2484025,1,57.3,58.6,4.1,76.8,76.8,-0.1,0.55,0,0,0,5,0,0,0,0,0,0,0,200,72,7.5,4.1,7.5,200,77,69.8,71.2,0,0,0,62.4,0,0,70.6,0,63.4,0.8125,68.8,0,0,-0.2,1.4,0,0,0,74.4,73.4,75.3,57,15,100,62.199997,20,0,73.2,1,63.4,0.8125,70.9,0,0,74.1,55.6,9.8,4.5,1.5,15,15,85,71.1,83,100,98.8,0,68.5,1.3,66.034485,65.534485,0,13.1,0,0,0,0,0,72,118,81.2,0,0,0,77.54214,60.039116,0,70.5,68.6,1,2200,27,74.7,76,0,100,260,1,72.5,75.5,0,0.035872295,0,-16,76.2,75.2,0,0.049176294,0,1273,78.5,75.7,0,0,700,130,75.1,73.6,0,0,0,42,77.9,75.8,0,0.012298611,0,-1,77.1,76.1,0,0,0,40,73.3,76.3,0,0,0,42,74,75.7,0,0.02459117,0,5,73.6,77.6,0,100,950,-4,0,75.1,0,0,0,-4,74.2,74.6,0,0,0,100,74.7,75.2,0,39.183872,100,200,72.4,75.3,0,38.828285,200,201,73.1,74.9,0,40.215527,200,204,73.8,75,0,24.584557,200,96,74,74.5,0,24.201025,100,202,73,74.9,0,23.817692,200,198,74.5,74.9,0,19.58042,200,99,73.2,74.7,0,28.778214,100,199,75.1,74.9,0,22.384188,200,101,72.4,74.9,0,30.400097,100,99,74.5,75.2,0,35.65644,100,99,73.6,75.2,0,36.069195,100,193,73.1,75,0,29.868048,200,100,73.2,74.8,0,22.539526,100,204,73.4,75.2,0,32.39799,200,201,74,74.8,0,28.386148,200,199,73.5,74.6,0,21.39781,200,96,72.7,74.6,0,30.23313,100,217,72.7,74.9,0,28.574953,200,201,71.9,75,0,26.818184,200,99,74.5,75,0,49.92785,100,202,73.1,75,0,39.569714,200,202,73.5,74.9,0,27.828333,200,0,73.7,73.1,0,0,0,198,74.4,75.1,0,28.71795,200,196,73.8,74.9,0,36.29666,200,197,74.5,74.8,0,27.489895,200,152,72.2,75.1,0,37.617134,150,202,73.9,75,0,35.721077,200,200,73.3,74.9,0,29.927973,200,101,74.9,75,0,49.94478,100,203,74.6,75.2,0,42.220314,200,203,73.9,74.9,0,35.587803,200,99,74.7,74.7,0,25.033665,100,201,73.7,74.6,0,26.470589,200,89,73.8,74.7,0,30.985052,100,97,73.9,74.9,0,27.817509,100,101,73.1,284.7,0,26.037968,100,206,73.8,74.6,0,32.610836,200,202,73.7,74.8,0,34.686123,200,101,74.9,74.9,0,32.452538,100,100,75.8,74.7,0,36.257435,100,196,73.8,74.8,0,31.257603,200,98,72.9,74.7,0,38.63424,100,206,73,74.9,0,48.63222,200,102,74.9,74.5,0,36.026157,100,102,73.2,74.6,0,33.565666,100,100,72.6,74.7,0,37.380295,100,205,73.6,74.8,0,36.095905,200,201,72.6,74.9,0,53.30678,200,194,74.7,74.9,0,40.373173,200,199,74.9,75.2,0,38.511703,200,101,74.4,75,0,50.92892,100,100,74.8,75,0,25.908163,100,101,73.3,75.1,0,38.230503,100,197,72.8,74.9,0,33.27413,200,204,73.9,74.8,0,29.842503,200,98,72.3,74.9,0,43.258762,100,197,73,75,0,37.987278,200,90.1,90.2,90.1,148.2,104.1,119.4,1.2,0,29.7
20170729,610,68.5,99.6,32.82146332,27.2484025,1,57.4,58.7,4.1,76.8,76.8,-0.1,0.55,0,0,0,5,0,0,0,0,0,0,0,200,72,7.5,4.1,7.5,200,76.9,69.7,71.2,0,0,0,62.4,0,0,70.5,0,63.4,0.8125,68.6,0,0,-0.2,1.4,0,0,0,74.4,73.3,75.3,56.8,15,100,62.199997,20,0,73.1,0.99,63.4,0.8125,70.8,0,0,73.9,55.6,9.7,4.5,1.5,15,15,85.1,71.1,83,100,98.8,0,68.5,1.3,66.034485,65.534485,0,13.1,0,0,0,0,0,72,119,81.2,0,0,0,77.07069,60.716316,0,70.5,68.6,1,2200,31,74.7,76,0,100,260,1,72.5,75.5,0,0.035872295,0,-16,76.2,75.2,0,0.049176294,0,1271,78.5,75.6,0,0,700,129,75.1,73.6,0,0,0,43,77.9,75.8,0,0.012298611,0,-1,77.1,76.2,0,0,0,40,73.2,76.3,0,0,0,41,74,75.7,0,0.02459117,0,5,73.6,77.6,0,100,950,-5,0,75.1,0,0,0,-4,74.2,74.6,0,0,0,99,74.7,75.2,0,39.183872,100,199,72.4,75.3,0,38.828285,200,200,73.1,75,0,40.215527,200,202,73.9,75.1,0,24.584557,200,96,74,74.6,0,24.201025,100,199,73.1,75,0,23.817692,200,196,74.6,74.9,0,19.58042,200,100,73.3,74.8,0,28.778214,100,198,75.1,74.9,0,22.384188,200,102,72.4,75,0,30.400097,100,98,74.5,75.3,0,35.65644,100,97,73.6,75.2,0,36.069195,100,189,73.1,75.1,0,29.868048,200,100,73.2,74.9,0,22.539526,100,201,73.4,75.2,0,32.39799,200,200,74,74.8,0,28.386148,200,192,73.5,74.7,0,21.39781,200,94,72.7,74.6,0,30.23313,100,191,72.7,74.9,0,28.574953,200,196,72,75,0,26.818184,200,97,74.5,75,0,49.92785,100,198,73.1,75.1,0,39.569714,200,200,73.5,74.9,0,27.828333,200,-1,73.7,73.2,0,0,0,198,74.4,75.1,0,28.71795,200,194,73.9,74.9,0,36.29666,200,195,74.5,74.9,0,27.489895,200,150,72.3,75.1,0,37.617134,150,198,73.9,75,0,35.721077,200,200,73.3,75,0,29.927973,200,100,74.9,75,0,49.94478,100,200,74.7,75.2,0,42.220314,200,200,73.9,74.9,0,35.587803,200,99,74.7,74.7,0,25.033665,100,199,73.7,74.7,0,26.470589,200,88,73.8,74.7,0,30.985052,100,96,73.9,74.9,0,27.817509,100,97,73.2,284.9,0,26.037968,100,206,73.9,74.6,0,32.610836,200,198,73.7,74.9,0,34.686123,200,99,75,74.9,0,32.452538,100,99,75.8,74.7,0,36.257435,100,195,73.8,74.8,0,31.257603,200,98,73,74.8,0,38.63424,100,191,73,74.9,0,48.63222,200,100,74.9,74.6,0,36.026157,100,94,73.3,74.7,0,33.565666,100,99,72.6,74.7,0,37.380295,100,202,73.7,74.9,0,36.095905,200,198,72.6,75,0,53.30678,200,193,74.7,74.9,0,40.373173,200,197,74.9,75.2,0,38.511703,200,100,74.5,75.1,0,50.92892,100,98,74.9,75.1,0,25.908163,100,101,73.3,75.1,0,38.230503,100,195,72.9,74.9,0,33.27413,200,202,74,74.8,0,29.842503,200,98,72.4,74.9,0,43.258762,100,195,73.1,75.1,0,37.987278,200,90.1,90.2,90.4,148.2,104.2,119.4,1.2,0,29.7
20170729,615,68.4,99.6,32.73927958,27.2484025,1,57.5,58.8,4.1,76.9,76.9,-0.2,0.55,0,0,0,5,0,0,0,0,0,0,0,200,72,7.5,4.1,7.5,200,76.9,69.9,71.2,0,0,0,62.4,0,0,70.5,0,63.4,0.8125,68.7,0,0,-0.2,1.4,0,0,0,74.4,73.4,75.5,57,15,100,62.199997,20,0,73.2,1.01,63.4,0.8125,70.8,0,0,73.7,56,9.9,4.3,1.2,15,15,85.2,71.1,83,100,98.6,0,68.5,1.3,66.034485,65.534485,0,13.1,0,0,0,0,0,72,113,81.2,0,0,0,76.62019,61.36342,0,70.5,68.7,1,2200,32,74.7,76,0,100,260,1,72.5,75.5,0,0.035872295,0,-16,76.2,75.2,0,0.049176294,0,1271,78.5,75.7,0,0,700,130,75.1,73.6,0,0,0,43,77.9,75.8,0,0.012298611,0,-1,77.1,76.1,0,0,0,41,73.2,76.3,0,0,0,41,74,75.7,0,0.02459117,0,5,73.6,77.6,0,100,950,-4,0,75.1,0,0,0,-4,74.2,74.6,0,0,0,100,74.7,75.3,0,39.183872,100,199,72.4,75.4,0,38.828285,200,200,73.2,75,0,40.215527,200,203,73.9,75.1,0,24.584557,200,95,74,74.6,0,24.201025,100,201,73.1,75,0,23.817692,200,195,74.6,75,0,19.58042,200,99,73.3,74.8,0,28.778214,100,199,75.1,75,0,22.384188,200,103,72.5,75,0,30.400097,100,99,74.5,75.3,0,35.65644,100,99,73.6,75.2,0,36.069195,100,192,73.2,75.1,0,29.868048,200,100,73.2,74.9,0,22.539526,100,202,73.5,75.3,0,32.39799,200,200,74,74.9,0,28.386148,200,196,73.5,74.7,0,21.39781,200,95,72.8,74.7,0,30.23313,100,188,72.8,75,0,28.574953,200,196,72,75.1,0,26.818184,200,98,74.5,75.1,0,49.92785,100,198,73.2,75.1,0,39.569714,200,201,73.5,75,0,27.828333,200,0,73.7,73.3,0,0,0,199,74.4,75.2,0,28.71795,200,195,73.9,75,0,36.29666,200,197,74.6,74.9,0,27.489895,200,151,72.3,75.2,0,37.617134,150,202,73.9,75.1,0,35.721077,200,198,73.3,75,0,29.927973,200,101,74.9,75.1,0,49.94478,100,202,74.7,75.3,0,42.220314,200,201,73.9,75,0,35.587803,200,99,74.7,74.8,0,25.033665,100,196,73.7,74.7,0,26.470589,200,90,73.9,74.8,0,30.985052,100,96,73.9,75,0,27.817509,100,100,73.2,284.7,0,26.037968,100,208,73.9,74.7,0,32.610836,200,201,73.7,74.9,0,34.686123,200,99,75,75,0,32.452538,100,100,75.8,74.7,0,36.257435,100,194,73.9,74.9,0,31.257603,200,98,73,74.8,0,38.63424,100,201,73.1,75,0,48.63222,200,101,74.9,74.6,0,36.026157,100,103,73.3,74.7,0,33.565666,100,100,72.6,74.8,0,37.380295,100,204,73.7,74.9,0,36.095905,200,198,72.7,75.1,0,53.30678,200,194,74.7,75,0,40.373173,200,199,74.9,75.3,0,38.511703,200,101,74.5,75.1,0,50.92892,100,98,74.9,75.1,0,25.908163,100,101,73.3,75.2,0,38.230503,100,196,72.9,75,0,33.27413,200,203,74,74.8,0,29.842503,200,98,72.4,75,0,43.258762,100,197,73.1,75.1,0,37.987278,200,90.1,90.2,90.2,148.2,104.2,119.3,1.2,0,29.7
20170729,620,68.3,98.9,32.54024888,27.2484025,1,57.5,58.8,4.1,77,77,-0.2,0.55,0,0,0,5,0,0,1,1,1,0,0,200,72,7.5,4.1,7.5,200,77,69.9,71.3,0,0,0,62.4,0,0,70.6,0,63.4,0.8125,68.7,0,0,-0.2,1.4,0,0,0,74.4,73.4,75.4,57,15,100,62.199997,20,0,73.4,1.01,63.4,0.8125,70.7,0,0,73.5,56.4,9.8,4.8,1.4,15,15,84.4,71.1,83,100,99.3,0,68.5,1.3,66.034485,65.534485,0,13.1,0,0,0,0,1,72,112,81.2,0,0,2000,76.19065,61.98043,0,70.5,68.7,1,2200,25,74.7,75.9,0,100,260,1,72.5,75.5,0,0.035872295,0,-13,76.2,75.2,0,1.2662897,1850,1272,78.6,75.7,0,0,700,129,75.1,73.6,0,0,0,43,78,75.8,0,0.012298611,0,-1,77,76.2,0,0,0,38,73.3,76.3,0,0,0,42,74,75.6,0,0.02459117,0,5,73.6,77.6,0,100,950,-4,0,75.1,0,0,0,-5,74.2,74.6,0,0,0,100,74.7,75.3,0,39.183872,100,199,72.5,75.4,0,38.828285,200,199,73.2,75,0,40.215527,200,202,73.9,75.1,0,24.584557,200,95,74,74.7,0,24.201025,100,199,73.1,75.1,0,23.817692,200,195,74.6,75.1,0,19.58042,200,100,73.3,74.9,0,28.778214,100,199,75.1,75,0,22.384188,200,101,72.5,75.1,0,30.400097,100,99,74.5,75.3,0,35.65644,100,100,73.7,75.3,0,36.069195,100,191,73.2,75.2,0,29.868048,200,100,73.2,75,0,22.539526,100,205,73.5,75.4,0,32.39799,200,201,74.1,74.9,0,28.386148,200,195,73.6,74.8,0,21.39781,200,96,72.8,74.7,0,30.23313,100,198,72.9,75,0,28.574953,200,200,72,75.1,0,26.818184,200,98,74.5,75.1,0,49.92785,100,201,73.2,75.2,0,39.569714,200,200,73.6,75,0,27.828333,200,0,73.8,73.4,0,0,0,197,74.4,75.3,0,28.71795,200,195,73.9,75,0,36.29666,200,197,74.6,74.9,0,27.489895,200,150,72.4,75.2,0,37.617134,150,200,73.9,75.1,0,35.721077,200,198,73.4,75.1,0,29.927973,200,101,74.9,75.1,0,49.94478,100,202,74.8,75.3,0,42.220314,200,204,74,75,0,35.587803,200,97,74.7,74.8,0,25.033665,100,199,73.8,74.8,0,26.470589,200,90,73.9,74.9,0,30.985052,100,98,74,75.1,0,27.817509,100,99,73.3,285.3,0,26.037968,100,206,73.9,74.7,0,32.610836,200,200,73.8,75,0,34.686123,200,101,75,75,0,32.452538,100,99,75.9,74.8,0,36.257435,100,194,73.9,74.9,0,31.257603,200,98,73,74.8,0,38.63424,100,192,73.2,75,0,48.63222,200,101,74.9,74.7,0,36.026157,100,104,73.3,74.8,0,33.565666,100,99,72.7,74.9,0,37.380295,100,203,73.7,75,0,36.095905,200,199,72.7,75.1,0,53.30678,200,193,74.8,75,0,40.373173,200,198,74.9,75.3,0,38.511703,200,100,74.5,75.2,0,50.92892,100,98,74.9,75.2,0,25.908163,100,101,73.3,75.2,0,38.230503,100,194,72.9,75,0,33.27413,200,202,74,74.9,0,29.842503,200,98,72.5,75,0,43.258762,100,198,73.2,75.2,0,37.987278,200,90.1,90.2,90.3,148.2,104.3,119.8,1.2,1.4,29.7
20170729,625,68.4,98.4,32.53794269,27.2484025,264,58.3,51.4,5.45,77.6,71.7,-0.2,0.55,0,0,0,5,100,100,1,1,1,0,0,200,72,7.5,5.45,7.5,200,77,69.7,71.2,0,0,0,62.4,0,0,70.4,0,63.4,0.8125,68,0,0,-0.2,1.4,0,0,0,74.4,73.5,66.7,56.5,15,100,62.199997,20,0,73.2,1.02,63.4,0.8125,70.6,0,0,81.2,56.4,10,4.7,0.9,15,15,90.1,63.1,83,100,98.2,0,68.5,1.3,66.034485,65.534485,0,13.1,0,0,1,22.4,1,72,117,81.4,0,99.950874,2000,75.78206,62.567337,0,70.5,68.7,1,2200,22,74.7,76,0,100,260,0,72.5,75.5,0,0.035872295,0,-15,76.2,75.4,0,100,1850,1272,78.6,75.7,0,0,700,131,75,73.6,0,0,0,43,78,75.8,0,0.012298611,0,-1,77,76.2,0,0,0,42,73.3,76.3,0,0,0,41,74,75.6,0,0.02459117,0,3,73.4,77.6,0,100,950,-4,0,75.1,0,0,0,-4,74.2,74.6,0,0,0,100,74.8,71.9,0,39.183872,100,201,72.5,71.9,0,38.828285,200,202,73.2,71.1,0,40.215527,200,202,73.9,72.6,0,24.584557,200,96,74,73.8,0,24.201025,100,200,73.2,73.3,0,23.817692,200,197,74.6,73.1,0,19.58042,200,100,73.4,73.5,0,28.778214,100,199,75.1,73.2,0,22.384188,200,102,72.5,72.6,0,30.400097,100,101,74.6,71.1,0,35.65644,100,101,73.7,71.7,0,36.069195,100,195,73.2,71.3,0,29.868048,200,101,73.2,73.1,0,22.539526,100,203,73.5,72.7,0,32.39799,200,205,74.1,73.5,0,28.386148,200,200,73.6,72.9,0,21.39781,200,96,72.8,73.4,0,30.23313,100,197,72.9,71.7,0,28.574953,200,198,72.1,72.5,0,26.818184,200,99,74.6,70.1,0,49.92785,100,202,73.2,70.8,0,39.569714,200,202,73.6,71.8,0,27.828333,200,0,73.8,73.5,0,0,0,201,74.5,72.4,0,28.71795,200,195,73.9,73.4,0,36.29666,200,201,74.6,72.9,0,27.489895,200,153,72.4,72.7,0,37.617134,150,206,73.9,73,0,35.721077,200,201,73.4,72,0,29.927973,200,102,74.9,71.2,0,49.94478,100,204,74.8,70,0,42.220314,200,204,74,72.6,0,35.587803,200,99,74.7,72.7,0,25.033665,100,201,73.8,72.9,0,26.470589,200,90,73.9,73.4,0,30.985052,100,98,74,73.6,0,27.817509,100,102,73.3,285.3,0,26.037968,100,207,73.9,72.6,0,32.610836,200,203,73.8,71.6,0,34.686123,200,101,75,73.1,0,32.452538,100,101,75.9,72.2,0,36.257435,100,196,73.9,72.4,0,31.257603,200,98,73,73.1,0,38.63424,100,202,73.3,70.6,0,48.63222,200,103,75,73.6,0,36.026157,100,106,73.4,72.4,0,33.565666,100,99,72.7,73.3,0,37.380295,100,204,73.7,72.5,0,36.095905,200,201,72.7,70.4,0,53.30678,200,195,74.8,74.3,0,40.373173,200,199,75,74,0,38.511703,200,100,74.6,74.2,0,50.92892,100,99,74.9,74,0,25.908163,100,102,73.3,73.5,0,38.230503,100,198,72.9,72.8,0,33.27413,200,205,74,72.5,0,29.842503,200,98,72.4,72.2,0,43.258762,100,197,73.2,71.6,0,37.987278,200,90.2,90.2,90.3,150.2,104.3,119.5,0.8,-0.1,29.7
20170729,630,68.4,98.1,32.48762669,27.2484025,263,50.2,44.7,5.6,76.4,71.2,-0.1,1.8,0,0,0,5,100,100,1,1,1,0,0,200,72,7.5,5.6,7.5,200,76.9,69.7,71.1,0,0,0,62.4,0,0,70.3,0,63.4,0.8125,67.6,0,0,-0.2,1.4,0,0,0,74.4,73.2,58.8,56.1,15,97.6,62.199997,20,0,72.9,1.01,63.4,0.8125,70,0,0,82.5,56.6,9.8,4.8,0.7,15,15,88.8,59.1,82.8,100,90.6,0,68.5,1.3,66.034485,65.534485,0,13.1,0,0,1,20.9,1,72,114,81.6,0,99.950874,2000,75.39443,63.124146,0,70.5,68.7,1,2200,31,74.7,76.1,0,100,260,1,72.5,75.5,0,0.035872295,0,-14,76.2,75.6,0,100,1850,1272,78.6,75.7,0,0,700,131,75,73.5,0,0,0,43,78,75.9,0,0.012298611,0,-1,77,76.2,0,0,0,36,73.3,76.3,0,0,0,41,74,75.6,0,0.02459117,0,5,73.5,77.6,0,100,950,-4,0,75.1,0,0,0,-4,74.2,74.6,0,0,0,101,74.7,66.1,0,39.183872,100,202,72.3,66.1,0,38.828285,200,202,72.8,65.4,0,40.215527,200,202,73.9,67.5,0,24.584557,200,96,74,71.1,0,24.201025,100,201,73.2,69.1,0,23.817692,200,196,74.7,69,0,19.58042,200,101,73.4,70.1,0,28.778214,100,198,75.1,69.3,0,22.384188,200,102,72.5,68.1,0,30.400097,100,100,74.6,64.7,0,35.65644,100,101,73.7,65.7,0,36.069195,100,197,73.2,65.3,0,29.868048,200,100,73.2,68.9,0,22.539526,100,203,73.5,67.7,0,32.39799,200,205,74.1,70.2,0,28.386148,200,201,73.6,68.6,0,21.39781,200,96,72.9,69.9,0,30.23313,100,192,72.9,65.9,0,28.574953,200,201,72.1,67.1,0,26.818184,200,99,74.5,63.4,0,49.92785,100,199,73.2,64.4,0,39.569714,200,203,73.6,65.8,0,27.828333,200,0,73.8,73.5,0,0,0,202,74.5,67,0,28.71795,200,195,73.9,69.5,0,36.29666,200,200,74.7,68.3,0,27.489895,200,152,72.4,68,0,37.617134,150,204,74,68,0,35.721077,200,200,73.4,66.2,0,29.927973,200,102,74.8,64.7,0,49.94478,100,204,74.8,63.5,0,42.220314,200,203,74,67.2,0,35.587803,200,98,74.7,68.1,0,25.033665,100,200,73.7,68.3,0,26.470589,200,89,73.9,69.6,0,30.985052,100,99,74,70,0,27.817509,100,100,73.3,284.9,0,26.037968,100,206,73.9,68,0,32.610836,200,203,73.7,66,0,34.686123,200,98,75,68.3,0,32.452538,100,100,75.9,67.2,0,36.257435,100,196,73.9,67.1,0,31.257603,200,97,73,68.7,0,38.63424,100,187,73,64.7,0,48.63222,200,102,74.9,70.5,0,36.026157,100,105,73.4,67.7,0,33.565666,100,99,72.8,69.8,0,37.380295,100,200,73.7,67.4,0,36.095905,200,197,72.7,64,0,53.30678,200,195,74.8,71.7,0,40.373173,200,198,74.9,70.5,0,38.511703,200,100,74.6,71.2,0,50.92892,100,99,74.9,70.6,0,25.908163,100,100,73.3,69.5,0,38.230503,100,199,72.9,67.9,0,33.27413,200,204,74,67.2,0,29.842503,200,98,72.4,66.6,0,43.258762,100,196,73.1,65.3,0,37.987278,200,90.2,90.3,90.4,148.2,104.3,119.4,1.2,0,29.7
20170729,635,68.4,96,32.13020508,27.2484025,264,47.5,43.5,5.6,74.8,71,-0.2,2.5,0,0,0,5,100,100,1,1,1,0,0,200,72,7.5,5.6,7.5,200,76.8,69.8,70.9,0,0,0,62.4,0,0,70.1,0,63.4,0.8125,67.6,0,0,-0.2,1.4,0,0,0,74.3,73.3,53.6,55.7,15,91.7,62.199997,20,0,73.1,0.98,63.4,0.8125,69.3,0,0,89.6,55.9,9.7,4.9,1.4,15,15,93.4,57.1,82,100,67.8,0,68.5,1.3,66.034485,65.534485,0,13,0,0,1,20.2,0,72,109,81.6,0,99.950874,2000,75.02775,63.65086,0,70.6,68.7,1,2200,25,74.7,76.1,0,100,260,1,72.5,75.5,0,0.035872295,0,-15,76.2,75.8,0,100,1850,1273,78.6,75.7,0,0,700,131,75,73.5,0,0,0,47,78,76.4,0,100,500,-1,76.9,76.2,0,0,0,38,73.3,76.3,0,0,0,42,74,75.6,0,0.02459117,0,4,73.5,77.6,0,100,950,-4,0,75.1,0,0,0,-4,74.2,74.6,0,0,0,101,74.7,60.5,0,39.183872,100,201,71.8,60.6,0,38.828285,200,202,72.3,60.2,0,40.215527,200,203,73.9,62.2,0,24.584557,200,97,74,67.3,0,24.201025,100,201,73.1,64.4,0,23.817692,200,200,74.6,64.3,0,19.58042,200,101,73.3,66.1,0,28.778214,100,197,75.1,64.9,0,22.384188,200,103,72.4,63.5,0,30.400097,100,101,74.5,59.2,0,35.65644,100,103,73.6,60.3,0,36.069195,100,198,73,59.7,0,29.868048,200,100,73.2,64.3,0,22.539526,100,204,73.4,62.5,0,32.39799,200,206,74,66.1,0,28.386148,200,204,73.5,63.9,0,21.39781,200,97,72.8,65.9,0,30.23313,100,199,72.7,60.4,0,28.574953,200,204,71.8,61.8,0,26.818184,200,99,74.3,57.7,0,49.92785,100,200,73.1,58.8,0,39.569714,200,203,73.5,60.1,0,27.828333,200,0,73.8,73.3,0,0,0,205,74.4,61.6,0,28.71795,200,195,73.8,64.9,0,36.29666,200,201,74.6,63.4,0,27.489895,200,152,72.2,63.2,0,37.617134,150,207,73.9,62.5,0,35.721077,200,202,73.3,60.5,0,29.927973,200,102,74.6,59,0,49.94478,100,204,74.5,58,0,42.220314,200,207,73.9,61.9,0,35.587803,200,99,74.7,63.2,0,25.033665,100,202,73.6,63.5,0,26.470589,200,91,73.7,65.2,0,30.985052,100,101,74,65.7,0,27.817509,100,100,73.2,285,0,26.037968,100,205,73.8,63,0,32.610836,200,201,73.4,60.7,0,34.686123,200,102,75,63,0,32.452538,100,100,75.9,62.1,0,36.257435,100,199,73.8,61.8,0,31.257603,200,97,73,63.9,0,38.63424,100,193,72.5,59.4,0,48.63222,200,102,74.9,66.6,0,36.026157,100,107,73.3,62.8,0,33.565666,100,98,72.6,65.7,0,37.380295,100,199,73.7,62.2,0,36.095905,200,199,72.4,58.5,0,53.30678,200,195,74.7,68.3,0,40.373173,200,198,74.8,66.2,0,38.511703,200,100,74.5,67.2,0,50.92892,100,99,74.8,66.4,0,25.908163,100,101,73.3,64.8,0,38.230503,100,197,72.7,62.9,0,33.27413,200,204,74,61.7,0,29.842503,200,98,72.1,61.2,0,43.258762,100,197,73,59.7,0,37.987278,200,90.2,90.3,90.3,148.2,104.4,119.7,1.2,0,29.71
20170729,640,68.3,94.5,31.80020379,27.2484025,264,47.1,44,5.6,75.9,73.1,-0.2,2.6,0,0,0,5,100,100,1,1,1,0,0,200,72,7.5,5.6,7.5,200,77,69.9,70.7,0,0,0,62.4,0,0,70.1,0,63.4,0.8125,66.8,0,0,-0.2,1.4,0,0,0,74.1,73.2,51.6,56,15,85,62.199997,20,0,72.9,0.99,63.4,0.8125,68.5,0,0,93.8,56.7,9.6,4.4,1.2,15,15,97.7,59.1,82.6,100,42.6,0,68.5,1.3,66.034485,65.534485,0,13.1,0,0,1,20.4,1,72,115,81.5,0,99.950874,2000,74.683136,64.14587,0,70.6,68.7,1,2200,26,74.7,76.1,0,100,260,1,72.5,75.5,0,0.035872295,0,-14,76.2,75.9,0,100,1850,1271,78.6,75.8,0,0,700,131,75,73.5,0,0,0,48,78.1,76.7,0,100,500,-1,76.9,76.2,0,0,0,36,73.3,76.3,0,0,0,41,74,75.5,0,0.02459117,0,4,73.5,77.6,0,100,950,-4,0,75.1,0,0,0,-4,74.1,74.6,0,0,0,101,74.6,57.3,0,39.183872,100,201,71.3,57.5,0,38.828285,200,202,71.7,57.2,0,40.215527,200,202,73.7,58.6,0,24.584557,200,96,74,64,0,24.201025,100,200,73,60.7,0,23.817692,200,199,74.5,60.8,0,19.58042,200,100,73,62.9,0,28.778214,100,198,75,61.3,0,22.384188,200,102,72.1,60.2,0,30.400097,100,101,74.4,56.2,0,35.65644,100,100,73.5,57.1,0,35.61526,100,197,72.9,56.5,0,29.868048,200,99,73.2,60.9,0,22.539526,100,202,73.3,59.1,0,32.39799,200,205,73.8,62.8,0,28.386148,200,203,73.4,60.5,0,21.39781,200,95,72.6,62.8,0,30.23313,100,186,72.4,57,0,28.574953,200,200,71.6,58.6,0,26.818184,200,98,74.2,54.8,0,49.92785,100,200,72.9,55.9,0,39.569714,200,202,73.4,56.7,0,27.828333,200,-1,73.8,73.2,0,0,0,201,74.3,58.1,0,28.71795,200,194,73.5,61.6,0,36.29666,200,200,74.6,59.9,0,27.489895,200,151,71.9,59.9,0,37.617134,150,204,73.9,58.9,0,35.721077,200,201,73.3,57.2,0,29.927973,200,102,74.4,55.9,0,49.94478,100,200,74.2,55.1,0,41.765934,200,203,73.8,58.3,0,35.587803,200,99,74.7,59.8,0,25.033665,100,201,73.5,59.9,0,26.470589,200,90,73.4,61.8,0,30.985052,100,102,73.9,62.4,0,27.817509,100,99,73.1,284.9,0,26.037968,100,202,73.7,59.4,0,32.610836,200,202,73.2,57.5,0,34.686123,200,102,74.9,59.3,0,32.452538,100,100,75.8,59,0,36.257435,100,198,73.7,58.2,0,31.257603,200,96,72.9,60.3,0,38.63424,100,177,71.8,56.3,0,48.63222,200,101,74.8,63.3,0,36.026157,100,97,73.2,59.4,0,33.565666,100,97,72.3,62.6,0,37.380295,100,196,73.6,58.5,0,36.095905,200,195,72,55.4,0,53.30678,200,195,74.5,65,0,40.373173,200,197,74.7,62.7,0,38.511703,200,100,74.4,63.7,0,50.92892,100,99,74.7,62.9,0,25.908163,100,101,73,61.3,0,38.230503,100,199,72.5,59.5,0,33.27413,200,202,73.9,58,0,29.172543,200,98,71.7,57.7,0,43.258762,100,197,72.8,56.4,0,37.987278,200,90.2,90.3,90.4,149.2,104.4,119.9,1.1,0,29.71
20170729,645,68.3,93.5,31.63349287,27.2484025,259,46.7,43.5,5.6,73.5,70.6,-0.1,2.75,0,0,0,5,100,100,1,1,1,0,0,200,72,7.5,5.6,7.5,200,76.7,69.5,70.2,0,0,0,62.4,0,0,69.9,0,63.4,0.8125,65.8,0,0,-0.2,1.4,0,0,0,73.9,73.1,51,55.8,15,78.3,62.199997,20,0,72.7,0.99,63.4,0.8125,67.6,0,0,96.7,56.3,9.6,4.7,0.8,15,15,100,63.1,82.6,100,29.7,0,68.5,1.3,66.034485,65.534485,0,12.9,0,0,0,20,1,72,115,81.6,0,99.950874,2000,74.35724,64.61399,0,70.6,68.8,1,2200,31,74.7,76.1,0,100,260,1,72.5,75.5,0,0.035872295,0,-14,76.2,75.9,0,100,1850,1269,78.7,75.8,0,0,700,130,75,73.5,0,0,0,50,78.1,76.8,0,100,500,-1,76.9,76.2,0,40.548855,250,37,73.2,76.2,0,0,0,40,74,75.5,0,0.02459117,0,5,73.5,77.5,0,100,950,-4,0,75.1,0,0,0,-4,74.1,74.6,0,0,0,102,74.5,55.4,0,39.183872,100,202,70.8,55.7,0,38.828285,200,203,71.2,55.6,0,40.215527,200,205,73.5,56.5,0,24.584557,200,97,73.9,61.5,0,24.201025,100,202,72.8,58.3,0,23.376623,200,202,74.3,58.5,0,19.58042,200,101,72.8,60.6,0,28.778214,100,197,74.9,59,0,22.384188,200,102,71.9,58,0,30.400097,100,102,74.3,54.7,0,35.65644,100,101,73.4,55.5,0,35.61526,100,200,72.7,54.9,0,29.868048,200,99,73.1,58.7,0,22.539526,100,204,73.1,57,0,32.39799,200,207,73.7,60.4,0,28.386148,200,204,73.3,58.2,0,21.39781,200,97,72.4,60.7,0,30.23313,100,205,72.2,55.1,0,28.574953,200,208,71.3,56.8,0,26.818184,200,100,74.1,53.6,0,49.92785,100,201,72.7,54.5,0,39.569714,200,203,73.2,54.9,0,27.828333,200,0,73.7,73.1,0,0,0,205,74.2,56.1,0,28.71795,200,196,73.3,59.4,0,36.29666,200,204,74.5,57.7,0,27.489895,200,153,71.6,57.8,0,37.617134,150,204,73.8,56.6,0,35.721077,200,200,73.2,55.2,0,29.927973,200,102,74.2,54.4,0,49.94478,100,202,73.9,53.9,0,41.765934,200,209,73.6,56.2,0,35.587803,200,100,74.6,57.7,0,25.033665,100,202,73.3,57.6,0,26.470589,200,91,73.1,59.4,0,30.985052,100,101,73.8,60.1,0,27.817509,100,101,72.8,285,0,26.037968,100,200,73.6,57.1,0,32.610836,200,204,73,55.7,0,34.686123,200,101,74.8,57.1,0,32.452538,100,100,75.8,57.5,0,36.257435,100,201,73.6,56.2,0,31.257603,200,96,72.9,57.9,0,38.63424,100,190,71.2,54.7,0,48.63222,200,102,74.7,60.9,0,36.026157,100,108,73,57.2,0,33.565666,100,98,72.1,60.4,0,37.380295,100,195,73.5,56.3,0,36.095905,200,202,71.6,54,0,53.30678,200,196,74.4,62.3,0,40.373173,200,198,74.4,60.2,0,38.511703,200,101,74.2,61.1,0,50.92892,100,99,74.5,60.3,0,25.908163,100,101,72.7,58.9,0,38.230503,100,199,72.3,57.4,0,33.27413,200,203,73.8,55.9,0,29.172543,200,98,71.4,55.8,0,43.258762,100,196,72.6,54.8,0,37.987278,200,90.2,90.3,90.4,149.2,104.5,119.7,1.2,0,29.71
20170729,650,68.2,93.3,31.52218788,27.2484025,261,46.8,43.9,5.6,73,70,-0.2,2.8,0,0,0,5,100,100,1,1,1,0,0,200,72,7.5,5.6,7.5,200,76.5,69.3,69.8,0,0,0,62.4,0,0,69.6,0,63.4,0.8125,65.1,0,0,-0.2,1.4,0,0,0,73.8,72.9,50.8,55.5,15,71.6,62.199997,20,0,72.6,1,63.4,0.8125,66.8,0,0,97.7,56.3,10,4.4,1.3,15,15,99.5,63.1,82.6,100,26.6,0,68.5,1.3,66.034485,65.534485,0,12.8,0,0,0,20,0,72,118,81.7,0,99.950874,2000,74.05341,65.05041,0,70.6,68.7,1,2200,23,74.7,76,0,100,260,1,72.5,75.5,0,0.035872295,0,-15,76.2,76,0,100,1850,1272,78.7,75.8,0,0,700,130,75,73.5,0,0,0,49,78.1,76.8,0,100,500,-1,76.9,76.5,0,100,250,39,73.2,76.3,0,0,0,40,74,75.5,0,0.02459117,0,5,73.5,77.5,0,100,950,-5,0,75.1,0,0,0,-4,74.1,74.6,0,0,0,103,74.4,54.4,0,39.183872,100,204,70.5,54.7,0,38.828285,200,204,70.8,54.6,0,40.215527,200,208,73.4,55.2,0,24.584557,200,98,73.9,59.7,0,24.201025,100,206,72.6,56.7,0,23.376623,200,206,74.1,56.9,0,19.58042,200,102,72.6,58.9,0,28.778214,100,200,74.8,57.4,0,22.384188,200,104,71.6,56.6,0,30.400097,100,101,74.2,53.9,0,35.65644,100,102,73.2,54.5,0,35.61526,100,202,72.5,54,0,29.868048,200,101,73,57.3,0,22.539526,100,207,72.9,55.7,0,32.39799,200,209,73.5,58.7,0,28.386148,200,207,73.1,56.7,0,21.39781,200,100,72.2,59.1,0,30.23313,100,223,71.9,54,0,28.574953,200,210,71.1,55.8,0,26.818184,200,102,74,52.9,0,49.92785,100,203,72.6,53.7,0,39.569714,200,203,73.1,54,0,27.828333,200,-1,73.7,73,0,0,0,205,74.1,54.9,0,28.71795,200,199,73.1,57.9,0,36.29666,200,206,74.4,56.1,0,27.489895,200,156,71.3,56.4,0,37.617134,150,207,73.7,55.2,0,35.721077,200,206,73.1,54.1,0,29.927973,200,103,74.1,53.5,0,49.94478,100,203,73.7,53.1,0,41.765934,200,208,73.5,55,0,35.587803,200,101,74.5,56.3,0,25.033665,100,204,73.1,56.2,0,26.470589,200,92,72.9,57.8,0,30.985052,100,101,73.7,58.5,0,27.817509,100,102,72.6,285,0,26.037968,100,204,73.5,55.7,0,32.610836,200,208,72.8,54.6,0,34.686123,200,104,74.7,55.7,0,32.452538,100,102,75.8,56.5,0,36.257435,100,203,73.5,55,0,31.257603,200,98,72.8,56.4,0,38.63424,100,232,70.6,53.6,0,48.63222,200,104,74.7,59,0,36.026157,100,123,72.8,55.8,0,33.565666,100,100,71.9,58.9,0,37.380295,100,203,73.4,55,0,36.095905,200,211,71.3,53.1,0,53.30678,200,198,74.2,60.3,0,40.373173,200,200,74.1,58.4,0,38.511703,200,102,74.1,59.2,0,50.92892,100,101,74.4,58.5,0,25.908163,100,104,72.5,57.3,0,38.230503,100,199,72.1,56.1,0,33.27413,200,205,73.8,54.6,0,29.172543,200,99,71,54.6,0,43.258762,100,198,72.4,53.7,0,37.987278,200,90.2,90.3,90.5,147.2,104.5,119.8,3.2,-0.3,29.71
20170729,655,68.1,94,31.56022156,27.2484025,257,46.7,43.9,5.6,76,73.8,-0.1,2.85,0,0,0,5,100,100,1,1,1,0,0,200,72,7.5,5.6,7.5,200,76.3,69.4,69.6,0,0,0,62.4,0,0,69.6,0,63.4,0.8125,65.1,0,0,-0.2,1.4,0,0,0,73.7,72.7,50.7,55.8,15,64.8,62.199997,20,0,72.4,0.98,63.4,0.8125,66,0,0,98.5,56.8,9.9,4.9,1,15,15,98.2,63.1,82.6,100,23.3,0,68.5,1.3,66.034485,65.534485,0,12.9,0,0,1,20.1,1,72,118,81.6,0,99.950874,2000,73.77146,65.45542,0,70.6,68.7,1,2200,23,74.7,76,0,100,260,1,72.5,75.5,0,0.035872295,0,-15,76.3,76,0,100,1850,1274,78.7,75.9,0,0,700,130,75,73.5,0,0,0,47,78.1,76.8,0,100,500,-1,76.9,76.6,0,100,250,38,73.2,76.2,0,0,0,42,74,75.5,0,0.02459117,0,4,73.5,77.5,0,100,950,-5,0,75.1,0,0,0,-4,74.1,74.6,0,0,0,102,74.3,53.8,0,39.183872,100,203,70.2,54.1,0,38.828285,200,203,70.5,54.1,0,40.215527,200,205,73.2,54.5,0,24.584557,200,98,73.9,58.4,0,24.201025,100,202,72.5,55.8,0,23.376623,200,202,74,55.8,0,19.58042,200,101,72.4,57.8,0,28.778214,100,195,74.7,56.3,0,22.384188,200,103,71.5,55.6,0,30.400097,100,102,74.1,53.5,0,35.65644,100,102,73.1,54.1,0,35.61526,100,202,72.3,53.5,0,29.868048,200,100,73,56.4,0,22.539526,100,204,72.8,54.9,0,32.39799,200,207,73.4,57.5,0,28.386148,200,206,72.9,55.7,0,21.39781,200,98,72,58.2,0,30.23313,100,195,71.6,53.4,0,28.574953,200,200,70.9,55.2,0,26.818184,200,100,74,52.6,0,49.92785,100,201,72.4,53.3,0,39.569714,200,203,73,53.5,0,27.828333,200,-1,73.7,72.9,0,0,0,206,74,54.2,0,28.71795,200,197,73,56.9,0,36.29666,200,203,74.3,55.2,0,27.489895,200,154,71,55.6,0,37.617134,150,205,73.7,54.5,0,35.721077,200,200,72.9,53.6,0,29.927973,200,103,74,53.2,0,49.94478,100,202,73.5,52.7,0,41.765934,200,209,73.4,54.3,0,35.587803,200,100,74.5,55.4,0,25.033665,100,202,73,55.2,0,26.470589,200,91,72.6,56.6,0,30.985052,100,100,73.6,57.4,0,27.817509,100,101,72.4,285.1,0,26.037968,100,204,73.4,54.9,0,32.610836,200,207,72.7,54,0,34.686123,200,102,74.7,55,0,32.452538,100,100,75.8,56.1,0,36.257435,100,202,73.4,54.3,0,31.257603,200,97,72.8,55.5,0,38.63424,100,202,70.1,53.1,0,48.63222,200,103,74.6,57.8,0,36.026157,100,110,72.7,54.9,0,33.565666,100,98,71.7,57.9,0,37.380295,100,200,73.3,54.2,0,36.095905,200,200,70.9,52.6,0,53.30678,200,198,74.1,58.9,0,40.373173,200,199,73.9,57.2,0,38.511703,200,101,73.9,57.9,0,50.92892,100,100,74.2,57.3,0,25.908163,100,102,72.3,56.2,0,38.230503,100,200,71.9,55.4,0,33.27413,200,199,73.7,53.9,0,28.725904,200,98,70.7,54,0,43.258762,100,197,72.3,53.2,0,37.987278,200,90.2,90.3,90.5,147.2,104.5,119.8,3.1,0,29.71
20170729,700,68,93.4,31.38324624,27.2484025,259,46.4,43.5,5.6,73.5,71.5,-0.1,2.9,0,0,0,5,100,100,1,1,1,0,0,200,72,7.5,5.6,7.5,200,76.3,69.3,69.4,0,0,0,62.4,0,0,69.6,0,63.4,0.8125,64.8,0,0,-0.2,1.4,0,0,0,73.6,72.7,50.9,55.9,15,58,62.199997,20,0,72.3,1,63.4,0.8125,65.1,0,0,99.5,56.9,9.9,4.5,1.5,15,15,97.4,63.1,82.6,100,20.4,0,68.5,1.3,66.034485,65.534485,0,13,0,0,0,20,0,72,110,81.6,0,99.950874,2000,73.509476,65.83175,0,70.6,68.7,1,2200,23,74.7,75.9,0,100,260,1,72.5,75.6,0,0.035872295,0,-15,76.3,76,0,100,1850,1273,78.7,75.8,0,0,700,130,75,73.4,0,0,0,47,78.1,76.7,0,100,500,-1,76.9,76.7,0,100,250,35,73.2,76.2,0,0,0,42,74,75.4,0,0.02459117,0,4,73.5,77.5,0,100,950,-5,0,75.1,0,0,0,-4,74.1,74.6,0,0,0,102,74.2,53.6,0,39.183872,100,203,69.9,53.9,0,38.828285,200,204,70.3,53.8,0,40.215527,200,205,73.1,54.1,0,24.584557,200,98,73.8,57.5,0,24.201025,100,202,72.4,55.1,0,23.376623,200,206,73.8,55,0,19.58042,200,101,72.3,57.1,0,28.778214,100,195,74.6,55.7,0,22.384188,200,104,71.3,55.1,0,30.400097,100,102,74,53.4,0,35.65644,100,102,73,53.8,0,35.61526,100,202,72.1,53.3,0,29.868048,200,99,72.9,55.8,0,22.539526,100,204,72.6,54.4,0,32.39799,200,207,73.2,56.6,0,28.386148,200,203,72.8,55.1,0,21.39781,200,98,71.8,57.4,0,30.23313,100,190,71.4,53.1,0,28.574953,200,200,70.7,55,0,26.818184,200,100,73.9,52.5,0,49.92785,100,202,72.3,53.2,0,39.569714,200,204,72.9,53.2,0,27.828333,200,-1,73.7,72.8,0,0,0,205,73.9,53.7,0,28.71795,200,196,72.8,56.2,0,36.29666,200,204,74.2,54.6,0,27.489895,200,154,70.7,55.1,0,37.617134,150,206,73.6,54,0,35.721077,200,200,72.8,53.3,0,29.927973,200,103,73.9,53,0,49.94478,100,202,73.3,52.6,0,41.765934,200,207,73.3,54,0,35.587803,200,100,74.4,54.9,0,25.033665,100,206,72.8,54.7,0,26.470589,200,92,72.4,55.9,0,30.985052,100,103,73.5,56.6,0,27.817509,100,102,72.2,285.1,0,26.037968,100,203,73.3,54.4,0,32.610836,200,205,72.5,53.7,0,34.686123,200,105,74.6,54.6,0,32.452538,100,149,75.8,55.9,0,41.174595,700,201,73.3,54,0,31.257603,200,97,72.7,55,0,38.63424,100,205,69.7,52.8,0,48.63222,200,102,74.5,57,0,36.026157,100,118,72.5,54.4,0,33.565666,100,98,71.5,57.3,0,37.380295,100,200,73.2,53.9,0,36.095905,200,201,70.6,52.5,0,53.30678,200,198,74,57.8,0,40.373173,200,198,73.7,56.3,0,38.511703,200,101,73.8,57,0,50.92892,100,100,74.1,56.5,0,25.908163,100,103,72.2,55.5,0,38.230503,100,201,71.7,55,0,33.27413,200,199,73.6,53.5,0,28.725904,200,98,70.4,53.7,0,43.258762,100,197,72.1,53,0,37.987278,200,90.3,90.3,90.6,148.2,104.6,120,3.2,-0.2,29.71
20170729,705,68.1,92.8,31.36167391,26.40444667,256,46.2,43.6,5.6,76.6,73.2,-0.2,2.75,0,0,0,5,100,100,1,1,1,0,0,200,72,7.5,5.6,7.5,200,76.3,69.2,69,0,0,0,62.4,0,0,69.5,0,63.4,0.8125,64.4,0,0,-0.2,1.4,0,0,0,73.4,72.4,51.2,56.5,15,51.6,62.199997,20,0,72,1.01,63.4,0.8125,64.8,0,0,99.8,57.5,9.9,4.5,1.5,15,15,96.8,63.1,82.6,100,17.8,0,68.5,1.3,66.034485,65.534485,0,13.1,0,0,1,21.8,0,72,113,81.6,0,99.950874,2000,73.26767,66.17908,0,70.6,68.8,1,2200,26,74.7,75.8,0,100,260,1,72.5,75.5,0,0.035872295,0,-15,76.3,75.9,0,100,1850,1272,78.7,75.9,0,0,700,131,75,73.4,0,0,0,48,78.2,76.7,0,100,500,-1,76.9,76.6,0,100,250,39,73.3,76.2,0,0,0,43,74,75.4,0,0.02459117,0,4,73.5,77.5,0,100,950,-5,0,75.1,0,0,0,-5,74.1,74.6,0,0,0,103,74.1,53.6,0,38.040806,100,204,69.6,53.9,0,38.374798,200,204,70.1,53.9,0,39.774673,200,208,73,54,0,24.584557,200,98,73.7,56.9,0,24.201025,100,204,72.2,54.8,0,23.376623,200,209,73.7,54.7,0,19.58042,200,103,72.1,56.6,0,28.778214,100,199,74.5,55.4,0,22.384188,200,102,71.2,54.8,0,29.860088,100,103,73.9,53.6,0,35.374233,100,105,72.9,53.9,0,35.61526,100,206,72,53.3,0,29.868048,200,101,72.8,55.5,0,22.539526,100,207,72.5,54.3,0,32.39799,200,210,73.1,56.2,0,28.386148,200,206,72.7,54.8,0,21.39781,200,100,71.6,57,0,30.23313,100,195,71.2,53.2,0,28.574953,200,206,70.6,54.9,0,26.818184,200,103,73.8,52.8,0,49.92785,100,206,72.2,53.4,0,39.569714,200,207,72.8,53.3,0,27.828333,200,-1,73.6,72.6,0,0,0,205,73.8,53.7,0,28.71795,200,199,72.6,55.8,0,36.29666,200,206,74.1,54.3,0,27.489895,200,156,70.4,54.9,0,37.166847,150,210,73.5,53.9,0,35.721077,200,206,72.7,53.3,0,29.927973,200,103,73.8,53.2,0,49.94478,100,204,73.1,52.8,0,41.765934,200,212,73.2,53.9,0,35.587803,200,101,74.3,54.7,0,25.033665,100,207,72.7,54.5,0,26.470589,200,94,72.1,55.5,0,30.985052,100,103,73.5,56.2,0,27.817509,100,106,72,284.9,0,26.037968,100,206,73.2,54.3,0,32.610836,200,209,72.4,53.7,0,34.686123,200,102,74.5,54.5,0,32.452538,100,670,75.1,53.1,0,66.46134,668.7366,204,73.1,53.9,0,31.257603,200,97,72.7,54.8,0,38.63424,100,215,69.3,52.9,0,48.63222,200,104,74.5,56.4,0,36.026157,100,117,72.4,54.2,0,33.565666,100,99,71.4,57,0,37.380295,100,201,73.1,53.8,0,36.095905,200,206,70.4,52.6,0,53.30678,200,201,73.9,57.2,0,40.373173,200,201,73.5,55.9,0,38.511703,200,102,73.6,56.5,0,50.92892,100,101,73.9,56.1,0,25.908163,100,105,72,55.3,0,38.230503,100,204,71.5,54.9,0,33.27413,200,203,73.5,53.5,0,28.725904,200,99,70.3,53.7,0,43.258762,100,199,72,53.1,0,37.987278,200,90.3,90.4,90.5,147.2,104.6,120,1.2,0.6,29.71
20170729,710,68,91.5,31.07016091,26.40444667,251,45.6,43.6,5.6,73.5,72,-0.1,2.6,0,0,0,5,100,100,1,1,1,0,0,200,72,7.5,5.6,7.5,200,76.2,69.2,68.7,0,0,0,62.4,0,0,69.3,0,63.4,0.8125,64.2,0,0,-0.2,1.4,0,0,0,73.4,72.6,52.3,56.8,15,45.7,62.199997,20,0,72.1,1,63.4,0.8125,64.2,0,0,99.8,57.6,9.8,4.4,0.9,15,15,95.8,63.1,82.6,100,15.5,0,68.5,1.3,66.034485,65.534485,0,13,0,0,0,20,0,72,116,81.6,0,99.950874,2000,73.04766,66.49511,0,70.6,68.8,1,2200,17,74.7,75.7,0,100,260,1,72.5,75.5,0,0.035872295,0,-15,76.3,75.9,0,100,1850,1272,78.7,75.9,0,0,700,131,75,73.4,0,0,0,46,78.2,76.7,0,100,500,-1,76.9,76.7,0,100,250,38,73.3,76.2,0,0,0,42,74,75.4,0,0.02459117,0,5,73.5,77.5,0,100,950,-4,0,75,0,0,0,-5,74.1,74.6,0,0,0,103,74.1,54.1,0,38.040806,100,204,69.4,54.4,0,38.374798,200,202,69.9,54.4,0,39.774673,200,210,72.9,54.3,0,24.584557,200,98,73.7,56.7,0,24.201025,100,205,72.1,54.9,0,23.376623,200,207,73.6,54.8,0,19.138756,200,103,72,56.6,0,28.778214,100,199,74.4,55.4,0,22.384188,200,102,71.1,55,0,29.860088,100,102,73.9,54.2,0,35.374233,100,102,72.8,54.4,0,35.61526,100,205,71.8,53.9,0,29.868048,200,101,72.8,55.7,0,22.539526,100,209,72.3,54.6,0,32.39799,200,206,72.9,56.1,0,28.386148,200,208,72.6,54.9,0,21.39781,200,100,71.5,57,0,30.23313,100,222,71,53.6,0,28.574953,200,207,70.4,55.3,0,26.35135,200,103,73.6,53.5,0,49.92785,100,203,72,54,0,39.569714,200,208,72.6,53.8,0,27.828333,200,-1,73.6,72.5,0,0,0,206,73.7,54,0,28.71795,200,200,72.4,55.9,0,36.29666,200,206,74,54.5,0,27.489895,200,156,70.3,55.1,0,37.166847,150,209,73.4,54.2,0,35.721077,200,206,72.6,53.8,0,29.927973,200,103,73.7,53.8,0,49.94478,100,204,72.9,53.5,0,41.765934,200,211,73.1,54.3,0,35.587803,200,103,74.3,54.8,0,25.033665,100,208,72.6,54.6,0,26.470589,200,92,71.9,55.5,0,30.985052,100,101,73.4,56.2,0,27.817509,100,97,71.8,285.1,0,25.425598,100,207,73.1,54.5,0,32.610836,200,209,72.3,54.2,0,34.686123,200,102,74.5,54.8,0,32.452538,100,553,74.4,53.7,0,62.871708,555.5959,203,73,54.3,0,31.257603,200,97,72.6,55,0,38.63424,100,226,68.8,53.4,0,48.63222,200,104,74.4,56.2,0,36.026157,100,127,72.2,54.4,0,33.565666,100,99,71.3,57,0,37.380295,100,197,73,54.2,0,36.095905,200,208,70.2,53.3,0,53.30678,200,201,73.8,56.9,0,40.373173,200,201,73.3,55.9,0,38.511703,200,103,73.5,56.3,0,50.92892,100,103,73.8,56,0,25.908163,100,105,71.8,55.4,0,38.230503,100,203,71.4,55.2,0,33.27413,200,202,73.5,53.8,0,28.725904,200,99,70.1,54.1,0,43.258762,100,200,71.9,53.6,0,37.987278,200,90.3,90.4,90.7,149.2,104.7,120.1,1.1,-0.1,29.71
20170729,715,67.9,91.9,31.05435601,26.40444667,249,45.3,43.5,5.6,74.8,72,-0.1,2.5,0,0,0,5,100,100,1,1,1,0,0,200,72,7.5,5.6,7.5,200,76.1,69.1,68.2,0,0,0,62.4,0,0,69.2,0,63.4,0.8125,63.6,0,0,-0.2,1.4,0,0,0,73.3,72.4,54.7,56.8,15,40.9,62.199997,20,0,71.8,0.98,63.4,0.8125,63.6,0,0,99.8,58,9.8,4.4,1.3,15,15,94.2,63.1,82.6,100,14.1,0,68.5,1.3,66.034485,65.534485,0,13,0,0,1,20.4,0,72,111,81.7,0,99.950874,2000,72.8486,66.78104,0,70.6,68.8,1,2200,18,74.7,75.7,0,100,260,1,72.5,75.5,0,0.035872295,0,-16,76.3,75.9,0,100,1850,1273,78.8,75.9,0,0,700,130,75,73.4,0,0,0,47,78.2,76.6,0,100,500,-1,76.8,76.7,0,100,250,37,73.3,76.2,0,0,0,42,74,75.4,0,0.02459117,0,5,73.5,77.4,0,100,950,-4,0,75.1,0,0,0,-4,74.1,74.6,0,0,0,100,74,55.5,0,38.040806,100,201,69.3,55.8,0,38.374798,200,202,69.8,55.9,0,39.774673,200,205,72.8,55.4,0,24.584557,200,99,73.6,57.1,0,24.201025,100,200,72,55.7,0,23.376623,200,202,73.5,55.6,0,19.138756,200,101,71.9,57.3,0,28.778214,100,198,74.3,56.3,0,22.384188,200,100,71,56,0,29.860088,100,102,73.8,55.7,0,35.374233,100,103,72.7,55.8,0,35.61526,100,203,71.7,55.4,0,29.868048,200,101,72.7,56.5,0,22.539526,100,203,72.2,55.7,0,32.39799,200,210,72.8,56.6,0,28.386148,200,203,72.5,55.7,0,21.39781,200,98,71.4,57.6,0,30.23313,100,194,70.8,55,0,28.574953,200,204,70.3,56.4,0,26.35135,200,99,73.5,55.2,0,49.49495,100,201,71.9,55.6,0,39.569714,200,203,72.5,55.2,0,27.828333,200,-1,73.5,72.4,0,0,0,206,73.6,55.3,0,28.71795,200,196,72.3,56.6,0,36.29666,200,203,73.9,55.3,0,27.489895,200,153,70.2,56.2,0,37.166847,150,211,73.3,55.3,0,35.721077,200,202,72.5,55.1,0,29.927973,200,103,73.6,55.3,0,49.94478,100,202,72.8,55.3,0,41.765934,200,205,73,55.5,0,35.587803,200,100,74.2,55.8,0,25.033665,100,207,72.4,55.5,0,26.470589,200,91,71.8,56.1,0,30.985052,100,100,73.3,56.8,0,27.817509,100,95,71.6,285,0,25.425598,100,208,73,55.5,0,32.610836,200,206,72.2,55.5,0,34.686123,200,103,74.4,55.8,0,32.452538,100,440,74,55.4,0,59.005947,445.46765,200,73,55.4,0,31.257603,200,97,72.6,55.9,0,38.63424,100,187,68.6,54.9,0,48.63222,200,102,74.3,56.7,0,36.026157,100,107,72.1,55.4,0,33.565666,100,97,71.2,57.7,0,37.380295,100,202,72.9,55.4,0,36.095905,200,191,70.1,55,0,52.918983,200,200,73.8,57.1,0,40.373173,200,199,73.2,56.5,0,38.511703,200,101,73.4,56.8,0,50.92892,100,101,73.7,56.5,0,25.908163,100,103,71.7,56.2,0,38.230503,100,204,71.2,56.3,0,33.27413,200,201,73.4,55,0,28.725904,200,98,70,55.4,0,43.258762,100,198,71.7,55,0,37.987278,200,90.3,90.4,90.7,148.2,104.7,120.2,3,-0.2,29.72
20170729,720,67.9,91.8,31.03794803,26.40444667,245,43.9,42.2,5.6,73.1,71.4,-0.1,2.4,0,0,0,5,100,100,1,1,1,0,0,200,72,7.5,5.6,7.5,200,76,69,68.1,1,0,0,62.4,0,0,69.1,0,63.4,1,63.3,0,0,25.6,6.1,0,0,0,73.3,72.2,57.2,56.4,15,37.5,62.199997,20,0,71.8,1,63.4,1,63.3,0,0,99.8,56.7,9.9,4.5,1.1,15,15,92.1,65.1,82.6,100,13.2,0,68.5,1.3,66.034485,65.534485,0,13,0,0,0,20,0,72,113,81.6,0,99.950874,2000,72.67107,67.03687,0,70.6,68.9,1,2200,22,74.7,75.7,0,100,260,1,72.5,75.6,0,0.035872295,0,-15,76.3,75.9,0,100,1850,1273,78.8,75.9,0,0,700,130,75,73.4,0,100,976.1938,46,78.2,76.6,0,100,500,-1,76.8,76.7,0,100,250,39,73.3,76.2,0,0,0,41,73.9,75.4,0,0.02459117,0,4,73.5,77.4,0,100,950,-4,0,75.1,0,0,0,-5,74.1,74.6,0,0,0,102,73.9,57.3,0,38.040806,100,203,69.3,57.7,0,38.374798,200,203,69.9,57.7,0,39.774673,200,208,72.7,57.2,0,24.584557,200,99,73.5,58,0,24.201025,100,205,71.9,57.2,0,23.376623,200,205,73.4,57,0,19.138756,200,102,71.8,58.4,0,28.778214,100,198,74.2,57.6,0,22.384188,200,102,70.9,57.5,0,29.860088,100,102,73.8,57.7,0,35.374233,100,102,72.6,57.6,0,35.61526,100,206,71.6,57.3,0,29.868048,200,101,72.7,57.9,0,22.539526,100,205,72.1,57.3,0,32.39799,200,206,72.7,57.7,0,28.386148,200,207,72.4,57.1,0,21.39781,200,99,71.3,58.7,0,30.23313,100,206,70.8,56.8,0,28.574953,200,204,70.2,58,0,26.35135,200,102,73.5,57.3,0,49.49495,100,204,71.9,57.6,0,39.569714,200,205,72.4,57.1,0,27.828333,200,-1,73.5,72.2,0,0,0,208,73.5,57,0,28.71795,200,197,72.2,57.9,0,36.29666,200,205,73.8,56.9,0,27.489895,200,156,70,57.7,0,37.166847,150,206,73.3,57,0,35.721077,200,204,72.4,57,0,29.927973,200,103,73.6,57.3,0,49.94478,100,203,72.6,57.4,0,41.765934,200,206,73,57.2,0,35.587803,200,101,74.1,57.3,0,25.033665,100,210,72.4,57,0,26.470589,200,91,71.6,57.4,0,30.985052,100,102,73.3,57.9,0,27.817509,100,97,71.5,285,0,25.425598,100,209,72.9,57.1,0,32.610836,200,209,72.1,57.3,0,34.686123,200,102,74.3,57.4,0,32.452538,100,299,73.9,57.6,0,50.106205,292.87762,204,72.9,57.1,0,31.257603,200,98,72.5,57.4,0,38.63424,100,215,68.4,56.9,0,48.63222,200,104,74.3,57.7,0,36.026157,100,117,72,57,0,33.565666,100,99,71,58.9,0,37.380295,100,205,72.8,57.1,0,36.095905,200,204,70,57,0,52.918983,200,201,73.7,58,0,40.373173,200,200,73.1,57.6,0,38.511703,200,102,73.3,57.8,0,50.92892,100,102,73.6,57.7,0,25.908163,100,105,71.6,57.6,0,38.230503,100,202,71.2,57.9,0,33.27413,200,201,73.3,56.8,0,28.725904,200,99,70,57.2,0,43.258762,100,200,71.7,57,0,37.987278,200,90.3,90.4,90.7,149.2,104.7,120.3,1.2,0.1,29.72
20170729,725,67.9,91.9,31.05435601,26.40444667,240,42.8,41.5,5.6,74.7,73.3,-0.1,2.05,0,0,0,5,100,100,1,1,1,0,0,200,72,7.5,5.6,7.5,200,75.2,69.9,67.3,79.8,62.8,0,62.4,79.8,0,70.6,1.3,63.4,1.125,66.5,0,0,43,11.6,0,0,0,73.2,72.5,58.7,56.5,15,34.9,62.199997,20,0,72.4,1.01,63.4,1.125,63.3,0,0,99.7,56.3,9.9,4.8,1.4,15,15,90.5,65.1,82.6,100,12,0,68.5,1.3,66.034485,65.534485,0,13,0,0,0,20,1,72,2004,70.3,0,88.676,2000,72.51336,67.2626,0,70.6,71.1,1,6873.1655,240,74.3,69.5,0,50.66871,260,1,72.5,75.6,0,0.035872295,0,1929,76.2,69.6,0,84.07079,1850,664,78.8,75.8,0,15.44871,700,807,74.2,69.8,0,51.694916,831.3774,485,77.3,70,0,58.5999,500,245,76.3,70.4,0,92.860664,250,37,73.2,76.2,0,0,0,42,73.9,75.4,0,0.02459117,0,693,73.2,71.9,0,100,950,-4,0,75.1,0,0,0,-4,74,74.6,0,0,0,101,73.9,58.8,0,38.040806,100,203,69.3,59.1,0,38.374798,200,201,69.9,59.1,0,39.774673,200,209,72.7,58.6,0,24.584557,200,99,73.5,59.1,0,24.201025,100,204,71.9,58.5,0,23.376623,200,206,73.3,58.3,0,19.138756,200,102,71.8,59.6,0,28.778214,100,199,74.1,58.9,0,22.384188,200,101,71,58.7,0,29.860088,100,102,73.7,59.1,0,35.374233,100,102,72.5,59.1,0,35.61526,100,203,71.6,58.7,0,29.868048,200,102,72.6,59.1,0,22.539526,100,204,72.1,58.7,0,32.39799,200,205,72.6,58.8,0,28.386148,200,204,72.4,58.3,0,21.39781,200,99,71.2,59.7,0,30.23313,100,195,70.7,58.3,0,28.574953,200,204,70.1,59.3,0,26.35135,200,101,73.5,58.7,0,49.49495,100,201,71.8,59,0,39.569714,200,204,72.4,58.5,0,27.828333,200,-1,73.5,72.1,0,0,0,206,73.4,58.5,0,28.71795,200,198,72.1,59.2,0,36.29666,200,205,73.8,58.2,0,27.489895,200,154,70,59,0,37.166847,150,205,73.2,58.5,0,35.721077,200,203,72.3,58.4,0,29.927973,200,103,73.5,58.8,0,49.94478,100,202,72.6,58.8,0,41.765934,200,206,72.9,58.7,0,35.587803,200,102,74.1,58.6,0,25.033665,100,208,72.3,58.3,0,26.470589,200,92,71.6,58.7,0,30.985052,100,100,73.3,59.1,0,27.817509,100,96,71.5,284.9,0,25.425598,100,209,72.9,58.5,0,32.610836,200,210,72.1,58.8,0,34.686123,200,103,74.3,58.8,0,32.452538,100,148,73.8,59.2,0,38.487682,110.44086,206,72.8,58.5,0,31.257603,200,98,72.5,58.7,0,38.63424,100,227,68.4,58.3,0,48.63222,200,105,74.2,58.9,0,36.026157,100,124,71.9,58.4,0,33.565666,100,100,71,60.1,0,37.380295,100,204,72.7,58.6,0,36.095905,200,207,70,58.5,0,52.918983,200,200,73.7,59,0,40.373173,200,200,73.1,58.9,0,38.511703,200,103,73.3,59,0,50.92892,100,103,73.5,58.9,0,25.908163,100,104,71.6,58.9,0,38.230503,100,203,71.1,59.2,0,33.27413,200,202,73.3,58.2,0,28.725904,200,99,69.9,58.6,0,43.258762,100,199,71.6,58.5,0,37.987278,200,90.3,90.4,90.8,148.2,104.8,120.4,1.2,0.1,29.72
20170729,730,68.4,89.2,30.98820219,26.40444667,244,42.3,41,5.65,72.9,70.4,-0.2,1.75,0,0,0,5,100,100,1,1,1,0,0,200,72,7.5,5.65,7.5,200,74.5,69.1,67.8,78,94,5.2,62.4,78,0,70.4,1.1,63.4,1.3125,67.7,0,0,40.9,11.8,0,0,0,73.3,72.4,59.1,56.2,15,32.5,62.199997,20,0,72.3,1.03,63.4,1.3125,63.4,0,0,99.7,56.3,9.8,4.8,1,15,15,88.1,65.1,82.6,100,11.6,0,68.5,1.3,66.034485,65.534485,0,13,0,0,0,20,0,72,1955,69.8,0,99.914024,2000,72.37716,67.45824,0,70.6,70.2,1,7738.4907,256,74.2,68.9,0,51.50587,260,1,72.6,75.6,0,0.035872295,0,1871,75.7,69.1,0,71.4233,1850,713,78.7,71.4,0,17.40795,700,666,73.9,69.4,0,48.047165,677.7738,496,76.3,69.4,0,59.202755,500,232,75.5,69.5,0,99.96312,250,38,73.2,76.2,0,0,0,41,73.9,75.4,0,0.02459117,0,635,73,70.4,0,100,950,-4,0,74.8,0,0,0,-4,73.9,74.6,0,0,0,101,73.8,59.6,0,38.040806,100,203,69.4,59.8,0,38.374798,200,202,70,59.8,0,39.774673,200,207,72.6,59.4,0,24.584557,200,98,73.4,59.8,0,24.201025,100,203,71.8,59.4,0,23.376623,200,203,73.3,59.1,0,19.138756,200,101,71.8,60.4,0,28.778214,100,197,74.1,59.7,0,22.384188,200,102,71,59.5,0,29.860088,100,102,73.7,59.9,0,35.374233,100,101,72.5,59.8,0,35.61526,100,203,71.6,59.5,0,29.868048,200,101,72.6,59.9,0,22.539526,100,204,72,59.5,0,32.39799,200,206,72.6,59.6,0,28.386148,200,204,72.3,59.1,0,21.39781,200,98,71.1,60.4,0,30.23313,100,191,70.7,59.1,0,28.574953,200,201,70.1,60.1,0,26.35135,200,101,73.5,59.5,0,49.49495,100,203,71.8,59.7,0,39.569714,200,205,72.4,59.3,0,27.828333,200,-1,73.4,72,0,0,0,205,73.4,59.3,0,28.71795,200,197,72.1,60,0,36.29666,200,205,73.7,59,0,27.489895,200,154,69.9,59.8,0,37.166847,150,208,73.2,59.3,0,35.721077,200,202,72.2,59.3,0,29.927973,200,103,73.5,59.5,0,49.94478,100,202,72.6,59.5,0,41.765934,200,207,72.8,59.5,0,35.587803,200,101,74.1,59.3,0,25.033665,100,208,72.2,59.2,0,26.470589,200,91,71.6,59.5,0,30.985052,100,101,73.2,59.9,0,27.817509,100,95,71.4,284.9,0,25.878752,100,208,72.8,59.4,0,32.610836,200,209,72.1,59.5,0,34.686123,200,102,74.3,59.6,0,32.452538,100,102,74,60.3,0,35.673325,100,204,72.8,59.3,0,31.257603,200,98,72.5,59.4,0,38.63424,100,214,68.4,59,0,48.63222,200,104,74.2,59.6,0,36.026157,100,122,71.9,59.2,0,33.565666,100,100,71,60.8,0,37.380295,100,205,72.7,59.3,0,36.095905,200,201,70,59.1,0,52.918983,200,201,73.7,59.8,0,40.373173,200,199,73,59.7,0,38.511703,200,102,73.2,59.8,0,50.92892,100,102,73.5,59.7,0,25.908163,100,103,71.5,59.7,0,38.230503,100,201,71,59.9,0,33.27413,200,202,73.1,59,0,28.725904,200,99,70,59.4,0,43.258762,100,198,71.6,59.1,0,37.987278,200,90.3,90.4,90.7,150.2,104.8,120,1.2,0,29.72
20170729,735,69,86.3,30.95136882,26.40444667,244,41.4,40.1,5.65,72.9,71.6,-0.1,1.65,0,0,0,5,100,100,1,1,1,0,0,200,72,7.5,5.65,7.5,200,74.1,68.9,68.7,82.6,100,13.6,62.4,82.6,0,70.1,1.3,63.4,1.3125,68.2,0,0,43.2,12.3,0,0,0,73.3,72.4,59.5,56.2,15,30.1,62.199997,20,0,72.3,1,63.4,1.3125,63.6,0,0,99.8,56.3,10,4.8,1.1,15,15,85.4,65.1,82.6,100,12.6,0,68.5,1.3,66.034485,65.534485,0,13,0,0,0,20,0,72,1999,69.9,0,82.31393,2000,72.26192,67.62378,0,70.6,70.1,1,8575.314,259,74.1,69,0,48.994385,260,2,72.6,75.4,0,0.035872295,0,1866,75.2,69.3,0,59.63619,1850,698,78.3,69.8,0,29.625044,700,596,73.6,69.5,0,43.871284,525.2159,503,75.7,69.5,0,56.828247,500,250,75,69.5,0,88.394394,250,37,73.1,76.2,0,0,0,39,73.9,75.4,0,0.02459117,0,701,72.8,70,0,100,950,-3,0,74.6,0,0,0,-4,73.8,74.5,0,0,0,101,73.8,60.2,0,38.040806,100,202,69.5,60.4,0,38.374798,200,201,70,60.2,0,39.774673,200,209,72.6,60,0,24.584557,200,98,73.4,60.4,0,24.201025,100,204,71.8,60,0,23.376623,200,203,73.3,59.7,0,19.138756,200,101,71.8,60.9,0,28.778214,100,197,74.1,60.3,0,22.384188,200,101,71,60.1,0,29.860088,100,101,73.7,60.4,0,35.374233,100,100,72.4,60.3,0,35.61526,100,201,71.5,60,0,29.868048,200,100,72.6,60.4,0,22.539526,100,204,72,60.1,0,32.39799,200,205,72.6,60.2,0,28.386148,200,205,72.3,59.7,0,21.39781,200,98,71,60.9,0,30.23313,100,195,70.6,59.7,0,28.574953,200,200,70,60.6,0,26.35135,200,101,73.4,59.9,0,49.49495,100,205,71.8,60.2,0,39.569714,200,204,72.3,59.9,0,27.828333,200,0,73.4,71.9,0,0,0,205,73.3,59.8,0,28.71795,200,197,72.1,60.5,0,36.29666,200,203,73.7,59.5,0,27.489895,200,154,69.9,60.3,0,37.166847,150,205,73.2,60,0,35.721077,200,203,72.2,59.8,0,29.927973,200,103,73.5,60,0,49.94478,100,202,72.5,59.9,0,41.765934,200,209,72.8,60,0,35.587803,200,102,74.1,59.9,0,25.033665,100,205,72.2,59.7,0,26.470589,200,94,71.6,60.1,0,30.985052,100,101,73.2,60.4,0,27.817509,100,95,71.4,285.1,0,25.878752,100,206,72.8,59.9,0,32.610836,200,207,72,60,0,34.686123,200,104,74.3,60.2,0,32.452538,100,102,74.2,60.9,0,35.673325,100,204,72.7,59.9,0,31.257603,200,99,72.4,59.9,0,38.63424,100,233,68.4,59.5,0,48.63222,200,104,74.2,60.2,0,36.026157,100,114,71.8,59.7,0,33.565666,100,100,70.9,61.3,0,37.380295,100,205,72.6,59.9,0,36.095905,200,202,70,59.6,0,52.918983,200,199,73.6,60.4,0,40.373173,200,200,73,60.4,0,38.511703,200,103,73.2,60.4,0,50.92892,100,101,73.5,60.4,0,25.908163,100,105,71.5,60.3,0,38.230503,100,201,71,60.4,0,33.27413,200,201,73,59.6,0,28.725904,200,98,70,59.9,0,43.258762,100,199,71.6,59.7,0,37.987278,200,90.3,90.4,90.9,146.2,104.8,119.8,1.2,0,29.72
20170729,740,69,85.8,30.86623209,26.40444667,232,41.5,40.3,5.65,74.7,73.4,-0.2,1.45,0,0,0,5,100,100,1,1,1,0,0,200,72,7.5,5.65,7.5,200,73.8,69.1,67.4,82.6,100,19.7,62.4,82.6,0,70.3,1.3,63.4,1.3125,68.2,0,0,43.3,12.3,0,0,0,73.3,72.3,59.8,56.4,15,27.8,62.199997,20,0,71.9,0.99,63.4,1.3125,63.8,0,0,99.8,56.4,9.9,4.5,1.5,15,15,82.7,65.1,82.6,100,14.9,0,68.5,1.3,66.034485,65.534485,0,13,0,0,1,20.1,1,72,2010,69,0,82.36306,2000,72.16791,67.75881,0,70.5,69.6,1,9000,258,74,68.4,0,48.994385,260,1,72.6,75.1,0,0.035872295,0,1871,75,68.6,0,59.464108,1850,696,78,69.1,0,30.188042,700,469,73.5,69.2,0,39.155,465.1214,506,75.2,68.8,0,56.213093,500,252,74.6,68.9,0,87.779686,250,36,72.9,76.2,0,0,0,40,73.9,75.5,0,0.02459117,0,705,72.6,69.6,0,100,950,-4,0,74.4,0,0,0,-4,73.8,74.4,0,0,0,101,73.8,60.6,0,38.040806,100,202,69.5,60.8,0,38.374798,200,201,70,60.6,0,39.774673,200,209,72.6,60.5,0,24.584557,200,99,73.4,61,0,24.201025,100,201,71.8,60.5,0,23.376623,200,203,73.3,60.2,0,19.138756,200,102,71.8,61.4,0,28.778214,100,198,74.1,60.8,0,22.384188,200,101,71,60.6,0,29.860088,100,101,73.6,60.7,0,35.374233,100,101,72.4,60.8,0,35.61526,100,202,71.5,60.4,0,29.868048,200,101,72.5,60.9,0,22.539526,100,204,71.9,60.5,0,32.39799,200,206,72.6,60.7,0,28.386148,200,205,72.3,60.2,0,21.39781,200,98,71,61.3,0,30.23313,100,216,70.6,60.2,0,28.574953,200,204,70,61,0,26.35135,200,101,73.4,60.3,0,49.49495,100,203,71.8,60.6,0,39.569714,200,205,72.3,60.3,0,27.828333,200,-1,73.4,71.8,0,0,0,203,73.3,60.2,0,28.71795,200,197,72,61.1,0,36.29666,200,203,73.7,60,0,27.489895,200,153,69.9,60.8,0,37.166847,150,208,73.1,60.5,0,35.721077,200,202,72.1,60.2,0,29.927973,200,102,73.5,60.4,0,49.94478,100,201,72.5,60.3,0,41.765934,200,210,72.8,60.5,0,35.587803,200,101,74,60.4,0,25.033665,100,207,72.2,60.2,0,26.470589,200,94,71.5,60.6,0,30.985052,100,103,73.2,60.9,0,27.817509,100,102,71.3,285.1,0,26.491121,100,208,72.8,60.4,0,32.610836,200,208,72,60.4,0,34.686123,200,251,74.2,60.3,0,40.057735,248.03137,106,74.3,61.4,0,37.138912,130.00787,203,72.7,60.3,0,31.257603,200,98,72.4,60.5,0,38.63424,100,197,68.3,59.9,0,48.097263,200,103,74.2,60.7,0,36.026157,235.7279,119,71.8,60.2,0,33.565666,100,99,70.9,61.7,0,37.380295,100,203,72.6,60.4,0,36.095905,200,205,70,60,0,52.918983,200,200,73.6,61,0,40.373173,200,200,73,60.9,0,38.511703,200,102,73.2,60.9,0,50.92892,100,102,73.5,60.9,0,25.908163,100,103,71.5,60.9,0,38.230503,100,203,71,60.9,0,33.27413,200,201,73,60.1,0,28.725904,200,98,70,60.4,0,43.258762,100,201,71.5,60.1,0,37.987278,200,90.3,90.4,90.7,147.2,104.8,119.9,1.2,-0.1,29.72
20170729,745,68.9,84.8,30.62207877,26.40444667,243,41.8,40.3,5.65,71.4,70.3,-0.2,1.15,0,0,0,5,100,100,1,1,1,0,0,200,72,7.5,5.65,7.5,200,73.7,69.6,66.1,80.6,100,23.6,62.4,80.6,0,70.6,1.3,63.4,1.3125,67.7,0,0,42.4,12.1,0,0,0,73.3,72.4,60.2,57,15,25.7,62.199997,20,0,72.3,1.01,63.4,1.3125,64,0,0,99.7,57.4,9.9,4.8,0.9,15,15,82.2,65.1,82.6,100,16.2,0,68.5,1.3,66.034485,65.534485,0,13,0,0,0,20,0,72,1985,68.1,0,82.95259,2000,72.0945,67.86426,0,70.5,68.8,1,9000,257,73.9,67.6,0,48.994385,260,1,72.6,74.8,0,0.035872295,0,1865,74.7,67.7,0,59.78368,1850,702,77.9,68.3,0,29.568745,700,302,73.5,68.6,0,31.28224,305.5717,503,74.8,68.1,0,56.865154,500,251,74.3,68.1,0,88.44357,250,35,72.8,76.1,0,0,0,41,73.8,75.6,0,0.02459117,0,699,72.5,69,0,100,950,-4,0,74.1,0,0,0,-4,73.7,74.3,0,0,0,102,73.8,61,0,38.040806,100,203,69.5,61.3,0,38.374798,200,202,70.1,61.1,0,39.774673,200,211,72.6,61,0,24.584557,200,99,73.3,61.4,0,24.201025,100,203,71.8,61,0,23.376623,200,205,73.3,60.7,0,19.138756,200,103,71.8,61.8,0,28.778214,100,199,74.1,61.3,0,22.384188,200,101,71,61.1,0,29.860088,100,102,73.6,61.1,0,35.374233,100,101,72.4,61.2,0,35.61526,100,201,71.5,60.8,0,29.868048,200,102,72.5,61.3,0,22.539526,100,206,71.9,61,0,32.39799,200,207,72.5,61.2,0,28.386148,200,206,72.3,60.7,0,21.39781,200,99,70.9,61.7,0,30.23313,100,219,70.6,60.6,0,28.574953,200,203,70,61.4,0,26.35135,200,101,73.4,60.7,0,49.49495,100,205,71.7,60.9,0,39.569714,200,205,72.3,60.7,0,27.828333,200,0,73.3,71.8,0,0,0,205,73.3,60.7,0,28.71795,200,199,72,61.5,0,36.29666,200,203,73.6,60.5,0,27.489895,200,155,69.9,61.2,0,37.166847,150,205,73.1,60.9,0,35.721077,200,204,72.1,60.6,0,29.927973,200,103,73.5,60.8,0,49.94478,100,202,72.5,60.7,0,41.765934,200,207,72.8,60.9,0,35.587803,200,102,74,60.9,0,25.033665,100,207,72.2,60.7,0,26.470589,200,95,71.5,61.1,0,30.985052,100,102,73.2,61.4,0,27.817509,100,104,71.3,285,0,26.491121,100,205,72.8,60.9,0,32.327587,200,207,72,60.8,0,34.686123,200,247,74,60.7,0,40.057735,248.03137,190,74.3,61.4,0,45.09346,212.66736,203,72.7,60.8,0,31.257603,200,98,72.4,61,0,38.63424,100,196,68.4,60.4,0,48.097263,200,237,73.9,61,0,43.324192,235.7279,125,71.8,60.6,0,33.565666,100,99,70.9,62.2,0,37.380295,100,202,72.6,60.9,0,36.095905,200,205,70,60.5,0,52.918983,200,200,73.6,61.5,0,40.373173,200,200,73,61.4,0,38.511703,200,103,73.2,61.5,0,50.92892,100,103,73.5,61.4,0,25.908163,100,104,71.5,61.3,0,38.230503,100,202,71,61.3,0,33.27413,200,202,73,60.5,0,28.725904,200,99,70.1,60.8,0,43.258762,100,200,71.5,60.6,0,37.987278,200,90.3,90.3,90.8,149.2,104.8,119.9,1.1,0.1,29.72
20170729,750,69.3,84.9,30.93600938,26.40444667,246,41.9,40.6,5.6,73.7,72.3,-0.1,1,0,0,0,5,100,100,1,1,1,0,0,200,72,7.5,5.6,7.5,200,73.6,69.6,65.2,80.1,100,25.6,62.8,80.1,0,70.5,1.35,63.8,1.3125,67.7,0,0,42.4,12.1,0,0,0,73.2,72.3,60.5,57.2,15,23.7,62.4,20,0,72,1,63.8,1.3125,64,0,0,99.8,57.8,9.9,4.6,0.7,15,15,81.9,65.1,82.6,100,17.5,0,68.5,1.3,66.155174,65.655174,0,13,0,0,0,20,0,72,1997,67.2,0,82.54729,2000,72.0448,67.941345,0,70.5,68,1,9000,258,73.8,66.7,0,48.994385,260,1,72.6,74.5,0,0.035872295,0,1865,74.5,66.8,0,59.759098,1850,697,77.8,67.5,0,29.636303,700,221,73.6,68.1,0,28.5802,224.6739,507,74.4,67.3,0,56.065453,500,252,73.9,67.3,0,88.01328,250,38,72.7,76,0,0,0,42,73.8,75.6,0,0.02459117,0,703,72.4,68.5,0,100,950,-4,0,74,0,0,0,-4,73.6,74.2,0,0,0,101,73.8,61.4,0,38.040806,100,202,69.6,61.6,0,38.374798,200,202,70.1,61.5,0,39.774673,200,209,72.6,61.3,0,24.584557,200,99,73.3,61.9,0,24.201025,100,202,71.8,61.4,0,23.376623,200,204,73.3,61.1,0,19.138756,200,102,71.8,62.2,0,28.778214,100,323,74,61.6,0,24.274244,323.02252,101,71,61.4,0,29.860088,100,102,73.6,61.5,0,35.374233,100,101,72.4,61.5,0,35.61526,100,203,71.5,61.2,0,29.868048,200,102,72.5,61.7,0,22.539526,100,206,71.9,61.4,0,32.39799,200,205,72.5,61.6,0,28.386148,200,206,72.3,61.1,0,21.39781,200,99,70.9,62.1,0,30.23313,100,207,70.6,61,0,28.574953,200,204,70,61.7,0,26.35135,200,101,73.5,61,0,49.49495,100,204,71.7,61.3,0,39.569714,200,205,72.2,61.1,0,27.828333,200,0,73.3,71.7,0,0,0,204,73.3,61.1,0,28.71795,200,198,72,61.9,0,36.29666,200,204,73.6,60.9,0,27.489895,200,155,69.9,61.6,0,37.166847,150,208,73.1,61.3,0,35.721077,200,206,72.1,61,0,29.927973,200,103,73.5,61.1,0,49.94478,100,203,72.5,61.1,0,41.765934,200,205,72.8,61.3,0,35.587803,200,102,74,61.2,0,25.033665,100,205,72.2,61.1,0,26.470589,200,94,71.5,61.5,0,30.985052,100,103,73.2,61.8,0,27.817509,100,104,71.3,285.1,0,26.491121,100,204,72.8,61.3,0,32.327587,200,209,72,61.2,0,34.686123,200,247,73.9,61,0,40.057735,248.03137,258,74.3,61.4,0,48.831776,252.99867,201,72.7,61.1,0,31.257603,200,98,72.4,61.4,0,38.63424,100,190,68.4,60.7,0,48.097263,200,200,73.7,61.4,0,41.22548,203.15799,119,71.8,61,0,33.565666,100,100,70.9,62.5,0,37.380295,100,205,72.6,61.3,0,36.095905,200,204,70,60.8,0,52.918983,200,199,73.6,62,0,40.373173,200,200,73,61.8,0,38.511703,200,103,73.2,61.9,0,50.92892,100,102,73.5,61.8,0,25.908163,100,104,71.5,61.7,0,38.230503,100,204,71,61.7,0,33.27413,200,202,72.9,60.9,0,28.725904,200,99,70.1,61.2,0,43.258762,100,201,71.5,61,0,37.987278,200,90.2,90.3,90.8,148.2,104.7,119.4,-0.7,0.3,29.72
20170729,755,69.4,83.8,30.81106557,26.40444667,242,42.4,41.1,5.6,75,73.7,-0.1,0.75,0,0,0,5,100,100,1,1,1,0,0,200,72,7.5,5.6,7.5,200,73.4,69.5,64.8,79.6,100,27.1,62.8,79.6,0,70.6,1.3,63.8,1.3125,67.6,0,0,42.1,12,0,0,0,73.2,72.4,60.7,57.1,15,21.9,62.4,20,0,72.1,1,63.8,1.3125,64.2,0,0,99.7,57.6,9.8,4.9,1,15,15,82.1,65.1,82.6,100,17.4,0,68.5,1.3,66.155174,65.655174,0,13,0,0,0,20,1,72,1985,66.7,0,83.13682,2000,72.01116,67.98538,0,70.5,67.4,1,9000,255,73.7,66.2,0,48.994385,260,1,72.6,74.2,0,0.035872295,0,1867,74.3,66.3,0,59.734512,1850,701,77.7,67.1,0,29.557482,700,160,73.7,67.9,0,23.458609,159.92854,504,74,66.8,0,56.84055,500,233,73.6,66.9,0,78.682076,233.60023,34,72.7,76,0,0,0,39,73.8,75.6,0,0.02459117,0,700,72.3,68.1,0,100,950,-3,0,73.7,0,0,0,-4,73.5,74.1,0,0,0,101,73.8,61.7,0,38.040806,100,202,69.6,61.9,0,38.374798,200,201,70.2,61.7,0,39.774673,200,209,72.6,61.7,0,24.584557,200,98,73.3,62.2,0,24.201025,100,203,71.8,61.7,0,23.376623,200,200,73.3,61.5,0,19.138756,200,102,71.8,62.6,0,28.778214,100,324,73.8,61.9,0,24.274244,323.02252,101,71,61.8,0,29.860088,100,101,73.6,61.8,0,35.374233,100,100,72.4,61.8,0,35.61526,100,201,71.5,61.5,0,29.868048,200,102,72.5,62.1,0,22.539526,100,203,71.9,61.7,0,32.39799,200,207,72.5,62,0,28.386148,200,205,72.3,61.4,0,21.39781,200,98,70.9,62.4,0,30.23313,100,199,70.6,61.3,0,28.574953,200,201,70,62,0,26.35135,200,100,73.5,61.3,0,49.49495,100,201,71.7,61.6,0,39.569714,200,205,72.2,61.4,0,27.828333,200,0,73.3,71.6,0,0,0,204,73.2,61.4,0,28.71795,200,197,72,62.2,0,36.29666,200,203,73.6,61.3,0,27.489895,200,153,69.9,61.9,0,37.166847,150,207,73.1,61.6,0,35.721077,200,204,72.1,61.3,0,29.927973,200,102,73.5,61.4,0,49.94478,100,202,72.5,61.4,0,41.765934,200,202,72.8,61.6,0,35.587803,200,101,74,61.5,0,25.033665,100,207,72.2,61.4,0,26.470589,200,92,71.6,61.8,0,30.985052,100,101,73.1,62.2,0,27.817509,100,102,71.2,285.3,0,26.491121,100,207,72.7,61.6,0,32.327587,200,207,72,61.5,0,34.686123,200,245,73.9,61.3,0,40.057735,248.03137,324,74.2,61.5,0,53.31351,332.80017,201,72.7,61.5,0,31.257603,200,98,72.4,61.7,0,38.63424,100,190,68.4,61.1,0,48.097263,200,135,73.8,61.8,0,37.217884,138.26303,114,71.8,61.4,0,33.565666,100,98,70.9,62.9,0,37.380295,100,204,72.6,61.6,0,36.095905,200,195,70,61.1,0,52.918983,200,200,73.6,62.3,0,40.373173,200,200,73,62.2,0,38.511703,200,102,73.2,62.3,0,50.92892,100,102,73.5,62.2,0,25.908163,100,104,71.5,62.1,0,38.230503,100,202,71,62,0,32.814457,200,201,72.9,61.3,0,28.725904,200,98,70.1,61.5,0,43.258762,100,200,71.5,61.3,0,37.987278,200,90.2,90.3,90.8,149.2,104.7,119.5,1.2,-0.1,29.74
20170729,800,69.3,82.4,30.49668107,26.40444667,242,42.7,41.2,5.6,71.6,69.6,-0.2,0.6,0,0,0,5,100,100,1,1,1,0,0,200,72,7.5,5.6,7.5,200,73.3,69.4,64.4,79.6,100,28.1,62.8,79.6,0,70.3,1.3,63.8,1.3125,67.3,0,0,41.9,12,0,0,0,73.2,72.4,61,57.2,15,20.3,62.4,20,0,72.2,0.99,63.8,1.3125,64.4,0,0,99.8,57.7,9.8,4.7,0.7,15,15,81,65.1,82.6,100,16.9,0,68.5,1.3,66.155174,65.655174,0,12.9,0,0,0,20,0,72,1994,66.3,0,82.55957,2000,72,68,0,70.5,67,90,9000,257,73.6,65.8,0,48.994385,413.39984,1,72.6,73.9,0,0.035872295,0,1867,74.1,65.9,0,59.72222,1850,700,77.6,66.7,0,29.557482,700,162,73.8,67.7,0,23.458609,679.9643,470,73.7,66.5,0,53.961617,469.79904,221,73.4,66.5,0,74.82173,220.83061,39,72.5,75.9,0,0,330,40,73.8,75.6,0,0.02459117,650,706,72.1,67.8,0,100,950,-3,0,73.5,0,0,500,-4,73.4,74.1,0,0,500,101,73.8,62,0,38.040806,100,202,69.6,62.2,0,38.374798,200,201,70.2,62.1,0,39.774673,220,208,72.7,62,0,24.584557,200,98,73.3,62.6,0,24.201025,100,202,71.8,62.1,0,23.376623,200,203,73.3,61.9,0,19.138756,200,102,71.8,62.9,0,28.778214,195,322,73.8,62.2,0,24.274244,476.01758,101,71,62.1,0,29.860088,100,101,73.6,62.1,0,35.374233,100,101,72.4,62.1,0,35.61526,100,202,71.5,61.8,0,29.868048,200,102,72.5,62.4,0,22.539526,100,203,71.9,62,0,32.39799,200,206,72.6,62.3,0,28.386148,300,204,72.3,61.7,0,21.39781,200,97,70.9,62.7,0,30.23313,100,212,70.7,61.6,0,28.574953,200,202,70,62.3,0,26.35135,335,100,73.5,61.6,0,49.49495,100,202,71.7,61.9,0,39.569714,200,203,72.2,61.7,0,27.828333,350,0,73.3,71.6,0,0,0,203,73.2,61.7,0,28.71795,200,196,72,62.6,0,36.29666,200,203,73.6,61.6,0,27.489895,200,153,69.9,62.3,0,37.166847,150,206,73.1,61.9,0,35.721077,200,203,72.1,61.6,0,29.927973,335,103,73.5,61.7,0,49.94478,100,202,72.5,61.7,0,41.765934,200,207,72.7,61.9,0,35.587803,200,101,74,61.9,0,25.033665,209.4,206,72.2,61.8,0,26.470589,200,92,71.6,62.1,0,30.985052,100,102,73.1,62.5,0,27.817509,100,102,71.2,284.7,0,26.491121,100,208,72.7,61.9,0,32.327587,200,208,72,61.8,0,34.686123,335,243,73.9,61.6,0,40.057735,248.03137,368,74,61.8,0,55.16143,370.4748,200,72.7,61.8,0,31.257603,200,97,72.4,62.1,0,38.63424,100,192,68.4,61.4,0,48.097263,200,134,73.8,62.2,0,37.217884,138.26303,108,71.7,61.7,0,33.565666,100,98,70.9,63.2,0,37.380295,195,203,72.6,61.9,0,36.095905,200,192,70,61.5,0,52.918983,200,200,73.6,62.7,0,40.373173,200,200,73.1,62.5,0,38.511703,200,102,73.2,62.6,0,50.92892,100,102,73.5,62.5,0,25.908163,100,104,71.5,62.4,0,38.230503,100,204,70.9,62.3,0,32.814457,300,201,73,61.6,0,28.725904,200,99,70.2,61.8,0,43.258762,100,200,71.4,61.6,0,37.987278,200,90.2,90.2,90.8,147.2,104.7,119.4,-0.2,0.1,29.74
20170729,805,69.5,82.3,30.62566078,31.44196667,244,42.5,41,5.6,73.1,71.8,-0.2,0.55,0,0,0,5,100,100,1,1,1,0,0,200,72,7.5,5.6,7.5,200,73.1,70,66,100,100,31.7,62.8,100,0,70.8,0.9,63.8,1.5,67.1,0,0,50.3,12.7,0,0,0,73,72.3,63.1,70.1,15,19.6,62.4,58,0,72,1.01,63.8,1.5,64.6,0,0,99.8,75.3,15.9,4.3,1.6,15,15,82.1,65.1,82.6,100,18.1,0,68.5,1.3,66.155174,65.655174,0,13,0,0,0,20,0,72,1883,67.4,0,99.96324,2000,72,68,6512.6553,70.4,67.2,100,9000,346,73.5,66.6,0,60.061256,342.6,127,72.6,68.8,0,55.243332,125,1859,73.9,66.9,0,83.49312,1850,757,77.9,67.4,0,0.011244799,700,644,73.7,67.1,0,48.427902,647.99976,443,73.6,67.1,0,57.246555,445.9999,209,73.2,67.2,0,99.96319,229.00006,335,72.4,68.8,0,30.305603,330,200,73.8,70,0,100,650,499,72,68.1,0,100,950,509,0,68.7,0,36.045517,500,502,73.3,68.9,0,35.56016,500,179,73.6,63.1,0,47.51721,175,248,69.6,63.4,0,42.480694,245,224,70.3,63.3,0,40.582905,220,357,72.6,63.1,0,32.050343,350,168,73.3,63,0,33.313004,160,342,71.8,62.9,0,30.801275,335,333,73.3,62.8,0,26.168568,335,199,71.6,63.5,0,35.04661,195,436,73.8,63.2,0,28.313774,437.5996,241,70.6,63.1,0,42.157585,245,179,73.6,63.4,0,43.546013,175,249,72.3,63.3,0,46.251995,245,426,71.4,63.1,0,39.770622,420,164,72.5,63.2,0,26.032602,160,344,71.9,63.1,0,37.642445,335,309,72.5,63,0,32.00783,300,405,72.2,62.6,0,27.119478,400,196,71,63.3,0,36.736195,195,417,70.7,62.8,0,32.10364,380,353,70,63.3,0,27.972973,335,177,73.5,63.1,0,58.32131,175,251,71.7,63.2,0,44.407467,245,353,72.2,62.9,0,36.214954,350,163,73.3,63.9,0,31.64785,160,338,73.2,62.9,0,39.13309,335,233,72,63.4,0,38.494595,230,293,73.6,62.6,0,34.386868,285,194,70,63.3,0,41.56018,195,389,73,62.9,0,39.89435,380,340,72.1,62.8,0,39.60384,335,172,73.3,63,0,55.430115,175,250,72.5,63.1,0,44.676407,245,425,72.7,63,0,45.42548,420,213,73.9,62.8,0,34.41058,209.4,344,72.1,62.7,0,33.17402,335,111,71.6,63,0,33.386425,100,336,73.1,63.2,0,37.706535,335,197,71.3,285.1,0,32.79853,195,391,72.7,62.8,0,35.65271,380,338,71.9,63,0,41.56449,335,319,73.8,62.9,0,42.933273,311.02353,456,73.9,63.2,0,60.662704,450.11005,351,72.6,62.9,0,38.67672,350,163,72.4,62.9,0,42.85417,160,358,68.5,62.7,0,50.322186,335,257,73.7,62.9,0,45.117065,259.83218,170,71.7,62.7,0,34.128147,150,201,71,63.7,0,43.519897,195,388,72.5,62.9,0,39.686886,380,577,70,62.9,0,66.408134,575,338,73.4,63.1,0,45.45638,335,256,73.1,63.2,0,42.69244,250,180,73.1,63.1,0,58.28958,175,192,73.3,63.1,0,29.145187,190,191,71.2,63.1,0,44.705765,185,307,70.6,63.1,0,40.17969,300,309,72.7,62.7,0,35.81335,300,214,69.5,62.9,0,54.68357,210,902,70.7,63,0,91.19722,880,90.1,90.2,90.8,147.2,104.7,119.4,1.2,-0.1,29.74
20170729,810,69.9,80.5,30.59945509,31.44196667,244,43.2,41.8,5.6,74.8,73.3,-0.1,0.55,0,0,0,5,100,100,1,1,1,0,0,200,72,7.5,5.6,7.5,200,72.7,70,65.6,100,100,34.4,62.8,100,0,70.9,0.95,63.8,1.6875,67.1,0,0,50.3,13,0,0,0,72.9,72.1,63.6,69.8,15,19.3,62.4,55.7,0,72,1,63.8,1.6875,65.1,0,0,99.3,74.9,15.2,4.4,1.2,15,15,80.6,65.1,82.6,100,17.8,0,68.5,1.3,66.155174,65.655174,0,13,0,0,0,20,1,72,1901,67.4,0,99.96324,2000,72,68,6512.6553,70.3,67,100,9000,270,73.4,66.6,0,53.823383,271.80017,126,72.4,67.6,0,54.645462,125,1867,73.8,66.8,0,83.2473,1850,750,78.2,68.1,0,0.011244799,700,610,73.5,67.2,0,46.892654,600,410,73.6,67.2,0,54.392223,409.9999,213,73.2,67.2,0,99.96319,222.4999,332,72.3,67.9,0,31.1545,330,203,73.7,68.6,0,100,650,507,71.9,68.3,0,100,950,511,0,67.6,0,36.045517,500,504,73.2,67.6,0,35.56016,500,177,73.4,63.9,0,47.51721,175,248,69.6,64.2,0,42.3949,245,222,70.4,64,0,40.582905,220,353,72.5,63.8,0,32.050343,350,168,73.2,63.7,0,33.313004,160,336,71.7,63.6,0,30.347956,335,341,73.4,63.5,0,28.131517,335,197,71.4,64.1,0,35.04661,195,436,73.8,63.9,0,28.313774,437.5996,247,70.4,63.7,0,43.21306,245,176,73.6,64,0,44,175,247,72.3,64,0,46.251995,245,421,71.3,63.8,0,39.770622,420,164,72.5,63.9,0,26.032602,160,341,71.8,63.8,0,37.642445,335,308,72.4,63.7,0,32.00783,300,405,72.2,63.4,0,27.119478,400,199,71,63.9,0,37.349693,195,382,70.7,63.5,0,32.56015,380,342,70,64,0,27.972973,335,178,73.4,63.7,0,59.078884,175,252,71.7,63.9,0,44.764057,245,355,72.1,63.6,0,36.829807,350,162,73.3,63.9,0,31.64785,160,341,73.2,63.6,0,39.12088,335,232,72,64,0,39.390965,230,290,73.6,63.3,0,35.807915,285,199,70,63.9,0,43.044907,195,394,73.1,63.6,0,40.876915,380,335,72,63.5,0,39.267708,335,178,73.1,63.7,0,57.099033,175,248,72.5,63.8,0,44.676407,245,425,72.5,63.7,0,46.32317,420,211,73.8,63.5,0,34.41058,209.4,341,72,63.4,0,33.17402,335,109,71.7,63.6,0,33.386425,100,338,73.1,63.8,0,39.062885,335,199,71.3,284.9,0,33.251686,195,383,72.6,63.5,0,36.108376,380,338,71.7,63.7,0,42.018147,335,276,73.7,63.6,0,40.968136,277.99982,421,73.8,63.8,0,58.76168,422.88962,349,72.5,63.6,0,39.564583,350,162,72.3,63.6,0,42.85417,160,349,68.6,63.4,0,50.322186,335,234,73.6,63.6,0,43.587852,230,161,71.7,63.4,0,34.128147,150,199,71,64.2,0,43.519897,195,380,72.5,63.6,0,40.091965,380,579,70,63.6,0,66.93219,575,337,73.3,63.7,0,45.45638,335,255,73,63.9,0,42.69244,250,176,73,63.8,0,58.28958,175,193,73.3,63.8,0,30.60784,190,190,71.1,63.8,0,44.705765,185,307,70.4,63.7,0,40.17969,300,306,72.6,63.4,0,35.366714,300,212,69.3,63.6,0,54.68357,210,882,70.4,63.6,0,91.012146,880,90.1,90.2,90.8,148.2,104.7,119.4,1.2,0,29.75
20170729,815,70.2,79.5,30.64120767,31.44196667,244,44.2,42.5,5.6,72.9,70.3,-0.1,0.55,0,0,0,5,100,100,1,1,1,0,0,200,72,7.5,5.6,7.5,200,72.5,69.9,64.9,100,100,36.1,62.8,100,0,70.8,0.95,63.8,1.8125,66.8,0,0,50.7,12.7,0,0,0,72.9,72.1,64.1,69.8,15,19.1,62.4,58,0,71.9,1,63.8,1.8125,65.5,0,0,97.3,74.6,17.1,4.4,0.7,15,15,79.8,65.1,82.6,100,19.2,0,68.5,1.3,66.155174,65.655174,0,13,0,0,1,20.1,0,72,1905,66.6,0,99.96324,2000,72,68,6512.6553,70.2,66.3,100,9000,261,73.3,66,0,53.578358,260,126,72.3,66.9,0,54.645462,125,1866,73.8,66.2,0,83.2473,1850,747,78.4,68.8,0,0.011244799,700,606,73.3,66.7,0,46.720707,600,389,73.6,66.6,0,53.38337,391.9999,213,73.1,66.7,0,99.96319,222.4999,333,72.2,67.4,0,31.1545,330,204,73.6,68,0,100,650,511,71.7,68,0,100,950,511,0,66.9,0,36.045517,500,504,73,67,0,35.56016,500,176,73.4,64.4,0,47.51721,175,247,69.7,64.7,0,42.3949,245,223,70.4,64.4,0,40.582905,220,353,72.4,64.3,0,32.050343,350,168,73.2,64.2,0,33.313004,160,339,71.7,64.2,0,30.347956,335,342,73.4,64.1,0,28.131517,335,197,71.4,64.6,0,35.04661,195,436,73.8,64.5,0,29.104385,437.5996,248,70.4,64.3,0,42.771233,245,176,73.6,64.5,0,44.44172,175,249,72.2,64.4,0,46.251995,245,426,71.2,64.2,0,39.93094,420,164,72.5,64.4,0,26.032602,160,340,71.8,64.3,0,37.642445,335,308,72.4,64.2,0,32.00783,300,404,72.2,63.9,0,27.587055,400,199,71,64.3,0,37.349693,195,420,70.7,64,0,33.01666,380,349,70.1,64.5,0,27.972973,335,178,73.4,64.2,0,59.35546,175,250,71.8,64.4,0,44.764057,245,354,72.1,64.1,0,37.272503,350,161,73.3,64.4,0,31.64785,160,335,73.1,64.2,0,39.57265,335,231,72,64.6,0,39.845284,230,287,73.6,63.9,0,35.807915,285,197,70,64.4,0,43.044907,195,403,73,64.2,0,40.876915,380,349,72,64,0,40.38415,335,177,73.1,64.2,0,57.099033,175,247,72.6,64.3,0,44.676407,245,422,72.5,64.2,0,46.32317,420,211,73.8,64,0,34.41058,209.4,338,72,63.9,0,33.17402,335,108,71.7,64.2,0,33.386425,100,345,73,64.3,0,39.67941,335,199,71.4,284.8,0,33.251686,195,389,72.6,64.1,0,36.551723,380,339,71.7,64.2,0,42.018147,335,264,73.7,64.1,0,40.346397,259.99982,424,73.8,64.2,0,58.76168,422.88962,354,72.5,64.1,0,39.564583,350,162,72.3,64.1,0,42.85417,160,340,68.7,63.9,0,50.322186,335,233,73.6,64.1,0,43.587852,230,169,71.7,64,0,34.128147,150,198,71,64.7,0,43.519897,195,392,72.5,64.2,0,41.0335,380,589,69.9,64,0,67.31999,575,337,73.2,64.3,0,45.45638,335,255,73,64.4,0,42.69244,250,176,73,64.3,0,58.28958,175,193,73.2,64.3,0,30.60784,190,189,70.9,64.3,0,44.705765,185,306,70.4,64.2,0,40.17969,300,306,72.5,63.9,0,35.366714,300,212,69.2,64.1,0,54.68357,210,883,70.1,64.1,0,91.08155,880,90,90.1,90.7,148.2,104.8,119.4,1.2,-0.4,29.75
20170729,820,70.3,80,30.80266261,31.44196667,245,44.6,42.8,5.6,73,71.2,-0.1,0.55,0,0,0,5,100,100,1,1,1,0,0,200,72,7.5,5.6,7.5,200,72.3,70.5,64.1,100,100,36.7,62.8,100,0,71.2,1,63.8,1.8125,66.4,0,0,51,12.8,0,0,0,72.9,72.1,64.5,69.4,15,19.1,62.4,57.2,0,71.9,1,63.8,1.8125,65.9,0,0,95.4,74.1,15.4,4.4,1.7,15,15,79.3,65.1,82.6,100,19.2,0,68.5,1.3,66.155174,65.655174,0,13,0,0,0,20,0,72,1911,66.1,0,99.96324,2000,72,68,6694.7363,70.1,65.7,100,9000,262,73.2,65.4,0,53.578358,260,127,72.2,66.3,0,54.5498,125,1873,73.7,65.7,0,82.74336,1850,742,78.5,69.3,0,0.011244799,700,606,73.1,66.2,0,46.54876,600,355,73.6,66.1,0,49.49557,355.9999,126,73,66.3,0,56.878143,125,337,72.1,66.8,0,31.1545,330,208,73.4,67.5,0,100,650,521,71.6,67.5,0,100,950,512,0,66.3,0,36.045517,500,505,72.9,66.4,0,35.56016,500,176,73.4,64.8,0,47.51721,175,246,69.8,65.1,0,42.3949,245,222,70.4,64.8,0,40.582905,220,353,72.4,64.7,0,32.050343,350,168,73.2,64.7,0,33.313004,160,336,71.7,64.7,0,30.347956,335,340,73.4,64.5,0,27.677588,335,196,71.4,65,0,35.04661,195,435,73.8,64.8,0,29.104385,437.5996,247,70.4,64.6,0,42.771233,245,176,73.6,64.9,0,44.44172,175,249,72.2,64.9,0,46.251995,245,427,71.2,64.6,0,39.93094,420,164,72.4,64.9,0,26.032602,160,342,71.8,64.8,0,37.642445,335,308,72.4,64.7,0,32.00783,300,404,72.2,64.3,0,27.587055,400,199,71,64.8,0,37.349693,195,404,70.7,64.4,0,32.88094,380,347,70.1,64.9,0,28.439804,335,176,73.5,64.5,0,58.82636,175,249,71.8,64.8,0,44.764057,245,352,72,64.5,0,37.272503,350,161,73.2,64.7,0,31.64785,160,343,73.1,64.6,0,39.12088,335,232,72,65,0,39.845284,230,286,73.6,64.3,0,35.807915,285,196,70,64.9,0,43.044907,195,400,73,64.7,0,40.876915,380,346,72,64.4,0,40.14406,335,177,73.1,64.6,0,57.099033,175,248,72.6,64.7,0,44.676407,245,425,72.4,64.6,0,46.32317,420,184,73.7,64.4,0,32.794712,186.59976,338,72,64.3,0,33.17402,335,109,71.7,64.7,0,33.386425,100,343,72.9,64.7,0,39.223183,335,199,71.4,284.9,0,33.251686,195,385,72.6,64.5,0,37.00739,380,339,71.7,64.6,0,42.018147,335,241,73.8,64.5,0,39.191742,241.99982,425,73.8,64.6,0,58.76168,422.88962,353,72.5,64.5,0,39.564583,350,163,72.3,64.6,0,42.85417,160,342,68.8,64.3,0,50.322186,335,233,73.5,64.5,0,43.587852,230,164,71.7,64.4,0,34.128147,150,199,71,65.1,0,43.519897,195,387,72.5,64.6,0,41.0335,380,586,69.9,64.4,0,67.31999,575,337,73.2,64.7,0,45.45638,335,255,73,64.9,0,42.69244,250,176,72.9,64.8,0,58.28958,175,192,73.3,64.7,0,30.60784,190,190,70.9,64.7,0,44.705765,185,304,70.3,64.6,0,40.17969,300,305,72.5,64.3,0,35.366714,300,212,69.2,64.5,0,54.68357,210,885,70,64.4,0,91.069984,880,90,90.1,90.7,146.2,104.8,119.1,-0.2,-1.1,29.75
20170729,825,70.7,78,30.73559209,31.44196667,243,45.1,43.4,5.6,75,73.5,-0.2,0.55,0,0,0,5,100,100,1,1,1,0,0,200,72,7.5,5.6,7.5,200,72.2,70.3,64.1,100,100,37.1,62.8,100,0,71,1,63.8,1.8125,66.1,0,0,50.6,12.7,0,0,0,72.9,72.1,64.6,69.4,15,19.3,62.4,56.9,0,71.9,1,63.8,1.8125,66,0,0,93.8,74.4,15.4,4.4,1.2,15,15,78.7,65.1,82.6,100,19.5,0,68.5,1.3,66.155174,65.655174,0,13,0,0,0,20,1,72,1926,65.9,0,99.96324,2000,72,68,6512.6553,70,65.5,100,8501.334,261,73.1,65.2,0,52.414494,260,127,72,65.9,0,54.501976,125,1873,73.5,65.5,0,82.74336,1850,740,78.6,69.8,0,0.011244799,700,603,73,65.9,0,46.352245,600,323,73.6,65.9,0,47.797737,320,127,73.1,66.1,0,56.66953,125,337,72,66.5,0,30.761887,330,208,73.3,67.2,0,100,650,522,71.4,67.2,0,100,950,509,0,66,0,35.433746,500,506,72.8,66,0,35.56016,500,176,73.4,65.2,0,47.51721,175,248,69.8,65.4,0,42.725826,245,221,70.5,65.2,0,41.023758,220,354,72.4,65.1,0,32.050343,350,168,73.2,65,0,33.313004,160,337,71.7,65,0,30.629747,335,338,73.4,64.9,0,27.677588,335,196,71.3,65.4,0,35.500492,195,434,73.8,65.2,0,29.104385,437.5996,249,70.4,65,0,42.771233,245,177,73.6,65.2,0,43.987732,175,249,72.3,65.2,0,46.251995,245,425,71.2,65,0,39.93094,420,163,72.5,65.2,0,26.032602,160,339,71.8,65.1,0,37.642445,335,308,72.4,65.1,0,32.00783,300,404,72.2,64.7,0,27.587055,400,198,71,65.1,0,37.349693,195,396,70.8,64.8,0,32.88094,380,343,70.1,65.2,0,28.439804,335,177,73.5,64.9,0,58.82636,175,248,71.8,65.1,0,44.764057,245,357,72,64.8,0,37.727497,350,160,73.2,65.1,0,31.64785,160,336,73.1,64.9,0,38.87668,335,231,72.1,65.4,0,39.845284,230,288,73.6,64.7,0,36.248928,285,198,70,65.2,0,43.044907,195,400,73,65,0,40.876915,380,347,72,64.7,0,40.14406,335,178,73.1,64.9,0,57.099033,175,251,72.7,65,0,45.130787,245,423,72.4,64.9,0,46.32317,420,162,73.7,64.8,0,31.325743,160,339,72,64.7,0,33.615196,335,110,71.7,65.1,0,33.386425,100,342,72.9,65.1,0,39.223183,335,198,71.4,285,0,33.251686,195,386,72.6,64.8,0,37.00739,380,338,71.7,64.9,0,42.018147,335,240,73.8,64.9,0,39.191742,241.99982,426,73.8,65,0,58.76168,422.88962,355,72.5,64.8,0,39.564583,350,163,72.3,64.9,0,42.85417,160,351,68.9,64.7,0,50.772034,335,233,73.5,64.9,0,43.587852,230,168,71.7,64.8,0,34.128147,150,199,71,65.5,0,43.519897,195,385,72.5,65,0,41.0335,380,587,69.9,64.8,0,67.31999,575,337,73.2,65.1,0,45.45638,335,254,73.1,65.2,0,42.69244,250,177,72.9,65.1,0,59.319466,175,192,73.2,65.1,0,30.60784,190,189,70.9,65,0,44.705765,185,303,70.3,64.9,0,40.17969,300,305,72.5,64.7,0,35.366714,300,212,69.2,64.8,0,54.68357,210,889,69.9,64.7,0,91.17409,880,89.9,90,90.7,148.2,104.8,119.3,1.2,0,29.75
20170729,830,70.9,77.7,30.82617469,31.44196667,248,46,43.9,5.6,71.7,69.4,-0.1,0.55,0,0,0,5,100,100,1,1,1,0,0,200,72,7.5,5.6,7.5,200,72,70.4,63.6,100,100,37,62.8,100,0,71.2,1,63.8,1.8125,65.7,0,0,50.5,12.5,0,0,0,72.9,72.2,65,69.2,15,19.6,62.4,56.6,0,71.9,1,63.8,1.8125,66.1,0,0,92.4,73.6,15.9,4.4,0.4,15,15,78,65.1,82.6,100,20.9,0,68.5,1.3,66.155174,65.655174,0,13,0,0,0,20,0,72,1928,65.5,0,99.96324,2000,72,68,6694.7363,69.9,65.1,100,8365.336,263,73,64.9,0,53.81317,260,127,71.9,65.7,0,54.501976,125,1873,73.4,65.1,0,82.74336,1850,739,78.6,70.1,0,0.011244799,700,605,72.9,65.6,0,46.352245,600,300,73.6,65.6,0,45.521652,301.9999,127,73.2,65.8,0,56.66953,125,338,71.9,66.2,0,30.761887,330,209,73.2,66.9,0,100,650,526,71.2,67,0,100,950,510,0,65.7,0,35.433746,500,505,72.6,65.7,0,35.56016,500,177,73.4,65.4,0,47.51721,175,249,69.9,65.7,0,42.725826,245,222,70.6,65.5,0,41.023758,220,353,72.5,65.4,0,32.050343,350,168,73.2,65.3,0,33.313004,160,338,71.7,65.4,0,30.629747,335,339,73.4,65.2,0,27.677588,335,197,71.3,65.7,0,35.9421,195,437,73.8,65.5,0,29.104385,437.5996,248,70.3,65.3,0,42.771233,245,177,73.6,65.4,0,43.987732,175,248,72.2,65.5,0,46.251995,245,425,71.2,65.3,0,39.93094,420,164,72.5,65.5,0,26.032602,160,340,71.8,65.4,0,37.642445,335,308,72.5,65.4,0,32.00783,300,404,72.2,65,0,27.587055,400,197,71,65.4,0,37.349693,195,393,70.8,65.1,0,32.88094,380,343,70.1,65.5,0,28.439804,335,177,73.5,65.1,0,58.82636,175,247,71.8,65.4,0,44.764057,245,358,72,65.1,0,37.727497,350,160,73.2,65.4,0,31.64785,160,337,73.1,65.2,0,39.40171,335,232,72.1,65.7,0,39.845284,230,288,73.6,65,0,36.248928,285,197,70.1,65.5,0,43.044907,195,403,73.1,65.3,0,40.876915,380,350,72,65,0,40.14406,335,178,73.1,65.2,0,57.099033,175,251,72.7,65.3,0,45.130787,245,427,72.4,65.2,0,46.32317,420,162,73.8,65.1,0,31.325743,160,340,72,65,0,33.615196,335,110,71.8,65.4,0,33.386425,100,341,72.9,65.4,0,39.223183,335,198,71.4,285.1,0,33.251686,195,390,72.6,65.1,0,37.00739,380,339,71.7,65.2,0,42.018147,335,243,73.9,65.2,0,39.191742,241.99982,402,73.7,65.2,0,57.158028,395.58905,355,72.5,65.1,0,39.564583,350,163,72.3,65.2,0,42.85417,160,351,69,65,0,50.772034,335,232,73.5,65.3,0,43.587852,230,164,71.8,65.1,0,34.128147,150,199,71,65.7,0,43.519897,195,383,72.5,65.2,0,41.0335,380,586,69.9,65,0,67.31999,575,337,73.2,65.4,0,45.45638,335,255,73.1,65.5,0,42.69244,250,178,72.9,65.5,0,59.319466,175,192,73.3,65.4,0,30.60784,190,189,70.9,65.3,0,44.705765,185,303,70.3,65.2,0,40.17969,300,305,72.5,64.9,0,35.366714,300,212,69.2,65.1,0,54.68357,210,889,69.9,65,0,91.08155,880,89.9,90,90.9,146.2,104.8,119.1,1.2,-0.1,29.75
20170729,835,71.1,75.8,30.62452569,31.44196667,243,45.9,44,5.6,74.1,72.7,-0.1,0.55,0,0,0,5,100,100,1,1,1,0,0,200,72,7.5,5.6,7.5,200,71.9,70.7,63.6,100,100,36.7,62.8,100,0,71.4,1,63.8,1.8125,65.3,0,0,50.5,12.6,0,0,0,72.9,72.1,65.2,69.1,15,20.1,62.4,55.2,0,72,1,63.8,1.8125,66.1,0,0,91.2,74,15,4.8,0.9,15,15,78.3,65.1,82.6,100,21,0,68.5,1.3,66.155174,65.655174,0,13,0,0,0,20,0,72,1923,65.4,0,99.96324,2000,72,68,6694.7363,69.8,65,100,8229.338,263,72.9,64.7,0,53.81317,260,126,71.8,65.4,0,54.501976,125,1870,73.3,65,0,82.915436,1850,740,78.7,70.4,0,0.011244799,700,606,72.8,65.3,0,46.352245,600,269,73.6,65.5,0,44.045277,265.9999,128,73.1,65.6,0,56.66953,125,337,71.8,66,0,30.761887,330,209,73.1,66.6,0,100,650,524,71.1,66.8,0,100,950,510,0,65.5,0,35.433746,500,506,72.6,65.5,0,35.56016,500,176,73.4,65.7,0,47.51721,175,247,69.9,66,0,42.725826,245,221,70.7,65.7,0,41.023758,220,353,72.5,65.6,0,32.050343,350,168,73.3,65.6,0,33.313004,160,338,71.7,65.6,0,30.629747,335,337,73.4,65.5,0,27.677588,335,197,71.3,66,0,35.9421,195,434,73.8,65.8,0,29.104385,437.5996,248,70.4,65.6,0,42.771233,245,177,73.6,65.7,0,43.987732,175,249,72.3,65.8,0,46.251995,245,424,71.3,65.5,0,39.93094,420,163,72.5,65.8,0,26.032602,160,340,71.8,65.7,0,37.642445,335,308,72.5,65.7,0,32.00783,300,405,72.2,65.3,0,27.587055,400,198,71,65.7,0,37.349693,195,386,70.8,65.4,0,32.88094,380,344,70.2,65.8,0,28.439804,335,178,73.5,65.4,0,58.82636,175,249,71.8,65.6,0,44.764057,245,358,72,65.4,0,37.272503,350,162,73.2,65.6,0,32.68076,160,342,73.1,65.5,0,40.01221,335,233,72.1,66,0,39.845284,230,289,73.6,65.3,0,36.248928,285,200,70.1,65.9,0,43.044907,195,388,73.1,65.5,0,41.405178,380,341,72,65.3,0,40.14406,335,176,73.2,65.4,0,57.099033,175,250,72.7,65.5,0,45.130787,245,426,72.4,65.5,0,46.32317,420,162,73.8,65.3,0,31.325743,160,341,72,65.3,0,33.615196,335,109,71.7,65.6,0,32.945354,100,341,72.9,65.7,0,39.223183,335,198,71.4,284.9,0,33.251686,195,387,72.7,65.4,0,37.00739,380,337,71.7,65.5,0,42.018147,335,243,73.9,65.4,0,39.191742,241.99982,344,73.8,65.5,0,53.940098,340.98907,355,72.4,65.4,0,39.564583,350,162,72.3,65.5,0,42.85417,160,354,69.1,65.3,0,50.772034,335,233,73.5,65.6,0,43.587852,230,163,71.8,65.4,0,34.128147,150,200,70.9,66,0,43.519897,195,386,72.5,65.5,0,41.0335,380,585,69.9,65.3,0,67.31999,575,337,73.2,65.7,0,45.45638,335,254,73.1,65.8,0,42.69244,250,177,72.9,65.7,0,59.319466,175,192,73.3,65.7,0,30.60784,190,189,70.9,65.6,0,44.705765,185,304,70.3,65.5,0,40.17969,300,306,72.4,65.2,0,35.366714,300,212,69.2,65.4,0,54.68357,210,889,69.8,65.3,0,91.05842,880,89.8,89.9,90.8,147.2,104.8,118.9,-0.3,0.5,29.75
20170729,840,70.9,76.6,30.62674766,31.44196667,243,46.3,44.4,5.6,75.9,74.1,-0.2,0.55,0,0,0,5,100,100,1,1,1,0,0,200,72,7.5,5.6,7.5,200,71.8,70.5,63.6,100,100,36.4,62.8,100,0,71.2,1,63.8,1.8125,65.1,0,0,50.9,12.6,0,0,0,72.9,72.2,65.5,68.9,15,20.6,62.4,58.7,0,72,1.01,63.8,1.8125,66.2,0,0,90,73.7,17.1,4.5,1.5,15,15,76.2,65.1,82.6,100,21.6,0,68.5,1.3,66.155174,65.655174,0,13,0,0,1,21,0,72,1933,65.4,0,99.96324,2000,72,68,6694.7363,69.8,65,100,8229.338,264,72.8,64.6,0,53.81317,260,127,71.7,65.3,0,54.501976,125,1875,73.2,64.9,0,82.6942,1850,738,78.7,70.6,0,0.011244799,700,607,72.7,65.2,0,46.352245,600,228,73.6,65.4,0,40.89567,229.99991,126,73.1,65.4,0,56.510002,125,338,71.7,65.8,0,30.761887,330,210,73.1,66.4,0,100,650,528,71,66.6,0,100,950,510,0,65.3,0,35.433746,500,506,72.4,65.3,0,35.56016,500,177,73.5,66,0,47.799904,175,249,70,66.2,0,42.725826,245,223,70.7,65.9,0,41.476856,220,354,72.5,65.9,0,32.050343,350,168,73.3,65.8,0,33.313004,160,338,71.7,65.9,0,30.629747,335,338,73.4,65.8,0,27.677588,335,198,71.4,66.2,0,35.9421,195,433,73.8,66,0,29.104385,437.5996,248,70.3,65.8,0,43.053513,245,177,73.6,66,0,43.987732,175,250,72.3,66,0,46.251995,245,425,71.3,65.8,0,39.93094,420,164,72.5,66.1,0,26.032602,160,340,71.8,66,0,37.642445,335,308,72.5,65.9,0,32.00783,300,405,72.2,65.6,0,27.587055,400,198,71,65.9,0,37.349693,195,407,70.8,65.6,0,32.88094,380,351,70.2,66.1,0,28.439804,335,177,73.5,65.6,0,59.102936,175,250,71.8,65.9,0,44.764057,245,357,72,65.6,0,37.272503,350,161,73.2,65.9,0,32.68076,160,342,73.1,65.8,0,40.01221,335,234,72.2,66.2,0,40.287327,230,287,73.6,65.6,0,36.248928,285,199,70.1,66.1,0,43.044907,195,402,73.1,65.8,0,41.405178,380,347,72,65.6,0,40.660267,335,179,73.1,65.7,0,57.553078,175,250,72.8,65.8,0,45.130787,245,434,72.4,65.7,0,46.765865,420,162,73.8,65.6,0,31.325743,160,340,72,65.5,0,33.615196,335,107,71.8,65.9,0,32.945354,100,341,72.9,66,0,39.223183,335,198,71.4,284.7,0,33.251686,195,390,72.7,65.6,0,37.00739,380,339,71.7,65.8,0,42.018147,335,243,73.9,65.7,0,39.191742,241.99982,344,73.8,65.8,0,53.940098,340.98907,356,72.4,65.6,0,39.564583,350,162,72.3,65.8,0,42.85417,160,351,69.2,65.6,0,50.772034,335,233,73.5,65.8,0,43.587852,230,164,71.8,65.6,0,34.128147,150,199,71,66.3,0,43.519897,195,387,72.5,65.8,0,41.0335,380,584,70,65.6,0,67.31999,575,337,73.2,65.9,0,45.45638,335,255,73.1,66.1,0,42.69244,250,178,72.9,66,0,59.319466,175,193,73.3,65.9,0,30.60784,190,189,70.9,65.9,0,44.705765,185,306,70.3,65.7,0,40.17969,300,305,72.5,65.5,0,35.366714,300,212,69.2,65.6,0,54.68357,210,887,69.8,65.5,0,91.46327,880,89.8,89.9,90.9,149.2,104.8,119.2,1.2,0.1,29.75
20170729,845,70.6,74.8,30.08959116,31.44196667,246,45.7,43.7,5.6,72.8,71.3,-0.1,0.55,0,0,0,5,100,100,1,1,1,0,0,200,72,7.5,5.6,7.5,200,71.7,70.7,63.6,100,100,36.1,62.8,100,0,71.3,1,63.8,1.8125,64.9,0,0,50.4,12.8,0,0,0,72.9,72.2,65.8,69.3,15,21.4,62.4,54.5,0,72.1,1.01,63.8,1.8125,66.1,0,0,88.8,74.1,14.6,4.7,1.1,15,15,75.9,65.1,82.6,100,22.1,0,68.5,1.3,66.155174,65.655174,0,13,0,0,0,20,0,72,1936,65.3,0,99.96324,2000,72,68,6512.6553,69.7,65,100,7685.3296,264,72.7,64.6,0,53.81317,260,126,71.6,65.3,0,54.501976,125,1874,73.1,64.9,0,82.6942,1850,737,78.7,70.8,0,0.011244799,700,608,72.6,65.2,0,46.352245,600,209,73.7,65.4,0,38.373524,211.99982,127,73,65.5,0,56.510002,125,340,71.6,65.9,0,30.761887,330,211,73,66.4,0,100,650,529,70.8,66.6,0,100,950,511,0,65.4,0,35.433746,500,507,72.3,65.4,0,35.56016,500,176,73.5,66.2,0,47.799904,175,249,70.1,66.5,0,42.725826,245,221,70.8,66.2,0,41.476856,220,356,72.5,66.2,0,32.66129,350,168,73.3,66.1,0,33.313004,160,336,71.7,66.2,0,30.629747,335,339,73.4,66.1,0,27.677588,335,197,71.4,66.5,0,35.9421,195,435,73.8,66.3,0,29.104385,437.5996,248,70.4,66.1,0,43.053513,245,176,73.6,66.3,0,43.987732,175,247,72.3,66.3,0,46.251995,245,425,71.3,66.1,0,39.93094,420,164,72.4,66.3,0,26.032602,160,341,71.8,66.2,0,37.642445,335,308,72.5,66.2,0,32.00783,300,404,72.3,65.8,0,27.587055,400,198,71,66.2,0,37.349693,195,402,70.8,65.9,0,32.88094,380,346,70.3,66.3,0,28.439804,335,177,73.5,66,0,60.14911,175,247,71.9,66.2,0,45.03744,245,354,72,65.9,0,37.272503,350,162,73.1,66.1,0,33.12515,160,338,73.1,66.1,0,40.01221,335,233,72.2,66.5,0,40.287327,230,294,73.7,65.8,0,36.68994,285,202,70.2,66.4,0,43.495193,195,404,73.1,66.1,0,41.405178,380,345,72,65.9,0,39.09964,335,177,73.2,66,0,57.553078,175,249,72.8,66.1,0,45.130787,245,429,72.4,66,0,46.765865,420,161,73.8,65.9,0,31.325743,160,340,72.1,65.8,0,33.615196,335,108,71.8,66.2,0,32.945354,100,339,72.9,66.2,0,39.223183,335,198,71.4,284.9,0,33.251686,195,385,72.7,65.9,0,37.00739,380,338,71.7,66,0,42.018147,335,244,74,66,0,39.191742,241.99982,343,73.8,66.1,0,53.940098,340.98907,353,72.4,65.9,0,39.564583,350,163,72.3,66.1,0,42.85417,160,350,69.3,65.9,0,50.772034,335,232,73.5,66.1,0,43.587852,230,165,71.8,65.9,0,34.128147,150,199,71,66.5,0,43.519897,195,388,72.5,66,0,41.0335,380,586,70,65.9,0,67.31999,575,337,73.2,66.2,0,45.45638,335,254,73.2,66.3,0,42.69244,250,177,73,66.2,0,59.319466,175,191,73.3,66.2,0,30.60784,190,189,70.9,66.1,0,44.705765,185,306,70.3,66,0,40.17969,300,304,72.6,65.7,0,35.366714,300,212,69.2,65.9,0,54.68357,210,890,69.8,65.8,0,90.94274,880,89.7,89.8,90.8,148.2,104.8,119.3,1.4,1.7,29.75
20170729,850,70.5,73.7,29.82322753,31.44196667,247,46,44,5.6,74.7,72.9,-0.1,0.55,0,0,0,5,100,100,1,1,1,0,0,200,72,7.5,5.6,7.5,200,71.7,70.8,63.5,100,100,35.7,62.8,100,0,71.3,1,63.8,1.8125,64.4,0,0,51,12.9,0,0,0,72.9,72.2,66.1,69.2,15,22.3,62.4,55.4,0,72.1,1.01,63.8,1.8125,66.1,0,0,87.8,74,16.4,4.9,1,15,15,75.8,65.1,82.6,100,22.6,0,68.5,1.3,66.155174,65.655174,0,13,0,0,0,20,1,72,1935,65.3,0,99.96324,2000,72,68,6694.7363,69.6,64.9,100,6869.3315,265,72.6,64.5,0,53.81317,260,127,71.5,65.3,0,54.501976,125,1875,73,64.8,0,82.6942,1850,737,78.8,71,0,0.011244799,700,609,72.5,65.1,0,46.352245,600,202,73.7,65.4,0,38.877953,200,127,73,65.4,0,56.510002,125,340,71.6,65.8,0,30.761887,330,212,72.9,66.4,0,100,650,531,70.8,66.5,0,100,950,511,0,65.3,0,35.433746,500,506,72.3,65.3,0,35.56016,500,176,73.5,66.5,0,47.799904,175,249,70.1,66.7,0,42.725826,245,223,70.8,66.4,0,41.476856,220,355,72.5,66.4,0,32.050343,350,168,73.3,66.4,0,33.313004,160,337,71.7,66.4,0,30.629747,335,340,73.4,66.3,0,27.677588,335,198,71.4,66.7,0,35.9421,195,398,73.7,66.5,0,26.633724,399.19962,248,70.4,66.4,0,43.053513,245,177,73.6,66.5,0,43.987732,175,250,72.4,66.5,0,46.251995,245,423,71.3,66.3,0,39.93094,420,164,72.5,66.5,0,26.032602,160,341,71.9,66.5,0,37.642445,335,308,72.5,66.5,0,32.00783,300,404,72.3,66.1,0,27.587055,400,198,71,66.4,0,37.349693,195,395,70.8,66.1,0,32.88094,380,337,70.3,66.6,0,28.906635,335,178,73.6,66.2,0,60.14911,175,249,71.9,66.4,0,45.548553,245,354,72.1,66.1,0,37.272503,350,161,73.1,66.4,0,33.12515,160,341,73.1,66.3,0,40.01221,335,233,72.2,66.7,0,40.287327,230,292,73.6,66.1,0,36.408184,285,202,70.2,66.6,0,43.215286,195,407,73.1,66.3,0,41.405178,380,350,72,66.1,0,40.576233,335,179,73.2,66.2,0,57.553078,175,251,72.8,66.3,0,45.130787,245,431,72.3,66.2,0,46.765865,420,162,73.9,66.1,0,31.325743,160,340,72.1,66.1,0,33.615196,335,106,71.8,66.4,0,32.945354,100,342,72.9,66.5,0,39.223183,335,199,71.4,285.3,0,33.251686,195,389,72.6,66.1,0,37.00739,380,338,71.7,66.3,0,42.018147,335,241,73.9,66.2,0,39.191742,241.99982,344,73.8,66.3,0,53.940098,340.98907,356,72.4,66.1,0,39.564583,350,163,72.3,66.3,0,42.85417,160,352,69.4,66.1,0,50.772034,335,233,73.5,66.4,0,43.587852,230,167,71.9,66.2,0,34.128147,150,200,71,66.8,0,43.519897,195,389,72.5,66.3,0,41.0335,380,585,70,66.1,0,67.31999,575,337,73.2,66.4,0,45.45638,335,255,73.2,66.6,0,42.69244,250,178,73,66.5,0,59.319466,175,193,73.3,66.4,0,30.60784,190,189,71,66.4,0,44.705765,185,300,70.3,66.2,0,40.17969,300,305,72.5,66,0,35.366714,300,212,69.2,66.1,0,54.68357,210,888,69.7,66.1,0,91.57895,880,89.7,89.8,90.9,149.2,104.8,119.1,1.1,0.1,29.75
20170729,855,70.6,74.9,30.10750597,31.44196667,245,46.3,44.1,5.65,73.1,70.1,-0.2,0.55,0,0,0,5,100,100,1,1,1,0,0,200,72,7.5,5.65,7.5,200,71.7,71,63.7,100,100,35.6,62.8,100,0,71.5,1,63.8,1.8125,64.2,0,0,50.7,12.9,0,0,0,72.9,72.3,66.1,69.1,15,23.2,62.4,53.5,0,72,1.01,63.8,1.8125,66,0,0,86.9,74.1,14.5,4.5,1.5,15,15,77,65.1,82.6,100,24,0,68.5,1.3,66.155174,65.655174,0,13,0,0,0,20,0,72,1931,65.5,0,99.96324,2000,72,68,6512.6553,69.6,65.1,89.2,6189.3315,265,72.6,64.6,0,53.81317,260,126,71.5,65.3,0,54.501976,125,1873,72.9,65,0,82.6942,1850,738,78.8,71.1,0,0.011244799,700,606,72.5,65.2,0,46.352245,600,202,73.7,65.5,0,38.877953,200,127,72.9,65.5,0,56.510002,125,339,71.6,65.8,0,30.761887,330,210,72.9,66.3,0,100,650,528,70.7,66.5,0,100,950,510,0,65.3,0,35.433746,500,506,72.2,65.4,0,35.56016,500,176,73.5,66.7,0,47.799904,175,246,70.2,66.9,0,42.725826,245,223,70.8,66.6,0,41.476856,220,354,72.5,66.6,0,32.050343,350,168,73.3,66.5,0,33.313004,160,340,71.7,66.6,0,31.254595,335,337,73.4,66.5,0,27.677588,335,197,71.4,66.9,0,35.9421,195,385,73.7,66.8,0,27.683756,380,249,70.4,66.5,0,43.053513,245,176,73.6,66.7,0,43.987732,175,248,72.4,66.7,0,46.251995,245,425,71.3,66.5,0,39.93094,420,163,72.5,66.8,0,26.032602,160,339,71.9,66.7,0,37.642445,335,308,72.5,66.7,0,32.00783,300,404,72.3,66.3,0,27.587055,400,197,71.1,66.6,0,37.349693,195,407,70.8,66.3,0,32.88094,380,347,70.4,66.7,0,28.906635,335,178,73.6,66.4,0,60.14911,175,249,71.9,66.6,0,45.548553,245,356,72,66.3,0,37.272503,350,162,73.1,66.6,0,33.12515,160,340,73.1,66.5,0,40.01221,335,233,72.2,66.9,0,40.287327,230,292,73.7,66.3,0,36.408184,285,202,70.2,66.8,0,43.215286,195,389,73.1,66.5,0,41.405178,380,340,72,66.3,0,40.576233,335,177,73.2,66.4,0,57.553078,175,249,72.9,66.5,0,45.130787,245,430,72.3,66.4,0,46.765865,420,161,73.9,66.3,0,31.325743,160,339,72.1,66.2,0,33.615196,335,109,71.8,66.7,0,32.945354,100,344,72.9,66.7,0,39.223183,335,197,71.5,284.9,0,33.251686,195,384,72.6,66.3,0,37.00739,380,335,71.8,66.5,0,42.018147,335,241,74,66.4,0,39.191742,241.99982,343,73.8,66.5,0,53.940098,340.98907,353,72.4,66.3,0,39.564583,350,162,72.3,66.5,0,42.85417,160,348,69.4,66.3,0,50.772034,335,231,73.5,66.6,0,43.587852,230,156,71.9,66.4,0,34.128147,150,199,71,67,0,43.519897,195,384,72.5,66.5,0,41.0335,380,581,70,66.3,0,67.31999,575,337,73.2,66.6,0,45.45638,335,254,73.2,66.8,0,42.69244,250,176,73,66.7,0,59.319466,175,191,73.3,66.6,0,30.60784,190,188,71,66.6,0,44.705765,185,302,70.3,66.4,0,40.17969,300,304,72.5,66.2,0,35.366714,300,211,69.3,66.3,0,54.68357,210,886,69.7,66.2,0,91.486404,880,89.6,89.7,90.7,146.2,104.8,119.2,1.2,1.1,29.75
20170729,900,70.2,76.1,30.03533511,31.44196667,247,45.9,43.8,5.6,73.7,71.9,-0.1,0.55,0,0,0,5,100,100,1,1,1,0,0,200,72,7.5,5.6,7.5,200,71.6,71.1,63.6,100,100,35.3,62.8,100,0,71.5,1,63.8,1.8125,64.2,0,0,50.4,12.6,0,0,0,72.9,72.2,66.4,69.3,15,24.2,62.4,56.8,0,72.1,0.99,63.8,1.8125,65.9,0,0,86.2,74.3,17.1,4.5,0.7,15,15,76,65.1,82.6,100,22.7,0,68.5,1.3,66.155174,65.655174,0,13,0,0,0,20,0,72,1943,65.4,0,99.96324,2000,72,68,5934.3843,69.6,65,68.3,5509.331,265,72.5,64.7,0,53.81317,260,127,71.4,65.4,0,54.501976,125,1875,72.9,65,0,82.6942,1850,734,78.8,71.3,0,0.011244799,700,608,72.4,65.2,0,46.352245,600,203,73.7,65.5,0,38.877953,200,127,72.9,65.6,0,56.510002,125,340,71.4,65.9,0,30.761887,330,211,72.8,66.4,0,100,650,533,70.7,66.6,0,100,950,511,0,65.4,0,35.433746,500,506,72.2,65.5,0,35.56016,500,179,73.5,66.8,0,48.414455,175,246,70.2,67.1,0,42.725826,245,223,70.8,66.8,0,41.476856,220,353,72.5,66.7,0,32.050343,350,168,73.3,66.7,0,33.313004,160,341,71.7,66.8,0,31.254595,335,341,73.4,66.7,0,28.131517,335,197,71.4,67.1,0,35.9421,195,389,73.8,66.9,0,26.324892,380,249,70.4,66.7,0,43.053513,245,177,73.6,66.8,0,43.987732,175,248,72.4,66.8,0,46.251995,245,426,71.4,66.6,0,39.93094,420,164,72.4,66.9,0,26.032602,160,340,71.9,66.9,0,37.642445,335,308,72.5,66.8,0,32.00783,300,406,72.3,66.5,0,27.587055,400,198,71.1,66.8,0,37.349693,195,393,70.9,66.5,0,32.88094,380,348,70.4,66.9,0,28.906635,335,177,73.6,66.5,0,60.14911,175,249,71.9,66.7,0,45.548553,245,355,72.1,66.5,0,37.272503,350,161,73.1,66.7,0,33.12515,160,339,73.1,66.7,0,40.01221,335,232,72.3,67.1,0,40.287327,230,292,73.7,66.5,0,36.408184,285,201,70.2,67,0,43.215286,195,402,73.1,66.7,0,41.405178,380,348,72,66.5,0,40.576233,335,178,73.2,66.5,0,57.553078,175,249,72.9,66.6,0,45.130787,245,431,72.3,66.6,0,46.765865,420,162,73.9,66.5,0,31.325743,160,340,72.1,66.4,0,33.615196,335,106,71.8,66.8,0,32.945354,100,341,72.8,66.8,0,39.223183,335,198,71.5,284.9,0,33.251686,195,387,72.6,66.5,0,37.00739,380,337,71.7,66.6,0,42.018147,335,245,74,66.6,0,39.191742,241.99982,346,73.8,66.6,0,53.940098,340.98907,354,72.4,66.5,0,39.564583,350,162,72.3,66.7,0,42.85417,160,350,69.5,66.5,0,50.772034,335,233,73.5,66.7,0,43.587852,230,164,71.9,66.5,0,34.128147,150,199,71,67.2,0,43.519897,195,385,72.5,66.6,0,41.0335,380,584,70.1,66.4,0,67.31999,575,337,73.2,66.8,0,45.45638,335,254,73.2,67,0,42.69244,250,178,73,66.8,0,59.319466,175,192,73.3,66.8,0,30.60784,190,189,71,66.7,0,44.705765,185,305,70.3,66.5,0,40.639366,300,304,72.5,66.3,0,35.366714,300,212,69.3,66.5,0,54.68357,210,890,69.7,66.4,0,90.8849,880,89.6,89.7,90.8,149.2,104.8,119.2,1.2,-0.1,29.76
20170729,905,70,77.8,30.19319205,33.90672083,246,46.1,44,5.6,76.1,74.4,-0.1,0.55,0,0,0,5,100,100,1,1,1,0,0,200,72,7.5,5.6,7.5,200,71.6,70.3,63.5,100,100,34.8,62.8,100,0,70.8,1.05,63.8,1.8125,64.2,0,0,50.7,12.9,0,0,0,72.9,72.2,66.5,68.8,15,25.3,62.4,55.8,0,72,1.01,63.8,1.8125,65.7,0,0,86,73.4,16.3,4.4,1.6,15,15,78.6,65.1,82.6,100,24.2,0,68.5,1.3,66.155174,65.655174,0,13,0,0,1,21,0,72,1962,65.4,0,99.96324,2000,72,68,4825.798,69.6,64.9,60.1,4829.331,267,72.5,64.8,0,52.863705,260,128,71.4,65.5,0,53.617126,125,1882,72.8,65.1,0,82.36234,1850,730,78.8,71.4,0,0.011244799,700,608,72.3,65.4,0,45.897816,600,203,73.7,65.7,0,37.979824,200,128,72.8,65.7,0,56.055958,125,337,71.4,66.1,0,29.700766,330,214,72.8,66.6,0,100,650,537,70.6,66.8,0,100,950,510,0,65.5,0,34.981037,500,507,72.1,65.5,0,35.56016,500,178,73.5,67,0,47.971977,175,245,70.2,67.2,0,42.725826,245,222,70.8,66.9,0,41.476856,220,352,72.5,66.9,0,32.050343,350,168,73.4,66.9,0,33.313004,160,340,71.7,66.9,0,31.254595,335,339,73.5,66.8,0,28.131517,335,197,71.5,67.2,0,35.9421,195,383,73.8,67.1,0,26.324892,380,248,70.4,66.9,0,43.053513,245,176,73.6,67,0,43.987732,175,247,72.4,67,0,46.251995,245,423,71.4,66.8,0,39.93094,420,163,72.4,67.1,0,26.032602,160,339,71.9,67,0,37.642445,335,307,72.5,67,0,32.00783,300,404,72.3,66.6,0,27.587055,400,197,71.1,66.9,0,37.349693,195,412,70.9,66.6,0,32.88094,380,344,70.4,67,0,28.906635,335,176,73.6,66.7,0,60.14911,175,248,71.9,66.9,0,45.548553,245,353,72,66.6,0,37.272503,350,162,73.1,66.8,0,33.12515,160,340,73.1,66.8,0,40.01221,335,233,72.3,67.3,0,40.287327,230,291,73.7,66.6,0,36.408184,285,201,70.3,67.1,0,43.215286,195,396,73.1,66.8,0,41.405178,380,340,72,66.6,0,40.576233,335,177,73.2,66.7,0,57.553078,175,248,72.9,66.8,0,45.130787,245,431,72.3,66.8,0,46.765865,420,161,73.9,66.6,0,31.325743,160,340,72.1,66.6,0,33.615196,335,107,71.8,67,0,32.945354,100,343,72.8,67,0,39.223183,335,197,71.5,285,0,33.251686,195,385,72.6,66.6,0,37.00739,380,335,71.8,66.8,0,42.459538,335,240,74,66.7,0,39.191742,241.99982,341,73.8,66.7,0,53.940098,340.98907,353,72.4,66.6,0,39.564583,350,163,72.3,66.8,0,42.85417,160,345,69.5,66.6,0,50.772034,335,232,73.5,66.9,0,43.587852,230,158,71.9,66.7,0,34.128147,150,199,71.1,67.3,0,43.519897,195,386,72.5,66.8,0,41.0335,380,578,70.1,66.6,0,67.31999,575,337,73.2,66.9,0,45.45638,335,253,73.2,67.1,0,42.69244,250,177,73,67,0,59.319466,175,191,73.3,67,0,30.60784,190,189,71.1,66.8,0,44.705765,185,304,70.3,66.7,0,40.25282,300,304,72.3,66.5,0,35.366714,300,211,69.3,66.6,0,54.68357,210,886,69.7,66.5,0,91.590515,880,89.5,89.6,90.9,148.2,104.8,119,1.1,0.9,29.76
20170729,910,69.5,79.8,30.18897567,33.90672083,246,45.6,43.5,5.6,73,71.4,-0.2,0.55,0,0,0,5,100,100,1,1,1,0,0,200,72,7.5,5.6,7.5,200,71.6,69.5,63.2,100,100,33.9,62.8,100,0,70.3,1.05,63.8,1.8125,64.4,0,0,50.4,12.9,0,0,0,72.9,72.1,66.7,69,15,26.4,62.4,54.3,0,71.9,1,63.8,1.8125,65.7,0,0,85.6,73.7,14,4.5,1.5,15,15,79.9,65.1,82.6,100,24.8,0,68.5,1.3,66.155174,65.655174,0,13,0,0,0,20,0,72,1978,65.1,0,99.96324,2000,72,68,4306.704,69.6,64.6,53.4,4149.3315,265,72.5,64.4,0,52.28178,260,127,71.3,65.2,0,53.174698,125,1883,72.8,64.7,0,80.42035,1850,723,78.8,71.5,0,0.011244799,700,614,72.2,65.1,0,45.897816,600,204,73.7,65.3,0,38.877953,200,129,72.8,65.4,0,56.055958,125,340,71.4,65.7,0,29.700766,330,215,72.7,66.4,0,100,650,539,70.6,66.5,0,100,950,511,0,65.2,0,34.981037,500,508,72,65.3,0,35.56016,500,178,73.5,67,0,47.971977,175,247,70.3,67.3,0,42.725826,245,222,70.9,67,0,41.476856,220,355,72.5,67,0,32.490223,350,168,73.3,67,0,33.313004,160,340,71.7,67,0,31.254595,335,339,73.5,66.9,0,28.131517,335,197,71.5,67.3,0,35.9421,195,385,73.8,67.2,0,26.324892,380,248,70.4,66.9,0,43.053513,245,177,73.7,67,0,43.987732,175,249,72.4,67.1,0,46.251995,245,424,71.4,66.8,0,39.93094,420,163,72.4,67.1,0,26.032602,160,340,71.9,67.1,0,37.642445,335,307,72.6,67.1,0,32.00783,300,402,72.3,66.7,0,27.587055,400,198,71.1,67,0,37.349693,195,406,70.9,66.7,0,32.88094,380,348,70.4,67.1,0,29.36118,335,177,73.6,66.7,0,60.14911,175,251,71.9,67,0,45.548553,245,354,72.1,66.7,0,37.272503,350,161,73.1,67,0,33.12515,160,339,73.1,66.9,0,40.01221,335,232,72.3,67.4,0,40.287327,230,292,73.7,66.7,0,36.408184,285,201,70.3,67.2,0,43.215286,195,403,73.1,66.9,0,41.405178,380,346,72,66.7,0,40.132053,335,177,73.3,66.8,0,57.553078,175,250,72.9,66.8,0,45.130787,245,431,72.3,66.8,0,46.765865,420,161,73.9,66.7,0,31.325743,160,338,72.1,66.7,0,33.615196,335,107,71.8,67.1,0,32.945354,100,344,72.8,67.1,0,39.223183,335,198,71.5,284.8,0,33.251686,195,384,72.6,66.7,0,37.00739,380,341,71.7,66.8,0,42.005886,335,243,74,66.7,0,39.191742,241.99982,344,73.8,66.8,0,53.940098,340.98907,353,72.4,66.7,0,39.564583,350,162,72.3,66.9,0,42.85417,160,348,69.6,66.7,0,50.772034,335,232,73.5,67,0,43.587852,230,166,71.9,66.8,0,34.128147,150,199,71.1,67.4,0,43.519897,195,388,72.5,66.8,0,41.0335,380,583,70.2,66.7,0,67.31999,575,337,73.1,67.1,0,45.45638,335,254,73.2,67.2,0,42.69244,250,178,73,67.1,0,59.319466,175,192,73.3,67.1,0,30.60784,190,189,71.1,67,0,44.705765,185,304,70.3,66.8,0,40.25282,300,304,72.5,66.6,0,35.366714,300,212,69.3,66.6,0,55.126213,210,885,69.7,66.6,0,91.56738,880,89.5,89.6,90.8,146.2,104.8,118.9,2.7,-0.2,29.75
20170729,915,68.9,81.7,30.08290686,33.90672083,246,46.2,44.2,5.6,74.6,72.9,-0.1,0.55,0,0,0,5,100,100,1,1,1,0,0,200,72,7.5,5.6,7.5,200,71.6,68.7,62.9,100,100,32.4,62.8,100,0,69.6,1.1,63.8,1.8125,64.4,0,0,50.4,12.7,0,0,0,72.9,72,66.4,69.5,15,27.4,62.4,55.8,0,71.8,1,63.8,1.8125,65.6,0,0,85.5,74.5,14.8,4.7,0.4,15,15,82,65.1,82.6,100,23.8,0,66.5,1.3,66.155174,65.655174,0,13,0,0,0,20,1,72,2014,64.7,0,99.25254,2000,72,68,3719.001,69.6,64.2,46.5,3469.3315,268,72.5,64,0,51.842777,260,126,71.3,64.8,0,52.493126,125,1880,72.7,64.4,0,75.58997,1850,711,78.8,71.5,0,0.011244799,700,611,72.1,64.8,0,45.44338,600,204,73.7,65.1,0,37.27854,200,128,72.7,65.1,0,54.988342,125,336,71.4,65.4,0,29.170204,330,218,72.7,66.1,0,100,650,551,70.5,66.3,0,100,950,513,0,65,0,34.087852,500,509,71.9,64.9,0,35.56016,500,178,73.5,67,0,47.971977,175,247,70.3,67.3,0,42.725826,245,223,70.9,67,0,41.476856,220,354,72.5,67,0,32.490223,350,168,73.4,67,0,33.313004,160,340,71.8,67,0,31.254595,335,339,73.4,67,0,28.131517,335,197,71.5,67.4,0,35.9421,195,391,73.8,67.2,0,26.324892,380,249,70.4,66.9,0,43.053513,245,177,73.7,67,0,43.987732,175,248,72.4,67.1,0,46.251995,245,425,71.4,66.8,0,39.93094,420,164,72.4,67.2,0,26.032602,160,338,71.9,67.1,0,37.642445,335,308,72.5,67.1,0,32.00783,300,404,72.3,66.7,0,27.587055,400,198,71.1,67.1,0,37.349693,195,412,70.9,66.7,0,32.88094,380,351,70.4,67.1,0,29.36118,335,176,73.6,66.7,0,60.14911,175,249,71.9,67,0,45.548553,245,354,72.1,66.7,0,37.272503,350,160,73.1,67,0,33.12515,160,337,73.1,66.9,0,40.01221,335,232,72.3,67.4,0,40.287327,230,290,73.7,66.8,0,36.408184,285,200,70.3,67.2,0,43.215286,195,402,73,66.9,0,41.405178,380,347,72,66.7,0,40.132053,335,178,73.3,66.8,0,57.553078,175,250,72.9,66.8,0,45.130787,245,430,72.3,66.8,0,46.765865,420,161,73.8,66.7,0,31.325743,160,339,72.1,66.7,0,33.615196,335,107,71.9,67.1,0,32.945354,100,341,72.8,67.1,0,39.223183,335,198,71.5,284.8,0,33.251686,195,387,72.6,66.7,0,37.00739,380,338,71.8,66.8,0,42.005886,335,242,74,66.8,0,39.191742,241.99982,344,73.8,66.8,0,53.940098,340.98907,354,72.4,66.7,0,39.564583,350,163,72.3,66.9,0,42.85417,160,349,69.7,66.7,0,50.772034,335,232,73.5,67.1,0,43.587852,230,164,71.9,66.8,0,34.128147,150,199,71.1,67.4,0,43.519897,195,391,72.5,66.8,0,41.0335,380,584,70.2,66.6,0,67.31999,575,337,73.1,67.1,0,45.45638,335,253,73.2,67.3,0,42.69244,250,177,73,67.2,0,59.319466,175,192,73.3,67.1,0,30.60784,190,189,71.1,67,0,44.705765,185,308,70.3,66.8,0,40.639366,300,305,72.4,66.6,0,35.366714,300,211,69.3,66.7,0,55.126213,210,886,69.6,66.5,0,91.46327,880,89.4,89.5,90.8,146.2,104.8,118.9,1.2,-0.4,29.75
20170729,920,68.6,82.9,30.06865744,33.90672083,245,46.5,44.4,5.6,72.9,69.9,-0.1,0.55,0,0,0,5,100,100,1,1,1,0,0,200,72,7.5,5.6,7.5,200,71.6,69.1,63.1,100,100,31.3,62.8,100,0,69.8,1.1,63.8,1.8125,64.6,0,0,50.8,12.9,0,0,0,72.9,71.9,66.6,69,15,28.5,62.4,55.4,0,71.8,1,63.8,1.8125,65.6,0,0,85.3,73.8,16.6,4.9,1,15,15,82,65.1,82.6,100,20.4,0,66.5,1.3,66.155174,65.655174,0,13,0,0,0,20,0,72,2020,64.9,0,99.087036,2000,72,68,3024.2644,69.6,64.3,39.4,2789.3315,266,72.4,64.1,0,51.842777,260,127,71.2,64.9,0,52.493126,125,1882,72.6,64.4,0,73.72173,1850,709,78.9,71.6,0,0.011244799,700,604,72.1,64.8,0,45.00123,600,206,73.6,65.1,0,37.27854,200,129,72.6,65.1,0,54.988342,125,337,71.3,65.5,0,29.170204,330,219,72.7,66.1,0,100,650,555,70.4,66.4,0,100,950,512,0,65,0,34.087852,500,510,71.9,65,0,35.56016,500,178,73.5,67.1,0,47.971977,175,247,70.3,67.3,0,42.725826,245,223,70.9,67,0,41.476856,220,357,72.5,67,0,32.490223,350,168,73.4,67,0,33.313004,160,340,71.8,67,0,31.254595,335,340,73.5,67,0,28.131517,335,197,71.5,67.4,0,35.9421,195,385,73.8,67.2,0,26.324892,380,249,70.4,66.9,0,43.053513,245,177,73.7,67,0,43.987732,175,248,72.3,67.1,0,46.251995,245,425,71.4,66.8,0,39.93094,420,164,72.4,67.2,0,26.032602,160,339,71.9,67.1,0,37.924274,335,308,72.5,67.2,0,32.00783,300,402,72.3,66.8,0,27.587055,400,197,71.1,67.1,0,37.349693,195,417,70.9,66.8,0,33.041332,380,349,70.4,67.1,0,29.987713,335,178,73.6,66.7,0,60.582012,175,248,71.9,67,0,45.548553,245,355,72.1,66.6,0,37.272503,350,161,73.1,67,0,33.12515,160,341,73.1,66.9,0,40.01221,335,233,72.3,67.4,0,40.287327,230,291,73.7,66.8,0,36.408184,285,201,70.4,67.3,0,43.215286,195,402,73,66.9,0,41.405178,380,350,72,66.7,0,40.576233,335,181,73.3,66.8,0,57.099033,175,248,73,66.8,0,45.130787,245,432,72.3,66.8,0,46.765865,420,163,73.8,66.7,0,31.325743,160,346,72.1,66.7,0,34.068626,335,107,71.9,67.2,0,32.945354,100,342,72.8,67.1,0,39.223183,335,197,71.5,284.9,0,33.251686,195,387,72.6,66.7,0,37.00739,380,340,71.8,66.8,0,42.005886,335,242,74,66.8,0,39.191742,241.99982,346,73.8,66.7,0,53.940098,340.98907,356,72.4,66.7,0,39.564583,350,162,72.3,66.9,0,42.85417,160,372,69.7,66.7,0,51.379936,335,232,73.5,67.1,0,43.587852,230,163,72,66.8,0,34.128147,150,199,71.1,67.4,0,43.519897,195,387,72.5,66.8,0,41.0335,380,587,70.2,66.6,0,67.31999,575,337,73.1,67.1,0,45.45638,335,254,73.3,67.3,0,42.69244,250,178,73,67.2,0,59.319466,175,195,73.3,67.1,0,31.051434,190,189,71.1,67,0,44.705765,185,304,70.3,66.8,0,40.639366,300,305,72.4,66.6,0,35.366714,300,212,69.4,66.6,0,55.126213,210,890,69.6,66.5,0,91.09312,880,89.4,89.5,90.7,146.2,104.8,119.1,1.2,0.7,29.75
20170729,925,68.7,79.8,29.62050201,33.90672083,245,46.1,44.1,5.6,73.2,71.4,-0.1,0.55,0,0,0,5,100,100,1,1,1,0,0,200,72,7.5,5.6,7.5,200,71.6,69.2,63.1,100,100,30.1,62.8,100,0,70,1.15,63.8,1.8125,64.5,0,0,50.4,12.6,0,0,0,72.9,72,66.6,68.9,15,29.5,62.4,55.4,0,71.9,0.98,63.8,1.8125,65.4,0,0,85.3,73.6,15.1,4.9,1,15,15,79.2,65.1,82.6,100,19.6,0,66.5,1.3,66.155174,65.655174,0,13,0,0,0,20,0,72,2038,64.7,0,93.82836,2000,72,68,2123.706,69.6,64.3,38.5,2200,265,72.4,63.9,0,51.271057,260,126,71.2,64.7,0,51.62023,125,1886,72.5,64.3,0,69.98525,1850,690,78.9,71.6,0,1.903269,700,615,72,64.6,0,45.00123,600,204,73.6,64.9,0,36.83563,200,130,72.5,64.9,0,54.092525,125,337,71.2,65.3,0,28.77759,330,223,72.6,65.8,0,100,650,568,70.4,66,0,100,950,511,0,64.8,0,33.02337,500,511,71.8,64.8,0,35.56016,500,178,73.5,67,0,47.971977,175,248,70.3,67.2,0,42.725826,245,222,70.9,66.9,0,41.476856,220,355,72.5,66.9,0,32.490223,350,168,73.4,67,0,33.313004,160,339,71.8,67,0,31.254595,335,338,73.5,66.9,0,28.131517,335,197,71.5,67.4,0,35.9421,195,383,73.8,67.2,0,26.794317,380,247,70.4,66.9,0,43.053513,245,176,73.7,67,0,43.987732,175,248,72.3,67,0,46.251995,245,425,71.4,66.8,0,39.93094,420,163,72.4,67.1,0,26.032602,160,339,71.9,67.1,0,37.924274,335,307,72.6,67.1,0,32.00783,300,403,72.3,66.7,0,27.587055,400,197,71.1,67.1,0,37.349693,195,386,70.9,66.7,0,32.49846,380,352,70.4,67.1,0,29.987713,335,179,73.6,66.6,0,60.582012,175,247,71.9,66.9,0,45.548553,245,353,72,66.6,0,37.272503,350,161,73.1,66.9,0,33.12515,160,339,73.2,66.9,0,40.01221,335,232,72.4,67.4,0,40.287327,230,291,73.6,66.7,0,36.408184,285,201,70.4,67.2,0,43.215286,195,402,73,66.9,0,41.405178,380,347,72,66.6,0,40.132053,335,179,73.3,66.7,0,56.571358,175,249,73,66.7,0,45.130787,245,429,72.3,66.8,0,46.765865,420,161,73.8,66.7,0,31.325743,160,345,72.1,66.6,0,34.068626,335,108,71.9,67.2,0,32.945354,100,342,72.8,67.1,0,39.223183,335,197,71.6,285,0,33.251686,195,384,72.7,66.7,0,37.00739,380,340,71.8,66.8,0,42.005886,335,241,74,66.7,0,39.191742,241.99982,343,73.8,66.7,0,53.940098,340.98907,353,72.4,66.6,0,39.564583,350,162,72.3,66.9,0,42.85417,160,356,69.8,66.6,0,50.930088,335,232,73.5,67.1,0,43.587852,230,158,72,66.8,0,34.128147,150,199,71.1,67.4,0,43.519897,195,388,72.5,66.8,0,41.0335,380,582,70.2,66.5,0,67.31999,575,337,73.1,67.2,0,45.45638,335,254,73.3,67.3,0,42.69244,250,177,73,67.2,0,59.319466,175,194,73.3,67.1,0,31.051434,190,188,71.1,67,0,44.705765,185,306,70.4,66.7,0,40.639366,300,304,72.5,66.5,0,35.366714,300,212,69.3,66.6,0,55.126213,210,886,69.6,66.4,0,91.49798,880,89.3,89.4,90.6,145.2,104.8,118.8,2.7,0,29.75
20170729,930,69,79.3,29.7477833,33.90672083,246,46.3,44.3,5.6,75.7,74,-0.1,0.55,0,0,0,5,100,100,1,1,1,0,0,200,72,7.5,5.6,7.5,200,71.5,69.7,63.7,100,100,30.2,62.8,100,0,70.5,1.15,63.8,1.8125,64.6,0,0,50.7,12.7,0,0,0,72.9,72.1,66.4,69.1,15,30.5,62.4,55.2,0,71.9,1,63.8,1.8125,65.1,0,0,85.3,73.8,15.6,4.9,1,15,15,78,65.1,82.6,100,18.9,0,66.5,1.3,66.155174,65.655174,0,13,0,0,0,20,1,72,2026,65.2,0,92.41631,2000,72,68,2611.5657,69.6,64.8,36.6,2200,264,72.4,64.4,0,51.271057,260,126,71.1,65.1,0,51.62023,125,1880,72.5,64.8,0,68.60865,1850,692,78.9,71.7,0,1.6121808,700,602,72,64.9,0,44.82928,600,203,73.6,65.2,0,36.83563,200,127,72.5,65.2,0,54.092525,125,337,71.2,65.6,0,28.77759,330,224,72.6,66,0,100,650,566,70.4,66.3,0,100,950,511,0,65.1,0,33.02337,500,511,71.9,65.1,0,35.56016,500,178,73.5,66.9,0,47.971977,175,247,70.4,67.2,0,42.725826,245,222,71,66.8,0,41.476856,220,355,72.5,66.8,0,32.490223,350,168,73.4,66.9,0,33.313004,160,342,71.8,66.9,0,31.254595,335,339,73.5,66.8,0,28.131517,335,197,71.5,67.3,0,35.9421,195,387,73.8,67.1,0,26.794317,380,249,70.4,66.8,0,43.053513,245,176,73.7,66.8,0,43.987732,175,247,72.4,66.9,0,46.251995,245,424,71.4,66.7,0,39.93094,420,163,72.4,67.1,0,26.032602,160,338,71.9,67,0,37.924274,335,308,72.6,67.1,0,32.00783,300,402,72.3,66.7,0,27.587055,400,198,71.2,67.1,0,37.349693,195,389,71,66.6,0,32.79457,380,350,70.4,67,0,29.987713,335,181,73.6,66.5,0,60.582012,175,249,71.9,66.8,0,45.548553,245,358,72.1,66.5,0,37.272503,350,162,73.1,66.9,0,33.12515,160,340,73.2,66.8,0,40.01221,335,234,72.4,67.3,0,40.287327,230,293,73.7,66.7,0,36.408184,285,203,70.4,67.2,0,43.215286,195,384,73,66.8,0,41.405178,380,336,72,66.5,0,40.132053,335,179,73.3,66.6,0,56.571358,175,250,73,66.6,0,45.130787,245,429,72.3,66.7,0,46.765865,420,161,73.8,66.6,0,31.325743,160,344,72.1,66.6,0,34.068626,335,106,71.9,67.1,0,32.945354,100,341,72.8,67,0,39.223183,335,197,71.6,284.9,0,33.251686,195,387,72.7,66.6,0,37.00739,380,340,71.8,66.7,0,42.005886,335,242,74,66.6,0,39.191742,241.99982,342,73.8,66.6,0,53.940098,340.98907,354,72.4,66.5,0,39.564583,350,163,72.3,66.8,0,42.85417,160,358,69.8,66.5,0,50.930088,335,233,73.5,67,0,43.587852,230,161,72,66.8,0,34.128147,150,199,71.1,67.4,0,43.519897,195,388,72.5,66.7,0,41.0335,380,583,70.2,66.4,0,67.31999,575,337,73.1,67.1,0,45.45638,335,254,73.3,67.2,0,42.69244,250,177,73,67.1,0,59.319466,175,195,73.3,67.1,0,31.051434,190,189,71.1,66.9,0,44.705765,185,305,70.3,66.6,0,40.639366,300,302,72.4,66.4,0,35.366714,300,212,69.4,66.5,0,55.126213,210,888,69.6,66.4,0,91.046844,880,89.3,89.4,90.7,143.2,104.8,118.6,1.1,-0.1,29.75
20170729,935,69.6,77.9,29.93164497,33.90672083,245,46.4,44.1,5.6,72.2,69.6,-0.1,0.55,0,0,0,5,100,100,1,1,1,0,0,200,72,7.5,5.6,7.5,200,71.5,70.1,64,100,100,30.5,62.8,100,0,70.8,1.15,63.8,1.8125,64.5,0,0,50.8,12.6,0,0,0,72.9,72.2,66.2,69.1,15,31.3,62.4,54.9,0,71.9,0.98,63.8,1.8125,65.1,0,0,85.4,73.9,14.8,4.4,1.3,15,15,76.4,65.1,82.6,100,19.7,0,66.5,1.3,66.155174,65.655174,0,13,0,0,0,20,0,72,2013,65.5,0,92.878876,2000,72,68,2123.706,69.6,65.1,40.7,2200,264,72.4,64.7,0,51.271057,260,126,71.1,65.3,0,51.62023,125,1882,72.4,65,0,68.60865,1850,693,78.9,71.7,0,1.3210927,700,601,72,65.1,0,44.82928,600,203,73.6,65.4,0,36.83563,200,127,72.5,65.4,0,54.092525,125,337,71.2,65.8,0,28.77759,330,224,72.6,66.1,0,100,650,564,70.4,66.4,0,100,950,510,0,65.3,0,33.02337,500,510,71.8,65.3,0,35.56016,500,178,73.5,66.8,0,47.971977,175,247,70.4,67,0,42.725826,245,222,71,66.7,0,41.476856,220,354,72.5,66.7,0,32.490223,350,168,73.4,66.8,0,33.313004,160,339,71.8,66.8,0,31.254595,335,338,73.5,66.8,0,28.131517,335,196,71.5,67.2,0,35.9421,195,385,73.8,67,0,27.263742,380,247,70.4,66.7,0,43.053513,245,176,73.7,66.7,0,43.987732,175,247,72.4,66.8,0,46.251995,245,423,71.4,66.5,0,39.93094,420,163,72.4,67,0,26.032602,160,339,72,66.9,0,37.924274,335,307,72.6,67,0,32.00783,300,402,72.4,66.5,0,27.587055,400,197,71.2,66.9,0,37.349693,195,403,71,66.5,0,32.954967,380,352,70.4,66.8,0,29.987713,335,177,73.6,66.3,0,60.582012,175,247,71.9,66.7,0,45.548553,245,353,72.1,66.4,0,37.272503,350,161,73,66.7,0,33.12515,160,339,73.2,66.7,0,39.56044,335,232,72.4,67.3,0,40.287327,230,291,73.7,66.5,0,36.408184,285,199,70.4,67,0,43.215286,195,401,73,66.7,0,41.405178,380,348,72,66.4,0,40.132053,335,178,73.3,66.5,0,56.571358,175,250,73,66.5,0,45.130787,245,428,72.3,66.5,0,46.765865,420,161,73.8,66.5,0,31.325743,160,344,72.2,66.5,0,34.068626,335,106,71.9,67,0,32.945354,100,339,72.8,66.9,0,39.223183,335,197,71.6,285.1,0,33.251686,195,386,72.7,66.5,0,37.00739,380,340,71.8,66.6,0,42.005886,335,238,74,66.5,0,39.191742,241.99982,343,73.8,66.4,0,53.940098,340.98907,353,72.4,66.4,0,39.564583,350,162,72.3,66.7,0,42.85417,160,356,69.9,66.4,0,50.930088,335,232,73.5,66.9,0,43.587852,230,156,72,66.6,0,34.128147,150,199,71.1,67.3,0,43.519897,195,387,72.6,66.6,0,41.0335,380,579,70.2,66.3,0,67.31999,575,337,73.1,67,0,45.45638,335,253,73.3,67.1,0,42.69244,250,176,73,67.1,0,59.319466,175,194,73.3,67,0,31.051434,190,188,71.1,66.8,0,44.705765,185,303,70.4,66.5,0,40.639366,300,304,72.3,66.3,0,35.366714,300,211,69.4,66.3,0,55.126213,210,885,69.6,66.2,0,91.590515,880,89.2,89.3,90.7,146.2,104.8,118.5,-0.6,0.2,29.75
20170729,940,69.8,77.2,29.95116835,33.90672083,246,46.3,44.2,5.6,74.1,72.6,-0.2,0.55,0,0,0,5,100,100,1,1,1,0,0,200,72,7.5,5.6,7.5,200,71.5,70.7,64,100,100,30.7,62.8,100,0,71,1.15,63.8,1.8125,64.4,0,0,50.9,12.5,0,0,0,72.9,72.1,66,69,15,32,62.4,55,0,72,1.02,63.8,1.8125,65.1,0,0,85.6,73.7,14.7,4.8,0.7,15,15,75.6,65.1,82.6,100,21.3,0,66.5,1.3,66.155174,65.655174,0,13,0,0,0,20,0,72,2019,65.5,0,92.62325,2000,72,68,2123.706,69.6,65.1,39.8,2200,264,72.4,64.8,0,51.271057,260,126,71.1,65.3,0,51.62023,125,1878,72.4,65,0,68.59636,1850,692,78.9,71.7,0,1.5673982,700,604,71.9,65.2,0,44.82928,600,203,73.5,65.5,0,36.83563,200,127,72.5,65.5,0,54.092525,125,337,71.2,65.8,0,28.77759,330,224,72.5,66.2,0,100,650,567,70.4,66.4,0,100,950,511,0,65.3,0,33.02337,500,511,71.8,65.4,0,35.56016,500,179,73.5,66.6,0,47.971977,175,249,70.4,66.9,0,42.725826,245,223,71,66.6,0,41.476856,220,357,72.6,66.5,0,32.490223,350,168,73.4,66.7,0,33.313004,160,341,71.8,66.7,0,31.254595,335,343,73.5,66.6,0,28.131517,335,198,71.5,67.1,0,35.9421,195,391,73.8,66.8,0,27.263742,380,249,70.4,66.5,0,43.053513,245,177,73.7,66.6,0,43.987732,175,249,72.4,66.6,0,46.251995,245,428,71.4,66.4,0,39.93094,420,164,72.4,66.9,0,26.032602,160,340,71.9,66.8,0,37.924274,335,308,72.6,66.8,0,32.00783,300,404,72.3,66.4,0,27.587055,400,199,71.2,66.8,0,37.349693,195,399,71,66.3,0,32.954967,380,358,70.5,66.7,0,29.987713,335,181,73.6,66.2,0,60.582012,175,253,71.9,66.5,0,45.548553,245,356,72,66.2,0,37.272503,350,162,73,66.6,0,33.12515,160,342,73.2,66.5,0,39.56044,335,236,72.4,67.1,0,40.287327,230,296,73.7,66.4,0,36.408184,285,204,70.4,66.9,0,43.215286,195,390,73,66.6,0,41.405178,380,342,72,66.2,0,39.53181,335,181,73.3,66.3,0,56.571358,175,253,73,66.4,0,45.130787,245,432,72.3,66.4,0,46.765865,420,162,73.8,66.4,0,31.325743,160,343,72.2,66.3,0,33.786766,335,108,72,66.9,0,32.945354,100,342,72.8,66.8,0,39.223183,335,199,71.6,284.8,0,33.251686,195,390,72.7,66.4,0,37.45074,380,341,71.8,66.4,0,42.005886,335,243,74,66.3,0,39.191742,241.99982,344,73.8,66.3,0,53.940098,340.98907,356,72.4,66.3,0,39.564583,350,163,72.3,66.6,0,42.85417,160,367,69.9,66.2,0,50.930088,335,234,73.5,66.8,0,43.587852,230,160,72,66.6,0,34.128147,150,201,71.1,67.2,0,43.519897,195,391,72.6,66.5,0,41.0335,380,590,70.2,66.1,0,67.31999,575,337,73.1,66.9,0,45.45638,335,255,73.3,67,0,42.69244,250,178,73,66.9,0,59.319466,175,196,73.3,66.8,0,31.051434,190,189,71,66.7,0,44.705765,185,306,70.3,66.4,0,40.639366,300,305,72.4,66.1,0,35.366714,300,212,69.3,66.2,0,55.126213,210,889,69.5,66.1,0,91.00058,880,89.2,89.3,90.7,146.2,104.8,118.4,-0.6,0.2,29.75
20170729,945,70,76,29.8818385,33.90672083,245,46.7,44.7,5.6,76.3,74.4,-0.2,0.55,0,0,0,5,100,100,1,1,1,0,0,200,72,7.5,5.6,7.5,200,71.5,70.9,64.3,100,100,31.5,62.8,100,0,71.3,1.15,63.8,1.8125,64.3,0,0,50.3,12.7,0,0,0,72.9,72.2,65.9,69.1,15,32.8,62.4,55,0,72,1,63.8,1.8125,65.1,0,0,85.6,74.1,14.6,4.9,0.8,15,15,75.5,65.1,82.6,100,22.7,0,66.5,1.3,66.155174,65.655174,0,13,0,0,1,21.2,0,72,2023,65.7,0,92.45283,2000,72,68,2123.706,69.6,65.5,39.9,2200,265,72.4,65,0,51.271057,260,126,71.1,65.5,0,51.62023,125,1879,72.4,65.3,0,68.75614,1850,691,78.9,71.8,0,1.6793551,700,603,71.9,65.4,0,44.82928,600,203,73.5,65.7,0,36.83563,200,127,72.5,65.7,0,54.092525,125,337,71.2,66,0,28.77759,330,223,72.5,66.3,0,100,650,566,70.4,66.5,0,100,950,510,0,65.5,0,33.02337,500,510,71.8,65.5,0,35.56016,500,178,73.5,66.6,0,47.971977,175,248,70.4,66.8,0,42.725826,245,221,71,66.6,0,41.476856,220,355,72.6,66.5,0,32.490223,350,168,73.4,66.6,0,33.313004,160,339,71.8,66.6,0,31.254595,335,340,73.5,66.6,0,28.131517,335,196,71.5,67,0,35.9421,195,384,73.8,66.8,0,27.263742,380,248,70.4,66.5,0,43.053513,245,176,73.7,66.5,0,43.987732,175,247,72.4,66.6,0,46.251995,245,423,71.4,66.3,0,39.93094,420,164,72.4,66.8,0,26.032602,160,338,72,66.7,0,37.924274,335,307,72.6,66.8,0,32.00783,300,400,72.3,66.3,0,28.042328,400,197,71.2,66.8,0,37.349693,195,419,71,66.3,0,32.954967,380,351,70.5,66.7,0,29.987713,335,177,73.6,66.2,0,60.305435,175,248,71.9,66.5,0,45.548553,245,354,72.1,66.2,0,37.272503,350,160,73,66.5,0,33.12515,160,337,73.2,66.5,0,39.56044,335,232,72.4,67.1,0,40.287327,230,291,73.7,66.4,0,36.408184,285,200,70.4,66.8,0,43.215286,195,399,73,66.5,0,41.405178,380,348,72,66.2,0,39.963985,335,178,73.3,66.3,0,56.571358,175,249,73,66.3,0,45.130787,245,430,72.3,66.3,0,46.765865,420,161,73.8,66.3,0,31.325743,160,339,72.2,66.2,0,33.786766,335,108,72,66.8,0,32.945354,100,342,72.8,66.7,0,39.223183,335,196,71.6,284.9,0,33.251686,195,387,72.7,66.3,0,37.118225,380,339,71.8,66.4,0,42.005886,335,241,74,66.3,0,39.191742,241.99982,343,73.8,66.2,0,53.940098,340.98907,353,72.4,66.2,0,39.564583,350,162,72.3,66.6,0,42.85417,160,353,69.9,66.2,0,50.930088,335,233,73.5,66.8,0,43.587852,230,156,72,66.5,0,34.128147,150,199,71.1,67.1,0,43.519897,195,389,72.6,66.4,0,41.51522,380,581,70.2,66.1,0,67.31999,575,337,73.2,66.8,0,45.45638,335,253,73.3,66.9,0,42.69244,250,177,73,66.8,0,59.319466,175,195,73.4,66.8,0,31.051434,190,188,71.1,66.6,0,44.705765,185,308,70.3,66.3,0,40.639366,300,303,72.4,66.1,0,35.366714,300,211,69.3,66.2,0,55.126213,210,886,69.5,66,0,91.54425,880,89.1,89.2,90.6,145.2,104.8,118.3,1.3,0,29.75
20170729,950,70.2,74.8,29.81020021,33.90672083,248,45.9,43.5,5.6,73.3,71.6,-0.1,0.55,0,0,0,5,100,100,1,1,1,0,0,200,72,7.5,5.6,7.5,200,71.5,70.8,64.2,100,100,30.8,63.6,100,0,71.3,1.15,64.6,1.8125,64.1,0,0,50.6,12.7,0,0,0,72.9,72.3,65.6,69.2,15,33.2,62.800003,52.7,0,72.2,0.98,64.6,1.8125,65.1,0,0,86.2,74.3,13.8,4.4,1.4,15,15,75.1,65.1,82.6,100,23.8,0,68.5,1.3,66.39655,65.89655,0,13,0,0,0,20,0,72,2026,65.8,0,92.306755,2000,72,68,2611.5657,69.6,65.4,36.2,2200,265,72.4,65.1,0,51.271057,260,126,71.1,65.7,0,51.62023,125,1877,72.4,65.4,0,68.74386,1850,691,78.9,71.8,0,1.8248992,700,600,71.9,65.6,0,44.82928,600,202,73.5,65.9,0,36.83563,200,127,72.4,65.9,0,54.092525,125,336,71.2,66.1,0,28.77759,330,224,72.5,66.4,0,100,650,567,70.4,66.7,0,100,950,510,0,65.7,0,33.02337,500,512,71.8,65.7,0,35.56016,500,178,73.5,66.4,0,47.971977,175,245,70.4,66.6,0,42.725826,245,223,71,66.4,0,41.476856,220,355,72.6,66.3,0,32.490223,350,168,73.4,66.5,0,33.313004,160,341,71.8,66.5,0,31.254595,335,338,73.5,66.4,0,28.131517,335,196,71.5,66.9,0,35.9421,195,390,73.9,66.6,0,27.263742,380,248,70.4,66.3,0,43.053513,245,176,73.6,66.3,0,43.987732,175,247,72.4,66.4,0,46.251995,245,423,71.4,66.2,0,39.93094,420,163,72.4,66.6,0,26.032602,160,340,72,66.5,0,37.924274,335,307,72.6,66.7,0,32.00783,300,406,72.4,66.2,0,28.042328,400,197,71.2,66.6,0,37.349693,195,391,71,66.1,0,32.954967,380,341,70.5,66.5,0,29.987713,335,179,73.6,66,0,60.305435,175,250,72,66.3,0,45.548553,245,355,72,66,0,37.272503,350,161,73,66.4,0,33.12515,160,341,73.2,66.3,0,39.56044,335,234,72.5,66.9,0,40.287327,230,293,73.7,66.2,0,36.408184,285,203,70.4,66.7,0,43.215286,195,386,73.1,66.4,0,41.405178,380,337,72,66,0,39.963985,335,178,73.3,66.1,0,56.571358,175,250,73,66.1,0,45.130787,245,429,72.3,66.2,0,46.765865,420,161,73.8,66.2,0,31.325743,160,343,72.2,66.1,0,33.786766,335,106,72,66.7,0,32.945354,100,341,72.8,66.6,0,39.223183,335,197,71.6,285.1,0,33.251686,195,384,72.7,66.1,0,37.118225,380,339,71.7,66.2,0,42.005886,335,238,74,66.1,0,39.191742,241.99982,341,73.8,66,0,53.940098,340.98907,354,72.4,66,0,39.564583,350,162,72.3,66.4,0,42.85417,160,351,70,66,0,50.930088,335,231,73.5,66.6,0,43.587852,230,159,72,66.3,0,34.128147,150,199,71.1,66.9,0,43.519897,195,392,72.6,66.2,0,41.51522,380,584,70.2,65.9,0,67.31999,575,337,73.2,66.7,0,45.45638,335,253,73.3,66.8,0,42.69244,250,177,73,66.7,0,59.319466,175,195,73.4,66.6,0,31.051434,190,188,71,66.4,0,44.705765,185,307,70.3,66.1,0,40.639366,300,303,72.4,65.9,0,35.366714,300,211,69.3,66,0,55.126213,210,887,69.4,65.8,0,91.60208,880,89.1,89.2,90.5,146.2,104.8,118.2,1.2,0,29.75
20170729,955,70.6,73.8,29.90605381,33.90672083,249,46.4,44.2,5.6,75.2,73.3,-0.2,0.55,0,0,0,5,100,100,1,1,1,0,0,200,72,7.5,5.6,7.5,200,71.5,70.9,64.3,100,100,30.4,63.6,100,0,71.4,1.15,64.6,1.8125,63.9,0,0,50.5,12.8,0,0,0,72.9,72.3,65.6,69.1,15,33.6,62.800003,55.2,0,72.2,0.99,64.6,1.8125,65,0,0,85.8,73.9,16.2,4.7,0.8,15,15,74.9,65.1,82.6,100,24.2,0,68.5,1.3,66.39655,65.89655,0,13,0,0,1,20,1,72,2025,65.8,0,92.465004,2000,72,68,2123.706,69.6,65.5,41.2,2200,264,72.3,65.1,0,51.271057,260,126,71.1,65.7,0,51.62023,125,1879,72.4,65.4,0,68.571785,1850,692,78.9,71.8,0,1.5673982,700,609,71.9,65.6,0,45.44338,600,202,73.5,65.8,0,36.83563,200,127,72.4,65.9,0,54.092525,125,335,71.2,66.2,0,28.77759,330,223,72.5,66.5,0,100,650,568,70.4,66.8,0,100,950,511,0,65.8,0,33.02337,500,510,71.8,65.7,0,35.56016,500,178,73.5,66.3,0,47.971977,175,248,70.4,66.6,0,42.725826,245,223,71,66.3,0,41.476856,220,355,72.6,66.2,0,32.490223,350,168,73.4,66.4,0,33.313004,160,341,71.8,66.4,0,31.254595,335,338,73.5,66.3,0,28.131517,335,197,71.5,66.8,0,35.9421,195,392,73.9,66.5,0,27.25139,380,249,70.4,66.2,0,43.053513,245,176,73.6,66.2,0,43.987732,175,249,72.4,66.3,0,46.251995,245,424,71.4,66.1,0,39.93094,420,163,72.4,66.6,0,26.032602,160,338,72,66.4,0,37.924274,335,308,72.6,66.6,0,32.00783,300,407,72.3,66.1,0,28.042328,400,197,71.2,66.6,0,37.349693,195,399,71,66,0,32.954967,380,349,70.5,66.4,0,29.987713,335,178,73.6,65.9,0,60.305435,175,257,71.9,66.2,0,45.548553,245,355,72,65.9,0,37.272503,350,160,73,66.3,0,33.12515,160,339,73.2,66.2,0,39.89011,335,232,72.5,66.9,0,40.287327,230,290,73.7,66.1,0,36.408184,285,202,70.4,66.6,0,43.215286,195,400,73.1,66.3,0,41.405178,380,348,72,65.9,0,40.39616,335,179,73.2,66,0,56.571358,175,249,73,66.1,0,45.130787,245,432,72.3,66.1,0,46.765865,420,162,73.8,66.1,0,31.325743,160,345,72.2,66,0,33.786766,335,107,72,66.6,0,32.945354,100,343,72.7,66.5,0,39.223183,335,197,71.6,285.1,0,33.251686,195,394,72.7,66.1,0,37.118225,380,338,71.8,66.1,0,42.005886,335,240,74,66,0,39.191742,241.99982,344,73.8,66,0,53.940098,340.98907,354,72.4,66,0,39.564583,350,163,72.3,66.3,0,42.85417,160,357,70,66,0,50.930088,335,233,73.5,66.5,0,43.587852,230,163,72,66.2,0,34.128147,150,199,71.1,66.8,0,43.519897,195,389,72.6,66.1,0,41.110138,380,584,70.2,65.8,0,67.31999,575,337,73.2,66.6,0,45.45638,335,254,73.3,66.7,0,42.69244,250,178,73,66.6,0,59.319466,175,195,73.4,66.5,0,31.051434,190,189,71,66.3,0,44.705765,185,306,70.3,66.1,0,40.639366,300,304,72.4,65.9,0,35.366714,300,212,69.3,65.9,0,55.126213,210,889,69.4,65.8,0,91.08155,880,89,89.1,90.4,145.2,104.8,118.2,1.2,-0.2,29.76
20170729,1000,70.9,72,29.78964726,33.90672083,245,46.4,44,5.6,72.2,70.6,-0.1,0.55,0,0,0,5,100,100,1,1,1,0,0,200,72,7.5,5.6,7.5,200,71.5,71.7,64.7,100,100,30.6,63.6,100,0,72.1,1.15,64.6,1.8125,63.6,0,0,50.5,12.8,0,0,0,72.9,72.3,65.5,69,15,34,62.800003,54,0,72.2,0.99,64.6,1.8125,64.8,0,0,86,74,14.4,4.7,1.1,15,15,74.4,65.1,82.6,100,25.8,0,68.5,1.3,66.39655,65.89655,0,13,0,0,0,20,0,72,2020,66.2,0,92.58673,2000,72,68,2123.706,69.6,65.9,41.3,2200,264,72.4,65.4,0,51.271057,260,125,71,65.9,0,51.62023,125,1879,72.4,65.8,0,68.559494,1850,693,79,71.8,0,1.2875056,700,606,71.8,65.8,0,45.44338,600,202,73.5,66.1,0,36.83563,200,126,72.4,66.1,0,54.092525,125,335,71.2,66.4,0,28.77759,330,223,72.5,66.6,0,100,650,566,70.4,66.9,0,100,950,510,0,65.9,0,33.02337,500,510,71.8,65.9,0,35.56016,500,179,73.5,66.2,0,47.971977,175,248,70.4,66.5,0,42.725826,245,222,71,66.2,0,41.476856,220,355,72.6,66.2,0,32.490223,350,168,73.4,66.3,0,33.313004,160,342,71.8,66.3,0,31.254595,335,340,73.5,66.3,0,28.131517,335,198,71.4,66.7,0,35.9421,195,387,73.9,66.5,0,27.25139,380,249,70.4,66.2,0,43.053513,245,177,73.6,66.2,0,43.987732,175,249,72.4,66.3,0,46.251995,245,424,71.4,66,0,39.93094,420,164,72.4,66.5,0,26.032602,160,341,72,66.4,0,37.924274,335,307,72.6,66.5,0,32.00783,300,408,72.3,66.1,0,28.042328,400,198,71.2,66.5,0,37.349693,195,391,71,66,0,32.79457,380,346,70.5,66.4,0,29.987713,335,181,73.6,65.8,0,60.305435,175,256,72,66.2,0,45.548553,245,357,72,65.9,0,37.272503,350,162,73,66.2,0,33.12515,160,343,73.2,66.1,0,39.89011,335,235,72.5,66.8,0,40.287327,230,295,73.6,66.1,0,36.408184,285,204,70.4,66.5,0,43.215286,195,384,73.1,66.2,0,41.405178,380,335,71.9,65.9,0,39.963985,335,179,73.2,66,0,56.571358,175,251,73.1,66,0,45.130787,245,430,72.3,66,0,46.765865,420,161,73.7,66,0,31.325743,160,343,72.2,66,0,33.786766,335,104,72,66.5,0,32.945354,100,344,72.7,66.4,0,39.223183,335,198,71.6,285,0,33.251686,195,389,72.7,66,0,37.118225,380,340,71.7,66.1,0,42.005886,335,259,74.1,66,0,40.89042,259.9999,342,73.8,66,0,53.940098,340.98907,354,72.4,65.9,0,39.564583,350,163,72.3,66.2,0,42.85417,160,358,70,65.9,0,50.930088,335,232,73.5,66.5,0,43.587852,230,166,72,66.2,0,34.128147,150,199,71.1,66.8,0,43.519897,195,390,72.7,66.1,0,41.110138,380,585,70.2,65.7,0,67.31999,575,337,73.2,66.6,0,45.45638,335,254,73.3,66.6,0,42.69244,250,177,73,66.6,0,59.319466,175,194,73.4,66.5,0,31.051434,190,189,71,66.3,0,44.705765,185,306,70.3,66,0,40.639366,300,303,72.4,65.8,0,35.366714,300,212,69.3,65.9,0,55.126213,210,887,69.4,65.7,0,91.474846,880,89,89.1,90.6,147.2,104.8,118,1.1,0.1,29.76
20170729,1005,71.6,72.6,30.38558206,34.41427833,246,46.5,44.2,5.6,75.2,73.3,-0.2,0.55,0,0,0,5,100,100,1,1,1,0,0,200,72,7.5,5.6,7.5,200,71.5,72,64.9,100,100,30.9,63.6,100,0,72.3,1.15,64.6,1.8125,63.3,0,0,50.4,12.5,0,0,0,72.9,72.2,65.4,69,15,34.3,62.800003,57.9,0,72.2,1.01,64.6,1.8125,64.7,0,0,86.2,73.8,17.1,4.8,1.5,15,15,75.8,65.1,82.6,100,26.1,0,68.5,1.3,66.39655,65.89655,0,13,0,0,0,20,1,72,2020,66.3,0,92.48935,2000,72,68,2123.706,69.6,66,40.4,2200,264,72.4,65.5,0,51.271057,260,126,71,66.1,0,51.62023,125,1879,72.4,65.8,0,68.559494,1850,693,79,71.8,0,1.2987013,700,607,71.8,65.9,0,45.44338,600,202,73.5,66.2,0,36.83563,200,127,72.4,66.2,0,54.092525,125,335,71.2,66.5,0,28.77759,330,223,72.4,66.8,0,100,650,565,70.4,67.1,0,100,950,510,0,66.1,0,33.02337,500,510,71.7,66.1,0,35.56016,500,178,73.5,66.1,0,47.971977,175,247,70.4,66.4,0,42.725826,245,224,71.1,66.1,0,41.476856,220,356,72.6,66,0,32.490223,350,168,73.4,66.2,0,33.313004,160,341,71.8,66.2,0,31.254595,335,341,73.5,66.1,0,28.131517,335,198,71.4,66.6,0,35.9421,195,390,73.9,66.3,0,27.25139,380,250,70.4,66,0,43.053513,245,177,73.6,66,0,43.987732,175,248,72.4,66.1,0,46.251995,245,426,71.4,65.9,0,39.93094,420,164,72.4,66.3,0,26.032602,160,340,72,66.2,0,37.924274,335,308,72.6,66.4,0,32.00783,300,407,72.3,65.9,0,28.042328,400,198,71.1,66.4,0,37.349693,195,391,71,65.8,0,32.79457,380,348,70.5,66.2,0,29.987713,335,178,73.6,65.7,0,60.305435,175,253,71.9,66,0,45.10876,245,355,72,65.7,0,37.272503,350,162,73,66.1,0,33.55753,160,339,73.2,66,0,39.89011,335,233,72.5,66.7,0,40.287327,230,292,73.6,65.9,0,36.408184,285,202,70.4,66.4,0,43.215286,195,403,73.1,66.1,0,41.405178,380,349,71.9,65.7,0,40.39616,335,179,73.2,65.8,0,56.571358,175,250,73.1,65.9,0,45.130787,245,432,72.3,65.9,0,46.765865,420,162,73.7,65.9,0,31.325743,160,344,72.2,65.8,0,33.786766,335,104,72,66.4,0,32.945354,100,341,72.7,66.3,0,39.223183,335,198,71.6,284.7,0,33.251686,195,387,72.7,65.9,0,37.118225,380,340,71.7,65.9,0,42.005886,335,260,74,65.8,0,40.89042,259.9999,344,73.8,65.8,0,53.940098,340.98907,356,72.4,65.7,0,39.564583,350,163,72.3,66.2,0,42.85417,160,355,70,65.7,0,50.930088,335,233,73.5,66.3,0,43.587852,230,158,72,66.1,0,34.128147,150,200,71.1,66.6,0,43.519897,195,398,72.7,66,0,41.110138,380,588,70.2,65.6,0,67.31999,575,337,73.2,66.4,0,45.45638,335,255,73.3,66.5,0,42.69244,250,178,73,66.4,0,59.319466,175,195,73.4,66.3,0,31.051434,190,189,71,66.2,0,44.705765,185,304,70.3,65.9,0,40.639366,300,305,72.3,65.6,0,35.366714,300,211,69.3,65.7,0,55.126213,210,889,69.4,65.5,0,91.035286,880,89,89,90.7,144.2,104.8,118.2,1.2,0,29.76
20170729,1010,71.8,71.3,30.28353589,34.41427833,247,46.8,44.3,5.6,73.7,70.4,-0.2,0.55,0,0,0,5,100,100,1,1,1,0,0,200,72,7.5,5.6,7.5,200,71.5,72,65.1,100,100,31.6,63.6,100,0,72.3,1.15,64.6,1.8125,63.2,0,0,50.1,12.9,0,0,0,72.9,72.4,65.2,68.9,15,34.4,62.800003,55.8,0,72.2,1,64.6,1.8125,64.6,0,0,86.5,73.5,15.1,4.5,1.5,15,15,76.1,65.1,82.6,100,27,0,68.5,1.3,66.39655,65.89655,0,13,0,0,1,20.5,0,72,2012,66.4,0,93.00061,2000,72,68,2123.706,69.6,66.1,42.5,2200,263,72.4,65.7,0,51.271057,260,125,71,66.2,0,51.895256,125,1876,72.4,66,0,68.87906,1850,695,79,71.9,0,0.97402596,700,605,71.8,66.1,0,45.44338,600,202,73.5,66.4,0,36.83563,200,126,72.4,66.4,0,54.092525,125,334,71.2,66.6,0,28.77759,330,222,72.4,66.9,0,100,650,565,70.4,67.2,0,100,950,510,0,66.2,0,33.02337,500,510,71.8,66.2,0,35.56016,500,179,73.5,66,0,47.971977,175,248,70.4,66.3,0,42.725826,245,222,71.1,66,0,41.476856,220,356,72.6,65.9,0,32.490223,350,168,73.4,66.1,0,33.313004,160,342,71.8,66.1,0,31.254595,335,339,73.5,66,0,28.131517,335,196,71.4,66.5,0,35.9421,195,387,73.9,66.3,0,27.25139,380,249,70.3,66,0,43.053513,245,177,73.6,65.9,0,43.987732,175,249,72.4,66,0,46.251995,245,424,71.4,65.8,0,39.93094,420,164,72.4,66.2,0,26.032602,160,340,72,66.1,0,37.924274,335,307,72.6,66.3,0,32.00783,300,405,72.3,65.8,0,28.042328,400,198,71.1,66.3,0,37.349693,195,422,71,65.7,0,33.25108,380,350,70.4,66.1,0,29.533169,335,178,73.6,65.6,0,60.305435,175,253,71.9,65.9,0,45.10876,245,353,72,65.6,0,37.272503,350,162,73,66,0,33.55753,160,338,73.2,65.9,0,39.89011,335,233,72.5,66.6,0,40.287327,230,292,73.6,65.9,0,36.408184,285,201,70.4,66.3,0,43.215286,195,403,73.1,66,0,41.405178,380,350,71.9,65.6,0,40.39616,335,180,73.2,65.7,0,56.571358,175,252,73.1,65.7,0,45.130787,245,431,72.3,65.8,0,46.765865,420,161,73.7,65.8,0,31.325743,160,343,72.2,65.7,0,33.786766,335,107,72,66.3,0,32.945354,100,341,72.7,66.2,0,39.223183,335,198,71.6,284.9,0,33.251686,195,386,72.7,65.8,0,37.118225,380,339,71.7,65.8,0,42.005886,335,258,74,65.7,0,40.89042,259.9999,344,73.8,65.7,0,53.940098,340.98907,353,72.4,65.6,0,39.564583,350,162,72.3,66,0,42.85417,160,359,70,65.6,0,50.930088,335,232,73.5,66.2,0,43.587852,230,159,72,66,0,34.128147,150,199,71.1,66.6,0,43.519897,195,393,72.7,65.8,0,41.110138,380,586,70.2,65.5,0,67.31999,575,337,73.2,66.4,0,45.45638,335,255,73.3,66.4,0,42.69244,250,178,73,66.3,0,59.319466,175,196,73.4,66.3,0,31.051434,190,189,71,66,0,44.705765,185,304,70.2,65.8,0,40.639366,300,304,72.4,65.5,0,35.366714,300,212,69.3,65.6,0,55.126213,210,887,69.3,65.4,0,91.509544,880,88.9,89,90.5,146.2,104.8,118,1.2,0.2,29.76
20170729,1015,72.2,69.5,30.22250011,34.41427833,244,46.2,43.8,5.6,74.2,71.9,-0.1,0.55,0,0,0,5,100,100,1,1,1,0,0,200,72,7.5,5.6,7.5,200,71.5,71.8,65,100,100,32,63.6,100,0,72.3,1.15,64.6,1.8125,62.9,0,0,50.2,12.8,0,0,0,72.9,72.4,65.2,69.3,15,34.6,62.800003,54.5,0,72.2,1,64.6,1.8125,64.5,0,0,86.3,75,13.9,4.5,1,15,15,74.6,65.1,82.6,100,27,0,68.5,1.3,66.39655,65.89655,0,13,0,0,0,20,1,72,2016,66.4,0,92.818016,2000,72,68,2123.706,69.6,66,36.8,2200,264,72.4,65.7,0,51.271057,260,126,71,66.3,0,52.409424,125,1877,72.4,66,0,68.706985,1850,693,79,71.9,0,1.3770711,700,605,71.9,66.2,0,45.44338,600,202,73.5,66.4,0,36.83563,200,127,72.4,66.4,0,54.092525,125,334,71.2,66.7,0,28.77759,330,223,72.4,67,0,100,650,565,70.4,67.3,0,100,950,510,0,66.3,0,33.02337,500,510,71.8,66.3,0,35.56016,500,178,73.5,65.9,0,47.971977,175,247,70.4,66.2,0,42.725826,245,223,71.1,65.9,0,41.476856,220,357,72.6,65.9,0,32.490223,350,168,73.4,66,0,33.313004,160,342,71.8,66.1,0,31.254595,335,340,73.5,66,0,28.131517,335,197,71.4,66.5,0,35.9421,195,390,74,66.2,0,27.25139,380,250,70.3,65.9,0,43.053513,245,177,73.6,65.9,0,43.987732,175,249,72.4,65.9,0,46.251995,245,424,71.4,65.7,0,39.93094,420,164,72.4,66.2,0,26.032602,160,340,72,66.1,0,37.924274,335,308,72.6,66.2,0,32.00783,300,406,72.3,65.8,0,28.042328,400,199,71.1,66.2,0,37.349693,195,405,71,65.7,0,33.25108,380,348,70.4,66.1,0,29.533169,335,178,73.6,65.5,0,60.305435,175,253,72,65.9,0,45.10876,245,354,72,65.5,0,37.272503,350,162,73,65.9,0,33.55753,160,338,73.2,65.8,0,39.89011,335,232,72.5,66.5,0,40.287327,230,290,73.6,65.8,0,36.408184,285,201,70.4,66.2,0,43.215286,195,403,73.1,65.9,0,41.405178,380,349,71.9,65.5,0,39.87995,335,179,73.2,65.7,0,56.571358,175,250,73.1,65.7,0,45.130787,245,431,72.3,65.7,0,46.765865,420,162,73.7,65.7,0,31.325743,160,343,72.3,65.6,0,33.786766,335,110,72,66.2,0,32.945354,100,343,72.7,66.1,0,39.223183,335,198,71.6,285,0,33.251686,195,388,72.7,65.7,0,37.118225,380,339,71.7,65.8,0,42.005886,335,258,74,65.6,0,40.89042,259.9999,343,73.8,65.7,0,53.940098,340.98907,354,72.4,65.6,0,39.564583,350,162,72.3,65.9,0,42.85417,160,356,70,65.6,0,50.930088,335,233,73.5,66.2,0,43.587852,230,160,72,65.9,0,34.128147,150,199,71,66.5,0,43.519897,195,387,72.7,65.8,0,41.110138,380,583,70.2,65.5,0,67.31999,575,337,73.2,66.3,0,45.45638,335,254,73.3,66.3,0,42.69244,250,178,73,66.3,0,59.319466,175,195,73.4,66.2,0,31.051434,190,189,71,66,0,44.705765,185,308,70.2,65.7,0,40.639366,300,304,72.4,65.5,0,35.366714,300,212,69.3,65.6,0,55.126213,210,886,69.2,65.4,0,91.55581,880,88.9,89,90.4,145.2,104.8,117.9,1.2,0,29.76
20170729,1020,72.5,69.5,30.42993866,34.41427833,245,46.3,43.8,5.6,73.2,70,-0.2,0.55,0,0,0,5,100,100,1,1,1,0,0,200,72,7.5,5.6,7.5,200,71.5,71.9,65,100,100,32.6,63.6,100,0,72.3,1.15,64.6,1.8125,62.9,0,0,50.4,12.8,0,0,0,72.9,72.4,65.4,68.8,15,34.9,62.800003,56.2,0,72.1,1.01,64.6,1.8125,64.5,0,0,86,73.5,16.7,4.7,1,15,15,75.5,65.1,82.6,100,27.5,0,68.5,1.3,66.39655,65.89655,0,13,0,0,0,20,0,72,2010,66.4,0,92.988434,2000,72,68,2611.5657,69.6,66.1,36.9,2200,263,72.4,65.7,0,51.271057,260,125,71,66.3,0,52.409424,125,1877,72.3,66,0,68.694695,1850,695,79,71.9,0,1.0188088,700,606,71.9,66.2,0,45.44338,600,202,73.4,66.4,0,36.83563,200,126,72.4,66.5,0,54.092525,125,334,71.2,66.7,0,28.77759,330,223,72.4,67,0,100,650,565,70.4,67.3,0,100,950,510,0,66.3,0,33.02337,500,510,71.8,66.3,0,35.56016,500,179,73.5,65.9,0,47.971977,175,248,70.4,66.2,0,42.725826,245,223,71.1,65.9,0,41.476856,220,356,72.7,65.9,0,32.490223,350,168,73.4,66,0,33.313004,160,341,71.8,66,0,31.254595,335,341,73.5,65.9,0,28.131517,335,198,71.4,66.5,0,35.9421,195,389,74,66.1,0,27.25139,380,249,70.3,65.9,0,43.053513,245,178,73.6,65.9,0,43.987732,175,249,72.4,66,0,46.251995,245,428,71.4,65.8,0,39.93094,420,164,72.4,66.2,0,26.032602,160,340,72,66.1,0,37.924274,335,308,72.6,66.2,0,32.00783,300,407,72.3,65.7,0,28.042328,400,198,71.1,66.2,0,37.349693,195,412,71,65.6,0,32.954967,380,353,70.4,66.1,0,29.533169,335,179,73.6,65.5,0,60.305435,175,254,72,65.9,0,45.10876,245,355,72,65.6,0,37.272503,350,163,73,65.9,0,33.55753,160,340,73.2,65.8,0,39.89011,335,234,72.6,66.4,0,40.287327,230,293,73.7,65.7,0,36.408184,285,202,70.4,66.2,0,43.215286,195,403,73.1,65.9,0,41.405178,380,347,71.9,65.6,0,39.435776,335,180,73.2,65.7,0,56.571358,175,252,73.2,65.7,0,45.130787,245,431,72.2,65.7,0,46.483032,420,164,73.7,65.7,0,30.713675,160,347,72.2,65.6,0,33.786766,335,107,72,66.2,0,32.945354,100,343,72.7,66.1,0,39.223183,335,199,71.6,284.8,0,33.251686,195,388,72.7,65.7,0,37.118225,380,341,71.7,65.7,0,42.005886,335,262,74,65.6,0,40.89042,259.9999,343,73.8,65.7,0,53.940098,340.98907,354,72.4,65.6,0,39.564583,350,163,72.3,65.9,0,42.85417,160,363,70,65.6,0,50.930088,335,234,73.5,66.2,0,43.587852,230,162,72,65.9,0,34.128147,150,200,71,66.5,0,43.519897,195,389,72.8,65.8,0,41.110138,380,586,70.1,65.5,0,67.31999,575,337,73.2,66.2,0,45.45638,335,255,73.3,66.3,0,42.69244,250,178,73,66.2,0,59.319466,175,195,73.4,66.2,0,31.051434,190,189,71,66,0,44.705765,185,306,70.2,65.7,0,40.639366,300,305,72.4,65.5,0,35.366714,300,212,69.3,65.5,0,55.126213,210,890,69.2,65.4,0,91.10468,880,88.8,88.9,90.5,147.2,104.8,117.9,3,-0.1,29.76
20170729,1025,72.6,69.9,30.57607716,34.41427833,246,46.4,44.1,5.6,73.7,71.8,-0.2,0.55,0,0,0,5,100,100,1,1,1,0,0,200,72,7.5,5.6,7.5,200,71.5,72.4,65,100,100,33.2,63.6,100,0,72.6,1.15,64.6,1.8125,62.6,0,0,50.2,12.7,0,0,0,72.9,72.4,65.2,69,15,35.1,62.800003,56.7,0,72.3,1,64.6,1.8125,64.4,0,0,86.2,74.1,15.5,4.4,0.9,15,15,75.1,65.1,82.6,100,27.9,0,68.5,1.3,66.39655,65.89655,0,13,0,0,0,20,0,72,2021,66.5,0,92.513695,2000,72,68,2123.706,69.6,66.2,40.9,2200,263,72.4,65.8,0,51.271057,260,126,71,66.4,0,52.409424,125,1879,72.3,66.2,0,68.694695,1850,693,79,72,0,1.533811,700,606,71.8,66.3,0,45.44338,600,202,73.5,66.6,0,36.83563,200,127,72.5,66.6,0,54.092525,125,335,71.3,66.8,0,28.77759,330,223,72.4,67.1,0,100,650,566,70.4,67.4,0,100,950,510,0,66.4,0,33.02337,500,510,71.8,66.4,0,35.56016,500,179,73.4,65.9,0,47.971977,175,251,70.4,66.2,0,42.725826,245,223,71.1,66,0,41.476856,220,356,72.7,65.9,0,32.490223,350,168,73.4,66,0,33.313004,160,341,71.8,66,0,31.254595,335,341,73.5,66,0,28.131517,335,198,71.4,66.4,0,35.9421,195,387,74,66.1,0,27.25139,380,250,70.2,65.8,0,43.053513,245,177,73.6,65.9,0,43.987732,175,250,72.4,65.9,0,46.251995,245,426,71.4,65.7,0,39.93094,420,164,72.4,66.2,0,26.032602,160,342,72.1,66,0,37.924274,335,308,72.6,66.2,0,32.00783,300,407,72.3,65.7,0,28.042328,400,199,71.1,66.2,0,37.349693,195,398,71,65.6,0,32.954967,380,347,70.4,66.1,0,29.533169,335,179,73.6,65.5,0,60.305435,175,253,72,65.8,0,45.10876,245,355,72,65.5,0,37.272503,350,162,73,65.9,0,33.55753,160,337,73.2,65.8,0,39.89011,335,233,72.6,66.5,0,40.287327,230,292,73.6,65.7,0,36.408184,285,201,70.4,66.2,0,43.215286,195,404,73.2,65.9,0,41.405178,380,349,71.9,65.5,0,39.87995,335,180,73.2,65.6,0,56.571358,175,252,73.2,65.7,0,45.130787,245,424,72.2,65.7,0,46.483032,420,163,73.7,65.7,0,30.713675,160,346,72.3,65.6,0,33.786766,335,107,72,66.1,0,32.945354,100,344,72.7,66.1,0,39.223183,335,199,71.6,285,0,33.251686,195,390,72.8,65.7,0,37.118225,380,339,71.7,65.7,0,42.005886,335,260,74,65.6,0,40.89042,259.9999,343,73.8,65.6,0,53.940098,340.98907,354,72.4,65.6,0,39.564583,350,163,72.3,65.9,0,42.85417,160,366,70.1,65.5,0,50.930088,335,233,73.6,66.1,0,43.587852,230,161,72,65.8,0,34.128147,150,199,71,66.5,0,43.519897,195,390,72.8,65.8,0,41.110138,380,585,70.1,65.4,0,67.31999,575,337,73.2,66.2,0,45.45638,335,255,73.3,66.3,0,42.69244,250,178,73,66.2,0,59.319466,175,196,73.4,66.1,0,31.051434,190,190,70.9,65.9,0,44.705765,185,309,70.2,65.7,0,40.639366,300,303,72.5,65.5,0,35.366714,300,212,69.3,65.6,0,55.126213,210,892,69.2,65.4,0,90.850204,880,88.8,88.9,90.5,144.2,104.8,117.7,0.9,1.6,29.76
20170729,1030,72.6,68.1,30.23101812,34.41427833,248,46.9,44.5,5.6,76.5,74.6,-0.1,0.55,0,0,0,5,100,100,1,1,1,0,0,200,72,7.5,5.6,7.5,200,71.5,72,65.3,100,100,34.4,63.6,100,0,72.6,1.15,64.6,1.8125,62.5,0,0,50.1,12.7,0,0,0,72.9,72.4,65,69.2,15,35.2,62.800003,55.7,0,72.2,0.99,64.6,1.8125,64.3,0,0,86.5,74.2,15.2,4.5,2,15,15,75.1,65.1,82.6,100,28.3,0,68.5,1.3,66.39655,65.89655,0,13,0,0,1,21,0,72,2017,66.7,0,92.84236,2000,72,68,2611.5657,69.5,66.4,36.2,2200,265,72.4,66,0,51.271057,260,126,71,66.6,0,52.409424,125,1876,72.3,66.3,0,68.694695,1850,692,79,72,0,1.645768,700,607,71.8,66.5,0,45.44338,600,203,73.5,66.7,0,36.83563,200,127,72.5,66.7,0,54.092525,125,335,71.3,67,0,28.77759,330,223,72.4,67.3,0,100,650,569,70.4,67.6,0,100,950,510,0,66.6,0,33.02337,500,510,71.9,66.6,0,35.56016,500,178,73.4,65.8,0,47.971977,175,249,70.4,66.1,0,42.725826,245,223,71.2,65.8,0,41.476856,220,355,72.7,65.8,0,32.490223,350,168,73.4,65.9,0,33.313004,160,342,71.8,65.9,0,31.254595,335,341,73.4,65.8,0,28.131517,335,197,71.4,66.4,0,35.9421,195,388,74,66.1,0,27.25139,380,248,70.3,65.7,0,43.053513,245,177,73.6,65.7,0,43.987732,175,249,72.4,65.8,0,46.251995,245,425,71.4,65.6,0,39.93094,420,164,72.4,66.1,0,26.032602,160,338,72.1,65.9,0,37.924274,335,308,72.6,66.1,0,32.00783,300,405,72.3,65.6,0,28.042328,400,198,71.1,66.1,0,37.349693,195,403,71.1,65.5,0,32.954967,380,346,70.4,66,0,29.533169,335,178,73.6,65.4,0,60.305435,175,252,72,65.8,0,45.10876,245,352,72,65.4,0,37.272503,350,162,73,65.8,0,33.55753,160,339,73.3,65.7,0,39.89011,335,233,72.6,66.4,0,40.287327,230,292,73.6,65.6,0,36.408184,285,200,70.4,66.1,0,43.215286,195,402,73.2,65.8,0,41.405178,380,349,71.9,65.4,0,39.87995,335,179,73.2,65.6,0,56.571358,175,251,73.2,65.6,0,45.130787,245,427,72.2,65.6,0,46.483032,420,162,73.7,65.6,0,30.713675,160,344,72.3,65.5,0,33.786766,335,106,72,66.1,0,32.945354,100,342,72.7,66,0,39.223183,335,198,71.6,285.1,0,33.251686,195,386,72.8,65.6,0,37.118225,380,340,71.7,65.6,0,42.005886,335,261,74,65.5,0,40.89042,259.9999,345,73.8,65.5,0,53.940098,340.98907,353,72.4,65.4,0,39.564583,350,162,72.3,65.8,0,42.85417,160,360,70.1,65.4,0,50.930088,335,233,73.6,66.1,0,43.587852,230,160,72,65.7,0,34.128147,150,199,71,66.4,0,43.519897,195,389,72.8,65.7,0,41.110138,380,584,70.1,65.3,0,67.31999,575,337,73.2,66.1,0,45.45638,335,254,73.3,66.2,0,42.69244,250,177,73,66.2,0,59.319466,175,195,73.4,66,0,31.051434,190,189,70.9,65.9,0,44.705765,185,306,70.2,65.6,0,40.639366,300,304,72.5,65.4,0,35.366714,300,212,69.3,65.4,0,55.126213,210,886,69.2,65.2,0,91.486404,880,88.8,88.8,90.5,146.2,104.8,117.7,1.2,-1.3,29.76
20170729,1035,72.3,69.2,30.23459297,34.41427833,248,46,43.6,5.6,73.6,71.9,-0.2,0.55,0,0,0,5,100,100,1,1,1,0,0,200,72,7.5,5.6,7.5,200,71.5,71.8,64.9,100,100,35.1,63.6,100,0,72.2,1.15,64.6,1.8125,62.3,0,0,50.4,12.6,0,0,0,72.9,72.3,65,69.2,15,35.3,62.800003,56.8,0,72.2,1,64.6,1.8125,64.2,0,0,86.7,74.8,16.9,4.8,1,15,15,74.5,65.1,82.6,100,28.3,0,68.5,1.3,66.39655,65.89655,0,13,0,0,0,20,0,72,2019,66.5,0,92.562386,2000,72,68,2611.5657,69.6,66.1,36.3,2200,265,72.4,65.9,0,51.271057,260,126,71,66.5,0,52.409424,125,1879,72.3,66.1,0,68.682396,1850,692,79,72,0,1.645768,700,605,71.8,66.4,0,45.44338,600,202,73.5,66.6,0,36.83563,200,127,72.5,66.6,0,54.092525,125,335,71.3,66.9,0,28.77759,330,224,72.4,67.2,0,100,650,568,70.4,67.5,0,100,950,510,0,66.5,0,33.02337,500,510,71.9,66.5,0,35.56016,500,177,73.4,65.7,0,47.971977,175,248,70.4,66,0,42.725826,245,222,71.2,65.7,0,41.476856,220,355,72.7,65.6,0,32.490223,350,168,73.4,65.8,0,33.313004,160,339,71.8,65.8,0,31.254595,335,337,73.4,65.7,0,28.131517,335,196,71.4,66.3,0,35.9421,195,393,74,65.9,0,27.25139,380,248,70.2,65.6,0,43.053513,245,175,73.6,65.6,0,43.987732,175,246,72.4,65.7,0,46.251995,245,422,71.4,65.5,0,39.93094,420,163,72.4,66,0,26.032602,160,335,72.1,65.8,0,37.924274,335,307,72.6,66,0,32.00783,300,407,72.3,65.5,0,28.042328,400,196,71.1,66,0,37.349693,195,401,71.1,65.4,0,32.954967,380,347,70.4,65.8,0,29.533169,335,176,73.5,65.3,0,60.305435,175,252,72,65.6,0,45.10876,245,352,72,65.3,0,37.272503,350,162,73,65.7,0,33.55753,160,336,73.3,65.6,0,39.89011,335,231,72.6,66.3,0,40.287327,230,290,73.7,65.5,0,36.408184,285,200,70.4,66,0,43.215286,195,401,73.2,65.7,0,41.405178,380,348,71.9,65.3,0,40.312126,335,179,73.2,65.4,0,55.957787,175,247,73.2,65.4,0,45.130787,245,426,72.2,65.5,0,46.483032,420,162,73.7,65.4,0,30.713675,160,340,72.3,65.4,0,33.786766,335,105,72,66,0,32.945354,100,340,72.7,65.9,0,39.223183,335,196,71.6,284.8,0,33.251686,195,383,72.8,65.5,0,37.118225,380,337,71.7,65.5,0,42.005886,335,260,74,65.4,0,40.89042,259.9999,343,73.8,65.4,0,53.940098,340.98907,353,72.4,65.3,0,39.564583,350,162,72.3,65.7,0,42.85417,160,347,70.1,65.3,0,50.930088,335,231,73.6,66,0,43.587852,230,159,72,65.7,0,34.128147,150,198,71,66.3,0,43.519897,195,390,72.8,65.6,0,41.110138,380,576,70.1,65.2,0,67.31999,575,337,73.3,66.1,0,45.45638,335,253,73.3,66.1,0,42.69244,250,176,73,66.1,0,59.319466,175,194,73.4,66,0,31.051434,190,188,70.8,65.7,0,44.705765,185,305,70.1,65.5,0,40.639366,300,303,72.5,65.2,0,35.366714,300,211,69.2,65.3,0,55.126213,210,886,69.1,65.1,0,91.60208,880,88.7,88.8,90.4,148.2,104.8,117.8,1.3,-0.2,29.76
20170729,1040,72.2,70.3,30.37377414,34.41427833,246,46.5,44.1,5.6,75.7,73.6,-0.1,0.55,0,0,0,5,100,100,1,1,1,0,0,200,72,7.5,5.6,7.5,200,71.5,72.1,65,100,100,35.6,63.6,100,0,72.5,1.15,64.6,1.8125,62.1,0,0,50.1,12.9,0,0,0,72.9,72.3,64.9,69,15,35.3,62.800003,54.3,0,72.3,1,64.6,1.8125,64.2,0,0,86.7,74.1,14.1,4.8,0.8,15,15,75.3,65.1,82.6,100,28.9,0,68.5,1.3,66.39655,65.89655,0,13,0,0,1,20.4,1,72,2022,66.5,0,92.61108,2000,72,68,2123.706,69.6,66.2,41.3,2200,264,72.4,65.9,0,51.271057,260,126,71,66.4,0,52.409424,125,1879,72.3,66.2,0,68.682396,1850,692,79,72.1,0,1.5114197,700,606,71.8,66.3,0,45.44338,600,203,73.5,66.6,0,36.83563,200,126,72.5,66.7,0,54.092525,125,334,71.3,66.9,0,28.77759,330,223,72.4,67.2,0,100,650,568,70.4,67.5,0,100,950,511,0,66.5,0,33.02337,500,510,71.9,66.5,0,35.56016,500,178,73.4,65.6,0,47.971977,175,249,70.4,65.9,0,42.725826,245,223,71.2,65.7,0,41.476856,220,356,72.7,65.6,0,32.490223,350,168,73.4,65.7,0,33.313004,160,341,71.8,65.8,0,31.254595,335,338,73.4,65.6,0,28.131517,335,196,71.3,66.2,0,35.9421,195,389,74,65.9,0,27.25139,380,250,70.2,65.6,0,43.053513,245,176,73.6,65.6,0,43.987732,175,248,72.4,65.6,0,46.251995,245,424,71.4,65.4,0,39.93094,420,164,72.4,65.9,0,26.032602,160,339,72.1,65.8,0,37.924274,335,308,72.6,66,0,32.00783,300,408,72.3,65.5,0,28.042328,400,197,71.1,66,0,37.349693,195,408,71.1,65.4,0,32.954967,380,350,70.4,65.8,0,29.533169,335,178,73.6,65.2,0,60.305435,175,255,72,65.6,0,45.10876,245,354,72,65.2,0,37.272503,350,162,73,65.6,0,33.55753,160,339,73.3,65.6,0,39.89011,335,232,72.6,66.2,0,40.287327,230,291,73.6,65.5,0,36.408184,285,201,70.4,65.9,0,43.215286,195,400,73.2,65.6,0,41.405178,380,349,71.9,65.3,0,39.95198,335,179,73.2,65.3,0,55.957787,175,250,73.2,65.4,0,45.130787,245,430,72.2,65.5,0,46.483032,420,162,73.6,65.4,0,30.713675,160,344,72.3,65.3,0,33.786766,335,105,72,65.9,0,32.945354,100,343,72.7,65.8,0,39.223183,335,198,71.5,285.1,0,33.251686,195,389,72.8,65.4,0,37.118225,380,339,71.6,65.5,0,42.005886,335,261,74,65.3,0,40.89042,259.9999,342,73.8,65.3,0,53.940098,340.98907,355,72.4,65.3,0,39.564583,350,162,72.3,65.6,0,42.85417,160,358,70.1,65.3,0,50.930088,335,232,73.6,65.9,0,43.587852,230,162,71.9,65.6,0,34.128147,150,199,71,66.2,0,43.519897,195,393,72.8,65.5,0,41.110138,380,581,70.1,65.2,0,67.31999,575,337,73.3,66,0,45.45638,335,254,73.3,66.1,0,42.69244,250,178,72.9,66,0,59.319466,175,195,73.4,65.9,0,31.051434,190,189,70.8,65.7,0,44.705765,185,306,70.1,65.4,0,40.639366,300,305,72.5,65.2,0,35.366714,300,212,69.2,65.3,0,55.126213,210,890,69.1,65.1,0,91.069984,880,88.7,88.8,90.5,145.2,104.8,117.8,1.2,-0.2,29.76
20170729,1045,72.3,69.6,30.31047812,34.41427833,242,46,43.5,5.6,72.2,70.1,-0.1,0.55,0,0,0,5,100,100,1,1,1,0,0,200,72,7.5,5.6,7.5,200,71.5,72.2,65.1,100,100,36.4,63.6,100,0,72.6,1.15,64.6,1.8125,62.1,0,0,50.3,12.7,0,0,0,72.9,72.3,64.9,69.1,15,35.4,62.800003,55.4,0,72.3,1,64.6,1.8125,64,0,0,86.8,73.7,15.6,4.9,1.6,15,15,75.8,65.1,82.6,100,28.4,0,68.5,1.3,66.39655,65.89655,0,13,0,0,0,20,0,72,2021,66.6,0,92.55021,2000,72,68,2123.706,69.5,66.3,40.5,2200,264,72.4,66,0,51.271057,260,126,71,66.6,0,52.409424,125,1879,72.3,66.3,0,68.51032,1850,691,79,72.2,0,1.645768,700,608,71.8,66.4,0,45.44338,600,203,73.5,66.7,0,36.83563,200,127,72.5,66.7,0,54.092525,125,335,71.3,67,0,28.77759,330,223,72.4,67.3,0,100,650,567,70.4,67.6,0,100,950,511,0,66.6,0,33.02337,500,510,71.9,66.6,0,35.56016,500,179,73.4,65.6,0,47.971977,175,249,70.4,65.9,0,42.725826,245,222,71.2,65.7,0,41.476856,220,355,72.7,65.6,0,32.490223,350,168,73.4,65.7,0,33.313004,160,341,71.8,65.7,0,31.254595,335,342,73.4,65.6,0,28.131517,335,197,71.3,66.2,0,35.9421,195,392,74,65.9,0,27.25139,380,248,70.2,65.6,0,43.053513,245,177,73.6,65.6,0,43.987732,175,248,72.4,65.6,0,46.251995,245,424,71.4,65.4,0,39.93094,420,163,72.4,65.9,0,26.032602,160,342,72.1,65.8,0,37.924274,335,308,72.6,65.9,0,32.00783,300,407,72.3,65.4,0,28.042328,400,199,71,65.9,0,37.349693,195,390,71,65.4,0,32.954967,380,337,70.4,65.8,0,29.533169,335,178,73.6,65.2,0,60.305435,175,251,72,65.6,0,45.10876,245,353,72,65.3,0,37.272503,350,163,73,65.6,0,33.55753,160,339,73.3,65.5,0,39.89011,335,233,72.6,66.2,0,40.287327,230,293,73.6,65.4,0,36.408184,285,200,70.4,65.9,0,43.215286,195,403,73.2,65.6,0,41.405178,380,349,71.9,65.2,0,39.95198,335,177,73.2,65.3,0,55.957787,175,251,73.2,65.4,0,45.130787,245,426,72.2,65.4,0,46.483032,420,163,73.6,65.4,0,30.713675,160,344,72.2,65.4,0,33.786766,335,107,72,65.9,0,32.945354,100,344,72.7,65.8,0,39.223183,335,198,71.5,285,0,33.251686,195,390,72.8,65.4,0,37.118225,380,340,71.6,65.5,0,42.005886,335,258,74,65.3,0,40.89042,259.9999,339,73.8,65.4,0,53.940098,340.98907,352,72.4,65.3,0,39.564583,350,163,72.3,65.6,0,42.85417,160,358,70.1,65.3,0,50.930088,335,232,73.6,65.9,0,43.587852,230,157,72,65.6,0,34.128147,150,199,71,66.2,0,43.519897,195,387,72.8,65.5,0,41.110138,380,588,70,65.2,0,67.31999,575,337,73.3,66,0,45.45638,335,254,73.3,66,0,42.69244,250,177,73,66,0,59.319466,175,196,73.4,65.9,0,31.051434,190,189,70.8,65.6,0,44.705765,185,306,70.1,65.4,0,40.639366,300,304,72.5,65.2,0,35.366714,300,212,69.2,65.3,0,55.126213,210,884,69.1,65.1,0,91.474846,880,88.6,88.7,90.3,147.2,104.8,117.7,1.2,1,29.76
20170729,1050,72.4,70,30.45586315,34.41427833,245,47,44.9,5.6,75.1,73.3,-0.1,0.55,0,0,0,5,100,100,1,1,1,0,0,200,72,7.5,5.6,7.5,200,71.6,73.1,64.8,100,100,38.9,62.4,100,0,73.2,1.15,63.4,1.8125,62.1,0,0,50,12.6,0,0,0,72.9,72.4,65.2,69.2,15,36,62.199997,51.8,0,72.3,1,63.4,1.8125,64,0,0,86.4,74.2,11.7,4.7,0.7,15,15,74.6,65.1,82.6,100,27.3,0,68.5,1.3,66.034485,65.534485,0,13,0,0,0,20,1,72,2016,66.5,0,92.708466,2000,72,68,2611.5657,69.5,66.2,36.7,2200,263,72.4,65.9,0,51.271057,260,125,71,66.5,0,52.409424,125,1878,72.3,66.2,0,68.670105,1850,693,79,72.2,0,1.4442455,700,605,71.8,66.4,0,45.44338,600,202,73.4,66.7,0,36.83563,200,126,72.5,66.7,0,54.092525,125,334,71.3,67,0,28.77759,330,223,72.4,67.4,0,100,650,566,70.4,67.7,0,100,950,510,0,66.6,0,33.02337,500,510,71.9,66.6,0,35.56016,500,178,73.4,65.7,0,47.971977,175,250,70.4,66,0,42.725826,245,221,71.2,65.7,0,41.476856,220,355,72.7,65.6,0,32.490223,350,168,73.4,65.7,0,33.313004,160,340,71.7,65.7,0,31.254595,335,340,73.4,65.7,0,28.131517,335,196,71.3,66.2,0,35.9421,195,385,74,65.9,0,27.25139,380,247,70.2,65.6,0,43.053513,245,176,73.6,65.7,0,43.987732,175,248,72.4,65.7,0,46.251995,245,423,71.5,65.5,0,39.93094,420,163,72.4,65.9,0,26.032602,160,339,72.1,65.8,0,37.924274,335,307,72.6,65.9,0,32.00783,300,407,72.3,65.4,0,28.042328,400,197,71,65.9,0,37.349693,195,395,71,65.4,0,32.954967,380,349,70.4,65.8,0,29.533169,335,178,73.5,65.4,0,60.305435,175,254,72,65.6,0,45.10876,245,352,72,65.3,0,37.272503,350,162,72.9,65.7,0,33.55753,160,342,73.3,65.6,0,40.34188,335,232,72.6,66.2,0,40.287327,230,292,73.6,65.4,0,36.408184,285,200,70.4,66,0,43.215286,195,398,73.2,65.6,0,41.405178,380,345,71.8,65.3,0,39.95198,335,177,73.2,65.4,0,55.957787,175,250,73.2,65.5,0,45.130787,245,426,72.2,65.5,0,46.483032,420,162,73.6,65.4,0,30.713675,160,344,72.3,65.4,0,33.786766,335,105,72,65.9,0,32.945354,100,340,72.6,65.8,0,39.223183,335,197,71.5,284.9,0,33.251686,195,395,72.8,65.5,0,37.118225,380,341,71.6,65.5,0,42.005886,335,258,74,65.4,0,40.89042,259.9999,318,73.8,65.5,0,52.32583,313.68906,352,72.4,65.3,0,39.564583,350,163,72.3,65.7,0,42.85417,160,356,70.1,65.3,0,50.930088,335,233,73.6,65.9,0,43.587852,230,164,71.9,65.6,0,34.128147,150,198,71,66.2,0,43.519897,195,388,72.8,65.5,0,41.110138,380,585,70,65.2,0,67.31999,575,337,73.3,66,0,45.45638,335,253,73.2,66.1,0,42.69244,250,177,72.9,66,0,59.319466,175,196,73.4,65.9,0,31.051434,190,188,70.9,65.7,0,44.705765,185,306,70.1,65.4,0,40.639366,300,303,72.4,65.3,0,35.366714,300,211,69.2,65.3,0,55.126213,210,885,69,65.2,0,91.60208,880,88.6,88.7,90.4,146.2,104.8,117.5,1.2,-0.2,29.76
20170729,1055,72.7,69.9,30.64592063,34.41427833,248,46.5,43.6,5.6,73.1,70.1,-0.2,0.55,0,0,0,5,100,100,1,1,1,0,0,200,72,7.5,5.6,7.5,200,71.6,73.7,64.2,100,100,40.4,62.4,100,0,73.7,1.15,63.4,1.8125,62.1,0,0,50.7,12.9,0,0,0,72.9,72.5,64.7,69.1,15,36.2,62.199997,53,0,72.4,1.01,63.4,1.8125,64,0,0,87.1,73.8,14.2,4.5,1,15,15,76.8,65.1,82.6,100,29.4,0,70.5,1.3,66.034485,65.534485,0,13,0,0,0,20,0,72,2022,66.3,0,92.48935,2000,72,68,2123.706,69.6,65.9,41.7,2200,264,72.5,65.8,0,51.271057,260,125,71,66.4,0,52.409424,125,1880,72.3,66,0,68.657814,1850,694,79,72.2,0,1.2203314,700,607,71.8,66.4,0,45.44338,600,202,73.5,66.6,0,36.83563,200,127,72.5,66.6,0,54.092525,125,333,71.3,66.9,0,28.77759,330,223,72.4,67.3,0,100,650,566,70.4,67.7,0,100,950,510,0,66.5,0,33.02337,500,511,72,66.5,0,35.56016,500,179,73.4,65.5,0,47.971977,175,249,70.4,65.8,0,42.725826,245,223,71.2,65.6,0,41.476856,220,356,72.8,65.5,0,32.490223,350,168,73.4,65.6,0,33.313004,160,342,71.7,65.6,0,31.254595,335,341,73.4,65.6,0,28.131517,335,198,71.3,66.1,0,35.9421,195,391,74,65.8,0,27.25139,380,249,70.2,65.5,0,43.053513,245,177,73.6,65.5,0,43.987732,175,249,72.3,65.5,0,46.251995,245,425,71.5,65.3,0,39.93094,420,164,72.4,65.8,0,26.032602,160,340,72.1,65.6,0,37.924274,335,308,72.6,65.9,0,32.00783,300,410,72.3,65.3,0,28.042328,400,198,71,65.9,0,37.349693,195,408,71.1,65.3,0,32.954967,380,345,70.4,65.7,0,29.533169,335,179,73.5,65.1,0,60.305435,175,253,72,65.4,0,45.10876,245,354,72,65.2,0,37.272503,350,163,72.9,65.5,0,33.55753,160,344,73.3,65.4,0,40.34188,335,233,72.6,66.1,0,40.287327,230,293,73.6,65.4,0,36.408184,285,201,70.4,65.9,0,43.215286,195,402,73.2,65.5,0,41.405178,380,349,71.8,65.2,0,39.435776,335,179,73.2,65.3,0,55.957787,175,252,73.2,65.3,0,45.130787,245,428,72.2,65.3,0,46.483032,420,164,73.6,65.3,0,30.713675,160,345,72.3,65.2,0,33.786766,335,108,72,65.8,0,32.945354,100,342,72.6,65.7,0,39.223183,335,199,71.5,284.9,0,33.251686,195,395,72.8,65.3,0,37.118225,380,341,71.6,65.3,0,42.005886,335,259,74,65.2,0,40.89042,259.9999,320,73.8,65.3,0,52.32583,313.68906,354,72.4,65.2,0,39.564583,350,163,72.3,65.6,0,42.85417,160,364,70,65.2,0,50.930088,335,233,73.6,65.8,0,43.587852,230,160,71.9,65.5,0,34.128147,150,199,70.9,66.1,0,43.519897,195,393,72.8,65.4,0,41.110138,380,588,70,65,0,67.31999,575,337,73.3,65.9,0,45.45638,335,255,73.2,66,0,42.69244,250,178,72.9,65.9,0,59.319466,175,196,73.5,65.8,0,31.051434,190,189,70.8,65.6,0,44.705765,185,305,70.1,65.3,0,40.639366,300,305,72.2,65.1,0,35.366714,300,212,69.2,65.2,0,55.126213,210,889,69,65,0,91.08155,880,88.6,88.7,90.4,145.2,104.8,117.6,0.4,0,29.76
20170729,1100,73.2,68.6,30.7427005,34.41427833,250,46.7,44.1,5.6,75.5,73.5,-0.1,0.55,0,0,0,5,100,100,1,1,1,0,0,200,72,7.5,5.6,7.5,200,71.6,73.3,64.1,100,100,41.3,62.4,100,0,73.5,1.15,63.4,1.8125,62.3,0,0,50.1,12.7,0,0,0,72.9,72.5,64.7,69.1,15,36.4,62.199997,54.8,0,72.4,1.01,63.4,1.8125,63.9,0,0,87.2,74.2,16.4,4.9,1,15,15,77.9,65.1,82.6,100,29.9,0,70.5,1.3,66.034485,65.534485,0,13,0,0,1,20.1,1,72,2019,66,0,92.64759,2000,72,68,2123.706,69.6,65.6,40.8,2200,264,72.5,65.4,0,51.271057,260,126,71,66.1,0,52.409424,125,1879,72.3,65.7,0,68.657814,1850,691,79,72.2,0,1.6233766,700,607,71.7,66.1,0,45.44338,600,203,73.5,66.3,0,36.83563,200,126,72.5,66.3,0,54.092525,125,335,71.3,66.6,0,28.77759,330,224,72.4,67.1,0,100,650,567,70.4,67.4,0,100,950,510,0,66.2,0,33.02337,500,510,72,66.2,0,35.56016,500,178,73.4,65.5,0,47.971977,175,250,70.4,65.8,0,42.725826,245,222,71.2,65.5,0,41.476856,220,355,72.8,65.4,0,32.490223,350,168,73.4,65.6,0,33.313004,160,340,71.7,65.6,0,31.254595,335,341,73.4,65.5,0,28.131517,335,197,71.3,66,0,35.9421,195,385,74,65.8,0,27.25139,380,248,70.2,65.4,0,43.053513,245,177,73.6,65.4,0,43.987732,175,249,72.3,65.5,0,46.251995,245,424,71.5,65.3,0,39.93094,420,164,72.3,65.8,0,26.032602,160,342,72.1,65.6,0,37.924274,335,308,72.6,65.8,0,32.00783,300,407,72.2,65.3,0,28.042328,400,199,71,65.8,0,37.349693,195,386,71,65.2,0,32.954967,380,343,70.4,65.6,0,29.533169,335,179,73.5,65.1,0,60.305435,175,253,72,65.4,0,45.10876,245,352,72,65.1,0,37.272503,350,162,72.9,65.5,0,33.55753,160,342,73.3,65.4,0,40.34188,335,233,72.6,66.1,0,40.287327,230,292,73.6,65.3,0,36.408184,285,201,70.4,65.8,0,43.215286,195,399,73.2,65.5,0,41.405178,380,348,71.8,65.1,0,39.435776,335,177,73.1,65.2,0,55.957787,175,250,73.2,65.3,0,45.130787,245,428,72.2,65.3,0,46.483032,420,163,73.6,65.2,0,30.713675,160,345,72.3,65.2,0,33.786766,335,106,72,65.8,0,32.945354,100,340,72.6,65.7,0,39.223183,335,198,71.5,285.1,0,33.251686,195,390,72.8,65.3,0,37.118225,380,340,71.6,65.3,0,42.005886,335,263,74,65.2,0,40.89042,259.9999,318,73.8,65.3,0,52.32583,313.68906,353,72.4,65.1,0,39.564583,350,162,72.3,65.5,0,42.85417,160,362,70.1,65.1,0,50.930088,335,233,73.6,65.7,0,43.587852,230,164,71.9,65.4,0,34.128147,150,199,70.9,66.1,0,43.519897,195,388,72.8,65.4,0,41.110138,380,585,70,65,0,67.31999,575,337,73.3,65.8,0,45.45638,335,254,73.1,65.9,0,42.69244,250,177,72.9,65.9,0,59.319466,175,196,73.4,65.7,0,31.051434,190,188,70.8,65.5,0,44.705765,185,305,70,65.3,0,40.639366,300,304,72.3,65,0,35.366714,300,212,69.2,65.1,0,55.126213,210,886,69,64.9,0,91.474846,880,88.5,88.6,90.3,143.2,104.8,117.4,1.2,0,29.76
20170729,1105,73.2,70.3,31.07567136,36.33060833,248,46.6,43.7,5.6,72.8,70.1,-0.2,0.55,0,0,0,5,100,100,1,1,1,0,0,200,72,7.5,5.6,7.5,200,71.6,73.5,63.5,100,100,41.4,62.4,100,0,73.6,1.15,63.4,1.8125,62.6,0,0,50.4,12.8,0,0,0,72.8,72.4,64.9,68.7,15,36.7,62.199997,56,0,72.3,1.01,63.4,1.8125,63.9,0,0,87.3,73.5,16.6,4.5,0.8,15,15,80.5,65.1,82.6,100,30.8,0,70.5,1.3,66.034485,65.534485,0,13,0,0,0,20,0,72,2024,65.5,0,92.45283,2000,72,68,2123.706,69.5,65,41,2200,263,72.4,65,0,51.271057,260,126,71,65.7,0,52.409424,125,1879,72.2,65.2,0,68.64552,1850,693,79,72.3,0,1.4778326,700,606,71.7,65.7,0,45.44338,600,202,73.5,65.9,0,36.83563,200,126,72.5,65.9,0,54.092525,125,335,71.3,66.3,0,28.77759,330,224,72.4,66.8,0,100,650,567,70.4,67.1,0,100,950,510,0,65.8,0,33.02337,500,510,72,65.8,0,35.56016,500,178,73.4,65.5,0,47.971977,175,250,70.4,65.8,0,42.725826,245,222,71.2,65.5,0,41.476856,220,356,72.8,65.4,0,32.490223,350,168,73.4,65.6,0,33.313004,160,340,71.7,65.6,0,31.254595,335,341,73.3,65.5,0,28.131517,335,197,71.3,66,0,35.9421,195,386,74,65.7,0,27.25139,380,248,70.1,65.4,0,43.053513,245,177,73.6,65.4,0,43.987732,175,249,72.4,65.5,0,46.251995,245,425,71.5,65.3,0,39.93094,420,163,72.4,65.7,0,26.032602,160,342,72.1,65.6,0,37.924274,335,308,72.6,65.8,0,32.00783,300,407,72.2,65.3,0,28.042328,400,198,71,65.8,0,37.349693,195,418,71,65.2,0,32.954967,380,352,70.4,65.6,0,29.533169,335,179,73.5,65.1,0,60.305435,175,253,72,65.4,0,45.10876,245,353,72,65.1,0,37.272503,350,162,72.9,65.4,0,33.55753,160,341,73.3,65.4,0,40.34188,335,233,72.6,66,0,40.287327,230,294,73.6,65.3,0,36.408184,285,201,70.4,65.8,0,43.215286,195,395,73.2,65.4,0,41.405178,380,344,71.8,65.1,0,39.435776,335,179,73.1,65.2,0,55.957787,175,249,73.2,65.2,0,45.130787,245,428,72.2,65.3,0,46.483032,420,162,73.6,65.2,0,30.713675,160,345,72.3,65.2,0,33.786766,335,107,72,65.7,0,32.945354,100,342,72.6,65.7,0,39.223183,335,198,71.5,284.8,0,33.251686,195,389,72.8,65.3,0,37.118225,380,340,71.5,65.3,0,42.005886,335,261,74,65.2,0,40.89042,259.9999,318,73.8,65.3,0,52.32583,313.68906,353,72.4,65.1,0,39.564583,350,163,72.3,65.5,0,42.85417,160,360,70.1,65.1,0,50.930088,335,233,73.6,65.7,0,43.587852,230,158,71.9,65.5,0,34.128147,150,200,70.9,66,0,43.519897,195,392,72.8,65.3,0,41.110138,380,588,70,65,0,67.31999,575,337,73.3,65.8,0,45.45638,335,255,73.2,65.9,0,42.69244,250,177,72.9,65.8,0,59.319466,175,196,73.4,65.7,0,31.051434,190,189,70.8,65.5,0,44.705765,185,307,70,65.3,0,40.639366,300,304,72.3,65,0,35.366714,300,212,69.2,65.1,0,55.126213,210,889,68.9,64.9,0,91.02371,880,88.5,88.6,90.5,145.2,104.8,117.5,1.2,0.1,29.76
20170729,1110,73.5,70.2,31.26927017,36.33060833,248,46.7,44,5.6,76.2,74,-0.1,0.55,0,0,0,5,100,100,1,1,1,0,0,200,72,7.5,5.6,7.5,200,71.5,73.5,63.7,100,100,41.8,62.4,100,0,73.8,1.15,63.4,1.8125,62.8,0,0,50.2,12.9,0,0,0,72.8,72.5,64.8,69.1,15,37,62.199997,54.8,0,72.4,1,63.4,1.8125,63.9,0,0,87.1,74.1,14.6,4.7,1.1,15,15,80,65.1,82.6,100,28.9,0,70.5,1.25,66.034485,65.534485,0,13,0,0,1,20.6,1,72,2025,65.5,0,92.39197,2000,72,68,2123.706,69.5,65.1,41.1,2200,265,72.4,64.8,0,51.271057,260,126,71,65.5,0,52.409424,125,1881,72.2,65.2,0,68.63323,1850,693,79,72.2,0,1.3770711,700,609,71.7,65.5,0,45.44338,600,203,73.5,65.8,0,36.83563,200,127,72.5,65.8,0,54.092525,125,334,71.3,66.1,0,28.77759,330,224,72.4,66.6,0,100,650,566,70.4,66.9,0,100,950,511,0,65.7,0,33.02337,500,510,72,65.7,0,35.56016,500,178,73.4,65.5,0,47.971977,175,248,70.4,65.8,0,42.725826,245,222,71.3,65.6,0,41.476856,220,355,72.8,65.5,0,32.490223,350,168,73.4,65.6,0,33.313004,160,340,71.7,65.6,0,31.254595,335,339,73.3,65.5,0,28.131517,335,197,71.3,66,0,35.9421,195,388,74,65.8,0,27.25139,380,249,70.1,65.5,0,43.053513,245,177,73.5,65.5,0,43.987732,175,248,72.4,65.6,0,46.251995,245,424,71.5,65.3,0,39.93094,420,163,72.4,65.8,0,26.032602,160,338,72.1,65.6,0,37.924274,335,308,72.6,65.8,0,32.00783,300,406,72.2,65.3,0,28.042328,400,197,71,65.8,0,37.349693,195,403,71.1,65.2,0,32.954967,380,346,70.4,65.7,0,29.533169,335,177,73.5,65.2,0,60.305435,175,252,72,65.5,0,45.10876,245,354,72,65.2,0,37.272503,350,162,72.9,65.6,0,33.55753,160,343,73.3,65.4,0,40.34188,335,231,72.6,66.1,0,40.287327,230,291,73.6,65.3,0,36.408184,285,201,70.4,65.8,0,43.215286,195,412,73.2,65.5,0,41.405178,380,345,71.8,65.2,0,39.867947,335,178,73.1,65.3,0,55.957787,175,250,73.2,65.3,0,45.130787,245,426,72.2,65.4,0,46.483032,420,163,73.6,65.3,0,30.713675,160,342,72.3,65.2,0,33.786766,335,107,72,65.8,0,32.945354,100,341,72.6,65.7,0,39.223183,335,197,71.5,285.3,0,33.251686,195,388,72.8,65.3,0,37.118225,380,339,71.5,65.4,0,42.005886,335,261,74,65.3,0,40.89042,259.9999,319,73.8,65.3,0,52.32583,313.68906,354,72.4,65.2,0,39.564583,350,163,72.3,65.5,0,42.85417,160,358,70.1,65.2,0,50.930088,335,232,73.6,65.7,0,43.587852,230,164,71.9,65.5,0,34.128147,150,199,71,66.1,0,43.519897,195,392,72.8,65.4,0,41.110138,380,584,70,65.1,0,67.31999,575,337,73.3,65.8,0,45.45638,335,254,73.2,65.9,0,42.69244,250,177,72.9,65.8,0,59.319466,175,195,73.5,65.7,0,31.051434,190,189,70.7,65.6,0,44.705765,185,305,70,65.3,0,40.639366,300,304,72.3,65.1,0,35.366714,300,212,69.1,65.2,0,55.126213,210,888,68.9,65,0,91.49798,880,88.5,88.6,90.5,145.2,104.8,117.1,1.3,0,29.76
20170729,1115,73.4,70.6,31.27700366,36.33060833,251,47,44.1,5.6,73,70.4,-0.1,0.55,0,0,0,5,100,100,1,1,1,0,0,200,72,7.5,5.6,7.5,200,71.5,73.9,63.1,100,100,41.8,62.4,100,0,74,1.15,63.4,1.8125,63.1,0,0,50.3,12.6,0,0,0,72.8,72.6,64.6,69.3,15,37.3,62.199997,54.2,0,72.4,0.99,63.4,1.8125,63.9,0,0,87.6,74.3,14.3,4.8,1,15,15,79.4,65.1,82.8,100,30.1,0,70.5,1.3,66.034485,65.534485,0,13,0,0,0,20,1,72,2024,65.2,0,92.44066,2000,72,68,2123.706,69.5,64.7,40.2,2200,265,72.4,64.8,0,51.271057,260,128,70.9,65.6,0,53.01925,125,1881,72.2,65,0,68.63323,1850,692,79,72.2,0,1.6132646,700,609,71.6,65.5,0,45.44338,600,202,73.4,65.7,0,36.83563,200,127,72.5,65.8,0,54.092525,125,334,71.3,66.1,0,28.77759,330,224,72.4,66.6,0,100,650,568,70.4,66.9,0,100,950,510,0,65.7,0,33.02337,500,510,72,65.7,0,35.56016,500,178,73.4,65.4,0,47.971977,175,249,70.4,65.7,0,42.725826,245,222,71.3,65.5,0,41.476856,220,355,72.8,65.4,0,32.490223,350,168,73.4,65.5,0,33.313004,160,340,71.7,65.5,0,31.254595,335,339,73.3,65.5,0,28.131517,335,197,71.2,66,0,35.9421,195,387,74,65.7,0,27.25139,380,250,70.1,65.4,0,43.053513,245,176,73.6,65.4,0,43.987732,175,249,72.4,65.4,0,46.251995,245,425,71.5,65.2,0,39.93094,420,163,72.4,65.7,0,26.032602,160,339,72.1,65.6,0,37.924274,335,307,72.6,65.7,0,32.00783,300,408,72.2,65.2,0,28.042328,400,197,71,65.7,0,37.349693,195,386,71.1,65.2,0,32.954967,380,348,70.4,65.6,0,29.864866,335,177,73.5,65,0,60.305435,175,253,72,65.4,0,45.10876,245,355,72,65.1,0,37.272503,350,162,72.9,65.4,0,33.55753,160,342,73.3,65.3,0,40.34188,335,232,72.7,66,0,40.287327,230,291,73.6,65.3,0,36.408184,285,201,70.4,65.8,0,43.215286,195,406,73.2,65.4,0,41.405178,380,348,71.8,65.1,0,39.867947,335,178,73.1,65.2,0,55.957787,175,250,73.2,65.2,0,45.130787,245,429,72.2,65.3,0,46.483032,420,163,73.6,65.2,0,30.713675,160,345,72.3,65.2,0,33.786766,335,109,72,65.7,0,32.945354,100,340,72.6,65.6,0,39.223183,335,198,71.5,285.2,0,33.251686,195,391,72.8,65.3,0,37.118225,380,341,71.5,65.3,0,42.005886,335,260,74,65.2,0,40.89042,259.9999,318,73.8,65.2,0,52.32583,313.68906,355,72.4,65.1,0,39.564583,350,163,72.3,65.5,0,42.85417,160,358,70.1,65.1,0,50.930088,335,232,73.6,65.7,0,43.587852,230,160,71.9,65.4,0,34.128147,150,199,70.9,66.1,0,43.519897,195,398,72.9,65.3,0,41.110138,380,584,70,64.9,0,67.31999,575,337,73.3,65.8,0,45.45638,335,254,73.1,65.8,0,42.69244,250,177,72.9,65.8,0,59.319466,175,195,73.5,65.7,0,31.051434,190,189,70.8,65.5,0,44.705765,185,305,70,65.2,0,40.639366,300,304,72.4,65,0,35.366714,300,212,69.1,65.1,0,55.126213,210,887,68.9,64.8,0,91.55581,880,88.5,88.5,90.4,146.2,104.8,117.1,0.6,0.1,29.76
20170729,1120,73.3,70.1,31.10733036,36.33060833,249,47.1,44.1,5.6,73.6,70.2,-0.2,0.55,0,0,0,5,100,100,1,1,1,0,0,200,72,7.5,5.6,7.5,200,71.5,74,63.3,100,100,41.7,62.4,100,0,74.1,1.15,63.4,1.8125,63.3,0,0,50.7,12.6,0,0,0,72.8,72.5,64.4,69.3,15,37.4,62.199997,54.7,0,72.5,1,63.4,1.8125,63.9,0,0,88,74.7,14.4,4.9,1,15,15,79.3,65.1,82.8,100,30.6,0,70.5,1.3,66.034485,65.534485,0,13,0,0,0,20,0,72,2017,65,0,92.7328,2000,72,68,2123.706,69.5,64.6,40.4,2200,264,72.4,64.4,0,51.271057,260,127,70.9,65.2,0,53.01925,125,1878,72.1,64.7,0,68.63323,1850,693,79,72.2,0,1.4452162,700,606,71.6,65.2,0,45.44338,600,202,73.4,65.4,0,36.83563,200,126,72.5,65.4,0,54.092525,125,334,71.2,65.8,0,28.77759,330,223,72.3,66.3,0,100,650,566,70.4,66.6,0,100,950,510,0,65.3,0,33.02337,500,510,72,65.3,0,35.56016,500,178,73.4,65.3,0,47.971977,175,250,70.4,65.6,0,42.725826,245,223,71.3,65.4,0,41.476856,220,354,72.9,65.3,0,32.490223,350,168,73.4,65.4,0,33.313004,160,341,71.7,65.4,0,31.254595,335,339,73.3,65.3,0,28.131517,335,197,71.2,65.9,0,35.9421,195,388,74,65.6,0,27.25139,380,249,70.1,65.3,0,43.053513,245,176,73.6,65.3,0,43.987732,175,248,72.4,65.3,0,46.251995,245,426,71.5,65.1,0,40.214577,420,163,72.3,65.6,0,26.032602,160,338,72.2,65.4,0,37.924274,335,307,72.6,65.7,0,32.00783,300,405,72.2,65.1,0,28.042328,400,198,71,65.6,0,37.349693,195,412,71.1,65,0,32.954967,380,353,70.3,65.5,0,29.864866,335,177,73.5,64.9,0,60.305435,175,251,72,65.3,0,45.10876,245,353,72,64.9,0,37.272503,350,162,72.9,65.3,0,33.55753,160,341,73.3,65.2,0,40.34188,335,232,72.7,66,0,40.287327,230,293,73.6,65.1,0,36.408184,285,200,70.4,65.6,0,43.215286,195,408,73.2,65.3,0,41.405178,380,348,71.8,64.9,0,40.14406,335,177,73.1,65,0,55.957787,175,250,73.2,65.1,0,45.130787,245,428,72.2,65.1,0,46.483032,420,163,73.6,65.1,0,30.713675,160,345,72.3,65,0,33.786766,335,106,72,65.6,0,32.945354,100,341,72.6,65.5,0,39.223183,335,198,71.5,285.1,0,33.251686,195,390,72.8,65.2,0,37.118225,380,339,71.5,65.2,0,42.005886,335,260,74,65,0,40.89042,259.9999,291,73.6,65.1,0,50.03186,277.28934,352,72.4,65,0,39.564583,350,163,72.2,65.4,0,42.85417,160,360,70.1,64.9,0,50.930088,335,232,73.6,65.6,0,43.587852,230,162,71.9,65.3,0,34.128147,150,199,70.9,66,0,43.519897,195,385,72.9,65.2,0,41.110138,380,585,70,64.8,0,67.31999,575,337,73.4,65.7,0,45.45638,335,254,73.2,65.8,0,42.69244,250,178,72.9,65.7,0,59.319466,175,195,73.5,65.6,0,31.051434,190,188,70.7,65.4,0,44.705765,185,304,70,65.1,0,40.639366,300,304,72.3,64.9,0,35.366714,300,212,69.1,64.9,0,55.126213,210,885,68.8,64.7,0,91.53268,880,88.4,88.5,90.2,146.2,104.8,117.2,1.2,0,29.76
20170729,1125,73.4,71.3,31.41520059,36.33060833,249,46.8,43.9,5.6,74.8,72.4,-0.2,0.55,0,0,0,5,100,100,1,1,1,0,0,200,72,7.5,5.6,7.5,200,71.5,74.3,63.1,100,100,41,62.4,100,0,74.1,1.15,63.4,1.8125,63.6,0,0,50.5,12.7,0,0,0,72.8,72.6,64.4,69.2,15,37.5,62.199997,53.2,0,72.4,1,63.4,1.8125,63.9,0,0,88.4,74.3,14.2,4.6,0.8,15,15,80.2,65.1,82.8,100,31.5,0,70.5,1.3,66.034485,65.534485,0,13,0,0,0,20,1,72,2022,64.9,0,92.58673,2000,72,68,2123.706,69.5,64.4,40.5,2200,264,72.4,64.2,0,51.271057,260,128,70.9,65,0,53.01925,125,1876,72.1,64.6,0,68.62094,1850,692,79,72.2,0,1.5684518,700,606,71.6,64.9,0,45.44338,600,203,73.4,65.3,0,36.83563,200,127,72.4,65.3,0,54.092525,125,334,71.2,65.6,0,28.77759,330,223,72.3,66.2,0,100,650,568,70.3,66.5,0,100,950,510,0,65.2,0,33.02337,500,510,72,65.1,0,35.56016,500,179,73.4,65.2,0,47.971977,175,250,70.4,65.5,0,42.725826,245,224,71.3,65.3,0,41.476856,220,357,72.9,65.2,0,32.490223,350,168,73.4,65.3,0,33.313004,160,342,71.7,65.4,0,31.254595,335,342,73.3,65.3,0,28.131517,335,198,71.2,65.8,0,35.9421,195,395,74,65.5,0,27.25139,380,250,70.1,65.2,0,43.053513,245,177,73.6,65.2,0,43.987732,175,249,72.3,65.2,0,46.251995,245,429,71.5,65,0,40.214577,420,164,72.4,65.5,0,26.032602,160,341,72.2,65.4,0,37.924274,335,308,72.6,65.6,0,32.00783,300,407,72.2,65,0,28.042328,400,199,71,65.5,0,37.349693,195,414,71.1,65,0,32.954967,380,357,70.3,65.4,0,29.864866,335,179,73.5,64.8,0,60.305435,175,250,72.1,65.2,0,44.68085,245,354,72,64.8,0,37.272503,350,162,72.9,65.2,0,33.55753,160,342,73.4,65.1,0,40.34188,335,233,72.7,65.9,0,40.287327,230,291,73.6,65.1,0,36.408184,285,202,70.3,65.6,0,43.215286,195,407,73.2,65.2,0,41.405178,380,349,71.8,64.8,0,40.14406,335,179,73.1,64.9,0,55.957787,175,251,73.2,65,0,45.130787,245,427,72.2,65,0,46.483032,420,164,73.6,65,0,30.713675,160,345,72.3,64.9,0,33.786766,335,107,72,65.6,0,32.945354,100,343,72.5,65.4,0,39.223183,335,198,71.4,285.1,0,33.251686,195,391,72.8,65.1,0,37.118225,380,340,71.5,65.1,0,42.005886,335,259,74,64.9,0,40.89042,259.9999,278,73.8,65,0,49.40527,277.28934,354,72.4,64.9,0,39.564583,350,163,72.2,65.3,0,42.85417,160,366,70.1,64.9,0,50.930088,335,233,73.6,65.5,0,43.587852,230,164,71.9,65.2,0,34.128147,150,200,70.9,65.9,0,43.519897,195,388,72.9,65.1,0,41.110138,380,586,70,64.7,0,67.31999,575,337,73.4,65.6,0,45.45638,335,255,73.1,65.7,0,42.69244,250,178,72.9,65.6,0,59.319466,175,197,73.5,65.5,0,31.051434,190,189,70.8,65.3,0,44.705765,185,309,70,65,0,40.639366,300,305,72.3,64.8,0,35.366714,300,212,69.1,64.8,0,55.126213,210,890,68.8,64.6,0,90.93117,880,88.4,88.5,90.3,144.2,104.8,117.3,1.7,-1.1,29.76
20170729,1130,73.8,70.2,31.48379007,36.33060833,250,46.9,43.7,5.6,73.4,70.4,-0.1,0.55,0,0,0,5,100,100,1,1,1,0,0,200,72,7.5,5.6,7.5,200,71.5,74.1,63.1,100,100,40.5,62.4,100,0,74.2,1.15,63.4,1.8125,63.7,0,0,50.5,12.5,0,0,0,72.8,72.6,64.5,68.8,15,37.6,62.199997,58.4,0,72.5,0.99,63.4,1.8125,63.9,0,0,88.5,73.8,16.1,4.5,1.4,15,15,83.7,65.1,82.8,100,31.1,0,70.5,1.3,66.034485,65.534485,0,13,0,0,0,20,0,72,2028,64.9,0,92.24589,2000,72,68,2123.706,69.5,64.4,40.6,2200,265,72.4,64.3,0,51.271057,260,128,70.8,64.9,0,53.01925,125,1879,72,64.6,0,68.62094,1850,691,79,72.2,0,1.7028904,700,607,71.6,64.9,0,45.44338,600,203,73.4,65.2,0,36.83563,200,127,72.4,65.2,0,54.092525,125,334,71.2,65.5,0,28.77759,330,223,72.3,66.1,0,100,650,569,70.3,66.3,0,100,950,511,0,65.1,0,33.02337,500,511,71.9,65,0,35.56016,500,178,73.3,65.2,0,47.971977,175,250,70.4,65.5,0,42.725826,245,222,71.3,65.2,0,41.476856,220,355,72.8,65.2,0,32.490223,350,168,73.4,65.3,0,33.313004,160,341,71.7,65.3,0,31.254595,335,339,73.3,65.2,0,28.131517,335,197,71.2,65.8,0,35.9421,195,389,74,65.5,0,27.25139,380,248,70,65.1,0,43.053513,245,177,73.6,65.2,0,43.987732,175,248,72.4,65.2,0,46.251995,245,425,71.5,65,0,40.214577,420,163,72.4,65.5,0,26.032602,160,341,72.2,65.3,0,37.924274,335,307,72.6,65.5,0,32.00783,300,406,72.2,65,0,28.042328,400,198,71,65.5,0,37.349693,195,410,71.1,64.9,0,32.954967,380,350,70.3,65.4,0,29.864866,335,178,73.5,64.8,0,60.305435,175,249,72.1,65.2,0,44.68085,245,353,72,64.8,0,37.272503,350,162,72.9,65.2,0,33.55753,160,343,73.4,65.1,0,40.34188,335,232,72.7,65.8,0,40.287327,230,293,73.5,65,0,36.408184,285,200,70.3,65.5,0,43.215286,195,409,73.2,65.2,0,41.405178,380,347,71.8,64.8,0,40.14406,335,177,73.1,64.9,0,55.957787,175,251,73.2,65,0,45.130787,245,425,72.2,65,0,46.483032,420,163,73.6,65,0,30.713675,160,345,72.3,64.9,0,33.786766,335,108,72,65.5,0,32.945354,100,341,72.5,65.4,0,39.223183,335,198,71.4,284.8,0,33.251686,195,384,72.8,65,0,37.118225,380,340,71.5,65,0,42.005886,335,262,74,64.9,0,40.89042,259.9999,277,73.8,65,0,49.40527,277.28934,353,72.4,64.9,0,39.564583,350,163,72.2,65.2,0,42.85417,160,361,70.1,64.8,0,50.930088,335,232,73.6,65.5,0,43.587852,230,165,71.9,65.2,0,34.128147,150,200,70.9,65.8,0,43.519897,195,389,72.9,65.1,0,41.110138,380,587,70,64.7,0,67.31999,575,337,73.4,65.6,0,45.45638,335,254,73.1,65.6,0,42.69244,250,177,72.9,65.6,0,59.319466,175,196,73.5,65.5,0,31.051434,190,188,70.7,65.3,0,44.705765,185,306,70,65,0,40.639366,300,305,72.1,64.8,0,35.366714,300,212,69.1,64.9,0,55.126213,210,884,68.8,64.7,0,91.49798,880,88.4,88.4,90.2,144.2,104.8,117.5,1.2,1.4,29.76
20170729,1135,73.8,70.9,31.62392387,36.33060833,249,46.8,44,5.6,76,72.7,-0.1,0.55,0,0,0,5,100,100,1,1,1,0,0,200,72,7.5,5.6,7.5,200,71.4,73.9,63.1,100,100,40,62.4,100,0,74.1,1.15,63.4,1.8125,63.9,0,0,50.3,12.8,0,0,0,72.8,72.4,64.3,68.8,15,37.7,62.199997,56.7,0,72.4,0.99,63.4,1.8125,64,0,0,88.4,73.6,16.7,4.9,0.9,15,15,81,65.1,82.8,100,29.7,0,70.5,1.3,66.034485,65.534485,0,13,0,0,1,21.1,0,72,2021,65,0,92.50152,2000,72,68,2123.706,69.5,64.6,40.7,2200,264,72.4,64.3,0,51.271057,260,128,70.8,65,0,53.01925,125,1878,72,64.6,0,68.60865,1850,692,79,72.2,0,1.6020615,700,606,71.5,64.9,0,45.44338,600,202,73.3,65.2,0,36.83563,200,127,72.4,65.2,0,54.092525,125,334,71.2,65.5,0,28.77759,330,224,72.3,66,0,100,650,567,70.3,66.3,0,100,950,510,0,65.1,0,33.02337,500,511,71.9,65.1,0,35.56016,500,178,73.4,65.2,0,47.971977,175,250,70.4,65.5,0,42.725826,245,222,71.3,65.2,0,41.476856,220,357,72.9,65.2,0,32.490223,350,168,73.4,65.3,0,33.313004,160,340,71.7,65.3,0,31.254595,335,340,73.3,65.2,0,28.131517,335,197,71.2,65.7,0,35.9421,195,380,74,65.4,0,27.720816,380,248,70,65.1,0,43.053513,245,177,73.6,65.2,0,43.987732,175,250,72.4,65.2,0,46.251995,245,426,71.5,65,0,40.214577,420,164,72.3,65.5,0,26.032602,160,340,72.2,65.3,0,37.924274,335,308,72.6,65.5,0,32.00783,300,409,72.1,65,0,28.042328,400,197,71,65.5,0,37.349693,195,414,71.1,64.9,0,32.954967,380,352,70.3,65.3,0,29.864866,335,181,73.5,64.8,0,60.305435,175,252,72.1,65.1,0,44.68085,245,356,72,64.8,0,37.272503,350,163,72.9,65.2,0,33.55753,160,344,73.4,65.1,0,40.34188,335,234,72.7,65.8,0,40.287327,230,294,73.5,65,0,36.408184,285,203,70.4,65.5,0,43.215286,195,396,73.2,65.2,0,41.405178,380,338,71.7,64.8,0,40.14406,335,178,73.1,64.9,0,55.957787,175,250,73.2,65,0,45.130787,245,426,72.2,65,0,46.483032,420,163,73.6,64.9,0,30.713675,160,345,72.3,64.9,0,33.786766,335,108,72,65.5,0,32.945354,100,342,72.5,65.4,0,39.223183,335,198,71.4,284.9,0,33.251686,195,392,72.8,65,0,37.118225,380,339,71.5,65,0,42.005886,335,260,74,64.9,0,40.89042,259.9999,278,73.9,65,0,49.40527,277.28934,355,72.4,64.8,0,39.564583,350,163,72.2,65.2,0,42.85417,160,364,70.1,64.9,0,50.930088,335,232,73.6,65.5,0,43.587852,230,162,71.9,65.2,0,34.128147,150,200,70.8,65.8,0,43.519897,195,386,72.9,65.1,0,41.110138,380,582,69.9,64.7,0,67.31999,575,337,73.4,65.5,0,45.45638,335,255,73.1,65.6,0,42.69244,250,177,72.9,65.6,0,59.319466,175,195,73.5,65.4,0,31.051434,190,188,70.7,65.2,0,44.705765,185,309,70,65,0,40.639366,300,304,72.3,64.7,0,35.366714,300,212,69.1,64.8,0,55.126213,210,888,68.8,64.6,0,91.46327,880,88.3,88.4,90.2,144.2,104.8,117.3,0.3,0,29.76
20170729,1140,73.5,71.7,31.56645626,36.33060833,249,46.7,43.8,5.6,75,72.5,-0.1,0.55,0,0,0,5,100,100,1,1,1,0,0,200,72,7.5,5.6,7.5,200,71.4,73.8,63.1,100,100,39.6,62.4,100,0,73.8,1.15,63.4,1.8125,64.2,0,0,50.5,12.7,0,0,0,72.8,72.4,64.3,68.6,15,37.8,62.199997,54.1,0,72.4,1,63.4,1.8125,64,0,0,88.7,73.3,14.2,4.7,1,15,15,79.7,65.1,82.8,100,31.3,0,70.5,1.3,66.034485,65.534485,0,13.1,0,0,0,20,1,72,2017,64.9,0,92.69629,2000,72,68,2123.706,69.4,64.5,40.9,2200,264,72.3,64.3,0,51.271057,260,128,70.8,65,0,53.01925,125,1879,71.9,64.6,0,68.584076,1850,693,79,72.1,0,1.4004033,700,608,71.5,64.9,0,45.44338,600,203,73.3,65.2,0,36.83563,200,127,72.4,65.2,0,54.092525,125,334,71.1,65.5,0,28.77759,330,223,72.3,66,0,100,650,566,70.2,66.3,0,100,950,510,0,65.1,0,33.02337,500,510,71.9,65,0,35.56016,500,178,73.4,65.1,0,47.971977,175,248,70.4,65.4,0,42.725826,245,223,71.3,65.2,0,41.476856,220,355,72.9,65.1,0,32.490223,350,168,73.4,65.2,0,33.313004,160,341,71.7,65.3,0,31.254595,335,339,73.3,65.2,0,28.131517,335,196,71.2,65.7,0,35.9421,195,388,74,65.4,0,27.720816,380,250,70,65.1,0,43.053513,245,176,73.6,65.1,0,43.987732,175,247,72.4,65.2,0,46.251995,245,426,71.5,64.9,0,40.214577,420,163,72.3,65.4,0,26.032602,160,339,72.2,65.3,0,37.924274,335,308,72.6,65.5,0,32.00783,300,407,72.1,64.9,0,28.042328,400,198,70.9,65.5,0,37.349693,195,395,71,64.9,0,32.954967,380,345,70.3,65.3,0,29.864866,335,180,73.5,64.7,0,60.305435,175,250,72.1,65.1,0,44.68085,245,357,72,64.8,0,37.272503,350,163,72.9,65.2,0,33.55753,160,345,73.4,65.1,0,40.34188,335,233,72.7,65.8,0,40.287327,230,292,73.5,65,0,36.408184,285,203,70.3,65.5,0,43.215286,195,399,73.2,65.1,0,41.405178,380,336,71.7,64.8,0,40.228092,335,177,73.2,64.9,0,55.957787,175,250,73.3,64.9,0,45.130787,245,430,72.2,65,0,46.483032,420,162,73.5,65,0,30.713675,160,342,72.3,64.8,0,33.786766,335,108,72,65.5,0,32.945354,100,343,72.5,65.4,0,39.223183,335,197,71.4,285.1,0,33.251686,195,388,72.8,65,0,37.118225,380,338,71.5,65,0,42.005886,335,261,74,64.9,0,40.89042,259.9999,278,73.9,65,0,49.40527,277.28934,356,72.4,64.8,0,39.564583,350,162,72.2,65.2,0,42.85417,160,357,70.1,64.8,0,50.930088,335,232,73.6,65.5,0,43.587852,230,159,71.9,65.1,0,34.128147,150,199,70.8,65.8,0,43.519897,195,392,72.9,65,0,41.110138,380,581,69.9,64.7,0,67.31999,575,337,73.4,65.5,0,45.45638,335,253,73.1,65.6,0,42.69244,250,177,72.9,65.5,0,59.319466,175,195,73.5,65.4,0,31.051434,190,188,70.7,65.2,0,44.705765,185,306,70,64.9,0,40.639366,300,305,72.3,64.7,0,35.366714,300,212,69.1,64.8,0,55.126213,210,890,68.7,64.6,0,91.035286,880,88.3,88.4,90.2,145.2,104.8,117.1,1.2,0,29.76
20170729,1145,73.1,72.6,31.4542345,36.33060833,248,47.1,44.1,5.6,74.2,70.7,-0.1,0.55,0,0,0,5,100,100,1,1,1,0,0,200,72,7.5,5.6,7.5,200,71.4,73.8,63.3,100,100,39.5,62.4,100,0,73.8,1.15,63.4,1.8125,64.4,0,0,50.4,12.8,0,0,0,72.8,72.5,64.4,68.8,15,37.9,62.199997,52.1,0,72.4,1.01,63.4,1.8125,64,0,0,88.7,73.6,13.8,4.5,1.4,15,15,84.2,65.1,82.8,100,30.9,0,70.5,1.3,66.034485,65.534485,0,13.1,0,0,1,20.3,0,72,2025,65,0,92.37979,2000,72,68,2123.706,69.5,64.6,41,2200,264,72.3,64.4,0,51.271057,260,128,70.8,65,0,53.01925,125,1877,71.9,64.7,0,68.74386,1850,691,79,72.1,0,1.6132646,700,606,71.5,64.9,0,45.44338,600,203,73.3,65.3,0,36.83563,200,126,72.4,65.3,0,54.092525,125,334,71.2,65.6,0,28.77759,330,223,72.3,66,0,100,650,568,70.2,66.4,0,100,950,510,0,65.1,0,33.02337,500,511,71.9,65.1,0,35.56016,500,178,73.4,65.1,0,47.971977,175,249,70.4,65.4,0,42.725826,245,223,71.2,65.2,0,41.476856,220,355,72.9,65.1,0,32.490223,350,168,73.4,65.3,0,33.313004,160,341,71.7,65.3,0,31.254595,335,340,73.3,65.2,0,28.131517,335,197,71.1,65.7,0,35.9421,195,393,74.1,65.4,0,27.720816,380,249,70,65.1,0,43.053513,245,177,73.5,65.1,0,43.987732,175,248,72.4,65.2,0,46.251995,245,425,71.5,64.9,0,40.214577,420,164,72.3,65.4,0,26.032602,160,341,72.2,65.3,0,37.924274,335,308,72.6,65.5,0,32.00783,300,407,72.1,64.9,0,28.042328,400,197,70.9,65.5,0,37.349693,195,388,71.1,64.9,0,32.954967,380,340,70.3,65.3,0,29.864866,335,179,73.5,64.7,0,60.305435,175,248,72.1,65.1,0,44.68085,245,356,72,64.8,0,37.272503,350,163,72.9,65.1,0,33.55753,160,343,73.4,65.1,0,39.89011,335,233,72.7,65.7,0,40.287327,230,292,73.5,65,0,36.408184,285,202,70.3,65.4,0,43.215286,195,398,73.2,65.1,0,41.405178,380,349,71.7,64.8,0,40.660267,335,178,73.1,64.9,0,55.957787,175,250,73.3,64.9,0,45.130787,245,428,72.2,65,0,46.483032,420,163,73.5,64.9,0,30.713675,160,344,72.3,64.8,0,33.786766,335,110,72,65.4,0,32.945354,100,342,72.5,65.3,0,39.223183,335,198,71.4,284.9,0,33.251686,195,387,72.8,64.9,0,37.118225,380,341,71.5,65,0,42.005886,335,261,74,64.9,0,40.89042,259.9999,277,73.9,65,0,49.40527,277.28934,355,72.4,64.8,0,39.564583,350,163,72.2,65.2,0,42.85417,160,362,70.1,64.8,0,50.930088,335,232,73.6,65.4,0,43.587852,230,158,71.9,65.1,0,34.128147,150,200,70.8,65.8,0,43.519897,195,390,72.9,65,0,41.110138,380,588,69.9,64.6,0,67.31999,575,337,73.4,65.5,0,45.45638,335,254,73.1,65.5,0,42.69244,250,178,72.9,65.5,0,59.319466,175,196,73.5,65.4,0,31.051434,190,189,70.7,65.2,0,44.705765,185,306,70,64.9,0,40.639366,300,304,72.3,64.6,0,35.366714,300,212,69.1,64.8,0,55.126213,210,889,68.7,64.6,0,91.08155,880,88.3,88.4,90.3,145.2,104.8,117.3,1.2,-0.1,29.76
20170729,1150,73,73.3,31.51835554,36.33060833,249,46.8,44,5.6,75.2,72.7,-0.2,0.55,0,0,0,5,100,100,1,1,1,0,0,200,72,7.5,5.6,7.5,200,71.4,73.3,63.1,100,100,40.4,61.6,100,0,73.5,1.15,62.6,1.8125,64.5,0,0,50.3,12.6,0,0,0,72.8,72.4,64.3,69,15,38.2,61.8,55.5,0,72.3,1,62.6,1.8125,64,0,0,89,74.1,16.3,4.7,0.9,15,15,83.1,65.1,82.8,100,30,0,70.5,1.3,65.793106,65.293106,0,13.1,0,0,1,20.4,0,72,2022,64.8,0,92.47718,2000,72,68,2123.706,69.4,64.4,40.1,2200,263,72.3,64.2,0,51.271057,260,128,70.8,64.9,0,53.01925,125,1880,71.9,64.4,0,68.559494,1850,692,79,72.1,0,1.635671,700,605,71.4,64.9,0,45.44338,600,201,73.3,65.1,0,36.83563,200,127,72.4,65.1,0,54.092525,125,334,71.2,65.5,0,28.77759,330,223,72.3,66,0,100,650,565,70.2,66.3,0,100,950,510,0,65,0,33.02337,500,510,71.9,65,0,35.56016,500,178,73.4,65.1,0,47.971977,175,249,70.4,65.4,0,42.725826,245,222,71.3,65.2,0,41.476856,220,354,72.9,65.1,0,32.490223,350,168,73.4,65.2,0,33.313004,160,338,71.7,65.2,0,31.254595,335,338,73.3,65.1,0,28.131517,335,197,71.2,65.7,0,35.9421,195,428,74,65.3,0,28.807905,424.7998,248,70,65.1,0,43.053513,245,176,73.5,65.1,0,43.987732,175,247,72.3,65.1,0,46.251995,245,425,71.5,64.9,0,40.214577,420,163,72.3,65.4,0,26.032602,160,338,72.2,65.2,0,37.924274,335,308,72.6,65.4,0,32.00783,300,406,72.1,64.9,0,28.042328,400,197,70.9,65.4,0,37.349693,195,413,71.1,64.9,0,32.954967,380,349,70.3,65.3,0,29.864866,335,177,73.5,64.7,0,60.305435,175,248,72.1,65.1,0,44.68085,245,353,72,64.7,0,37.272503,350,162,72.9,65.1,0,33.55753,160,342,73.4,65,0,39.89011,335,232,72.7,65.7,0,40.287327,230,291,73.5,64.9,0,36.408184,285,200,70.3,65.4,0,43.215286,195,410,73.2,65.1,0,41.405178,380,349,71.8,64.7,0,40.38415,335,177,73.1,64.8,0,55.957787,175,250,73.3,64.9,0,45.130787,245,427,72.2,64.9,0,46.483032,420,162,73.5,64.9,0,30.713675,160,344,72.3,64.8,0,33.786766,335,106,72,65.4,0,32.945354,100,340,72.5,65.3,0,39.223183,335,197,71.4,285,0,33.251686,195,387,72.8,64.9,0,37.118225,380,340,71.5,64.9,0,42.005886,335,262,74,64.8,0,40.89042,259.9999,277,73.9,64.9,0,49.40527,277.28934,354,72.4,64.8,0,39.564583,350,162,72.2,65.1,0,42.85417,160,361,70.1,64.7,0,50.930088,335,233,73.7,65.4,0,43.587852,230,159,71.9,65.1,0,34.128147,150,199,70.8,65.7,0,43.519897,195,391,72.9,65,0,41.110138,380,584,69.9,64.6,0,67.31999,575,337,73.4,65.4,0,45.45638,335,253,73,65.5,0,42.69244,250,178,72.9,65.5,0,59.319466,175,194,73.5,65.4,0,31.051434,190,188,70.6,65.2,0,44.705765,185,305,69.9,64.9,0,40.639366,300,304,72.4,64.7,0,35.366714,300,212,69.1,64.8,0,55.126213,210,886,68.7,64.5,0,91.474846,880,88.2,88.3,90.3,144.2,104.8,117.1,3,-0.2,29.76
20170729,1155,72.8,73.4,31.38785346,36.33060833,250,46.7,44,5.6,74.3,72.2,-0.1,0.55,0,0,0,5,100,100,1,1,1,0,0,200,72,7.5,5.6,7.5,200,71.3,73.6,63.2,100,100,41.2,61.6,100,0,73.7,1.15,62.6,1.8125,64.9,0,0,50.4,12.6,0,0,0,72.8,72.4,64.2,68.9,15,38.5,61.8,55.1,0,72.3,1,62.6,1.8125,64.1,0,0,89.1,74,14.4,4.4,1.3,15,15,83.3,65.1,82.8,100,29.1,0,70.5,1.3,65.793106,65.293106,0,13,0,0,0,20,0,72,2026,64.9,0,92.306755,2000,72,68,2123.706,69.4,64.5,36.4,2200,264,72.3,64.2,0,51.271057,260,128,70.7,64.9,0,53.01925,125,1881,71.9,64.6,0,68.559494,1850,690,79.1,72,0,1.926955,700,607,71.4,64.8,0,45.44338,600,202,73.3,65.2,0,36.83563,200,127,72.4,65.1,0,54.092525,125,333,71.2,65.5,0,28.77759,330,223,72.3,66,0,100,650,569,70.2,66.2,0,100,950,510,0,65,0,33.02337,500,510,71.9,65,0,35.56016,500,178,73.4,65,0,47.971977,175,250,70.4,65.3,0,42.725826,245,223,71.3,65.1,0,41.476856,220,356,72.9,65,0,32.490223,350,168,73.4,65.2,0,33.313004,160,341,71.7,65.2,0,31.254595,335,341,73.3,65.1,0,28.131517,335,199,71.1,65.6,0,36.395977,195,426,74,65.3,0,28.807905,424.7998,248,70,65,0,43.053513,245,177,73.5,65,0,44.44172,175,249,72.4,65.1,0,46.251995,245,427,71.5,64.8,0,40.214577,420,164,72.3,65.4,0,26.032602,160,339,72.2,65.2,0,37.924274,335,308,72.6,65.4,0,32.00783,300,407,72.1,64.8,0,28.042328,400,199,70.9,65.4,0,37.349693,195,415,71.1,64.8,0,32.954967,380,358,70.2,65.2,0,29.864866,335,179,73.5,64.6,0,60.305435,175,250,72.1,65,0,44.68085,245,353,72,64.7,0,37.272503,350,162,72.9,65,0,33.55753,160,343,73.4,64.9,0,39.89011,335,233,72.7,65.7,0,40.287327,230,291,73.5,64.9,0,36.408184,285,202,70.3,65.4,0,43.215286,195,406,73.2,65,0,41.405178,380,350,71.7,64.7,0,40.38415,335,177,73.1,64.8,0,55.957787,175,250,73.3,64.8,0,45.130787,245,427,72.2,64.8,0,46.483032,420,163,73.5,64.8,0,30.713675,160,345,72.3,64.8,0,33.786766,335,109,72,65.4,0,32.945354,100,342,72.5,65.3,0,39.223183,335,198,71.4,285.1,0,33.251686,195,390,72.8,64.9,0,37.118225,380,340,71.5,64.9,0,42.005886,335,262,74,64.8,0,40.89042,259.9999,278,73.9,64.9,0,49.40527,277.28934,355,72.4,64.7,0,39.564583,350,163,72.2,65.1,0,42.85417,160,363,70.1,64.7,0,50.930088,335,233,73.7,65.4,0,43.587852,230,164,71.9,65,0,34.128147,150,200,70.8,65.7,0,43.519897,195,391,72.9,65,0,41.110138,380,586,69.8,64.5,0,67.31999,575,337,73.4,65.4,0,45.45638,335,255,73.1,65.5,0,42.69244,250,178,72.9,65.4,0,59.319466,175,196,73.5,65.3,0,31.051434,190,189,70.6,65.1,0,44.705765,185,310,69.9,64.8,0,40.639366,300,305,72.4,64.6,0,35.366714,300,212,69,64.7,0,55.126213,210,891,68.6,64.4,0,91.035286,880,88.2,88.3,90.1,143.2,104.8,117,-0.3,0.4,29.77
20170729,1200,72.8,73.7,31.44589901,36.33060833,249,47.3,44.6,5.6,76.5,74.2,-0.1,0.55,0,0,0,5,100,100,1,1,1,0,0,200,72,7.5,5.6,7.5,200,71.4,73.6,63.4,100,100,42.4,61.6,100,0,73.7,1.15,62.6,1.8125,65.1,0,0,50.4,12.8,0,0,0,72.8,72.4,64.1,68.5,15,38.6,61.8,56,0,72.3,1.01,62.6,1.8125,64.2,0,0,89.9,73.1,16.2,4.4,1,15,15,84.2,65.1,82.8,100,30,0,70.5,1.3,65.793106,65.293106,0,13,0,0,1,21.2,0,72,2023,65.2,0,92.50152,2000,72,68,2123.706,69.4,64.8,41.4,2200,265,72.3,64.5,0,51.271057,260,128,70.7,65.1,0,53.01925,125,1879,71.8,64.8,0,68.547195,1850,691,79,72,0,1.5572485,700,607,71.4,65,0,45.44338,600,203,73.3,65.4,0,36.83563,200,126,72.4,65.4,0,54.092525,125,335,71.2,65.7,0,28.77759,330,223,72.2,66.1,0,100,650,566,70.2,66.5,0,100,950,510,0,65.2,0,33.02337,500,511,71.9,65.2,0,35.56016,500,178,73.4,64.9,0,47.971977,175,249,70.4,65.2,0,42.725826,245,223,71.3,65,0,41.476856,220,356,72.9,64.9,0,32.490223,350,168,73.4,65.1,0,33.313004,160,339,71.7,65,0,31.254595,335,340,73.3,65,0,28.131517,335,198,71.1,65.5,0,36.395977,195,429,74,65.2,0,27.621988,424.7998,251,70,64.8,0,43.654884,245,177,73.5,64.9,0,44.44172,175,247,72.4,64.9,0,46.251995,245,425,71.5,64.7,0,40.214577,420,163,72.3,65.2,0,26.032602,160,338,72.2,65,0,37.924274,335,308,72.6,65.3,0,32.00783,300,406,72.1,64.7,0,28.042328,400,198,70.9,65.3,0,37.349693,195,414,71.1,64.6,0,32.954967,380,352,70.2,65.1,0,29.864866,335,178,73.5,64.5,0,60.305435,175,248,72.1,64.9,0,45.10876,245,354,72,64.6,0,37.272503,350,162,72.9,64.9,0,33.55753,160,341,73.4,64.8,0,39.89011,335,233,72.7,65.6,0,40.287327,230,291,73.5,64.8,0,36.408184,285,200,70.3,65.3,0,43.215286,195,410,73.2,64.9,0,41.405178,380,350,71.7,64.5,0,40.38415,335,178,73.1,64.6,0,55.957787,175,250,73.3,64.7,0,45.130787,245,426,72.2,64.7,0,46.483032,420,163,73.5,64.7,0,30.713675,160,344,72.4,64.7,0,33.786766,335,111,72,65.3,0,32.945354,100,342,72.5,65.1,0,39.223183,335,197,71.4,285.2,0,33.251686,195,387,72.8,64.8,0,37.118225,380,341,71.4,64.7,0,42.005886,335,260,74,64.6,0,40.89042,259.9999,278,73.9,64.7,0,49.40527,277.28934,356,72.4,64.6,0,39.564583,350,162,72.2,65,0,42.85417,160,358,70.1,64.5,0,50.930088,335,232,73.7,65.3,0,43.587852,230,164,71.9,64.9,0,34.128147,150,200,70.8,65.6,0,43.519897,195,389,72.9,64.8,0,41.110138,380,583,69.8,64.4,0,67.31999,575,337,73.5,65.3,0,45.45638,335,254,73,65.4,0,42.69244,250,177,72.9,65.3,0,59.319466,175,195,73.5,65.2,0,31.051434,190,189,70.6,65,0,44.705765,185,305,69.9,64.7,0,40.639366,300,303,72.4,64.5,0,35.366714,300,212,69,64.5,0,55.126213,210,887,68.6,64.3,0,91.474846,880,88.2,88.3,90.1,145.2,104.8,117.1,1.2,0,29.77
20170729,1205,73,73.1,31.47459157,38.2244775,248,46.7,43.8,5.6,74.8,72.7,-0.1,0.55,0,0,0,5,100,100,1,1,1,0,0,200,72,7.5,5.6,7.5,200,71.4,73.8,63,100,100,43,61.6,100,0,73.8,1.15,62.6,1.8125,65.4,0,0,50.5,12.7,0,0,0,72.8,72.5,64,68.7,15,38.8,61.8,54.7,0,72.4,0.98,62.6,1.8125,64.2,0,0,89.8,73.8,14.8,4.4,1.2,15,15,83.1,65.1,82.8,100,29.5,0,70.5,1.3,65.793106,65.293106,0,13,0,0,1,20.2,1,72,2019,64.9,0,92.55021,2000,72,68,2123.706,69.4,64.4,40.5,2200,264,72.3,64.2,0,51.271057,260,127,70.7,65,0,53.01925,125,1875,71.8,64.5,0,68.706985,1850,694,79,72,0,1.1203227,700,606,71.4,64.9,0,45.44338,600,202,73.2,65.2,0,36.83563,200,126,72.4,65.2,0,54.092525,125,333,71.2,65.6,0,28.77759,330,222,72.2,66.1,0,100,650,566,70.2,66.3,0,100,950,510,0,65.1,0,33.02337,500,510,71.9,65.1,0,35.56016,500,178,73.4,64.9,0,47.971977,175,248,70.4,65.2,0,42.725826,245,223,71.3,64.9,0,41.476856,220,355,72.9,64.9,0,32.490223,350,168,73.4,65,0,33.313004,160,339,71.7,65,0,31.254595,335,339,73.2,64.9,0,28.131517,335,197,71.1,65.5,0,36.395977,195,425,74,65.1,0,27.621988,424.7998,250,69.9,64.8,0,43.654884,245,176,73.5,64.8,0,44.44172,175,246,72.4,64.9,0,46.251995,245,424,71.5,64.7,0,40.214577,420,163,72.3,65.2,0,26.032602,160,338,72.2,65,0,37.924274,335,308,72.6,65.2,0,32.00783,300,405,72.1,64.7,0,28.042328,400,197,70.9,65.2,0,37.349693,195,413,71.1,64.6,0,32.954967,380,349,70.2,65,0,29.864866,335,176,73.5,64.5,0,60.305435,175,246,72.1,64.9,0,45.10876,245,355,72,64.5,0,37.7152,350,162,72.9,64.9,0,33.55753,160,339,73.4,64.8,0,39.89011,335,231,72.7,65.5,0,40.287327,230,289,73.5,64.7,0,36.408184,285,199,70.2,65.2,0,43.215286,195,408,73.2,64.9,0,41.405178,380,350,71.7,64.5,0,40.38415,335,179,73.1,64.6,0,55.957787,175,248,73.3,64.6,0,45.130787,245,427,72.2,64.7,0,46.483032,420,162,73.5,64.7,0,30.713675,160,342,72.3,64.6,0,33.786766,335,108,72,65.2,0,32.945354,100,341,72.5,65.1,0,39.223183,335,196,71.4,285.1,0,33.251686,195,390,72.8,64.7,0,37.118225,380,337,71.4,64.7,0,42.005886,335,262,74,64.6,0,40.89042,259.9999,278,73.9,64.7,0,49.40527,277.28934,354,72.4,64.5,0,39.564583,350,162,72.2,64.9,0,42.85417,160,352,70.1,64.5,0,50.930088,335,232,73.7,65.2,0,43.587852,230,158,71.8,64.9,0,34.128147,150,199,70.8,65.6,0,43.519897,195,388,72.9,64.8,0,41.110138,380,581,69.8,64.4,0,67.31999,575,337,73.5,65.3,0,45.45638,335,253,73,65.3,0,42.69244,250,177,72.9,65.3,0,59.319466,175,194,73.5,65.2,0,31.051434,190,188,70.6,64.9,0,44.705765,185,304,69.9,64.7,0,40.639366,300,303,72.4,64.4,0,35.366714,300,211,69,64.5,0,55.126213,210,887,68.6,64.3,0,91.61365,880,88.1,88.2,90.1,144.2,104.8,116.9,1.2,0.1,29.77
20170729,1210,73.2,73.1,31.61997236,38.2244775,251,47,44,5.6,72.9,70.8,-0.1,0.55,0,0,0,5,100,100,1,1,1,0,0,200,72,7.5,5.6,7.5,200,71.4,74.2,62.7,100,100,43.5,61.6,100,0,74.1,1.15,62.6,1.8125,65.6,0,0,50.9,12.6,0,0,0,72.8,72.5,64.1,68.8,15,39,61.8,55.9,0,72.4,0.99,62.6,1.8125,64.2,0,0,89.8,73.5,16.7,4.7,0.7,15,15,85.4,65.1,82.8,100,30.5,0,70.5,1.3,65.793106,65.293106,0,13,0,0,0,20,0,72,2029,64.8,0,92.13634,2000,72,68,2123.706,69.4,64.3,39.7,2200,265,72.3,64.2,0,51.271057,260,128,70.7,64.9,0,53.01925,125,1882,71.8,64.5,0,68.534904,1850,689,79.1,72,0,2.0501904,700,610,71.5,64.9,0,45.44338,600,203,73.3,65.2,0,36.83563,200,127,72.4,65.2,0,54.092525,125,335,71.2,65.5,0,28.77759,330,225,72.2,66,0,100,650,569,70.2,66.3,0,100,950,511,0,65,0,33.02337,500,511,71.9,65.1,0,35.56016,500,179,71.8,64.8,0,47.971977,175,251,70.4,65.2,0,42.725826,245,222,71.3,65,0,41.476856,220,355,72.9,64.9,0,32.490223,350,168,73.4,65,0,33.313004,160,342,71.7,65,0,31.254595,335,340,73.2,64.9,0,28.131517,335,199,71.1,65.5,0,36.395977,195,423,74,65.1,0,28.214947,424.7998,250,69.9,64.8,0,43.21306,245,178,73.5,64.8,0,44.44172,175,249,72.4,64.9,0,46.251995,245,428,71.6,64.7,0,40.214577,420,164,72.3,65.2,0,26.032602,160,341,72.2,65,0,37.924274,335,308,72.6,65.2,0,32.00783,300,409,72.1,64.7,0,28.042328,400,198,70.9,65.3,0,37.349693,195,394,71.1,64.6,0,32.954967,380,342,70.2,65,0,29.864866,335,179,73.5,64.5,0,60.305435,175,251,72.1,64.9,0,45.10876,245,358,72,64.5,0,37.7152,350,162,72.9,64.9,0,33.55753,160,344,73.5,64.8,0,39.89011,335,234,72.7,65.5,0,40.287327,230,293,73.5,64.7,0,36.408184,285,203,70.3,65.2,0,43.215286,195,393,73.2,64.9,0,41.405178,380,345,71.7,64.5,0,40.38415,335,178,73.1,64.6,0,55.957787,175,251,73.3,64.7,0,45.130787,245,429,72.2,64.7,0,46.483032,420,163,73.5,64.7,0,30.713675,160,344,72.3,64.6,0,33.786766,335,108,72,65.2,0,32.945354,100,341,72.5,65.1,0,39.223183,335,198,71.4,284.8,0,33.251686,195,390,72.8,64.7,0,37.118225,380,340,71.4,64.7,0,42.005886,335,260,74,64.6,0,40.89042,259.9999,279,73.9,64.7,0,49.40527,277.28934,354,72.4,64.5,0,39.564583,350,163,72.2,64.9,0,42.85417,160,365,70.1,64.5,0,50.930088,335,233,73.7,65.2,0,43.587852,230,160,71.8,64.9,0,34.128147,150,200,70.8,65.6,0,43.519897,195,390,72.9,64.8,0,41.110138,380,586,69.8,64.4,0,67.31999,575,337,73.5,65.3,0,45.45638,335,255,73,65.3,0,42.69244,250,178,72.9,65.3,0,59.319466,175,196,73.5,65.2,0,31.051434,190,189,70.6,64.9,0,44.705765,185,307,69.9,64.7,0,40.639366,300,305,72.3,64.4,0,35.366714,300,212,69,64.5,0,55.126213,210,889,68.6,64.3,0,91.08155,880,88.1,88.2,90.2,145.2,104.8,117,3,-1.1,29.77
20170729,1215,73.8,72.8,31.99967062,38.2244775,251,47.5,44.7,5.6,76.7,74.3,-0.2,0.55,0,0,0,5,100,100,1,1,1,0,0,200,72,7.5,5.6,7.5,200,71.3,73.7,62.4,100,100,43.1,61.6,100,0,73.8,1.15,62.6,1.8125,65.7,0,0,51,12.8,0,0,0,72.8,72.4,64.2,68.8,15,39.2,61.8,54.1,0,72.3,1.02,62.6,1.8125,64.2,0,0,89.7,73.8,13.8,4.9,1,15,15,85.2,65.1,82.8,100,30.4,0,70.5,1.3,65.793106,65.293106,0,13,0,0,1,20.7,0,72,2030,64.2,0,92.1972,2000,72,68,2123.706,69.4,63.7,40.8,2200,265,72.3,63.6,0,51.271057,260,128,70.7,64.4,0,53.01925,125,1879,71.8,63.9,0,68.694695,1850,689,79.1,71.9,0,2.0838,700,608,71.4,64.5,0,45.44338,600,204,73.2,64.7,0,36.83563,200,127,72.4,64.7,0,54.092525,125,335,71.2,65.1,0,28.77759,330,224,72.2,65.7,0,100,650,568,70.2,65.9,0,100,950,510,0,64.6,0,33.02337,500,510,71.9,64.5,0,35.56016,500,178,73.3,64.9,0,47.971977,175,249,70.4,65.2,0,42.725826,245,222,71.4,65,0,41.476856,220,356,73,64.9,0,32.490223,350,168,73.4,65,0,33.313004,160,341,71.7,65,0,31.254595,335,340,73.2,64.9,0,28.131517,335,199,71.1,65.5,0,36.395977,195,421,74,65.1,0,28.214947,424.7998,249,69.9,64.8,0,43.21306,245,177,73.5,64.9,0,44.44172,175,249,72.4,65,0,46.251995,245,427,71.6,64.7,0,40.214577,420,164,72.3,65.2,0,26.032602,160,342,72.2,65.1,0,37.924274,335,308,72.6,65.3,0,32.00783,300,408,72.1,64.7,0,28.042328,400,199,70.9,65.3,0,37.349693,195,401,71.1,64.7,0,32.954967,380,346,70.2,65.1,0,29.864866,335,179,73.5,64.6,0,60.305435,175,249,72.1,64.9,0,45.10876,245,354,72,64.6,0,37.7152,350,162,72.9,64.9,0,33.55753,160,343,73.5,64.8,0,39.89011,335,233,72.7,65.5,0,40.287327,230,291,73.5,64.7,0,36.408184,285,201,70.2,65.3,0,43.215286,195,410,73.3,64.9,0,41.405178,380,348,71.7,64.6,0,39.867947,335,178,73.1,64.7,0,55.957787,175,250,73.3,64.7,0,45.130787,245,429,72.2,64.8,0,46.483032,420,163,73.5,64.7,0,30.713675,160,345,72.3,64.6,0,33.786766,335,108,72,65.2,0,32.945354,100,343,72.4,65.1,0,39.223183,335,198,71.3,285.3,0,33.251686,195,383,72.8,64.8,0,37.118225,380,341,71.4,64.8,0,42.005886,335,261,74,64.7,0,40.89042,259.9999,301,73.9,64.8,0,51.688618,304.58932,355,72.4,64.6,0,39.564583,350,163,72.2,65,0,42.85417,160,363,70.1,64.6,0,50.930088,335,233,73.7,65.2,0,43.587852,230,162,71.8,64.9,0,34.128147,150,199,70.8,65.6,0,43.519897,195,395,72.9,64.8,0,41.110138,380,584,69.8,64.5,0,67.31999,575,337,73.5,65.3,0,45.45638,335,255,73,65.3,0,42.69244,250,178,72.8,65.3,0,59.319466,175,195,73.5,65.2,0,31.051434,190,189,70.6,65,0,44.705765,185,306,69.9,64.8,0,40.639366,300,304,72.2,64.5,0,35.366714,300,212,69,64.6,0,55.126213,210,889,68.5,64.4,0,90.96588,880,88.1,88.2,90.2,143.2,104.8,117.1,1.2,0,29.77
20170729,1220,73.9,71.9,31.89236599,38.2244775,248,46.8,43.8,5.6,75.9,73.6,-0.1,0.55,0,0,0,5,100,100,1,1,1,0,0,200,72,7.5,5.6,7.5,200,71.2,73.5,62.1,100,100,42.5,61.6,100,0,73.7,1.2,62.6,1.8125,65.7,0,0,50.5,12.7,0,0,0,72.8,72.4,64,68.8,15,39.4,61.8,55.6,0,72.2,1,62.6,1.8125,64.2,0,0,89.6,73.5,15.1,4.4,0.8,15,15,82.4,65.1,82.8,100,29.8,0,70.5,1.3,65.793106,65.293106,0,13,0,0,1,20.3,1,72,1901,63.9,0,78.91662,1891.9989,72,68,2123.706,69.4,63.5,40.9,2200,263,72.3,63.4,0,50.76059,260,128,70.6,64.2,0,51.966995,125,1730,71.7,63.7,0,54.830383,1747.9995,693,79,68.2,0,22.328032,700,615,71.4,64.2,0,45.44338,600,205,73.2,64.4,0,36.83563,200,129,72.3,64.4,0,54.092525,125,338,71.2,64.8,0,28.77759,330,227,72.2,65.4,0,100,650,574,70.2,65.6,0,100,950,509,0,64.3,0,32.423836,500,511,71.9,64.3,0,35.109104,500,178,73.3,64.9,0,47.971977,175,250,70.4,65.2,0,42.725826,245,222,71.4,65,0,41.476856,220,354,73,64.9,0,32.490223,350,168,73.4,65,0,33.313004,160,338,71.7,65,0,31.254595,335,341,73.2,64.9,0,28.131517,335,198,71.1,65.5,0,36.395977,195,420,74,65.2,0,28.214947,424.7998,248,69.9,64.8,0,43.21306,245,177,73.5,64.9,0,44.44172,175,248,72.4,64.9,0,46.251995,245,426,71.6,64.7,0,40.214577,420,164,72.3,65.2,0,26.032602,160,343,72.2,65,0,38.536945,335,308,72.6,65.3,0,32.00783,300,405,72.1,64.7,0,28.042328,400,198,70.9,65.2,0,37.349693,195,401,71.1,64.7,0,32.954967,380,352,70.2,65.1,0,29.864866,335,178,73.5,64.5,0,60.305435,175,250,72.1,64.9,0,45.10876,245,354,72,64.6,0,37.7152,350,162,72.9,64.9,0,33.55753,160,343,73.4,64.8,0,39.89011,335,233,72.7,65.5,0,40.287327,230,293,73.5,64.7,0,36.408184,285,200,70.3,65.2,0,43.215286,195,402,73.3,64.9,0,41.405178,380,343,71.7,64.5,0,39.867947,335,177,73.1,64.7,0,55.957787,175,250,73.3,64.7,0,45.130787,245,427,72.2,64.7,0,46.483032,420,162,73.5,64.7,0,30.713675,160,345,72.3,64.6,0,33.786766,335,106,72,65.2,0,32.945354,100,341,72.4,65.1,0,39.223183,335,198,71.3,285.1,0,33.251686,195,389,72.8,64.7,0,37.118225,380,339,71.4,64.8,0,42.005886,335,258,74,64.7,0,40.89042,259.9999,301,73.9,64.7,0,51.688618,304.58932,352,72.4,64.6,0,39.564583,350,162,72.2,65,0,42.85417,160,358,70.1,64.5,0,50.930088,335,233,73.7,65.2,0,43.587852,230,164,71.8,64.9,0,34.128147,150,199,70.8,65.6,0,43.519897,195,389,72.9,64.8,0,41.110138,380,584,69.8,64.4,0,67.31999,575,337,73.5,65.3,0,45.45638,335,254,73,65.3,0,42.69244,250,177,72.8,65.3,0,59.319466,175,195,73.5,65.2,0,31.051434,190,189,70.6,65,0,44.705765,185,308,69.8,64.7,0,40.639366,300,304,72.3,64.5,0,35.366714,300,211,69,64.6,0,55.126213,210,888,68.5,64.3,0,91.60208,880,88.1,88.1,90,145.2,104.8,117,1.2,0,29.77
20170729,1225,73.7,72.5,31.86629793,38.2244775,252,47,43.9,5.6,73.4,71.1,-0.2,0.55,0,0,0,5,100,100,1,1,1,0,0,200,72,7.5,5.6,7.5,200,71.2,74.1,62.3,100,100,42,61.6,100,0,74.1,1.2,62.6,1.8125,65.8,0,0,50.4,12.5,0,0,0,72.8,72.5,63.9,68.9,15,39.3,61.8,55.7,0,72.3,0.99,62.6,1.8125,64.3,0,0,90.4,74.2,16.7,4.5,1.4,15,15,83,65.1,82.8,100,30.5,0,70.5,1.3,65.793106,65.293106,0,13,0,0,0,20,1,72,1785,64.1,0,70.176506,1675.9989,72,68,2123.706,69.4,63.6,40,2200,266,72.3,63.4,0,50.76059,260,128,70.6,64.1,0,51.53653,125,1688,71.7,63.8,0,52.66716,1645.9995,689,78.8,65.5,0,22.977818,700,615,71.4,64.1,0,44.988945,600,201,73.2,64.4,0,36.67569,200,127,72.3,64.4,0,53.564854,125,332,71.1,64.8,0,28.183361,330,229,72.2,65.3,0,100,650,583,70.2,65.6,0,100,950,510,0,64.3,0,32.423836,500,513,71.9,64.2,0,35.109104,500,178,73.3,64.7,0,47.971977,175,249,70.4,65.1,0,42.725826,245,222,71.4,64.8,0,41.476856,220,354,73,64.7,0,32.490223,350,168,73.4,64.9,0,33.313004,160,339,71.7,64.9,0,31.254595,335,339,73.2,64.8,0,28.131517,335,198,71.1,65.4,0,36.395977,195,422,74,65,0,28.214947,424.7998,248,69.9,64.7,0,43.21306,245,176,73.5,64.7,0,44.44172,175,247,72.4,64.8,0,46.251995,245,424,71.6,64.5,0,40.214577,420,163,72.3,65.1,0,26.032602,160,340,72.2,64.9,0,38.536945,335,308,72.6,65.1,0,32.00783,300,406,72.1,64.6,0,28.042328,400,197,70.8,65.1,0,37.349693,195,398,71.1,64.5,0,32.954967,380,349,70.2,64.9,0,29.864866,335,177,73.5,64.3,0,60.305435,175,248,72.1,64.7,0,45.10876,245,354,72,64.4,0,37.7152,350,162,72.9,64.8,0,33.55753,160,339,73.5,64.7,0,39.89011,335,232,72.7,65.4,0,40.287327,230,292,73.5,64.6,0,36.408184,285,200,70.2,65.1,0,43.215286,195,405,73.2,64.8,0,41.405178,380,349,71.7,64.4,0,39.867947,335,177,73.1,64.5,0,55.957787,175,249,73.3,64.5,0,45.130787,245,429,72.2,64.6,0,46.483032,420,162,73.5,64.5,0,30.713675,160,341,72.3,64.5,0,33.786766,335,108,72,65.1,0,32.945354,100,341,72.4,65,0,39.223183,335,196,71.3,285,0,33.251686,195,391,72.8,64.6,0,37.118225,380,339,71.4,64.6,0,42.005886,335,259,74,64.5,0,40.89042,259.9999,301,73.9,64.5,0,51.688618,304.58932,354,72.4,64.4,0,39.564583,350,162,72.2,64.8,0,42.85417,160,356,70.1,64.4,0,50.930088,335,233,73.7,65.1,0,43.587852,230,162,71.8,64.8,0,34.128147,150,199,70.8,65.4,0,43.519897,195,391,72.9,64.7,0,41.110138,380,583,69.8,64.2,0,67.31999,575,337,73.5,65.2,0,45.45638,335,254,73,65.2,0,42.69244,250,177,72.9,65.2,0,59.319466,175,195,73.5,65.1,0,31.051434,190,188,70.6,64.8,0,44.705765,185,305,69.9,64.6,0,40.639366,300,304,72.3,64.3,0,35.366714,300,211,69,64.4,0,55.126213,210,886,68.5,64.2,0,91.57895,880,88,88.1,90,145.2,104.8,116.7,1.2,0,29.77
20170729,1230,73.9,70.2,31.55085686,38.2244775,249,47.3,44.2,5.6,74.3,70.7,-0.1,0.55,0,0,0,5,100,100,1,1,1,0,0,200,72,7.5,5.6,7.5,200,71.2,73.8,62.1,100,100,41.3,61.6,100,0,74,1.25,62.6,1.8125,65.8,0,0,50.5,12.6,0,0,0,72.8,72.4,63.9,68.8,15,39.4,61.8,57.9,0,72.4,1.01,62.6,1.8125,64.3,0,0,90.1,73.7,16,4.7,0.8,15,15,83.1,65.1,82.8,100,30.5,0,70.5,1.3,65.793106,65.293106,0,13,0,0,1,20,0,72,1565,63.9,0,61.265976,1567.9989,72,68,2123.706,69.4,63.5,40.2,2200,265,72.4,63.3,0,50.250126,260,128,70.6,64,0,51.02236,125,1599,71.7,63.5,0,47.136185,1594.9995,699,78.4,64.6,0,27.425497,700,615,71.4,64,0,44.460823,600,205,73.1,64.2,0,36.67569,200,126,72.2,64.3,0,52.951283,125,334,71.2,64.6,0,28.183361,330,234,72.2,65.2,0,100,650,593,70.2,65.4,0,100,950,509,0,64.1,0,31.971125,500,510,71.9,64.1,0,34.04852,500,179,73.3,64.7,0,47.971977,175,250,70.4,65,0,42.725826,245,222,71.4,64.8,0,41.476856,220,357,73,64.7,0,32.490223,350,168,73.4,64.8,0,33.313004,160,341,71.7,64.9,0,31.254595,335,342,73.2,64.8,0,28.131517,335,199,71.1,65.3,0,36.395977,195,422,74,65,0,28.214947,424.7998,249,69.8,64.7,0,43.21306,245,177,73.5,64.7,0,44.44172,175,249,72.4,64.8,0,46.251995,245,426,71.6,64.5,0,40.214577,420,163,72.3,65,0,26.032602,160,341,72.2,64.9,0,38.536945,335,307,72.6,65.1,0,32.00783,300,406,72.1,64.5,0,28.042328,400,199,70.9,65.1,0,37.349693,195,417,71.1,64.5,0,32.954967,380,351,70.2,64.9,0,29.864866,335,179,73.5,64.3,0,60.305435,175,250,72.1,64.7,0,45.10876,245,356,72,64.3,0,37.7152,350,162,72.9,64.7,0,33.55753,160,342,73.5,64.6,0,39.89011,335,234,72.7,65.4,0,40.287327,230,292,73.5,64.6,0,36.408184,285,201,70.2,65.1,0,43.215286,195,396,73.3,64.7,0,41.405178,380,344,71.7,64.3,0,40.744297,335,177,73.1,64.4,0,55.957787,175,250,73.3,64.5,0,45.130787,245,428,72.2,64.6,0,46.483032,420,162,73.5,64.5,0,30.713675,160,344,72.3,64.4,0,33.786766,335,109,72,65.1,0,32.945354,100,341,72.4,65,0,39.223183,335,199,71.3,285.1,0,33.251686,195,391,72.8,64.5,0,37.118225,380,341,71.4,64.6,0,42.005886,335,260,74,64.4,0,40.89042,259.9999,301,73.9,64.5,0,51.688618,304.58932,353,72.5,64.4,0,39.564583,350,163,72.2,64.8,0,42.85417,160,361,70.1,64.4,0,50.930088,335,233,73.7,65,0,43.587852,230,161,71.8,64.7,0,34.128147,150,200,70.8,65.4,0,43.519897,195,388,72.9,64.6,0,41.110138,380,588,69.7,64.2,0,67.31999,575,337,73.5,65.1,0,45.45638,335,255,73,65.2,0,42.69244,250,178,72.9,65.1,0,59.319466,175,196,73.5,65,0,31.051434,190,189,70.6,64.8,0,44.705765,185,306,69.8,64.5,0,40.639366,300,305,72.3,64.3,0,35.366714,300,212,69,64.3,0,55.126213,210,885,68.5,64.2,0,91.474846,880,88,88.1,90.1,146.2,104.8,116.9,1.2,0,29.77
20170729,1235,74.2,68,31.32095835,38.2244775,250,47.2,44.2,5.6,75.3,72.7,-0.2,0.55,0,0,0,5,100,100,1,1,1,0,0,200,72,7.5,5.6,7.5,200,71.1,74.1,62.4,100,100,40.9,61.6,100,0,74.2,1.3,62.6,1.8125,65.6,0,0,50.4,12.8,0,0,0,72.8,72.4,63.8,69.1,15,39.4,61.8,56,0,72.3,0.99,62.6,1.8125,64.2,0,0,90,74.1,15,4.9,1,15,15,80.9,65.1,82.8,100,30,0,70.5,1.3,65.793106,65.293106,0,13,0,0,0,20,1,72,1349,64,0,53.34145,1351.9989,72,68,2123.706,69.4,63.6,39.3,2200,264,72.4,63.2,0,49.74987,260,128,70.5,63.9,0,50.49623,125,1480,71.7,63.5,0,42.76057,1492.9995,690,78.2,64.4,0,29.251623,700,613,71.2,63.8,0,43.920414,600,209,73.1,64.1,0,36.392715,200,129,72.2,64.1,0,52.951283,125,339,71.2,64.4,0,28.183361,330,239,72.1,64.9,0,100,650,603,70.2,65.1,0,100,950,512,0,64,0,31.971125,500,517,71.9,63.9,0,33.609657,500,179,73.3,64.7,0,47.971977,175,249,70.4,65,0,42.725826,245,223,71.4,64.8,0,41.476856,220,356,73,64.7,0,32.490223,350,168,73.4,64.8,0,33.313004,160,341,71.7,64.8,0,31.254595,335,340,73.2,64.7,0,28.131517,335,198,71.1,65.3,0,36.395977,195,421,74,64.9,0,28.214947,424.7998,249,69.8,64.6,0,43.21306,245,178,73.5,64.6,0,44.44172,175,249,72.4,64.7,0,46.251995,245,428,71.6,64.5,0,40.214577,420,164,72.3,65,0,26.032602,160,343,72.2,64.8,0,38.536945,335,308,72.6,65.1,0,32.00783,300,407,72.1,64.5,0,28.042328,400,199,70.8,65,0,37.349693,195,403,71.1,64.4,0,32.954967,380,347,70.2,64.9,0,29.864866,335,178,73.5,64.3,0,60.305435,175,252,72.1,64.7,0,45.10876,245,356,72,64.3,0,37.7152,350,162,72.9,64.7,0,33.55753,160,343,73.5,64.6,0,39.89011,335,233,72.7,65.4,0,40.287327,230,294,73.5,64.6,0,36.408184,285,202,70.2,65,0,43.215286,195,408,73.3,64.7,0,41.405178,380,347,71.7,64.3,0,40.312126,335,178,73,64.4,0,55.957787,175,252,73.3,64.4,0,45.130787,245,430,72.2,64.5,0,46.483032,420,163,73.5,64.5,0,30.713675,160,345,72.3,64.4,0,33.786766,335,108,72,65,0,32.945354,100,341,72.4,64.9,0,39.223183,335,199,71.3,284.9,0,33.251686,195,389,72.8,64.5,0,37.118225,380,341,71.4,64.5,0,42.005886,335,263,74,64.4,0,40.89042,259.9999,301,73.9,64.5,0,51.688618,304.58932,356,72.5,64.3,0,39.564583,350,163,72.2,64.7,0,42.85417,160,363,70.1,64.3,0,50.930088,335,233,73.7,65,0,43.587852,230,170,71.8,64.7,0,34.128147,150,200,70.7,65.4,0,43.519897,195,388,72.9,64.6,0,41.110138,380,589,69.7,64.2,0,67.31999,575,337,73.5,65.1,0,45.45638,335,255,72.9,65.1,0,42.69244,250,178,72.9,65.1,0,59.319466,175,196,73.5,65,0,31.051434,190,189,70.6,64.8,0,44.705765,185,307,69.8,64.5,0,40.639366,300,305,72.3,64.3,0,35.366714,300,213,69,64.3,0,55.126213,210,891,68.4,64.1,0,90.95431,880,88,88.1,90.1,148.2,104.8,116.7,1.3,0,29.77
20170729,1240,73.9,66.3,30.76866242,38.2244775,249,47,43.8,5.6,73.6,70.4,-0.1,0.55,0,0,0,5,100,100,1,1,1,0,0,200,72,7.5,5.6,7.5,200,71.1,73.6,62,100,100,39.9,61.6,100,0,73.7,1.3,62.6,1.8125,65.3,0,0,50.3,12.7,0,0,0,72.8,72.4,63.8,69.2,15,39.5,61.8,53.7,0,72.3,1,62.6,1.8125,64.2,0,0,89.7,74.3,14.3,4.7,1.1,15,15,77.4,65.1,82.8,100,29.8,0,70.5,1.3,65.793106,65.293106,0,13,0,0,0,20,0,72,1226,63.7,0,49.96957,1135.9989,72,68,2123.706,69.3,63.3,39.4,2200,260,72.4,63,0,49.688618,260,127,70.5,63.7,0,49.982063,125,1452,71.7,63.2,0,41.15044,1390.9995,690,77.9,64,0,30.820078,700,618,71.2,63.7,0,43.920414,600,203,73,63.8,0,35.851376,200,127,72.1,63.8,0,52.49724,125,333,71.3,64.2,0,27.6528,330,242,72.1,64.6,0,100,650,608,70.3,64.8,0,100,950,508,0,63.7,0,31.53065,500,510,71.8,63.7,0,33.609657,500,178,73.4,64.6,0,47.971977,175,247,70.4,65,0,42.725826,245,222,71.4,64.7,0,41.476856,220,355,73,64.6,0,32.490223,350,168,73.4,64.8,0,33.313004,160,339,71.7,64.8,0,31.254595,335,339,73.2,64.7,0,28.131517,335,198,71.1,65.3,0,36.395977,195,422,74,64.9,0,28.214947,424.7998,247,69.8,64.6,0,43.21306,245,177,73.5,64.6,0,44.44172,175,248,72.4,64.7,0,46.251995,245,426,71.6,64.4,0,40.214577,420,163,72.3,65,0,26.032602,160,343,72.2,64.8,0,38.536945,335,308,72.6,65,0,32.00783,300,407,72.1,64.5,0,28.042328,400,197,70.8,65,0,37.349693,195,399,71.1,64.4,0,32.954967,380,348,70.2,64.8,0,29.864866,335,178,73.5,64.2,0,60.305435,175,249,72.1,64.6,0,45.10876,245,355,72,64.3,0,37.7152,350,162,72.9,64.6,0,33.55753,160,342,73.5,64.5,0,39.89011,335,232,72.7,65.3,0,40.287327,230,291,73.5,64.5,0,36.408184,285,201,70.2,65,0,43.215286,195,404,73.3,64.6,0,41.405178,380,347,71.7,64.3,0,39.783913,335,177,72.9,64.3,0,55.957787,175,248,73.3,64.4,0,45.130787,245,426,72.2,64.5,0,46.483032,420,163,73.5,64.4,0,30.713675,160,343,72.3,64.3,0,33.786766,335,107,72,65,0,32.945354,100,342,72.4,64.9,0,39.223183,335,197,71.3,285,0,33.251686,195,384,72.8,64.5,0,37.118225,380,339,71.3,64.5,0,42.005886,335,260,74,64.4,0,40.89042,259.9999,301,74,64.4,0,51.688618,304.58932,355,72.4,64.3,0,39.564583,350,163,72.2,64.7,0,42.85417,160,357,70.1,64.3,0,50.930088,335,232,73.7,65,0,43.587852,230,159,71.8,64.7,0,34.128147,150,199,70.7,65.3,0,43.519897,195,386,72.9,64.5,0,41.110138,380,583,69.7,64.1,0,67.31999,575,337,73.5,65.1,0,45.45638,335,254,72.9,65.1,0,42.69244,250,178,72.8,65,0,59.319466,175,195,73.5,64.9,0,31.051434,190,189,70.5,64.7,0,44.705765,185,305,69.8,64.4,0,40.639366,300,304,72.4,64.2,0,35.366714,300,211,69,64.3,0,55.126213,210,890,68.4,64.1,0,91.09312,880,87.9,88,90.2,144.2,104.8,116.8,1.2,-0.1,29.77
20170729,1245,73.5,67.6,30.75025971,38.2244775,249,47.2,44.3,5.6,74.7,72.2,-0.1,0.55,0,0,0,5,100,100,1,1,1,0,0,200,72,7.5,5.6,7.5,200,71,73.2,62.3,100,15,39.4,61.6,100,0,73.7,1.3,62.6,1.8125,65.1,0,0,50.5,13.7,0,0,0,72.7,72.4,63.7,68.9,15,39.5,61.8,54,0,72.3,1.01,62.6,1.8125,64.2,0,0,89.6,74,14.8,4.7,0.4,15,15,78.5,65.1,82.8,100,30.7,0,70.5,1.3,65.793106,65.293106,0,13,0,0,0,20,1,72,990,64.1,0,44.272675,919.99945,72,68,2123.706,69.2,63.5,35.6,2200,269,72.4,63.2,0,50.11741,260,128,70.5,63.9,0,50.771255,125,1285,71.4,63.6,0,37.782692,1289,697,77.7,64.2,0,30.853685,700,618,71.1,63.7,0,44.374847,600,204,73,64.1,0,37.290848,200,128,72.1,64.1,0,53.405327,125,335,71.3,64.4,0,29.552206,330,240,72,64.8,0,100,650,608,70.4,65.1,0,100,950,507,0,63.9,0,31.53065,500,510,71.8,63.9,0,33.609657,500,178,73.3,64.6,0,47.971977,175,248,70.4,64.9,0,42.725826,245,222,71.3,64.7,0,41.476856,220,355,73,64.6,0,32.490223,350,168,73.4,64.7,0,33.313004,160,340,71.7,64.7,0,31.254595,335,340,73.2,64.6,0,28.131517,335,198,71,65.2,0,36.395977,195,415,73.9,64.9,0,28.672018,424.7998,248,69.8,64.5,0,43.21306,245,177,73.5,64.6,0,44.44172,175,248,72.4,64.6,0,46.251995,245,425,71.6,64.4,0,40.214577,420,163,72.3,64.9,0,26.032602,160,342,72.2,64.7,0,38.536945,335,308,72.6,65,0,32.00783,300,406,72.1,64.4,0,28.042328,400,197,70.8,65,0,37.349693,195,415,71.1,64.3,0,32.954967,380,352,70.2,64.8,0,29.864866,335,178,73.5,64.2,0,60.305435,175,249,72.1,64.6,0,45.10876,245,355,72,64.2,0,37.7152,350,162,72.9,64.6,0,33.55753,160,340,73.5,64.5,0,39.89011,335,232,72.7,65.3,0,40.287327,230,290,73.4,64.4,0,36.408184,285,200,70.2,65,0,43.215286,195,407,73.3,64.6,0,41.405178,380,348,71.7,64.3,0,39.783913,335,178,73.1,64.3,0,55.957787,175,250,73.3,64.4,0,45.130787,245,428,72.2,64.4,0,46.483032,420,163,73.5,64.4,0,30.713675,160,344,72.3,64.3,0,33.786766,335,109,72,65,0,32.945354,100,342,72.4,64.8,0,39.223183,335,198,71.3,284.8,0,33.251686,195,385,72.8,64.5,0,37.118225,380,339,71.3,64.4,0,42.005886,335,259,74,64.3,0,40.89042,259.9999,301,74,64.4,0,51.688618,304.58932,354,72.4,64.3,0,39.564583,350,162,72.2,64.7,0,42.85417,160,356,70,64.2,0,50.930088,335,232,73.7,65,0,43.587852,230,159,71.8,64.6,0,34.128147,150,199,70.7,65.3,0,43.519897,195,391,72.9,64.5,0,41.110138,380,584,69.7,64.2,0,67.31999,575,337,73.5,65,0,45.45638,335,254,72.9,65.1,0,42.69244,250,178,72.8,65,0,59.319466,175,195,73.4,64.9,0,31.051434,190,188,70.5,64.7,0,44.705765,185,306,69.8,64.4,0,40.639366,300,303,72.4,64.2,0,35.366714,300,211,68.9,64.3,0,55.126213,210,886,68.4,64.1,0,91.52111,880,87.9,88,90.1,143.2,104.8,116.6,1.2,0,29.77
20170729,1250,73.6,68.4,30.97851829,38.2244775,252,47.1,43.8,5.6,73.2,69.9,-0.1,0.55,0,0,0,5,100,100,1,1,1,0,0,200,72,7.5,5.6,7.5,200,71,73.3,62.4,100,15,40.4,60.8,100,0,73.9,1.35,61.8,1.8125,65.1,0,0,50.9,13.7,0,0,0,72.8,72.4,63.9,68.6,15,39.8,61.4,56.3,0,72.3,1.03,61.8,1.8125,64.2,0,0,89.6,73.2,16.8,4.7,0.7,15,15,80.1,65.1,82.8,100,31.2,0,70.5,1.3,65.55173,65.05173,0,13,0,0,0,20,0,72,701,64.3,0,36.153378,704.00055,72,68,2123.706,69.2,63.7,39.7,2200,268,72.5,63.4,0,49.54569,260,130,70.5,64,0,50.771255,125,1257,71.5,63.7,0,34.205997,1187,691,77.5,64.3,0,31.917992,700,625,71.1,63.9,0,43.920414,600,208,73,64.2,0,37.290848,200,131,72.1,64.3,0,53.405327,125,339,71.3,64.6,0,29.552206,330,246,72,65,0,100,650,619,70.4,65.2,0,100,950,511,0,64.1,0,31.53065,500,513,71.9,64.1,0,33.609657,500,179,73.2,64.6,0,47.971977,175,250,70.4,64.9,0,42.725826,245,223,71.4,64.7,0,41.476856,220,357,73,64.6,0,32.490223,350,168,73.4,64.7,0,33.313004,160,341,71.7,64.7,0,31.254595,335,343,73.2,64.6,0,28.131517,335,199,71,65.2,0,36.395977,195,426,73.9,64.8,0,28.672018,424.7998,249,69.7,64.6,0,43.21306,245,178,73.5,64.6,0,44.44172,175,250,72.4,64.6,0,46.251995,245,428,71.6,64.4,0,40.214577,420,163,72.3,64.9,0,26.032602,160,344,72.3,64.7,0,38.536945,335,307,72.6,65,0,32.00783,300,406,72,64.4,0,28.042328,400,199,70.8,65,0,37.349693,195,416,71.1,64.3,0,32.954967,380,354,70.2,64.8,0,29.864866,335,179,73.5,64.2,0,60.305435,175,249,72.1,64.6,0,45.10876,245,354,72,64.2,0,37.7152,350,162,72.9,64.6,0,33.55753,160,344,73.5,64.5,0,39.89011,335,234,72.8,65.3,0,40.287327,230,295,73.4,64.5,0,36.408184,285,201,70.2,64.9,0,43.215286,195,410,73.3,64.6,0,41.405178,380,348,71.6,64.3,0,39.783913,335,177,73.1,64.4,0,55.957787,175,252,73.3,64.4,0,45.130787,245,431,72.1,64.5,0,46.483032,420,163,73.5,64.4,0,30.713675,160,346,72.3,64.3,0,33.786766,335,106,72,64.9,0,32.945354,100,344,72.4,64.8,0,39.223183,335,199,71.2,284.9,0,33.251686,195,391,72.8,64.4,0,37.118225,380,341,71.3,64.4,0,42.005886,335,261,74,64.4,0,40.89042,259.9999,304,74,64.4,0,51.688618,304.58932,354,72.4,64.3,0,39.564583,350,162,72.2,64.7,0,42.85417,160,366,70.1,64.2,0,50.930088,335,234,73.8,64.9,0,43.587852,230,165,71.8,64.6,0,34.128147,150,200,70.7,65.3,0,43.519897,195,389,73,64.5,0,41.110138,380,588,69.7,64.1,0,67.31999,575,337,73.5,65,0,45.45638,335,255,73,65,0,42.69244,250,178,72.8,65,0,59.319466,175,197,73.4,64.9,0,31.051434,190,190,70.6,64.7,0,44.705765,185,307,69.8,64.4,0,40.639366,300,305,72.3,64.2,0,35.366714,300,212,68.8,64.3,0,55.126213,210,886,68.4,64.1,0,91.509544,880,87.9,88,90.1,145.2,104.8,116.5,0.2,0.1,29.77
20170729,1255,74,68.4,31.26490917,38.2244775,246,46.9,44,5.6,76.4,74.2,-0.2,0.6,0,0,0,5,100,100,1,1,1,0,0,200,72,7.5,5.6,7.5,200,71,73.4,62.3,100,15,41.2,60.8,100,0,74,1.4,61.8,1.8125,65.1,0,0,50.4,13.4,0,0,0,72.8,72.5,63.9,68.5,15,40.1,61.4,55.3,0,72.4,1.01,61.8,1.8125,64,0,0,89.5,73.3,15.4,4.5,1.5,15,15,79.9,65.1,82.8,100,31.9,0,72.5,1.3,65.55173,65.05173,0,13,0,0,1,21.1,1,72,590,64.3,0,33.0493,488.00055,72,68,2123.706,69.2,63.6,39.8,2200,265,72.6,63.3,0,48.963757,260,130,70.5,64,0,49.89836,125,1129,71.5,63.6,0,32.866272,1136.0002,695,77.2,64.2,0,34.461124,700,616,71.1,63.9,0,43.465977,600,210,72.9,64.2,0,36.380413,200,129,72.2,64.2,0,52.055466,125,340,71.4,64.6,0,29.170204,330,250,72,64.9,0,100,650,625,70.5,65.2,0,100,950,503,0,64.1,0,30.918879,500,510,71.8,64.1,0,33.07327,500,179,73.2,64.6,0,47.971977,175,251,70.4,65,0,42.725826,245,225,71.4,64.7,0,41.476856,220,358,73,64.6,0,32.490223,350,168,73.4,64.7,0,33.313004,160,341,71.7,64.7,0,31.254595,335,341,73.1,64.7,0,28.131517,335,199,71,65.2,0,36.395977,195,393,73.8,64.9,0,27.584929,386.4004,250,69.8,64.6,0,43.21306,245,177,73.5,64.6,0,44.44172,175,249,72.4,64.7,0,46.251995,245,429,71.6,64.4,0,40.214577,420,164,72.3,64.9,0,26.032602,160,343,72.3,64.7,0,38.536945,335,308,72.6,65,0,32.00783,300,409,72,64.4,0,28.042328,400,199,70.8,65,0,37.349693,195,406,71.1,64.3,0,32.954967,380,349,70.2,64.8,0,29.864866,335,179,73.5,64.3,0,60.305435,175,252,72.1,64.6,0,45.10876,245,359,72,64.3,0,37.7152,350,162,72.9,64.6,0,33.55753,160,342,73.5,64.5,0,39.89011,335,233,72.8,65.3,0,40.287327,230,293,73.4,64.5,0,36.408184,285,203,70.2,65,0,43.215286,195,396,73.3,64.6,0,41.405178,380,341,71.6,64.3,0,39.783913,335,179,73.1,64.4,0,55.957787,175,251,73.3,64.4,0,45.130787,245,430,72.1,64.5,0,46.483032,420,163,73.5,64.4,0,30.713675,160,344,72.3,64.4,0,33.786766,335,108,72,64.9,0,32.945354,100,341,72.4,64.9,0,39.223183,335,198,71.2,284.8,0,33.251686,195,387,72.8,64.5,0,37.118225,380,341,71.3,64.5,0,42.005886,335,261,73.9,64.4,0,40.89042,259.9999,302,74,64.5,0,51.688618,304.58932,354,72.4,64.3,0,39.564583,350,163,72.2,64.7,0,42.85417,160,362,70,64.3,0,50.930088,335,233,73.8,64.9,0,43.587852,230,159,71.8,64.6,0,34.128147,150,200,70.7,65.3,0,43.519897,195,392,73,64.6,0,41.110138,380,586,69.6,64.2,0,67.31999,575,337,73.6,65,0,45.45638,335,254,72.9,65.1,0,42.69244,250,178,72.8,65,0,59.319466,175,196,73.4,64.9,0,31.051434,190,189,70.5,64.7,0,44.705765,185,310,69.8,64.4,0,40.639366,300,305,72.3,64.2,0,35.366714,300,212,68.8,64.3,0,55.126213,210,889,68.3,64.1,0,91.05842,880,87.9,88,90,143.2,104.8,116.8,1.1,-0.1,29.76
20170729,1300,74.1,67.5,31.15391242,38.2244775,249,46.9,43.8,5.6,73.7,70.7,-0.1,0.55,0,0,0,5,100,100,1,1,1,0,0,200,72,7.5,5.6,7.5,200,71.1,73.3,62.3,100,15,42,60.8,100,0,74,1.45,61.8,1.8125,65.1,0,0,50.7,13.4,0,0,0,72.8,72.5,63.9,68.9,15,40.3,61.4,58.2,0,72.4,0.99,61.8,1.8125,64,0,0,89.7,74.1,17,4.5,1.1,15,15,81,65.1,82.6,100,30.1,0,72.5,1.3,65.55173,65.05173,0,13,0,0,0,20,0,72,378,64.5,0,31.308582,380.00055,72,68,2123.706,69.2,63.6,39.9,2200,268,72.6,63.4,0,48.963757,260,130,70.5,64,0,49.455936,125,1029,71.5,63.7,0,29.375616,1034,695,77,64.2,0,34.40511,700,623,71.1,64,0,43.465977,600,210,72.9,64.2,0,35.851376,200,130,72.1,64.2,0,52.055466,125,344,71.4,64.6,0,29.170204,330,253,72,65,0,100,650,631,70.6,65.2,0,100,950,506,0,64.1,0,30.918879,500,510,71.8,64.1,0,33.07327,500,178,73.2,64.6,0,47.971977,175,249,70.3,65,0,42.725826,245,223,71.4,64.7,0,41.476856,220,356,73,64.6,0,32.490223,350,168,73.4,64.7,0,33.313004,160,341,71.7,64.7,0,31.254595,335,340,73.1,64.6,0,28.131517,335,198,71,65.2,0,36.395977,195,392,73.9,64.9,0,27.288448,386.4004,248,69.7,64.6,0,43.21306,245,177,73.5,64.6,0,44.44172,175,249,72.4,64.7,0,46.251995,245,427,71.6,64.4,0,40.214577,420,163,72.3,64.9,0,26.032602,160,340,72.3,64.8,0,38.536945,335,308,72.6,65,0,32.00783,300,408,72,64.4,0,28.042328,400,199,70.8,65,0,37.349693,195,383,71.1,64.3,0,32.954967,380,348,70.2,64.8,0,29.864866,335,177,73.5,64.2,0,60.305435,175,250,72.1,64.6,0,45.10876,245,355,72,64.3,0,37.7152,350,162,72.9,64.6,0,33.55753,160,340,73.5,64.5,0,39.89011,335,232,72.8,65.3,0,40.287327,230,291,73.4,64.4,0,36.408184,285,201,70.2,65,0,43.215286,195,409,73.3,64.6,0,41.405178,380,348,71.6,64.3,0,39.783913,335,178,73.1,64.3,0,55.957787,175,249,73.3,64.4,0,45.130787,245,428,72.1,64.4,0,46.483032,420,163,73.5,64.4,0,30.713675,160,344,72.4,64.3,0,33.786766,335,111,72,64.9,0,32.945354,100,341,72.4,64.9,0,39.223183,335,197,71.2,284.7,0,33.251686,195,388,72.8,64.4,0,37.118225,380,341,71.3,64.5,0,42.005886,335,260,73.9,64.4,0,40.89042,259.9999,300,74,64.4,0,51.688618,304.58932,354,72.4,64.3,0,39.564583,350,162,72.2,64.7,0,42.85417,160,359,70.1,64.3,0,50.930088,335,233,73.8,64.9,0,43.587852,230,160,71.8,64.6,0,34.128147,150,200,70.7,65.3,0,43.519897,195,394,73,64.5,0,41.110138,380,587,69.6,64.2,0,67.31999,575,337,73.6,65,0,45.45638,335,254,72.9,65,0,42.69244,250,178,72.8,65,0,59.319466,175,195,73.4,64.9,0,31.051434,190,189,70.5,64.7,0,44.705765,185,305,69.8,64.4,0,40.639366,300,304,72.3,64.2,0,35.366714,300,212,68.9,64.3,0,55.126213,210,888,68.3,64.1,0,91.60208,880,87.9,88,90.1,143.2,104.8,116.5,1.3,-0.1,29.76
20170729,1305,73.8,69.2,31.28369704,38.0081025,250,47,44,5.6,74.8,72.2,-0.2,0.55,0,0,0,5,100,100,1,1,1,0,0,200,72,7.5,5.6,7.5,200,71,73.4,62.3,100,15,42.6,60.8,100,0,74,1.45,61.8,1.8125,65.1,0,0,50.2,13.7,0,0,0,72.8,72.4,63.9,68.8,15,40.5,61.4,58.3,0,72.4,1,61.8,1.8125,64,0,0,89.5,73.7,17.4,4.7,0.7,15,15,81.2,65.1,82.6,100,30.3,0,72.5,1.3,65.55173,65.05173,0,13,0,0,0,20,1,72,192,64.8,0,24.917833,200,72,68,2123.706,69.2,63.6,40,2200,270,72.6,63.4,0,48.963757,260,130,70.5,64,0,49.455936,125,1009,71.6,63.7,0,29.21583,1000,696,76.8,64.2,0,34.13623,700,629,71.1,64,0,43.465977,600,204,72.9,64.2,0,35.322342,200,129,72.1,64.2,0,51.527794,125,347,71.4,64.6,0,28.247028,330,255,71.9,64.9,0,100,650,639,70.7,65.2,0,100,950,507,0,64.1,0,30.918879,500,511,71.8,64.1,0,33.07327,500,179,73.2,64.6,0,47.971977,175,249,70.3,65,0,42.725826,245,223,71.4,64.7,0,41.476856,220,357,73,64.6,0,32.490223,350,168,73.3,64.7,0,33.313004,160,342,71.7,64.7,0,31.254595,335,340,73.1,64.6,0,28.131517,335,199,70.9,65.2,0,36.395977,195,396,73.9,64.9,0,27.288448,386.4004,249,69.7,64.6,0,43.21306,245,177,73.5,64.6,0,44.44172,175,249,72.4,64.7,0,46.251995,245,429,71.6,64.4,0,40.214577,420,164,72.3,65,0,26.032602,160,341,72.3,64.8,0,38.536945,335,308,72.6,65,0,32.00783,300,407,72,64.4,0,28.042328,400,198,70.7,65,0,37.349693,195,399,71.1,64.4,0,32.954967,380,354,70.2,64.8,0,29.864866,335,178,73.5,64.2,0,60.305435,175,250,72.1,64.6,0,45.10876,245,357,72,64.3,0,37.7152,350,162,72.9,64.6,0,33.55753,160,342,73.5,64.6,0,39.89011,335,233,72.8,65.3,0,40.287327,230,291,73.4,64.5,0,36.408184,285,202,70.2,65,0,43.215286,195,410,73.3,64.6,0,41.405178,380,351,71.6,64.3,0,39.783913,335,180,73.1,64.4,0,55.957787,175,250,73.3,64.4,0,45.130787,245,428,72.1,64.5,0,46.483032,420,163,73.6,64.4,0,30.713675,160,343,72.4,64.4,0,33.786766,335,106,72,64.9,0,32.945354,100,342,72.4,64.9,0,39.223183,335,198,71.2,285,0,33.251686,195,392,72.8,64.5,0,37.118225,380,340,71.3,64.5,0,42.005886,335,259,73.9,64.4,0,40.89042,259.9999,302,73.9,64.5,0,51.688618,304.58932,355,72.4,64.3,0,39.564583,350,163,72.2,64.7,0,42.85417,160,360,70.1,64.3,0,50.930088,335,233,73.8,65,0,43.587852,230,165,71.8,64.6,0,34.128147,150,199,70.7,65.3,0,43.519897,195,388,73,64.6,0,41.110138,380,580,69.6,64.2,0,67.31999,575,337,73.6,65,0,45.45638,335,255,72.9,65.1,0,42.69244,250,178,72.8,65,0,59.319466,175,196,73.4,64.9,0,31.051434,190,189,70.5,64.7,0,44.705765,185,307,69.8,64.5,0,40.639366,300,305,72.3,64.2,0,35.366714,300,212,68.8,64.3,0,55.126213,210,894,68.3,64.1,0,90.827065,880,87.9,88,90,144.2,104.8,116.7,0.2,0,29.76
20170729,1310,74,69,31.38574581,38.0081025,241,47.3,44.2,5.6,73.4,70.4,-0.1,0.55,0,0,0,5,100,100,1,1,1,0,0,200,72,7.5,5.6,7.5,200,71,73.4,62.4,100,15,43.5,60.8,100,0,74,1.4,61.8,1.8125,65.1,0,0,50.7,13.4,0,0,0,72.8,72.5,63.6,68.9,15,40.5,61.4,56.2,0,72.5,1.01,61.8,1.8125,64,0,0,90.6,74.4,15.1,4.7,1.1,15,15,79.5,65.1,82.6,100,29.3,0,72.5,1.3,65.55173,65.05173,0,13,0,0,0,20,0,72,206,65.2,0,26.281193,200,72,68,2123.706,69.2,63.7,39.2,2200,268,72.7,63.4,0,48.963757,260,129,70.5,64.1,0,49.455936,125,1009,71.8,63.7,0,29.670599,1000,696,76.7,64.3,0,34.0242,700,622,71.1,64,0,43.465977,600,201,72.9,64.3,0,35.322342,200,127,72.1,64.2,0,51.527794,125,343,71.5,64.6,0,28.247028,330,251,71.9,64.9,0,100,650,631,70.7,65.2,0,100,950,504,0,64.2,0,30.918879,500,510,71.8,64.1,0,33.07327,500,179,73.2,64.4,0,47.971977,175,248,70.4,64.8,0,42.725826,245,224,71.3,64.6,0,41.476856,220,358,73,64.4,0,32.490223,350,168,73.3,64.6,0,33.313004,160,342,71.7,64.6,0,31.254595,335,341,73.1,64.5,0,28.131517,335,199,71,65.1,0,36.395977,195,399,73.9,64.8,0,27.757874,386.4004,250,69.7,64.4,0,42.231224,245,177,73.5,64.4,0,44.44172,175,249,70.4,64.5,0,46.251995,245,429,71.5,64.2,0,40.214577,420,164,72.3,64.8,0,26.032602,160,343,72.3,64.6,0,38.536945,335,308,72.6,64.9,0,32.00783,300,409,72,64.3,0,28.042328,400,199,70.8,64.9,0,37.349693,195,398,71.1,64.2,0,32.954967,380,347,70.1,64.7,0,29.864866,335,178,73.5,64,0,60.305435,175,251,72.1,64.5,0,45.10876,245,357,72,64.1,0,37.7152,350,162,72.9,64.5,0,33.55753,160,340,73.5,64.3,0,39.89011,335,233,72.8,65.3,0,40.287327,230,293,73.4,64.3,0,36.408184,285,202,70.1,64.8,0,43.215286,195,407,73.3,64.5,0,41.405178,380,350,71.6,64.1,0,39.783913,335,179,73.1,64.2,0,55.957787,175,249,73.3,64.2,0,45.130787,245,430,72.1,64.3,0,46.483032,420,164,73.6,64.3,0,30.713675,160,344,72.4,64.2,0,33.786766,335,110,72,64.8,0,32.945354,100,345,72.4,64.8,0,39.223183,335,198,71.2,285.1,0,33.251686,195,391,72.8,64.3,0,37.118225,380,341,71.3,64.3,0,42.005886,335,261,73.9,64.2,0,40.89042,259.9999,301,73.9,64.3,0,51.688618,304.58932,357,72.4,64.1,0,39.564583,350,163,72.2,64.5,0,42.85417,160,364,70.1,64.1,0,50.930088,335,233,73.8,64.8,0,43.587852,230,166,71.8,64.5,0,34.128147,150,199,70.7,65.2,0,43.519897,195,392,73,64.4,0,41.110138,380,586,69.6,64,0,67.31999,575,337,73.6,64.9,0,45.45638,335,255,72.9,65,0,42.69244,250,178,72.8,64.9,0,59.319466,175,194,73.4,64.8,0,31.051434,190,188,70.5,64.6,0,44.705765,185,306,69.8,64.3,0,40.639366,300,305,72.3,64.1,0,35.366714,300,213,68.8,64.1,0,55.126213,210,891,68.3,63.9,0,90.95431,880,87.9,88,90.1,144.2,104.8,116.8,2.9,-0.1,29.76
20170729,1315,73.9,67.2,30.95353844,38.0081025,251,47.4,44.3,5.6,75.8,72.4,-0.2,0.55,0,0,0,5,100,100,1,1,1,0,0,200,72,7.5,5.6,7.5,200,71,73.3,62,100,15,43.8,60.8,100,0,74,1.4,61.8,1.8125,65.1,0,0,50.8,13.4,0,0,0,72.7,72.5,63.4,68.7,15,40.7,61.4,55,0,72.4,0.98,61.8,1.8125,64.1,0,0,90.4,73.7,16.5,4.4,1.5,15,15,81.6,65.1,82.6,100,31.3,0,72.5,1.3,65.55173,65.05173,0,13,0,0,1,20.8,0,72,205,65.2,0,26.281193,200,72,68,2123.706,69.2,63.4,40.3,2200,266,72.6,63.2,0,48.963757,260,128,70.4,63.9,0,49.455936,125,1020,72,63.6,0,30.01475,1000,699,76.6,64,0,33.46404,700,616,71,63.9,0,43.465977,600,200,72.9,64.1,0,36.13435,200,126,72,64.1,0,51.527794,125,341,71.4,64.5,0,28.247028,330,251,71.9,64.9,0,100,650,627,70.8,65.1,0,100,950,504,0,64,0,30.918879,500,510,71.8,64,0,33.07327,500,178,73.2,64.4,0,47.971977,175,247,70.3,64.7,0,42.725826,245,222,71.3,64.5,0,41.476856,220,354,73,64.3,0,32.490223,350,168,73.3,64.6,0,33.313004,160,340,71.7,64.5,0,31.254595,335,338,73,64.4,0,28.131517,335,197,70.9,65.1,0,36.395977,195,395,73.9,64.7,0,27.757874,386.4004,247,69.7,64.4,0,42.231224,245,176,73.5,64.3,0,44.44172,175,246,72.3,64.4,0,46.251995,245,424,71.5,64.2,0,40.214577,420,164,72.3,64.8,0,26.032602,160,340,72.2,64.5,0,38.536945,335,307,72.6,64.8,0,32.00783,300,406,72,64.2,0,28.042328,400,197,70.7,64.8,0,37.349693,195,408,71.1,64.1,0,32.954967,380,349,70.1,64.6,0,29.864866,335,177,73.4,64,0,60.305435,175,247,72.1,64.4,0,45.10876,245,354,72,64,0,37.7152,350,161,72.9,64.4,0,33.55753,160,340,73.5,64.3,0,39.89011,335,231,72.8,65.2,0,40.287327,230,290,73.4,64.3,0,36.408184,285,200,70.2,64.8,0,43.215286,195,405,73.3,64.4,0,41.405178,380,346,71.6,64,0,39.783913,335,177,73,64.1,0,55.957787,175,248,73.3,64.2,0,45.130787,245,425,72.1,64.2,0,46.483032,420,161,73.7,64.3,0,30.713675,160,341,72.3,64.1,0,33.786766,335,106,71.9,64.8,0,32.945354,100,341,72.3,64.7,0,39.223183,335,196,71.2,285,0,33.251686,195,385,72.8,64.3,0,37.118225,380,339,71.2,64.3,0,42.005886,335,260,73.9,64.1,0,40.89042,259.9999,301,73.9,64.3,0,51.688618,304.58932,353,72.4,64.1,0,39.564583,350,162,72.2,64.5,0,42.85417,160,349,70,64.1,0,50.930088,335,231,73.8,64.8,0,43.587852,230,157,71.8,64.4,0,34.128147,150,199,70.7,65.1,0,43.519897,195,390,72.9,64.3,0,41.110138,380,580,69.6,63.9,0,67.31999,575,337,73.5,64.9,0,45.45638,335,253,72.9,64.9,0,42.69244,250,177,72.7,64.8,0,59.319466,175,193,73.4,64.7,0,31.051434,190,188,70.5,64.5,0,44.705765,185,306,69.7,64.2,0,40.639366,300,303,72.3,64,0,35.366714,300,211,68.8,64.1,0,55.126213,210,885,68.3,63.8,0,91.49798,880,87.9,88,90,147.2,104.8,116.8,0.9,1.6,29.76
20170729,1320,73.8,68.9,31.22369162,38.0081025,254,47.1,43.9,5.6,75.2,72.5,-0.2,0.55,0,0,0,5,100,100,1,1,1,0,0,200,72,7.5,5.6,7.5,200,71,73.5,62,100,15,44,60.8,100,0,74.1,1.4,61.8,1.8125,65.1,0,0,50.8,13.7,0,0,0,72.7,72.5,63.6,68.9,15,40.7,61.4,55.3,0,72.5,1,61.8,1.8125,64,0,0,90.5,74,15.2,4.8,1,15,15,80.9,65.1,82.6,100,30.7,0,72.5,1.3,65.55173,65.05173,0,13,0,0,0,20,1,72,205,65.1,0,26.281193,200,72,68,2123.706,69.2,63.3,40.4,2200,267,72.7,63.1,0,48.963757,260,128,70.4,63.8,0,49.455936,125,1018,72,63.4,0,29.621433,1000,698,76.5,64,0,33.475243,700,620,71,63.8,0,43.465977,600,204,72.8,64,0,36.749508,200,126,72,64,0,51.527794,125,341,71.4,64.4,0,28.247028,330,251,71.9,64.8,0,100,650,628,70.8,65.1,0,100,950,504,0,63.9,0,30.918879,500,510,71.8,63.9,0,33.07327,500,179,73.2,64.3,0,47.971977,175,250,70.3,64.7,0,42.725826,245,223,71.3,64.5,0,41.476856,220,356,73,64.3,0,32.490223,350,168,73.3,64.5,0,33.313004,160,341,71.7,64.5,0,31.254595,335,341,73.1,64.4,0,28.131517,335,199,71,65,0,36.395977,195,395,73.8,64.7,0,27.757874,386.4004,248,69.7,64.3,0,42.231224,245,177,73.5,64.3,0,44.44172,175,249,72.3,64.4,0,46.251995,245,427,71.5,64.2,0,40.214577,420,164,72.3,64.7,0,26.032602,160,342,72.2,64.5,0,38.536945,335,308,72.6,64.8,0,32.00783,300,406,72,64.2,0,28.042328,400,198,70.7,64.7,0,37.349693,195,396,71,64.1,0,32.954967,380,349,70.1,64.5,0,29.864866,335,178,73.4,64,0,60.305435,175,248,72.1,64.4,0,45.10876,245,356,72,64,0,37.7152,350,162,72.9,64.4,0,33.55753,160,342,73.5,64.3,0,39.89011,335,233,72.7,65.2,0,40.287327,230,292,73.4,64.2,0,36.408184,285,202,70.1,64.8,0,43.215286,195,405,73.3,64.3,0,41.405178,380,348,71.6,64,0,39.783913,335,178,73.1,64.1,0,55.957787,175,251,73.3,64.1,0,45.130787,245,428,72.1,64.2,0,46.483032,420,163,73.7,64.2,0,30.713675,160,343,72.3,64.1,0,33.786766,335,107,71.9,64.7,0,32.945354,100,342,72.3,64.7,0,39.223183,335,197,71.2,285.2,0,33.251686,195,396,72.8,64.2,0,37.118225,380,340,71.2,64.2,0,42.005886,335,260,73.9,64.1,0,40.89042,259.9999,299,73.9,64.2,0,51.688618,304.58932,354,72.4,64.1,0,39.564583,350,163,72.2,64.4,0,42.85417,160,360,70,64,0,50.930088,335,233,73.8,64.7,0,43.587852,230,159,71.8,64.4,0,34.128147,150,199,70.7,65.1,0,43.519897,195,395,72.9,64.3,0,41.110138,380,583,69.6,63.9,0,67.31999,575,337,73.5,64.8,0,45.45638,335,254,72.9,64.8,0,42.69244,250,177,72.8,64.8,0,59.319466,175,195,73.4,64.7,0,31.051434,190,189,70.5,64.5,0,44.705765,185,308,69.7,64.2,0,40.639366,300,304,72.2,63.9,0,35.366714,300,212,68.7,64,0,55.126213,210,889,68.2,63.8,0,91.046844,880,87.9,88,89.9,145.2,104.8,116.7,1.2,0.1,29.76
20170729,1325,74.1,68.8,31.41656634,38.0081025,247,47.3,44.1,5.6,74.7,71,-0.1,0.55,0,0,0,5,100,100,1,1,1,0,0,200,72,7.5,5.6,7.5,200,71,73.4,61.9,100,15,44.2,60.8,100,0,74.1,1.4,61.8,1.8125,65.1,0,0,50.4,13.5,0,0,0,72.7,72.4,63.4,68.9,15,40.8,61.4,56.4,0,72.4,1.01,61.8,1.8125,64,0,0,90.2,74.1,15.4,4.9,0.9,15,15,78.8,65.1,82.6,100,30.4,0,72.5,1.3,65.55173,65.05173,0,13,0,0,1,20.7,0,72,316,64.8,0,27.729761,307.99945,72,68,2123.706,69.1,63.3,40.5,2200,265,72.6,63.1,0,48.963757,260,127,70.4,63.8,0,49.455936,125,1065,72.1,63.4,0,31.379055,1050.9998,695,76.4,63.9,0,34.27067,700,613,71,63.7,0,43.465977,600,202,72.8,63.9,0,36.749508,200,128,72,64,0,52.951283,125,339,71.5,64.4,0,28.247028,330,248,71.9,64.7,0,100,650,622,70.8,65,0,100,950,502,0,63.9,0,30.918879,500,510,71.7,63.9,0,33.07327,500,179,73.1,64.4,0,47.971977,175,251,70.3,64.7,0,42.725826,245,223,71.3,64.5,0,41.476856,220,356,73,64.3,0,32.490223,350,168,73.3,64.5,0,33.313004,160,342,71.7,64.5,0,31.254595,335,342,73.1,64.4,0,28.131517,335,199,70.9,65,0,36.395977,195,396,73.8,64.7,0,27.757874,386.4004,250,69.7,64.3,0,42.231224,245,177,73.5,64.3,0,44.44172,175,249,72.3,64.4,0,46.251995,245,427,71.5,64.2,0,40.214577,420,164,72.3,64.7,0,26.032602,160,344,72.2,64.5,0,38.536945,335,308,72.6,64.8,0,32.00783,300,406,72,64.2,0,28.042328,400,199,70.7,64.7,0,37.349693,195,413,71,64.1,0,32.954967,380,352,70.1,64.6,0,29.864866,335,178,73.4,64,0,60.305435,175,249,72.1,64.4,0,45.10876,245,356,71.9,64,0,37.7152,350,162,72.9,64.4,0,33.55753,160,343,73.6,64.3,0,39.89011,335,233,72.8,65.1,0,40.287327,230,293,73.4,64.3,0,36.408184,285,200,70.1,64.8,0,43.215286,195,406,73.3,64.4,0,41.405178,380,347,71.6,64,0,39.783913,335,177,73.1,64.1,0,55.957787,175,252,73.3,64.2,0,45.130787,245,429,72.1,64.2,0,46.483032,420,163,73.8,64.2,0,30.713675,160,343,72.3,64.2,0,33.786766,335,106,71.9,64.7,0,32.945354,100,341,72.3,64.7,0,39.223183,335,199,71.2,284.7,0,33.251686,195,391,72.8,64.2,0,37.118225,380,341,71.2,64.2,0,42.005886,335,262,73.9,64.1,0,40.89042,259.9999,299,73.9,64.2,0,51.688618,304.58932,353,72.4,64.1,0,39.564583,350,163,72.2,64.4,0,42.85417,160,362,70,64,0,50.930088,335,234,73.7,64.7,0,43.587852,230,163,71.8,64.4,0,34.128147,150,200,70.7,65.1,0,43.519897,195,390,72.9,64.3,0,41.110138,380,586,69.6,63.9,0,67.31999,575,337,73.5,64.8,0,45.45638,335,254,72.9,64.8,0,42.69244,250,178,72.7,64.8,0,59.319466,175,196,73.4,64.7,0,31.051434,190,190,70.5,64.5,0,44.705765,185,305,69.7,64.2,0,40.639366,300,305,72.2,63.9,0,35.366714,300,212,68.8,64.1,0,55.126213,210,886,68.2,63.8,0,91.60208,880,87.9,88,90.1,147.2,104.8,116.7,1.4,0,29.76
20170729,1330,74.2,67.1,31.14317355,38.0081025,248,47.1,44,5.6,75.4,72.8,-0.1,0.55,0,0,0,5,100,100,1,1,1,0,0,200,72,7.5,5.6,7.5,200,71,73.6,62,100,15,44.5,60.8,100,0,74.2,1.35,61.8,1.8125,65.1,0,0,50.8,13.6,0,0,0,72.7,72.4,63.6,68.6,15,41,61.4,56.6,0,72.5,0.99,61.8,1.8125,64,0,0,90,73.6,15.5,4.9,0.9,15,15,80.1,65.1,82.6,100,31.7,0,72.5,1.3,65.55173,65.05173,0,13,0,0,1,20.2,1,72,413,64.4,0,30.432135,523.99945,72,68,2611.5657,69.1,63.3,40.7,2200,264,72.6,63.1,0,48.963757,260,127,70.4,63.7,0,49.455936,125,1108,72.1,63.4,0,32.58358,1152.9998,702,76.4,63.9,0,33.352005,700,610,71,63.7,0,43.465977,600,204,72.8,64,0,37.19242,200,128,72,63.9,0,52.951283,125,337,71.4,64.4,0,28.247028,330,247,71.9,64.7,0,100,650,620,70.7,65,0,100,950,501,0,63.9,0,31.812063,500,509,71.7,63.9,0,33.07327,500,178,73.2,64.4,0,47.971977,175,249,70.3,64.7,0,42.725826,245,223,71.3,64.5,0,41.476856,220,355,72.9,64.4,0,32.490223,350,168,73.2,64.5,0,33.313004,160,342,71.7,64.5,0,31.254595,335,340,73,64.4,0,28.131517,335,198,70.9,65,0,36.395977,195,397,73.8,64.7,0,27.757874,386.4004,247,69.7,64.4,0,42.231224,245,177,73.5,64.4,0,44.44172,175,249,72.3,64.4,0,46.251995,245,426,71.5,64.2,0,40.214577,420,164,72.3,64.8,0,26.032602,160,342,72.2,64.5,0,38.536945,335,307,72.6,64.8,0,32.00783,300,406,71.9,64.2,0,28.042328,400,198,70.7,64.8,0,37.349693,195,393,71,64.1,0,32.954967,380,350,70.1,64.6,0,29.864866,335,177,73.4,64,0,60.305435,175,247,72.1,64.4,0,45.10876,245,356,71.9,64.1,0,37.7152,350,162,72.9,64.4,0,33.55753,160,341,73.5,64.3,0,39.89011,335,232,72.7,65.2,0,40.287327,230,290,73.4,64.2,0,36.408184,285,200,70.1,64.8,0,43.215286,195,406,73.3,64.4,0,41.405178,380,347,71.6,64,0,39.783913,335,178,73,64.2,0,55.957787,175,248,73.3,64.2,0,45.130787,245,428,72.1,64.2,0,46.483032,420,162,73.8,64.2,0,30.713675,160,343,72.3,64.2,0,33.786766,335,108,71.9,64.7,0,32.945354,100,341,72.3,64.7,0,39.223183,335,197,71.2,284.9,0,33.251686,195,387,72.8,64.3,0,37.118225,380,339,71.2,64.3,0,42.005886,335,256,73.9,64.2,0,40.89042,259.9999,301,73.9,64.3,0,51.688618,304.58932,355,72.4,64.1,0,39.564583,350,163,72.1,64.4,0,42.85417,160,357,70,64.1,0,50.930088,335,232,73.7,64.7,0,43.587852,230,162,71.7,64.4,0,34.128147,150,199,70.6,65.1,0,43.519897,195,387,72.9,64.3,0,41.110138,380,578,69.6,63.9,0,66.93219,575,337,73.5,64.8,0,45.45638,335,254,72.9,64.8,0,42.69244,250,177,72.7,64.8,0,59.319466,175,195,73.4,64.7,0,31.051434,190,188,70.4,64.5,0,44.705765,185,308,69.7,64.2,0,40.639366,300,305,72.2,64,0,35.366714,300,211,68.7,64.1,0,55.126213,210,885,68.2,63.9,0,91.57895,880,87.9,88,90,145.2,104.8,116.8,1.2,-0.8,29.76
20170729,1335,74.4,66.5,31.16126216,38.0081025,253,47.1,43.9,5.6,73.2,71.1,-0.2,0.55,0,0,0,5,100,100,1,1,1,0,0,200,72,7.5,5.6,7.5,200,70.9,73.5,62,100,15,44.8,60.8,100,0,74.1,1.35,61.8,1.8125,65.1,0,0,50.3,13.6,0,0,0,72.7,72.5,63.6,68.6,15,41,61.4,54.2,0,72.5,0.99,61.8,1.8125,64,0,0,90.2,73.6,13.7,4.5,1.2,15,15,81.5,65.1,82.6,100,30.8,0,72.5,1.3,65.55173,65.05173,0,13,0,0,0,20,0,72,640,64.2,0,34.92392,631.99945,72,68,2123.706,69.1,63.3,40.8,2200,262,72.6,63.1,0,48.963757,260,126,70.4,63.8,0,49.455936,125,1127,71.9,63.4,0,33.6529,1152.9998,704,76.3,63.9,0,32.635002,700,609,71,63.7,0,43.465977,600,203,72.8,64,0,37.19242,200,127,71.9,64,0,52.951283,125,336,71.4,64.3,0,28.247028,330,244,71.8,64.7,0,100,650,614,70.7,65,0,100,950,503,0,63.9,0,32.876545,500,509,71.7,63.9,0,33.07327,500,179,73.2,64.4,0,47.971977,175,249,70.3,64.7,0,42.725826,245,223,71.3,64.5,0,41.476856,220,357,72.9,64.3,0,32.490223,350,168,73.2,64.5,0,33.313004,160,340,71.7,64.5,0,31.254595,335,340,73,64.4,0,28.131517,335,199,70.9,65,0,36.395977,195,399,73.8,64.7,0,27.757874,386.4004,249,69.6,64.3,0,42.231224,245,177,73.5,64.3,0,44.44172,175,248,72.3,64.4,0,46.251995,245,427,71.5,64.2,0,40.214577,420,163,72.3,64.7,0,26.032602,160,344,72.2,64.5,0,38.536945,335,308,72.6,64.8,0,32.00783,300,406,71.9,64.2,0,28.042328,400,198,70.7,64.8,0,37.349693,195,402,71,64.1,0,32.954967,380,353,70.1,64.5,0,29.864866,335,178,73.4,64,0,60.305435,175,248,72.1,64.4,0,45.10876,245,358,71.9,64,0,37.7152,350,162,72.9,64.4,0,33.55753,160,342,73.6,64.3,0,39.89011,335,233,72.7,65.1,0,40.287327,230,291,73.3,64.2,0,36.408184,285,202,70.1,64.8,0,43.215286,195,396,73.3,64.4,0,41.405178,380,341,71.5,64,0,40.228092,335,177,73,64.2,0,55.957787,175,250,73.3,64.2,0,45.130787,245,427,72.1,64.3,0,46.483032,420,162,73.8,64.2,0,30.713675,160,343,72.3,64.2,0,33.786766,335,107,71.9,64.8,0,32.945354,100,342,72.3,64.7,0,39.223183,335,198,71.1,284.9,0,33.251686,195,386,72.8,64.2,0,37.118225,380,341,71.2,64.3,0,42.005886,335,263,73.9,64.1,0,40.89042,259.9999,300,73.9,64.2,0,51.688618,304.58932,354,72.4,64.1,0,39.564583,350,163,72.2,64.4,0,42.85417,160,360,70,64,0,50.930088,335,232,73.7,64.7,0,43.587852,230,162,71.7,64.4,0,34.128147,150,199,70.6,65.1,0,43.519897,195,394,72.9,64.3,0,41.110138,380,583,69.6,63.9,0,66.93219,575,337,73.5,64.8,0,45.45638,335,254,72.8,64.9,0,42.69244,250,178,72.7,64.8,0,59.319466,175,195,73.4,64.7,0,31.051434,190,188,70.4,64.5,0,44.705765,185,310,69.7,64.2,0,40.639366,300,304,72.2,64,0,35.366714,300,212,68.7,64,0,55.126213,210,888,68.1,63.9,0,91.46327,880,87.9,88,90.1,145.2,104.8,116.7,2.1,0,29.76
20170729,1340,74.4,66.9,31.24286828,38.0081025,251,47.5,44.2,5.6,76.9,73,-0.2,0.55,0,0,0,5,100,100,1,1,1,0,0,200,72,7.5,5.6,7.5,200,70.9,73.5,61.2,100,15,43.8,60.8,100,0,74.1,1.3,61.8,1.8125,65,0,0,50.8,13.6,0,0,0,72.7,72.5,63.6,68.8,15,41.2,61.4,58.6,0,72.4,1,61.8,1.8125,64,0,0,90.2,73.8,17.5,4.4,0.5,15,15,80.7,65.1,82.6,100,32.1,0,72.5,1.3,65.55173,65.05173,0,13,0,0,1,21.3,0,72,744,63.5,0,38.880096,739.99945,72,68,2123.706,69.1,62.6,40.9,2200,263,72.5,62.6,0,50.36243,260,128,70.4,63.4,0,50.854958,125,1100,71.8,62.9,0,32.26401,1102.0005,704,76.3,63.5,0,32.50056,700,606,71,63.4,0,43.797592,600,206,72.7,63.6,0,37.647636,200,128,71.9,63.6,0,53.393055,125,332,71.3,64,0,28.247028,330,242,71.8,64.5,0,100,650,610,70.7,64.7,0,100,950,503,0,63.5,0,33.31702,500,508,71.7,63.5,0,33.07327,500,179,73.1,64.4,0,47.971977,175,249,70.3,64.7,0,42.725826,245,225,71.3,64.5,0,41.476856,220,357,73,64.4,0,32.490223,350,168,73.2,64.5,0,33.313004,160,342,71.6,64.5,0,31.254595,335,342,73,64.4,0,28.131517,335,199,70.9,65,0,36.395977,195,401,73.8,64.7,0,27.757874,386.4004,249,69.6,64.4,0,42.231224,245,177,73.5,64.4,0,44.44172,175,248,72.3,64.4,0,46.251995,245,427,71.5,64.2,0,40.214577,420,164,72.3,64.7,0,26.032602,160,342,72.2,64.5,0,38.536945,335,308,72.6,64.8,0,32.00783,300,409,71.9,64.2,0,28.042328,400,198,70.7,64.7,0,37.349693,195,405,71,64.1,0,32.954967,380,354,70,64.6,0,29.864866,335,178,73.4,64,0,60.305435,175,249,72.1,64.4,0,45.10876,245,358,71.9,64,0,37.7152,350,162,72.9,64.4,0,33.55753,160,344,73.6,64.3,0,39.89011,335,233,72.7,65.1,0,40.287327,230,293,73.3,64.2,0,36.408184,285,202,70.1,64.8,0,43.215286,195,400,73.3,64.4,0,41.405178,380,348,71.5,64,0,39.783913,335,179,73,64.2,0,55.957787,175,250,73.3,64.2,0,45.130787,245,430,72.1,64.3,0,46.483032,420,163,73.9,64.2,0,30.713675,160,342,72.2,64.2,0,33.786766,335,108,71.9,64.8,0,32.945354,100,341,72.3,64.7,0,39.223183,335,199,71.1,284.9,0,33.251686,195,393,72.8,64.2,0,37.118225,380,341,71.2,64.3,0,42.005886,335,261,73.9,64.2,0,40.89042,259.9999,300,73.9,64.2,0,51.688618,304.58932,355,72.4,64.1,0,39.564583,350,163,72.2,64.4,0,42.85417,160,363,70,64,0,50.930088,335,233,73.7,64.7,0,43.587852,230,163,71.7,64.4,0,34.128147,150,198,70.6,65.1,0,43.519897,195,392,72.9,64.3,0,41.110138,380,583,69.6,63.9,0,66.93219,575,337,73.5,64.8,0,45.45638,335,255,72.9,64.8,0,42.69244,250,178,72.7,64.8,0,59.319466,175,194,73.4,64.7,0,31.051434,190,189,70.4,64.5,0,44.705765,185,310,69.7,64.2,0,40.639366,300,306,72.2,64,0,35.366714,300,212,68.7,64.1,0,55.126213,210,892,68.1,63.9,0,90.94274,880,87.9,88,89.9,144.2,104.8,116.5,0.1,0.1,29.76
20170729,1345,74.5,66.7,31.27224306,38.0081025,253,47,43.9,5.6,75.5,73,-0.1,0.55,0,0,0,5,100,100,1,1,1,0,0,200,72,7.5,5.6,7.5,200,70.9,73.4,61,100,15,42.5,60.8,100,0,74.1,1.35,61.8,1.8125,65,0,0,51,13.6,0,0,0,72.7,72.6,63.7,68.9,15,41.2,61.4,53.9,0,72.4,1,61.8,1.8125,64,0,0,90,74.1,14.3,4.5,1.5,15,15,79.2,65.1,82.6,100,30.6,0,72.5,1.3,65.55173,65.05173,0,13,0,0,1,20.2,0,72,746,63.2,0,38.880096,739.99945,72,68,2123.706,69.1,62.4,41,2200,263,72.5,62.2,0,50.36243,260,128,70.4,63.1,0,50.854958,125,1100,71.8,62.6,0,32.300884,1102.0005,705,76.3,63.2,0,32.556576,700,605,70.9,63.1,0,43.797592,600,207,72.7,63.2,0,37.647636,200,128,71.8,63.3,0,53.393055,125,332,71.2,63.7,0,28.247028,330,241,71.8,64.2,0,100,650,610,70.6,64.4,0,100,950,503,0,63.2,0,33.31702,500,508,71.7,63.2,0,33.07327,500,178,73.1,64.4,0,47.971977,175,248,70.3,64.7,0,42.725826,245,222,71.3,64.5,0,41.476856,220,355,72.9,64.3,0,32.490223,350,168,73.2,64.5,0,33.313004,160,339,71.7,64.5,0,31.254595,335,340,73,64.4,0,28.131517,335,198,70.9,65,0,36.395977,195,396,73.8,64.7,0,27.757874,386.4004,249,69.6,64.3,0,42.231224,245,177,73.5,64.4,0,44.44172,175,247,72.3,64.4,0,46.251995,245,426,71.5,64.2,0,40.214577,420,163,72.3,64.7,0,26.032602,160,340,72.2,64.5,0,38.536945,335,308,72.6,64.7,0,32.00783,300,405,71.9,64.2,0,28.042328,400,197,70.7,64.7,0,37.349693,195,396,71,64.1,0,32.954967,380,347,70,64.6,0,29.864866,335,177,73.4,64,0,60.305435,175,249,72.1,64.4,0,45.10876,245,354,71.9,64.1,0,37.7152,350,162,72.9,64.4,0,33.55753,160,340,73.6,64.3,0,39.89011,335,232,72.7,65.1,0,40.287327,230,290,73.3,64.2,0,36.408184,285,200,70.1,64.8,0,43.215286,195,407,73.2,64.4,0,41.405178,380,346,71.5,64,0,39.783913,335,178,73.1,64.2,0,55.957787,175,249,73.3,64.2,0,45.130787,245,428,72.1,64.3,0,46.483032,420,162,73.9,64.3,0,30.713675,160,343,72.2,64.2,0,33.786766,335,106,71.9,64.8,0,32.945354,100,341,72.3,64.7,0,39.223183,335,197,71.1,285.1,0,33.251686,195,385,72.8,64.2,0,37.118225,380,340,71.2,64.3,0,42.005886,335,259,73.9,64.1,0,40.89042,259.9999,299,73.9,64.3,0,51.688618,304.58932,353,72.4,64.1,0,39.564583,350,163,72.1,64.4,0,42.85417,160,356,70,64,0,50.930088,335,232,73.7,64.7,0,43.587852,230,159,71.7,64.4,0,34.128147,150,199,70.6,65.1,0,43.519897,195,387,72.9,64.3,0,41.110138,380,580,69.5,63.9,0,67.3095,575,337,73.5,64.8,0,45.45638,335,253,72.9,64.8,0,42.69244,250,178,72.7,64.8,0,59.319466,175,196,73.3,64.7,0,31.051434,190,188,70.4,64.5,0,44.705765,185,306,69.7,64.2,0,40.639366,300,302,72.2,64,0,35.366714,300,211,68.7,64.1,0,55.126213,210,885,68.1,63.9,0,91.49798,880,87.9,88,90.1,144.2,104.8,116.5,1.2,-0.2,29.76
20170729,1350,74.5,67.6,31.45655323,38.0081025,252,47.4,44.3,5.6,74.8,72.5,-0.2,0.55,0,0,0,5,100,100,1,1,1,0,0,200,72,7.5,5.6,7.5,200,70.8,73.4,61.3,100,15,41.9,60.8,100,0,74.1,1.35,61.8,1.8125,64.9,0,0,51,13.7,0,0,0,72.7,72.5,63.4,68.4,15,41.3,61.4,54.9,0,72.4,1,61.8,1.8125,64,0,0,90.4,73.3,14.4,4.5,1.5,15,15,79.7,65.1,82.6,100,31.1,0,72.5,1.3,65.55173,65.05173,0,13,0,0,0,20,0,72,623,63.4,0,34.826538,631.9989,72,68,2123.706,69,62.7,41.2,2200,264,72.5,62.4,0,50.36243,260,129,70.4,63.1,0,50.854958,125,1039,71.7,62.7,0,30.629301,1050.9995,702,76.2,63.3,0,33.430428,700,612,70.8,63.1,0,43.797592,600,210,72.7,63.4,0,37.647636,200,129,71.8,63.4,0,53.393055,125,335,71.2,63.8,0,28.247028,330,245,71.8,64.2,0,100,650,617,70.6,64.5,0,100,950,506,0,63.3,0,33.31702,500,509,71.7,63.3,0,33.07327,500,178,73.1,64.3,0,47.971977,175,249,70.2,64.6,0,42.725826,245,223,71.2,64.4,0,41.476856,220,355,72.9,64.3,0,32.490223,350,168,73.2,64.5,0,33.313004,160,340,71.6,64.4,0,31.254595,335,340,73,64.3,0,28.131517,335,198,70.9,65,0,36.395977,195,396,73.8,64.6,0,27.757874,386.4004,248,69.6,64.3,0,42.231224,245,176,73.5,64.3,0,44.44172,175,248,72.3,64.3,0,46.251995,245,427,71.4,64.1,0,40.214577,420,163,72.3,64.7,0,26.032602,160,340,72.2,64.5,0,38.536945,335,308,72.6,64.7,0,32.00783,300,406,71.9,64.2,0,28.042328,400,198,70.7,64.7,0,37.349693,195,380,71,64.1,0,32.954967,380,351,70.1,64.5,0,29.864866,335,177,73.4,63.9,0,60.305435,175,247,72.1,64.3,0,45.10876,245,354,71.9,64,0,37.7152,350,161,72.9,64.3,0,33.55753,160,343,73.6,64.2,0,39.89011,335,232,72.7,65.1,0,40.287327,230,290,73.3,64.2,0,36.408184,285,200,70.1,64.7,0,43.215286,195,409,73.2,64.3,0,41.405178,380,348,71.5,64,0,39.783913,335,178,73,64.1,0,55.957787,175,248,73.3,64.1,0,45.130787,245,428,72.1,64.2,0,46.483032,420,162,73.9,64.2,0,30.713675,160,344,72.2,64.1,0,33.786766,335,108,71.9,64.8,0,32.945354,100,341,72.3,64.6,0,39.223183,335,197,71.1,284.8,0,33.251686,195,389,72.8,64.2,0,37.118225,380,340,71.2,64.2,0,42.005886,335,261,73.9,64.1,0,40.89042,259.9999,299,73.9,64.1,0,51.688618,304.58932,352,72.4,64,0,39.564583,350,162,72.1,64.4,0,42.85417,160,355,70,64,0,50.930088,335,232,73.7,64.7,0,43.587852,230,166,71.7,64.3,0,34.128147,150,199,70.6,65.1,0,43.519897,195,389,72.9,64.3,0,41.110138,380,581,69.5,63.8,0,67.3095,575,337,73.4,64.8,0,45.45638,335,253,72.9,64.8,0,42.69244,250,176,72.7,64.8,0,59.319466,175,194,73.3,64.7,0,31.051434,190,187,70.4,64.4,0,44.705765,185,307,69.6,64.2,0,40.639366,300,304,72.1,63.9,0,35.366714,300,211,68.7,64,0,55.126213,210,886,68.1,63.8,0,91.474846,880,87.9,88,89.9,145.2,104.8,116.7,1.2,0.1,29.76
20170729,1355,74.3,68,31.38712267,38.0081025,252,47.4,44.1,5.6,77.2,73.4,-0.1,0.55,0,0,0,5,100,100,1,1,1,0,0,200,72,7.5,5.6,7.5,200,70.8,73.6,61.4,100,15,41.4,60.8,100,0,74.1,1.35,61.8,1.8125,65,0,0,50.5,13.4,0,0,0,72.7,72.6,63.4,68.4,15,41.3,61.4,56.5,0,72.5,1.02,61.8,1.8125,64,0,0,90.8,73.5,16.9,4.4,1.1,15,15,81.2,65.1,82.6,100,32.5,0,72.5,1.3,65.55173,65.05173,0,13,0,0,1,21.5,0,72,527,63.6,0,32.270237,415.9989,72,68,2123.706,69,62.7,40.3,2200,267,72.4,62.5,0,50.36243,260,130,70.4,63.2,0,50.854958,125,1005,71.7,62.8,0,29.879549,1000,701,76.1,63.4,0,33.46404,700,616,70.8,63.2,0,43.797592,600,210,72.6,63.4,0,36.749508,200,131,71.8,63.4,0,53.393055,125,338,71.2,63.9,0,28.247028,330,247,71.8,64.3,0,100,650,619,70.6,64.5,0,100,950,507,0,63.3,0,33.31702,500,509,71.6,63.3,0,33.07327,500,178,73.1,64.2,0,47.971977,175,249,70.2,64.6,0,42.725826,245,223,71.2,64.3,0,41.476856,220,356,72.9,64.2,0,32.490223,350,168,73.2,64.4,0,33.313004,160,341,71.6,64.4,0,31.254595,335,340,73,64.3,0,28.131517,335,198,70.9,64.9,0,36.395977,195,393,73.8,64.6,0,27.757874,386.4004,247,69.6,64.2,0,42.231224,245,176,73.4,64.2,0,44.44172,175,248,72.3,64.3,0,46.251995,245,426,71.4,64,0,40.214577,420,163,72.2,64.6,0,26.032602,160,340,72.1,64.4,0,38.536945,335,308,72.5,64.6,0,32.00783,300,407,71.9,64.1,0,28.042328,400,198,70.6,64.6,0,37.349693,195,415,71,64,0,32.954967,380,358,70.1,64.4,0,29.864866,335,178,73.4,63.8,0,60.305435,175,249,72.1,64.3,0,45.10876,245,356,71.9,63.9,0,37.7152,350,162,72.9,64.3,0,33.55753,160,341,73.6,64.2,0,39.89011,335,232,72.7,65,0,40.287327,230,292,73.3,64.1,0,36.408184,285,200,70.1,64.6,0,43.215286,195,407,73.2,64.3,0,41.405178,380,345,71.5,63.9,0,39.783913,335,178,73,64,0,55.957787,175,248,73.3,64,0,45.130787,245,429,72.1,64.1,0,46.483032,420,162,73.9,64.1,0,30.713675,160,344,72.2,64.1,0,33.786766,335,105,71.9,64.7,0,32.945354,100,341,72.3,64.5,0,39.223183,335,197,71.1,284.7,0,33.251686,195,387,72.7,64.1,0,37.118225,380,339,71.1,64.1,0,42.005886,335,259,73.9,64,0,40.89042,259.9999,300,73.9,64.1,0,51.688618,304.58932,354,72.3,63.9,0,39.564583,350,162,72.1,64.3,0,42.85417,160,356,69.9,63.9,0,50.930088,335,233,73.6,64.6,0,43.587852,230,156,71.7,64.3,0,34.128147,150,199,70.6,65,0,43.519897,195,387,72.9,64.2,0,41.110138,380,582,69.5,63.8,0,67.3095,575,337,73.4,64.7,0,45.45638,335,254,72.8,64.7,0,42.69244,250,178,72.7,64.7,0,59.319466,175,195,73.3,64.6,0,31.051434,190,189,70.4,64.4,0,44.705765,185,308,69.6,64.1,0,40.639366,300,304,72.1,63.8,0,35.366714,300,211,68.6,63.9,0,55.126213,210,887,68.1,63.7,0,92.07634,880,87.9,88,89.8,145.2,104.8,116.3,1.2,0,29.78
20170729,1400,74.3,68.1,31.40745438,38.0081025,250,47,43.9,5.6,74.9,72.7,-0.2,0.55,0,0,0,5,100,100,1,1,1,0,0,200,72,7.5,5.6,7.5,200,70.8,73.4,61.3,100,15,40.7,60.8,100,0,74,1.4,61.8,1.8125,65,0,0,50.8,13.6,0,0,0,72.7,72.5,63.3,68.6,15,41.3,61.4,54.1,0,72.5,1.02,61.8,1.8125,64,0,0,90.9,73.7,14.3,4.9,1.5,15,15,81.1,65.1,82.6,100,31.1,0,72.5,1.3,65.55173,65.05173,0,12.9,0,0,1,20.2,1,72,305,63.7,0,29.373096,307.9989,72,68,2123.706,69,62.7,40.4,2200,269,72.5,62.5,0,50.36243,260,130,70.3,63.2,0,50.854958,125,1012,71.8,62.8,0,29.387907,1000,701,76,63.3,0,33.531258,700,618,70.8,63.1,0,43.797592,600,210,72.6,63.4,0,36.29429,200,132,71.7,63.4,0,53.393055,125,339,71.2,63.8,0,28.247028,330,248,71.8,64.2,0,100,650,621,70.6,64.5,0,100,950,509,0,63.3,0,33.31702,500,510,71.6,63.3,0,33.07327,500,179,73.1,64.2,0,47.971977,175,249,70.2,64.5,0,42.725826,245,224,71.2,64.3,0,41.476856,220,358,72.9,64.1,0,32.490223,350,168,73.2,64.3,0,33.313004,160,342,71.6,64.3,0,31.254595,335,340,73,64.2,0,28.131517,335,199,70.9,64.9,0,36.395977,195,386,73.7,64.5,0,27.424335,380,249,69.6,64.1,0,42.231224,245,178,73.4,64.2,0,44.44172,175,249,72.2,64.2,0,46.251995,245,430,71.3,63.9,0,40.214577,420,164,72.3,64.6,0,26.032602,160,343,72.1,64.3,0,38.536945,335,308,72.5,64.6,0,32.00783,300,409,71.9,64,0,28.042328,400,198,70.6,64.6,0,37.349693,195,406,70.9,63.9,0,32.325726,380,358,70,64.3,0,29.864866,335,180,73.4,63.8,0,60.305435,175,253,72.1,64.2,0,45.10876,245,361,71.9,63.8,0,37.7152,350,163,72.8,64.2,0,33.55753,160,345,73.6,64.1,0,39.89011,335,234,72.7,65,0,40.287327,230,294,73.3,64.1,0,36.408184,285,205,70,64.6,0,43.215286,195,390,73.2,64.2,0,41.405178,380,336,71.5,63.8,0,39.267708,335,179,73,63.9,0,55.957787,175,250,73.2,64,0,45.130787,245,432,72,64,0,46.483032,420,163,74,64.1,0,30.713675,160,346,72.2,63.9,0,33.786766,335,106,71.8,64.6,0,32.945354,100,343,72.3,64.5,0,39.223183,335,198,71.1,284.9,0,33.251686,195,391,72.7,64,0,37.118225,380,342,71.2,64,0,42.005886,335,259,73.9,63.9,0,40.89042,259.9999,301,73.9,64,0,51.688618,304.58932,355,72.3,63.8,0,39.564583,350,163,72.1,64.3,0,42.85417,160,363,69.9,63.8,0,50.930088,335,234,73.6,64.6,0,43.587852,230,169,71.7,64.2,0,34.128147,150,200,70.6,64.9,0,43.519897,195,397,72.8,64.1,0,41.110138,380,589,69.5,63.7,0,67.3095,575,337,73.4,64.6,0,45.45638,335,256,72.8,64.7,0,42.69244,250,179,72.7,64.6,0,59.319466,175,196,73.3,64.5,0,31.051434,190,188,70.4,64.3,0,44.705765,185,308,69.6,64,0,40.639366,300,305,72.1,63.7,0,35.366714,300,212,68.6,63.8,0,55.126213,210,892,68,63.6,0,91.3823,880,87.9,87.9,89.9,144.2,104.7,116.4,1.7,-1.2,29.78
20170729,1405,74.3,68.3,31.44812137,37.94529,249,47.3,44.1,5.6,73.3,70.9,-0.2,0.55,0,0,0,5,100,100,1,1,1,0,0,200,72,7.5,5.6,7.5,200,70.8,73.4,61.5,100,15,40.2,60.8,100,0,74.1,1.4,61.8,1.8125,65,0,0,50.6,13.8,0,0,0,72.7,72.5,63.5,68.9,15,41.3,61.4,55.4,0,72.5,1,61.8,1.8125,64,0,0,91,74.2,15.2,4.8,0.9,15,15,81.8,65.1,82.6,100,31.4,0,72.5,1.3,65.55173,65.05173,0,12.9,0,0,0,20,0,72,201,64.2,0,24.90566,200,72,68,2123.706,69,62.8,39.6,2200,269,72.5,62.5,0,50.36243,260,131,70.3,63.3,0,50.854958,125,1005,71.9,62.9,0,29.424778,1000,697,75.8,63.4,0,34.012997,700,621,70.7,63.2,0,43.797592,600,205,72.6,63.4,0,35.679134,200,132,71.6,63.4,0,52.951283,125,341,71.1,63.9,0,28.247028,330,250,71.7,64.2,0,100,650,626,70.6,64.5,0,100,950,509,0,63.3,0,33.31702,500,510,71.5,63.3,0,33.07327,500,178,73.1,64.2,0,47.971977,175,250,70.2,64.6,0,42.725826,245,222,71.2,64.3,0,41.476856,220,355,72.8,64.2,0,32.490223,350,168,73.1,64.3,0,33.313004,160,339,71.6,64.3,0,31.254595,335,341,73,64.2,0,28.131517,335,199,70.9,64.8,0,36.395977,195,392,73.7,64.5,0,27.572575,380,249,69.5,64.2,0,42.231224,245,177,73.4,64.2,0,44.44172,175,248,72.2,64.2,0,46.251995,245,427,71.3,64,0,40.214577,420,163,72.3,64.5,0,26.032602,160,342,72.1,64.3,0,38.536945,335,308,72.5,64.6,0,32.00783,300,404,71.9,64,0,28.042328,400,197,70.6,64.5,0,37.349693,195,411,70.9,63.9,0,32.782234,380,354,70,64.4,0,29.864866,335,180,73.4,63.8,0,60.305435,175,250,72.1,64.2,0,45.10876,245,358,71.9,63.8,0,37.7152,350,162,72.8,64.2,0,33.55753,160,345,73.6,64.1,0,39.89011,335,235,72.6,65,0,40.287327,230,294,73.3,64.1,0,36.408184,285,203,70,64.6,0,43.215286,195,397,73.2,64.2,0,41.405178,380,337,71.5,63.8,0,40.228092,335,176,73,63.9,0,55.957787,175,251,73.2,64,0,45.130787,245,428,72,64,0,46.483032,420,163,74,64,0,30.713675,160,344,72.2,64,0,33.786766,335,105,71.8,64.6,0,32.945354,100,340,72.2,64.5,0,39.223183,335,198,71.1,284.8,0,33.251686,195,388,72.7,64,0,37.118225,380,340,71.2,64.1,0,42.005886,335,260,73.9,63.9,0,40.89042,259.9999,300,73.9,64.1,0,51.688618,304.58932,353,72.3,63.9,0,39.564583,350,163,72.1,64.3,0,42.85417,160,357,69.9,63.8,0,50.930088,335,233,73.6,64.5,0,43.587852,230,165,71.7,64.2,0,34.128147,150,199,70.5,64.9,0,43.519897,195,388,72.8,64.1,0,41.110138,380,580,69.5,63.7,0,67.3095,575,337,73.3,64.6,0,45.45638,335,255,72.8,64.7,0,42.69244,250,177,72.7,64.6,0,59.319466,175,196,73.3,64.5,0,31.051434,190,188,70.4,64.3,0,44.705765,185,309,69.6,64,0,40.639366,300,304,72.1,63.7,0,35.366714,300,211,68.6,63.8,0,55.126213,210,887,68,63.7,0,92.06478,880,87.8,87.9,89.8,143.2,104.7,116.3,1.2,1.6,29.78
20170729,1410,74.5,68,31.52914338,37.94529,253,47.4,44.4,5.6,77.1,74.6,-0.1,0.55,0,0,0,5,100,100,1,1,1,0,0,200,72,7.5,5.6,7.5,200,70.8,73.5,61.5,100,15,39.8,60.8,100,0,74.1,1.4,61.8,1.8125,65,0,0,51,13.4,0,0,0,72.7,72.5,63.3,68.6,15,41.3,61.4,52.7,0,72.5,1,61.8,1.8125,64,0,0,90.8,73.9,11.6,4.5,1.9,15,15,81.7,65.1,82.6,100,31.1,0,72.5,1.3,65.55173,65.05173,0,12.9,0,0,1,21.2,1,72,203,64.4,0,25.356058,200,72,68,2611.5657,69,62.8,40.7,2200,271,72.4,62.6,0,50.36243,260,131,70.3,63.3,0,50.854958,125,1006,72,62.9,0,28.970009,1000,698,75.8,63.4,0,33.430428,700,622,70.7,63.2,0,43.797592,600,205,72.5,63.5,0,35.679134,200,132,71.6,63.5,0,52.49724,125,341,71.1,63.9,0,28.247028,330,250,71.7,64.3,0,100,650,627,70.6,64.5,0,100,950,509,0,63.4,0,33.31702,500,510,71.6,63.3,0,33.07327,500,179,73.1,64.2,0,47.971977,175,250,70.2,64.5,0,42.725826,245,224,71.2,64.3,0,41.476856,220,356,72.8,64.2,0,32.490223,350,168,73.1,64.3,0,33.313004,160,342,71.6,64.3,0,31.254595,335,340,73,64.2,0,28.131517,335,199,70.8,64.8,0,36.395977,195,392,73.7,64.5,0,27.572575,380,248,69.6,64.2,0,42.231224,245,177,73.4,64.2,0,44.44172,175,248,72.2,64.2,0,46.251995,245,426,71.2,64,0,40.214577,420,163,72.2,64.5,0,26.032602,160,340,72,64.3,0,38.536945,335,308,72.5,64.6,0,32.00783,300,408,71.9,64,0,28.042328,400,198,70.6,64.6,0,37.349693,195,397,70.9,63.9,0,32.782234,380,355,70,64.3,0,29.864866,335,177,73.4,63.8,0,60.305435,175,250,72.1,64.2,0,45.10876,245,355,71.9,63.8,0,37.7152,350,162,72.8,64.2,0,33.55753,160,341,73.6,64.1,0,39.89011,335,232,72.6,65,0,40.287327,230,293,73.3,64,0,36.408184,285,201,70,64.6,0,43.215286,195,408,73.2,64.2,0,41.405178,380,349,71.5,63.8,0,40.228092,335,178,73,63.9,0,55.957787,175,250,73.2,64,0,45.130787,245,427,72,64,0,46.483032,420,162,74,64,0,30.713675,160,346,72.2,64,0,33.786766,335,108,71.8,64.6,0,32.945354,100,342,72.2,64.5,0,39.223183,335,198,71.1,284.9,0,33.251686,195,386,72.7,64,0,37.118225,380,341,71.2,64,0,42.005886,335,258,73.9,63.9,0,40.89042,259.9999,300,73.8,64,0,51.688618,304.58932,356,72.3,63.9,0,39.564583,350,162,72.1,64.3,0,42.85417,160,359,69.8,63.8,0,50.930088,335,233,73.6,64.5,0,43.587852,230,162,71.7,64.2,0,34.128147,150,199,70.6,64.9,0,43.519897,195,389,72.8,64.1,0,41.110138,380,584,69.5,63.7,0,67.3095,575,337,73.3,64.6,0,45.45638,335,254,72.8,64.7,0,42.69244,250,177,72.7,64.6,0,59.319466,175,196,73.3,64.5,0,31.051434,190,188,70.4,64.3,0,44.705765,185,309,69.6,64,0,40.639366,300,304,72.1,63.8,0,35.366714,300,212,68.6,63.8,0,55.126213,210,890,68,63.6,0,91.3823,880,87.8,87.9,89.8,144.1,104.7,116,-0.5,0.5,29.78
20170729,1415,74.7,67.3,31.52744208,37.94529,252,47.2,43.9,5.6,73.5,70.9,-0.1,0.55,0,0,0,5,100,100,1,1,1,0,0,200,72,7.5,5.6,7.5,200,70.8,73.5,61.5,100,15,39.4,60.8,100,0,74.1,1.4,61.8,1.8125,65.1,0,0,51,13.4,0,0,0,72.7,72.5,63.2,68.6,15,41.3,61.4,57.4,0,72.6,1,61.8,1.8125,64,0,0,91.1,73.5,15.5,4.7,1.2,15,15,82.1,65.1,82.6,100,31.6,0,72.5,1.3,65.55173,65.05173,0,12.9,0,0,0,20,1,72,203,64.5,0,25.356058,200,72,68,2611.5657,69,62.8,35.9,2200,268,72.5,62.6,0,50.36243,260,131,70.3,63.3,0,50.854958,125,1049,72.1,62.9,0,31.403637,1050.9998,701,75.7,63.4,0,33.50885,700,620,70.7,63.2,0,43.797592,600,205,72.5,63.5,0,35.679134,200,132,71.6,63.5,0,52.49724,125,340,71.2,63.9,0,28.247028,330,250,71.7,64.3,0,100,650,625,70.6,64.6,0,100,950,509,0,63.4,0,33.31702,500,510,71.5,63.4,0,33.07327,500,179,73.1,64.1,0,47.971977,175,252,70.2,64.5,0,42.725826,245,225,71.2,64.2,0,41.476856,220,358,72.8,64.1,0,32.490223,350,168,73.1,64.3,0,33.313004,160,343,71.6,64.3,0,31.254595,335,342,73,64.2,0,28.131517,335,199,70.8,64.8,0,36.395977,195,392,73.6,64.5,0,27.572575,380,250,69.6,64.1,0,42.231224,245,178,73.4,64.1,0,44.44172,175,250,72.2,64.2,0,46.251995,245,428,71.2,63.9,0,40.214577,420,164,72.2,64.5,0,26.032602,160,342,72,64.3,0,38.536945,335,308,72.5,64.5,0,32.00783,300,407,71.8,64,0,28.042328,400,199,70.6,64.6,0,37.349693,195,408,70.9,63.9,0,33.25108,380,357,70,64.3,0,29.864866,335,178,73.4,63.8,0,60.305435,175,251,72.1,64.2,0,45.10876,245,357,71.8,63.8,0,37.7152,350,162,72.8,64.2,0,33.55753,160,341,73.4,64.1,0,39.89011,335,232,72.6,64.9,0,40.287327,230,290,73.3,64,0,36.408184,285,202,70,64.6,0,43.215286,195,408,73.2,64.2,0,41.405178,380,350,71.5,63.8,0,40.228092,335,180,73.1,63.9,0,55.957787,175,251,73.2,64,0,45.130787,245,430,72,64,0,46.483032,420,164,74,64,0,30.713675,160,345,72.1,63.9,0,33.786766,335,107,71.8,64.6,0,32.945354,100,344,72.2,64.5,0,39.223183,335,199,71.1,285,0,33.251686,195,389,72.7,64,0,37.118225,380,341,71.1,64,0,42.005886,335,261,73.8,63.9,0,40.89042,259.9999,302,73.8,64,0,51.688618,304.58932,355,72.3,63.9,0,39.564583,350,163,72.1,64.2,0,42.85417,160,365,69.8,63.8,0,50.930088,335,233,73.5,64.5,0,43.587852,230,161,71.7,64.2,0,34.128147,150,200,70.5,64.9,0,43.519897,195,396,72.8,64.1,0,41.110138,380,591,69.5,63.7,0,67.3095,575,337,73.3,64.6,0,45.45638,335,256,72.8,64.7,0,42.69244,250,178,72.6,64.6,0,59.319466,175,195,73.3,64.5,0,31.051434,190,190,70.4,64.3,0,44.705765,185,309,69.6,64,0,40.639366,300,306,72.1,63.8,0,35.366714,300,212,68.5,63.8,0,55.126213,210,894,68,63.6,0,91.20879,880,87.8,87.9,89.9,145.1,104.7,116.2,1.2,-0.1,29.78
20170729,1420,74.8,67.7,31.68120102,37.94529,249,47.1,43.8,5.6,73.4,70.3,-0.1,0.55,0,0,0,5,100,100,1,1,1,0,0,200,72,7.5,5.6,7.5,200,70.8,73.5,61.4,100,15,38.8,60.8,100,0,74,1.4,61.8,1.8125,65.1,0,0,50.4,13.6,0,0,0,72.6,72.6,63.5,68.8,15,41.3,61.4,55.4,0,72.6,1,61.8,1.8125,64,0,0,90.9,74.3,15.3,4.8,1.9,15,15,82.3,65.1,82.6,100,31.5,0,72.5,1.3,65.55173,65.05173,0,12.9,0,0,0,20,0,72,205,64.5,0,25.356058,200,72,68,2123.706,68.9,62.8,40,2200,268,72.4,62.5,0,50.36243,260,131,70.3,63.3,0,50.854958,125,1111,72.1,62.9,0,32.890858,1152.9998,700,75.6,63.4,0,33.54246,700,622,70.7,63.2,0,43.797592,600,206,72.5,63.4,0,35.679134,200,131,71.5,63.5,0,52.49724,125,340,71.2,63.9,0,28.247028,330,250,71.7,64.2,0,100,650,625,70.6,64.5,0,100,950,509,0,63.4,0,33.31702,500,510,71.5,63.4,0,33.07327,500,179,73.1,64.2,0,47.971977,175,249,70.2,64.5,0,42.725826,245,223,71.1,64.3,0,41.476856,220,356,72.7,64.2,0,32.490223,350,168,73.1,64.3,0,33.313004,160,342,71.6,64.3,0,31.254595,335,341,72.9,64.2,0,28.131517,335,198,70.8,64.8,0,36.395977,195,393,73.6,64.5,0,27.572575,380,248,69.5,64.2,0,42.231224,245,177,73.4,64.1,0,44.44172,175,249,72.2,64.2,0,46.251995,245,426,71.2,64,0,40.214577,420,163,72.2,64.5,0,26.032602,160,341,72,64.3,0,38.536945,335,308,72.5,64.5,0,32.00783,300,408,71.8,64,0,28.042328,400,198,70.6,64.5,0,37.349693,195,416,70.9,63.9,0,32.954967,380,351,70,64.4,0,29.864866,335,178,73.3,63.8,0,60.305435,175,249,72.1,64.2,0,45.10876,245,355,71.8,63.8,0,37.7152,350,162,72.8,64.2,0,33.55753,160,342,73.6,64.1,0,39.89011,335,232,72.6,64.9,0,40.287327,230,291,73.3,64,0,36.408184,285,201,70,64.6,0,43.215286,195,407,73.1,64.2,0,41.405178,380,349,71.5,63.8,0,40.228092,335,179,73.1,64,0,55.957787,175,250,73.2,64,0,45.130787,245,426,72,64.1,0,46.483032,420,162,74.1,64,0,30.713675,160,343,72.1,64,0,33.786766,335,106,71.8,64.6,0,32.945354,100,342,72.2,64.5,0,39.223183,335,198,71,284.9,0,33.251686,195,391,72.6,64.1,0,37.118225,380,342,71.1,64.1,0,42.005886,335,258,73.8,64,0,40.89042,259.9999,301,73.8,64,0,51.688618,304.58932,354,72.3,63.9,0,39.564583,350,163,72.1,64.3,0,42.85417,160,360,69.8,63.8,0,50.930088,335,233,73.5,64.5,0,43.587852,230,161,71.7,64.2,0,34.128147,150,199,70.5,64.9,0,43.519897,195,392,72.7,64.1,0,41.110138,380,586,69.4,63.7,0,67.3095,575,337,73.3,64.6,0,45.45638,335,254,72.8,64.6,0,42.69244,250,178,72.6,64.6,0,59.319466,175,195,73.3,64.5,0,31.051434,190,189,70.4,64.3,0,44.705765,185,306,69.6,64,0,40.639366,300,305,72.1,63.8,0,35.366714,300,212,68.5,63.8,0,55.126213,210,891,68,63.7,0,91.44014,880,87.8,87.9,89.8,142.1,104.7,116.2,1.1,0.4,29.78
20170729,1425,74.9,68,31.81494296,37.94529,247,47.2,44.1,5.6,76.7,74.4,-0.2,0.55,0,0,0,5,100,100,1,1,1,0,0,200,72,7.5,5.6,7.5,200,70.8,73.5,61.5,100,15,38.3,60.8,100,0,74,1.35,61.8,1.8125,65.1,0,0,51.1,13.5,0,0,0,72.6,72.5,63.4,68.9,15,41.3,61.4,56.1,0,72.6,0.98,61.8,1.8125,64,0,0,90.7,73.8,15.1,4.8,1.1,15,15,82.1,65.1,82.6,100,31.6,0,72.5,1.3,65.55173,65.05173,0,12.9,0,0,1,21.2,0,72,421,64,0,30.018257,415.99945,72,68,2123.706,68.9,62.8,41.1,2200,265,72.4,62.5,0,50.36243,260,129,70.3,63.2,0,50.854958,125,1195,72,62.9,0,34.759094,1203.9998,705,75.6,63.4,0,32.61259,700,613,70.7,63.2,0,43.797592,600,203,72.5,63.4,0,35.679134,200,129,71.5,63.4,0,52.49724,125,336,71.1,63.9,0,28.247028,330,245,71.7,64.2,0,100,650,617,70.6,64.5,0,100,950,506,0,63.4,0,33.31702,500,509,71.5,63.3,0,33.07327,500,178,73.1,64.2,0,47.971977,175,249,70.2,64.5,0,42.725826,245,223,71.1,64.3,0,41.476856,220,357,72.7,64.2,0,32.490223,350,168,73.1,64.3,0,33.313004,160,340,71.5,64.3,0,31.254595,335,339,72.9,64.2,0,28.131517,335,199,70.8,64.8,0,36.395977,195,390,73.5,64.5,0,27.572575,380,248,69.5,64.2,0,42.231224,245,177,73.4,64.2,0,44.44172,175,249,72.1,64.2,0,46.251995,245,428,71.2,64,0,40.214577,420,163,72.2,64.5,0,26.032602,160,342,72,64.3,0,38.536945,335,308,72.5,64.6,0,32.00783,300,406,71.8,64,0,28.042328,400,199,70.6,64.6,0,37.349693,195,413,70.8,64,0,32.954967,380,354,70,64.4,0,29.864866,335,178,73.3,63.8,0,60.305435,175,248,72.1,64.2,0,45.10876,245,356,71.8,63.9,0,37.7152,350,162,72.8,64.2,0,33.55753,160,345,73.5,64.1,0,39.89011,335,233,72.5,64.9,0,40.287327,230,293,73.3,64.1,0,36.408184,285,200,70,64.6,0,43.215286,195,406,73.1,64.2,0,41.405178,380,347,71.4,63.8,0,40.228092,335,177,73.1,64,0,55.957787,175,249,73.2,64,0,45.130787,245,427,72,64.1,0,46.483032,420,210,74.1,64,0,34.435062,209.39989,343,72.1,64,0,33.786766,335,106,71.8,64.6,0,32.945354,100,341,72.2,64.5,0,39.223183,335,198,71,284.7,0,33.251686,195,393,72.6,64.1,0,37.118225,380,340,71.1,64.1,0,42.005886,335,223,73.7,64,0,38.259132,223.99982,301,73.8,64.1,0,51.688618,304.58932,354,72.2,63.9,0,39.564583,350,163,72.1,64.3,0,42.85417,160,361,69.7,63.9,0,50.930088,335,233,73.5,64.5,0,43.587852,230,161,71.7,64.3,0,34.128147,150,199,70.5,64.9,0,43.519897,195,390,72.7,64.1,0,41.110138,380,587,69.4,63.8,0,67.3095,575,337,73.3,64.6,0,45.45638,335,254,72.8,64.7,0,42.69244,250,177,72.6,64.6,0,59.319466,175,196,73.3,64.5,0,31.051434,190,189,70.4,64.3,0,44.705765,185,308,69.6,64,0,40.639366,300,303,72.1,63.8,0,35.366714,300,212,68.5,63.9,0,55.126213,210,889,68,63.7,0,91.417,880,87.8,87.9,89.7,143.1,104.7,115.9,3.1,-0.1,29.78
20170729,1430,74.7,68.2,31.71299063,37.94529,251,47.2,44.2,5.6,75.2,72.9,-0.2,0.55,0,0,0,5,100,100,1,1,1,0,0,200,72,7.5,5.6,7.5,200,70.7,73.5,61.5,100,15,37.8,60.8,100,0,74,1.35,61.8,1.8125,65.3,0,0,50.5,13.4,0,0,0,72.6,72.5,63.4,68.8,15,41.3,61.4,56.1,0,72.5,1.01,61.8,1.8125,64,0,0,90.7,73.7,15.5,4.7,1,15,15,81.8,65.1,82.6,100,31.5,0,72.5,1.3,65.55173,65.05173,0,12.9,0,0,1,20.5,1,72,531,63.7,0,32.221546,523.99945,72,68,2611.5657,68.9,62.8,37.3,2200,262,72.4,62.6,0,50.36243,260,128,70.2,63.2,0,50.854958,125,1191,71.9,62.9,0,34.857426,1203.9998,705,75.6,63.4,0,32.46695,700,609,70.7,63.2,0,43.797592,600,201,72.5,63.5,0,35.679134,200,128,71.4,63.4,0,52.49724,125,335,71.1,63.9,0,28.247028,330,244,71.7,64.2,0,100,650,614,70.5,64.5,0,100,950,504,0,63.4,0,33.31702,500,508,71.5,63.4,0,33.07327,500,179,73.1,64.2,0,47.971977,175,250,70.1,64.5,0,42.725826,245,223,71,64.3,0,41.476856,220,358,72.7,64.2,0,32.490223,350,168,73,64.3,0,33.313004,160,343,71.5,64.3,0,31.254595,335,342,73,64.2,0,28.131517,335,200,70.8,64.8,0,36.395977,195,391,73.5,64.5,0,25.929585,380,253,69.5,64.2,0,43.630337,245,178,73.4,64.2,0,44.44172,175,249,72.1,64.3,0,46.251995,245,430,71.1,64,0,40.214577,420,164,72.2,64.5,0,26.032602,160,344,71.9,64.3,0,38.536945,335,308,72.4,64.6,0,32.00783,300,408,71.8,64,0,28.042328,400,200,70.6,64.6,0,37.349693,195,416,70.8,63.9,0,32.954967,380,354,70,64.4,0,29.864866,335,179,73.3,63.9,0,60.305435,175,248,72,64.2,0,45.10876,245,356,71.8,63.8,0,37.7152,350,162,72.8,64.2,0,33.55753,160,344,73.5,64.1,0,39.89011,335,234,72.5,65,0,40.287327,230,295,73.3,64,0,36.408184,285,201,70,64.6,0,43.215286,195,408,73.1,64.2,0,41.405178,380,350,71.4,63.9,0,40.228092,335,178,73,64,0,55.957787,175,251,73.1,64,0,45.130787,245,428,71.9,64.1,0,46.483032,420,232,74,63.9,0,37.103687,232.19989,346,72.1,64,0,33.786766,335,107,71.8,64.6,0,32.945354,100,340,72.2,64.5,0,39.223183,335,199,71,284.8,0,33.251686,195,393,72.6,64,0,37.118225,380,343,71.1,64.1,0,42.005886,335,225,73.8,64,0,38.259132,223.99982,301,73.8,64.1,0,51.688618,304.58932,353,72.2,63.9,0,39.564583,350,162,72.1,64.3,0,42.85417,160,367,69.7,63.9,0,50.930088,335,234,73.5,64.5,0,43.587852,230,167,71.7,64.2,0,34.128147,150,200,70.5,64.9,0,43.519897,195,399,72.7,64.1,0,41.110138,380,590,69.4,63.8,0,67.3095,575,337,73.3,64.6,0,45.45638,335,256,72.8,64.7,0,42.69244,250,178,72.6,64.6,0,59.319466,175,196,73.3,64.5,0,31.051434,190,189,70.4,64.3,0,44.705765,185,308,69.6,64,0,40.639366,300,306,72,63.8,0,35.366714,300,212,68.5,63.9,0,55.126213,210,890,67.9,63.7,0,91.451706,880,87.8,87.9,89.9,143.1,104.7,115.9,1.2,-0.3,29.78
20170729,1435,74.6,68.6,31.7236774,37.94529,252,47.3,44,5.6,73.2,70.4,-0.2,0.55,0,0,0,5,100,100,1,1,1,0,0,200,72,7.5,5.6,7.5,200,70.7,73.4,61.7,100,15,37.7,60.8,100,0,74,1.35,61.8,1.8125,65.3,0,0,51,13.7,0,0,0,72.6,72.5,63.4,68.3,15,41.3,61.4,56.5,0,72.5,1,61.8,1.8125,64,0,0,91,73.2,15,4.4,0.5,15,15,82.8,65.1,82.6,100,32.4,0,72.5,1.3,65.55173,65.05173,0,12.9,0,0,0,20,1,72,523,63.8,0,31.60073,523.99945,72,68,2123.706,68.9,63,41.3,2200,264,72.3,62.7,0,50.36243,260,128,70.2,63.4,0,50.854958,125,1184,71.8,63,0,34.267452,1203.9998,704,75.6,63.5,0,32.71342,700,609,70.7,63.3,0,43.797592,600,201,72.4,63.6,0,35.679134,200,129,71.4,63.6,0,52.49724,125,334,71,64,0,28.247028,330,244,71.7,64.3,0,100,650,614,70.5,64.6,0,100,950,506,0,63.5,0,33.31702,500,508,71.4,63.5,0,33.07327,500,179,73,64.2,0,47.971977,175,250,70.1,64.5,0,42.725826,245,224,71,64.2,0,41.476856,220,356,72.6,64.1,0,32.490223,350,168,73,64.3,0,33.313004,160,341,71.5,64.3,0,31.254595,335,341,73,64.2,0,28.131517,335,199,70.8,64.8,0,36.395977,195,387,73.5,64.5,0,25.929585,380,251,69.5,64.1,0,43.630337,245,177,73.4,64.1,0,44.44172,175,249,72.1,64.2,0,46.251995,245,428,71.1,63.9,0,40.214577,420,164,72.2,64.5,0,26.032602,160,342,71.9,64.3,0,38.536945,335,308,72.4,64.6,0,32.00783,300,409,71.8,64,0,28.042328,400,198,70.6,64.5,0,37.349693,195,419,70.8,63.9,0,32.954967,380,351,70,64.3,0,29.864866,335,181,73.3,63.8,0,60.305435,175,251,72,64.2,0,45.10876,245,359,71.7,63.8,0,37.7152,350,162,72.8,64.2,0,33.55753,160,344,73.5,64.1,0,39.89011,335,234,72.5,64.9,0,40.287327,230,295,73.3,64,0,36.408184,285,204,70,64.6,0,43.215286,195,395,73.1,64.1,0,41.405178,380,336,71.4,63.8,0,39.711884,335,178,73,63.9,0,55.957787,175,250,73.1,64,0,45.130787,245,426,71.9,64,0,46.483032,420,232,74,63.9,0,37.103687,232.19989,342,72.1,63.9,0,33.786766,335,107,71.7,64.6,0,32.945354,100,341,72.2,64.4,0,39.223183,335,198,71,285.1,0,33.251686,195,388,72.6,64,0,37.118225,380,340,71.1,64.1,0,42.005886,335,225,73.8,64,0,38.259132,223.99982,247,73.7,64.1,0,47.259983,245,356,72.2,63.8,0,39.564583,350,163,72.1,64.3,0,42.85417,160,366,69.7,63.8,0,50.930088,335,233,73.5,64.5,0,43.587852,230,164,71.7,64.2,0,34.128147,150,201,70.5,64.9,0,43.519897,195,386,72.6,64.1,0,41.110138,380,582,69.4,63.7,0,67.3095,575,337,73.3,64.6,0,45.45638,335,254,72.8,64.6,0,42.69244,250,177,72.6,64.6,0,59.319466,175,196,73.2,64.5,0,31.051434,190,189,70.4,64.3,0,44.705765,185,309,69.6,64,0,40.639366,300,304,72,63.7,0,35.366714,300,212,68.4,63.8,0,55.126213,210,887,67.9,63.6,0,91.96067,880,87.8,87.9,89.7,144.1,104.6,116,3.2,0,29.78
20170729,1440,74.6,67.7,31.53873705,37.94529,248,47.2,44,5.6,74.1,70.6,-0.2,0.55,0,0,0,5,100,100,1,1,1,0,0,200,72,7.5,5.6,7.5,200,70.7,73.4,61.7,100,15,37.6,60.8,100,0,73.9,1.35,61.8,1.8125,65.3,0,0,50.3,13.5,0,0,0,72.6,72.5,63.2,68.1,15,41.3,61.4,56.7,0,72.5,0.99,61.8,1.8125,64,0,0,91,72.9,17.1,4.5,1.2,15,15,82.3,65.1,82.6,100,31.6,0,72.5,1.3,65.55173,65.05173,0,12.9,0,0,0,20,0,72,522,63.9,0,31.60073,523.99945,72,68,2611.5657,68.9,63,35.6,2200,265,72.3,62.7,0,50.36243,260,128,70.2,63.4,0,50.854958,125,1184,71.8,63,0,34.267452,1203.9998,703,75.5,63.6,0,32.937485,700,608,70.6,63.3,0,43.797592,600,201,72.4,63.6,0,35.679134,200,129,71.4,63.6,0,52.49724,125,335,71,64,0,28.247028,330,245,71.7,64.4,0,100,650,615,70.5,64.6,0,100,950,506,0,63.5,0,33.31702,500,508,71.4,63.5,0,33.07327,500,179,73,64.1,0,47.971977,175,250,70.1,64.4,0,42.725826,245,223,71,64.2,0,41.476856,220,357,72.6,64.1,0,32.490223,350,168,73,64.3,0,33.313004,160,342,71.5,64.3,0,31.254595,335,340,73,64.2,0,28.131517,335,199,70.8,64.8,0,36.395977,195,387,73.5,64.5,0,25.929585,380,251,69.5,64.1,0,43.630337,245,177,73.3,64.1,0,44.44172,175,249,72,64.2,0,46.251995,245,428,71,63.9,0,40.214577,420,163,72.2,64.5,0,26.032602,160,343,71.9,64.3,0,38.536945,335,308,72.4,64.5,0,32.00783,300,408,71.8,63.9,0,28.042328,400,199,70.6,64.5,0,37.349693,195,410,70.8,63.9,0,32.954967,380,353,70,64.3,0,29.864866,335,180,73.3,63.7,0,60.305435,175,253,72,64.1,0,45.10876,245,357,71.7,63.8,0,37.7152,350,162,72.8,64.2,0,33.55753,160,344,73.5,64,0,39.89011,335,235,72.5,64.9,0,40.287327,230,295,73.2,64,0,36.408184,285,203,70,64.5,0,43.215286,195,405,73.1,64.1,0,41.405178,380,340,71.4,63.8,0,39.711884,335,177,73,63.9,0,55.957787,175,250,73.1,63.9,0,45.130787,245,427,71.9,64,0,46.483032,420,232,74,63.8,0,37.103687,232.19989,346,72,63.9,0,33.786766,335,107,71.7,64.6,0,32.945354,100,341,72.2,64.4,0,39.223183,335,198,71,284.8,0,33.251686,195,386,72.6,64,0,37.118225,380,338,71,64,0,42.005886,335,225,73.8,63.9,0,38.259132,223.99982,249,73.7,64,0,47.790997,245,354,72.1,63.9,0,39.564583,350,163,72.1,64.2,0,42.85417,160,363,69.7,63.8,0,50.930088,335,234,73.4,64.5,0,43.587852,230,158,71.7,64.2,0,34.128147,150,200,70.5,64.9,0,43.519897,195,393,72.6,64.1,0,41.110138,380,584,69.4,63.7,0,67.3095,575,337,73.2,64.6,0,45.45638,335,254,72.8,64.6,0,42.69244,250,178,72.6,64.6,0,59.319466,175,195,73.2,64.4,0,31.051434,190,188,70.4,64.2,0,44.705765,185,309,69.5,64,0,40.639366,300,305,72,63.7,0,35.366714,300,212,68.4,63.8,0,55.126213,210,887,67.9,63.6,0,91.035286,880,87.8,87.9,89.8,144.1,104.6,115.8,-0.3,0.1,29.78
20170729,1445,74.7,67.7,31.60989586,37.94529,252,47.2,44.1,5.6,75.7,73.1,-0.2,0.55,0,0,0,5,100,100,1,1,1,0,0,200,72,7.5,5.6,7.5,200,70.7,73.5,61.7,100,15,37.4,60.8,100,0,74,1.35,61.8,1.8125,65.4,0,0,50.4,13.4,0,0,0,72.6,72.5,63.4,68.2,15,41.3,61.4,55.4,0,72.5,1.01,61.8,1.8125,64,0,0,90.9,73.1,15,4.7,1.4,15,15,81.8,65.1,82.6,100,31,0,72.5,1.3,65.55173,65.05173,0,12.9,0,0,1,20.1,1,72,522,63.9,0,31.60073,523.99945,72,68,2123.706,68.9,63,39.6,2200,264,72.3,62.8,0,50.36243,260,129,70.2,63.4,0,50.854958,125,1188,71.8,63.1,0,31.120945,1152.9995,702,75.5,63.6,0,33.36321,700,612,70.7,63.4,0,43.797592,600,203,72.4,63.6,0,36.13435,200,129,71.4,63.7,0,52.49724,125,336,71,64,0,28.247028,330,245,71.7,64.4,0,100,650,614,70.5,64.7,0,100,950,505,0,63.5,0,33.31702,500,509,71.4,63.5,0,33.07327,500,178,73,64.1,0,47.971977,175,249,70.1,64.5,0,42.725826,245,223,71,64.2,0,41.476856,220,357,72.6,64.1,0,32.490223,350,168,73,64.3,0,33.313004,160,340,71.5,64.2,0,31.254595,335,339,73,64.2,0,28.131517,335,199,70.8,64.8,0,36.395977,195,387,73.5,64.5,0,26.856083,380,252,69.5,64.1,0,43.630337,245,177,73.3,64.1,0,44.44172,175,248,72,64.2,0,46.251995,245,426,71,63.9,0,40.214577,420,163,72.2,64.4,0,26.032602,160,341,71.9,64.2,0,38.536945,335,308,72.4,64.5,0,32.00783,300,406,71.8,64,0,28.042328,400,198,70.5,64.5,0,37.349693,195,402,70.8,63.9,0,32.954967,380,342,70,64.3,0,29.864866,335,180,73.3,63.7,0,60.305435,175,249,72,64.1,0,45.10876,245,359,71.7,63.8,0,37.7152,350,162,72.8,64.2,0,33.55753,160,344,73.5,64,0,39.89011,335,234,72.5,64.9,0,40.287327,230,292,73.3,64,0,36.408184,285,203,70,64.5,0,43.215286,195,397,73.1,64.1,0,41.405178,380,337,71.4,63.7,0,39.711884,335,177,73,63.9,0,55.957787,175,249,73.1,63.9,0,45.130787,245,426,71.9,64,0,46.483032,420,230,73.9,63.9,0,37.103687,232.19989,344,72,64,0,33.786766,335,106,71.7,64.6,0,32.945354,100,339,72.2,64.4,0,39.223183,335,202,71,284.8,0,33.239437,195,386,72.5,64,0,37.118225,380,340,71.1,64,0,42.005886,335,224,73.8,64,0,38.259132,223.99982,248,73.7,64.1,0,47.790997,245,354,72.1,63.8,0,39.564583,350,163,72.1,64.2,0,42.85417,160,360,69.7,63.8,0,50.930088,335,233,73.4,64.5,0,43.587852,230,158,71.7,64.1,0,34.128147,150,199,70.5,64.8,0,43.519897,195,394,72.6,64.1,0,41.110138,380,584,69.4,63.7,0,67.3095,575,337,73.2,64.5,0,45.45638,335,254,72.8,64.6,0,42.69244,250,177,72.6,64.5,0,59.319466,175,196,73.2,64.4,0,31.051434,190,188,70.3,64.3,0,44.705765,185,309,69.5,64,0,40.639366,300,304,72,63.7,0,35.366714,300,212,68.4,63.8,0,55.126213,210,889,67.9,63.6,0,91.451706,880,87.8,87.9,89.8,144.1,104.6,115.9,0,0.5,29.78
20170729,1450,74.7,67.3,31.52744208,37.94529,253,47.1,43.9,5.6,73.8,70.7,-0.2,0.55,0,0,0,5,100,100,1,1,1,0,0,200,72,7.5,5.6,7.5,200,70.7,73.4,61.7,100,15,37.4,60.8,100,0,74,1.35,61.8,1.8125,65.4,0,0,50.7,13.5,0,0,0,72.6,72.5,63.5,68.4,15,41.2,61.4,58.3,0,72.5,1,61.8,1.8125,64,0,0,90.9,73.4,17.5,4.8,1.1,15,15,81.8,65.1,82.6,100,31.9,0,72.5,1.3,65.55173,65.05173,0,12.9,0,0,0,20,0,72,421,63.9,0,31.965918,415.9989,72,68,2123.706,68.9,63,40.7,2200,266,72.3,62.8,0,50.36243,260,129,70.2,63.4,0,50.854958,125,1122,71.8,63.1,0,32.300884,1101.9995,701,75.4,63.6,0,33.46404,700,615,70.7,63.4,0,43.797592,600,203,72.4,63.6,0,36.13435,200,130,71.4,63.6,0,52.49724,125,336,71,64,0,28.247028,330,246,71.7,64.4,0,100,650,618,70.4,64.7,0,100,950,506,0,63.6,0,33.31702,500,509,71.4,63.5,0,33.07327,500,178,73,64.1,0,47.971977,175,249,70,64.5,0,42.725826,245,223,71,64.2,0,41.476856,220,355,72.6,64.1,0,32.490223,350,168,73,64.2,0,33.313004,160,339,71.5,64.2,0,31.254595,335,339,73.1,64.2,0,28.131517,335,198,70.8,64.8,0,36.395977,195,390,73.5,64.5,0,27.955528,380,256,69.5,64.1,0,43.630337,245,177,73.3,64.1,0,44.44172,175,248,72,64.2,0,46.251995,245,425,71,63.9,0,40.214577,420,163,72.2,64.5,0,26.032602,160,341,71.9,64.3,0,38.536945,335,307,72.4,64.5,0,32.00783,300,406,71.8,64,0,28.042328,400,197,70.5,64.5,0,37.349693,195,413,70.8,63.9,0,32.954967,380,351,70,64.3,0,29.864866,335,177,73.3,63.8,0,60.305435,175,247,72,64.2,0,45.10876,245,353,71.7,63.8,0,37.7152,350,162,72.8,64.2,0,33.55753,160,341,73.5,64,0,39.89011,335,231,72.5,64.9,0,40.287327,230,292,73.3,64,0,36.408184,285,200,70,64.5,0,43.215286,195,405,73.1,64.2,0,41.405178,380,348,71.4,63.8,0,39.711884,335,176,73,63.9,0,55.957787,175,247,73.1,63.9,0,45.130787,245,426,71.9,64,0,46.483032,420,231,73.9,63.9,0,37.103687,232.19989,344,72,63.9,0,33.786766,335,108,71.7,64.5,0,32.945354,100,337,72.2,64.4,0,39.223183,335,199,71,284.9,0,32.79853,195,388,72.5,64,0,37.118225,380,339,71.1,64,0,42.005886,335,225,73.8,63.9,0,38.259132,223.99982,249,73.7,64.1,0,47.790997,245,355,72.1,63.8,0,39.564583,350,163,72,64.2,0,42.85417,160,358,69.6,63.8,0,50.930088,335,232,73.4,64.5,0,43.587852,230,160,71.7,64.2,0,34.128147,150,199,70.5,64.9,0,43.519897,195,388,72.6,64.1,0,41.110138,380,579,69.4,63.7,0,67.3095,575,337,73.2,64.5,0,45.45638,335,253,72.8,64.6,0,42.69244,250,177,72.5,64.6,0,59.319466,175,196,73.1,64.5,0,31.051434,190,188,70.3,64.2,0,44.705765,185,304,69.5,64,0,40.639366,300,304,72,63.7,0,35.366714,300,211,68.4,63.8,0,55.126213,210,888,67.9,63.6,0,91.451706,880,87.8,87.9,89.7,142.1,104.6,116.1,1.2,-0.1,29.78
20170729,1455,74.7,67.5,31.56399583,37.94529,251,47.4,44.4,5.6,76,72.6,-0.1,0.55,0,0,0,5,100,100,1,1,1,0,0,200,72,7.5,5.6,7.5,200,70.7,73.5,61.8,100,15,37.4,60.8,100,0,74,1.4,61.8,1.8125,65.5,0,0,50.5,13.5,0,0,0,72.6,72.6,63.3,68.6,15,41.2,61.4,57.2,0,72.5,0.97,61.8,1.8125,64,0,0,91.1,73.7,16.5,4.5,1.2,15,15,82.7,65.1,82.6,100,30.7,0,72.5,1.3,65.55173,65.05173,0,13,0,0,1,20.8,0,72,199,64.2,0,24.382227,200,72,68,2123.706,68.9,63.1,35,2200,268,72.3,62.8,0,50.36243,260,131,70.2,63.5,0,50.854958,125,1107,71.8,63.1,0,32.018192,1101.9995,699,75.3,63.6,0,33.531258,700,620,70.7,63.4,0,43.797592,600,205,72.4,63.7,0,36.13435,200,132,71.4,63.7,0,52.49724,125,338,71,64.1,0,28.247028,330,248,71.7,64.4,0,100,650,624,70.5,64.7,0,100,950,508,0,63.6,0,33.31702,500,510,71.4,63.6,0,33.07327,500,178,73,64.1,0,47.971977,175,249,70,64.5,0,42.725826,245,221,71,64.2,0,41.476856,220,356,72.6,64.1,0,32.490223,350,168,73,64.2,0,33.313004,160,340,71.4,64.3,0,31.254595,335,340,73.1,64.2,0,28.131517,335,198,70.8,64.8,0,36.395977,195,392,73.4,64.4,0,27.955528,380,254,69.5,64.1,0,43.630337,245,177,73.3,64.1,0,44.44172,175,248,72,64.2,0,46.251995,245,426,71,63.9,0,40.214577,420,163,72.2,64.5,0,26.032602,160,340,71.8,64.2,0,38.536945,335,308,72.4,64.5,0,32.00783,300,406,71.8,63.9,0,28.042328,400,197,70.5,64.5,0,37.349693,195,398,70.8,63.9,0,32.954967,380,350,70,64.3,0,29.864866,335,177,73.3,63.8,0,60.305435,175,249,72,64.1,0,45.10876,245,354,71.7,63.8,0,37.7152,350,162,72.8,64.2,0,33.55753,160,341,73.5,64,0,39.89011,335,231,72.4,64.9,0,40.287327,230,289,73.2,64,0,36.408184,285,200,70,64.5,0,43.215286,195,410,73,64.1,0,41.405178,380,348,71.4,63.8,0,40.588234,335,176,73,63.9,0,55.957787,175,247,73,63.9,0,45.130787,245,426,71.9,64,0,46.483032,420,230,73.9,63.8,0,37.103687,232.19989,344,72,63.9,0,33.786766,335,105,71.6,64.6,0,32.945354,100,340,72.2,64.4,0,39.223183,335,198,71,285,0,32.79853,195,388,72.5,64,0,37.118225,380,337,71,64,0,42.005886,335,225,73.8,64,0,38.259132,223.99982,247,73.8,64.1,0,47.790997,245,353,72.1,63.8,0,39.564583,350,163,72.1,64.2,0,42.85417,160,361,69.6,63.8,0,50.930088,335,232,73.4,64.4,0,43.587852,230,159,71.6,64.1,0,34.128147,150,199,70.4,64.9,0,43.519897,195,390,72.6,64.1,0,41.110138,380,582,69.4,63.7,0,67.3095,575,337,73.2,64.6,0,45.45638,335,254,72.8,64.6,0,42.69244,250,177,72.5,64.5,0,59.319466,175,195,73.2,64.5,0,31.051434,190,188,70.3,64.2,0,44.705765,185,308,69.5,63.9,0,40.639366,300,304,72,63.7,0,35.366714,300,211,68.4,63.8,0,55.126213,210,887,67.9,63.6,0,91.451706,880,87.8,87.9,89.7,142.1,104.6,115.8,-0.3,0.3,29.79
20170729,1500,74.9,68.2,31.85172141,37.94529,253,47.1,43.9,5.6,75.9,73.1,-0.1,0.55,0,0,0,5,100,100,1,1,1,0,0,200,72,7.5,5.6,7.5,200,70.7,73.6,61.8,100,15,37.4,60.8,100,0,74,1.4,61.8,1.8125,65.6,0,0,50.9,13.5,0,0,0,72.6,72.6,63.3,68.5,15,41.2,61.4,55.5,0,72.6,0.99,61.8,1.8125,64,0,0,91,73.6,14.6,4.4,1.4,15,15,84.8,65.1,82.6,100,33.5,0,72.5,1.3,65.55173,65.05173,0,12.9,0,0,1,20.4,1,72,202,64.6,0,25.295193,200,72,68,2123.706,68.9,63,41,2200,268,72.4,62.8,0,50.36243,260,130,70.2,63.5,0,50.854958,125,1097,71.9,63.1,0,31.77237,1101.9995,699,75.3,63.6,0,33.531258,700,620,70.7,63.4,0,43.797592,600,204,72.4,63.7,0,36.13435,200,132,71.3,63.7,0,52.49724,125,338,71,64.1,0,28.247028,330,248,71.7,64.4,0,100,650,623,70.5,64.7,0,100,950,508,0,63.6,0,33.31702,500,510,71.4,63.6,0,33.07327,500,179,73,64.1,0,47.971977,175,249,70,64.4,0,42.725826,245,223,71,64.2,0,41.476856,220,357,72.5,64.1,0,32.490223,350,168,73,64.3,0,33.313004,160,340,71.4,64.3,0,31.254595,335,340,73.1,64.1,0,28.131517,335,199,70.8,64.8,0,36.395977,195,397,73.4,64.4,0,27.955528,380,253,69.5,64.1,0,43.17624,245,177,73.3,64.1,0,44.44172,175,248,72,64.2,0,46.251995,245,428,71,63.9,0,40.214577,420,163,72.2,64.4,0,26.032602,160,339,71.8,64.2,0,38.536945,335,308,72.3,64.5,0,32.00783,300,407,71.8,63.9,0,28.042328,400,198,70.5,64.5,0,37.349693,195,404,70.7,63.9,0,32.954967,380,350,70,64.3,0,29.864866,335,178,73.3,63.7,0,60.305435,175,250,72,64.1,0,45.10876,245,356,71.7,63.8,0,37.7152,350,162,72.7,64.2,0,33.55753,160,342,73.4,64.1,0,39.89011,335,232,72.5,64.9,0,40.287327,230,290,73.2,64,0,36.408184,285,201,70,64.5,0,43.215286,195,408,73,64.1,0,41.405178,380,350,71.4,63.8,0,40.588234,335,177,73,63.9,0,55.957787,175,250,73,64,0,45.130787,245,427,71.9,64,0,46.483032,420,231,73.9,63.9,0,37.103687,232.19989,341,72,63.9,0,33.786766,335,107,71.6,64.5,0,32.945354,100,339,72.2,64.4,0,39.223183,335,199,71,284.9,0,32.79853,195,386,72.5,64,0,37.118225,380,339,71,64,0,42.005886,335,225,73.8,63.9,0,38.259132,223.99982,249,73.7,64.1,0,47.790997,245,355,72.1,63.8,0,39.564583,350,163,72.1,64.2,0,42.85417,160,365,69.6,63.8,0,50.930088,335,233,73.4,64.4,0,43.587852,230,160,71.6,64.2,0,34.128147,150,200,70.5,64.8,0,43.519897,195,389,72.6,64.1,0,41.110138,380,583,69.4,63.7,0,67.3095,575,337,73.2,64.5,0,45.45638,335,254,72.8,64.6,0,42.69244,250,178,72.5,64.6,0,59.319466,175,195,73.2,64.5,0,31.051434,190,188,70.3,64.2,0,44.705765,185,308,69.5,64,0,40.639366,300,304,71.9,63.7,0,35.366714,300,212,68.3,63.8,0,55.126213,210,888,67.8,63.6,0,91.451706,880,87.8,87.9,89.7,143.1,104.6,115.9,1.8,-1.1,29.79
20170729,1505,74.9,67.4,31.68567771,37.24958,253,47,43.7,5.6,73.9,71.2,-0.1,0.55,0,0,0,5,100,100,1,1,1,0,0,200,72,7.5,5.6,7.5,200,70.7,73.6,61.7,100,15,37.3,60.8,100,0,74,1.4,61.8,1.8125,65.6,0,0,50.9,13.6,0,0,0,72.6,72.6,63.5,68.7,15,41.2,61.4,55.1,0,72.6,0.99,61.8,1.8125,64,0,0,90.9,73.7,14.1,4.8,1.1,15,15,83.3,65.1,82.6,100,31.7,0,72.5,1.3,65.55173,65.05173,0,12.9,0,0,0,20,1,72,203,64.7,0,25.295193,200,72,68,2123.706,68.8,63,40.1,2200,268,72.3,62.8,0,50.36243,260,130,70.2,63.5,0,50.854958,125,1091,72,63.1,0,31.846115,1101.9995,698,75.2,63.6,0,33.520054,700,621,70.6,63.4,0,43.797592,600,205,72.4,63.6,0,36.13435,200,132,71.3,63.7,0,52.49724,125,339,71,64.1,0,28.247028,330,249,71.6,64.4,0,100,650,624,70.5,64.7,0,100,950,509,0,63.6,0,33.31702,500,510,71.4,63.6,0,33.07327,500,179,73,64.2,0,47.971977,175,251,70.1,64.4,0,42.725826,245,224,71,64.2,0,41.476856,220,359,72.5,64.1,0,32.490223,350,168,73,64.2,0,33.313004,160,342,71.4,64.3,0,31.254595,335,340,73.2,64.2,0,28.131517,335,199,70.8,64.8,0,36.395977,195,396,73.4,64.4,0,27.955528,380,255,69.5,64.1,0,43.17624,245,177,73.3,64.1,0,44.44172,175,248,71.9,64.2,0,46.251995,245,430,71,64,0,40.214577,420,163,72.2,64.5,0,26.032602,160,340,71.8,64.3,0,38.536945,335,308,72.3,64.5,0,32.00783,300,405,71.8,64,0,28.042328,400,198,70.5,64.5,0,37.349693,195,418,70.7,63.9,0,32.954967,380,347,69.9,64.3,0,29.864866,335,178,73.3,63.8,0,60.305435,175,250,72,64.2,0,45.10876,245,354,71.7,63.8,0,37.7152,350,162,72.7,64.2,0,33.55753,160,343,73.4,64.1,0,39.89011,335,233,72.4,64.9,0,40.287327,230,292,73.2,64,0,36.408184,285,201,70,64.5,0,43.215286,195,406,73,64.2,0,41.405178,380,352,71.4,63.8,0,40.588234,335,179,73,63.9,0,55.957787,175,250,73,64,0,45.130787,245,427,71.8,64,0,46.483032,420,232,73.9,63.9,0,37.103687,232.19989,344,72,63.9,0,33.786766,335,108,71.6,64.5,0,32.945354,100,340,72.1,64.4,0,39.223183,335,200,71,284.7,0,32.79853,195,389,72.5,64,0,37.118225,380,339,71.1,64,0,42.005886,335,224,73.8,64,0,38.259132,223.99982,249,73.7,64.1,0,47.790997,245,356,72.1,63.8,0,39.564583,350,163,72,64.2,0,42.85417,160,366,69.6,63.8,0,50.930088,335,234,73.3,64.4,0,43.587852,230,165,71.6,64.1,0,34.128147,150,200,70.4,64.9,0,43.519897,195,390,72.5,64.1,0,41.110138,380,588,69.4,63.7,0,67.3095,575,337,73.1,64.5,0,45.45638,335,254,72.8,64.6,0,42.69244,250,177,72.5,64.6,0,59.319466,175,195,73.1,64.5,0,31.051434,190,189,70.3,64.3,0,44.705765,185,306,69.5,64,0,40.639366,300,306,72,63.7,0,35.366714,300,212,68.3,63.8,0,55.126213,210,892,67.8,63.6,0,91.02371,880,87.8,87.9,89.7,143.1,104.5,115.6,-0.5,0.6,29.79
20170729,1510,74.9,66.5,31.49897343,37.24958,252,47,43.8,5.6,73.4,70.3,-0.2,0.55,0,0,0,5,100,100,1,1,1,0,0,200,72,7.5,5.6,7.5,200,70.7,73.5,61.7,100,15,37.2,60.8,100,0,74,1.4,61.8,1.8125,65.6,0,0,50.4,13.4,0,0,0,72.6,72.6,63.2,68.7,15,41.2,61.4,55.1,0,72.6,1.01,61.8,1.8125,64,0,0,90.7,73.7,16.2,4.8,1.3,15,15,81.7,65.1,82.6,100,31.7,0,72.5,1.3,65.55173,65.05173,0,12.8,0,0,0,20,0,72,201,64.7,0,25.295193,200,72,68,2123.706,68.8,63,41.2,2200,268,72.4,62.7,0,50.36243,260,131,70.2,63.4,0,50.854958,125,1092,72,63.1,0,31.944445,1101.9995,698,75.2,63.6,0,33.520054,700,619,70.6,63.4,0,43.797592,600,205,72.3,63.6,0,36.13435,200,131,71.3,63.6,0,52.49724,125,339,71,64,0,28.247028,330,249,71.6,64.4,0,100,650,624,70.5,64.7,0,100,950,509,0,63.5,0,33.31702,500,510,71.3,63.5,0,33.07327,500,178,73,64.2,0,47.971977,175,250,70,64.5,0,42.725826,245,223,71,64.3,0,41.476856,220,356,72.5,64.1,0,32.490223,350,168,73,64.3,0,33.313004,160,340,71.4,64.2,0,31.254595,335,339,73.2,64.1,0,28.131517,335,198,70.8,64.8,0,36.395977,195,395,73.4,64.5,0,27.955528,380,254,69.4,64.1,0,43.17624,245,177,73.3,64.1,0,44.44172,175,248,71.9,64.2,0,46.251995,245,425,70.9,63.9,0,40.214577,420,163,72.1,64.5,0,26.032602,160,342,71.8,64.3,0,38.536945,335,308,72.3,64.5,0,32.00783,300,405,71.7,63.9,0,28.042328,400,198,70.5,64.5,0,37.349693,195,392,70.7,63.9,0,32.954967,380,348,69.9,64.3,0,29.864866,335,178,73.3,63.8,0,60.305435,175,249,72,64.2,0,45.10876,245,354,71.7,63.8,0,37.7152,350,162,72.7,64.2,0,33.55753,160,343,73.4,64.1,0,39.89011,335,233,72.4,64.9,0,40.287327,230,292,73.2,64,0,36.408184,285,200,70,64.5,0,43.215286,195,402,73,64.2,0,41.405178,380,348,71.4,63.8,0,40.588234,335,177,72.9,64,0,55.957787,175,248,73,64,0,45.130787,245,425,71.8,64,0,46.483032,420,231,73.9,63.9,0,37.103687,232.19989,342,71.9,63.9,0,33.786766,335,106,71.6,64.6,0,32.945354,100,341,72.1,64.4,0,39.223183,335,199,71,284.9,0,32.79853,195,387,72.4,64,0,37.118225,380,339,71,64,0,42.005886,335,226,73.8,64,0,38.259132,223.99982,248,73.7,64.1,0,47.790997,245,353,72.1,63.9,0,39.564583,350,162,72,64.2,0,42.85417,160,358,69.5,63.8,0,50.930088,335,233,73.3,64.5,0,43.587852,230,159,71.6,64.2,0,34.128147,150,200,70.4,64.9,0,43.519897,195,391,72.5,64.1,0,41.110138,380,583,69.4,63.7,0,67.3095,575,337,73.1,64.5,0,45.45638,335,254,72.7,64.6,0,42.69244,250,177,72.5,64.6,0,59.319466,175,194,73.1,64.4,0,31.051434,190,188,70.3,64.3,0,44.705765,185,307,69.5,64,0,40.639366,300,303,72,63.7,0,35.366714,300,211,68.3,63.8,0,55.126213,210,885,67.8,63.6,0,91.44014,880,87.8,87.9,89.7,144.1,104.5,115.6,1.2,-0.1,29.79
20170729,1515,75,67.8,31.84034524,37.24958,253,47.3,44.3,5.6,76.6,74.3,-0.1,0.55,0,0,0,5,100,100,1,1,1,0,0,200,72,7.5,5.6,7.5,200,70.7,73.5,61.8,100,15,37.2,60.8,100,0,74,1.4,61.8,1.8125,65.6,0,0,50.9,13.8,0,0,0,72.6,72.5,63.2,68.4,15,41.1,61.4,55.3,0,72.6,1,61.8,1.8125,64,0,0,91,73.4,15.3,4.9,1.4,15,15,82.8,65.1,82.6,100,31.3,0,72.5,1.3,65.55173,65.05173,0,13,0,0,1,21.3,1,72,202,64.7,0,25.295193,200,72,68,2123.706,68.8,63,40.4,2200,267,72.3,62.8,0,50.36243,260,130,70.2,63.4,0,50.854958,125,1199,72.1,63.1,0,34.24287,1203.9998,698,75.1,63.6,0,33.44163,700,620,70.6,63.4,0,43.797592,600,205,72.3,63.6,0,36.13435,200,131,71.3,63.6,0,52.49724,125,339,71,64,0,28.247028,330,247,71.6,64.4,0,100,650,623,70.4,64.7,0,100,950,508,0,63.6,0,33.31702,500,509,71.4,63.6,0,33.07327,500,178,73,64.1,0,47.971977,175,251,70,64.5,0,42.725826,245,223,70.9,64.2,0,41.476856,220,356,72.5,64.1,0,32.490223,350,168,72.9,64.3,0,33.313004,160,342,71.4,64.3,0,31.254595,335,341,73.2,64.1,0,28.131517,335,198,70.7,64.8,0,36.395977,195,393,73.4,64.4,0,27.955528,380,254,69.4,64.1,0,43.17624,245,177,73.3,64.1,0,44.44172,175,249,71.9,64.2,0,46.251995,245,428,70.9,63.9,0,40.214577,420,163,72.1,64.4,0,26.032602,160,341,71.7,64.3,0,38.536945,335,308,72.3,64.5,0,32.00783,300,406,71.7,64,0,28.042328,400,198,70.5,64.5,0,37.349693,195,416,70.7,63.9,0,32.954967,380,352,69.9,64.3,0,29.864866,335,181,73.3,63.7,0,60.305435,175,250,72,64.1,0,45.10876,245,359,71.6,63.8,0,37.7152,350,162,72.7,64.1,0,33.55753,160,344,73.4,64.1,0,39.89011,335,235,72.4,64.9,0,40.287327,230,294,73.2,64,0,36.408184,285,203,69.9,64.5,0,43.215286,195,392,73,64.1,0,41.405178,380,337,71.4,63.8,0,40.588234,335,178,73,63.9,0,55.957787,175,249,73,63.9,0,45.130787,245,427,71.8,64,0,46.483032,420,231,73.9,63.9,0,37.103687,232.19989,341,71.9,63.9,0,33.786766,335,105,71.6,64.6,0,32.945354,100,343,72.1,64.4,0,39.223183,335,199,71,284.9,0,32.79853,195,387,72.4,64,0,37.118225,380,339,71.1,64,0,42.005886,335,224,73.8,63.9,0,38.259132,223.99982,250,73.7,64.1,0,47.790997,245,355,72,63.8,0,39.564583,350,163,72,64.2,0,42.85417,160,364,69.5,63.8,0,50.930088,335,233,73.3,64.4,0,43.587852,230,162,71.6,64.2,0,34.128147,150,200,70.4,64.8,0,43.519897,195,394,72.5,64.1,0,41.110138,380,584,69.3,63.7,0,67.3095,575,337,73.1,64.5,0,45.45638,335,255,72.8,64.6,0,42.69244,250,177,72.5,64.6,0,59.319466,175,195,73.1,64.5,0,31.051434,190,188,70.3,64.3,0,44.705765,185,306,69.5,64,0,40.639366,300,304,71.9,63.7,0,35.366714,300,212,68.3,63.8,0,55.126213,210,887,67.8,63.6,0,91.44014,880,87.8,87.9,89.6,142.1,104.5,115.7,0.4,0.2,29.79
20170729,1520,75.1,67.1,31.7658658,37.24958,253,47,43.8,5.6,73.4,71,-0.2,0.6,0,0,0,5,100,100,1,1,1,0,0,200,72,7.5,5.6,7.5,200,70.7,73.5,61.7,100,15,37.1,60.8,100,0,74,1.4,61.8,1.8125,65.7,0,0,51,13.5,0,0,0,72.6,72.6,63.2,68.6,15,41.1,61.4,52.6,0,72.6,1.02,61.8,1.8125,64,0,0,91,73.7,14,4.5,1.5,15,15,82.6,65.1,82.6,100,31.7,0,72.5,1.3,65.55173,65.05173,0,13,0,0,0,20,1,72,206,64.7,0,25.916008,200,72,68,2123.706,68.8,63,40.5,2200,266,72.3,62.8,0,50.36243,260,130,70.2,63.5,0,50.854958,125,1259,72,63.1,0,35.05408,1254.9998,698,75.1,63.6,0,33.36321,700,616,70.7,63.4,0,43.797592,600,204,72.3,63.7,0,36.13435,200,131,71.3,63.7,0,52.49724,125,338,71,64.1,0,28.247028,330,248,71.6,64.4,0,100,650,623,70.4,64.7,0,100,950,507,0,63.6,0,33.31702,500,509,71.4,63.6,0,33.07327,500,178,73,64.1,0,47.971977,175,250,70.1,64.4,0,42.725826,245,222,71,64.2,0,41.476856,220,354,72.5,64.1,0,32.490223,350,168,72.9,64.2,0,33.313004,160,340,71.4,64.2,0,31.254595,335,340,73.2,64.1,0,28.131517,335,199,70.8,64.8,0,36.395977,195,390,73.4,64.4,0,27.955528,380,251,69.4,64.1,0,43.17624,245,177,73.3,64.1,0,44.44172,175,249,71.9,64.2,0,46.251995,245,425,70.9,63.9,0,40.214577,420,163,72.1,64.4,0,26.032602,160,342,71.7,64.2,0,38.536945,335,307,72.3,64.5,0,32.00783,300,406,71.7,63.9,0,28.042328,400,199,70.5,64.5,0,37.349693,195,401,70.7,63.9,0,33.275757,380,348,69.9,64.3,0,29.864866,335,179,73.3,63.7,0,60.305435,175,248,71.9,64.1,0,45.10876,245,354,71.6,63.8,0,37.7152,350,162,72.7,64.1,0,33.55753,160,344,73.4,64,0,39.89011,335,233,72.4,64.9,0,40.287327,230,292,73.2,64,0,36.408184,285,201,69.9,64.5,0,43.215286,195,403,73,64.1,0,41.405178,380,343,71.3,63.7,0,40.14406,335,176,72.9,63.9,0,55.957787,175,250,73,63.9,0,45.130787,245,426,71.8,64,0,46.483032,420,230,73.9,63.8,0,37.103687,232.19989,344,71.9,63.9,0,33.786766,335,108,71.5,64.5,0,32.945354,100,339,72.1,64.4,0,39.223183,335,198,71,284.8,0,32.79853,195,388,72.4,64,0,37.118225,380,340,71,64,0,42.005886,335,208,73.7,63.9,0,37.404243,205.99982,248,73.7,64,0,47.790997,245,354,72,63.8,0,39.564583,350,163,72,64.2,0,42.85417,160,363,69.5,63.8,0,50.930088,335,233,73.3,64.4,0,43.587852,230,163,71.6,64.1,0,34.128147,150,200,70.4,64.8,0,43.519897,195,393,72.5,64.1,0,41.110138,380,580,69.3,63.6,0,67.3095,575,337,73.1,64.5,0,45.45638,335,254,72.7,64.6,0,42.69244,250,178,72.5,64.5,0,59.319466,175,196,73.1,64.4,0,31.051434,190,189,70.3,64.2,0,44.705765,185,307,69.5,63.9,0,40.639366,300,305,71.9,63.7,0,35.366714,300,211,68.3,63.7,0,55.126213,210,889,67.8,63.6,0,91.44014,880,87.7,87.8,89.7,142.1,104.4,115.7,0.6,1.3,29.79
20170729,1525,75.1,65.9,31.51523854,37.24958,249,47.2,44,5.6,73.1,70,-0.2,0.55,0,0,0,5,100,100,1,1,1,0,0,200,72,7.5,5.6,7.5,200,70.7,73.6,61.8,100,15,37.2,60.8,100,0,74,1.35,61.8,1.8125,65.7,0,0,50.4,13.7,0,0,0,72.6,72.5,63.2,68.5,15,41,61.4,56.2,0,72.6,0.99,61.8,1.8125,64,0,0,90.9,73.4,16.2,4.8,1,15,15,81.6,65.1,82.6,100,31.1,0,72.5,1.3,65.55173,65.05173,0,12.9,0,0,0,20,0,72,205,64.7,0,25.916008,200,72,68,2123.706,68.8,63.1,40.6,2200,266,72.3,62.8,0,50.36243,260,129,70.2,63.5,0,50.854958,125,1249,72,63.1,0,35.791542,1254.9998,699,75.1,63.6,0,33.36321,700,615,70.7,63.4,0,43.797592,600,204,72.3,63.7,0,36.13435,200,131,71.2,63.7,0,52.49724,125,338,71,64.1,0,28.247028,330,248,71.6,64.4,0,100,650,621,70.4,64.7,0,100,950,506,0,63.6,0,33.31702,500,509,71.3,63.6,0,33.07327,500,178,73,64.1,0,47.971977,175,250,70,64.4,0,42.725826,245,222,70.9,64.2,0,41.476856,220,356,72.5,64.1,0,32.490223,350,168,72.9,64.3,0,33.313004,160,341,71.4,64.2,0,31.254595,335,339,73.2,64.1,0,28.131517,335,198,70.8,64.7,0,36.395977,195,391,73.4,64.4,0,27.955528,380,253,69.4,64,0,43.17624,245,177,73.3,64.1,0,44.44172,175,247,71.9,64.1,0,46.251995,245,426,70.9,63.9,0,40.214577,420,163,72.1,64.4,0,26.032602,160,342,71.7,64.2,0,38.536945,335,307,72.3,64.5,0,32.00783,300,407,71.8,63.9,0,28.042328,400,198,70.5,64.5,0,37.349693,195,396,70.7,63.8,0,33.275757,380,345,69.9,64.3,0,29.864866,335,180,73.3,63.7,0,60.305435,175,249,71.9,64.1,0,45.10876,245,357,71.6,63.7,0,37.7152,350,162,72.7,64.1,0,33.55753,160,343,73.4,64,0,39.89011,335,234,72.4,64.9,0,40.287327,230,293,73.2,64,0,36.408184,285,203,69.9,64.5,0,43.215286,195,390,73,64.1,0,41.405178,380,334,71.3,63.7,0,40.588234,335,176,72.9,63.9,0,55.957787,175,246,73,63.9,0,45.130787,245,425,71.8,64,0,46.483032,420,230,73.9,63.8,0,37.103687,232.19989,343,71.9,63.9,0,33.786766,335,106,71.5,64.5,0,32.945354,100,342,72.1,64.4,0,39.223183,335,199,71,284.7,0,32.79853,195,384,72.4,64,0,37.118225,380,339,71,64,0,42.005886,335,205,73.8,63.9,0,38.21472,200,249,73.7,64,0,47.790997,245,354,72,63.8,0,39.564583,350,163,72,64.2,0,42.85417,160,363,69.5,63.8,0,50.930088,335,233,73.3,64.4,0,43.587852,230,163,71.6,64.1,0,34.128147,150,200,70.5,64.8,0,43.519897,195,392,72.5,64,0,41.110138,380,588,69.3,63.6,0,67.3095,575,337,73.1,64.5,0,45.45638,335,253,72.8,64.6,0,42.69244,250,177,72.5,64.5,0,59.319466,175,195,73.1,64.4,0,31.051434,190,188,70.3,64.2,0,44.705765,185,308,69.5,63.9,0,40.639366,300,304,71.9,63.7,0,35.366714,300,211,68.3,63.8,0,55.126213,210,887,67.7,63.5,0,91.44014,880,87.7,87.8,89.7,143.1,104.4,115.5,1.2,-0.1,29.79
20170729,1530,75.2,66.7,31.75344577,37.24958,248,47.3,44.3,5.6,76.5,74.2,-0.1,0.55,0,0,0,5,100,100,1,1,1,0,0,200,72,7.5,5.6,7.5,200,70.7,73.7,61.9,100,15,37.3,60.8,100,0,74.1,1.4,61.8,1.8125,65.7,0,0,50.4,13.5,0,0,0,72.6,72.6,63.4,68.4,15,41,61.4,58,0,72.7,1,61.8,1.8125,64,0,0,90.8,73.2,16.6,4.7,0.8,15,15,81.4,65.1,82.6,100,32.4,0,72.5,1.3,65.55173,65.05173,0,13,0,0,1,20.9,1,72,205,64.7,0,25.916008,200,72,68,2123.706,68.8,63.1,40.7,2200,267,72.3,62.8,0,50.36243,260,130,70.2,63.5,0,50.854958,125,1245,71.9,63.1,0,35.693214,1254.9998,698,75,63.6,0,33.50885,700,614,70.7,63.4,0,43.797592,600,205,72.3,63.7,0,36.13435,200,131,71.2,63.7,0,52.49724,125,338,71,64.1,0,28.247028,330,249,71.6,64.4,0,100,650,624,70.5,64.7,0,100,950,507,0,63.6,0,33.31702,500,510,71.3,63.6,0,33.07327,500,178,73,64.1,0,47.971977,175,249,70,64.4,0,42.725826,245,223,70.9,64.2,0,41.476856,220,356,72.5,64.1,0,32.490223,350,168,72.9,64.2,0,33.313004,160,340,71.4,64.2,0,31.254595,335,340,73.2,64.1,0,28.131517,335,198,70.7,64.8,0,36.395977,195,392,73.4,64.4,0,27.955528,380,253,69.4,64.1,0,43.17624,245,176,73.3,64.1,0,44.44172,175,248,71.9,64.2,0,46.251995,245,426,70.9,63.9,0,40.214577,420,163,72.1,64.4,0,26.032602,160,342,71.7,64.2,0,38.536945,335,308,72.3,64.5,0,32.00783,300,406,71.7,63.9,0,28.042328,400,197,70.5,64.5,0,37.349693,195,419,70.6,63.9,0,33.275757,380,351,69.9,64.3,0,29.864866,335,179,73.3,63.8,0,60.305435,175,250,71.9,64.1,0,45.10876,245,356,71.6,63.8,0,37.7152,350,162,72.7,64.1,0,33.55753,160,342,73.4,64,0,39.89011,335,233,72.4,64.9,0,40.287327,230,293,73.2,64,0,36.408184,285,202,69.9,64.5,0,43.215286,195,399,73,64.1,0,41.405178,380,341,71.4,63.7,0,40.588234,335,177,72.9,63.9,0,55.957787,175,248,73,63.9,0,45.130787,245,425,71.8,64,0,46.483032,420,230,73.9,63.8,0,37.103687,232.19989,343,71.9,63.9,0,33.786766,335,106,71.5,64.5,0,32.945354,100,342,72.1,64.4,0,39.223183,335,199,71,284.8,0,32.79853,195,385,72.4,64,0,37.118225,380,340,71,64,0,42.005886,335,205,73.8,64,0,38.21472,200,248,73.7,64.1,0,47.790997,245,355,72,63.9,0,39.564583,350,163,72,64.2,0,42.85417,160,358,69.5,63.8,0,50.930088,335,233,73.3,64.4,0,43.587852,230,161,71.6,64.1,0,34.128147,150,199,70.4,64.8,0,43.519897,195,388,72.5,64,0,41.110138,380,581,69.3,63.7,0,67.3095,575,337,73,64.5,0,45.45638,335,254,72.7,64.6,0,42.69244,250,177,72.5,64.5,0,59.319466,175,195,73.1,64.4,0,31.051434,190,188,70.3,64.2,0,44.705765,185,306,69.4,63.9,0,40.639366,300,304,71.9,63.7,0,35.366714,300,211,68.3,63.8,0,55.126213,210,884,67.7,63.6,0,91.44014,880,87.7,87.8,89.6,145.1,104.4,115.5,1.3,0.1,29.79
20170729,1535,75.4,65.5,31.64294943,37.24958,251,47.2,44,5.6,74,70.8,-0.2,0.55,0,0,0,5,100,100,1,1,1,0,0,200,72,7.5,5.6,7.5,200,70.6,73.6,61.8,100,15,37.3,60.8,100,0,74,1.4,61.8,1.8125,65.7,0,0,50.7,13.4,0,0,0,72.6,72.6,63.2,68.4,15,40.9,61.4,51.9,0,72.7,1,61.8,1.8125,64,0,0,90.8,73.3,12.3,4.8,0.5,15,15,84.4,65.1,82.6,100,31.4,0,72.5,1.3,65.55173,65.05173,0,12.9,0,0,0,20,0,72,204,64.7,0,25.916008,200,72,68,2123.706,68.8,63.1,39.9,2200,266,72.3,62.8,0,50.36243,260,130,70.2,63.5,0,50.854958,125,1242,71.9,63.2,0,35.15241,1254.9998,700,75,63.6,0,33.430428,700,615,70.6,63.5,0,43.797592,600,204,72.3,63.7,0,36.13435,200,130,71.2,63.7,0,52.49724,125,338,71,64.1,0,28.247028,330,248,71.6,64.4,0,100,650,620,70.5,64.7,0,100,950,507,0,63.6,0,33.31702,500,510,71.3,63.6,0,33.07327,500,178,73,64.1,0,47.971977,175,248,70,64.4,0,42.725826,245,223,70.9,64.2,0,41.476856,220,356,72.5,64.1,0,32.490223,350,168,72.9,64.2,0,33.313004,160,340,71.3,64.2,0,31.254595,335,340,73.2,64.1,0,28.131517,335,198,70.7,64.8,0,36.395977,195,393,73.4,64.4,0,27.955528,380,253,69.4,64.1,0,43.17624,245,177,73.3,64.1,0,44.44172,175,248,71.9,64.1,0,46.251995,245,426,70.8,63.9,0,40.214577,420,164,72.1,64.4,0,26.032602,160,340,71.7,64.2,0,38.536945,335,308,72.3,64.5,0,32.00783,300,407,71.7,63.9,0,28.042328,400,197,70.5,64.5,0,37.349693,195,400,70.6,63.9,0,32.81925,380,356,69.9,64.3,0,29.864866,335,177,73.3,63.7,0,60.305435,175,248,71.9,64.1,0,45.10876,245,357,71.6,63.8,0,37.7152,350,162,72.7,64.1,0,33.55753,160,340,73.4,64,0,39.89011,335,232,72.4,64.9,0,40.287327,230,290,73.2,64,0,36.408184,285,201,69.9,64.5,0,43.215286,195,405,72.9,64.1,0,41.405178,380,350,71.4,63.7,0,40.588234,335,178,72.9,63.9,0,56.39956,175,248,73,63.9,0,45.130787,245,426,71.8,64,0,46.483032,420,232,73.9,63.8,0,37.103687,232.19989,344,71.9,63.9,0,33.786766,335,109,71.5,64.5,0,32.945354,100,340,72.1,64.4,0,39.223183,335,200,71,284.9,0,32.79853,195,386,72.4,63.9,0,37.118225,380,339,71,64,0,42.005886,335,207,73.7,63.9,0,38.21472,200,248,73.7,64,0,47.790997,245,355,72,63.8,0,39.564583,350,163,72,64.2,0,42.85417,160,358,69.5,63.8,0,50.930088,335,232,73.3,64.4,0,43.587852,230,159,71.6,64.1,0,34.128147,150,200,70.4,64.8,0,43.519897,195,391,72.5,64,0,41.110138,380,584,69.3,63.6,0,67.3095,575,337,73.1,64.5,0,45.45638,335,254,72.7,64.6,0,42.69244,250,177,72.5,64.5,0,59.319466,175,195,73.1,64.4,0,31.051434,190,189,70.2,64.2,0,44.705765,185,307,69.4,63.9,0,40.639366,300,303,71.9,63.7,0,35.366714,300,211,68.2,63.7,0,55.126213,210,885,67.7,63.5,0,91.44014,880,87.7,87.8,89.6,142.1,104.4,115.4,1.2,0.8,29.79
20170729,1540,75.5,65.2,31.65014278,37.24958,250,47.2,44.1,5.6,75.5,72.8,-0.1,0.6,0,0,0,5,100,100,1,1,1,0,0,200,72,7.5,5.6,7.5,200,70.6,73.7,61.8,100,15,37.3,60.8,100,0,74,1.4,61.8,1.8125,65.7,0,0,51,13.8,0,0,0,72.5,72.7,63.2,68.4,15,40.8,61.4,54.5,0,72.6,1.01,61.8,1.8125,64,0,0,90.6,73.4,14.8,4.5,1.5,15,15,79.5,65.1,82.6,100,31.3,0,72.5,1.3,65.55173,65.05173,0,12.9,0,0,1,20.3,0,72,203,64.7,0,25.916008,200,72,68,2611.5657,68.8,63,36.1,2200,267,72.3,62.8,0,50.36243,260,129,70.2,63.4,0,50.854958,125,1242,71.9,63.1,0,35.594887,1254.9998,699,75,63.6,0,33.430428,700,614,70.7,63.4,0,43.797592,600,205,72.3,63.6,0,36.13435,200,131,71.2,63.7,0,52.49724,125,339,71,64.1,0,28.247028,330,248,71.6,64.4,0,100,650,621,70.4,64.7,0,100,950,507,0,63.6,0,33.31702,500,509,71.3,63.6,0,33.07327,500,178,72.9,64.1,0,47.971977,175,249,70,64.4,0,42.725826,245,222,70.9,64.2,0,41.476856,220,357,72.4,64.1,0,32.490223,350,168,72.9,64.2,0,33.313004,160,341,71.3,64.2,0,31.254595,335,340,73.2,64.1,0,28.131517,335,198,70.7,64.7,0,36.395977,195,391,73.4,64.4,0,27.955528,380,252,69.4,64.1,0,43.17624,245,177,73.3,64.1,0,44.44172,175,248,71.9,64.2,0,46.251995,245,426,70.8,63.9,0,40.214577,420,164,72.1,64.4,0,26.032602,160,342,71.7,64.3,0,38.536945,335,308,72.2,64.5,0,32.00783,300,407,71.7,63.9,0,28.042328,400,198,70.5,64.4,0,37.349693,195,409,70.6,63.9,0,33.275757,380,351,69.9,64.3,0,29.864866,335,178,73.3,63.7,0,60.305435,175,248,71.9,64.1,0,45.10876,245,355,71.6,63.8,0,37.7152,350,162,72.7,64.2,0,33.55753,160,340,73.3,64,0,39.89011,335,232,72.3,64.9,0,40.287327,230,290,73.2,64,0,36.408184,285,200,69.9,64.5,0,43.215286,195,406,72.9,64.1,0,41.405178,380,349,71.3,63.8,0,40.588234,335,178,72.9,63.9,0,56.39956,175,249,73,63.9,0,45.130787,245,424,71.8,64,0,46.483032,420,231,73.9,63.9,0,37.103687,232.19989,344,71.9,63.9,0,33.786766,335,105,71.5,64.5,0,32.945354,100,340,72.1,64.4,0,39.223183,335,200,71,284.8,0,32.79853,195,387,72.4,64,0,37.118225,380,340,71,64,0,42.005886,335,206,73.7,64,0,38.21472,200,249,73.7,64.1,0,47.790997,245,356,72,63.8,0,39.564583,350,163,72,64.2,0,42.85417,160,362,69.4,63.8,0,50.930088,335,233,73.2,64.4,0,43.587852,230,161,71.6,64.1,0,34.128147,150,200,70.4,64.8,0,43.519897,195,389,72.5,64.1,0,41.110138,380,583,69.3,63.7,0,67.3095,575,337,73,64.5,0,45.45638,335,254,72.7,64.6,0,42.69244,250,177,72.5,64.5,0,59.319466,175,197,73,64.4,0,31.051434,190,188,70.2,64.2,0,44.705765,185,306,69.4,63.9,0,40.639366,300,304,71.9,63.7,0,35.366714,300,211,68.2,63.8,0,55.126213,210,888,67.7,63.6,0,91.42857,880,87.7,87.8,89.7,142.1,104.4,115.3,3,0,29.79
20170729,1545,75.7,61.9,31.08889313,37.24958,253,47.2,44.1,5.6,75.3,73,-0.1,0.6,0,0,0,5,100,100,1,1,1,0,0,200,72,7.5,5.6,7.5,200,70.6,73.6,61.7,100,15,37.2,60.8,100,0,74,1.4,61.8,1.8125,65.7,0,0,50.5,13.6,0,0,0,72.5,72.6,63.2,68.5,15,40.8,61.4,54.1,0,72.7,1.01,61.8,1.8125,64,0,0,90.1,73.6,14.7,4.9,1,15,15,78.2,65.1,82.6,100,33,0,72.5,1.3,65.55173,65.05173,0,12.9,0,0,0,20,1,72,204,64.7,0,25.916008,200,72,68,2123.706,68.8,63,40.1,2200,267,72.3,62.8,0,50.36243,260,130,70.1,63.4,0,50.854958,125,1243,72,63.1,0,35.594887,1254.9998,700,74.9,63.5,0,33.430428,700,614,70.6,63.4,0,43.797592,600,204,72.3,63.6,0,36.13435,200,131,71.1,63.6,0,52.49724,125,337,71,64,0,28.247028,330,248,71.6,64.4,0,100,650,621,70.4,64.7,0,100,950,507,0,63.5,0,33.31702,500,509,71.3,63.6,0,33.07327,500,178,73,64.1,0,47.971977,175,249,70,64.5,0,42.725826,245,223,70.9,64.2,0,41.476856,220,354,72.5,64.1,0,32.490223,350,168,72.9,64.3,0,33.313004,160,339,71.3,64.2,0,31.254595,335,340,73.3,64.1,0,28.131517,335,198,70.7,64.8,0,36.395977,195,394,73.4,64.4,0,27.955528,380,254,69.4,64.1,0,43.17624,245,176,73.3,64.1,0,44.44172,175,247,71.9,64.2,0,46.251995,245,425,70.8,63.9,0,40.214577,420,163,72.1,64.4,0,26.032602,160,341,71.7,64.3,0,38.536945,335,308,72.2,64.5,0,32.00783,300,407,71.7,63.9,0,28.042328,400,197,70.5,64.5,0,37.349693,195,406,70.6,63.9,0,33.275757,380,352,69.9,64.3,0,29.864866,335,179,73.3,63.8,0,60.305435,175,250,71.9,64.1,0,45.10876,245,359,71.6,63.8,0,37.7152,350,162,72.7,64.2,0,33.55753,160,343,73.3,64.1,0,39.89011,335,234,72.4,64.9,0,40.287327,230,293,73.1,64,0,36.408184,285,202,69.9,64.5,0,43.215286,195,393,72.9,64.1,0,41.405178,380,337,71.3,63.8,0,40.14406,335,177,72.9,64,0,56.39956,175,248,72.9,64,0,45.130787,245,426,71.8,64,0,46.483032,420,230,73.9,63.9,0,37.103687,232.19989,341,71.9,63.9,0,33.786766,335,106,71.5,64.5,0,32.945354,100,337,72.1,64.4,0,39.223183,335,199,70.9,284.9,0,32.79853,195,385,72.4,64,0,37.118225,380,338,71,64,0,42.005886,335,207,73.7,64,0,38.21472,200,248,73.7,64.1,0,47.790997,245,356,72,63.9,0,39.564583,350,162,72,64.2,0,42.85417,160,358,69.4,63.8,0,50.930088,335,232,73.2,64.4,0,43.587852,230,159,71.6,64.2,0,34.128147,150,199,70.4,64.8,0,43.519897,195,394,72.4,64.1,0,41.110138,380,589,69.3,63.7,0,67.3095,575,337,73,64.5,0,45.45638,335,253,72.7,64.6,0,42.69244,250,177,72.5,64.5,0,59.319466,175,194,73,64.4,0,31.051434,190,188,70.2,64.2,0,44.705765,185,307,69.4,64,0,40.639366,300,303,71.9,63.7,0,35.366714,300,211,68.2,63.8,0,55.126213,210,884,67.7,63.6,0,91.42857,880,87.7,87.8,89.5,143.1,104.3,115.4,1.9,0,29.79
20170729,1550,75.6,61.3,30.8934408,37.24958,252,47.3,44,5.6,73.2,69.9,-0.1,0.55,0,0,0,5,100,100,1,1,1,0,0,200,72,7.5,5.6,7.5,200,70.6,73.5,61.7,100,15,37.8,60.4,100,0,74,1.35,61.4,1.8125,65.6,0,0,50.4,13.4,0,0,0,72.5,72.6,63.2,68.3,15,40.9,61.2,53.5,0,72.6,0.99,61.4,1.8125,63.9,0,0,90,73.2,13.2,4.4,1.1,15,15,77.9,65.1,82.6,100,31.1,0,72.5,1.3,65.43104,64.93104,0,12.9,0,0,0,20,0,72,205,64.7,0,25.916008,200,72,68,2123.706,68.8,63,41.2,2200,267,72.2,62.8,0,50.36243,260,129,70.1,63.4,0,50.854958,125,1229,71.9,63,0,35.15241,1254.9998,701,74.9,63.5,0,33.497646,700,615,70.6,63.4,0,43.797592,600,204,72.2,63.6,0,36.13435,200,131,71.1,63.6,0,52.49724,125,338,71,64,0,28.247028,330,247,71.6,64.3,0,100,650,619,70.4,64.6,0,100,950,507,0,63.5,0,33.31702,500,509,71.3,63.5,0,33.07327,500,178,72.9,64.1,0,47.971977,175,248,70,64.5,0,42.725826,245,222,70.9,64.2,0,41.476856,220,356,72.4,64.1,0,32.490223,350,168,72.9,64.3,0,33.313004,160,339,71.3,64.3,0,31.254595,335,338,73.3,64.1,0,28.131517,335,199,70.7,64.8,0,36.395977,195,405,73.4,64.5,0,27.955528,380,249,69.4,64.1,0,43.17624,245,176,73.3,64.1,0,44.44172,175,247,71.9,64.2,0,46.251995,245,425,70.8,63.9,0,40.214577,420,163,72.1,64.4,0,26.032602,160,340,71.7,64.3,0,38.536945,335,307,72.2,64.5,0,32.00783,300,404,71.7,63.9,0,28.042328,400,198,70.5,64.5,0,37.349693,195,395,70.6,63.9,0,32.81925,380,349,69.9,64.3,0,29.864866,335,177,73.2,63.7,0,60.305435,175,248,71.9,64.1,0,45.10876,245,355,71.6,63.8,0,37.7152,350,162,72.6,64.1,0,33.55753,160,341,73.3,64,0,39.89011,335,231,72.4,64.9,0,40.287327,230,290,73.1,64,0,36.408184,285,199,69.9,64.5,0,43.215286,195,408,72.9,64.1,0,41.405178,380,349,71.3,63.8,0,40.14406,335,177,72.9,63.9,0,56.39956,175,248,72.9,63.9,0,45.130787,245,427,71.7,64,0,46.483032,420,230,73.9,63.9,0,37.103687,232.19989,345,71.8,63.9,0,33.786766,335,108,71.4,64.6,0,32.945354,100,340,72.1,64.4,0,39.223183,335,200,70.9,284.9,0,32.79853,195,387,72.4,64,0,37.118225,380,338,71,64,0,42.005886,335,206,73.7,64,0,38.21472,200,249,73.5,64.1,0,47.790997,245,355,72,63.8,0,39.564583,350,163,72,64.2,0,42.85417,160,360,69.4,63.8,0,50.930088,335,233,73.2,64.4,0,43.587852,230,161,71.6,64.2,0,34.128147,150,200,70.4,64.8,0,43.519897,195,390,72.4,64.1,0,41.110138,380,581,69.3,63.7,0,67.3095,575,337,73,64.5,0,45.45638,335,254,72.7,64.6,0,42.69244,250,177,72.5,64.5,0,59.319466,175,195,73,64.4,0,31.051434,190,188,70.2,64.2,0,44.705765,185,304,69.4,64,0,40.639366,300,304,71.8,63.7,0,35.366714,300,211,68.1,63.8,0,55.126213,210,888,67.7,63.6,0,91.42857,880,87.7,87.8,89.4,142.1,104.3,115.1,0.9,0.1,29.79
20170729,1555,75.7,61.1,30.91006033,37.24958,251,47.2,44.1,5.6,76.3,74,-0.2,0.55,0,0,0,5,100,100,1,1,1,0,0,200,72,7.5,5.6,7.5,200,70.6,73.6,61.6,100,15,38.1,60.4,100,0,74,1.4,61.4,1.8125,65.5,0,0,50.4,13.7,0,0,0,72.5,72.6,63.3,68.5,15,41,61.2,54.5,0,72.6,1.01,61.4,1.8125,63.8,0,0,90,73.4,14.8,4.8,1,15,15,75.9,65.1,82.6,100,31.3,0,72.5,1.3,65.43104,64.93104,0,12.9,0,0,1,20.6,1,72,205,64.6,0,25.916008,200,72,68,2123.706,68.8,63,39.4,2200,266,72.2,62.7,0,50.36243,260,130,70.1,63.3,0,50.854958,125,1243,71.9,63,0,35.15241,1254.9998,698,74.9,63.5,0,33.497646,700,619,70.6,63.3,0,43.797592,600,204,72.2,63.5,0,36.13435,200,131,71.1,63.6,0,52.49724,125,339,70.9,63.9,0,28.247028,330,248,71.6,64.3,0,100,650,621,70.4,64.5,0,100,950,508,0,63.5,0,33.31702,500,509,71.3,63.5,0,33.07327,500,179,72.9,64.1,0,47.971977,175,249,70,64.4,0,42.725826,245,223,70.9,64.2,0,41.476856,220,357,72.4,64.1,0,32.490223,350,168,72.9,64.3,0,33.313004,160,343,71.3,64.2,0,31.254595,335,340,73.3,64.1,0,28.131517,335,199,70.7,64.7,0,36.395977,195,407,73.4,64.4,0,27.486103,380,250,69.4,64.1,0,43.17624,245,177,73.3,64.1,0,44.44172,175,248,71.9,64.2,0,46.251995,245,426,70.8,63.9,0,40.214577,420,163,72.1,64.4,0,26.032602,160,341,71.7,64.3,0,38.536945,335,308,72.2,64.5,0,32.00783,300,408,71.7,64,0,28.042328,400,198,70.5,64.5,0,37.349693,195,383,70.6,63.9,0,32.81925,380,348,69.9,64.3,0,29.864866,335,178,73.2,63.8,0,60.305435,175,249,71.9,64.1,0,45.10876,245,356,71.6,63.8,0,37.7152,350,162,72.6,64.1,0,33.55753,160,343,73.3,64,0,39.89011,335,233,72.4,64.8,0,40.287327,230,292,73.1,64,0,36.408184,285,202,69.9,64.5,0,43.215286,195,406,72.9,64.1,0,41.405178,380,348,71.3,63.8,0,40.14406,335,178,72.9,63.9,0,56.39956,175,249,72.9,63.9,0,45.130787,245,427,71.7,64,0,46.483032,420,231,73.9,63.9,0,37.103687,232.19989,345,71.8,63.9,0,33.786766,335,106,71.4,64.5,0,32.945354,100,340,72.1,64.4,0,39.223183,335,200,70.9,285,0,32.79853,195,388,72.4,64,0,37.118225,380,340,71,64,0,42.005886,335,210,73.8,64,0,38.21472,200,249,73.7,64.1,0,47.790997,245,355,71.9,63.8,0,39.564583,350,163,72,64.2,0,42.85417,160,363,69.4,63.8,0,50.930088,335,233,73.2,64.4,0,43.587852,230,163,71.6,64.2,0,34.128147,150,200,70.4,64.9,0,43.519897,195,390,72.4,64.1,0,41.110138,380,587,69.3,63.7,0,67.3095,575,337,73,64.5,0,45.45638,335,254,72.7,64.6,0,42.69244,250,177,72.5,64.5,0,59.319466,175,195,73,64.4,0,31.051434,190,189,70.2,64.2,0,44.705765,185,306,69.4,63.9,0,40.639366,300,304,71.8,63.8,0,35.366714,300,212,68.2,63.8,0,55.126213,210,888,67.7,63.6,0,91.42857,880,87.7,87.8,89.4,142.1,104.3,115.3,1.5,0,29.81
20170729,1600,75.7,61,30.88881624,37.24958,250,46.9,43.4,5.6,73.7,70.4,-0.2,0.55,0,0,0,5,100,100,1,1,1,0,0,200,72,7.5,5.6,7.5,200,70.6,73.7,61.6,100,15,38.6,60.4,100,0,74,1.4,61.4,1.8125,65.4,0,0,50.4,13.7,0,0,0,72.5,72.7,63.4,68.6,15,41.2,61.2,56.7,0,72.6,1.01,61.4,1.8125,63.7,0,0,89.7,73.5,15.4,4.4,1.2,15,15,78.6,65.1,82.6,100,32,0,72.5,1.3,65.43104,64.93104,0,12.9,0,0,0,20,0,72,204,64.6,0,25.916008,200,72,68,2123.706,68.7,62.9,40.5,2200,266,72.2,62.7,0,50.36243,260,129,70.1,63.4,0,50.854958,125,1236,72,63,0,35.15241,1254.9998,697,74.8,63.5,0,33.900963,700,618,70.6,63.3,0,43.797592,600,204,72.2,63.5,0,36.13435,200,131,71.1,63.6,0,52.49724,125,340,70.9,63.9,0,28.247028,330,248,71.6,64.3,0,100,650,621,70.4,64.5,0,100,950,508,0,63.5,0,33.31702,500,510,71.3,63.5,0,33.07327,500,179,72.9,64.1,0,47.971977,175,250,70,64.5,0,42.725826,245,224,70.9,64.2,0,41.476856,220,356,72.4,64.1,0,32.490223,350,168,72.9,64.2,0,33.313004,160,342,71.3,64.3,0,31.254595,335,341,73.3,64.1,0,28.131517,335,200,70.7,64.8,0,36.395977,195,391,73.4,64.4,0,27.486103,380,252,69.4,64.1,0,43.17624,245,178,73.3,64.1,0,44.44172,175,250,71.9,64.2,0,46.251995,245,428,70.8,63.9,0,40.214577,420,164,72.1,64.4,0,26.032602,160,343,71.7,64.2,0,38.536945,335,308,72.2,64.5,0,32.00783,300,406,71.7,64,0,28.042328,400,199,70.4,64.5,0,37.349693,195,402,70.6,63.9,0,32.81925,380,353,69.8,64.3,0,29.864866,335,181,73.2,63.8,0,60.305435,175,250,71.9,64.1,0,45.10876,245,359,71.5,63.8,0,37.7152,350,162,72.6,64.2,0,33.55753,160,343,73.3,64,0,39.89011,335,235,72.3,64.9,0,40.287327,230,294,73.1,64,0,36.408184,285,203,69.9,64.5,0,43.215286,195,400,72.9,64.2,0,41.405178,380,341,71.3,63.8,0,40.14406,335,178,72.9,63.9,0,56.39956,175,250,72.9,64,0,45.130787,245,428,71.7,64,0,46.483032,420,208,73.8,63.9,0,34.679886,209.40024,343,71.8,63.9,0,33.786766,335,105,71.4,64.5,0,32.945354,100,343,72.1,64.4,0,39.223183,335,200,70.9,284.7,0,32.79853,195,397,72.4,64,0,37.118225,380,340,71,64,0,42.005886,335,205,73.7,64,0,38.21472,200,249,73.7,64.1,0,47.790997,245,356,71.9,63.9,0,39.564583,350,163,72,64.2,0,42.85417,160,369,69.4,63.8,0,50.930088,335,234,73.2,64.4,0,43.587852,230,161,71.6,64.2,0,34.128147,150,201,70.4,64.9,0,43.519897,195,394,72.4,64.1,0,41.110138,380,588,69.3,63.7,0,67.3095,575,337,73,64.5,0,45.45638,335,255,72.7,64.6,0,42.69244,250,178,72.4,64.5,0,59.319466,175,196,73,64.4,0,31.051434,190,189,70.2,64.2,0,44.705765,185,309,69.4,64,0,40.639366,300,305,71.8,63.7,0,35.366714,300,212,68.2,63.8,0,55.126213,210,890,67.7,63.6,0,91.42857,880,87.7,87.8,89.6,143.1,104.3,115.1,1.6,0,29.81
20170729,1605,75.7,60.6,30.8038529,38.16531917,250,47.5,44.5,5.6,75.7,72.3,-0.1,0.55,0,0,0,5,100,100,1,1,1,0,0,200,72,7.5,5.6,7.5,200,70.6,73.6,61.7,100,15,39,60.4,100,0,74,1.4,61.4,1.8125,65.3,0,0,50.9,13.6,0,0,0,72.5,72.6,63.4,68.4,15,41.2,61.2,55.5,0,72.7,0.99,61.4,1.8125,63.7,0,0,89.5,73.4,17,4.7,1.4,15,15,77.2,65.1,82.6,100,30.6,0,72.5,1.3,65.43104,64.93104,0,12.9,0,0,1,20.9,0,72,205,64.6,0,25.916008,200,72,68,2123.706,68.7,63,40.6,2200,267,72.2,62.7,0,50.36243,260,129,70.1,63.3,0,50.854958,125,1238,71.9,63,0,35.15241,1254.9998,698,74.8,63.5,0,33.40802,700,617,70.5,63.3,0,43.797592,600,204,72.2,63.5,0,36.13435,200,131,71.1,63.5,0,52.49724,125,338,70.9,63.9,0,28.247028,330,249,71.6,64.3,0,100,650,623,70.4,64.5,0,100,950,507,0,63.5,0,33.31702,500,509,71.3,63.5,0,33.07327,500,179,72.9,64.2,0,47.971977,175,250,70,64.5,0,42.725826,245,224,70.8,64.2,0,41.476856,220,357,72.4,64.1,0,32.490223,350,168,72.9,64.3,0,33.313004,160,342,71.3,64.3,0,31.254595,335,339,73.3,64.2,0,28.131517,335,199,70.6,64.8,0,36.395977,195,392,73.4,64.5,0,27.486103,380,254,69.4,64.1,0,43.17624,245,177,73.2,64.1,0,44.44172,175,249,71.8,64.2,0,46.251995,245,426,70.8,63.9,0,40.214577,420,164,72.1,64.5,0,26.032602,160,342,71.7,64.3,0,38.536945,335,308,72.2,64.5,0,32.00783,300,407,71.7,64,0,28.042328,400,198,70.4,64.5,0,37.349693,195,410,70.6,63.9,0,32.81925,380,348,69.8,64.3,0,29.864866,335,177,73.2,63.8,0,60.305435,175,248,71.9,64.2,0,45.10876,245,356,71.5,63.8,0,37.7152,350,162,72.6,64.2,0,33.55753,160,341,73.3,64,0,39.89011,335,232,72.3,64.9,0,40.287327,230,291,73.1,64,0,36.408184,285,201,69.9,64.5,0,43.215286,195,411,72.9,64.1,0,41.405178,380,351,71.2,63.8,0,40.14406,335,178,72.9,64,0,56.39956,175,248,72.9,64,0,45.130787,245,429,71.7,64,0,46.483032,420,208,73.8,63.9,0,34.679886,209.40024,341,71.8,63.9,0,33.786766,335,107,71.4,64.5,0,32.945354,100,342,72,64.4,0,39.223183,335,197,70.9,285.3,0,33.08022,195,387,72.4,64,0,37.118225,380,339,71,64,0,42.005886,335,207,73.7,64,0,38.21472,200,250,73.7,64.1,0,47.790997,245,355,71.9,63.9,0,39.564583,350,163,72,64.2,0,42.85417,160,362,69.4,63.8,0,50.930088,335,233,73.2,64.4,0,43.587852,230,159,71.6,64.2,0,34.128147,150,201,70.4,64.9,0,43.519897,195,391,72.4,64.1,0,41.110138,380,591,69.3,63.7,0,67.3095,575,337,73,64.5,0,45.45638,335,254,72.7,64.6,0,42.69244,250,178,72.4,64.6,0,59.319466,175,196,73,64.5,0,31.051434,190,188,70.2,64.3,0,44.705765,185,305,69.4,64,0,40.639366,300,304,71.9,63.7,0,35.366714,300,212,68.1,63.8,0,55.126213,210,887,67.7,63.6,0,91.417,880,87.7,87.8,89.6,142.1,104.2,114.9,1.2,-0.1,29.81
20170729,1610,75.7,61.9,31.08005989,38.16531917,245,47.3,44.1,5.6,75.3,72.5,-0.1,0.55,0,0,0,5,100,100,1,1,1,0,0,200,72,7.5,5.6,7.5,200,70.6,73.6,61.7,100,15,39.5,60.4,100,0,74.1,1.4,61.4,1.8125,65.2,0,0,51,13.6,0,0,0,72.5,72.6,63.3,68.4,15,41.2,61.2,55,0,72.6,0.99,61.4,1.8125,63.7,0,0,89.7,73.4,14.5,4.7,1,15,15,75.9,65.1,82.6,100,31.2,0,72.5,1.3,65.43104,64.93104,0,12.9,0,0,0,20,1,72,208,64.7,0,25.916008,200,72,68,2611.5657,68.8,63,35.9,2200,266,72.2,62.7,0,50.36243,260,130,70.1,63.4,0,50.854958,125,1250,72,63,0,35.15241,1254.9998,699,74.7,63.5,0,33.3296,700,617,70.4,63.3,0,43.797592,600,204,72.2,63.5,0,36.13435,200,130,71.1,63.5,0,52.49724,125,337,71,63.9,0,28.247028,330,248,71.6,64.3,0,100,650,620,70.4,64.5,0,100,950,507,0,63.5,0,33.31702,500,509,71.2,63.4,0,33.07327,500,179,72.9,64.1,0,47.971977,175,250,70,64.4,0,42.725826,245,223,70.9,64.2,0,41.476856,220,358,72.4,64.1,0,32.490223,350,168,72.9,64.3,0,33.313004,160,344,71.3,64.2,0,31.254595,335,340,73.3,64.1,0,28.131517,335,199,70.7,64.7,0,36.395977,195,390,73.6,64.4,0,27.486103,380,254,69.4,64.1,0,43.17624,245,177,73.2,64.1,0,44.44172,175,249,71.8,64.2,0,46.251995,245,428,70.8,63.9,0,40.214577,420,164,72,64.4,0,26.032602,160,342,71.7,64.3,0,38.536945,335,308,72.2,64.5,0,32.00783,300,408,71.7,63.9,0,28.042328,400,198,70.4,64.5,0,37.349693,195,404,70.6,63.9,0,32.81925,380,350,69.8,64.3,0,29.864866,335,180,73.2,63.7,0,60.305435,175,251,71.9,64.1,0,45.10876,245,359,71.5,63.8,0,37.7152,350,162,72.6,64.1,0,33.55753,160,344,73.3,64.1,0,39.89011,335,234,72.4,64.9,0,40.287327,230,293,73.1,64,0,36.408184,285,203,69.9,64.5,0,43.215286,195,398,72.9,64.1,0,41.405178,380,342,71.2,63.8,0,40.14406,335,178,72.9,64,0,56.39956,175,249,72.9,63.9,0,45.130787,245,428,71.7,64,0,46.483032,420,207,73.8,63.9,0,34.679886,209.40024,343,71.9,63.9,0,33.786766,335,107,71.4,64.5,0,32.945354,100,341,72.1,64.4,0,39.223183,335,197,70.9,284.9,0,33.08022,195,388,72.4,64,0,37.118225,380,339,71,64,0,42.005886,335,206,73.7,64,0,38.21472,200,249,73.7,64.1,0,47.790997,245,357,71.9,63.8,0,39.564583,350,163,72,64.2,0,42.85417,160,363,69.4,63.8,0,50.930088,335,233,73.3,64.4,0,43.587852,230,162,71.6,64.2,0,34.128147,150,200,70.4,64.8,0,43.519897,195,391,72.4,64.1,0,41.110138,380,584,69.3,63.7,0,67.3095,575,337,72.9,64.5,0,45.45638,335,254,72.7,64.6,0,42.69244,250,178,72.5,64.6,0,59.319466,175,196,72.9,64.4,0,31.051434,190,188,70.2,64.2,0,44.705765,185,308,69.4,64,0,40.639366,300,305,71.8,63.7,0,35.366714,300,212,68.1,63.8,0,55.126213,210,887,67.7,63.6,0,91.417,880,87.7,87.8,89.5,142.1,104.2,115.2,1.1,0,29.81
20170729,1615,75.7,61.6,31.01630029,38.16531917,253,47.4,44.1,5.6,74.9,71.2,-0.1,0.55,0,0,0,5,100,100,1,1,1,0,0,200,72,7.5,5.6,7.5,200,70.5,73.7,61.8,100,15,40.1,60.4,100,0,74.1,1.4,61.4,1.8125,65.1,0,0,50.4,13.5,0,0,0,72.5,72.6,63.3,68.5,15,41.3,61.2,57.1,0,72.6,0.99,61.4,1.8125,63.6,0,0,89.8,73.3,17,4.7,1.1,15,15,79.3,65.1,82.6,100,32,0,72.5,1.3,65.43104,64.93104,0,12.9,0,0,1,20.8,1,72,206,64.7,0,25.916008,200,72,68,2123.706,68.7,63.1,39.9,2200,266,72.2,62.8,0,50.36243,260,130,70.1,63.4,0,50.854958,125,1243,71.9,63.1,0,35.15241,1254.9998,699,74.7,63.6,0,33.55366,700,615,70.5,63.3,0,43.797592,600,205,72.2,63.6,0,36.13435,200,131,71.1,63.6,0,52.49724,125,338,71,64,0,28.247028,330,248,71.6,64.3,0,100,650,620,70.4,64.6,0,100,950,507,0,63.5,0,33.31702,500,510,71.2,63.5,0,33.07327,500,179,72.9,64.1,0,47.971977,175,251,70,64.4,0,42.725826,245,224,70.9,64.2,0,41.476856,220,357,72.4,64.1,0,32.490223,350,168,72.9,64.2,0,33.313004,160,342,71.3,64.2,0,31.254595,335,342,73.3,64.1,0,28.131517,335,199,70.6,64.7,0,36.395977,195,387,73.5,64.5,0,27.486103,380,254,69.4,64,0,43.17624,245,177,73.2,64.1,0,44.44172,175,248,71.8,64.1,0,46.251995,245,426,70.8,63.9,0,40.214577,420,164,72,64.4,0,26.032602,160,342,71.7,64.2,0,38.536945,335,308,72.2,64.5,0,32.00783,300,407,71.7,63.9,0,28.042328,400,198,70.4,64.5,0,37.349693,195,416,70.6,63.8,0,32.81925,380,359,69.8,64.3,0,29.864866,335,178,73.2,63.7,0,60.305435,175,248,71.9,64.1,0,45.10876,245,355,71.5,63.8,0,37.7152,350,161,72.6,64.1,0,33.55753,160,342,73.3,64,0,39.89011,335,233,72.4,64.8,0,40.287327,230,293,73.1,64,0,36.408184,285,201,69.9,64.5,0,43.215286,195,409,72.9,64.1,0,41.405178,380,351,71.2,63.7,0,39.62785,335,178,72.9,63.9,0,56.39956,175,250,72.9,63.9,0,45.130787,245,426,71.7,64,0,46.483032,420,208,73.9,63.9,0,34.679886,209.40024,345,71.8,63.9,0,33.786766,335,107,71.4,64.5,0,32.945354,100,342,72,64.4,0,39.223183,335,196,70.9,284.8,0,33.08022,195,390,72.4,63.9,0,37.118225,380,340,71,64,0,42.005886,335,204,73.7,64,0,38.21472,200,249,73.7,64,0,47.790997,245,355,71.9,63.8,0,39.564583,350,163,72,64.2,0,42.85417,160,362,69.4,63.7,0,50.930088,335,234,73.2,64.4,0,43.587852,230,158,71.6,64.1,0,34.128147,150,200,70.4,64.8,0,43.519897,195,392,72.4,64,0,41.110138,380,582,69.3,63.6,0,67.3095,575,337,73,64.5,0,45.45638,335,255,72.7,64.6,0,42.69244,250,178,72.4,64.5,0,59.319466,175,196,73,64.4,0,31.051434,190,189,70.2,64.2,0,44.705765,185,308,69.4,64,0,40.639366,300,304,71.8,63.7,0,35.366714,300,212,68.2,63.8,0,55.126213,210,889,67.7,63.5,0,91.417,880,87.7,87.8,89.5,143.1,104.2,115.2,1.2,0,29.81
20170729,1620,75.8,61.6,31.08448402,38.16531917,251,47,43.7,5.6,72.3,70.1,-0.2,0.55,0,0,0,5,100,100,1,1,1,0,0,200,72,7.5,5.6,7.5,200,70.5,73.6,61.6,100,15,40.3,60.4,100,0,74,1.4,61.4,1.8125,65.1,0,0,51,13.8,0,0,0,72.5,72.6,63.4,68.7,15,41.3,61.2,52.7,0,72.6,1.01,61.4,1.8125,63.6,0,0,89.7,73.8,13.9,4.9,0.9,15,15,77.7,65.1,82.6,100,31.7,0,72.5,1.3,65.43104,64.93104,0,12.9,0,0,0,20,0,72,205,64.6,0,25.916008,200,72,68,2611.5657,68.7,62.9,36.1,2200,267,72.2,62.7,0,50.36243,260,130,70.1,63.4,0,50.854958,125,1228,72,63,0,34.611603,1254.9998,699,74.7,63.4,0,33.55366,700,617,70.5,63.3,0,43.797592,600,204,72.2,63.5,0,36.13435,200,131,71.1,63.5,0,52.49724,125,337,71,63.9,0,28.247028,330,247,71.6,64.3,0,100,650,623,70.4,64.6,0,100,950,507,0,63.5,0,33.31702,500,509,71.3,63.4,0,33.07327,500,178,72.9,64.1,0,47.971977,175,249,70,64.4,0,42.725826,245,223,70.8,64.2,0,41.476856,220,355,72.4,64,0,32.490223,350,168,72.9,64.2,0,33.313004,160,341,71.3,64.2,0,31.254595,335,339,73.2,64.1,0,28.131517,335,198,70.6,64.7,0,36.395977,195,386,73.6,64.4,0,27.486103,380,252,69.3,64.1,0,43.17624,245,177,73.2,64.1,0,44.44172,175,249,71.8,64.1,0,46.251995,245,425,70.8,63.9,0,40.214577,420,164,72,64.4,0,26.032602,160,342,71.7,64.2,0,38.536945,335,307,72.2,64.5,0,32.00783,300,405,71.6,63.9,0,28.042328,400,198,70.4,64.5,0,37.349693,195,389,70.6,63.9,0,32.81925,380,347,69.8,64.3,0,29.864866,335,179,73.2,63.7,0,60.305435,175,249,71.9,64.1,0,45.10876,245,356,71.5,63.8,0,37.7152,350,162,72.6,64.1,0,33.55753,160,345,73.3,64,0,39.89011,335,234,72.4,64.9,0,40.287327,230,293,73.1,63.9,0,36.408184,285,202,69.9,64.5,0,43.215286,195,398,72.9,64.1,0,41.405178,380,341,71.2,63.8,0,39.62785,335,177,72.9,63.9,0,56.39956,175,249,72.9,63.9,0,45.130787,245,427,71.7,64,0,46.483032,420,207,73.9,63.9,0,34.679886,209.40024,343,71.8,63.9,0,33.786766,335,109,71.4,64.5,0,32.945354,100,341,72,64.4,0,39.223183,335,196,70.9,284.9,0,33.08022,195,386,72.3,64,0,37.118225,380,338,71,64,0,42.005886,335,205,73.7,64,0,38.21472,200,248,73.7,64.1,0,47.790997,245,353,71.9,63.8,0,39.564583,350,162,72,64.2,0,42.85417,160,360,69.4,63.8,0,50.930088,335,233,73.2,64.4,0,43.587852,230,161,71.6,64.1,0,34.128147,150,199,70.4,64.8,0,43.519897,195,393,72.4,64,0,41.110138,380,587,69.2,63.7,0,67.3095,575,337,73,64.5,0,45.45638,335,254,72.7,64.5,0,42.69244,250,177,72.4,64.5,0,59.319466,175,196,73,64.4,0,31.051434,190,188,70.2,64.2,0,44.705765,185,308,69.4,63.9,0,40.639366,300,304,71.8,63.7,0,35.366714,300,212,68.1,63.8,0,55.126213,210,886,67.6,63.6,0,91.417,880,87.6,87.7,89.4,143.1,104.2,115.2,1.2,1.4,29.81
20170729,1625,75.7,62.4,31.18635195,38.16531917,252,47.3,44.3,5.6,76.5,74.1,-0.1,0.55,0,0,0,5,100,100,1,1,1,0,0,200,72,7.5,5.6,7.5,200,70.5,73.5,61.7,100,15,40.7,60.4,100,0,73.9,1.4,61.4,1.8125,65.1,0,0,50.4,13.6,0,0,0,72.5,72.7,63.4,68.4,15,41.4,61.2,54.7,0,72.6,1.01,61.4,1.8125,63.6,0,0,89.5,73.2,16.5,4.4,1.1,15,15,76.9,65.1,82.6,100,33.5,0,74.5,1.3,65.43104,64.93104,0,12.9,0,0,1,20.5,1,72,206,64.6,0,25.916008,200,72,68,2123.706,68.7,63,40.2,2200,267,72.2,62.7,0,50.36243,260,130,70.1,63.4,0,50.854958,125,1257,72,63,0,34.611603,1254.9998,700,74.6,63.5,0,33.54246,700,618,70.5,63.3,0,43.797592,600,205,72.2,63.5,0,36.13435,200,131,71.1,63.5,0,52.49724,125,338,71,64,0,28.247028,330,249,71.6,64.3,0,100,650,622,70.4,64.5,0,100,950,508,0,63.5,0,33.31702,500,510,71.2,63.4,0,33.07327,500,178,72.9,64.1,0,47.971977,175,250,69.9,64.5,0,42.725826,245,223,70.8,64.2,0,41.476856,220,357,72.4,64.1,0,32.490223,350,168,72.9,64.2,0,33.313004,160,340,71.3,64.3,0,31.254595,335,340,73.3,64.2,0,28.131517,335,199,70.6,64.7,0,36.395977,195,390,73.5,64.4,0,27.486103,380,253,69.4,64.1,0,43.17624,245,177,73.2,64.1,0,44.44172,175,248,71.8,64.2,0,46.251995,245,428,70.8,63.9,0,40.214577,420,164,72,64.4,0,26.032602,160,341,71.7,64.2,0,38.536945,335,308,72.2,64.5,0,32.00783,300,407,71.6,63.9,0,28.042328,400,198,70.4,64.5,0,37.349693,195,400,70.6,63.9,0,32.81925,380,349,69.8,64.3,0,29.864866,335,179,73.2,63.7,0,60.305435,175,249,71.9,64.2,0,45.10876,245,354,71.5,63.8,0,37.7152,350,162,72.6,64.1,0,33.55753,160,345,73.3,64,0,39.89011,335,234,72.4,64.9,0,40.287327,230,293,73.1,64,0,36.408184,285,200,69.9,64.5,0,43.215286,195,408,72.9,64.1,0,41.405178,380,346,71.2,63.8,0,39.90396,335,178,72.9,63.9,0,56.39956,175,249,72.9,63.9,0,45.130787,245,428,71.7,64,0,46.483032,420,207,73.9,63.9,0,34.679886,209.40024,343,71.8,63.9,0,33.786766,335,104,71.4,64.5,0,32.945354,100,340,72,64.4,0,39.223183,335,196,70.9,285.1,0,33.08022,195,390,72.3,64,0,37.118225,380,340,70.9,64,0,42.005886,335,207,73.7,64,0,38.21472,200,249,73.7,64.1,0,47.790997,245,354,71.9,63.8,0,39.564583,350,163,72,64.2,0,42.85417,160,364,69.4,63.8,0,50.930088,335,233,73.2,64.4,0,43.587852,230,162,71.6,64.1,0,34.128147,150,200,70.4,64.8,0,43.519897,195,388,72.4,64.1,0,41.110138,380,583,69.2,63.7,0,67.3095,575,337,73,64.5,0,45.45638,335,254,72.7,64.6,0,42.69244,250,178,72.4,64.5,0,59.319466,175,196,73,64.4,0,31.051434,190,189,70.2,64.2,0,44.705765,185,305,69.4,64,0,40.639366,300,304,71.8,63.7,0,35.366714,300,211,68.1,63.8,0,55.126213,210,887,67.6,63.6,0,91.417,880,87.6,87.7,89.3,144.1,104.1,115.2,0.9,-0.1,29.81
20170729,1630,75.7,62.8,31.27140905,38.16531917,248,47.3,43.9,5.6,73.7,70.5,-0.1,0.6,0,0,0,5,100,100,1,1,1,0,0,200,72,7.5,5.6,7.5,200,70.5,73.6,61.7,100,15,41.2,60.4,100,0,74,1.4,61.4,1.8125,65.1,0,0,51,13.6,0,0,0,72.5,72.6,63.3,68.3,15,41.5,61.2,56.6,0,72.6,1.01,61.4,1.8125,63.5,0,0,89.6,73.3,15.1,4.4,1.2,15,15,80.3,65.1,82.6,100,33.2,0,74.5,1.3,65.43104,64.93104,0,13,0,0,0,20,1,72,206,64.6,0,25.916008,200,72,68,2123.706,68.7,63,40.3,2200,268,72.2,62.8,0,50.36243,260,130,70.1,63.4,0,50.854958,125,1238,71.9,63.1,0,34.611603,1254.9998,698,74.6,63.5,0,33.54246,700,619,70.5,63.4,0,43.797592,600,204,72.1,63.6,0,36.13435,200,131,71,63.6,0,52.49724,125,339,71,64,0,28.247028,330,249,71.6,64.3,0,100,650,622,70.4,64.6,0,100,950,508,0,63.5,0,33.31702,500,509,71.2,63.5,0,33.07327,500,178,72.9,64.1,0,47.971977,175,250,69.9,64.4,0,42.725826,245,223,70.8,64.2,0,41.476856,220,357,72.4,64.1,0,32.490223,350,168,72.9,64.2,0,33.313004,160,342,71.3,64.2,0,31.254595,335,341,73.3,64.1,0,28.131517,335,199,70.6,64.7,0,36.395977,195,392,73.5,64.5,0,27.486103,380,254,69.4,64.1,0,43.17624,245,177,73.2,64.1,0,44.44172,175,249,71.8,64.2,0,46.251995,245,427,70.8,63.9,0,40.214577,420,163,72,64.4,0,26.032602,160,341,71.6,64.2,0,38.536945,335,308,72.2,64.5,0,32.00783,300,406,71.6,64,0,28.042328,400,197,70.4,64.5,0,37.349693,195,407,70.5,63.9,0,32.81925,380,352,69.8,64.3,0,29.864866,335,178,73.2,63.7,0,60.305435,175,247,71.9,64.1,0,45.10876,245,355,71.5,63.8,0,37.7152,350,162,72.6,64.2,0,33.55753,160,340,73.3,64.1,0,39.89011,335,232,72.3,64.9,0,40.287327,230,291,73.1,64,0,36.408184,285,201,69.9,64.5,0,43.215286,195,403,72.9,64.2,0,41.405178,380,348,71.2,63.8,0,39.97599,335,177,72.8,63.9,0,56.39956,175,249,72.9,63.9,0,45.130787,245,427,71.7,64,0,46.483032,420,207,73.9,63.9,0,34.679886,209.40024,344,71.8,63.9,0,33.786766,335,106,71.4,64.5,0,32.945354,100,341,72,64.4,0,39.223183,335,197,70.9,284.9,0,33.08022,195,388,72.3,64,0,37.118225,380,340,71,64,0,42.005886,335,207,73.7,64,0,38.21472,200,248,73.7,64.1,0,47.790997,245,355,71.9,63.8,0,39.564583,350,163,71.9,64.2,0,42.85417,160,361,69.4,63.8,0,50.930088,335,233,73.2,64.4,0,43.587852,230,156,71.5,64.2,0,34.128147,150,201,70.4,64.8,0,43.519897,195,393,72.4,64.1,0,41.110138,380,585,69.2,63.7,0,67.3095,575,337,73,64.5,0,45.45638,335,254,72.6,64.6,0,42.69244,250,178,72.4,64.6,0,59.319466,175,194,73,64.4,0,31.051434,190,189,70.2,64.2,0,44.705765,185,307,69.4,64,0,40.639366,300,305,71.8,63.7,0,35.366714,300,211,68.1,63.8,0,55.126213,210,889,67.6,63.6,0,91.417,880,87.6,87.7,89.4,144.1,104.1,114.9,1.2,0,29.81
20170729,1635,75.7,61.6,31.01630029,38.16531917,252,47.1,43.7,5.6,73.7,70.2,-0.2,0.55,0,0,0,5,100,100,1,1,1,0,0,200,72,7.5,5.6,7.5,200,70.5,73.6,61.6,100,15,41.5,60.4,100,0,73.9,1.4,61.4,1.8125,65.1,0,0,50.7,13.6,0,0,0,72.5,72.6,63.2,68.3,15,41.5,61.2,54.1,0,72.6,1.01,61.4,1.8125,63.4,0,0,89.8,73.2,14,4.8,0.9,15,15,78.6,65.1,82.6,100,31.7,0,74.5,1.3,65.43104,64.93104,0,13,0,0,0,20,0,72,205,64.6,0,25.916008,200,72,68,2123.706,68.7,62.9,40.4,2200,265,72.2,62.7,0,50.36243,260,130,70,63.3,0,50.854958,125,1270,72,63,0,34.611603,1254.9998,701,74.6,63.5,0,33.54246,700,615,70.5,63.3,0,43.797592,600,204,72.1,63.5,0,36.13435,200,131,71,63.5,0,52.49724,125,338,70.9,63.9,0,28.247028,330,248,71.6,64.3,0,100,650,621,70.4,64.6,0,100,950,508,0,63.5,0,33.31702,500,510,71.2,63.4,0,33.07327,500,178,72.9,64.1,0,47.971977,175,250,69.9,64.4,0,42.725826,245,223,70.8,64.2,0,41.476856,220,355,72.4,64.1,0,32.490223,350,168,72.8,64.2,0,33.313004,160,340,71.3,64.2,0,31.254595,335,340,73.3,64.1,0,28.131517,335,198,70.7,64.7,0,36.395977,195,388,73.4,64.4,0,27.486103,380,253,69.3,64,0,43.17624,245,177,73.2,64.1,0,44.44172,175,248,71.8,64.1,0,46.251995,245,427,70.7,63.9,0,40.214577,420,163,72,64.4,0,26.032602,160,342,71.6,64.2,0,38.536945,335,307,72.2,64.4,0,32.00783,300,406,71.6,63.9,0,28.042328,400,198,70.4,64.5,0,37.349693,195,394,70.5,63.8,0,32.81925,380,346,69.8,64.3,0,29.864866,335,179,73.2,63.7,0,60.305435,175,248,71.9,64.1,0,45.10876,245,353,71.5,63.8,0,37.7152,350,161,72.6,64.1,0,33.55753,160,343,73.3,64,0,39.89011,335,234,72.3,64.9,0,40.287327,230,294,73,64,0,36.408184,285,201,69.8,64.5,0,43.215286,195,404,72.8,64.1,0,41.405178,380,343,71.2,63.8,0,40.42017,335,178,72.8,63.9,0,56.39956,175,249,72.9,63.9,0,45.130787,245,426,71.7,63.9,0,46.483032,420,207,73.8,63.8,0,34.679886,209.40024,342,71.8,63.9,0,33.786766,335,108,71.4,64.5,0,32.945354,100,342,72,64.4,0,39.223183,335,196,70.9,284.9,0,33.08022,195,392,72.3,63.9,0,37.118225,380,340,70.9,63.9,0,42.005886,335,207,73.7,63.9,0,38.21472,200,248,73.7,64,0,47.790997,245,355,71.9,63.8,0,39.564583,350,163,72,64.2,0,42.85417,160,364,69.4,63.7,0,50.930088,335,233,73.2,64.4,0,43.587852,230,160,71.5,64.1,0,34.128147,150,200,70.4,64.8,0,43.519897,195,386,72.3,64,0,41.110138,380,582,69.2,63.6,0,67.3095,575,337,73,64.5,0,45.45638,335,254,72.6,64.6,0,42.69244,250,177,72.4,64.5,0,59.319466,175,195,73,64.4,0,31.051434,190,189,70.1,64.2,0,44.705765,185,311,69.4,63.9,0,40.639366,300,304,71.8,63.7,0,35.366714,300,211,68.1,63.8,0,55.126213,210,887,67.6,63.5,0,91.417,880,87.6,87.7,89.5,142.1,104.1,115.3,1.1,0,29.81
20170729,1640,75.9,62.4,31.32404875,38.16531917,249,47.1,44.1,5.6,75.4,72.9,-0.1,0.55,0,0,0,5,100,100,1,1,1,0,0,200,72,7.5,5.6,7.5,200,70.5,73.8,61.7,100,15,41.9,60.4,100,0,74.1,1.4,61.4,1.8125,65.1,0,0,50.9,13.6,0,0,0,72.5,72.6,63.4,68.3,15,41.6,61.2,57.3,0,72.7,1.01,61.4,1.8125,63.4,0,0,89.5,73.2,15.8,4.8,0.8,15,15,78.3,65.1,82.6,100,32,0,74.5,1.3,65.43104,64.93104,0,13,0,0,0,20,1,72,206,64.6,0,25.916008,200,72,68,2123.706,68.7,63,40.5,2200,266,72.2,62.7,0,50.36243,260,130,70,63.3,0,50.854958,125,1224,72,63,0,34.611603,1254.9998,702,74.5,63.4,0,33.46404,700,617,70.5,63.3,0,43.797592,600,204,72.1,63.5,0,36.13435,200,130,71,63.6,0,52.49724,125,338,71,63.9,0,28.247028,330,248,71.6,64.3,0,100,650,622,70.4,64.5,0,100,950,507,0,63.5,0,33.31702,500,509,71.2,63.5,0,33.07327,500,178,72.9,64.1,0,47.971977,175,249,69.9,64.4,0,42.725826,245,222,70.8,64.2,0,41.476856,220,356,72.4,64.1,0,32.490223,350,168,72.8,64.2,0,33.313004,160,341,71.3,64.2,0,31.254595,335,339,73.3,64.1,0,28.131517,335,199,70.6,64.7,0,36.395977,195,389,73.4,64.4,0,27.486103,380,253,69.3,64.1,0,43.17624,245,177,73.2,64.1,0,44.44172,175,248,71.8,64.1,0,46.251995,245,427,70.7,63.9,0,40.214577,420,164,72,64.4,0,26.032602,160,340,71.6,64.2,0,38.536945,335,307,72.2,64.4,0,32.00783,300,406,71.6,63.9,0,28.042328,400,198,70.4,64.5,0,37.349693,195,410,70.5,63.8,0,32.81925,380,357,69.8,64.3,0,29.864866,335,178,73.2,63.7,0,60.305435,175,249,71.8,64.1,0,45.10876,245,355,71.5,63.8,0,37.7152,350,162,72.6,64.1,0,33.55753,160,341,73.3,64,0,39.89011,335,232,72.3,64.9,0,40.287327,230,290,73,63.9,0,36.408184,285,200,69.8,64.5,0,43.215286,195,408,72.8,64.1,0,41.405178,380,351,71.2,63.7,0,40.42017,335,178,72.8,63.9,0,56.39956,175,248,72.9,63.9,0,45.130787,245,427,71.7,64,0,46.483032,420,207,73.9,63.9,0,34.679886,209.40024,343,71.8,63.9,0,33.786766,335,106,71.3,64.5,0,32.945354,100,343,72,64.4,0,39.223183,335,196,70.9,285.2,0,33.08022,195,387,72.3,63.9,0,37.118225,380,340,70.9,64,0,42.005886,335,207,73.7,64,0,38.21472,200,249,73.7,64.1,0,47.790997,245,355,71.9,63.8,0,39.564583,350,163,71.9,64.2,0,42.85417,160,362,69.4,63.8,0,50.930088,335,233,73.2,64.4,0,43.587852,230,160,71.5,64.1,0,34.128147,150,201,70.4,64.8,0,43.519897,195,390,72.3,64,0,41.110138,380,585,69.2,63.7,0,67.3095,575,337,73,64.5,0,45.45638,335,255,72.6,64.6,0,42.69244,250,177,72.4,64.5,0,59.319466,175,196,73,64.4,0,31.051434,190,189,70.2,64.2,0,44.705765,185,308,69.3,64,0,40.639366,300,305,71.7,63.7,0,35.366714,300,212,68.1,63.8,0,55.126213,210,887,67.6,63.6,0,91.417,880,87.6,87.7,89.5,142.1,104,114.9,1.1,0,29.81
20170729,1645,76.1,62.4,31.46229911,38.16531917,252,47.1,43.7,5.6,74.2,70.9,-0.2,0.55,0,0,0,5,100,100,1,1,1,0,0,200,72,7.5,5.6,7.5,200,70.5,73.7,61.7,100,15,42.5,60.4,100,0,74,1.4,61.4,1.8125,65.1,0,0,50.6,13.8,0,0,0,72.5,72.7,63.2,68.4,15,41.6,61.2,59.7,0,72.7,1,61.4,1.8125,63.4,0,0,89.7,73.3,17.6,4.4,1.3,15,15,81.4,65.1,82.6,100,32.2,0,74.5,1.3,65.43104,64.93104,0,12.9,0,0,0,20,0,72,204,64.7,0,25.916008,200,72,68,2123.706,68.7,63,40.7,2200,266,72.2,62.8,0,50.36243,260,129,70,63.4,0,50.854958,125,1259,72,63.1,0,34.611603,1254.9998,698,74.5,63.5,0,33.452835,700,615,70.6,63.4,0,43.797592,600,205,72.1,63.6,0,36.13435,200,130,71,63.6,0,52.49724,125,337,70.9,64,0,28.247028,330,248,71.5,64.3,0,100,650,621,70.4,64.6,0,100,950,506,0,63.5,0,33.31702,500,509,71.2,63.5,0,33.07327,500,178,72.9,64.1,0,47.971977,175,249,69.9,64.4,0,42.725826,245,223,70.8,64.2,0,41.476856,220,356,72.4,64.1,0,32.490223,350,168,72.8,64.2,0,33.313004,160,341,71.3,64.2,0,31.254595,335,340,73.3,64.2,0,28.131517,335,198,70.6,64.7,0,36.395977,195,392,73.4,64.4,0,27.486103,380,254,69.3,64.1,0,43.17624,245,177,73.2,64.1,0,44.44172,175,248,71.8,64.2,0,46.251995,245,426,70.7,63.9,0,40.214577,420,163,72,64.4,0,26.032602,160,342,71.6,64.3,0,38.536945,335,308,72.2,64.5,0,32.00783,300,407,71.6,63.9,0,28.042328,400,198,70.4,64.5,0,37.349693,195,411,70.5,63.9,0,32.81925,380,349,69.8,64.3,0,29.864866,335,179,73.2,63.8,0,60.305435,175,249,71.8,64.1,0,45.10876,245,354,71.5,63.8,0,37.7152,350,161,72.6,64.1,0,33.55753,160,344,73.3,64.1,0,39.89011,335,233,72.3,64.8,0,40.287327,230,292,73,64,0,36.408184,285,201,69.8,64.5,0,43.215286,195,404,72.8,64.1,0,41.405178,380,342,71.2,63.8,0,40.42017,335,178,72.8,63.9,0,56.39956,175,249,72.9,63.9,0,45.130787,245,426,71.7,64,0,46.483032,420,208,73.9,63.9,0,34.679886,209.40024,344,71.8,63.9,0,33.786766,335,106,71.3,64.5,0,32.945354,100,341,72,64.4,0,39.223183,335,196,70.9,285.1,0,33.08022,195,388,72.3,64,0,37.118225,380,340,70.9,64,0,42.005886,335,208,73.7,64,0,38.21472,200,249,73.7,64.1,0,47.790997,245,354,71.8,63.8,0,39.564583,350,163,71.9,64.2,0,42.85417,160,362,69.4,63.8,0,50.930088,335,233,73.2,64.4,0,43.587852,230,161,71.5,64.2,0,34.128147,150,201,70.4,64.8,0,43.519897,195,396,72.3,64,0,41.110138,380,583,69.2,63.7,0,67.3095,575,337,73,64.5,0,45.45638,335,254,72.6,64.6,0,42.69244,250,177,72.4,64.5,0,59.319466,175,195,73,64.4,0,31.051434,190,189,70.2,64.2,0,44.705765,185,308,69.4,64,0,40.639366,300,303,71.8,63.7,0,35.366714,300,212,68.1,63.8,0,55.126213,210,888,67.6,63.6,0,91.417,880,87.6,87.7,89.6,144.1,104,115,1.2,0.4,29.81
20170729,1650,76.3,62.6,31.64453329,38.16531917,250,47.1,44,5.6,75.6,71.9,-0.2,0.55,0,0,0,5,100,100,1,1,1,0,0,200,72,7.5,5.6,7.5,200,70.5,73.7,61.7,100,15,43.5,60,100,0,73.9,1.4,61,1.8125,65.3,0,0,50.7,13.5,0,0,0,72.5,72.7,63.4,68.2,15,41.7,61,53.5,0,72.7,1.01,61,1.8125,63.3,0,0,89.7,73.1,13.4,4.4,1.2,15,15,81.8,65.1,82.6,100,31.2,0,74.5,1.3,65.31035,64.81035,0,12.8,0,0,1,20.4,0,72,206,64.6,0,25.916008,200,72,68,2123.706,68.7,62.9,40.8,2200,266,72.2,62.7,0,50.36243,260,129,70,63.3,0,50.854958,125,1261,72,63,0,34.611603,1254.9998,700,74.4,63.5,0,33.452835,700,614,70.6,63.3,0,43.797592,600,205,72.1,63.5,0,36.13435,200,130,71,63.5,0,52.49724,125,337,71,63.9,0,28.247028,330,248,71.5,64.3,0,100,650,622,70.4,64.6,0,100,950,506,0,63.5,0,33.31702,500,509,71.2,63.5,0,33.07327,500,178,72.9,64.1,0,47.971977,175,251,70,64.4,0,42.725826,245,224,70.8,64.2,0,41.476856,220,357,72.4,64.1,0,32.490223,350,168,72.8,64.2,0,33.313004,160,341,71.3,64.2,0,31.254595,335,342,73.3,64.1,0,28.131517,335,199,70.6,64.7,0,36.395977,195,389,73.4,64.4,0,27.486103,380,253,69.3,64,0,43.17624,245,177,73.2,64.1,0,44.44172,175,249,71.8,64.1,0,46.251995,245,428,70.7,63.9,0,40.214577,420,164,72,64.4,0,26.032602,160,342,71.6,64.2,0,38.536945,335,308,72.2,64.5,0,32.00783,300,407,71.6,63.9,0,28.042328,400,199,70.4,64.4,0,37.349693,195,392,70.5,63.8,0,32.81925,380,351,69.8,64.3,0,29.864866,335,178,73.2,63.7,0,60.305435,175,251,71.8,64.1,0,45.10876,245,356,71.4,63.8,0,37.7152,350,162,72.6,64.2,0,33.55753,160,342,73.3,64,0,39.89011,335,234,72.3,64.9,0,40.287327,230,291,73,64,0,36.408184,285,201,69.8,64.5,0,43.215286,195,410,72.8,64.1,0,41.405178,380,352,71.2,63.7,0,40.42017,335,178,72.8,63.9,0,56.39956,175,250,72.9,63.9,0,45.130787,245,425,71.6,64,0,46.483032,420,208,73.8,63.9,0,34.679886,209.40024,344,71.7,63.9,0,33.786766,335,108,71.3,64.5,0,32.945354,100,341,72,64.4,0,39.223183,335,197,70.9,285,0,33.08022,195,390,72.2,63.9,0,37.118225,380,341,70.9,64,0,42.005886,335,206,73.7,63.9,0,38.21472,200,249,73.7,64.1,0,47.790997,245,355,71.8,63.8,0,39.564583,350,163,71.9,64.2,0,42.85417,160,366,69.4,63.8,0,50.930088,335,234,73.2,64.4,0,43.587852,230,157,71.5,64.1,0,34.128147,150,200,70.4,64.8,0,43.519897,195,389,72.3,64,0,41.110138,380,585,69.2,63.6,0,67.3095,575,337,73,64.5,0,45.45638,335,254,72.6,64.6,0,42.69244,250,178,72.4,64.5,0,59.319466,175,196,73,64.4,0,31.051434,190,189,70.2,64.2,0,44.705765,185,308,69.4,63.9,0,40.639366,300,305,71.6,63.7,0,35.366714,300,212,68.1,63.8,0,55.126213,210,888,67.6,63.6,0,91.417,880,87.6,87.7,89.3,143.1,104,115.2,1.2,0.1,29.81
20170729,1655,76.3,63.1,31.75312502,38.16531917,250,47.1,43.9,5.6,75.5,72.8,-0.1,0.55,0,0,0,5,100,100,1,1,1,0,0,200,72,7.5,5.6,7.5,200,70.5,73.7,61.5,100,15,44.3,60,100,0,74,1.4,61,1.8125,65.3,0,0,51.1,13.8,0,0,0,72.5,72.6,63.2,68.5,15,41.9,61,56.4,0,72.7,1,61,1.8125,63.4,0,0,89.8,73.4,16.9,4.9,2,15,15,78.8,65.1,82.6,100,32.1,0,74.5,1.3,65.31035,64.81035,0,12.9,0,0,0,20,1,72,206,64.6,0,25.916008,200,72,68,2123.706,68.6,62.9,39.9,2200,267,72.1,62.6,0,50.36243,260,130,70,63.3,0,50.854958,125,1260,71.9,62.9,0,34.611603,1254.9998,700,74.4,63.4,0,33.55366,700,618,70.5,63.3,0,43.797592,600,204,72.1,63.5,0,36.13435,200,131,71,63.5,0,52.49724,125,338,71,63.9,0,28.247028,330,249,71.5,64.3,0,100,650,623,70.4,64.5,0,100,950,508,0,63.4,0,33.31702,500,509,71.2,63.4,0,33.07327,500,179,72.9,64.1,0,47.971977,175,250,69.9,64.4,0,42.725826,245,223,70.8,64.2,0,41.476856,220,357,72.3,64.1,0,32.490223,350,168,72.8,64.2,0,33.313004,160,342,71.3,64.2,0,31.254595,335,339,73.3,64.1,0,28.131517,335,199,70.6,64.7,0,36.395977,195,385,73.3,64.4,0,27.486103,380,253,69.3,64,0,43.17624,245,177,73.2,64.1,0,44.44172,175,249,71.8,64.1,0,46.251995,245,427,70.7,63.9,0,40.214577,420,164,72,64.4,0,26.032602,160,341,71.6,64.2,0,38.536945,335,308,72.1,64.5,0,32.00783,300,408,71.6,63.9,0,28.042328,400,198,70.4,64.4,0,37.349693,195,398,70.5,63.9,0,32.81925,380,350,69.8,64.2,0,29.864866,335,178,73.2,63.7,0,60.305435,175,248,71.8,64.1,0,45.10876,245,355,71.4,63.8,0,37.7152,350,162,72.5,64.1,0,33.55753,160,341,73.3,64,0,39.89011,335,233,72.3,64.8,0,40.287327,230,291,73,63.9,0,36.408184,285,201,69.8,64.5,0,43.215286,195,406,72.8,64.1,0,41.405178,380,353,71.2,63.7,0,40.14406,335,178,72.9,63.9,0,56.39956,175,249,72.9,63.9,0,45.130787,245,427,71.6,64,0,46.483032,420,209,73.8,63.9,0,34.679886,209.40024,344,71.7,63.9,0,33.786766,335,107,71.3,64.5,0,32.945354,100,339,72,64.4,0,39.223183,335,197,70.9,285,0,33.08022,195,386,72.2,63.9,0,37.118225,380,341,70.9,63.9,0,42.005886,335,207,73.6,64,0,38.21472,200,249,73.7,64,0,47.790997,245,355,71.8,63.8,0,39.564583,350,163,71.9,64.2,0,42.85417,160,367,69.4,63.8,0,50.930088,335,234,73.1,64.4,0,43.587852,230,165,71.5,64.1,0,34.128147,150,200,70.4,64.8,0,43.519897,195,394,72.3,64,0,41.110138,380,588,69.2,63.6,0,67.3095,575,337,73,64.5,0,45.45638,335,254,72.6,64.5,0,42.69244,250,178,72.4,64.5,0,59.319466,175,196,73,64.4,0,31.051434,190,189,70.1,64.2,0,44.705765,185,307,69.3,63.9,0,40.639366,300,305,71.7,63.7,0,35.366714,300,212,68,63.7,0,55.126213,210,889,67.5,63.6,0,91.417,880,87.6,87.7,89.2,143.1,104,114.9,1.1,-0.1,29.81
20170729,1700,76.4,62.7,31.73608997,38.16531917,253,47.5,44.1,5.6,75.3,71.4,-0.2,0.55,0,0,0,5,100,100,1,1,1,0,0,200,72,7.5,5.6,7.5,200,70.4,73.7,61.1,100,15,44.7,60,100,0,73.9,1.4,61,1.8125,65.3,0,0,50.7,13.5,0,0,0,72.5,72.6,63.4,68.6,15,42,61,54.2,0,72.7,1,61,1.8125,63.3,0,0,89.7,73.7,14.5,4.8,1,15,15,82.5,65.1,82.6,100,32.6,0,74.5,1.3,65.31035,64.81035,0,12.8,0,0,1,21.4,1,72,206,64.4,0,25.916008,200,72,68,2123.706,68.6,62.5,40.1,2200,267,72.1,62.4,0,50.36243,260,130,70,63.2,0,50.854958,125,1250,71.9,62.7,0,34.611603,1254.9998,701,74.4,63.2,0,33.55366,700,617,70.5,63.2,0,43.797592,600,204,72.1,63.4,0,36.13435,200,131,71,63.4,0,52.49724,125,338,70.9,63.8,0,28.247028,330,248,71.5,64.2,0,100,650,622,70.4,64.4,0,100,950,508,0,63.3,0,33.31702,500,509,71.2,63.3,0,33.07327,500,178,72.9,64.1,0,47.971977,175,250,69.8,64.4,0,42.725826,245,223,70.8,64.2,0,41.476856,220,357,72.4,64.1,0,32.490223,350,168,72.8,64.2,0,33.313004,160,343,71.3,64.2,0,31.254595,335,340,73.3,64.1,0,28.131517,335,198,70.6,64.7,0,36.395977,195,385,73.3,64.4,0,27.486103,380,253,69.3,64,0,43.17624,245,177,73.2,64.1,0,44.44172,175,248,71.8,64.1,0,46.251995,245,427,70.7,63.9,0,40.214577,420,164,72,64.4,0,26.032602,160,343,71.6,64.2,0,38.536945,335,308,72.1,64.4,0,32.00783,300,407,71.6,63.9,0,28.042328,400,198,70.4,64.4,0,37.349693,195,395,70.5,63.8,0,32.81925,380,352,69.8,64.3,0,29.864866,335,179,73.2,63.7,0,60.305435,175,250,71.8,64.1,0,45.10876,245,358,71.4,63.7,0,37.7152,350,162,72.5,64.1,0,33.55753,160,342,73.3,64,0,39.89011,335,234,72.3,64.8,0,40.287327,230,292,73,64,0,36.408184,285,202,69.8,64.5,0,43.215286,195,399,72.8,64.1,0,41.405178,380,341,71.2,63.7,0,39.62785,335,178,72.8,63.9,0,56.39956,175,249,72.9,63.9,0,45.130787,245,427,71.6,64,0,46.483032,420,207,73.8,63.8,0,34.679886,209.40024,344,71.7,63.9,0,33.786766,335,107,71.3,64.5,0,32.945354,100,339,72,64.4,0,39.223183,335,196,70.9,284.9,0,33.08022,195,390,72.2,64,0,37.118225,380,339,70.9,64,0,42.005886,335,207,73.6,64,0,38.21472,200,250,73.7,64,0,47.790997,245,356,71.8,63.8,0,39.564583,350,163,71.9,64.2,0,42.85417,160,363,69.3,63.8,0,50.930088,335,233,73.1,64.4,0,43.587852,230,162,71.5,64.1,0,34.128147,150,200,70.4,64.8,0,43.519897,195,387,72.3,64,0,41.110138,380,587,69.2,63.7,0,67.3095,575,337,72.9,64.5,0,45.45638,335,254,72.5,64.6,0,42.69244,250,178,72.4,64.5,0,59.319466,175,195,73,64.4,0,31.051434,190,189,70.1,64.2,0,44.705765,185,304,69.3,63.9,0,40.639366,300,304,71.7,63.7,0,35.366714,300,211,68.1,63.8,0,55.126213,210,887,67.6,63.6,0,91.417,880,87.6,87.7,89.2,145.1,103.9,115,1.2,0,29.81
20170729,1705,76.4,63.7,31.95408114,38.12371667,252,47.2,43.8,5.6,73.1,70.7,-0.1,0.55,0,0,0,5,100,100,1,1,1,0,0,200,72,7.5,5.6,7.5,200,70.4,73.8,60.9,100,15,44.5,60,100,0,73.9,1.4,61,1.8125,65.3,0,0,51.1,13.6,0,0,0,72.5,72.7,63.4,68.2,15,42.2,61,56,0,72.6,0.99,61,1.8125,63.4,0,0,89.7,73.1,16.6,4.5,1.5,15,15,82.4,65.1,82.6,100,32.2,0,74.5,1.3,65.31035,64.81035,0,12.8,0,0,0,20,0,72,206,64.2,0,25.916008,200,72,68,2611.5657,68.6,62.2,36.3,2200,266,72.1,62.1,0,50.36243,260,130,70,62.8,0,50.854958,125,1263,71.9,62.4,0,34.611603,1254.9998,702,74.4,62.9,0,33.55366,700,615,70.5,62.9,0,43.797592,600,205,72.1,63,0,36.13435,200,131,70.9,63.1,0,52.49724,125,336,70.9,63.5,0,28.247028,330,248,71.5,63.9,0,100,650,622,70.4,64.2,0,100,950,508,0,63,0,33.31702,500,509,71.2,63,0,33.07327,500,178,72.9,64.1,0,47.971977,175,250,69.9,64.4,0,42.725826,245,223,70.8,64.2,0,41.476856,220,358,72.4,64.1,0,32.490223,350,168,72.8,64.2,0,33.313004,160,340,71.3,64.2,0,31.254595,335,339,73.3,64.1,0,28.131517,335,198,70.6,64.7,0,36.395977,195,390,73.3,64.4,0,27.486103,380,254,69.3,64,0,43.17624,245,177,73.2,64.1,0,44.44172,175,248,71.8,64.1,0,46.251995,245,427,70.7,63.9,0,40.214577,420,164,72,64.4,0,26.032602,160,341,71.5,64.2,0,38.536945,335,307,72.1,64.4,0,32.00783,300,408,71.6,63.9,0,28.042328,400,197,70.4,64.4,0,37.349693,195,397,70.5,63.8,0,32.81925,380,347,69.8,64.3,0,29.864866,335,178,73.2,63.7,0,60.305435,175,251,71.8,64.1,0,45.10876,245,356,71.4,63.7,0,37.7152,350,162,72.5,64.1,0,33.55753,160,342,73.3,64,0,39.89011,335,231,72.3,64.9,0,40.287327,230,291,73,64,0,36.408184,285,201,69.8,64.5,0,43.215286,195,406,72.8,64.1,0,41.405178,380,349,71.2,63.7,0,39.62785,335,178,72.8,63.9,0,56.39956,175,249,72.9,63.9,0,45.130787,245,428,71.6,63.9,0,46.483032,420,207,73.8,63.9,0,34.679886,209.40024,342,71.7,63.9,0,33.786766,335,107,71.3,64.5,0,32.945354,100,342,72,64.4,0,39.223183,335,197,70.9,285.2,0,33.08022,195,391,72.2,63.9,0,37.118225,380,339,70.9,64,0,42.005886,335,208,73.6,63.9,0,38.21472,200,249,73.3,64.1,0,47.790997,245,354,71.8,63.8,0,39.564583,350,163,71.9,64.2,0,42.85417,160,362,69.3,63.8,0,50.930088,335,233,73.1,64.4,0,43.587852,230,162,71.5,64.1,0,34.128147,150,200,70.3,64.8,0,43.519897,195,390,72.3,64,0,41.110138,380,587,69.2,63.6,0,67.3095,575,337,72.9,64.5,0,45.45638,335,254,72.5,64.5,0,42.69244,250,177,72.4,64.5,0,59.319466,175,194,73,64.4,0,31.051434,190,189,70.1,64.2,0,44.705765,185,305,69.3,63.9,0,40.639366,300,305,71.7,63.7,0,35.366714,300,211,68.1,63.7,0,55.126213,210,886,67.6,63.6,0,91.417,880,87.6,87.7,89.2,143.1,103.9,115,3.1,-0.4,29.81
20170729,1710,76.6,62.3,31.78842693,38.12371667,253,47.4,44.3,5.6,76.9,73.3,-0.1,0.55,0,0,0,5,100,100,1,1,1,0,0,200,72,7.5,5.6,7.5,200,70.4,73.7,61,100,15,44.5,60,100,0,73.9,1.4,61,1.8125,65.3,0,0,51.1,13.7,0,0,0,72.4,72.7,63.4,68.2,15,42.3,61,54.6,0,72.7,0.98,61,1.8125,63.4,0,0,89.7,73.2,14.8,4.4,1.2,15,15,79.7,65.1,82.6,100,32.4,0,74.5,1.3,65.31035,64.81035,0,12.8,0,0,1,21.6,0,72,204,64.1,0,25.916008,200,72,68,2123.706,68.6,62.2,40.3,2200,266,72.1,62,0,50.36243,260,130,70,62.7,0,50.854958,125,1245,71.9,62.3,0,34.611603,1254.9998,698,74.4,62.9,0,33.3296,700,616,70.4,62.7,0,43.797592,600,205,72,63,0,36.13435,200,131,70.9,63,0,52.49724,125,337,70.9,63.4,0,28.247028,330,249,71.5,63.8,0,100,650,622,70.4,64.1,0,100,950,507,0,62.9,0,33.31702,500,509,71.2,62.9,0,33.07327,500,178,72.9,64.1,0,47.971977,175,248,69.9,64.4,0,42.725826,245,222,70.9,64.2,0,41.476856,220,355,72.4,64.1,0,32.490223,350,168,72.8,64.2,0,33.313004,160,340,71.3,64.2,0,31.254595,335,340,73.3,64.1,0,28.131517,335,197,70.6,64.7,0,36.395977,195,390,73.3,64.4,0,27.486103,380,251,69.3,64,0,43.17624,245,176,73.1,64.1,0,44.44172,175,247,71.8,64.1,0,46.251995,245,425,70.8,63.9,0,40.214577,420,163,72,64.4,0,26.032602,160,339,71.6,64.2,0,38.536945,335,307,72.1,64.4,0,32.00783,300,405,71.6,63.9,0,28.042328,400,197,70.4,64.5,0,37.349693,195,409,70.5,63.8,0,32.81925,380,354,69.8,64.3,0,29.864866,335,177,73.1,63.8,0,60.305435,175,248,71.8,64.1,0,45.10876,245,352,71.4,63.8,0,37.7152,350,161,72.5,64.1,0,33.55753,160,340,73.3,64,0,39.89011,335,231,72.3,64.8,0,40.287327,230,290,73,64,0,36.408184,285,199,69.8,64.5,0,43.215286,195,405,72.8,64.1,0,41.405178,380,348,71.2,63.7,0,39.62785,335,176,72.8,63.9,0,56.39956,175,248,72.9,63.9,0,45.130787,245,425,71.6,64,0,46.483032,420,206,73.8,63.9,0,34.679886,209.40024,342,71.7,63.9,0,33.786766,335,108,71.3,64.4,0,32.945354,100,338,72,64.4,0,39.223183,335,196,70.8,285,0,33.08022,195,386,72.2,64,0,37.118225,380,339,70.9,63.9,0,42.005886,335,207,73.6,64,0,38.21472,200,247,73.7,64,0,47.790997,245,354,71.9,63.8,0,39.564583,350,163,71.9,64.2,0,42.85417,160,360,69.3,63.8,0,50.930088,335,232,73.1,64.4,0,43.587852,230,153,71.5,64.1,0,34.128147,150,199,70.3,64.8,0,43.519897,195,386,72.3,64,0,41.110138,380,583,69.2,63.7,0,67.3095,575,337,72.9,64.5,0,45.45638,335,252,72.5,64.5,0,42.69244,250,177,72.4,64.5,0,59.319466,175,196,73,64.4,0,31.051434,190,188,70.1,64.2,0,44.705765,185,307,69.3,63.9,0,40.639366,300,302,71.7,63.7,0,35.366714,300,211,68.1,63.8,0,55.126213,210,883,67.5,63.6,0,91.417,880,87.6,87.7,89.3,142.1,103.9,114.8,1.2,-0.1,29.81
20170729,1715,76.6,61.9,31.70068043,38.12371667,250,47.5,44.3,5.6,75.9,73.2,-0.2,0.55,0,0,0,5,100,100,1,1,1,0,0,200,72,7.5,5.6,7.5,200,70.4,73.8,61,100,15,44.5,60,100,0,74,1.4,61,1.8125,65.3,0,0,51,13.5,0,0,0,72.4,72.7,63.4,68.2,15,42.5,61,58,0,72.7,1.01,61,1.8125,63.4,0,0,89.5,73,16,4.4,1.2,15,15,82.4,65.1,82.6,100,32.7,0,74.5,1.3,65.31035,64.81035,0,12.8,0,0,1,20.7,0,72,207,64,0,25.916008,200,72,68,2123.706,68.6,62.2,40.4,2200,266,72.1,62.1,0,50.36243,260,130,70,62.7,0,50.854958,125,1227,71.9,62.3,0,34.611603,1254.9998,697,74.3,62.8,0,33.40802,700,619,70.4,62.7,0,43.797592,600,204,72,62.9,0,36.13435,200,131,70.9,63,0,52.49724,125,339,70.9,63.4,0,28.247028,330,248,71.5,63.8,0,100,650,622,70.4,64,0,100,950,507,0,62.9,0,33.31702,500,509,71.1,62.8,0,33.07327,500,179,72.9,64.2,0,47.971977,175,250,70,64.5,0,42.725826,245,225,70.8,64.2,0,41.476856,220,358,72.6,64.1,0,32.490223,350,168,72.8,64.2,0,33.313004,160,341,71.3,64.2,0,31.254595,335,342,73.3,64.1,0,28.131517,335,199,70.6,64.7,0,36.395977,195,392,73.3,64.4,0,27.486103,380,254,69.3,64.1,0,43.17624,245,178,73.1,64.2,0,44.44172,175,249,71.8,64.2,0,46.251995,245,428,70.9,63.9,0,40.214577,420,164,72,64.4,0,26.032602,160,342,71.6,64.3,0,38.536945,335,308,72.1,64.5,0,32.00783,300,410,71.6,63.9,0,28.042328,400,198,70.4,64.5,0,37.349693,195,405,70.5,63.9,0,32.81925,380,353,69.8,64.3,0,29.864866,335,178,73.2,63.8,0,60.305435,175,247,71.8,64.2,0,45.10876,245,356,71.5,63.8,0,37.7152,350,162,72.5,64.2,0,33.55753,160,344,73.3,64.1,0,39.89011,335,233,72.3,64.9,0,40.287327,230,294,73,64,0,36.408184,285,201,69.8,64.5,0,43.215286,195,410,72.8,64.1,0,41.405178,380,350,71.2,63.8,0,39.09964,335,178,72.8,63.9,0,56.39956,175,250,72.9,64,0,45.130787,245,428,71.7,64,0,46.483032,420,208,73.8,63.9,0,34.679886,209.40024,342,71.7,63.9,0,33.786766,335,107,71.3,64.5,0,32.945354,100,341,72,64.4,0,39.223183,335,197,70.8,285.1,0,33.08022,195,395,72.2,64,0,37.118225,380,340,70.9,64,0,42.005886,335,207,73.6,64,0,38.21472,200,250,73.7,64.1,0,47.790997,245,356,71.9,63.9,0,39.564583,350,163,71.9,64.2,0,42.85417,160,369,69.4,63.8,0,50.930088,335,233,73.2,64.4,0,43.587852,230,163,71.5,64.1,0,34.128147,150,201,70.3,64.8,0,43.519897,195,392,72.3,64.1,0,41.110138,380,589,69.2,63.7,0,67.3095,575,337,73,64.5,0,45.45638,335,255,72.5,64.6,0,42.69244,250,177,72.4,64.5,0,59.319466,175,195,73,64.4,0,31.051434,190,189,70.1,64.2,0,44.705765,185,308,69.3,64,0,40.639366,300,306,71.8,63.7,0,35.366714,300,212,68.1,63.8,0,55.126213,210,891,67.6,63.7,0,91.417,880,87.5,87.6,89.2,143.1,103.8,114.8,1.2,0,29.81
20170729,1720,77.1,60.9,31.82722463,38.12371667,248,47.6,44.3,5.6,75.3,72.9,-0.1,0.55,0,0,0,5,100,100,1,1,1,0,0,200,72,7.5,5.6,7.5,200,70.3,74,61.1,100,15,44.6,60,100,0,74.1,1.4,61,1.8125,65.3,0,0,51,13.7,0,0,0,72.5,72.8,63.1,68.4,15,42.7,61,58.2,0,72.9,0.99,61,1.8125,63.3,0,0,89.9,73.3,17.3,4.7,0.8,15,15,80.8,65.1,82.6,100,32.2,0,76.5,1.3,65.31035,64.81035,0,12.8,0,0,0,20,1,72,206,64.1,0,25.916008,200,72,68,2123.706,68.6,62.4,40.5,2200,266,72.1,62.1,0,50.36243,260,130,69.9,62.8,0,50.854958,125,1230,71.9,62.4,0,34.611603,1254.9998,700,74.3,62.9,0,33.40802,700,616,70.4,62.8,0,43.797592,600,205,72,63,0,36.13435,200,130,70.9,63,0,52.49724,125,338,70.9,63.4,0,28.247028,330,248,71.5,63.8,0,100,650,623,70.3,64.1,0,100,950,508,0,62.9,0,33.31702,500,510,71.1,62.9,0,33.07327,500,178,72.8,64.1,0,47.971977,175,249,69.9,64.4,0,42.725826,245,223,70.9,64.2,0,41.476856,220,356,72.9,64,0,32.490223,350,168,72.8,64.2,0,33.313004,160,340,71.3,64.2,0,31.254595,335,339,73.3,64.1,0,28.131517,335,198,70.6,64.7,0,36.395977,195,387,73.3,64.4,0,27.486103,380,253,69.3,64,0,43.17624,245,177,73.1,64,0,44.44172,175,249,71.8,64.1,0,46.251995,245,427,71.3,63.8,0,40.214577,420,163,72,64.4,0,26.032602,160,339,71.6,64.2,0,38.536945,335,308,72.2,64.4,0,32.00783,300,408,71.6,63.9,0,28.042328,400,198,70.4,64.4,0,37.349693,195,412,70.5,63.8,0,32.81925,380,356,69.8,64.2,0,29.864866,335,177,73.2,63.7,0,60.305435,175,248,71.8,64.1,0,45.10876,245,354,71.6,63.7,0,37.7152,350,162,72.6,64.1,0,33.55753,160,340,73.3,64,0,39.89011,335,232,72.3,64.9,0,40.287327,230,292,73,63.9,0,36.408184,285,200,69.8,64.5,0,43.215286,195,403,72.8,64.1,0,41.405178,380,341,71.2,63.7,0,39.435776,335,177,72.8,63.9,0,56.39956,175,248,72.9,63.9,0,45.130787,245,428,71.8,64,0,46.483032,420,207,73.8,63.9,0,34.679886,209.40024,345,71.7,63.9,0,33.786766,335,106,71.3,64.4,0,32.945354,100,340,71.9,64.4,0,39.223183,335,202,70.8,284.9,0,33.69259,195,386,72.3,63.9,0,37.118225,380,340,70.9,64,0,42.005886,335,207,73.6,63.9,0,38.21472,200,248,73.7,64,0,47.790997,245,355,72,63.8,0,39.564583,350,163,71.9,64.2,0,42.85417,160,363,69.4,63.7,0,50.930088,335,233,73.2,64.4,0,43.587852,230,159,71.5,64.1,0,34.128147,150,200,70.3,64.8,0,43.519897,195,393,72.3,64,0,41.110138,380,585,69.2,63.6,0,67.3095,575,337,73,64.5,0,45.45638,335,254,72.5,64.6,0,42.69244,250,177,72.4,64.5,0,59.319466,175,195,73,64.4,0,31.051434,190,189,70.1,64.2,0,44.705765,185,308,69.3,63.9,0,40.639366,300,305,71.7,63.7,0,35.366714,300,212,68.1,63.7,0,55.126213,210,888,67.5,63.5,0,91.417,880,87.5,87.6,89.2,142.1,103.8,114.9,3.1,0,29.81
20170729,1725,77.3,59.4,31.62977313,38.12371667,254,47.8,44.4,5.6,73.8,70.4,-0.2,0.55,0,0,0,5,100,100,1,1,1,0,0,200,72,7.5,5.6,7.5,200,70.3,73.8,61.1,100,15,44.8,60,100,0,74,1.4,61,1.8125,65.3,0,0,50.8,13.8,0,0,0,72.4,72.8,63.2,68.2,15,42.8,61,54.4,0,72.9,1,61,1.8125,63.4,0,0,89.8,72.9,14.7,4.8,1.9,15,15,81.2,65.1,82.6,100,33.7,0,76.5,1.3,65.31035,64.81035,0,12.8,0,0,0,20,0,72,206,64.1,0,25.916008,200,72,68,2123.706,68.6,62.4,40.7,2200,267,72,62.1,0,50.36243,260,129,69.9,62.8,0,50.854958,125,1226,71.9,62.4,0,34.894295,1254.9998,697,74.2,62.9,0,34.012997,700,617,70.4,62.8,0,43.797592,600,205,72,63,0,36.13435,200,131,70.9,63,0,52.49724,125,338,70.9,63.4,0,28.247028,330,248,71.4,63.8,0,100,650,622,70.4,64.1,0,100,950,508,0,62.9,0,33.31702,500,509,71.1,62.9,0,33.07327,500,178,72.9,64,0,47.971977,175,251,69.9,64.4,0,42.725826,245,224,70.8,64.1,0,41.476856,220,357,73.2,64,0,32.490223,350,168,72.8,64.2,0,33.313004,160,341,71.3,64.1,0,31.254595,335,342,73.3,64,0,28.131517,335,199,70.6,64.7,0,36.395977,195,392,73.4,64.4,0,27.486103,380,253,69.3,64,0,43.17624,245,177,73.1,64,0,44.44172,175,248,71.8,64.1,0,46.251995,245,427,71.6,63.8,0,40.214577,420,164,72,64.4,0,26.032602,160,342,71.6,64.2,0,38.536945,335,308,72.2,64.4,0,32.00783,300,405,71.6,63.9,0,28.042328,400,198,70.4,64.4,0,37.349693,195,417,70.5,63.8,0,32.81925,380,351,69.8,64.2,0,29.864866,335,178,73.2,63.7,0,60.305435,175,249,71.8,64.1,0,45.10876,245,355,71.6,63.7,0,37.7152,350,162,72.6,64.1,0,33.55753,160,343,73.3,64,0,39.89011,335,233,72.4,64.8,0,40.287327,230,291,73,63.9,0,36.408184,285,200,69.8,64.4,0,43.215286,195,406,72.8,64.1,0,41.405178,380,351,71.2,63.7,0,40.90036,335,178,72.8,63.8,0,56.39956,175,249,72.9,63.9,0,45.130787,245,428,71.9,64,0,46.483032,420,208,73.8,63.8,0,34.679886,209.40024,345,71.8,63.9,0,33.786766,335,106,71.3,64.4,0,32.945354,100,342,71.9,64.3,0,39.223183,335,202,70.8,284.8,0,33.69259,195,389,72.3,63.9,0,37.118225,380,341,70.9,63.9,0,42.005886,335,207,73.6,63.9,0,38.21472,200,250,73.7,64,0,47.790997,245,356,72.1,63.8,0,39.564583,350,163,71.9,64.2,0,42.85417,160,362,69.4,63.8,0,50.930088,335,234,73.2,64.4,0,43.587852,230,162,71.5,64.1,0,34.128147,150,199,70.3,64.8,0,43.519897,195,389,72.3,64,0,41.110138,380,585,69.2,63.6,0,67.3095,575,337,73,64.5,0,45.45638,335,253,72.5,64.5,0,42.69244,250,177,72.4,64.5,0,59.319466,175,195,73,64.4,0,31.051434,190,189,70.1,64.1,0,44.705765,185,306,69.3,63.9,0,40.639366,300,305,71.8,63.6,0,35.366714,300,212,68,63.7,0,55.126213,210,889,67.5,63.5,0,91.40544,880,87.5,87.6,89.3,143.1,103.8,114.6,3.1,-1.4,29.81
20170729,1730,77.3,59.6,31.6746542,38.12371667,251,47.7,44.4,5.6,76.7,73.1,-0.1,0.55,0,0,0,5,100,100,1,1,1,0,0,200,72,7.5,5.6,7.5,200,70.4,73.7,61,100,15,44.8,60,100,0,74,1.4,61,1.8125,65.3,0,0,50.8,13.4,0,0,0,72.5,72.7,63.2,68.4,15,42.9,61,56.4,0,72.7,0.98,61,1.8125,63.4,0,0,89.7,73,16.8,4.3,0.8,15,15,81.1,65.1,82.6,100,32.2,0,76.5,1.3,65.31035,64.81035,0,12.8,0,0,1,21.2,0,72,208,64,0,25.916008,200,72,68,2123.706,68.6,62.3,40.8,2200,266,72,62.1,0,50.36243,260,130,69.9,62.7,0,50.854958,125,1249,71.9,62.4,0,34.894295,1254.9998,701,74.2,62.9,0,33.520054,700,615,70.4,62.7,0,43.797592,600,204,71.9,62.9,0,36.13435,200,131,70.9,63,0,52.49724,125,338,70.9,63.4,0,28.247028,330,248,71.4,63.7,0,100,650,621,70.3,64.1,0,100,950,507,0,62.9,0,33.31702,500,509,71.1,62.9,0,33.07327,500,178,72.9,64,0,47.971977,175,248,69.9,64.4,0,42.725826,245,222,70.9,64.2,0,41.476856,220,355,73.3,64,0,32.490223,350,168,72.8,64.2,0,33.313004,160,341,71.3,64.2,0,31.254595,335,338,73.3,64.1,0,28.131517,335,198,70.6,64.7,0,36.395977,195,386,73.4,64.4,0,27.486103,380,253,69.2,64,0,43.17624,245,177,73.1,64,0,44.44172,175,247,71.8,64.1,0,46.251995,245,426,71.7,63.8,0,40.214577,420,163,72,64.4,0,26.032602,160,341,71.6,64.2,0,38.536945,335,307,72.2,64.4,0,32.00783,300,407,71.6,63.9,0,28.042328,400,197,70.4,64.4,0,37.349693,195,405,70.5,63.8,0,32.81925,380,347,69.8,64.2,0,29.864866,335,177,73.2,63.7,0,60.305435,175,251,71.8,64.1,0,45.10876,245,354,71.7,63.7,0,37.7152,350,161,72.6,64.1,0,33.55753,160,341,73.3,64,0,39.89011,335,231,72.4,64.8,0,40.287327,230,290,73,63.9,0,36.408184,285,200,69.8,64.5,0,43.215286,195,407,72.8,64.1,0,41.405178,380,346,71.2,63.7,0,39.867947,335,177,72.8,63.8,0,56.39956,175,248,72.9,63.9,0,45.130787,245,425,71.9,64,0,46.483032,420,206,73.8,63.8,0,34.679886,209.40024,341,71.8,63.9,0,33.786766,335,108,71.3,64.4,0,32.945354,100,340,71.9,64.3,0,39.223183,335,201,70.8,284.9,0,33.69259,195,387,72.3,63.9,0,37.118225,380,339,70.9,64,0,42.005886,335,203,73.7,63.9,0,38.21472,200,248,73.7,64,0,47.790997,245,354,72.2,63.8,0,39.564583,350,162,72,64.1,0,42.85417,160,357,69.4,63.7,0,50.930088,335,232,73.2,64.4,0,43.587852,230,158,71.5,64.1,0,34.128147,150,200,70.3,64.8,0,43.519897,195,390,72.4,64,0,41.110138,380,585,69.2,63.6,0,67.3095,575,337,73,64.5,0,45.45638,335,253,72.5,64.5,0,42.69244,250,177,72.4,64.5,0,59.319466,175,194,72.9,64.3,0,31.051434,190,187,70.1,64.2,0,44.705765,185,305,69.3,63.9,0,40.639366,300,303,71.8,63.7,0,35.366714,300,211,68.1,63.7,0,55.126213,210,885,67.5,63.5,0,91.40544,880,87.5,87.6,89.3,141.1,103.8,114.9,1.2,0.1,29.81
20170729,1735,77.3,59.8,31.71954108,38.12371667,250,47.4,44,5.6,75.2,72.8,-0.1,0.55,0,0,0,5,100,100,1,1,1,0,0,200,72,7.5,5.6,7.5,200,70.4,73.8,61,100,15,44.8,60,100,0,74.1,1.4,61,1.8125,65.2,0,0,50.8,13.5,0,0,0,72.5,72.7,63.4,68.4,15,43.1,61,55,0,72.8,1.01,61,1.8125,63.4,0,0,89.7,73.4,14.7,4.7,0.8,15,15,78.6,65.1,82.6,100,32.7,0,76.5,1.3,65.31035,64.81035,0,12.9,0,0,0,20,1,72,206,64,0,25.916008,200,72,68,2123.706,68.5,62.2,39.9,2200,268,72,62,0,50.36243,260,130,69.9,62.7,0,50.854958,125,1236,71.9,62.3,0,34.894295,1254.9998,699,74.2,62.8,0,33.520054,700,617,70.4,62.7,0,43.797592,600,204,71.9,62.9,0,36.13435,200,131,70.9,62.9,0,52.49724,125,337,70.9,63.3,0,28.247028,330,248,71.4,63.7,0,100,650,622,70.3,64,0,100,950,508,0,62.9,0,33.31702,500,509,71.1,62.8,0,33.07327,500,178,72.9,64.1,0,47.971977,175,248,69.9,64.4,0,42.725826,245,223,70.9,64.2,0,41.476856,220,357,73.3,64.1,0,32.490223,350,168,72.9,64.2,0,33.313004,160,342,71.3,64.2,0,31.254595,335,340,73.2,64.1,0,28.131517,335,198,70.6,64.7,0,36.395977,195,392,73.4,64.4,0,27.486103,380,253,69.2,64,0,43.17624,245,176,73.1,64.1,0,44.44172,175,247,71.8,64.1,0,46.251995,245,427,71.7,63.9,0,40.214577,420,164,72,64.4,0,26.032602,160,342,71.7,64.2,0,38.536945,335,308,72.2,64.4,0,32.00783,300,408,71.7,63.9,0,28.042328,400,198,70.4,64.4,0,37.349693,195,411,70.5,63.8,0,32.81925,380,354,69.7,64.2,0,29.864866,335,177,73.2,63.7,0,60.305435,175,248,71.8,64.1,0,45.10876,245,355,71.7,63.8,0,37.7152,350,162,72.6,64.1,0,33.55753,160,341,73.3,64,0,39.89011,335,232,72.4,64.8,0,40.287327,230,291,73,63.9,0,36.408184,285,200,69.8,64.4,0,43.215286,195,407,72.8,64.1,0,41.405178,380,347,71.2,63.7,0,40.300117,335,177,72.8,63.8,0,56.39956,175,248,72.9,63.9,0,45.130787,245,425,72,64,0,46.483032,420,207,73.8,63.8,0,34.679886,209.40024,342,71.8,63.8,0,33.786766,335,106,71.3,64.4,0,32.945354,100,343,71.9,64.4,0,39.223183,335,202,70.8,285.1,0,33.69259,195,390,72.3,63.9,0,37.118225,380,338,70.9,63.9,0,42.005886,335,206,73.7,63.9,0,38.21472,200,249,73.7,64,0,47.790997,245,356,72.2,63.8,0,39.564583,350,163,72,64.2,0,42.85417,160,363,69.4,63.7,0,50.930088,335,233,73.2,64.4,0,43.587852,230,164,71.5,64.1,0,34.128147,150,200,70.3,64.8,0,43.519897,195,393,72.4,64,0,41.110138,380,585,69.2,63.6,0,67.3095,575,337,73,64.5,0,45.45638,335,254,72.5,64.5,0,42.69244,250,177,72.4,64.5,0,59.319466,175,196,73,64.4,0,31.051434,190,188,70.1,64.2,0,44.705765,185,305,69.3,63.9,0,40.639366,300,305,71.7,63.7,0,35.366714,300,212,68,63.7,0,55.126213,210,887,67.5,63.6,0,91.40544,880,87.5,87.6,89.1,143.1,103.7,114.9,1.3,-1.6,29.81
20170729,1740,77.3,60.3,31.83178366,38.12371667,250,47.5,44.1,5.6,74.1,70.7,-0.2,0.55,0,0,0,5,100,100,1,1,1,0,0,200,72,7.5,5.6,7.5,200,70.3,73.8,61,100,15,44.8,60,100,0,74,1.4,61,1.8125,65.2,0,0,51,13.4,0,0,0,72.5,72.8,63.2,68.2,15,43.2,61,54.7,0,72.8,0.99,61,1.8125,63.3,0,0,89.5,73.1,14.7,4.5,1.1,15,15,83.7,65.1,82.6,100,32.3,0,76.5,1.3,65.31035,64.81035,0,12.8,0,0,0,20,0,72,204,64,0,25.916008,200,72,68,2123.706,68.5,62.3,40.1,2200,267,72,62,0,50.36243,260,130,69.9,62.7,0,50.854958,125,1227,71.9,62.4,0,34.894295,1254.9998,696,74.2,62.9,0,34.09142,700,617,70.4,62.7,0,43.797592,600,206,71.9,62.9,0,36.13435,200,131,70.9,62.9,0,52.49724,125,338,70.9,63.4,0,28.247028,330,248,71.4,63.7,0,100,650,623,70.3,64,0,100,950,508,0,62.8,0,33.31702,500,510,71.1,62.8,0,33.07327,500,179,72.9,64.1,0,47.971977,175,250,69.9,64.4,0,42.725826,245,223,70.9,64.2,0,41.476856,220,357,73.3,64.1,0,32.490223,350,168,72.8,64.2,0,33.313004,160,342,71.3,64.2,0,31.254595,335,341,73.2,64.1,0,28.131517,335,199,70.6,64.7,0,36.395977,195,394,73.4,64.4,0,27.486103,380,253,69.2,64,0,43.17624,245,177,73.1,64.1,0,44.44172,175,249,71.8,64.1,0,46.251995,245,428,71.7,63.9,0,40.214577,420,164,72,64.4,0,26.032602,160,341,71.7,64.2,0,38.536945,335,308,72.2,64.4,0,32.00783,300,409,71.6,63.9,0,28.042328,400,198,70.4,64.5,0,37.349693,195,386,70.5,63.9,0,32.81925,380,340,69.7,64.3,0,29.864866,335,178,73.1,63.7,0,60.305435,175,248,71.8,64.1,0,45.10876,245,355,71.7,63.8,0,37.7152,350,161,72.6,64.1,0,33.55753,160,341,73.3,64,0,39.89011,335,233,72.4,64.9,0,40.287327,230,292,73,64,0,36.408184,285,201,69.8,64.5,0,43.215286,195,409,72.8,64.1,0,41.405178,380,347,71.2,63.8,0,40.300117,335,178,72.8,63.9,0,56.39956,175,249,72.9,63.9,0,45.130787,245,427,72,64,0,46.483032,420,207,73.8,63.9,0,34.679886,209.40024,343,71.8,63.9,0,33.786766,335,107,71.3,64.4,0,32.945354,100,340,71.9,64.4,0,39.223183,335,203,70.8,285,0,33.69259,195,388,72.3,64,0,37.118225,380,340,70.9,64,0,42.005886,335,209,73.7,64,0,38.21472,200,248,73.7,64.1,0,47.790997,245,355,72.2,63.8,0,39.564583,350,163,72,64.2,0,42.85417,160,365,69.4,63.8,0,50.930088,335,233,73.2,64.4,0,43.587852,230,162,71.5,64.1,0,34.128147,150,200,70.3,64.8,0,43.519897,195,391,72.4,64,0,41.110138,380,586,69.2,63.7,0,67.3095,575,337,73.1,64.5,0,45.45638,335,256,72.6,64.5,0,42.69244,250,178,72.4,64.5,0,59.319466,175,195,73,64.4,0,31.051434,190,188,70.1,64.2,0,44.705765,185,306,69.3,64,0,40.639366,300,304,71.8,63.7,0,35.366714,300,211,68,63.8,0,55.126213,210,889,67.5,63.6,0,91.40544,880,87.5,87.6,89.2,143.1,103.7,115.3,1.2,0,29.81
20170729,1745,77.5,60.1,31.92548728,38.12371667,252,47.5,44.3,5.6,76.2,73.5,-0.1,0.55,0,0,0,5,100,100,1,1,1,0,0,200,72,7.5,5.6,7.5,200,70.3,73.7,61,100,15,44.6,60,100,0,73.9,1.4,61,1.8125,65.3,0,0,51,13.8,0,0,0,72.5,72.8,63.3,68.7,15,43.3,61,56.5,0,72.9,1,61,1.8125,63.3,0,0,89.5,73.9,16.9,4.7,1.1,15,15,80.5,65.1,82.6,100,32.9,0,76.5,1.3,65.31035,64.81035,0,12.8,0,0,1,20.7,1,72,206,63.9,0,25.916008,200,72,68,2123.706,68.5,62.2,41.2,2200,266,72,61.9,0,50.36243,260,130,69.8,62.6,0,50.854958,125,1236,71.9,62.2,0,34.894295,1254.9998,701,74.1,62.7,0,33.531258,700,615,70.4,62.6,0,43.797592,600,204,71.9,62.9,0,36.13435,200,131,70.9,62.8,0,52.49724,125,337,70.9,63.3,0,28.247028,330,247,71.4,63.7,0,100,650,621,70.2,63.9,0,100,950,507,0,62.8,0,33.31702,500,509,71.1,62.7,0,33.07327,500,178,72.9,64.1,0,47.971977,175,250,69.9,64.4,0,42.725826,245,222,70.9,64.2,0,41.476856,220,356,73.3,64.1,0,32.490223,350,168,72.9,64.3,0,33.313004,160,341,71.3,64.2,0,31.254595,335,340,73.2,64.1,0,28.131517,335,199,70.6,64.7,0,36.395977,195,386,73.4,64.4,0,27.486103,380,251,69.2,64.1,0,43.17624,245,177,73.1,64.1,0,44.44172,175,248,71.8,64.2,0,46.251995,245,427,71.6,63.9,0,40.214577,420,164,72,64.4,0,26.032602,160,341,71.7,64.3,0,38.536945,335,308,72.2,64.5,0,32.00783,300,406,71.6,63.9,0,28.042328,400,197,70.4,64.4,0,37.349693,195,394,70.5,63.9,0,32.81925,380,352,69.7,64.3,0,29.864866,335,177,73.1,63.8,0,60.305435,175,247,71.8,64.2,0,45.10876,245,354,71.7,63.8,0,37.7152,350,161,72.7,64.2,0,33.55753,160,342,73.3,64,0,39.89011,335,232,72.4,64.9,0,40.287327,230,292,73,64,0,36.408184,285,199,69.8,64.5,0,43.215286,195,409,72.8,64.1,0,41.405178,380,350,71.1,63.8,0,40.300117,335,177,72.8,63.9,0,56.39956,175,248,72.9,63.9,0,45.130787,245,428,72,64,0,46.483032,420,207,73.8,63.9,0,34.679886,209.40024,342,71.8,63.9,0,33.786766,335,109,71.3,64.5,0,32.945354,100,340,71.9,64.4,0,39.223183,335,201,70.8,285.1,0,33.69259,195,387,72.3,64,0,37.118225,380,340,70.8,64,0,42.005886,335,207,73.6,64,0,38.21472,200,248,73.7,64.1,0,47.790997,245,355,72.2,63.8,0,39.564583,350,163,72,64.2,0,42.85417,160,363,69.4,63.8,0,50.930088,335,232,73.3,64.4,0,43.587852,230,160,71.5,64.1,0,34.128147,150,200,70.3,64.8,0,43.519897,195,390,72.4,64.1,0,41.110138,380,581,69.2,63.7,0,67.3095,575,337,73.1,64.5,0,45.45638,335,253,72.5,64.6,0,42.69244,250,177,72.4,64.5,0,59.319466,175,195,73,64.4,0,31.051434,190,188,70.1,64.2,0,44.705765,185,304,69.3,63.9,0,40.639366,300,304,71.8,63.7,0,35.366714,300,211,68.1,63.8,0,55.126213,210,888,67.5,63.6,0,91.40544,880,87.5,87.6,89.1,143.1,103.7,114.9,2.9,-0.2,29.81
20170729,1750,77.6,59.8,31.92695102,38.12371667,252,47.3,43.9,5.6,73.6,71,-0.1,0.55,0,0,0,5,100,100,1,1,1,0,0,200,72,7.5,5.6,7.5,200,70.3,73.8,60.9,100,15,46.1,59.2,100,0,74,1.4,60.2,1.8125,65.3,0,0,51.1,13.6,0,0,0,72.5,72.9,63.2,68.5,15,43.8,60.6,54.7,0,72.9,1,60.2,1.8125,63.3,0,0,89.7,73.4,14.5,4.5,1.1,15,15,80.2,65.1,82.6,100,32.8,0,76.5,1.3,65.06896,64.56896,0,12.9,0,0,0,20,1,72,206,63.9,0,25.916008,200,72,68,2611.5657,68.5,62.2,36.4,2200,267,72,61.9,0,50.36243,260,130,69.8,62.6,0,50.854958,125,1270,71.9,62.3,0,34.894295,1254.9998,701,74.1,62.7,0,33.531258,700,617,70.4,62.6,0,43.797592,600,203,71.9,62.9,0,36.13435,200,130,70.8,62.9,0,52.49724,125,337,70.9,63.3,0,28.247028,330,248,71.4,63.7,0,100,650,622,70.2,63.9,0,100,950,507,0,62.8,0,33.31702,500,509,71.1,62.7,0,33.07327,500,178,72.9,64.1,0,47.971977,175,249,69.9,64.4,0,42.725826,245,222,70.9,64.2,0,41.476856,220,356,73.2,64.1,0,32.490223,350,168,72.9,64.2,0,33.313004,160,339,71.3,64.2,0,31.254595,335,340,73.1,64.1,0,28.131517,335,199,70.6,64.7,0,36.395977,195,392,73.4,64.4,0,27.486103,380,252,69.2,64,0,43.17624,245,177,73.1,64.1,0,44.44172,175,248,71.8,64.1,0,46.251995,245,428,71.6,63.9,0,40.214577,420,164,72,64.4,0,26.032602,160,343,71.7,64.2,0,38.536945,335,308,72.2,64.5,0,32.00783,300,406,71.6,63.9,0,28.042328,400,199,70.4,64.4,0,37.349693,195,386,70.5,63.8,0,32.81925,380,347,69.7,64.2,0,29.864866,335,179,73.1,63.7,0,60.305435,175,249,71.8,64.1,0,45.10876,245,358,71.7,63.8,0,37.7152,350,162,72.7,64.1,0,33.55753,160,344,73.3,64,0,39.89011,335,234,72.4,64.8,0,40.287327,230,293,73,64,0,36.408184,285,202,69.8,64.5,0,43.215286,195,395,72.8,64.1,0,41.405178,380,342,71.2,63.7,0,39.867947,335,178,72.8,63.9,0,56.39956,175,249,72.9,63.9,0,45.130787,245,425,72,64,0,46.483032,420,207,73.8,63.9,0,34.679886,209.40024,345,71.8,63.9,0,33.786766,335,107,71.3,64.5,0,32.945354,100,338,71.9,64.4,0,39.223183,335,203,70.8,285.1,0,33.69259,195,391,72.3,64,0,37.118225,380,341,70.8,64,0,42.005886,335,205,73.7,64,0,38.21472,200,251,73.7,64,0,47.790997,245,355,72.2,63.8,0,39.564583,350,163,72,64.2,0,42.85417,160,365,69.4,63.8,0,50.930088,335,234,73.3,64.4,0,43.587852,230,158,71.5,64.1,0,34.128147,150,200,70.3,64.8,0,43.519897,195,397,72.4,64,0,41.110138,380,588,69.2,63.7,0,67.3095,575,337,73.1,64.5,0,45.45638,335,254,72.5,64.6,0,42.69244,250,178,72.4,64.5,0,59.319466,175,196,73,64.4,0,31.051434,190,190,70.1,64.2,0,44.705765,185,307,69.3,63.9,0,40.639366,300,306,71.7,63.7,0,35.366714,300,212,68.1,63.8,0,55.126213,210,889,67.5,63.6,0,91.39387,880,87.5,87.6,89,141.1,103.7,114.9,-0.6,0.4,29.81
20170729,1755,77.6,59.4,31.84076222,38.12371667,253,47.7,44.2,5.6,73.7,70.4,-0.1,0.55,0,0,0,5,100,100,1,1,1,0,0,200,72,7.5,5.6,7.5,200,70.3,73.7,60.3,100,15,46.1,59.2,100,0,73.8,1.4,60.2,1.8125,65.1,0,0,50.9,13.7,0,0,0,72.5,72.8,63.1,68.2,15,44.1,60.6,56.8,0,73,1,60.2,1.8125,63.3,0,0,89.7,73.1,16.9,4.5,1.2,15,15,82.1,65.1,82.6,100,33.7,0,76.5,1.3,65.06896,64.56896,0,12.8,0,0,0,20,0,72,206,63.6,0,25.916008,200,72,68,2123.706,68.5,61.5,40.4,2200,267,72,61.5,0,50.36243,260,130,69.8,62.3,0,50.854958,125,1242,71.8,61.8,0,34.894295,1254.9998,699,74.1,62.3,0,33.520054,700,616,70.4,62.4,0,43.797592,600,205,71.9,62.5,0,36.13435,200,131,70.8,62.5,0,52.49724,125,339,70.9,62.9,0,28.247028,330,249,71.4,63.4,0,100,650,622,70.2,63.6,0,100,950,507,0,62.4,0,33.31702,500,509,71.1,62.4,0,33.07327,500,178,72.9,64,0,47.971977,175,249,69.9,64.3,0,42.725826,245,222,70.9,64.1,0,41.476856,220,356,73.2,64,0,32.490223,350,168,72.9,64.2,0,33.313004,160,339,71.3,64.1,0,31.254595,335,339,73.1,64,0,28.131517,335,198,70.6,64.7,0,36.395977,195,388,73.4,64.3,0,27.486103,380,253,69.3,63.9,0,43.17624,245,177,73.1,64,0,44.44172,175,248,71.8,64,0,46.251995,245,425,71.5,63.8,0,40.214577,420,163,72,64.3,0,26.032602,160,340,71.7,64.1,0,38.536945,335,307,72.2,64.4,0,32.00783,300,406,71.6,63.9,0,28.042328,400,198,70.4,64.4,0,37.349693,195,397,70.5,63.8,0,32.81925,380,355,69.8,64.2,0,29.864866,335,177,73.1,63.6,0,60.305435,175,249,71.8,64,0,45.10876,245,353,71.7,63.7,0,37.7152,350,161,72.7,64.1,0,33.55753,160,338,73.4,63.9,0,39.89011,335,232,72.4,64.8,0,40.287327,230,290,73,63.9,0,36.408184,285,199,69.8,64.4,0,43.215286,195,410,72.8,64,0,41.405178,380,348,71.2,63.6,0,40.300117,335,177,72.8,63.8,0,56.39956,175,249,72.9,63.8,0,45.130787,245,427,72,63.9,0,46.483032,420,207,73.8,63.8,0,34.679886,209.40024,342,71.8,63.8,0,33.786766,335,107,71.3,64.4,0,32.945354,100,339,71.9,64.3,0,39.223183,335,202,70.8,284.8,0,33.239437,195,390,72.3,63.9,0,37.118225,380,340,70.8,63.9,0,42.005886,335,206,73.7,63.9,0,38.21472,200,248,73.7,63.9,0,47.790997,245,355,72.2,63.7,0,39.564583,350,163,72,64.1,0,42.85417,160,363,69.4,63.7,0,50.930088,335,233,73.3,64.3,0,43.587852,230,164,71.5,64.1,0,34.128147,150,200,70.3,64.7,0,43.519897,195,395,72.4,64,0,41.110138,380,586,69.2,63.5,0,67.3095,575,337,73.1,64.4,0,45.45638,335,253,72.5,64.5,0,42.69244,250,177,72.4,64.5,0,59.319466,175,196,73.1,64.3,0,31.051434,190,188,70.1,64.1,0,44.705765,185,304,69.3,63.8,0,40.639366,300,304,71.7,63.6,0,35.366714,300,211,68.1,63.7,0,55.126213,210,887,67.5,63.4,0,91.54425,880,87.5,87.6,89,143.1,103.6,115,1.2,-0.1,29.8
20170729,1800,77.7,59.1,31.84159949,38.12371667,253,47.6,44.1,5.6,77,73.2,-0.1,0.55,0,0,0,5,100,100,1,1,1,0,0,200,72,7.5,5.6,7.5,200,70.2,73.8,60.2,100,15,46.2,59.2,100,0,73.8,1.35,60.2,1.8125,65.1,0,0,50.8,13.8,0,0,0,72.4,72.9,63.1,68.7,15,44.3,60.6,54.8,0,72.9,1.01,60.2,1.8125,63.3,0,0,89.9,74,14.6,4.4,1,15,15,80.8,65.1,82.6,100,32.9,0,76.5,1.3,65.06896,64.56896,0,12.8,0,0,1,20.9,0,72,206,63.4,0,25.916008,200,72,68,2123.706,68.5,61.5,40.6,2200,267,72,61.3,0,50.36243,260,130,69.8,62,0,50.854958,125,1265,71.8,61.6,0,34.894295,1254.9998,700,74,62.1,0,33.520054,700,615,70.4,62.1,0,43.797592,600,205,71.8,62.3,0,36.13435,200,131,70.8,62.3,0,52.49724,125,337,70.9,62.8,0,28.247028,330,248,71.4,63.2,0,100,650,625,70.2,63.5,0,100,950,507,0,62.2,0,33.31702,500,509,71.1,62.2,0,33.07327,500,178,72.9,64,0,47.971977,175,249,69.9,64.3,0,42.725826,245,223,70.9,64.1,0,41.476856,220,356,73.1,63.9,0,32.490223,350,168,72.9,64.1,0,33.313004,160,341,71.3,64.1,0,31.254595,335,340,73.1,64,0,28.131517,335,199,70.6,64.6,0,36.395977,195,388,73.4,64.3,0,27.486103,380,253,69.2,63.9,0,43.17624,245,177,73.1,63.9,0,44.44172,175,249,71.8,64,0,46.251995,245,426,71.5,63.7,0,40.214577,420,163,72,64.3,0,26.032602,160,341,71.7,64.1,0,38.536945,335,308,72.2,64.3,0,32.00783,300,406,71.6,63.8,0,28.042328,400,198,70.4,64.3,0,37.349693,195,392,70.5,63.7,0,32.81925,380,349,69.7,64.2,0,29.864866,335,178,73.1,63.6,0,60.305435,175,248,71.8,64,0,45.10876,245,354,71.7,63.6,0,37.7152,350,162,72.7,64,0,33.55753,160,342,73.4,63.9,0,39.89011,335,233,72.4,64.8,0,40.287327,230,293,73,63.8,0,36.408184,285,201,69.8,64.4,0,43.215286,195,409,72.8,64,0,41.405178,380,348,71.1,63.6,0,40.300117,335,177,72.8,63.7,0,56.39956,175,249,72.9,63.8,0,45.130787,245,427,72,63.9,0,46.483032,420,207,73.8,63.7,0,34.679886,209.40024,343,71.8,63.8,0,33.786766,335,108,71.3,64.4,0,32.945354,100,341,71.9,64.3,0,39.223183,335,202,70.8,285.1,0,33.239437,195,390,72.3,63.9,0,37.118225,380,340,70.8,63.8,0,42.005886,335,206,73.6,63.8,0,38.21472,200,249,73.7,63.9,0,47.790997,245,355,72.2,63.7,0,39.564583,350,163,72,64,0,42.85417,160,363,69.4,63.6,0,50.930088,335,232,73.2,64.3,0,43.587852,230,157,71.5,64,0,34.128147,150,200,70.3,64.7,0,43.519897,195,393,72.3,63.9,0,41.110138,380,585,69.2,63.5,0,67.3095,575,337,73.1,64.4,0,45.45638,335,255,72.5,64.4,0,42.69244,250,177,72.4,64.4,0,59.319466,175,196,73.1,64.3,0,31.051434,190,189,70.1,64.1,0,44.705765,185,306,69.3,63.8,0,40.639366,300,305,71.8,63.5,0,35.366714,300,212,68,63.6,0,55.126213,210,887,67.5,63.4,0,91.53268,880,87.5,87.5,89.1,141.1,103.6,114.6,1.2,0,29.8
20170729,1805,77.9,58.5,31.84230261,33.44660667,254,47.5,44.1,5.6,76.7,73.8,-0.1,0.55,0,0,0,5,100,100,1,1,1,0,0,200,72,7.5,5.6,7.5,200,70.2,73.9,60.2,100,15,46.2,59.2,100,0,73.9,1.4,60.2,1.8125,65,0,0,51.3,13.7,0,0,0,72.5,72.9,63.1,68.2,15,44.6,60.6,55.7,0,73,0.99,60.2,1.8125,63.3,0,0,90.2,73,16.7,4.6,1.8,15,15,80.3,65.1,82.6,100,33.4,0,76.5,1.3,65.06896,64.56896,0,12.8,0,0,1,21.2,1,72,206,63.3,0,25.916008,200,72,68,2611.5657,68.4,61.4,34.8,2200,267,71.9,61.2,0,50.36243,260,130,69.7,62,0,50.854958,125,1278,71.8,61.5,0,34.894295,1254.9998,699,74,62.1,0,33.520054,700,616,70.3,62,0,43.797592,600,205,71.8,62.2,0,36.13435,200,131,70.8,62.2,0,52.49724,125,338,70.8,62.7,0,28.247028,330,248,71.3,63.1,0,100,650,621,70.1,63.3,0,100,950,507,0,62.1,0,33.31702,500,509,71.1,62.1,0,33.07327,500,178,72.9,63.9,0,47.971977,175,249,69.9,64.3,0,42.725826,245,222,70.9,64.1,0,41.476856,220,355,73.2,63.9,0,32.490223,350,168,72.9,64.1,0,33.313004,160,339,71.3,64.1,0,31.254595,335,337,73.1,64,0,28.131517,335,198,70.6,64.6,0,36.395977,195,388,73.3,64.3,0,27.486103,380,251,69.2,63.9,0,43.17624,245,176,73.2,63.9,0,44.44172,175,247,71.8,64,0,46.251995,245,425,71.5,63.7,0,40.214577,420,163,72,64.3,0,26.032602,160,342,71.7,64.1,0,38.536945,335,307,72.2,64.3,0,32.00783,300,407,71.6,63.7,0,28.042328,400,197,70.4,64.3,0,37.349693,195,411,70.5,63.7,0,32.81925,380,349,69.8,64.1,0,29.864866,335,178,73.1,63.6,0,60.305435,175,248,71.8,63.9,0,45.10876,245,355,71.7,63.6,0,37.7152,350,162,72.7,64,0,33.55753,160,341,73.4,63.8,0,39.89011,335,232,72.4,64.7,0,40.287327,230,291,73,63.8,0,36.408184,285,201,69.8,64.3,0,43.215286,195,393,72.8,63.9,0,41.405178,380,343,71.1,63.5,0,40.300117,335,177,72.8,63.7,0,56.39956,175,248,72.9,63.7,0,45.130787,245,424,72,63.8,0,46.483032,420,186,73.7,63.7,0,32.256092,186.59976,345,71.8,63.8,0,33.786766,335,105,71.3,64.3,0,32.945354,100,340,71.9,64.3,0,39.223183,335,201,70.8,285.1,0,33.239437,195,391,72.3,63.8,0,37.118225,380,338,70.8,63.8,0,42.005886,335,205,73.6,63.8,0,38.21472,200,247,73.7,63.9,0,47.790997,245,352,72.2,63.7,0,39.564583,350,163,72,64.1,0,42.85417,160,355,69.4,63.6,0,50.930088,335,232,73.2,64.3,0,43.587852,230,161,71.5,64,0,34.128147,150,199,70.3,64.6,0,43.519897,195,395,72.3,63.9,0,41.110138,380,583,69.1,63.5,0,67.3095,575,337,73.1,64.4,0,45.45638,335,254,72.5,64.4,0,42.69244,250,177,72.4,64.3,0,59.319466,175,195,73.1,64.3,0,31.051434,190,189,70.1,64,0,44.705765,185,304,69.3,63.8,0,40.639366,300,304,71.7,63.5,0,35.366714,300,211,68,63.6,0,55.126213,210,884,67.5,63.4,0,91.53268,880,87.4,87.5,89,142.1,103.6,114.5,1.2,1.2,29.8
20170729,1810,78.1,59,32.09540844,33.44660667,251,47.7,44.1,5.6,73.7,71.1,-0.2,0.6,0,0,0,5,100,100,1,1,1,0,0,200,72,7.5,5.6,7.5,200,70.1,73.9,60.1,100,15,46.1,59.2,100,0,73.9,1.4,60.2,1.8125,65,0,0,50.8,13.5,0,0,0,72.5,73,63.1,68.1,15,44.8,60.6,56.8,0,73.1,1,60.2,1.8125,63.2,0,0,90,73,15.5,4.8,1.5,15,15,82.1,65.1,82.6,100,33.6,0,76.5,1.3,65.06896,64.56896,0,12.8,0,0,0,20,1,72,207,63.3,0,25.916008,200,72,68,2123.706,68.4,61.3,40.8,2200,266,71.9,61.2,0,50.36243,260,130,69.7,61.9,0,50.854958,125,1271,71.8,61.4,0,34.894295,1254.9998,700,73.9,62,0,33.430428,700,617,70.3,61.9,0,43.797592,600,205,71.7,62.1,0,36.13435,200,131,70.8,62.1,0,52.49724,125,338,70.8,62.6,0,28.247028,330,248,71.3,63,0,100,650,623,70.1,63.3,0,100,950,508,0,62,0,33.31702,500,509,71,62,0,33.07327,500,178,72.9,63.9,0,47.971977,175,248,69.9,64.3,0,42.725826,245,222,70.9,64.1,0,41.476856,220,356,73.5,63.9,0,32.490223,350,168,72.9,64.1,0,33.313004,160,341,71.2,64,0,31.254595,335,339,73.2,63.9,0,28.131517,335,198,70.6,64.6,0,36.395977,195,386,73.3,64.3,0,27.955528,380,251,69.2,63.9,0,43.17624,245,177,73.1,63.9,0,44.44172,175,247,71.8,64,0,46.251995,245,425,71.9,63.7,0,40.214577,420,163,72.1,64.3,0,26.032602,160,340,71.7,64.1,0,38.536945,335,308,72.2,64.3,0,32.00783,300,405,71.6,63.8,0,28.042328,400,197,70.4,64.3,0,37.349693,195,386,70.5,63.6,0,32.81925,380,342,69.7,64.1,0,29.864866,335,177,73.1,63.5,0,60.305435,175,250,71.8,63.9,0,45.10876,245,353,71.8,63.6,0,37.7152,350,162,72.7,64,0,33.55753,160,339,73.4,63.8,0,39.89011,335,232,72.4,64.7,0,40.287327,230,291,73,63.8,0,36.408184,285,199,69.8,64.3,0,43.215286,195,404,72.8,63.9,0,41.405178,380,351,71.1,63.6,0,40.732296,335,177,72.8,63.7,0,56.39956,175,250,72.9,63.7,0,45.130787,245,426,72.1,63.8,0,46.483032,420,162,73.7,63.8,0,31.28902,160,341,71.8,63.7,0,33.786766,335,108,71.3,64.3,0,32.945354,100,340,71.9,64.2,0,39.223183,335,202,70.8,285,0,33.239437,195,388,72.3,63.8,0,37.118225,380,340,70.8,63.8,0,42.005886,335,207,73.6,63.8,0,38.21472,200,249,73.7,63.9,0,47.790997,245,353,72.3,63.6,0,39.564583,350,162,72,64,0,42.85417,160,360,69.4,63.6,0,50.930088,335,232,73.2,64.3,0,43.587852,230,156,71.5,64,0,34.128147,150,200,70.3,64.7,0,43.519897,195,394,72.4,63.9,0,41.110138,380,588,69.1,63.5,0,67.3095,575,337,73.1,64.4,0,45.45638,335,254,72.5,64.4,0,42.69244,250,177,72.4,64.3,0,59.319466,175,196,73,64.3,0,31.051434,190,188,70.1,64.1,0,44.705765,185,307,69.3,63.8,0,40.639366,300,303,71.7,63.5,0,35.366714,300,211,68,63.6,0,55.126213,210,887,67.5,63.4,0,91.53268,880,87.4,87.5,89,141.1,103.5,114.5,1.2,0,29.8
20170729,1815,78.2,58.2,31.97972045,33.44660667,256,47.7,43.9,5.6,74.1,70.6,-0.1,0.55,0,0,0,5,100,100,1,1,1,0,0,200,72,7.5,5.6,7.5,200,70.1,74,60.2,100,15,46.1,59.2,100,0,74,1.4,60.2,1.8125,65,0,0,50.8,13.5,0,0,0,72.5,73,62.9,68.1,15,44.9,60.6,54.7,0,73,1.01,60.2,1.8125,63.2,0,0,90.6,73,13.3,4.5,1.5,15,15,80.8,65.1,82.6,100,33.7,0,76.5,1.3,65.06896,64.56896,0,12.8,0,0,0,20,1,72,206,63.2,0,25.916008,200,72,68,2611.5657,68.4,61.3,36.1,2200,267,71.9,61.1,0,50.36243,260,130,69.7,61.8,0,50.854958,125,1251,71.8,61.4,0,34.894295,1254.9998,700,73.9,61.9,0,33.430428,700,616,70.3,61.8,0,43.797592,600,204,71.7,62.1,0,36.13435,200,131,70.7,62.1,0,52.49724,125,338,70.8,62.5,0,28.247028,330,248,71.3,62.9,0,100,650,621,70,63.2,0,100,950,507,0,62,0,33.31702,500,510,71,61.9,0,33.07327,500,178,72.9,63.8,0,47.971977,175,251,69.9,64.1,0,42.725826,245,223,70.9,63.9,0,41.476856,220,358,73.9,63.7,0,32.490223,350,168,72.9,63.9,0,33.313004,160,341,71.3,63.9,0,31.254595,335,342,73.1,63.8,0,28.131517,335,199,70.6,64.5,0,36.395977,195,395,73.3,64.1,0,27.955528,380,254,69.2,63.7,0,43.17624,245,178,73.2,63.7,0,44.44172,175,249,71.7,63.8,0,46.251995,245,427,72.2,63.5,0,40.214577,420,164,72.1,64.1,0,26.032602,160,341,71.7,63.9,0,38.536945,335,308,72.2,64.2,0,32.00783,300,408,71.6,63.6,0,28.042328,400,199,70.4,64.2,0,37.349693,195,415,70.5,63.5,0,32.81925,380,354,69.7,64,0,29.864866,335,180,73.1,63.3,0,60.305435,175,251,71.8,63.8,0,45.10876,245,358,71.9,63.4,0,37.7152,350,162,72.7,63.8,0,33.55753,160,346,73.4,63.7,0,39.89011,335,234,72.4,64.6,0,40.287327,230,295,72.9,63.7,0,36.408184,285,204,69.8,64.2,0,43.215286,195,394,72.8,63.8,0,41.405178,380,338,71.1,63.4,0,40.45618,335,179,72.8,63.5,0,56.39956,175,251,72.9,63.5,0,45.130787,245,428,72.2,63.7,0,46.483032,420,162,73.8,63.6,0,31.28902,160,343,71.8,63.6,0,33.786766,335,107,71.3,64.2,0,32.945354,100,343,71.9,64.1,0,39.223183,335,203,70.8,285,0,33.239437,195,388,72.3,63.7,0,37.118225,380,341,70.8,63.6,0,42.005886,335,207,73.6,63.6,0,38.21472,200,250,73.7,63.7,0,47.790997,245,355,72.5,63.5,0,39.564583,350,163,72,63.9,0,42.85417,160,363,69.4,63.4,0,50.930088,335,233,73.3,64.2,0,43.587852,230,167,71.4,63.9,0,34.128147,150,201,70.3,64.6,0,43.519897,195,394,72.4,63.7,0,41.110138,380,588,69.1,63.2,0,67.3095,575,337,73.1,64.3,0,45.45638,335,255,72.5,64.3,0,42.69244,250,177,72.4,64.3,0,59.319466,175,196,73,64.2,0,31.051434,190,189,70.1,63.9,0,44.705765,185,306,69.2,63.6,0,40.639366,300,306,71.7,63.4,0,35.366714,300,212,68,63.4,0,55.126213,210,891,67.5,63.2,0,91.53268,880,87.4,87.5,89.1,141.1,103.5,114.5,1.2,0.6,29.8
20170729,1820,78.2,58.7,32.09544282,33.44660667,251,47.8,44.2,5.6,75,71.1,-0.1,0.55,0,0,0,5,100,100,1,1,1,0,0,200,72,7.5,5.6,7.5,200,70.1,74,60.2,100,15,46,59.2,100,0,74,1.4,60.2,1.8125,65,0,0,50.8,13.5,0,0,0,72.5,73,62.7,68.2,15,44.9,60.6,55.8,0,73,1.01,60.2,1.8125,63.2,0,0,90.9,73.2,15,4.4,0.9,15,15,81.5,65.1,82.6,100,33.7,0,76.5,1.3,65.06896,64.56896,0,12.8,0,0,1,20.1,0,72,208,63.1,0,25.916008,200,72,68,2123.706,68.4,61.3,41.1,2200,267,71.8,61.1,0,50.36243,260,130,69.6,61.8,0,50.854958,125,1237,71.8,61.4,0,34.894295,1254.9998,702,73.9,61.9,0,33.54246,700,617,70.2,61.8,0,43.797592,600,204,71.7,62,0,36.13435,200,131,70.6,62,0,52.49724,125,338,70.8,62.5,0,28.247028,330,248,71.2,62.9,0,100,650,622,70,63.1,0,100,950,508,0,61.9,0,33.31702,500,510,71,61.9,0,33.07327,500,178,72.9,63.7,0,47.971977,175,250,69.9,64,0,42.725826,245,223,70.8,63.8,0,41.476856,220,356,74.2,63.7,0,32.490223,350,168,73,63.9,0,33.313004,160,341,71.3,63.8,0,31.254595,335,339,73.2,63.8,0,28.131517,335,198,70.6,64.4,0,36.395977,195,391,73.3,64,0,27.955528,380,253,69.2,63.6,0,43.17624,245,177,73.2,63.6,0,44.44172,175,248,71.7,63.7,0,46.251995,245,427,72.5,63.4,0,40.214577,420,164,72.2,64.1,0,26.032602,160,341,71.7,63.8,0,38.536945,335,308,72.2,64.1,0,32.00783,300,407,71.7,63.5,0,28.042328,400,198,70.4,64.1,0,37.349693,195,391,70.5,63.4,0,32.81925,380,345,69.7,63.9,0,29.864866,335,178,73.1,63.3,0,60.305435,175,248,71.8,63.7,0,45.10876,245,355,72,63.4,0,37.7152,350,161,72.7,63.7,0,33.55753,160,341,73.4,63.6,0,39.89011,335,232,72.4,64.6,0,40.287327,230,291,72.9,63.6,0,36.408184,285,200,69.8,64.1,0,43.215286,195,409,72.8,63.7,0,41.405178,380,353,71.1,63.3,0,39.771908,335,178,72.8,63.5,0,56.39956,175,249,72.8,63.4,0,45.130787,245,428,72.3,63.6,0,46.483032,420,161,73.8,63.6,0,31.28902,160,343,71.8,63.5,0,33.786766,335,106,71.3,64.1,0,32.945354,100,340,71.9,64,0,39.223183,335,203,70.8,285.1,0,33.239437,195,385,72.3,63.6,0,37.118225,380,340,70.8,63.6,0,42.005886,335,208,73.6,63.5,0,38.21472,200,248,73.7,63.6,0,47.790997,245,355,72.5,63.4,0,39.564583,350,163,72,63.8,0,42.85417,160,364,69.4,63.4,0,50.930088,335,233,73.3,64.1,0,43.587852,230,169,71.4,63.8,0,34.128147,150,200,70.3,64.5,0,43.519897,195,387,72.4,63.6,0,41.110138,380,584,69.1,63.2,0,67.3095,575,337,73.1,64.2,0,45.45638,335,254,72.5,64.2,0,42.69244,250,178,72.4,64.2,0,59.319466,175,196,73,64.1,0,31.051434,190,189,70,63.8,0,44.705765,185,304,69.2,63.5,0,40.639366,300,304,71.7,63.3,0,35.366714,300,212,68,63.3,0,55.72437,210,890,67.4,63.1,0,91.53268,880,87.4,87.5,88.9,143.1,103.5,114.7,1.2,-0.1,29.8
20170729,1825,78.1,57.8,31.81864449,33.44660667,255,47.7,44.2,5.6,76.4,73.5,-0.2,0.55,0,0,0,5,100,100,1,1,1,0,0,200,72,7.5,5.6,7.5,200,70.1,73.7,60,100,15,45.7,59.2,100,0,73.8,1.4,60.2,1.8125,64.9,0,0,51.2,13.5,0,0,0,72.5,72.9,62.8,68.3,15,45.1,60.6,56,0,73,0.97,60.2,1.8125,63.2,0,0,90.7,73.4,15.1,4.7,0.7,15,15,81,65.1,82.6,100,33.3,0,76.5,1.3,65.06896,64.56896,0,12.8,0,0,1,20.5,0,72,205,63.1,0,25.916008,200,72,68,2123.706,68.4,61.1,40.2,2200,267,71.8,61,0,50.36243,260,129,69.7,61.7,0,50.854958,125,1239,71.8,61.3,0,34.894295,1254.9998,700,73.8,61.8,0,33.531258,700,616,70.2,61.7,0,43.797592,600,205,71.6,62,0,36.13435,200,131,70.7,61.9,0,52.49724,125,338,70.7,62.4,0,28.247028,330,249,71.2,62.9,0,100,650,622,70,63.1,0,100,950,507,0,61.9,0,33.31702,500,510,70.9,61.8,0,33.07327,500,178,72.9,63.7,0,47.971977,175,248,69.9,64,0,42.725826,245,223,70.9,63.8,0,41.476856,220,356,74.2,63.7,0,32.490223,350,168,73,63.8,0,33.313004,160,342,71.2,63.8,0,31.254595,335,339,73.2,63.7,0,28.131517,335,198,70.6,64.3,0,36.395977,195,392,73.3,64,0,27.955528,380,252,69.2,63.6,0,43.17624,245,177,73.1,63.7,0,44.44172,175,247,71.7,63.7,0,46.251995,245,427,72.5,63.5,0,40.214577,420,163,72.2,64.1,0,26.032602,160,341,71.7,63.8,0,38.536945,335,307,72.2,64.1,0,32.00783,300,406,71.7,63.6,0,28.042328,400,198,69.7,64.1,0,37.349693,195,389,70.5,63.4,0,32.81925,380,347,69.7,63.9,0,29.864866,335,178,73.1,63.3,0,60.305435,175,249,71.8,63.7,0,45.10876,245,354,72,63.4,0,37.7152,350,161,72.7,63.7,0,33.55753,160,341,73.4,63.6,0,39.89011,335,233,72.4,64.5,0,40.287327,230,292,73,63.5,0,36.408184,285,200,69.8,64.1,0,43.215286,195,406,72.8,63.7,0,41.405178,380,349,71.1,63.3,0,39.771908,335,177,72.8,63.5,0,56.39956,175,249,72.8,63.5,0,45.130787,245,427,72.3,63.6,0,46.483032,420,161,73.8,63.6,0,31.28902,160,340,71.8,63.5,0,33.786766,335,108,71.2,64.1,0,32.945354,100,340,71.9,64,0,39.223183,335,202,70.8,285,0,33.239437,195,387,72.2,63.5,0,37.118225,380,340,70.8,63.6,0,42.005886,335,208,73.6,63.5,0,38.21472,200,249,73.7,63.7,0,47.790997,245,355,72.6,63.4,0,39.564583,350,162,72,63.8,0,42.85417,160,360,69.4,63.3,0,50.930088,335,234,73.2,64,0,43.587852,230,160,71.5,63.8,0,34.128147,150,200,70.3,64.4,0,43.519897,195,392,72.4,63.6,0,41.110138,380,586,69.1,63.2,0,67.3095,575,337,73.1,64.2,0,45.45638,335,254,72.5,64.2,0,42.69244,250,177,72.4,64.2,0,59.319466,175,195,73,64.1,0,31.051434,190,189,70,63.8,0,44.705765,185,306,69.2,63.5,0,40.639366,300,305,71.7,63.3,0,35.366714,300,212,67.9,63.4,0,55.72437,210,888,67.4,63.1,0,91.451706,880,87.4,87.5,89,141.1,103.5,114.4,0.6,1.3,29.8
20170729,1830,78,59.9,32.23305925,33.44660667,255,47.7,44.1,5.6,75.9,73.3,-0.1,0.6,0,0,0,5,100,100,1,1,1,0,0,200,72,7.5,5.6,7.5,200,70.1,73.8,60,100,15,45.4,59.2,100,0,73.8,1.4,60.2,1.8125,64.8,0,0,51.2,13.6,0,0,0,72.5,73,62.7,68.4,15,45.1,60.6,54.2,0,73,1,60.2,1.8125,63.1,0,0,90.9,73.4,14.5,4.4,0.9,15,15,81.7,65.1,82.6,100,33.7,0,76.5,1.3,65.06896,64.56896,0,12.8,0,0,1,20.2,1,72,206,63.1,0,25.916008,200,72,68,2123.706,68.3,61.1,39.4,2200,267,71.8,60.9,0,50.36243,260,130,69.7,61.7,0,50.854958,125,1260,71.8,61.3,0,34.894295,1254.9998,696,73.8,61.8,0,34.0242,700,617,70.2,61.6,0,43.797592,600,205,71.6,61.9,0,36.13435,200,131,70.6,61.9,0,52.49724,125,338,70.7,62.4,0,28.247028,330,250,71.2,62.8,0,100,650,624,70,63,0,100,950,509,0,61.8,0,33.31702,500,510,70.9,61.8,0,33.07327,500,178,72.9,63.6,0,47.971977,175,249,69.9,64,0,42.725826,245,223,70.8,63.8,0,41.476856,220,356,73.9,63.6,0,32.490223,350,168,73,63.8,0,33.313004,160,340,71.2,63.8,0,31.254595,335,338,73.2,63.7,0,28.131517,335,199,70.6,64.3,0,36.395977,195,394,73.3,64,0,27.955528,380,254,69.2,63.6,0,43.17624,245,177,73.1,63.6,0,44.44172,175,248,71.7,63.7,0,46.251995,245,425,72.3,63.4,0,40.214577,420,164,72.2,64,0,26.032602,160,341,71.7,63.8,0,38.536945,335,307,72.2,64.1,0,32.00783,300,407,71.7,63.5,0,28.042328,400,197,70.4,64.1,0,37.349693,195,400,70.4,63.4,0,32.81925,380,351,69.7,63.9,0,29.864866,335,178,73.1,63.3,0,60.305435,175,250,71.8,63.6,0,45.10876,245,355,72,63.3,0,37.7152,350,162,72.7,63.7,0,33.55753,160,341,73.4,63.6,0,39.89011,335,232,72.4,64.5,0,40.287327,230,291,73,63.5,0,36.408184,285,201,69.8,64.1,0,43.215286,195,406,72.7,63.7,0,41.405178,380,345,71.1,63.3,0,39.771908,335,178,72.9,63.4,0,56.39956,175,249,72.8,63.4,0,45.130787,245,426,72.3,63.5,0,46.483032,420,161,73.8,63.5,0,31.28902,160,343,71.7,63.5,0,33.786766,335,107,71.2,64.1,0,32.945354,100,341,71.9,64,0,39.223183,335,203,70.8,285.2,0,33.239437,195,390,72.2,63.5,0,37.118225,380,339,70.8,63.5,0,42.005886,335,207,73.7,63.5,0,38.21472,200,248,73.7,63.6,0,47.790997,245,355,72.6,63.4,0,39.564583,350,163,72,63.8,0,42.85417,160,362,69.4,63.3,0,50.930088,335,233,73.2,64,0,43.587852,230,160,71.4,63.7,0,34.128147,150,200,70.3,64.4,0,43.519897,195,392,72.3,63.6,0,41.110138,380,585,69.1,63.2,0,67.3095,575,337,73,64.2,0,45.45638,335,254,72.5,64.1,0,42.69244,250,178,72.4,64.1,0,59.319466,175,195,73,64,0,31.051434,190,189,70,63.8,0,44.705765,185,306,69.2,63.5,0,40.639366,300,305,71.7,63.2,0,35.366714,300,212,67.9,63.3,0,55.72437,210,889,67.4,63.1,0,91.44014,880,87.4,87.5,88.9,142.1,103.4,114.3,1.7,-1.5,29.8
20170729,1835,78,59.5,32.14104461,33.44660667,255,47.6,44,5.6,74.4,71.8,-0.2,0.55,0,0,0,5,100,100,1,1,1,0,0,200,72,7.5,5.6,7.5,200,70,73.7,59.9,100,15,45,59.2,100,0,73.7,1.4,60.2,1.8125,64.8,0,0,50.8,13.7,0,0,0,72.5,72.9,62.7,68,15,45.2,60.6,55.6,0,72.9,1,60.2,1.8125,63.1,0,0,90.7,72.8,16.7,4.5,1.1,15,15,79.5,65.1,82.6,100,32.4,0,76.5,1.3,65.06896,64.56896,0,12.9,0,0,0,20,1,72,207,63,0,25.916008,200,72,68,2123.706,68.3,61.1,39.5,2200,267,71.8,60.9,0,50.36243,260,130,69.6,61.6,0,50.854958,125,1256,71.8,61.2,0,34.894295,1254.9998,699,73.8,61.7,0,33.46404,700,618,70.2,61.6,0,43.797592,600,205,71.6,61.8,0,36.13435,200,131,70.5,61.9,0,52.49724,125,339,70.7,62.4,0,28.247028,330,249,71.2,62.7,0,100,650,622,70,63,0,100,950,508,0,61.8,0,33.31702,500,510,70.9,61.7,0,33.07327,500,178,72.9,63.6,0,47.971977,175,250,69.8,64,0,42.725826,245,222,70.8,63.8,0,41.476856,220,355,73.8,63.7,0,32.490223,350,168,73,63.8,0,33.313004,160,340,71.2,63.8,0,31.254595,335,340,73.2,63.7,0,28.131517,335,198,70.6,64.3,0,36.395977,195,391,73.3,64,0,27.955528,380,252,69.1,63.6,0,43.17624,245,177,73.1,63.6,0,44.44172,175,248,71.7,63.7,0,46.251995,245,426,72.1,63.4,0,40.214577,420,164,72.2,64,0,26.032602,160,341,71.7,63.8,0,38.536945,335,308,72.2,64,0,32.00783,300,405,71.7,63.5,0,28.042328,400,198,70.4,64.1,0,37.349693,195,413,70.5,63.4,0,32.81925,380,354,69.7,63.8,0,29.864866,335,178,73.1,63.3,0,60.305435,175,250,71.8,63.6,0,45.10876,245,355,72,63.3,0,37.7152,350,162,72.7,63.7,0,33.55753,160,340,73.4,63.6,0,39.89011,335,232,72.4,64.5,0,40.287327,230,290,72.9,63.6,0,36.408184,285,200,69.8,64,0,43.215286,195,404,72.7,63.6,0,41.405178,380,347,71.1,63.3,0,39.771908,335,178,72.8,63.5,0,56.39956,175,249,72.8,63.4,0,45.130787,245,427,72.3,63.5,0,46.483032,420,161,73.7,63.5,0,31.28902,160,342,71.7,63.4,0,33.786766,335,105,71.2,64.1,0,32.945354,100,342,71.9,64,0,39.223183,335,202,70.8,284.9,0,33.239437,195,390,72.2,63.5,0,37.118225,380,339,70.8,63.5,0,42.005886,335,206,73.6,63.5,0,38.21472,200,248,73.7,63.6,0,47.790997,245,356,72.5,63.4,0,39.564583,350,163,72,63.8,0,42.85417,160,360,69.3,63.3,0,50.930088,335,232,73.2,64,0,43.587852,230,159,71.4,63.7,0,34.128147,150,200,70.3,64.4,0,43.519897,195,390,72.3,63.6,0,41.110138,380,582,69.1,63.2,0,67.3095,575,337,73,64.1,0,45.45638,335,254,72.4,64.1,0,42.69244,250,177,72.4,64.1,0,59.319466,175,194,73,64,0,31.051434,190,188,70,63.8,0,44.705765,185,307,69.2,63.5,0,40.639366,300,305,71.7,63.2,0,35.366714,300,212,67.9,63.3,0,55.72437,210,888,67.4,63.1,0,91.44014,880,87.4,87.5,89.1,142.1,103.4,114.3,1.3,0.1,29.8
20170729,1840,78,59.1,32.04905433,33.44660667,249,47.7,44.1,5.6,74.4,71,-0.2,0.55,0,0,0,5,100,100,1,1,1,0,0,200,72,7.5,5.6,7.5,200,70,73.6,59.9,100,15,44.7,59.2,100,0,73.7,1.4,60.2,1.8125,64.8,0,0,50.7,13.6,0,0,0,72.5,72.9,62.7,67.9,15,45.3,60.6,56.8,0,73,1,60.2,1.8125,63.1,0,0,90.9,72.6,15.6,4.6,1.3,15,15,82.9,65.1,82.6,100,33.6,0,76.5,1.3,65.06896,64.56896,0,12.8,0,0,0,20,0,72,206,63,0,25.916008,200,72,68,2123.706,68.3,61.1,39.6,2200,266,71.8,60.9,0,50.36243,260,130,69.6,61.6,0,50.854958,125,1234,71.7,61.2,0,34.894295,1203.9995,699,73.7,61.7,0,33.531258,700,615,70.2,61.6,0,43.797592,600,205,71.5,61.8,0,36.13435,200,131,70.5,61.8,0,52.49724,125,338,70.6,62.3,0,28.247028,330,249,71.2,62.7,0,100,650,624,69.9,63,0,100,950,508,0,61.7,0,33.31702,500,510,70.9,61.7,0,33.07327,500,178,72.8,63.6,0,47.971977,175,249,69.9,63.9,0,42.725826,245,223,70.8,63.8,0,41.476856,220,357,73.7,63.6,0,32.490223,350,168,73,63.8,0,33.313004,160,342,71.2,63.7,0,31.254595,335,338,73.2,63.6,0,28.131517,335,198,70.6,64.3,0,36.395977,195,394,73.3,64,0,27.955528,380,252,69.2,63.5,0,43.17624,245,177,73.1,63.6,0,44.44172,175,248,71.7,63.6,0,46.251995,245,426,72,63.4,0,40.214577,420,163,72.2,64,0,26.032602,160,343,71.6,63.8,0,38.536945,335,308,72.2,64,0,32.00783,300,406,71.6,63.5,0,28.042328,400,197,70.4,64,0,37.349693,195,393,70.4,63.4,0,32.81925,380,350,69.7,63.8,0,29.864866,335,177,73.1,63.2,0,60.305435,175,249,71.7,63.6,0,45.10876,245,356,72,63.3,0,37.7152,350,161,72.7,63.7,0,33.55753,160,341,73.4,63.5,0,39.89011,335,232,72.4,64.4,0,40.287327,230,289,72.9,63.5,0,36.408184,285,200,69.8,64,0,43.215286,195,406,72.7,63.6,0,41.405178,380,349,71.1,63.3,0,40.372147,335,178,72.8,63.4,0,56.39956,175,249,72.8,63.4,0,45.130787,245,427,72.2,63.5,0,46.483032,420,161,73.7,63.5,0,31.28902,160,342,71.7,63.4,0,33.786766,335,110,71.2,64,0,32.945354,100,341,71.9,63.9,0,39.223183,335,202,70.8,285.1,0,33.239437,195,390,72.2,63.5,0,37.118225,380,338,70.7,63.5,0,42.005886,335,207,73.6,63.5,0,38.21472,200,249,73.7,63.6,0,47.790997,245,357,72.5,63.3,0,39.564583,350,163,72,63.8,0,42.85417,160,360,69.3,63.3,0,50.930088,335,232,73.2,64,0,43.587852,230,160,71.4,63.7,0,34.128147,150,201,70.3,64.4,0,43.519897,195,387,72.3,63.6,0,41.110138,380,586,69.1,63.2,0,67.3095,575,337,73,64.1,0,45.45638,335,254,72.4,64.1,0,42.69244,250,177,72.4,64.1,0,59.319466,175,195,73,64,0,31.051434,190,188,70,63.8,0,44.705765,185,306,69.2,63.4,0,40.639366,300,304,71.7,63.2,0,35.366714,300,212,67.9,63.3,0,55.72437,210,886,67.4,63.1,0,91.44014,880,87.4,87.4,89,143.1,103.4,114.3,0.1,0,29.8
20170729,1845,77.9,58.2,31.77359186,33.44660667,255,47.6,44.1,5.6,76.3,72.4,-0.2,0.6,0,0,0,5,100,100,1,1,1,0,0,200,72,7.5,5.6,7.5,200,70,73.6,59.9,100,15,44.2,59.2,100,0,73.7,1.4,60.2,1.8125,64.8,0,0,51.3,13.7,0,0,0,72.4,72.9,62.7,68.3,15,45.4,60.6,54.9,0,72.9,1.02,60.2,1.8125,63.1,0,0,90.7,73.3,15.1,4.5,1.5,15,15,80.7,65.1,82.6,100,32.4,0,76.5,1.3,65.06896,64.56896,0,12.8,0,0,1,20.9,0,72,205,63,0,25.916008,200,72,68,2611.5657,68.3,61.1,35.8,2200,267,71.7,60.9,0,50.36243,260,130,69.6,61.6,0,50.854958,125,1203,71.8,61.2,0,34.906586,1203.9995,698,73.7,61.7,0,33.531258,700,616,70.1,61.5,0,43.797592,600,205,71.5,61.8,0,36.13435,200,131,70.4,61.8,0,52.49724,125,340,70.6,62.3,0,28.247028,330,248,71.2,62.7,0,100,650,624,69.9,62.9,0,100,950,508,0,61.7,0,33.31702,500,509,70.8,61.7,0,33.07327,500,178,72.8,63.6,0,47.971977,175,249,69.8,63.9,0,42.725826,245,223,70.8,63.7,0,41.476856,220,357,73.6,63.7,0,32.490223,350,168,73,63.7,0,33.313004,160,341,71.2,63.8,0,31.254595,335,339,73.2,63.6,0,28.131517,335,197,70.5,64.3,0,36.395977,195,393,73.3,64,0,27.955528,380,254,69.1,63.6,0,43.17624,245,177,73.1,63.6,0,44.44172,175,248,71.6,63.6,0,46.251995,245,426,71.9,63.4,0,40.214577,420,164,72.1,64,0,26.032602,160,340,71.6,63.8,0,38.536945,335,308,72.1,64,0,32.00783,300,409,71.6,63.4,0,28.042328,400,198,70.4,64,0,37.349693,195,412,70.4,63.4,0,32.81925,380,352,69.7,63.8,0,29.864866,335,177,73.1,63.3,0,60.305435,175,250,71.7,63.7,0,45.10876,245,355,71.9,63.3,0,37.7152,350,162,72.7,63.7,0,33.55753,160,339,73.4,63.5,0,39.89011,335,231,72.4,64.4,0,40.287327,230,290,72.9,63.5,0,36.408184,285,201,69.8,64,0,43.215286,195,409,72.7,63.6,0,41.405178,380,350,71.1,63.3,0,40.372147,335,179,72.8,63.4,0,56.39956,175,248,72.8,63.4,0,45.130787,245,428,72.2,63.5,0,46.483032,420,161,73.7,63.5,0,31.28902,160,343,71.7,63.4,0,33.786766,335,106,71.2,64,0,32.945354,100,342,71.9,63.9,0,39.223183,335,203,70.7,285,0,33.239437,195,393,72.2,63.5,0,37.118225,380,339,70.8,63.5,0,42.005886,335,204,73.6,63.5,0,38.21472,200,250,73.6,63.6,0,47.790997,245,356,72.5,63.4,0,39.564583,350,163,72,63.8,0,42.85417,160,361,69.3,63.3,0,50.930088,335,233,73.2,64,0,43.587852,230,161,71.4,63.7,0,34.128147,150,200,70.2,64.4,0,43.519897,195,389,72.3,63.5,0,41.110138,380,584,69.1,63.2,0,67.3095,575,337,73,64.1,0,45.45638,335,253,72.4,64.1,0,42.69244,250,177,72.4,64.1,0,59.319466,175,194,73,64,0,31.051434,190,188,70,63.7,0,44.705765,185,305,69.2,63.5,0,40.639366,300,304,71.7,63.2,0,35.366714,300,212,67.9,63.3,0,55.72437,210,888,67.3,63.1,0,91.44014,880,87.3,87.4,88.9,142.1,103.4,114.5,1.2,0,29.8
20170729,1850,77.7,57.8,31.54589144,33.44660667,256,47.5,44.1,5.6,76.5,73.6,-0.2,0.65,0,0,0,5,100,100,1,1,1,0,0,200,72,7.5,5.6,7.5,200,70,73.5,59.9,100,15,43.7,59.2,100,0,73.6,1.4,60.2,1.8125,64.7,0,0,51.1,13.7,0,0,0,72.4,72.8,62.8,68.1,15,45.4,60.6,56.5,0,72.9,1,60.2,1.8125,63.1,0,0,90.6,72.9,15.1,4.5,1.3,15,15,78.4,65.1,82.6,100,33.2,0,76.5,1.3,65.06896,64.56896,0,12.8,0,0,1,21.2,0,72,205,62.9,0,25.916008,200,72,68,2611.5657,68.3,61,35,2200,268,71.7,60.8,0,50.36243,260,131,69.6,61.5,0,50.854958,125,1212,71.8,61.1,0,34.906586,1203.9995,695,73.6,61.6,0,34.3827,700,618,70.1,61.5,0,43.797592,600,205,71.4,61.7,0,36.13435,200,131,70.5,61.7,0,52.49724,125,338,70.6,62.2,0,28.247028,330,250,71.1,62.6,0,100,650,624,69.9,62.9,0,100,950,509,0,61.6,0,33.31702,500,510,70.8,61.6,0,33.07327,500,178,72.8,63.6,0,47.971977,175,251,69.8,63.9,0,42.725826,245,222,70.7,63.7,0,41.476856,220,357,74,63.6,0,32.490223,350,168,73,63.7,0,33.313004,160,340,71.2,63.7,0,31.254595,335,342,73.2,63.6,0,28.131517,335,199,70.5,64.3,0,36.395977,195,391,73.3,63.9,0,27.955528,380,254,69.1,63.6,0,43.17624,245,177,73.1,63.6,0,44.44172,175,249,71.6,63.6,0,46.251995,245,427,71.9,63.4,0,40.214577,420,164,72.1,63.9,0,26.032602,160,342,71.6,63.7,0,38.536945,335,308,72.1,64,0,32.00783,300,407,71.6,63.4,0,28.042328,400,198,70.4,64,0,37.349693,195,402,70.4,63.3,0,33.275757,380,347,69.7,63.8,0,29.864866,335,178,73.1,63.2,0,60.305435,175,249,71.7,63.6,0,45.10876,245,356,71.9,63.3,0,37.7152,350,161,72.8,63.6,0,33.55753,160,342,73.3,63.5,0,39.89011,335,232,72.3,64.4,0,40.287327,230,291,72.9,63.5,0,36.408184,285,200,69.7,64,0,43.215286,195,405,72.7,63.6,0,41.405178,380,350,71.1,63.2,0,39.85594,335,178,72.8,63.4,0,56.39956,175,251,72.8,63.4,0,45.130787,245,429,72.2,63.5,0,46.483032,420,162,73.7,63.5,0,31.28902,160,344,71.7,63.4,0,33.786766,335,108,71.2,64,0,32.945354,100,340,71.9,63.9,0,39.223183,335,203,70.7,284.9,0,33.239437,195,388,72.2,63.5,0,37.118225,380,340,70.8,63.5,0,42.005886,335,207,73.6,63.5,0,38.21472,200,250,73.6,63.6,0,47.790997,245,355,72.5,63.3,0,39.564583,350,163,72,63.7,0,42.85417,160,367,69.3,63.3,0,50.930088,335,233,73.2,63.9,0,43.587852,230,163,71.4,63.7,0,34.128147,150,201,70.2,64.3,0,43.519897,195,393,72.2,63.6,0,41.110138,380,588,69.1,63.1,0,67.3095,575,337,73,64.1,0,45.45638,335,254,72.4,64.1,0,42.69244,250,178,72.4,64,0,59.319466,175,196,73,63.9,0,31.051434,190,189,70,63.7,0,44.705765,185,308,69.2,63.4,0,40.639366,300,306,71.7,63.2,0,35.366714,300,212,67.9,63.3,0,55.72437,210,889,67.3,63.1,0,91.44014,880,87.3,87.4,88.8,142.1,103.3,114.4,1.2,-0.1,29.8
20170729,1855,77.4,57.2,31.20343434,33.44660667,253,47.3,43.7,5.6,75.3,72.8,-0.1,0.6,0,0,0,5,100,100,1,1,1,0,0,200,72,7.5,5.6,7.5,200,70,73.4,59.9,100,15,43.3,59.2,100,0,73.6,1.4,60.2,1.8125,64.5,0,0,51,13.6,0,0,0,72.4,72.7,62.8,68.2,15,45.4,60.6,56.4,0,72.9,1.02,60.2,1.8125,63.1,0,0,90.3,72.9,15.1,4.8,0.9,15,15,79.4,65.1,82.6,100,33.2,0,76.5,1.3,65.06896,64.56896,0,12.8,0,0,1,20.3,1,72,206,62.9,0,25.916008,200,72,68,2611.5657,68.3,61.1,35.1,2200,268,71.6,60.8,0,50.36243,260,130,69.6,61.5,0,50.854958,125,1194,71.8,61.1,0,33.83727,1203.9995,697,73.6,61.7,0,33.92337,700,617,70,61.5,0,43.797592,600,205,71.4,61.8,0,36.13435,200,131,70.4,61.8,0,52.49724,125,339,70.5,62.2,0,28.247028,330,249,71.1,62.6,0,100,650,624,69.9,62.9,0,100,950,508,0,61.7,0,33.31702,500,510,70.8,61.7,0,33.07327,500,179,72.8,63.5,0,47.971977,175,250,69.8,63.9,0,42.725826,245,224,70.8,63.7,0,41.476856,220,358,73.9,63.6,0,32.490223,350,168,72.9,63.7,0,33.313004,160,342,71.2,63.7,0,31.254595,335,343,73.2,63.6,0,28.131517,335,199,70.5,64.2,0,36.395977,195,396,73.3,63.9,0,27.955528,380,253,69.1,63.5,0,43.17624,245,178,73.1,63.5,0,44.44172,175,249,71.6,63.6,0,46.251995,245,427,71.9,63.3,0,40.214577,420,163,72.1,63.9,0,26.032602,160,341,71.6,63.7,0,38.536945,335,308,72.1,64,0,32.00783,300,408,71.6,63.4,0,28.042328,400,199,70.4,64,0,37.349693,195,401,70.4,63.3,0,33.275757,380,347,69.7,63.7,0,29.864866,335,178,73.1,63.2,0,60.305435,175,247,71.7,63.6,0,45.10876,245,358,71.9,63.2,0,37.7152,350,162,72.7,63.6,0,33.55753,160,341,73.3,63.5,0,39.89011,335,232,72.3,64.4,0,40.287327,230,292,72.9,63.5,0,36.408184,285,202,69.7,64,0,43.215286,195,408,72.7,63.6,0,41.405178,380,348,71.1,63.2,0,39.85594,335,179,72.8,63.3,0,56.39956,175,250,72.8,63.4,0,45.130787,245,429,72.2,63.4,0,46.483032,420,161,73.6,63.4,0,31.28902,160,345,71.6,63.4,0,33.786766,335,109,71.2,64,0,32.945354,100,342,71.8,63.9,0,39.223183,335,203,70.7,284.9,0,33.239437,195,389,72.2,63.5,0,37.118225,380,341,70.7,63.4,0,42.005886,335,207,73.6,63.4,0,38.21472,200,251,73.6,63.5,0,47.790997,245,356,72.5,63.3,0,39.564583,350,163,72,63.7,0,42.85417,160,368,69.3,63.2,0,50.930088,335,233,73.1,63.9,0,43.587852,230,159,71.4,63.6,0,34.128147,150,201,70.2,64.3,0,43.519897,195,391,72.2,63.5,0,41.110138,380,590,69,63.1,0,67.3095,575,337,72.9,64.1,0,45.45638,335,255,72.5,64.1,0,42.69244,250,178,72.3,64,0,59.319466,175,196,72.9,63.9,0,31.051434,190,189,70,63.7,0,44.705765,185,310,69.1,63.4,0,40.639366,300,305,71.7,63.2,0,35.366714,300,213,67.8,63.2,0,55.72437,210,892,67.3,63,0,91.012146,880,87.3,87.4,88.9,144.1,103.3,114.4,1.2,0,29.81
20170729,1900,77.3,57.9,31.29334993,33.44660667,252,47.1,43.6,5.6,73.8,71.3,-0.2,0.55,0,0,0,5,100,100,1,1,1,0,0,200,72,7.5,5.6,7.5,200,70,73.5,59.9,100,15,42.9,59.2,100,0,73.6,1.4,60.2,1.8125,64.5,0,0,51.3,13.6,0,0,0,72.4,72.8,62.7,68.3,15,45.5,60.6,57.1,0,72.9,1.01,60.2,1.8125,63.1,0,0,90.6,73.4,15.6,4.8,0.9,15,15,75.9,65.1,82.6,100,33.5,0,76.5,1.3,65.06896,64.56896,0,12.9,0,0,0,20,1,72,206,62.9,0,25.916008,200,72,68,2123.706,68.3,61,39.1,2200,268,71.6,60.8,0,50.36243,260,130,69.5,61.5,0,50.854958,125,1190,71.8,61.1,0,34.316616,1203.9995,697,73.6,61.6,0,34.0242,700,619,70,61.5,0,43.797592,600,206,71.4,61.7,0,36.13435,200,132,70.4,61.7,0,52.49724,125,340,70.5,62.2,0,28.247028,330,250,71.1,62.6,0,100,650,623,69.9,62.8,0,100,950,508,0,61.7,0,33.31702,500,510,70.8,61.6,0,33.07327,500,179,72.8,63.5,0,47.971977,175,249,69.8,63.9,0,42.725826,245,224,70.7,63.6,0,41.476856,220,356,73.9,63.5,0,32.490223,350,168,72.9,63.7,0,33.313004,160,341,71.1,63.6,0,31.254595,335,341,73.2,63.6,0,28.131517,335,199,70.5,64.2,0,36.395977,195,395,73.3,63.9,0,27.955528,380,254,69.1,63.5,0,43.17624,245,177,73.1,63.5,0,44.44172,175,249,71.7,63.5,0,46.251995,245,428,71.8,63.3,0,40.214577,420,163,72.1,63.9,0,26.032602,160,341,71.5,63.7,0,38.536945,335,308,72.1,63.9,0,32.00783,300,407,71.6,63.4,0,28.042328,400,198,70.4,63.9,0,37.349693,195,414,70.4,63.2,0,33.275757,380,357,69.7,63.7,0,29.864866,335,178,73.1,63.1,0,60.305435,175,250,71.7,63.5,0,45.10876,245,357,71.9,63.2,0,37.7152,350,162,72.7,63.6,0,33.55753,160,342,73.3,63.5,0,39.89011,335,233,72.3,64.3,0,40.287327,230,291,72.9,63.5,0,36.408184,285,201,69.8,64,0,43.215286,195,407,72.7,63.5,0,41.405178,380,345,71.1,63.2,0,39.85594,335,178,72.8,63.3,0,56.39956,175,250,72.7,63.3,0,45.130787,245,428,72.2,63.4,0,46.483032,420,161,73.6,63.4,0,31.28902,160,343,71.5,63.3,0,33.786766,335,109,71.2,63.9,0,32.945354,100,341,71.8,63.8,0,39.223183,335,203,70.7,285.1,0,33.239437,195,394,72.1,63.4,0,37.118225,380,341,70.8,63.4,0,42.005886,335,207,73.6,63.4,0,38.21472,200,249,73.6,63.5,0,47.790997,245,356,72.5,63.2,0,39.564583,350,163,72,63.7,0,42.85417,160,366,69.2,63.2,0,50.930088,335,232,73.1,63.9,0,43.587852,230,161,71.4,63.6,0,34.128147,150,200,70.2,64.3,0,43.519897,195,395,72.2,63.5,0,41.110138,380,584,69,63.1,0,67.3095,575,337,72.9,64,0,45.45638,335,255,72.5,64,0,42.69244,250,178,72.4,64,0,59.319466,175,195,72.9,63.9,0,31.051434,190,189,70,63.7,0,44.705765,185,305,69.1,63.4,0,40.639366,300,305,71.7,63.1,0,35.366714,300,212,67.8,63.2,0,55.72437,210,886,67.3,63,0,91.42857,880,87.3,87.4,88.9,142.1,103.3,114.1,3.1,0,29.81
20170729,1905,77.2,57.2,31.06962454,31.40629333,255,47.6,44,5.6,74.9,70.9,-0.2,0.6,0,0,0,5,100,100,1,1,1,0,0,200,72,7.5,5.6,7.5,200,70,73.5,60,100,15,42.6,59.2,100,0,73.6,1.4,60.2,1.8125,64.5,0,0,51.3,13.4,0,0,0,72.4,72.7,62.7,68.5,15,45.5,60.6,54.9,0,72.8,0.99,60.2,1.8125,63.1,0,0,90.3,73.5,15.8,4.8,1,15,15,79.6,65.1,82.6,100,33.2,0,76.5,1.3,65.06896,64.56896,0,12.9,0,0,1,20.2,0,72,207,62.9,0,25.916008,200,72,68,2611.5657,68.3,61.2,36.3,2200,268,71.6,60.9,0,50.36243,260,130,69.5,61.6,0,50.854958,125,1183,71.8,61.2,0,34.414948,1203.9995,701,73.6,61.7,0,33.486443,700,616,70,61.6,0,43.797592,600,205,71.4,61.8,0,36.13435,200,131,70.3,61.8,0,52.49724,125,337,70.5,62.3,0,28.247028,330,249,71.1,62.7,0,100,650,622,69.9,62.9,0,100,950,507,0,61.7,0,33.31702,500,509,70.7,61.7,0,33.07327,500,178,72.8,63.5,0,47.971977,175,249,69.8,63.8,0,42.725826,245,223,70.7,63.6,0,41.476856,220,356,73.8,63.5,0,32.490223,350,168,72.9,63.6,0,33.313004,160,341,71.1,63.6,0,31.254595,335,341,73.2,63.5,0,28.131517,335,198,70.5,64.2,0,36.395977,195,391,73.3,63.9,0,27.955528,380,253,69.1,63.5,0,43.17624,245,177,73.1,63.5,0,44.44172,175,248,71.7,63.5,0,46.251995,245,426,71.8,63.3,0,40.214577,420,163,72.1,63.9,0,26.032602,160,343,71.5,63.6,0,38.536945,335,308,72.1,63.9,0,32.00783,300,406,71.6,63.4,0,28.042328,400,197,70.3,63.9,0,37.349693,195,415,70.4,63.2,0,33.275757,380,353,69.7,63.7,0,29.864866,335,177,73,63.1,0,60.305435,175,248,71.7,63.5,0,45.10876,245,354,71.9,63.2,0,37.7152,350,161,72.7,63.6,0,33.55753,160,341,73.3,63.4,0,39.89011,335,232,72.3,64.3,0,40.287327,230,292,72.9,63.4,0,36.408184,285,200,69.7,63.9,0,43.215286,195,405,72.7,63.5,0,41.405178,380,349,71,63.2,0,39.687874,335,177,72.8,63.3,0,56.39956,175,249,72.7,63.3,0,45.130787,245,426,72.1,63.4,0,46.483032,420,161,73.6,63.4,0,31.28902,160,342,71.5,63.3,0,33.786766,335,108,71.2,63.9,0,32.945354,100,340,71.8,63.8,0,39.223183,335,202,70.7,285,0,33.239437,195,387,72.1,63.4,0,37.118225,380,339,70.8,63.4,0,42.005886,335,207,73.6,63.4,0,38.21472,200,248,73.6,63.5,0,47.790997,245,354,72.4,63.2,0,39.564583,350,162,72,63.7,0,42.85417,160,362,69.2,63.2,0,50.930088,335,233,73.1,63.9,0,43.587852,230,158,71.4,63.6,0,34.128147,150,199,70.2,64.3,0,43.519897,195,394,72.2,63.5,0,41.110138,380,581,69,63,0,67.3095,575,337,72.9,64,0,45.45638,335,253,72.4,64,0,42.69244,250,177,72.3,64,0,59.319466,175,195,72.9,63.8,0,31.051434,190,188,69.9,63.6,0,44.705765,185,306,69.1,63.3,0,40.639366,300,304,71.6,63.1,0,35.366714,300,212,67.8,63.2,0,55.72437,210,886,67.3,63,0,91.42857,880,87.3,87.4,88.9,140.1,103.2,114.3,1.2,0.1,29.81
20170729,1910,77.1,58.1,31.20324313,31.40629333,253,47.2,43.7,5.6,76,72,-0.1,0.6,0,0,0,5,100,100,1,1,1,0,0,200,72,7.5,5.6,7.5,200,70,73.4,59.9,100,15,42.1,59.2,100,0,73.5,1.4,60.2,1.8125,64.4,0,0,50.8,13.8,0,0,0,72.4,72.8,62.6,68.2,15,45.4,60.6,52.8,0,72.8,0.99,60.2,1.8125,63,0,0,90.2,73.1,14.1,4.5,1.5,15,15,75.6,65.1,82.6,100,31.9,0,76.5,1.3,65.06896,64.56896,0,12.8,0,0,1,20.4,0,72,206,62.9,0,25.916008,200,72,68,2123.706,68.2,61.1,40.4,2200,267,71.6,60.9,0,50.36243,260,130,69.5,61.5,0,50.854958,125,1216,71.8,61.1,0,35.226154,1203.9995,699,73.5,61.7,0,33.486443,700,618,70,61.6,0,43.797592,600,205,71.3,61.7,0,36.13435,200,131,70.3,61.8,0,52.49724,125,338,70.5,62.2,0,28.247028,330,249,71.1,62.7,0,100,650,623,69.8,62.9,0,100,950,509,0,61.7,0,33.31702,500,510,70.7,61.7,0,33.07327,500,179,72.8,63.4,0,47.971977,175,250,69.7,63.8,0,42.725826,245,223,70.7,63.6,0,41.476856,220,356,73.9,63.4,0,32.490223,350,168,72.9,63.6,0,33.313004,160,341,71.1,63.6,0,31.254595,335,339,73.2,63.5,0,28.131517,335,199,70.5,64.1,0,36.395977,195,393,73.3,63.8,0,27.955528,380,254,69.1,63.4,0,43.17624,245,178,73,63.4,0,44.44172,175,249,71.6,63.5,0,46.251995,245,427,71.8,63.2,0,40.214577,420,163,72.1,63.8,0,26.032602,160,342,71.5,63.6,0,38.536945,335,308,72.1,63.9,0,32.00783,300,407,71.7,63.3,0,28.042328,400,198,70.3,63.9,0,37.349693,195,394,70.4,63.2,0,33.275757,380,345,69.7,63.6,0,29.864866,335,178,73,63,0,60.305435,175,249,71.7,63.4,0,45.10876,245,356,71.9,63.1,0,37.7152,350,161,72.7,63.5,0,33.55753,160,341,73.3,63.4,0,39.89011,335,232,72.3,64.3,0,40.287327,230,292,72.9,63.3,0,36.408184,285,200,69.7,63.9,0,43.215286,195,411,72.7,63.4,0,41.405178,380,349,71,63.1,0,39.687874,335,178,72.7,63.2,0,56.39956,175,249,72.7,63.2,0,45.130787,245,426,72.1,63.3,0,46.483032,420,162,73.6,63.3,0,31.28902,160,343,71.6,63.2,0,33.786766,335,107,71.1,63.9,0,32.945354,100,341,71.8,63.8,0,39.223183,335,203,70.7,284.8,0,33.239437,195,392,72.1,63.4,0,37.118225,380,340,70.8,63.3,0,42.005886,335,205,73.6,63.3,0,38.21472,200,249,73.6,63.4,0,47.790997,245,355,72.4,63.2,0,39.564583,350,162,72,63.6,0,42.85417,160,362,69.2,63.1,0,50.930088,335,233,73.1,63.8,0,43.587852,230,163,71.4,63.5,0,34.128147,150,200,70.2,64.2,0,43.519897,195,391,72.2,63.4,0,41.110138,380,588,69,63,0,67.3095,575,337,72.9,63.9,0,45.45638,335,254,72.4,64,0,42.69244,250,177,72.3,63.9,0,59.319466,175,194,72.9,63.8,0,31.051434,190,188,69.9,63.6,0,44.705765,185,306,69.1,63.3,0,40.639366,300,306,71.6,63,0,35.366714,300,212,67.8,63.1,0,55.72437,210,890,67.3,62.8,0,91.417,880,87.3,87.4,89,144.1,103.2,114.2,1.2,-0.1,29.81
20170729,1915,76.9,58.2,31.09093996,31.40629333,254,47.5,44.1,5.6,76,73.2,-0.2,0.6,0,0,0,5,100,100,1,1,1,0,0,200,72,7.5,5.6,7.5,200,69.9,73.4,60,100,15,41.7,59.2,100,0,73.5,1.4,60.2,1.8125,64.4,0,0,50.9,13.6,0,0,0,72.4,72.7,62.6,68.3,15,45.4,60.6,54.8,0,72.8,1.01,60.2,1.8125,62.9,0,0,90.5,73.3,15,4.9,1.1,15,15,77.2,65.1,82.6,100,33.1,0,76.5,1.3,65.06896,64.56896,0,12.8,0,0,1,20.2,1,72,207,62.9,0,25.916008,200,72,68,2123.706,68.2,61.1,39.5,2200,268,71.6,60.8,0,50.36243,260,130,69.5,61.5,0,50.854958,125,1196,71.8,61.1,0,33.554573,1203.9995,698,73.5,61.6,0,33.475243,700,619,70,61.5,0,43.797592,600,206,71.3,61.7,0,36.13435,200,132,70.3,61.7,0,52.49724,125,339,70.5,62.2,0,28.247028,330,249,71.1,62.6,0,100,650,625,69.8,62.8,0,100,950,509,0,61.6,0,33.31702,500,510,70.7,61.6,0,33.07327,500,179,72.8,63.4,0,47.971977,175,251,69.7,63.7,0,42.725826,245,224,70.6,63.5,0,41.476856,220,359,73.6,63.4,0,32.490223,350,168,72.9,63.5,0,33.313004,160,342,71.1,63.5,0,31.254595,335,341,73.2,63.4,0,28.131517,335,199,70.5,64.1,0,36.395977,195,395,73.2,63.7,0,27.955528,380,255,69.1,63.4,0,43.17624,245,178,73,63.4,0,44.44172,175,249,71.6,63.4,0,46.251995,245,428,71.7,63.2,0,40.214577,420,164,72.1,63.8,0,26.032602,160,343,71.5,63.5,0,38.536945,335,308,72.1,63.8,0,32.00783,300,409,71.6,63.3,0,28.042328,400,198,70.3,63.8,0,37.349693,195,395,70.4,63.1,0,32.806908,380,353,69.6,63.6,0,29.864866,335,179,73,63,0,60.305435,175,251,71.7,63.4,0,45.10876,245,355,71.9,63.1,0,37.7152,350,162,72.7,63.4,0,33.55753,160,342,73.3,63.3,0,39.89011,335,233,72.2,64.2,0,40.287327,230,292,72.9,63.3,0,36.408184,285,202,69.7,63.9,0,43.215286,195,409,72.6,63.4,0,41.405178,380,350,71,63,0,39.255703,335,179,72.7,63.2,0,56.39956,175,250,72.7,63.2,0,45.130787,245,429,72.1,63.3,0,46.483032,420,163,73.5,63.3,0,31.28902,160,345,71.6,63.2,0,33.786766,335,109,71.1,63.8,0,32.945354,100,344,71.8,63.7,0,39.223183,335,203,70.7,285,0,33.239437,195,389,72,63.3,0,37.118225,380,340,70.7,63.3,0,42.005886,335,207,73.6,63.3,0,38.21472,200,252,73.6,63.4,0,47.790997,245,356,72.4,63.1,0,39.564583,350,163,72,63.5,0,42.85417,160,367,69.1,63.1,0,50.930088,335,234,73,63.8,0,43.587852,230,166,71.4,63.5,0,34.128147,150,201,70.2,64.2,0,43.519897,195,397,72.1,63.4,0,41.110138,380,593,69,63,0,67.3095,575,337,72.8,63.9,0,45.45638,335,255,72.4,63.9,0,42.69244,250,177,72.3,63.9,0,59.319466,175,196,72.8,63.8,0,31.051434,190,190,69.9,63.5,0,44.705765,185,310,69.1,63.3,0,40.639366,300,306,71.6,63,0,35.366714,300,213,67.7,63.1,0,55.72437,210,891,67.2,62.8,0,91.417,880,87.3,87.4,88.7,144.1,103.2,114.3,1.2,0,29.81
20170729,1920,76.8,57.1,30.78154824,31.40629333,253,47.3,43.7,5.6,73.8,70.7,-0.1,0.6,0,0,0,5,100,100,1,1,1,0,0,200,72,7.5,5.6,7.5,200,69.9,73.3,59.9,100,15,41.3,59.2,100,0,73.5,1.4,60.2,1.8125,64.4,0,0,50.8,13.5,0,0,0,72.4,72.6,62.4,68.4,15,45.4,60.6,54.9,0,72.7,0.99,60.2,1.8125,62.8,0,0,90.2,73.7,14.7,4.4,0.6,15,15,77.6,65.1,82.6,100,32.6,0,76.5,1.3,65.06896,64.56896,0,12.8,0,0,0,20,1,72,206,62.9,0,25.916008,200,72,68,2123.706,68.2,61.1,39.6,2200,268,71.6,60.9,0,50.36243,260,131,69.5,61.6,0,50.854958,125,1234,71.8,61.2,0,34.205997,1203.9995,696,73.5,61.7,0,34.248264,700,620,70,61.6,0,43.797592,600,206,71.3,61.8,0,36.13435,200,132,70.3,61.8,0,52.49724,125,339,70.4,62.3,0,28.247028,330,250,71.1,62.7,0,100,650,624,69.8,62.9,0,100,950,509,0,61.7,0,33.31702,500,510,70.7,61.7,0,33.07327,500,178,72.8,63.4,0,47.971977,175,249,69.7,63.7,0,42.725826,245,223,70.6,63.5,0,41.476856,220,356,73.4,63.4,0,32.490223,350,168,72.9,63.6,0,33.313004,160,343,71.1,63.5,0,31.254595,335,339,73.1,63.4,0,28.131517,335,199,70.5,64.1,0,36.395977,195,391,73.2,63.8,0,27.955528,380,253,69.1,63.4,0,43.17624,245,177,73,63.4,0,44.44172,175,248,71.6,63.4,0,46.251995,245,425,71.6,63.2,0,40.214577,420,164,72.1,63.8,0,26.032602,160,341,71.4,63.5,0,38.536945,335,308,72,63.8,0,32.00783,300,406,71.6,63.3,0,28.042328,400,197,70.3,63.8,0,37.349693,195,387,70.4,63.1,0,32.806908,380,346,69.6,63.6,0,29.864866,335,178,73,63,0,60.305435,175,250,71.7,63.4,0,45.10876,245,355,71.8,63.1,0,37.7152,350,161,72.7,63.4,0,33.55753,160,340,73.3,63.3,0,39.89011,335,232,72.2,64.3,0,40.287327,230,292,72.9,63.3,0,36.408184,285,200,69.7,63.8,0,43.215286,195,407,72.6,63.4,0,41.405178,380,348,71,63,0,40.576233,335,178,72.7,63.2,0,56.39956,175,249,72.7,63.2,0,45.130787,245,428,72,63.3,0,46.483032,420,161,73.5,63.2,0,31.28902,160,344,71.5,63.2,0,33.786766,335,109,71.1,63.8,0,32.945354,100,341,71.8,63.7,0,39.223183,335,202,70.7,285,0,33.239437,195,385,72,63.3,0,37.118225,380,340,70.7,63.3,0,42.005886,335,209,73.6,63.3,0,38.21472,200,248,73.5,63.4,0,47.790997,245,354,72.3,63.1,0,39.564583,350,163,72,63.5,0,42.85417,160,362,69.1,63.1,0,50.930088,335,233,73,63.8,0,43.587852,230,161,71.4,63.5,0,34.128147,150,199,70.2,64.2,0,43.519897,195,391,72.1,63.4,0,41.110138,380,584,69,63,0,67.3095,575,337,72.8,63.9,0,45.45638,335,254,72.4,63.9,0,42.69244,250,177,72.3,63.9,0,59.319466,175,195,72.8,63.8,0,31.051434,190,188,69.9,63.5,0,44.705765,185,306,69.1,63.2,0,40.639366,300,304,71.5,63,0,35.366714,300,212,67.7,63.1,0,55.72437,210,886,67.2,62.8,0,91.40544,880,87.3,87.3,88.8,143.1,103.2,114.2,1.2,-0.9,29.81
20170729,1925,76.7,56.5,30.5837976,31.40629333,253,47.4,44,5.6,74.7,70.8,-0.1,0.75,0,0,0,5,100,100,1,1,1,0,0,200,72,7.5,5.6,7.5,200,69.9,73.3,59.9,100,15,40.9,59.2,100,0,73.5,1.4,60.2,1.8125,64.4,0,0,51.2,13.7,0,0,0,72.3,72.7,62.4,68.1,15,45.2,60.6,53.5,0,72.8,1,60.2,1.8125,62.8,0,0,90.3,73.1,14.4,4.3,1.1,15,15,74.9,65.1,82.6,100,33,0,76.5,1.3,65.06896,64.56896,0,12.8,0,0,1,20.2,0,72,205,62.9,0,25.916008,200,72,68,2123.706,68.2,61.1,38.8,2200,268,71.6,60.9,0,50.36243,260,131,69.5,61.5,0,50.854958,125,1211,71.8,61.1,0,34.205997,1203.9995,697,73.4,61.6,0,34.001793,700,619,69.9,61.5,0,43.797592,600,206,71.3,61.7,0,36.13435,200,131,70.2,61.8,0,52.49724,125,339,70.4,62.2,0,28.247028,330,249,71.1,62.7,0,100,650,624,69.8,62.9,0,100,950,509,0,61.7,0,33.31702,500,510,70.7,61.6,0,33.07327,500,178,72.8,63.3,0,47.971977,175,248,69.7,63.6,0,42.725826,245,223,70.6,63.4,0,41.476856,220,355,73.2,63.3,0,32.490223,350,168,72.9,63.5,0,33.313004,160,340,71.1,63.4,0,31.254595,335,338,73.1,63.4,0,28.131517,335,198,70.4,64,0,36.395977,195,393,73.2,63.7,0,27.955528,380,253,69,63.3,0,43.17624,245,177,73,63.3,0,44.44172,175,247,71.5,63.4,0,46.251995,245,426,71.5,63.1,0,40.214577,420,163,72.1,63.7,0,26.032602,160,340,71.4,63.5,0,38.536945,335,308,72,63.8,0,32.00783,300,406,71.6,63.2,0,28.042328,400,197,70.3,63.8,0,37.349693,195,405,70.4,63.1,0,32.806908,380,347,69.6,63.5,0,29.864866,335,177,73,63,0,60.305435,175,250,71.7,63.4,0,45.10876,245,354,71.8,63,0,37.7152,350,162,72.7,63.4,0,33.55753,160,339,73.2,63.3,0,39.89011,335,232,72.2,64.2,0,40.287327,230,290,72.9,63.2,0,36.408184,285,200,69.7,63.8,0,43.215286,195,408,72.6,63.3,0,41.405178,380,348,71,63,0,40.132053,335,179,72.7,63.1,0,56.39956,175,247,72.7,63.1,0,45.130787,245,426,72,63.2,0,46.483032,420,161,73.5,63.2,0,31.28902,160,343,71.5,63.1,0,33.786766,335,107,71,63.8,0,32.945354,100,339,71.8,63.7,0,39.223183,335,202,70.7,284.9,0,33.239437,195,385,72,63.2,0,37.118225,380,339,70.6,63.2,0,42.005886,335,204,73.5,63.2,0,37.815033,200,249,73.5,63.3,0,47.790997,245,353,72.3,63.1,0,39.564583,350,162,72,63.5,0,42.85417,160,355,69.1,63,0,50.930088,335,232,73,63.7,0,43.587852,230,157,71.3,63.4,0,34.128147,150,199,70.2,64.1,0,43.519897,195,391,72.1,63.3,0,41.110138,380,586,69,62.9,0,67.3095,575,337,72.8,63.8,0,45.45638,335,253,72.4,63.9,0,42.69244,250,177,72.3,63.8,0,59.319466,175,194,72.8,63.7,0,31.051434,190,188,69.9,63.5,0,44.705765,185,307,69.1,63.2,0,40.639366,300,304,71.5,63,0,35.366714,300,211,67.7,63,0,55.72437,210,885,67.2,62.8,0,91.40544,880,87.2,87.3,88.7,141.1,103.1,114.1,1,1.4,29.81
20170729,1930,76.6,56.5,30.51826929,31.40629333,249,47.4,44,5.6,75.6,71.7,-0.1,0.65,0,0,0,5,100,100,1,1,1,0,0,200,72,7.5,5.6,7.5,200,69.9,73.3,59.8,100,15,40.3,59.2,100,0,73.5,1.4,60.2,1.8125,64.2,0,0,51,13.5,0,0,0,72.3,72.6,62.5,68.2,15,45.1,60.6,56.6,0,72.7,1,60.2,1.8125,62.6,0,0,89.7,73.2,15.1,4.9,2,15,15,74.1,65.1,82.6,100,32.8,0,76.5,1.3,65.06896,64.56896,0,12.8,0,0,1,20,0,72,205,62.8,0,25.916008,200,72,68,2123.706,68.2,61,39.9,2200,267,71.5,60.8,0,50.36243,260,131,69.5,61.4,0,50.854958,125,1195,71.8,61.1,0,34.033924,1203.9995,698,73.4,61.6,0,33.50885,700,618,69.9,61.5,0,43.797592,600,206,71.2,61.7,0,36.13435,200,131,70.2,61.7,0,52.49724,125,340,70.4,62.2,0,28.247028,330,249,71.1,62.6,0,100,650,626,69.8,62.8,0,100,950,509,0,61.6,0,33.31702,500,510,70.7,61.6,0,33.07327,500,178,72.8,63.3,0,47.971977,175,250,69.7,63.7,0,42.725826,245,222,70.6,63.5,0,41.476856,220,355,73.1,63.3,0,32.490223,350,168,72.9,63.5,0,33.313004,160,340,71,63.5,0,31.254595,335,338,73.1,63.4,0,28.131517,335,198,70.4,64,0,36.395977,195,394,73.3,63.7,0,27.955528,380,254,69,63.3,0,43.17624,245,177,73,63.4,0,44.44172,175,248,71.5,63.4,0,46.251995,245,426,71.6,63.1,0,40.214577,420,163,72.1,63.7,0,26.032602,160,341,71.4,63.5,0,38.536945,335,307,72,63.7,0,32.00783,300,405,71.6,63.2,0,28.042328,400,197,70.3,63.8,0,37.349693,195,386,70.4,63.1,0,32.806908,380,347,69.6,63.6,0,29.864866,335,180,73,63,0,60.305435,175,249,71.6,63.4,0,45.10876,245,357,71.8,63,0,37.7152,350,162,72.7,63.4,0,33.55753,160,344,73.2,63.3,0,39.89011,335,233,72.1,64.2,0,40.287327,230,292,72.9,63.3,0,36.408184,285,203,69.7,63.8,0,43.215286,195,390,72.6,63.4,0,41.405178,380,335,71,63,0,40.576233,335,178,72.7,63.1,0,56.39956,175,249,72.6,63.1,0,45.130787,245,427,72,63.3,0,46.483032,420,161,73.5,63.2,0,31.28902,160,346,71.4,63.1,0,33.786766,335,106,71,63.8,0,32.945354,100,339,71.8,63.7,0,39.223183,335,202,70.6,285.1,0,33.239437,195,385,72,63.2,0,37.118225,380,340,70.6,63.3,0,42.005886,335,202,73.5,63.2,0,37.815033,200,248,73.5,63.3,0,47.790997,245,354,72.3,63.1,0,39.564583,350,162,72,63.5,0,42.85417,160,359,69,63,0,50.930088,335,233,73,63.7,0,43.587852,230,164,71.3,63.4,0,34.128147,150,199,70.1,64.1,0,43.519897,195,395,72.1,63.3,0,41.110138,380,585,68.9,62.9,0,67.3095,575,337,72.7,63.8,0,45.45638,335,254,72.4,63.8,0,42.69244,250,177,72.3,63.8,0,59.319466,175,195,72.8,63.7,0,31.051434,190,189,69.9,63.5,0,44.705765,185,307,69.1,63.2,0,40.639366,300,304,71.6,62.9,0,35.366714,300,212,67.6,63,0,55.72437,210,886,67.2,62.8,0,91.40544,880,87.2,87.3,88.7,143.1,103.1,114.2,1.5,0,29.81
20170729,1935,76.5,56.7,30.49643717,31.40629333,252,47.3,43.9,5.6,75.6,72.7,-0.1,0.65,0,0,0,5,100,100,1,1,1,0,0,200,72,7.5,5.6,7.5,200,69.9,73.3,59.8,100,15,39.7,59.2,100,0,73.4,1.4,60.2,1.8125,64.1,0,0,51.4,13.5,0,0,0,72.3,72.7,62.5,68,15,45.1,60.6,54.5,0,72.7,1,60.2,1.8125,62.6,0,0,89.8,72.8,12.8,4.5,1.6,15,15,75,65.1,82.6,100,33.2,0,76.5,1.3,65.06896,64.56896,0,12.8,0,0,0,20,1,72,207,62.8,0,25.916008,200,72,68,2123.706,68.2,61,41,2200,267,71.5,60.7,0,50.36243,260,130,69.5,61.4,0,50.854958,125,1195,71.8,61,0,34.033924,1203.9995,699,73.4,61.6,0,33.50885,700,617,69.9,61.5,0,43.797592,600,205,71.2,61.7,0,36.13435,200,131,70.2,61.7,0,52.49724,125,339,70.4,62.2,0,28.247028,330,249,71,62.6,0,100,650,623,69.8,62.8,0,100,950,509,0,61.6,0,33.31702,500,510,70.7,61.6,0,33.07327,500,179,72.8,63.3,0,47.971977,175,250,69.7,63.7,0,42.725826,245,223,70.6,63.5,0,41.476856,220,357,73,63.3,0,32.490223,350,168,72.9,63.5,0,33.313004,160,340,71.1,63.5,0,31.254595,335,341,73,63.4,0,28.131517,335,199,70.4,64,0,36.395977,195,394,73.3,63.6,0,27.955528,380,254,69,63.3,0,43.17624,245,178,73,63.3,0,44.44172,175,250,71.5,63.4,0,46.251995,245,428,71.7,63.1,0,40.214577,420,164,72.1,63.7,0,26.032602,160,344,71.4,63.5,0,38.536945,335,308,72,63.7,0,32.00783,300,406,71.6,63.2,0,28.042328,400,198,70.3,63.8,0,37.349693,195,387,70.4,63.1,0,32.806908,380,350,69.6,63.6,0,29.864866,335,178,73,63,0,60.305435,175,248,71.6,63.4,0,45.10876,245,354,71.8,63,0,37.7152,350,161,72.7,63.4,0,33.55753,160,342,73.2,63.3,0,39.89011,335,234,72.1,64.2,0,40.287327,230,291,72.9,63.2,0,36.408184,285,201,69.7,63.8,0,43.215286,195,409,72.6,63.3,0,41.405178,380,353,71,63,0,40.576233,335,179,72.6,63.1,0,56.39956,175,252,72.6,63.1,0,45.130787,245,428,72,63.2,0,46.483032,420,163,73.5,63.2,0,31.28902,160,344,71.3,63.1,0,33.786766,335,109,71.1,63.7,0,32.945354,100,341,71.8,63.6,0,39.223183,335,203,70.6,285.5,0,33.239437,195,387,72,63.2,0,37.118225,380,341,70.7,63.2,0,42.005886,335,206,73.5,63.2,0,37.815033,200,249,73.5,63.3,0,47.790997,245,354,72.3,63.1,0,39.564583,350,163,71.9,63.5,0,42.85417,160,369,69,63,0,50.930088,335,234,72.9,63.7,0,43.587852,230,162,71.3,63.4,0,34.128147,150,200,70.2,64.1,0,43.519897,195,391,72,63.3,0,41.110138,380,589,68.9,62.9,0,67.3095,575,337,72.7,63.8,0,45.45638,335,255,72.4,63.8,0,42.69244,250,178,72.3,63.8,0,59.319466,175,195,72.8,63.7,0,31.051434,190,189,70,63.5,0,44.705765,185,306,69.1,63.2,0,40.639366,300,305,71.5,62.9,0,35.366714,300,213,67.6,63,0,55.72437,210,890,67.2,62.8,0,91.39387,880,87.2,87.3,88.7,142.1,103.1,114.2,1.2,-0.1,29.81
20170729,1940,76.5,55.9,30.32219228,31.40629333,253,47.6,44.1,5.6,75,70.9,-0.1,0.65,0,0,0,5,100,100,1,1,1,0,0,200,72,7.5,5.6,7.5,200,69.8,73.3,59.9,100,15,39.2,59.2,100,0,73.4,1.4,60.2,1.8125,64.1,0,0,50.9,13.7,0,0,0,72.3,72.6,62.6,68.3,15,45,60.6,54.1,0,72.6,0.98,60.2,1.8125,62.5,0,0,89.7,73.2,14.6,4.9,1.4,15,15,74.2,65.1,82.6,100,33,0,76.5,1.3,65.06896,64.56896,0,12.8,0,0,1,20.4,0,72,204,62.8,0,25.916008,200,72,68,2123.706,68.2,61.1,40.1,2200,268,71.5,60.8,0,50.36243,260,130,69.4,61.5,0,50.854958,125,1204,71.8,61.1,0,34.033924,1203.9995,698,73.3,61.6,0,33.50885,700,617,69.9,61.5,0,43.797592,600,205,71.2,61.7,0,36.13435,200,131,70.2,61.7,0,52.49724,125,339,70.4,62.2,0,28.247028,330,250,71,62.6,0,100,650,623,69.7,62.8,0,100,950,508,0,61.6,0,33.31702,500,510,70.6,61.6,0,33.07327,500,179,72.7,63.3,0,47.971977,175,250,69.6,63.6,0,42.725826,245,223,70.6,63.4,0,41.476856,220,357,73,63.3,0,32.490223,350,168,72.9,63.5,0,33.313004,160,344,71,63.5,0,31.254595,335,339,73,63.4,0,28.131517,335,199,70.4,64,0,36.395977,195,392,73.4,63.6,0,27.955528,380,253,69,63.3,0,43.17624,245,177,73,63.3,0,44.44172,175,249,71.4,63.3,0,46.251995,245,426,71.6,63.1,0,40.214577,420,163,72.1,63.7,0,26.032602,160,343,71.3,63.5,0,38.536945,335,307,72,63.7,0,32.00783,300,406,71.5,63.2,0,28.042328,400,198,70.3,63.7,0,37.349693,195,400,70.4,63.1,0,32.806908,380,345,69.6,63.6,0,29.864866,335,178,73,62.9,0,60.305435,175,249,71.6,63.3,0,45.10876,245,355,71.8,63,0,37.7152,350,161,72.7,63.4,0,33.55753,160,341,73.1,63.3,0,39.89011,335,233,72.1,64.2,0,40.287327,230,291,72.8,63.2,0,36.408184,285,201,69.7,63.7,0,43.215286,195,409,72.5,63.3,0,41.405178,380,349,71,63,0,40.576233,335,178,72.7,63.1,0,56.39956,175,250,72.6,63.1,0,45.130787,245,427,72.1,63.2,0,46.483032,420,162,73.5,63.2,0,31.28902,160,347,71.4,63.1,0,33.786766,335,106,71,63.7,0,32.945354,100,342,71.8,63.6,0,39.223183,335,203,70.6,285,0,33.239437,195,395,72,63.2,0,37.118225,380,340,70.6,63.2,0,42.005886,335,205,73.5,63.2,0,37.815033,200,247,73.5,63.3,0,47.790997,245,356,72.4,63.1,0,39.564583,350,163,71.9,63.5,0,42.85417,160,366,69,63,0,50.930088,335,234,72.9,63.7,0,43.587852,230,165,71.3,63.4,0,34.128147,150,200,70.2,64.1,0,43.519897,195,393,72,63.3,0,41.110138,380,590,68.9,62.9,0,67.3095,575,337,72.7,63.8,0,45.45638,335,254,72.4,63.8,0,42.69244,250,178,72.3,63.8,0,59.319466,175,196,72.7,63.7,0,31.051434,190,189,69.9,63.4,0,44.705765,185,308,69.1,63.2,0,40.639366,300,305,71.5,62.9,0,35.366714,300,212,67.6,63,0,55.72437,210,889,67.2,62.8,0,91.39387,880,87.2,87.3,88.6,141.1,103,114.2,1.4,0,29.81
20170729,1945,76.5,56.2,30.38752385,31.40629333,252,47.4,43.9,5.6,76,71.9,-0.1,0.6,0,0,0,5,100,100,1,1,1,0,0,200,72,7.5,5.6,7.5,200,69.8,73.3,60,100,15,38.8,59.2,100,0,73.4,1.4,60.2,1.8125,64,0,0,50.8,13.6,0,0,0,72.3,72.6,62.4,67.9,15,44.9,60.6,57.3,0,72.7,1.02,60.2,1.8125,62.5,0,0,89.3,72.8,15.5,4.4,1.2,15,15,73.5,65.1,82.6,100,31.8,0,76.5,1.3,65.06896,64.56896,0,12.8,0,0,1,20.4,0,72,207,62.9,0,25.916008,200,72,68,2123.706,68.1,61.2,39.3,2200,268,71.4,60.9,0,50.36243,260,131,69.4,61.5,0,50.854958,125,1193,71.8,61.1,0,34.033924,1203.9995,702,73.3,61.7,0,33.40802,700,620,69.9,61.5,0,43.797592,600,205,71.2,61.7,0,36.13435,200,132,70.1,61.8,0,52.49724,125,338,70.4,62.2,0,28.247028,330,250,71,62.6,0,100,650,626,69.8,62.8,0,100,950,509,0,61.7,0,33.31702,500,510,70.6,61.7,0,33.07327,500,179,72.7,63.3,0,47.971977,175,250,69.6,63.6,0,42.725826,245,224,70.6,63.4,0,41.476856,220,359,72.9,63.3,0,32.490223,350,168,72.9,63.5,0,33.313004,160,342,71,63.4,0,31.254595,335,343,73,63.3,0,28.131517,335,199,70.4,64,0,36.395977,195,395,73.3,63.6,0,27.955528,380,255,69,63.3,0,43.17624,245,178,73,63.3,0,44.44172,175,250,71.5,63.4,0,46.251995,245,431,71.5,63.1,0,40.214577,420,164,72.1,63.7,0,26.032602,160,345,71.3,63.4,0,38.536945,335,308,71.9,63.7,0,32.00783,300,410,71.5,63.2,0,28.042328,400,199,70.3,63.7,0,37.349693,195,394,70.4,63.1,0,32.806908,380,353,69.6,63.5,0,29.864866,335,179,73,62.9,0,60.305435,175,250,71.6,63.3,0,45.10876,245,358,71.8,63,0,37.7152,350,162,72.7,63.4,0,33.55753,160,342,73.1,63.2,0,39.89011,335,233,72.1,64.1,0,40.287327,230,293,72.8,63.2,0,36.408184,285,203,69.7,63.7,0,43.215286,195,410,72.5,63.3,0,41.405178,380,348,71,63,0,40.132053,335,180,72.6,63.1,0,56.39956,175,252,72.6,63.1,0,45.130787,245,428,72,63.2,0,46.483032,420,162,73.5,63.2,0,31.28902,160,346,71.3,63.1,0,33.786766,335,109,71,63.7,0,32.945354,100,345,71.8,63.6,0,39.223183,335,204,70.6,284.9,0,33.239437,195,389,71.9,63.2,0,37.118225,380,340,70.6,63.2,0,42.005886,335,207,73.5,63.2,0,37.815033,200,250,73.5,63.3,0,47.790997,245,360,72.3,63,0,39.12673,350,163,71.9,63.5,0,42.85417,160,369,69,63,0,50.930088,335,234,72.9,63.7,0,43.587852,230,170,71.3,63.4,0,34.128147,150,201,70.1,64.1,0,43.519897,195,392,72,63.2,0,41.110138,380,593,68.9,62.9,0,67.3095,575,337,72.7,63.8,0,45.45638,335,256,72.4,63.8,0,42.69244,250,179,72.3,63.8,0,59.319466,175,195,72.7,63.7,0,31.051434,190,190,69.9,63.4,0,44.705765,185,309,69,63.2,0,40.639366,300,307,71.5,62.9,0,35.366714,300,213,67.6,63,0,55.72437,210,891,67.1,62.7,0,91.54425,880,87.2,87.3,88.6,143.1,103,114,3,-0.1,29.81
20170729,1950,76.4,56,30.27907099,31.40629333,252,47.3,44,5.6,75.8,73,-0.1,0.65,0,0,0,5,100,100,1,1,1,0,0,200,72,7.5,5.6,7.5,200,69.8,73.3,59.9,100,15,38.4,59.2,100,0,73.4,1.4,60.2,1.8125,63.9,0,0,50.7,13.8,0,0,0,72.3,72.6,62.3,68.3,15,44.9,60.6,54.5,0,72.6,1.01,60.2,1.8125,62.3,0,0,89.4,74,14.6,4.5,1.4,15,15,70.9,65.1,82.6,100,31.7,0,76.5,1.3,65.06896,64.56896,0,12.8,0,0,0,20,1,72,205,62.8,0,25.916008,200,72,68,2123.706,68.1,61.1,39.4,2200,268,71.5,60.9,0,50.36243,260,130,69.4,61.5,0,50.854958,125,1189,71.8,61.1,0,34.033924,1203.9995,694,73.3,61.7,0,34.505936,700,620,69.8,61.5,0,43.797592,600,206,71.1,61.7,0,36.13435,200,132,70,61.8,0,52.49724,125,340,70.4,62.2,0,28.247028,330,251,71,62.6,0,100,650,624,69.7,62.8,0,100,950,509,0,61.7,0,33.31702,500,510,70.6,61.6,0,33.07327,500,177,72.7,63.3,0,47.971977,175,248,69.6,63.6,0,42.725826,245,222,70.5,63.4,0,41.476856,220,354,72.8,63.3,0,32.490223,350,168,72.8,63.4,0,33.313004,160,338,71,63.4,0,31.254595,335,340,73,63.3,0,28.131517,335,198,70.4,64,0,36.395977,195,393,73.3,63.6,0,27.955528,380,254,68.9,63.2,0,43.17624,245,176,73,63.3,0,44.44172,175,246,71.5,63.3,0,46.251995,245,426,71.4,63.1,0,40.214577,420,163,72.1,63.7,0,26.032602,160,340,71.3,63.4,0,38.536945,335,307,71.9,63.7,0,32.00783,300,409,71.5,63.2,0,28.042328,400,196,70.2,63.7,0,37.349693,195,385,70.3,63,0,32.806908,380,342,69.6,63.5,0,29.864866,335,177,73,62.9,0,60.305435,175,246,71.6,63.3,0,45.10876,245,354,71.8,63,0,37.7152,350,161,72.7,63.3,0,33.55753,160,342,73.1,63.2,0,39.89011,335,232,72.1,64.1,0,40.287327,230,290,72.8,63.2,0,36.408184,285,200,69.7,63.7,0,43.215286,195,407,72.5,63.3,0,41.405178,380,344,71,62.9,0,39.087635,335,177,72.6,63.1,0,56.39956,175,247,72.6,63.1,0,45.130787,245,425,72,63.2,0,46.483032,420,160,73.5,63.1,0,31.28902,160,343,71.3,63.1,0,33.786766,335,108,71,63.7,0,32.945354,100,343,71.8,63.6,0,39.223183,335,201,70.6,284.9,0,33.239437,195,390,71.9,63.2,0,37.118225,380,340,70.6,63.2,0,42.005886,335,206,73.5,63.2,0,37.815033,200,248,73.4,63.3,0,47.790997,245,352,72.3,63,0,39.12673,350,162,71.9,63.4,0,42.85417,160,355,68.9,63,0,50.930088,335,232,72.9,63.7,0,43.587852,230,158,71.3,63.4,0,34.128147,150,199,70.1,64.1,0,43.519897,195,396,72,63.3,0,41.110138,380,587,68.9,62.9,0,67.3095,575,337,72.6,63.8,0,45.45638,335,253,72.4,63.8,0,42.69244,250,177,72.3,63.7,0,59.319466,175,194,72.7,63.6,0,31.051434,190,187,69.8,63.4,0,44.705765,185,301,69,63.1,0,40.639366,300,303,71.5,62.9,0,35.366714,300,211,67.6,63,0,55.72437,210,884,67.1,62.8,0,91.46327,880,87.2,87.3,88.7,142.1,103,114,1.7,0.1,29.81
20170729,1955,76.3,54.8,29.94694939,31.40629333,252,47.5,44,5.6,73.8,70.3,-0.2,0.75,0,0,0,5,100,100,1,1,1,0,0,200,72,7.5,5.6,7.5,200,69.8,73.2,60.1,100,15,38.3,59.2,100,0,73.4,1.4,60.2,1.8125,63.9,0,0,51.2,13.5,0,0,0,72.3,72.5,62.6,68.1,15,44.7,60.6,54.8,0,72.7,0.99,60.2,1.8125,62.3,0,0,89.2,73.1,14.7,4.9,1.4,15,15,73.2,65.1,82.6,100,32.8,0,76.5,1.3,65.06896,64.56896,0,12.8,0,0,0,20,1,72,207,63,0,25.916008,200,72,68,2123.706,68.1,61.3,40.5,2200,268,71.4,61,0,50.36243,260,130,69.4,61.6,0,50.854958,125,1189,71.8,61.3,0,34.033924,1203.9995,698,73.3,61.8,0,33.50885,700,620,69.8,61.6,0,43.797592,600,205,71.1,61.8,0,36.13435,200,131,70.1,61.8,0,52.49724,125,339,70.3,62.3,0,28.247028,330,249,71,62.7,0,100,650,626,69.7,62.9,0,100,950,509,0,61.7,0,33.31702,500,510,70.6,61.7,0,33.07327,500,178,72.7,63.3,0,47.971977,175,251,69.6,63.6,0,42.725826,245,223,70.5,63.4,0,41.476856,220,356,72.7,63.3,0,32.490223,350,168,72.8,63.4,0,33.313004,160,341,70.9,63.4,0,31.254595,335,341,73,63.4,0,28.131517,335,199,70.4,64,0,36.395977,195,392,73.3,63.6,0,27.955528,380,253,68.9,63.2,0,43.17624,245,177,72.9,63.3,0,44.44172,175,250,71.4,63.3,0,46.251995,245,427,71.3,63.1,0,40.214577,420,163,72.1,63.7,0,26.032602,160,339,71.2,63.4,0,38.536945,335,308,71.9,63.7,0,32.00783,300,405,71.5,63.1,0,28.042328,400,199,70.2,63.7,0,37.349693,195,410,70.3,63.1,0,32.806908,380,355,69.5,63.5,0,29.864866,335,178,73,62.9,0,60.305435,175,249,71.6,63.3,0,45.10876,245,357,71.8,63,0,37.7152,350,162,72.7,63.3,0,33.55753,160,341,73.1,63.2,0,39.89011,335,232,72,64.1,0,40.287327,230,292,72.8,63.2,0,36.408184,285,202,69.7,63.7,0,43.215286,195,398,72.5,63.3,0,41.405178,380,352,71,62.9,0,40.92437,335,179,72.6,63.1,0,56.39956,175,249,72.6,63.1,0,45.130787,245,426,72,63.2,0,46.483032,420,162,73.5,63.2,0,31.28902,160,345,71.3,63.1,0,33.786766,335,107,70.9,63.7,0,32.945354,100,341,71.7,63.6,0,39.223183,335,202,70.6,285.1,0,33.239437,195,392,71.9,63.2,0,37.118225,380,342,70.6,63.2,0,42.005886,335,206,73.5,63.2,0,37.815033,200,249,73.4,63.3,0,47.790997,245,353,72.3,63,0,39.12673,350,163,71.9,63.5,0,42.85417,160,366,68.9,63,0,50.930088,335,233,72.8,63.7,0,43.587852,230,159,71.3,63.4,0,34.128147,150,200,70.1,64.1,0,43.519897,195,396,71.9,63.3,0,41.110138,380,587,68.9,62.9,0,67.3095,575,337,72.6,63.8,0,45.45638,335,255,72.4,63.8,0,42.69244,250,178,72.3,63.7,0,59.319466,175,195,72.6,63.6,0,31.051434,190,188,69.8,63.4,0,44.705765,185,307,68.2,63.2,0,40.639366,300,305,71.5,62.9,0,35.366714,300,212,67.6,63,0,55.72437,210,890,67.1,62.8,0,91.53268,880,87.2,87.3,88.6,142.1,103,113.9,1.2,-1.5,29.83
20170729,2000,76.2,55.2,29.96931839,31.40629333,254,47.4,43.9,5.6,73.7,70,-0.2,0.65,0,0,0,5,100,100,1,1,1,0,0,200,72,7.5,5.6,7.5,200,69.8,73.2,59.9,100,15,37.9,59.2,100,0,73.4,1.4,60.2,1.8125,63.8,0,0,50.8,13.4,0,0,0,72.3,72.5,62.3,68.1,15,44.6,60.6,55.9,0,72.6,1,60.2,1.8125,62.2,0,0,89.2,73,15,4.7,1.4,15,15,74.1,65.1,82.6,100,31.2,0,76.5,1.3,65.06896,64.56896,0,12.8,0,0,0,20,0,72,206,62.9,0,25.916008,200,72,68,2123.706,68.1,61.2,39.7,2200,269,71.4,60.9,0,50.36243,260,131,69.4,61.6,0,50.854958,125,1190,71.8,61.2,0,34.033924,1203.9995,697,73.2,61.7,0,34.09142,700,620,69.9,61.6,0,43.797592,600,206,71.1,61.8,0,36.13435,200,132,70,61.8,0,52.49724,125,338,70.3,62.3,0,28.247028,330,249,71,62.6,0,100,650,625,69.7,62.9,0,100,950,509,0,61.7,0,33.31702,500,510,70.5,61.7,0,33.07327,500,178,72.7,63.3,0,47.971977,175,250,69.6,63.6,0,42.725826,245,222,70.4,63.4,0,41.476856,220,355,72.7,63.3,0,32.490223,350,168,72.8,63.4,0,33.313004,160,340,70.9,63.4,0,31.254595,335,340,73,63.3,0,28.131517,335,198,70.4,63.9,0,36.395977,195,393,73.2,63.6,0,27.955528,380,253,68.9,63.2,0,43.17624,245,177,72.9,63.3,0,44.44172,175,249,71.5,63.3,0,46.251995,245,429,71.2,63,0,40.214577,420,164,72.1,63.6,0,26.032602,160,341,71.2,63.4,0,38.536945,335,308,71.9,63.7,0,32.00783,300,406,71.4,63.1,0,28.042328,400,198,70.2,63.7,0,37.349693,195,397,70.3,63,0,32.806908,380,351,69.5,63.5,0,29.864866,335,177,73,62.9,0,60.305435,175,250,71.6,63.3,0,45.10876,245,354,71.7,62.9,0,37.7152,350,161,72.6,63.3,0,33.55753,160,342,73,63.2,0,39.89011,335,232,72,64.1,0,40.287327,230,292,72.8,63.2,0,36.408184,285,200,69.7,63.7,0,43.215286,195,409,72.5,63.3,0,41.405178,380,348,70.9,62.9,0,40.04802,335,177,72.6,63.1,0,56.39956,175,250,72.5,63.1,0,45.130787,245,427,72,63.2,0,46.483032,420,161,73.4,63.1,0,31.28902,160,345,71.2,63,0,33.786766,335,108,70.9,63.7,0,32.945354,100,343,71.7,63.6,0,39.223183,335,202,70.6,285.1,0,33.239437,195,385,71.9,63.2,0,37.118225,380,340,70.6,63.2,0,42.005886,335,205,73.5,63.1,0,37.815033,200,248,73.4,63.3,0,47.790997,245,352,72.3,63,0,39.12673,350,163,71.9,63.4,0,42.85417,160,362,68.9,62.9,0,50.930088,335,232,72.8,63.6,0,43.587852,230,163,71.3,63.4,0,34.128147,150,200,70.1,64.1,0,43.519897,195,391,71.9,63.2,0,41.110138,380,584,68.9,62.8,0,67.3095,575,337,72.6,63.8,0,45.45638,335,255,72.4,63.8,0,42.69244,250,177,72.3,63.7,0,59.319466,175,196,72.6,63.6,0,31.051434,190,188,69.8,63.4,0,44.705765,185,305,69,63.1,0,40.639366,300,305,71.5,62.9,0,35.366714,300,212,67.5,62.9,0,55.72437,210,887,67.1,62.7,0,91.451706,880,87.2,87.3,88.6,140.1,102.9,114,1.2,-0.7,29.83
20170729,2005,76.2,55.3,29.99084388,30.66599,252,47.1,43.7,5.6,75.6,72.8,-0.1,0.6,0,0,0,5,100,100,1,1,1,0,0,200,72,7.5,5.6,7.5,200,69.8,73.2,60.2,100,15,37.8,59.2,100,0,73.4,1.4,60.2,1.8125,63.7,0,0,50.8,13.5,0,0,0,72.2,72.5,62.6,68.1,15,44.5,60.6,57.9,0,72.7,1.01,60.2,1.8125,62.2,0,0,88.9,73.2,17.3,4.9,1.5,15,15,70.2,65.1,82.6,100,32.3,0,76.5,1.3,65.06896,64.56896,0,12.8,0,0,0,20,1,72,204,63,0,25.916008,200,72,68,2611.5657,68.1,61.4,36.9,2200,267,71.4,61,0,50.36243,260,129,69.4,61.6,0,50.854958,125,1180,71.8,61.3,0,34.033924,1203.9995,701,73.2,61.8,0,33.55366,700,617,69.9,61.6,0,43.797592,600,205,71.1,61.9,0,36.13435,200,130,70,61.9,0,52.49724,125,338,70.3,62.3,0,28.247028,330,248,71,62.7,0,100,650,623,69.7,62.9,0,100,950,508,0,61.8,0,33.31702,500,510,70.5,61.7,0,33.07327,500,178,72.7,63.3,0,47.971977,175,250,69.5,63.6,0,42.725826,245,223,70.4,63.4,0,41.476856,220,355,72.6,63.3,0,32.490223,350,168,72.8,63.4,0,33.313004,160,340,70.9,63.4,0,31.254595,335,341,73,63.3,0,28.131517,335,199,70.4,63.9,0,36.395977,195,395,73.2,63.6,0,27.955528,380,253,68.9,63.2,0,43.17624,245,177,72.9,63.3,0,44.44172,175,249,71.4,63.3,0,46.251995,245,428,71.1,63.1,0,40.214577,420,163,72,63.7,0,26.032602,160,343,71.2,63.4,0,38.536945,335,308,71.9,63.7,0,32.00783,300,407,71.4,63.1,0,28.042328,400,198,70.2,63.7,0,37.349693,195,410,70.2,63,0,32.806908,380,351,69.5,63.5,0,29.864866,335,178,72.9,62.9,0,60.305435,175,250,71.6,63.3,0,45.10876,245,355,71.7,63,0,37.7152,350,161,72.6,63.3,0,33.55753,160,342,73,63.2,0,39.89011,335,233,72,64.1,0,40.287327,230,293,72.8,63.2,0,36.408184,285,201,69.7,63.7,0,43.215286,195,407,72.5,63.3,0,41.405178,380,348,70.9,62.9,0,39.447777,335,177,72.6,63.1,0,56.39956,175,252,72.5,63.1,0,45.130787,245,428,71.9,63.1,0,46.483032,420,162,73.4,63.1,0,31.28902,160,345,71.2,63.1,0,33.786766,335,108,70.9,63.7,0,32.945354,100,344,71.7,63.6,0,39.223183,335,203,70.6,285.1,0,33.239437,195,386,71.9,63.1,0,37.118225,380,341,70.6,63.2,0,42.005886,335,204,73.5,63.1,0,37.815033,200,248,73.4,63.3,0,47.790997,245,353,72.3,63,0,39.12673,350,163,71.9,63.4,0,42.85417,160,365,68.8,62.9,0,50.930088,335,234,72.8,63.6,0,43.587852,230,160,71.3,63.3,0,34.128147,150,199,70.1,64,0,43.519897,195,389,71.9,63.2,0,41.110138,380,589,68.8,62.8,0,67.3095,575,337,72.5,63.7,0,45.45638,335,254,72.4,63.8,0,42.69244,250,178,72.2,63.7,0,59.319466,175,197,72.6,63.6,0,31.051434,190,189,69.8,63.4,0,44.705765,185,305,69,63.1,0,40.639366,300,305,71.4,62.9,0,35.366714,300,213,67.5,63,0,55.72437,210,890,67.1,62.8,0,91.44014,880,87.1,87.2,88.7,143.1,102.9,114.1,1.2,0.1,29.83
20170729,2010,76.1,55.2,29.90542118,30.66599,252,47.2,43.7,5.6,73.8,70.4,-0.1,0.6,0,0,0,5,100,100,1,1,1,0,0,200,72,7.5,5.6,7.5,200,69.8,73.3,60.4,100,15,38.1,59.2,100,0,73.4,1.4,60.2,1.8125,63.7,0,0,51,13.6,0,0,0,72.2,72.5,62.4,68.3,15,44.4,60.6,52.1,0,72.6,1,60.2,1.8125,62.2,0,0,89,73.4,11.7,4.8,1,15,15,74.2,65.1,82.6,100,33,0,76.5,1.3,65.06896,64.56896,0,12.8,0,0,0,20,0,72,207,63.2,0,25.916008,200,72,68,2123.706,68.1,61.6,39.9,2200,268,71.4,61.3,0,50.36243,260,131,69.4,61.9,0,50.854958,125,1199,71.8,61.5,0,34.033924,1203.9995,698,73.2,62,0,33.520054,700,619,69.9,61.8,0,43.797592,600,206,71.1,62.1,0,36.13435,200,131,70,62.1,0,52.49724,125,338,70.3,62.5,0,28.247028,330,250,71,62.9,0,100,650,626,69.7,63.1,0,100,950,509,0,62,0,33.31702,500,510,70.5,62,0,33.07327,500,179,72.6,63.3,0,47.971977,175,251,69.5,63.6,0,42.725826,245,223,70.4,63.4,0,41.476856,220,358,72.5,63.2,0,32.490223,350,168,72.8,63.4,0,33.313004,160,342,70.9,63.4,0,31.254595,335,341,73,63.3,0,28.131517,335,199,70.4,64,0,36.395977,195,389,73.2,63.6,0,27.955528,380,255,68.9,63.2,0,43.17624,245,177,72.9,63.3,0,44.44172,175,249,71.4,63.3,0,46.251995,245,429,71.1,63.1,0,40.214577,420,163,72,63.6,0,26.032602,160,343,71.1,63.4,0,38.536945,335,308,71.8,63.7,0,32.00783,300,407,71.4,63.1,0,28.042328,400,198,70.2,63.7,0,37.349693,195,400,70.2,63,0,32.806908,380,351,69.5,63.5,0,29.864866,335,178,73,62.9,0,60.305435,175,248,71.5,63.3,0,45.10876,245,356,71.7,62.9,0,37.7152,350,161,72.6,63.3,0,33.55753,160,342,73,63.2,0,39.89011,335,233,72,64.1,0,40.287327,230,294,72.8,63.2,0,36.408184,285,201,69.6,63.7,0,43.215286,195,413,72.4,63.3,0,41.405178,380,349,70.9,62.9,0,39.447777,335,177,72.6,63.1,0,56.39956,175,250,72.5,63.1,0,45.130787,245,428,71.9,63.2,0,46.483032,420,162,73.4,63.1,0,31.28902,160,346,71.2,63.1,0,33.786766,335,107,70.9,63.7,0,32.945354,100,342,71.7,63.6,0,39.223183,335,203,70.6,284.9,0,33.239437,195,390,71.8,63.2,0,37.118225,380,342,70.5,63.2,0,42.005886,335,205,73.5,63.1,0,37.815033,200,250,73.4,63.3,0,47.790997,245,355,72.2,63,0,39.12673,350,163,71.9,63.4,0,42.85417,160,367,68.8,62.9,0,50.930088,335,233,72.8,63.6,0,43.587852,230,163,71.2,63.4,0,34.128147,150,200,70.1,64.1,0,43.519897,195,392,71.9,63.2,0,41.110138,380,585,68.8,62.8,0,67.3095,575,337,72.5,63.7,0,45.45638,335,254,72.4,63.7,0,42.69244,250,178,72.2,63.7,0,59.319466,175,196,72.6,63.6,0,31.051434,190,189,69.8,63.4,0,44.705765,185,305,68.9,63.1,0,40.639366,300,305,71.4,62.9,0,35.366714,300,213,67.5,63,0,55.72437,210,891,67.1,62.7,0,91.44014,880,87.1,87.2,88.6,142.1,102.9,114.3,3,0,29.83
20170729,2015,76.1,54.9,29.84107692,30.66599,252,47.4,44.3,5.6,76.2,72.6,-0.2,0.65,0,0,0,5,100,100,1,1,1,0,0,200,72,7.5,5.6,7.5,200,69.8,73.2,60.4,100,15,38.3,59.2,100,0,73.4,1.4,60.2,1.8125,63.6,0,0,50.7,13.6,0,0,0,72.2,72.6,62.4,68.3,15,44.3,60.6,51.3,0,72.6,1.01,60.2,1.8125,62.1,0,0,89,73.3,11,4.4,1.7,15,15,72.4,65.1,82.6,100,31.9,0,76.5,1.3,65.06896,64.56896,0,12.8,0,0,1,20.8,0,72,205,63.2,0,25.916008,200,72,68,2123.706,68.1,61.6,40,2200,269,71.4,61.3,0,50.36243,260,131,69.4,61.9,0,50.854958,125,1190,71.8,61.6,0,34.033924,1203.9995,695,73.2,62.1,0,34.360294,700,620,69.9,61.9,0,43.797592,600,206,71.1,62.1,0,36.13435,200,132,70,62.1,0,52.49724,125,339,70.3,62.6,0,28.247028,330,250,71,62.9,0,100,650,626,69.6,63.1,0,100,950,509,0,62,0,33.31702,500,510,70.5,62,0,33.07327,500,179,72.6,63.2,0,47.971977,175,250,69.5,63.6,0,42.725826,245,224,70.4,63.3,0,41.476856,220,357,72.5,63.2,0,32.490223,350,168,72.7,63.4,0,33.313004,160,342,70.9,63.4,0,31.254595,335,340,73,63.3,0,28.131517,335,200,70.4,63.9,0,36.395977,195,392,73.1,63.5,0,27.955528,380,255,68.9,63.2,0,43.17624,245,178,72.9,63.2,0,44.44172,175,249,71.4,63.3,0,46.251995,245,429,71,63,0,40.214577,420,163,72,63.6,0,26.032602,160,343,71.1,63.4,0,38.536945,335,308,71.8,63.6,0,32.00783,300,409,71.4,63.1,0,28.042328,400,199,70.2,63.7,0,37.349693,195,415,70.2,63,0,32.806908,380,356,69.5,63.4,0,29.864866,335,180,72.9,62.9,0,60.305435,175,251,71.5,63.3,0,45.10876,245,359,71.6,62.9,0,37.7152,350,162,72.6,63.3,0,33.55753,160,345,73,63.2,0,39.89011,335,235,72,64.1,0,40.287327,230,295,72.8,63.1,0,36.408184,285,203,69.6,63.7,0,43.215286,195,394,72.4,63.3,0,41.405178,380,336,70.9,62.9,0,39.87995,335,178,72.5,63,0,56.39956,175,251,72.5,63,0,45.130787,245,429,71.8,63.1,0,46.483032,420,163,73.4,63.1,0,31.28902,160,344,71.2,63,0,33.786766,335,107,70.9,63.6,0,32.945354,100,343,71.7,63.5,0,39.223183,335,203,70.6,285,0,33.239437,195,386,71.8,63.1,0,37.118225,380,340,70.5,63.1,0,42.005886,335,204,73.5,63.1,0,37.815033,200,251,73.3,63.2,0,47.790997,245,354,72.2,63,0,39.12673,350,163,71.9,63.4,0,42.85417,160,368,68.8,62.9,0,50.930088,335,234,72.7,63.6,0,43.587852,230,164,71.2,63.3,0,34.128147,150,200,70.1,64,0,43.519897,195,391,71.8,63.2,0,41.110138,380,588,68.8,62.8,0,67.3095,575,337,72.5,63.7,0,45.45638,335,255,72.4,63.7,0,42.69244,250,179,72.2,63.7,0,59.319466,175,196,72.5,63.6,0,31.051434,190,189,69.7,63.4,0,44.705765,185,307,68.9,63.1,0,40.639366,300,306,71.4,62.8,0,35.366714,300,213,67.5,62.9,0,55.72437,210,892,67.1,62.7,0,91.00058,880,87.1,87.2,88.6,142.1,102.9,114.2,1.2,1,29.83
20170729,2020,76,55.6,29.92715872,30.66599,252,47.5,44.3,5.6,75.4,72.6,-0.1,0.65,0,0,0,5,100,100,1,1,1,0,0,200,72,7.5,5.6,7.5,200,69.8,73.2,60.5,100,15,38.8,59.2,100,0,73.4,1.4,60.2,1.8125,63.6,0,0,51.1,13.7,0,0,0,72.2,72.4,62.3,68.3,15,44.1,60.6,56.9,0,72.5,1.01,60.2,1.8125,62,0,0,89,73.6,17.2,4.8,0.9,15,15,71.7,65.1,82.6,100,32.5,0,76.5,1.3,65.06896,64.56896,0,12.8,0,0,0,20,1,72,207,63.3,0,25.916008,200,72,68,2123.706,68.1,61.7,40.2,2200,269,71.4,61.4,0,50.36243,260,131,69.4,62,0,50.854958,125,1197,71.8,61.7,0,34.033924,1203.9995,696,73.2,62.1,0,34.16984,700,620,70,62,0,43.797592,600,206,71.1,62.2,0,36.13435,200,132,70,62.2,0,52.49724,125,339,70.3,62.6,0,28.247028,330,250,71,63,0,100,650,626,69.7,63.2,0,100,950,509,0,62.2,0,33.31702,500,510,70.5,62.1,0,33.07327,500,179,72.6,63.2,0,47.971977,175,249,69.5,63.5,0,42.725826,245,224,70.4,63.3,0,41.476856,220,358,72.4,63.2,0,32.490223,350,168,72.7,63.4,0,33.313004,160,341,70.9,63.3,0,31.254595,335,340,72.9,63.2,0,28.131517,335,199,70.4,63.9,0,36.395977,195,394,73.1,63.5,0,27.955528,380,254,68.9,63.1,0,43.17624,245,177,72.9,63.2,0,44.44172,175,248,71.4,63.2,0,46.251995,245,428,70.9,63,0,40.214577,420,163,72,63.6,0,26.032602,160,342,71.1,63.3,0,38.536945,335,308,71.8,63.6,0,32.00783,300,407,71.4,63,0,28.042328,400,197,70.2,63.6,0,37.349693,195,401,70.2,62.9,0,32.806908,380,354,69.5,63.4,0,29.864866,335,177,72.9,62.8,0,60.305435,175,249,71.5,63.2,0,45.10876,245,356,71.6,62.9,0,37.7152,350,161,72.6,63.3,0,33.55753,160,341,72.9,63.1,0,39.89011,335,232,71.9,64,0,40.287327,230,291,72.8,63.1,0,36.408184,285,201,69.6,63.6,0,43.215286,195,408,72.4,63.2,0,41.405178,380,351,70.9,62.8,0,39.87995,335,179,72.5,63,0,56.39956,175,248,72.5,63,0,45.130787,245,427,71.8,63.1,0,46.483032,420,162,73.4,63.1,0,31.28902,160,341,71.1,63,0,33.786766,335,108,70.8,63.6,0,32.945354,100,342,71.7,63.5,0,39.223183,335,203,70.6,284.9,0,33.239437,195,387,71.8,63.1,0,37.118225,380,340,70.5,63.1,0,42.005886,335,205,73.5,63.1,0,37.815033,200,250,73.3,63.2,0,47.790997,245,353,72.2,62.9,0,39.12673,350,163,71.9,63.4,0,42.85417,160,365,68.8,62.9,0,50.930088,335,233,72.7,63.6,0,43.587852,230,164,71.2,63.3,0,34.128147,150,199,70.1,64,0,43.519897,195,391,71.8,63.2,0,41.110138,380,586,68.8,62.7,0,67.3095,575,337,72.4,63.7,0,45.45638,335,254,72.4,63.7,0,42.69244,250,177,72.2,63.7,0,59.319466,175,195,72.5,63.6,0,31.051434,190,189,69.7,63.4,0,44.705765,185,306,68.9,63,0,40.639366,300,304,71.4,62.8,0,35.366714,300,213,67.4,62.9,0,55.72437,210,887,67,62.7,0,91.42857,880,87.1,87.2,88.5,142.1,102.8,114.1,1.2,1.6,29.83
20170729,2025,75.9,56.2,29.99107073,30.66599,253,47.7,44.3,5.6,75,71.2,-0.1,0.6,0,0,0,5,100,100,1,1,1,0,0,200,72,7.5,5.6,7.5,200,69.8,73.3,60.6,100,15,39.4,59.2,100,0,73.4,1.4,60.2,1.8125,63.5,0,0,50.7,13.6,0,0,0,72.2,72.5,62.3,68.4,15,44,60.6,53.7,0,72.5,1.01,60.2,1.8125,61.9,0,0,88.9,73.4,14.5,4.5,1.5,15,15,74.5,65.1,81.8,100,32.9,0,76.5,1.3,65.06896,64.56896,0,12.7,0,0,1,21,1,72,205,63.4,0,25.916008,200,72,68,2123.706,68.1,61.8,40.3,2200,268,71.4,61.5,0,50.36243,260,130,69.4,62.1,0,50.854958,125,1190,71.8,61.8,0,34.033924,1203.9995,698,73.2,62.2,0,33.531258,700,617,70,62.1,0,43.797592,600,205,71.1,62.3,0,36.13435,200,132,70,62.3,0,52.49724,125,339,70.3,62.7,0,28.247028,330,250,71.1,63.1,0,100,650,624,69.7,63.3,0,100,950,508,0,62.2,0,33.31702,500,510,70.5,62.2,0,33.07327,500,178,72.6,63.2,0,47.971977,175,249,69.5,63.5,0,42.725826,245,223,70.4,63.3,0,41.476856,220,356,72.4,63.2,0,32.490223,350,168,72.7,63.3,0,33.313004,160,341,70.9,63.3,0,31.254595,335,339,72.9,63.2,0,28.131517,335,198,70.4,63.9,0,36.395977,195,393,73,63.5,0,27.955528,380,253,68.9,63.1,0,43.17624,245,177,72.9,63.2,0,44.44172,175,249,71.3,63.2,0,46.251995,245,427,70.9,62.9,0,40.214577,420,163,72,63.6,0,26.032602,160,341,71,63.3,0,38.536945,335,307,71.8,63.6,0,32.00783,300,405,71.4,63,0,28.042328,400,198,70.2,63.6,0,37.349693,195,394,70.1,62.9,0,32.806908,380,348,69.5,63.4,0,29.864866,335,178,72.9,62.8,0,60.305435,175,248,71.5,63.2,0,45.10876,245,355,71.6,62.8,0,37.7152,350,162,72.6,63.2,0,33.55753,160,340,72.9,63.1,0,39.89011,335,233,71.9,64,0,40.287327,230,291,72.7,63.1,0,36.408184,285,201,69.6,63.6,0,43.215286,195,407,72.4,63.2,0,41.405178,380,348,70.9,62.8,0,40.32413,335,178,72.5,63,0,56.39956,175,250,72.4,63,0,45.130787,245,424,71.8,63.1,0,46.483032,420,162,73.3,63,0,31.28902,160,343,71.1,62.9,0,33.786766,335,108,70.8,63.6,0,32.945354,100,341,71.7,63.5,0,39.223183,335,203,70.5,285,0,33.239437,195,393,71.8,63,0,37.118225,380,341,70.5,63.1,0,42.005886,335,204,73.5,63,0,37.815033,200,250,73.3,63.1,0,47.790997,245,352,72.1,62.9,0,39.12673,350,163,71.9,63.3,0,42.85417,160,364,68.7,62.8,0,50.930088,335,233,72.7,63.6,0,43.587852,230,161,71.2,63.3,0,34.128147,150,200,70.1,63.9,0,43.519897,195,390,71.8,63.1,0,41.110138,380,584,68.8,62.7,0,67.3095,575,337,72.4,63.7,0,45.45638,335,254,72.4,63.7,0,42.69244,250,178,72.2,63.6,0,59.319466,175,196,72.5,63.5,0,31.051434,190,188,69.7,63.3,0,44.705765,185,308,68.9,63,0,40.639366,300,304,71.3,62.8,0,35.366714,300,212,67.4,62.8,0,55.72437,210,890,67,62.6,0,91.417,880,87.1,87.2,88.6,142.1,102.8,114,0.4,0,29.83
20170729,2030,75.7,56.6,29.94732327,30.66599,253,47.3,43.9,5.6,72.1,69.7,-0.2,0.65,0,0,0,5,100,100,1,1,1,0,0,200,72,7.5,5.6,7.5,200,69.8,73.3,60.5,100,15,39.9,59.2,100,0,73.4,1.4,60.2,1.8125,63.6,0,0,51,13.6,0,0,0,72.2,72.4,62.3,68.5,15,43.9,60.6,53.7,0,72.5,1,60.2,1.8125,61.9,0,0,88.8,73.8,14.3,4.7,1.4,15,15,73.2,65.1,82.6,100,32,0,74.5,1.3,65.06896,64.56896,0,12.8,0,0,0,20,0,72,206,63.4,0,25.916008,200,72,68,2611.5657,68.1,61.7,36.5,2200,266,71.4,61.5,0,50.36243,260,130,69.4,62.1,0,50.854958,125,1188,71.8,61.7,0,34.033924,1203.9995,701,73.1,62.2,0,33.531258,700,616,70,62.1,0,43.797592,600,204,71.1,62.3,0,36.13435,200,131,69.9,62.3,0,52.49724,125,337,70.3,62.7,0,28.247028,330,249,71.1,63.1,0,100,650,624,69.7,63.3,0,100,950,508,0,62.3,0,33.31702,500,510,70.5,62.2,0,33.07327,500,179,72.6,63.2,0,47.971977,175,249,69.5,63.5,0,42.725826,245,223,70.4,63.3,0,41.476856,220,359,72.3,63.2,0,32.490223,350,168,72.7,63.3,0,33.313004,160,342,70.8,63.3,0,31.254595,335,342,72.9,63.2,0,28.131517,335,199,70.3,63.8,0,36.395977,195,395,73,63.5,0,27.955528,380,254,68.8,63.2,0,43.17624,245,178,72.9,63.2,0,44.44172,175,248,71.3,63.2,0,46.251995,245,428,70.8,63,0,40.214577,420,164,72,63.6,0,26.032602,160,343,71,63.3,0,38.536945,335,308,71.8,63.6,0,32.00783,300,407,71.4,63,0,28.042328,400,199,70.2,63.6,0,37.349693,195,398,70.1,62.9,0,32.806908,380,351,69.5,63.4,0,29.864866,335,178,72.9,62.8,0,60.305435,175,252,71.5,63.2,0,45.10876,245,355,71.5,62.9,0,37.7152,350,161,72.5,63.3,0,33.55753,160,342,72.9,63.1,0,39.89011,335,233,71.9,64,0,40.287327,230,292,72.8,63.1,0,36.408184,285,201,69.6,63.6,0,43.215286,195,414,72.4,63.2,0,41.405178,380,349,70.9,62.8,0,40.04802,335,179,72.5,63,0,56.39956,175,250,72.4,63,0,45.130787,245,427,71.7,63.1,0,46.483032,420,162,73.3,63.1,0,31.28902,160,342,71.1,63,0,33.786766,335,108,70.8,63.6,0,32.945354,100,340,71.7,63.5,0,39.223183,335,203,70.5,285,0,33.239437,195,390,71.8,63.1,0,37.118225,380,341,70.5,63.1,0,42.005886,335,206,73.5,63.1,0,37.815033,200,249,73.3,63.2,0,47.790997,245,355,72.1,62.9,0,39.12673,350,163,71.9,63.3,0,42.85417,160,368,68.7,62.9,0,50.930088,335,233,72.7,63.5,0,43.587852,230,164,71.2,63.3,0,34.128147,150,200,70,64,0,43.519897,195,398,71.8,63.2,0,41.110138,380,591,68.8,62.7,0,67.3095,575,337,72.4,63.7,0,45.45638,335,255,72.4,63.7,0,42.69244,250,178,72.2,63.6,0,59.319466,175,196,72.5,63.6,0,31.051434,190,188,69.7,63.3,0,44.705765,185,307,68.9,63,0,40.639366,300,305,71.3,62.8,0,35.366714,300,213,67.4,62.9,0,55.72437,210,889,67,62.7,0,91.417,880,87.1,87.2,88.5,141.1,102.8,113.9,3.2,-0.1,29.83
20170729,2035,75.6,58.1,30.19961467,30.66599,253,47.5,44.3,5.6,76.5,74,-0.2,0.6,0,0,0,5,100,100,1,1,1,0,0,200,72,7.5,5.6,7.5,200,69.8,73.2,60.5,100,15,40.4,59.2,100,0,73.4,1.4,60.2,1.8125,63.6,0,0,50.7,13.6,0,0,0,72.2,72.4,62.4,68,15,43.7,60.6,55,0,72.4,1.01,60.2,1.8125,61.9,0,0,88.3,73,15,4.5,1.2,15,15,72.5,65.1,82.6,100,31.5,0,74.5,1.3,65.06896,64.56896,0,12.8,0,0,1,20.1,1,72,204,63.4,0,25.916008,200,72,68,2611.5657,68.1,61.8,36.6,2200,267,71.4,61.5,0,50.36243,260,130,69.4,62.1,0,50.854958,125,1183,71.8,61.7,0,34.033924,1203.9995,701,73.2,62.2,0,33.452835,700,617,69.9,62.1,0,43.797592,600,205,71.1,62.3,0,36.13435,200,131,69.9,62.3,0,52.49724,125,338,70.3,62.8,0,28.247028,330,249,71.1,63.1,0,100,650,624,69.7,63.4,0,100,950,508,0,62.3,0,33.31702,500,510,70.5,62.2,0,33.07327,500,179,72.6,63.2,0,47.971977,175,249,69.4,63.5,0,42.725826,245,223,70.4,63.3,0,41.476856,220,357,72.3,63.2,0,32.490223,350,168,72.7,63.3,0,33.313004,160,340,70.8,63.4,0,31.254595,335,341,72.8,63.3,0,28.131517,335,199,70.3,63.9,0,36.395977,195,392,73,63.5,0,27.955528,380,255,68.8,63.2,0,43.17624,245,177,72.9,63.2,0,44.44172,175,249,71.3,63.3,0,46.251995,245,427,70.8,63,0,40.214577,420,163,72,63.6,0,26.032602,160,342,71,63.4,0,38.536945,335,308,71.8,63.6,0,32.00783,300,407,71.4,63.1,0,28.042328,400,198,70.2,63.6,0,37.349693,195,405,70.1,62.9,0,32.806908,380,354,69.5,63.4,0,29.864866,335,178,72.9,62.9,0,60.305435,175,249,71.4,63.2,0,45.10876,245,355,71.5,62.9,0,37.7152,350,162,72.5,63.3,0,33.55753,160,341,72.8,63.2,0,39.89011,335,233,71.9,64,0,40.287327,230,291,72.7,63.1,0,36.408184,285,201,69.6,63.6,0,43.215286,195,411,72.3,63.2,0,41.405178,380,349,70.8,62.9,0,40.04802,335,178,72.5,63,0,56.39956,175,250,72.4,63.1,0,45.130787,245,429,71.7,63.1,0,46.483032,420,161,73.3,63.1,0,31.28902,160,343,71,63,0,33.786766,335,109,70.8,63.6,0,32.945354,100,343,71.7,63.5,0,39.223183,335,203,70.5,285,0,33.239437,195,389,71.7,63.1,0,37.118225,380,339,70.5,63.1,0,42.005886,335,205,73.4,63.1,0,37.815033,200,250,73.3,63.2,0,47.790997,245,354,72,63,0,39.12673,350,163,71.8,63.4,0,42.85417,160,363,68.7,62.9,0,50.930088,335,234,72.6,63.6,0,43.587852,230,163,71.2,63.3,0,34.128147,150,201,70,64,0,43.519897,195,393,71.8,63.2,0,41.110138,380,588,68.8,62.8,0,67.3095,575,337,72.4,63.6,0,45.45638,335,255,72.3,63.7,0,42.69244,250,179,72.2,63.7,0,59.319466,175,197,72.5,63.5,0,31.051434,190,188,69.7,63.4,0,44.705765,185,306,68.9,63.1,0,40.639366,300,306,71.3,62.8,0,35.366714,300,212,67.3,62.9,0,55.72437,210,887,67,62.7,0,91.40544,880,87.1,87.2,88.6,142.1,102.8,114,1.6,-0.1,29.83
20170729,2040,75.5,57.9,30.09222876,30.66599,253,47.1,43.6,5.6,73.3,70.4,-0.2,0.65,0,0,0,5,100,100,1,1,1,0,0,200,72,7.5,5.6,7.5,200,69.8,73.3,60.4,100,15,40.7,59.2,100,0,73.4,1.4,60.2,1.8125,63.6,0,0,50.7,13.7,0,0,0,72.1,72.3,62.4,67.8,15,43.6,60.6,54.8,0,72.4,1.02,60.2,1.8125,61.7,0,0,88.4,72.8,14.6,4.7,1.1,15,15,72.4,65.1,82.6,100,32.6,0,74.5,1.3,65.06896,64.56896,0,12.8,0,0,0,20,0,72,206,63.4,0,25.916008,200,72,68,2123.706,68.1,61.7,40.7,2200,267,71.4,61.4,0,50.36243,260,130,69.4,62.1,0,50.854958,125,1204,71.8,61.7,0,34.033924,1203.9995,700,73.1,62.2,0,33.520054,700,619,69.9,62.1,0,43.797592,600,205,71.1,62.3,0,36.13435,200,131,69.9,62.3,0,52.49724,125,339,70.3,62.8,0,28.247028,330,249,71.1,63.1,0,100,650,624,69.7,63.3,0,100,950,507,0,62.2,0,33.31702,500,510,70.5,62.2,0,33.07327,500,179,72.6,63.2,0,47.971977,175,251,69.4,63.5,0,42.725826,245,225,70.3,63.3,0,41.476856,220,357,72.2,63.2,0,32.490223,350,168,72.6,63.4,0,33.313004,160,343,70.8,63.3,0,31.254595,335,342,72.8,63.3,0,28.131517,335,199,70.3,63.9,0,36.395977,195,392,72.9,63.5,0,27.955528,380,254,68.8,63.2,0,43.17624,245,178,72.9,63.2,0,44.44172,175,249,71.2,63.3,0,46.251995,245,429,70.7,63,0,40.214577,420,164,71.9,63.6,0,26.032602,160,345,71,63.4,0,38.536945,335,308,71.7,63.6,0,32.00783,300,409,71.4,63.1,0,28.042328,400,199,70.1,63.6,0,37.349693,195,413,70.1,63,0,32.806908,380,355,69.4,63.4,0,29.864866,335,179,72.9,62.9,0,60.305435,175,250,71.4,63.3,0,45.10876,245,358,71.5,62.9,0,37.7152,350,162,72.5,63.3,0,33.55753,160,343,72.8,63.2,0,39.89011,335,233,71.8,64,0,40.287327,230,293,72.7,63.1,0,36.408184,285,202,69.6,63.6,0,43.215286,195,413,72.3,63.2,0,41.405178,380,351,70.8,62.9,0,40.04802,335,179,72.5,63,0,56.39956,175,251,72.4,63,0,45.130787,245,429,71.6,63.1,0,46.483032,420,163,73.3,63.1,0,31.28902,160,345,71,63,0,33.786766,335,108,70.8,63.6,0,32.945354,100,343,71.7,63.5,0,39.223183,335,204,70.5,285.1,0,33.239437,195,389,71.7,63.1,0,37.118225,380,341,70.4,63.1,0,42.005886,335,205,73.5,63.1,0,37.815033,200,251,73.2,63.2,0,47.790997,245,353,72,63,0,39.12673,350,163,71.9,63.4,0,42.85417,160,370,68.6,62.9,0,50.930088,335,234,72.6,63.6,0,43.587852,230,166,71.2,63.3,0,34.128147,150,201,70,64,0,43.519897,195,390,71.7,63.2,0,41.110138,380,590,68.8,62.8,0,67.3095,575,337,72.3,63.7,0,45.45638,335,256,72.3,63.7,0,42.69244,250,179,72.2,63.7,0,59.319466,175,196,72.5,63.5,0,31.051434,190,189,69.7,63.4,0,44.705765,185,307,68.9,63.1,0,40.639366,300,306,71.3,62.8,0,35.366714,300,213,67.3,62.9,0,55.72437,210,892,67,62.7,0,90.97744,880,87.1,87.2,88.6,140.1,102.7,113.8,-0.6,0.3,29.83
20170729,2045,75.3,57,29.77429819,30.66599,250,47.4,44.2,5.6,77.5,75,-0.2,0.65,0,0,0,5,100,100,1,1,1,0,0,200,72,7.5,5.6,7.5,200,69.8,73,60.5,100,15,41,59.2,100,0,73.3,1.4,60.2,1.8125,63.5,0,0,51.1,13.8,0,0,0,72.1,72.4,62.3,68.1,15,43.4,60.6,55.8,0,72.4,1,60.2,1.8125,61.7,0,0,88.4,73.2,15,4.6,1.5,15,15,72.5,65.1,82.4,100,32,0,74.5,1.3,65.06896,64.56896,0,12.8,0,0,1,21.9,1,72,204,63.3,0,25.916008,200,72,68,2123.706,68.1,61.7,40.8,2200,267,71.4,61.4,0,50.36243,260,130,69.4,62.1,0,50.854958,125,1188,71.8,61.7,0,34.033924,1203.9995,699,73.1,62.2,0,33.50885,700,617,69.8,62.1,0,43.797592,600,205,71.1,62.3,0,36.13435,200,131,69.9,62.3,0,52.49724,125,339,70.3,62.7,0,28.247028,330,247,71,63.1,0,100,650,623,69.7,63.3,0,100,950,508,0,62.2,0,33.31702,500,510,70.5,62.2,0,33.07327,500,179,72.6,63.2,0,47.971977,175,250,69.4,63.5,0,42.725826,245,222,70.3,63.3,0,41.476856,220,356,72.2,63.2,0,32.490223,350,168,72.6,63.3,0,33.313004,160,339,70.8,63.3,0,31.254595,335,341,72.8,63.2,0,28.131517,335,199,70.3,63.8,0,36.395977,195,394,72.9,63.5,0,27.955528,380,252,68.8,63.1,0,43.17624,245,177,72.9,63.2,0,44.44172,175,249,71.2,63.2,0,46.251995,245,426,70.7,63,0,40.214577,420,164,71.9,63.5,0,26.032602,160,343,71,63.3,0,38.536945,335,307,71.7,63.6,0,32.00783,300,405,71.4,63,0,28.042328,400,199,70.1,63.6,0,37.349693,195,396,70.1,62.9,0,32.806908,380,349,69.4,63.4,0,29.864866,335,178,72.9,62.8,0,60.305435,175,250,71.4,63.2,0,45.10876,245,355,71.4,62.9,0,37.7152,350,161,72.5,63.3,0,33.55753,160,341,72.8,63.1,0,39.89011,335,233,71.8,64,0,40.287327,230,293,72.7,63.1,0,36.408184,285,200,69.5,63.6,0,43.215286,195,404,72.3,63.2,0,41.405178,380,349,70.8,62.8,0,40.04802,335,178,72.5,63,0,56.39956,175,251,72.4,63,0,45.130787,245,426,71.6,63.1,0,46.483032,420,162,73.3,63,0,31.28902,160,344,71,63,0,33.786766,335,105,70.8,63.6,0,32.945354,100,341,71.7,63.5,0,39.223183,335,202,70.5,285.2,0,33.239437,195,390,71.7,63.1,0,37.118225,380,341,70.4,63.1,0,42.005886,335,205,71.1,63.1,0,37.815033,200,248,73.2,63.2,0,47.790997,245,353,71.9,62.9,0,39.12673,350,163,71.8,63.3,0,42.85417,160,365,68.6,62.8,0,50.930088,335,233,72.6,63.5,0,43.587852,230,160,71.2,63.3,0,34.128147,150,200,70,63.9,0,43.519897,195,390,71.7,63.1,0,41.110138,380,587,68.8,62.7,0,67.3095,575,337,72.3,63.6,0,45.45638,335,255,72.3,63.7,0,42.69244,250,177,72.1,63.7,0,59.319466,175,196,72.4,63.5,0,31.051434,190,188,69.7,63.3,0,44.705765,185,306,68.9,63,0,40.639366,300,305,71.3,62.8,0,35.366714,300,212,67.3,62.8,0,55.72437,210,888,66.9,62.6,0,91.39387,880,87,87.2,88.5,142.1,102.7,113.9,1.2,0,29.83
20170729,2050,75.2,57.3,29.77261422,30.66599,252,47.1,43.7,5.6,73,70.3,-0.1,0.65,0,0,0,5,100,100,1,1,1,0,0,200,72,7.5,5.6,7.5,200,69.8,73.1,60.3,100,15,40.5,59.6,100,0,73.3,1.4,60.6,1.8125,63.3,0,0,51,13.6,0,0,0,72.1,72.2,62.3,67.9,15,43.1,60.8,54.8,0,72.3,1,60.6,1.8125,61.7,0,0,88.5,73,14.5,4.5,0.8,15,15,72.5,65.1,82.4,100,32.2,0,74.5,1.3,65.18965,64.68965,0,12.8,0,0,0,20,1,72,205,63.3,0,25.916008,200,72,68,2611.5657,68.1,61.6,36,2200,268,71.3,61.4,0,50.36243,260,130,69.4,62.1,0,50.854958,125,1192,71.8,61.7,0,34.033924,1203.9995,698,73.1,62.2,0,33.497646,700,618,69.8,62.1,0,43.797592,600,205,71.1,62.2,0,36.13435,200,131,69.9,62.3,0,52.49724,125,339,70.2,62.7,0,28.247028,330,250,71.1,63.1,0,100,650,623,69.7,63.3,0,100,950,509,0,62.2,0,33.31702,500,510,70.4,62.2,0,33.07327,500,178,72.6,63.2,0,47.971977,175,250,69.4,63.5,0,42.725826,245,223,70.3,63.3,0,41.476856,220,357,72.1,63.1,0,32.490223,350,168,72.6,63.3,0,33.313004,160,340,70.8,63.3,0,31.254595,335,339,72.7,63.2,0,28.131517,335,199,70.3,63.9,0,36.395977,195,391,72.9,63.5,0,27.955528,380,253,68.8,63.1,0,43.17624,245,177,72.9,63.2,0,44.44172,175,248,71.2,63.2,0,46.251995,245,426,70.6,62.9,0,40.214577,420,164,71.9,63.5,0,26.032602,160,341,70.9,63.3,0,38.536945,335,308,71.7,63.6,0,32.00783,300,407,71.4,63,0,28.042328,400,198,70.1,63.6,0,37.349693,195,388,70.1,62.9,0,32.806908,380,344,69.4,63.4,0,29.864866,335,178,72.9,62.8,0,60.305435,175,248,71.4,63.2,0,45.10876,245,355,71.4,62.8,0,37.7152,350,161,72.5,63.2,0,33.55753,160,342,72.7,63.1,0,39.89011,335,232,71.8,64,0,40.287327,230,291,72.7,63.1,0,36.408184,285,200,69.5,63.6,0,43.215286,195,410,72.3,63.2,0,41.405178,380,350,70.8,62.8,0,40.04802,335,178,72.4,63,0,56.39956,175,250,72.4,62.9,0,45.130787,245,429,71.6,63.1,0,46.483032,420,161,73.3,63,0,31.28902,160,342,71,62.9,0,33.786766,335,109,70.7,63.6,0,32.945354,100,340,71.7,63.5,0,39.223183,335,202,70.5,285.2,0,33.239437,195,387,71.7,63,0,37.118225,380,340,70.4,63.1,0,42.005886,335,206,73.4,63,0,37.815033,200,248,73.2,63.2,0,47.790997,245,352,71.9,62.9,0,39.12673,350,162,71.8,63.3,0,42.85417,160,364,68.6,62.8,0,50.930088,335,232,72.6,63.5,0,43.587852,230,160,71.2,63.3,0,34.128147,150,200,70,64,0,43.519897,195,390,71.7,63.1,0,41.110138,380,584,68.7,62.7,0,67.3095,575,337,72.3,63.6,0,45.45638,335,254,72.3,63.7,0,42.69244,250,177,72.1,63.6,0,59.319466,175,195,72.4,63.5,0,31.051434,190,188,69.6,63.3,0,44.705765,185,306,68.9,63,0,40.639366,300,304,71.3,62.7,0,35.366714,300,212,67.3,62.8,0,55.72437,210,886,66.9,62.6,0,91.39387,880,87,87.1,88.4,140.1,102.7,113.8,1.1,0,29.83
20170729,2055,75,58.7,29.9256616,30.66599,253,47.2,43.9,5.6,73.9,70.2,-0.1,0.7,0,0,0,5,100,100,1,1,1,0,0,200,72,7.5,5.6,7.5,200,69.8,73,60.3,100,15,40.1,59.6,100,0,73.2,1.4,60.6,1.8125,63.4,0,0,50.7,13.4,0,0,0,72.1,72.2,62.3,68,15,42.8,60.8,53.5,0,72.4,1.01,60.6,1.8125,61.6,0,0,88.6,73.1,14.3,4.9,1.9,15,15,70.8,65.1,82.4,100,31.1,0,74.5,1.3,65.18965,64.68965,0,12.8,0,0,0,20,0,72,205,63.3,0,25.916008,200,72,68,2123.706,68,61.6,39.1,2200,268,71.3,61.4,0,50.36243,260,131,69.4,62,0,50.854958,125,1190,71.8,61.7,0,34.033924,1203.9995,696,73.1,62.1,0,34.13623,700,619,69.9,62,0,43.797592,600,206,71,62.3,0,36.13435,200,131,69.9,62.3,0,52.49724,125,340,70.2,62.7,0,28.247028,330,250,71.1,63.1,0,100,650,625,69.6,63.3,0,100,950,509,0,62.2,0,33.31702,500,510,70.5,62.1,0,33.07327,500,178,72.5,63.1,0,47.971977,175,249,69.4,63.4,0,42.725826,245,222,70.3,63.2,0,41.476856,220,356,72.1,63.1,0,32.490223,350,168,72.6,63.3,0,33.313004,160,342,70.8,63.3,0,31.254595,335,342,72.7,63.1,0,28.131517,335,198,70.3,63.8,0,36.395977,195,392,72.8,63.4,0,27.955528,380,251,68.8,63.1,0,43.17624,245,177,72.8,63.1,0,44.44172,175,248,71.2,63.1,0,46.251995,245,424,70.6,62.9,0,40.214577,420,163,71.9,63.5,0,26.032602,160,340,70.9,63.2,0,38.536945,335,307,71.7,63.5,0,32.00783,300,406,71.4,62.9,0,28.042328,400,198,70.1,63.5,0,37.349693,195,402,70.1,62.8,0,32.806908,380,348,69.4,63.3,0,29.864866,335,177,72.9,62.7,0,60.305435,175,248,71.4,63.1,0,45.10876,245,356,71.4,62.8,0,37.7152,350,160,72.4,63.2,0,33.55753,160,340,72.7,63,0,39.89011,335,232,71.8,63.9,0,40.287327,230,291,72.7,63,0,36.408184,285,199,69.5,63.5,0,43.215286,195,407,72.3,63.1,0,41.405178,380,348,70.8,62.7,0,40.04802,335,177,72.5,62.9,0,56.39956,175,250,72.3,62.9,0,45.130787,245,427,71.5,62.9,0,46.483032,420,162,73.3,62.9,0,31.28902,160,343,71,62.9,0,33.786766,335,108,70.7,63.5,0,32.945354,100,342,71.6,63.4,0,39.223183,335,201,70.5,284.9,0,33.239437,195,388,71.6,63,0,37.118225,380,340,70.4,63,0,42.005886,335,204,73.4,63,0,37.815033,200,247,73.2,63.1,0,47.790997,245,353,71.9,62.8,0,39.12673,350,162,71.8,63.2,0,42.85417,160,362,68.6,62.8,0,50.930088,335,232,72.5,63.5,0,43.587852,230,168,71.2,63.2,0,34.128147,150,199,70,63.9,0,43.519897,195,394,71.7,63.1,0,41.110138,380,582,68.7,62.6,0,67.3095,575,337,72.3,63.6,0,45.45638,335,253,72.3,63.6,0,42.69244,250,177,72.1,63.6,0,59.319466,175,195,72.4,63.5,0,31.051434,190,189,69.6,63.2,0,44.705765,185,305,68.9,62.9,0,40.639366,300,303,71.2,62.7,0,35.366714,300,212,67.3,62.8,0,55.72437,210,887,66.9,62.6,0,91.46327,880,87,87.1,88.4,141.1,102.7,113.8,1.1,1.6,29.85
20170729,2100,74.8,57.8,29.61118097,30.66599,252,47.2,43.9,5.6,75.3,72.7,-0.1,0.65,0,0,0,5,100,100,1,1,1,0,0,200,72,7.5,5.6,7.5,200,69.8,73,60.3,100,15,39.7,59.6,100,0,73.2,1.4,60.6,1.8125,63.3,0,0,50.7,13.5,0,0,0,72.1,72.2,62.3,68,15,42.6,60.8,53.9,0,72.3,1,60.6,1.8125,61.6,0,0,88.5,73,14.5,4.9,1,15,15,72.9,65.1,82.4,100,32.9,0,74.5,1.3,65.18965,64.68965,0,12.8,0,0,0,20,1,72,205,63.3,0,25.916008,200,72,68,2123.706,68,61.6,41.2,2200,268,71.3,61.3,0,50.36243,260,130,69.4,62,0,50.854958,125,1182,71.8,61.6,0,34.033924,1203.9995,696,73.1,62.1,0,34.057808,700,617,69.8,62,0,43.797592,600,206,71,62.2,0,36.13435,200,131,69.9,62.2,0,52.49724,125,338,70.2,62.6,0,28.247028,330,248,71.1,63,0,100,650,623,69.7,63.3,0,100,950,509,0,62.1,0,33.31702,500,510,70.4,62.1,0,33.07327,500,179,72.5,63.1,0,47.971977,175,250,69.3,63.4,0,42.725826,245,224,70.2,63.2,0,41.476856,220,358,72,63.1,0,32.490223,350,168,72.6,63.3,0,33.313004,160,342,70.7,63.2,0,31.254595,335,342,72.7,63.1,0,28.131517,335,199,70.3,63.8,0,36.395977,195,392,72.8,63.4,0,27.955528,380,254,68.8,63,0,43.17624,245,177,72.8,63.1,0,44.44172,175,250,71.2,63.1,0,46.251995,245,427,70.5,62.9,0,40.214577,420,164,71.9,63.4,0,26.032602,160,342,70.9,63.2,0,38.536945,335,308,71.7,63.5,0,32.00783,300,405,71.3,62.9,0,28.042328,400,199,70,63.5,0,37.349693,195,389,70.1,62.8,0,32.806908,380,350,69.4,63.3,0,29.864866,335,179,72.9,62.7,0,60.305435,175,250,71.4,63.1,0,45.10876,245,355,71.3,62.8,0,37.7152,350,162,72.4,63.1,0,33.55753,160,343,72.7,63,0,39.89011,335,233,71.7,63.9,0,40.287327,230,292,72.7,63,0,36.408184,285,202,69.5,63.5,0,43.215286,195,408,72.2,63.1,0,41.405178,380,348,70.8,62.7,0,40.04802,335,178,72.4,62.9,0,56.39956,175,250,72.3,62.9,0,45.130787,245,428,71.5,63,0,46.483032,420,162,73.2,63,0,31.28902,160,344,70.9,62.9,0,33.786766,335,108,70.7,63.5,0,32.945354,100,342,71.6,63.4,0,39.223183,335,203,70.5,284.8,0,33.239437,195,388,71.6,63,0,37.118225,380,340,70.4,63,0,42.005886,335,205,73.4,62.9,0,37.815033,200,249,73.2,63.1,0,47.790997,245,353,71.8,62.8,0,39.12673,350,163,71.8,63.2,0,42.85417,160,366,68.6,62.8,0,50.930088,335,234,72.5,63.5,0,43.587852,230,165,71.2,63.2,0,34.128147,150,200,70,63.9,0,43.519897,195,389,71.6,63.1,0,41.110138,380,583,68.7,62.6,0,67.3095,575,337,72.2,63.6,0,45.45638,335,254,72.3,63.6,0,42.69244,250,178,72.1,63.6,0,59.319466,175,196,72.4,63.4,0,31.051434,190,189,69.6,63.2,0,44.705765,185,307,68.8,62.9,0,40.639366,300,305,71.2,62.7,0,35.366714,300,213,67.3,62.8,0,55.72437,210,891,66.9,62.5,0,91.451706,880,87,87.1,88.4,141.1,102.7,113.9,1.1,0,29.85
20170729,2105,74.7,57.6,29.50623761,30.01661917,251,47.2,43.8,5.6,73.6,70.2,-0.1,0.65,0,0,0,5,100,100,1,1,1,0,0,200,72,7.5,5.6,7.5,200,69.8,72.9,60.3,100,15,39.3,59.6,100,0,73.2,1.4,60.6,1.8125,63.2,0,0,51,13.6,0,0,0,72.1,72.1,62.1,67.9,15,42.3,60.8,58.2,0,72.2,0.99,60.6,1.8125,61.6,0,0,88.7,72.8,17.3,4.8,1.3,15,15,73.1,65.1,82.4,100,31.4,0,74.5,1.3,65.18965,64.68965,0,12.8,0,0,0,20,0,72,205,63.3,0,25.916008,200,72,68,2123.706,68,61.6,40.3,2200,269,71.3,61.4,0,50.36243,260,130,69.4,62,0,50.854958,125,1191,71.8,61.7,0,34.033924,1203.9995,699,73,62.2,0,33.55366,700,617,69.8,62,0,43.797592,600,206,71,62.2,0,36.13435,200,131,69.8,62.2,0,52.49724,125,340,70.2,62.7,0,28.247028,330,250,71.1,63,0,100,650,624,69.7,63.3,0,100,950,508,0,62.2,0,33.31702,500,510,70.5,62.2,0,33.07327,500,178,72.5,63.1,0,47.971977,175,249,69.3,63.4,0,42.725826,245,223,70.2,63.2,0,41.476856,220,355,72,63,0,32.490223,350,168,72.6,63.2,0,33.313004,160,340,70.7,63.2,0,31.254595,335,340,72.6,63.1,0,28.131517,335,199,70.2,63.7,0,36.395977,195,392,72.8,63.4,0,27.955528,380,253,68.8,63,0,43.17624,245,177,72.8,63.1,0,44.44172,175,248,71.1,63.1,0,46.251995,245,427,70.4,62.8,0,40.214577,420,163,71.9,63.4,0,26.032602,160,340,70.9,63.2,0,38.536945,335,308,71.6,63.5,0,32.00783,300,406,71.3,62.9,0,28.042328,400,198,70,63.5,0,37.349693,195,411,70,62.8,0,32.806908,380,356,69.4,63.3,0,29.864866,335,177,72.9,62.7,0,60.305435,175,250,71.3,63.1,0,45.10876,245,354,71.3,62.7,0,37.7152,350,162,72.4,63.1,0,33.55753,160,341,72.7,63,0,39.89011,335,232,71.7,63.8,0,40.287327,230,293,72.7,62.9,0,36.408184,285,200,69.5,63.5,0,43.215286,195,405,72.2,63,0,41.405178,380,348,70.8,62.7,0,40.04802,335,178,72.4,62.9,0,56.39956,175,249,72.3,62.8,0,45.130787,245,426,71.4,62.9,0,46.483032,420,162,73.2,62.9,0,31.28902,160,343,70.9,62.8,0,33.786766,335,108,70.7,63.5,0,32.945354,100,340,71.6,63.4,0,39.223183,335,202,70.4,285,0,33.239437,195,392,71.6,62.9,0,37.118225,380,340,70.4,62.9,0,42.005886,335,204,73.4,62.9,0,37.815033,200,247,73.1,63,0,47.790997,245,353,71.8,62.8,0,39.12673,350,163,71.8,63.2,0,42.85417,160,362,68.5,62.7,0,50.930088,335,232,72.5,63.4,0,43.587852,230,157,71.1,63.2,0,34.128147,150,200,70,63.8,0,43.519897,195,390,71.6,63,0,41.110138,380,583,68.7,62.6,0,67.3095,575,337,72.2,63.6,0,45.45638,335,253,72.2,63.5,0,42.69244,250,177,72.1,63.6,0,59.319466,175,196,72.3,63.4,0,31.051434,190,188,69.6,63.2,0,44.705765,185,306,68.8,62.9,0,40.639366,300,304,71.2,62.6,0,35.366714,300,212,67.2,62.7,0,55.72437,210,889,66.9,62.5,0,91.451706,880,87,87.1,88.4,141.1,102.6,113.8,1.2,0.1,29.85
20170729,2110,74.5,58.3,29.52091496,30.01661917,252,47.1,44,5.6,76.4,74.2,-0.1,0.6,0,0,0,5,100,100,1,1,1,0,0,200,72,7.5,5.6,7.5,200,69.8,72.9,60.3,100,15,38.8,59.6,100,0,73.2,1.4,60.6,1.8125,63.2,0,0,50.7,13.7,0,0,0,72.1,72.2,62.3,68.1,15,42.1,60.8,55.2,0,72.1,1.01,60.6,1.8125,61.6,0,0,87.8,73,16.5,4.7,1.3,15,15,71.3,65.1,82.4,100,32.1,0,74.5,1.3,65.18965,64.68965,0,12.8,0,0,1,20.9,0,72,205,63.3,0,25.916008,200,72,68,2123.706,68,61.6,39.5,2200,268,71.3,61.3,0,50.36243,260,130,69.4,62,0,50.854958,125,1191,71.8,61.6,0,34.033924,1203.9995,699,73,62.1,0,33.497646,700,618,69.8,62,0,43.797592,600,205,71,62.2,0,36.13435,200,131,69.8,62.2,0,52.49724,125,338,70.2,62.6,0,28.247028,330,249,71,63,0,100,650,625,69.6,63.2,0,100,950,509,0,62.1,0,33.31702,500,510,70.4,62.1,0,33.07327,500,179,72.5,63.2,0,47.971977,175,250,69.3,63.5,0,42.725826,245,223,70.2,63.3,0,41.476856,220,358,72,63.1,0,32.490223,350,168,72.5,63.3,0,33.313004,160,341,70.7,63.2,0,31.254595,335,343,72.6,63.2,0,28.131517,335,199,70.2,63.8,0,36.395977,195,391,72.8,63.4,0,27.955528,380,253,68.7,63.1,0,43.17624,245,178,72.8,63.2,0,44.44172,175,249,71.1,63.2,0,46.251995,245,428,70.4,63,0,40.214577,420,164,71.9,63.5,0,26.032602,160,342,70.8,63.3,0,38.536945,335,308,71.6,63.5,0,32.00783,300,408,71.3,63,0,28.042328,400,198,70,63.5,0,37.349693,195,411,70,62.9,0,32.806908,380,355,69.4,63.4,0,29.864866,335,178,72.9,62.8,0,60.305435,175,250,71.3,63.2,0,45.10876,245,355,71.3,62.8,0,37.7152,350,162,72.4,63.2,0,33.55753,160,343,72.6,63.1,0,39.89011,335,232,71.7,63.9,0,40.287327,230,293,72.7,63,0,36.408184,285,201,69.5,63.5,0,43.215286,195,408,72.2,63.2,0,41.405178,380,350,70.8,62.8,0,40.04802,335,179,72.5,63,0,56.39956,175,249,72.3,63,0,45.130787,245,428,71.4,63,0,46.483032,420,162,73.2,63,0,31.28902,160,342,70.9,62.9,0,33.786766,335,107,70.6,63.5,0,32.945354,100,342,71.6,63.4,0,39.223183,335,203,70.4,284.9,0,33.239437,195,386,71.6,63,0,37.118225,380,340,70.4,63.1,0,42.005886,335,207,73.4,63,0,37.815033,200,250,73.1,63.2,0,47.790997,245,352,71.8,62.9,0,39.12673,350,163,71.8,63.3,0,42.85417,160,365,68.5,62.8,0,50.930088,335,233,72.5,63.5,0,43.587852,230,166,71.1,63.2,0,34.128147,150,199,70,63.9,0,43.519897,195,392,71.6,63.1,0,41.110138,380,586,68.7,62.8,0,67.3095,575,337,72.2,63.6,0,45.45638,335,254,72.2,63.6,0,42.69244,250,178,72.1,63.6,0,59.319466,175,195,72.3,63.4,0,31.051434,190,189,69.6,63.3,0,44.705765,185,307,68.8,63,0,40.639366,300,305,71.2,62.8,0,35.366714,300,213,67.3,62.8,0,55.72437,210,887,66.9,62.7,0,91.44014,880,87,87.1,88.6,142.1,102.6,113.9,3.1,-0.2,29.85
20170729,2115,74.3,58.8,29.4938053,30.01661917,250,47.1,43.9,5.6,74.6,72.3,-0.1,0.6,0,0,0,5,100,100,1,1,1,0,0,200,72,7.5,5.6,7.5,200,69.8,73,60.3,100,15,38.3,59.6,100,0,73.2,1.4,60.6,1.8125,63,0,0,50.6,13.7,0,0,0,72.1,72.1,62.5,68.1,15,42,60.8,52.9,0,72.1,0.99,60.6,1.8125,61.5,0,0,87.6,73.1,13.8,4.9,1,15,15,71.7,65.1,82.4,100,31.5,0,74.5,1.3,65.18965,64.68965,0,12.8,0,0,0,20,0,72,204,63.3,0,25.916008,200,72,68,2123.706,68,61.6,40.6,2200,268,71.3,61.3,0,50.36243,260,130,69.4,62,0,50.854958,125,1186,71.8,61.6,0,33.579155,1203.9995,695,73,62.1,0,34.30428,700,619,69.8,62,0,43.797592,600,206,71,62.2,0,36.13435,200,132,69.8,62.2,0,52.49724,125,338,70.2,62.7,0,28.247028,330,250,71,63,0,100,650,627,69.7,63.2,0,100,950,509,0,62.1,0,33.31702,500,510,70.4,62.1,0,33.07327,500,178,72.5,63.3,0,47.971977,175,249,69.3,63.6,0,42.725826,245,222,70.2,63.4,0,41.476856,220,355,71.9,63.2,0,32.490223,350,168,72.5,63.4,0,33.313004,160,339,70.7,63.4,0,31.254595,335,339,72.6,63.3,0,28.131517,335,198,70.2,63.9,0,36.395977,195,390,72.7,63.5,0,27.955528,380,253,68.7,63.2,0,43.17624,245,177,72.8,63.3,0,44.44172,175,248,71.1,63.3,0,46.251995,245,427,70.4,63.1,0,40.214577,420,164,71.8,63.6,0,26.032602,160,339,70.8,63.4,0,38.536945,335,307,71.6,63.6,0,32.00783,300,407,71.3,63.1,0,28.042328,400,198,70,63.6,0,37.349693,195,405,70,63,0,32.806908,380,351,69.4,63.5,0,29.864866,335,177,72.8,63,0,60.305435,175,248,71.3,63.3,0,45.10876,245,354,71.2,63,0,37.7152,350,161,72.4,63.3,0,33.55753,160,341,72.6,63.2,0,39.89011,335,233,71.7,64,0,40.287327,230,292,72.7,63.1,0,36.408184,285,200,69.5,63.6,0,43.215286,195,408,72.2,63.3,0,41.405178,380,350,70.8,62.9,0,40.32413,335,177,72.5,63.1,0,56.39956,175,248,72.3,63.1,0,45.130787,245,425,71.3,63.2,0,46.483032,420,162,73.2,63.1,0,30.84833,160,344,70.8,63,0,33.786766,335,107,70.6,63.6,0,32.945354,100,341,71.6,63.6,0,39.223183,335,202,70.4,285.1,0,33.239437,195,391,71.6,63.1,0,37.118225,380,340,70.4,63.2,0,42.005886,335,205,73.4,63.2,0,37.815033,200,249,73.1,63.3,0,47.790997,245,352,71.7,63,0,39.12673,350,162,71.8,63.4,0,42.85417,160,363,68.5,63,0,50.930088,335,233,72.5,63.5,0,43.587852,230,158,71.1,63.3,0,34.128147,150,199,69.9,64,0,43.519897,195,389,71.6,63.2,0,41.110138,380,582,68.7,62.9,0,67.3095,575,337,72.1,63.6,0,45.45638,335,253,72.3,63.7,0,42.69244,250,177,72.1,63.7,0,59.319466,175,196,72.3,63.6,0,31.051434,190,188,69.6,63.4,0,44.705765,185,308,68.8,63.1,0,40.639366,300,304,71.2,62.8,0,35.366714,300,212,67.2,63,0,55.72437,210,886,66.9,62.8,0,91.44014,880,87,87.1,88.5,141.1,102.6,113.8,0.7,1.7,29.85
20170729,2120,74.1,58.2,29.24546196,30.01661917,252,47.3,44.3,5.6,77,73.3,-0.2,0.6,0,0,0,5,100,100,1,1,1,0,0,200,72,7.5,5.6,7.5,200,69.7,72.9,60.3,100,15,37.9,59.6,100,0,73.1,1.4,60.6,1.8125,63,0,0,51.2,13.6,0,0,0,72.1,72,62.6,68.1,15,41.8,60.8,56.4,0,72.1,1,60.6,1.8125,61.4,0,0,87.5,73.6,15.4,4.9,1.5,15,15,72.1,65.1,82.4,100,31.3,0,74.5,1.3,65.18965,64.68965,0,12.7,0,0,1,21.8,0,72,206,63.3,0,25.916008,200,72,68,2123.706,68,61.6,38.7,2200,269,71.3,61.3,0,50.36243,260,131,69.4,62,0,50.854958,125,1164,71.7,61.6,0,32.300884,1152.9995,697,73,62.1,0,34.147434,700,619,69.8,62,0,43.797592,600,206,71,62.2,0,36.13435,200,132,69.7,62.2,0,52.49724,125,340,70.2,62.6,0,28.247028,330,250,71,63,0,100,650,627,69.7,63.2,0,100,950,509,0,62.1,0,33.31702,500,510,70.4,62.1,0,33.07327,500,178,72.5,63.3,0,47.971977,175,248,69.3,63.6,0,42.725826,245,222,70.2,63.4,0,41.476856,220,355,71.9,63.3,0,32.490223,350,168,72.5,63.4,0,33.313004,160,339,70.7,63.4,0,31.254595,335,339,72.5,63.3,0,28.131517,335,198,70.2,63.9,0,36.395977,195,390,72.7,63.6,0,27.955528,380,252,68.8,63.3,0,43.17624,245,176,72.8,63.3,0,44.44172,175,247,71.1,63.3,0,46.251995,245,425,70.4,63.1,0,40.214577,420,163,71.8,63.6,0,26.032602,160,339,70.8,63.4,0,38.536945,335,308,71.6,63.6,0,32.00783,300,405,71.3,63.1,0,28.042328,400,197,70,63.7,0,37.349693,195,388,70,63.1,0,32.806908,380,351,69.4,63.5,0,29.864866,335,177,72.9,63,0,60.305435,175,248,71.3,63.3,0,45.10876,245,353,71.2,63,0,37.7152,350,162,72.4,63.4,0,33.55753,160,340,72.5,63.2,0,39.89011,335,232,71.7,64,0,40.287327,230,290,72.7,63.2,0,36.408184,285,200,69.5,63.7,0,43.215286,195,410,72.2,63.3,0,41.405178,380,348,70.8,63,0,40.32413,335,177,72.4,63.1,0,56.39956,175,247,72.3,63.1,0,45.130787,245,427,71.3,63.2,0,46.483032,420,162,73.2,63.2,0,30.84833,160,341,70.8,63.1,0,33.786766,335,107,70.6,63.7,0,32.945354,100,342,71.6,63.6,0,39.223183,335,202,70.4,284.8,0,33.239437,195,389,71.5,63.2,0,37.118225,380,340,70.4,63.2,0,42.005886,335,205,73.4,63.2,0,37.815033,200,249,73.1,63.3,0,47.790997,245,353,71.7,63,0,39.12673,350,163,71.7,63.4,0,42.85417,160,359,68.5,63,0,50.930088,335,232,72.4,63.6,0,43.587852,230,166,71.1,63.3,0,34.128147,150,200,69.9,64,0,43.519897,195,398,71.6,63.3,0,41.110138,380,586,68.7,62.9,0,67.3095,575,337,72.1,63.7,0,45.45638,335,253,72.2,63.7,0,42.69244,250,177,72.1,63.7,0,59.319466,175,195,72.3,63.6,0,31.051434,190,188,69.6,63.4,0,44.705765,185,306,68.8,63.2,0,40.639366,300,304,71.2,62.9,0,35.366714,300,211,67.2,63,0,55.72437,210,886,66.9,62.8,0,91.44014,880,87,87.1,88.5,140.1,102.6,113.8,1.1,0,29.85
20170729,2125,74,59.6,29.46146272,30.01661917,253,47.1,43.9,5.6,74.1,71.9,-0.1,0.55,0,0,0,5,100,100,1,1,1,0,0,200,72,7.5,5.6,7.5,200,69.7,72.7,60.3,100,15,37.4,59.6,100,0,73,1.4,60.6,1.8125,63,0,0,51.2,13.7,0,0,0,72.1,72.1,62.4,68.1,15,41.7,60.8,58,0,72,1.01,60.6,1.8125,61.4,0,0,87.3,73.1,17.2,4.7,1,15,15,72.1,65.1,82.4,100,31.9,0,74.5,1.3,65.18965,64.68965,0,12.8,0,0,0,20,0,72,206,63.3,0,25.916008,200,72,68,2611.5657,68,61.6,35.9,2200,268,71.3,61.3,0,50.36243,260,130,69.4,62,0,50.854958,125,1139,71.8,61.6,0,33.210423,1152.9995,700,73,62.1,0,33.531258,700,618,69.7,62,0,43.797592,600,205,71,62.2,0,36.13435,200,131,69.7,62.2,0,52.49724,125,338,70.2,62.6,0,28.247028,330,250,71,63,0,100,650,624,69.6,63.2,0,100,950,508,0,62.1,0,33.31702,500,510,70.4,62.1,0,33.07327,500,179,72.5,63.3,0,47.971977,175,251,69.3,63.6,0,42.725826,245,223,70.2,63.4,0,41.476856,220,358,71.9,63.3,0,32.490223,350,168,72.5,63.4,0,33.313004,160,342,70.7,63.4,0,31.254595,335,341,72.5,63.3,0,28.131517,335,198,70.2,63.9,0,36.395977,195,394,72.7,63.6,0,27.955528,380,253,68.7,63.3,0,43.17624,245,177,72.8,63.3,0,44.44172,175,249,71,63.4,0,46.251995,245,428,70.4,63.1,0,40.214577,420,164,71.8,63.6,0,26.032602,160,343,70.8,63.4,0,38.536945,335,308,71.6,63.7,0,32.00783,300,409,71.3,63.1,0,28.042328,400,199,70,63.7,0,37.349693,195,402,70,63.1,0,32.806908,380,352,69.4,63.5,0,29.864866,335,178,72.8,63,0,60.305435,175,251,71.2,63.3,0,45.10876,245,355,71.2,63,0,37.7152,350,161,72.4,63.4,0,33.55753,160,341,72.5,63.2,0,39.89011,335,233,71.7,64.1,0,40.287327,230,292,72.7,63.2,0,36.408184,285,202,69.5,63.7,0,43.215286,195,409,72.2,63.3,0,41.405178,380,349,70.7,62.9,0,40.32413,335,179,72.4,63.2,0,56.39956,175,251,72.3,63.1,0,45.130787,245,428,71.3,63.2,0,46.483032,420,161,73.2,63.2,0,30.84833,160,344,70.8,63.1,0,33.786766,335,108,70.6,63.7,0,32.945354,100,342,71.6,63.6,0,39.223183,335,204,70.4,285.1,0,33.239437,195,391,71.5,63.2,0,37.118225,380,341,70.4,63.2,0,42.005886,335,203,73.4,63.2,0,37.815033,200,249,73,63.3,0,47.790997,245,354,71.7,63,0,39.12673,350,163,71.8,63.4,0,42.85417,160,369,68.5,63,0,50.930088,335,234,72.4,63.6,0,43.587852,230,159,71.1,63.4,0,34.128147,150,201,69.9,64,0,43.519897,195,391,71.5,63.3,0,41.110138,380,587,68.7,62.9,0,67.3095,575,337,72.1,63.7,0,45.45638,335,255,72.2,63.8,0,42.69244,250,178,72,63.7,0,59.319466,175,196,72.3,63.6,0,31.051434,190,189,69.6,63.4,0,44.705765,185,308,68.8,63.2,0,40.639366,300,305,71.2,62.9,0,35.366714,300,213,67.2,63,0,55.72437,210,887,66.8,62.8,0,91.42857,880,87,87.1,88.3,142.1,102.5,113.8,1.2,0,29.85
20170729,2130,73.9,58.6,29.19817207,30.01661917,254,47.4,44.3,5.6,76.6,72.8,-0.2,0.55,0,0,0,5,100,100,1,1,1,0,0,200,72,7.5,5.6,7.5,200,69.7,72.7,60.4,100,15,37,59.6,100,0,73,1.4,60.6,1.8125,62.9,0,0,50.7,13.3,0,0,0,72,72,62.6,68.1,15,41.5,60.8,54.2,0,72,1.01,60.6,1.8125,61.3,0,0,87.2,73.2,14.7,4.8,0.8,15,15,72.6,65.1,82.4,100,31.8,0,72.5,1.3,65.18965,64.68965,0,12.8,0,0,1,21,0,72,205,63.3,0,25.916008,200,72,68,2123.706,68,61.6,39,2200,270,71.2,61.4,0,50.36243,260,131,69.3,62,0,50.854958,125,1139,71.8,61.6,0,32.669617,1152.9995,695,73,62.1,0,34.427513,700,619,69.7,62,0,43.797592,600,206,71,62.2,0,36.13435,200,132,69.7,62.2,0,52.49724,125,340,70.2,62.7,0,28.247028,330,250,71,63,0,100,650,628,69.6,63.3,0,100,950,509,0,62.1,0,33.31702,500,510,70.4,62.1,0,33.07327,500,178,72.4,63.3,0,47.971977,175,249,69.3,63.7,0,42.725826,245,223,70.1,63.4,0,41.476856,220,357,71.8,63.3,0,32.490223,350,168,72.5,63.4,0,33.313004,160,340,70.6,63.5,0,31.254595,335,340,72.5,63.4,0,28.131517,335,199,70.3,63.9,0,36.395977,195,396,72.6,63.6,0,27.955528,380,254,68.7,63.3,0,43.17624,245,177,72.8,63.4,0,44.44172,175,248,71,63.4,0,46.251995,245,428,70.4,63.1,0,40.214577,420,163,71.8,63.7,0,26.032602,160,341,70.8,63.5,0,38.536945,335,307,71.6,63.7,0,32.00783,300,406,71.3,63.2,0,28.042328,400,197,70,63.7,0,37.349693,195,406,70,63.1,0,32.806908,380,358,69.4,63.5,0,29.864866,335,177,72.8,63,0,60.305435,175,247,71.2,63.4,0,45.10876,245,354,71.1,63,0,37.7152,350,161,72.4,63.4,0,33.55753,160,342,72.5,63.3,0,39.89011,335,232,71.7,64.1,0,40.287327,230,292,72.7,63.2,0,36.408184,285,201,69.5,63.7,0,43.215286,195,411,72.1,63.4,0,41.405178,380,350,70.7,63,0,40.32413,335,178,72.4,63.2,0,56.39956,175,250,72.2,63.2,0,45.130787,245,426,71.2,63.2,0,46.483032,420,161,73.1,63.2,0,30.84833,160,342,70.8,63.1,0,33.786766,335,108,70.6,63.7,0,32.945354,100,341,71.6,63.6,0,39.223183,335,202,70.4,285,0,33.239437,195,388,71.5,63.2,0,37.118225,380,341,70.4,63.3,0,42.005886,335,204,73.4,63.2,0,37.815033,200,248,73,63.3,0,47.790997,245,353,71.6,63.1,0,39.12673,350,163,71.7,63.4,0,42.85417,160,361,68.4,63,0,50.930088,335,232,72.4,63.6,0,43.587852,230,162,71.1,63.4,0,34.128147,150,201,69.9,64.1,0,43.519897,195,393,71.5,63.3,0,41.110138,380,585,68.7,62.9,0,67.3095,575,337,72.1,63.8,0,45.45638,335,255,72.2,63.8,0,42.69244,250,177,72,63.8,0,59.319466,175,196,72.2,63.7,0,31.051434,190,188,69.6,63.5,0,44.705765,185,309,68.8,63.2,0,40.639366,300,304,71.1,62.9,0,35.366714,300,212,67.2,63,0,55.72437,210,889,66.9,62.8,0,91.40544,880,87,87.1,88.4,142.1,102.5,113.6,1.2,-0.4,29.85
20170729,2135,73.8,59.3,29.27342302,30.01661917,250,47.2,44,5.6,75,72.4,-0.2,0.55,0,0,0,5,100,100,1,1,1,0,0,200,72,7.5,5.6,7.5,200,69.7,72.8,60.3,100,15,36.6,59.6,100,0,73.1,1.4,60.6,1.8125,62.9,0,0,50.5,13.6,0,0,0,72,72,62.5,67.7,15,41.4,60.8,55.5,0,72,0.98,60.6,1.8125,61.3,0,0,87.1,72.5,15.6,4.7,1.4,15,15,71.9,65.1,82.4,100,31.5,0,72.5,1.3,65.18965,64.68965,0,12.8,0,0,0,20,1,72,207,63.3,0,25.916008,200,72,68,2611.5657,68,61.6,35.2,2200,269,71.2,61.3,0,50.36243,260,131,69.3,62,0,50.854958,125,1167,71.8,61.7,0,33.02606,1152.9995,696,72.9,62.1,0,34.158638,700,621,69.7,62,0,43.797592,600,206,71,62.2,0,36.13435,200,132,69.7,62.2,0,52.49724,125,340,70.2,62.6,0,28.247028,330,250,71,63,0,100,650,627,69.6,63.3,0,100,950,509,0,62.1,0,33.31702,500,510,70.4,62.1,0,33.07327,500,179,72.4,63.3,0,47.971977,175,249,69.3,63.7,0,42.725826,245,224,70.1,63.4,0,41.476856,220,357,71.8,63.3,0,32.490223,350,168,72.5,63.5,0,33.313004,160,342,70.6,63.4,0,31.254595,335,341,72.5,63.4,0,28.131517,335,199,70.2,64,0,36.395977,195,394,72.6,63.6,0,27.955528,380,253,68.7,63.3,0,43.17624,245,177,72.8,63.4,0,44.44172,175,249,71,63.4,0,46.251995,245,429,70.4,63.2,0,40.214577,420,163,71.8,63.7,0,26.032602,160,341,70.8,63.5,0,38.536945,335,308,71.6,63.7,0,32.00783,300,407,71.3,63.2,0,28.042328,400,198,70,63.7,0,37.349693,195,403,70,63.1,0,32.806908,380,351,69.4,63.6,0,29.864866,335,178,72.8,63,0,60.305435,175,252,71.2,63.4,0,45.10876,245,356,71.1,63,0,37.7152,350,162,72.3,63.4,0,33.55753,160,343,72.5,63.3,0,39.89011,335,233,71.6,64.1,0,40.287327,230,293,72.6,63.2,0,36.408184,285,201,69.5,63.7,0,43.215286,195,413,72.1,63.4,0,41.405178,380,350,70.7,63,0,40.32413,335,179,72.4,63.2,0,56.39956,175,250,72.2,63.2,0,45.130787,245,429,71.2,63.2,0,46.483032,420,161,73.1,63.2,0,30.84833,160,342,70.8,63.1,0,33.786766,335,107,70.6,63.7,0,32.945354,100,344,71.6,63.6,0,39.223183,335,203,70.4,285.2,0,33.239437,195,389,71.5,63.2,0,37.118225,380,340,70.4,63.3,0,42.005886,335,206,73.5,63.2,0,37.815033,200,251,73,63.3,0,47.790997,245,354,71.6,63.1,0,39.12673,350,163,71.7,63.4,0,42.85417,160,366,68.4,63,0,50.930088,335,233,72.4,63.6,0,43.587852,230,164,71.1,63.4,0,34.128147,150,201,69.9,64.1,0,43.519897,195,390,71.5,63.3,0,41.110138,380,587,68.7,62.9,0,67.3095,575,337,72.1,63.8,0,45.45638,335,255,72.1,63.8,0,42.69244,250,178,72,63.8,0,59.319466,175,196,72.3,63.7,0,31.051434,190,189,69.6,63.5,0,44.705765,185,306,68.8,63.2,0,40.639366,300,306,71.1,62.9,0,35.366714,300,213,67.2,63,0,55.72437,210,891,66.8,62.9,0,91.39387,880,87,87.1,88.2,142.1,102.5,113.5,1.8,-1.2,29.85
20170729,2140,73.7,59.8,29.30834809,30.01661917,253,47.2,44,5.6,74.1,70.2,-0.2,0.55,0,0,0,5,100,100,1,1,1,0,0,200,72,7.5,5.6,7.5,200,69.7,72.9,61.1,100,15,37,59.6,100,0,73.1,1.4,60.6,1.8125,62.9,0,0,51.1,13.7,0,0,0,72,72,62.5,68,15,41.2,60.8,55.1,0,71.9,1.01,60.6,1.8125,61.3,0,0,86.9,73.2,14.8,4.5,1.1,15,15,69.3,65.1,82.4,100,30.6,0,72.5,1.3,65.18965,64.68965,0,12.8,0,0,0,20,0,72,204,63.4,0,25.916008,200,72,68,2611.5657,68,62.2,36.3,2200,269,71.2,61.6,0,50.36243,260,130,69.3,62.2,0,50.854958,125,1157,71.8,61.9,0,33.468536,1152.9995,697,72.9,62.4,0,34.057808,700,617,69.7,62.1,0,43.797592,600,206,71,62.4,0,36.13435,200,131,69.7,62.4,0,52.49724,125,339,70.2,62.8,0,28.247028,330,250,71,63.1,0,100,650,623,69.6,63.4,0,100,950,509,0,62.3,0,33.31702,500,510,70.4,62.3,0,33.07327,500,179,72.4,63.3,0,47.971977,175,251,69.3,63.6,0,42.725826,245,224,70.1,63.5,0,41.476856,220,358,71.8,63.3,0,32.490223,350,168,72.5,63.5,0,33.313004,160,342,70.6,63.5,0,31.254595,335,341,72.5,63.3,0,28.131517,335,199,70.2,63.9,0,36.395977,195,397,72.6,63.6,0,27.955528,380,253,68.7,63.3,0,43.17624,245,177,72.8,63.3,0,44.44172,175,249,71,63.4,0,46.251995,245,429,70.3,63.1,0,40.214577,420,164,71.7,63.7,0,26.032602,160,344,70.8,63.4,0,38.536945,335,308,71.5,63.7,0,32.00783,300,408,71.3,63.1,0,28.042328,400,199,70,63.8,0,37.349693,195,402,70,63.1,0,32.806908,380,347,69.4,63.5,0,29.864866,335,179,72.8,63,0,60.305435,175,251,71.2,63.4,0,45.10876,245,357,71.1,63,0,37.7152,350,162,72.3,63.4,0,33.55753,160,344,72.4,63.3,0,39.89011,335,233,71.6,64.1,0,40.287327,230,292,72.6,63.2,0,36.408184,285,202,69.5,63.7,0,43.215286,195,406,72.1,63.4,0,41.405178,380,349,70.7,63,0,40.04802,335,179,72.5,63.2,0,56.39956,175,250,72.2,63.1,0,45.130787,245,430,71.2,63.2,0,46.483032,420,162,73.1,63.2,0,30.84833,160,345,70.8,63.1,0,33.786766,335,108,70.6,63.7,0,32.945354,100,343,71.6,63.6,0,39.223183,335,203,70.4,284.9,0,33.239437,195,389,71.5,63.2,0,37.118225,380,340,70.4,63.2,0,42.005886,335,205,73.5,63.2,0,37.815033,200,250,73,63.3,0,47.790997,245,353,71.6,63.1,0,39.12673,350,163,71.7,63.5,0,42.85417,160,368,68.4,63,0,50.930088,335,233,72.4,63.6,0,43.587852,230,168,71.1,63.4,0,34.128147,150,200,69.9,64.1,0,43.519897,195,391,71.5,63.3,0,41.110138,380,587,68.7,62.9,0,67.3095,575,337,72.1,63.7,0,45.45638,335,254,72.1,63.8,0,42.69244,250,178,72,63.8,0,59.319466,175,196,72.3,63.7,0,31.051434,190,189,69.6,63.4,0,44.705765,185,307,68.8,63.2,0,40.639366,300,306,71.1,62.9,0,35.366714,300,213,67.2,63,0,55.72437,210,890,66.8,62.8,0,91.39387,880,86.9,87,88.4,141.1,102.4,113.2,2.5,-0.1,29.85
20170729,2145,73.5,59.5,29.12139231,30.01661917,251,47.3,44.3,5.6,75.3,72.9,-0.2,0.6,0,0,0,5,100,100,1,1,1,0,0,200,72,7.5,5.6,7.5,200,69.7,72.8,61.3,100,15,38,59.6,100,0,73.1,1.4,60.6,1.8125,62.9,0,0,51.1,13.5,0,0,0,72,72,62.4,68.1,15,41,60.8,53.7,0,71.9,0.99,60.6,1.8125,61.1,0,0,86.9,73.3,14.4,4.4,1.4,15,15,71.6,65.1,82.4,100,31.5,0,72.5,1.3,65.18965,64.68965,0,12.8,0,0,0,20,1,72,205,63.7,0,25.916008,200,72,68,2123.706,68,62.5,40.3,2200,268,71.2,62,0,50.36243,260,131,69.3,62.6,0,50.854958,125,1144,71.8,62.3,0,32.079647,1152.9995,697,72.9,62.8,0,33.934574,700,621,69.7,62.5,0,43.797592,600,206,71,62.8,0,36.13435,200,132,69.7,62.8,0,52.49724,125,340,70.2,63.2,0,28.247028,330,251,71,63.4,0,100,650,627,69.6,63.7,0,100,950,509,0,62.7,0,33.31702,500,510,70.4,62.7,0,33.07327,500,178,72.5,63.3,0,47.971977,175,250,69.2,63.6,0,42.725826,245,222,70.1,63.4,0,41.476856,220,356,71.7,63.3,0,32.490223,350,168,72.4,63.4,0,33.313004,160,341,70.6,63.4,0,31.254595,335,339,72.5,63.4,0,28.131517,335,199,70.2,63.9,0,36.395977,195,389,72.6,63.6,0,27.955528,380,253,68.7,63.3,0,43.17624,245,177,72.8,63.3,0,44.44172,175,249,71,63.4,0,46.251995,245,426,70.3,63.1,0,40.214577,420,164,71.7,63.6,0,26.032602,160,343,70.8,63.4,0,38.536945,335,308,71.5,63.7,0,32.00783,300,407,71.3,63.1,0,28.042328,400,198,70,63.7,0,37.349693,195,402,70,63.1,0,32.806908,380,358,69.4,63.5,0,29.864866,335,177,72.8,63,0,60.305435,175,249,71.2,63.3,0,45.10876,245,354,71.1,63,0,37.7152,350,161,72.3,63.4,0,33.55753,160,343,72.4,63.2,0,39.89011,335,232,71.6,64.1,0,40.287327,230,292,72.6,63.2,0,36.408184,285,200,69.5,63.7,0,43.215286,195,406,72.1,63.3,0,41.405178,380,348,70.7,62.9,0,40.04802,335,177,72.4,63.1,0,56.39956,175,249,72.2,63.1,0,45.130787,245,427,71.2,63.2,0,46.483032,420,161,73,63.1,0,30.84833,160,342,70.8,63.1,0,33.786766,335,106,70.6,63.7,0,32.945354,100,340,71.6,63.6,0,39.223183,335,203,70.4,285.1,0,33.239437,195,393,71.5,63.2,0,37.118225,380,341,70.4,63.2,0,42.005886,335,204,73.4,63.2,0,37.815033,200,247,73,63.3,0,47.790997,245,352,71.5,63,0,39.12673,350,163,71.7,63.4,0,42.85417,160,365,68.4,63,0,50.930088,335,233,72.3,63.6,0,43.587852,230,164,71.1,63.4,0,34.128147,150,200,69.9,64.1,0,43.519897,195,390,71.5,63.3,0,41.110138,380,585,68.7,62.9,0,67.3095,575,337,72.1,63.8,0,45.45638,335,254,72.1,63.8,0,42.69244,250,178,72,63.7,0,59.319466,175,197,72.2,63.6,0,31.051434,190,189,69.6,63.4,0,44.705765,185,306,68.8,63.2,0,40.639366,300,306,71,62.9,0,35.366714,300,212,67.2,63,0,55.72437,210,887,66.8,62.8,0,91.39387,880,86.9,87,88.2,142.1,102.4,113.3,1.2,-0.1,29.85
20170729,2150,73.4,58.3,28.82318237,30.01661917,248,47,43.8,5.6,73.2,70,-0.2,0.55,0,0,0,5,100,100,1,1,1,0,0,200,72,7.5,5.6,7.5,200,69.7,72.8,61.2,100,15,37.6,60.4,100,0,73.1,1.4,61.4,1.8125,62.9,0,0,50.7,13.5,0,0,0,72,71.9,62.6,68,15,40.7,61.2,53.3,0,71.9,0.99,61.4,1.8125,61.1,0,0,86.5,73.1,14.5,4.5,1.5,15,15,69.4,65.1,82.4,100,30.7,0,72.5,1.3,65.43104,64.93104,0,12.8,0,0,0,20,0,72,204,63.9,0,25.916008,200,72,68,2123.706,68,62.5,39.5,2200,269,71.2,62.2,0,50.36243,260,131,69.4,62.7,0,50.854958,125,1141,71.9,62.4,0,32.927727,1152.9995,695,72.9,62.8,0,34.360294,700,620,69.7,62.7,0,43.797592,600,207,71,62.9,0,36.13435,200,132,69.8,62.9,0,52.49724,125,341,70.2,63.3,0,28.247028,330,251,71,63.6,0,100,650,626,69.7,63.8,0,100,950,509,0,62.8,0,33.31702,500,510,70.4,62.8,0,33.07327,500,178,72.4,63.4,0,47.971977,175,250,69.2,63.7,0,42.725826,245,223,70.1,63.4,0,41.476856,220,356,71.7,63.3,0,32.490223,350,168,72.4,63.5,0,33.313004,160,341,70.6,63.5,0,31.254595,335,340,72.5,63.4,0,28.131517,335,199,70.2,64,0,36.395977,195,398,72.5,63.6,0,27.955528,380,253,68.7,63.3,0,43.17624,245,177,72.8,63.4,0,44.44172,175,248,71,63.4,0,46.251995,245,426,70.3,63.2,0,40.214577,420,164,71.7,63.7,0,26.032602,160,341,70.8,63.5,0,38.536945,335,308,71.5,63.7,0,32.00783,300,406,71.3,63.2,0,28.042328,400,199,70,63.7,0,37.349693,195,398,69.9,63.1,0,32.806908,380,346,69.4,63.5,0,29.864866,335,177,72.8,63,0,60.305435,175,250,71.2,63.4,0,45.10876,245,354,71,63,0,37.7152,350,162,72.3,63.4,0,33.55753,160,341,72.4,63.3,0,39.89011,335,232,71.6,64.1,0,40.287327,230,291,72.6,63.2,0,36.408184,285,201,69.5,63.7,0,43.215286,195,407,72.1,63.4,0,41.405178,380,351,70.8,63,0,40.32413,335,178,72.4,63.2,0,56.39956,175,249,72.2,63.2,0,45.130787,245,428,71.1,63.2,0,46.483032,420,161,73,63.2,0,30.84833,160,341,70.8,63.1,0,33.786766,335,108,70.6,63.7,0,32.945354,100,342,71.6,63.6,0,39.223183,335,203,70.4,285.1,0,33.239437,195,388,71.5,63.2,0,37.118225,380,339,70.4,63.3,0,42.005886,335,207,73.4,63.3,0,37.815033,200,249,73,63.3,0,47.790997,245,354,71.5,63.1,0,39.12673,350,163,71.7,63.4,0,42.85417,160,359,68.4,63,0,50.930088,335,233,72.3,63.6,0,43.587852,230,161,71.1,63.4,0,34.128147,150,200,69.9,64.1,0,43.519897,195,393,71.5,63.3,0,41.110138,380,590,68.7,62.9,0,67.3095,575,337,72,63.8,0,45.45638,335,254,72.1,63.8,0,42.69244,250,177,72,63.8,0,59.319466,175,196,72.2,63.7,0,31.051434,190,188,69.6,63.5,0,44.705765,185,305,68.8,63.2,0,40.639366,300,303,71,62.9,0,35.366714,300,212,67.2,63,0,55.72437,210,888,66.8,62.9,0,91.39387,880,86.9,87,88.3,142.1,102.4,113.3,1.2,1.6,29.85
20170729,2155,73.2,61.1,29.22968702,30.01661917,251,46.9,43.9,5.6,75.9,73.8,-0.1,0.55,0,0,0,5,100,100,1,1,1,0,0,200,72,7.5,5.6,7.5,200,69.7,72.9,61.1,100,15,37.1,60.4,100,0,73.1,1.4,61.4,1.8125,62.9,0,0,50.6,13.5,0,0,0,72,71.8,62.7,68,15,40.4,61.2,53.7,0,71.8,0.99,61.4,1.8125,60.9,0,0,86.2,73.5,14.5,4.7,0.7,15,15,67.6,65.1,82.4,100,30.7,0,72.5,1.3,65.43104,64.93104,0,12.8,0,0,1,21.1,0,72,206,63.9,0,25.916008,200,72,68,2123.706,68,62.4,40.6,2200,270,71.2,62.1,0,50.36243,260,131,69.4,62.7,0,50.854958,125,1144,71.9,62.4,0,32.927727,1152.9995,695,72.9,62.8,0,34.416313,700,617,69.8,62.7,0,43.797592,600,206,71,62.9,0,36.13435,200,132,69.8,62.9,0,52.49724,125,340,70.2,63.3,0,28.247028,330,250,71,63.6,0,100,650,624,69.7,63.8,0,100,950,508,0,62.8,0,33.31702,500,510,70.4,62.8,0,33.07327,500,178,72.4,63.4,0,47.971977,175,248,69.2,63.7,0,42.725826,245,222,70.1,63.5,0,41.476856,220,353,71.7,63.4,0,32.490223,350,168,72.4,63.5,0,33.313004,160,341,70.6,63.5,0,31.254595,335,339,72.4,63.4,0,28.131517,335,198,70.2,64,0,36.395977,195,391,72.5,63.7,0,27.955528,380,252,68.7,63.3,0,43.17624,245,176,72.7,63.4,0,44.44172,175,246,71,63.4,0,46.251995,245,426,70.2,63.2,0,40.214577,420,163,71.7,63.7,0,26.032602,160,340,70.7,63.5,0,38.536945,335,308,71.5,63.7,0,32.00783,300,408,71.3,63.2,0,28.042328,400,197,70,63.8,0,37.349693,195,391,69.9,63.1,0,32.806908,380,343,69.4,63.6,0,29.864866,335,176,72.8,63,0,60.305435,175,247,71.2,63.4,0,45.10876,245,354,71,63.1,0,37.7152,350,162,72.3,63.4,0,33.55753,160,340,72.4,63.3,0,39.89011,335,231,71.6,64.1,0,40.287327,230,289,72.6,63.3,0,36.408184,285,199,69.4,63.8,0,43.215286,195,407,72,63.4,0,41.405178,380,349,70.7,63,0,40.32413,335,177,72.4,63.2,0,56.39956,175,247,72.2,63.2,0,45.130787,245,425,71.1,63.3,0,46.483032,420,161,73,63.2,0,30.84833,160,341,70.7,63.1,0,33.786766,335,108,70.6,63.7,0,32.945354,100,340,71.5,63.7,0,39.223183,335,202,70.4,284.8,0,33.239437,195,390,71.4,63.2,0,37.118225,380,338,70.4,63.3,0,42.005886,335,204,73.4,63.3,0,37.815033,200,249,73,63.4,0,47.790997,245,352,71.5,63.1,0,39.12673,350,163,71.7,63.5,0,42.85417,160,357,68.4,63,0,50.930088,335,232,72.3,63.7,0,43.587852,230,158,71.1,63.4,0,34.128147,150,200,69.9,64.1,0,43.519897,195,389,71.4,63.3,0,41.110138,380,587,68.7,62.9,0,67.3095,575,337,72,63.8,0,45.45638,335,253,72.1,63.8,0,42.69244,250,176,72,63.8,0,59.319466,175,194,72.2,63.7,0,31.051434,190,188,69.5,63.5,0,44.705765,185,304,68.8,63.2,0,40.639366,300,304,71,63,0,35.366714,300,211,67.2,63,0,55.72437,210,886,66.8,62.9,0,91.54425,880,86.9,87,88.1,143.1,102.4,113,1.2,0,29.88
20170729,2200,73,60.8,29.04331743,30.01661917,254,46.8,43.8,5.6,73.6,71.6,-0.2,0.6,0,0,0,5,100,100,1,1,1,0,0,200,72,7.5,5.6,7.5,200,69.7,72.8,61.1,100,15,36.7,60.4,100,0,73.1,1.4,61.4,1.8125,62.7,0,0,51,13.7,0,0,0,72,71.8,62.6,68.2,15,40.1,61.2,56.7,0,71.7,0.99,61.4,1.8125,60.9,0,0,86.1,73.3,15.9,4.9,1.1,15,15,67,65.1,82.4,100,30.1,0,72.5,1.3,65.43104,64.93104,0,12.8,0,0,0,20,0,72,206,63.9,0,25.916008,200,72,68,2123.706,68,62.4,39.7,2200,268,71.2,62.1,0,50.36243,260,131,69.4,62.7,0,50.854958,125,1148,71.8,62.4,0,32.927727,1152.9995,696,72.9,62.8,0,34.23706,700,621,69.8,62.7,0,43.797592,600,207,71,62.9,0,36.13435,200,132,69.7,62.9,0,52.49724,125,341,70.2,63.3,0,28.247028,330,251,71,63.6,0,100,650,628,69.7,63.8,0,100,950,510,0,62.8,0,33.31702,500,510,70.4,62.8,0,33.07327,500,178,72.4,63.4,0,47.971977,175,250,69.2,63.7,0,42.725826,245,224,70.1,63.5,0,41.476856,220,357,71.7,63.4,0,32.490223,350,168,72.4,63.5,0,33.313004,160,342,70.6,63.5,0,31.254595,335,340,72.4,63.4,0,28.131517,335,199,70.2,64,0,36.395977,195,391,72.5,63.7,0,27.955528,380,254,68.7,63.4,0,43.17624,245,177,72.7,63.4,0,44.44172,175,248,70.9,63.4,0,46.251995,245,429,70.2,63.2,0,40.214577,420,164,71.7,63.7,0,26.032602,160,343,70.7,63.5,0,38.536945,335,308,71.5,63.7,0,32.00783,300,407,71.3,63.2,0,28.042328,400,199,70,63.8,0,37.349693,195,411,69.9,63.1,0,32.806908,380,350,69.4,63.6,0,29.864866,335,179,72.8,63.1,0,60.305435,175,251,71.1,63.4,0,45.10876,245,358,71,63.1,0,37.7152,350,162,72.3,63.4,0,33.55753,160,345,72.4,63.3,0,39.89011,335,234,71.6,64.1,0,40.287327,230,292,72.6,63.3,0,36.408184,285,202,69.4,63.8,0,43.215286,195,411,72,63.4,0,41.405178,380,346,70.7,63,0,40.32413,335,178,72.4,63.2,0,56.39956,175,251,72.2,63.2,0,45.130787,245,426,71.1,63.3,0,46.483032,420,162,73,63.2,0,30.84833,160,344,70.7,63.2,0,33.786766,335,107,70.5,63.7,0,32.945354,100,343,71.5,63.7,0,39.223183,335,203,70.4,284.9,0,33.239437,195,392,71.4,63.3,0,37.118225,380,340,70.4,63.3,0,42.005886,335,203,73.4,63.3,0,37.815033,200,250,72.9,63.4,0,47.790997,245,355,71.4,63.1,0,39.12673,350,163,71.7,63.5,0,42.85417,160,366,68.4,63.1,0,50.930088,335,233,72.3,63.7,0,43.587852,230,161,71.1,63.5,0,34.128147,150,200,69.9,64.1,0,43.519897,195,393,71.4,63.3,0,41.110138,380,587,68.7,63,0,67.3095,575,337,72,63.8,0,45.45638,335,255,72,63.8,0,42.69244,250,179,72,63.8,0,59.319466,175,196,72.2,63.7,0,31.051434,190,189,69.5,63.5,0,44.705765,185,308,68.8,63.2,0,40.639366,300,304,70.9,63,0,35.366714,300,212,67.2,63.1,0,55.72437,210,889,66.8,62.9,0,91.52111,880,86.9,87,88.4,142.1,102.3,113.3,1.5,-1.3,29.88
20170729,2205,72.8,58.7,28.51400223,27.67077917,252,47.3,44.4,5.6,76.4,73.9,-0.1,0.55,0,0,0,5,100,100,1,1,1,0,0,200,72,7.5,5.6,7.5,200,69.7,72.7,61.2,100,15,36.3,60.4,100,0,73,1.4,61.4,1.8125,62.6,0,0,50.8,13.6,0,0,0,72,71.8,62.5,67.7,15,39.7,61.2,56.9,0,71.7,1,61.4,1.8125,60.8,0,0,85.9,72.4,15.5,4.5,1,15,15,68.5,65.1,82.4,100,31.6,0,72.5,1.3,65.43104,64.93104,0,12.8,0,0,1,20.3,0,72,206,63.9,0,25.916008,200,72,68,2123.706,68,62.5,39.8,2200,270,71.2,62.1,0,50.36243,260,131,69.4,62.7,0,50.854958,125,1149,71.8,62.4,0,32.927727,1152.9995,694,72.9,62.9,0,34.427513,700,620,69.8,62.7,0,43.797592,600,206,71,62.9,0,36.13435,200,132,69.7,62.9,0,52.49724,125,340,70.2,63.3,0,28.247028,330,251,71,63.6,0,100,650,628,69.7,63.8,0,100,950,509,0,62.8,0,33.31702,500,510,70.5,62.8,0,33.07327,500,179,72.4,63.4,0,47.971977,175,250,69.2,63.7,0,42.725826,245,224,70,63.5,0,41.476856,220,358,71.6,63.3,0,32.490223,350,168,72.4,63.5,0,33.313004,160,343,70.6,63.5,0,31.254595,335,340,72.4,63.4,0,28.131517,335,199,70.2,64,0,36.395977,195,396,72.4,63.7,0,27.955528,380,255,68.7,63.3,0,43.17624,245,178,72.7,63.4,0,44.44172,175,250,70.9,63.4,0,46.251995,245,428,70.2,63.2,0,40.214577,420,164,71.7,63.7,0,26.032602,160,343,70.7,63.5,0,38.536945,335,308,71.5,63.7,0,32.00783,300,410,71.3,63.2,0,28.042328,400,199,70,63.8,0,37.349693,195,396,69.9,63.1,0,32.806908,380,351,69.4,63.6,0,29.864866,335,179,72.8,63,0,60.305435,175,251,71.1,63.4,0,45.10876,245,357,71,63.1,0,37.7152,350,161,72.2,63.4,0,33.55753,160,342,72.3,63.3,0,39.89011,335,234,71.5,64.1,0,40.287327,230,291,72.6,63.3,0,36.408184,285,202,69.4,63.8,0,43.215286,195,410,72,63.4,0,41.405178,380,352,70.7,63,0,40.408165,335,179,72.4,63.2,0,56.39956,175,250,72.1,63.2,0,45.130787,245,428,71,63.3,0,46.483032,420,162,73,63.2,0,30.84833,160,346,70.7,63.2,0,33.786766,335,107,70.5,63.7,0,32.945354,100,343,71.5,63.7,0,39.223183,335,204,70.4,285,0,33.239437,195,389,71.4,63.2,0,37.118225,380,341,70.4,63.3,0,42.005886,335,205,73.5,63.2,0,37.815033,200,250,72.9,63.3,0,47.790997,245,356,71.4,63.1,0,39.12673,350,163,71.7,63.5,0,42.85417,160,372,68.4,63.1,0,50.930088,335,234,72.3,63.7,0,43.587852,230,170,71.1,63.4,0,34.128147,150,200,69.9,64.1,0,43.519897,195,392,71.4,63.3,0,41.110138,380,589,68.7,62.9,0,67.3095,575,337,72,63.8,0,45.45638,335,255,72.1,63.8,0,42.69244,250,178,72,63.8,0,59.319466,175,198,72.2,63.7,0,31.051434,190,190,69.5,63.5,0,44.705765,185,307,68.8,63.2,0,40.639366,300,306,70.9,63,0,35.366714,300,213,67.1,63.1,0,55.72437,210,893,66.8,62.8,0,91.012146,880,86.9,87,88.1,141.1,102.3,113.5,3.1,-0.2,29.88
20170729,2210,72.6,57.2,28.10506326,27.67077917,251,46.7,43.7,5.6,74.4,72.2,-0.1,0.55,0,0,0,5,100,100,1,1,1,0,0,200,72,7.5,5.6,7.5,200,69.7,72.6,60.9,100,15,35.8,60.4,100,0,72.9,1.4,61.4,1.8125,62.4,0,0,51.1,13.7,0,0,0,72,71.8,62.6,68,15,39.5,61.2,54.1,0,71.7,0.98,61.4,1.8125,60.8,0,0,85.2,72.7,14.6,4.5,1.5,15,15,66.2,65.1,82.4,100,31.4,0,72.5,1.3,65.43104,64.93104,0,12.8,0,0,0,20,0,72,207,63.9,0,25.916008,200,72,68,2123.706,68,62.3,40,2200,269,71.2,62.1,0,50.36243,260,131,69.4,62.7,0,50.854958,125,1143,71.9,62.4,0,32.85398,1152.9995,696,72.9,62.7,0,34.113823,700,620,69.8,62.7,0,43.797592,600,206,71,62.9,0,36.13435,200,132,69.7,62.9,0,52.49724,125,340,70.2,63.3,0,28.247028,330,251,71,63.6,0,100,650,628,69.8,63.8,0,100,950,510,0,62.8,0,33.31702,500,510,70.5,62.8,0,33.07327,500,179,72.4,63.4,0,47.971977,175,251,69.2,63.7,0,42.725826,245,223,70,63.5,0,41.476856,220,358,71.6,63.4,0,32.490223,350,168,72.4,63.5,0,33.313004,160,343,70.6,63.5,0,31.254595,335,342,72.4,63.4,0,28.131517,335,199,70.2,64.1,0,36.395977,195,393,72.4,63.7,0,27.955528,380,253,68.7,63.4,0,43.17624,245,178,72.7,63.5,0,44.44172,175,250,71,63.5,0,46.251995,245,428,70.1,63.3,0,40.214577,420,164,71.7,63.8,0,26.032602,160,343,70.7,63.6,0,38.536945,335,308,71.5,63.8,0,32.00783,300,409,71.3,63.3,0,28.042328,400,200,70,63.8,0,37.349693,195,415,69.9,63.2,0,32.806908,380,356,69.4,63.6,0,29.864866,335,179,72.8,63.1,0,60.305435,175,250,71.1,63.5,0,45.10876,245,356,71,63.1,0,37.7152,350,161,72.2,63.5,0,33.55753,160,341,72.3,63.4,0,39.89011,335,234,71.5,64.1,0,40.287327,230,293,72.6,63.3,0,36.408184,285,201,69.4,63.8,0,43.215286,195,408,72,63.4,0,41.405178,380,349,70.7,63.1,0,39.963985,335,179,72.4,63.3,0,56.39956,175,252,72.1,63.3,0,45.130787,245,429,71,63.3,0,46.483032,420,162,73,63.3,0,30.84833,160,345,70.7,63.2,0,33.786766,335,107,70.5,63.8,0,32.945354,100,342,71.5,63.7,0,39.223183,335,204,70.4,284.8,0,33.239437,195,392,71.4,63.3,0,37.118225,380,341,70.4,63.3,0,42.005886,335,207,73.5,63.3,0,37.815033,200,248,72.9,63.4,0,47.790997,245,351,71.4,63.2,0,39.12673,350,163,71.7,63.5,0,42.85417,160,371,68.4,63.1,0,50.930088,335,234,72.3,63.7,0,43.587852,230,165,71.1,63.5,0,34.128147,150,200,69.9,64.1,0,43.519897,195,391,71.4,63.4,0,41.110138,380,584,68.7,63,0,67.3095,575,337,71.9,63.8,0,45.45638,335,255,72,63.9,0,42.69244,250,178,72,63.8,0,59.319466,175,196,72.2,63.7,0,31.051434,190,189,69.6,63.5,0,44.705765,185,307,68.7,63.3,0,40.639366,300,306,70.9,63,0,35.366714,300,213,67.1,63.1,0,55.72437,210,891,66.8,63,0,91.417,880,86.9,87,88.3,143.1,102.3,113.3,2.8,-0.2,29.88
20170729,2215,72.4,56.7,27.88905575,27.67077917,249,47.1,44.2,5.6,76.7,74.2,-0.2,0.55,0,0,0,5,100,100,1,1,1,0,0,200,72,7.5,5.6,7.5,200,69.7,72.6,61.1,100,15,35.3,60.4,100,0,72.9,1.4,61.4,1.8125,62.3,0,0,50.7,13.4,0,0,0,72,71.7,62.8,67.9,15,39.2,61.2,56.9,0,71.7,1.01,61.4,1.8125,60.6,0,0,85.2,72.9,15.7,4.5,1.4,15,15,65.7,65.1,82.4,100,30,0,72.5,1.3,65.43104,64.93104,0,12.8,0,0,1,20.8,0,72,206,63.9,0,25.916008,200,72,68,2123.706,68,62.4,40.1,2200,269,71.2,62.1,0,50.36243,260,131,69.4,62.7,0,50.854958,125,1155,71.9,62.4,0,33.382496,1152.9995,694,72.9,62.8,0,34.528343,700,619,69.7,62.6,0,43.797592,600,207,71,62.8,0,36.13435,200,129,69.7,62.9,0,52.055466,125,339,70.2,63.2,0,28.247028,330,250,71,63.6,0,100,650,627,69.7,63.9,0,100,950,510,0,62.8,0,33.31702,500,510,70.5,62.8,0,33.07327,500,179,72.4,63.4,0,47.971977,175,252,69.2,63.8,0,42.725826,245,223,70,63.5,0,41.476856,220,357,71.6,63.4,0,32.490223,350,168,72.4,63.6,0,33.313004,160,342,70.6,63.6,0,31.254595,335,342,72.4,63.5,0,28.131517,335,199,70.2,64.1,0,36.395977,195,395,72.4,63.7,0,27.955528,380,255,68.6,63.4,0,43.17624,245,178,72.7,63.5,0,44.44172,175,250,70.9,63.5,0,46.251995,245,426,70.1,63.3,0,40.214577,420,164,71.7,63.8,0,26.032602,160,342,70.7,63.6,0,38.536945,335,308,71.4,63.8,0,32.00783,300,408,71.2,63.3,0,28.042328,400,199,70,63.8,0,37.349693,195,392,69.9,63.2,0,32.806908,380,352,69.4,63.6,0,29.864866,335,179,72.8,63.1,0,60.305435,175,249,71.1,63.5,0,45.10876,245,356,70.9,63.1,0,37.7152,350,162,72.2,63.5,0,33.55753,160,344,72.3,63.4,0,39.89011,335,233,71.5,64.2,0,40.287327,230,293,72.6,63.3,0,36.408184,285,201,69.4,63.8,0,43.215286,195,410,72,63.5,0,41.405178,380,350,70.7,63.1,0,39.963985,335,178,72.4,63.3,0,56.39956,175,251,72.1,63.3,0,45.130787,245,429,71,63.3,0,46.483032,420,162,73,63.3,0,30.84833,160,346,70.6,63.2,0,33.786766,335,108,70.5,63.8,0,32.945354,100,343,71.5,63.7,0,39.223183,335,203,70.4,285,0,33.239437,195,390,71.4,63.3,0,37.118225,380,341,70.4,63.4,0,42.005886,335,206,73.4,63.3,0,37.815033,200,250,72.9,63.4,0,47.790997,245,355,71.4,63.2,0,39.12673,350,163,71.7,63.5,0,42.85417,160,371,68.3,63.1,0,50.930088,335,234,72.3,63.7,0,43.587852,230,164,71.1,63.5,0,34.128147,150,201,69.8,64.1,0,43.519897,195,389,71.4,63.4,0,41.110138,380,586,68.7,63,0,67.3095,575,337,71.9,63.8,0,45.45638,335,255,72,63.9,0,42.69244,250,178,72,63.9,0,59.319466,175,195,72.1,63.7,0,31.051434,190,189,69.5,63.5,0,44.705765,185,308,68.8,63.3,0,40.639366,300,306,70.9,63,0,35.366714,300,213,67.1,63.1,0,55.72437,210,889,66.8,63,0,91.40544,880,86.9,87,88.1,142.1,102.3,113.4,-0.6,0,29.88
20170729,2220,72.3,60.3,28.50472604,27.67077917,243,46.4,43.8,5.6,74.3,72.3,-0.2,0.55,0,0,0,5,100,100,1,1,1,0,0,200,72,7.5,5.6,7.5,200,69.7,72.7,62.2,100,15,36.7,60.4,100,0,73,1.4,61.4,1.8125,62.2,0,0,50.5,13.5,0,0,0,72,71.7,62.6,68.1,15,39,61.2,56.2,0,71.6,0.98,61.4,1.8125,60.6,0,0,85,73.3,17,4.4,1.2,15,15,62.8,65.1,82.4,100,28.5,0,72.5,1.3,65.43104,64.93104,0,12.8,0,0,0,20,0,72,204,64.3,0,25.916008,200,72,68,2123.706,68,63.4,40.2,2200,268,71.2,62.8,0,50.36243,260,130,69.4,63.2,0,50.854958,125,1154,71.9,63,0,33.382496,1152.9995,697,72.9,63.5,0,34.001793,700,618,69.8,63.1,0,43.797592,600,205,71,63.4,0,36.13435,200,129,69.7,63.4,0,52.055466,125,340,70.2,63.7,0,28.247028,330,250,71,63.9,0,100,650,626,69.7,64.2,0,100,950,509,0,63.3,0,33.31702,500,510,70.5,63.3,0,33.07327,500,178,72.3,63.5,0,47.971977,175,250,69.2,63.8,0,42.725826,245,222,70,63.6,0,41.476856,220,355,71.5,63.5,0,32.490223,350,168,72.4,63.6,0,33.313004,160,340,70.5,63.6,0,31.254595,335,339,72.4,63.5,0,28.131517,335,199,70.2,64.1,0,36.395977,195,391,72.4,63.7,0,27.955528,380,252,68.6,63.5,0,43.17624,245,177,72.7,63.5,0,44.44172,175,249,70.9,63.5,0,46.251995,245,427,70.1,63.3,0,40.214577,420,164,71.6,63.8,0,26.032602,160,340,70.6,63.6,0,38.536945,335,308,71.4,63.9,0,32.00783,300,406,71.2,63.3,0,28.042328,400,198,70,63.9,0,37.349693,195,410,69.9,63.2,0,32.806908,380,352,69.4,63.7,0,29.864866,335,177,72.8,63.2,0,60.305435,175,250,71.1,63.5,0,45.10876,245,354,70.9,63.2,0,37.7152,350,161,72.2,63.5,0,33.55753,160,343,72.3,63.4,0,39.89011,335,233,71.5,64.2,0,40.287327,230,292,72.6,63.3,0,36.408184,285,199,69.4,63.9,0,43.215286,195,404,72,63.5,0,41.405178,380,346,70.7,63.2,0,39.363747,335,178,72.4,63.3,0,56.39956,175,250,72.1,63.3,0,45.130787,245,426,71,63.3,0,46.483032,420,161,72.9,63.3,0,30.84833,160,343,70.7,63.2,0,33.786766,335,108,70.5,63.8,0,32.945354,100,340,71.5,63.8,0,39.223183,335,203,70.4,284.8,0,33.239437,195,388,71.4,63.4,0,37.118225,380,339,70.4,63.4,0,42.005886,335,205,73.4,63.3,0,37.815033,200,249,72.9,63.5,0,47.790997,245,354,71.3,63.2,0,39.12673,350,163,71.7,63.6,0,42.85417,160,363,68.3,63.2,0,50.930088,335,232,72.2,63.8,0,43.587852,230,159,71,63.5,0,34.128147,150,200,69.9,64.2,0,43.519897,195,391,71.4,63.4,0,41.110138,380,584,68.6,63.1,0,67.3095,575,337,71.9,63.9,0,45.45638,335,254,72,63.9,0,42.69244,250,177,72,63.9,0,59.319466,175,195,72.1,63.8,0,31.051434,190,189,69.5,63.6,0,44.705765,185,306,68.8,63.3,0,40.639366,300,305,70.9,63.1,0,35.366714,300,212,67.1,63.2,0,55.72437,210,887,66.8,63,0,91.40544,880,86.9,87,88.2,142.1,102.2,113.4,1.1,0,29.88
20170729,2225,72.1,57.4,27.83855752,27.67077917,250,47.4,44.6,5.6,76.4,73.9,-0.1,0.55,0,0,0,5,100,100,1,1,1,0,0,200,72,7.5,5.6,7.5,200,69.8,72.6,62.5,100,15,38.4,60.4,100,0,73,1.4,61.4,1.8125,62.1,0,0,50.9,13.5,0,0,0,71.9,71.7,62.7,67.9,15,38.8,61.2,53.4,0,71.7,1.02,61.4,1.8125,60.5,0,0,84.8,72.8,14.5,4.4,1.2,15,15,63.2,65.1,82.4,100,30,0,72.5,1.3,65.43104,64.93104,0,12.8,0,0,1,20.5,0,72,204,64.7,0,25.916008,200,72,68,2611.5657,68,63.7,36.4,2200,268,71.2,63.2,0,50.36243,260,130,69.4,63.6,0,50.854958,125,1143,71.9,63.4,0,33.382496,1152.9995,697,72.9,63.8,0,33.95698,700,618,69.8,63.5,0,43.797592,600,206,71.1,63.8,0,36.13435,200,129,69.8,63.8,0,52.055466,125,339,70.2,64.1,0,28.247028,330,249,71,64.2,0,100,650,625,69.8,64.6,0,100,950,509,0,63.7,0,33.31702,500,510,70.5,63.7,0,33.07327,500,179,72.3,63.5,0,47.971977,175,252,69.2,63.8,0,42.725826,245,224,70,63.5,0,41.476856,220,359,71.5,63.4,0,32.490223,350,168,72.4,63.6,0,33.313004,160,343,70.5,63.6,0,31.254595,335,343,72.4,63.5,0,28.131517,335,199,70.1,64,0,36.395977,195,393,72.4,63.7,0,27.955528,380,255,68.6,63.4,0,43.17624,245,178,72.7,63.5,0,44.44172,175,249,70.9,63.5,0,46.251995,245,430,70.1,63.2,0,40.214577,420,164,71.6,63.8,0,26.032602,160,343,70.6,63.6,0,38.536945,335,308,71.4,63.8,0,32.00783,300,408,71.2,63.3,0,28.042328,400,198,70,63.8,0,37.349693,195,401,69.8,63.2,0,32.806908,380,346,69.4,63.6,0,29.864866,335,178,72.8,63.1,0,60.305435,175,252,71.1,63.5,0,45.10876,245,356,70.9,63.1,0,37.7152,350,162,72.2,63.5,0,33.55753,160,346,72.2,63.4,0,39.89011,335,233,71.5,64.2,0,40.287327,230,292,72.6,63.4,0,36.408184,285,201,69.4,63.8,0,43.215286,195,410,72,63.4,0,41.405178,380,350,70.6,63.1,0,39.363747,335,178,72.4,63.3,0,56.39956,175,250,72,63.2,0,45.130787,245,429,70.9,63.3,0,46.483032,420,161,72.9,63.3,0,30.84833,160,346,70.6,63.2,0,33.786766,335,109,70.5,63.8,0,32.945354,100,342,71.5,63.7,0,39.223183,335,204,70.4,285.1,0,33.239437,195,392,71.3,63.3,0,37.118225,380,341,70.4,63.4,0,42.005886,335,207,73.4,63.3,0,37.815033,200,250,72.9,63.4,0,47.790997,245,354,71.3,63.2,0,39.12673,350,163,71.7,63.6,0,42.85417,160,368,68.3,63.1,0,50.930088,335,233,72.2,63.7,0,43.587852,230,165,71,63.5,0,34.128147,150,201,69.8,64.1,0,43.519897,195,387,71.3,63.4,0,41.110138,380,588,68.6,63,0,67.3095,575,337,71.9,63.9,0,45.45638,335,255,72,63.9,0,42.69244,250,178,72,63.9,0,59.319466,175,196,72.1,63.8,0,31.051434,190,190,69.5,63.6,0,44.705765,185,308,68.7,63.3,0,40.639366,300,307,70.9,63.1,0,35.366714,300,213,67.1,63.1,0,55.72437,210,890,66.8,62.9,0,91.40544,880,86.9,87,88,141.1,102.2,113.5,2.2,-1.6,29.88
20170729,2230,72.1,58.3,28.00633382,27.67077917,251,46.8,44,5.6,74.3,72.2,-0.2,0.55,0,0,0,5,100,100,1,1,1,0,0,200,72,7.5,5.6,7.5,200,69.8,72.6,62.5,100,15,40.1,60.4,100,0,73,1.4,61.4,1.8125,61.9,0,0,50.6,13.8,0,0,0,71.9,71.7,62.8,67.9,15,38.4,61.2,55.4,0,71.6,1,61.4,1.8125,60.3,0,0,84.5,72.7,15,4.4,1.2,15,15,63.1,65.1,82.4,100,30.4,0,72.5,1.3,65.43104,64.93104,0,12.8,0,0,0,20,0,72,205,64.8,0,25.916008,200,85,55,2123.706,68,63.6,1,2200,269,71.2,63.2,0,50.36243,260,130,69.4,63.8,0,50.854958,125,1133,71.9,63.5,0,32.497543,1152.9995,698,72.9,63.9,0,33.46404,700,617,69.8,63.7,0,43.797592,0,206,71.1,63.9,0,36.13435,200,129,69.8,63.9,0,52.055466,0,339,70.2,64.2,0,28.247028,0,249,71,64.4,0,100,650,624,69.8,64.7,0,100,950,509,0,63.8,0,33.31702,500,510,70.5,63.8,0,33.07327,500,179,72.3,63.5,0,47.971977,175,251,69.1,63.8,0,42.725826,200,224,70,63.6,0,41.476856,220,359,71.5,63.5,0,32.490223,350,168,72.3,63.6,0,33.313004,160,343,70.5,63.6,0,31.254595,335,343,72.4,63.5,0,28.131517,335,199,70.1,64.1,0,36.395977,100,390,72.4,63.8,0,27.955528,380,254,68.6,63.4,0,43.17624,100,177,72.7,63.5,0,44.44172,175,250,70.9,63.6,0,46.251995,245,429,70,63.3,0,40.214577,420,164,71.6,63.8,0,26.032602,160,342,70.6,63.6,0,38.536945,335,308,71.4,63.8,0,32.00783,300,408,71.2,63.3,0,28.042328,400,198,69.9,63.8,0,37.349693,195,408,69.8,63.2,0,32.806908,380,350,69.3,63.7,0,29.864866,335,181,72.7,63.1,0,60.305435,175,251,71.1,63.5,0,45.10876,200,360,70.8,63.2,0,37.7152,350,162,72.2,63.5,0,33.55753,160,346,72.2,63.4,0,39.89011,335,235,71.5,64.2,0,40.287327,230,297,72.5,63.3,0,36.408184,200,204,69.4,63.9,0,43.215286,150,397,72,63.5,0,41.405178,380,337,70.6,63.1,0,39.807926,200,179,72.4,63.3,0,56.39956,175,250,72,63.3,0,45.130787,245,428,70.9,63.4,0,46.483032,420,161,72.9,63.3,0,30.84833,160,345,70.6,63.2,0,33.786766,335,109,70.5,63.8,0,32.945354,100,344,71.5,63.7,0,39.223183,335,203,70.4,285,0,33.239437,195,388,71.3,63.3,0,37.118225,380,340,70.4,63.4,0,42.005886,335,204,73.4,63.4,0,37.815033,200,250,72.9,63.4,0,47.790997,245,356,71.3,63.2,0,39.12673,200,163,71.6,63.5,0,42.85417,160,369,68.3,63.2,0,50.930088,335,234,72.2,63.8,0,43.587852,230,163,71,63.5,0,34.128147,150,201,69.8,64.1,0,43.519897,195,391,71.3,63.4,0,41.110138,200,588,68.6,63.1,0,67.3095,575,337,71.9,63.9,0,45.45638,335,255,72,63.9,0,42.69244,250,178,72,63.9,0,59.319466,175,196,72.1,63.8,0,31.051434,190,189,69.5,63.6,0,44.705765,185,307,68.7,63.3,0,40.639366,300,306,70.9,63.1,0,35.366714,300,213,67,63.2,0,55.72437,210,891,66.8,63,0,91.46327,200,86.9,87,88.1,141.1,102.2,113.5,1.2,-0.2,29.88
20170729,2235,72,57.1,27.72230106,27.67077917,241,44.6,42.9,5.6,75.5,73.9,-0.1,0.65,0,0,0,5,100,100,1,1,1,0,0,200,72,7.5,5.6,7.5,200,71.7,73.7,61.4,0,0,0,60.4,0,0,71.4,0,61.4,0.8125,55.9,0,0,-0.1,1.5,0,0,0,72.1,71.7,59.7,55.7,15,36.7,61.2,25.1,0,71.6,1,61.4,0.8125,60.2,0,0,90.2,55.2,10.1,4.8,1,15,15,64.4,65.1,82.2,100,30.2,0,72.5,1.3,65.43104,64.93104,0,12.7,0,0,1,20.5,0,72,116,67.1,0,0,0,85,55,0,68,63.8,1,2200,16,71.5,64.7,0,100,260,4,69.5,64.1,0,0.03579098,0,-17,72,63.8,0,0,0,1267,73.5,64.5,0,0,700,127,70.4,64.2,0,0,0,49,71.3,64.6,0,0,0,-1,70.1,64.7,0,0,0,48,70.4,66.1,0,0,0,41,71.2,64.8,0,0.024560973,0,12,70,65.9,0,100,950,-1,0,64.5,0,0.012229424,0,-2,70.7,64.4,0,0,0,100,72.6,62.3,0,39.196167,100,197,69.2,62.5,0,37.994854,200,198,70,62.2,0,39.737938,200,190,71.6,62.7,0,23.33822,200,99,72.4,63.6,0,24.16443,100,199,70.5,63,0,24.797844,200,193,72.3,62.9,0,20.071156,200,103,70.4,63.8,0,28.250736,100,189,72.6,63.3,0,22.297714,200,101,69,62.8,0,30.854198,100,97,72.7,62.1,0,34.981598,100,102,70.9,62.3,0,35.909702,100,201,70.1,62,0,30.26267,200,101,71.6,63.3,0,22.35568,100,194,70.6,62.8,0,32.557285,200,205,71.4,63.5,0,28.324974,200,191,71.3,62.7,0,22.837456,200,97,69.9,63.6,0,29.91411,100,185,69.9,62.1,0,28.685995,200,205,69.4,62.9,0,26.412777,200,98,72.8,61.4,0,49.6633,100,201,71,61.9,0,39.11803,200,197,70.9,62.2,0,27.533203,200,0,72.2,64.9,0,0,0,193,72.2,62.5,0,29.27961,200,196,71.5,63.6,0,36.13703,200,197,72.5,62.7,0,27.232635,200,149,69.4,63.1,0,37.20336,150,196,72,62.7,0,35.41469,200,201,70.6,62.1,0,28.799519,200,99,72.6,61.9,0,49.588905,100,195,72,61.5,0,41.471203,200,206,71,62.6,0,35.796852,200,96,72.9,62.7,0,24.360388,100,191,70.7,62.7,0,26.102942,200,95,70.5,63.3,0,30.445969,100,96,71.5,63.5,0,27.053022,100,102,70.3,285,0,26.601347,100,203,71.4,62.7,0,32.47537,200,201,70.4,62.2,0,34.710644,200,97,73.5,62.8,0,32.341515,100,99,72.9,63,0,36.20433,100,203,71.3,62.5,0,32.41304,200,98,71.6,63.1,0,38.56148,100,182,68.3,61.6,0,47.987843,200,94,72.3,63.5,0,35.192997,100,67,71.1,62.6,0,34.36048,100,104,69.8,63.9,0,37.5399,100,203,71.3,62.6,0,36.4353,200,205,68.7,61.5,0,53.170525,200,189,72.1,63.8,0,40.272312,200,193,72,63.5,0,37.836266,200,97,72.1,63.7,0,49.27302,100,96,72.2,63.5,0,25.416616,100,95,69.8,63.2,0,36.83568,100,198,69,62.8,0,33.483078,200,194,71,62.1,0,29.360601,200,98,67.5,62.2,0,42.923798,100,200,67.4,61.7,0,37.339504,200,86.9,87,88.2,142.1,102.2,113.7,1.6,-0.1,29.88
20170729,2240,71.9,56.7,27.58805951,27.67077917,244,43.5,41.9,5.6,72.4,71,-0.2,0.8,0,0,0,5,100,100,1,1,1,0,0,200,72,7.5,5.6,7.5,200,73.4,73.8,63.1,0,0,0,60.4,0,0,70.7,0,61.4,0.8125,51.7,0,0,-0.1,1.5,0,0,0,72.2,71.9,59,55.6,15,34.5,61.2,20,0,71.8,1.01,61.4,0.8125,59.9,0,0,94.1,55.8,9.9,4.6,0.9,15,15,63.7,65.1,82.2,100,31,0,72.5,1.3,65.43104,64.93104,0,12.7,0,0,0,20,0,72,119,69.4,0,0,0,85,55,0,68,64.7,1,2200,15,71.7,66.5,0,100,260,4,69.7,64.7,0,0.03579098,0,-17,72.3,64.5,0,0,0,1266,73.9,65.2,0,0,700,127,70.8,64.9,0,0,0,49,71.6,65.5,0,0,0,-1,70.5,65.6,0,0,0,50,70.6,67.8,0,0,0,41,71.3,65.3,0,0.024560973,0,11,70.2,66.9,0,100,950,-1,0,65.6,0,0.012229424,0,-3,70.9,65.6,0,0,0,99,72.8,61.2,0,39.196167,100,198,69.2,61.4,0,38.521877,200,195,70,61.2,0,39.737938,200,190,71.7,61.7,0,23.790321,200,99,72.4,63.1,0,24.16443,100,196,70.6,62.1,0,24.797844,200,204,72.3,62,0,20.966751,200,102,70.5,63.2,0,28.250736,100,200,72.6,62.5,0,22.76714,200,100,69.2,62,0,30.854198,100,99,72.7,61,0,35.423313,100,98,70.9,61.2,0,35.909702,100,197,70.2,60.9,0,30.26267,200,100,71.6,62.4,0,22.35568,100,203,70.7,61.7,0,31.331944,200,202,71.5,62.7,0,28.324974,200,207,71.3,61.8,0,22.985111,200,96,69.9,62.9,0,29.91411,100,190,69.9,60.9,0,28.685995,200,198,69.3,61.8,0,26.412777,200,100,72.8,60.3,0,49.6633,100,197,71,60.8,0,39.557827,200,192,70.9,61,0,27.988195,200,0,72.2,66.4,0,0,0,207,72.2,61.4,0,29.523811,200,202,71.5,62.8,0,36.29666,200,197,72.5,61.7,0,28.286167,200,145,69.4,62.2,0,37.20336,150,195,72,61.7,0,35.41469,200,199,70.7,61,0,28.799519,200,98,72.7,60.8,0,49.588905,100,199,72,60.5,0,41.9133,200,195,71.1,61.5,0,35.341858,200,96,72.9,61.9,0,24.64194,100,202,70.8,61.8,0,26.642155,200,94,70.5,62.5,0,30.445969,100,95,71.6,62.8,0,27.053022,100,98,70.3,285,0,26.601347,100,203,71.4,61.7,0,32.47537,200,199,70.5,61.2,0,34.710644,200,96,73.5,61.9,0,32.341515,100,99,73,62.2,0,36.20433,100,199,71.3,61.4,0,32.41304,200,98,71.7,62.1,0,38.56148,100,196,68.2,60.6,0,48.51064,200,93,72.5,62.9,0,35.572662,100,107,71,61.6,0,34.36048,100,103,69.8,63.2,0,37.5399,100,201,71.3,61.6,0,36.4353,200,196,68.8,60.4,0,53.170525,200,188,72.1,63.4,0,40.716087,200,200,71.9,62.8,0,38.500057,200,97,72.2,63.1,0,50.24233,100,101,72.2,62.8,0,25.860209,100,94,70,62.4,0,37.273468,100,198,69.2,61.9,0,33.483078,200,202,71.1,61,0,29.80724,200,97,67.7,61.1,0,42.923798,100,200,67.7,60.7,0,37.339504,200,86.9,87,87.9,140.1,102.2,113.5,-0.6,0.2,29.88
20170729,2245,71.9,56.8,27.6065593,27.67077917,242,42.7,41.2,5.6,73.5,71.9,-0.1,0.9,0,0,0,5,100,100,1,1,1,0,0,200,72,7.5,5.6,7.5,200,74.8,73.9,64.7,0,0,0,60.4,0,0,70.4,0,61.4,0.8125,48.8,0,0,-0.1,1.5,0,0,0,72.3,71.8,59.2,55.3,15,32.4,61.2,20,0,71.8,1,61.4,0.8125,59.8,0,0,94.7,55.3,9.9,4.9,1,15,15,62.4,65.1,82.2,100,29,0,72.5,1.3,65.43104,64.93104,0,12.7,0,0,0,20,0,72,116,71.2,0,0,0,85,55,0,68.1,65.4,1,2200,15,71.9,67.9,0,100,260,3,69.9,65.4,0,0.03579098,0,-17,72.6,65.4,0,0,0,1268,74.1,65.8,0,0,700,129,71.2,65.4,0,0,0,48,71.7,66.2,0,0,0,-1,70.8,66.4,0,0,0,48,70.8,68.8,0,0,0,42,71.5,65.9,0,0.024560973,0,11,70.4,67.7,0,100,950,-1,0,66.5,0,0.012229424,0,-3,71.1,66.5,0,0,0,98,72.8,60.9,0,39.196167,100,199,69.2,61.1,0,38.521877,200,196,69.9,60.9,0,39.737938,200,191,71.7,61.2,0,23.790321,200,98,72.4,62.7,0,24.16443,100,195,70.6,61.7,0,24.797844,200,205,72.3,61.6,0,20.966751,200,101,70.5,62.7,0,28.250736,100,203,72.7,62,0,22.76714,200,101,69.3,61.6,0,30.854198,100,100,72.7,60.7,0,35.423313,100,98,70.9,60.9,0,35.909702,100,199,70.2,60.6,0,30.26267,200,100,71.6,62,0,22.35568,100,204,70.7,61.3,0,31.331944,200,202,71.5,62.3,0,28.324974,200,208,71.3,61.4,0,22.985111,200,95,69.9,62.5,0,29.91411,100,193,69.8,60.5,0,28.685995,200,204,69.3,61.4,0,26.412777,200,100,72.8,60.1,0,49.6633,100,198,71,60.5,0,39.557827,200,195,70.9,60.6,0,27.988195,200,0,72.2,67.4,0,0,0,206,72.2,61,0,29.523811,200,201,71.4,62.3,0,36.29666,200,198,72.5,61.2,0,28.286167,200,146,69.4,61.8,0,37.20336,150,196,72,61.2,0,35.41469,200,200,70.7,60.6,0,28.799519,200,98,72.7,60.5,0,49.588905,100,198,71.9,60.3,0,41.9133,200,197,71.1,61.1,0,35.341858,200,96,72.9,61.5,0,24.64194,100,203,70.8,61.3,0,26.642155,200,93,70.4,62,0,30.445969,100,96,71.6,62.4,0,27.053022,100,100,70.3,285.1,0,26.601347,100,204,71.4,61.3,0,32.47537,200,200,70.6,60.9,0,34.710644,200,94,73.5,61.5,0,32.341515,100,100,73,61.8,0,36.20433,100,200,71.4,60.9,0,32.41304,200,97,71.7,61.6,0,38.56148,100,194,68.1,60.4,0,48.51064,200,94,72.5,62.5,0,35.572662,100,114,71,61.2,0,34.36048,100,102,69.8,62.8,0,37.5399,100,198,71.4,61.1,0,36.4353,200,201,68.8,60.2,0,53.170525,200,189,72.2,62.9,0,40.716087,200,200,71.9,62.4,0,38.500057,200,97,72.2,62.6,0,50.24233,100,100,72.3,62.4,0,25.860209,100,95,70,62,0,37.273468,100,195,69.3,61.6,0,33.483078,200,203,71.1,60.6,0,29.80724,200,97,67.9,60.7,0,42.923798,100,198,67.9,60.4,0,37.339504,200,86.9,87,88,140.1,102.2,113.5,1.2,-0.1,29.88
20170729,2250,71.8,56.6,27.50976249,27.67077917,237,42.6,42.7,4.9,72.9,73.7,-0.2,0.8,0,0,0,5,99,0,0,1,0,0,0,200,72,7.5,4.9,7.5,200,75.8,74.1,66,0,0,0,60.8,0,0,70.2,0,61.8,0.8125,47.1,0,0,-0.1,1.5,0,0,0,72.3,71.9,59.5,55.3,15,30.3,61.4,20,0,71.8,1,61.8,0.8125,59.7,0,0,93.9,55.4,10,4.7,1.4,15,15,61.5,65.1,82.2,100,29,0,72.5,1.3,65.55173,65.05173,0,12.7,0,0,0,0,0,72,117,72.5,0,0,0,85,55,0,68.2,65.9,1,2200,15,72,68.8,0,100,260,3,70,66,0,0.03579098,0,-18,72.8,66.1,0,0,0,1268,74.3,66.4,0,0,700,129,71.4,65.9,0,0,0,48,72,66.9,0,0,0,-1,71,67.1,0,0,0,45,71,69.5,0,0,0,42,71.6,66.4,0,0.024560973,0,10,70.6,68.4,0,100,950,-2,0,67.4,0,0.012229424,0,-3,71.3,67.3,0,0,0,99,72.9,60.9,0,39.196167,100,198,69.1,61.1,0,38.521877,200,196,69.9,61,0,39.737938,200,192,71.8,61.1,0,23.790321,200,98,72.5,62.4,0,24.16443,100,197,70.6,61.5,0,24.797844,200,204,72.4,61.4,0,20.512821,200,103,70.6,62.5,0,28.250736,100,202,72.7,61.8,0,22.76714,200,99,69.3,61.5,0,30.854198,100,100,72.7,60.8,0,35.423313,100,98,70.9,60.9,0,35.909702,100,199,70.3,60.6,0,30.26267,200,101,71.6,61.8,0,22.35568,100,203,70.7,61.2,0,31.331944,200,205,71.5,62.1,0,28.324974,200,207,71.3,61.2,0,22.985111,200,96,69.9,62.4,0,29.91411,100,218,69.8,60.5,0,28.685995,200,208,69.3,61.3,0,26.412777,200,100,72.8,60.2,0,49.6633,100,201,71,60.6,0,39.557827,200,195,70.9,60.6,0,27.988195,200,0,72.2,68.2,0,0,0,208,72.2,60.9,0,29.523811,200,203,71.4,62.1,0,36.29666,200,199,72.5,61.1,0,28.286167,200,145,69.4,61.6,0,37.20336,150,197,72,61.1,0,35.41469,200,199,70.7,60.6,0,28.799519,200,98,72.8,60.5,0,49.588905,100,199,71.9,60.4,0,41.9133,200,199,71.2,61,0,35.341858,200,96,73,61.3,0,24.64194,100,203,70.8,61.2,0,26.642155,200,95,70.4,61.8,0,30.445969,100,94,71.6,62.2,0,27.053022,100,100,70.3,284.7,0,26.601347,100,203,71.4,61.1,0,32.47537,200,201,70.6,60.8,0,34.710644,200,96,73.5,61.3,0,32.341515,100,100,73.1,61.8,0,36.20433,100,201,71.4,60.9,0,32.41304,200,97,71.7,61.4,0,38.56148,100,205,68,60.4,0,48.51064,200,94,72.6,62.2,0,35.572662,100,121,71,61,0,34.36048,100,103,69.8,62.6,0,37.5399,100,199,71.3,60.9,0,36.4353,200,199,68.8,60.2,0,53.170525,200,190,72.2,62.7,0,40.716087,200,200,71.9,62.2,0,38.500057,200,97,72.2,62.4,0,50.24233,100,101,72.3,62.1,0,25.860209,100,95,70.1,61.8,0,37.273468,100,198,69.4,61.4,0,33.483078,200,203,71.1,60.5,0,29.80724,200,97,67.9,60.7,0,42.923798,100,199,68.1,60.4,0,37.339504,200,86.9,87,88.2,142.1,102.2,113.6,2,-1.4,29.88
20170729,2255,71.7,56.2,27.37315742,27.67077917,228,47.4,47.3,4.2,72,73.7,-0.1,0.6,0,0,0,5,94,0,0,1,0,0,0,200,72,7.5,4.2,7.5,200,76.6,74.1,66.7,0,0,0,60.8,0,0,70.3,0,61.8,0.8125,45.4,0,0,-0.2,1.5,0,0,0,72.4,72,59.9,55.6,15,28.6,61.4,20,0,71.8,1,61.8,0.8125,59.6,0,0,93,55.7,9.9,4.3,1.2,15,15,62.1,65.1,82,100,30.2,0,72.5,1.3,65.55173,65.05173,0,12.7,0,0,0,0,0,72,118,73.4,0,0,0,85,55,0,68.3,66.2,1,2200,17,72.2,69.4,0,100,260,4,70.1,66.5,0,0.03579098,0,-17,73.1,66.7,0,0,0,1269,74.5,66.9,0,0,700,129,71.6,66.3,0,0,0,48,72.1,67.5,0,0,0,-1,71.2,67.6,0,0,0,47,71.1,70,0,0,0,42,71.7,66.9,0,0.024560973,0,9,70.8,69,0,100,950,-2,0,67.9,0,0.012229424,0,-3,71.4,68,0,0,0,98,72.9,61.1,0,39.196167,100,198,69.1,61.3,0,38.521877,200,196,69.8,61.1,0,39.737938,200,191,71.8,61.2,0,23.790321,200,98,72.5,62.4,0,24.16443,100,195,70.6,61.5,0,24.797844,200,203,72.3,61.4,0,20.512821,200,100,70.6,62.5,0,28.250736,100,202,72.7,61.8,0,22.76714,200,98,69.4,61.5,0,30.854198,100,100,72.7,61,0,35.423313,100,99,70.9,61.1,0,35.909702,100,197,70.3,60.8,0,30.26267,200,99,71.6,61.8,0,22.35568,100,203,70.6,61.3,0,31.331944,200,204,71.5,62,0,28.324974,200,206,71.3,61.2,0,22.985111,200,95,69.9,62.3,0,29.91411,100,194,69.8,60.7,0,28.685995,200,202,69.2,61.4,0,26.412777,200,99,72.8,60.5,0,49.6633,100,198,70.9,60.9,0,39.557827,200,195,70.9,60.8,0,27.988195,200,0,72.3,68.8,0,0,0,205,72.2,61,0,29.523811,200,201,71.4,62.1,0,36.29666,200,198,72.5,61.1,0,28.286167,200,145,69.3,61.6,0,37.20336,150,193,72,61.1,0,35.41469,200,202,70.7,60.7,0,28.799519,200,97,72.8,60.7,0,49.588905,100,198,71.8,60.7,0,41.9133,200,199,71.2,61.1,0,35.341858,200,97,73,61.3,0,24.64194,100,204,70.8,61.2,0,26.642155,200,93,70.4,61.7,0,30.445969,100,100,71.6,62.2,0,27.58323,100,99,70.3,284.9,0,26.601347,100,200,71.4,61.2,0,32.47537,200,198,70.6,61,0,34.710644,200,97,73.5,61.4,0,32.341515,100,99,73.1,61.9,0,36.20433,100,200,71.4,61,0,32.41304,200,97,71.7,61.4,0,38.56148,100,197,67.9,60.6,0,48.51064,200,93,72.6,62.1,0,35.572662,100,113,71,61.1,0,34.36048,100,102,69.8,62.6,0,37.5399,100,202,71.3,61.1,0,36.4353,200,193,68.8,60.5,0,53.170525,200,188,72.2,62.5,0,40.716087,200,200,71.9,62.1,0,38.500057,200,97,72.3,62.3,0,50.24233,100,100,72.3,62.1,0,25.860209,100,94,70.1,61.8,0,37.273468,100,198,69.5,61.5,0,33.483078,200,203,71.1,60.7,0,29.80724,200,97,68,60.8,0,42.923798,100,197,68.2,60.6,0,37.339504,200,86.9,87,88.2,142.1,102.2,113.7,-0.4,0.2,29.89
20170729,2300,71.6,56.1,27.2955592,27.67077917,1,50,50,4.15,72.1,73.7,-0.1,0.55,0,0,0,5,0,0,0,0,0,0,0,200,72,7.5,4.15,7.5,200,77.1,74.1,67,0,0,0,60.8,0,0,70.2,0,61.8,0.8125,44,0,0,-0.2,1.5,0,0,0,72.4,71.9,60.4,55.4,15,27.1,61.4,20,0,71.9,0.99,61.8,0.8125,59.6,0,0,91.9,55.4,10,4.8,0.9,15,15,63.9,67.1,82,100,29,0,70.5,1.3,65.55173,65.05173,0,12.7,0,0,0,0,0,72,120,74.2,0,0,0,85,55,0,68.3,66.4,1,2200,17,72.3,69.9,0,100,260,4,70.2,67,0,0.03579098,0,-18,73.2,67.2,0,0,0,1269,74.6,67.4,0,0,700,128,71.8,66.7,0,0,0,48,72.3,68,0,0,0,-1,71.3,68.2,0,0,0,52,71.2,70.5,0,0,0,42,71.8,67.4,0,0.024560973,0,9,70.9,69.4,0,100,950,-2,0,68.5,0,0.012229424,0,-3,71.5,68.5,0,0,0,98,72.9,61.4,0,39.196167,100,198,69.1,61.6,0,38.521877,200,195,69.8,61.5,0,39.737938,200,190,71.8,61.4,0,23.790321,200,98,72.5,62.4,0,24.16443,100,195,70.6,61.6,0,24.797844,200,203,72.1,61.5,0,20.512821,200,101,70.6,62.6,0,28.250736,100,203,72.7,62,0,22.76714,200,98,69.4,61.7,0,30.854198,100,100,72.7,61.4,0,35.423313,100,98,70.9,61.4,0,35.909702,100,198,70.3,61.2,0,30.26267,200,100,71.6,62,0,22.35568,100,201,70.6,61.6,0,31.331944,200,204,71.5,62.2,0,28.324974,200,206,71.3,61.4,0,22.985111,200,96,69.9,62.4,0,29.91411,100,213,69.8,60.9,0,28.685995,200,207,69.2,61.7,0,26.412777,200,100,72.8,60.9,0,49.6633,100,197,70.9,61.2,0,39.557827,200,196,71,61.1,0,27.988195,200,-1,72.3,69.2,0,0,0,207,72.2,61.3,0,29.523811,200,201,71.3,62.2,0,36.29666,200,197,72.5,61.3,0,28.286167,200,145,69.3,61.9,0,37.20336,150,195,71.9,61.3,0,35.41469,200,200,70.7,61,0,28.799519,200,98,72.9,61.1,0,49.588905,100,199,71.8,61.1,0,41.9133,200,202,71.2,61.4,0,35.341858,200,96,73,61.5,0,24.64194,100,201,70.8,61.4,0,26.642155,200,94,70.4,61.9,0,30.445969,100,101,71.6,62.3,0,27.58323,100,99,70.3,285.1,0,26.601347,100,200,71.4,61.4,0,32.47537,200,201,70.7,61.3,0,34.710644,200,96,73.6,61.6,0,32.341515,100,99,73.2,62.2,0,36.20433,100,199,71.4,61.2,0,32.41304,200,97,71.7,61.6,0,38.56148,100,194,67.8,60.9,0,48.51064,200,93,72.7,62.2,0,35.572662,100,114,70.9,61.3,0,34.36048,100,103,69.8,62.7,0,37.5399,100,196,71.3,61.3,0,36.4353,200,188,68.9,60.8,0,53.170525,200,189,72.2,62.6,0,40.716087,200,200,71.9,62.2,0,38.500057,200,97,72.3,62.4,0,50.24233,100,100,72.3,62.2,0,25.860209,100,94,70.2,62,0,37.273468,100,198,69.5,61.7,0,33.483078,200,202,71.1,61,0,29.80724,200,97,68,61.2,0,42.923798,100,196,68.4,61,0,37.339504,200,87,87.1,88.3,142.1,102.2,113.8,1.2,0,29.89
20170729,2305,71.5,56.7,27.34581218,22.85324583,1,50,50.5,4.15,72.3,73.8,-0.2,0.55,0,0,0,5,0,0,0,0,0,0,0,200,72,7.5,4.15,7.5,200,77.6,74.1,67.3,0,0,0,60.8,0,0,70.1,0,61.8,0.8125,43.4,0,0,-0.2,1.5,0,0,0,72.4,71.9,67.9,56,15,29.6,61.4,20,0,71.9,1,61.8,0.8125,59.4,0,0,75.1,55.2,10,4.8,1.5,15,15,50.4,71.1,82,100,39.9,0,70.5,1.3,65.55173,65.05173,0,12.6,0,0,0,0,0,72,117,74.8,0,0,0,85,55,0,68.3,66.5,1,2200,18,72.4,70.4,0,100,260,3,70.3,67.5,0,0.03579098,0,-17,73.4,67.6,0,0,0,1269,74.8,67.9,0,0,700,128,71.9,67.1,0,0,0,48,72.4,68.4,0,0,0,-1,71.4,68.7,0,0,0,46,71.2,70.8,0,0,0,42,71.9,67.8,0,0.024560973,0,9,71,69.9,0,100,950,-2,0,69.1,0,0.012229424,0,-3,71.6,69,0,0,0,98,72.9,64.7,0,39.196167,100,200,69.1,65.1,0,38.10516,200,194,69.8,65,0,39.737938,200,191,71.8,64,0,23.790321,200,98,72.5,63.5,0,24.16443,100,195,70.6,63.7,0,24.797844,200,202,72.4,63.6,0,20.512821,200,101,70.6,64,0,28.250736,100,202,72.7,63.9,0,22.76714,200,99,69.5,64.2,0,30.854198,100,99,72.8,65.5,0,35.423313,100,96,71,65.1,0,35.909702,100,194,70.3,64.9,0,30.26267,200,99,71.6,64,0,22.35568,100,203,70.6,64.3,0,31.331944,200,201,71.5,63.7,0,28.324974,200,204,71.3,63.6,0,22.985111,200,96,69.9,63.9,0,29.91411,100,187,69.8,64.3,0,28.685995,200,204,69.2,64.5,0,26.412777,200,99,72.8,65.6,0,49.6633,100,199,70.9,65.4,0,39.557827,200,195,71,64.2,0,27.988195,200,0,72.3,69.5,0,0,0,205,72.2,64.1,0,29.523811,200,201,71.3,64,0,36.29666,200,196,72.5,63.5,0,28.286167,200,145,69.3,64.4,0,37.20336,150,194,71.9,63.7,0,35.41469,200,199,70.7,64.2,0,28.799519,200,101,72.9,65,0,50.11658,100,198,71.8,65.8,0,41.9133,200,199,71.2,64.1,0,35.341858,200,96,73,63.7,0,24.64194,100,203,70.8,63.5,0,26.642155,200,94,70.4,63.6,0,30.445969,100,98,71.6,63.9,0,27.58323,100,98,70.3,284.7,0,26.601347,100,202,71.4,63.6,0,32.47537,200,200,70.7,64.5,0,34.710644,200,93,73.6,63.7,0,32.341515,100,99,73.2,64.8,0,36.20433,100,199,71.4,63.9,0,32.41304,200,97,71.7,63.6,0,38.56148,100,194,67.9,64.9,0,48.51064,200,93,72.7,63.4,0,35.572662,100,108,70.9,63.8,0,34.36048,100,102,69.8,64.3,0,37.5399,100,202,71.3,63.9,0,36.4353,200,194,68.9,65.1,0,53.170525,200,189,72.2,63.5,0,40.716087,200,200,71.9,63.8,0,38.500057,200,97,72.3,63.6,0,50.24233,100,101,72.4,63.6,0,25.860209,100,95,70.2,63.8,0,37.273468,100,198,69.6,64,0,33.483078,200,202,71.1,63.6,0,29.80724,200,97,68,64.1,0,42.923798,100,198,68.5,64.5,0,37.339504,200,87,87.1,88.3,141.1,102.2,113.7,2.6,-0.3,29.89
20170729,2310,71.4,56.7,27.28640411,22.85324583,1,50,50.5,4.15,72.4,73.8,-0.1,0.55,0,0,0,5,0,0,0,0,0,0,0,200,72,7.5,4.15,7.5,200,78,74.2,67.5,0,0,0,60.8,0,0,70.1,0,61.8,0.8125,42.8,0,0,-0.2,1.5,0,0,0,72.4,71.9,71.5,56.4,15,34.1,61.4,20,0,71.9,0.99,61.8,0.8125,59.5,0,0,65.9,55.4,10,4.7,0.9,15,15,48.8,71.1,82.2,100,57.5,0,70.5,1.3,65.55173,65.05173,0,12.6,0,0,0,0,0,72,116,75.2,0,0,0,85,55,0,68.4,66.7,1,2200,15,72.4,70.7,0,100,260,3,70.3,67.9,0,0.03579098,0,-17,73.5,68,0,0,0,1269,74.9,68.3,0,0,700,129,72.1,67.4,0,0,0,48,72.5,68.8,0,0,0,-1,71.6,69.1,0,0,0,49,71.3,71.2,0,0,0,42,71.9,68.2,0,0.024560973,0,10,71.1,70.2,0,100,950,-2,0,69.5,0,0.012229424,0,-4,71.7,69.4,0,0,0,98,72.9,68.4,0,39.196167,100,202,69.2,68.6,0,38.10516,200,194,70,68.5,0,39.737938,200,190,71.8,67.3,0,23.790321,200,98,72.5,65.5,0,24.16443,100,194,70.6,66.5,0,24.797844,200,202,72.4,66.4,0,20.512821,200,101,70.7,66.3,0,28.250736,100,203,72.7,66.6,0,22.76714,200,98,69.5,67,0,30.854198,100,99,72.8,69.2,0,35.423313,100,97,71,68.7,0,35.909702,100,196,70.3,68.6,0,30.26267,200,100,71.6,66.8,0,22.35568,100,205,70.6,67.6,0,31.331944,200,201,71.5,66,0,28.324974,200,205,71.3,66.4,0,22.985111,200,95,70,66.2,0,29.91411,100,191,69.8,67.9,0,28.685995,200,204,69.4,68,0,26.412777,200,100,72.8,69.5,0,49.6633,100,199,70.9,69.1,0,39.557827,200,196,71,68,0,27.988195,200,0,72.3,69.8,0,0,0,205,72.2,67.6,0,29.523811,200,200,71.3,66.7,0,36.29666,200,195,72.5,66.5,0,28.286167,200,145,69.4,67.4,0,37.20336,150,211,71.9,67,0,36.016907,200,197,70.8,67.9,0,28.799519,200,101,73,68.8,0,50.11658,100,199,71.9,69.4,0,41.9133,200,203,71.3,67.5,0,35.341858,200,96,73,66.6,0,24.64194,100,202,70.8,66.5,0,26.642155,200,95,70.4,66.2,0,30.445969,100,99,71.7,66.4,0,27.58323,100,99,70.3,285.1,0,26.601347,100,201,71.4,66.7,0,32.47537,200,198,70.8,67.9,0,34.710644,200,101,73.6,67,0,32.752304,100,98,73.2,68.1,0,36.20433,100,200,71.4,67.4,0,32.41304,200,97,71.7,66.5,0,38.56148,100,192,68,68.4,0,48.51064,200,93,72.7,65.5,0,35.572662,100,111,71,66.8,0,34.36048,100,102,69.9,66.8,0,37.5399,100,201,71.3,67.2,0,36.4353,200,192,69,68.8,0,53.170525,200,190,72.2,65.3,0,40.716087,200,200,71.9,66.2,0,38.500057,200,96,72.4,65.8,0,50.24233,100,100,72.4,66,0,25.860209,100,94,70.3,66.5,0,37.273468,100,197,69.6,67.1,0,33.483078,200,203,71.1,67.2,0,29.80724,200,97,68.1,67.7,0,42.923798,100,196,68.6,68.3,0,37.339504,200,87,87.1,88.2,141.1,102.2,113.7,2.5,-0.4,29.89
20170729,2315,71.2,57.7,27.34837799,22.85324583,1,50,50.5,4.15,72.5,73.9,-0.1,0.55,0,0,0,5,0,0,0,0,0,0,0,200,72,7.5,4.15,7.5,200,78.4,74,67.4,0,0,0,60.8,0,0,70.2,0,61.8,0.8125,42.1,0,0,-0.2,1.5,0,0,0,72.5,71.9,72.6,56.1,15,38.9,61.4,20,0,71.9,1,61.8,0.8125,59.4,0,0,63.3,55.4,10,4.8,1.1,15,15,49.6,71.1,82.2,100,74.7,0,70.5,1.3,65.55173,65.05173,0,12.7,0,0,0,0,0,72,111,75.6,0,0,0,85,55,0,68.4,66.8,1,2200,16,72.5,70.9,0,100,260,2,70.4,68.4,0,0.03579098,0,-16,73.6,68.3,0,0,0,1270,75,68.7,0,0,700,129,72.2,67.7,0,0,0,48,72.7,69.2,0,0,0,-1,71.7,69.5,0,0,0,51,71.4,71.5,0,0,0,43,72,68.6,0,0.024560973,0,8,71.2,70.5,0,100,950,-3,0,69.9,0,0.012229424,0,-4,71.8,69.8,0,0,0,97,73,70.5,0,39.196167,100,200,69.4,70.6,0,38.10516,200,195,70.2,70.3,0,39.737938,200,192,71.9,69.5,0,24.230206,200,97,72.6,67.3,0,24.16443,100,194,70.6,68.6,0,24.797844,200,203,72.5,68.5,0,20.512821,200,100,70.8,68.3,0,28.250736,100,204,72.7,68.7,0,22.76714,200,99,69.6,69,0,30.854198,100,99,72.9,71.1,0,35.423313,100,96,71,70.7,0,35.909702,100,195,70.4,70.6,0,30.26267,200,100,71.6,68.8,0,22.35568,100,201,70.7,69.7,0,31.331944,200,199,71.6,67.9,0,28.324974,200,204,71.4,68.5,0,22.985111,200,95,70.1,68.1,0,29.91411,100,200,69.9,70.1,0,28.685995,200,205,69.5,70.1,0,26.412777,200,98,72.9,71.3,0,49.6633,100,199,70.9,71,0,39.557827,200,195,71,70.2,0,27.988195,200,0,72.3,70,0,0,0,202,72.3,69.7,0,29.523811,200,200,71.4,68.7,0,36.29666,200,195,72.5,68.7,0,28.286167,200,143,69.5,69.5,0,37.20336,150,210,72,69.4,0,35.41469,200,198,70.8,70,0,28.799519,200,101,73.1,70.9,0,50.11658,100,199,72,71.2,0,41.9133,200,195,71.4,69.7,0,35.341858,200,102,73.1,68.8,0,25.254007,100,200,70.8,68.6,0,26.642155,200,93,70.4,68.2,0,30.445969,100,98,71.7,68.4,0,27.58323,100,97,70.4,284.8,0,26.601347,100,204,71.5,68.9,0,32.47537,200,198,70.9,69.9,0,34.710644,200,102,73.6,69.3,0,32.752304,100,99,73.3,70.1,0,36.20433,100,200,71.4,69.6,0,32.41304,200,97,71.7,68.8,0,38.56148,100,193,68.3,70.3,0,48.51064,200,93,72.8,67.4,0,35.572662,100,115,71,69,0,34.36048,100,101,70.1,68.7,0,37.5399,100,203,71.4,69.4,0,36.4353,200,194,69.2,70.7,0,53.170525,200,188,72.2,67.2,0,40.716087,200,199,72,68.3,0,38.500057,200,96,72.4,67.8,0,50.24233,100,101,72.4,68,0,25.860209,100,94,70.4,68.6,0,37.273468,100,197,69.7,69.2,0,33.483078,200,203,71.1,69.4,0,29.80724,200,97,68.3,69.9,0,42.923798,100,195,68.8,70.4,0,37.339504,200,87.1,87.2,88.3,141.1,102.2,113.5,-0.7,0.2,29.89
20170729,2320,71.1,56.6,27.09086138,22.85324583,1,50,50.5,4.15,72.7,73.9,-0.2,0.55,0,0,0,5,0,0,0,0,0,0,0,200,72,7.5,4.15,7.5,200,78.5,73.8,67,0,0,0,60.8,0,0,70.3,0,61.8,0.8125,41.4,0,0,-0.2,1.5,0,0,0,72.6,72,73.2,56.7,15,43.8,61.4,20,0,72,1,61.8,0.8125,59.4,0,0,62.1,56.7,10,4.7,0.8,15,15,49,71.1,81.6,100,92.1,0,70.5,1.3,65.55173,65.05173,0,12.6,0,0,0,0,0,72,115,76,0,0,0,85,55,0,68.4,66.9,1,2200,16,72.5,70.8,0,100,260,2,70.4,68.7,0,0.03579098,0,-17,73.7,68.6,0,0,0,1270,75,69.1,0,0,700,128,72.3,68,0,0,0,47,72.8,69.5,0,0,0,-1,71.8,69.9,0,0,0,49,71.4,71.7,0,0,0,42,72,69,0,0.024560973,0,7,71.3,70.7,0,100,950,-3,0,70.2,0,0.012229424,0,-4,71.9,70.1,0,0,0,101,73,71.6,0,39.638645,100,202,69.6,71.8,0,38.10516,200,202,70.4,71.4,0,40.191036,200,193,72,70.9,0,24.230206,200,97,72.6,68.8,0,24.16443,100,207,70.7,70.1,0,24.883608,200,202,72.6,69.9,0,20.512821,200,101,70.9,69.7,0,28.250736,100,203,72.8,70.1,0,22.76714,200,97,69.7,70.3,0,30.854198,100,98,72.9,72.1,0,35.423313,100,96,71.1,71.8,0,35.909702,100,195,70.4,71.7,0,30.26267,200,100,71.6,70.2,0,22.35568,100,201,70.8,71,0,31.331944,200,202,71.6,69.4,0,28.324974,200,204,71.5,69.9,0,22.985111,200,96,70.3,69.4,0,30.3681,100,197,70,71.3,0,28.685995,200,204,69.7,71.3,0,26.412777,200,98,72.9,72.2,0,49.6633,100,197,71,72,0,39.557827,200,206,71,71.5,0,28.430891,200,0,72.3,70.2,0,0,0,203,72.3,71,0,29.523811,200,201,71.4,70.1,0,36.29666,200,203,72.6,70.2,0,28.812937,200,157,69.6,70.8,0,37.884872,150,209,72,70.9,0,35.41469,200,198,70.9,71.3,0,28.799519,200,101,73.2,71.9,0,50.11658,100,197,72.1,72.2,0,41.9133,200,198,71.4,71.1,0,35.341858,200,102,73.1,70.2,0,25.254007,100,198,70.9,70.1,0,26.642155,200,93,70.6,69.7,0,30.445969,100,98,71.8,69.8,0,27.58323,100,98,70.5,284.8,0,26.601347,100,205,71.5,70.3,0,32.47537,200,198,71,71.2,0,34.710644,200,101,73.6,70.8,0,32.752304,100,99,73.3,71.3,0,36.20433,100,198,71.5,70.9,0,32.41304,200,98,71.7,70.2,0,38.56148,100,201,68.7,71.4,0,48.51064,200,93,72.8,68.8,0,35.572662,100,107,71.1,70.3,0,34.36048,100,102,70.2,70.1,0,37.5399,100,202,71.4,70.8,0,36.4353,200,201,69.4,71.8,0,53.170525,200,187,72.2,68.7,0,40.716087,200,199,72.1,69.8,0,38.500057,200,97,72.5,69.4,0,50.24233,100,99,72.4,69.6,0,25.860209,100,94,70.4,70.1,0,37.273468,100,196,69.8,70.7,0,33.483078,200,202,71.2,70.8,0,29.80724,200,97,68.4,71.2,0,42.923798,100,196,69,71.5,0,37.339504,200,87.1,87.2,88.4,141.1,102.2,113.9,3.2,-0.2,29.89
20170729,2325,71.1,57.1,27.18075656,22.85324583,1,50.1,50.6,4.15,72.8,74,-0.2,0.55,0,0,0,5,0,0,0,0,0,0,0,200,72,7.5,4.15,7.5,200,78.6,73.6,66.9,0,0,0,60.8,0,0,70.3,0,61.8,0.8125,41,0,0,-0.2,1.5,0,0,0,72.7,72.1,73.2,56.4,15,48.8,61.4,20,0,72.1,1,61.8,0.8125,59.3,0,0,61.2,55.8,10,4.6,1.1,15,15,48.7,71.1,82.4,100,99.8,0,70.5,1.3,65.55173,65.05173,0,12.6,0,0,0,0,0,72,115,76.4,0,0,0,85,55,0,68.5,67,1,2200,12,72.6,70.9,0,100,260,2,70.4,69.1,0,0.03579098,0,-17,73.8,68.9,0,0,0,1270,75.1,69.4,0,0,700,129,72.3,68.3,0,0,0,48,72.9,69.8,0,0,0,-1,71.9,70.2,0,0,0,52,71.5,72,0,0,0,41,72.1,69.3,0,0.024560973,0,7,71.4,70.9,0,100,950,-3,0,70.5,0,0.012229424,0,-3,71.9,70.3,0,0,0,100,73.1,72.4,0,39.638645,100,200,69.8,72.5,0,38.10516,200,200,70.7,72.1,0,40.191036,200,192,72,71.8,0,24.230206,200,98,72.6,70,0,24.16443,100,205,70.8,71.1,0,24.883608,200,200,72.7,71,0,20.512821,200,101,71,70.7,0,28.250736,100,202,72.8,71,0,22.76714,200,98,69.9,71.2,0,30.854198,100,98,73,72.7,0,35.423313,100,105,71.2,72.5,0,36.069195,100,194,70.5,72.4,0,30.26267,200,100,71.6,71.2,0,22.35568,100,201,70.8,71.8,0,31.331944,200,198,71.6,70.4,0,28.324974,200,203,71.6,70.9,0,22.985111,200,95,70.4,70.4,0,30.3681,100,211,70.1,72,0,28.685995,200,205,69.8,72.1,0,26.412777,200,98,73,72.7,0,49.6633,100,196,71,72.6,0,39.557827,200,204,71.1,72.2,0,28.430891,200,0,72.3,70.3,0,0,0,203,72.3,71.9,0,29.523811,200,199,71.5,71.1,0,36.29666,200,203,72.6,71.1,0,28.812937,200,154,69.7,71.7,0,37.884872,150,207,72,71.8,0,35.41469,200,194,70.9,72,0,28.799519,200,100,73.3,72.5,0,50.11658,100,198,72.2,72.8,0,41.9133,200,199,71.5,71.9,0,35.341858,200,100,73.1,71.1,0,25.254007,100,199,71,71,0,26.642155,200,94,70.7,70.7,0,30.445969,100,98,71.8,70.8,0,27.58323,100,97,70.6,284.8,0,26.601347,100,203,71.6,71.2,0,32.47537,200,197,71.1,71.9,0,34.710644,200,100,73.7,71.7,0,32.752304,100,99,73.3,72,0,36.20433,100,198,71.5,71.8,0,32.41304,200,97,71.7,71.2,0,38.56148,100,186,68.9,72.1,0,48.51064,200,93,72.8,70,0,35.572662,100,113,71.1,71.2,0,34.36048,100,102,70.3,71,0,37.5399,100,202,71.4,71.7,0,36.4353,200,194,69.6,72.4,0,53.170525,200,188,72.2,69.9,0,40.716087,200,199,72.2,70.9,0,38.500057,200,97,72.6,70.5,0,50.24233,100,99,72.5,70.7,0,25.860209,100,94,70.5,71.1,0,37.273468,100,197,70,71.5,0,33.9323,200,201,71.2,71.6,0,29.80724,200,96,68.6,71.9,0,42.923798,100,195,69.1,72.2,0,37.339504,200,87.2,87.3,88.3,142.1,102.2,113.7,1.2,0,29.89
20170729,2330,70.9,57.3,27.09812914,22.85324583,1,50.2,50.7,4.15,72.9,74.1,-0.1,0.55,0,0,0,5,0,0,0,0,0,0,0,200,72,7.5,4.15,7.5,200,78.8,73.6,67,0,0,0,60.8,0,0,70.3,0,61.8,0.8125,40.6,0,0,-0.2,1.5,0,0,0,72.7,72.1,73.3,56.3,15,53.8,61.4,20,0,72.1,1,61.8,0.8125,59,0,0,61.2,55.3,10,4.4,1.3,15,15,49,71.1,82.4,100,99.6,0,70.5,1.3,65.55173,65.05173,0,12.6,0,0,0,0,0,72,115,76.7,0,0,0,85,55,0,68.5,67.1,1,2200,15,72.7,71,0,100,260,3,70.5,69.4,0,0.03579098,0,-16,73.9,69.1,0,0,0,1271,75.2,69.7,0,0,700,129,72.4,68.5,0,0,0,47,73.1,70.1,0,0,0,-1,72,70.5,0,0,0,50,71.5,72.2,0,0,0,41,72.1,69.6,0,0.024560973,0,9,71.4,71.2,0,100,950,-2,0,70.8,0,0.012229424,0,-3,72,70.6,0,0,0,101,73.1,72.8,0,39.638645,100,200,70,72.9,0,38.10516,200,200,70.8,72.5,0,40.191036,200,191,72.1,72.3,0,24.230206,200,97,72.6,70.8,0,24.16443,100,207,70.9,71.8,0,24.883608,200,199,72.8,71.7,0,20.512821,200,101,71.1,71.4,0,28.250736,100,205,72.8,71.7,0,22.76714,200,99,70,71.8,0,30.854198,100,99,73,73,0,35.423313,100,105,71.3,72.8,0,35.54165,100,194,70.6,72.7,0,30.26267,200,100,71.6,71.8,0,22.35568,100,202,71,72.4,0,31.331944,200,201,71.7,71.2,0,28.324974,200,202,71.7,71.5,0,22.985111,200,96,70.5,71.1,0,30.3681,100,189,70.3,72.5,0,28.685995,200,204,69.9,72.6,0,26.412777,200,98,73.1,72.9,0,49.6633,100,199,71.1,72.9,0,39.557827,200,206,71.2,72.6,0,28.430891,200,0,72.3,70.5,0,0,0,200,72.3,72.4,0,29.523811,200,200,71.6,71.8,0,36.29666,200,205,72.7,71.7,0,28.812937,200,156,69.9,72.3,0,37.884872,150,208,72,72.3,0,35.41469,200,197,71,72.5,0,28.799519,200,102,73.3,72.8,0,50.11658,100,198,72.3,73,0,41.9133,200,198,71.6,72.4,0,35.341858,200,101,73.1,71.7,0,25.254007,100,199,71,71.6,0,26.642155,200,93,70.8,71.4,0,30.445969,100,97,71.9,71.5,0,27.58323,100,97,70.7,285,0,26.601347,100,206,71.6,71.8,0,32.47537,200,198,71.2,72.3,0,34.710644,200,101,73.7,72.2,0,32.752304,100,98,73.3,72.4,0,36.20433,100,200,71.6,72.2,0,32.41304,200,98,71.7,71.8,0,38.56148,100,194,69.2,72.4,0,48.51064,200,93,72.9,70.8,0,35.572662,100,114,71.2,71.8,0,34.36048,100,103,70.4,71.7,0,37.5399,100,203,71.5,72.2,0,36.4353,200,191,69.8,72.7,0,53.170525,200,209,72.3,70.9,0,41.280888,200,199,72.3,71.7,0,38.500057,200,97,72.8,71.3,0,50.24233,100,100,72.6,71.5,0,25.860209,100,97,70.6,71.9,0,37.853798,100,198,70.1,72.1,0,33.9323,200,200,71.3,72.1,0,29.80724,200,97,68.8,72.3,0,42.923798,100,197,69.2,72.6,0,37.339504,200,87.2,87.3,88.4,143.1,102.2,113.8,2.6,-0.4,29.89
20170729,2335,70.8,58,27.16357335,22.85324583,1,50.2,50.7,4.15,73.1,74.1,-0.2,0.55,0,0,0,5,0,0,0,0,0,0,0,200,72,7.5,4.15,7.5,200,78.9,73.5,67,0,0,0,60.8,0,0,70.4,0,61.8,0.8125,40.4,0,0,-0.2,1.5,0,0,0,72.8,72.1,73,56.4,15,58.7,61.4,20,0,72.1,1,61.8,0.8125,59,0,0,61.3,55.7,10,4.7,0.7,15,15,48.9,71.1,82.4,100,99.4,0,70.5,1.3,65.55173,65.05173,0,12.6,0,0,0,0,0,72,108,77,0,0,0,85,55,0,68.5,67.1,1,2200,15,72.7,70.9,0,100,260,2,70.5,69.6,0,0.03579098,0,-17,73.9,69.3,0,0,0,1270,75.3,70,0,0,700,128,72.5,68.7,0,0,0,46,73.2,70.4,0,0,0,-1,72.1,70.8,0,0,0,48,71.6,72.4,0,0,0,42,72.1,69.9,0,0.024560973,0,8,71.5,71.5,0,100,950,-3,0,71,0,0.012229424,0,-4,72.1,70.8,0,0,0,101,73.2,72.9,0,39.638645,100,201,70.2,73,0,38.10516,200,201,71,72.6,0,40.191036,200,191,72.2,72.6,0,24.230206,200,97,72.7,71.3,0,24.16443,100,207,71,72.2,0,24.883608,200,199,72.8,72,0,20.512821,200,101,71.2,71.8,0,28.250736,100,203,72.9,72.1,0,22.76714,200,98,70,72.1,0,30.854198,100,99,73.1,73,0,35.423313,100,98,71.4,72.9,0,34.92823,100,194,70.7,72.8,0,30.26267,200,100,71.6,72.1,0,22.35568,100,200,71,72.7,0,31.331944,200,199,71.8,71.7,0,28.324974,200,201,71.8,71.9,0,22.985111,200,97,70.6,71.5,0,30.3681,100,194,70.4,72.6,0,28.685995,200,199,70,72.7,0,26.412777,200,98,73.1,72.9,0,49.6633,100,196,71.2,72.9,0,39.557827,200,204,71.3,72.7,0,28.430891,200,0,72.4,70.5,0,0,0,203,72.4,72.6,0,29.523811,200,200,71.8,72.2,0,36.29666,200,203,72.7,72.1,0,28.812937,200,157,70,72.5,0,37.884872,150,207,72,72.6,0,35.41469,200,197,71.1,72.6,0,28.799519,200,101,73.4,72.8,0,50.11658,100,198,72.4,73,0,41.9133,200,199,71.6,72.6,0,35.341858,200,101,73.1,72,0,25.254007,100,200,71.1,72,0,26.642155,200,93,71,71.9,0,30.445969,100,96,71.9,72,0,27.58323,100,98,70.8,284.9,0,26.601347,100,205,71.7,72.1,0,32.47537,200,197,71.3,72.5,0,34.710644,200,100,73.7,72.5,0,32.752304,100,99,73.4,72.5,0,36.20433,100,198,71.7,72.5,0,32.41304,200,99,71.8,72.1,0,38.56148,100,196,69.5,72.6,0,48.51064,200,93,72.9,71.3,0,35.572662,100,111,71.3,72.1,0,34.36048,100,102,70.5,72.1,0,37.5399,100,203,71.5,72.4,0,36.4353,200,194,69.9,72.7,0,53.170525,200,209,72.3,71.5,0,41.280888,200,199,72.3,72.2,0,38.500057,200,96,72.9,71.9,0,50.24233,100,99,72.7,72,0,25.860209,100,97,70.7,72.3,0,37.853798,100,196,70.2,72.4,0,33.9323,200,201,71.3,72.3,0,29.80724,200,97,69,72.5,0,42.923798,100,197,69.3,72.7,0,37.339504,200,87.2,87.3,88.3,142.1,102.3,114,1.2,-0.1,29.89
20170729,2340,70.7,59,27.28152411,22.85324583,1,50.3,50.8,4.15,73.2,74.2,-0.1,0.55,0,0,0,5,0,0,0,0,0,0,0,200,72,7.5,4.15,7.5,200,78.9,73.4,67.1,0,0,0,60.8,0,0,70.4,0,61.8,0.8125,40.1,0,0,-0.2,1.5,0,0,0,72.9,72.1,73.2,56.4,15,63.5,61.4,20,0,72.1,0.99,61.8,0.8125,58.8,0,0,61.4,55.8,10,4.9,1.5,15,15,49,71.1,82.4,100,99.4,0,70.5,1.3,65.55173,65.05173,0,12.4,0,0,0,0,0,72,113,77.2,0,0,0,85,55,0,68.6,67.2,1,2200,14,72.8,70.9,0,100,260,2,70.6,69.9,0,0.03579098,0,-17,74,69.5,0,0,0,1271,75.4,70.4,0,0,700,127,72.5,68.9,0,0,0,46,73.3,70.6,0,0,0,-1,72.2,71,0,0,0,49,71.6,72.6,0,0,0,40,72.1,70.1,0,0.024560973,0,6,71.6,71.7,0,100,950,-3,0,71.2,0,0.012229424,0,-4,72.1,71,0,0,0,101,73.2,72.9,0,39.638645,100,198,70.3,73.1,0,38.10516,200,199,71.2,72.7,0,40.191036,200,191,72.2,72.7,0,24.230206,200,97,72.7,71.7,0,24.16443,100,204,71,72.4,0,24.883608,200,200,72.9,72.3,0,20.512821,200,101,71.3,72.1,0,28.250736,100,204,72.9,72.3,0,22.76714,200,98,70.1,72.3,0,30.854198,100,98,73.1,73,0,35.423313,100,97,71.5,73,0,34.92823,100,193,70.8,72.8,0,30.26267,200,99,71.7,72.4,0,22.35568,100,201,71.1,72.8,0,31.331944,200,200,71.9,72,0,28.324974,200,200,71.8,72.1,0,22.985111,200,96,70.7,71.8,0,30.3681,100,190,70.4,72.6,0,28.685995,200,202,70.1,72.8,0,26.412777,200,97,73.2,72.9,0,49.6633,100,194,71.2,72.9,0,39.557827,200,205,71.3,72.7,0,28.430891,200,0,72.4,70.6,0,0,0,204,72.4,72.8,0,29.523811,200,199,71.9,72.4,0,36.29666,200,203,72.7,72.3,0,28.812937,200,154,70.1,72.7,0,37.884872,150,207,72.1,72.7,0,35.41469,200,195,71.1,72.7,0,28.799519,200,101,73.5,72.8,0,50.11658,100,199,72.5,73,0,41.9133,200,196,71.7,72.7,0,35.341858,200,100,73.2,72.3,0,25.254007,100,199,71.2,72.2,0,26.642155,200,93,71.1,72.1,0,30.445969,100,96,72,72.2,0,27.58323,100,97,70.9,284.9,0,26.601347,100,206,71.7,72.2,0,32.47537,200,195,71.4,72.6,0,34.710644,200,101,73.8,72.6,0,32.752304,100,98,73.4,72.6,0,36.20433,100,198,71.7,72.5,0,32.41304,200,97,71.8,72.3,0,38.56148,100,182,69.7,72.6,0,48.51064,200,92,72.9,71.7,0,35.572662,100,101,71.4,72.3,0,34.36048,100,102,70.6,72.3,0,37.5399,100,204,71.6,72.5,0,36.4353,200,198,70.1,72.8,0,53.170525,200,209,72.4,71.9,0,41.280888,200,199,72.4,72.5,0,38.500057,200,96,73,72.2,0,50.24233,100,99,72.8,72.3,0,25.860209,100,97,70.8,72.5,0,37.853798,100,197,70.4,72.5,0,33.9323,200,200,71.4,72.4,0,29.80724,200,97,69.1,72.6,0,42.923798,100,196,69.4,72.8,0,37.339504,200,87.3,87.4,88.6,142.1,102.3,114,1.2,0.2,29.89
20170729,2345,70.5,61.5,27.60246938,22.85324583,1,50.4,51,4.1,73.3,74.3,-0.1,0.55,0,0,0,5,0,0,0,0,0,0,0,200,72,7.5,4.1,7.5,200,79.1,73.4,67.2,0,0,0,60.8,0,0,70.5,0,61.8,0.8125,40,0,0,-0.2,1.5,0,0,0,72.9,72.1,73.2,56.4,15,68.4,61.4,20,0,72,1,61.8,0.8125,58.8,0,0,61,55.6,10,4.4,0.7,15,15,49.4,71.1,82.4,100,99.4,0,70.5,1.3,65.55173,65.05173,0,12.6,0,0,0,0,0,72,109,77.4,0,0,0,85,55,0,68.6,67.2,1,2200,15,72.8,70.8,0,100,260,2,70.6,70.2,0,0.03579098,0,-17,74.1,69.6,0,0,0,1270,75.4,70.6,0,0,700,129,72.6,69.1,0,0,0,46,73.4,70.8,0,0,0,-1,72.3,71.3,0,0,0,48,71.6,72.7,0,0,0,42,72.2,70.4,0,0.024560973,0,7,71.6,72,0,100,950,-3,0,71.4,0,0.012229424,0,-4,72.2,71.2,0,0,0,101,73.2,73,0,39.638645,100,201,70.4,73.2,0,38.10516,200,201,71.3,72.8,0,40.191036,200,191,72.3,72.8,0,24.230206,200,98,72.7,71.9,0,24.16443,100,203,71.1,72.6,0,24.430286,200,201,72.9,72.5,0,20.512821,200,100,71.4,72.3,0,28.250736,100,204,72.9,72.5,0,22.76714,200,99,70.2,72.5,0,30.854198,100,99,73.1,73.1,0,35.423313,100,99,71.6,73.1,0,34.92823,100,196,70.8,73,0,30.26267,200,101,71.7,72.5,0,22.35568,100,202,71.2,73,0,31.331944,200,203,72,72.3,0,28.324974,200,201,71.9,72.3,0,22.985111,200,97,70.8,72.1,0,30.3681,100,210,70.5,72.7,0,28.685995,200,196,70.2,72.9,0,26.412777,200,98,73.3,73,0,49.6633,100,196,71.3,73,0,39.557827,200,207,71.4,72.8,0,28.430891,200,0,72.4,70.6,0,0,0,201,72.5,72.9,0,29.523811,200,201,72,72.6,0,36.29666,200,202,72.8,72.5,0,28.812937,200,156,70.2,72.9,0,37.884872,150,209,72.1,72.8,0,35.41469,200,197,71.2,72.8,0,29.075632,200,101,73.5,72.9,0,50.11658,100,199,72.6,73.1,0,41.9133,200,198,71.8,72.8,0,35.341858,200,101,73.2,72.4,0,25.254007,100,201,71.3,72.4,0,26.642155,200,92,71.2,72.3,0,30.445969,100,96,72,72.5,0,27.58323,100,98,71,284.8,0,26.601347,100,206,71.8,72.4,0,32.47537,200,197,71.5,72.7,0,34.710644,200,102,73.8,72.8,0,32.752304,100,99,73.5,72.6,0,36.20433,100,200,71.8,72.7,0,32.41304,200,98,71.8,72.5,0,38.56148,100,195,69.9,72.8,0,48.51064,200,93,73,71.9,0,35.572662,100,114,71.5,72.4,0,34.36048,100,102,70.6,72.5,0,37.5399,100,205,71.6,72.7,0,36.4353,200,200,70.2,72.9,0,53.170525,200,209,72.4,72.3,0,41.280888,200,200,72.5,72.7,0,38.500057,200,97,73.1,72.5,0,50.24233,100,100,72.8,72.6,0,25.860209,100,98,70.9,72.7,0,37.853798,100,197,70.4,72.7,0,33.9323,200,200,71.4,72.5,0,29.80724,200,97,69.2,72.7,0,42.923798,100,196,69.5,72.9,0,37.339504,200,87.3,87.4,88.4,142.1,102.3,114.1,1.2,1,29.89
20170729,2350,70.2,61.1,27.34904791,22.85324583,1,50.5,51.1,4.1,73.4,74.4,-0.1,0.55,0,0,0,5,0,0,0,0,0,0,0,200,72,7.5,4.1,7.5,200,79,72.9,67.1,0,0,0,61.6,0,0,70.5,0,62.6,0.8125,39.9,0,0,-0.2,1.5,0,0,0,73,72,73.5,56.4,15,73.1,61.8,20,0,71.9,1,62.6,0.8125,58.7,0,0,60.5,55.7,10,4.9,0.9,15,15,50.1,71.1,83.3,100,99.8,0,70.5,1.25,65.793106,65.293106,0,12.4,0,0,0,0,0,72,113,77.6,0,0,0,85,55,0,68.6,67.3,1,2200,15,72.9,70.7,0,100,260,2,70.6,70.4,0,0.03579098,0,-17,74.1,69.8,0,0,0,1271,75.5,70.9,0,0,700,128,72.7,69.3,0,0,0,46,73.5,71,0,0,0,-1,72.4,71.5,0,0,0,48,71.6,72.9,0,0,0,42,72.2,70.6,0,0.024560973,0,4,71.7,72.3,0,100,950,-3,0,71.6,0,0.012229424,0,-3,72.2,71.4,0,0,0,101,73.3,73.2,0,39.638645,100,200,70.4,73.3,0,38.10516,200,201,71.4,73,0,40.191036,200,192,72.3,73,0,24.230206,200,97,72.8,72.2,0,24.16443,100,204,71.2,72.8,0,24.430286,200,199,73,72.7,0,20.512821,200,101,71.5,72.5,0,28.250736,100,204,73,72.8,0,22.76714,200,97,70.3,72.7,0,30.854198,100,99,73.2,73.3,0,35.423313,100,96,71.6,73.3,0,34.92823,100,196,70.9,73.1,0,30.26267,200,99,71.7,72.7,0,22.35568,100,201,71.2,73.2,0,31.331944,200,199,72.1,72.5,0,28.324974,200,203,71.9,72.5,0,22.985111,200,96,70.9,72.3,0,30.3681,100,196,70.5,72.9,0,28.685995,200,205,70.2,73.1,0,26.412777,200,98,73.3,73.2,0,49.6633,100,196,71.3,73.2,0,39.557827,200,204,71.5,73,0,28.430891,200,0,72.4,70.6,0,0,0,202,72.5,73.1,0,29.523811,200,200,72,72.8,0,36.29666,200,203,72.8,72.7,0,28.812937,200,155,70.4,73.1,0,37.884872,150,209,72.1,73,0,35.41469,200,198,71.3,73,0,29.075632,200,101,73.5,73.1,0,50.11658,100,199,72.7,73.3,0,41.9133,200,197,71.8,72.9,0,35.341858,200,101,73.2,72.6,0,25.254007,100,198,71.4,72.6,0,26.642155,200,94,71.3,72.5,0,30.445969,100,99,72,72.7,0,27.58323,100,96,71.1,284.9,0,26.601347,100,202,71.8,72.6,0,32.47537,200,197,71.6,72.9,0,34.710644,200,102,73.8,72.9,0,32.752304,100,98,73.5,72.8,0,36.20433,100,199,71.8,72.8,0,32.41304,200,98,71.8,72.6,0,38.56148,100,186,70,73,0,48.51064,200,92,73,72.2,0,35.572662,100,109,71.5,72.6,0,34.36048,100,102,70.7,72.7,0,37.5399,100,205,71.7,72.8,0,36.4353,200,197,70.3,73.1,0,53.170525,200,209,72.5,72.5,0,41.280888,200,199,72.6,73,0,38.500057,200,96,73.2,72.8,0,50.24233,100,100,72.9,72.8,0,25.860209,100,97,70.9,72.9,0,37.853798,100,198,70.5,72.8,0,33.9323,200,200,71.5,72.7,0,29.80724,200,97,69.3,72.9,0,42.923798,100,197,69.6,73.1,0,37.339504,200,87.4,87.4,88.3,142.1,102.3,114.2,1.2,0,29.89
20170729,2355,70,60.6,27.13757625,22.85324583,1,50.6,51.2,4.1,73.5,74.4,-0.1,0.55,0,0,0,5,0,0,0,0,0,0,0,200,72,7.5,4.1,7.5,200,78.9,72.7,67.1,0,0,0,61.6,0,0,70.5,0,62.6,0.8125,40.2,0,0,-0.2,1.5,0,0,0,73,72.1,73.7,56.2,15,78.1,61.8,20,0,72,1,62.6,0.8125,58.5,0,0,60.2,55.6,10,4.6,1.1,15,15,50.1,71.1,83,100,99.4,0,68.5,1.3,65.793106,65.293106,0,12.4,0,0,0,0,0,72,110,77.7,0,0,0,85,55,0,68.6,67.3,1,2200,15,72.9,70.8,0,100,260,2,70.7,70.6,0,0.03579098,0,-16,74.2,69.9,0,0,0,1270,75.5,71.1,0,0,700,130,72.7,69.5,0,0,0,45,73.6,71.2,0,0,0,-1,72.5,71.7,0,0,0,44,71.7,73,0,0,0,41,72.2,70.8,0,0.024560973,0,4,71.7,72.7,0,100,950,-4,0,71.8,0,0.012229424,0,-4,72.3,71.5,0,0,0,101,73.3,73.4,0,39.638645,100,200,70.6,73.5,0,38.10516,200,201,71.5,73.2,0,40.191036,200,190,72.4,73.2,0,24.230206,200,97,72.8,72.5,0,24.16443,100,204,71.2,73,0,24.430286,200,198,73,73,0,20.512821,200,100,71.6,72.8,0,28.250736,100,204,73,72.9,0,22.76714,200,98,70.4,72.9,0,30.854198,100,98,73.2,73.6,0,35.423313,100,96,71.7,73.4,0,34.92823,100,194,71,73.3,0,30.26267,200,99,71.7,73,0,22.35568,100,200,71.3,73.4,0,31.331944,200,199,72.2,72.8,0,28.324974,200,202,72,72.8,0,22.985111,200,96,71,72.5,0,30.3681,100,190,70.6,73.1,0,28.685995,200,197,70.3,73.3,0,26.412777,200,97,73.3,73.4,0,49.6633,100,202,71.4,73.4,0,39.985737,200,203,71.5,73.2,0,28.430891,200,0,72.4,70.7,0,0,0,202,72.5,73.3,0,29.523811,200,200,72.1,73,0,36.29666,200,203,72.9,72.9,0,28.812937,200,155,70.4,73.3,0,37.884872,150,207,72.1,73.2,0,35.41469,200,195,71.3,73.2,0,29.075632,200,101,73.6,73.3,0,50.11658,100,198,72.8,73.5,0,41.9133,200,198,71.9,73.1,0,35.341858,200,101,73.2,72.9,0,25.254007,100,198,71.5,72.8,0,26.642155,200,92,71.4,72.8,0,30.445969,100,94,72.1,72.9,0,27.58323,100,96,71.2,285.1,0,26.601347,100,204,71.9,72.8,0,32.47537,200,196,71.7,73.1,0,34.710644,200,101,73.9,73.1,0,32.752304,100,99,73.5,73,0,36.20433,100,197,71.9,73.1,0,32.41304,200,98,71.9,72.9,0,38.56148,100,187,70.2,73.2,0,48.51064,200,93,73,72.5,0,35.572662,100,109,71.6,72.8,0,34.36048,100,104,70.8,72.9,0,37.5399,100,202,71.7,73,0,36.4353,200,193,70.4,73.3,0,53.170525,200,208,72.5,72.8,0,41.280888,200,199,72.6,73.2,0,38.500057,200,96,73.2,73,0,50.24233,100,99,72.9,73,0,25.860209,100,97,71,73.1,0,37.853798,100,196,70.6,73.1,0,33.9323,200,199,71.6,73,0,29.80724,200,97,69.5,73.1,0,42.923798,100,196,69.7,73.3,0,37.339504,200,87.4,87.5,88.6,145.1,102.3,114.4,1.2,1.6,29.9
