Date' (yyyymmdd),Time' (min),Outdoor Air Temperature' (°F),Outdoor Air Relative Humidity' (%),Outdoor Air Enthalpy' (BTU/lb),Energy Usage Hour' (KWh),Sensor: Chilled Water Flowrate' (GPM),Sensor: Chilled Water Return Temperature' (°F),Sensor: Chilled Water Supply Temperature' (°F),Sensor: Cooling Water Delta Pressure' (psi),Sensor: Cooling Water Return Temperature' (°F),Sensor: Cooling Water Supply Temperature'(°F),Sensor: Cooling Water Valve Feedback' (%),Sensor: Chilled Water Supply Delta Pressure' (psi),"Control Chiller Status' (0 = Off, 1 = On)","Spare Pump Status' (0 = Off, 1 = On)","Bypass Valve Status' (0 = Closed, 1 = Open)",Control: Chilled Water Bypass Valve Output' (%),Control: Chilled Water Pump Vfd Output' (%),Control: Cooling Water Pump Vfd Output' (%),"Control: Chiller On/Off' (0 = Off, 1 = On)","Control: Chilled Water Pump On/Off' (0 = Off, 1 = On)","Control: Cooling Water Pump On/Off' (0 = Off, 1 = On)","Control: Spare Pump On/Off' (0 = Off, 1 = On)",Control: Cooling Water Bypass Setpoint' (%),Chilled Water Flowrate Setpoint' (GPM ),Bypass Valve Setpoint' (psi),Cooling Water Delta Pressure Setpoint' (psi),Sensor: Cooling Water Delta Pressure' (psi),Chilled Water Delta Pressure Setpoint' (psi),Chilled Water Flowrate Setpoint' (GPM),Sensor: Return Air Temperature' (°F),Sensor: Mixed Air Temperature' (°F),Sensor: Supply Air Temperature' (°F),Control: Supply Fan Speed' (%),Economizer Position' (%),Feedback: Cooling Coil Valve Position' (%),Economizer Setpoint' (%),Control: Return Fan Speed' (%),Sensor: Filter DP' (inches of water column  or in.  w.c.),Sensor: Between-Coil Temperature' (°F),Sensor: Supply Air Static Pressure' (inches of water column  or w.c.),Supply Air Temperature Setpoint' (°F),Supply Air Static Pressure Setpoint' (in. w.c.),Sensor: Return Air Relative Humidity' (%),×' (placeholder),×' (placeholder),Sensor: Supply Air Fan Current' (Amperes),Sensor: Return Air Fan Current' (Amperes),×' (placeholder),Control: Steam Valve 1/3' (%),Control: Steam Valve 2/3' (%),Sensor: Return Air Temperature' (°F),Sensor: Mixed Air Temperature' (°F),Sensor: Supply Air Temperature' (°F),Supply Fan Speed' (%),Economizer Position' (%),Feedback: Cooling Coil Valve Position' (%),Economizer Setpoint' (%),Control Return Fan Speed' (%),×' (placeholder),Sensor: Between-coil Temperature' (°F),Sensor: Supply Air Static Pressure' (in. w.c.),Supply Air Temperature Setpoint' (°F),Supply Air Static Pressure Setpoint' (in. w.c.),Sensor: Return Air Relative Humidity' (%),×' (placeholder),×' (placeholder),Sensor: Supply Air Humidity' (%),Sensor: Supply Air Fan Current' (Amperes),Sensor: Return Air Fan Current' (Amperes),Control: Steam Valve 1/3' (%),Control: Steam Valve 2/3' (%),Control: Relief Air Damper' (%),Control: Return Air Damper' (%),Sensor: Supply Air Humidity' (%),Sensor: Supply Air Temperature' (°F),Sf_vfd_output' (%),Economizer Position' (%),Feedback: Cooling Coil Valve Position' (%),×' (placeholder),Sensor: Between-Coil Temperature' (°F),Sensor: Supply Air Static Pressure' (in. w.c.),Supply Air Temperature Setpoint' (°F),Supply Air Temperature Setpoint' (in. w.c.),×' (Placeholder),Sensor: Supply Air Fan Current' (Amperes),Steam Valve 1/3' (%),Steam Valve 2/3' (%),"Cooling Tower Fan Status' Binary (0 = Off, 1 = On)",Damper Position' (%),"Cooling Tower Fan Start/Stop' (0 = Off, 1 = On)",Cooling Tower Variable Frequency Drive Setpoint' (%),Sensor: Flowrate' (GPM ),Sensor: Discharge Temperature' (°F),Control Signal for Hot Water Valve Position' (%),Control: Damper Position' (%),Control: Flow Setpoint' (GPM),Cooling Setpoint' (°F),Heating Setpoint' (°F),Sensor: Air Flow Rate' (CFM),Sensor: Zone Temperature' (°F),Sensor: Discharge Temperature' (°F),Control: Damper  Position' (%),Control: Flow Setpoint' (GPM),Sensor: Air Flow Rate' (CFM),Sensor: Zone Temperature' (°F),Sensor: Discharge Temperature' (°F),Control:Hot Water Valve' (%),Control: Damper Position' (%),Control: Flow Setpoint' (GPM),Sensor: Air Flow Rate' (CFM),Sensor: Zone Temperature' (°F),Sensor: Discharge Temperature' (°F),Control:Hot Water Valve' (%),Control: Damper Position' (%),Control: Flow Setpoint' (GPM),Sensor: Air Flow Rate' (CFM),Sensor: Zone Temperature' (°F),Sensor: Discharge Temperature' (°F),Control:Hot Water Valve' (%),Control: Damper Position' (%),Control: Flow Setpoint' (GPM),Sensor: Air Flow Rate' (CFM),Sensor: Zone Temperature' (°F),Sensor: Discharge Temperature' (°F),Control:Hot Water Valve' (%),Control: Damper Position' (%),Control: Flow Setpoint' (GPM),Sensor: Air Flow Rate' (CFM),Sensor: Zone Temperature' (°F),Sensor: Discharge Temperature' (°F),Control:Hot Water Valve' (%),Control: Damper Position' (%),Control: Flow Setpoint' (GPM),Sensor: Air Flow Rate' (CFM),Sensor: Zone Temperature' (°F),Sensor: Discharge Temperature' (°F),Control:Hot Water Valve' (%),Control: Damper Position' (%),Control: Flow Setpoint' (GPM),Sensor: Air Flow Rate' (CFM),Sensor: Zone Temperature' (°F),Sensor: Discharge Temperature' (°F),Control:Hot Water Valve' (%),Control: Damper Position' (%),Control: Flow Setpoint' (GPM),Sensor: Air Flow Rate' (CFM),Sensor: Zone Temperature' (°F),Sensor: Discharge Temperature' (°F),Control:Hot Water Valve' (%),Control: Damper Position' (%),Control: Flow Setpoint' (GPM),Sensor: Air Flow Rate' (CFM),Sensor: Zone Temperature' (°F),Sensor: Discharge Temperature' (°F),Control:Hot Water Valve' (%),Control: Damper Position' (%),Control: Flow Setpoint' (GPM),Sensor: Air Flow Rate' (CFM),Sensor: Zone Temperature' (°F),Sensor: Discharge Temperature' (°F),Control:Hot Water Valve' (%),Control: Damper Position' (%),Control: Flow Setpoint' (GPM),Sensor: Air Flow Rate' (CFM),×' (placeholder),Sensor: Discharge Temperature' (°F),Control:Hot Water Valve' (%),Control: Damper Position' (%),Control: Flow Setpoint' (GPM),Sensor: Air Flow Rate' (CFM),Sensor: Zone Temperature' (°F),Sensor: Discharge Temperature' (°F),Control:Hot Water Valve' (%),Control: Damper Position' (%),Control: Flow Setpoint' (GPM),Sensor: Air Flow Rate' (CFM),Sensor: Zone Temperature' (°F),Sensor: Discharge Temperature' (°F),Control:Hot Water Valve' (%),Control: Damper Position' (%),Control: Flow Setpoint' (GPM),Sensor: Air Flow Rate' (CFM),Sensor: Zone Temperature' (°F),Sensor: Discharge Temperature' (°F),Control:Hot Water Valve' (%),Control: Damper Position' (%),Control: Flow Setpoint' (GPM),Sensor: Air Flow Rate' (CFM),Sensor: Zone Temperature' (°F),Sensor: Discharge Temperature' (°F),Control:Hot Water Valve' (%),Control: Damper Position' (%),Control: Flow Setpoint' (GPM),Sensor: Air Flow Rate' (CFM),Sensor: Zone Temperature' (°F),Sensor: Discharge Temperature' (°F),Control:Hot Water Valve' (%),Control: Damper Position' (%),Control: Flow Setpoint' (GPM),Sensor: Air Flow Rate' (CFM),Sensor: Zone Temperature' (°F),Sensor: Discharge Temperature' (°F),Control:Hot Water Valve' (%),Control: Damper Position' (%),Control: Flow Setpoint' (GPM),Sensor: Air Flow Rate' (CFM),Sensor: Zone Temperature' (°F),Sensor: Discharge Temperature' (°F),Control:Hot Water Valve' (%),Control: Damper Position' (%),Control: Flow Setpoint' (GPM),Sensor: Air Flow Rate' (CFM),Sensor: Zone Temperature' (°F),Sensor: Discharge Temperature' (°F),Control:Hot Water Valve' (%),Control: Damper Position' (%),Control: Flow Setpoint' (GPM),Sensor: Air Flow Rate' (CFM),Sensor: Zone Temperature' (°F),Sensor: Discharge Temperature' (°F),Control:Hot Water Valve' (%),Control: Damper Position' (%),Control: Flow Setpoint' (GPM),Sensor: Air Flow Rate' (CFM),Sensor: Zone Temperature' (°F),Sensor: Discharge Temperature' (°F),Control:Hot Water Valve' (%),Control: Damper Position' (%),Control: Flow Setpoint' (GPM),Sensor: Air Flow Rate' (CFM),Sensor: Zone Temperature' (°F),Sensor: Discharge Temperature' (°F),Control:Hot Water Valve' (%),Control: Damper Position' (%),Control: Flow Setpoint' (GPM),Sensor: Air Flow Rate' (CFM),Sensor: Zone Temperature' (°F),Sensor: Discharge Temperature' (°F),Control:Hot Water Valve' (%),Control: Damper Position' (%),Control: Flow Setpoint' (GPM),Sensor: Air Flow Rate' (CFM),Sensor: Zone Temperature' (°F),Sensor: Discharge Temperature' (°F),Control:Hot Water Valve' (%),Control: Damper Position' (%),Control: Flow Setpoint' (GPM),Sensor: Air Flow Rate' (CFM),Sensor: Zone Temperature' (°F),Sensor: Discharge Temperature' (°F),Control:Hot Water Valve' (%),Control: Damper Position' (%),Control: Flow Setpoint' (GPM),Sensor: Air Flow Rate' (CFM),Sensor: Zone Temperature' (°F),Sensor: Discharge Temperature' (°F),Control:Hot Water Valve' (%),Control: Damper Position' (%),Control: Flow Setpoint' (GPM),Sensor: Air Flow Rate' (CFM),Sensor: Zone Temperature' (°F),Sensor: Discharge Temperature' (°F),Control:Hot Water Valve' (%),Control: Damper Position' (%),Control: Flow Setpoint' (GPM),Sensor: Air Flow Rate' (CFM),Sensor: Zone Temperature' (°F),Sensor: Discharge Temperature' (°F),Control:Hot Water Valve' (%),Control: Damper Position' (%),Control: Flow Setpoint' (GPM),Sensor: Air Flow Rate' (CFM),Sensor: Zone Temperature' (°F),Sensor: Discharge Temperature' (°F),Control:Hot Water Valve' (%),Control: Damper Position' (%),Control: Flow Setpoint' (GPM),Sensor: Air Flow Rate' (CFM),Sensor: Zone Temperature' (°F),Sensor: Discharge Temperature' (°F),Control:Hot Water Valve' (%),Control: Damper Position' (%),Control: Flow Setpoint' (GPM),Sensor: Air Flow Rate' (CFM),Sensor: Zone Temperature' (°F),Sensor: Discharge Temperature' (°F),Control:Hot Water Valve' (%),Control: Damper Position' (%),Control: Flow Setpoint' (GPM),Sensor: Air Flow Rate' (CFM),Sensor: Zone Temperature' (°F),Sensor: Discharge Temperature' (°F),Control:Hot Water Valve' (%),Control: Damper Position' (%),Control: Flow Setpoint' (GPM),Sensor: Air Flow Rate' (CFM),Sensor: Zone Temperature' (°F),Sensor: Discharge Temperature' (°F),Control:Hot Water Valve' (%),Control: Damper Position' (%),Control: Flow Setpoint' (GPM),Sensor: Air Flow Rate' (CFM),Sensor: Zone Temperature' (°F),Sensor: Discharge Temperature' (°F),Control:Hot Water Valve' (%),Control: Damper Position' (%),Control: Flow Setpoint' (GPM),Sensor: Air Flow Rate' (CFM),Sensor: Zone Temperature' (°F),Sensor: Discharge Temperature' (°F),Control:Hot Water Valve' (%),Control: Damper Position' (%),Control: Flow Setpoint' (GPM),Sensor: Air Flow Rate' (CFM),Sensor: Zone Temperature' (°F),Sensor: Discharge Temperature' (°F),Control:Hot Water Valve' (%),Control: Damper Position' (%),Control: Flow Setpoint' (GPM),Sensor: Air Flow Rate' (CFM),Sensor: Zone Temperature' (°F),Sensor: Discharge Temperature' (°F),Control:Hot Water Valve' (%),Control: Damper Position' (%),Control: Flow Setpoint' (GPM),Sensor: Air Flow Rate' (CFM),Sensor: Zone Temperature' (°F),Sensor: Discharge Temperature' (°F),Control:Hot Water Valve' (%),Control: Damper Position' (%),Control: Flow Setpoint' (GPM),Sensor: Air Flow Rate' (CFM),Sensor: Zone Temperature' (°F),Sensor: Discharge Temperature' (°F),Control:Hot Water Valve' (%),Control: Damper Position' (%),Control: Flow Setpoint' (GPM),Sensor: Air Flow Rate' (CFM),Sensor: Zone Temperature' (°F),Sensor: Discharge Temperature' (°F),Control:Hot Water Valve' (%),Control: Damper Position' (%),Control: Flow Setpoint' (GPM),Sensor: Air Flow Rate' (CFM),Sensor: Zone Temperature' (°F),Sensor: Discharge Temperature' (°F),Control:Hot Water Valve' (%),Control: Damper Position' (%),Control: Flow Setpoint' (GPM),Sensor: Air Flow Rate' (CFM),Sensor: Zone Temperature' (°F),Sensor: Discharge Temperature' (°F),Control:Hot Water Valve' (%),Control: Damper Position' (%),Control: Flow Setpoint' (GPM),Sensor: Air Flow Rate' (CFM),Sensor: Zone Temperature' (°F),Sensor: Discharge Temperature' (°F),Control:Hot Water Valve' (%),Control: Damper Position' (%),Control: Flow Setpoint' (GPM),Sensor: Air Flow Rate' (CFM),Sensor: Zone Temperature' (°F),Sensor: Discharge Temperature' (°F),Control:Hot Water Valve' (%),Control: Damper Position' (%),Control: Flow Setpoint' (GPM),Sensor: Air Flow Rate' (CFM),Sensor: Zone Temperature' (°F),Sensor: Discharge Temperature' (°F),Control:Hot Water Valve' (%),Control: Damper Position' (%),Control: Flow Setpoint' (GPM),Sensor: Air Flow Rate' (CFM),Sensor: Zone Temperature' (°F),Sensor: Discharge Temperature' (°F),Control:Hot Water Valve' (%),Control: Damper Position' (%),Control: Flow Setpoint' (GPM),Sensor: Air Flow Rate' (CFM),Sensor: Zone Temperature' (°F),Sensor: Discharge Temperature' (°F),Control:Hot Water Valve' (%),Control: Damper Position' (%),Control: Flow Setpoint' (GPM),Sensor: Air Flow Rate' (CFM),Sensor: Zone Temperature' (°F),Sensor: Discharge Temperature' (°F),Control:Hot Water Valve' (%),Control: Damper Position' (%),Control: Flow Setpoint' (GPM),Sensor: Air Flow Rate' (CFM),Sensor: Zone Temperature' (°F),Sensor: Discharge Temperature' (°F),Control:Hot Water Valve' (%),Control: Damper Position' (%),Control: Flow Setpoint' (GPM),Sensor: Air Flow Rate' (CFM),Sensor: Zone Temperature' (°F),Sensor: Discharge Temperature' (°F),Control:Hot Water Valve' (%),Control: Damper Position' (%),Control: Flow Setpoint' (GPM),Sensor: Air Flow Rate' (CFM),Sensor: Zone Temperature' (°F),Sensor: Discharge Temperature' (°F),Control:Hot Water Valve' (%),Control: Damper Position' (%),Control: Flow Setpoint' (GPM),Sensor: Air Flow Rate' (CFM),Sensor: Zone Temperature' (°F),Sensor: Discharge Temperature' (°F),Control:Hot Water Valve' (%),Control: Damper Position' (%),Control: Flow Setpoint' (GPM),Sensor: Air Flow Rate' (CFM),Sensor: Zone Temperature' (°F),Sensor: Discharge Temperature' (°F),Control:Hot Water Valve' (%),Control: Damper Position' (%),Control: Flow Setpoint' (GPM),Sensor: Air Flow Rate' (CFM),Sensor: Zone Temperature' (°F),Sensor: Discharge Temperature' (°F),Control:Hot Water Valve' (%),Control: Damper Position' (%),Control: Flow Setpoint' (GPM),Sensor: Air Flow Rate' (CFM),Sensor: Zone Temperature' (°F),Sensor: Discharge Temperature' (°F),Control:Hot Water Valve' (%),Control: Damper Position' (%),Control: Flow Setpoint' (GPM),Sensor: Air Flow Rate' (CFM),Sensor: Zone Temperature' (°F),Sensor: Discharge Temperature' (°F),Control:Hot Water Valve' (%),Control: Damper Position' (%),Control: Flow Setpoint' (GPM),Sensor: Air Flow Rate' (CFM),Sensor: Zone Temperature' (°F),Sensor: Discharge Temperature' (°F),Control:Hot Water Valve' (%),Control: Damper Position' (%),Control: Flow Setpoint' (GPM),Sensor: Air Flow Rate' (CFM),Sensor: Zone Temperature' (°F),Sensor: Discharge Temperature' (°F),Control:Hot Water Valve' (%),Control: Damper Position' (%),Control: Flow Setpoint' (GPM),Sensor: Air Flow Rate' (CFM),Sensor: Zone Temperature' (°F),Sensor: Discharge Temperature' (°F),Control:Hot Water Valve' (%),Control: Damper Position' (%),Control: Flow Setpoint' (GPM),Sensor: Air Flow Rate' (CFM),Sensor: Zone Temperature' (°F),Sensor: Discharge Temperature' (°F),Control:Hot Water Valve' (%),Control: Damper Position' (%),Control: Flow Setpoint' (GPM),Sensor: Air Flow Rate' (CFM),Sensor: Zone Temperature' (°F),Sensor: Discharge Temperature' (°F),Control:Hot Water Valve' (%),Control: Damper Position' (%),Control: Flow Setpoint' (GPM),Sensor: Air Flow Rate' (CFM),Sensor: Zone Temperature' (°F),Sensor: Discharge Temperature' (°F),Control:Hot Water Valve' (%),Control: Damper Position' (%),Control: Flow Setpoint' (GPM),Sensor: Air Flow Rate' (CFM),Sensor: Zone Temperature' (°F),Sensor: Discharge Temperature' (°F),Control:Hot Water Valve' (%),Control: Damper Position' (%),Control: Flow Setpoint' (GPM),Sensor: Air Flow Rate' (CFM),Sensor: Zone Temperature' (°F),Sensor: Discharge Temperature' (°F),Control:Hot Water Valve' (%),Control: Damper Position' (%),Control: Flow Setpoint' (GPM),Sensor: Air Flow Rate' (CFM),Sensor: Zone Temperature' (°F),Sensor: Discharge Temperature' (°F),Control:Hot Water Valve' (%),Control: Damper Position' (%),Control: Flow Setpoint' (GPM),Sensor: Air Flow Rate' (CFM),Sensor: Zone Temperature' (°F),Sensor: Discharge Temperature' (°F),Control:Hot Water Valve' (%),Control: Damper Position' (%),Control: Flow Setpoint' (GPM),Sensor: Air Flow Rate' (CFM),Sensor: Zone Temperature' (°F),Sensor: Discharge Temperature' (°F),Control:Hot Water Valve' (%),Control: Damper Position' (%),Control: Flow Setpoint' (GPM),Sensor: Air flow rate',Sensor: Zone temperature',Sensor: Discharge temperature',Control:HW valve',Control: Damper  Position',Control: Flow Stpt',Sensor: Air Flow Rate' (CFM),Sensor: Zone Temperature' (°F),Sensor: Discharge Temperature' (°F),Control:Hot Water Valve' (%),Control: Damper Position' (%),Control: Flow Setpoint' (GPM),Sensor: Air Flow Rate' (CFM),Sensor: Zone Temperature' (°F),Sensor: Discharge Temperature' (°F),Control:Hot Water Valve' (%),Control: Damper Position' (%),Control: Flow Setpoint' (GPM),Sensor: Air Flow Rate' (CFM),Sensor: Zone Temperature' (°F),Sensor: Discharge Temperature' (°F),Control:Hot Water Valve' (%),Control: Damper Position' (%),Control: Flow Setpoint' (GPM),Control: Flow Setpoint' (GPM),Control: Flow Setpoint' (GPM),Control: Flow Setpoint' (GPM),Control: Flow Setpoint' (GPM),Control: Flow Setpoint' (GPM),Control: Flow Setpoint' (GPM),Control: Flow Setpoint' (GPM),Control: Flow Setpoint' (GPM),Outdoor air Pressure' (inHg)
20170714,0,80.4,86.1,40.41224686,35.67225,1,56.1,56.5,4.2,75.6,76.4,-0.2,0.55,0,0,0,5,0,0,0,0,0,0,0,200,72,7.5,4.2,7.5,200,80.1,78.8,78.6,0,0,0,58.8,0,0,70.8,0,59.8,0.8125,52.2,0,0,-0.2,1.5,0,0,0,74.9,75.2,69.8,56.2,15,77.7,60.4,20,0,75.3,1.01,59.8,0.8125,65.8,0,0,98.5,56,10,4.6,1.3,15,15,74.3,69.8,82,100,99.6,0,75.2,1.3,64.94827,64.44827,0,12.6,0,0,0,0,0,72,110,77.8,0,0,0,85,55,0,72.1,66.6,1,2200,14,73.9,74.8,0,100,260,2,72.2,72.4,0,0.024405126,0,-17,75.6,71.8,0,0,0,1275,78.1,72.8,0,0.03508772,700,129,75.4,73.9,0,0,0,45,72.7,73.6,0,0,0,-1,75.4,74.7,0,0,0,38,73.3,75.9,0,0,0,41,75.4,77.4,0,0.036859564,0,4,74.1,77.6,0,100,950,-5,0,74.7,0,0.024533857,0,-5,74.2,74.8,0,0.024579084,0,101,74.1,68.8,0,39.57719,100,199,70.7,69,0,38.019363,200,200,71.7,68.7,0,39.52976,200,201,74.4,68.2,0,24.731182,200,101,74,67.8,0,26.055136,100,201,73.6,68.1,0,23.915707,200,198,74.1,67.9,0,19.236902,200,101,72.5,68.5,0,28.864082,100,199,75.1,68.1,0,22.594194,200,100,71.5,68.2,0,29.970545,100,100,74.1,69.2,0,35.64417,100,99,73.2,69,0,35.23494,100,198,72.9,68.8,0,30.718956,200,101,73.3,68.3,0,22.588552,100,197,73.7,68.5,0,31.760815,200,200,74,67.9,0,26.917902,200,203,72.9,67.7,0,22.911283,200,102,71.7,68.3,0,30.2454,100,198,72.2,68.3,0,28.599628,200,194,70.7,68.8,0,26.94103,200,97,73.9,69.1,0,48.953827,100,202,73.1,69.1,0,39.5816,200,204,73.4,68.5,0,26.856861,200,0,74.2,72.4,0,0,0,202,74.7,68.4,0,29.56044,200,194,73.5,68.4,0,35.977406,200,199,73.6,67.8,0,27.293888,200,150,70.3,68.5,0,37.483265,150,205,74.4,68.1,0,35.731644,200,198,72.6,68.5,0,29.200241,200,101,74.5,68.9,0,50.177937,100,193,73.6,69.1,0,41.606285,200,197,73.8,68.2,0,35.477127,200,98,74.3,68,0,24.996939,100,200,73.6,67.8,0,26.605392,200,97,72.6,67.9,0,30.89929,100,97,73.3,68.1,0,27.644882,100,97,71.8,284.8,0,25.988977,100,202,74.5,68,0,32.426105,200,197,72.7,68.5,0,34.710644,200,105,74.9,67.8,0,32.519154,100,97,75.8,69.2,0,36.119373,100,199,74.7,68,0,32.08465,200,98,72.8,67.7,0,38.706993,100,200,70.8,68.5,0,49.06991,200,103,75.6,67.7,0,35.804684,100,101,72.9,67.9,0,33.956955,100,103,71.5,68.7,0,37.28453,100,194,74.6,67.9,0,36.34771,200,190,71.2,68.4,0,53.013313,200,195,74.8,68.1,0,40.8472,200,202,73.8,68.4,0,38.73297,200,99,74.2,68.3,0,50.306747,100,96,75.2,68.4,0,25.48855,100,96,73.2,68.6,0,37.802895,100,197,72.3,68.8,0,34.047222,200,202,75,68,0,29.913023,200,98,72.1,68.5,0,43.079315,100,199,71.6,68.5,0,41.968803,200,89,89.1,87.8,145.9,102.7,116.1,1.2,-0.1,30.01
20170714,5,80.3,86.5,40.41722723,31.31746667,1,56.2,56.6,4.2,75.6,76.5,-0.1,0.55,0,0,0,5,0,0,0,0,0,0,0,200,72,7.5,4.2,7.5,200,80.6,79,78.6,0,0,0,58.8,0,0,71.1,0,59.8,0.8125,51.5,0,0,-0.2,1.5,0,0,0,74.9,75.1,71,56.3,15,82,60.4,20,0,75.2,1.01,59.8,0.8125,66.4,0,0,92.7,55.6,10,4.8,1,15,15,73.6,69.8,83,100,100,0,75.2,1.25,64.94827,64.44827,0,13,0,0,0,0,0,72,114,77.9,0,0,0,85,55,0,72.1,66.6,1,2200,14,73.9,74.8,0,100,260,2,72.2,72.4,0,0.024405126,0,-16,75.6,71.9,0,0,0,1276,78.1,73,0,0.03508772,700,127,75.5,74,0,0,0,45,72.8,73.8,0,0,0,-1,75.5,74.8,0,0,0,36,73.4,76,0,0,0,40,75.4,77.5,0,0.036859564,0,5,74.1,77.7,0,100,950,-4,0,74.8,0,0.024533857,0,-5,74.2,74.9,0,0.024579084,0,101,74.2,69.7,0,39.57719,100,200,70.9,69.9,0,38.019363,200,201,71.8,69.5,0,39.52976,200,202,74.4,69,0,24.731182,200,102,74,68.1,0,26.055136,100,200,73.7,68.7,0,23.915707,200,200,74.1,68.5,0,19.236902,200,102,72.6,68.9,0,28.864082,100,198,75.2,68.7,0,22.594194,200,101,71.6,68.8,0,29.970545,100,100,74.1,70.3,0,35.64417,100,99,73.3,70,0,35.23494,100,200,73,69.8,0,30.718956,200,100,73.3,68.9,0,22.588552,100,199,73.8,69.3,0,31.760815,200,198,74.1,68.4,0,26.917902,200,201,73,68.5,0,22.911283,200,102,71.8,68.7,0,30.2454,100,190,72.3,69.3,0,28.599628,200,197,70.8,69.6,0,26.94103,200,97,74,70.2,0,48.953827,100,199,73.2,70.1,0,39.5816,200,202,73.4,69.5,0,26.856861,200,0,74.2,72.4,0,0,0,204,74.7,69.2,0,29.56044,200,194,73.6,69,0,35.977406,200,199,73.7,68.5,0,27.293888,200,150,70.4,69.2,0,37.483265,150,203,74.4,69.2,0,35.731644,200,199,72.6,69.4,0,29.200241,200,102,74.6,69.9,0,50.177937,100,193,73.7,70.1,0,41.606285,200,198,73.9,69.2,0,35.477127,200,99,74.3,68.6,0,24.996939,100,200,73.7,68.6,0,26.605392,200,95,72.7,68.5,0,30.89929,100,97,73.4,68.7,0,27.644882,100,99,71.8,284.9,0,25.988977,100,205,74.6,68.8,0,32.426105,200,197,72.7,69.4,0,34.710644,200,107,75,68.7,0,32.519154,100,97,75.8,69.9,0,36.119373,100,198,74.8,69,0,32.08465,200,99,72.8,68,0,38.706993,100,201,70.9,69.3,0,49.06991,200,104,75.6,68.1,0,35.804684,100,108,73,68.6,0,33.956955,100,102,71.6,69.1,0,37.28453,100,196,74.6,68.8,0,36.34771,200,200,71.3,69.5,0,53.013313,200,196,74.9,68.6,0,40.8472,200,202,73.9,68.9,0,38.73297,200,100,74.3,68.8,0,50.306747,100,95,75.3,69,0,25.48855,100,96,73.3,69.3,0,37.802895,100,197,72.4,69.5,0,34.047222,200,202,75.1,69.1,0,29.913023,200,97,72.3,69.5,0,43.079315,100,198,71.7,69.5,0,41.968803,200,89.1,89.2,87.9,144.9,102.7,116.5,-0.1,1.5,30.01
20170714,10,80.3,87.1,40.56847873,31.31746667,1,56.3,56.7,4.2,75.7,76.5,-0.1,0.55,0,0,0,5,0,0,0,0,1,0,0,200,72,7.5,4.2,7.5,200,80.4,79.1,78.7,0,0,0,58.8,0,0,71.3,0,59.8,0.8125,51.8,0,0,-0.2,1.5,0,0,0,75,75.2,72.2,56.5,15,87.1,60.4,20,0,75.3,0.99,59.8,0.8125,67,0,0,87.4,57.4,10,4.5,0.5,15,15,73.9,81.1,85.7,100,100,0,75.2,1.2,64.94827,64.44827,0,13.2,0,0,0,0,0,72,109,77.9,0,0,0,85,55,0,72.1,66.7,1,2200,14,73.9,74.8,0,100,260,2,72.3,72.5,0,0.024405126,0,-16,75.6,72,0,0,0,1275,78.1,73,0,0.03508772,700,128,75.5,74.1,0,0,0,45,72.9,73.9,0,0,0,-1,75.5,74.9,0,0,0,36,73.4,76,0,0,0,41,75.4,77.6,0,0.036859564,0,5,74.1,77.8,0,100,950,-5,0,74.9,0,0.024533857,0,-5,74.3,74.9,0,0.024579084,0,100,74.3,70.9,0,39.57719,100,199,71,71.1,0,38.019363,200,199,71.9,70.7,0,39.52976,200,200,74.5,70.2,0,24.731182,200,101,74.1,68.9,0,26.055136,100,200,73.7,69.7,0,23.915707,200,198,74.2,69.4,0,19.236902,200,102,72.7,69.5,0,28.864082,100,200,75.2,69.7,0,22.594194,200,99,71.7,69.8,0,29.970545,100,100,74.2,71.5,0,35.64417,100,99,73.3,71.2,0,35.23494,100,199,73.1,71,0,30.718956,200,101,73.3,69.9,0,22.588552,100,197,73.9,70.3,0,31.760815,200,199,74.1,69.2,0,26.917902,200,201,73,69.4,0,22.911283,200,102,71.9,69.4,0,30.2454,100,185,72.4,70.6,0,28.599628,200,191,71,70.7,0,26.94103,200,97,74.1,71.4,0,48.953827,100,199,73.2,71.4,0,39.5816,200,203,73.5,70.7,0,26.856861,200,0,74.3,72.4,0,0,0,202,74.8,70.2,0,29.56044,200,194,73.6,69.8,0,35.977406,200,199,73.7,69.5,0,27.293888,200,150,70.5,70.1,0,37.483265,150,206,74.5,70.3,0,35.731644,200,196,72.6,70.5,0,29.200241,200,102,74.7,71.1,0,50.177937,100,193,73.8,71.4,0,41.606285,200,202,73.9,70.4,0,35.477127,200,98,74.4,69.6,0,24.996939,100,200,73.8,69.6,0,26.605392,200,96,72.8,69.4,0,30.89929,100,96,73.4,69.5,0,27.644882,100,97,71.9,284.7,0,25.988977,100,200,74.6,70,0,32.426105,200,196,72.8,70.5,0,34.710644,200,105,75,70,0,32.519154,100,98,75.9,71,0,36.119373,100,198,74.9,70.2,0,32.08465,200,99,72.9,69.3,0,38.706993,100,198,71.1,70.5,0,49.06991,200,104,75.7,68.7,0,35.804684,100,102,73.1,69.6,0,33.956955,100,103,71.7,69.6,0,37.28453,100,199,74.7,70.2,0,36.34771,200,198,71.4,70.9,0,53.013313,200,195,75,69.5,0,40.8472,200,202,74,69.9,0,38.73297,200,99,74.4,69.6,0,50.306747,100,96,75.4,69.8,0,25.48855,100,95,73.3,70.3,0,37.802895,100,195,72.5,70.5,0,34.047222,200,201,75.2,70.3,0,29.913023,200,98,72.4,70.8,0,43.079315,100,201,71.8,70.9,0,41.968803,200,89.1,89.2,87.9,146.9,102.8,116.4,-0.6,0.1,30.01
20170714,15,80.3,88.6,40.9468923,31.31746667,264,56.1,55.2,5.25,76.9,76.2,-0.1,0.55,0,0,0,5,100,100,1,1,1,0,0,200,72,7.5,5.25,7.5,200,80.6,79.5,78.7,0,0,0,58.8,0,0,71.7,0,59.8,0.8125,51.4,0,0,-0.2,1.5,0,0,0,75,75.3,71.1,55.7,15,92.2,60.4,20,0,75.4,1.03,59.8,0.8125,67.4,0,0,80.1,53.9,10,4.3,1.3,15,15,73,71.1,89.9,100,100,0,75.2,1.15,64.94827,64.44827,0,13.9,0,0,1,24.1,1,72,117,78,0,0,0,85,55,0,72.1,66.7,1,2200,13,73.9,74.9,0,100,260,2,72.3,72.6,0,0.024405126,0,-16,75.6,72,0,0,0,1274,78.2,73.1,0,0.03508772,700,128,75.6,74.1,0,0,0,45,72.9,74,0,0,0,-1,75.6,74.9,0,0,0,38,73.4,76.1,0,0,0,42,75.4,77.7,0,0.036859564,0,5,74.1,77.8,0,100,950,-4,0,74.9,0,0.024533857,0,-5,74.3,74.9,0,0.024579084,0,102,74.3,71.7,0,39.57719,100,201,71.2,71.9,0,38.019363,200,201,72.2,71.4,0,39.52976,200,203,74.5,71.3,0,24.731182,200,101,74.1,69.8,0,26.055136,100,201,73.8,70.5,0,23.915707,200,199,74.3,70.3,0,19.236902,200,102,72.7,70.3,0,28.864082,100,202,75.3,70.7,0,22.594194,200,102,71.7,70.7,0,29.970545,100,100,74.2,72,0,35.64417,100,101,73.4,71.8,0,35.23494,100,199,73.1,71.7,0,30.718956,200,101,73.3,70.8,0,22.588552,100,199,73.9,71.2,0,31.760815,200,201,74.2,70,0,26.917902,200,204,73.1,70.2,0,22.911283,200,103,71.9,70.1,0,30.2454,100,197,72.5,71.4,0,28.599628,200,199,71.1,71.5,0,26.94103,200,98,74.2,71.8,0,48.953827,100,202,73.3,71.9,0,39.5816,200,203,73.6,71.6,0,26.856861,200,0,74.3,72.5,0,0,0,205,74.9,71,0,29.56044,200,194,73.7,70.6,0,35.977406,200,200,73.8,70.4,0,27.293888,200,151,70.6,70.9,0,37.483265,150,208,74.5,71.3,0,35.731644,200,197,72.7,71.4,0,29.200241,200,102,74.8,71.7,0,50.177937,100,194,73.9,71.7,0,41.606285,200,200,74,71.4,0,35.477127,200,98,74.4,70.4,0,24.996939,100,200,73.9,70.5,0,26.605392,200,98,72.9,70.3,0,30.89929,100,97,73.4,70.3,0,27.644882,100,99,72,284.8,0,25.988977,100,204,74.7,70.9,0,32.426105,200,197,72.9,71.2,0,34.710644,200,104,75.1,71.1,0,32.519154,100,98,75.9,71.8,0,36.119373,100,198,74.9,71.1,0,32.08465,200,100,72.9,70.6,0,38.706993,100,212,71.3,70.9,0,49.06991,200,106,75.7,69.5,0,35.804684,100,102,73.2,70.4,0,33.956955,100,103,71.7,70.4,0,37.28453,100,201,74.7,71.2,0,36.34771,200,200,71.5,71.3,0,53.013313,200,196,75,70.4,0,40.8472,200,203,74,70.9,0,38.73297,200,100,74.4,70.6,0,50.306747,100,95,75.4,70.8,0,25.48855,100,96,73.4,71.2,0,37.802895,100,198,72.6,71.3,0,34.047222,200,202,75.3,71.3,0,29.913023,200,98,72.5,71.6,0,43.079315,100,201,71.9,71.7,0,41.968803,200,89.2,89.3,88,142.9,102.8,116.5,0.4,0,30.01
20170714,20,80.3,89,41.04787136,31.31746667,262,52.8,46.3,5.65,82.2,76.4,-0.1,1.25,0,0,0,5,100,100,1,1,1,0,0,200,72,7.5,5.65,7.5,200,81.7,80.3,78.5,0,0,0,58.8,0,0,72.7,0,59.8,0.8125,51.3,0,0,-0.2,1.5,0,0,0,75.1,75.3,61.7,55.2,15,90.9,60.4,20,0,75.2,1,59.8,0.8125,67.6,0,0,87.1,53.6,10,4.4,1.1,15,15,85.6,67.1,91.6,100,100,0,75.2,1.3,64.94827,64.44827,0,14.3,0,0,1,27.5,1,72,112,78.1,0,0,0,85,55,0,72.1,66.8,1,2200,13,74,74.8,0,100,260,2,72.3,72.7,0,0.024405126,0,-17,75.7,72.1,0,0,0,1275,78.2,73.3,0,0.03508772,700,129,75.6,74.2,0,0,0,44,73,74,0,0,0,-1,75.7,75,0,0,0,39,73.4,76.1,0,0,0,40,75.4,77.8,0,0.036859564,0,5,74.1,77.9,0,100,950,-6,0,75,0,0.024533857,0,-5,74.3,75,0,0.024579084,0,102,74.4,66.9,0,39.57719,100,202,71.3,66.9,0,38.019363,200,201,72.1,66.2,0,39.52976,200,203,74.6,67.6,0,24.731182,200,102,74.1,68.5,0,26.055136,100,204,73.8,67.9,0,23.915707,200,199,74.3,67.5,0,19.236902,200,102,72.8,68.1,0,28.864082,100,201,75.3,68.2,0,22.594194,200,99,71.8,67.3,0,29.970545,100,100,74.3,66.2,0,35.64417,100,102,73.4,66.8,0,35.23494,100,203,73.2,66.3,0,30.718956,200,101,73.4,68,0,22.588552,100,201,74,67.3,0,31.760815,200,201,74.2,68.2,0,26.917902,200,205,73.1,67.4,0,22.911283,200,103,72,67.9,0,30.2454,100,213,72.5,66.7,0,28.599628,200,196,71.1,67.6,0,26.94103,200,98,74.2,65.2,0,48.953827,100,204,73.3,66,0,39.5816,200,205,73.6,66.8,0,26.856861,200,0,74.3,72.6,0,0,0,204,75,66.8,0,29.56044,200,194,73.8,68.2,0,35.977406,200,201,73.9,67.3,0,27.293888,200,152,70.7,67.4,0,37.483265,150,209,74.6,67.9,0,35.731644,200,201,72.7,66.8,0,29.200241,200,101,74.9,66.1,0,50.177937,100,194,73.9,65.2,0,41.606285,200,202,74,67.6,0,35.477127,200,98,74.4,67.4,0,24.996939,100,199,73.9,67.6,0,26.605392,200,98,72.9,68,0,30.89929,100,99,73.5,68.3,0,27.644882,100,100,72.1,284.7,0,25.988977,100,201,74.7,67.7,0,32.426105,200,198,72.9,66.6,0,34.710644,200,104,75.1,68,0,32.519154,100,98,76,67.9,0,36.119373,100,200,75,67.3,0,32.08465,200,99,72.9,68,0,38.706993,100,208,71.4,65.5,0,49.06991,200,106,75.8,68,0,35.804684,100,109,73.2,67.1,0,33.956955,100,103,71.8,68,0,37.28453,100,199,74.8,67.7,0,36.34771,200,205,71.6,65.4,0,53.013313,200,194,75,69.5,0,40.8472,200,202,74.1,69,0,38.73297,200,99,74.5,69.3,0,50.306747,100,96,75.5,69.1,0,25.48855,100,95,73.5,68.8,0,37.802895,100,198,72.7,67.9,0,34.047222,200,201,75.4,67.6,0,29.913023,200,98,72.6,67.4,0,43.079315,100,202,72,66.6,0,41.968803,200,89.2,89.3,88,146.9,102.8,116.8,-0.2,0.5,30.01
20170714,25,80.1,87.6,40.50095416,31.31746667,258,49.4,44,5.65,82.5,77.6,-0.1,2.45,0,0,0,5,100,100,1,1,1,0,0,200,72,7.5,5.65,7.5,200,81.5,79.9,78.9,0,0,0,58.8,0,0,72.3,0,59.8,0.8125,50.2,0,0,-0.2,1.5,0,0,0,75.1,75.3,55.3,55,15,86.9,60.4,20,0,75.2,0.99,59.8,0.8125,67,0,0,87.8,57,9.9,4.4,1.4,15,15,88.5,63.1,91.4,100,100,0,75.2,1.3,64.94827,64.44827,0,14.5,0,0,1,33,1,72,118,78.1,0,0,0,85,55,0,72.1,66.8,1,2200,13,74,74.9,0,100,260,2,72.3,72.7,0,0.024405126,0,-16,75.7,72.2,0,0,0,1275,78.3,73.3,0,0.03508772,700,128,75.7,74.3,0,0,0,45,73.1,74.1,0,0,0,-1,75.8,75.1,0,0,0,39,73.4,76.2,0,0,0,39,75.4,77.8,0,0.036859564,0,4,74.1,78,0,100,950,-4,0,75,0,0.024533857,0,-4,74.3,75,0,0.024579084,0,102,74.4,61.8,0,39.57719,100,202,71.1,61.9,0,38.019363,200,201,71.8,61.3,0,39.52976,200,201,74.6,63.2,0,24.731182,200,102,74.2,65.9,0,26.055136,100,205,73.8,64.3,0,23.915707,200,200,74.3,64,0,19.236902,200,102,72.8,65.3,0,28.864082,100,200,75.3,64.7,0,22.594194,200,99,71.8,63.6,0,29.970545,100,102,74.3,60.8,0,35.64417,100,102,73.4,61.7,0,35.23494,100,204,73.2,61.1,0,30.718956,200,101,73.4,64.5,0,22.588552,100,203,74,63,0,31.760815,200,202,74.2,65.4,0,26.917902,200,204,73.1,63.8,0,22.911283,200,103,71.9,64.9,0,30.2454,100,186,72.5,61.8,0,28.599628,200,200,71,63.1,0,26.94103,200,98,74.2,59.5,0,48.953827,100,203,73.3,60.5,0,39.5816,200,207,73.6,61.6,0,26.856861,200,0,74.3,72.7,0,0,0,205,74.9,62.3,0,29.56044,200,194,73.7,64.9,0,35.977406,200,204,73.9,63.4,0,27.293888,200,152,70.6,63.4,0,37.483265,150,210,74.6,63.4,0,35.731644,200,201,72.7,61.8,0,29.200241,200,101,74.7,60.6,0,50.177937,100,195,73.8,59.6,0,41.606285,200,202,74,63,0,35.477127,200,99,74.5,63.5,0,24.996939,100,201,73.8,63.7,0,26.605392,200,97,72.9,64.7,0,30.89929,100,99,73.5,65.2,0,27.644882,100,100,72.1,284.8,0,25.988977,100,201,74.7,63.7,0,32.426105,200,199,72.8,61.8,0,34.710644,200,106,75.2,63.7,0,32.519154,100,98,76,63.5,0,36.119373,100,201,75,62.8,0,32.08465,200,99,72.9,64.2,0,38.706993,100,209,71.1,60.5,0,49.06991,200,105,75.7,65.5,0,35.804684,100,103,73.2,63.1,0,33.956955,100,104,71.7,65,0,37.28453,100,197,74.8,63.3,0,36.34771,200,205,71.5,60,0,53.013313,200,195,75,67.3,0,40.8472,200,202,74.1,66,0,38.73297,200,99,74.5,66.7,0,50.306747,100,96,75.4,66.2,0,25.48855,100,96,73.5,65.3,0,37.802895,100,201,72.7,63.8,0,34.047222,200,201,75.4,63,0,29.913023,200,97,72.5,62.6,0,43.079315,100,199,72,61.3,0,41.968803,200,89.3,89.4,87.9,144.9,102.8,117,1.3,0,30.01
20170714,30,79.9,87.7,40.33310778,31.31746667,259,48,43.9,5.6,81,77.1,-0.1,2.7,0,0,0,5,100,100,1,1,1,0,0,200,72,7.5,5.6,7.5,200,81,79.6,79.2,0,0,0,58.8,0,0,72.1,0,59.8,0.8125,51,0,0,-0.2,1.5,0,0,0,75,75.2,52.6,55.4,15,81.6,60.4,20,0,75.2,0.99,59.8,0.8125,66.1,0,0,93.5,59.7,9.9,4.3,1.2,15,15,91.3,61.1,91.6,100,93.7,0,75.2,1.3,64.94827,64.44827,0,14.5,0,0,1,38.9,1,72,113,78.2,0,0,0,85,55,0,72.2,66.8,1,2200,14,74,75,0,100,260,2,72.3,72.8,0,0.024405126,0,-15,75.7,72.2,0,0,0,1276,78.3,73.4,0,0.03508772,700,128,75.7,74.4,0,0,0,45,73.1,74.2,0,0,0,-1,75.8,75.1,0,0,0,41,73.5,76.2,0,0,0,41,75.4,77.9,0,0.036859564,0,2,74.1,78,0,100,950,-5,0,75,0,0.024533857,0,-5,74.3,75,0,0.024579084,0,102,74.3,58.1,0,39.57719,100,201,70.7,58.4,0,38.019363,200,202,71.4,58,0,39.52976,200,203,74.6,59.5,0,24.731182,200,102,74.2,63.1,0,26.055136,100,204,73.7,60.9,0,23.915707,200,204,74.3,60.8,0,19.236902,200,102,72.6,62.6,0,28.864082,100,200,75.3,61.5,0,22.594194,200,102,71.7,60.4,0,29.970545,100,101,74.2,57.3,0,35.64417,100,102,73.4,58.1,0,35.23494,100,203,73.1,57.5,0,30.718956,200,101,73.4,61.3,0,22.588552,100,201,73.9,59.6,0,31.760815,200,202,74.1,62.6,0,26.917902,200,209,73,60.5,0,22.911283,200,104,71.7,62.2,0,30.2454,100,208,72.4,58,0,28.599628,200,198,70.9,59.6,0,26.94103,200,98,74.1,56,0,48.953827,100,202,73.3,57,0,39.5816,200,204,73.6,57.8,0,26.856861,200,0,74.3,72.8,0,0,0,205,74.9,58.7,0,29.56044,200,194,73.6,61.8,0,35.977406,200,204,73.9,60.1,0,27.293888,200,151,70.5,60.2,0,37.483265,150,206,74.6,59.6,0,35.731644,200,200,72.7,58.1,0,29.200241,200,101,74.6,56.9,0,50.177937,100,194,73.7,56.3,0,41.606285,200,203,74,59.2,0,35.477127,200,98,74.4,60.2,0,24.996939,100,201,73.8,60.2,0,26.605392,200,96,72.7,61.5,0,30.89929,100,102,73.5,62.2,0,27.644882,100,99,71.9,284.6,0,25.988977,100,198,74.7,60.1,0,32.426105,200,199,72.7,58.3,0,34.710644,200,105,75.1,59.9,0,32.519154,100,98,76,60.1,0,36.119373,100,202,74.9,59,0,32.08465,200,98,72.9,60.7,0,38.706993,100,204,70.7,57.2,0,49.06991,200,105,75.7,62.8,0,35.804684,100,113,73.1,59.8,0,33.956955,100,103,71.5,62.3,0,37.28453,100,196,74.8,59.5,0,36.34771,200,203,71.3,56.5,0,53.013313,200,196,75,64.7,0,40.8472,200,202,74,62.9,0,38.73297,200,99,74.5,63.8,0,50.306747,100,95,75.4,63.2,0,25.48855,100,96,73.5,62,0,37.802895,100,197,72.6,60.4,0,34.047222,200,201,75.3,59.2,0,29.913023,200,98,72.3,58.9,0,43.079315,100,199,71.9,57.6,0,41.968803,200,89.3,89.4,88.1,145.9,102.9,116.9,1.1,1.6,30.01
20170714,35,79.8,87.6,40.21221216,31.31746667,262,47.8,43.8,5.6,80.2,76.5,-0.1,2.7,0,0,0,5,100,100,1,1,1,0,0,200,72,7.5,5.6,7.5,200,80.7,79.3,79.4,0,0,0,58.8,0,0,71.9,0,59.8,0.8125,51.1,0,0,-0.2,1.5,0,0,0,74.8,75.2,51.7,55.3,15,76.2,60.4,20,0,75.1,1.01,59.8,0.8125,64.9,0,0,96.5,57,9.9,4.3,1.2,15,15,92.1,61.1,87.3,100,84.3,0,75.2,1.6,64.94827,64.44827,0,13.8,0,0,1,43.4,1,72,110,78.2,0,0,0,85,55,0,72.2,66.9,1,2200,12,74,75,0,100,260,2,72.3,72.9,0,0.024405126,0,-17,75.8,72.3,0,0,0,1275,78.3,73.5,0,0.03508772,700,128,75.8,74.4,0,0,0,44,73.2,74.3,0,0,0,-1,75.9,75.2,0,0,0,39,73.5,76.3,0,0,0,40,75.4,78,0,0.036859564,0,2,74.1,78.1,0,100,950,-5,0,75.1,0,0.024533857,0,-5,74.3,75.1,0,0.024579084,0,103,74.3,56.2,0,39.57719,100,202,70.4,56.5,0,38.019363,200,202,71,56.2,0,39.52976,200,204,74.5,57.3,0,24.731182,200,103,74.1,60.9,0,26.055136,100,205,73.6,58.7,0,23.915707,200,205,74.1,58.7,0,19.236902,200,102,72.5,60.6,0,28.864082,100,200,75.2,59.3,0,22.594194,200,101,71.5,58.3,0,29.970545,100,101,74.1,55.5,0,35.64417,100,104,73.3,56.3,0,35.23494,100,204,72.9,55.6,0,30.718956,200,102,73.4,59.2,0,22.588552,100,204,73.9,57.5,0,31.760815,200,203,74.1,60.5,0,26.917902,200,209,73,58.5,0,22.911283,200,104,71.5,60.3,0,30.2454,100,185,72.2,55.9,0,28.599628,200,203,70.7,57.5,0,26.94103,200,99,74,54.4,0,48.953827,100,201,73.2,55.3,0,39.5816,200,206,73.5,55.8,0,26.856861,200,-1,74.3,72.8,0,0,0,206,74.9,56.7,0,29.56044,200,194,73.5,59.7,0,35.977406,200,205,73.8,58,0,27.293888,200,153,70.2,58.2,0,37.483265,150,207,74.5,57.3,0,35.731644,200,201,72.7,56,0,29.200241,200,102,74.5,55.1,0,50.177937,100,195,73.5,54.7,0,41.606285,200,203,73.9,57.1,0,35.477127,200,99,74.4,58.1,0,24.996939,100,203,73.7,58,0,26.605392,200,96,72.6,59.4,0,30.89929,100,100,73.4,60.1,0,27.644882,100,100,71.8,284.9,0,25.988977,100,199,74.6,57.9,0,32.426105,200,199,72.5,56.4,0,34.710644,200,107,75.1,57.6,0,32.519154,100,99,76,58.3,0,36.119373,100,203,74.9,56.9,0,32.08465,200,98,72.9,58.4,0,38.706993,100,203,70.2,55.3,0,49.06991,200,106,75.7,60.7,0,35.804684,100,109,73,57.7,0,33.956955,100,103,71.3,60.3,0,37.28453,100,195,74.7,57.3,0,36.34771,200,204,71,54.8,0,53.013313,200,195,74.9,62.4,0,40.8472,200,202,73.8,60.6,0,38.73297,200,100,74.4,61.4,0,50.306747,100,96,75.3,60.9,0,25.48855,100,97,73.3,59.7,0,37.802895,100,199,72.4,58.3,0,34.047222,200,202,75.3,56.9,0,29.913023,200,98,72.1,56.8,0,43.079315,100,200,71.8,55.7,0,41.968803,200,89.4,89.5,88,145.9,102.9,116.9,1.1,0.1,30.01
20170714,40,79.7,89.4,40.56123488,31.31746667,261,47.7,44,5.6,79.6,76.1,-0.2,2.75,0,0,0,5,100,100,1,1,1,0,0,200,72,7.5,5.6,7.5,200,80.4,78.9,79.6,0,0,0,58.8,0,0,71.8,0,59.8,0.8125,51.7,0,0,-0.2,1.5,0,0,0,74.7,75,51.5,55.2,15,70.7,60.4,20,0,74.9,0.98,59.8,0.8125,63.8,0,0,97.7,56.4,9.9,4.4,1.4,15,15,92.2,61.1,84.6,100,73.3,0,75.2,1.45,64.94827,64.44827,0,13.4,0,0,1,47.7,1,72,114,78.3,0,0,0,85,55,0,72.2,66.9,1,2200,11,74.1,75,0,100,260,1,72.3,72.9,0,0.024405126,0,-16,75.8,72.3,0,0,0,1276,78.4,73.6,0,0.03508772,700,127,75.8,74.5,0,0,0,45,73.3,74.4,0,0,0,-1,76,75.3,0,0,0,36,73.5,76.3,0,0,0,40,75.4,78.1,0,0.036859564,0,2,74.1,78.1,0,100,950,-5,0,75.1,0,0.024533857,0,-5,74.4,75.1,0,0.024579084,0,103,74.2,55.1,0,39.57719,100,202,70,55.4,0,38.019363,200,203,70.7,55.2,0,39.52976,200,204,74.4,56,0,24.731182,200,103,74.1,59.3,0,26.055136,100,205,73.5,57.2,0,23.915707,200,202,74,57.2,0,19.236902,200,103,72.4,59.1,0,28.864082,100,198,75.2,57.8,0,22.594194,200,101,71.4,57,0,29.970545,100,102,74.1,54.6,0,35.64417,100,102,73.3,55.3,0,35.23494,100,205,72.8,54.7,0,30.718956,200,99,73.3,57.8,0,22.588552,100,203,73.8,56.3,0,31.760815,200,203,74.1,59,0,26.917902,200,211,72.9,57.1,0,22.911283,200,105,71.3,59,0,30.2454,100,201,72,54.8,0,28.599628,200,204,70.6,56.4,0,26.94103,200,99,73.9,53.7,0,48.953827,100,202,73,54.5,0,39.5816,200,205,73.5,54.7,0,26.856861,200,-1,74.3,72.8,0,0,0,206,74.8,55.5,0,29.56044,200,194,73.3,58.3,0,35.977406,200,205,73.7,56.6,0,27.293888,200,153,70,56.9,0,37.483265,150,210,74.5,55.9,0,35.731644,200,203,72.6,54.8,0,29.200241,200,102,74.4,54.2,0,50.177937,100,194,73.4,53.9,0,41.606285,200,199,73.9,55.8,0,35.477127,200,99,74.4,56.8,0,24.996939,100,205,73.6,56.7,0,26.605392,200,95,72.3,57.9,0,30.89929,100,101,73.4,58.7,0,27.644882,100,100,71.7,284.7,0,25.988977,100,200,74.6,56.5,0,32.426105,200,200,72.4,55.3,0,34.710644,200,106,75,56.3,0,32.519154,100,99,76,57.3,0,36.119373,100,203,74.8,55.7,0,32.08465,200,98,72.9,57,0,38.706993,100,206,69.9,54.3,0,49.06991,200,106,75.7,59.1,0,35.804684,100,106,72.9,56.3,0,33.956955,100,103,71.2,59,0,37.28453,100,194,74.7,55.9,0,36.34771,200,207,70.8,53.9,0,53.013313,200,196,74.8,60.7,0,40.8472,200,202,73.6,59,0,38.73297,200,99,74.4,59.7,0,50.306747,100,95,75.2,59.2,0,25.48855,100,97,73.2,58.2,0,37.802895,100,199,72.2,57.1,0,34.047222,200,204,75.1,55.6,0,29.913023,200,98,71.8,55.6,0,43.079315,100,199,71.7,54.6,0,41.968803,200,89.4,89.5,88.1,143.9,102.9,116.8,1.2,0,30.01
20170714,45,79.5,90.4,40.61280984,31.31746667,260,47.6,43.9,5.6,79.5,76.1,-0.1,2.8,0,0,0,5,100,100,1,1,1,0,0,200,72,7.5,5.6,7.5,200,80.6,79.5,79.5,0,0,0,58.8,0,0,71.9,0,59.8,0.8125,51.4,0,0,-0.2,1.5,0,0,0,74.6,74.8,51.6,55.6,15,65.2,60.4,20,0,74.7,0.99,59.8,0.8125,63,0,0,98.8,58.8,9.9,4.3,1,15,15,93.2,61.1,82.9,100,62.4,0,75.2,1.35,64.94827,64.44827,0,13.1,0,0,1,51.7,1,72,111,78.3,0,0,0,85,55,0,72.2,67,1,2200,12,74.1,75.1,0,100,260,2,72.3,73,0,0.024405126,0,-17,75.8,72.4,0,0,0,1276,78.4,73.6,0,0.03508772,700,127,75.8,74.6,0,0,0,43,73.3,74.4,0,0,0,-1,76,75.3,0,0,0,40,73.5,76.4,0,0,0,41,75.5,78.2,0,0.036859564,0,2,74.1,78.2,0,100,950,-6,0,75.2,0,0.024533857,0,-5,74.4,75.2,0,0.024579084,0,103,74.2,54.5,0,39.57719,100,203,69.8,54.8,0,38.019363,200,203,70.5,54.7,0,39.52976,200,204,74.3,55.2,0,24.731182,200,104,74.1,58.2,0,26.055136,100,205,73.4,56.2,0,23.915707,200,203,73.9,56.2,0,19.236902,200,102,72.2,58.1,0,28.864082,100,201,75.1,56.9,0,22.594194,200,102,71.3,56.1,0,29.970545,100,102,74,54.2,0,35.64417,100,104,73.2,54.8,0,35.23494,100,207,72.7,54.2,0,30.718956,200,101,73.3,57,0,22.588552,100,201,73.7,55.5,0,31.760815,200,203,74,57.9,0,26.917902,200,209,72.8,56.2,0,22.911283,200,105,71.2,58.1,0,30.2454,100,192,71.8,54.2,0,28.599628,200,198,70.4,55.8,0,26.94103,200,99,73.8,53.3,0,48.953827,100,205,72.9,54.1,0,39.5816,200,204,73.4,54.2,0,26.856861,200,-1,74.3,72.8,0,0,0,208,74.7,54.8,0,29.56044,200,194,73.2,57.4,0,35.977406,200,206,73.7,55.6,0,27.293888,200,153,69.9,56.1,0,37.483265,150,209,74.5,55.1,0,35.731644,200,203,72.6,54.2,0,29.200241,200,102,74.3,53.9,0,50.177937,100,194,73.2,53.5,0,41.606285,200,204,73.8,55.1,0,35.477127,200,99,74.3,55.9,0,24.996939,100,205,73.5,55.8,0,26.605392,200,97,72.2,57,0,30.89929,100,100,73.3,57.7,0,27.644882,100,101,71.5,284.9,0,25.988977,100,200,74.5,55.6,0,32.426105,200,201,72.3,54.7,0,34.710644,200,105,75,55.5,0,32.519154,100,98,76,56.7,0,36.119373,100,204,74.7,55,0,32.08465,200,98,72.8,56.1,0,38.706993,100,213,69.5,53.8,0,49.06991,200,106,75.6,58,0,35.804684,100,112,72.8,55.5,0,33.956955,100,103,71.1,58.2,0,37.28453,100,189,74.6,55.1,0,36.34771,200,201,70.5,53.5,0,53.013313,200,198,74.8,59.4,0,40.8472,200,203,73.5,57.8,0,38.73297,200,100,74.3,58.6,0,50.306747,100,97,75.1,58.1,0,25.48855,100,98,73,57.2,0,37.802895,100,199,72.1,56.3,0,34.047222,200,204,75.1,54.8,0,29.913023,200,98,71.6,54.9,0,43.079315,100,201,71.6,54.1,0,41.968803,200,89.4,89.5,88.1,145.9,102.9,117,0.9,1.5,30.01
20170714,50,79.4,91,40.66219912,31.31746667,258,47.3,43.6,5.65,79.4,76,-0.2,2.75,0,0,0,5,100,100,1,1,1,0,0,200,72,7.5,5.65,7.5,200,80.8,79.5,79.5,0,0,0,59.6,0,0,71.9,0,60.6,0.8125,51.1,0,0,-0.2,1.5,0,0,0,74.5,74.7,51.4,55.2,15,59.6,60.8,20,0,74.7,1.01,60.6,0.8125,62.2,0,0,99.3,53.2,9.9,4.6,0.9,15,15,94.4,61.1,81.5,100,48.2,0,75.2,1.35,65.18965,64.68965,0,12.7,0,0,1,55.7,1,72,111,78.4,0,0,0,85,55,0,72.3,67,1,2200,12,74.1,75.1,0,100,260,1,72.4,73,0,0.024405126,0,-16,75.8,72.4,0,0,0,1276,78.5,73.7,0,0.03508772,700,129,75.9,74.6,0,0,0,44,73.4,74.5,0,0,0,-1,76.1,75.4,0,0,0,35,73.5,76.4,0,0,0,41,75.5,78.2,0,0.036859564,0,3,74.2,78.3,0,100,950,-5,0,75.2,0,0.024533857,0,-4,74.4,75.2,0,0.024579084,0,103,74.1,54.2,0,39.57719,100,204,69.6,54.6,0,38.019363,200,203,70.3,54.4,0,39.52976,200,205,74.2,54.8,0,24.731182,200,103,74.1,57.4,0,26.055136,100,205,73.3,55.6,0,23.915707,200,204,73.8,55.6,0,19.236902,200,103,72.1,57.5,0,28.864082,100,199,75.1,56.2,0,22.594194,200,102,71.2,55.6,0,29.970545,100,101,74,54.1,0,35.64417,100,103,73.1,54.5,0,35.23494,100,207,72.6,54,0,30.718956,200,100,73.3,56.4,0,22.588552,100,201,73.5,55.1,0,31.760815,200,205,73.9,57.2,0,26.917902,200,210,72.7,55.6,0,22.911283,200,106,71,57.6,0,30.2454,100,188,71.7,53.9,0,28.599628,200,197,70.4,55.4,0,26.94103,200,100,73.8,53.2,0,48.953827,100,203,72.8,53.9,0,39.5816,200,207,73.3,53.9,0,26.856861,200,-1,74.3,72.8,0,0,0,209,74.6,54.4,0,29.56044,200,194,73.1,56.7,0,35.977406,200,204,73.6,55.1,0,27.293888,200,154,69.8,55.6,0,37.483265,150,211,74.4,54.6,0,35.731644,200,204,72.5,53.9,0,29.200241,200,103,74.2,53.7,0,50.177937,100,195,73.1,53.4,0,41.606285,200,202,73.7,54.7,0,35.477127,200,100,74.3,55.5,0,24.996939,100,204,73.4,55.3,0,26.605392,200,96,72,56.3,0,30.89929,100,101,73.3,57.1,0,27.644882,100,100,71.4,284.8,0,25.988977,100,201,74.4,55.2,0,32.426105,200,201,72.2,54.4,0,34.710644,200,106,74.9,55.1,0,32.519154,100,99,76,56.5,0,36.119373,100,201,74.7,54.6,0,32.08465,200,98,72.8,55.5,0,38.706993,100,210,69.1,53.5,0,49.06991,200,105,75.6,57.3,0,35.804684,100,116,72.7,55,0,33.956955,100,103,71,57.6,0,37.28453,100,193,74.5,54.7,0,36.34771,200,206,70.4,53.2,0,53.013313,200,197,74.7,58.4,0,40.8472,200,203,73.4,57.1,0,38.73297,200,100,74.2,57.8,0,50.306747,100,96,75,57.3,0,25.48855,100,97,72.9,56.6,0,37.802895,100,200,71.9,55.9,0,34.047222,200,204,75,54.4,0,29.913023,200,98,71.5,54.6,0,43.079315,100,198,71.6,53.8,0,41.968803,200,89.5,89.6,88,143.9,102.9,116.9,2.3,-0.2,30.01
20170714,55,79.3,90.7,40.49113745,31.31746667,247,49.8,49.4,4.4,74.5,75.8,-0.1,2.25,0,0,0,5,97,0,0,1,0,0,0,200,72,7.5,4.4,7.5,200,81,79.7,79.5,0,0,0,59.6,0,0,71.9,0,60.6,0.8125,50.8,0,0,-0.2,1.5,0,0,0,74.4,74.6,51.6,55.2,15,54,60.8,20,0,74.5,1,60.6,0.8125,61.7,0,0,99.7,54.5,10,4.7,1.1,15,15,95.8,63.1,81.8,100,41.2,0,75.2,1.3,65.18965,64.68965,0,12.7,0,0,0,0,0,72,109,78.4,0,0,0,85,55,0,72.3,67,1,2200,12,74.1,75.1,0,100,260,1,72.4,73.1,0,0.024405126,0,-17,75.9,72.5,0,0,0,1276,78.5,73.8,0,0.03508772,700,130,75.9,74.7,0,0,0,44,73.5,74.6,0,0,0,-1,76.1,75.4,0,0,0,37,73.5,76.4,0,0,0,40,75.5,78.3,0,0.036859564,0,3,74.2,78.3,0,100,950,-5,0,75.2,0,0.024533857,0,-4,74.4,75.2,0,0.024579084,0,103,74.1,54.1,0,39.57719,100,202,69.3,54.4,0,38.019363,200,202,70.2,54.3,0,39.52976,200,205,74.1,54.5,0,24.731182,200,103,74,56.9,0,26.055136,100,203,73.2,55.2,0,23.915707,200,205,73.7,55.2,0,19.236902,200,103,72,57,0,28.864082,100,199,75,55.8,0,22.594194,200,100,71.1,55.2,0,29.970545,100,101,73.9,54,0,35.64417,100,102,73,54.4,0,35.23494,100,205,72.5,53.9,0,30.718956,200,99,73.2,56.1,0,22.588552,100,199,73.5,54.8,0,31.760815,200,205,73.9,56.7,0,26.917902,200,206,72.6,55.2,0,22.911283,200,105,70.9,57.2,0,30.2454,100,186,71.5,53.7,0,28.599628,200,198,70.3,55.3,0,26.94103,200,99,73.7,53.2,0,48.953827,100,199,72.7,53.9,0,39.5816,200,205,73.3,53.8,0,26.856861,200,0,74.3,72.7,0,0,0,207,74.5,54.1,0,29.56044,200,194,73,56.4,0,35.977406,200,204,73.5,54.7,0,27.293888,200,152,69.6,55.3,0,37.483265,150,207,74.4,54.4,0,35.731644,200,201,72.5,53.8,0,29.200241,200,102,74.2,53.6,0,50.177937,100,192,72.9,53.3,0,41.606285,200,204,73.7,54.6,0,35.022133,200,99,74.3,55.1,0,24.996939,100,204,73.3,55,0,26.605392,200,97,71.8,55.8,0,30.89929,100,100,73.3,56.6,0,27.644882,100,99,71.2,284.8,0,25.988977,100,202,74.4,54.9,0,32.426105,200,201,72.1,54.2,0,34.710644,200,106,74.9,54.9,0,32.519154,100,98,76,56.4,0,36.119373,100,203,74.6,54.4,0,32.08465,200,98,72.8,55.2,0,38.706993,100,194,68.8,53.3,0,48.62006,200,105,75.6,56.7,0,35.804684,100,113,72.6,54.7,0,33.956955,100,103,70.9,57.2,0,37.28453,100,195,74.5,54.5,0,36.34771,200,207,70.2,53.2,0,53.013313,200,195,74.6,57.8,0,40.8472,200,203,73.2,56.6,0,38.73297,200,99,74.1,57.2,0,50.306747,100,96,75,56.9,0,25.48855,100,97,72.8,56.2,0,37.802895,100,201,71.8,55.7,0,34.047222,200,204,74.9,54.2,0,29.913023,200,98,71.3,54.5,0,43.079315,100,198,71.5,53.7,0,41.968803,200,89.5,89.6,88,144.9,103,116.9,1.2,0,30.01
20170714,100,79.2,91.1,40.49106902,31.31746667,236,53.9,53.9,4.2,74.3,75.9,-0.1,0.95,0,0,0,5,92,0,0,1,0,0,0,200,72,7.5,4.2,7.5,200,80.7,79.3,79.6,0,0,0,59.6,0,0,71.7,0,60.6,0.8125,51.2,0,0,-0.2,1.5,0,0,0,74.4,74.6,55.1,55.9,15,49.7,60.8,20,0,74.5,0.98,60.6,0.8125,61.3,0,0,99.7,59.5,9.9,4.4,1.8,15,15,96.6,65.1,81.8,100,39.4,0,75.2,1.3,65.18965,64.68965,0,12.6,0,0,0,0,0,72,109,78.5,0,0,0,85,55,0,72.3,67.1,1,2200,12,74.2,75.1,0,100,260,2,72.4,73.1,0,0.024405126,0,-16,75.9,72.6,0,0,0,1276,78.5,73.9,0,0.03508772,700,128,76,74.7,0,0,0,44,73.5,74.6,0,0,0,-1,76.2,75.5,0,0,0,36,73.6,76.5,0,0,0,40,75.5,78.4,0,0.036859564,0,4,74.2,78.3,0,100,950,-5,0,75.3,0,0.024533857,0,-5,74.4,75.3,0,0.024579084,0,103,74,55.4,0,39.57719,100,203,69.2,55.9,0,38.019363,200,201,70,55.9,0,39.52976,200,204,74.1,55.5,0,24.731182,200,103,74,57.1,0,26.055136,100,203,73.1,55.8,0,23.915707,200,204,73.6,55.7,0,19.236902,200,102,71.9,57.4,0,28.864082,100,199,75,56.4,0,22.594194,200,100,71,56.1,0,29.970545,100,102,73.9,55.7,0,35.64417,100,103,73,55.8,0,35.23494,100,206,72.4,55.3,0,30.718956,200,100,73.2,56.7,0,22.588552,100,200,73.4,55.8,0,31.760815,200,204,73.8,57,0,26.917902,200,206,72.5,55.8,0,22.911283,200,104,70.7,57.6,0,30.2454,100,182,71.4,55,0,28.599628,200,201,70.2,56.3,0,26.94103,200,98,73.6,55.2,0,48.953827,100,203,72.6,55.6,0,39.5816,200,204,73.2,55.1,0,26.856861,200,-1,74.3,72.7,0,0,0,205,74.5,55.3,0,29.56044,200,194,72.9,56.8,0,35.977406,200,204,73.5,55.5,0,27.293888,200,152,69.4,56.3,0,37.483265,150,208,74.3,55.3,0,35.731644,200,202,72.4,55,0,29.200241,200,102,74.1,55.3,0,50.177937,100,195,72.8,55.4,0,41.606285,200,203,73.6,55.5,0,35.022133,200,99,74.3,55.9,0,24.996939,100,204,73.2,55.6,0,26.605392,200,96,71.7,56.3,0,30.89929,100,100,73.2,57,0,27.644882,100,101,71.1,285,0,25.988977,100,200,74.3,55.7,0,32.426105,200,201,72.1,55.5,0,34.710644,200,106,74.8,55.8,0,32.519154,100,99,76,57.4,0,36.119373,100,204,74.6,55.5,0,32.08465,200,99,72.7,56,0,38.706993,100,201,68.6,55.1,0,48.62006,200,106,75.6,57,0,35.804684,100,111,72.5,55.5,0,33.956955,100,102,70.8,57.7,0,37.28453,100,193,74.4,55.5,0,36.34771,200,207,70,55.2,0,53.013313,200,198,74.6,57.7,0,40.8472,200,202,73.1,56.9,0,38.73297,200,100,74.1,57.3,0,50.306747,100,98,74.9,57.1,0,25.48855,100,98,72.7,56.7,0,37.802895,100,200,71.7,56.6,0,34.047222,200,204,74.8,55.2,0,29.913023,200,98,71.2,55.6,0,43.079315,100,199,71.5,55.3,0,41.968803,200,89.6,89.7,88.1,147.9,103,117.1,2.7,-0.3,30.01
20170714,105,79.2,91.1,40.49106902,26.7774125,1,55.8,55.8,4.2,74.5,76,-0.1,0.55,0,0,0,5,0,0,0,0,0,0,0,200,72,7.5,4.2,7.5,200,80.7,79.3,79.7,0,0,0,59.6,0,0,71.7,0,60.6,0.8125,51.1,0,0,-0.2,1.5,0,0,0,74.3,74.6,61.4,56.2,15,48.9,60.8,20,0,74.4,1.01,60.6,0.8125,61,0,0,99.7,57,9.9,4.4,1.4,15,15,99.5,73.1,81.8,100,46.6,0,75.2,1.3,65.18965,64.68965,0,12.7,0,0,0,0,0,72,110,78.5,0,0,0,85,55,0,72.3,67.1,1,2200,12,74.2,75.1,0,100,260,2,72.4,73.2,0,0.024405126,0,-16,75.9,72.6,0,0,0,1276,78.6,73.9,0,0.03508772,700,128,76,74.8,0,0,0,44,73.6,74.7,0,0,0,-1,76.2,75.5,0,0,0,36,73.6,76.5,0,0,0,40,75.5,78.4,0,0.036859564,0,2,74.2,78.4,0,100,950,-5,0,75.3,0,0.024533857,0,-5,74.5,75.3,0,0.024579084,0,102,73.9,59.7,0,39.57719,100,201,69.2,60,0,38.019363,200,200,70.1,60.1,0,39.52976,200,203,74,59.1,0,24.731182,200,103,73.9,58.7,0,26.055136,100,202,73.1,58.6,0,23.915707,200,202,73.5,58.5,0,19.236902,200,101,71.9,59.5,0,28.864082,100,201,74.9,59,0,22.594194,200,100,71,59.1,0,29.970545,100,101,73.9,60.3,0,35.64417,100,101,72.9,60,0,35.23494,100,203,72.3,59.7,0,30.718956,200,100,73.2,59.2,0,22.588552,100,198,73.3,59.2,0,31.760815,200,203,73.7,58.9,0,26.917902,200,204,72.4,58.6,0,22.911283,200,105,70.7,59.6,0,30.2454,100,182,71.4,59.1,0,28.599628,200,195,70.2,59.6,0,26.94103,200,97,73.6,60.4,0,48.953827,100,200,72.6,60.4,0,39.5816,200,204,73.2,59.3,0,26.856861,200,-1,74.3,72.6,0,0,0,204,74.4,59.1,0,29.56044,200,194,72.8,59.1,0,35.977406,200,204,73.4,58.5,0,27.293888,200,152,69.4,59.4,0,37.483265,150,210,74.3,58.7,0,35.731644,200,199,72.3,59.1,0,29.200241,200,101,74.1,60,0,50.177937,100,193,72.8,60.5,0,41.606285,200,200,73.6,59.1,0,35.022133,200,99,74.2,58.9,0,24.996939,100,203,73.2,58.5,0,26.605392,200,95,71.6,58.6,0,30.89929,100,100,73.2,59.2,0,27.644882,100,100,71,285,0,25.988977,100,202,74.2,58.7,0,32.426105,200,199,72.1,59.5,0,34.710644,200,103,74.8,59.1,0,32.519154,100,98,76,60.4,0,36.119373,100,202,74.5,59.1,0,32.08465,200,98,72.7,59,0,38.706993,100,200,68.4,59.7,0,48.62006,200,105,75.5,58.8,0,35.804684,100,107,72.4,58.7,0,33.956955,100,102,70.7,59.9,0,37.28453,100,193,74.3,59.2,0,36.34771,200,204,70,60.1,0,53.013313,200,198,74.5,59,0,40.8472,200,202,73.1,59,0,38.73297,200,100,74,58.9,0,50.306747,100,97,74.9,58.9,0,25.48855,100,97,72.7,59.1,0,37.802895,100,198,71.7,59.6,0,34.047222,200,204,74.8,58.8,0,29.913023,200,97,71.2,59.5,0,43.079315,100,198,71.4,59.6,0,41.968803,200,89.6,89.7,88.2,144.9,103,117,-0.5,0.1,30.01
20170714,110,79.2,91.3,40.53972221,26.7774125,1,55.6,56.1,4.2,74.7,76,-0.1,0.55,0,0,0,5,0,0,0,0,0,0,0,200,72,7.5,4.2,7.5,200,80.7,79.5,79.6,0,0,0,59.6,0,0,71.7,0,60.6,0.8125,51.1,0,0,-0.2,1.5,0,0,0,74.3,74.4,66.1,56.2,15,51.5,60.8,20,0,74.5,1.01,60.6,0.8125,61.5,0,0,99.8,54.7,10,4.3,1.4,15,15,98.5,73.1,81.8,100,71.9,0,75.2,1.3,65.18965,64.68965,0,12.7,0,0,0,0,0,72,112,78.6,0,0,0,85,55,0,72.3,67.1,1,2200,12,74.2,75.1,0,100,260,1,72.4,73.2,0,0.024405126,0,-17,75.9,72.6,0,0,0,1276,78.6,74,0,0.03508772,700,128,76,74.8,0,0,0,44,73.6,74.8,0,0,0,-1,76.3,75.6,0,0,0,38,73.6,76.6,0,0,0,41,75.6,78.5,0,0.036859564,0,1,74.2,78.4,0,100,950,-4,0,75.3,0,0.024533857,0,-4,74.5,75.3,0,0.024579084,0,102,73.9,65,0,39.57719,100,201,69.4,65.3,0,38.019363,200,202,70.3,65.2,0,39.52976,200,203,74,64.6,0,24.731182,200,102,73.9,63.1,0,26.055136,100,203,73.1,63.8,0,23.915707,200,205,73.6,63.5,0,19.236902,200,102,71.9,63.8,0,28.864082,100,202,74.9,63.8,0,22.594194,200,101,71.1,64,0,29.970545,100,101,73.8,65.4,0,35.64417,100,102,72.9,65.2,0,35.23494,100,203,72.4,65.1,0,30.718956,200,101,73.2,64.1,0,22.588552,100,198,73.3,64.5,0,31.760815,200,202,73.7,63.3,0,26.917902,200,206,72.5,63.6,0,22.911283,200,105,70.7,63.8,0,30.2454,100,192,71.4,64.7,0,28.599628,200,194,70.2,64.7,0,26.94103,200,98,73.7,65.4,0,48.953827,100,203,72.6,65.5,0,39.5816,200,205,73.1,64.9,0,26.856861,200,0,74.2,72.6,0,0,0,206,74.4,64.6,0,29.56044,200,194,72.8,63.8,0,35.977406,200,202,73.4,63.8,0,27.293888,200,152,69.4,64.5,0,37.483265,150,207,74.3,64.5,0,35.731644,200,201,72.3,64.6,0,29.200241,200,102,74.1,65.2,0,50.177937,100,193,72.8,65.5,0,41.606285,200,199,73.6,64.7,0,35.022133,200,99,74.2,63.9,0,24.996939,100,202,73.1,63.8,0,26.605392,200,98,71.7,63.6,0,30.89929,100,99,73.2,63.7,0,27.644882,100,100,71,284.9,0,25.988977,100,204,74.2,64.1,0,32.426105,200,200,72.1,64.7,0,34.710644,200,103,74.8,64.6,0,32.519154,100,97,76,65.2,0,36.119373,100,202,74.5,64.6,0,32.08465,200,99,72.7,64.3,0,38.706993,100,203,68.6,64.9,0,48.62006,200,105,75.5,63.1,0,35.804684,100,110,72.4,64,0,33.956955,100,103,70.8,64.3,0,37.28453,100,199,74.3,64.7,0,36.34771,200,206,70.1,65.2,0,53.013313,200,197,74.5,62.9,0,40.8472,200,203,73,63.7,0,38.73297,200,100,74,63.3,0,50.306747,100,96,74.8,63.4,0,25.48855,100,97,72.7,64.1,0,37.802895,100,197,71.7,64.8,0,34.047222,200,205,74.8,64.5,0,29.913023,200,98,71.3,64.9,0,43.079315,100,200,71.5,65.1,0,41.968803,200,89.7,89.7,88.3,146.9,103,117.2,-0.5,-1.1,30.01
20170714,115,79.1,91.9,40.58756674,26.7774125,1,55.6,56,4.2,74.9,76.1,-0.2,0.55,0,0,0,5,0,0,0,0,0,0,0,200,72,7.5,4.2,7.5,200,80.8,79.6,79.6,0,0,0,59.6,0,0,71.9,0,60.6,0.8125,51.1,0,0,-0.2,1.5,0,0,0,74.4,74.5,66.7,56.2,15,53.6,60.8,20,0,74.6,1.01,60.6,0.8125,62,0,0,99.8,56.7,10,4.8,0.9,15,15,96.4,73.1,81.8,100,96.7,0,75.2,1.3,65.18965,64.68965,0,12.7,0,0,0,0,0,72,112,78.6,0,0,0,85,55,0,72.4,67.1,1,2200,12,74.2,75.2,0,100,260,1,72.4,73.3,0,0.024405126,0,-17,76,72.7,0,0,0,1277,78.6,74.1,0,0.03508772,700,130,76,74.9,0,0,0,44,73.7,74.8,0,0,0,-1,76.4,75.6,0,0,0,40,73.6,76.6,0,0,0,41,75.6,78.5,0,0.036859564,0,2,74.2,78.4,0,100,950,-5,0,75.4,0,0.024533857,0,-5,74.5,75.3,0,0.024579084,0,101,74,66.2,0,39.57719,100,202,69.7,66.5,0,38.019363,200,201,70.6,66.4,0,39.52976,200,202,74.1,66,0,24.731182,200,102,73.9,65.3,0,26.055136,100,200,73.2,65.7,0,23.915707,200,200,73.7,65.5,0,19.236902,200,101,72,66,0,28.864082,100,202,75,65.8,0,22.594194,200,99,71.2,65.7,0,29.970545,100,101,73.9,66.4,0,35.64417,100,101,72.9,66.3,0,35.23494,100,203,72.4,66.1,0,30.718956,200,101,73.2,65.9,0,22.588552,100,199,73.4,66.1,0,31.760815,200,202,73.8,65.4,0,26.917902,200,205,72.5,65.4,0,22.911283,200,104,70.9,65.8,0,30.2454,100,207,71.5,65.9,0,28.599628,200,195,70.3,66.1,0,26.94103,200,98,73.7,66.2,0,48.953827,100,202,72.6,66.4,0,39.5816,200,204,73.2,66,0,26.856861,200,-1,74.2,72.5,0,0,0,205,74.4,66,0,29.56044,200,194,72.9,65.8,0,35.977406,200,203,73.4,65.5,0,27.293888,200,150,69.5,66.2,0,37.483265,150,208,74.3,66,0,35.731644,200,198,72.3,65.9,0,29.200241,200,102,74.2,66.1,0,50.177937,100,195,72.9,66.4,0,41.606285,200,197,73.6,66,0,35.022133,200,98,74.2,65.6,0,24.996939,100,199,73.1,65.5,0,26.605392,200,99,71.9,65.6,0,30.89929,100,100,73.2,65.7,0,27.644882,100,100,71.1,284.8,0,25.988977,100,203,74.3,65.8,0,32.426105,200,200,72.2,66,0,34.710644,200,104,74.8,66,0,32.519154,100,97,76,66.5,0,36.119373,100,199,74.5,66,0,32.08465,200,99,72.7,66,0,38.706993,100,195,69.1,66.1,0,48.62006,200,105,75.5,65.4,0,35.804684,100,111,72.5,65.6,0,33.956955,100,103,70.9,66.4,0,37.28453,100,197,74.3,66.2,0,36.34771,200,199,70.3,66.3,0,53.013313,200,197,74.5,65.3,0,40.8472,200,202,73.2,65.9,0,38.73297,200,100,74,65.6,0,50.306747,100,95,74.9,65.7,0,25.48855,100,96,72.9,66,0,37.802895,100,201,71.8,66.5,0,34.047222,200,203,74.9,65.9,0,29.913023,200,98,71.6,66.1,0,43.079315,100,201,71.6,66.2,0,41.968803,200,89.7,89.8,88.3,146.9,103,117,1.2,1.4,30.01
20170714,120,79,92.1,40.53797933,26.7774125,1,55.6,56,4.2,75,76.1,-0.1,0.55,0,0,0,5,0,0,0,0,0,0,0,200,72,7.5,4.2,7.5,200,81.2,80.1,79.5,0,0,0,59.6,0,0,72.3,0,60.6,0.8125,50.7,0,0,-0.2,1.5,0,0,0,74.6,74.6,67.2,56.2,15,55.8,60.8,20,0,74.6,1.03,60.6,0.8125,62.7,0,0,99.8,55.3,10,4.7,1.2,15,15,95.4,73.1,81.8,100,99.7,0,75.2,1.3,65.18965,64.68965,0,12.7,0,0,0,0,0,72,116,78.6,0,0,0,85,55,0,72.4,67.1,1,2200,12,74.2,75.2,0,100,260,1,72.4,73.3,0,0.024405126,0,-16,76,72.7,0,0,0,1276,78.6,74.1,0,0.03508772,700,127,76.1,74.9,0,0,0,44,73.7,74.9,0,0,0,-1,76.4,75.6,0,0,0,41,73.6,76.6,0,0,0,41,75.6,78.6,0,0.036859564,0,3,74.2,78.5,0,100,950,-4,0,75.4,0,0.024533857,0,-4,74.5,75.4,0,0.024579084,0,101,74,66.6,0,39.57719,100,200,70,67,0,38.019363,200,201,70.9,66.9,0,39.52976,200,201,74.2,66.5,0,24.731182,200,102,73.9,66.2,0,26.055136,100,201,73.2,66.3,0,23.915707,200,202,73.8,66.3,0,19.236902,200,102,72.1,67,0,28.864082,100,200,75,66.6,0,22.594194,200,101,71.4,66.5,0,29.970545,100,100,73.9,66.8,0,35.64417,100,101,73,66.8,0,35.23494,100,202,72.5,66.6,0,30.718956,200,100,73.2,66.6,0,22.588552,100,200,73.4,66.6,0,31.760815,200,203,73.8,66.2,0,26.917902,200,203,72.6,66.1,0,22.911283,200,103,71.1,66.7,0,30.2454,100,197,71.7,66.3,0,28.599628,200,199,70.4,66.6,0,26.94103,200,97,73.7,66.6,0,48.953827,100,203,72.7,66.8,0,39.5816,200,205,73.2,66.4,0,26.856861,200,0,74.2,72.5,0,0,0,206,74.5,66.6,0,29.56044,200,194,73,66.6,0,35.977406,200,203,73.5,66.2,0,27.293888,200,150,69.7,66.9,0,37.483265,150,206,74.3,66.6,0,35.731644,200,199,72.3,66.3,0,29.200241,200,101,74.3,66.5,0,50.177937,100,193,73.1,66.9,0,41.606285,200,198,73.7,66.5,0,35.022133,200,98,74.2,66.3,0,24.996939,100,199,73.2,66.2,0,26.605392,200,99,72,66.3,0,30.89929,100,99,73.2,66.5,0,27.644882,100,100,71.3,284.7,0,25.988977,100,204,74.3,66.3,0,32.426105,200,199,72.3,66.6,0,34.710644,200,105,74.8,66.5,0,32.519154,100,98,76.1,67.2,0,36.119373,100,200,74.6,66.4,0,32.08465,200,99,72.7,66.6,0,38.706993,100,196,69.5,66.5,0,48.62006,200,104,75.6,66.3,0,35.804684,100,109,72.6,66.2,0,33.956955,100,102,71.1,67.3,0,37.28453,100,195,74.4,66.7,0,36.34771,200,198,70.5,66.7,0,53.013313,200,196,74.6,66.4,0,40.8472,200,202,73.3,66.8,0,38.73297,200,100,74,66.5,0,50.306747,100,96,74.9,66.6,0,25.48855,100,97,73.1,66.8,0,37.802895,100,197,72,67.1,0,34.047222,200,204,75,66.3,0,29.913023,200,98,71.8,66.5,0,43.079315,100,199,71.7,66.6,0,41.968803,200,89.7,89.8,88.4,143.9,103,117.1,0.9,0.9,30.01
20170714,125,78.9,92.2,40.4641998,26.7774125,1,55.7,56.1,4.2,75.2,76.2,-0.1,0.55,0,0,0,5,0,0,0,0,0,0,0,200,72,7.5,4.2,7.5,200,81.7,80.4,79.4,0,0,0,59.6,0,0,72.9,0,60.6,0.8125,50,0,0,-0.2,1.5,0,0,0,74.6,74.6,67.8,56,15,58.3,60.8,20,0,74.7,0.99,60.6,0.8125,63.5,0,0,99.8,53.9,10,4.8,1,15,15,94.6,75.1,81.8,100,98.9,0,76.5,1.3,65.18965,64.68965,0,12.7,0,0,0,0,0,72,110,78.7,0,0,0,85,55,0,72.4,67.1,1,2200,13,74.3,75.1,0,100,260,2,72.4,73.4,0,0.024405126,0,-16,76,72.8,0,0,0,1276,78.6,74.2,0,0.03508772,700,129,76.1,74.9,0,0,0,44,73.8,74.9,0,0,0,-1,76.4,75.7,0,0,0,39,73.6,76.6,0,0,0,41,75.6,78.6,0,0.036859564,0,3,74.2,78.5,0,100,950,-5,0,75.5,0,0.024533857,0,-5,74.5,75.4,0,0.024579084,0,101,74.1,67,0,39.57719,100,200,70.2,67.4,0,38.019363,200,200,71.1,67.3,0,39.52976,200,202,74.2,66.9,0,24.731182,200,102,73.9,66.7,0,26.055136,100,200,73.3,66.8,0,23.915707,200,200,73.9,66.7,0,19.236902,200,102,72.3,67.5,0,28.864082,100,201,75.1,67.1,0,22.594194,200,99,71.5,67,0,29.970545,100,100,74,67.3,0,35.64417,100,100,73,67.3,0,35.23494,100,202,72.7,67.1,0,30.718956,200,102,73.2,67.1,0,22.588552,100,196,73.5,67.1,0,31.760815,200,201,73.9,66.7,0,26.917902,200,205,72.7,66.5,0,22.911283,200,102,71.3,67.2,0,30.2454,100,188,71.8,66.7,0,28.599628,200,192,70.4,67.1,0,26.94103,200,97,73.8,67.1,0,48.953827,100,202,72.8,67.3,0,39.5816,200,204,73.3,66.7,0,26.856861,200,0,74.2,72.5,0,0,0,205,74.5,67,0,29.56044,200,194,73.2,67.2,0,35.977406,200,202,73.5,66.6,0,27.293888,200,150,69.9,67.4,0,37.483265,150,206,74.3,66.9,0,35.731644,200,199,72.4,66.7,0,29.200241,200,102,74.4,66.9,0,50.177937,100,193,73.2,67.3,0,41.606285,200,197,73.8,66.8,0,35.022133,200,99,74.3,66.8,0,24.996939,100,200,73.3,66.6,0,26.605392,200,99,72.2,66.8,0,30.89929,100,97,73.3,67,0,27.644882,100,100,71.4,284.9,0,25.988977,100,205,74.4,66.8,0,32.426105,200,198,72.4,67,0,34.710644,200,105,74.9,66.8,0,32.519154,100,97,76.1,67.8,0,36.119373,100,201,74.7,66.7,0,32.08465,200,99,72.7,66.9,0,38.706993,100,191,69.8,66.9,0,48.62006,200,104,75.6,66.8,0,35.804684,100,105,72.7,66.6,0,33.956955,100,101,71.2,67.8,0,37.28453,100,200,74.4,67,0,36.34771,200,198,70.7,67.1,0,53.013313,200,194,74.7,67,0,40.8472,200,202,73.5,67.3,0,38.73297,200,100,74.1,67.1,0,50.306747,100,96,75,67.2,0,25.48855,100,96,73.1,67.3,0,37.802895,100,199,72.1,67.6,0,34.047222,200,203,75,66.7,0,29.913023,200,97,71.9,66.8,0,43.079315,100,198,71.8,67,0,41.968803,200,89.8,89.9,88.5,145.9,103.1,117.1,1.2,0.1,30.01
20170714,130,78.8,92.9,40.53453219,26.7774125,1,55.7,56.1,4.2,75.3,76.3,-0.2,0.55,0,0,0,5,0,0,0,0,0,0,0,200,72,7.5,4.2,7.5,200,82.3,80.5,79.3,0,0,0,59.6,0,0,73.4,0,60.6,0.8125,49.6,0,0,-0.2,1.5,0,0,0,74.7,74.7,68.4,56,15,61.1,60.8,20,0,74.8,1,60.6,0.8125,64.3,0,0,99.8,55,10,4.7,1,15,15,93.1,75.1,81.8,100,99.2,0,76.5,1.3,65.18965,64.68965,0,12.8,0,0,0,0,0,72,115,78.7,0,0,0,85,55,0,72.4,67.2,1,2200,12,74.3,75.1,0,100,260,1,72.4,73.4,0,0.024405126,0,-17,76,72.8,0,0,0,1276,78.7,74.2,0,0.03508772,700,128,76.1,75,0,0,0,45,73.8,75,0,0,0,-1,76.5,75.7,0,0,0,37,73.6,76.7,0,0,0,42,75.6,78.7,0,0.036859564,0,3,74.2,78.6,0,100,950,-6,0,75.5,0,0.024533857,0,-5,74.5,75.4,0,0.024579084,0,101,74.1,67.5,0,39.57719,100,200,70.4,67.9,0,38.019363,200,199,71.3,67.7,0,39.52976,200,202,74.3,67.2,0,24.731182,200,102,73.9,67.1,0,26.055136,100,202,73.4,67.2,0,23.915707,200,202,74,67.1,0,19.236902,200,101,72.4,67.9,0,28.864082,100,200,75.1,67.4,0,22.594194,200,98,71.6,67.4,0,29.970545,100,100,74,67.8,0,35.64417,100,100,73.1,67.8,0,35.23494,100,198,72.8,67.6,0,30.718956,200,100,73.2,67.5,0,22.588552,100,196,73.6,67.5,0,31.760815,200,201,73.9,67.2,0,26.917902,200,204,72.8,66.9,0,22.911283,200,102,71.4,67.6,0,30.2454,100,189,71.9,67.2,0,28.599628,200,198,70.5,67.6,0,26.94103,200,97,73.9,67.6,0,48.953827,100,201,72.9,67.8,0,39.5816,200,202,73.3,67.1,0,26.856861,200,-1,74.2,72.4,0,0,0,203,74.6,67.4,0,29.56044,200,194,73.3,67.6,0,35.977406,200,201,73.6,66.9,0,27.293888,200,150,70,67.7,0,37.483265,150,205,74.4,67.2,0,35.731644,200,198,72.5,67.1,0,29.200241,200,101,74.4,67.5,0,50.177937,100,192,73.3,67.8,0,41.606285,200,197,73.8,67.2,0,35.022133,200,98,74.3,67.2,0,24.996939,100,201,73.4,66.9,0,26.605392,200,98,72.2,67.2,0,30.89929,100,98,73.3,67.5,0,27.644882,100,97,71.5,284.7,0,25.988977,100,204,74.4,67.2,0,32.426105,200,198,72.5,67.4,0,34.710644,200,104,74.9,67.2,0,32.519154,100,98,76.1,68.2,0,36.119373,100,198,74.8,67.1,0,32.08465,200,99,72.8,67.3,0,38.706993,100,186,70,67.4,0,48.62006,200,104,75.6,67.2,0,35.804684,100,95,72.8,67,0,33.956955,100,102,71.3,68.1,0,37.28453,100,199,74.5,67.3,0,36.34771,200,200,70.8,67.4,0,53.013313,200,196,74.8,67.4,0,40.8472,200,201,73.6,67.7,0,38.73297,200,100,74.2,67.5,0,50.306747,100,95,75.1,67.7,0,25.48855,100,95,73.2,67.7,0,37.802895,100,199,72.2,68,0,34.047222,200,202,75.1,67,0,29.913023,200,97,72.1,67.2,0,43.079315,100,198,71.9,67.4,0,41.968803,200,89.8,89.9,88.5,145.9,103.1,117.3,1.2,0,30.01
20170714,135,78.7,92.9,40.43644769,26.7774125,1,55.8,56.2,4.2,75.4,76.3,-0.2,0.55,0,0,0,5,0,0,0,0,0,0,0,200,72,7.5,4.2,7.5,200,82.6,80.6,79.4,0,0,0,59.6,0,0,73.4,0,60.6,0.8125,49.1,0,0,-0.2,1.5,0,0,0,74.8,74.7,68.9,56.4,15,64.3,60.8,20,0,74.7,0.99,60.6,0.8125,65.1,0,0,99.7,58.8,10,4.7,1,15,15,91.6,75.1,81.8,100,99.8,0,76.5,1.3,65.18965,64.68965,0,12.7,0,0,0,0,0,72,106,78.7,0,0,0,85,55,0,72.4,67.3,1,2200,14,74.3,75.2,0,100,260,1,72.4,73.5,0,0.024405126,0,-16,76.1,72.9,0,0,0,1276,78.7,74.2,0,0.03508772,700,128,76.2,75,0,0,0,44,73.9,75,0,0,0,-1,76.5,75.7,0,0,0,39,73.7,76.7,0,0,0,41,75.6,78.7,0,0.036859564,0,3,74.2,78.6,0,100,950,-5,0,75.5,0,0.024533857,0,-5,74.6,75.5,0,0.024579084,0,101,74.2,68.1,0,39.57719,100,200,70.5,68.4,0,38.019363,200,199,71.4,68.2,0,39.52976,200,201,74.3,67.6,0,24.731182,200,101,73.9,67.4,0,26.055136,100,201,73.5,67.6,0,23.915707,200,201,74.1,67.4,0,19.236902,200,101,72.5,68.2,0,28.864082,100,201,75.2,67.8,0,22.594194,200,101,71.7,67.7,0,29.970545,100,100,74.1,68.4,0,35.64417,100,98,73.2,68.3,0,35.23494,100,200,72.9,68.1,0,30.718956,200,100,73.2,67.8,0,22.588552,100,196,73.6,67.9,0,31.760815,200,199,74,67.5,0,26.917902,200,202,72.9,67.2,0,22.911283,200,102,71.6,67.9,0,30.2454,100,188,72.1,67.6,0,28.599628,200,190,70.6,68.1,0,26.94103,200,97,73.9,68.3,0,48.953827,100,199,73,68.4,0,39.5816,200,202,73.4,67.7,0,26.856861,200,0,74.2,72.4,0,0,0,203,74.6,67.9,0,29.56044,200,194,73.3,68,0,35.977406,200,200,73.6,67.3,0,27.293888,200,150,70.1,68.1,0,37.483265,150,206,74.4,67.5,0,35.731644,200,199,72.5,67.7,0,29.200241,200,101,74.5,68.1,0,50.177937,100,193,73.4,68.4,0,41.606285,200,196,73.9,67.5,0,35.022133,200,98,74.3,67.5,0,24.996939,100,199,73.5,67.3,0,26.605392,200,96,72.4,67.5,0,30.89929,100,97,73.3,67.8,0,27.644882,100,98,71.6,284.8,0,25.988977,100,200,74.5,67.6,0,32.426105,200,197,72.6,67.9,0,34.710644,200,106,75,67.4,0,32.519154,100,97,76.2,68.6,0,36.119373,100,200,74.8,67.4,0,32.08465,200,99,72.8,67.5,0,38.706993,100,187,70.3,67.8,0,48.62006,200,104,75.7,67.5,0,35.804684,100,100,72.8,67.4,0,33.956955,100,103,71.4,68.4,0,37.28453,100,196,74.5,67.6,0,36.34771,200,202,71,67.8,0,53.013313,200,194,74.9,67.8,0,40.8472,200,201,73.8,68,0,38.73297,200,99,74.2,67.9,0,50.306747,100,95,75.2,68,0,25.48855,100,96,73.3,68,0,37.802895,100,196,72.4,68.3,0,34.047222,200,201,75.2,67.4,0,29.913023,200,97,72.2,67.6,0,43.079315,100,199,72.1,67.8,0,41.968803,200,89.8,89.9,88.6,146.9,103.1,117.5,2.2,-0.2,30.01
20170714,140,78.7,92.6,40.36466932,26.7774125,1,55.9,56.3,4.2,75.5,76.4,-0.1,0.55,0,0,0,5,0,0,0,0,0,0,0,200,72,7.5,4.2,7.5,200,82.5,80.5,79.5,0,0,0,59.6,0,0,73.5,0,60.6,0.8125,49.1,0,0,-0.2,1.5,0,0,0,74.8,74.7,69.8,56.1,15,67.8,60.8,20,0,74.9,1,60.6,0.8125,66,0,0,98.7,53.7,10,4.7,0.8,15,15,89.4,75.1,81.8,100,100,0,76.5,1.3,65.18965,64.68965,0,12.7,0,0,0,0,0,72,109,78.8,0,0,0,85,55,0,72.5,67.3,1,2200,13,74.3,75.2,0,100,260,1,72.5,73.5,0,0.024405126,0,-16,76.1,72.9,0,0,0,1276,78.7,74.3,0,0.03508772,700,130,76.2,75.1,0,0,0,45,73.9,75,0,0,0,-1,76.6,75.8,0,0,0,34,73.7,76.8,0,0,0,42,75.6,78.7,0,0.036859564,0,4,74.3,78.6,0,100,950,-5,0,75.5,0,0.024533857,0,-5,74.6,75.5,0,0.024579084,0,101,74.2,68.8,0,39.57719,100,200,70.7,69,0,38.019363,200,200,71.6,68.7,0,39.52976,200,202,74.4,68.2,0,24.731182,200,102,74,67.8,0,26.055136,100,204,73.6,68,0,23.915707,200,202,74.2,67.9,0,19.236902,200,102,72.6,68.5,0,28.864082,100,199,75.3,68.1,0,22.594194,200,100,71.7,68.2,0,29.970545,100,100,74.1,69.2,0,35.64417,100,100,73.2,69,0,35.23494,100,201,72.9,68.8,0,30.718956,200,101,73.3,68.2,0,22.588552,100,198,73.7,68.5,0,31.760815,200,198,74,67.9,0,26.917902,200,203,72.9,67.7,0,22.911283,200,103,71.7,68.2,0,30.2454,100,198,72.1,68.3,0,28.599628,200,198,70.7,68.8,0,26.94103,200,98,74,69.1,0,48.953827,100,202,73,69.1,0,39.5816,200,204,73.5,68.5,0,26.856861,200,0,74.3,72.4,0,0,0,207,74.7,68.4,0,29.56044,200,194,73.4,68.4,0,35.977406,200,200,73.7,67.8,0,27.293888,200,151,70.3,68.5,0,37.483265,150,208,74.4,68.1,0,35.731644,200,199,72.6,68.5,0,29.200241,200,101,74.6,68.9,0,50.177937,100,194,73.5,69.2,0,41.606285,200,196,73.9,68.1,0,35.022133,200,99,74.3,68,0,24.996939,100,196,73.5,67.9,0,26.605392,200,95,72.5,67.9,0,30.89929,100,96,73.4,68.1,0,27.644882,100,99,71.7,285.1,0,25.988977,100,204,74.6,68,0,32.426105,200,199,72.6,68.5,0,34.710644,200,105,75,67.9,0,32.519154,100,98,76.2,69.2,0,36.119373,100,200,74.9,68,0,32.08465,200,99,72.8,67.7,0,38.706993,100,197,70.4,68.5,0,48.62006,200,105,75.7,67.7,0,35.804684,100,106,72.9,68,0,33.956955,100,103,71.5,68.7,0,37.28453,100,197,74.5,68,0,36.34771,200,200,71.1,68.5,0,53.013313,200,195,74.9,68.1,0,40.8472,200,203,73.8,68.4,0,38.73297,200,100,74.3,68.2,0,50.306747,100,96,75.3,68.4,0,25.48855,100,96,73.4,68.6,0,37.802895,100,197,72.5,68.8,0,34.047222,200,203,75.2,68,0,29.913023,200,98,72.4,68.5,0,43.079315,100,199,72.1,68.6,0,41.968803,200,89.9,90,88.5,146.9,103.1,117.5,1.2,-0.1,30.01
20170714,145,78.6,93.4,40.45783446,26.7774125,1,56,56.4,4.2,75.6,76.4,-0.1,0.55,0,0,0,5,0,0,0,0,0,0,0,200,72,7.5,4.2,7.5,200,82.7,80.6,79.5,0,0,0,59.6,0,0,73.9,0,60.6,0.8125,48.9,0,0,-0.2,1.5,0,0,0,74.9,74.8,70.9,56.2,15,71.9,60.8,20,0,74.9,1.01,60.6,0.8125,66.8,0,0,93.2,53.5,10,4.7,1.5,15,15,86.6,77.1,82.8,100,99.6,0,76.5,1.25,65.18965,64.68965,0,13,0,0,0,0,0,72,111,78.8,0,0,0,84.715866,55,0,72.5,67.3,1,2200,13,74.3,75.2,0,100,260,1,72.5,73.5,0,0.024405126,0,-17,76.1,73,0,0,0,1276,78.7,74.4,0,0.03508772,700,127,76.2,75.1,0,0,0,44,74,75.1,0,0,0,-1,76.7,75.8,0,0,0,39,73.7,76.8,0,0,0,41,75.6,78.8,0,0.036859564,0,3,74.3,78.7,0,100,950,-4,0,75.6,0,0.024533857,0,-5,74.6,75.5,0,0.024579084,0,101,74.3,69.7,0,39.57719,100,200,70.8,69.9,0,38.019363,200,201,71.7,69.5,0,39.52976,200,203,74.4,69.1,0,24.731182,200,101,74,68.1,0,26.055136,100,200,73.7,68.7,0,23.915707,200,200,74.2,68.5,0,19.236902,200,103,72.7,68.9,0,28.864082,100,199,75.3,68.7,0,22.594194,200,101,71.8,68.8,0,29.970545,100,100,74.2,70.2,0,35.64417,100,100,73.3,70,0,35.23494,100,199,73,69.8,0,30.718956,200,101,73.3,68.9,0,22.588552,100,200,73.8,69.3,0,31.760815,200,202,74.1,68.3,0,26.917902,200,204,73,68.4,0,22.911283,200,103,71.8,68.7,0,30.2454,100,189,72.2,69.3,0,28.599628,200,195,70.8,69.6,0,26.94103,200,97,74,70.2,0,48.953827,100,200,73.1,70.1,0,39.5816,200,204,73.5,69.5,0,26.856861,200,0,74.3,72.4,0,0,0,204,74.7,69.2,0,29.56044,200,194,73.5,69,0,35.977406,200,202,73.8,68.5,0,27.293888,200,151,70.4,69.1,0,37.483265,150,206,74.5,69.1,0,35.731644,200,200,72.6,69.3,0,29.200241,200,101,74.7,69.8,0,50.177937,100,192,73.6,70.1,0,41.606285,200,196,74,69.2,0,35.022133,200,99,74.4,68.6,0,24.996939,100,202,73.6,68.6,0,26.605392,200,98,72.6,68.5,0,30.89929,100,96,73.4,68.7,0,27.644882,100,98,71.8,284.9,0,25.988977,100,204,74.6,68.8,0,32.426105,200,197,72.7,69.4,0,34.710644,200,106,75,68.7,0,32.519154,100,98,76.2,69.9,0,36.119373,100,199,74.9,69,0,32.08465,200,100,72.8,68,0,38.706993,100,195,70.6,69.3,0,48.62006,200,105,75.8,68,0,35.804684,100,105,73,68.6,0,33.956955,100,103,71.6,69.1,0,37.28453,100,200,74.6,68.8,0,36.34771,200,204,71.2,69.5,0,53.013313,200,195,75,68.6,0,40.8472,200,203,73.9,68.9,0,38.73297,200,100,74.4,68.8,0,50.306747,100,95,75.3,69,0,25.48855,100,97,73.5,69.3,0,37.802895,100,197,72.5,69.5,0,34.047222,200,202,75.3,69.1,0,29.913023,200,98,72.5,69.6,0,43.079315,100,199,72.2,69.6,0,41.968803,200,89.9,90,88.6,146.9,103.1,117.1,2.9,0.1,30.01
20170714,150,78.5,93.4,40.35978945,26.7774125,1,56,56.5,4.2,75.7,76.5,-0.2,0.55,0,0,0,5,0,0,0,0,0,0,0,200,72,7.5,4.2,7.5,200,83,80.5,79.5,0,0,0,59.2,0,0,74.1,0,60.2,0.8125,48.8,0,0,-0.2,1.5,0,0,0,74.9,74.9,72.2,56.5,15,76.8,60.6,20,0,74.9,0.99,60.2,0.8125,67.4,0,0,88.1,58.5,10,4.3,1,15,15,83.3,77.1,85.7,100,100,0,76.5,1.2,65.06896,64.56896,0,13.4,0,0,0,0,0,72,110,78.9,0,0,0,83.165016,55,0,72.5,67.3,1,2200,11,74.4,75.2,0,100,260,1,72.5,73.6,0,0.024405126,0,-16,76.1,73,0,0,0,1276,78.7,74.4,0,0.03508772,700,128,76.2,75.1,0,0,0,44,74,75.1,0,0,0,-1,76.8,75.8,0,0,0,37,73.7,76.8,0,0,0,41,75.6,78.8,0,0.036859564,0,2,74.3,78.7,0,100,950,-5,0,75.6,0,0.024533857,0,-4,74.6,75.5,0,0.024579084,0,100,74.3,70.9,0,39.57719,100,199,70.9,71,0,38.019363,200,199,71.8,70.6,0,39.52976,200,201,74.5,70.2,0,24.731182,200,101,74.1,68.8,0,26.055136,100,201,73.8,69.5,0,23.915707,200,199,74.3,69.3,0,19.236902,200,101,72.8,69.4,0,28.864082,100,200,75.4,69.7,0,22.594194,200,99,71.9,69.7,0,29.970545,100,100,74.2,71.4,0,35.64417,100,99,73.4,71.1,0,35.23494,100,200,73.1,70.9,0,30.718956,200,100,73.3,69.8,0,22.588552,100,198,73.9,70.3,0,31.760815,200,199,74.1,69.1,0,26.917902,200,202,73.1,69.3,0,22.911283,200,102,71.9,69.3,0,30.2454,100,201,72.3,70.5,0,28.599628,200,195,70.9,70.6,0,26.94103,200,97,74.1,71.3,0,48.953827,100,202,73.2,71.3,0,39.5816,200,202,73.6,70.6,0,26.856861,200,0,74.3,72.5,0,0,0,203,74.8,70.1,0,29.56044,200,194,73.6,69.7,0,35.977406,200,198,73.8,69.4,0,27.293888,200,150,70.5,70,0,37.483265,150,205,74.5,70.2,0,35.731644,200,198,72.7,70.4,0,29.200241,200,101,74.7,71,0,50.177937,100,193,73.7,71.3,0,41.606285,200,197,74,70.3,0,35.022133,200,98,74.4,69.5,0,24.996939,100,198,73.7,69.5,0,26.605392,200,96,72.7,69.3,0,30.89929,100,97,73.5,69.4,0,27.644882,100,97,71.9,284.8,0,25.988977,100,203,74.6,69.9,0,32.426105,200,197,72.8,70.4,0,34.710644,200,103,75.1,70,0,32.519154,100,98,76.2,70.9,0,36.119373,100,198,75,70.1,0,32.08465,200,99,72.9,69.2,0,38.706993,100,185,70.8,70.4,0,48.62006,200,104,75.8,68.6,0,35.804684,100,94,73,69.5,0,33.956955,100,102,71.7,69.6,0,37.28453,100,199,74.7,70.1,0,36.34771,200,201,71.3,70.7,0,53.013313,200,195,75,69.4,0,40.8472,200,202,74,69.8,0,38.73297,200,99,74.4,69.6,0,50.306747,100,94,75.4,69.8,0,25.48855,100,96,73.5,70.2,0,37.802895,100,198,72.7,70.4,0,34.047222,200,201,75.4,70.2,0,29.913023,200,98,72.6,70.7,0,43.079315,100,200,72.3,70.8,0,41.968803,200,89.9,90,88.5,143.9,103.2,117.3,1.1,0.6,30.01
20170714,155,78.5,93,40.26473068,26.7774125,71,55.9,56.4,4.3,75.8,76.5,-0.1,0.55,0,0,0,5,34,54,1,1,1,0,0,200,72,7.5,4.3,7.5,200,83,80.4,79.6,0,0,0,59.2,0,0,74.2,0,60.2,0.8125,48.6,0,0,-0.2,1.5,0,0,0,75,74.8,73.3,56.6,15,82.3,60.6,20,0,75,1,60.2,0.8125,68.1,0,0,83.9,58.4,10,4.8,1,15,15,80.4,75.1,88.9,100,99.7,0,76.5,1.2,65.06896,64.56896,0,13.6,0,0,0,5,1,72,110,78.9,0,0,0,82.66328,55,0,72.5,67.3,1,2200,11,74.4,75.2,0,100,260,1,72.5,73.6,0,0.024405126,0,-16,76.2,73,0,0,0,1277,78.8,74.4,0,0.03508772,700,129,76.3,75.2,0,0,0,44,74.1,75.1,0,0,0,-1,76.9,75.9,0,0,0,37,73.7,76.9,0,0,0,40,75.6,78.9,0,0.036859564,0,3,74.3,78.7,0,100,950,-6,0,75.6,0,0.024533857,0,-4,74.6,75.5,0,0.024579084,0,100,74.4,72,0,39.57719,100,199,71.1,72.2,0,38.019363,200,200,72,71.8,0,39.52976,200,202,74.5,71.4,0,24.731182,200,101,74.1,69.8,0,26.055136,100,201,73.8,70.6,0,23.915707,200,197,74.4,70.3,0,19.236902,200,101,72.8,70.2,0,28.864082,100,198,75.4,70.8,0,22.594194,200,101,72,70.9,0,29.970545,100,99,74.3,72.5,0,35.64417,100,99,73.4,72.3,0,35.23494,100,198,73.2,72.1,0,30.718956,200,100,73.3,70.8,0,22.588552,100,196,73.9,71.3,0,31.760815,200,199,74.2,70.1,0,26.917902,200,200,73.1,70.3,0,22.911283,200,101,71.9,70.1,0,30.2454,100,205,72.4,71.7,0,28.599628,200,193,71.1,71.7,0,26.94103,200,96,74.2,72.5,0,48.953827,100,197,73.2,72.4,0,39.5816,200,202,73.7,71.8,0,26.856861,200,0,74.3,72.5,0,0,0,201,74.9,71.2,0,29.56044,200,194,73.7,70.7,0,35.977406,200,199,73.9,70.6,0,27.293888,200,150,70.6,71.1,0,37.483265,150,206,74.6,71.4,0,35.731644,200,197,72.7,71.6,0,29.200241,200,101,74.8,72.1,0,50.177937,100,192,73.8,72.5,0,41.606285,200,196,74.1,71.5,0,35.022133,200,98,74.4,70.6,0,24.996939,100,199,73.8,70.6,0,26.605392,200,97,72.7,70.3,0,30.89929,100,95,73.5,70.3,0,27.644882,100,98,72,284.7,0,25.988977,100,202,74.7,71,0,32.426105,200,196,72.9,71.5,0,34.710644,200,103,75.1,71.2,0,32.519154,100,97,76.3,72,0,36.119373,100,197,75,71.3,0,32.08465,200,99,72.9,70.6,0,38.706993,100,186,71,71.6,0,48.62006,200,104,75.8,69.5,0,35.804684,100,98,73.1,70.6,0,33.956955,100,103,71.8,70.4,0,37.28453,100,196,74.7,71.3,0,36.34771,200,199,71.5,72,0,53.013313,200,196,75.1,70.4,0,40.8472,200,202,74.1,70.9,0,38.73297,200,99,74.5,70.6,0,50.306747,100,96,75.5,70.8,0,25.48855,100,96,73.6,71.3,0,37.802895,100,195,72.8,71.4,0,34.047222,200,202,75.4,71.5,0,29.913023,200,97,72.7,71.8,0,43.079315,100,198,72.4,72,0,41.968803,200,90,90.1,88.5,145.9,103.2,117.4,1.2,-0.1,30.01
20170714,200,78.4,92.9,40.14357549,26.7774125,262,56.4,49.6,5.55,80.9,74.7,-0.2,0.6,0,0,0,5,100,100,1,1,1,0,0,200,72,7.5,5.55,7.5,200,83.4,80.4,79.4,0,0,0,59.2,0,0,74.7,0,60.2,0.8125,48.3,0,0,-0.2,1.5,0,0,0,75,75,64.4,55.7,15,82.9,60.6,20,0,74.9,1,60.2,0.8125,67.9,0,0,85.9,58.4,10,4.3,0.8,15,15,86,67.1,90,100,100,0,76.5,1.2,65.06896,64.56896,0,14,0,0,1,26.1,1,72,105,78.9,0,0,0,82.17308,55,0,72.5,67.3,1,2200,13,74.4,75.2,0,100,260,1,72.5,73.7,0,0.024405126,0,-17,76.2,73.1,0,0,0,1276,78.8,74.5,0,0.03508772,700,128,76.3,75.2,0,0,0,44,74.1,75.2,0,0,0,-1,76.9,75.9,0,0,0,37,73.7,76.9,0,0,0,41,75.6,78.9,0,0.036859564,0,4,74.3,78.8,0,100,950,-5,0,75.6,0,0.024533857,0,-4,74.6,75.5,0,0.024579084,0,101,74.5,68.7,0,39.57719,100,200,71.3,68.7,0,38.019363,200,201,72.1,67.9,0,39.52976,200,202,74.6,69.2,0,24.731182,200,101,74.1,69.3,0,26.055136,100,201,73.9,69.2,0,23.915707,200,201,74.4,68.8,0,19.236902,200,101,72.9,69.1,0,28.864082,100,200,75.4,69.3,0,22.594194,200,101,72,68.7,0,29.970545,100,100,74.3,68.1,0,35.64417,100,101,73.5,68.7,0,35.23494,100,203,73.2,68.2,0,30.718956,200,101,73.4,69.3,0,22.588552,100,198,74,68.9,0,31.760815,200,199,74.2,69.1,0,26.917902,200,202,73.2,68.7,0,22.911283,200,102,72,68.8,0,30.2454,100,210,72.5,68.5,0,28.599628,200,196,71.1,69.2,0,26.94103,200,97,74.3,67.3,0,48.953827,100,200,73.3,67.9,0,39.5816,200,203,73.7,68.7,0,26.856861,200,-1,74.3,72.6,0,0,0,205,74.9,68.5,0,29.56044,200,194,73.8,69.4,0,35.977406,200,202,73.9,68.7,0,27.293888,200,151,70.7,68.8,0,37.483265,150,207,74.6,69.4,0,35.731644,200,199,72.8,68.6,0,29.200241,200,101,74.9,68.1,0,50.177937,100,193,73.9,67.2,0,41.606285,200,199,74.1,69.2,0,35.022133,200,98,74.5,68.7,0,24.996939,100,200,73.8,69,0,26.605392,200,97,72.8,69.1,0,30.89929,100,97,73.5,69.3,0,27.644882,100,98,72,285,0,25.988977,100,202,74.7,69.1,0,32.426105,200,198,72.9,68.3,0,34.710644,200,104,75.2,69.5,0,32.519154,100,98,76.3,69.5,0,36.119373,100,198,75.1,69,0,32.08465,200,99,72.9,69.3,0,38.706993,100,193,71.2,67.3,0,48.62006,200,104,75.8,68.9,0,35.804684,100,102,73.2,68.6,0,33.956955,100,103,71.8,69.1,0,37.28453,100,195,74.7,69.2,0,36.34771,200,197,71.6,67.4,0,53.013313,200,195,75.1,70.2,0,40.8472,200,202,74.1,70.1,0,38.73297,200,99,74.6,70.3,0,50.306747,100,95,75.5,70.1,0,25.48855,100,95,73.7,70,0,37.802895,100,196,72.9,69.4,0,34.047222,200,201,75.6,69.3,0,29.913023,200,97,72.8,69.1,0,43.079315,100,201,72.5,68.4,0,41.968803,200,90,90.1,88.6,143.9,103.2,117.3,1.2,0.1,30.01
20170714,205,78.4,93.5,40.28565987,26.961065,263,50.1,44.1,5.65,82.1,76.7,-0.2,2.15,0,0,0,5,100,100,1,1,1,0,0,200,72,7.5,5.65,7.5,200,84.3,80.2,79.1,0,0,0,59.2,0,0,74.9,0,60.2,0.8125,49.7,0,0,-0.2,1.5,0,0,0,75,75,57.5,55.1,15,79.9,60.6,20,0,74.8,1.02,60.2,0.8125,67.4,0,0,86.1,52.9,10,4.4,1.5,15,15,87.5,63.1,90.8,100,100,0,76.5,1.3,65.06896,64.56896,0,14.3,0,0,1,30.8,1,72,107,79,0,0,0,81.69599,55,0,72.5,67.4,1,2200,12,74.4,75.1,0,100,260,1,72.5,73.7,0,0.024405126,0,-17,76.2,73.2,0,0,0,1276,78.8,74.5,0,0.03508772,700,128,76.3,75.3,0,0,0,44,74.2,75.2,0,0,0,-1,77,75.9,0,0,0,36,73.7,76.9,0,0,0,41,75.6,78.9,0,0.036859564,0,3,74.3,78.9,0,100,950,-5,0,75.6,0,0.024533857,0,-5,74.6,75.6,0,0.024579084,0,103,74.5,63.7,0,39.57719,100,203,71.1,63.8,0,38.019363,200,203,71.9,63.1,0,39.52976,200,204,74.6,64.9,0,24.731182,200,102,74.2,67.1,0,26.055136,100,204,73.9,65.8,0,23.915707,200,204,74.4,65.6,0,19.236902,200,103,72.9,66.6,0,28.864082,100,204,75.5,66.2,0,22.594194,200,102,72,65.1,0,29.970545,100,102,74.3,62.8,0,35.64417,100,104,73.5,63.6,0,35.23494,100,205,73.2,63,0,30.718956,200,101,73.4,65.9,0,22.588552,100,202,74,64.7,0,31.760815,200,202,74.2,66.6,0,26.917902,200,210,73.2,65.3,0,22.911283,200,104,72,66.2,0,30.2454,100,201,72.5,63.7,0,28.599628,200,201,71.1,64.9,0,26.94103,200,100,74.2,61.5,0,48.953827,100,204,73.3,62.5,0,39.5816,200,207,73.7,63.6,0,26.856861,200,-1,74.3,72.7,0,0,0,208,74.9,64.1,0,29.56044,200,195,73.7,66.4,0,35.977406,200,204,73.9,65.1,0,27.293888,200,154,70.7,65,0,37.483265,150,211,74.6,65.2,0,35.731644,200,200,72.8,63.7,0,29.200241,200,102,74.8,62.6,0,50.177937,100,195,73.8,61.6,0,41.606285,200,198,74.1,64.9,0,35.022133,200,99,74.5,65.1,0,24.996939,100,203,73.8,65.3,0,26.605392,200,97,72.8,66.1,0,30.89929,100,99,73.6,66.6,0,27.644882,100,101,72.1,284.7,0,25.988977,100,203,74.8,65.3,0,32.426105,200,200,72.9,63.6,0,34.710644,200,107,75.2,65.4,0,32.519154,100,99,76.3,65.2,0,36.119373,100,203,75.1,64.6,0,32.08465,200,99,72.9,65.8,0,38.706993,100,206,71,62.4,0,48.62006,200,106,75.8,66.7,0,35.804684,100,109,73.2,64.8,0,33.956955,100,103,71.8,66.4,0,37.28453,100,201,74.8,65,0,36.34771,200,211,71.6,62,0,53.013313,200,196,75.1,68.4,0,40.8472,200,203,74.1,67.4,0,38.73297,200,100,74.6,67.9,0,50.306747,100,96,75.5,67.5,0,25.48855,100,96,73.7,66.8,0,37.802895,100,199,72.9,65.5,0,34.047222,200,203,75.6,64.8,0,29.913023,200,98,72.8,64.4,0,43.079315,100,200,72.5,63.2,0,41.968803,200,90.1,90.2,88.7,146.9,103.2,117.5,0.6,1.7,30.01
20170714,210,78.2,93.1,39.99649279,26.961065,262,48.3,43.8,5.6,81.1,77,-0.1,2.5,0,0,0,5,100,100,1,1,1,0,0,200,72,7.5,5.6,7.5,200,84.8,80.2,79.1,0,0,0,59.2,0,0,74.8,0,60.2,0.8125,49.1,0,0,-0.2,1.5,0,0,0,74.9,75,53.4,55.1,15,74.6,60.6,20,0,74.9,1.01,60.2,0.8125,66.7,0,0,91.7,56.1,10,4.3,1.8,15,15,90.8,61.1,92.2,100,93.5,0,76.5,1.3,65.06896,64.56896,0,14.6,0,0,1,36,1,72,105,79,0,0,0,81.22727,55,0,72.6,67.4,1,2200,11,74.4,75.1,0,100,260,2,72.5,73.8,0,0.024405126,0,-17,76.2,73.2,0,0,0,1276,78.8,74.5,0,0.03508772,700,127,76.3,75.3,0,0,0,44,74.2,75.3,0,0,0,-1,77.1,76,0,0,0,37,73.8,77,0,0,0,41,75.7,79,0,0.036859564,0,3,74.3,78.9,0,100,950,-5,0,75.7,0,0.024533857,0,-4,74.7,75.6,0,0.024579084,0,102,74.5,59.2,0,39.57719,100,201,70.8,59.4,0,38.019363,200,202,71.5,58.9,0,39.52976,200,203,74.6,60.7,0,24.731182,200,102,74.2,64.1,0,26.055136,100,204,73.8,62.1,0,23.915707,200,204,74.4,62,0,19.236902,200,103,72.7,63.6,0,28.864082,100,202,75.5,62.6,0,22.594194,200,102,72,61.4,0,29.970545,100,101,74.3,58.2,0,35.64417,100,102,73.4,59.2,0,35.23494,100,204,73.2,58.5,0,30.718956,200,100,73.4,62.3,0,22.588552,100,200,73.9,60.7,0,31.760815,200,201,74.2,63.6,0,26.917902,200,205,73.1,61.6,0,22.911283,200,103,71.8,63.2,0,30.2454,100,192,72.4,59.2,0,28.599628,200,196,70.9,60.6,0,26.94103,200,99,74.2,56.9,0,48.953827,100,203,73.3,57.9,0,39.5816,200,205,73.7,59,0,26.856861,200,-1,74.4,72.8,0,0,0,207,74.9,59.9,0,29.56044,200,194,73.6,62.9,0,35.977406,200,204,74,61.2,0,27.293888,200,152,70.6,61.2,0,37.483265,150,210,74.6,60.8,0,35.731644,200,201,72.8,59.2,0,29.200241,200,101,74.7,58,0,50.177937,100,194,73.7,57.2,0,41.606285,200,202,74.1,60.5,0,35.022133,200,99,74.5,61.4,0,24.996939,100,201,73.7,61.4,0,26.605392,200,97,72.7,62.7,0,30.89929,100,101,73.5,63.3,0,27.644882,100,99,72,284.7,0,25.988977,100,199,74.7,61.3,0,32.426105,200,199,72.8,59.4,0,34.710644,200,105,75.2,61.2,0,32.519154,100,99,76.3,61.2,0,36.119373,100,201,75,60.2,0,32.08465,200,99,72.9,61.9,0,38.706993,100,192,70.7,58.2,0,48.62006,200,105,75.8,63.9,0,35.804684,100,110,73.1,60.9,0,33.956955,100,102,71.6,63.3,0,37.28453,100,195,74.7,60.7,0,36.34771,200,200,71.4,57.5,0,53.013313,200,194,75.1,65.7,0,40.8472,200,203,74.1,64,0,38.73297,200,99,74.6,64.9,0,50.306747,100,95,75.5,64.3,0,25.48855,100,96,73.7,63.2,0,37.802895,100,198,72.8,61.5,0,34.047222,200,202,75.6,60.4,0,29.913023,200,98,72.6,60.1,0,43.079315,100,198,72.5,58.7,0,41.968803,200,90.1,90.2,88.6,146.9,103.3,117.5,1.2,0,30.01
20170714,215,78.2,93.5,40.09055366,26.961065,263,48,44.1,5.6,79.9,76.2,-0.1,2.65,0,0,0,5,100,100,1,1,1,0,0,200,72,7.5,5.6,7.5,200,84.7,80.2,79.4,0,0,0,59.2,0,0,74.6,0,60.2,0.8125,48.5,0,0,-0.2,1.5,0,0,0,74.8,74.8,52.1,55.1,15,69.2,60.6,20,0,74.7,1.01,60.2,0.8125,65.3,0,0,95.6,55.8,9.9,4.5,0.7,15,15,92,61.1,91.8,100,84.7,0,76.5,1.45,65.06896,64.56896,0,14.5,0,0,1,40.5,1,72,111,79,0,0,0,80.77169,55,0,72.6,67.4,1,2200,13,74.5,75.2,0,100,260,1,72.5,73.8,0,0.024405126,0,-17,76.3,73.2,0,0,0,1277,78.8,74.6,0,0.03508772,700,130,76.4,75.3,0,0,0,44,74.3,75.3,0,0,0,-1,77.1,76,0,0,0,42,73.8,77,0,0,0,41,75.7,79,0,0.036859564,0,3,74.3,78.9,0,100,950,-6,0,75.7,0,0.024533857,0,-4,74.7,75.6,0,0.024579084,0,102,74.4,56.7,0,39.57719,100,202,70.4,57,0,38.019363,200,202,71.1,56.7,0,39.52976,200,203,74.5,57.9,0,24.731182,200,103,74.2,61.6,0,26.055136,100,204,73.7,59.4,0,23.915707,200,204,74.3,59.4,0,19.236902,200,102,72.6,61.2,0,28.864082,100,202,75.4,60,0,22.594194,200,102,71.8,59,0,29.970545,100,101,74.2,56,0,35.64417,100,103,73.4,56.8,0,35.23494,100,204,73,56.2,0,30.718956,200,101,73.4,59.8,0,22.588552,100,205,73.9,58.2,0,31.760815,200,203,74.2,61.2,0,26.917902,200,208,73,59.1,0,22.911283,200,103,71.6,60.9,0,30.2454,100,204,72.3,56.6,0,28.599628,200,202,70.8,58.1,0,26.94103,200,99,74.1,54.8,0,48.953827,100,201,73.1,55.8,0,39.5816,200,204,73.6,56.4,0,26.856861,200,-1,74.4,72.8,0,0,0,207,74.9,57.3,0,29.56044,200,194,73.5,60.5,0,35.977406,200,205,73.9,58.6,0,27.293888,200,153,70.4,58.8,0,37.483265,150,210,74.6,58,0,35.731644,200,201,72.7,56.6,0,29.200241,200,102,74.6,55.6,0,50.177937,100,195,73.5,55.1,0,41.606285,200,198,74.1,57.7,0,35.022133,200,99,74.4,58.8,0,24.996939,100,201,73.6,58.7,0,26.605392,200,97,72.5,60.1,0,30.89929,100,101,73.5,60.8,0,27.644882,100,100,71.9,284.8,0,25.988977,100,202,74.7,58.6,0,32.426105,200,200,72.7,57,0,34.710644,200,107,75.2,58.4,0,32.519154,100,98,76.4,58.8,0,36.119373,100,201,75,57.5,0,32.08465,200,97,72.9,59.2,0,38.706993,100,191,70.2,55.9,0,48.62006,200,105,75.8,61.4,0,35.804684,100,113,73.1,58.4,0,33.956955,100,103,71.4,61,0,37.28453,100,195,74.7,57.9,0,36.34771,200,203,71.2,55.3,0,53.013313,200,195,75,63.2,0,40.8472,200,202,74,61.4,0,38.73297,200,100,74.6,62.3,0,50.306747,100,94,75.4,61.6,0,25.48855,100,96,73.5,60.4,0,37.802895,100,197,72.6,58.9,0,34.047222,200,201,75.5,57.6,0,29.913023,200,98,72.4,57.5,0,43.079315,100,199,72.4,56.2,0,41.968803,200,90.1,90.2,88.7,147.9,103.3,117.6,2.9,0.9,30.01
20170714,220,78.2,94.2,40.25522078,26.961065,263,47.7,43.8,5.6,79.5,75.9,-0.1,2.65,0,0,0,5,100,100,1,1,1,0,0,200,72,7.5,5.6,7.5,200,84.4,80.3,79.5,0,0,0,59.2,0,0,74.5,0,60.2,0.8125,48.1,0,0,-0.2,1.5,0,0,0,74.7,74.7,51.8,55.2,15,63.7,60.6,20,0,74.6,1,60.2,0.8125,64.4,0,0,97.9,54.9,9.9,4.4,1.5,15,15,92.1,61.1,84.9,100,73,0,76.5,1.45,65.06896,64.56896,0,13.4,0,0,1,44.3,1,72,108,79.1,0,0,0,80.32762,55,0,72.6,67.5,1,2200,12,74.5,75.2,0,100,260,1,72.5,73.8,0,0.024405126,0,-17,76.3,73.2,0,0,0,1277,78.9,74.6,0,0.03508772,700,127,76.4,75.4,0,0,0,44,74.3,75.3,0,0,0,-1,77.2,76,0,0,0,37,73.8,77.1,0,0,0,41,75.7,79,0,0.036859564,0,3,74.3,78.9,0,100,950,-4,0,75.7,0,0.024533857,0,-5,74.7,75.6,0,0.024579084,0,103,74.3,55.5,0,39.57719,100,202,70.1,55.8,0,38.019363,200,203,70.8,55.6,0,39.52976,200,204,74.4,56.4,0,24.731182,200,103,74.2,59.8,0,26.055136,100,206,73.6,57.7,0,23.915707,200,204,74.1,57.7,0,19.236902,200,103,72.5,59.6,0,28.864082,100,200,75.3,58.3,0,22.594194,200,100,71.7,57.5,0,29.970545,100,102,74.2,55,0,35.64417,100,103,73.3,55.7,0,35.23494,100,206,72.9,55.1,0,30.718956,200,101,73.3,58.3,0,22.588552,100,203,73.8,56.7,0,31.760815,200,203,74.1,59.5,0,26.917902,200,209,72.9,57.6,0,22.911283,200,104,71.4,59.5,0,30.2454,100,208,72.1,55.2,0,28.599628,200,201,70.6,56.8,0,26.94103,200,99,74,54,0,48.953827,100,200,73,54.8,0,39.5816,200,205,73.6,55.1,0,26.856861,200,0,74.4,72.9,0,0,0,207,74.8,56,0,29.56044,200,194,73.4,58.8,0,35.977406,200,205,73.9,57.1,0,27.293888,200,153,70.2,57.4,0,37.483265,150,212,74.6,56.3,0,35.731644,200,201,72.7,55.3,0,29.200241,200,102,74.5,54.6,0,50.177937,100,195,73.4,54.2,0,41.606285,200,200,74,56.3,0,35.022133,200,100,74.4,57.3,0,24.996939,100,203,73.5,57.1,0,26.605392,200,97,72.3,58.4,0,30.89929,100,101,73.5,59.2,0,27.644882,100,100,71.7,284.8,0,25.988977,100,201,74.6,57,0,32.426105,200,201,72.5,55.7,0,34.710644,200,107,75.1,56.7,0,32.519154,100,99,76.3,57.7,0,36.119373,100,203,74.9,56.1,0,32.08465,200,98,72.9,57.5,0,38.706993,100,196,69.8,54.8,0,48.62006,200,105,75.8,59.7,0,35.804684,100,114,72.9,56.9,0,33.956955,100,103,71.3,59.5,0,37.28453,100,198,74.6,56.3,0,36.34771,200,206,70.9,54.3,0,53.013313,200,195,74.9,61.2,0,40.8472,200,203,73.8,59.5,0,38.73297,200,100,74.5,60.4,0,50.306747,100,96,75.3,59.8,0,25.48855,100,98,73.4,58.7,0,37.802895,100,197,72.5,57.5,0,34.047222,200,203,75.3,56,0,29.913023,200,98,72.1,56,0,43.079315,100,199,72.2,55,0,41.968803,200,90.2,90.3,88.7,146.9,103.3,117.7,0,1.5,30.01
20170714,225,78.1,94.4,40.20432455,26.961065,259,47.4,43.6,5.6,79.2,75.8,-0.1,2.7,0,0,0,5,100,100,1,1,1,0,0,200,72,7.5,5.6,7.5,200,84.1,80.3,79.7,0,0,0,59.2,0,0,74.4,0,60.2,0.8125,48.2,0,0,-0.2,1.5,0,0,0,74.6,74.6,51.8,55.4,15,58.3,60.6,20,0,74.5,1,60.2,0.8125,63.7,0,0,98.7,55.5,9.9,4.7,1,15,15,93,61.1,83.1,100,59.3,0,76.5,1.4,65.06896,64.56896,0,13.1,0,0,1,48.4,1,72,110,79.1,0,0,0,79.896515,55,0,72.6,67.5,1,2200,13,74.5,75.2,0,100,260,1,72.5,73.8,0,0.024405126,0,-17,76.3,73.3,0,0,0,1277,78.9,74.7,0,0.03508772,700,128,76.4,75.4,0,0,0,44,74.3,75.4,0,0,0,-1,77.2,76.1,0,0,0,35,73.8,77.1,0,0,0,40,75.7,79.1,0,0.036859564,0,3,74.4,78.9,0,100,950,-5,0,75.7,0,0.024533857,0,-5,74.7,75.6,0,0.024579084,0,103,74.3,54.8,0,39.57719,100,203,69.8,55.1,0,38.019363,200,203,70.5,55,0,39.52976,200,204,74.3,55.5,0,24.731182,200,103,74.2,58.5,0,26.055136,100,203,73.5,56.6,0,23.915707,200,204,74,56.6,0,19.236902,200,104,72.3,58.5,0,28.864082,100,201,75.3,57.3,0,22.594194,200,101,71.6,56.5,0,29.970545,100,102,74.1,54.5,0,35.64417,100,104,73.2,55.1,0,35.23494,100,204,72.8,54.5,0,30.718956,200,101,73.3,57.3,0,22.588552,100,203,73.6,55.8,0,31.760815,200,201,74,58.3,0,26.917902,200,209,72.8,56.6,0,22.911283,200,105,71.2,58.5,0,30.2454,100,192,71.9,54.5,0,28.599628,200,201,70.5,56.1,0,26.94103,200,99,73.9,53.6,0,48.953827,100,201,72.9,54.4,0,39.5816,200,206,73.5,54.5,0,26.856861,200,-1,74.4,72.8,0,0,0,207,74.7,55.1,0,29.56044,200,194,73.3,57.7,0,35.977406,200,205,73.8,56.1,0,27.293888,200,154,69.9,56.4,0,37.483265,150,212,74.5,55.4,0,35.731644,200,202,72.6,54.5,0,29.200241,200,102,74.4,54.1,0,50.177937,100,194,73.2,53.8,0,41.606285,200,201,73.9,55.5,0,35.022133,200,100,74.4,56.3,0,24.996939,100,205,73.4,56.1,0,26.605392,200,96,72.2,57.3,0,30.89929,100,101,73.4,58.1,0,27.644882,100,100,71.6,284.7,0,25.988977,100,200,74.5,56,0,32.426105,200,201,72.4,55,0,34.710644,200,107,75.1,55.8,0,32.519154,100,100,76.4,57,0,36.119373,100,203,74.8,55.3,0,32.08465,200,98,72.9,56.4,0,38.706993,100,198,69.4,54.1,0,48.62006,200,105,75.7,58.5,0,35.804684,100,114,72.8,55.8,0,33.956955,100,103,71.2,58.6,0,37.28453,100,196,74.6,55.4,0,36.34771,200,209,70.6,53.7,0,53.013313,200,199,74.8,59.8,0,40.8472,200,203,73.6,58.3,0,38.73297,200,99,74.4,59,0,50.306747,100,95,75.2,58.5,0,25.48855,100,97,73.2,57.6,0,37.802895,100,200,72.3,56.6,0,34.047222,200,203,75.2,55.1,0,29.913023,200,98,71.9,55.3,0,43.079315,100,197,72.2,54.4,0,41.968803,200,90.2,90.3,88.9,145.9,103.3,117.5,2.2,0.1,30.01
20170714,230,78,94.7,40.1767031,26.961065,252,47.3,43.9,5.65,78.8,75.6,-0.1,2.65,0,0,0,5,100,100,1,1,1,0,0,200,72,7.5,5.65,7.5,200,83.8,80.5,79.9,0,0,0,59.2,0,0,74.2,0,60.2,0.8125,48.1,0,0,-0.2,1.4,0,0,0,74.5,74.5,51.8,55.6,15,52.9,60.6,20,0,74.4,1,60.2,0.8125,62.7,0,0,99.5,59.9,10,4.6,0.8,15,15,94.6,61.1,81.7,100,46.6,0,76.5,1.3,65.06896,64.56896,0,12.7,0,0,1,52,1,72,104,79.2,0,0,0,79.474106,55,0,72.7,67.5,1,2200,15,74.5,75.3,0,100,260,1,72.6,73.9,0,0.024405126,0,-17,76.3,73.3,0,0,0,1277,78.9,74.7,0,0.03508772,700,128,76.4,75.5,0,0,0,44,74.4,75.4,0,0,0,-1,77.2,76.1,0,0,0,37,73.8,77.1,0,0,0,40,75.7,79.1,0,0.036859564,0,3,74.4,79,0,100,950,-4,0,75.7,0,0.024533857,0,-5,74.7,75.7,0,0.024579084,0,103,74.2,54.5,0,39.57719,100,203,69.6,54.9,0,38.019363,200,202,70.3,54.7,0,39.52976,200,203,74.2,55,0,24.731182,200,103,74.1,57.8,0,26.055136,100,205,73.4,55.9,0,23.915707,200,203,73.9,55.9,0,19.236902,200,103,72.2,57.8,0,28.864082,100,200,75.2,56.5,0,22.594194,200,100,71.5,55.9,0,29.970545,100,102,74,54.4,0,35.64417,100,103,73.2,54.8,0,35.23494,100,207,72.7,54.2,0,30.718956,200,100,73.3,56.7,0,22.588552,100,202,73.5,55.3,0,31.760815,200,204,74,57.5,0,26.917902,200,207,72.7,55.9,0,22.911283,200,104,71.1,57.8,0,30.2454,100,187,71.7,54.1,0,28.599628,200,200,70.4,55.7,0,26.94103,200,99,73.8,53.5,0,48.953827,100,200,72.8,54.2,0,39.5816,200,204,73.4,54.2,0,26.856861,200,0,74.4,72.8,0,0,0,206,74.6,54.7,0,29.56044,200,194,73.1,57.1,0,35.977406,200,205,73.7,55.4,0,27.293888,200,152,69.8,55.9,0,37.483265,150,208,74.5,54.9,0,35.731644,200,198,72.6,54.2,0,29.200241,200,102,74.3,53.9,0,50.177937,100,195,73.1,53.6,0,41.606285,200,199,73.9,55,0,35.022133,200,99,74.3,55.7,0,24.996939,100,203,73.4,55.5,0,26.605392,200,99,71.9,56.6,0,30.89929,100,101,73.4,57.4,0,27.644882,100,100,71.5,284.7,0,25.988977,100,201,74.5,55.5,0,32.426105,200,202,72.3,54.7,0,34.710644,200,105,75,55.4,0,32.519154,100,99,76.3,56.7,0,36.119373,100,202,74.8,54.9,0,32.08465,200,98,72.8,55.9,0,38.706993,100,197,69,53.8,0,48.62006,200,106,75.7,57.7,0,35.804684,100,114,72.7,55.3,0,33.956955,100,103,71.1,57.9,0,37.28453,100,196,74.5,54.9,0,36.34771,200,205,70.4,53.5,0,53.013313,200,197,74.8,58.7,0,40.8472,200,202,73.4,57.4,0,38.73297,200,99,74.3,58.1,0,50.306747,100,96,75.1,57.7,0,25.48855,100,96,73.1,56.9,0,37.802895,100,200,72.1,56.2,0,34.047222,200,204,75.2,54.7,0,29.913023,200,98,71.7,54.9,0,43.079315,100,199,72.1,54.1,0,41.968803,200,90.2,90.3,88.9,144.9,103.3,118,2.9,0,30.01
20170714,235,78.1,94.7,40.27467942,26.961065,249,48.9,48.6,4.45,74.3,75.5,-0.1,2.15,0,0,0,5,98,0,0,1,0,0,0,200,72,7.5,4.45,7.5,200,83.9,80.5,79.9,0,0,0,59.2,0,0,74.1,0,60.2,0.8125,48.1,0,0,-0.2,1.4,0,0,0,74.4,74.5,52.5,55.3,15,47.8,60.6,20,0,74.5,1,60.2,0.8125,62.3,0,0,99.7,56.3,10,4.8,1.5,15,15,95.6,63.1,81.6,100,40.3,0,76.5,1.3,65.06896,64.56896,0,12.7,0,0,0,0,0,72,112,79.2,0,0,0,79.064644,55,0,72.7,67.5,1,2200,13,74.6,75.3,0,100,260,1,72.6,73.9,0,0.024405126,0,-17,76.3,73.4,0,0,0,1277,78.9,74.7,0,0.03508772,700,129,76.5,75.5,0,0,0,43,74.4,75.4,0,0,0,-1,77.2,76.1,0,0,0,38,73.8,77.2,0,0,0,40,75.7,79.1,0,0.036859564,0,3,74.4,79,0,100,950,-5,0,75.8,0,0.024533857,0,-5,74.7,75.7,0,0.024579084,0,104,74.2,54.7,0,39.57719,100,204,69.4,55,0,38.019363,200,202,70.2,54.9,0,39.52976,200,203,74.1,55,0,24.731182,200,103,74.1,57.3,0,26.055136,100,208,73.3,55.7,0,23.915707,200,202,73.8,55.6,0,19.236902,200,103,72.1,57.4,0,28.864082,100,202,75.2,56.3,0,22.594194,200,102,71.3,55.7,0,29.970545,100,102,74,54.6,0,35.64417,100,104,73.1,55,0,35.23494,100,206,72.6,54.5,0,30.718956,200,101,73.2,56.5,0,22.588552,100,203,73.4,55.3,0,31.760815,200,203,73.9,57.1,0,26.917902,200,208,72.6,55.7,0,22.911283,200,105,70.9,57.5,0,30.2454,100,211,71.6,54.2,0,28.599628,200,202,70.3,55.8,0,26.94103,200,99,73.8,53.8,0,48.953827,100,203,72.7,54.5,0,39.5816,200,206,73.4,54.4,0,26.856861,200,-1,74.4,72.8,0,0,0,206,74.6,54.7,0,29.56044,200,195,73,56.8,0,35.977406,200,205,73.7,55.3,0,27.293888,200,153,69.6,55.8,0,37.483265,150,207,74.4,54.9,0,35.731644,200,201,72.5,54.3,0,29.200241,200,102,74.2,54.2,0,50.177937,100,196,72.9,54,0,41.606285,200,198,73.8,55.1,0,35.022133,200,100,74.3,55.6,0,24.996939,100,204,73.3,55.4,0,26.605392,200,98,71.8,56.2,0,30.89929,100,101,73.3,57.1,0,27.644882,100,101,71.3,284.8,0,25.988977,100,198,74.4,55.3,0,32.426105,200,202,72.2,54.8,0,34.710644,200,105,75,55.4,0,32.519154,100,100,76.3,56.9,0,36.119373,100,205,74.7,54.9,0,32.08465,200,99,72.8,55.7,0,38.706993,100,209,68.7,54,0,48.62006,200,106,75.7,57.2,0,35.804684,100,113,72.6,55.2,0,33.956955,100,103,70.9,57.7,0,37.28453,100,197,74.4,55,0,36.34771,200,208,70.2,53.8,0,53.013313,200,197,74.7,58.1,0,40.8472,200,202,73.3,57.1,0,38.73297,200,100,74.2,57.6,0,50.306747,100,95,75,57.3,0,25.48855,100,98,72.9,56.6,0,37.802895,100,199,72,56.1,0,34.047222,200,204,75.1,54.7,0,29.913023,200,98,71.5,54.9,0,43.079315,100,200,72.1,54.3,0,41.968803,200,90.3,90.4,88.8,144.9,103.4,117.9,1.2,0.2,30.01
20170714,240,78.1,94.3,40.18087605,26.961065,233,53.7,53.6,4.2,74,75.6,-0.1,0.85,0,0,0,5,93,0,0,1,0,0,0,200,72,7.5,4.2,7.5,200,83.8,80.5,80,0,0,0,59.2,0,0,73.9,0,60.2,0.8125,48.1,0,0,-0.2,1.4,0,0,0,74.4,74.5,55.5,55.7,15,44.2,60.6,20,0,74.4,1,60.2,0.8125,61.8,0,0,99.8,55.9,10,4.3,1.3,15,15,96.1,65.1,81.6,100,37.8,0,76.5,1.3,65.06896,64.56896,0,12.6,0,0,0,0,0,72,110,79.2,0,0,0,78.66671,55,0,72.7,67.6,1,2200,12,74.6,75.3,0,100,260,1,72.6,74,0,0.024405126,0,-16,76.4,73.4,0,0,0,1277,78.9,74.8,0,0.03508772,700,128,76.5,75.5,0,0,0,44,74.5,75.5,0,0,0,-1,77.3,76.1,0,0,0,41,73.8,77.2,0,0,0,41,75.7,79.2,0,0.036859564,0,3,74.4,79.1,0,100,950,-5,0,75.8,0,0.024533857,0,-5,74.7,75.7,0,0.024579084,0,103,74.1,56.1,0,39.57719,100,202,69.3,56.4,0,38.019363,200,202,70.1,56.5,0,39.52976,200,205,74.1,56.1,0,24.731182,200,103,74,57.5,0,26.055136,100,203,73.2,56.4,0,23.915707,200,203,73.7,56.3,0,19.236902,200,103,72.1,57.9,0,28.864082,100,201,75.1,56.9,0,22.594194,200,101,71.3,56.6,0,29.970545,100,101,73.9,56.3,0,35.64417,100,102,73,56.4,0,35.23494,100,205,72.5,56,0,30.718956,200,100,73.2,57.2,0,22.588552,100,201,73.3,56.3,0,31.760815,200,202,73.8,57.4,0,26.917902,200,208,72.6,56.4,0,22.911283,200,104,70.8,58,0,30.2454,100,194,71.4,55.6,0,28.599628,200,197,70.3,56.8,0,26.94103,200,98,73.7,55.8,0,48.953827,100,199,72.6,56.2,0,39.5816,200,205,73.3,55.7,0,26.856861,200,-1,74.3,72.7,0,0,0,207,74.5,55.9,0,29.56044,200,194,72.9,57.3,0,35.977406,200,203,73.6,56,0,27.293888,200,152,69.5,56.8,0,37.483265,150,206,74.4,55.9,0,35.731644,200,201,72.4,55.6,0,29.200241,200,103,74.2,55.9,0,50.177937,100,193,72.8,56,0,41.606285,200,200,73.8,56.1,0,35.022133,200,99,74.3,56.4,0,24.996939,100,205,73.2,56.1,0,26.605392,200,97,71.7,56.8,0,30.89929,100,98,73.3,57.5,0,27.644882,100,99,71.2,284.9,0,25.988977,100,199,74.3,56.2,0,32.426105,200,201,72.1,56.1,0,34.710644,200,105,74.9,56.3,0,32.519154,100,99,76.3,57.9,0,36.119373,100,202,74.7,56,0,32.08465,200,98,72.8,56.5,0,38.706993,100,194,68.5,55.7,0,48.62006,200,105,75.6,57.4,0,35.804684,100,103,72.5,56,0,33.956955,100,103,70.9,58.2,0,37.28453,100,198,74.4,56.1,0,36.34771,200,205,70.2,55.8,0,53.013313,200,197,74.6,58.1,0,40.8472,200,202,73.2,57.4,0,38.73297,200,100,74.2,57.7,0,50.306747,100,96,75,57.6,0,25.48855,100,98,72.9,57.2,0,37.802895,100,199,71.9,57.1,0,34.047222,200,204,75,55.8,0,29.913023,200,98,71.4,56.1,0,43.079315,100,196,72,55.8,0,41.968803,200,90.3,90.4,88.8,147.9,103.4,117.8,1.2,0.1,30.01
20170714,245,78.2,94.3,40.27875096,26.961065,1,55.6,55.7,4.2,74.2,75.7,-0.2,0.55,0,0,0,5,0,0,0,0,0,0,0,200,72,7.5,4.2,7.5,200,83.5,80.5,80.2,0,0,0,59.2,0,0,73.4,0,60.2,0.8125,48.4,0,0,-0.2,1.4,0,0,0,74.4,74.4,61,56.1,15,43.5,60.6,20,0,74.4,1,60.2,0.8125,61.8,0,0,99.7,56.3,10,4.7,0.8,15,15,99.2,71.1,81.6,100,42.9,0,76.5,1.3,65.06896,64.56896,0,12.7,0,0,0,0,0,72,107,79.3,0,0,0,78.28032,55,0,72.7,67.6,1,2200,11,74.6,75.3,0,100,260,1,72.6,74,0,0.024405126,0,-17,76.4,73.4,0,0,0,1277,79,74.8,0,0.03508772,700,129,76.5,75.5,0,0,0,43,74.5,75.5,0,0,0,-1,77.3,76.2,0,0,0,40,73.8,77.3,0,0,0,40,75.7,79.2,0,0.036859564,0,3,74.4,79.1,0,100,950,-5,0,75.8,0,0.024533857,0,-5,74.8,75.7,0,0.024579084,0,102,74,59.8,0,39.57719,100,202,69.2,60.1,0,38.019363,200,201,70.1,60.2,0,39.52976,200,203,74.1,59.3,0,24.731182,200,103,74,59.1,0,26.055136,100,204,73.1,58.9,0,23.915707,200,201,73.7,58.8,0,19.236902,200,102,72,59.8,0,28.864082,100,201,75.1,59.3,0,22.594194,200,103,71.3,59.4,0,29.970545,100,101,73.9,60.4,0,35.64417,100,101,73,60.1,0,35.23494,100,204,72.4,59.8,0,30.718956,200,100,73.2,59.6,0,22.588552,100,198,73.3,59.5,0,31.760815,200,201,73.8,59.2,0,26.917902,200,209,72.5,58.9,0,22.911283,200,104,70.7,59.9,0,30.2454,100,207,71.4,59.3,0,28.599628,200,198,70.3,59.8,0,26.94103,200,98,73.7,60.4,0,48.953827,100,201,72.5,60.4,0,39.5816,200,203,73.3,59.5,0,26.856861,200,-1,74.3,72.7,0,0,0,206,74.4,59.3,0,29.56044,200,194,72.8,59.4,0,35.977406,200,202,73.5,58.8,0,27.293888,200,152,69.5,59.6,0,37.483265,150,210,74.3,59,0,35.731644,200,199,72.4,59.3,0,29.200241,200,101,74.1,60,0,50.177937,100,195,72.8,60.5,0,41.606285,200,199,73.7,59.4,0,35.022133,200,99,74.3,59.1,0,24.996939,100,204,73.1,58.8,0,26.605392,200,97,71.6,59,0,30.89929,100,98,73.3,59.5,0,27.644882,100,100,71.1,284.8,0,25.988977,100,202,74.3,59,0,32.426105,200,200,72.1,59.6,0,34.710644,200,106,74.9,59.4,0,32.519154,100,98,76.3,60.7,0,36.119373,100,201,74.7,59.4,0,32.08465,200,98,72.7,59.3,0,38.706993,100,198,68.4,59.8,0,48.62006,200,106,75.6,59.2,0,35.804684,100,112,72.5,59,0,33.956955,100,103,70.8,60.2,0,37.28453,100,198,74.3,59.4,0,36.34771,200,203,70.1,60.1,0,53.013313,200,197,74.6,59.4,0,40.8472,200,202,73.2,59.3,0,38.73297,200,100,74.1,59.3,0,50.306747,100,96,74.9,59.3,0,25.48855,100,97,72.8,59.5,0,37.802895,100,198,71.9,59.9,0,34.047222,200,204,74.9,59.1,0,29.913023,200,98,71.4,59.7,0,43.079315,100,198,72,59.7,0,41.968803,200,90.3,90.4,89,146.9,103.4,118,1.1,0.2,30.01
20170714,250,78.3,93.6,40.21159453,26.961065,1,55.5,55.9,4.2,74.4,75.7,-0.1,0.55,0,0,0,5,0,0,0,0,0,0,0,200,72,7.5,4.2,7.5,200,83,80.4,80.3,0,0,0,59.6,0,0,73.2,0,60.6,0.8125,48.7,0,0,-0.2,1.4,0,0,0,74.4,74.5,66.3,56.3,15,46.1,60.8,20,0,74.4,1,60.6,0.8125,62.2,0,0,99.7,58.2,10,4.2,0.5,15,15,98.9,73.1,81.8,100,68.2,0,76.5,1.3,65.18965,64.68965,0,12.8,0,0,0,0,0,72,104,79.3,0,0,0,78.43147,55,0,72.7,67.6,1,2200,12,74.7,75.4,0,100,260,1,72.6,74,0,0.024405126,0,-17,76.4,73.5,0,0,0,1277,79,74.9,0,0.03508772,700,126,76.5,75.5,0,0,0,44,74.5,75.5,0,0,0,-1,77.3,76.2,0,0,0,41,73.8,77.2,0,0,0,41,75.7,79.2,0,0.036859564,0,2,74.4,79.1,0,100,950,-5,0,75.8,0,0.024533857,0,-5,74.8,75.7,0,0.024579084,0,101,74,65.2,0,39.57719,100,201,69.5,65.5,0,38.019363,200,201,70.4,65.4,0,39.52976,200,203,74.1,64.7,0,24.731182,200,102,74,63.3,0,26.055136,100,202,73.2,64,0,23.915707,200,199,73.7,63.7,0,19.236902,200,102,72,64,0,28.864082,100,201,75.1,64,0,22.594194,200,100,71.4,64.1,0,29.970545,100,100,73.9,65.6,0,35.64417,100,100,73,65.4,0,35.23494,100,201,72.4,65.3,0,30.718956,200,101,73.2,64.3,0,22.588552,100,199,73.3,64.7,0,31.760815,200,200,73.8,63.4,0,26.917902,200,205,72.5,63.8,0,22.911283,200,103,70.8,64,0,30.2454,100,187,71.4,64.8,0,28.599628,200,189,70.2,64.9,0,26.94103,200,97,73.7,65.6,0,48.953827,100,203,72.5,65.7,0,39.5816,200,202,73.3,65,0,26.856861,200,-1,74.3,72.6,0,0,0,204,74.4,64.7,0,29.56044,200,194,72.8,64,0,35.977406,200,201,73.5,64,0,27.293888,200,151,69.5,64.7,0,37.483265,150,205,74.3,64.6,0,35.731644,200,197,72.3,64.8,0,29.200241,200,101,74.2,65.4,0,50.177937,100,193,72.8,65.6,0,41.606285,200,198,73.7,64.9,0,35.022133,200,99,74.2,64.1,0,24.996939,100,201,73.1,63.9,0,26.605392,200,96,71.7,63.7,0,30.89929,100,98,73.3,63.9,0,27.644882,100,100,71.1,284.8,0,25.988977,100,203,74.3,64.2,0,32.426105,200,201,72.2,64.9,0,34.710644,200,105,74.9,64.8,0,32.519154,100,98,76.3,65.4,0,36.119373,100,199,74.6,64.8,0,32.08465,200,99,72.7,64.4,0,38.706993,100,191,68.5,65.1,0,48.62006,200,105,75.6,63.4,0,35.804684,100,106,72.5,64.2,0,33.956955,100,103,70.9,64.5,0,37.28453,100,198,74.3,64.8,0,36.34771,200,205,70.2,65.4,0,53.013313,200,198,74.6,63,0,40.8472,200,202,73.2,63.9,0,38.73297,200,99,74.1,63.5,0,50.306747,100,96,74.9,63.7,0,25.48855,100,97,72.9,64.3,0,37.802895,100,198,71.9,64.9,0,34.047222,200,204,74.9,64.7,0,29.913023,200,97,71.5,65.1,0,43.079315,100,200,72,65.2,0,41.968803,200,90.4,90.5,88.9,146.9,103.4,118.1,1.1,1.5,30.01
20170714,255,78.4,93.4,40.26197515,26.961065,1,55.4,56,4.2,74.6,75.8,-0.2,0.55,0,0,0,5,0,0,0,0,0,0,0,200,72,7.5,4.2,7.5,200,83,80.3,80.2,0,0,0,59.6,0,0,73.4,0,60.6,0.8125,48.8,0,0,-0.2,1.4,0,0,0,74.5,74.5,67,56.5,15,48.3,60.8,20,0,74.5,1,60.6,0.8125,62.4,0,0,99.7,57.9,10,4.6,0.7,15,15,96.8,73.1,81.8,100,92.1,0,76.5,1.3,65.18965,64.68965,0,12.7,0,0,0,0,0,72,104,79.3,0,0,0,78.034546,55,0,72.8,67.6,1,2200,13,74.7,75.4,0,100,260,2,72.6,74.1,0,0.024405126,0,-17,76.4,73.5,0,0,0,1277,79,74.9,0,0.03508772,700,130,76.5,75.5,0,0,0,43,74.6,75.6,0,0,0,-1,77.4,76.2,0,0,0,40,73.9,77.2,0,0,0,41,75.7,79.2,0,0.036859564,0,2,74.4,79.1,0,100,950,-5,0,75.9,0,0.024533857,0,-5,74.8,75.7,0,0.024579084,0,101,74.1,66.4,0,39.57719,100,199,69.8,66.7,0,38.019363,200,202,70.6,66.6,0,39.52976,200,202,74.1,66.2,0,24.731182,200,102,73.9,65.5,0,26.055136,100,200,73.2,65.8,0,23.915707,200,200,73.8,65.7,0,19.236902,200,101,72.1,66.2,0,28.864082,100,199,75.1,66,0,22.594194,200,101,71.5,65.9,0,29.970545,100,100,73.9,66.6,0,35.64417,100,100,73,66.5,0,35.23494,100,201,72.5,66.3,0,30.718956,200,101,73.2,66.1,0,22.588552,100,196,73.4,66.3,0,31.760815,200,199,73.8,65.6,0,26.917902,200,203,72.6,65.5,0,22.911283,200,102,71,66,0,30.2454,100,195,71.5,66.1,0,28.599628,200,194,70.4,66.3,0,26.94103,200,97,73.8,66.4,0,48.953827,100,201,72.6,66.6,0,39.5816,200,203,73.3,66.2,0,26.856861,200,0,74.3,72.6,0,0,0,204,74.4,66.2,0,29.56044,200,194,72.9,66,0,35.977406,200,200,73.6,65.7,0,27.293888,200,150,69.7,66.5,0,37.483265,150,205,74.3,66.2,0,35.731644,200,199,72.3,66.1,0,29.200241,200,102,74.3,66.3,0,50.177937,100,193,72.9,66.6,0,41.606285,200,198,73.8,66.2,0,35.022133,200,98,74.2,65.8,0,24.996939,100,200,73.1,65.7,0,26.605392,200,96,71.8,65.7,0,30.89929,100,99,73.3,65.9,0,27.644882,100,98,71.2,284.7,0,25.988977,100,202,74.3,66,0,32.426105,200,200,72.3,66.2,0,34.710644,200,105,74.9,66.2,0,32.519154,100,98,76.3,66.7,0,36.119373,100,198,74.7,66.1,0,32.08465,200,98,72.7,66.2,0,38.706993,100,190,69,66.2,0,48.62006,200,105,75.6,65.6,0,35.804684,100,104,72.6,65.9,0,33.956955,100,103,71,66.6,0,37.28453,100,197,74.3,66.4,0,36.34771,200,196,70.4,66.5,0,53.013313,200,195,74.6,65.6,0,40.8472,200,202,73.3,66.1,0,38.73297,200,99,74.1,65.8,0,50.306747,100,95,74.9,65.9,0,25.48855,100,96,73,66.2,0,37.802895,100,199,72,66.6,0,34.047222,200,203,75,66.1,0,29.913023,200,98,71.7,66.3,0,43.079315,100,199,72.1,66.4,0,41.968803,200,90.4,90.5,88.8,145.9,103.5,118.2,3,-1.2,30.01
20170714,300,78.4,93.4,40.26197515,26.961065,1,55.5,55.9,4.2,74.7,75.9,-0.2,0.55,0,0,0,5,0,0,0,0,0,0,0,200,72,7.5,4.2,7.5,200,82.9,80.5,80.2,0,0,0,59.6,0,0,73.6,0,60.6,0.8125,48.8,0,0,-0.2,1.4,0,0,0,74.6,74.6,67.4,56,15,50.6,60.8,20,0,74.6,1.01,60.6,0.8125,63.1,0,0,99.7,55.7,10,4.5,0.7,15,15,95.9,73.1,81.8,100,99.1,0,76.5,1.3,65.18965,64.68965,0,12.7,0,0,0,0,0,72,108,79.3,0,0,0,77.65149,55,0,72.8,67.6,1,2200,13,74.7,75.4,0,100,260,1,72.6,74.1,0,0.024405126,0,-16,76.4,73.6,0,0,0,1277,79,75,0,0.03508772,700,129,76.5,75.5,0,0,0,44,74.6,75.6,0,0,0,-1,77.4,76.3,0,0,0,36,73.9,77.3,0,0,0,42,75.7,79.2,0,0.036859564,0,3,74.4,79.1,0,100,950,-5,0,75.9,0,0.024533857,0,-5,74.8,75.7,0,0.024579084,0,101,74.1,66.8,0,39.57719,100,201,70,67.2,0,38.019363,200,200,70.9,67.1,0,39.52976,200,202,74.2,66.7,0,24.731182,200,102,73.9,66.5,0,26.055136,100,201,73.3,66.6,0,23.915707,200,199,73.9,66.5,0,19.236902,200,101,72.3,67.2,0,28.864082,100,200,75.1,66.8,0,22.594194,200,102,71.6,66.7,0,29.970545,100,100,74,67.1,0,35.64417,100,101,73,67,0,35.23494,100,203,72.6,66.8,0,30.718956,200,100,73.2,66.8,0,22.588552,100,200,73.4,66.8,0,31.760815,200,200,73.9,66.5,0,26.917902,200,202,72.7,66.3,0,22.911283,200,103,71.2,66.9,0,30.2454,100,205,71.7,66.6,0,28.599628,200,199,70.4,66.8,0,26.94103,200,97,73.8,66.9,0,48.953827,100,201,72.7,67,0,39.5816,200,203,73.3,66.6,0,26.856861,200,0,74.3,72.5,0,0,0,204,74.5,66.8,0,29.56044,200,194,73.1,66.8,0,35.977406,200,201,73.6,66.4,0,27.293888,200,151,69.8,67.2,0,37.483265,150,204,74.3,66.8,0,35.731644,200,199,72.4,66.6,0,29.200241,200,101,74.4,66.7,0,50.177937,100,193,73.1,67.1,0,41.606285,200,201,73.8,66.7,0,35.022133,200,98,74.3,66.5,0,24.996939,100,201,73.2,66.4,0,26.605392,200,96,72,66.5,0,30.89929,100,100,73.3,66.7,0,27.644882,100,100,71.3,284.8,0,25.988977,100,203,74.3,66.6,0,32.426105,200,200,72.4,66.8,0,34.710644,200,104,74.9,66.7,0,32.519154,100,98,76.3,67.4,0,36.119373,100,199,74.7,66.6,0,32.08465,200,98,72.8,66.8,0,38.706993,100,192,69.4,66.7,0,48.62006,200,105,75.6,66.5,0,35.804684,100,104,72.7,66.5,0,33.956955,100,103,71.1,67.5,0,37.28453,100,200,74.4,66.9,0,36.34771,200,200,70.6,66.9,0,53.013313,200,197,74.6,66.6,0,40.8472,200,202,73.5,67,0,38.73297,200,100,74.2,66.7,0,50.306747,100,95,75,66.8,0,25.48855,100,96,73.1,67,0,37.802895,100,199,72.2,67.4,0,34.047222,200,203,75.1,66.5,0,29.913023,200,98,71.9,66.8,0,43.079315,100,198,72.2,66.9,0,41.968803,200,90.4,90.5,89,143.9,103.5,118.3,1,1.7,30.01
20170714,305,78.5,93.7,40.43110039,25.20598833,1,55.5,56,4.2,74.9,76,-0.2,0.55,0,0,0,5,0,0,0,0,0,0,0,200,72,7.5,4.2,7.5,200,83.3,80.3,80,0,0,0,59.6,0,0,74.1,0,60.6,0.8125,48.6,0,0,-0.2,1.4,0,0,0,74.7,74.7,67.9,55.9,15,53.2,60.8,20,0,74.7,0.99,60.6,0.8125,64.1,0,0,99.8,53.9,10,4.3,0.4,15,15,95.4,73.1,81.8,100,100,0,76.5,1.3,65.18965,64.68965,0,12.7,0,0,0,0,0,72,103,79.4,0,0,0,77.281006,55,0,72.8,67.6,1,2200,12,74.7,75.3,0,100,260,2,72.6,74.1,0,0.024405126,0,-17,76.4,73.6,0,0,0,1277,79,75,0,0.03508772,700,129,76.5,75.5,0,0,0,44,74.7,75.6,0,0,0,-1,77.4,76.3,0,0,0,38,73.9,77.3,0,0,0,41,75.8,79.3,0,0.036859564,0,2,74.5,79.2,0,100,950,-4,0,75.9,0,0.024533857,0,-5,74.8,75.7,0,0.024579084,0,101,74.2,67.3,0,39.57719,100,200,70.3,67.6,0,38.019363,200,201,71.1,67.5,0,39.52976,200,201,74.3,67.1,0,24.731182,200,102,73.9,66.9,0,26.055136,100,201,73.4,67,0,23.915707,200,201,74.1,66.9,0,19.236902,200,102,72.4,67.7,0,28.864082,100,202,75.2,67.3,0,22.594194,200,100,71.7,67.2,0,29.970545,100,100,74,67.5,0,35.64417,100,100,73.1,67.5,0,35.23494,100,203,72.7,67.3,0,30.718956,200,100,73.2,67.3,0,22.588552,100,198,73.5,67.3,0,31.760815,200,200,73.9,67,0,26.917902,200,205,72.8,66.7,0,22.911283,200,103,71.4,67.4,0,30.2454,100,187,71.8,66.9,0,28.599628,200,198,70.5,67.3,0,26.94103,200,97,73.9,67.3,0,48.953827,100,201,72.8,67.5,0,39.5816,200,203,73.4,66.9,0,26.856861,200,0,74.3,72.5,0,0,0,204,74.5,67.2,0,29.56044,200,194,73.2,67.4,0,35.977406,200,202,73.7,66.8,0,27.293888,200,151,69.9,67.6,0,37.483265,150,207,74.4,67.1,0,35.731644,200,202,72.5,66.8,0,29.200241,200,102,74.4,67.1,0,50.177937,100,194,73.2,67.5,0,41.606285,200,194,73.9,67,0,35.022133,200,99,74.3,66.9,0,24.996939,100,202,73.3,66.8,0,26.605392,200,96,72.1,67,0,30.89929,100,98,73.3,67.3,0,27.644882,100,98,71.5,284.9,0,25.988977,100,203,74.4,67,0,32.426105,200,201,72.5,67.2,0,34.710644,200,103,74.9,67.1,0,32.519154,100,98,76.4,67.9,0,36.119373,100,201,74.8,66.9,0,32.08465,200,98,72.8,67.1,0,38.706993,100,190,69.8,67.1,0,48.62006,200,104,75.7,67,0,35.804684,100,109,72.7,66.8,0,33.956955,100,103,71.3,68,0,37.28453,100,197,74.4,67.2,0,36.34771,200,204,70.8,67.3,0,53.013313,200,196,74.7,67.2,0,40.8472,200,201,73.6,67.5,0,38.73297,200,100,74.2,67.3,0,50.306747,100,95,75.1,67.4,0,25.48855,100,96,73.3,67.5,0,37.802895,100,200,72.3,67.8,0,34.047222,200,203,75.2,66.9,0,29.913023,200,98,72.1,67.1,0,43.079315,100,199,72.3,67.2,0,41.968803,200,90.5,90.5,89,146.9,103.5,118.1,1.2,0,30.01
20170714,310,78.5,94.9,40.71648888,25.20598833,1,55.6,56.1,4.2,75,76,-0.1,0.55,0,0,0,5,0,0,0,0,0,0,0,200,72,7.5,4.2,7.5,200,83.8,80.4,79.8,0,0,0,59.6,0,0,74.4,0,60.6,0.8125,48.4,0,0,-0.2,1.4,0,0,0,74.7,74.7,68.4,56.1,15,56,60.8,20,0,74.8,1,60.6,0.8125,64.9,0,0,99.7,53.1,10,4.8,1.5,15,15,94.7,75.1,81.8,100,100,0,76.5,1.3,65.18965,64.68965,0,12.7,0,0,0,0,0,72,102,79.4,0,0,0,76.92425,55,0,72.8,67.7,1,2200,13,74.7,75.3,0,100,260,2,72.6,74.1,0,0.024405126,0,-17,76.5,73.6,0,0,0,1277,79,75,0,0.03508772,700,127,76.6,75.5,0,0,0,44,74.7,75.6,0,0,0,-1,77.5,76.3,0,0,0,37,73.9,77.3,0,0,0,40,75.8,79.3,0,0.036859564,0,3,74.5,79.2,0,100,950,-6,0,75.9,0,0.024533857,0,-5,74.8,75.8,0,0.024579084,0,101,74.2,67.7,0,39.57719,100,200,70.4,68,0,38.019363,200,201,71.3,67.9,0,39.52976,200,202,74.3,67.4,0,24.731182,200,101,74,67.3,0,26.055136,100,200,73.5,67.3,0,23.915707,200,200,74.1,67.3,0,19.236902,200,102,72.5,68,0,28.864082,100,201,75.3,67.6,0,22.594194,200,101,71.8,67.5,0,29.970545,100,100,74.1,68,0,35.64417,100,100,73.2,68,0,35.23494,100,204,72.8,67.8,0,30.718956,200,101,73.2,67.6,0,22.588552,100,197,73.5,67.6,0,31.760815,200,201,74,67.3,0,26.917902,200,204,72.8,67.1,0,22.911283,200,104,71.5,67.8,0,30.2454,100,202,72,67.3,0,28.599628,200,198,70.6,67.8,0,26.94103,200,98,73.9,67.8,0,48.953827,100,203,72.9,68,0,39.5816,200,204,73.4,67.3,0,26.856861,200,0,74.3,72.5,0,0,0,205,74.6,67.6,0,29.56044,200,194,73.3,67.8,0,35.977406,200,201,73.7,67.1,0,27.293888,200,151,70.1,67.9,0,37.483265,150,206,74.4,67.4,0,35.731644,200,201,72.5,67.3,0,29.200241,200,102,74.5,67.6,0,50.177937,100,195,73.3,68,0,41.606285,200,200,73.9,67.3,0,35.022133,200,98,74.3,67.3,0,24.996939,100,198,73.4,67.1,0,26.605392,200,95,72.3,67.3,0,30.89929,100,99,73.4,67.6,0,27.644882,100,98,71.6,285,0,25.988977,100,204,74.5,67.4,0,32.426105,200,200,72.6,67.6,0,34.710644,200,105,75,67.3,0,32.519154,100,99,76.4,68.3,0,36.119373,100,201,74.9,67.2,0,32.08465,200,99,72.8,67.4,0,38.706993,100,196,70,67.5,0,48.62006,200,104,75.7,67.3,0,35.804684,100,110,72.8,67.2,0,33.956955,100,103,71.4,68.3,0,37.28453,100,198,74.4,67.5,0,36.34771,200,205,70.9,67.6,0,53.013313,200,195,74.8,67.6,0,40.8472,200,202,73.7,67.9,0,38.73297,200,100,74.3,67.7,0,50.306747,100,96,75.1,67.8,0,25.48855,100,95,73.3,67.8,0,37.802895,100,199,72.4,68.1,0,34.047222,200,203,75.3,67.2,0,29.913023,200,98,72.3,67.4,0,43.079315,100,198,72.4,67.5,0,41.968803,200,90.5,90.6,89.2,145.9,103.5,118.1,1.2,0,30.01
20170714,315,78.4,95.2,40.68854442,25.20598833,1,55.6,56.1,4.2,75.2,76.1,-0.2,0.55,0,0,0,5,0,0,1,1,1,0,0,200,72,7.5,4.2,7.5,200,84.3,80.4,79.6,0,0,0,59.6,0,0,74.7,0,60.6,0.8125,48.4,0,0,-0.2,1.4,0,0,0,74.8,74.8,69.2,55.9,15,59.2,60.8,20,0,74.8,1.01,60.6,0.8125,65.6,0,0,99.7,54.1,10,4.4,1.5,15,15,93.8,75.1,81.8,100,100,0,76.5,1.3,65.18965,64.68965,0,12.8,0,0,0,0,0,72,105,79.4,0,0,0,76.57771,55,0,72.8,67.7,1,2200,13,74.7,75.3,0,100,260,1,72.6,74.2,0,0.024405126,0,-17,76.5,73.6,0,0,0,1277,79.1,75,0,0.03508772,700,129,76.6,75.6,0,0,0,44,74.7,75.7,0,0,0,-1,77.5,76.3,0,0,0,37,73.9,77.3,0,0,0,42,75.8,79.3,0,0.036859564,0,2,74.5,79.2,0,100,950,-5,0,76,0,0.024533857,0,-5,74.8,75.8,0,0.024579084,0,102,74.3,68.2,0,39.57719,100,202,70.6,68.5,0,38.019363,200,201,71.4,68.4,0,39.52976,200,202,74.4,67.8,0,24.731182,200,102,74,67.6,0,26.055136,100,202,73.6,67.8,0,23.915707,200,202,74.2,67.6,0,19.236902,200,103,72.6,68.4,0,28.864082,100,200,75.3,68,0,22.594194,200,102,71.9,67.9,0,29.970545,100,101,74.1,68.6,0,35.64417,100,101,73.2,68.5,0,35.23494,100,204,72.9,68.3,0,30.718956,200,102,73.2,68,0,22.588552,100,198,73.6,68.1,0,31.760815,200,201,74,67.7,0,26.917902,200,206,72.9,67.4,0,22.911283,200,104,71.6,68.1,0,30.2454,100,197,72.1,67.8,0,28.599628,200,195,70.7,68.3,0,26.94103,200,98,74,68.4,0,48.953827,100,204,72.9,68.5,0,39.5816,200,205,73.5,67.9,0,26.856861,200,0,74.3,72.5,0,0,0,207,74.6,68,0,29.56044,200,194,73.4,68.2,0,35.977406,200,203,73.8,67.5,0,27.293888,200,152,70.2,68.2,0,37.483265,150,206,74.4,67.7,0,35.731644,200,198,72.5,67.9,0,29.200241,200,101,74.5,68.3,0,50.177937,100,194,73.4,68.5,0,41.606285,200,196,74,67.7,0,35.022133,200,98,74.3,67.7,0,24.996939,100,201,73.5,67.5,0,26.605392,200,98,72.4,67.6,0,30.89929,100,100,73.4,67.9,0,27.644882,100,100,71.7,284.7,0,25.988977,100,203,74.5,67.7,0,32.426105,200,199,72.6,68,0,34.710644,200,106,75,67.6,0,32.519154,100,98,76.4,68.7,0,36.119373,100,201,74.9,67.5,0,32.08465,200,99,72.8,67.7,0,38.706993,100,204,70.2,68,0,48.62006,200,105,75.8,67.6,0,35.804684,100,111,72.9,67.6,0,33.956955,100,104,71.5,68.6,0,37.28453,100,200,74.5,67.8,0,36.34771,200,206,71,68,0,53.013313,200,198,74.9,67.9,0,40.8472,200,202,73.9,68.2,0,38.73297,200,100,74.3,68,0,50.306747,100,96,75.2,68.2,0,25.48855,100,96,73.4,68.2,0,37.802895,100,200,72.5,68.5,0,34.047222,200,203,75.3,67.6,0,29.913023,200,98,72.4,67.8,0,43.079315,100,200,72.5,68,0,41.968803,200,90.5,90.6,89.1,145.9,103.6,118.3,1.2,0.3,30.01
20170714,320,78.4,95.9,40.8545723,25.20598833,258,55.8,53.7,5.45,77.3,75.5,-0.1,0.55,0,0,0,5,100,100,1,1,1,0,0,200,72,7.5,5.45,7.5,200,85,80.5,79.6,0,0,0,59.6,0,0,74.7,0,60.6,0.8125,48.6,0,0,-0.2,1.4,0,0,0,74.8,74.8,66.2,55.5,15,61.7,60.8,20,0,74.8,1.01,60.6,0.8125,66.2,0,0,87.1,55,10,4.6,1.8,15,15,81.6,67.1,81.1,100,100,0,76.5,1.3,65.18965,64.68965,0,12.7,0,0,1,24.2,1,72,116,79.3,0,63.462246,2000,76.2449,55.658115,0,72.9,67.7,1,2200,12,74.8,75.2,0,100,260,1,72.6,74.2,0,0.024405126,0,-19,76.5,73.8,0,100,1850,1276,79.1,75.1,0,0.03508772,700,128,76.6,75.6,0,0,0,44,74.8,75.7,0,0,0,-1,77.6,76.3,0,0,0,36,73.9,77.3,0,0,0,41,75.8,79.3,0,0.036859564,0,2,74.5,79.3,0,100,950,-5,0,75.9,0,0.024533857,0,-5,74.8,75.8,0,0.024579084,0,102,74.3,67.7,0,39.57719,100,201,70.7,67.9,0,38.019363,200,201,71.6,67.3,0,39.52976,200,202,74.4,67.4,0,24.731182,200,102,74.1,67.2,0,26.055136,100,203,73.6,67.4,0,23.915707,200,202,74.3,67.2,0,19.236902,200,103,72.7,68.1,0,28.864082,100,203,75.4,67.4,0,22.594194,200,101,72,67.2,0,29.970545,100,101,74.1,67.9,0,35.64417,100,101,73.3,67.9,0,35.23494,100,204,73,67.6,0,30.718956,200,101,73.3,67.6,0,22.588552,100,201,73.7,67.7,0,31.760815,200,200,74.1,67.3,0,26.917902,200,203,73,66.9,0,22.911283,200,103,71.7,67.7,0,30.2454,100,191,72.2,67.3,0,28.599628,200,197,70.8,68.1,0,26.94103,200,98,74.1,67.5,0,48.953827,100,201,73,67.8,0,39.5816,200,204,73.5,67.6,0,26.856861,200,-1,74.3,72.5,0,0,0,206,74.7,67.5,0,29.56044,200,194,73.5,68,0,35.977406,200,202,73.8,67,0,27.293888,200,152,70.4,67.5,0,37.483265,150,209,74.5,67.4,0,35.731644,200,199,72.6,67.5,0,29.200241,200,102,74.6,67.7,0,50.177937,100,194,73.5,67.3,0,41.606285,200,196,74,67.4,0,35.022133,200,99,74.4,67.1,0,24.996939,100,201,73.5,67.2,0,26.605392,200,97,72.5,67.3,0,30.89929,100,99,73.5,67.5,0,27.644882,100,99,71.8,284.7,0,25.988977,100,203,74.5,67.3,0,32.426105,200,199,72.7,67.4,0,34.710644,200,104,75,66.9,0,32.519154,100,98,76.4,68.4,0,36.119373,100,198,75,67.1,0,32.08465,200,99,72.8,66.1,0,38.706993,100,199,70.4,66.8,0,48.62006,200,105,75.8,67.2,0,35.804684,100,108,72.9,67.1,0,33.956955,100,104,71.6,68.3,0,37.28453,100,198,74.5,66.7,0,36.34771,200,205,71.2,66.4,0,53.013313,200,197,75,67.9,0,40.8472,200,202,73.9,67.8,0,38.73297,200,100,74.4,68,0,50.306747,100,95,75.3,68,0,25.48855,100,95,73.5,68,0,37.802895,100,197,72.6,67.9,0,34.047222,200,202,75.4,67.2,0,29.913023,200,98,72.5,67.6,0,43.079315,100,199,72.6,67.3,0,41.968803,200,90.6,90.7,89,145.9,103.6,118.3,1,1.7,30.01
20170714,325,78.4,96.5,40.9969443,25.20598833,258,50.1,44.4,5.55,81.9,76.8,-0.1,1.4,0,0,0,5,100,100,1,1,1,0,0,200,72,7.5,5.55,7.5,200,85.6,80.6,80.1,0,0,0,59.6,0,0,74.7,0,60.6,0.8125,49.4,0,0,-0.2,1.4,0,0,0,74.9,74.9,60.4,55.5,15,59.8,60.8,20,0,74.7,1,60.6,0.8125,66.3,0,0,90.3,57.2,10,4.4,1.5,15,15,86.7,63.1,81.6,100,100,0,76.5,1.3,65.18965,64.68965,0,12.9,0,0,1,27.8,1,72,103,78.3,0,99.97541,2000,75.92465,56.589233,0,72.9,67.8,1,2200,11,74.8,75,0,100,260,1,72.7,74.2,0,0.024405126,0,-16,76.5,73.9,0,99.96311,1850,1277,79.1,75.1,0,0.03508772,700,128,76.6,75.6,0,0,0,43,74.8,75.7,0,0,0,-1,77.7,76.3,0,0,0,38,73.9,77.4,0,0,0,41,75.8,79.4,0,0.036859564,0,2,74.5,79.3,0,100,950,-5,0,76,0,0.024533857,0,-5,74.8,75.8,0,0.024579084,0,102,74.3,64.3,0,39.57719,100,202,70.7,64.3,0,38.019363,200,201,71.5,63.6,0,39.52976,200,203,74.4,64.5,0,24.731182,200,102,74.1,65.3,0,26.055136,100,205,73.7,64.8,0,23.915707,200,202,74.3,64.4,0,19.236902,200,102,72.7,65.3,0,28.864082,100,202,75.4,65.1,0,22.594194,200,100,72,64.5,0,29.970545,100,101,74.2,63.9,0,35.64417,100,102,73.3,64.3,0,35.23494,100,204,73,63.8,0,30.718956,200,101,73.3,65.2,0,22.588552,100,199,73.7,64.4,0,31.760815,200,202,74.1,65.2,0,26.917902,200,206,73,64.4,0,22.911283,200,103,71.8,65.2,0,30.2454,100,194,72.2,64,0,28.599628,200,196,70.8,65,0,26.94103,200,99,74.1,63.1,0,48.953827,100,202,73,63.7,0,39.5816,200,205,73.6,64.2,0,26.856861,200,0,74.3,72.5,0,0,0,207,74.7,63.9,0,29.56044,200,194,73.5,65.4,0,35.977406,200,205,73.9,64.3,0,27.293888,200,152,70.4,64.4,0,37.483265,150,209,74.5,64.9,0,35.731644,200,199,72.6,64,0,29.200241,200,101,74.6,63.7,0,50.177937,100,195,73.4,63,0,41.606285,200,198,74.1,64.7,0,35.022133,200,99,74.4,64.4,0,24.996939,100,203,73.5,64.6,0,26.605392,200,98,72.5,65,0,30.89929,100,100,73.5,65.3,0,27.644882,100,101,71.8,285.1,0,25.988977,100,202,74.6,64.8,0,32.426105,200,200,72.7,64,0,34.710644,200,105,75.1,64.9,0,32.519154,100,99,76.4,65.5,0,36.119373,100,200,75,64.3,0,32.08465,200,99,72.8,64.4,0,38.706993,100,199,70.4,62.8,0,48.62006,200,106,75.8,64.8,0,35.804684,100,113,73,64,0,33.956955,100,104,71.6,65.2,0,37.28453,100,199,74.6,64.5,0,36.34771,200,202,71.2,62.8,0,53.013313,200,196,75,66.5,0,40.8472,200,202,74,65.9,0,38.73297,200,100,74.4,66.3,0,50.306747,100,96,75.3,66.1,0,25.48855,100,96,73.5,65.9,0,37.802895,100,200,72.7,65.1,0,34.047222,200,202,75.5,64.6,0,29.913023,200,98,72.5,64.7,0,43.079315,100,200,72.6,63.8,0,41.968803,200,90.6,90.7,89.3,145.9,103.6,118.3,1.2,0,30.01
20170714,330,78.3,96.7,40.94406195,25.20598833,256,48.2,43.8,5.55,81.2,77.1,-0.1,2.25,0,0,0,5,100,100,1,1,1,0,0,200,72,7.5,5.55,7.5,200,86.1,80.5,80.4,0,0,0,59.6,0,0,74.6,0,60.6,0.8125,50.7,0,0,-0.2,1.4,0,0,0,74.8,74.8,55.8,55.5,15,55.8,60.8,20,0,74.6,0.99,60.6,0.8125,65.9,0,0,92.9,58.4,10,4.4,1.2,15,15,89.7,59.1,81.8,100,90.7,0,76.5,1.3,65.18965,64.68965,0,12.9,0,0,1,33.3,1,72,104,77.8,0,99.97541,2000,75.61695,57.483845,0,72.9,67.8,1,2200,11,74.8,75,0,100,260,1,72.7,74.2,0,0.024405126,0,-17,76.6,74.1,0,99.96311,1850,1277,79.1,75.1,0,0.03508772,700,128,76.7,75.7,0,0,0,44,74.8,75.7,0,0,0,-1,77.7,76.3,0,0,0,39,73.9,77.4,0,0,0,41,75.8,79.4,0,0.036859564,0,2,74.5,79.4,0,100,950,-5,0,76,0,0.024533857,0,-4,74.9,75.8,0,0.024579084,0,102,74.3,60.4,0,39.57719,100,200,70.5,60.6,0,38.019363,200,201,71.2,60.1,0,39.52976,200,202,74.4,61.4,0,24.731182,200,102,74.1,63.6,0,26.055136,100,202,73.6,62.1,0,23.915707,200,200,74.3,61.8,0,19.236902,200,102,72.7,63,0,28.864082,100,202,75.4,62.7,0,22.594194,200,101,72,61.7,0,29.970545,100,100,74.2,59.8,0,35.64417,100,101,73.3,60.5,0,35.23494,100,204,73,59.8,0,30.718956,200,100,73.3,62.5,0,22.588552,100,199,73.7,61.3,0,31.760815,200,203,74.1,63.1,0,26.917902,200,207,72.9,61.7,0,22.911283,200,103,71.6,62.8,0,30.2454,100,205,72.1,60.3,0,28.599628,200,201,70.7,61.6,0,26.94103,200,98,74,58.8,0,48.953827,100,200,73,59.6,0,39.5816,200,204,73.6,60.3,0,26.856861,200,-1,74.3,72.6,0,0,0,203,74.7,60.6,0,29.56044,200,194,73.4,62.9,0,35.977406,200,203,73.9,61.4,0,27.293888,200,151,70.3,61.5,0,37.483265,150,205,74.5,61.6,0,35.731644,200,201,72.6,60.3,0,29.200241,200,101,74.6,59.6,0,50.177937,100,194,73.4,58.8,0,41.606285,200,200,74.1,61.4,0,35.022133,200,99,74.4,61.6,0,24.996939,100,200,73.5,61.7,0,26.605392,200,97,72.4,62.5,0,30.89929,100,100,73.5,63,0,27.644882,100,98,71.8,284.9,0,25.988977,100,203,74.6,61.8,0,32.426105,200,198,72.6,60.4,0,34.710644,200,106,75.1,61.8,0,32.519154,100,98,76.5,62.3,0,36.119373,100,200,75,61.1,0,32.08465,200,98,72.8,62.1,0,38.706993,100,188,70.1,59.2,0,48.62006,200,106,75.8,63.1,0,35.804684,100,104,73,61.2,0,33.956955,100,103,71.4,62.8,0,37.28453,100,195,74.6,61.4,0,36.34771,200,200,71.1,58.9,0,53.013313,200,195,75,64.9,0,40.8472,200,202,73.9,63.7,0,38.73297,200,99,74.4,64.3,0,50.306747,100,94,75.3,63.9,0,25.48855,100,96,73.5,63.3,0,37.802895,100,199,72.6,62,0,34.047222,200,202,75.5,61.2,0,29.913023,200,98,72.4,61.1,0,43.079315,100,197,72.5,60,0,41.968803,200,90.6,90.7,89.2,147.9,103.7,118.3,1.4,0.2,30.01
20170714,335,78.2,97.2,40.96181184,25.20598833,253,47.1,43.6,5.55,79.9,76.7,-0.1,2.25,0,0,0,5,100,100,1,1,1,0,0,200,72,7.5,5.55,7.5,200,86.3,80.4,80.9,0,0,0,59.6,0,0,74.3,0,60.6,0.8125,50.3,0,0,-0.2,1.4,0,0,0,74.8,74.7,55.4,55.7,15,51.8,60.8,20,0,74.6,1.01,60.6,0.8125,65.1,0,0,98.6,58.2,10,4.4,2,15,15,91.7,59.1,82.6,100,76.5,0,76.5,1.25,65.18965,64.68965,0,13.1,0,0,1,38.4,1,72,104,77.7,0,99.97541,2000,75.322784,58.33913,0,72.9,67.8,1,2200,13,74.8,75.1,0,100,260,1,72.7,74.3,0,0.024405126,0,-17,76.6,74.4,0,99.96311,1850,1276,79.1,75.2,0,0.03508772,700,128,76.7,75.7,0,0,0,43,74.9,75.8,0,0,0,-1,77.8,76.4,0,0,0,40,73.9,77.4,0,0,0,40,75.8,79.4,0,0.036859564,0,2,74.5,79.4,0,100,950,-6,0,76,0,0.024533857,0,-5,74.9,75.8,0,0.024579084,0,103,74.3,58.7,0,39.57719,100,201,70.3,59,0,38.019363,200,202,70.9,58.7,0,39.52976,200,203,74.4,59.5,0,24.731182,200,102,74.1,61.9,0,26.055136,100,205,73.6,60.4,0,23.915707,200,201,74.1,60.2,0,19.236902,200,102,72.5,61.7,0,28.864082,100,201,75.4,60.9,0,22.594194,200,101,71.8,60.1,0,29.970545,100,101,74.1,58.2,0,35.64417,100,103,73.3,58.8,0,35.23494,100,208,72.9,58.2,0,30.718956,200,100,73.3,60.8,0,22.588552,100,199,73.6,59.5,0,31.760815,200,204,74,61.6,0,26.917902,200,207,72.9,60,0,22.911283,200,104,71.4,61.4,0,30.2454,100,188,72,58.4,0,28.599628,200,198,70.6,59.7,0,26.94103,200,98,73.9,57.3,0,48.953827,100,203,73,58,0,39.5816,200,205,73.5,58.4,0,26.856861,200,-1,74.3,72.7,0,0,0,208,74.7,58.8,0,29.56044,200,194,73.3,61.2,0,35.977406,200,205,73.8,59.7,0,27.293888,200,152,70.2,60,0,37.483265,150,212,74.5,59.4,0,35.731644,200,199,72.6,58.4,0,29.200241,200,102,74.5,57.9,0,50.177937,100,195,73.2,57.5,0,41.606285,200,198,74,59.4,0,35.022133,200,98,74.4,59.9,0,24.996939,100,205,73.5,59.8,0,26.605392,200,97,72.3,60.8,0,30.89929,100,99,73.5,61.4,0,27.644882,100,100,71.7,284.9,0,25.988977,100,202,74.6,59.9,0,32.426105,200,201,72.5,58.7,0,34.710644,200,106,75.1,59.8,0,32.519154,100,98,76.5,60.5,0,36.119373,100,201,74.9,59.2,0,32.08465,200,99,72.8,60.3,0,38.706993,100,194,69.8,57.9,0,48.62006,200,106,75.8,61.6,0,35.804684,100,111,72.9,59.5,0,33.956955,100,103,71.3,61.6,0,37.28453,100,194,74.5,59.5,0,36.34771,200,204,70.9,57.6,0,53.013313,200,196,74.9,63.3,0,40.8472,200,202,73.8,61.9,0,38.73297,200,100,74.4,62.5,0,50.306747,100,96,75.3,62.1,0,25.48855,100,96,73.5,61.4,0,37.802895,100,199,72.5,60.3,0,34.047222,200,203,75.4,59.2,0,29.913023,200,98,72.3,59.2,0,43.079315,100,199,72.5,58.3,0,41.968803,200,90.7,90.7,89.2,147.9,103.7,118.3,0.1,0.8,30.01
20170714,340,78.1,97.4,40.90850758,25.20598833,252,46.6,43.4,5.55,79.1,76.2,-0.1,2.05,0,0,0,5,100,100,1,1,1,0,0,200,72,7.5,5.55,7.5,200,86.2,80.5,81.5,0,0,0,59.6,0,0,73.9,0,60.6,0.8125,49.1,0,0,-0.2,1.4,0,0,0,74.7,74.7,56.6,55.9,15,48.7,60.8,20,0,74.5,1,60.6,0.8125,64.8,0,0,99.8,58.5,10,4.4,1.4,15,15,92.9,59.1,82.2,100,59.3,0,76.5,1.3,65.18965,64.68965,0,12.9,0,0,1,42.8,1,72,100,77.7,0,99.97541,2000,75.04017,59.160824,0,72.9,67.8,1,2200,12,74.8,75.1,0,100,260,1,72.7,74.3,0,0.024405126,0,-16,76.6,74.6,0,99.96311,1850,1277,79.1,75.2,0,0.03508772,700,128,76.7,75.7,0,0,0,43,74.9,75.8,0,0,0,-1,77.8,76.4,0,87.3307,250,36,73.9,77.4,0,0,0,42,75.8,79.4,0,0.036859564,0,2,74.5,79.4,0,100,950,-5,0,76,0,0.024533857,0,-5,74.9,75.8,0,0.024579084,0,102,74.3,58.6,0,39.57719,100,202,70,58.9,0,38.019363,200,200,70.8,58.7,0,39.52976,200,201,74.3,59.1,0,24.731182,200,102,74.1,61.1,0,26.055136,100,204,73.5,59.7,0,23.915707,200,201,74,59.7,0,19.236902,200,102,72.4,61.1,0,28.864082,100,202,75.3,60.3,0,22.594194,200,100,71.8,59.7,0,29.970545,100,101,74.1,58.4,0,35.64417,100,103,73.2,58.8,0,35.23494,100,204,72.8,58.3,0,30.718956,200,100,73.2,60.3,0,22.588552,100,203,73.5,59.2,0,31.760815,200,203,74,60.9,0,26.917902,200,207,72.9,59.5,0,22.911283,200,104,71.3,61,0,30.2454,100,192,71.9,58.3,0,28.599628,200,197,70.5,59.4,0,26.94103,200,98,73.9,57.7,0,48.953827,100,202,72.9,58.3,0,39.5816,200,204,73.5,58.2,0,26.856861,200,-1,74.3,72.8,0,0,0,206,74.6,58.7,0,29.56044,200,194,73.2,60.6,0,35.977406,200,204,73.8,59.2,0,27.293888,200,152,70,59.7,0,37.483265,150,212,74.5,58.9,0,35.731644,200,199,72.6,58.2,0,29.200241,200,102,74.4,58,0,50.177937,100,196,73.2,57.9,0,41.606285,200,197,74,58.9,0,35.022133,200,99,74.3,59.5,0,24.996939,100,202,73.4,59.3,0,26.605392,200,100,72.1,60.1,0,30.89929,100,100,73.4,60.8,0,27.644882,100,101,71.6,284.9,0,25.988977,100,199,74.5,59.3,0,32.426105,200,201,72.4,58.6,0,34.710644,200,107,75.1,59.3,0,32.519154,100,98,76.5,60.2,0,36.119373,100,203,74.9,58.8,0,32.08465,200,98,72.8,59.7,0,38.706993,100,198,69.5,58,0,48.62006,200,107,75.8,60.9,0,35.804684,100,110,72.8,59.1,0,33.956955,100,104,71.2,61.2,0,37.28453,100,197,74.5,59,0,36.34771,200,202,70.8,57.8,0,53.013313,200,196,74.9,62.2,0,40.8472,200,203,73.7,61.1,0,38.73297,200,99,74.4,61.6,0,50.306747,100,96,75.2,61.2,0,25.48855,100,96,73.3,60.6,0,37.802895,100,197,72.4,59.9,0,34.047222,200,202,75.4,58.8,0,29.913023,200,98,72.1,58.9,0,43.079315,100,199,72.4,58.3,0,41.968803,200,90.7,90.8,89.4,148.9,103.7,118.5,1.9,-1,30.01
20170714,345,78.1,95.2,40.39196884,25.20598833,250,46.7,43.9,5.65,78.3,75.6,-0.2,1.95,0,0,0,5,100,100,1,1,1,0,0,200,72,7.5,5.65,7.5,200,86.1,80.3,81.6,0,0,0,59.6,0,0,74,0,60.6,0.8125,50.3,0,0,-0.2,1.4,0,0,0,74.6,74.6,57.5,55.5,15,46.2,60.8,20,0,74.6,1,60.6,0.8125,64.2,0,0,99.8,54.1,10,4.8,1.4,15,15,94.9,61.1,82.2,100,45.9,0,76.5,1.3,65.18965,64.68965,0,12.8,0,0,1,46.7,1,72,108,77.7,0,99.97541,2000,74.76923,59.948566,0,72.9,67.9,1,2200,14,74.8,75.2,0,100,260,1,72.7,74.3,0,0.024405126,0,-16,76.7,74.8,0,99.96311,1850,1277,79.2,75.2,0,0.03508772,700,128,76.7,75.7,0,0,0,43,74.9,75.8,0,0,0,-1,77.9,76.4,0,99.95065,250,41,74,77.4,0,0,0,41,75.8,79.5,0,0.036859564,0,2,74.6,79.4,0,100,950,-4,0,76,0,0.024533857,0,-5,74.9,75.9,0,0.024579084,0,102,74.3,59,0,39.57719,100,203,69.9,59.3,0,38.019363,200,202,70.6,59.2,0,39.52976,200,204,74.3,59.3,0,24.731182,200,102,74.1,60.9,0,26.055136,100,206,73.4,59.7,0,23.915707,200,203,74,59.7,0,19.236902,200,103,72.4,61.1,0,28.864082,100,204,75.3,60.2,0,22.594194,200,101,71.7,59.8,0,29.970545,100,101,74.1,59,0,35.64417,100,103,73.2,59.3,0,35.23494,100,205,72.7,58.8,0,30.718956,200,101,73.2,60.3,0,22.588552,100,200,73.5,59.5,0,31.760815,200,203,74,60.7,0,26.917902,200,207,72.8,59.6,0,22.911283,200,104,71.2,60.9,0,30.2454,100,184,71.8,58.7,0,28.599628,200,201,70.4,59.7,0,26.94103,200,99,73.9,58.3,0,48.953827,100,202,72.8,58.8,0,39.5816,200,205,73.5,58.7,0,26.856861,200,-1,74.3,72.8,0,0,0,207,74.6,59,0,29.56044,200,194,73.2,60.6,0,35.977406,200,205,73.7,59.3,0,27.293888,200,153,69.9,59.8,0,37.483265,150,208,74.4,59.1,0,35.731644,200,200,72.5,58.6,0,29.200241,200,102,74.3,58.6,0,50.177937,100,194,73.1,58.5,0,41.606285,200,200,74,59.2,0,35.022133,200,99,74.3,59.5,0,24.996939,100,204,73.3,59.4,0,26.605392,200,97,72,60.1,0,30.89929,100,99,73.4,60.7,0,27.644882,100,100,71.5,284.9,0,25.988977,100,202,74.5,59.4,0,32.426105,200,201,72.4,59,0,34.710644,200,105,75,59.4,0,32.519154,100,99,76.5,60.5,0,36.119373,100,201,74.8,59.1,0,32.08465,200,99,72.8,59.7,0,38.706993,100,201,69.2,58.5,0,48.62006,200,106,75.7,60.7,0,35.804684,100,112,72.7,59.3,0,33.956955,100,103,71.1,61.2,0,37.28453,100,194,74.5,59.2,0,36.34771,200,206,70.6,58.3,0,53.013313,200,197,74.8,61.7,0,40.8472,200,203,73.6,60.9,0,38.73297,200,100,74.3,61.3,0,50.306747,100,96,75.2,61,0,25.48855,100,97,73.3,60.5,0,37.802895,100,199,72.3,60.1,0,34.047222,200,203,75.3,59,0,29.913023,200,98,72,59.2,0,43.079315,100,200,72.3,58.8,0,41.968803,200,90.7,90.8,89.3,146.9,103.8,118.7,1.2,0,30.01
20170714,350,78.1,94.6,40.25122623,25.20598833,248,46,43.5,5.65,77.8,75.3,-0.1,1.85,0,0,0,5,100,100,1,1,1,0,0,200,72,7.5,5.65,7.5,200,86.3,80.1,81.8,0,0,0,59.6,0,0,73.6,0,60.6,0.8125,49.9,0,0,-0.2,1.4,0,0,0,74.6,74.6,58.4,56,15,44,60.8,20,0,74.5,1.01,60.6,0.8125,63.7,0,0,99.8,58.6,10,4.2,0.8,15,15,95.8,63.1,82,100,38.5,0,76.5,1.3,65.18965,64.68965,0,12.7,0,0,1,50,1,72,101,77.7,0,99.97541,2000,74.51261,60.69468,0,73,67.8,1,2200,13,74.9,75.2,0,100,260,2,72.7,74.4,0,0.024405126,0,-16,76.7,74.9,0,99.96311,1850,1277,79.2,75.2,0,0.03508772,700,128,76.8,75.7,0,0,0,43,75,75.8,0,0,0,-1,78,76.4,0,99.95065,250,37,74,77.4,0,0,0,42,75.8,79.5,0,0.036859564,0,2,74.6,79.4,0,100,950,-5,0,76.1,0,0.024533857,0,-5,74.9,75.9,0,0.024579084,0,102,74.3,59.5,0,39.57719,100,202,69.8,59.8,0,38.019363,200,201,70.6,59.7,0,39.52976,200,204,74.2,59.7,0,24.731182,200,102,74.1,60.9,0,26.055136,100,203,73.4,60,0,23.915707,200,203,74,59.9,0,19.236902,200,102,72.3,61.1,0,28.864082,100,200,75.3,60.4,0,22.594194,200,100,71.7,60,0,29.970545,100,101,74,59.6,0,35.64417,100,102,73.1,59.7,0,35.23494,100,204,72.7,59.3,0,30.718956,200,101,73.2,60.5,0,22.588552,100,199,73.5,59.8,0,31.760815,200,202,73.9,60.8,0,26.917902,200,207,72.7,59.8,0,22.911283,200,104,71.1,61.1,0,30.2454,100,206,71.7,59.1,0,28.599628,200,202,70.4,60.1,0,26.94103,200,98,73.8,59,0,48.953827,100,202,72.8,59.4,0,39.5816,200,206,73.4,59.2,0,26.856861,200,-1,74.3,72.7,0,0,0,206,74.6,59.4,0,29.56044,200,194,73.1,60.7,0,35.977406,200,202,73.7,59.5,0,27.293888,200,152,69.8,60.2,0,37.483265,150,209,74.4,59.5,0,35.731644,200,202,72.5,59.1,0,29.200241,200,102,74.3,59.2,0,50.177937,100,193,72.9,59.1,0,41.606285,200,198,73.9,59.6,0,35.022133,200,99,74.3,59.8,0,24.996939,100,202,73.3,59.7,0,26.605392,200,99,71.9,60.2,0,30.89929,100,100,73.4,60.8,0,27.644882,100,99,71.4,285.1,0,25.988977,100,200,74.4,59.7,0,32.426105,200,200,72.3,59.5,0,34.710644,200,104,75,59.8,0,32.519154,100,98,76.5,60.9,0,36.119373,100,202,74.8,59.5,0,32.08465,200,99,72.8,60,0,38.706993,100,196,69,59,0,48.62006,200,105,75.7,60.8,0,35.804684,100,104,72.7,59.5,0,33.956955,100,104,71.1,61.4,0,37.28453,100,197,74.4,59.6,0,36.34771,200,203,70.6,59,0,53.013313,200,196,74.8,61.5,0,40.8472,200,203,73.5,61,0,38.73297,200,100,74.3,61.3,0,50.306747,100,96,75.1,61,0,25.48855,100,97,73.2,60.7,0,37.802895,100,198,72.3,60.4,0,34.047222,200,204,75.2,59.4,0,29.913023,200,98,71.9,59.7,0,43.079315,100,198,72.3,59.3,0,41.968803,200,90.7,90.8,89.3,145.9,103.8,118.9,3.2,0,30.01
20170714,355,78.1,95.2,40.38452867,25.20598833,242,46.3,44.1,5.65,77.2,75,-0.1,1.75,0,0,0,5,100,100,1,1,1,0,0,200,72,7.5,5.65,7.5,200,85.4,80.2,82.2,0,0,0,59.6,0,0,73,0,60.6,0.8125,48.6,0,0,-0.2,1.4,0,0,0,74.6,74.6,59.4,55.6,15,42.3,60.8,20,0,74.6,1,60.6,0.8125,63.7,0,0,99.8,54.2,10,4.2,1.2,15,15,94.7,63.1,82,100,37.2,0,76.5,1.3,65.18965,64.68965,0,12.7,0,0,1,53.3,1,72,104,77.7,0,18.027546,0,74.26768,61.40683,0,73,67.9,1,2200,13,74.9,75.4,0,100,260,2,72.7,74.4,0,0.024405126,0,-16,76.7,75.1,0,21.77816,0,1278,79.2,75.3,0,0.03508772,700,127,76.8,75.7,0,0,0,43,75,75.9,0,0,0,-1,78.1,76.4,0,99.95065,250,36,74,77.5,0,0,0,41,75.8,79.5,0,0.036859564,0,2,74.6,79.4,0,100,950,-5,0,76,0,0.024533857,0,-5,74.9,75.9,0,0.024579084,0,102,74.2,60.2,0,39.57719,100,202,69.8,60.5,0,38.019363,200,202,70.6,60.4,0,39.52976,200,203,74.2,60.2,0,24.731182,200,102,74.1,61.2,0,26.055136,100,200,73.4,60.5,0,23.915707,200,203,73.9,60.3,0,19.236902,200,103,72.3,61.5,0,28.864082,100,201,75.2,60.9,0,22.594194,200,100,71.7,60.5,0,29.970545,100,101,74,60.3,0,35.64417,100,101,73.1,60.4,0,35.23494,100,204,72.6,60,0,30.718956,200,100,73.2,61,0,22.588552,100,199,73.5,60.4,0,31.760815,200,200,73.9,61.1,0,26.917902,200,206,72.7,60.3,0,22.911283,200,104,71.1,61.5,0,30.2454,100,193,71.7,59.8,0,28.599628,200,195,70.4,60.7,0,26.94103,200,98,73.8,59.8,0,48.953827,100,200,72.7,60.2,0,39.5816,200,205,73.4,59.9,0,26.856861,200,-1,74.3,72.7,0,0,0,206,74.5,60,0,29.56044,200,194,73,61.1,0,35.977406,200,205,73.7,60.1,0,27.293888,200,152,69.7,60.7,0,37.483265,150,209,74.4,60.1,0,35.731644,200,200,72.5,59.8,0,29.200241,200,102,74.3,59.9,0,50.177937,100,194,72.9,60,0,41.606285,200,202,73.9,60.3,0,35.022133,200,99,74.3,60.3,0,24.996939,100,204,73.2,60.2,0,26.605392,200,96,71.9,60.7,0,30.89929,100,99,73.4,61.2,0,27.644882,100,99,71.4,284.9,0,25.988977,100,202,74.4,60.3,0,32.426105,200,200,72.3,60.1,0,34.710644,200,106,75,60.4,0,32.519154,100,98,76.5,61.5,0,36.119373,100,201,74.7,60.1,0,32.08465,200,99,72.8,60.5,0,38.706993,100,198,68.9,59.7,0,48.62006,200,105,75.7,61.1,0,35.804684,100,110,72.6,60.1,0,33.956955,100,103,71,61.8,0,37.28453,100,196,74.4,60.2,0,36.34771,200,199,70.5,59.8,0,53.013313,200,196,74.8,61.7,0,40.8472,200,202,73.5,61.3,0,38.73297,200,99,74.3,61.5,0,50.306747,100,96,75.1,61.4,0,25.48855,100,97,73.2,61.2,0,37.802895,100,199,72.2,61,0,34.047222,200,204,75.2,60.1,0,29.913023,200,98,71.8,60.3,0,43.079315,100,197,72.3,60,0,41.968803,200,90.8,90.9,89.4,146.9,103.8,118.8,1.1,-0.1,30.02
20170714,400,78.2,94.7,40.3654625,25.20598833,244,45.9,43.8,5.65,77.1,75,-0.2,1.65,0,0,0,5,100,100,1,1,1,0,0,200,72,7.5,5.65,7.5,200,84.6,80.3,81.9,0,0,0,59.6,0,0,73.2,0,60.6,0.8125,48.6,0,0,-0.2,1.4,0,0,0,74.6,74.6,60,56.6,15,41,60.8,20,0,74.7,0.99,60.6,0.8125,63.3,0,0,99.8,60,9.9,4.6,1.4,15,15,94,63.1,82,100,37.7,0,76.5,1.3,65.18965,64.68965,0,12.7,0,0,1,56.2,1,72,103,78.4,0,0.036900368,0,74.03454,62.084663,0,73,67.9,1,2200,12,74.9,75.6,0,100,260,1,72.7,74.4,0,0.024405126,0,-16,76.8,75,0,0,0,1278,79.2,75.3,0,0.03508772,700,129,76.8,75.8,0,0,0,43,75,75.9,0,0,0,-1,78.1,76.3,0,99.95065,250,37,74,77.4,0,0,0,41,75.8,79.6,0,0.036859564,0,2,74.6,79.4,0,100,950,-5,0,76.1,0,0.024533857,0,-4,74.9,75.9,0,0.024579084,0,102,74.2,60.9,0,39.57719,100,201,69.8,61.2,0,38.019363,200,202,70.6,61,0,39.52976,200,204,74.2,60.9,0,24.731182,200,103,74.1,61.6,0,26.055136,100,204,73.4,61,0,23.915707,200,203,73.9,60.8,0,19.236902,200,102,72.3,62,0,28.864082,100,201,75.2,61.4,0,22.594194,200,100,71.7,61.1,0,29.970545,100,101,74,61,0,35.64417,100,102,73.1,61.1,0,35.23494,100,204,72.6,60.8,0,30.718956,200,100,73.2,61.5,0,22.588552,100,201,73.4,61,0,31.760815,200,203,73.9,61.5,0,26.917902,200,208,72.7,60.8,0,22.911283,200,104,71.1,61.9,0,30.2454,100,208,71.6,60.5,0,28.599628,200,196,70.4,61.3,0,26.94103,200,99,73.8,60.6,0,48.953827,100,204,72.7,60.9,0,39.5816,200,203,73.4,60.6,0,26.856861,200,0,74.3,72.7,0,0,0,206,74.5,60.7,0,29.56044,200,194,73,61.6,0,35.977406,200,203,73.7,60.6,0,27.293888,200,153,69.8,61.3,0,37.483265,150,210,74.4,60.8,0,35.731644,200,199,72.4,60.5,0,29.200241,200,102,74.3,60.6,0,50.177937,100,195,72.9,60.7,0,41.606285,200,199,73.9,60.9,0,35.022133,200,99,74.3,60.9,0,24.996939,100,203,73.2,60.7,0,26.605392,200,97,71.9,61.2,0,30.89929,100,99,73.4,61.6,0,27.644882,100,101,71.3,284.9,0,25.988977,100,201,74.4,60.9,0,32.426105,200,202,72.3,60.8,0,34.710644,200,101,75,61,0,32.519154,100,777,76.5,61.5,0,67.84197,700,199,74.7,60.8,0,32.08465,200,97,72.8,61,0,38.706993,100,184,68.9,60.4,0,48.62006,200,104,75.7,61.5,0,35.804684,100,110,72.6,60.7,0,33.956955,100,103,71,62.3,0,37.28453,100,194,74.4,60.8,0,36.34771,200,200,70.5,60.4,0,53.013313,200,197,74.7,62.1,0,40.8472,200,203,73.4,61.8,0,38.73297,200,100,74.2,61.9,0,50.306747,100,96,75.1,61.8,0,25.48855,100,97,73.2,61.7,0,37.802895,100,198,72.2,61.6,0,34.047222,200,204,75.2,60.7,0,29.913023,200,98,71.8,61,0,43.079315,100,199,72.3,60.7,0,41.968803,200,90.8,90.9,89.5,147.9,103.9,119.1,1.2,-0.5,30.02
20170714,405,78.4,93.8,40.34932145,27.77185583,243,45.8,43.8,5.65,76.9,74.9,-0.2,1.55,0,0,0,5,100,100,1,1,1,0,0,200,72,7.5,5.65,7.5,200,84.3,80.3,81.6,0,0,0,59.6,0,0,73.5,0,60.6,0.8125,48.8,0,0,-0.2,1.4,0,0,0,74.5,74.7,61.1,56.8,15,40.1,60.8,20,0,74.6,0.98,60.6,0.8125,63.1,0,0,99.8,57.2,9.9,4.2,0.7,15,15,93.6,65.1,82,100,37.3,0,76.5,1.3,65.18965,64.68965,0,12.7,0,0,1,59.2,1,72,109,78.9,0,0.036900368,0,73.81475,62.723663,0,73,67.9,1,2200,13,74.9,75.7,0,100,260,1,72.7,74.4,0,0.024405126,0,-17,76.8,74.9,0,0,0,1278,79.2,75.4,0,0.03508772,700,128,76.8,75.8,0,0,0,43,75,75.9,0,0,0,-1,78.2,76.3,0,99.95065,250,35,74,77.5,0,0,0,41,75.8,79.5,0,0.036859564,0,2,74.6,79.4,0,100,950,-5,0,76.1,0,0.024533857,0,-5,74.9,75.9,0,0.024579084,0,103,74.2,61.6,0,39.57719,100,203,69.8,61.9,0,38.019363,200,203,70.6,61.7,0,39.52976,200,205,74.2,61.6,0,24.731182,200,103,74.1,62.1,0,26.055136,100,204,73.3,61.6,0,23.915707,200,204,73.9,61.4,0,19.236902,200,104,72.3,62.5,0,28.864082,100,203,75.2,62,0,22.594194,200,101,71.7,61.7,0,29.970545,100,101,74,61.7,0,35.64417,100,103,73,61.8,0,35.23494,100,204,72.6,61.5,0,30.718956,200,101,73.2,62.1,0,22.588552,100,201,73.4,61.7,0,31.760815,200,204,73.9,62,0,26.917902,200,208,72.7,61.4,0,22.911283,200,105,71,62.4,0,30.2454,100,194,71.6,61.2,0,28.599628,200,199,70.4,62,0,26.94103,200,99,73.8,61.3,0,48.953827,100,202,72.7,61.6,0,39.5816,200,206,73.4,61.3,0,26.856861,200,-1,74.3,72.7,0,0,0,208,74.5,61.4,0,29.56044,200,194,73,62.2,0,35.977406,200,205,73.7,61.3,0,27.293888,200,154,69.8,61.9,0,37.483265,150,210,74.4,61.4,0,35.731644,200,202,72.4,61.2,0,29.200241,200,102,74.3,61.4,0,50.177937,100,196,72.9,61.4,0,41.606285,200,199,73.9,61.6,0,35.022133,200,99,74.3,61.5,0,24.996939,100,202,73.2,61.4,0,26.605392,200,99,71.9,61.7,0,30.89929,100,102,73.4,62.2,0,27.644882,100,102,71.3,284.8,0,25.988977,100,203,74.4,61.5,0,32.426105,200,203,72.3,61.5,0,34.710644,200,102,75,61.7,0,32.519154,100,671,75.8,61.6,0,66.39762,669.5532,201,74.7,61.5,0,32.08465,200,99,72.8,61.7,0,38.706993,100,195,68.9,61.1,0,48.62006,200,105,75.7,62,0,35.804684,100,110,72.6,61.4,0,33.956955,100,103,71,62.9,0,37.28453,100,198,74.4,61.5,0,36.34771,200,198,70.5,61.2,0,53.013313,200,198,74.7,62.5,0,40.8472,200,202,73.4,62.3,0,38.302086,200,100,74.2,62.5,0,50.306747,100,97,75,62.4,0,25.48855,100,98,73.2,62.3,0,37.802895,100,199,72.2,62.3,0,34.047222,200,202,75.2,61.4,0,29.478138,200,98,71.9,61.7,0,43.079315,100,198,72.3,61.4,0,41.968803,200,90.8,90.9,89.5,148.9,103.9,118.9,1.2,-0.1,30.02
20170714,410,78.5,93.9,40.47121223,27.77185583,245,46.2,44,5.65,77,74.9,-0.1,1.4,0,0,0,5,100,100,1,1,1,0,0,200,72,7.5,5.65,7.5,200,84.1,80.4,81.4,0,0,0,59.6,0,0,73.3,0,60.6,0.8125,48.8,0,0,-0.2,1.4,0,0,0,74.5,74.7,61.2,57.1,15,39.3,60.8,20,0,74.7,1,60.6,0.8125,63.2,0,0,99.7,60,9.9,4.2,1.2,15,15,92.8,65.1,82,100,38.9,0,76.5,1.3,65.18965,64.68965,0,12.7,0,0,1,62.1,1,72,108,79.2,0,0.036900368,0,73.60754,63.326153,0,73,67.9,1,2200,11,75,75.7,0,100,260,1,72.7,74.5,0,0.024405126,0,-17,76.8,74.8,0,0,0,1278,79.2,75.4,0,0.03508772,700,129,76.8,75.8,0,0,0,43,75.1,76,0,0,0,-1,78.2,76.3,0,99.95065,250,40,74,77.5,0,0,0,41,75.8,79.6,0,0.036859564,0,2,74.6,79.4,0,100,950,-4,0,76.1,0,0.024533857,0,-5,74.9,75.9,0,0.024579084,0,103,74.2,62,0,39.57719,100,204,69.8,62.3,0,38.019363,200,204,70.6,62.1,0,39.52976,200,205,74.2,62,0,24.731182,200,103,74,62.5,0,26.055136,100,203,73.3,62,0,23.915707,200,203,73.9,61.8,0,19.236902,200,103,72.3,62.9,0,28.864082,100,201,75.3,62.4,0,22.594194,200,102,71.7,62.1,0,29.970545,100,102,73.9,62.1,0,35.64417,100,103,73,62.2,0,35.23494,100,207,72.6,61.9,0,30.718956,200,101,73.2,62.5,0,22.588552,100,204,73.4,62.1,0,31.760815,200,205,73.9,62.4,0,26.917902,200,207,72.7,61.8,0,22.911283,200,105,71.1,62.8,0,30.2454,100,196,71.6,61.7,0,28.599628,200,195,70.4,62.4,0,26.94103,200,100,73.8,61.6,0,48.953827,100,204,72.7,62,0,39.5816,200,206,73.4,61.7,0,26.856861,200,-1,74.3,72.6,0,0,0,207,74.5,61.8,0,29.56044,200,195,73,62.6,0,35.977406,200,205,73.7,61.6,0,27.293888,200,154,69.8,62.3,0,37.483265,150,212,74.4,61.9,0,35.731644,200,201,72.4,61.6,0,29.200241,200,102,74.3,61.8,0,50.177937,100,195,72.9,61.7,0,41.606285,200,198,73.9,62,0,35.022133,200,100,74.3,61.9,0,24.996939,100,202,73.2,61.8,0,26.164215,200,101,72,62.2,0,30.89929,100,98,73.4,62.6,0,27.644882,100,103,71.3,284.9,0,25.988977,100,205,74.3,62,0,32.426105,200,202,72.3,61.8,0,34.710644,200,104,75,62.1,0,32.519154,100,607,75.6,61.8,0,64.40102,599.5355,203,74.7,61.9,0,32.08465,200,99,72.8,62.1,0,38.706993,100,202,68.9,61.4,0,48.62006,200,106,75.7,62.4,0,35.804684,100,115,72.6,61.8,0,33.956955,100,104,71,63.2,0,37.28453,100,197,74.3,62,0,36.34771,200,202,70.5,61.5,0,53.013313,200,199,74.7,62.9,0,40.8472,200,201,73.4,62.8,0,38.302086,200,100,74.2,62.9,0,50.306747,100,97,75,62.8,0,25.48855,100,98,73.2,62.7,0,37.802895,100,201,72.2,62.7,0,34.047222,200,203,75.2,61.8,0,29.478138,200,98,71.9,62.1,0,43.079315,100,199,72.3,61.8,0,41.968803,200,90.9,91,89.4,147.9,104,118.8,1.2,-0.1,30.02
20170714,415,78.5,94.7,40.6614038,27.77185583,243,46,43.8,5.6,77.1,75,-0.2,1.1,0,0,0,5,100,100,1,1,1,0,0,200,72,7.5,5.6,7.5,200,80.3,80.4,68.3,56,82,7.2,59.6,65,0,78.2,0.75,60.6,1,55.6,0,0,32.9,10.7,0,0,0,74.5,74.7,61.4,56.9,15,38.6,60.8,20,0,74.7,0.97,60.6,1,63.2,0,0,99.7,57.9,9.9,4.3,1.4,15,15,93.9,65.1,82,100,36.8,0,76.5,1.3,65.18965,64.68965,0,12.7,0,0,1,65,1,72,1173,74.9,0,61.340714,2000,73.41287,63.892124,0,73.1,70.4,1,9000,266,75,72.4,0,52.5761,260,1,72.7,74.5,0,0.024405126,0,1400,76.8,73.1,0,57.738167,1850,865,79.3,75.4,0,0.03508772,700,718,76.7,75.4,0,55.78999,1200,43,75.1,76.1,0,0,0,188,78.2,74.1,0,99.95065,250,34,74,77.5,0,0,0,168,75.8,79,0,55.00676,650,458,74.6,77.8,0,100,950,-4,0,76.1,0,0.024533857,0,-5,75,75.9,0,0.024579084,0,102,74.2,62.2,0,39.57719,100,202,69.9,62.5,0,38.019363,200,202,70.7,62.3,0,39.52976,200,204,74.2,62.3,0,24.731182,200,103,74,62.8,0,26.055136,100,205,73.3,62.4,0,23.915707,200,202,74,62.1,0,19.236902,200,103,72.3,63.2,0,28.864082,100,203,75.2,62.7,0,22.594194,200,101,71.7,62.4,0,29.970545,100,101,73.9,62.4,0,35.64417,100,103,73,62.5,0,35.23494,100,204,72.6,62.1,0,30.718956,200,101,73.2,62.8,0,22.588552,100,201,73.4,62.4,0,31.760815,200,203,73.9,62.7,0,26.917902,200,206,72.7,62.1,0,22.911283,200,104,71.1,63,0,30.2454,100,214,71.7,61.9,0,28.599628,200,201,70.4,62.7,0,26.94103,200,99,73.8,61.9,0,48.953827,100,203,72.7,62.3,0,39.5816,200,206,73.4,62,0,26.856861,200,-1,74.3,72.6,0,0,0,206,74.5,62.1,0,29.56044,200,194,73,62.9,0,35.977406,200,203,73.7,62,0,27.293888,200,153,69.9,62.6,0,37.483265,150,207,74.4,62.2,0,35.731644,200,202,72.4,61.9,0,29.200241,200,102,74.3,62,0,50.177937,100,195,72.9,62,0,41.606285,200,200,73.9,62.3,0,35.022133,200,99,74.3,62.2,0,24.996939,100,201,73.2,62.1,0,26.164215,200,97,71.9,62.5,0,30.89929,100,99,73.4,62.9,0,27.644882,100,101,71.3,285.2,0,25.988977,100,202,74.4,62.3,0,32.426105,200,202,72.3,62.2,0,34.710644,200,103,75,62.4,0,32.519154,100,529,75.3,62,0,62.66992,531.4221,200,74.7,62.2,0,32.08465,200,98,72.8,62.4,0,38.706993,100,177,69,61.7,0,48.62006,200,372,75.7,62.7,0,51.803417,690,113,72.6,62.1,0,33.956955,100,103,71,63.5,0,37.28453,100,196,74.3,62.3,0,36.34771,200,202,70.5,61.7,0,53.013313,200,199,74.7,63.3,0,40.8472,200,201,73.4,63.1,0,38.302086,200,100,74.2,63.2,0,50.306747,100,97,75,63.1,0,25.48855,100,97,73.2,63.1,0,37.802895,100,197,72.2,62.9,0,34.047222,200,202,75.2,62.1,0,29.478138,200,98,71.9,62.4,0,43.079315,100,200,72.3,62.1,0,41.968803,200,90.9,91,89.7,148.9,104,119.1,0,0.1,30.02
20170714,420,78.5,92.1,40.043657,27.77185583,247,46.4,44.1,5.6,76.8,74.6,-0.2,0.85,0,0,0,5,100,100,1,1,1,0,0,200,72,7.5,5.6,7.5,200,76.8,80.4,73.1,80,100,27,59.6,80,0,80,1.2,60.6,1.1875,63.5,0,0,42.2,12.1,0,0,0,74.4,74.7,61.6,57.2,15,38,60.8,20,0,74.7,1.01,60.6,1.1875,63.1,0,0,99.8,56.1,9.9,4.7,1.5,15,15,92.5,65.1,82,100,38.3,0,76.5,1.3,65.18965,64.68965,0,12.7,0,0,1,67.9,1,72,1953,75.5,0,100,2000,73.23077,64.421585,0,73.1,74.2,1,9000,261,75,74.9,0,47.563732,260,1,72.7,74.7,0,0.024405126,0,1892,76.7,75.3,0,79.43455,1850,687,79.2,75.6,0,0.77192986,700,1216,75.9,75.4,0,69.94603,1200,44,75.1,76.6,0,0,0,241,77.9,75.9,0,99.95065,250,39,74.1,77.6,0,0,0,224,75.9,76.8,0,100,650,574,74.7,77.7,0,100,950,-4,0,76.1,0,0.024533857,0,-5,75,75.9,0,0.024579084,0,103,74.1,62.5,0,39.122417,100,203,69.9,62.8,0,38.019363,200,205,70.7,62.6,0,39.52976,200,207,74.2,62.6,0,24.731182,200,103,74,63.1,0,26.055136,100,208,73.3,62.7,0,23.915707,200,208,74,62.5,0,19.236902,200,103,72.3,63.5,0,28.410206,100,206,75.2,63,0,22.594194,200,102,71.7,62.7,0,29.970545,100,102,73.9,62.6,0,35.64417,100,105,73,62.8,0,35.23494,100,206,72.6,62.4,0,30.435318,200,104,73.2,63.1,0,22.588552,100,206,73.4,62.7,0,31.760815,200,207,73.9,63,0,26.917902,200,210,72.7,62.4,0,22.911283,200,106,71.1,63.3,0,30.2454,100,195,71.7,62.2,0,28.599628,200,201,70.4,62.9,0,26.94103,200,101,73.8,62.2,0,48.953827,100,207,72.7,62.6,0,39.15369,200,203,73.4,62.3,0,26.155928,200,-1,74.3,72.6,0,0,0,211,74.5,62.4,0,29.56044,200,196,73,63.2,0,35.977406,200,203,73.7,62.3,0,27.293888,200,156,69.9,62.9,0,37.483265,150,215,74.4,62.5,0,35.731644,200,204,72.4,62.2,0,29.200241,200,103,74.3,62.3,0,50.177937,100,197,72.9,62.3,0,41.606285,200,198,73.9,62.6,0,35.022133,200,101,74.3,62.5,0,24.996939,100,205,73.2,62.4,0,26.164215,200,100,71.9,62.8,0,30.89929,100,100,73.4,63.2,0,27.644882,100,104,71.3,284.7,0,25.988977,100,207,74.4,62.6,0,32.426105,200,204,72.3,62.5,0,34.710644,200,103,75,62.7,0,32.519154,100,509,75.2,62.3,0,61.93713,500.50604,202,74.7,62.5,0,32.08465,200,98,72.8,62.8,0,38.706993,100,199,69.1,62,0,49.06991,200,512,74.3,62.4,0,57.762074,511.04123,105,72.6,62.4,0,33.956955,100,102,71.1,63.8,0,37.28453,100,199,74.3,62.6,0,36.34771,200,204,70.6,62.1,0,53.013313,200,201,74.8,63.6,0,40.8472,200,204,73.5,63.4,0,38.302086,200,101,74.2,63.5,0,50.306747,100,97,75.1,63.4,0,25.48855,100,99,73.2,63.4,0,37.802895,100,199,72.2,63.3,0,34.047222,200,205,74.9,62.4,0,29.478138,200,99,72,62.7,0,43.079315,100,202,72.3,62.4,0,41.968803,200,90.9,91,89.6,148.9,104,118.9,1.2,0,30.02
20170714,425,78.5,93.7,40.4236804,27.77185583,252,48.7,44.2,5.6,78.5,74.6,-0.1,0.95,0,0,0,5,100,100,1,1,1,0,0,200,72,7.5,5.6,7.5,200,76,80.1,69.9,86,0,43,59.6,86,0,79.6,1.35,60.6,1.375,66,0,0,45.1,12.7,0,0,0,74.4,74.7,61.7,57,15,37.4,60.8,20,0,74.6,1,60.6,1.375,63.3,0,0,99.7,56.8,9.9,4.8,1.1,15,15,93.4,65.1,82,100,37.9,0,76.5,1.3,65.18965,64.68965,0,12.7,0,0,1,70.4,1,72,2027,72.6,0,84.53697,2000,73.061226,64.91453,0,73.2,73,1,9000,257,75,73,0,45.918037,260,1,72.8,74.8,0,0.024405126,0,1877,76.6,72.7,0,60.84819,1850,660,79.1,74.9,0,29.764128,700,1215,75.7,73,0,66.04514,1200,44,75.1,76.8,0,0,0,251,77.7,73.6,0,85.035774,250,39,74.3,77.7,0,0,0,244,76,75.5,0,100,650,616,74.8,75.8,0,100,950,-5,0,76.2,0,0.024533857,0,-5,75.1,76,0,0.024579084,0,103,74.2,62.8,0,39.122417,100,204,69.9,63,0,38.019363,200,204,70.7,62.8,0,39.52976,200,207,74.2,62.8,0,24.731182,200,103,74,63.4,0,26.055136,100,204,73.3,62.9,0,23.915707,200,205,74,62.7,0,19.236902,200,103,72.3,63.7,0,28.410206,100,204,75.1,63.3,0,22.594194,200,101,71.7,62.9,0,29.970545,100,102,73.9,62.9,0,35.64417,100,104,73,63,0,35.23494,100,206,72.6,62.6,0,30.435318,200,101,73.2,63.3,0,22.588552,100,203,73.4,62.9,0,31.760815,200,204,73.9,63.3,0,26.917902,200,208,72.7,62.6,0,22.911283,200,106,71.1,63.5,0,30.2454,100,210,71.7,62.5,0,28.599628,200,201,70.4,63.2,0,26.94103,200,101,73.9,62.4,0,48.953827,100,200,72.7,62.8,0,38.559372,200,202,73.4,62.5,0,26.155928,200,0,74.3,72.6,0,0,0,207,74.5,62.6,0,29.56044,200,195,73,63.4,0,35.977406,200,205,73.7,62.5,0,27.293888,200,155,69.9,63.1,0,37.483265,150,211,74.4,62.7,0,35.731644,200,203,72.4,62.4,0,29.200241,200,103,74.3,62.5,0,50.177937,100,196,72.9,62.5,0,41.606285,200,202,73.9,62.8,0,35.022133,200,100,74.3,62.7,0,24.996939,100,202,73.2,62.7,0,26.164215,200,98,72,63,0,30.89929,100,100,73.4,63.4,0,27.644882,100,103,71.3,284.6,0,25.988977,100,205,74.4,62.8,0,32.426105,200,203,72.4,62.6,0,34.710644,200,103,75,62.9,0,32.519154,100,507,75.1,62.5,0,61.62914,500.50604,201,74.7,62.7,0,32.08465,200,98,72.8,63,0,38.706993,100,211,69.1,62.2,0,49.06991,200,309,74.2,62.8,0,47.869648,314.54974,120,72.6,62.6,0,33.956955,100,103,71.1,64,0,37.28453,100,198,74.3,62.8,0,36.34771,200,205,70.6,62.3,0,53.013313,200,200,74.8,63.8,0,40.8472,200,203,73.5,63.6,0,38.302086,200,101,74.2,63.7,0,50.306747,100,97,75.1,63.7,0,25.48855,100,98,73.3,63.6,0,37.802895,100,200,72.3,63.5,0,34.047222,200,204,74.8,62.6,0,29.478138,200,98,72.1,62.9,0,43.079315,100,202,72.3,62.6,0,41.968803,200,90.9,91,89.6,148.9,104,118.9,2.5,-0.4,30.02
20170714,430,78.4,94.2,40.44406188,27.77185583,252,47.7,43.7,5.65,79.1,75.6,-0.2,0.95,0,0,0,5,100,100,1,1,1,0,0,200,72,7.5,5.65,7.5,200,75.4,77.6,64.2,96.5,0,47.3,59.6,96.5,0,77.9,1.35,60.6,1.5,66.1,0,0,49.9,13.7,0,0,0,74.5,74.6,62,57.1,15,37.1,60.8,20,0,74.6,0.99,60.6,1.5,63.4,0,0,99.7,61.2,9.9,4.6,0.9,15,15,93.4,65.1,82,100,37.6,0,76.5,1.3,65.18965,64.68965,0,12.7,0,0,1,73.4,1,72,1985,66.5,0,76.97126,2000,72.90424,65.370964,0,73.2,68,1,9000,539,75.1,66.8,0,67.2475,850,2,72.8,74.8,0,0.024405126,0,1855,76.1,66.5,0,57.17271,1850,725,78.6,67.7,0,31.013546,700,1172,75.2,66.8,0,65.395,1200,54,75.1,76.6,0,22.035149,500,246,77.2,67.5,0,84.258575,250,37,74.3,77.6,0,0,0,242,76.1,70.5,0,100,650,605,74.8,70.1,0,100,950,142,0,75.9,0,24.595192,1900,1475,75.2,70.8,0,72.87698,1900,100,74.2,63,0,39.122417,100,200,70,63.2,0,38.019363,200,199,70.8,63,0,39.52976,200,200,74.2,63.1,0,24.731182,200,102,74,63.6,0,26.055136,100,200,73.4,63.2,0,23.915707,200,200,74.1,62.9,0,19.236902,200,100,72.3,64,0,28.410206,100,922,75.1,63.4,0,46.374306,1020,100,71.8,63.1,0,29.970545,100,100,74,63,0,35.64417,100,100,73,63.2,0,35.23494,100,199,72.6,62.8,0,30.435318,200,101,73.2,63.5,0,22.588552,100,197,73.4,63.1,0,31.760815,200,199,73.9,63.5,0,26.917902,200,203,72.7,62.8,0,22.911283,200,103,71.1,63.7,0,30.2454,100,187,71.7,62.6,0,28.599628,200,195,70.4,63.4,0,26.94103,200,97,73.8,62.6,0,48.953827,100,195,72.7,62.9,0,38.559372,200,199,73.4,62.7,0,26.155928,200,0,74.3,72.6,0,0,0,203,74.5,62.8,0,29.56044,200,194,73,63.6,0,35.977406,200,201,73.7,62.7,0,27.293888,200,151,69.9,63.3,0,37.483265,150,209,74.4,63,0,35.731644,200,197,72.4,62.6,0,29.200241,200,102,74.4,62.7,0,50.177937,100,195,73,62.7,0,41.606285,200,195,73.9,63,0,35.022133,200,98,74.3,63,0,24.996939,100,199,73.2,62.9,0,26.164215,200,99,72,63.2,0,30.89929,100,99,73.4,63.6,0,27.644882,100,99,71.4,284.8,0,25.988977,100,203,74.4,63,0,32.426105,200,199,72.4,62.9,0,34.710644,200,101,75,63.1,0,32.519154,100,494,75,62.7,0,61.16185,500.50604,200,74.7,62.9,0,32.08465,200,97,72.8,63.2,0,38.706993,100,185,69.1,62.4,0,49.06991,200,189,74.4,63,0,40.234127,186.84918,105,72.6,62.8,0,33.956955,100,102,71.1,64.1,0,37.28453,100,197,74.3,63,0,36.34771,200,195,70.6,62.5,0,53.013313,200,194,74.8,64.1,0,40.8472,200,197,73.5,63.9,0,38.302086,200,98,74.2,64,0,50.306747,100,475,75,63.8,0,48.051792,540,95,73.3,63.8,0,37.802895,100,199,72.3,63.7,0,34.047222,200,200,75,62.9,0,29.478138,200,98,72,63.1,0,43.079315,100,199,72.3,62.8,0,41.968803,200,90.9,91,89.6,144.9,104,119.2,1.2,0.9,30.02
20170714,435,78.4,96,40.87070996,27.77185583,256,48.4,43.8,5.65,79.9,75.9,-0.1,0.8,0,0,0,5,100,100,1,1,1,0,0,200,72,7.5,5.65,7.5,200,74.9,77.1,62.6,100,0,50.8,59.6,100,0,77.4,0.95,60.6,1.6875,65.6,0,0,51.5,14.3,0,0,0,74.4,75.1,62.9,58.8,15,37.1,60.8,20,0,75,0.99,60.6,1.6875,62.9,0,0,99.7,62.6,9.8,4.6,1.2,15,15,93.4,65.1,82,100,37.7,0,76.5,1.3,65.18965,64.68965,0,12.7,0,0,1,77.3,1,72,1975,64.7,0,97.65414,2000,72.75981,65.79088,0,73.1,65.9,1,9000,606,74.1,64.1,0,100,752.47534,2,72.8,74.6,0,0.024405126,0,1790,75.5,64.6,0,99.98771,1850,800,78.8,68.4,0,0,700,1132,74.4,64.7,0,69.12414,1055.443,422,74.2,65.4,0,53.889637,419.27628,215,76.4,65.4,0,99.975365,250,36,73.8,77.6,0,0,0,205,75.9,68.1,0,100,650,506,73.4,67.9,0,100,950,1750,0,65.7,0,100,1763.0055,1493,74.2,65.1,0,100,1595.117,101,74.2,63.5,0,39.122417,100,202,70,63.8,0,38.019363,200,200,70.8,63.7,0,39.52976,200,203,74.2,63.5,0,24.731182,200,102,74,63.9,0,26.055136,100,202,73.4,63.6,0,23.915707,200,202,74.1,63.4,0,19.236902,200,101,72.4,64.4,0,28.410206,100,893,74.1,63.5,0,44.212475,884.3672,101,71.8,63.7,0,29.970545,100,101,74,63.7,0,35.64417,100,103,73,63.8,0,35.23494,100,201,72.6,63.4,0,30.435318,200,100,73.2,64,0,22.588552,100,198,73.4,63.6,0,31.760815,200,202,73.9,63.9,0,26.917902,200,205,72.7,63.3,0,22.911283,200,104,71.1,64.2,0,30.2454,100,190,71.7,63.2,0,28.599628,200,200,70.4,63.9,0,26.94103,200,99,73.8,63.2,0,48.953827,100,198,72.7,63.6,0,38.559372,200,201,73.4,63.3,0,26.155928,200,-1,74.3,72.5,0,0,0,207,74.5,63.4,0,29.56044,200,194,73,64.1,0,35.977406,200,203,73.7,63.2,0,27.293888,200,153,70,63.9,0,37.483265,150,210,74.4,63.4,0,35.731644,200,199,72.4,63.2,0,29.200241,200,102,74.3,63.3,0,50.177937,100,196,72.9,63.4,0,41.606285,200,199,73.9,63.5,0,35.022133,200,99,74.3,63.5,0,24.996939,100,201,73.2,63.3,0,26.164215,200,98,72,63.6,0,30.89929,100,98,73.4,64.1,0,27.644882,100,101,71.4,284.7,0,25.988977,100,202,74.4,63.5,0,32.426105,200,201,72.4,63.4,0,34.710644,200,503,74.9,63.3,0,55.678917,500,532,74.9,63.4,0,63.05225,533.0629,198,74.7,63.5,0,32.08465,200,98,72.8,63.7,0,38.706993,100,194,69.2,63.1,0,49.06991,200,153,74.7,63.6,0,37.32335,156.35226,110,72.6,63.3,0,33.956955,100,102,71.1,64.6,0,37.28453,100,197,74.3,63.5,0,36.34771,200,201,70.6,63.2,0,53.013313,200,193,74.8,64.4,0,40.8472,200,196,73.5,64.3,0,38.302086,200,98,74.2,64.3,0,50.306747,100,393,74.4,63.7,0,44.20333,100,95,73.2,64.3,0,37.802895,100,199,72.2,64.2,0,34.047222,200,842,74.6,63.3,0,58.61542,811.1236,97,72.1,63.6,0,43.079315,100,197,72.3,63.4,0,41.968803,200,90.9,91,89.6,147.9,104,119.1,1.2,0.1,30.02
20170714,440,78.3,96.2,40.81824189,27.77185583,257,48.5,43.9,5.65,80.3,76.2,-0.1,0.75,0,0,0,5,100,100,1,1,1,0,0,200,72,7.5,5.65,7.5,200,74.6,76.6,61.4,100,0,52.3,59.6,100,0,76.8,1.3,60.6,1.8125,65.1,0,0,51.3,13.9,0,0,0,74.3,74.7,63.1,59.6,15,37.3,60.8,37.7,0,74.7,0.97,60.6,1.8125,63.1,0,0,99.9,61.4,10.8,4.6,1,15,15,93.4,65.1,82,100,39,0,76.5,1.3,65.18965,64.68965,0,12.7,0,0,1,81.5,1,72,2067,63.5,0,80.0786,2000,72.627945,66.17428,0,73.1,64.5,1,9000,487,73.2,62.9,0,63.57488,490.89008,2,72.8,74.4,0,0.024405126,0,1936,75,63.3,0,90.47209,1850,668,78.9,69.4,0,3.6539807,700,855,73.9,63.7,0,52.55152,847.5436,272,73.7,64.2,0,40.03933,269.0806,257,75.7,64.1,0,96.858826,250,36,72.9,77.6,0,0,0,241,75.6,66.4,0,100,650,602,72.2,66.3,0,100,950,1063,0,64,0,50.030727,1057.2383,955,73.4,64,0,49.293526,947.9693,101,74.2,63.8,0,39.122417,100,201,70.1,64.1,0,38.019363,200,203,70.9,63.9,0,39.52976,200,204,74.2,63.8,0,24.731182,200,102,74,64.2,0,26.055136,100,201,73.4,63.9,0,23.915707,200,201,74.1,63.7,0,19.236902,200,101,72.4,64.6,0,28.410206,100,707,73.8,63.7,0,39.197037,714.888,100,71.8,63.8,0,29.970545,100,101,74,63.9,0,35.64417,100,102,73,64,0,35.23494,100,201,72.7,63.7,0,30.435318,200,100,73.2,64.2,0,22.588552,100,199,73.5,63.9,0,31.760815,200,202,73.9,64.2,0,26.917902,200,205,72.8,63.6,0,22.911283,200,104,71.2,64.4,0,29.71779,100,195,71.8,63.5,0,28.599628,200,197,70.4,64.1,0,26.94103,200,99,73.9,63.5,0,48.953827,100,199,72.7,63.8,0,38.559372,200,202,73.4,63.6,0,26.155928,200,0,74.3,72.5,0,0,0,208,74.5,63.7,0,29.12088,200,194,73,64.3,0,35.977406,200,201,73.7,63.5,0,26.852873,200,153,70,64.1,0,37.483265,150,207,74.4,63.8,0,35.731644,200,200,72.4,63.5,0,28.755262,200,101,74.3,63.6,0,49.736164,100,195,73,63.6,0,41.606285,200,202,73.9,63.8,0,35.022133,200,100,74.3,63.7,0,24.996939,100,204,73.2,63.6,0,26.164215,200,97,72,63.9,0,30.89929,100,98,73.4,64.3,0,27.644882,100,101,71.4,284.6,0,25.988977,100,206,74.4,63.8,0,32.426105,200,201,72.4,63.7,0,34.710644,200,496,74.5,63.4,0,55.69002,500,593,74.8,63.6,0,66.14274,593.1561,590,74.8,63.7,0,50.03649,793.467,97,72.8,63.9,0,38.706993,100,167,69.3,63.3,0,49.06991,200,226,74.8,63.9,0,43.851505,226.17654,94,72.7,63.6,0,33.956955,100,100,71.1,64.9,0,37.28453,100,195,74.3,63.8,0,36.34771,200,192,70.7,63.4,0,53.013313,200,1088,74.2,64.3,0,70.680786,949.47107,199,73.6,64.5,0,40.130432,200,101,74.2,64.5,0,51.54397,100,292,73.9,64,0,37.10586,100,95,73.2,64.6,0,38.240685,100,203,72.2,64.4,0,34.047222,200,739,74.1,63.5,0,56.06488,200,97,72.2,63.9,0,43.59373,100,201,72.3,63.6,0,41.968803,200,90.9,91,89.5,147.9,104,119.2,1.2,-0.1,30.02
20170714,445,78.3,96.6,40.91279967,27.77185583,255,48.6,44,5.65,80.5,76.5,-0.2,0.6,0,0,0,5,100,100,1,1,1,0,0,200,72,7.5,5.65,7.5,200,74.2,76.1,60.7,100,0,52.4,59.6,100,0,76.3,1.75,60.6,1.8125,64.9,0,0,51.2,13.9,0,0,0,74.3,74.5,63,60.5,15,37.4,60.8,40.9,0,74.5,1,60.6,1.8125,63.5,0,0,99.8,64.7,11.6,4.3,1.1,15,15,93,65.1,82,100,39,0,76.5,1.3,65.18965,64.68965,0,12.8,0,0,1,85.6,1,72,2013,62.6,0,68.84058,2000,72.50864,66.521164,0,73.1,63.4,1,9000,291,73.1,62.1,0,48.11594,296.26733,2,72.8,74,0,0.024405126,0,1875,74.4,62.3,0,50.012295,1850,698,78.4,63.4,0,39.971985,700,549,73.5,63.2,0,38.49362,479.46826,119,73.8,63.7,0,27.049282,126.67282,253,75,63.1,0,73.51564,250,36,72.6,77.4,0,0,0,282,75.3,65.1,0,100,650,706,71.9,65,0,100,950,286,0,63.2,0,25.635984,304.55795,251,73.1,63.2,0,24.47475,253.88263,105,74.2,64,0,38.679943,100,200,70.1,64.2,0,37.32075,200,202,70.9,64,0,38.62356,200,209,74.2,64,0,24.450148,200,104,74,64.5,0,26.055136,100,207,73.4,64.1,0,22.849792,200,210,74.1,63.9,0,18.782972,200,104,72.4,64.8,0,27.968597,100,491,72.8,64,0,30.253242,305.4107,103,71.8,64.1,0,29.970545,100,104,74,64.1,0,35.361965,100,100,73.1,64.2,0,34.621517,100,208,72.7,63.9,0,29.905045,200,102,73.2,64.5,0,22.147322,100,201,73.5,64.1,0,30.694767,200,208,73.9,64.4,0,26.917902,200,212,72.8,63.8,0,21.816168,200,101,71.2,64.6,0,29.018406,100,219,71.8,63.7,0,27.95805,200,206,70.5,64.3,0,26.94103,200,104,73.9,63.6,0,48.508896,100,204,72.8,64,0,38.119576,200,200,73.4,63.8,0,25.713232,200,-1,74.3,72.5,0,0,0,203,74.5,63.9,0,28.058609,200,199,73.1,64.6,0,35.977406,200,207,73.7,63.7,0,26.852873,200,158,70.1,64.3,0,37.032978,150,213,74.4,64,0,35.20338,200,200,72.5,63.7,0,27.720985,200,103,74.3,63.8,0,49.736164,100,201,73,63.7,0,41.606285,200,203,73.9,64,0,35.022133,200,101,74.3,63.9,0,24.996939,100,208,73.2,63.8,0,26.164215,200,103,72,64.2,0,30.89929,100,101,73.4,64.5,0,27.644882,100,100,71.4,284.9,0,25.290876,100,208,74.4,64,0,32.426105,200,206,72.4,63.9,0,34.710644,200,475,74.4,63.5,0,53.858112,477.13318,675,74.7,63.7,0,68.245544,661.3878,802,74.3,63.5,0,57.07857,793.467,97,72.8,64.1,0,38.706993,100,195,69.3,63.5,0,49.06991,200,292,74.7,64.1,0,47.163044,287.01468,110,72.7,63.8,0,33.956955,100,102,71.2,65.1,0,37.28453,100,202,74.4,64,0,36.34771,200,197,70.7,63.5,0,53.013313,200,634,73.6,64.2,0,54.73525,200,196,73.7,64.6,0,38.453476,200,99,74.2,64.7,0,49.325153,100,365,73.6,64.1,0,40.51073,361.80496,101,73.2,64.7,0,38.240685,100,205,72.2,64.6,0,34.047222,200,641,73.8,63.6,0,50.094025,636.43945,99,72.2,64,0,43.59373,100,202,72.4,63.8,0,41.968803,200,90.9,91,89.6,146.9,104.1,119.1,1.2,0,30.02
20170714,450,78.3,97.4,41.10199149,27.77185583,252,48.6,44,5.65,80.7,76.7,-0.2,0.6,0,0,0,5,100,100,1,1,1,0,0,200,72,7.5,5.65,7.5,200,74.1,75.8,59.9,94.4,0,51.7,59.6,94.4,0,75.9,1.8,60.6,1.8125,64.4,0,0,49.8,13.7,0,0,0,74.3,74.6,63.1,60.2,15,37.5,60.8,39.2,0,74.5,0.99,60.6,1.8125,63.7,0,0,99.7,63.8,11.7,4.8,1,15,15,93.2,65.1,82,100,38.2,0,76.5,1.3,65.18965,64.68965,0,12.9,0,0,1,90.3,1,72,1984,61.8,0,68.02997,2000,72.40222,66.83056,0,73,62.5,1,9000,257,73.3,61.5,0,43.145462,260,1,72.8,73.6,0,0.024405126,0,1862,73.9,61.5,0,48.721416,1850,712,77.5,62.2,0,40.345554,700,262,73.7,62.9,0,28.50834,264.6438,78,73.9,63.5,0,23.841711,79.338,247,74.4,62.4,0,71.3969,250,36,72.6,77.2,0,0,0,287,75.1,64.1,0,100,650,716,72,64.1,0,100,950,0,0,65.9,0,0,0,-3,73.3,65.2,0,0,0,101,74.1,64.1,0,37.61062,100,199,70.2,64.3,0,37.32075,200,201,70.9,64.1,0,38.62356,200,203,74.3,64.1,0,23.399315,200,104,74,64.6,0,26.055136,100,204,73.4,64.3,0,22.849792,200,204,74.1,64.1,0,18.782972,200,99,72.4,65,0,26.987244,100,359,74.1,64.2,0,26.42372,368.47003,103,71.8,64.1,0,29.970545,100,101,74,64.1,0,34.294476,100,98,73.1,64.3,0,34.621517,100,200,72.7,63.9,0,29.288445,200,103,73.2,64.5,0,21.693834,100,198,73.5,64.2,0,30.694767,200,198,73.9,64.5,0,26.477427,200,209,72.8,63.9,0,21.360895,200,100,71.3,64.7,0,29.018406,100,186,71.8,63.8,0,27.95805,200,203,70.5,64.3,0,26.94103,200,96,73.9,63.7,0,48.075996,100,187,72.8,64,0,39.759895,200,190,73.4,63.9,0,26.155928,200,0,74.3,72.5,0,0,0,678,74.5,63.9,0,54.96948,712.0244,194,73.1,64.7,0,35.977406,200,203,73.7,63.9,0,26.852873,200,148,70.1,64.4,0,35.98637,150,196,74.4,64.1,0,35.20338,200,189,72.5,63.8,0,28.839449,200,102,74.3,63.8,0,49.736164,100,199,73,63.8,0,41.606285,200,201,74,64.1,0,34.567142,200,101,74.3,64.1,0,24.996939,100,206,73.2,64,0,26.164215,200,101,72,64.3,0,30.89929,100,100,73.4,64.7,0,27.644882,100,96,71.5,284.8,0,25.290876,100,204,74.4,64.1,0,31.970444,200,205,72.4,63.9,0,34.710644,200,473,74.3,63.5,0,53.858112,477.13318,686,74.5,63.7,0,69.84919,700,702,74.1,63.5,0,53.15009,708.5486,97,72.8,64.3,0,38.706993,100,181,69.4,63.6,0,49.06991,200,356,74.5,64.1,0,50.8648,352.52115,97,72.7,63.9,0,33.956955,100,102,71.2,65.1,0,37.28453,100,200,74.4,64.1,0,36.34771,200,195,70.7,63.6,0,53.013313,200,527,73.5,64.3,0,52.869392,535.1233,198,73.7,64.6,0,38.453476,200,102,74.2,64.8,0,49.325153,100,248,73.7,64.2,0,33.653038,249.42792,102,73.2,64.7,0,38.240685,100,202,72.2,64.6,0,34.047222,200,584,73.7,63.6,0,47.50823,593.2897,99,72.2,64.1,0,43.59373,100,199,72.4,63.8,0,41.968803,200,90.8,90.9,89.6,146.9,104.1,118.8,1.2,-0.1,30.02
20170714,455,78.2,97.4,41.00131801,27.77185583,258,48.5,43.9,5.65,80.8,76.8,-0.1,0.65,0,0,0,5,100,100,1,1,1,0,0,200,72,7.5,5.65,7.5,200,73.9,75.6,59.6,93.4,0,50.2,59.6,93.4,0,75.6,1.85,60.6,1.8125,63.9,0,0,49.5,13.6,0,0,0,74.3,74.6,63.4,61.2,15,37.8,60.8,44.3,0,74.6,0.98,60.6,1.8125,63.7,0,0,99.7,64.3,12.7,4.6,0.8,15,15,92.7,65.1,82,100,39.7,0,76.5,1.3,65.18965,64.68965,0,12.9,0,0,1,94.9,1,72,1985,61.4,0,67.89487,2000,72.30798,67.1054,0,73,61.9,1,9000,258,73.4,60.9,0,43.145462,260,2,72.8,73,0,0.024405126,0,1862,73.6,61,0,48.721416,1850,703,76.9,61.6,0,40.76582,700,192,74.1,62.9,0,24.631992,192.37775,57,73.9,63.5,0,20.007374,51.57921,212,73.6,61.9,0,63.143627,209.40022,36,72.7,77,0,0,0,289,74.8,63.5,0,100,650,721,72.2,63.5,0,100,950,-1,0,68.6,0,0,0,-3,73.5,67,0,0,0,101,74.1,64.3,0,37.61062,100,199,70.2,64.5,0,37.32075,200,201,71,64.3,0,38.62356,200,203,74.3,64.3,0,23.399315,200,103,74,64.8,0,25.603807,100,204,73.4,64.4,0,22.849792,200,205,74.2,64.3,0,18.782972,200,99,72.5,65.2,0,26.987244,100,418,74.3,64.3,0,28.33848,413.16315,103,71.9,64.3,0,29.970545,100,101,74,64.3,0,34.294476,100,98,73.1,64.4,0,34.621517,100,202,72.7,64.1,0,29.288445,200,104,73.2,64.7,0,21.693834,100,199,73.5,64.4,0,30.694767,200,198,73.9,64.7,0,26.477427,200,206,72.8,64.1,0,21.360895,200,101,71.3,64.9,0,29.018406,100,184,71.9,63.9,0,27.95805,200,203,70.5,64.6,0,26.94103,200,95,73.9,63.9,0,50.324673,100,198,72.8,64.2,0,41.091167,200,199,73.5,64,0,28.627644,200,-1,74.3,72.5,0,0,0,785,74.4,63.9,0,62.661785,788.6367,194,73.2,64.9,0,37.119354,200,202,73.7,64.1,0,29.2172,200,142,70.1,64.6,0,38.14044,150,807,74.4,64.1,0,55.435818,798.63,193,72.5,64,0,30.282623,200,102,74.3,64,0,49.736164,100,198,73.1,64.1,0,41.606285,200,198,74,64.3,0,34.567142,200,100,74.3,64.2,0,24.996939,100,201,73.3,64.1,0,25.710785,200,100,72,64.5,0,30.89929,100,98,73.4,64.8,0,27.644882,100,95,71.5,285.1,0,25.74403,100,808,74.4,64,0,52.253693,798.63,202,72.5,64.2,0,34.710644,200,480,74.2,63.8,0,53.847008,477.13318,693,74.4,63.9,0,69.318184,700,627,74,63.8,0,49.5135,624.3568,97,72.8,64.5,0,38.706993,100,185,69.5,63.8,0,49.06991,200,353,74.3,64.2,0,50.474583,352.52115,108,72.7,64.1,0,33.956955,100,101,71.2,65.3,0,37.28453,100,204,74.4,64.3,0,36.34771,200,197,70.8,63.8,0,53.013313,200,332,73.7,64.6,0,44.195663,322.052,204,73.6,64.9,0,38.453476,200,103,74.2,64.9,0,49.325153,100,199,73.9,64.5,0,29.348999,195.76364,103,73.2,64.9,0,38.240685,100,200,72.2,64.8,0,34.047222,200,508,73.7,63.8,0,44.087917,511.17044,100,72.2,64.3,0,43.59373,100,200,72.4,64,0,41.968803,200,90.8,90.9,89.7,144.9,104.1,119,1.2,0,30.02
20170714,500,78.2,98.2,41.18994056,27.77185583,258,48.5,43.9,5.65,81,77,-0.1,0.65,0,0,0,5,100,100,1,1,1,0,0,200,72,7.5,5.65,7.5,200,73.8,75.7,59.5,93.9,0,48.4,59.6,93.9,0,75.6,1.8,60.6,1.8125,63.7,0,0,49.6,13.6,0,0,0,74.2,74.4,63.6,62.5,15,38.3,60.8,43.6,0,74.5,0.98,60.6,1.8125,64,0,0,99.7,67.4,12.2,4.7,2,15,15,93,65.1,82,100,40.8,0,76.5,1.3,65.18965,64.68965,0,12.9,0,0,1,99.8,1,72,1990,61.1,0,67.587814,2000,72.22606,67.342735,0,73,61.6,1,9000,257,73.4,60.6,0,43.145462,260,2,72.8,72.5,0,0.024405126,0,1861,73.3,60.8,0,48.721416,1850,705,76.4,61.4,0,40.76582,700,257,74.3,62.8,0,29.170755,252.45317,44,74,64.9,0,0,0,208,73.4,61.7,0,63.587093,209.40022,36,72.9,76.8,0,0,0,288,74.6,63.1,0,100,650,719,72.2,63.2,0,100,950,-2,0,69.7,0,0,0,-3,73.6,67.4,0,0,0,101,74.1,64.4,0,37.61062,100,199,70.2,64.7,0,37.32075,200,202,71,64.5,0,38.62356,200,203,74.3,64.5,0,23.399315,200,103,74,64.9,0,25.603807,100,202,73.5,64.7,0,22.849792,200,204,74.2,64.4,0,18.782972,200,100,72.5,65.4,0,26.987244,100,453,74.3,64.6,0,30.265596,455.1939,103,71.9,64.5,0,29.970545,100,101,74,64.5,0,34.294476,100,100,73.1,64.7,0,34.621517,100,201,72.8,64.3,0,29.288445,200,101,73.2,64.9,0,21.166811,100,200,73.5,64.6,0,30.694767,200,199,73.9,64.9,0,26.477427,200,206,72.8,64.3,0,21.360895,200,100,71.4,65.1,0,29.018406,100,193,71.9,64.1,0,27.95805,200,202,70.5,64.7,0,26.94103,200,94,73.9,64.1,0,50.757576,100,196,72.8,64.5,0,41.091167,200,189,73.5,64.2,0,29.242498,200,255,74.3,68.5,0,44.804237,365.81622,767,74.2,64.1,0,64.713066,788.6367,194,73.2,65.1,0,37.561398,200,196,73.8,64.2,0,29.2172,200,142,70.2,64.8,0,38.663746,150,821,74.2,64.1,0,57.876385,839.6693,194,72.5,64.1,0,30.715572,200,296,74.3,64.1,0,67.73837,298.7326,199,73.1,64.2,0,41.606285,200,195,74,64.5,0,34.567142,200,377,74.3,64.2,0,46.603012,372.8121,199,73.3,64.3,0,25.710785,200,98,72.1,64.7,0,30.89929,100,102,73.4,65,0,27.644882,100,98,71.5,284.7,0,26.270666,100,796,74,64,0,51.711823,798.63,200,72.5,64.3,0,34.710644,200,474,74.1,64,0,53.847008,477.13318,702,74.3,64.1,0,69.318184,700,595,73.9,64,0,47.99319,592.21875,97,72.8,64.7,0,38.706993,100,189,69.5,64.1,0,49.06991,200,355,74.2,64.4,0,50.474583,352.52115,108,72.7,64.3,0,33.956955,100,101,71.3,65.5,0,37.28453,100,200,74.4,64.5,0,36.34771,200,198,70.8,64,0,53.013313,200,332,74.1,64.9,0,44.195663,322.052,203,73.6,65.1,0,38.453476,200,104,74.2,65.1,0,49.325153,100,200,74,64.8,0,29.348999,195.76364,104,73.2,65.1,0,38.240685,100,202,72.3,65,0,34.047222,200,470,73.8,64,0,42.736248,472.48346,100,72.2,64.5,0,43.59373,100,202,72.4,64.3,0,41.968803,200,90.7,90.8,89.6,145.9,104.1,119,1.2,0.1,30.02
20170714,505,78.2,97.4,41.00131801,39.43966417,258,48.5,43.9,5.6,80.9,77,-0.2,0.55,0,0,0,5,100,100,1,1,1,0,0,200,72,7.5,5.6,7.5,200,73.7,75.3,59.4,93.9,0,46.7,59.6,93.9,0,75.3,1.85,60.6,1.8125,63.6,0,0,49.8,13.6,0,0,0,74.2,74.4,63.8,63.5,15,38.8,60.8,46,0,74.4,0.98,60.6,1.8125,64.2,0,0,99.7,68.9,12.8,4.3,1.5,15,15,93,65.1,82,100,39.3,0,76.5,1.3,65.18965,64.68965,0,12.9,0,0,1,100,1,72,1979,61,0,68.06681,2000,72.15699,67.54357,0,73,61.4,1,9000,258,73.4,60.5,0,43.61782,260,2,72.8,71.9,0,0.024405126,0,1859,73.1,60.7,0,48.721416,1850,702,76.1,61.3,0,40.76582,700,407,74.4,62.2,0,34.838078,417.09436,44,74.1,66.3,0,0,0,166,73.2,61.7,0,54.71791,157.40404,32,72.9,76.6,0,0,0,289,74.4,63,0,100,650,722,72.2,63.1,0,100,950,-1,0,70.4,0,0,0,-3,73.7,67.7,0,0,0,99,74.1,64.7,0,37.61062,100,194,70.3,64.9,0,37.77424,200,196,71.1,64.7,0,38.62356,200,198,74.3,64.7,0,23.399315,200,101,74,65.1,0,25.603807,100,194,73.5,64.8,0,22.849792,200,549,74.2,64.6,0,36.756226,545.0149,96,72.5,65.5,0,26.987244,100,529,74.2,64.7,0,32.736256,537.61304,101,71.9,64.7,0,29.970545,100,99,74.1,64.7,0,34.294476,100,96,73.1,64.8,0,34.621517,100,197,72.8,64.5,0,29.288445,200,99,73.2,65.1,0,21.166811,100,197,73.5,64.8,0,30.694767,200,194,74,65.1,0,26.477427,200,204,72.9,64.5,0,21.360895,200,97,71.4,65.2,0,29.018406,100,184,71.9,64.3,0,27.95805,200,202,70.6,64.9,0,26.94103,200,95,73.9,64.3,0,51.960075,100,192,72.8,64.7,0,41.60228,200,193,73.5,64.4,0,29.242498,200,422,74.3,64.5,0,59.71436,434.69666,779,74,64.3,0,67.49695,788.6367,194,73.2,65.2,0,38.45776,200,193,73.8,64.4,0,29.658213,200,145,70.2,65,0,39.710358,150,855,74.1,64.3,0,61.024826,839.6693,203,72.5,64.3,0,30.438965,200,312,74.2,64.2,0,69.66499,314.97067,197,73.1,64.4,0,41.606285,200,198,74,64.7,0,34.567142,200,419,74.3,64.2,0,49.810257,424.18054,199,73.3,64.6,0,25.710785,200,98,72.1,64.8,0,30.89929,100,100,73.4,65.2,0,27.644882,100,95,71.6,284.8,0,26.270666,100,701,73.8,64.2,0,49.08867,713.9106,199,72.5,64.5,0,34.710644,200,474,74.1,64.2,0,53.847008,477.13318,688,74.3,64.3,0,69.10578,700,501,73.9,64.2,0,44.13768,507.14786,96,72.8,64.8,0,38.706993,100,173,69.6,64.2,0,49.06991,200,353,74.1,64.6,0,50.474583,352.52115,104,72.7,64.5,0,33.956955,100,102,71.3,65.7,0,37.28453,100,203,74.4,64.7,0,36.34771,200,194,70.8,64.2,0,53.013313,200,329,74.2,65.2,0,44.195663,322.052,199,73.7,65.3,0,38.453476,200,275,74.2,65.3,0,69.417175,304.00793,165,74.2,65.1,0,29.348999,195.04648,102,73.2,65.3,0,38.240685,100,201,72.3,65.2,0,34.047222,200,422,73.8,64.3,0,40.78514,431.86835,100,72.3,64.6,0,43.59373,100,198,72.4,64.4,0,41.968803,200,90.7,90.8,89.6,145.9,104.1,118.9,1.2,0,30.02
20170714,510,78.3,97.5,41.12564762,39.43966417,252,48.3,43.8,5.6,80.8,76.9,-0.1,0.55,0,0,0,5,100,100,1,1,1,0,0,200,72,7.5,5.6,7.5,200,73.7,75.2,59.3,93.9,0,44.9,59.6,93.9,0,75.2,1.8,60.6,1.8125,63.3,0,0,49.6,13.6,0,0,0,74.2,74.3,64.2,64.8,15,39.5,60.8,48.9,0,74.4,0.99,60.6,1.8125,64.4,0,0,99.9,69,13.5,4.7,0.8,15,15,93.6,65.1,82,100,38.5,0,76.5,1.3,65.18965,64.68965,0,12.9,0,0,1,100,1,72,1978,60.9,0,68.12822,2000,72.10064,67.7074,0,73,61.3,1,9000,258,73.4,60.4,0,43.61782,260,2,72.8,71.5,0,0.024405126,0,1860,72.9,60.6,0,48.721416,1850,705,76,61.2,0,40.76582,700,473,74.1,61.8,0,37.76987,477.12662,45,74.2,67.3,0,0,32.24434,98,73.3,61.7,0,44.19808,85.24637,33,72.9,76.5,0,0,0,287,74.2,62.8,0,100,650,718,72.2,62.9,0,100,950,-2,0,70.9,0,0,0,-3,73.7,68.1,0,0,0,101,74.1,64.9,0,37.61062,100,197,70.4,65.2,0,38.227726,200,197,71.1,64.9,0,38.62356,200,199,74.3,64.9,0,23.399315,200,102,74,65.3,0,25.603807,100,194,73.5,65,0,22.849792,200,603,74.2,64.7,0,38.60876,596.4453,96,72.6,65.7,0,26.987244,100,591,74.1,64.9,0,35.62693,594.2656,101,71.9,65,0,29.970545,100,101,74.1,65,0,34.294476,100,98,73.2,65.1,0,34.621517,100,199,72.8,64.8,0,29.288445,200,102,73.2,65.3,0,21.166811,100,200,73.5,65,0,30.694767,200,197,74,65.3,0,26.477427,200,208,72.9,64.7,0,21.360895,200,99,71.4,65.5,0,29.018406,100,209,72,64.6,0,27.95805,200,202,70.6,65.2,0,26.94103,200,95,73.9,64.6,0,51.960075,100,200,72.8,65,0,42.113396,200,193,73.5,64.7,0,29.242498,200,464,74.1,64.7,0,62.31224,464.208,780,73.9,64.6,0,67.04517,788.6367,194,73.3,65.4,0,38.45776,200,194,73.8,64.6,0,29.658213,200,148,70.3,65.2,0,39.710358,150,865,74,64.6,0,61.024826,839.6693,201,72.5,64.5,0,29.921827,200,334,74.1,64.5,0,71.12529,332.75507,198,73.2,64.7,0,41.606285,200,198,74,65,0,34.567142,200,484,74.3,64.4,0,54.082508,484.49878,200,73.3,64.8,0,25.710785,200,100,72.1,65.1,0,30.89929,100,101,73.4,65.4,0,27.644882,100,98,71.6,284.9,0,26.270666,100,620,73.8,64.5,0,45.283253,627.4375,202,72.5,64.8,0,34.710644,200,493,74.1,64.6,0,55.479073,497.1411,701,74.2,64.7,0,69.10578,700,507,73.9,64.5,0,44.13768,507.14786,98,72.8,65.1,0,38.706993,100,191,69.6,64.5,0,49.06991,200,358,74,64.9,0,50.474583,352.52115,106,72.8,64.8,0,33.956955,100,102,71.4,65.9,0,37.28453,100,204,74.4,65,0,36.34771,200,202,70.9,64.6,0,53.013313,200,438,74.3,65.3,0,49.934444,433.86533,198,73.8,65.5,0,38.453476,200,334,74.2,65.1,0,73.55828,331.4552,218,74.2,65.2,0,33.329338,224.50867,103,73.3,65.5,0,38.240685,100,203,72.3,65.4,0,34.047222,200,401,73.9,64.6,0,39.8331,398.80344,100,72.3,64.9,0,43.59373,100,200,72.5,64.8,0,41.968803,200,90.6,90.7,89.5,145.9,104.1,118.6,1.2,-0.1,30.02
20170714,515,78.3,96.1,40.79460642,39.43966417,256,48.2,43.8,5.6,80.6,76.8,-0.2,0.6,0,0,0,5,100,100,1,1,1,0,0,200,72,7.5,5.6,7.5,200,73.6,75.1,59.5,93.9,0,43,59.6,93.9,0,75.1,1.85,60.6,1.8125,63.1,0,0,49.7,13.5,0,0,0,74.1,74.3,64.2,65.7,15,40.2,60.8,47.9,0,74.5,1,60.6,1.8125,64.6,0,0,99.7,73,13.1,4.6,1.4,15,15,93.2,65.1,82.2,100,38.4,0,76.5,1.3,65.18965,64.68965,0,13,0,0,1,100,1,72,1990,60.9,0,67.6001,2000,72.05664,67.83532,0,73,61.2,1,9000,258,73.3,60.4,0,43.61782,260,2,72.8,71.1,0,0.024405126,0,1865,72.7,60.6,0,48.721416,1850,700,75.7,61.2,0,40.76582,700,409,73.8,61.6,0,33.635918,402.9765,96,74.3,64.8,0,26.426905,98.01502,75,73.7,61.9,0,41.968464,73.42931,34,72.9,76.3,0,0,0,290,74,62.8,0,100,650,723,72.2,62.9,0,100,950,-1,0,71.3,0,0,0,-3,73.7,68.5,0,0,0,100,74,65.1,0,37.61062,100,196,70.4,65.3,0,38.227726,200,196,71.2,65.1,0,38.62356,200,198,74.3,65.1,0,23.399315,200,103,74,65.5,0,25.603807,100,192,73.5,65.2,0,22.849792,200,698,74,64.8,0,43.30757,698.60144,97,72.6,65.9,0,26.987244,100,590,74,65.1,0,35.62693,594.2656,103,71.9,65.1,0,29.970545,100,191,74.1,65,0,45.8773,191.44058,98,73.2,65.3,0,34.621517,100,198,72.8,65,0,29.288445,200,101,73.2,65.5,0,21.166811,100,194,73.5,65.2,0,30.694767,200,197,74,65.5,0,26.477427,200,206,72.9,64.9,0,21.360895,200,99,71.5,65.6,0,29.018406,100,184,72,64.7,0,27.95805,200,200,70.6,65.4,0,26.94103,200,96,73.7,64.8,0,52.39298,100,199,72.9,65.1,0,42.113396,200,194,73.5,64.8,0,29.242498,200,496,74,64.8,0,65.414925,496.07175,757,73.8,64.8,0,66.068375,753.4738,194,73.3,65.6,0,38.45776,200,200,73.8,64.8,0,30.099228,200,146,70.3,65.4,0,39.710358,150,857,73.9,64.7,0,61.024826,839.6693,200,72.5,64.7,0,30.438965,200,334,74,64.7,0,71.12529,332.75507,199,73.3,64.9,0,41.606285,200,200,74,65.1,0,34.567142,200,519,74.3,64.6,0,56.261475,513.93677,198,73.3,65,0,25.710785,200,98,72.2,65.2,0,30.89929,100,101,73.4,65.6,0,27.644882,100,98,71.6,285.1,0,26.270666,100,544,73.7,64.7,0,42.549263,538.53076,200,72.5,64.9,0,34.710644,200,497,74.1,64.7,0,55.556793,500,704,74.2,64.8,0,69.10578,700,508,73.9,64.7,0,44.13768,507.14786,98,72.8,65.3,0,38.706993,100,191,69.7,64.7,0,49.06991,200,357,74,65.1,0,50.474583,352.52115,115,72.8,64.9,0,33.956955,100,103,71.4,66.1,0,37.28453,100,197,74.4,65.2,0,36.34771,200,198,70.9,64.7,0,53.013313,200,553,74.3,65.3,0,53.83762,548.70764,194,73.8,65.6,0,38.453476,200,367,74,65.2,0,77.98569,378.52502,286,74,65.3,0,37.83719,284.39127,102,73.3,65.7,0,38.240685,100,203,72.3,65.6,0,34.047222,200,401,73.9,64.7,0,39.8331,398.80344,100,72.4,65,0,43.59373,100,201,72.5,64.9,0,41.968803,200,90.6,90.7,89.6,146.9,104.1,118.7,1.2,1.5,30.02
20170714,520,78.3,96.2,40.81824189,39.43966417,245,46.4,44.2,5.6,78.6,76.7,-0.2,0.65,0,0,0,5,100,100,1,1,1,0,0,200,72,7.5,5.6,7.5,200,74.4,74.7,58.7,0,0,0,59.6,0,0,69.7,0,60.6,0.8125,62.2,0,0,-0.2,1.5,0,0,0,74.2,74.4,64,65.6,15,40.9,60.8,53.4,0,74.4,1.01,60.6,0.8125,65.1,0,0,99.7,68.4,14.7,4.8,1,15,15,92.7,65.1,82.2,100,38.5,0,76.5,1.3,65.18965,64.68965,0,13,0,0,1,100,1,72,142,63,0,99.96324,2000,72.0252,67.92697,0,73,62.2,1,9000,13,73.7,62.9,0,100,260,2,72.8,70.9,0,0.024405126,0,-17,72.5,61.7,0,99.950874,1850,1275,76.5,62.2,0,0,700,124,74.2,63,0,100,485.42496,48,74.2,68,0,100,130.7388,-2,74.2,63.9,0,99.96313,101.5358,32,73.1,76.2,0,0,0,40,74.1,63.2,0,100,650,5,72.6,65.5,0,100,950,-1,0,71.7,0,0,0,-3,73.8,69.4,0,0,0,101,74,65.1,0,37.61062,100,197,70.4,65.3,0,38.227726,200,198,71.2,65,0,38.62356,200,199,74.4,65.1,0,23.399315,200,102,74,65.6,0,25.603807,100,196,73.5,65.3,0,22.849792,200,663,73.8,64.8,0,40.87842,659.12854,97,72.6,65.9,0,26.987244,100,591,74,65,0,35.62693,594.2656,103,71.9,65.1,0,29.970545,100,215,74.1,64.9,0,48.233128,210.98965,98,73.2,65.3,0,34.621517,100,201,72.9,64.9,0,29.288445,200,102,73.2,65.6,0,21.166811,100,202,73.6,65.2,0,30.694767,200,199,74,65.6,0,26.477427,200,209,73,65,0,21.360895,200,100,71.5,65.7,0,29.018406,100,201,72,64.8,0,27.95805,200,201,70.6,65.4,0,26.94103,200,96,73.9,64.7,0,52.39298,100,201,72.9,65.1,0,42.113396,200,196,73.5,64.8,0,29.242498,200,497,73.9,64.7,0,65.414925,496.07175,760,73.7,64.7,0,65.99512,753.4738,194,73.3,65.6,0,38.45776,200,202,73.8,64.8,0,30.099228,200,148,70.3,65.4,0,39.710358,150,861,73.9,64.7,0,61.024826,839.6693,199,72.5,64.7,0,30.438965,200,334,73.9,64.6,0,71.12529,332.75507,200,73.3,64.8,0,41.606285,200,199,74,65.1,0,34.567142,200,542,74.2,64.5,0,57.779408,540,200,73.3,65,0,25.710785,200,100,72.2,65.3,0,30.89929,100,101,73.5,65.6,0,27.644882,100,98,71.6,285.1,0,26.270666,100,545,73.7,64.6,0,42.549263,538.53076,204,72.6,64.9,0,34.710644,200,498,74.1,64.6,0,55.634506,500,708,74.1,64.7,0,69.10578,700,508,73.9,64.6,0,44.13768,507.14786,98,72.8,65.3,0,38.706993,100,199,69.8,64.6,0,49.06991,200,357,74,65.1,0,50.474583,352.52115,108,72.8,65,0,33.956955,100,103,71.4,66.1,0,37.28453,100,199,74.5,65.2,0,36.34771,200,208,71,64.6,0,53.013313,200,606,74.2,65.2,0,54.89662,604.7707,195,73.7,65.6,0,38.453476,200,380,73.9,65.2,0,78.08793,378.52502,285,73.9,65.2,0,37.83719,284.39127,100,73.3,65.8,0,38.240685,100,204,72.3,65.6,0,34.047222,200,401,74,64.7,0,39.8331,398.80344,100,72.3,65,0,43.59373,100,203,72.5,64.8,0,41.968803,200,90.6,90.7,89.5,147.9,104.1,118.8,1.2,1,30.02
20170714,525,78.3,96.7,40.93644309,39.43966417,246,46.9,44.1,5.65,78.3,75.8,-0.1,0.8,0,0,0,5,100,100,1,1,1,0,0,200,72,7.5,5.65,7.5,200,75.9,74.1,61.9,0,0,0,59.6,0,0,66.1,0,60.6,0.8125,60.3,0,0,-0.2,1.5,0,0,0,74.2,74.5,64,66.5,15,41.5,60.8,53.3,0,74.5,1.01,60.6,0.8125,65.1,0,0,99.9,75.1,14.7,4.4,1.4,15,15,94,65.1,82.2,100,37.9,0,76.5,1.3,65.18965,64.68965,0,12.9,0,0,1,100,1,72,137,66.4,0,99.96324,2000,72.006325,67.98162,0,73.1,64.1,1,9000,12,73.9,66.5,0,100,260,2,72.8,71,0,0.024405126,0,-17,72.9,64.1,0,99.950874,1850,1274,77.1,63.3,0,0,700,124,74.8,65.2,0,100,779.60425,48,74.3,70.9,0,100,194.62288,-2,74.8,66.2,0,99.96313,131.50322,33,73.3,76.2,0,0,0,42,74.4,64.1,0,100,650,4,72.9,68.3,0,100,950,-2,0,71.7,0,0,0,-3,73.9,70.3,0,0,0,100,73.9,65,0,37.61062,100,195,70.4,65.3,0,38.227726,200,196,71.3,65,0,38.62356,200,199,74.4,65.1,0,23.399315,200,215,74,64.9,0,37.021225,212.48306,192,73.5,65.2,0,23.131584,200,620,73.6,64.7,0,39.258987,617.81714,97,72.6,65.9,0,26.987244,100,587,74,65,0,35.62693,594.2656,101,71.9,65.1,0,29.970545,100,250,74,64.8,0,52.110428,249.12695,95,73.2,65.2,0,34.621517,100,198,72.9,64.9,0,29.288445,200,101,73.2,65.6,0,21.166811,100,197,73.6,65.2,0,30.694767,200,306,73.9,65.5,0,33.060078,309.8295,209,73,65,0,21.360895,200,99,71.5,65.7,0,29.018406,100,212,72.1,64.7,0,27.95805,200,200,70.7,65.4,0,26.94103,200,96,73.9,64.6,0,52.39298,100,200,72.9,65,0,42.113396,200,195,73.5,64.7,0,29.242498,200,501,73.9,64.6,0,65.414925,496.07175,682,73.7,64.6,0,61.807083,684.53735,194,73.3,65.6,0,38.45776,200,201,73.8,64.8,0,30.099228,200,149,70.4,65.3,0,39.710358,150,871,73.9,64.6,0,61.024826,839.6693,202,72.6,64.7,0,30.438965,200,334,73.9,64.5,0,71.12529,332.75507,199,73.3,64.8,0,41.606285,200,198,74,65.1,0,34.567142,200,541,74.2,64.4,0,57.779408,540,199,73.4,65,0,25.710785,200,97,72.2,65.3,0,30.89929,100,102,73.5,65.6,0,27.644882,100,98,71.7,284.7,0,26.270666,100,479,73.7,64.6,0,40.357143,484.6134,201,72.6,64.9,0,34.710644,200,497,74.1,64.5,0,55.634506,500,709,74.1,64.6,0,69.10578,700,508,73.8,64.5,0,44.13768,507.14786,98,72.9,65.3,0,38.706993,100,194,69.8,64.6,0,49.06991,200,358,73.9,65.1,0,50.474583,352.52115,107,72.8,64.9,0,33.956955,100,103,71.5,66.1,0,37.28453,100,199,74.5,65.2,0,36.34771,200,205,71,64.6,0,53.013313,200,656,74.1,65.2,0,57.095314,660.8562,192,73.7,65.5,0,38.453476,200,379,73.9,65.1,0,78.08793,378.52502,266,73.8,65.2,0,35.27155,262.38855,99,73.3,65.7,0,38.240685,100,203,72.3,65.6,0,33.66068,200,491,74.1,64.6,0,44.134933,484.1084,99,72.3,65,0,43.59373,100,203,72.5,64.8,0,41.968803,200,90.5,90.6,89.5,145.9,104.2,118.7,1.2,0.8,30.02
20170714,530,78.3,96.6,40.91279967,39.43966417,245,46.1,43.6,5.6,78,75.7,-0.2,0.8,0,0,0,5,100,100,1,1,1,0,0,200,72,7.5,5.6,7.5,200,77.2,74.1,64.6,0,15,0,59.6,0,0,64.7,0,60.6,0.8125,58.6,0,0,-0.2,1.5,0,0,0,74.2,74.4,64,66,15,42.1,60.8,50,0,74.5,1,60.6,0.8125,65.1,0,0,99.7,70.6,13.7,4.8,0.8,15,15,93.6,65.1,82.2,100,37.4,0,76.5,1.3,65.18965,64.68965,0,12.9,0,0,1,100,1,72,131,68.6,0,99.96324,2000,72,68,0,73.2,65.3,1,9000,12,74.1,68.7,0,100,260,2,72.8,71.1,0,0.024405126,125,-17,73.4,66,0,99.950874,1850,1274,77.5,64.3,0,0,700,124,75.1,66.8,0,100,973.4142,47,74.4,71.8,0,100,256.35626,-1,75.2,67.9,0,99.96313,194.43323,35,73.5,76.2,0,0,330,43,74.6,65.2,0,100,650,3,73.3,70,0,100,950,-2,0,71.8,0,0,0,-4,74.1,71.1,0,0,0,101,73.9,65,0,37.61062,100,197,70.4,65.3,0,38.227726,245,197,71.3,65,0,38.62356,200,199,74.4,65.1,0,23.399315,200,216,74,64.9,0,37.021225,212.48306,195,73.6,65.2,0,23.131584,200,533,73.6,64.8,0,35.050915,605.4442,97,72.6,65.9,0,26.987244,195,590,73.9,65,0,35.62693,594.2656,102,72,65.1,0,29.970545,100,251,74,64.8,0,52.110428,249.12695,95,73.2,65.2,0,34.621517,100,200,72.9,64.9,0,29.288445,420,103,73.2,65.6,0,21.166811,100,200,73.6,65.3,0,30.694767,200,306,73.9,65.4,0,33.060078,309.8295,205,73,65,0,21.360895,200,99,71.6,65.7,0,29.018406,100,198,72.1,64.7,0,27.95805,200,196,70.7,65.4,0,26.94103,200,96,73.9,64.6,0,52.39298,100,202,72.9,65,0,42.113396,245,197,73.5,64.8,0,29.242498,350,498,73.8,64.6,0,64.71313,496.07175,604,73.7,64.7,0,56.666668,609.5615,195,73.3,65.6,0,38.45776,200,204,73.8,64.8,0,30.099228,200,153,70.4,65.3,0,39.710358,150,883,73.8,64.6,0,60.633915,839.6693,205,72.6,64.6,0,30.438965,335,334,73.9,64.5,0,71.12529,349.56628,200,73.3,64.7,0,41.606285,200,202,74,65.1,0,34.567142,508.2,540,74.1,64.4,0,57.779408,540,199,73.4,65,0,25.710785,200,100,72.2,65.3,0,30.89929,100,101,73.5,65.6,0,27.644882,100,99,71.7,284.6,0,26.270666,195,450,73.8,64.7,0,38.817734,437.02,201,72.6,64.9,0,34.710644,335,499,74,64.5,0,55.634506,500,699,74,64.6,0,69.10578,700,509,73.8,64.5,0,44.13768,585.16003,98,72.9,65.3,0,38.706993,100,195,69.8,64.6,0,49.06991,200,357,73.9,65.1,0,50.474583,352.52115,114,72.9,64.9,0,33.956955,100,103,71.5,66.1,0,37.28453,100,196,74.5,65.2,0,36.34771,200,204,71,64.6,0,53.013313,200,781,74,65.1,0,60.99849,767.9722,195,73.6,65.5,0,38.965878,250,379,73.8,65.1,0,78.09816,401.30157,242,73.7,65.1,0,33.784916,238.14722,98,73.3,65.7,0,38.240685,100,205,72.4,65.6,0,33.66068,200,488,73.9,64.5,0,44.134933,540.3994,99,72.3,65,0,43.59373,100,204,72.6,64.8,0,41.968803,200,90.5,90.6,89.6,147.9,104.2,119,1.2,-0.1,30.02
20170714,535,78.3,93.3,40.13345729,39.43966417,244,46.4,43.9,5.65,77.7,75.3,-0.2,0.6,0,0,0,5,100,100,1,1,1,0,0,200,72,7.5,5.65,7.5,200,75.5,77,68.4,98,15,11.4,59.6,100,0,76.9,0.75,60.6,1,62.2,0,0,50.3,13.8,0,0,0,74,74.4,65.7,81.2,15,43.7,60.8,71.5,0,74.5,1,60.6,1,65.7,0,0,99.4,89.1,19.4,4.2,1.3,15,15,92.3,65.1,82.2,100,37.8,0,76.5,1.3,65.18965,64.68965,0,13,0,0,1,100,1,72,1784,70,0,99.96324,2000,72,68,6325.547,73.3,69.2,100,9000,320,74,69.1,0,55.44385,297.72845,140,72.8,70.3,0,61.76937,125,1731,73.8,69.3,0,99.950874,1850,804,77.7,65,0,0,700,1294,74.5,69.6,0,86.358055,1116.7401,357,73.7,70.7,0,52.873142,353.87592,186,75.1,69.8,0,99.96313,250,333,73.5,71.3,0,33.4252,330,182,74.7,69.2,0,100,650,450,73.3,70.6,0,100,950,628,0,70.7,0,39.64395,591.57477,606,74,70.2,0,40.275387,581.477,282,73.7,66,0,57.780235,278.50006,249,70.4,66.2,0,42.541977,245,223,71.3,66,0,40.999268,220,359,74.3,65.9,0,32.111435,350,261,73.9,65.8,0,39.887775,257.14447,336,73.6,65.8,0,29.73536,335,539,73.6,65.7,0,35.431236,531.7998,201,72.5,66.3,0,35.242886,195,699,73.8,66,0,38.875847,687.7195,251,71.7,65.8,0,43.249878,245,287,74,66.1,0,56.01227,286.8452,249,73.3,66.1,0,46.14158,245,423,72.8,65.9,0,38.85806,420,161,73.2,66.1,0,25.53009,160,343,73.6,66,0,38.585957,335,392,73.8,65.9,0,35.73963,387.4153,410,73,65.6,0,25.975143,400,202,71.6,66.1,0,36.822086,195,384,72.1,65.6,0,32.066624,380,341,70.7,66.1,0,27.469286,335,182,73.9,65.9,0,64.64646,186.25006,240,72.9,66,0,47.46226,245,348,73.5,65.6,0,38.908016,350,516,73.8,65.9,0,74.47621,521.5438,610,73.7,65.8,0,63.797314,627.89966,225,73.3,66.1,0,41.773083,230,286,73.8,65.5,0,37.865982,285,200,70.4,66.1,0,45.271996,195,928,73.8,65.8,0,71.42103,879.25415,345,72.6,65.6,0,43.94468,335,336,73.7,65.8,0,71.26028,334.74988,245,73.4,66,0,44.44308,245,507,73.9,65.9,0,48.94245,508.2,544,74.1,65.6,0,58.428204,540,339,73.3,65.6,0,33.247547,335,111,72.3,65.8,0,33.141388,100,338,73.5,66,0,39.050556,335,199,71.7,284.7,0,32.994488,195,524,73.8,65.6,0,41.9335,527.1996,337,72.4,65.8,0,40.68171,335,506,74,65.9,0,56.378372,500,732,74,66,0,69.06329,700,562,73.7,65.7,0,46.363415,555.7997,165,72.8,65.8,0,42.34487,160,347,69.9,65.7,0,50.54103,335,428,73.7,65.8,0,53.659565,426.8809,138,72.8,65.6,0,35.020786,150,199,71.6,66.5,0,43.381573,195,390,74.5,65.8,0,39.84016,380,580,71,65.8,0,66.76449,575,826,73.9,65.7,0,63.28795,813.8138,251,73.5,66.1,0,43.181553,250,358,73.6,65.8,0,75.672356,360.2499,261,73.6,65.9,0,35.439396,257.90594,185,73,66.1,0,44.919567,185,307,72,66,0,40.649815,300,517,73.7,65.6,0,45.28679,508.99966,213,71.8,65.8,0,54.611797,210,893,71.9,65.9,0,98.70186,880,90.5,90.6,89.7,145.9,104.3,119,1.4,-0.1,30.02
20170714,540,78.4,95.8,40.82327905,39.43966417,246,46.7,44.1,5.65,77.6,75.3,-0.2,0.55,0,0,0,5,100,100,1,1,1,0,0,200,72,7.5,5.65,7.5,200,74.8,77.4,70.8,100,15,25.4,59.6,100,0,77.5,0.85,60.6,1.1875,66.1,0,0,50.5,13.7,0,0,0,74,74.3,65.7,79.6,15,45.2,60.8,71.2,0,74.3,1.02,60.6,1.1875,66.3,0,0,97.2,85.8,19.3,4.4,1.5,15,15,94.2,65.1,82.2,100,36.9,0,76.5,1.3,65.18965,64.68965,0,12.9,0,0,1,100,1,72,1845,71.5,0,99.96324,2000,72,68,6512.6553,73.3,71.5,100,9000,295,73.9,70.6,0,54.877007,297.72845,126,72.9,71,0,56.71751,125,1828,74.1,71.1,0,99.950874,1850,775,77.8,66,0,0,700,1130,73.9,71,0,71.254906,1080.7405,313,73.7,71.3,0,48.39424,317.87573,202,74.9,71.2,0,99.96313,250,335,73.4,71.6,0,34.229965,330,192,74.8,71.6,0,100,650,478,73.2,72.2,0,100,950,588,0,71.2,0,37.618168,591.57477,587,74,71.1,0,39.574627,581.477,251,73.7,66.2,0,54.559982,251.49986,249,70.4,66.6,0,42.541977,245,223,71.3,66.2,0,40.999268,220,358,74.3,66.2,0,32.111435,350,260,73.9,66.1,0,39.887775,257.14447,337,73.5,66.2,0,29.73536,335,497,73.6,66,0,33.541897,494.8998,197,72.4,66.6,0,36.15064,195,643,73.7,66.3,0,36.985794,645.36304,250,71.5,66.1,0,42.795776,245,286,73.9,66.3,0,56.01227,286.8452,247,73.3,66.4,0,46.14158,245,424,72.7,66.1,0,39.67197,420,160,73.3,66.4,0,25.53009,160,340,73.5,66.3,0,38.585957,335,386,73.7,66.3,0,35.017742,366.29974,411,73,65.9,0,25.975143,400,200,71.7,66.4,0,36.822086,195,391,72.1,65.9,0,32.523136,380,340,70.7,66.4,0,28.84521,335,186,74,66.1,0,64.862915,186.25006,248,73,66.4,0,48.401283,245,355,73.5,66,0,40.039352,350,523,73.8,66.1,0,73.67513,521.5438,569,73.7,66.1,0,59.62149,567.2997,232,73.3,66.5,0,43.35707,230,289,73.9,65.9,0,39.11552,285,200,70.4,66.4,0,45.722282,195,877,73.8,66.1,0,67.849976,879.25415,338,72.6,65.9,0,42.657845,335,310,73.6,66,0,68.597374,307.74994,250,73.4,66.2,0,45.339554,245,507,73.8,66.1,0,48.94245,508.2,542,74.1,65.8,0,58.428204,540,341,73.3,65.9,0,33.247547,335,111,72.4,66.2,0,33.141388,100,337,73.5,66.3,0,39.050556,335,198,71.8,284.6,0,32.994488,195,524,73.8,65.9,0,41.9335,527.1996,336,72.4,66.1,0,40.68171,335,502,74.1,66,0,55.756634,500,713,74,66.1,0,69.06329,700,527,73.8,66,0,44.92824,526.3997,162,72.8,66.2,0,42.71905,160,336,69.9,66,0,50.54103,335,397,73.8,66.1,0,52.056526,398.482,165,72.9,66,0,34.2382,150,198,71.6,66.7,0,43.381573,195,386,74.5,66.2,0,39.84016,380,579,71,66,0,66.76449,575,771,73.9,66.1,0,61.3414,770.48706,253,73.5,66.5,0,43.51927,250,319,73.5,66.2,0,71.41834,321.25,235,73.7,66.3,0,33.784916,236.90585,189,72.8,66.4,0,45.35736,185,308,71.9,66.2,0,40.649815,300,475,73.8,65.9,0,43.35919,475.99966,214,71.6,66.1,0,56.059338,210,895,71.6,66,0,95.60133,880,90.5,90.6,89.6,146.9,104.3,118.9,3.2,0,30.02
20170714,545,78.4,96.1,40.89442781,39.43966417,250,48.6,44.4,5.6,78.6,75.1,-0.1,0.55,0,0,0,5,100,100,1,1,1,0,0,200,72,7.5,5.6,7.5,200,74.8,77.4,68.9,100,15,39.6,59.6,100,0,77.6,0.85,60.6,1.375,67.7,0,0,51.2,13.8,0,0,0,73.9,74.3,65.6,78.8,15,46.7,60.8,67.6,0,74.3,1.01,60.6,1.375,66.7,0,0,97.4,82.3,18.1,4.4,0.7,15,15,92.3,65.1,82.2,100,38.4,0,76.5,1.3,65.18965,64.68965,0,13,0,0,1,100,1,72,1848,70.6,0,99.96324,2000,72,68,6512.6553,73.3,70.5,100,9000,292,73.8,70.3,0,55.475937,297.72845,125,72.9,71,0,57.24222,125,1821,74.2,70.5,0,99.950874,1850,779,77.9,67.1,0,0,700,1085,73.9,70.5,0,70.10069,1080.7405,300,73.8,70.8,0,46.78233,299.87567,201,74.9,70.9,0,99.96313,250,334,73.3,71.4,0,34.11972,330,193,74.9,71.9,0,100,650,481,73.2,72.2,0,100,950,580,0,71,0,38.232044,591.57477,751,74.1,71,0,47.024834,749.477,222,73.7,66.3,0,51.49951,224.49986,250,70.4,66.6,0,42.541977,245,223,71.3,66.3,0,40.999268,220,358,74.2,66.3,0,32.111435,350,261,73.9,66.2,0,39.887775,257.14447,340,73.5,66.3,0,30.017153,335,414,73.7,66.1,0,30.68335,421.0996,197,72.3,66.7,0,36.15064,195,604,73.8,66.4,0,35.58987,606.963,250,71.4,66.2,0,42.795776,245,287,73.9,66.3,0,56.01227,286.8452,248,73.3,66.4,0,46.14158,245,425,72.7,66.1,0,39.67197,420,162,73.3,66.5,0,25.971321,160,343,73.5,66.4,0,38.585957,335,336,73.8,66.4,0,34.332558,342.89975,411,73,66,0,25.975143,400,200,71.7,66.5,0,36.822086,195,399,72.1,66,0,32.523136,380,345,70.8,66.4,0,29.471743,335,186,74,66,0,64.430016,186.25006,247,73,66.4,0,47.973373,245,356,73.5,66,0,39.338417,350,518,73.8,66.1,0,72.96032,521.5438,506,73.7,66.1,0,54.346764,506.6997,234,73.4,66.7,0,43.35707,230,290,73.9,66.1,0,39.11552,285,199,70.4,66.5,0,45.271996,195,900,73.8,66.1,0,67.33228,879.25415,349,72.6,66,0,43.25917,335,297,73.7,66,0,67.394775,294.24994,250,73.4,66.2,0,45.339554,245,507,73.7,66.1,0,48.94245,482.99976,543,74.1,65.9,0,58.428204,540,342,73.2,66,0,33.70098,335,109,72.4,66.4,0,33.141388,100,340,73.6,66.5,0,39.494453,335,197,71.8,284.9,0,32.994488,195,525,73.8,66,0,41.9335,527.1996,339,72.3,66.2,0,41.74841,335,499,74.1,66,0,55.756634,500,705,74,66.1,0,69.06329,700,523,73.8,66,0,44.92824,526.3997,162,72.9,66.3,0,42.71905,160,358,70,66,0,51.355625,335,396,73.8,66.3,0,52.056526,398.482,165,72.9,66.2,0,34.2382,150,198,71.6,66.8,0,43.381573,195,389,74.5,66.3,0,39.84016,380,579,70.9,66,0,66.76449,575,771,73.9,66.3,0,61.3414,770.48706,253,73.4,66.6,0,43.51927,250,278,73.5,66.4,0,68.49371,282.25,218,73.8,66.4,0,32.38221,215.90585,190,72.8,66.5,0,45.35736,185,306,71.8,66.3,0,40.649815,300,477,73.8,65.9,0,43.35919,475.99966,214,71.5,66.1,0,56.059338,210,896,71.4,65.9,0,94.03497,880,90.5,90.6,89.5,147.9,104.3,118.7,1.2,0,30.02
20170714,550,78.4,95.5,40.75214468,39.43966417,254,49.4,44.7,5.6,79.7,75.7,-0.2,0.6,0,0,0,5,100,100,1,1,1,0,0,200,72,7.5,5.6,7.5,200,74.5,77.1,65.2,100,15,47.1,59.6,100,0,77.3,0.85,60.6,1.5625,68.2,0,0,51.4,13.9,0,0,0,73.9,74.2,65.3,78.9,15,48,60.8,64.9,0,74.3,1.01,60.6,1.5625,67,0,0,96.9,86.4,17.4,4.6,1.2,15,15,93.4,65.1,82.2,100,38.6,0,76.5,1.3,65.18965,64.68965,0,13,0,0,1,100,1,72,1843,67.4,0,99.96324,2000,72,68,6512.6553,73.2,66.9,100,9000,294,73.7,67.2,0,55.61497,297.72845,126,72.9,68.6,0,58.145214,125,1781,74.2,67.3,0,99.950874,1850,788,78.1,68,0,0,700,1080,73.8,67.5,0,70.08841,1080.7405,298,73.7,68.1,0,46.78233,299.87567,199,74.9,68.1,0,99.96313,250,332,73.3,69.1,0,34.472496,330,191,74.9,70.4,0,100,650,472,73.1,70.3,0,100,950,684,0,68.7,0,43.84285,675.57477,835,74.1,68.4,0,50.786823,833.47705,195,73.6,66.1,0,49.90167,197.49994,251,70.4,66.5,0,42.10075,245,225,71.4,66.1,0,40.999268,220,361,74.2,66.1,0,32.111435,350,262,73.9,66.1,0,39.887775,257.14447,341,73.5,66.2,0,30.017153,335,378,73.7,66.1,0,28.622255,384.19962,198,72.3,66.7,0,36.15064,195,605,73.8,66.2,0,35.58987,606.963,253,71.5,66,0,42.35395,245,287,73.9,66,0,56.01227,286.8452,249,73.3,66.2,0,46.14158,245,424,72.7,66,0,39.67197,420,161,73.3,66.5,0,25.971321,160,342,73.5,66.2,0,38.13258,335,337,73.8,66.4,0,34.332558,342.89975,412,73,65.9,0,25.975143,400,202,71.7,66.4,0,36.822086,195,410,72.1,65.9,0,32.523136,380,348,70.8,66.3,0,29.471743,335,189,74,65.8,0,64.430016,186.25006,251,73,66.3,0,47.973373,245,357,73.4,65.9,0,39.338417,350,527,73.8,65.9,0,72.50431,521.5438,508,73.8,66,0,54.346764,506.6997,237,73.4,66.6,0,43.35707,230,294,73.9,66,0,39.11552,285,202,70.4,66.4,0,45.271996,195,887,73.8,65.9,0,67.142105,879.25415,344,72.6,65.8,0,43.25917,335,268,73.7,65.9,0,64.51099,267.24994,254,73.4,65.9,0,45.339554,245,457,73.7,66,0,47.0487,457.79974,544,74.1,65.6,0,58.428204,540,340,73.2,65.9,0,33.247547,335,112,72.4,66.4,0,33.141388,100,344,73.5,66.4,0,39.494453,335,199,71.8,284.9,0,32.994488,195,525,73.8,65.9,0,41.9335,527.1996,340,72.3,66,0,41.74841,335,499,74.1,65.8,0,55.756634,500,711,74,65.8,0,69.06329,700,526,73.8,65.8,0,44.92824,526.3997,162,72.9,66.2,0,42.71905,160,354,70.1,65.8,0,51.355625,335,397,73.8,66.2,0,52.056526,398.482,165,72.9,66.1,0,34.2382,150,198,71.5,66.7,0,43.381573,195,390,74.5,66.2,0,39.84016,380,579,70.9,65.7,0,66.76449,575,775,73.9,66.2,0,61.3414,770.48706,254,73.4,66.5,0,43.100037,250,267,73.5,66.3,0,66.49964,262.75,217,73.9,66.3,0,32.38221,215.90585,190,72.8,66.3,0,45.35736,185,300,71.8,66.1,0,40.190136,300,477,73.8,65.7,0,43.35919,475.99966,214,71.5,65.9,0,56.059338,210,894,71.3,65.6,0,94.02425,880,90.5,90.6,89.7,146.9,104.3,119.3,1.2,0,30.02
20170714,555,78.4,96.1,40.87167285,39.43966417,257,49.3,43.9,5.6,81.1,76.5,-0.1,0.75,0,0,0,5,100,100,1,1,1,0,0,200,72,7.5,5.6,7.5,200,74.1,76.8,63.1,100,15,51,59.6,100,0,77,0.85,60.6,1.75,67.7,0,0,51.1,13.7,0,0,0,73.9,74.2,65.1,77.9,15,49,60.8,63.4,0,74.3,1,60.6,1.75,67.1,0,0,97.8,84.1,17.1,4.7,1.2,15,15,92.7,65.1,82.2,100,39.1,0,76.5,1.3,65.18965,64.68965,0,13,0,0,1,100,1,72,1833,65.1,0,99.96324,2000,72,68,6512.6553,73.1,64.6,100,9000,261,73.5,64.8,0,52.588238,260,126,72.7,66.2,0,58.596706,125,1803,74,65,0,99.950874,1850,792,78.2,68.2,0,0,700,1013,73.5,65.1,0,66.68713,1008.74,264,73.6,65.8,0,44.13683,263.87573,199,74.6,65.8,0,99.96313,250,332,73,66.8,0,34.472496,330,191,74.9,68.3,0,100,650,473,72.7,68,0,100,950,850,0,66.2,0,48.34868,843.5747,830,73.8,65.9,0,50.786823,833.47705,175,73.6,65.9,0,46.87807,175,250,70.4,66.2,0,42.10075,245,224,71.4,65.9,0,40.999268,220,359,74.2,65.8,0,31.659334,350,254,73.9,65.8,0,39.277874,257.14447,339,73.5,66,0,30.017153,335,338,73.8,65.9,0,27.910686,335,197,72.3,66.5,0,36.15064,195,604,73.8,66,0,35.58987,606.963,246,71.4,65.8,0,42.709866,245,286,73.9,65.7,0,56.01227,286.8452,247,73.3,66,0,46.14158,245,422,72.7,65.7,0,39.67197,420,162,73.3,66.3,0,25.971321,160,343,73.5,66,0,38.13258,335,334,73.8,66.2,0,34.332558,342.89975,409,73,65.7,0,25.975143,400,200,71.7,66.3,0,36.822086,195,411,72.1,65.7,0,32.523136,380,343,70.8,66.1,0,29.004913,335,180,74,65.5,0,64.51419,186.25006,251,73,66,0,47.973373,245,353,73.4,65.6,0,40.21151,350,488,73.7,65.6,0,70.12571,495.39972,509,73.8,65.7,0,54.884003,506.6997,232,73.4,66.5,0,41.601177,230,292,73.9,65.8,0,38.674507,285,198,70.4,66.2,0,44.83388,195,885,73.8,65.6,0,66.46593,879.25415,350,72.6,65.5,0,43.174984,335,238,73.6,65.6,0,61.45539,235.74992,252,73.5,65.7,0,45.339554,245,425,73.7,65.8,0,45.51156,420,543,74.1,65.4,0,58.428204,540,339,73.2,65.7,0,33.247547,335,109,72.4,66.2,0,32.688065,100,341,73.5,66.1,0,39.494453,335,198,71.9,284.8,0,32.994488,195,523,73.8,65.6,0,41.9335,527.1996,339,72.3,65.8,0,41.74841,335,501,74.1,65.5,0,55.756634,500,708,74,65.6,0,69.06329,700,525,73.8,65.5,0,44.92824,526.3997,161,72.8,66.1,0,42.71905,160,350,70.2,65.6,0,51.355625,335,395,73.8,66,0,52.056526,398.482,165,72.9,65.9,0,34.2382,150,197,71.6,66.6,0,43.381573,195,389,74.5,65.9,0,40.24524,380,579,70.9,65.5,0,66.76449,575,768,73.9,66,0,61.3414,770.48706,254,73.3,66.3,0,43.100037,250,231,73.6,66.2,0,63.319355,223.74991,241,73.9,66.1,0,35.47536,236.90607,189,72.8,66.1,0,45.35736,185,301,71.7,65.8,0,40.576683,300,474,73.8,65.5,0,43.35919,475.99966,213,71.4,65.7,0,56.059338,210,889,71.2,65.4,0,93.16597,880,90.5,90.6,89.6,147.9,104.3,119,1.3,0,30.05
20170714,600,78.4,96.6,40.99015999,39.43966417,257,49.7,44.3,5.6,81.6,76.8,-0.2,0.75,0,0,0,5,100,100,1,1,1,0,0,200,72,7.5,5.6,7.5,200,73.7,76.2,62.1,100,15,53.4,59.6,100,0,76.4,0.9,60.6,1.8125,67,0,0,51.3,13.8,0,0,0,73.9,74.2,64.8,78.1,15,50,60.8,66.6,0,74.2,1,60.6,1.8125,67.1,0,0,98,85.5,17.8,4.7,0.9,15,15,93,65.1,82.2,100,38.9,0,76.5,1.3,65.18965,64.68965,0,13,0,0,1,100,1,72,1857,64,0,99.96324,2000,72,68,6512.6553,72.8,63.6,100,9000,262,73.3,63.6,0,51.454544,260,127,72.5,64.7,0,56.778526,125,1820,73.7,63.7,0,99.950874,1850,774,78.2,68.5,0,0,700,911,73.2,63.9,0,60.46169,900.73987,227,73.4,64.6,0,40.913006,227.87584,207,74.2,64.5,0,99.96313,250,331,72.7,65.4,0,34.16382,330,198,74.9,66.8,0,100,650,492,72.3,66.6,0,100,950,765,0,64.7,0,43.92879,759.57477,657,73.5,64.6,0,42.66044,665.477,176,73.7,65.6,0,46.87807,175,251,70.4,65.9,0,42.10075,245,224,71.4,65.6,0,40.999268,220,359,74.1,65.6,0,31.659334,350,255,73.9,65.6,0,39.277874,257.14447,341,73.5,65.7,0,30.017153,335,340,73.9,65.6,0,28.364616,335,198,72.3,66.3,0,36.15064,195,604,73.8,65.7,0,35.58987,606.963,248,71.4,65.5,0,43.163967,245,287,73.9,65.4,0,56.01227,286.8452,248,73.3,65.6,0,46.14158,245,424,72.7,65.4,0,39.67197,420,161,73.3,66,0,25.971321,160,340,73.5,65.8,0,38.13258,335,337,73.8,66,0,34.332558,342.89975,409,73,65.5,0,25.975143,400,202,71.7,66,0,36.822086,195,411,72.1,65.4,0,32.523136,380,349,70.8,65.8,0,29.004913,335,183,74,65.2,0,64.51419,186.25006,254,73.1,65.7,0,47.973373,245,358,73.5,65.3,0,40.21151,350,444,73.7,65.3,0,64.54276,443.79974,515,73.8,65.4,0,54.346764,506.6997,235,73.4,66.3,0,41.601177,230,296,73.9,65.5,0,38.674507,285,201,70.4,66,0,44.83388,195,885,73.8,65.3,0,66.46593,879.25415,348,72.6,65.2,0,42.14071,335,222,73.6,65.3,0,59.84783,222.24994,254,73.5,65.4,0,45.339554,245,425,73.7,65.4,0,45.51156,420,544,74.1,65.1,0,58.428204,540,340,73.2,65.4,0,33.247547,335,111,72.4,66,0,32.688065,100,343,73.5,65.9,0,39.494453,335,198,71.9,284.6,0,32.994488,195,498,73.7,65.3,0,40.972908,488.79962,339,72.3,65.5,0,41.74841,335,501,74.1,65.2,0,55.756634,500,702,73.8,65.2,0,69.06329,700,527,73.8,65.2,0,44.92824,526.3997,162,72.8,65.8,0,42.71905,160,359,70.2,65.3,0,51.355625,335,371,73.7,65.8,0,50.601135,370.88196,162,73,65.7,0,34.2382,150,198,71.5,66.4,0,43.381573,195,392,74.5,65.6,0,40.24524,380,585,70.9,65.1,0,66.76449,575,776,73.8,65.7,0,61.3414,770.48706,254,73.3,66.1,0,43.100037,250,205,73.6,66,0,62.06156,204.24991,242,73.9,65.8,0,35.47536,236.90607,191,72.7,65.8,0,45.35736,185,307,71.7,65.5,0,40.576683,300,437,73.8,65.1,0,41.725437,442.99966,214,71.3,65.3,0,55.6167,210,892,71,65,0,92.85484,880,90.5,90.6,89.4,144.9,104.3,119.1,1.2,0,30.05
20170714,605,78.3,98.3,41.29172615,47.32349667,259,49.8,43.9,5.65,82.3,77.2,-0.1,0.9,0,0,0,5,100,100,1,1,1,0,0,200,72,7.5,5.65,7.5,200,73.3,75.8,61.4,100,15,54.8,59.6,100,0,76,0.95,60.6,1.8125,66.2,0,0,51.1,14,0,0,0,73.9,74.2,64.2,77.1,15,50.6,60.8,66.6,0,74.1,0.99,60.6,1.8125,67.1,0,0,98,82.3,17.8,4.2,0.9,15,15,92.9,65.1,82.2,100,41.4,0,76.5,1.3,65.18965,64.68965,0,13,0,0,1,100,1,72,1886,63.3,0,99.96324,2000,72,68,6694.7363,72.6,62.9,100,9000,261,73.2,62.8,0,50.320858,260,127,72.3,63.8,0,55.17999,125,1863,73.4,63.1,0,99.950874,1850,749,78.3,68.9,0,0,700,609,73,63.6,0,47.065323,600,206,73.3,63.9,0,38.784298,200,217,73.8,63.8,0,99.96313,250,334,72.4,64.7,0,31.661337,330,206,74.8,65.8,0,100,650,519,71.9,65.7,0,100,950,584,0,63.8,0,38.15838,591.57477,507,73.2,63.9,0,35.45611,500,176,73.7,65.3,0,46.87807,175,249,70.4,65.6,0,42.10075,245,224,71.3,65.3,0,40.999268,220,358,74.1,65.2,0,31.659334,350,254,73.9,65.2,0,39.277874,257.14447,340,73.5,65.4,0,30.017153,335,340,73.9,65.3,0,28.364616,335,198,72.3,66,0,36.15064,195,602,73.8,65.4,0,35.58987,606.963,249,71.3,65.2,0,43.163967,245,286,73.9,65,0,56.01227,286.8452,248,73.3,65.3,0,46.14158,245,424,72.6,65,0,39.67197,420,162,73.3,65.7,0,25.971321,160,340,73.5,65.4,0,38.13258,335,337,73.8,65.7,0,34.332558,342.89975,412,73,65.2,0,25.975143,400,201,71.7,65.7,0,36.822086,195,388,72.1,65.1,0,32.523136,380,339,70.8,65.5,0,29.004913,335,185,74,64.8,0,64.51419,186.25006,257,73.1,65.4,0,47.973373,245,362,73.4,64.9,0,40.21151,350,419,73.7,65,0,61.65886,417.99973,508,73.8,65.1,0,54.017097,506.6997,237,73.4,66,0,41.601177,230,298,73.9,65.2,0,38.221245,285,204,70.4,65.6,0,44.83388,195,851,73.7,64.9,0,63.4337,847.1996,343,72.6,64.8,0,41.623573,335,195,73.6,65,0,57.209473,195.24994,254,73.5,65,0,45.339554,245,425,73.6,65.1,0,45.51156,420,540,74,64.7,0,58.342518,540,341,73.2,65.1,0,33.247547,335,113,72.4,65.7,0,32.688065,100,343,73.5,65.6,0,39.494453,335,199,71.9,284.9,0,32.994488,195,452,73.8,65.1,0,39.359604,450.3996,339,72.2,65.1,0,41.74841,335,499,74.1,64.8,0,55.756634,500,700,73.8,64.9,0,69.06329,700,490,73.7,64.9,0,43.49307,496.9997,162,72.8,65.5,0,42.71905,160,358,70.2,64.9,0,51.355625,335,370,73.8,65.6,0,50.601135,370.88196,168,73,65.4,0,34.2382,150,198,71.5,66,0,43.381573,195,386,74.5,65.3,0,40.24524,380,582,70.8,64.8,0,66.76449,575,770,73.8,65.4,0,61.2708,770.48706,252,73.4,65.8,0,43.36788,250,176,73.6,65.8,0,58.922176,175,241,73.9,65.6,0,35.031773,236.90607,189,72.7,65.5,0,44.980656,185,307,71.7,65.2,0,40.576683,300,436,73.8,64.8,0,41.725437,442.99966,214,71.2,65,0,55.6167,210,890,71,64.6,0,92.89776,880,90.5,90.6,89.8,147.9,104.3,118.8,1.1,0,30.05
20170714,610,77.8,99.6,41.08950314,47.32349667,257,49.5,43.9,5.65,82.4,77.5,-0.2,0.9,0,0,0,5,100,100,1,1,1,0,0,200,72,7.5,5.65,7.5,200,73,75.5,61,100,15,55.3,59.6,100,0,75.6,1,60.6,1.8125,65.6,0,0,51.2,13.8,0,0,0,73.9,74.1,64.2,77.1,15,51.2,60.8,67.1,0,74.1,1,60.6,1.8125,67,0,0,98.5,85.6,18,4.6,0.7,15,15,93.2,65.1,82.2,100,40.9,0,76.5,1.3,65.18965,64.68965,0,12.9,0,0,1,100,1,72,1894,62.8,0,99.96324,2000,72,68,6694.7363,72.4,62.4,100,9000,263,73.1,62.2,0,50.320858,260,126,72.2,63.1,0,55.09457,125,1866,73.2,62.4,0,100,1850,744,78.4,69.2,0,0,700,608,73.1,63.1,0,46.611004,600,203,73.1,63.3,0,37.639965,200,219,73.4,63.1,0,99.96313,235.00003,331,72.3,64,0,33.09448,330,208,74.7,65.1,0,100,650,522,71.7,65,0,100,950,504,0,63.3,0,33.026398,500,507,73.1,63.3,0,35.45611,500,176,73.7,65,0,46.87807,175,251,70.4,65.4,0,42.10075,245,225,71.3,65.1,0,40.999268,220,358,74.1,65,0,31.659334,350,253,73.8,65.1,0,39.277874,257.14447,342,73.5,65.2,0,30.017153,335,340,73.9,65.1,0,28.364616,335,198,72.2,65.8,0,36.15064,195,562,73.7,65.2,0,33.94688,568.56305,249,71.3,65,0,43.163967,245,287,73.9,64.9,0,56.01227,286.8452,248,73.3,65.1,0,46.14158,245,423,72.5,64.8,0,39.67197,420,161,73.3,65.5,0,25.971321,160,340,73.5,65.2,0,38.13258,335,336,73.8,65.5,0,34.332558,342.89975,410,72.9,65,0,25.975143,400,200,71.7,65.5,0,36.822086,195,392,72.1,64.8,0,32.523136,380,344,70.8,65.3,0,29.92629,335,190,74,64.6,0,64.51419,186.25006,254,73.1,65.2,0,46.93926,245,363,73.4,64.7,0,38.317757,350,362,73.7,64.8,0,56.778408,366.39972,511,73.8,64.8,0,52.600735,506.6997,237,73.4,65.8,0,41.14686,230,295,73.9,65,0,37.25346,285,203,70.4,65.4,0,44.310577,195,811,73.7,64.7,0,60.052826,808.79956,346,72.6,64.7,0,41.106434,335,178,73.6,64.8,0,55.31967,175,254,73.5,64.9,0,45.339554,245,425,73.6,64.9,0,45.51156,420,541,74,64.5,0,58.342518,540,341,73.2,64.8,0,33.247547,335,110,72.4,65.5,0,32.688065,100,342,73.5,65.3,0,39.494453,335,198,71.8,284.9,0,32.994488,195,452,73.8,64.9,0,39.359604,450.3996,339,72.2,64.9,0,41.74841,335,501,74,64.6,0,55.756634,500,705,73.8,64.7,0,69.06329,700,464,73.8,64.7,0,42.556557,467.5997,162,72.8,65.2,0,42.71905,160,356,70.2,64.7,0,51.355625,335,370,73.8,65.3,0,50.601135,370.88196,164,73,65.2,0,34.2382,150,198,71.5,65.8,0,43.381573,195,384,74.4,65.1,0,40.24524,380,582,70.8,64.6,0,66.76449,575,767,73.8,65.2,0,61.2708,770.48706,252,73.3,65.6,0,43.36788,250,177,73.6,65.6,0,58.124554,175,240,73.8,65.3,0,35.031773,236.90607,189,72.6,65.3,0,44.980656,185,304,71.6,65,0,40.576683,300,435,73.7,64.6,0,41.725437,442.99966,214,71.1,64.8,0,55.6167,210,888,70.9,64.5,0,93.13378,880,90.5,90.6,89.7,145.9,104.3,118.8,1.2,0.1,30.05
20170714,615,77.2,99.6,40.48582544,47.32349667,259,49.7,44.1,5.65,82.5,77.6,-0.1,0.9,0,0,0,5,100,100,1,1,1,0,0,200,72,7.5,5.65,7.5,200,72.9,75.2,60.9,100,15,55.8,59.6,100,0,75.4,1,60.6,1.8125,65,0,0,51.1,13.9,0,0,0,73.9,74.1,63.4,76.2,15,51.6,60.8,66.6,0,74.1,1.01,60.6,1.8125,66.8,0,0,98.3,83.3,18,4.2,1.2,15,15,93.1,65.1,82.2,100,40,0,76.5,1.3,65.18965,64.68965,0,12.9,0,0,1,100,1,72,1895,62.6,0,99.96324,2000,72,68,6694.7363,72.2,62.2,100,9000,263,73,62,0,50.320858,260,126,72,62.8,0,55.09457,125,1868,72.9,62.3,0,100,1850,745,78.4,69.4,0,0,700,606,73.1,62.8,0,46.611004,600,203,72.9,63.1,0,37.639965,200,218,73.1,62.9,0,99.96313,227.49997,334,72.2,63.7,0,33.491344,330,208,74.6,64.7,0,100,650,522,71.5,64.7,0,100,950,503,0,63,0,33.026398,500,507,73.1,63,0,35.45611,500,176,73.7,64.6,0,46.87807,175,250,70.4,65,0,42.10075,245,224,71.3,64.7,0,40.999268,220,358,74,64.6,0,31.659334,350,254,73.8,64.6,0,39.277874,257.14447,342,73.4,64.9,0,30.017153,335,341,73.9,64.8,0,28.364616,335,198,72.2,65.4,0,36.15064,195,563,73.8,64.9,0,33.94688,568.56305,252,71.2,64.6,0,43.163967,245,287,73.9,64.4,0,56.01227,286.8452,248,73.3,64.7,0,46.14158,245,424,72.5,64.4,0,39.67197,420,161,73.3,65.2,0,25.971321,160,340,73.5,64.9,0,38.13258,335,336,73.8,65.2,0,34.332558,342.89975,400,72.9,64.6,0,25.98745,400,200,71.7,65.2,0,36.822086,195,408,72.1,64.5,0,32.523136,380,349,70.8,64.9,0,29.471743,335,192,74,64.1,0,63.035114,186.25006,255,73.1,64.7,0,46.511353,245,363,73.4,64.3,0,37.788982,350,314,73.6,64.4,0,50.764114,314.79987,513,73.8,64.4,0,52.454216,506.6997,236,73.4,65.5,0,40.53291,230,295,73.9,64.6,0,36.555187,285,204,70.4,65.1,0,43.78727,195,735,73.7,64.3,0,56.323296,731.99963,343,72.6,64.2,0,40.420925,335,175,73.6,64.4,0,57.111298,175,253,73.5,64.4,0,45.339554,245,423,73.5,64.5,0,46.040337,420,541,73.9,64.1,0,58.342518,540,338,73.1,64.5,0,33.247547,335,112,72.4,65.2,0,32.688065,100,343,73.5,65,0,39.494453,335,199,71.8,284.6,0,32.994488,195,452,73.8,64.4,0,39.359604,450.3996,340,72.2,64.5,0,41.74841,335,503,74,64.1,0,55.756634,500,676,73.7,64.2,0,67.4915,672.6997,431,73.7,64.2,0,41.376793,438.1997,162,72.8,64.9,0,42.71905,160,361,70.1,64.3,0,51.355625,335,338,73.7,65,0,48.861,343.28198,169,73,64.8,0,34.2382,150,198,71.5,65.5,0,43.381573,195,394,74.4,64.7,0,40.24524,380,586,70.7,64.1,0,66.76449,575,723,73.7,64.9,0,59.465454,726.9862,254,73.3,65.2,0,43.36788,250,177,73.7,65.3,0,58.124554,175,241,73.8,65,0,35.031773,236.90607,190,72.5,64.9,0,44.980656,185,304,71.5,64.5,0,40.576683,300,406,73.8,64.2,0,40.338505,409.99966,213,71.1,64.3,0,55.6167,210,885,70.8,64,0,92.38279,880,90.4,90.5,89.7,147.9,104.3,118.9,1.1,1.2,30.05
20170714,620,76.6,99.6,39.89073667,47.32349667,260,49.8,44.1,5.65,82.7,77.7,-0.1,0.95,0,0,0,5,100,100,1,1,1,0,0,200,72,7.5,5.65,7.5,200,72.7,75,60.6,100,15,55.9,59.6,100,0,75.2,1,60.6,1.8125,64.5,0,0,51.1,13.7,0,0,0,73.8,74,63.2,74.9,15,51.8,60.8,62,0,74,1,60.6,1.8125,66.8,0,0,98.9,80.4,16.8,4.2,1.1,15,15,93.1,65.1,82.2,100,40.5,0,76.5,1.3,65.18965,64.68965,0,12.9,0,0,1,100,1,72,1898,62.3,0,99.96324,2000,72,68,6694.7363,72,61.9,100,9000,264,72.9,61.7,0,50.320858,260,126,71.8,62.6,0,55.09457,125,1869,72.8,62,0,100,1850,744,78.5,69.5,0,0,700,612,73,62.6,0,46.611004,600,201,72.8,62.8,0,37.184696,200,126,72.9,62.8,0,56.91986,125,336,72.1,63.5,0,33.491344,330,210,74.5,64.5,0,100,650,528,71.4,64.5,0,100,950,504,0,62.8,0,33.026398,500,508,73,62.7,0,35.45611,500,176,73.7,64.3,0,46.87807,175,251,70.4,64.7,0,42.10075,245,224,71.3,64.4,0,40.546165,220,360,74,64.3,0,31.659334,350,254,73.8,64.3,0,39.277874,257.14447,342,73.4,64.5,0,30.017153,335,340,73.9,64.5,0,28.364616,335,198,72.1,65.1,0,36.15064,195,527,73.8,64.6,0,32.093887,530.163,248,71.2,64.3,0,43.163967,245,272,73.8,64.1,0,54.31902,274.00012,247,73.2,64.4,0,46.14158,245,423,72.5,64.1,0,39.67197,420,161,73.3,64.9,0,25.971321,160,338,73.4,64.5,0,38.13258,335,336,73.7,64.9,0,34.332558,342.89975,401,72.9,64.3,0,27.365572,400,200,71.6,64.9,0,36.822086,195,384,72.1,64.1,0,32.523136,380,340,70.8,64.6,0,29.471743,335,192,74,63.8,0,62.36171,186.25006,254,73,64.4,0,46.000237,245,360,73.3,64,0,37.174126,350,259,73.6,64.2,0,46.487553,263.19986,512,73.8,64.1,0,51.587303,506.6997,236,73.4,65.2,0,40.090866,230,294,73.9,64.3,0,36.114174,285,203,70.4,64.8,0,43.251793,195,649,73.7,64.1,0,52.720547,655.1996,348,72.6,63.9,0,40.420925,335,179,73.6,64.1,0,57.283104,175,252,73.4,64.1,0,45.339554,245,423,73.5,64.2,0,46.040337,420,539,73.9,63.8,0,58.342518,540,338,73.1,64.1,0,33.247547,335,109,72.3,64.9,0,32.688065,100,343,73.4,64.7,0,39.494453,335,197,71.8,284.9,0,32.994488,195,452,73.8,64.2,0,39.359604,450.3996,338,72.1,64.2,0,41.74841,335,502,73.9,63.9,0,55.756634,500,636,73.7,64,0,66.833046,645.3997,377,73.7,64,0,39.090244,379.3997,162,72.8,64.6,0,42.71905,160,357,70.1,64,0,51.355625,335,310,73.8,64.8,0,47.932926,315.68198,171,73,64.6,0,34.2382,150,198,71.4,65.2,0,43.381573,195,388,74.4,64.4,0,40.24524,380,586,70.6,63.8,0,67.14181,575,683,73.7,64.6,0,57.932426,683.48615,253,73.2,64.9,0,43.36788,250,177,73.7,65,0,58.124554,175,241,73.8,64.7,0,35.031773,236.90607,190,72.4,64.6,0,44.980656,185,305,71.4,64.3,0,40.576683,300,376,73.7,63.9,0,38.857548,376.99966,213,71,64.1,0,55.6167,210,885,70.6,63.7,0,92.275505,880,90.4,90.5,89.7,147.9,104.4,118.9,-0.3,0.3,30.05
20170714,625,76.2,99.6,39.49870862,47.32349667,260,49.7,44.1,5.65,82.5,77.6,-0.1,1,0,0,0,5,100,100,1,1,1,0,0,200,72,7.5,5.65,7.5,200,72.6,75.1,60.5,100,15,55.7,59.6,100,0,75.2,1,60.6,1.8125,64.1,0,0,51.6,13.8,0,0,0,73.8,73.9,63.1,73.9,15,51.9,60.8,63.4,0,74,1.02,60.6,1.8125,66.5,0,0,99,79.9,17.2,4.4,1.1,15,15,93,65.1,82.2,100,40.4,0,76.5,1.3,65.18965,64.68965,0,12.9,0,0,1,100,1,72,1903,62.2,0,99.96324,2000,72,68,6694.7363,71.9,61.8,100,9000,264,72.8,61.5,0,50.320858,260,126,71.7,62.4,0,55.09457,125,1871,72.6,61.8,0,99.545616,1850,743,78.5,69.7,0,0,700,611,72.8,62.4,0,46.611004,600,201,72.6,62.6,0,37.639965,200,127,73,62.7,0,56.50197,125,336,72,63.3,0,33.491344,330,210,74.3,64.3,0,100,650,528,71.2,64.2,0,100,950,504,0,62.6,0,33.026398,500,508,72.9,62.5,0,35.45611,500,176,73.7,64.1,0,46.87807,175,249,70.3,64.5,0,42.10075,245,224,71.2,64.2,0,40.546165,220,361,73.9,64.1,0,31.659334,350,234,73.7,64.1,0,37.76531,235.99977,342,73.4,64.3,0,30.017153,335,339,73.9,64.2,0,28.364616,335,198,72,64.9,0,36.15064,195,531,73.8,64.3,0,32.093887,530.163,248,71.1,64,0,43.163967,245,272,73.8,63.9,0,54.31902,274.00012,248,73.2,64.2,0,46.14158,245,421,72.4,63.9,0,39.67197,420,161,73.3,64.6,0,25.971321,160,341,73.4,64.3,0,38.13258,335,307,73.7,64.7,0,31.677475,300,405,72.9,64.1,0,27.365572,400,200,71.6,64.7,0,36.822086,195,389,72.1,63.9,0,32.523136,380,340,70.7,64.3,0,29.471743,335,188,74,63.6,0,61.39971,186.25006,250,73,64.2,0,45.489124,245,358,73.3,63.7,0,36.719135,350,236,73.6,64,0,43.086025,237.39987,438,73.7,63.9,0,47.44811,446.0997,233,73.4,65,0,39.56287,230,290,73.8,64,0,35.67316,285,201,70.4,64.6,0,42.72849,195,626,73.7,63.9,0,51.030113,616.7996,348,72.5,63.7,0,39.987972,335,179,73.6,63.9,0,57.283104,175,252,73.4,63.9,0,45.339554,245,422,73.4,64,0,46.040337,420,539,73.9,63.6,0,58.342518,540,339,73,63.9,0,33.247547,335,110,72.4,64.6,0,32.688065,100,341,73.4,64.4,0,39.494453,335,198,71.8,284.9,0,32.994488,195,419,73.7,64,0,36.87192,411.9996,338,72.1,64,0,41.74841,335,498,73.9,63.6,0,55.279224,500,600,73.7,63.8,0,65.15505,590.7997,352,73.8,63.8,0,37.910484,350,162,72.8,64.3,0,42.71905,160,361,70.1,63.8,0,51.355625,335,310,73.8,64.6,0,47.932926,315.68198,172,72.9,64.3,0,34.2382,150,198,71.3,65,0,43.381573,195,388,74.4,64.2,0,40.24524,380,584,70.6,63.6,0,66.691124,575,643,73.8,64.4,0,56.13717,639.98615,255,73.2,64.7,0,43.36788,250,178,73.7,64.7,0,59.034664,175,243,73.8,64.4,0,35.031773,236.90607,190,72.3,64.4,0,44.980656,185,306,71.4,64.1,0,40.576683,300,336,73.7,63.7,0,37.07099,343.99966,213,70.9,63.9,0,55.6167,210,888,70.5,63.5,0,91.73908,880,90.4,90.5,89.7,146.9,104.4,118.7,1.2,0.1,30.05
20170714,630,76,99.6,39.30408753,47.32349667,258,49.6,44,5.65,82.6,77.7,-0.2,1.05,0,0,0,5,100,100,1,1,1,0,0,200,72,7.5,5.65,7.5,200,72.5,74.7,60.3,100,15,55.4,59.6,100,0,74.9,1,60.6,1.8125,63.8,0,0,51.7,13.9,0,0,0,73.8,73.9,62.8,73.2,15,52,60.8,61.6,0,74,1.01,60.6,1.8125,66.3,0,0,99.3,80.1,16.8,4.7,1.5,15,15,93.2,65.1,82.2,100,40.4,0,76.5,1.3,65.18965,64.68965,0,12.9,0,0,1,100,1,72,1906,62,0,99.96324,2000,72,68,6694.7363,71.8,61.6,100,9000,264,72.7,61.4,0,50.320858,260,126,71.6,62.2,0,55.09457,125,1872,72.4,61.7,0,99.55077,1850,742,78.5,69.8,0,0,700,603,72.7,62.2,0,46.15668,600,201,72.4,62.5,0,37.639965,200,126,72.9,62.5,0,56.256145,125,337,71.9,63.1,0,33.491344,330,210,74.3,64.1,0,100,650,530,71.1,64.1,0,100,950,505,0,62.5,0,33.026398,500,508,72.8,62.4,0,35.45611,500,176,73.7,63.9,0,46.87807,175,250,70.3,64.3,0,42.10075,245,224,71.2,64,0,40.546165,220,360,73.9,63.9,0,31.659334,350,188,73.7,64.1,0,34.044888,190.39977,342,73.3,64.1,0,30.017153,335,341,73.9,64,0,28.364616,335,199,72,64.7,0,36.15064,195,532,73.8,64.2,0,32.093887,530.163,249,71,63.9,0,43.163967,245,272,73.8,63.8,0,54.31902,274.00012,247,73.1,64,0,46.14158,245,422,72.4,63.7,0,39.67197,420,162,73.2,64.4,0,25.971321,160,341,73.3,64.1,0,38.13258,335,307,73.7,64.5,0,31.677475,300,403,72.9,63.9,0,27.365572,400,200,71.5,64.5,0,36.822086,195,394,72.1,63.7,0,32.523136,380,347,70.7,64.2,0,29.471743,335,191,73.9,63.5,0,60.882633,186.25006,250,73,64,0,44.96612,245,356,73.3,63.6,0,36.190357,350,184,73.6,63.9,0,37.527733,185.79987,423,73.7,63.8,0,44.432236,415.79968,233,73.3,64.8,0,39.022594,230,289,73.8,63.9,0,35.07289,285,200,70.4,64.3,0,42.119995,195,535,73.7,63.8,0,47.025887,539.99963,348,72.5,63.5,0,39.38665,335,179,73.6,63.7,0,57.283104,175,253,73.4,63.7,0,45.339554,245,424,73.4,63.8,0,46.372356,420,539,73.8,63.4,0,58.342518,540,339,73,63.7,0,33.247547,335,111,72.3,64.4,0,32.688065,100,342,73.3,64.3,0,39.494453,335,198,71.7,285,0,32.994488,195,386,73.7,63.9,0,35.431034,380,340,72,63.8,0,41.74841,335,498,73.9,63.5,0,55.279224,500,523,73.6,63.6,0,63.79567,536.1998,354,73.8,63.6,0,37.910484,350,162,72.8,64.2,0,42.71905,160,363,70,63.6,0,51.355625,335,311,73.8,64.4,0,47.932926,315.68198,170,72.9,64.1,0,34.2382,150,198,71.3,64.8,0,43.381573,195,385,74.4,64,0,40.24524,380,579,70.5,63.4,0,66.691124,575,594,73.8,64.2,0,54.271305,596.48615,254,73.2,64.5,0,42.937,250,178,73.7,64.6,0,58.51314,175,218,73.8,64.3,0,32.298286,215.90585,190,72.3,64.2,0,44.980656,185,305,71.3,63.9,0,40.576683,300,303,73.8,63.6,0,35.87212,300,214,70.8,63.7,0,55.6167,210,891,70.4,63.3,0,91.47087,880,90.4,90.5,89.5,145.9,104.4,118.6,1.2,0,30.05
20170714,635,75.9,99.6,39.20712286,47.32349667,261,49.6,44,5.65,82.6,77.7,-0.1,1.05,0,0,0,5,100,100,1,1,1,0,0,200,72,7.5,5.65,7.5,200,72.4,74.8,60.3,100,15,54.9,59.6,100,0,75,1,60.6,1.8125,63.5,0,0,51.6,14,0,0,0,73.8,73.9,62.8,72.6,15,51.9,60.8,60.2,0,73.9,1,60.6,1.8125,66.1,0,0,99.4,78.5,16.3,4.2,0.9,15,15,92.5,65.1,82.2,100,41.4,0,76.5,1.3,65.18965,64.68965,0,12.9,0,0,1,100,1,72,1904,62,0,99.96324,2000,72,68,6694.7363,71.8,61.6,100,9000,265,72.6,61.3,0,50.320858,260,126,71.5,62.1,0,55.09457,125,1869,72.4,61.6,0,100,1850,742,78.6,69.8,0,0,700,601,72.6,62.1,0,46.15668,600,201,72.3,62.4,0,37.639965,200,126,72.8,62.4,0,56.256145,125,337,71.8,63,0,33.491344,330,211,74.2,64,0,100,650,530,71,64,0,100,950,503,0,62.3,0,33.026398,500,508,72.7,62.3,0,35.45611,500,176,73.7,63.8,0,46.87807,175,250,70.2,64.1,0,42.10075,245,224,71.1,63.9,0,40.546165,220,361,73.8,63.7,0,31.659334,350,161,73.7,64.1,0,30.861187,160,342,73.3,64,0,30.017153,335,340,73.9,63.9,0,28.364616,335,199,71.9,64.6,0,36.15064,195,490,73.7,64,0,32.328598,491.76303,249,71,63.7,0,43.163967,245,272,73.8,63.6,0,54.31902,274.00012,247,73.1,63.8,0,46.14158,245,422,72.3,63.6,0,39.67197,420,161,73.2,64.3,0,25.971321,160,340,73.3,64,0,38.13258,335,307,73.7,64.4,0,31.677475,300,404,72.8,63.7,0,27.365572,400,200,71.5,64.3,0,36.822086,195,402,72,63.6,0,32.523136,380,346,70.7,64.1,0,29.471743,335,191,73.9,63.3,0,60.36556,186.25006,248,73,63.8,0,44.45501,245,362,73.2,63.4,0,36.190357,350,160,73.6,63.8,0,33.941334,160,351,73.7,63.7,0,40.39072,355.1997,237,73.3,64.6,0,39.022594,230,293,73.8,63.7,0,35.07289,285,199,70.3,64.2,0,41.68188,195,501,73.8,63.7,0,46.159534,501.5996,347,72.5,63.4,0,38.941673,335,179,73.6,63.5,0,57.283104,175,254,73.4,63.5,0,45.339554,245,425,73.3,63.6,0,46.372356,420,518,73.7,63.3,0,56.738888,517.19977,339,72.9,63.5,0,33.247547,335,109,72.3,64.3,0,32.688065,100,342,73.3,64.1,0,39.494453,335,198,71.7,284.8,0,32.994488,195,382,73.8,63.8,0,35.431034,380,340,72,63.7,0,41.74841,335,500,73.8,63.4,0,55.279224,500,495,73.6,63.5,0,62.691162,508.89987,353,73.8,63.5,0,37.910484,350,162,72.7,64,0,42.71905,160,353,70,63.5,0,50.905777,335,311,73.8,64.3,0,47.932926,315.68198,173,72.9,64,0,34.2382,150,198,71.2,64.7,0,43.381573,195,391,74.3,63.9,0,40.24524,380,583,70.4,63.3,0,66.691124,575,592,73.8,64.1,0,54.271305,596.48615,253,73.2,64.4,0,42.937,250,178,73.6,64.4,0,58.51314,175,218,73.8,64.2,0,32.298286,215.90585,191,72.2,64.1,0,44.980656,185,306,71.2,63.7,0,40.576683,300,302,73.8,63.5,0,35.87212,300,214,70.6,63.6,0,55.6167,210,889,70.3,63.2,0,91.69617,880,90.3,90.4,89.5,146.9,104.4,118.5,1.1,-0.1,30.05
20170714,640,75.8,99.6,39.11038787,47.32349667,259,49.6,44,5.65,82.7,77.8,-0.2,1.05,0,0,0,5,100,100,1,1,1,0,0,200,72,7.5,5.65,7.5,200,72.3,74.6,60.3,100,15,54.4,59.6,100,0,74.8,1,60.6,1.8125,63.3,0,0,51.5,13.6,0,0,0,73.8,73.8,62.7,71.8,15,51.8,60.8,59.1,0,73.8,1.01,60.6,1.8125,66,0,0,99.5,75.8,16,4.7,0.9,15,15,92.7,65.1,82.2,100,40.5,0,76.5,1.3,65.18965,64.68965,0,12.9,0,0,1,100,1,72,1903,61.9,0,99.96324,2000,72,68,6694.7363,71.7,61.5,100,9000,264,72.5,61.2,0,50.320858,260,127,71.4,62,0,55.09457,125,1868,72.2,61.5,0,99.96554,1850,741,78.6,69.9,0,0,700,605,72.5,62,0,46.15668,600,202,72.2,62.3,0,37.639965,200,126,72.7,62.3,0,56.256145,125,337,71.8,63,0,33.491344,330,210,74.1,63.9,0,100,650,530,70.9,63.9,0,100,950,504,0,62.3,0,33.026398,500,508,72.6,62.2,0,35.45611,500,176,73.7,63.7,0,46.87807,175,249,70.2,64,0,42.10075,245,224,71.1,63.7,0,40.546165,220,361,73.7,63.6,0,31.659334,350,162,73.7,64,0,30.861187,160,343,73.3,63.8,0,30.017153,335,340,73.9,63.7,0,28.364616,335,199,71.9,64.4,0,36.15064,195,456,73.8,63.9,0,29.314392,453.36304,252,70.9,63.6,0,43.163967,245,260,73.7,63.5,0,52.883434,260.49988,248,73.1,63.7,0,46.14158,245,423,72.2,63.4,0,39.67197,420,161,73.2,64.2,0,25.971321,160,340,73.3,63.8,0,38.13258,335,307,73.7,64.3,0,31.677475,300,403,72.8,63.6,0,27.365572,400,200,71.4,64.2,0,36.822086,195,409,72,63.4,0,32.979645,380,350,70.6,63.9,0,29.471743,335,190,73.9,63.2,0,60.36556,186.25006,246,73,63.7,0,44.45501,245,363,73.2,63.3,0,36.190357,350,160,73.6,63.7,0,33.941334,160,339,73.7,63.5,0,40.305252,335,236,73.3,64.5,0,39.022594,230,293,73.8,63.6,0,35.07289,285,199,70.3,64.1,0,41.68188,195,501,73.8,63.5,0,46.159534,501.5996,348,72.4,63.3,0,38.941673,335,179,73.6,63.4,0,57.283104,175,254,73.3,63.4,0,45.339554,245,425,73.3,63.5,0,46.372356,420,495,73.7,63.1,0,54.8782,494.39978,342,72.9,63.4,0,33.247547,335,110,72.2,64.1,0,32.688065,100,341,73.3,63.9,0,39.494453,335,198,71.7,284.9,0,32.994488,195,385,73.8,63.6,0,35.431034,380,339,71.9,63.6,0,41.74841,335,499,73.7,63.2,0,55.279224,481.99982,458,73.5,63.4,0,60.981308,454.3,354,73.8,63.3,0,37.910484,350,162,72.7,63.9,0,42.71905,160,349,69.9,63.3,0,50.905777,335,312,73.8,64.1,0,47.932926,315.68198,171,72.9,63.8,0,34.2382,150,198,71.2,64.5,0,43.381573,195,386,74.3,63.7,0,40.24524,380,579,70.4,63.2,0,66.691124,575,595,73.7,63.9,0,54.271305,596.48615,254,73.2,64.3,0,42.937,250,179,73.6,64.3,0,58.51314,175,198,73.8,64.1,0,29.804579,194.90585,191,72.2,63.9,0,44.980656,185,310,71.2,63.6,0,40.576683,300,305,73.8,63.4,0,36.307003,300,214,70.5,63.4,0,55.6167,210,891,70.2,63,0,91.38504,880,90.3,90.4,89.6,146.9,104.4,118.7,1.2,0.2,30.05
20170714,645,75.8,99.6,39.12474786,47.32349667,257,49.6,44,5.65,82.7,77.8,-0.1,1.1,0,0,0,5,100,100,1,1,1,0,0,200,72,7.5,5.65,7.5,200,72.3,74.9,60.2,100,15,53.9,59.6,100,0,74.9,1,60.6,1.8125,63.2,0,0,51.7,13.6,0,0,0,73.7,73.9,62.4,71.3,15,51.7,60.8,56.8,0,73.8,0.98,60.6,1.8125,65.9,0,0,99.5,75,15.3,4.4,1.4,15,15,93.5,65.1,82.2,100,40,0,76.5,1.3,65.18965,64.68965,0,12.8,0,0,1,100,1,72,1902,61.9,0,99.96324,2000,72,68,6872.178,71.6,61.5,100,9000,265,72.4,61.2,0,50.320858,260,126,71.4,62,0,55.09457,125,1871,72.1,61.5,0,99.46682,1850,741,78.6,69.9,0,0,700,604,72.4,62,0,46.15668,600,201,72,62.3,0,37.639965,200,126,72.6,62.4,0,56.256145,125,338,71.7,62.9,0,33.491344,330,210,74,63.9,0,100,650,530,70.8,63.9,0,100,950,504,0,62.2,0,33.026398,500,508,72.5,62.1,0,35.45611,500,176,73.7,63.5,0,46.87807,175,250,70.1,63.9,0,42.10075,245,225,71.1,63.6,0,40.546165,220,361,73.7,63.5,0,31.659334,350,162,73.7,63.9,0,30.861187,160,344,73.2,63.7,0,30.017153,335,341,73.8,63.6,0,28.364616,335,199,71.8,64.3,0,36.15064,195,453,73.8,63.8,0,29.314392,453.36304,252,70.9,63.5,0,43.163967,245,233,73.7,63.4,0,49.82822,233.49986,248,73,63.6,0,46.14158,245,430,72.2,63.3,0,40.288567,420,162,73.2,64,0,26.424807,160,338,73.2,63.7,0,38.13258,335,307,73.6,64.1,0,31.677475,300,404,72.8,63.4,0,27.365572,400,200,71.3,64.1,0,36.822086,195,415,71.9,63.3,0,32.979645,380,348,70.6,63.8,0,29.471743,335,190,73.9,63.1,0,60.36556,186.25006,248,73,63.6,0,44.894806,245,361,73.1,63.2,0,36.190357,350,161,73.6,63.6,0,34.557552,160,339,73.8,63.4,0,40.32967,335,237,73.3,64.4,0,39.022594,230,294,73.7,63.4,0,35.07289,285,199,70.3,64,0,41.68188,195,505,73.8,63.4,0,46.11727,501.5996,347,72.4,63.1,0,38.941673,335,178,73.5,63.3,0,57.283104,175,254,73.3,63.3,0,45.339554,245,425,73.2,63.4,0,46.372356,420,451,73.7,63,0,51.67095,448.79977,341,72.9,63.3,0,33.247547,335,111,72.3,64,0,32.688065,100,342,73.3,63.8,0,39.494453,335,199,71.6,284.8,0,32.994488,195,384,73.8,63.5,0,35.431034,380,338,71.9,63.5,0,41.74841,335,487,73.7,63.1,0,54.2689,481.99982,403,73.5,63.3,0,57.60408,399.7,353,73.7,63.2,0,37.910484,350,162,72.7,63.7,0,42.71905,160,354,69.9,63.2,0,50.905777,335,310,73.8,63.9,0,47.932926,315.68198,164,72.9,63.7,0,34.2382,150,198,71.1,64.4,0,43.381573,195,389,74.3,63.6,0,40.24524,380,580,70.4,63,0,66.691124,575,548,73.8,63.9,0,53.605644,552.98615,256,73.2,64.1,0,42.937,250,179,73.6,64.2,0,58.51314,175,198,73.8,64,0,29.804579,194.90585,192,72.1,63.8,0,44.980656,185,307,71.1,63.5,0,40.576683,300,306,73.8,63.3,0,36.307003,300,213,70.5,63.3,0,55.6167,210,888,70.1,62.9,0,91.80345,880,90.3,90.4,89.5,145.9,104.4,118.9,-0.3,0.3,30.03
20170714,650,75.8,99.6,39.12474786,47.32349667,265,49.5,43.9,5.65,82.8,77.9,-0.1,1.15,0,0,0,5,100,100,1,1,1,0,0,200,72,7.5,5.65,7.5,200,72.2,74.7,60.1,100,15,53.1,59.6,100,0,74.8,1,60.6,1.8125,62.9,0,0,51.6,14,0,0,0,73.7,73.8,62.5,70.8,15,51.4,60.8,56.4,0,73.8,1,60.6,1.8125,65.7,0,0,99.7,74.9,15.3,4.6,1.2,15,15,93.2,65.1,82.2,100,40.4,0,76.5,1.3,65.18965,64.68965,0,12.9,0,0,1,100,1,72,1903,61.7,0,99.96324,2000,72,68,6694.7363,71.6,61.4,100,9000,264,72.4,61.1,0,50.320858,260,126,71.3,61.9,0,55.09457,125,1868,72,61.4,0,100,1850,741,78.6,70,0,0,700,601,72.4,61.9,0,46.15668,600,202,71.9,62.1,0,37.639965,200,126,72.5,62.2,0,56.256145,125,336,71.7,62.8,0,33.09448,330,211,74,63.8,0,100,650,530,70.7,63.8,0,100,950,504,0,62.1,0,33.026398,500,508,72.4,62,0,35.45611,500,176,73.7,63.4,0,46.87807,175,250,70.1,63.8,0,42.10075,245,225,71,63.5,0,40.546165,220,361,73.6,63.4,0,31.659334,350,161,73.7,63.8,0,30.861187,160,343,73.2,63.6,0,30.017153,335,341,73.8,63.5,0,28.364616,335,199,71.8,64.3,0,36.15064,195,456,73.8,63.7,0,29.314392,453.36304,252,70.8,63.4,0,43.163967,245,203,73.7,63.3,0,47.067486,206.49986,247,73,63.5,0,46.14158,245,430,72.1,63.2,0,40.288567,420,161,73.2,63.9,0,26.424807,160,339,73.2,63.6,0,38.13258,335,307,73.6,64,0,31.677475,300,402,72.7,63.4,0,27.365572,400,199,71.2,64,0,36.822086,195,396,71.9,63.2,0,32.510796,380,342,70.6,63.7,0,29.471743,335,190,73.9,63,0,60.36556,186.25006,247,72.9,63.5,0,44.894806,245,362,73.1,63.1,0,36.190357,350,161,73.6,63.5,0,34.557552,160,339,73.8,63.4,0,40.32967,335,236,73.3,64.3,0,39.022594,230,292,73.7,63.4,0,35.07289,285,199,70.2,63.9,0,41.68188,195,506,73.7,63.3,0,46.180664,501.5996,345,72.4,63,0,38.941673,335,179,73.5,63.2,0,57.283104,175,254,73.3,63.2,0,45.339554,245,423,73.1,63.3,0,46.372356,420,406,73.6,62.9,0,47.961807,403.1999,340,72.8,63.2,0,33.247547,335,109,72.4,63.9,0,32.688065,100,342,73.2,63.7,0,39.494453,335,198,71.6,284.6,0,32.994488,195,380,73.7,63.4,0,35.8867,380,339,71.8,63.4,0,41.74841,335,465,73.7,63,0,52.259357,463.99982,345,73.5,63.3,0,54.23747,345.1,353,73.7,63.1,0,37.910484,350,162,72.7,63.6,0,42.71905,160,356,69.9,63.1,0,50.905777,335,293,73.7,63.9,0,46.55136,288.08197,172,72.9,63.6,0,34.2382,150,199,71.1,64.3,0,43.381573,195,388,74.2,63.5,0,40.63937,380,584,70.3,62.9,0,66.691124,575,545,73.8,63.7,0,53.605644,552.98615,254,73.2,64,0,42.937,250,178,73.6,64,0,58.51314,175,198,73.9,63.9,0,29.804579,194.90585,192,72,63.7,0,44.980656,185,305,71.1,63.4,0,40.576683,300,306,73.9,63.1,0,36.307003,300,213,70.4,63.2,0,55.6167,210,890,70,62.9,0,91.5567,880,90.2,90.3,89.5,145.9,104.4,118.6,1.2,0,30.03
20170714,655,75.8,99.6,39.1175654,47.32349667,258,49.5,43.9,5.65,82.8,77.9,-0.2,1.15,0,0,0,5,100,100,1,1,1,0,0,200,72,7.5,5.65,7.5,200,72.2,74.7,60.2,100,15,52.5,59.6,100,0,74.8,1,60.6,1.8125,62.9,0,0,51.6,13.8,0,0,0,73.7,73.8,62.3,70.1,15,51.2,60.8,59.5,0,73.8,0.99,60.6,1.8125,65.6,0,0,99.6,75.2,16.3,4.7,0.8,15,15,93.1,65.1,82.2,100,40.3,0,76.5,1.3,65.18965,64.68965,0,12.8,0,0,1,100,1,72,1903,61.7,0,99.96324,2000,72,68,6694.7363,71.5,61.4,100,9000,264,72.3,61.1,0,50.320858,260,127,71.2,61.8,0,55.09457,125,1868,72,61.4,0,100,1850,741,78.7,70,0,0,700,602,72.3,61.9,0,46.15668,600,201,71.8,62.1,0,37.639965,200,126,72.5,62.2,0,56.256145,125,337,71.6,62.7,0,33.09448,330,210,73.9,63.7,0,100,650,531,70.7,63.7,0,100,950,505,0,62.1,0,33.026398,500,508,72.4,62,0,35.45611,500,175,73.7,63.3,0,47.33284,175,249,70.1,63.7,0,42.10075,245,224,71,63.4,0,40.546165,220,360,73.6,63.3,0,31.659334,350,161,73.7,63.6,0,30.861187,160,342,73.2,63.5,0,30.017153,335,340,73.8,63.4,0,28.364616,335,198,71.7,64.1,0,36.15064,195,455,73.8,63.6,0,29.314392,453.36304,247,70.8,63.3,0,43.163967,245,194,73.7,63.2,0,45.8773,192.99986,250,72.9,63.4,0,46.0557,245,429,72.1,63.1,0,40.288567,420,161,73.2,63.8,0,26.424807,160,340,73.2,63.5,0,38.13258,335,307,73.6,63.9,0,31.677475,300,402,72.7,63.3,0,27.365572,400,198,71.2,63.9,0,36.822086,195,402,71.9,63.1,0,32.510796,380,347,70.5,63.6,0,29.471743,335,191,73.9,62.9,0,60.36556,186.25006,249,72.9,63.4,0,44.894806,245,364,73,63,0,36.190357,350,161,73.6,63.4,0,34.557552,160,343,73.8,63.2,0,39.0232,335,238,73.2,64.2,0,39.022594,230,295,73.7,63.2,0,35.07289,285,200,70.2,63.8,0,41.68188,195,422,73.7,63.3,0,41.098785,424.79962,350,72.3,62.9,0,38.941673,335,179,73.5,63.1,0,57.283104,175,254,73.2,63.1,0,45.339554,245,425,73.1,63.2,0,46.372356,420,356,73.6,62.8,0,44.59542,357.59988,339,72.8,63.1,0,33.247547,335,110,72.4,63.8,0,32.688065,100,342,73.2,63.6,0,39.494453,335,198,71.6,284.9,0,32.994488,195,383,73.7,63.3,0,36.33005,380,338,71.8,63.3,0,41.74841,335,426,73.7,62.9,0,48.995228,427.99982,322,73.6,63.2,0,52.623196,317.79987,354,73.7,63,0,37.910484,350,162,72.6,63.5,0,42.71905,160,358,69.9,63,0,50.905777,335,260,73.8,63.7,0,44.811222,260.482,163,72.9,63.5,0,34.2382,150,198,71.1,64.2,0,43.381573,195,384,74.2,63.4,0,40.63937,380,583,70.2,62.8,0,66.691124,575,544,73.8,63.7,0,53.605644,552.98615,253,73.2,63.9,0,42.937,250,178,73.6,64,0,58.51314,175,198,73.9,63.8,0,29.804579,194.90585,190,72,63.6,0,44.980656,185,305,71,63.3,0,40.576683,300,303,73.7,63,0,36.307003,300,212,70.4,63.1,0,55.6167,210,885,70,62.7,0,92.275505,880,90.2,90.3,89.7,147.9,104.4,118.8,-0.1,0.5,30.04
20170714,700,75.9,99.6,39.21432609,47.32349667,259,49.4,43.9,5.65,82.8,78,-0.2,1.1,0,0,0,5,100,100,1,1,1,0,0,200,72,7.5,5.65,7.5,200,72.1,74.6,60.1,100,15,51.7,59.6,100,0,74.8,1,60.6,1.8125,62.7,0,0,51.8,14,0,0,0,73.7,73.8,62,69.7,15,50.8,60.8,59.3,0,73.8,1,60.6,1.8125,65.3,0,0,99.8,74.5,16.1,4.6,1.3,15,15,93.1,65.1,82.2,100,40.8,0,76.5,1.3,65.18965,64.68965,0,12.8,0,0,1,100,1,72,1910,61.7,0,99.96324,2000,72,68,6694.7363,71.5,61.3,100,9000,265,72.3,61,0,50.320858,260,126,71.1,61.8,0,55.09457,125,1876,71.9,61.3,0,99.3995,1850,740,78.7,70,0,0,700,604,72.2,61.8,0,46.15668,600,202,71.7,62.1,0,37.639965,200,126,72.4,62.1,0,56.256145,125,336,71.5,62.7,0,33.09448,330,210,73.9,63.6,0,100,650,534,70.6,63.7,0,100,950,505,0,62,0,33.026398,500,508,72.4,61.9,0,35.45611,500,177,73.6,63.2,0,47.77532,175,248,70.1,63.5,0,42.10075,245,223,71,63.3,0,40.546165,220,358,73.6,63.2,0,31.659334,350,161,73.7,63.6,0,30.861187,160,341,73.2,63.4,0,30.017153,335,339,73.7,63.3,0,28.364616,335,198,71.7,64,0,36.15064,195,454,73.8,63.4,0,29.314392,453.36304,251,70.8,63.1,0,43.163967,245,175,73.7,63.1,0,43.472393,175,249,72.9,63.2,0,46.0557,245,429,72,62.9,0,40.288567,420,160,73.1,63.7,0,26.424807,160,337,73.1,63.3,0,38.13258,335,307,73.6,63.7,0,31.677475,300,403,72.6,63.1,0,27.365572,400,199,71.1,63.7,0,36.822086,195,417,71.8,62.9,0,32.510796,380,345,70.5,63.4,0,29.471743,335,194,73.8,62.7,0,59.76431,186.25006,252,70.6,63.2,0,44.894806,245,357,73.1,62.8,0,35.575504,350,162,73.6,63.2,0,34.557552,160,341,73.8,63.1,0,39.0232,335,233,73.2,64.1,0,38.420925,230,299,73.7,63.1,0,35.07289,285,203,70.2,63.6,0,41.68188,195,411,73.8,63.2,0,43.4337,424.79962,333,72.4,62.8,0,38.7733,335,178,73.5,62.9,0,57.283104,175,254,73.2,62.9,0,45.339554,245,425,73,63,0,46.372356,420,312,73.5,62.7,0,41.461624,312,340,72.8,62.9,0,33.247547,335,111,72.3,63.7,0,32.688065,100,342,73.1,63.5,0,39.494453,335,198,71.5,284.8,0,32.994488,195,382,73.7,63.2,0,36.33005,380,337,71.8,63.1,0,41.74841,335,412,73.7,62.8,0,47.9849,409.99982,265,73.6,63.1,0,48.449448,263.19986,353,73.7,62.8,0,37.910484,350,162,72.6,63.4,0,42.71905,160,356,69.8,62.8,0,50.905777,335,261,73.8,63.6,0,44.811222,260.482,168,72.9,63.3,0,34.2382,150,199,71,64.1,0,43.381573,195,388,74.2,63.2,0,40.63937,380,582,70.2,62.7,0,66.691124,575,546,73.8,63.5,0,53.605644,552.98615,253,73.2,63.8,0,42.937,250,177,73.6,63.9,0,58.51314,175,197,73.9,63.7,0,29.804579,194.90585,190,72,63.5,0,44.980656,185,307,70.9,63.1,0,40.576683,300,303,73.7,62.9,0,36.307003,300,212,70.3,62.9,0,55.6167,210,887,69.9,62.6,0,91.8571,880,90.2,90.3,89.5,147.9,104.4,118.7,1.2,0.1,30.04
20170714,705,76,99.6,39.31131654,44.44193333,260,49.3,43.8,5.65,82.6,77.8,-0.2,1.2,0,0,0,5,100,100,1,1,1,0,0,200,72,7.5,5.65,7.5,200,72.1,74.5,59.9,100,15,50.6,59.6,100,0,74.7,1,60.6,1.8125,62.6,0,0,51.2,13.7,0,0,0,73.7,73.8,61.9,69.3,15,50.3,60.8,55,0,73.9,0.99,60.6,1.8125,65.1,0,0,99.8,73.4,14.9,4.6,0.7,15,15,93,65.1,82.2,100,40.2,0,76.5,1.3,65.18965,64.68965,0,12.9,0,0,1,100,1,72,1907,61.5,0,99.96324,2000,72,68,6694.7363,71.5,61.1,100,9000,265,72.2,60.9,0,50.320858,260,127,71.1,61.7,0,55.09457,125,1868,71.8,61.2,0,99.98917,1850,741,78.7,70,0,0,700,602,72.2,61.7,0,46.15668,600,202,71.6,62,0,37.639965,200,126,72.3,62,0,56.256145,125,336,71.5,62.6,0,33.09448,330,211,73.9,63.6,0,100,650,529,70.6,63.6,0,100,950,505,0,61.9,0,33.026398,500,508,72.3,61.8,0,35.45611,500,177,73.6,63,0,47.77532,175,247,70,63.4,0,42.10075,245,222,71,63.2,0,40.546165,220,356,73.5,63,0,31.659334,350,161,73.7,63.4,0,30.861187,160,340,73.1,63.2,0,30.017153,335,338,73.7,63.1,0,28.364616,335,197,71.7,63.9,0,36.15064,195,453,73.8,63.3,0,29.314392,453.36304,250,70.7,63,0,43.163967,245,175,73.7,63,0,43.80368,175,246,72.9,63.1,0,46.0557,245,428,72,62.8,0,40.288567,420,160,73.1,63.5,0,26.424807,160,334,73.1,63.2,0,38.585957,335,306,73.6,63.6,0,31.677475,300,407,72.6,63,0,27.99311,400,197,71.1,63.6,0,36.822086,195,405,71.8,62.8,0,32.510796,380,339,70.5,63.3,0,29.471743,335,186,73.8,62.6,0,59.76431,186.25006,247,72.9,63.1,0,44.894806,245,350,73,62.7,0,36.0305,350,161,73.7,63.1,0,34.557552,160,338,73.8,62.9,0,39.0232,335,230,73.2,63.9,0,38.86297,230,293,73.7,63,0,35.07289,285,200,70.2,63.5,0,41.68188,195,420,73.8,63,0,41.764397,424.79962,343,72.3,62.7,0,39.89176,335,177,73.5,62.8,0,57.283104,175,252,73.3,62.8,0,45.339554,245,425,73,62.9,0,46.372356,420,266,73.4,62.6,0,38.168686,266.40012,337,72.7,62.8,0,33.247547,335,109,72.3,63.5,0,32.688065,100,341,73.1,63.4,0,39.494453,335,197,71.5,284.7,0,32.994488,195,386,73.7,63,0,36.785713,380,337,71.7,63,0,41.74841,335,378,73.7,62.7,0,45.97535,373.99982,248,73.7,63.1,0,47.344944,245,353,73.7,62.7,0,37.910484,350,162,72.6,63.3,0,42.71905,160,348,69.7,62.7,0,50.905777,335,259,73.8,63.5,0,44.811222,260.482,165,72.8,63.2,0,34.2382,150,198,71,63.9,0,43.381573,195,382,74.1,63.1,0,40.63937,380,577,70.1,62.6,0,66.691124,575,500,73.7,63.4,0,51.538074,509.48615,253,73.2,63.6,0,42.937,250,176,73.5,63.7,0,58.51314,175,196,73.9,63.6,0,29.804579,194.90585,191,71.9,63.3,0,44.980656,185,307,70.9,63,0,40.576683,300,303,73.7,62.8,0,36.307003,300,212,70.3,62.8,0,55.6167,210,885,69.8,62.4,0,92.37206,880,90.1,90.2,89.7,149.9,104.4,118.7,1.2,0,30.04
20170714,710,76.1,99.6,39.40853743,44.44193333,261,49.3,43.9,5.65,82.4,77.6,-0.2,1.2,0,0,0,5,100,100,1,1,1,0,0,200,72,7.5,5.65,7.5,200,72,74.7,59.8,100,15,49.5,59.6,100,0,74.7,1,60.6,1.8125,62.6,0,0,51.1,13.7,0,0,0,73.7,73.8,61.9,69.2,15,49.8,60.8,54.1,0,73.8,1.01,60.6,1.8125,65.1,0,0,99.8,75.1,14.7,4.7,0.4,15,15,92.8,65.1,82.2,100,40.8,0,76.5,1.3,65.18965,64.68965,0,12.9,0,0,1,100,1,72,1909,61.5,0,99.25254,1891.9989,72,68,6694.7363,71.4,61.1,100,9000,265,72.2,60.8,0,50.320858,260,126,71,61.6,0,55.09457,125,1871,71.7,61.1,0,93.757385,1798.9995,741,78.7,70,0,0,700,604,72.1,61.6,0,46.15668,600,202,71.4,61.9,0,37.639965,200,126,72.2,61.9,0,56.256145,125,336,71.4,62.5,0,33.09448,330,210,73.8,63.5,0,100,650,530,70.5,63.5,0,100,950,504,0,61.8,0,33.026398,500,508,72.3,61.8,0,35.45611,500,178,73.6,62.9,0,47.77532,175,247,70,63.3,0,42.10075,245,223,70.9,63.1,0,40.546165,220,357,73.5,62.9,0,31.659334,350,161,73.7,63.3,0,31.312517,160,339,73.1,63.1,0,30.017153,335,339,73.7,63,0,28.364616,335,198,71.6,63.7,0,36.15064,195,453,73.8,63.2,0,29.314392,453.36304,249,70.6,62.9,0,43.163967,245,176,73.7,62.9,0,44.257668,175,247,72.9,63,0,46.0557,245,426,71.9,62.7,0,40.288567,420,162,73.1,63.4,0,26.866037,160,342,73,63.1,0,39.02708,335,307,73.5,63.5,0,31.677475,300,404,72.6,62.9,0,27.99311,400,198,71.1,63.5,0,36.822086,195,411,71.8,62.7,0,32.510796,380,349,70.5,63.2,0,29.766582,335,185,73.8,62.5,0,59.76431,186.25006,250,72.9,63,0,45.322716,245,351,72.9,62.6,0,36.48549,350,161,73.7,63,0,34.557552,160,336,73.7,62.8,0,39.0232,335,232,73.1,63.9,0,39.931236,230,294,73.6,62.8,0,35.07289,285,199,70.2,63.4,0,41.68188,195,427,73.8,62.9,0,41.51083,424.79962,348,72.3,62.5,0,39.89176,335,178,73.5,62.7,0,57.283104,175,253,73.2,62.7,0,45.339554,245,424,72.9,62.8,0,46.372356,420,239,73.4,62.6,0,37.287308,243.60013,341,72.7,62.7,0,33.247547,335,110,72.3,63.5,0,32.688065,100,340,73.1,63.3,0,39.494453,335,198,71.4,284.7,0,32.994488,195,385,73.7,62.9,0,36.785713,380,336,71.7,62.8,0,41.74841,335,353,73.8,62.6,0,44.421005,355.99982,248,73.7,63,0,47.344944,245,353,73.7,62.6,0,37.910484,350,162,72.6,63.1,0,42.71905,160,358,69.7,62.6,0,50.905777,335,260,73.8,63.5,0,44.811222,260.482,165,72.8,63.1,0,34.2382,150,198,70.9,63.9,0,43.381573,195,388,74.1,63,0,40.63937,380,585,70.1,62.4,0,67.06844,575,502,73.8,63.3,0,51.538074,509.48615,253,73.2,63.6,0,42.937,250,177,73.5,63.6,0,58.51314,175,196,73.9,63.5,0,29.804579,194.90585,190,71.9,63.3,0,44.980656,185,304,70.9,62.9,0,40.576683,300,303,73.7,62.6,0,36.307003,300,211,70.2,62.7,0,55.6167,210,885,69.7,62.4,0,92.275505,880,90.1,90.2,89.5,145.9,104.4,119,1.2,0,30.04
20170714,715,76.1,99.6,39.40853743,44.44193333,263,49.3,44.1,5.65,82.2,77.6,-0.2,1.3,0,0,0,5,100,100,1,1,1,0,0,200,72,7.5,5.65,7.5,200,71.9,74.6,59.9,100,15,48.4,59.6,100,0,74.7,1.05,60.6,1.8125,62.6,0,0,51.4,13.8,0,0,0,73.7,73.7,61.7,69.2,15,49.3,60.8,55.3,0,73.8,1.01,60.6,1.8125,65.1,0,0,99.8,74.6,15.1,4.6,0.7,15,15,93.1,65.1,82.2,100,40.8,0,76.5,1.3,65.18965,64.68965,0,12.9,0,0,1,100,1,72,1795,61.4,0,78.862885,1783.9989,72,68,6872.178,71.4,61.1,100,9000,264,72.1,60.8,0,49.79679,260,126,71,61.6,0,54.325806,125,1767,71.7,61.1,0,66.90663,1747.9995,728,78.7,70,0,0,700,611,72,61.6,0,46.15668,600,204,71.3,61.8,0,37.639965,200,126,72.2,61.9,0,56.120945,125,338,71.4,62.5,0,32.135376,330,213,73.8,63.4,0,100,650,538,70.4,63.4,0,100,950,508,0,61.8,0,33.026398,500,507,72.2,61.7,0,35.45611,500,178,73.6,62.8,0,47.77532,175,248,70,63.2,0,42.10075,245,222,70.9,63,0,40.546165,220,358,73.4,62.8,0,31.659334,350,161,73.7,63.2,0,31.312517,160,338,73,63,0,30.017153,335,342,73.7,62.9,0,28.35235,335,198,71.6,63.7,0,36.15064,195,456,73.8,63.1,0,29.314392,453.36304,247,70.6,62.8,0,43.163967,245,176,73.8,62.8,0,44.257668,175,250,72.8,62.9,0,46.50963,245,425,71.8,62.6,0,40.288567,420,162,73,63.4,0,26.866037,160,340,73,63,0,39.02708,335,306,73.5,63.4,0,31.677475,300,406,72.6,62.8,0,27.99311,400,199,71.1,63.4,0,36.822086,195,408,71.7,62.6,0,32.967304,380,356,70.4,63.1,0,30.39312,335,185,73.8,62.4,0,59.76431,186.25006,248,72.9,62.9,0,45.322716,245,354,72.9,62.5,0,37.100346,350,161,73.7,62.9,0,34.557552,160,336,73.7,62.7,0,39.82906,335,232,73.1,63.7,0,39.931236,230,293,73.6,62.8,0,35.07289,285,200,70.1,63.3,0,41.68188,195,431,73.8,62.8,0,41.51083,424.79962,350,72.3,62.4,0,39.89176,335,178,73.5,62.6,0,57.283104,175,253,73.1,62.6,0,45.339554,245,426,72.8,62.7,0,46.372356,420,200,73.4,62.5,0,33.308853,198.00012,341,72.6,62.6,0,33.247547,335,111,72.3,63.3,0,32.688065,100,341,73,63.2,0,39.494453,335,198,71.4,284.8,0,32.994488,195,394,73.7,62.8,0,36.785713,380,337,71.7,62.8,0,41.74841,335,355,73.8,62.5,0,44.8318,355.99982,249,73.8,62.9,0,47.344944,245,354,73.7,62.5,0,37.910484,350,162,72.6,63,0,42.71905,160,353,69.7,62.5,0,50.905777,335,259,73.8,63.4,0,44.811222,260.482,166,72.8,63,0,34.2382,150,198,70.9,63.8,0,43.381573,195,388,74.1,62.9,0,40.63937,380,586,70,62.4,0,67.06844,575,502,73.8,63.2,0,51.538074,509.48615,253,73.1,63.5,0,42.937,250,177,73.5,63.5,0,58.51314,175,197,73.9,63.4,0,29.804579,194.90585,191,71.8,63.2,0,44.980656,185,306,70.8,62.8,0,40.576683,300,302,73.7,62.5,0,36.307003,300,212,70.1,62.6,0,55.6167,210,886,69.6,62.3,0,91.87855,880,90.1,90.2,89.5,146.9,104.4,119,1.2,-0.1,30.04
20170714,720,76.2,99.6,39.50598944,44.44193333,258,49.3,44,5.65,82.2,77.5,-0.1,1.3,0,0,0,5,100,100,1,1,1,0,0,200,72,7.5,5.65,7.5,200,71.9,74.5,59.9,100,15,47.4,59.6,100,0,74.6,1.05,60.6,1.8125,62.4,0,0,51.7,13.7,0,0,0,73.7,73.8,62,69,15,48.8,60.8,55,0,73.8,1,60.6,1.8125,65,0,0,99.7,74.2,14.9,4.2,1.1,15,15,92.8,65.1,82.2,100,39.7,0,76.5,1.3,65.18965,64.68965,0,12.9,0,0,1,100,1,72,1578,61.5,0,65.10232,1567.9989,72,68,6872.178,71.3,61.1,100,9000,266,72.2,60.9,0,49.3369,260,127,71,61.6,0,53.874313,125,1658,71.7,61.1,0,59.310196,1645.9995,712,78.8,70,0,0,700,606,71.9,61.6,0,45.542732,600,209,71.3,61.9,0,36.741726,200,127,72,62,0,55.063915,125,339,71.3,62.5,0,31.110132,330,218,73.7,63.5,0,100,650,553,70.4,63.5,0,100,950,507,0,61.8,0,33.026398,500,509,72.1,61.7,0,35.00123,500,177,73.6,62.9,0,47.77532,175,247,69.9,63.3,0,42.541977,245,222,70.9,63.1,0,40.546165,220,357,73.4,62.9,0,31.659334,350,161,73.6,63.3,0,31.312517,160,337,73,63.1,0,30.017153,335,339,73.6,63,0,28.35235,335,197,71.5,63.7,0,36.15064,195,454,73.7,63.2,0,29.314392,453.36304,253,70.6,62.9,0,43.323513,245,178,73.7,62.9,0,44.8589,175,248,72.8,63,0,46.50963,245,424,71.8,62.7,0,40.288567,420,161,73.1,63.4,0,26.866037,160,339,73,63.1,0,39.02708,335,306,73.5,63.5,0,31.677475,300,406,72.6,62.8,0,27.99311,400,198,71,63.4,0,36.822086,195,388,71.7,62.7,0,32.967304,380,346,70.4,63.2,0,30.39312,335,186,73.8,62.6,0,59.76431,186.25006,250,72.8,63,0,45.322716,245,355,72.9,62.6,0,37.100346,350,161,73.7,63,0,34.557552,160,340,73.7,62.8,0,40.43956,335,233,72.4,63.7,0,39.931236,230,295,73.6,62.8,0,35.07289,285,199,70.1,63.4,0,41.68188,195,423,73.8,62.9,0,41.901745,424.79962,345,72.3,62.5,0,40.324715,335,178,73.4,62.7,0,57.283104,175,252,73.2,62.8,0,45.339554,245,425,72.8,62.8,0,46.372356,420,160,73.3,62.7,0,30.383154,160,339,72.6,62.7,0,33.247547,335,111,72.1,63.3,0,32.688065,100,341,73,63.2,0,39.494453,335,197,71.4,285.1,0,32.994488,195,384,73.6,62.8,0,36.785713,380,337,71.6,62.9,0,41.74841,335,352,73.8,62.6,0,44.8318,355.99982,247,73.8,63,0,47.344944,245,353,73.6,62.6,0,37.910484,350,162,72.6,63.1,0,42.71905,160,350,69.6,62.6,0,50.905777,335,259,73.8,63.3,0,44.811222,260.482,166,72.8,63,0,34.2382,150,198,70.9,63.8,0,43.381573,195,388,74,63,0,40.63937,380,587,70,62.6,0,67.06844,575,500,73.8,63.3,0,51.538074,509.48615,253,73.1,63.5,0,42.937,250,176,73.5,63.5,0,58.51314,175,197,73.9,63.4,0,29.804579,194.90585,190,71.8,63.2,0,44.980656,185,304,70.8,62.9,0,40.576683,300,303,73.7,62.6,0,36.307003,300,211,70,62.7,0,55.6167,210,884,69.5,62.5,0,92.25405,880,90,90.2,89.5,144.9,104.5,118.8,1.2,0,30.04
20170714,725,76.3,99.6,39.60367325,44.44193333,259,49.1,43.9,5.65,82,77.5,-0.1,1.2,0,0,0,5,100,100,1,1,1,0,0,200,72,7.5,5.65,7.5,200,71.9,74.6,59.8,100,15,46.3,59.6,100,0,74.7,1.1,60.6,1.8125,62.4,0,0,51.5,13.6,0,0,0,73.6,73.8,62.7,69.2,15,48.8,60.8,60,0,73.7,1.02,60.6,1.8125,64.9,0,0,99.8,76.1,17.3,4.2,1.2,15,15,93.7,65.1,82.2,100,39,0,76.5,1.3,65.18965,64.68965,0,12.8,0,0,1,100,1,72,1376,61.4,0,56.32888,1351.9989,72,68,7045.323,71.2,61.1,100,9000,264,72.2,60.8,0,48.727272,260,126,70.9,61.5,0,53.264183,125,1554,71.6,61.1,0,55.098312,1543.9998,700,78.8,69.9,0,0,700,605,71.8,61.5,0,45.088406,600,203,71.2,61.8,0,36.741726,200,126,72,61.9,0,54.44936,125,336,71.4,62.5,0,30.625069,330,220,73.7,63.4,0,100,650,562,70.4,63.4,0,100,950,510,0,61.8,0,32.584408,500,510,72.1,61.6,0,34.37423,500,177,73.6,63.3,0,47.77532,175,247,69.9,63.7,0,42.541977,245,222,71,63.4,0,40.546165,220,356,73.4,63.3,0,31.659334,350,161,73.6,63.5,0,31.312517,160,338,73,63.4,0,30.017153,335,341,73.6,63.3,0,28.35235,335,197,71.5,63.9,0,36.15064,195,412,73.8,63.5,0,27.041384,414.96304,255,70.5,63.3,0,43.323513,245,178,73.7,63.4,0,44.8589,175,249,72.7,63.4,0,46.50963,245,425,71.8,63.1,0,40.288567,420,161,73.2,63.7,0,26.866037,160,342,72.9,63.4,0,39.02708,335,306,73.5,63.7,0,31.677475,300,403,72.6,63.1,0,27.99311,400,198,71,63.7,0,36.822086,195,389,71.7,63,0,32.967304,380,355,70.4,63.5,0,30.39312,335,185,73.8,63,0,59.76431,186.25006,249,72.8,63.4,0,45.322716,245,352,72.8,63,0,37.100346,350,161,73.7,63.4,0,34.557552,160,342,73.7,63.2,0,40.43956,335,232,73.1,64,0,39.931236,230,293,73.5,63.1,0,35.07289,285,199,70,63.6,0,41.68188,195,430,73.8,63.2,0,41.901745,424.79962,349,72.3,63,0,40.324715,335,178,73.4,63.1,0,57.283104,175,254,73.2,63.2,0,45.339554,245,422,72.7,63.2,0,46.372356,420,162,73.4,63,0,30.383154,160,339,72.6,63,0,33.247547,335,112,72.1,63.6,0,32.688065,100,342,73,63.5,0,39.494453,335,198,71.3,284.7,0,32.994488,195,388,73.6,63.2,0,36.785713,380,336,71.6,63.2,0,41.74841,335,353,73.8,63.1,0,44.8318,355.99982,248,73.8,63.4,0,47.344944,245,352,73.6,63.1,0,37.910484,350,162,72.6,63.4,0,42.71905,160,354,69.6,63,0,50.905777,335,260,73.8,63.6,0,44.811222,260.482,168,72.8,63.3,0,34.2382,150,198,70.9,64.1,0,43.381573,195,387,74,63.3,0,40.63937,380,582,70,62.9,0,67.06844,575,501,73.8,63.5,0,51.538074,509.48615,252,73,63.8,0,42.937,250,177,73.5,63.7,0,58.51314,175,197,73.9,63.7,0,29.804579,194.90585,190,71.7,63.6,0,44.980656,185,306,70.7,63.3,0,40.576683,300,303,73.7,63,0,36.307003,300,211,70,63.1,0,55.6167,210,886,69.5,62.9,0,92.37206,880,90,90.1,89.4,144.9,104.5,118.6,1.2,-0.7,30.04
20170714,730,76.3,99.6,39.60367325,44.44193333,258,49,43.9,5.65,81.8,77.3,-0.1,1.15,0,0,0,5,100,100,1,1,1,0,0,200,72,7.5,5.65,7.5,200,71.9,74.5,60,100,15,45.5,59.6,100,0,74.6,1.15,60.6,1.8125,62.2,0,0,51.2,13.6,0,0,0,73.7,73.8,62.6,68.5,15,48.6,60.8,57.1,0,73.7,1.01,60.6,1.8125,65.1,0,0,99.7,71.8,15.5,4.3,1.3,15,15,93.1,65.1,82.2,100,39.9,0,76.5,1.3,65.18965,64.68965,0,12.9,0,0,1,100,1,72,1130,61.6,0,49.73655,1136.0005,72,68,7045.323,71.1,61.1,100,9000,265,72.1,60.8,0,48.20321,260,126,70.9,61.6,0,52.654057,125,1440,71.3,61.2,0,50.52111,1442.0002,685,78.8,69.4,0,16.709393,700,599,71.8,61.6,0,44.84283,600,203,71.1,61.9,0,37.652267,200,127,71.9,61.9,0,53.99459,125,331,71.4,62.5,0,30.007717,330,224,73.7,63.4,0,100,650,571,70.4,63.4,0,100,950,505,0,61.8,0,32.41252,500,509,72,61.8,0,34.37423,500,178,73.5,63.4,0,47.77532,175,249,69.9,63.8,0,42.541977,245,223,70.9,63.5,0,40.546165,220,359,73.4,63.4,0,31.659334,350,161,73.6,63.6,0,31.312517,160,340,73,63.5,0,30.017153,335,344,73.7,63.4,0,28.35235,335,198,71.5,64,0,36.15064,195,419,73.9,63.7,0,27.041384,414.96304,251,70.5,63.3,0,43.323513,245,178,73.7,63.4,0,44.41718,175,250,72.7,63.5,0,46.50963,245,425,71.8,63.2,0,40.288567,420,162,73.2,63.8,0,26.866037,160,342,72.9,63.5,0,39.02708,335,307,73.4,63.8,0,31.677475,300,406,72.5,63.2,0,27.99311,400,198,71,63.8,0,36.822086,195,399,71.7,63.2,0,32.967304,380,350,70.4,63.6,0,30.39312,335,186,73.8,63,0,59.76431,186.25006,251,72.8,63.5,0,45.322716,245,355,72.8,63.1,0,37.100346,350,161,73.7,63.5,0,34.557552,160,341,73.7,63.3,0,40.43956,335,233,73.1,64.1,0,39.931236,230,294,73.5,63.2,0,35.07289,285,199,70,63.8,0,41.68188,195,428,73.8,63.4,0,41.901745,424.79962,349,72.2,63,0,39.89176,335,179,73.4,63.2,0,57.283104,175,255,73.1,63.2,0,45.339554,245,427,72.7,63.3,0,46.372356,420,161,73.4,63.2,0,30.383154,160,342,72.5,63.1,0,33.247547,335,108,72,63.7,0,32.161236,100,345,72.9,63.6,0,39.494453,335,199,71.3,284.8,0,32.994488,195,387,73.6,63.3,0,36.490147,380,338,71.6,63.3,0,41.74841,335,355,73.8,63.2,0,44.8318,355.99982,247,73.9,63.5,0,47.344944,245,353,73.6,63.1,0,37.910484,350,162,72.6,63.5,0,42.71905,160,356,69.6,63.1,0,50.905777,335,260,73.8,63.7,0,44.811222,260.482,170,72.8,63.4,0,34.2382,150,199,70.8,64.2,0,43.381573,195,389,74,63.4,0,40.63937,380,589,69.9,63,0,67.06844,575,505,73.8,63.7,0,51.538074,509.48615,254,73,63.9,0,42.937,250,178,73.5,63.9,0,58.51314,175,198,73.8,63.8,0,29.804579,194.90585,191,71.7,63.7,0,44.980656,185,306,70.7,63.4,0,40.576683,300,304,73.7,63.1,0,36.307003,300,212,70,63.2,0,55.6167,210,888,69.4,62.9,0,91.80345,880,90,90.1,89.4,144.9,104.5,118.9,1.2,0,30.04
20170714,735,76.4,99.6,39.70158952,44.44193333,257,49.1,44,5.65,81.6,77.3,-0.1,1.3,0,0,0,5,100,100,1,1,1,0,0,200,72,7.5,5.65,7.5,200,71.8,74.5,60.3,100,15,44.9,59.6,100,0,74.6,1.2,60.6,1.8125,62.3,0,0,51.4,13.9,0,0,0,73.7,73.8,62.5,68.9,15,48.4,60.8,57,0,73.7,1,60.6,1.8125,65.1,0,0,99.8,74.7,15.7,4.2,1.2,15,15,93,65.1,82.2,100,39.3,0,76.5,1.3,65.18965,64.68965,0,12.8,0,0,1,100,1,72,813,61.9,0,39.431442,811.9989,72,68,7214.474,71,61.4,100,9000,265,72.1,61,0,47.66845,260,127,70.8,61.8,0,52.94692,125,1273,71.1,61.4,0,45.19179,1288.9998,689,78.6,63.6,0,24.609648,700,612,71.7,61.7,0,44.84283,600,205,71,62,0,37.652267,200,127,71.9,62.1,0,53.552116,125,335,71.3,62.7,0,30.007717,330,228,73.7,63.4,0,100,650,584,70.4,63.5,0,100,950,508,0,62,0,32.41252,500,508,72,61.9,0,34.37423,500,177,73.5,63.4,0,47.77532,175,247,70,63.8,0,42.541977,245,222,71,63.5,0,40.546165,220,356,73.4,63.4,0,31.659334,350,161,73.6,63.7,0,31.312517,160,338,73,63.5,0,30.017153,335,341,73.7,63.4,0,28.35235,335,197,71.5,64.1,0,36.15064,195,421,73.9,63.7,0,27.041384,414.96304,250,70.6,63.3,0,43.323513,245,177,73.7,63.4,0,44.41718,175,247,72.7,63.5,0,46.50963,245,424,71.8,63.2,0,40.288567,420,161,73.2,63.8,0,26.866037,160,340,72.9,63.5,0,39.02708,335,306,73.4,63.8,0,31.677475,300,404,72.5,63.2,0,27.99311,400,198,71,63.8,0,36.822086,195,390,71.7,63.2,0,32.967304,380,343,70.4,63.6,0,30.39312,335,184,73.8,63,0,59.76431,186.25006,246,72.8,63.5,0,45.322716,245,353,72.8,63.1,0,37.100346,350,160,73.7,63.5,0,34.557552,160,340,73.7,63.3,0,40.43956,335,231,73.1,64.2,0,39.931236,230,292,73.5,63.3,0,35.07289,285,198,70,63.8,0,41.68188,195,427,73.8,63.4,0,41.901745,424.79962,347,72.2,63,0,39.89176,335,178,73.5,63.2,0,57.283104,175,253,73.1,63.2,0,45.339554,245,424,72.7,63.3,0,46.372356,420,160,73.5,63.2,0,30.383154,160,338,72.5,63.1,0,33.247547,335,109,72,63.8,0,32.161236,100,341,72.9,63.7,0,39.494453,335,197,71.3,284.6,0,32.994488,195,381,73.6,63.4,0,36.490147,380,337,71.6,63.3,0,41.74841,335,352,73.9,63.2,0,44.8318,355.99982,247,73.9,63.5,0,47.344944,245,352,73.6,63.1,0,37.910484,350,162,72.5,63.6,0,42.71905,160,350,69.5,63.1,0,50.905777,335,260,73.8,63.7,0,44.811222,260.482,164,72.7,63.5,0,34.2382,150,198,70.8,64.2,0,43.381573,195,384,74,63.5,0,40.63937,380,580,69.9,63,0,67.06844,575,502,73.8,63.7,0,51.538074,509.48615,252,73,63.9,0,42.937,250,176,73.5,64,0,58.51314,175,196,73.8,63.8,0,29.804579,194.90585,190,71.7,63.7,0,44.980656,185,302,70.7,63.4,0,40.576683,300,302,73.7,63.1,0,36.307003,300,211,70,63.2,0,55.6167,210,882,69.4,62.9,0,92.31842,880,90,90.1,89.5,145.9,104.5,118.6,1.2,0.1,30.04
20170714,740,76.5,99.6,39.79973894,44.44193333,259,49,44,5.6,81.6,77.2,-0.1,1.2,0,0,0,5,100,100,1,1,1,0,0,200,72,7.5,5.6,7.5,200,71.8,74.6,60.3,100,15,44.4,59.6,100,0,74.6,1.2,60.6,1.8125,62.4,0,0,51.6,13.7,0,0,0,73.6,73.7,62.4,69.1,15,48.3,60.8,56.3,0,73.8,0.99,60.6,1.8125,65.1,0,0,99.8,76.3,15.3,4.6,1,15,15,93.2,65.1,82.2,100,39.3,0,76.5,1.3,65.18965,64.68965,0,12.9,0,0,1,100,1,72,710,62.1,0,37.642445,703.9989,72,68,7045.323,70.9,61.4,100,9000,264,72.1,61.1,0,47.66845,260,128,70.8,61.8,0,51.970715,125,1231,71.2,61.4,0,44.042118,1237.9995,694,78.3,62.7,0,26.450712,700,614,71.7,61.8,0,44.84283,600,206,70.9,62.1,0,37.652267,200,127,71.8,62.2,0,53.552116,125,335,71.3,62.7,0,30.007717,330,229,73.7,63.5,0,100,650,585,70.4,63.6,0,100,950,510,0,62,0,31.970533,500,508,71.9,62,0,34.37423,500,177,73.5,63.4,0,47.77532,175,246,70,63.8,0,42.541977,245,223,71,63.5,0,40.546165,220,357,73.4,63.4,0,31.659334,350,160,73.6,63.6,0,31.312517,160,339,72.9,63.5,0,30.017153,335,341,73.7,63.4,0,28.35235,335,197,71.4,64.1,0,36.15064,195,422,73.9,63.7,0,27.041384,414.96304,250,70.5,63.4,0,43.323513,245,177,73.7,63.4,0,44.41718,175,249,72.7,63.5,0,46.50963,245,426,71.7,63.2,0,40.288567,420,162,73.2,63.9,0,26.866037,160,340,72.9,63.5,0,39.02708,335,306,73.4,63.8,0,31.677475,300,404,72.5,63.3,0,27.99311,400,198,70.9,63.8,0,36.822086,195,412,71.7,63.2,0,32.967304,380,356,70.4,63.6,0,30.39312,335,187,73.8,63,0,59.76431,186.25006,250,72.8,63.5,0,45.322716,245,357,72.8,63.1,0,37.100346,350,161,73.7,63.5,0,34.557552,160,343,73.7,63.3,0,40.43956,335,234,73.1,64.2,0,39.931236,230,295,73.5,63.3,0,35.07289,285,201,70,63.8,0,41.68188,195,418,73.8,63.4,0,41.901745,424.79962,335,72.2,63,0,39.89176,335,178,73.5,63.2,0,57.283104,175,253,73.1,63.2,0,45.339554,245,424,72.7,63.3,0,46.372356,420,161,73.5,63.2,0,30.909534,160,340,72.5,63.2,0,33.247547,335,107,72,63.8,0,32.161236,100,340,72.9,63.7,0,39.494453,335,198,71.3,284.6,0,32.994488,195,385,73.6,63.3,0,36.490147,380,337,71.6,63.3,0,41.74841,335,351,73.9,63.1,0,44.8318,355.99982,247,73.9,63.5,0,47.344944,245,352,73.6,63.1,0,38.360497,350,162,72.5,63.5,0,42.71905,160,356,69.6,63.1,0,50.905777,335,260,73.8,63.8,0,44.811222,260.482,168,72.7,63.5,0,34.2382,150,197,70.8,64.2,0,43.381573,195,385,74,63.4,0,40.63937,380,582,69.9,63,0,67.06844,575,500,73.8,63.7,0,51.538074,509.48615,253,73,63.9,0,42.937,250,177,73.5,63.9,0,58.51314,175,197,73.8,63.9,0,29.804579,194.90585,190,71.7,63.7,0,44.980656,185,303,70.7,63.4,0,40.576683,300,302,73.7,63.1,0,36.307003,300,211,70,63.2,0,55.6167,210,886,69.3,62.9,0,91.910736,880,89.9,90,89.4,146.9,104.5,118.6,2.8,-0.2,30.04
20170714,745,76.6,99.6,39.90551278,44.44193333,256,49,44,5.6,81.5,77.1,-0.1,1.25,0,0,0,5,100,100,1,1,1,0,0,200,72,7.5,5.6,7.5,200,71.8,74.8,60.3,100,15,43.9,59.6,100,0,74.8,1.25,60.6,1.8125,62.5,0,0,51.3,13.8,0,0,0,73.6,73.8,62.5,69.1,15,48.1,60.8,57.2,0,73.8,1.01,60.6,1.8125,65.1,0,0,99.7,74,15.9,4.3,1.2,15,15,93.1,65.1,82.2,100,39.3,0,76.5,1.3,65.18965,64.68965,0,12.9,0,0,1,100,1,72,486,62.3,0,33.10869,487.9989,72,68,7214.474,70.8,61.5,100,9000,262,72,61.2,0,47.144386,260,127,70.8,61.9,0,51.446003,125,1178,71.4,61.5,0,43.612335,1187.0005,708,78,62.5,0,29.573526,700,613,71.6,61.9,0,44.388504,600,209,70.9,62.2,0,37.197,200,127,71.8,62.2,0,53.01131,125,330,71.2,62.8,0,30.404585,330,233,73.6,63.6,0,100,650,593,70.4,63.6,0,100,950,501,0,62.1,0,31.810928,500,509,71.9,62,0,34.37423,500,178,73.5,63.4,0,47.77532,175,248,70,63.8,0,42.541977,245,224,71,63.5,0,40.546165,220,358,73.4,63.4,0,31.659334,350,161,73.6,63.7,0,31.312517,160,341,72.9,63.5,0,30.017153,335,341,73.8,63.4,0,28.35235,335,198,71.5,64.1,0,36.15064,195,420,73.9,63.7,0,27.041384,414.96304,250,70.5,63.4,0,43.323513,245,178,73.7,63.4,0,44.41718,175,250,72.6,63.5,0,46.50963,245,428,71.7,63.2,0,40.288567,420,161,73.2,63.9,0,26.866037,160,340,72.9,63.5,0,39.02708,335,306,73.4,63.8,0,31.677475,300,406,72.5,63.3,0,27.99311,400,198,70.9,63.9,0,36.822086,195,422,71.7,63.2,0,32.967304,380,354,70.4,63.6,0,30.39312,335,178,73.7,63,0,59.90861,175,251,72.8,63.5,0,45.322716,245,355,72.8,63.1,0,37.100346,350,161,73.7,63.5,0,34.557552,160,340,73.7,63.3,0,39.98779,335,232,73.1,64.2,0,39.931236,230,296,73.5,63.2,0,35.07289,285,200,70,63.8,0,41.68188,195,431,73.8,63.4,0,41.901745,424.79962,350,72.2,63,0,39.89176,335,178,73.5,63.2,0,57.283104,175,256,73.1,63.2,0,45.339554,245,424,72.6,63.3,0,46.372356,420,162,73.5,63.2,0,30.909534,160,340,72.5,63.2,0,33.247547,335,109,72,63.8,0,32.161236,100,346,72.9,63.7,0,39.494453,335,199,71.3,284.8,0,32.994488,195,388,73.6,63.4,0,36.490147,380,339,71.5,63.3,0,41.74841,335,353,73.9,63.1,0,44.8318,355.99982,249,73.9,63.5,0,47.727272,245,354,73.6,63.1,0,38.360497,350,162,72.5,63.6,0,42.71905,160,353,69.6,63.1,0,50.905777,335,260,73.8,63.8,0,44.811222,260.482,169,72.7,63.5,0,34.2382,150,199,70.8,64.2,0,43.381573,195,384,74,63.4,0,40.63937,380,588,69.9,63,0,67.06844,575,502,73.8,63.7,0,51.538074,509.48615,254,73,64,0,42.937,250,177,73.5,64,0,58.51314,175,198,73.8,63.9,0,29.804579,194.90585,191,71.7,63.7,0,44.980656,185,306,70.6,63.4,0,40.576683,300,304,73.7,63.1,0,36.307003,300,212,70,63.2,0,55.6167,210,887,69.3,62.9,0,91.88928,880,89.9,90,89.4,144.9,104.5,118.8,1.2,0,30.03
20170714,750,76.8,99.6,40.10303644,44.44193333,258,48.9,43.9,5.6,81.5,77.1,-0.1,1.25,0,0,0,5,100,100,1,1,1,0,0,200,72,7.5,5.6,7.5,200,71.8,74.9,60.7,100,15,43.2,60,100,0,74.8,1.25,61,1.8125,62.6,0,0,51,13.7,0,0,0,73.6,73.7,62.4,68.6,15,47.8,61,54.9,0,73.8,0.98,61,1.8125,65.1,0,0,99.8,73,14.9,4.8,1,15,15,92.9,65.1,82.2,100,39.9,0,76.5,1.3,65.31035,64.81035,0,12.9,0,0,1,100,1,72,381,62.6,0,31.478987,379.9989,72,68,7214.474,70.8,61.7,100,9000,264,72.1,61.4,0,47.144386,260,127,70.8,62,0,51.446003,125,1120,71.6,61.7,0,41.882454,1136,705,77.7,62.5,0,30.307621,700,616,71.6,62,0,44.388504,600,210,70.8,62.3,0,37.197,200,127,71.7,62.4,0,53.01131,125,334,71.2,62.9,0,30.889648,330,233,73.6,63.6,0,100,650,595,70.4,63.7,0,100,950,503,0,62.3,0,31.810928,500,509,71.8,62.2,0,33.919353,500,177,73.5,63.4,0,47.77532,175,246,70,63.8,0,42.541977,245,222,71,63.5,0,40.546165,220,355,73.4,63.4,0,31.659334,350,161,73.6,63.7,0,31.312517,160,339,72.9,63.5,0,30.017153,335,340,73.8,63.4,0,28.35235,335,197,71.4,64.1,0,36.15064,195,454,73.9,63.7,0,30.42619,453.36343,249,70.5,63.3,0,43.323513,245,177,73.7,63.4,0,44.41718,175,248,72.6,63.5,0,46.50963,245,424,71.7,63.2,0,40.288567,420,161,73.2,63.9,0,26.866037,160,340,72.9,63.5,0,39.02708,335,306,73.4,63.9,0,31.677475,300,404,72.5,63.3,0,27.99311,400,198,70.9,63.9,0,36.822086,195,398,71.6,63.2,0,32.967304,380,347,70.4,63.6,0,30.39312,335,176,73.8,63,0,60.052906,175,246,72.8,63.5,0,45.322716,245,353,72.8,63.1,0,37.100346,350,161,73.7,63.4,0,34.557552,160,340,73.7,63.3,0,39.98779,335,232,73.1,64.2,0,39.931236,230,294,73.5,63.3,0,35.07289,285,198,70,63.8,0,41.68188,195,428,73.8,63.4,0,41.901745,424.79962,351,72.1,63,0,40.324715,335,178,73.5,63.2,0,57.283104,175,253,73.1,63.2,0,45.339554,245,422,72.6,63.3,0,46.372356,420,161,73.5,63.2,0,30.909534,160,338,72.4,63.2,0,33.247547,335,110,72,63.8,0,32.161236,100,340,72.8,63.7,0,39.494453,335,198,71.2,284.7,0,32.994488,195,388,73.6,63.4,0,36.490147,380,338,71.5,63.3,0,41.74841,335,350,73.9,63.1,0,44.8318,355.99982,248,74,63.5,0,47.727272,245,353,73.6,63.1,0,38.360497,350,162,72.5,63.5,0,42.71905,160,355,69.6,63.1,0,50.905777,335,260,73.8,63.8,0,44.811222,260.482,164,72.7,63.5,0,34.2382,150,197,70.8,64.2,0,43.381573,195,383,74,63.4,0,40.63937,380,582,69.8,62.9,0,67.06844,575,502,73.9,63.7,0,51.538074,509.48615,252,72.9,64,0,42.937,250,177,73.5,64,0,58.51314,175,196,73.9,63.9,0,29.804579,194.90585,190,71.7,63.7,0,44.980656,185,302,70.6,63.4,0,40.576683,300,302,73.6,63.1,0,36.307003,300,211,69.9,63.2,0,55.6167,210,883,69.3,62.9,0,92.26478,880,89.9,90,89.3,145.9,104.5,118.5,1.6,0,30.03
20170714,755,76.9,99.6,40.20215189,44.44193333,259,48.7,43.8,5.6,81.4,77.1,-0.2,1.2,0,0,0,5,100,100,1,1,1,0,0,200,72,7.5,5.6,7.5,200,71.7,74.6,60.6,100,15,42.8,60,100,0,74.6,1.25,61,1.8125,62.9,0,0,51.6,13.5,0,0,0,73.7,73.8,62.7,68.9,15,47.6,61,55,0,73.8,1,61,1.8125,65.1,0,0,99.7,74.3,14.9,4.6,1.2,15,15,92.8,65.1,82.2,100,39.4,0,76.5,1.3,65.31035,64.81035,0,12.9,0,0,1,100,1,72,282,62.7,0,25.891436,271.9989,72,68,7379.897,70.8,61.7,100,9000,264,72,61.4,0,47.144386,260,128,70.8,62.2,0,51.446003,125,1073,71.8,61.7,0,39.98066,1084.9998,703,77.5,62.5,0,30.738756,700,620,71.6,62.2,0,43.946465,600,211,70.8,62.4,0,37.197,200,128,71.7,62.4,0,53.01131,125,334,71.2,63,0,30.889648,330,237,73.6,63.7,0,100,650,598,70.4,63.8,0,100,950,504,0,62.4,0,31.810928,500,509,71.8,62.3,0,33.907055,500,176,73.5,63.5,0,47.77532,175,247,70,63.9,0,42.541977,245,221,71,63.6,0,40.827824,220,355,73.3,63.5,0,31.659334,350,161,73.6,63.7,0,31.312517,160,337,72.9,63.6,0,30.017153,335,338,73.8,63.5,0,28.35235,335,196,71.4,64.2,0,36.15064,195,451,73.9,63.8,0,30.42619,453.36343,248,70.4,63.5,0,43.323513,245,177,73.7,63.5,0,44.41718,175,247,72.6,63.6,0,46.50963,245,424,71.7,63.3,0,40.288567,420,161,73.1,63.9,0,26.866037,160,339,72.9,63.7,0,39.02708,335,306,73.4,63.9,0,31.677475,300,404,72.5,63.4,0,27.99311,400,196,70.9,63.9,0,36.822086,195,401,71.6,63.3,0,32.967304,380,347,70.4,63.7,0,30.39312,335,178,73.7,63.2,0,60.22126,175,248,72.8,63.6,0,45.322716,245,353,72.8,63.2,0,37.100346,350,162,73.7,63.6,0,35.013557,160,338,73.7,63.4,0,39.98779,335,231,73.1,64.3,0,39.931236,230,293,73.5,63.3,0,35.07289,285,198,70,63.9,0,41.68188,195,427,73.8,63.5,0,41.901745,424.79962,347,72.1,63.1,0,39.89176,335,177,73.5,63.3,0,57.283104,175,251,73.1,63.4,0,45.339554,245,422,72.6,63.4,0,46.372356,420,161,73.5,63.3,0,30.909534,160,338,72.5,63.3,0,33.247547,335,108,72,63.9,0,32.161236,100,338,72.8,63.8,0,39.494453,335,197,71.2,284.7,0,32.994488,195,386,73.6,63.5,0,36.490147,380,337,71.5,63.4,0,41.74841,335,350,73.9,63.2,0,44.8318,355.99982,247,74,63.6,0,47.727272,245,350,73.6,63.2,0,38.360497,350,162,72.5,63.6,0,42.71905,160,345,69.6,63.2,0,50.905777,335,259,73.8,63.9,0,44.811222,260.482,164,72.7,63.5,0,34.2382,150,198,70.8,64.3,0,43.381573,195,387,74,63.5,0,40.63937,380,581,69.8,63.1,0,67.06844,575,501,73.9,63.8,0,51.538074,509.48615,252,72.9,64,0,42.937,250,176,73.5,64,0,58.51314,175,197,73.9,63.9,0,29.804579,194.90585,190,71.7,63.8,0,44.980656,185,307,70.6,63.5,0,40.576683,300,302,73.5,63.2,0,36.307003,300,211,69.9,63.3,0,55.6167,210,881,69.2,63.1,0,92.25405,880,89.9,90,89.5,148.9,104.5,118.4,1.3,0,30.03
20170714,800,77.1,99.6,40.40109351,44.44193333,258,48.7,44,5.65,81.1,77,-0.1,1.15,0,0,0,5,100,100,1,1,1,0,0,200,72,7.5,5.65,7.5,200,71.7,74.9,61,100,15,42.5,60,100,0,74.8,1.3,61,1.8125,62.9,0,0,51.6,13.5,0,0,0,73.7,73.8,62.9,68.9,15,47.5,61,55.8,0,73.8,1.01,61,1.8125,65.1,0,0,99.8,73.4,15.2,4.4,1.3,15,15,92.8,65.1,82.2,100,39.9,0,76.5,1.3,65.31035,64.81035,0,12.9,0,0,1,100,1,72,205,63.4,0,25.854673,200,72,68,7379.897,70.7,61.9,100,9000,266,72,61.6,0,47.144386,260,126,70.8,62.3,0,50.82367,125,1077,72,61.9,0,40.43193,1084.9998,701,77.4,62.6,0,31.193193,700,609,71.7,62.3,0,43.946465,600,210,70.7,62.6,0,36.581764,200,125,71.7,62.6,0,53.380035,125,334,71.2,63.1,0,30.889648,330,236,73.5,63.8,0,100,650,601,70.4,63.9,0,100,950,504,0,62.5,0,31.810928,500,509,71.8,62.4,0,34.349644,500,177,73.5,63.6,0,47.77532,175,248,70,64,0,42.541977,245,222,71,63.7,0,40.827824,220,358,73.4,63.6,0,31.659334,350,161,73.6,63.9,0,31.312517,160,339,72.9,63.7,0,30.017153,335,341,73.8,63.6,0,28.35235,335,197,71.4,64.3,0,36.15064,195,451,73.9,63.9,0,30.42619,453.36343,254,70.4,63.6,0,43.323513,245,178,73.7,63.6,0,44.41718,175,249,72.6,63.7,0,46.50963,245,426,71.7,63.4,0,40.288567,420,162,73.1,64,0,26.866037,160,343,72.9,63.7,0,39.02708,335,306,73.4,64,0,31.677475,300,404,72.5,63.5,0,27.99311,400,197,70.9,64,0,36.822086,195,393,71.7,63.4,0,32.967304,380,347,70.4,63.9,0,30.39312,335,179,73.7,63.3,0,60.22126,175,249,72.8,63.7,0,45.322716,245,353,72.7,63.3,0,37.100346,350,162,73.7,63.7,0,35.013557,160,342,73.8,63.5,0,39.98779,335,232,73.1,64.4,0,39.931236,230,293,73.5,63.5,0,35.07289,285,199,70,64,0,41.68188,195,428,73.8,63.6,0,41.901745,424.79962,351,72.1,63.2,0,39.89176,335,178,73.5,63.4,0,57.283104,175,256,73.1,63.5,0,45.339554,245,423,72.5,63.5,0,46.372356,420,161,73.5,63.4,0,30.909534,160,342,72.4,63.3,0,33.247547,335,107,72,64,0,32.161236,100,342,72.8,63.9,0,39.494453,335,198,71.2,284.9,0,32.994488,195,386,73.6,63.6,0,36.490147,380,338,71.5,63.5,0,41.74841,335,356,73.9,63.4,0,44.8318,355.99982,249,74,63.7,0,47.727272,245,354,73.6,63.4,0,38.360497,350,162,72.5,63.7,0,42.71905,160,353,69.5,63.3,0,50.905777,335,261,73.8,63.9,0,44.811222,260.482,164,72.7,63.6,0,34.2382,150,199,70.8,64.4,0,43.381573,195,393,73.9,63.6,0,41.26341,380,583,69.8,63.2,0,67.06844,575,503,73.9,63.9,0,51.538074,509.48615,253,72.9,64.1,0,42.937,250,177,73.4,64.1,0,58.51314,175,198,73.9,64,0,29.804579,194.90585,191,71.7,63.9,0,44.980656,185,303,70.6,63.6,0,40.576683,300,304,73.6,63.3,0,36.307003,300,212,69.9,63.5,0,55.6167,210,885,69.2,63.2,0,92.38279,880,89.8,89.9,89.4,146.9,104.5,118.4,1.2,0,30.03
20170714,805,77.4,99.6,40.70129311,42.02091667,258,48.9,43.9,5.65,81.2,76.9,-0.1,1.2,0,0,0,5,100,100,1,1,1,0,0,200,72,7.5,5.65,7.5,200,71.7,74.8,61.1,100,15,42.7,60,100,0,74.8,1.25,61,1.8125,63.2,0,0,51.1,13.8,0,0,0,73.6,73.9,62.7,69,15,47.4,61,55.2,0,73.8,1.02,61,1.8125,65.1,0,0,99.8,73.1,15,4.2,1.1,15,15,93.1,65.1,82.2,100,39.4,0,76.5,1.3,65.31035,64.81035,0,12.9,0,0,1,100,1,72,353,63.6,0,30.645756,343.9989,72,68,7214.474,70.7,62.1,100,9000,262,72,61.8,0,47.144386,260,127,70.8,62.4,0,52.251373,125,1218,72.2,62.1,0,42.441174,1186.9995,704,77.2,62.8,0,30.354229,700,604,71.8,62.5,0,43.946465,600,206,70.7,62.7,0,36.138798,200,126,71.7,62.8,0,53.83481,125,332,71.2,63.3,0,30.889648,330,233,73.5,64,0,100,650,593,70.4,64.1,0,100,950,501,0,62.7,0,31.810928,500,509,71.8,62.6,0,34.33735,500,177,73.5,63.7,0,47.77532,175,247,70,64,0,42.541977,245,223,71.1,63.8,0,40.827824,220,357,73.4,63.6,0,31.659334,350,161,73.6,63.9,0,31.312517,160,340,72.9,63.8,0,30.017153,335,341,73.8,63.6,0,28.35235,335,197,71.4,64.3,0,36.15064,195,450,73.9,63.9,0,30.42619,453.36343,254,70.4,63.6,0,43.323513,245,178,73.7,63.7,0,44.41718,175,248,72.6,63.8,0,46.50963,245,428,71.7,63.5,0,40.288567,420,162,73.1,64.1,0,26.866037,160,341,72.8,63.8,0,39.02708,335,306,73.4,64.1,0,31.677475,300,406,72.4,63.6,0,27.99311,400,198,70.9,64.1,0,36.822086,195,400,71.7,63.4,0,32.967304,380,358,70.4,63.9,0,30.39312,335,179,73.7,63.3,0,60.22126,175,250,72.8,63.8,0,45.322716,245,352,72.7,63.3,0,37.100346,350,162,73.6,63.7,0,35.013557,160,342,73.8,63.6,0,39.98779,335,232,73.1,64.4,0,39.931236,230,294,73.4,63.5,0,35.07289,285,199,70,64.1,0,41.68188,195,429,73.8,63.7,0,41.901745,424.79962,349,72.1,63.4,0,39.89176,335,178,73.5,63.5,0,57.283104,175,255,73.1,63.5,0,45.339554,245,426,72.6,63.5,0,46.372356,420,161,73.5,63.5,0,30.909534,160,339,72.5,63.4,0,33.247547,335,107,72,64,0,32.161236,100,342,72.8,64,0,39.494453,335,198,71.2,284.9,0,32.994488,195,388,73.6,63.6,0,36.490147,380,339,71.5,63.6,0,41.74841,335,351,73.9,63.4,0,44.8318,355.99982,250,74.1,63.8,0,47.727272,245,354,73.6,63.4,0,38.360497,350,162,72.5,63.8,0,42.71905,160,354,69.6,63.4,0,50.905777,335,260,73.8,64,0,44.811222,260.482,164,72.7,63.7,0,34.2382,150,199,70.7,64.5,0,43.381573,195,392,73.9,63.7,0,41.26341,380,585,69.8,63.3,0,67.06844,575,503,73.9,64,0,51.538074,509.48615,254,72.9,64.2,0,42.937,250,177,73.4,64.2,0,58.51314,175,197,73.9,64.1,0,29.804579,194.90585,191,71.7,64,0,44.980656,185,306,70.6,63.7,0,40.576683,300,303,73.6,63.4,0,36.307003,300,212,69.9,63.5,0,55.6167,210,886,69.2,63.2,0,92.790474,880,89.8,89.9,89.5,144.9,104.5,118.8,1.2,0.1,30.03
20170714,810,77.6,99.6,40.9026258,42.02091667,258,48.7,43.7,5.65,81.2,77,-0.1,1.15,0,0,0,5,100,100,1,1,1,0,0,200,72,7.5,5.65,7.5,200,71.7,74.7,61,100,15,42.8,60,100,0,74.7,1.2,61,1.8125,63.3,0,0,51.4,13.7,0,0,0,73.6,73.9,62.8,69.1,15,47.3,61,56.6,0,73.8,1.02,61,1.8125,65.1,0,0,99.7,73.1,15.4,4.3,0.8,15,15,93.1,65.1,82.2,100,39.4,0,76.5,1.3,65.31035,64.81035,0,12.9,0,0,1,100,1,72,572,63,0,33.280235,560.0011,72,68,7214.474,70.7,62.1,100,9000,259,72,61.8,0,48.673798,260,125,70.8,62.5,0,52.251373,125,1269,72.2,62.1,0,45.320724,1289.0005,708,77.2,62.9,0,29.655092,700,604,72,62.5,0,44.830547,600,204,70.6,62.7,0,36.138798,200,127,71.6,62.8,0,54.27729,125,333,71.2,63.3,0,31.98104,330,231,73.6,64,0,100,650,586,70.4,64.1,0,100,950,503,0,62.7,0,33.235115,500,508,71.8,62.7,0,34.33735,500,178,73.5,63.7,0,47.77532,175,248,70,64.1,0,42.541977,245,224,71.1,63.8,0,40.827824,220,359,73.4,63.7,0,31.659334,350,161,73.6,64,0,31.312517,160,341,72.9,63.9,0,30.017153,335,342,73.8,63.7,0,28.35235,335,198,71.4,64.4,0,36.15064,195,451,73.9,64,0,30.42619,453.36343,254,70.4,63.7,0,43.323513,245,178,73.7,63.8,0,44.41718,175,250,72.6,63.8,0,46.50963,245,426,71.7,63.5,0,40.288567,420,162,73.1,64.1,0,26.866037,160,341,72.8,63.9,0,39.02708,335,306,73.4,64.1,0,31.677475,300,406,72.4,63.6,0,27.99311,400,198,70.9,64.1,0,36.822086,195,395,71.7,63.5,0,32.967304,380,351,70.4,64,0,30.39312,335,179,73.7,63.4,0,60.22126,175,251,72.8,63.8,0,45.322716,245,355,72.7,63.4,0,37.100346,350,162,73.7,63.8,0,35.013557,160,342,73.8,63.6,0,39.98779,335,233,73.1,64.5,0,39.931236,230,294,73.4,63.6,0,35.07289,285,200,70,64.1,0,41.68188,195,428,73.8,63.7,0,41.901745,424.79962,350,72.1,63.4,0,39.89176,335,179,73.5,63.6,0,57.283104,175,255,73.1,63.6,0,45.339554,245,427,72.6,63.6,0,46.372356,420,162,73.5,63.5,0,30.909534,160,341,72.5,63.5,0,33.247547,335,108,72,64.1,0,32.161236,100,344,72.8,64,0,39.494453,335,199,71.2,284.7,0,32.994488,195,388,73.6,63.7,0,36.490147,380,339,71.5,63.6,0,41.74841,335,351,73.9,63.5,0,44.8318,355.99982,297,74.1,63.8,0,51.26381,299.59985,354,73.6,63.5,0,38.360497,350,163,72.5,63.9,0,42.71905,160,359,69.6,63.4,0,50.905777,335,261,73.8,64.1,0,44.811222,260.482,169,72.7,63.8,0,34.2382,150,199,70.7,64.5,0,43.381573,195,393,73.9,63.8,0,41.26341,380,587,69.8,63.4,0,67.06844,575,504,73.9,64,0,51.538074,509.48615,254,73,64.3,0,42.937,250,178,73.4,64.3,0,58.51314,175,198,73.9,64.2,0,29.804579,194.90585,191,71.6,64,0,44.980656,185,307,70.6,63.7,0,40.576683,300,304,73.6,63.4,0,36.307003,300,212,69.9,63.5,0,55.6167,210,891,69.1,63.3,0,92.22186,880,89.8,89.9,89.4,143.9,104.5,118.5,1.6,-0.4,30.03
20170714,815,77.9,99.6,41.20643832,42.02091667,255,48.9,44,5.65,81.4,77.2,-0.2,1.2,0,0,0,5,100,100,1,1,1,0,0,200,72,7.5,5.65,7.5,200,71.7,74.8,61.2,100,15,42.8,60,100,0,74.8,1.2,61,1.8125,63.6,0,0,51.1,13.6,0,0,0,73.6,73.8,62.8,69.1,15,47.3,61,57.3,0,73.9,1.01,61,1.8125,65.1,0,0,99.7,73,15.6,4.7,1,15,15,93.2,65.1,82.2,100,39.3,0,76.5,1.3,65.31035,64.81035,0,12.9,0,0,1,100,1,72,723,62.9,0,41.04889,776.0011,72,68,7214.474,70.8,62.2,100,9000,260,72,61.8,0,48.673798,260,126,70.8,62.5,0,52.70287,125,1347,72.2,62.2,0,47.30848,1339.9995,716,77.2,62.9,0,28.11699,700,604,72.1,62.6,0,45.284874,600,201,70.6,62.8,0,36.138798,200,125,71.7,62.8,0,54.891838,125,337,71.2,63.4,0,32.38893,330,228,73.5,64.1,0,100,650,577,70.4,64.2,0,100,950,502,0,62.8,0,33.848988,500,506,71.8,62.7,0,34.33735,500,178,73.5,63.8,0,47.77532,175,248,70,64.2,0,42.541977,245,223,71.1,63.9,0,40.827824,220,357,73.4,63.8,0,31.659334,350,161,73.6,64,0,31.312517,160,339,72.9,63.9,0,30.017153,335,341,73.8,63.8,0,28.35235,335,197,71.4,64.4,0,36.15064,195,450,73.9,64,0,30.42619,453.36343,254,70.4,63.7,0,43.323513,245,178,73.7,63.8,0,44.41718,175,249,72.6,63.9,0,46.50963,245,427,71.7,63.6,0,40.288567,420,161,73.1,64.2,0,26.866037,160,340,72.9,63.9,0,39.02708,335,306,73.4,64.2,0,31.677475,300,406,72.4,63.6,0,27.99311,400,199,70.9,64.2,0,36.822086,195,394,71.7,63.6,0,32.967304,380,356,70.4,64,0,30.39312,335,179,73.8,63.4,0,60.22126,175,250,72.8,63.9,0,45.322716,245,353,72.7,63.5,0,37.100346,350,162,73.7,63.8,0,35.013557,160,341,73.8,63.7,0,39.98779,335,232,73.1,64.6,0,39.931236,230,293,73.4,63.6,0,35.07289,285,200,70,64.2,0,41.68188,195,429,73.8,63.8,0,41.901745,424.79962,351,72.1,63.4,0,39.29044,335,178,73.5,63.6,0,57.283104,175,255,73.1,63.6,0,45.339554,245,423,72.6,63.7,0,46.372356,420,161,73.5,63.6,0,30.909534,160,339,72.5,63.6,0,33.247547,335,110,72,64.1,0,32.161236,100,344,72.8,64.1,0,39.494453,335,199,71.2,284.6,0,32.994488,195,387,73.7,63.7,0,36.490147,380,339,71.5,63.7,0,41.74841,335,352,73.9,63.5,0,44.8318,355.99982,328,74.1,63.8,0,53.610874,326.89987,353,73.6,63.5,0,38.360497,350,162,72.5,63.9,0,42.71905,160,354,69.6,63.5,0,50.905777,335,261,73.9,64.1,0,44.811222,260.482,170,72.7,63.8,0,34.2382,150,197,70.7,64.6,0,43.381573,195,392,74,63.8,0,41.26341,380,584,69.8,63.4,0,67.06844,575,503,73.9,64.1,0,51.538074,509.48615,254,73,64.4,0,42.937,250,177,73.4,64.3,0,58.51314,175,197,73.9,64.2,0,29.804579,194.90585,191,71.7,64.1,0,44.980656,185,308,70.6,63.8,0,40.576683,300,305,73.6,63.5,0,36.307003,300,212,69.9,63.6,0,55.6167,210,886,69.1,63.3,0,92.876305,880,89.7,89.8,89.3,144.9,104.5,118.5,1.2,0.4,30.03
20170714,820,78.3,99.6,41.61493671,42.02091667,258,48.8,43.9,5.6,81.4,77.1,-0.2,1.2,0,0,0,5,100,100,1,1,1,0,0,200,72,7.5,5.6,7.5,200,71.7,74.8,61.1,100,15,43,60,100,0,74.8,1.15,61,1.8125,63.6,0,0,51.6,13.9,0,0,0,73.6,73.9,63,69.6,15,47.2,61,60.2,0,73.9,1,61,1.8125,65.1,0,0,99.8,73.7,16.7,4.4,1.6,15,15,92.9,65.1,82.2,100,39.7,0,76.5,1.3,65.31035,64.81035,0,12.9,0,0,1,100,1,72,898,62.7,0,44.406322,884.0011,72,68,7045.323,70.7,62.1,100,9000,261,72,61.8,0,49.058826,260,126,70.8,62.6,0,53.22758,125,1369,72.1,62.2,0,49.801224,1390.9995,711,77.2,63,0,26.462364,700,613,72.1,62.6,0,45.81287,600,201,70.6,62.8,0,37.480007,200,127,71.7,62.8,0,54.891838,125,334,71.1,63.4,0,32.38893,330,225,73.5,64.1,0,100,650,573,70.4,64.2,0,100,950,503,0,62.8,0,34.290974,500,504,71.8,62.7,0,34.33735,500,177,73.5,63.8,0,47.77532,175,248,70.1,64.1,0,42.541977,245,222,71.1,63.9,0,40.827824,220,357,73.4,63.8,0,31.659334,350,161,73.6,64,0,31.312517,160,340,72.9,63.9,0,30.017153,335,341,73.8,63.8,0,28.35235,335,198,71.4,64.5,0,36.15064,195,451,74,64.1,0,30.42619,453.36343,253,70.4,63.8,0,43.323513,245,178,73.7,63.8,0,44.41718,175,249,72.6,63.9,0,46.50963,245,428,71.8,63.6,0,40.288567,420,161,73.2,64.2,0,26.866037,160,342,72.9,63.9,0,39.02708,335,306,73.4,64.2,0,31.677475,300,406,72.4,63.7,0,27.99311,400,198,70.9,64.2,0,36.822086,195,394,71.7,63.6,0,32.967304,380,351,70.4,64,0,30.39312,335,180,73.8,63.4,0,60.22126,175,246,72.8,63.9,0,45.322716,245,353,72.7,63.5,0,37.100346,350,162,73.7,63.9,0,35.013557,160,342,73.9,63.7,0,39.98779,335,231,73.2,64.6,0,39.931236,230,294,73.4,63.7,0,35.07289,285,200,70,64.2,0,41.68188,195,431,73.8,63.8,0,41.901745,424.79962,351,72,63.5,0,39.29044,335,179,73.5,63.6,0,57.283104,175,255,73.1,63.6,0,45.339554,245,423,72.5,63.7,0,46.372356,420,161,73.5,63.6,0,30.909534,160,339,72.5,63.6,0,33.247547,335,109,72,64.2,0,32.161236,100,345,72.8,64.1,0,39.494453,335,198,71.2,284.7,0,32.994488,195,385,73.7,63.7,0,36.490147,380,339,71.4,63.7,0,41.74841,335,348,73.9,63.6,0,44.8318,355.99982,381,74.1,63.7,0,56.68012,381.49988,352,73.7,63.5,0,38.360497,350,162,72.5,63.9,0,42.71905,160,348,69.6,63.5,0,50.905777,335,260,73.9,64.2,0,44.811222,260.482,167,72.7,63.9,0,34.2382,150,199,70.7,64.6,0,43.381573,195,396,74,63.9,0,41.26341,380,583,69.8,63.4,0,67.06844,575,504,74,64.1,0,51.538074,509.48615,255,73,64.4,0,42.937,250,176,73.4,64.4,0,58.51314,175,197,73.9,64.2,0,29.804579,194.90585,192,71.7,64.1,0,44.980656,185,306,70.6,63.8,0,40.576683,300,304,73.7,63.5,0,36.307003,300,213,69.9,63.6,0,55.6167,210,886,69.1,63.3,0,92.77975,880,89.7,89.8,89.4,147.9,104.5,118.3,1.2,0.3,30.03
20170714,825,78.5,98.2,41.48690827,42.02091667,258,48.8,43.9,5.6,81.4,77.2,-0.2,1.2,0,0,0,5,100,100,1,1,1,0,0,200,72,7.5,5.6,7.5,200,71.7,74.8,61.1,100,15,43.2,60,100,0,74.8,1.15,61,1.8125,63.7,0,0,51.1,13.5,0,0,0,73.6,73.9,63,69.6,15,47.2,61,56.4,0,74,1,61,1.8125,65.1,0,0,99.7,74.6,15.5,4.8,1,15,15,93,65.1,82.2,100,40,0,76.5,1.3,65.31035,64.81035,0,12.9,0,0,1,100,1,72,1010,62.7,0,46.857002,991.99945,72,68,6872.178,70.7,62.2,100,9000,266,72,61.9,0,49.657753,260,128,70.8,62.6,0,53.849907,125,1451,72,62.2,0,51.090576,1441.9998,704,77.3,63.1,0,25.052435,700,610,72.2,62.6,0,45.81287,600,205,70.6,62.8,0,38.095238,200,126,71.6,62.9,0,54.891838,125,331,71.2,63.4,0,32.38893,330,224,73.5,64.1,0,100,650,570,70.4,64.2,0,100,950,502,0,62.8,0,34.290974,500,503,71.8,62.8,0,34.33735,500,177,73.5,63.8,0,47.77532,175,248,70.1,64.2,0,42.541977,245,223,71.1,63.9,0,40.827824,220,356,73.4,63.8,0,31.659334,350,161,73.6,64,0,31.312517,160,340,72.9,63.9,0,30.017153,335,341,73.8,63.8,0,28.35235,335,198,71.4,64.5,0,36.15064,195,451,74,64.1,0,30.42619,453.36343,253,70.4,63.8,0,43.323513,245,178,73.7,63.8,0,44.41718,175,250,72.7,63.9,0,46.50963,245,427,71.7,63.7,0,40.288567,420,162,73.2,64.3,0,26.866037,160,341,72.9,64,0,39.02708,335,307,73.4,64.3,0,31.677475,300,404,72.4,63.7,0,27.99311,400,199,70.9,64.2,0,36.822086,195,396,71.7,63.6,0,32.967304,380,343,70.4,64,0,30.39312,335,180,73.8,63.4,0,60.22126,175,249,72.8,63.9,0,45.322716,245,355,72.7,63.5,0,37.100346,350,162,73.7,63.9,0,35.013557,160,341,73.9,63.7,0,39.98779,335,233,73.2,64.6,0,39.931236,230,294,73.4,63.7,0,35.07289,285,200,70,64.2,0,41.68188,195,431,73.8,63.8,0,41.901745,424.79962,346,72.1,63.5,0,38.84546,335,178,73.5,63.6,0,57.283104,175,254,73.1,63.6,0,45.339554,245,423,72.5,63.7,0,46.372356,420,162,73.5,63.6,0,30.909534,160,341,72.6,63.6,0,33.247547,335,109,72,64.3,0,32.161236,100,343,72.8,64.1,0,39.494453,335,199,71.2,284.6,0,32.994488,195,390,73.7,63.7,0,36.490147,380,338,71.5,63.8,0,41.74841,335,353,73.9,63.6,0,44.8318,355.99982,380,74,63.7,0,56.68012,381.49988,353,73.7,63.6,0,38.360497,350,162,72.5,64,0,42.71905,160,351,69.6,63.5,0,50.905777,335,260,73.9,64.2,0,44.811222,260.482,167,72.7,63.9,0,34.2382,150,198,70.7,64.6,0,43.381573,195,386,74,63.9,0,40.70506,380,582,69.8,63.4,0,67.06844,575,503,74,64.1,0,51.538074,509.48615,254,73,64.4,0,42.937,250,177,73.4,64.4,0,58.51314,175,198,73.9,64.3,0,29.804579,194.90585,191,71.7,64.1,0,44.980656,185,305,70.6,63.8,0,40.576683,300,304,73.8,63.5,0,36.307003,300,212,70,63.6,0,55.6167,210,889,69.1,63.4,0,92.14677,880,89.7,89.8,89.5,146.9,104.5,118.4,2.3,0,30.03
20170714,830,78.5,97.8,41.39160802,42.02091667,255,48.7,43.9,5.65,81.4,77.2,-0.1,1.15,0,0,0,5,100,100,1,1,1,0,0,200,72,7.5,5.65,7.5,200,71.7,75,61.1,100,15,43.4,60,100,0,74.9,1.15,61,1.8125,63.9,0,0,51.3,13.6,0,0,0,73.7,74,63,69.6,15,47.2,61,55,0,74,1,61,1.8125,65.1,0,0,99.8,76.1,14.9,4.4,1.3,15,15,93.5,65.1,82.2,100,38.6,0,76.5,1.3,65.31035,64.81035,0,12.9,0,0,1,100,1,72,1109,62.6,0,49.663033,1099.9995,72,68,7045.323,70.6,62.2,100,9000,264,72,61.9,0,49.657753,260,127,70.8,62.6,0,53.849907,125,1438,71.9,62.2,0,51.316216,1441.9998,710,77.4,63.1,0,24.108599,700,604,72.3,62.6,0,45.81287,600,204,70.6,62.8,0,38.095238,200,127,71.7,62.8,0,55.346607,125,338,71.2,63.4,0,32.86297,330,223,73.5,64.1,0,100,650,567,70.4,64.2,0,100,950,501,0,62.8,0,34.290974,500,503,71.8,62.7,0,34.33735,500,178,73.5,63.8,0,47.77532,175,248,70.3,64.2,0,42.541977,245,223,71.6,64,0,40.827824,220,357,73.2,63.8,0,31.659334,350,161,73.6,64.1,0,31.312517,160,340,72.9,64,0,30.017153,335,341,73.8,63.9,0,28.35235,335,197,71.4,64.5,0,36.15064,195,449,74,64.1,0,30.42619,453.36343,253,70.4,63.8,0,43.323513,245,178,73.7,63.9,0,44.41718,175,249,72.7,63.9,0,46.50963,245,426,71.7,63.7,0,40.288567,420,162,73.3,64.3,0,26.866037,160,342,72.9,64,0,39.02708,335,307,73.4,64.3,0,31.677475,300,405,72.5,63.7,0,27.99311,400,199,70.9,64.3,0,36.822086,195,407,71.7,63.6,0,32.967304,380,349,70.4,64.1,0,30.39312,335,177,73.8,63.5,0,59.090908,175,250,72.8,63.9,0,45.322716,245,354,72.7,63.5,0,37.100346,350,162,73.7,63.9,0,35.013557,160,341,73.9,63.8,0,39.98779,335,233,73.2,64.6,0,39.931236,230,296,73.4,63.7,0,35.07289,285,199,70,64.3,0,41.68188,195,429,73.8,63.9,0,41.901745,424.79962,345,72,63.5,0,39.29044,335,179,73.5,63.6,0,57.283104,175,254,73.1,63.7,0,45.339554,245,424,72.5,63.7,0,46.372356,420,161,73.5,63.7,0,30.909534,160,341,72.6,63.6,0,33.247547,335,109,72,64.2,0,32.161236,100,342,72.8,64.2,0,39.038223,335,199,71.2,284.7,0,32.994488,195,388,73.7,63.8,0,36.490147,380,338,71.4,63.8,0,41.74841,335,356,73.9,63.6,0,45.453537,355.99982,380,74,63.8,0,56.68012,381.49988,353,73.7,63.6,0,38.360497,350,162,72.5,64,0,42.71905,160,350,69.7,63.5,0,50.905777,335,259,73.9,64.3,0,44.811222,260.482,162,72.7,63.9,0,34.2382,150,198,70.7,64.6,0,43.381573,195,389,74,63.9,0,40.70506,380,582,69.8,63.4,0,67.06844,575,503,74,64.1,0,51.538074,509.48615,253,73.1,64.4,0,42.937,250,177,73.4,64.4,0,58.51314,175,198,73.9,64.3,0,29.804579,194.90585,191,71.7,64.1,0,44.980656,185,305,70.6,63.8,0,40.576683,300,303,73.9,63.6,0,36.307003,300,212,70,63.6,0,55.6167,210,888,69,63.4,0,92.275505,880,89.7,89.8,89.4,144.9,104.5,118.4,0.9,1.6,30.03
20170714,835,78.5,96.7,41.12200272,42.02091667,256,48.7,43.8,5.65,81.4,77.2,-0.1,1.25,0,0,0,5,100,100,1,1,1,0,0,200,72,7.5,5.65,7.5,200,71.7,74.7,61,100,15,43.5,60,100,0,74.7,1.15,61,1.8125,64,0,0,51.2,13.8,0,0,0,73.7,74,63,69.7,15,47.2,61,57.7,0,74,1.02,61,1.8125,65.3,0,0,99.8,74.5,15.7,4.4,1.5,15,15,93,65.1,82.2,100,38.6,0,76.5,1.3,65.31035,64.81035,0,13,0,0,1,100,1,72,1108,62.5,0,49.663033,1099.9995,72,68,7045.323,70.7,62.1,100,9000,264,72.1,61.8,0,49.657753,260,127,70.8,62.5,0,53.849907,125,1438,71.8,62.1,0,51.423656,1441.9998,709,77.4,63.1,0,24.31834,700,605,72.4,62.6,0,45.81287,600,203,70.6,62.8,0,38.095238,200,128,71.7,62.8,0,55.346607,125,338,71.2,63.4,0,32.86297,330,223,73.5,64.1,0,100,650,566,70.4,64.2,0,100,950,502,0,62.8,0,34.290974,500,502,71.8,62.7,0,34.33735,500,177,73.4,63.9,0,47.77532,175,249,70.4,64.3,0,42.541977,245,223,71.7,64,0,40.827824,220,358,73.4,63.9,0,31.659334,350,161,73.7,64.2,0,31.312517,160,341,72.9,64,0,30.017153,335,341,73.7,63.9,0,28.35235,335,198,71.4,64.6,0,36.15064,195,450,74,64.1,0,30.42619,453.36343,253,70.4,63.9,0,43.323513,245,178,73.7,63.9,0,44.41718,175,248,72.6,64,0,46.50963,245,427,71.8,63.7,0,40.288567,420,162,73.3,64.4,0,26.866037,160,341,72.9,64.1,0,39.02708,335,306,73.3,64.3,0,31.677475,300,406,72.5,63.8,0,27.99311,400,198,70.9,64.3,0,36.822086,195,415,71.7,63.7,0,32.967304,380,356,70.4,64.1,0,30.39312,335,177,73.8,63.6,0,59.090908,175,248,72.8,64,0,45.322716,245,353,72.7,63.6,0,37.100346,350,162,73.7,63.9,0,35.013557,160,342,73.9,63.8,0,39.98779,335,233,73.2,64.7,0,39.931236,230,295,73.4,63.8,0,35.07289,285,200,70,64.3,0,41.68188,195,429,73.8,63.9,0,41.901745,424.79962,346,72,63.6,0,39.29044,335,178,73.5,63.7,0,57.283104,175,255,73.1,63.8,0,45.339554,245,426,72.5,63.8,0,46.372356,420,162,73.6,63.7,0,30.909534,160,340,72.7,63.6,0,33.247547,335,109,72,64.3,0,32.161236,100,340,72.8,64.2,0,39.038223,335,199,71.2,284.9,0,32.994488,195,386,73.7,63.9,0,36.490147,380,337,71.5,63.8,0,41.74841,335,357,73.9,63.7,0,45.453537,355.99982,378,74,63.8,0,56.68012,381.49988,354,73.7,63.7,0,38.360497,350,162,72.5,64,0,42.71905,160,346,69.7,63.6,0,50.905777,335,260,73.9,64.3,0,44.811222,260.482,169,72.7,64,0,34.2382,150,198,70.8,64.7,0,43.381573,195,393,74.1,64,0,40.70506,380,586,69.8,63.5,0,67.06844,575,560,74,64.1,0,53.888046,552.9864,252,73.1,64.4,0,42.937,250,177,73.4,64.4,0,58.51314,175,211,74,64.3,0,32.657955,215.90607,189,71.7,64.2,0,44.980656,185,308,70.6,63.9,0,40.576683,300,304,74.1,63.6,0,36.307003,300,211,69.9,63.7,0,55.6167,210,890,69,63.5,0,92.24332,880,89.6,89.7,89.4,144.9,104.5,118.3,0.6,0.4,30.04
20170714,840,78.5,97,41.19339699,42.02091667,258,48.8,43.9,5.65,81.3,77.1,-0.1,1.1,0,0,0,5,100,100,1,1,1,0,0,200,72,7.5,5.65,7.5,200,71.7,74.6,61.1,100,15,43.7,60,100,0,74.6,1.15,61,1.8125,64.1,0,0,51.6,13.7,0,0,0,73.7,74,63,70.1,15,47.3,61,56.4,0,74.1,1.02,61,1.8125,65.3,0,0,99.7,75.1,15.3,4.4,1.5,15,15,92.3,65.1,82.2,100,40,0,76.5,1.3,65.31035,64.81035,0,13,0,0,1,100,1,72,1098,62.6,0,49.65078,1099.9995,72,68,6872.178,70.6,62.1,100,9000,263,72.1,61.8,0,49.657753,260,127,70.7,62.6,0,53.849907,125,1425,71.8,62.2,0,51.219513,1441.9998,709,77.4,63.1,0,24.376602,700,606,72.4,62.6,0,45.81287,600,203,70.5,62.8,0,38.095238,200,127,71.6,62.8,0,55.346607,125,337,71.3,63.4,0,32.86297,330,223,73.5,64.1,0,100,650,566,70.4,64.2,0,100,950,501,0,62.8,0,34.290974,500,503,71.8,62.7,0,34.33735,500,178,73.3,64,0,47.77532,175,248,70.4,64.3,0,42.541977,245,224,71.8,64.1,0,40.827824,220,358,73.4,63.9,0,31.659334,350,161,73.8,64.2,0,31.312517,160,339,73,64.1,0,30.017153,335,341,73.8,64,0,28.35235,335,197,71.4,64.6,0,36.15064,195,501,74,64.2,0,32.48919,491.76324,253,70.4,63.9,0,43.323513,245,178,73.8,64,0,44.41718,175,250,72.6,64,0,46.50963,245,425,71.8,63.8,0,40.288567,420,162,73.3,64.4,0,26.866037,160,345,72.9,64.1,0,39.02708,335,306,73.3,64.4,0,31.677475,300,407,72.5,63.8,0,27.99311,400,199,70.9,64.3,0,36.822086,195,408,71.7,63.7,0,32.967304,380,348,70.4,64.2,0,30.39312,335,178,73.8,63.6,0,59.090908,175,249,72.8,64,0,45.322716,245,354,72.7,63.6,0,37.100346,350,162,73.7,64,0,35.013557,160,341,73.9,63.9,0,39.98779,335,233,73.2,64.7,0,39.931236,230,295,73.4,63.8,0,35.07289,285,200,70,64.3,0,41.68188,195,432,73.9,63.9,0,41.901745,424.79962,347,72,63.6,0,39.29044,335,179,73.5,63.7,0,57.283104,175,256,73.1,63.8,0,45.339554,245,426,72.5,63.8,0,46.372356,420,162,73.6,63.8,0,30.909534,160,341,72.8,63.7,0,33.247547,335,108,72,64.3,0,32.161236,100,340,72.8,64.2,0,39.038223,335,199,71.2,284.8,0,32.994488,195,390,73.7,63.9,0,36.490147,380,338,71.5,63.9,0,41.74841,335,359,73.9,63.7,0,45.453537,355.99982,383,73.9,63.9,0,56.68012,381.49988,353,73.7,63.7,0,38.360497,350,162,72.5,64.1,0,42.71905,160,351,69.7,63.6,0,50.905777,335,260,74,64.4,0,44.811222,260.482,169,72.7,64,0,34.2382,150,199,70.8,64.8,0,43.381573,195,392,74.1,64,0,40.70506,380,585,69.9,63.5,0,67.06844,575,560,74,64.2,0,53.888046,552.9864,253,73.1,64.5,0,42.937,250,177,73.5,64.5,0,58.51314,175,212,73.9,64.3,0,32.657955,215.90607,191,71.8,64.2,0,44.980656,185,304,70.6,63.9,0,40.576683,300,329,74,63.7,0,37.787964,332.99982,212,69.9,63.7,0,55.6167,210,889,69,63.5,0,92.361336,880,89.6,89.7,89.3,145.9,104.5,118.3,1.4,0.1,30.04
20170714,845,79,95.9,41.43444782,42.02091667,255,48.8,43.9,5.65,81.2,76.9,-0.2,1.15,0,0,0,5,100,100,1,1,1,0,0,200,72,7.5,5.65,7.5,200,71.6,74.6,61,100,15,43.7,60,100,0,74.6,1.15,61,1.8125,64.1,0,0,51.7,13.5,0,0,0,73.7,74,63.2,70.2,15,47.3,61,56.7,0,74.2,1,61,1.8125,65.2,0,0,99.6,77.5,15.4,4.6,1.3,15,15,93.7,65.1,82.2,100,38.5,0,76.5,1.3,65.31035,64.81035,0,13,0,0,1,100,1,72,997,62.6,0,45.962505,991.9989,72,68,7045.323,70.6,62.1,100,9000,266,72.1,61.8,0,49.657753,260,128,70.7,62.5,0,53.849907,125,1393,71.7,62.1,0,49.79048,1390.9995,705,77.4,63.1,0,24.842695,700,610,72.6,62.6,0,45.81287,600,205,70.5,62.8,0,38.095238,200,128,71.6,62.8,0,54.891838,125,339,71.2,63.4,0,32.86297,330,225,73.5,64.1,0,100,650,571,70.5,64.2,0,100,950,503,0,62.7,0,34.290974,500,504,71.9,62.7,0,34.33735,500,177,73.4,64,0,47.77532,175,247,70.4,64.3,0,42.541977,245,222,71.9,64.1,0,40.827824,220,355,73.5,64,0,31.659334,350,161,73.9,64.3,0,31.751648,160,338,73,64.1,0,30.017153,335,340,73.8,64,0,28.35235,335,196,71.4,64.6,0,36.15064,195,496,74,64.2,0,32.019764,491.76324,250,70.4,63.9,0,43.323513,245,177,73.8,64,0,44.41718,175,249,72.7,64.1,0,46.50963,245,424,71.8,63.8,0,40.288567,420,161,73.4,64.4,0,26.866037,160,339,72.9,64.1,0,39.02708,335,306,73.4,64.4,0,31.677475,300,402,72.5,63.9,0,27.99311,400,197,70.9,64.4,0,36.822086,195,406,71.8,63.7,0,32.967304,380,356,70.4,64.2,0,30.39312,335,177,73.8,63.6,0,59.090908,175,251,72.8,64,0,45.322716,245,352,72.7,63.6,0,37.100346,350,162,73.7,64,0,35.013557,160,340,74.1,63.9,0,39.98779,335,232,73.3,64.7,0,39.931236,230,293,73.4,63.8,0,35.07289,285,198,70,64.3,0,41.68188,195,429,73.9,64,0,41.901745,424.79962,346,72,63.6,0,39.29044,335,179,73.5,63.7,0,57.283104,175,254,73.1,63.8,0,45.339554,245,424,72.6,63.8,0,46.372356,420,161,73.6,63.8,0,30.909534,160,340,73,63.7,0,33.247547,335,107,72.1,64.4,0,32.161236,100,342,72.8,64.3,0,39.038223,335,198,71.2,284.8,0,32.994488,195,387,73.8,63.9,0,36.490147,380,338,71.5,63.9,0,41.74841,335,354,73.9,63.7,0,45.453537,355.99982,377,73.9,63.9,0,56.68012,381.49988,352,73.7,63.7,0,38.360497,350,161,72.5,64.1,0,42.71905,160,347,69.7,63.7,0,50.905777,335,320,74.1,64.4,0,48.89264,315.68213,164,72.7,64,0,34.2382,150,197,70.7,64.8,0,43.381573,195,390,74.1,64,0,40.70506,380,581,69.9,63.5,0,67.06844,575,559,74,64.2,0,53.888046,552.9864,251,73.1,64.5,0,42.937,250,176,73.4,64.5,0,58.51314,175,212,73.9,64.3,0,32.657955,215.90607,189,71.8,64.2,0,44.980656,185,305,70.6,64,0,40.576683,300,327,73.9,63.6,0,37.787964,332.99982,211,70,63.8,0,55.6167,210,885,69,63.5,0,92.81193,880,89.6,89.7,89.3,144.9,104.5,118.4,1.2,0.6,30.04
20170714,850,79.5,94.5,41.59843817,42.02091667,253,48.7,43.9,5.65,81.4,77.3,-0.1,1.15,0,0,0,5,100,100,1,1,1,0,0,200,72,7.5,5.65,7.5,200,71.6,74.8,61.1,100,15,44.6,59.6,100,0,74.8,1.2,60.6,1.8125,64.1,0,0,51.2,13.7,0,0,0,73.7,74.1,63.1,70.2,15,47.5,60.8,59.4,0,74.1,1,60.6,1.8125,65.4,0,0,99.6,74.4,16.4,4.7,1,15,15,93.3,65.1,82.2,100,38.9,0,76.5,1.3,65.18965,64.68965,0,13,0,0,1,100,1,72,769,62.7,0,39.45595,775.9989,72,68,7214.474,70.6,62.1,100,9000,269,72.1,61.8,0,49.122993,260,129,70.8,62.5,0,52.94692,125,1292,71.7,62.2,0,46.599335,1288.9995,695,77.3,63.1,0,26.392448,700,617,72.7,62.6,0,45.81287,600,207,70.5,62.8,0,38.095238,200,128,71.6,62.8,0,53.908558,125,342,71.2,63.3,0,32.45508,330,228,73.5,64.1,0,100,650,578,70.5,64.2,0,100,950,507,0,62.8,0,34.290974,500,507,71.9,62.7,0,34.33735,500,176,73.4,64,0,47.77532,175,248,70.5,64.4,0,42.541977,245,222,72,64.1,0,40.827824,220,355,73.6,64,0,31.659334,350,160,74,64.3,0,31.751648,160,337,73,64.1,0,30.017153,335,339,73.9,64,0,28.35235,335,196,71.4,64.7,0,36.15064,195,493,74,64.2,0,32.019764,491.76324,249,70.4,63.9,0,43.323513,245,178,73.8,64,0,44.41718,175,249,72.7,64.1,0,46.50963,245,427,71.8,63.8,0,40.288567,420,161,73.5,64.5,0,26.866037,160,342,73,64.2,0,39.02708,335,306,73.4,64.5,0,31.677475,300,405,72.5,63.9,0,27.99311,400,196,70.8,64.4,0,36.822086,195,397,71.8,63.8,0,32.967304,380,349,70.5,64.2,0,30.39312,335,177,73.8,63.6,0,59.090908,175,246,72.9,64.1,0,45.322716,245,355,72.7,63.7,0,37.100346,350,162,73.7,64.1,0,35.013557,160,341,74.1,63.9,0,39.98779,335,232,73.3,64.8,0,39.931236,230,294,73.4,63.9,0,35.07289,285,200,70,64.4,0,41.68188,195,429,73.9,64,0,41.901745,424.79962,345,72,63.7,0,39.29044,335,178,73.5,63.8,0,57.283104,175,254,73.1,63.8,0,45.339554,245,424,72.6,63.9,0,46.372356,420,161,73.6,63.8,0,30.909534,160,339,73.1,63.8,0,33.247547,335,107,72.1,64.4,0,32.161236,100,341,72.7,64.3,0,39.038223,335,198,71.2,284.9,0,32.994488,195,389,73.8,64,0,36.490147,380,338,71.5,63.9,0,41.74841,335,355,73.9,63.8,0,45.453537,355.99982,380,73.9,63.9,0,56.68012,381.49988,351,73.7,63.7,0,38.360497,350,162,72.5,64.2,0,42.71905,160,340,69.7,63.7,0,50.905777,335,320,73.9,64.4,0,48.89264,315.68213,166,72.7,64.1,0,34.2382,150,198,70.7,64.8,0,43.381573,195,392,74.2,64,0,40.70506,380,581,69.9,63.6,0,67.06844,575,592,74.1,64.2,0,55.27988,596.4864,252,73.1,64.5,0,42.937,250,175,73.5,64.5,0,58.51314,175,212,73.9,64.4,0,32.657955,215.90607,190,71.8,64.3,0,44.980656,185,307,70.6,64,0,41.02591,300,329,73.9,63.7,0,37.787964,332.99982,212,70,63.8,0,55.6167,210,883,69,63.5,0,92.790474,880,89.6,89.7,89.2,145.9,104.5,118.2,2,-1.5,30.04
20170714,855,79.5,95.5,41.83685551,42.02091667,253,48.9,44,5.65,81.5,77.3,-0.1,1,0,0,0,5,100,100,1,1,1,0,0,200,72,7.5,5.65,7.5,200,71.6,75.1,61.2,100,15,45.5,59.6,100,0,74.9,1.2,60.6,1.8125,64.2,0,0,51.7,13.6,0,0,0,73.7,74.1,63.1,70.8,15,47.7,60.8,56.7,0,74.1,0.98,60.6,1.8125,65.4,0,0,99.6,78.1,15.3,4.3,1,15,15,92.5,65.1,82.2,100,39.4,0,76.5,1.3,65.18965,64.68965,0,13,0,0,1,100,1,72,546,62.9,0,32.58179,559.9989,72,68,7214.474,70.6,62.2,100,9000,269,72.2,61.8,0,48.213905,260,128,70.8,62.6,0,52.251373,125,1244,71.8,62.2,0,44.13882,1237.9995,688,77.2,63,0,27.61594,700,621,72.6,62.6,0,45.358547,600,210,70.5,62.8,0,38.095238,200,130,71.6,62.8,0,53.908558,125,341,71.2,63.4,0,30.470732,330,231,73.5,64.1,0,100,650,588,70.4,64.2,0,100,950,509,0,62.8,0,34.290974,500,508,71.8,62.7,0,34.33735,500,176,73.4,64.1,0,47.77532,175,246,70.6,64.4,0,42.541977,245,222,72,64.1,0,41.354397,220,353,73.6,64,0,31.659334,350,188,74.1,64.3,0,35.325687,182.79988,337,73,64.2,0,30.997303,335,338,73.9,64.1,0,28.35235,335,200,71.4,64.7,0,36.763985,195,487,73.9,64.2,0,32.019764,491.76324,251,70.4,64,0,43.323513,245,177,73.8,64.1,0,44.41718,175,247,72.7,64.1,0,46.50963,245,423,71.8,63.9,0,40.288567,420,161,73.5,64.5,0,26.866037,160,340,73,64.2,0,39.02708,335,306,73.4,64.5,0,31.677475,300,405,72.5,63.9,0,27.99311,400,197,70.9,64.5,0,36.822086,195,415,71.8,63.8,0,32.967304,380,355,70.5,64.3,0,30.39312,335,175,73.8,63.7,0,59.896584,175,245,72.9,64.1,0,45.76251,245,352,72.7,63.7,0,37.54304,350,161,73.7,64.1,0,35.013557,160,397,74.1,63.9,0,43.785103,395.59985,232,73.4,64.8,0,40.37328,230,291,73.4,63.9,0,35.07289,285,196,70,64.4,0,41.68188,195,426,73.9,64.1,0,41.901745,424.79962,347,72,63.7,0,39.807575,335,178,73.5,63.8,0,57.283104,175,254,73.1,63.9,0,45.339554,245,424,72.6,63.9,0,46.372356,420,161,73.6,63.9,0,30.909534,160,340,73.2,63.8,0,33.247547,335,110,72.1,64.4,0,32.161236,100,337,72.7,64.3,0,39.038223,335,198,71.2,284.9,0,32.994488,195,385,73.8,64,0,36.490147,380,337,71.5,63.9,0,41.74841,335,355,73.9,63.8,0,45.453537,355.99982,379,73.9,64,0,56.68012,381.49988,351,73.7,63.8,0,38.360497,350,161,72.6,64.2,0,42.71905,160,343,69.8,63.7,0,50.905777,335,320,73.9,64.4,0,48.89264,315.68213,162,72.7,64.1,0,34.2382,150,196,70.8,64.9,0,43.381573,195,393,74.2,64.1,0,40.70506,380,580,69.9,63.6,0,67.06844,575,644,74,64.2,0,56.91377,639.9864,252,73.1,64.6,0,43.356236,250,176,73.4,64.6,0,59.034664,175,211,73.9,64.4,0,32.657955,215.90607,188,71.8,64.3,0,44.980656,185,307,70.6,64,0,41.02591,300,305,73.8,63.7,0,35.54302,300.00034,211,70,63.8,0,55.6167,210,884,68.9,63.6,0,92.77975,880,89.5,89.6,89.3,144.9,104.5,118.1,1.2,-1.5,30.05
20170714,900,79.3,96.4,41.85349045,42.02091667,256,48.9,43.9,5.65,81.6,77.3,-0.1,1.1,0,0,0,5,100,100,1,1,1,0,0,200,72,7.5,5.65,7.5,200,71.6,74.8,61.2,100,15,46.3,59.6,100,0,74.8,1.25,60.6,1.8125,64.2,0,0,51.6,13.6,0,0,0,73.8,74.1,63.4,71,15,47.9,60.8,57.8,0,74.1,1.01,60.6,1.8125,65.5,0,0,99.7,75.6,15.7,4.6,1,15,15,92.8,65.1,82.2,100,40.1,0,76.5,1.3,65.18965,64.68965,0,13,0,0,1,100,1,72,459,63,0,30.817303,451.9989,72,68,7214.474,70.6,62.2,100,9000,265,72.2,61.9,0,47.60428,260,129,70.8,62.6,0,52.251373,125,1252,71.9,62.2,0,43.289997,1237.9995,687,77.1,63,0,27.674202,700,622,72.7,62.6,0,45.358547,600,212,70.4,62.8,0,38.095238,200,127,71.6,62.9,0,53.380035,125,343,71.2,63.4,0,30.470732,330,232,73.4,64.1,0,100,650,589,70.5,64.2,0,100,950,510,0,62.8,0,34.290974,500,508,71.8,62.7,0,34.33735,500,176,73.4,64.1,0,47.77532,175,248,70.6,64.5,0,42.541977,245,223,72.1,64.3,0,41.354397,220,354,73.6,64.1,0,31.659334,350,203,74.1,64.2,0,37.00903,205.59988,339,73,64.2,0,30.997303,335,340,73.9,64.1,0,28.35235,335,201,71.4,64.8,0,36.763985,195,495,73.9,64.3,0,32.019764,491.76324,250,70.4,64.1,0,43.323513,245,178,73.8,64.1,0,44.41718,175,249,72.7,64.2,0,46.50963,245,428,71.9,64,0,40.288567,420,162,73.5,64.6,0,26.866037,160,341,73,64.3,0,39.02708,335,306,73.4,64.6,0,31.677475,300,407,72.5,64,0,27.99311,400,198,70.9,64.6,0,36.822086,195,418,71.8,63.9,0,32.967304,380,355,70.5,64.3,0,30.39312,335,177,73.8,63.8,0,60.497837,175,250,72.9,64.2,0,45.76251,245,352,72.7,63.8,0,37.54304,350,163,73.7,64.2,0,35.457237,160,427,74.1,64,0,45.787544,425.89984,232,73.4,64.9,0,40.37328,230,292,73.4,64,0,35.07289,285,196,70,64.5,0,42.119995,195,428,73.9,64.1,0,42.57792,424.79962,347,72,63.8,0,40.67348,335,179,73.5,63.9,0,57.283104,175,256,73.1,64,0,45.339554,245,427,72.6,64,0,46.372356,420,163,73.6,63.9,0,30.909534,160,341,73.3,63.9,0,33.247547,335,109,72.1,64.5,0,32.161236,100,340,72.7,64.4,0,39.038223,335,199,71.2,284.9,0,32.994488,195,387,73.8,64.1,0,36.490147,380,340,71.5,64,0,41.74841,335,357,73.9,63.9,0,45.453537,355.99982,378,73.9,64.1,0,56.68012,381.49988,352,73.8,63.9,0,38.360497,350,162,72.6,64.3,0,42.71905,160,347,69.8,63.8,0,50.905777,335,322,73.9,64.5,0,48.89264,315.68213,162,72.7,64.2,0,34.2382,150,199,70.8,64.9,0,43.381573,195,386,74.2,64.2,0,40.70506,380,584,69.9,63.7,0,67.06844,575,648,73.9,64.3,0,56.91377,639.9864,254,73.1,64.6,0,43.356236,250,176,73.4,64.6,0,59.034664,175,212,73.9,64.4,0,32.657955,215.90607,190,71.8,64.4,0,44.980656,185,310,70.6,64.1,0,41.02591,300,307,73.8,63.8,0,35.54302,300.00034,212,70,63.9,0,55.6167,210,886,69,63.6,0,92.76901,880,89.5,89.6,89.3,144.9,104.5,118,1.1,-0.1,30.05
20170714,905,79.4,96.7,42.02956165,44.54975833,260,48.8,43.9,5.65,81.8,77.5,-0.1,1.05,0,0,0,5,100,100,1,1,1,0,0,200,72,7.5,5.65,7.5,200,71.6,74.9,61.2,100,15,47.2,59.6,100,0,74.8,1.25,60.6,1.8125,64.3,0,0,51.6,13.7,0,0,0,73.8,74.1,63.3,71.2,15,48.3,60.8,60.3,0,74.2,1.01,60.6,1.8125,65.7,0,0,99.7,76.5,16.6,4.7,1,15,15,92.9,65.1,82,100,40.4,0,76.5,1.3,65.18965,64.68965,0,12.9,0,0,1,100,1,72,459,63.1,0,30.817303,451.9989,72,68,7214.474,70.6,62.2,100,9000,265,72.3,61.9,0,47.60428,260,129,70.8,62.6,0,52.251373,125,1253,72,62.2,0,43.76276,1237.9995,688,77,63,0,27.674202,700,622,72.9,62.6,0,45.358547,600,212,70.4,62.8,0,38.095238,200,127,71.6,62.9,0,53.380035,125,341,71.3,63.4,0,30.470732,330,231,73.4,64.1,0,100,650,590,70.6,64.2,0,100,950,509,0,62.8,0,34.290974,500,508,71.9,62.7,0,34.33735,500,176,73.4,64.2,0,47.77532,175,248,70.6,64.7,0,42.541977,245,222,72.1,64.3,0,41.354397,220,353,73.6,64.2,0,31.659334,350,256,74.2,64.2,0,40.91242,251.19977,336,73.1,64.3,0,30.997303,335,340,73.9,64.2,0,28.35235,335,200,71.4,64.8,0,36.763985,195,493,73.9,64.4,0,32.019764,491.76324,247,70.4,64.2,0,43.323513,245,178,73.8,64.2,0,44.41718,175,249,72.7,64.4,0,46.50963,245,426,71.9,64,0,40.288567,420,162,73.6,64.7,0,26.866037,160,341,73,64.4,0,39.02708,335,306,73.4,64.6,0,31.677475,300,405,72.5,64.1,0,27.99311,400,198,70.9,64.6,0,36.822086,195,408,71.8,64,0,32.967304,380,351,70.5,64.4,0,30.39312,335,178,73.8,63.9,0,60.930737,175,250,72.9,64.3,0,45.76251,245,357,72.7,63.9,0,37.99803,350,162,73.7,64.2,0,35.457237,160,491,74.1,64.1,0,48.925518,486.49985,235,73.4,65,0,40.827602,230,290,73.4,64.1,0,35.07289,285,200,70,64.6,0,43.629063,195,429,73.9,64.2,0,42.57792,424.79962,346,72,63.9,0,40.67348,335,179,73.6,64,0,57.283104,175,256,73.1,64.1,0,45.339554,245,427,72.6,64.1,0,46.372356,420,162,73.6,64,0,30.909534,160,341,73.4,64,0,33.247547,335,110,72.1,64.6,0,32.161236,100,341,72.7,64.5,0,39.038223,335,199,71.2,284.7,0,32.994488,195,393,73.8,64.1,0,36.490147,380,340,71.5,64.1,0,41.74841,335,359,73.9,64,0,45.453537,355.99982,380,73.9,64.2,0,56.68012,381.49988,353,73.8,64,0,38.360497,350,162,72.7,64.3,0,42.71905,160,349,69.9,63.9,0,50.905777,335,323,73.9,64.5,0,48.89264,315.68213,167,72.7,64.3,0,34.2382,150,198,70.8,65,0,43.381573,195,385,74.2,64.2,0,40.70506,380,587,69.9,63.8,0,67.06844,575,651,73.8,64.3,0,56.91377,639.9864,254,73.1,64.7,0,43.356236,250,177,73.5,64.7,0,59.034664,175,212,73.9,64.5,0,32.657955,215.90607,189,71.8,64.4,0,44.980656,185,309,70.6,64.2,0,41.02591,300,307,73.9,63.9,0,35.54302,300.00034,212,70,64,0,55.6167,210,887,69,63.8,0,92.43643,880,89.5,89.6,89.3,144.9,104.5,118,1.2,-0.1,30.05
20170714,910,79.5,95.6,41.86148082,44.54975833,256,48.9,43.9,5.65,81.8,77.5,-0.2,1,0,0,0,5,100,100,1,1,1,0,0,200,72,7.5,5.65,7.5,200,71.6,75.1,61.1,100,15,48,59.6,100,0,74.9,1.2,60.6,1.8125,64.4,0,0,51.7,13.6,0,0,0,73.8,74.1,63.4,71.2,15,48.6,60.8,57.9,0,74.1,1,60.6,1.8125,65.7,0,0,99.3,76.5,15.7,4.2,1.1,15,15,92.6,65.1,82,100,40.8,0,76.5,1.3,65.18965,64.68965,0,12.9,0,0,1,100,1,72,575,63,0,33.954174,560,72,68,7214.474,70.5,62.2,100,9000,264,72.3,61.9,0,47.60428,260,127,70.8,62.6,0,51.799877,125,1238,72,62.2,0,43.76276,1237.9995,697,76.9,62.9,0,28.186903,700,623,73.3,62.7,0,45.358547,600,211,70.4,62.8,0,38.095238,200,127,71.6,62.8,0,53.380035,125,332,71.4,63.4,0,29.842356,330,231,73.4,64.1,0,100,650,589,70.6,64.2,0,100,950,510,0,62.8,0,34.290974,500,508,71.9,62.8,0,34.33735,500,176,73.3,64.3,0,47.77532,175,252,70.6,64.7,0,42.995464,245,222,72.1,64.4,0,41.354397,220,352,73.7,64.2,0,31.659334,350,299,74.2,64.2,0,43.242256,296.79977,341,73.2,64.4,0,31.524137,335,338,74,64.2,0,28.35235,335,200,71.4,64.9,0,36.763985,195,489,73.9,64.5,0,32.019764,491.76324,248,70.4,64.2,0,43.323513,245,177,73.8,64.2,0,44.41718,175,248,72.7,64.3,0,46.50963,245,424,71.9,64.1,0,40.288567,420,161,73.6,64.7,0,26.866037,160,340,73,64.4,0,39.02708,335,306,73.4,64.7,0,31.677475,300,405,72.6,64.1,0,27.99311,400,198,70.9,64.7,0,36.822086,195,413,71.8,64,0,32.967304,380,353,70.5,64.5,0,30.39312,335,178,73.8,63.9,0,60.930737,175,247,72.9,64.3,0,45.76251,245,351,72.7,64,0,37.99803,350,162,73.7,64.3,0,35.457237,160,555,74.2,64.1,0,52.49084,547.0997,233,73.5,65,0,40.827602,230,292,73.4,64.1,0,35.07289,285,197,70,64.6,0,43.629063,195,432,73.9,64.3,0,42.789223,424.79962,347,72,63.9,0,41.106434,335,179,73.6,64.1,0,57.283104,175,255,73.1,64.1,0,45.339554,245,425,72.6,64.1,0,46.372356,420,162,73.7,64.1,0,30.909534,160,340,73.5,64,0,33.247547,335,108,72.1,64.7,0,32.161236,100,340,72.7,64.5,0,39.038223,335,199,71.2,284.8,0,32.994488,195,388,73.8,64.2,0,36.490147,380,338,71.5,64.2,0,41.74841,335,357,73.9,64,0,45.453537,355.99982,382,74,64.2,0,56.68012,381.49988,354,73.8,64,0,38.360497,350,162,72.8,64.4,0,42.71905,160,349,69.9,63.9,0,50.905777,335,285,73.9,64.6,0,46.203335,288.08255,161,72.7,64.3,0,34.2382,150,198,70.8,65.1,0,43.381573,195,382,74.2,64.3,0,40.70506,380,586,69.9,63.9,0,67.06844,575,649,73.8,64.4,0,56.91377,639.9864,253,73,64.7,0,43.356236,250,177,73.5,64.7,0,59.034664,175,212,73.9,64.6,0,32.657955,215.90607,189,71.8,64.5,0,44.980656,185,309,70.6,64.3,0,41.02591,300,307,73.8,63.9,0,35.54302,300.00034,212,70,64,0,55.6167,210,887,68.9,63.8,0,92.32915,880,89.5,89.6,89.3,145.9,104.5,118.1,1.2,0,30.05
20170714,915,79.5,95.4,41.81223193,44.54975833,257,48.9,43.9,5.65,81.7,77.4,-0.1,1.1,0,0,0,5,100,100,1,1,1,0,0,200,72,7.5,5.65,7.5,200,71.6,74.9,61.1,100,15,48.9,59.6,100,0,74.8,1.2,60.6,1.8125,64.4,0,0,51.7,13.7,0,0,0,73.8,74.1,63.4,71.6,15,48.8,60.8,58.7,0,74.1,1,60.6,1.8125,65.8,0,0,99.5,76.5,15.9,4.7,1,15,15,92.8,65.1,82,100,40,0,76.5,1.3,65.18965,64.68965,0,12.9,0,0,1,100,1,72,571,63,0,33.500797,560,72,68,7214.474,70.5,62.2,100,9000,263,72.2,61.9,0,47.60428,260,126,70.8,62.6,0,51.799877,125,1390,72.1,62.2,0,45.148815,1339.9998,700,76.9,62.9,0,27.953857,700,619,73.6,62.6,0,45.358547,600,209,70.4,62.8,0,38.095238,200,126,71.5,62.9,0,53.380035,125,332,71.4,63.4,0,30.393562,330,231,73.3,64.1,0,100,650,586,70.8,64.2,0,100,950,509,0,62.8,0,34.290974,500,508,72,62.7,0,34.33735,500,176,73.4,64.3,0,48.230087,175,251,70.6,64.7,0,42.995464,245,221,72.1,64.4,0,41.354397,220,353,73.7,64.3,0,32.111435,350,348,74.2,64.2,0,46.7919,342.39978,339,73.3,64.4,0,31.524137,335,336,74,64.3,0,28.35235,335,200,71.4,64.9,0,36.763985,195,491,74,64.5,0,32.019764,491.76324,249,70.4,64.2,0,43.323513,245,178,73.8,64.3,0,44.41718,175,248,72.7,64.4,0,46.50963,245,427,71.9,64.1,0,40.288567,420,161,73.5,64.8,0,26.866037,160,338,73,64.4,0,39.02708,335,306,73.4,64.8,0,31.677475,300,406,72.6,64.2,0,27.99311,400,198,70.9,64.8,0,36.822086,195,422,71.8,64,0,32.967304,380,360,70.5,64.5,0,30.39312,335,181,73.8,64,0,60.930737,175,255,72.9,64.4,0,46.35683,245,364,72.7,64,0,38.440727,350,162,73.8,64.3,0,35.457237,160,582,74.2,64.1,0,53.601955,577.39966,234,73.5,65,0,40.827602,230,292,73.4,64.2,0,35.07289,285,204,70,64.7,0,44.067177,195,413,73.9,64.3,0,42.789223,424.79962,337,72.1,63.9,0,41.575466,335,179,73.6,64.1,0,57.283104,175,254,73.1,64.1,0,45.339554,245,426,72.6,64.2,0,46.372356,420,162,73.7,64.1,0,30.909534,160,341,73.5,64,0,33.247547,335,109,72.1,64.7,0,32.161236,100,342,72.7,64.6,0,39.038223,335,199,71.2,284.8,0,32.994488,195,390,73.8,64.2,0,36.490147,380,339,71.5,64.2,0,41.74841,335,375,74,64,0,46.752525,374,381,74,64.2,0,56.68012,381.49988,353,73.8,64.1,0,38.360497,350,162,72.9,64.4,0,42.71905,160,348,69.9,64,0,50.905777,335,285,73.9,64.7,0,46.203335,288.08255,174,72.8,64.4,0,34.2382,150,198,70.8,65.1,0,43.381573,195,390,74.2,64.3,0,40.70506,380,582,70,63.9,0,67.06844,575,647,73.8,64.4,0,56.91377,639.9864,255,73,64.8,0,43.356236,250,176,73.5,64.7,0,59.034664,175,212,73.9,64.6,0,32.657955,215.90607,189,71.8,64.5,0,44.980656,185,313,70.6,64.2,0,41.02591,300,307,73.8,64,0,35.54302,300.00034,212,70,64.1,0,55.6167,210,886,69,63.8,0,92.77975,880,89.5,89.6,89.2,145.9,104.5,117.9,1.2,0,30.05
20170714,920,79.3,96,41.75563948,44.54975833,259,48.9,43.9,5.65,81.7,77.4,-0.2,1.1,0,0,0,5,100,100,1,1,1,0,0,200,72,7.5,5.65,7.5,200,71.6,74.8,61.2,100,15,49.7,59.6,100,0,74.7,1.2,60.6,1.8125,64.4,0,0,51.7,13.5,0,0,0,73.8,74,63.5,71.7,15,49.2,60.8,57.9,0,74.2,1,60.6,1.8125,65.9,0,0,99.5,76.4,15.7,4.6,0.9,15,15,92.8,65.1,82,100,40,0,76.5,1.3,65.18965,64.68965,0,12.9,0,0,1,100,1,72,566,63,0,33.500797,560,72,68,7214.474,70.5,62.2,100,9000,261,72.3,61.9,0,47.60428,260,126,70.8,62.6,0,51.799877,125,1379,72,62.2,0,47.867195,1390.9998,700,76.9,63,0,27.953857,700,617,74,62.6,0,45.358547,600,210,70.4,62.8,0,38.095238,200,126,71.6,62.9,0,53.380035,125,333,71.4,63.4,0,31.74953,330,230,73.3,64.1,0,100,650,584,70.8,64.2,0,100,950,507,0,62.8,0,34.290974,500,508,72,62.8,0,34.33735,500,176,73.3,64.3,0,48.230087,175,250,70.6,64.7,0,42.995464,245,221,72.1,64.4,0,41.354397,220,352,73.7,64.3,0,32.111435,350,368,74.2,64.2,0,48.633812,365.19977,340,73.3,64.4,0,31.524137,335,339,74,64.3,0,28.806282,335,199,71.4,65,0,36.763985,195,494,74,64.6,0,32.019764,491.76324,247,70.4,64.3,0,43.323513,245,177,73.8,64.3,0,44.41718,175,249,72.7,64.4,0,46.50963,245,426,71.9,64.1,0,40.288567,420,162,73.6,64.8,0,26.866037,160,341,73.1,64.5,0,39.02708,335,306,73.4,64.8,0,31.677475,300,404,72.6,64.2,0,27.99311,400,198,70.9,64.7,0,36.822086,195,407,71.8,64.1,0,32.967304,380,350,70.5,64.6,0,30.39312,335,177,73.8,64,0,60.930737,175,253,72.9,64.4,0,46.35683,245,359,72.7,64,0,38.440727,350,161,73.8,64.4,0,35.457237,160,636,74.1,64.2,0,58.11966,637.9997,232,73.5,65.1,0,40.827602,230,288,73.4,64.2,0,35.07289,285,202,70,64.7,0,44.067177,195,417,73.9,64.3,0,43.243526,424.79962,340,72.1,64,0,42.020447,335,178,73.6,64.1,0,57.283104,175,255,73.2,64.2,0,45.339554,245,426,72.6,64.2,0,46.372356,420,162,73.8,64.2,0,30.909534,160,340,73.6,64.1,0,33.247547,335,108,72.2,64.7,0,32.161236,100,342,72.7,64.6,0,39.038223,335,199,71.2,284.9,0,32.994488,195,391,73.9,64.3,0,36.490147,380,338,71.5,64.2,0,41.74841,335,374,74,64.1,0,46.752525,374,406,74.1,64.2,0,58.29439,408.79987,352,73.8,64.1,0,38.360497,350,161,72.9,64.5,0,42.71905,160,350,70,64,0,50.905777,335,286,74,64.7,0,46.203335,288.08255,167,72.8,64.4,0,34.2382,150,198,70.8,65.1,0,43.381573,195,387,74.2,64.4,0,40.70506,380,585,70,64,0,67.06844,575,647,73.8,64.5,0,56.91377,639.9864,254,73,64.8,0,43.356236,250,176,73.5,64.8,0,59.034664,175,211,73.9,64.7,0,32.657955,215.90607,190,71.9,64.6,0,44.980656,185,309,70.6,64.3,0,41.02591,300,306,73.9,64,0,35.54302,300.00034,212,70.1,64.1,0,55.6167,210,886,69,63.9,0,92.758286,880,89.4,89.5,89.2,145.9,104.5,117.9,1.2,0,30.05
20170714,925,79.1,95.1,41.33373938,44.54975833,256,49,44,5.6,81.8,77.4,-0.2,1.05,0,0,0,5,100,100,1,1,1,0,0,200,72,7.5,5.6,7.5,200,71.6,75,61.1,100,15,50.4,59.6,100,0,74.9,1.2,60.6,1.8125,64.5,0,0,51.4,13.7,0,0,0,73.8,74.1,63.6,71.8,15,49.6,60.8,62.5,0,74.2,1.01,60.6,1.8125,66,0,0,99.3,77.8,17.2,4.4,1,15,15,92.8,65.1,82,100,39.4,0,76.5,1.3,65.18965,64.68965,0,12.9,0,0,1,100,1,72,567,62.9,0,33.500797,560,72,68,7045.323,70.4,62.1,100,9000,261,72.2,61.8,0,47.60428,260,125,70.8,62.5,0,51.799877,125,1371,72,62.1,0,48.329212,1390.9998,702,76.8,62.9,0,27.953857,700,677,74.4,62.5,0,48.133595,705.6924,208,70.4,62.7,0,38.095238,200,125,71.5,62.8,0,54.20354,125,335,71.4,63.3,0,32.377907,330,229,73.3,64,0,100,650,582,70.8,64.1,0,100,950,508,0,62.7,0,34.290974,500,507,72,62.7,0,34.33735,500,176,73.4,64.4,0,48.230087,175,249,70.6,64.8,0,42.995464,245,224,72.1,64.5,0,41.96669,220,352,73.7,64.4,0,32.55132,350,413,74.1,64.3,0,51.573555,410.79987,337,73.4,64.5,0,31.524137,335,336,74,64.4,0,28.806282,335,199,71.4,65,0,36.763985,195,484,74,64.6,0,32.019764,491.76324,247,70.4,64.3,0,43.323513,245,177,73.8,64.4,0,44.41718,175,246,72.7,64.5,0,46.50963,245,423,71.9,64.2,0,40.288567,420,161,73.7,64.8,0,26.866037,160,339,73.1,64.6,0,39.02708,335,305,73.4,64.8,0,31.677475,300,405,72.6,64.3,0,27.99311,400,197,70.9,64.8,0,36.822086,195,412,71.8,64.2,0,32.967304,380,351,70.5,64.6,0,30.39312,335,174,73.8,64,0,61.808563,175,250,72.9,64.5,0,46.35683,245,353,72.7,64.1,0,38.440727,350,159,73.9,64.4,0,35.900913,160,668,74.1,64.2,0,59.780224,668.2998,228,73.6,65.1,0,41.42927,230,285,73.4,64.2,0,35.07289,285,196,70,64.8,0,44.067177,195,434,73.9,64.4,0,43.84575,424.79962,352,72.1,64,0,42.020447,335,178,73.6,64.2,0,57.283104,175,254,73.3,64.2,0,45.339554,245,426,72.6,64.3,0,46.372356,420,161,73.9,64.2,0,30.909534,160,338,73.7,64.2,0,33.247547,335,107,72.2,64.8,0,32.161236,100,340,72.7,64.7,0,39.038223,335,198,71.2,285,0,32.994488,195,386,73.9,64.3,0,36.490147,380,337,71.5,64.3,0,41.74841,335,375,73.9,64.1,0,46.752525,374,405,74,64.3,0,58.29439,408.79987,351,73.8,64.2,0,38.360497,350,161,73,64.6,0,42.71905,160,343,70,64.1,0,50.905777,335,284,74,64.8,0,46.203335,288.08255,157,72.8,64.5,0,34.2382,150,197,70.8,65.2,0,43.381573,195,392,74.2,64.4,0,40.70506,380,579,70,64,0,67.06844,575,635,73.8,64.5,0,56.338882,639.9864,252,73,64.8,0,43.356236,250,176,73.5,64.8,0,59.034664,175,211,73.9,64.7,0,32.657955,215.90607,189,71.8,64.6,0,44.980656,185,305,70.6,64.3,0,41.02591,300,305,73.9,64.1,0,35.54302,300.00034,211,70,64.2,0,55.6167,210,886,68.9,63.9,0,92.81193,880,89.4,89.5,89.3,145.9,104.5,118.1,1.2,0.1,30.05
20170714,930,79.1,95.2,41.35801195,44.54975833,259,48.9,43.9,5.6,81.7,77.4,-0.1,1.05,0,0,0,5,100,100,1,1,1,0,0,200,72,7.5,5.6,7.5,200,71.6,75,60.9,100,15,51.1,59.6,100,0,74.9,1.2,60.6,1.8125,64.9,0,0,51.4,13.5,0,0,0,73.8,74.1,63.5,72.1,15,49.9,60.8,59.2,0,74.1,0.99,60.6,1.8125,66,0,0,99.4,78,16,4.2,1.2,15,15,93.3,65.1,82,100,38.7,0,76.5,1.3,65.18965,64.68965,0,12.9,0,0,1,100,1,72,644,62.9,0,37.887512,667.99945,72,68,7045.323,70.4,62,100,9000,261,72.5,61.8,0,48.59893,260,126,70.8,62.5,0,52.70287,125,1394,72.1,62.1,0,48.178787,1390.9998,705,76.8,62.8,0,27.441156,700,741,74.5,62.4,0,50.049114,777.69226,207,70.4,62.7,0,38.095238,200,127,71.5,62.7,0,54.818092,125,334,71.5,63.3,0,32.377907,330,227,73.3,64,0,100,650,578,70.8,64.1,0,100,950,505,0,62.7,0,34.290974,500,507,72.2,62.7,0,34.33735,500,175,73.4,64.4,0,48.230087,175,249,70.6,64.8,0,42.995464,245,224,72.1,64.5,0,41.96669,220,351,73.7,64.4,0,32.55132,350,434,74.1,64.3,0,52.68358,433.59988,345,73.5,64.5,0,31.683413,335,343,74.1,64.4,0,29.247946,335,198,71.4,65,0,36.763985,195,484,74,64.6,0,32.019764,491.76324,247,70.4,64.4,0,43.323513,245,177,73.9,64.4,0,44.41718,175,247,72.7,64.5,0,46.50963,245,424,71.9,64.2,0,40.288567,420,161,73.7,64.9,0,26.866037,160,341,73.1,64.6,0,39.02708,335,306,73.4,64.9,0,31.677475,300,407,72.6,64.3,0,28.448381,400,196,71,64.8,0,36.822086,195,412,71.8,64.2,0,32.967304,380,351,70.5,64.6,0,30.39312,335,180,73.8,64.1,0,61.808563,175,249,72.9,64.5,0,46.35683,245,355,72.8,64.1,0,38.440727,350,162,73.9,64.4,0,35.900913,160,725,74.1,64.2,0,63.223446,728.89984,236,73.6,65.1,0,41.42927,230,287,73.4,64.3,0,35.967167,285,197,70,64.8,0,44.067177,195,420,74,64.5,0,43.84575,424.79962,340,72.1,64.1,0,42.453396,335,178,73.6,64.2,0,57.283104,175,255,73.4,64.3,0,45.339554,245,426,72.6,64.3,0,46.372356,420,161,73.9,64.2,0,30.909534,160,342,73.7,64.2,0,33.247547,335,108,72.2,64.8,0,32.161236,100,338,72.7,64.7,0,39.038223,335,198,71.2,284.8,0,32.994488,195,385,73.9,64.3,0,36.490147,380,338,71.5,64.3,0,41.74841,335,375,74,64.1,0,46.752525,374,404,74,64.3,0,58.29439,408.79987,352,73.9,64.2,0,38.798347,350,162,73.1,64.6,0,42.71905,160,341,70,64.1,0,50.905777,335,284,74,64.8,0,46.203335,288.08255,161,72.8,64.5,0,34.2382,150,197,70.8,65.2,0,43.381573,195,390,74.2,64.5,0,40.70506,380,581,69.9,64,0,67.06844,575,638,73.8,64.6,0,56.338882,639.9864,253,73,64.9,0,43.356236,250,176,73.5,64.9,0,59.034664,175,211,73.9,64.7,0,32.657955,215.90607,189,71.8,64.6,0,44.980656,185,309,70.6,64.4,0,41.02591,300,307,73.9,64.1,0,35.54302,300.00034,212,70.1,64.2,0,55.6167,210,884,68.9,63.9,0,92.77975,880,89.4,89.5,89.2,144.9,104.5,118,1.2,-0.1,30.05
20170714,935,79,95.5,41.32993849,44.54975833,259,49.2,44.1,5.6,81.6,77.2,-0.2,0.95,0,0,0,5,100,100,1,1,1,0,0,200,72,7.5,5.6,7.5,200,71.6,74.9,60.9,100,15,51.5,59.6,100,0,74.9,1.15,60.6,1.8125,65.2,0,0,51.1,13.7,0,0,0,73.8,74,63.3,72.6,15,50.3,60.8,62.1,0,74,1.02,60.6,1.8125,66.1,0,0,98.5,76.4,16.8,4.8,0.9,15,15,92.6,65.1,82,100,39.4,0,76.5,1.3,65.18965,64.68965,0,12.9,0,0,1,100,1,72,868,62.7,0,44.5166,883.9989,72,68,7045.323,70.4,62,100,9000,263,72.7,61.7,0,49.593582,260,127,70.8,62.4,0,53.764492,125,1476,72.2,62,0,52.65929,1492.9995,707,76.9,62.9,0,23.828945,700,805,74.5,62.2,0,53.106583,813.69226,203,70.4,62.6,0,38.095238,200,127,71.6,62.7,0,55.26057,125,335,71.6,63.2,0,32.774776,330,222,73.3,63.9,0,100,650,564,70.8,64,0,100,950,501,0,62.6,0,34.290974,500,503,72.4,62.6,0,34.33735,500,179,73.4,64.4,0,48.672565,175,254,70.6,64.8,0,43.522488,245,225,72.1,64.5,0,41.96669,220,362,73.7,64.4,0,33.16227,350,484,74.1,64.2,0,55.952675,479.1999,343,73.5,64.5,0,31.683413,335,413,74.1,64.3,0,32.376396,408.7998,198,71.4,65,0,36.763985,195,488,74,64.6,0,32.019764,491.76324,249,70.5,64.3,0,43.654884,245,178,73.9,64.3,0,44.41718,175,249,72.7,64.5,0,46.50963,245,427,71.9,64.2,0,40.288567,420,161,73.7,64.9,0,26.866037,160,341,73.2,64.6,0,39.02708,335,306,73.4,64.9,0,31.677475,300,408,72.5,64.3,0,28.448381,400,198,70.9,64.8,0,36.822086,195,418,71.8,64.2,0,32.967304,380,354,70.5,64.7,0,30.39312,335,178,73.8,64,0,61.808563,175,248,72.9,64.5,0,46.35683,245,354,72.8,64.1,0,38.440727,350,161,74,64.4,0,35.900913,160,794,74.1,64.1,0,66.58119,789.4999,234,73.6,65.1,0,41.42927,230,291,73.4,64.3,0,37.020702,285,203,70.1,64.7,0,44.505295,195,416,74,64.4,0,43.84575,424.79962,343,72.2,64,0,42.970535,335,179,73.6,64.2,0,57.283104,175,256,73.5,64.2,0,45.339554,245,427,72.6,64.3,0,46.372356,420,162,73.9,64.2,0,30.909534,160,344,73.8,64.2,0,33.247547,335,107,72.2,64.8,0,32.161236,100,341,72.7,64.7,0,39.038223,335,199,71.2,284.6,0,32.994488,195,386,73.9,64.3,0,36.490147,380,339,71.5,64.3,0,41.74841,335,376,73.9,64.1,0,46.752525,374,408,74,64.2,0,58.29439,408.79987,353,73.9,64.1,0,38.798347,350,162,73.2,64.6,0,42.71905,160,352,70,64.1,0,50.905777,335,285,74,64.8,0,46.203335,288.08255,162,72.8,64.5,0,34.2382,150,199,70.8,65.2,0,43.381573,195,388,74.1,64.4,0,40.70506,380,587,70,63.9,0,67.06844,575,603,73.7,64.6,0,54.664646,596.48615,256,73,64.9,0,43.356236,250,178,73.5,64.9,0,59.034664,175,212,73.9,64.7,0,32.657955,215.90607,191,71.8,64.6,0,44.980656,185,308,70.6,64.3,0,41.02591,300,308,73.9,64.1,0,35.54302,300.00034,213,70,64.1,0,55.6167,210,892,68.9,63.8,0,92.07166,880,89.4,89.5,89.2,145.9,104.5,117.8,1.2,0.1,30.05
20170714,940,78.7,95.7,41.06892598,44.54975833,260,49.3,44,5.6,81.8,77.2,-0.2,1.05,0,0,0,5,100,100,1,1,1,0,0,200,72,7.5,5.6,7.5,200,71.6,75,61.1,100,15,52.1,59.6,100,0,74.9,1.1,60.6,1.8125,65.8,0,0,51.5,13.6,0,0,0,73.8,74.1,62.9,73,15,50.3,60.8,59.4,0,74.1,0.99,60.6,1.8125,66.1,0,0,99.2,79.8,16,4.3,1.3,15,15,92.9,65.1,82,100,39.3,0,76.5,1.3,65.18965,64.68965,0,12.9,0,0,1,100,1,72,987,62.6,0,47.151085,991.9989,72,68,7045.323,70.4,62.1,100,9000,262,72.6,61.7,0,49.97861,260,126,70.9,62.4,0,54.203785,125,1614,72.2,62.1,0,56.226498,1594.9995,710,77.2,63.1,0,19.657423,700,885,74.5,62.3,0,56.999016,885.69226,205,70.4,62.7,0,38.55051,200,126,71.6,62.7,0,55.71534,125,338,71.5,63.3,0,33.248814,330,217,73.3,64,0,100,650,555,70.6,64.1,0,100,950,502,0,62.7,0,34.732964,500,503,72.6,62.7,0,34.952053,500,178,73.4,64,0,48.217796,175,250,70.6,64.4,0,43.522488,245,223,72,64.2,0,41.96669,220,361,73.7,64,0,33.16227,350,502,74,63.9,0,57.965355,501.99988,342,73.5,64.2,0,31.683413,335,452,74,64,0,34.06944,445.69983,197,71.4,64.8,0,36.763985,195,488,74,64.3,0,32.48919,491.76324,250,70.5,64,0,43.654884,245,177,73.9,64,0,44.41718,175,249,72.7,64.1,0,46.50963,245,425,71.9,63.8,0,40.288567,420,163,73.7,64.6,0,27.319523,160,344,73.2,64.3,0,39.02708,335,306,73.5,64.7,0,31.677475,300,411,72.5,64,0,28.448381,400,198,70.9,64.6,0,36.822086,195,412,71.8,63.9,0,32.967304,380,349,70.5,64.3,0,30.39312,335,181,73.8,63.6,0,62.241467,175,252,72.9,64.2,0,46.784737,245,361,72.8,63.7,0,38.9695,350,163,74,64.1,0,36.024155,160,787,74,63.8,0,66.64225,789.4999,233,73.6,64.9,0,41.42927,230,288,73.4,64,0,37.020702,285,202,70.1,64.5,0,44.505295,195,422,74,64.2,0,44.310616,424.79962,341,72.2,63.7,0,42.970535,335,180,73.7,63.9,0,57.283104,175,256,73.6,63.9,0,45.339554,245,426,72.6,63.9,0,46.372356,420,161,74,64,0,30.909534,160,342,73.8,63.9,0,33.247547,335,108,72.2,64.6,0,32.161236,100,341,72.7,64.4,0,39.038223,335,199,71.2,284.7,0,32.994488,195,385,73.8,64.1,0,36.490147,380,339,71.5,64,0,41.74841,335,376,73.9,63.7,0,46.752525,374,404,73.9,63.8,0,58.29439,408.79987,353,73.9,63.8,0,38.798347,350,162,73.2,64.3,0,42.71905,160,358,70,63.8,0,50.905777,335,285,74,64.6,0,46.203335,288.08255,166,72.8,64.3,0,34.2382,150,198,70.8,65,0,43.381573,195,390,74.1,64.1,0,40.70506,380,587,70,63.6,0,67.06844,575,600,73.8,64.3,0,54.664646,596.48615,255,73,64.6,0,43.356236,250,179,73.5,64.7,0,59.034664,175,212,73.9,64.5,0,32.657955,215.90607,189,71.8,64.3,0,44.980656,185,311,70.6,64,0,41.02591,300,307,73.9,63.7,0,35.54302,300.00034,212,70,63.8,0,55.6167,210,890,68.8,63.5,0,92.125305,880,89.4,89.5,89.3,144.9,104.5,117.8,1.2,-0.1,30.06
20170714,945,78.6,96.9,41.25511885,44.54975833,257,49.3,44,5.65,81.8,77.2,-0.1,1.05,0,0,0,5,100,100,1,1,1,0,0,200,72,7.5,5.65,7.5,200,71.6,74.8,60.8,100,15,52.4,59.6,100,0,74.8,1.05,60.6,1.8125,65.5,0,0,51.3,13.7,0,0,0,73.8,74.1,63.1,73.1,15,50.4,60.8,61.8,0,74.1,1.01,60.6,1.8125,66,0,0,99.3,78.2,16.8,4.4,1.5,15,15,93.1,65.1,82,100,39.9,0,76.5,1.3,65.18965,64.68965,0,12.9,0,0,1,100,1,72,1218,62.4,0,53.449333,1207.9989,72,68,6694.7363,70.4,61.9,100,9000,263,72.7,61.6,0,50.577538,260,126,70.9,62.4,0,54.655277,125,1700,72.2,61.9,0,62.67326,1696.9995,716,77.5,63.4,0,7.3642507,700,915,74.3,62.1,0,58.85314,921.6924,202,70.4,62.6,0,38.55051,200,126,71.6,62.6,0,56.157814,125,333,71.5,63.2,0,33.248814,330,215,73.3,63.9,0,100,650,542,70.9,64,0,100,950,507,0,62.6,0,35.34684,500,504,72.5,62.5,0,35.394638,500,177,73.3,64,0,48.217796,175,253,70.5,64.4,0,43.522488,245,224,72,64.1,0,41.96669,220,360,73.7,64,0,33.16227,350,504,74,63.8,0,57.965355,501.99988,341,73.5,64.1,0,31.683413,335,448,74,63.9,0,33.61551,445.69983,196,71.4,64.7,0,36.763985,195,486,74,64.2,0,32.48919,491.76324,251,70.4,64,0,43.654884,245,177,73.9,64,0,44.41718,175,248,72.7,64.1,0,46.50963,245,426,71.9,63.8,0,40.288567,420,163,73.7,64.5,0,27.319523,160,340,73.2,64.2,0,39.02708,335,306,73.5,64.6,0,31.677475,300,409,72.5,63.9,0,28.448381,400,198,71,64.5,0,36.822086,195,416,71.9,63.8,0,33.43615,380,351,70.5,64.3,0,30.39312,335,180,73.8,63.6,0,62.241467,175,253,72.9,64.1,0,46.784737,245,364,72.8,63.7,0,38.9695,350,163,74,64.1,0,36.024155,160,783,73.9,63.8,0,67.24054,789.4999,234,73.6,64.8,0,41.42927,230,290,73.4,63.9,0,37.020702,285,201,70.1,64.4,0,44.505295,195,424,74,64.1,0,44.310616,424.79962,342,72.1,63.6,0,42.970535,335,179,73.7,63.8,0,57.283104,175,256,73.6,63.9,0,45.339554,245,427,72.6,63.9,0,46.372356,420,162,74.1,63.9,0,30.909534,160,339,73.9,63.8,0,33.247547,335,109,72.2,64.6,0,32.161236,100,342,72.7,64.4,0,39.038223,335,199,71.2,285,0,32.994488,195,386,73.8,64,0,36.490147,380,341,71.5,63.9,0,41.74841,335,376,74,63.7,0,46.752525,374,410,73.9,63.9,0,58.29439,408.79987,355,73.9,63.7,0,38.798347,350,162,73.3,64.3,0,42.71905,160,350,70,63.8,0,50.905777,335,284,74,64.5,0,46.203335,288.08255,170,72.8,64.2,0,34.2382,150,199,70.8,64.9,0,43.381573,195,393,74.1,64.1,0,40.70506,380,588,70.1,63.6,0,67.06844,575,549,73.8,64.3,0,53.797276,552.98615,257,73,64.5,0,43.356236,250,178,73.5,64.5,0,59.034664,175,212,74,64.4,0,32.657955,215.90607,191,71.8,64.3,0,44.980656,185,312,70.6,64,0,41.02591,300,309,73.9,63.7,0,35.54302,300.00034,214,70,63.8,0,55.6167,210,893,68.9,63.5,0,92.028755,880,89.3,89.4,89.1,144.9,104.5,117.7,1.2,-0.1,30.06
20170714,950,78.3,97.6,41.11858052,44.54975833,261,49.3,44,5.65,81.9,77.3,-0.2,1.05,0,0,0,5,100,100,1,1,1,0,0,200,72,7.5,5.65,7.5,200,71.5,75,60.7,100,15,53.3,59.2,100,0,74.9,1,60.2,1.8125,65.4,0,0,51.3,13.8,0,0,0,73.8,74,62.9,72.8,15,50.7,60.6,57.5,0,74,1,60.2,1.8125,66,0,0,99.3,77.9,15.5,4.2,1.3,15,15,92.8,65.1,82,100,40.8,0,76.5,1.3,65.06896,64.56896,0,12.9,0,0,1,100,1,72,1390,62.2,0,60.15194,1423.9989,72,68,6694.7363,70.4,61.8,100,9000,262,72.5,61.5,0,50.577538,260,127,70.9,62.3,0,55.10677,125,1737,72.2,61.8,0,64.70399,1747.9995,721,77.8,64.2,0,0.03496911,700,961,74.1,62,0,60.71955,957.69183,205,70.4,62.5,0,38.993477,200,127,71.6,62.6,0,56.77237,125,337,71.3,63.1,0,33.73388,330,212,73.3,63.9,0,100,650,536,70.7,63.9,0,100,950,506,0,62.5,0,35.34684,500,502,72.4,62.4,0,35.394638,500,177,73.2,63.9,0,48.217796,175,249,70.5,64.3,0,43.522488,245,221,72,64.1,0,41.96669,220,359,73.7,63.9,0,33.16227,350,500,74,63.7,0,57.965355,501.99988,338,73.5,64,0,31.683413,335,449,73.9,63.9,0,33.61551,445.69983,201,71.4,64.6,0,37.205593,195,488,74,64.2,0,32.48919,491.76324,249,70.4,63.9,0,43.654884,245,177,73.9,63.9,0,44.41718,175,246,72.7,64,0,46.50963,245,422,71.9,63.8,0,40.288567,420,162,73.8,64.4,0,27.319523,160,337,73.2,64.1,0,39.02708,335,306,73.5,64.6,0,31.677475,300,409,72.6,63.9,0,28.448381,400,195,71,64.5,0,36.822086,195,411,71.9,63.7,0,33.43615,380,353,70.5,64.2,0,30.39312,335,179,73.8,63.5,0,62.241467,175,251,72.9,64.1,0,46.784737,245,361,72.8,63.7,0,38.9695,350,163,74,64,0,36.024155,160,785,73.9,63.7,0,67.08181,789.4999,233,73.6,64.8,0,41.42927,230,286,73.5,63.9,0,37.020702,285,201,70.1,64.3,0,44.505295,195,421,73.9,64,0,44.310616,424.79962,338,72.1,63.6,0,42.970535,335,177,73.6,63.7,0,57.283104,175,254,73.6,63.8,0,45.339554,245,422,72.6,63.8,0,46.372356,420,203,74.1,63.8,0,34.961437,205.59988,341,73.9,63.8,0,33.247547,335,106,72.2,64.5,0,32.161236,100,340,72.7,64.3,0,39.038223,335,197,71.2,284.9,0,32.994488,195,384,73.8,63.9,0,36.490147,380,338,71.5,63.9,0,41.74841,335,375,74,63.7,0,46.752525,374,407,73.9,63.8,0,58.29439,408.79987,352,73.9,63.7,0,38.798347,350,162,73.3,64.2,0,42.71905,160,345,70,63.7,0,50.905777,335,284,74,64.5,0,46.203335,288.08255,161,72.8,64.1,0,34.2382,150,198,70.8,64.9,0,43.381573,195,391,74.1,64,0,40.70506,380,585,70.1,63.5,0,67.06844,575,548,73.8,64.2,0,53.797276,552.98615,256,73,64.5,0,43.356236,250,178,73.5,64.5,0,59.034664,175,211,73.9,64.3,0,32.657955,215.90607,190,71.8,64.2,0,44.980656,185,307,70.6,63.9,0,40.639366,300,308,73.9,63.6,0,35.54302,300.00034,212,69.9,63.7,0,55.6167,210,890,68.8,63.4,0,92.18968,880,89.3,89.4,89,147.9,104.5,117.7,1.2,0,30.06
20170714,955,78.2,97.5,40.99430779,44.54975833,258,49.4,44.1,5.65,81.9,77.3,-0.1,1.05,0,0,0,5,100,100,1,1,1,0,0,200,72,7.5,5.65,7.5,200,71.5,74.6,60.4,100,15,53.6,59.2,100,0,74.6,1,60.2,1.8125,65.2,0,0,51.6,13.7,0,0,0,73.8,74,63.1,73,15,50.8,60.6,61.2,0,74,1,60.2,1.8125,66,0,0,99.5,79.8,16.5,4.7,1,15,15,92.9,65.1,82,100,39.7,0,76.5,1.3,65.06896,64.56896,0,12.9,0,0,1,100,1,72,1519,61.9,0,65.35964,1531.9989,72,68,6694.7363,70.4,61.6,100,9000,261,72.5,61.3,0,50.97326,260,126,70.9,62.1,0,55.63148,125,1839,72.1,61.5,0,73.82615,1849.9998,736,78,64.9,0,0.03496911,700,988,74,61.7,0,62.401764,993.6921,201,70.4,62.3,0,38.993477,200,126,71.6,62.3,0,57.227142,125,332,71.4,62.9,0,33.73388,330,209,73.3,63.7,0,100,650,526,70.7,63.8,0,100,950,502,0,62.3,0,35.34684,500,502,72.3,62.2,0,35.837227,500,177,73.2,64,0,48.217796,175,251,70.5,64.3,0,43.522488,245,222,72,64.1,0,41.96669,220,360,73.6,63.9,0,33.16227,350,501,74,63.8,0,57.965355,501.99988,341,73.6,64,0,31.683413,335,449,73.9,63.9,0,33.61551,445.69983,200,71.4,64.6,0,36.751717,195,486,73.9,64.2,0,32.48919,491.76324,250,70.4,63.9,0,43.654884,245,177,73.9,64,0,44.41718,175,247,72.7,64,0,46.50963,245,423,71.9,63.8,0,40.288567,420,163,73.8,64.4,0,27.319523,160,341,73.2,64.2,0,39.02708,335,306,73.4,64.6,0,31.677475,300,408,72.6,63.9,0,28.448381,400,197,70.9,64.4,0,36.822086,195,422,71.9,63.7,0,33.43615,380,352,70.5,64.2,0,30.39312,335,180,73.7,63.6,0,62.241467,175,253,72.9,64.1,0,46.784737,245,361,72.7,63.6,0,38.9695,350,163,74,64,0,36.024155,160,789,73.8,63.8,0,66.61783,789.4999,237,73.6,64.7,0,41.883595,230,294,73.5,63.8,0,37.46172,285,199,70.1,64.3,0,44.505295,195,418,73.9,64,0,44.310616,424.79962,336,72.1,63.6,0,42.200844,335,178,73.5,63.8,0,57.283104,175,254,73.6,63.8,0,45.339554,245,424,72.6,63.9,0,46.372356,420,230,74.1,63.7,0,36.98127,228.39989,339,73.9,63.8,0,33.247547,335,107,72.2,64.5,0,32.161236,100,339,72.7,64.3,0,39.038223,335,198,71.2,284.9,0,32.994488,195,387,73.8,63.9,0,36.490147,380,337,71.5,63.9,0,41.74841,335,376,73.9,63.7,0,46.752525,374,381,73.8,63.9,0,56.234066,381.50027,353,73.9,63.7,0,38.798347,350,162,73.4,64.2,0,42.71905,160,354,70,63.7,0,50.905777,335,284,74,64.5,0,46.203335,288.08255,163,72.8,64.1,0,34.2382,150,198,70.8,64.9,0,43.381573,195,387,74.2,64,0,40.70506,380,583,70.2,63.6,0,67.06844,575,551,73.8,64.2,0,53.797276,552.98615,255,73,64.5,0,43.356236,250,178,73.5,64.5,0,59.034664,175,212,73.9,64.3,0,32.657955,215.90607,190,71.7,64.2,0,44.980656,185,309,70.6,63.9,0,40.639366,300,308,73.9,63.6,0,35.54302,300.00034,212,69.9,63.7,0,55.6167,210,890,68.8,63.5,0,92.15749,880,89.3,89.4,89.2,143.9,104.5,117.7,3.1,-0.4,30.06
20170714,1000,78.1,98.5,41.12853939,44.54975833,262,49.4,44.1,5.6,81.9,77.2,-0.1,1.1,0,0,0,5,100,100,1,1,1,0,0,200,72,7.5,5.6,7.5,200,71.4,74.7,60.4,100,15,53.9,59.2,100,0,74.6,0.95,60.2,1.8125,65,0,0,51.8,13.8,0,0,0,73.8,74,63.1,73,15,51.1,60.6,59.6,0,74,1.01,60.2,1.8125,65.9,0,0,99.5,78.2,16.1,4.4,1.3,15,15,92.7,65.1,82,100,40.3,0,76.5,1.3,65.06896,64.56896,0,12.9,0,0,1,100,1,72,1683,61.9,0,74.28011,1747.9995,72,68,6694.7363,70.4,61.5,100,9000,263,72.5,61.2,0,51.572193,260,126,71,62,0,56.241615,125,1837,72.1,61.5,0,74.52455,1850,747,78.2,65.4,0,0.03496911,700,1063,74.3,61.6,0,66.20825,1065.6926,206,70.4,62.2,0,39.60871,200,126,71.4,62.3,0,57.669617,125,337,71.2,62.8,0,34.35123,330,205,73.5,63.7,0,100,650,512,70.6,63.7,0,100,950,505,0,62.2,0,35.78883,500,505,72.2,62.2,0,36.27981,500,177,73.1,64,0,48.217796,175,250,70.4,64.3,0,43.522488,245,223,71.9,64.1,0,41.96669,220,360,73.6,63.9,0,33.16227,350,502,73.9,63.8,0,57.965355,501.99988,341,73.6,64.1,0,31.683413,335,450,73.9,63.9,0,33.61551,445.69983,201,71.3,64.6,0,36.751717,195,489,73.9,64.2,0,32.48919,491.76324,250,70.4,63.9,0,43.654884,245,177,73.9,64,0,44.41718,175,252,72.7,64.1,0,46.951294,245,424,71.8,63.8,0,40.288567,420,163,73.7,64.5,0,27.319523,160,340,73.2,64.2,0,39.02708,335,306,73.4,64.5,0,31.677475,300,410,72.6,63.9,0,28.448381,400,197,71,64.5,0,36.822086,195,419,72,63.7,0,33.43615,380,349,70.5,64.2,0,30.39312,335,181,73.7,63.6,0,62.241467,175,252,72.9,64.1,0,46.784737,245,364,72.8,63.7,0,38.9695,350,163,74,64.1,0,36.024155,160,758,73.7,63.8,0,64.44444,759.1997,238,73.6,64.7,0,41.883595,230,295,73.4,63.8,0,37.46172,285,202,70.1,64.3,0,44.505295,195,423,73.9,64,0,44.310616,424.79962,343,72.2,63.6,0,43.16296,335,178,73.6,63.8,0,57.283104,175,253,73.7,63.8,0,45.339554,245,424,72.6,63.9,0,46.372356,420,278,74.1,63.7,0,40.274208,273.99988,340,73.9,63.8,0,33.247547,335,109,72.2,64.5,0,32.161236,100,340,72.7,64.3,0,39.494453,335,198,71.2,285.1,0,32.994488,195,387,73.8,63.9,0,36.490147,380,337,71.5,63.9,0,41.74841,335,377,73.9,63.7,0,46.752525,374,381,73.8,63.9,0,56.234066,381.50027,352,73.9,63.7,0,38.798347,350,162,73.4,64.2,0,42.71905,160,348,69.9,63.7,0,50.905777,335,285,74,64.4,0,46.203335,288.08255,167,72.8,64.1,0,34.2382,150,198,70.8,64.9,0,43.381573,195,391,74.2,64,0,40.70506,380,585,70.2,63.6,0,67.06844,575,550,73.8,64.2,0,53.797276,552.98615,256,73,64.5,0,43.356236,250,177,73.5,64.5,0,59.034664,175,212,73.9,64.3,0,32.657955,215.90607,191,71.7,64.2,0,44.980656,185,308,70.6,63.9,0,40.639366,300,308,74,63.7,0,35.54302,300.00034,213,69.9,63.7,0,55.6167,210,891,68.8,63.4,0,92.060936,880,89.3,89.4,89,145.9,104.5,117.8,1.2,-0.1,30.06
20170714,1005,77.6,99.6,40.87966538,48.27569583,261,49.4,44.1,5.6,81.9,77.2,-0.2,1.05,0,0,0,5,100,100,1,1,1,0,0,200,72,7.5,5.6,7.5,200,71.4,74.5,60.4,100,15,54.2,59.2,100,0,74.5,0.95,60.2,1.8125,64.8,0,0,51.7,13.7,0,0,0,73.8,74,63.1,73.1,15,51.4,60.6,61.3,0,73.9,1.01,60.2,1.8125,65.9,0,0,99.3,79.8,16.6,4.2,1.1,15,15,92.8,65.1,82,100,40.2,0,76.5,1.3,65.06896,64.56896,0,12.9,0,0,1,100,1,72,1830,61.9,0,91.64318,1855.9995,72,68,6694.7363,70.4,61.5,100,9000,263,72.4,61.2,0,51.95722,260,126,71.1,62,0,56.693108,125,1833,72.1,61.5,0,79.638985,1850,756,78.2,65.9,0,0.03496911,700,1098,74.3,61.6,0,70.00246,1137.6926,203,70.4,62.3,0,39.60871,200,126,71.4,62.3,0,58.124386,125,334,71.2,62.8,0,34.35123,330,202,73.5,63.7,0,100,650,505,70.5,63.7,0,100,950,501,0,62.2,0,35.78883,500,503,72.1,62.1,0,36.27981,500,177,73.2,63.9,0,48.217796,175,251,70.4,64.4,0,43.522488,245,222,71.9,64.1,0,41.96669,220,360,73.6,63.9,0,33.16227,350,501,73.9,63.8,0,57.965355,501.99988,339,73.6,64.1,0,31.683413,335,448,73.9,63.9,0,33.61551,445.69983,200,71.3,64.6,0,36.751717,195,487,73.9,64.2,0,32.48919,491.76324,247,70.4,63.9,0,43.654884,245,176,73.9,64,0,44.41718,175,252,72.6,64.1,0,46.951294,245,424,71.8,63.8,0,40.288567,420,162,73.8,64.4,0,27.319523,160,338,73.2,64.2,0,39.02708,335,306,73.4,64.5,0,31.677475,300,408,72.6,63.9,0,28.448381,400,196,70.9,64.5,0,36.822086,195,404,72.1,63.8,0,33.43615,380,345,70.5,64.2,0,30.39312,335,182,73.7,63.6,0,62.241467,175,252,72.9,64.1,0,46.784737,245,364,72.8,63.7,0,38.9695,350,162,74.1,64.1,0,34.96426,160,696,73.7,63.8,0,60.586082,698.5997,239,73.6,64.7,0,41.42927,230,297,73.4,63.8,0,37.46172,285,203,70,64.3,0,44.505295,195,425,73.9,64,0,44.310616,424.79962,346,72.2,63.6,0,43.16296,335,178,73.6,63.8,0,57.283104,175,253,73.8,63.8,0,45.339554,245,424,72.6,63.9,0,46.372356,420,299,74.1,63.7,0,41.70645,296.79987,340,74,63.8,0,33.247547,335,107,72.2,64.5,0,32.161236,100,339,72.7,64.3,0,39.494453,335,198,71.2,284.8,0,32.994488,195,383,73.9,63.9,0,36.490147,380,337,71.5,63.9,0,41.74841,335,376,74,63.7,0,46.752525,374,378,73.8,63.9,0,56.234066,381.50027,352,74,63.7,0,38.798347,350,162,73.4,64.2,0,42.71905,160,348,70,63.7,0,50.905777,335,285,74,64.4,0,46.203335,288.08255,170,72.8,64.1,0,34.2382,150,198,70.8,64.9,0,43.381573,195,390,74.3,64,0,40.70506,380,589,70.2,63.6,0,67.06844,575,551,73.8,64.2,0,53.797276,552.98615,256,72.9,64.4,0,43.356236,250,177,73.5,64.5,0,59.034664,175,212,73.9,64.3,0,32.657955,215.90607,190,71.7,64.2,0,44.980656,185,308,70.5,64,0,40.639366,300,327,74,63.6,0,37.635166,332.99982,213,69.9,63.8,0,55.6167,210,890,68.8,63.5,0,92.24332,880,89.2,89.4,89.2,143.9,104.5,117.9,-0.2,0.5,30.06
20170714,1010,76.9,99.6,40.17975699,48.27569583,255,49.6,44.1,5.6,81.9,77.1,-0.2,1.05,0,0,0,5,100,100,1,1,1,0,0,200,72,7.5,5.6,7.5,200,71.4,74.4,60.4,100,15,54.5,59.2,100,0,74.5,0.9,60.2,1.8125,64.7,0,0,51.9,13.5,0,0,0,73.8,73.8,62.5,73.1,15,51.3,60.6,62.4,0,73.8,1.01,60.2,1.8125,65.9,0,0,98.9,78.5,16.9,4.4,1.2,15,15,93.7,65.1,82,100,39.2,0,76.5,1.3,65.06896,64.56896,0,12.9,0,0,1,100,1,72,1866,61.9,0,99.975494,2000,72,68,6512.6553,70.4,61.6,100,9000,263,72.3,61.2,0,51.95722,260,126,71,62,0,56.693108,125,1826,72.2,61.5,0,80.06876,1850,758,78.4,66.4,0,0.03496911,700,1072,73.6,61.6,0,68.12377,1065.6919,203,70.4,62.2,0,39.60871,200,128,71.5,62.3,0,58.6529,125,333,71.2,62.8,0,34.35123,330,202,73.4,63.7,0,100,650,507,70.5,63.8,0,100,950,507,0,62.2,0,36.230816,500,502,72,62.2,0,36.27981,500,177,73.2,63.7,0,48.217796,175,251,70.4,64.1,0,43.522488,245,222,71.7,63.8,0,41.96669,220,359,73.5,63.7,0,33.16227,350,503,73.9,63.5,0,57.965355,501.99988,339,73.6,63.8,0,31.683413,335,449,73.9,63.6,0,33.61551,445.69983,200,71.3,64.4,0,36.751717,195,487,73.9,64,0,32.48919,491.76324,247,70.4,63.6,0,43.654884,245,177,73.9,63.6,0,44.41718,175,252,72.6,63.7,0,46.951294,245,425,71.8,63.5,0,40.288567,420,162,73.8,64.2,0,27.319523,160,340,73.2,63.9,0,39.02708,335,305,73.4,64.3,0,31.677475,300,410,72.6,63.6,0,28.448381,400,197,70.9,64.2,0,36.822086,195,414,72.1,63.5,0,33.43615,380,355,70.5,64,0,30.39312,335,181,73.7,63.2,0,62.241467,175,255,72.9,63.8,0,46.784737,245,364,72.8,63.4,0,38.9695,350,212,74.1,63.6,0,41.80429,211.59987,633,73.6,63.4,0,58.22955,637.9998,238,73.6,64.6,0,41.42927,230,296,73.5,63.6,0,37.46172,285,202,70,64.1,0,44.505295,195,424,73.9,63.8,0,44.310616,424.79962,347,72.3,63.3,0,43.16296,335,177,73.6,63.5,0,57.283104,175,253,73.8,63.4,0,45.339554,245,432,72.5,63.6,0,46.82735,420,341,74,63.3,0,44.90146,342.3999,339,74.1,63.5,0,33.247547,335,108,72.2,64.3,0,32.161236,100,339,72.7,64.1,0,39.494453,335,197,71.2,284.9,0,32.994488,195,389,73.9,63.7,0,36.7734,380,338,71.5,63.6,0,41.74841,335,376,73.9,63.3,0,46.752525,374,378,73.8,63.5,0,56.234066,381.50027,353,74.1,63.4,0,38.798347,350,162,73.5,64,0,42.71905,160,345,70,63.4,0,50.905777,335,284,73.9,64.3,0,46.203335,288.08255,168,72.8,63.9,0,34.2382,150,197,70.8,64.7,0,43.381573,195,385,74.3,63.7,0,40.70506,380,586,70.2,63.2,0,67.06844,575,505,73.8,64.1,0,51.628845,509.48615,257,73,64.3,0,43.356236,250,177,73.5,64.3,0,59.034664,175,212,73.9,64.1,0,32.657955,215.90607,191,71.7,64,0,44.980656,185,307,70.5,63.6,0,40.639366,300,367,74.1,63.3,0,39.57452,365.99982,212,69.8,63.4,0,55.6167,210,889,68.8,63,0,92.211136,880,89.2,89.3,89.2,143.9,104.5,118,1.2,-0.1,30.06
20170714,1015,76.3,99.6,39.58906452,48.27569583,259,49.4,44,5.6,81.8,77,-0.2,1.2,0,0,0,5,100,100,1,1,1,0,0,200,72,7.5,5.6,7.5,200,71.4,74.3,60.2,100,15,54.6,59.2,100,0,74.4,0.95,60.2,1.8125,64.5,0,0,52,13.9,0,0,0,73.8,73.9,62.5,73.6,15,51.2,60.6,61.7,0,73.8,1.01,60.2,1.8125,65.8,0,0,99.5,80.4,16.7,4.2,1.2,15,15,93.1,65.1,82,100,39.6,0,76.5,1.3,65.06896,64.56896,0,12.9,0,0,1,100,1,72,1876,61.8,0,99.975494,2000,72,68,6694.7363,70.2,61.4,100,9000,265,72.2,61.1,0,51.95722,260,127,70.9,61.9,0,56.693108,125,1835,72.1,61.4,0,79.53153,1850,754,78.6,66.7,0,0.03496911,700,1006,73.6,61.6,0,63.605106,993.69226,205,70.4,62.2,0,39.60871,200,129,71.4,62.2,0,58.6529,125,336,71.1,62.8,0,34.35123,330,204,73.4,63.7,0,100,650,510,70.4,63.7,0,100,950,509,0,62.1,0,36.230816,500,504,71.9,62.1,0,36.27981,500,177,73.3,63.5,0,48.217796,175,251,70.4,63.9,0,43.522488,245,222,71.4,63.7,0,41.96669,220,360,73.5,63.5,0,33.16227,350,501,73.8,63.3,0,57.965355,501.99988,340,73.7,63.6,0,31.683413,335,449,73.8,63.4,0,33.61551,445.69983,201,71.3,64.3,0,36.751717,195,492,73.9,63.8,0,32.48919,491.76324,248,70.4,63.5,0,43.654884,245,177,73.9,63.5,0,44.41718,175,252,72.6,63.6,0,46.951294,245,423,71.8,63.3,0,40.288567,420,162,73.7,64.1,0,27.319523,160,339,73.2,63.8,0,39.02708,335,306,73.4,64.2,0,31.677475,300,410,72.6,63.5,0,28.448381,400,197,70.9,64.1,0,36.822086,195,411,72.1,63.3,0,33.43615,380,349,70.5,63.8,0,30.39312,335,183,73.6,63.1,0,62.241467,175,255,72.9,63.6,0,46.784737,245,365,72.7,63.2,0,38.9695,350,240,74,63.5,0,43.887108,237.39987,569,73.6,63.3,0,54.566544,577.39984,240,73.6,64.4,0,41.42927,230,298,73.5,63.5,0,37.46172,285,204,70,64,0,44.505295,195,426,73.9,63.6,0,44.310616,424.79962,346,72.2,63.2,0,43.16296,335,177,73.6,63.3,0,57.283104,175,250,73.9,63.3,0,45.339554,245,430,72.5,63.4,0,46.82735,420,368,74.1,63.2,0,46.76215,365.1999,416,74.1,63.3,0,37.169117,414.7998,106,72.2,64.2,0,32.161236,100,337,72.8,64,0,39.494453,335,195,71.2,284.9,0,32.994488,195,389,73.9,63.5,0,36.7734,380,339,71.6,63.5,0,42.189796,335,376,73.9,63.2,0,46.752525,374,378,73.8,63.4,0,56.234066,381.50027,374,74.1,63.2,0,40.91462,379.39984,162,73.5,63.9,0,42.71905,160,346,69.9,63.3,0,50.905777,335,284,73.9,64.2,0,46.203335,288.08255,162,72.8,63.8,0,34.2382,150,198,70.8,64.5,0,43.381573,195,391,74.4,63.6,0,40.70506,380,585,70.2,63.1,0,67.06844,575,505,73.8,63.9,0,51.628845,509.48615,255,73,64.1,0,43.356236,250,178,73.5,64.1,0,59.034664,175,213,73.9,64,0,32.657955,215.90607,190,71.6,63.8,0,44.980656,185,305,70.5,63.5,0,40.639366,300,404,73.9,63.1,0,41.208275,398.99982,212,69.8,63.3,0,55.6167,210,888,68.8,63,0,92.26478,880,89.2,89.3,89.2,144.9,104.5,117.8,1.4,-0.1,30.06
20170714,1020,76,99.6,39.29686349,48.27569583,262,49.5,44.1,5.65,81.6,76.9,-0.1,1.05,0,0,0,5,100,100,1,1,1,0,0,200,72,7.5,5.65,7.5,200,71.4,74.2,60.2,100,15,54.7,59.2,100,0,74.3,0.95,60.2,1.8125,64.4,0,0,51.7,14,0,0,0,73.7,73.8,62.4,73.5,15,51.2,60.6,62.9,0,73.7,1,60.2,1.8125,65.7,0,0,99.3,79.5,17,4.3,1.1,15,15,93.1,65.1,82,100,39.2,0,74.5,1.3,65.06896,64.56896,0,12.9,0,0,1,100,1,72,1879,61.7,0,99.975494,2000,72,68,6512.6553,70.3,61.4,100,9000,264,72.1,61.1,0,51.95722,260,127,70.9,61.8,0,56.693108,125,1837,72,61.4,0,79.51005,1850,753,78.7,67.1,0,0.03496911,700,965,73.7,61.5,0,62.193024,957.6921,205,70.4,62.1,0,39.60871,200,129,71.4,62.1,0,58.6529,125,337,71.1,62.7,0,34.35123,330,203,73.4,63.6,0,100,650,512,70.4,63.6,0,100,950,509,0,62,0,36.230816,500,503,72,62,0,36.27981,500,177,73.2,63.4,0,48.217796,175,250,70.4,63.9,0,43.522488,245,222,71.3,63.6,0,41.96669,220,359,73.5,63.4,0,33.16227,350,503,73.8,63.3,0,57.965355,501.99988,338,73.7,63.6,0,31.683413,335,449,73.8,63.4,0,33.61551,445.69983,201,71.3,64.2,0,36.751717,195,495,73.9,63.7,0,32.48919,491.76324,248,70.3,63.4,0,43.654884,245,177,73.9,63.5,0,44.41718,175,251,72.6,63.6,0,46.62005,245,424,71.7,63.3,0,40.288567,420,162,73.7,64,0,27.319523,160,340,73.1,63.7,0,39.02708,335,306,73.4,64.2,0,31.677475,300,409,72.6,63.4,0,28.448381,400,197,70.9,64,0,36.822086,195,415,72.1,63.3,0,32.967304,380,352,70.5,63.8,0,30.39312,335,179,73.7,63.1,0,60.317463,175,254,72.9,63.6,0,46.784737,245,365,72.7,63.1,0,38.157894,350,235,74,63.4,0,43.51738,237.39987,543,73.6,63.3,0,52.161175,547.09985,242,73.6,64.3,0,41.42927,230,298,73.4,63.4,0,36.567436,285,205,70,63.9,0,44.505295,195,430,73.9,63.6,0,44.310616,424.79962,344,72.3,63.1,0,41.52736,335,176,73.6,63.3,0,57.283104,175,250,73.9,63.3,0,45.339554,245,426,72.5,63.4,0,46.53222,420,390,74.1,63,0,48.280083,387.99988,503,74.1,63.2,0,40.294117,494.5998,106,72.2,64.1,0,32.161236,100,339,72.8,63.8,0,39.494453,335,196,71.2,284.8,0,32.994488,195,382,74,63.4,0,36.7734,380,339,71.5,63.4,0,42.189796,335,375,73.8,63.1,0,46.752525,374,354,73.7,63.4,0,54.76848,354.1997,432,74.2,63.2,0,43.35928,438.19986,161,73.5,63.8,0,42.71905,160,345,69.9,63.2,0,50.905777,335,284,73.9,64.1,0,46.203335,288.08255,162,72.8,63.7,0,34.2382,150,198,70.8,64.4,0,43.381573,195,387,74.4,63.5,0,40.70506,380,586,70.2,63,0,67.06844,575,507,73.7,63.8,0,51.628845,509.48615,258,73,64,0,43.356236,250,178,73.4,64,0,59.034664,175,213,73.8,63.9,0,32.657955,215.90607,192,71.7,63.7,0,44.980656,185,308,70.5,63.4,0,40.639366,300,304,73.7,63.1,0,35.3197,300,213,69.7,63.2,0,55.6167,210,893,68.7,62.9,0,92.00729,880,89.2,89.3,89.1,146.9,104.5,118,3.1,-0.9,30.06
20170714,1025,75.7,99.6,39.00673487,48.27569583,258,49.6,44.2,5.65,81.5,76.8,-0.1,1.1,0,0,0,5,100,100,1,1,1,0,0,200,72,7.5,5.65,7.5,200,71.4,73.8,60,100,15,54.3,59.2,100,0,74.1,0.95,60.2,1.8125,64.4,0,0,51.3,13.5,0,0,0,73.7,73.7,62.5,73.7,15,51.2,60.6,64.1,0,73.6,1.01,60.2,1.8125,65.5,0,0,99.4,78.7,17.3,4.2,1.2,15,15,92.4,65.1,82,100,40.5,0,74.5,1.3,65.06896,64.56896,0,12.9,0,0,1,100,1,72,1875,61.6,0,99.975494,2000,72,68,6694.7363,70.2,61.2,100,9000,264,72.2,60.9,0,51.95722,260,127,71,61.7,0,56.693108,125,1834,71.9,61.2,0,79.67122,1850,753,78.8,67.3,0,0.03496911,700,927,73.8,61.3,0,60.498524,921.69183,204,70.3,61.9,0,39.60871,200,129,71.4,62,0,58.6529,125,338,71.1,62.5,0,34.35123,330,204,73.4,63.4,0,100,650,513,70.4,63.5,0,100,950,509,0,61.9,0,36.230816,500,503,72,61.8,0,36.27981,500,178,73.1,63.4,0,48.217796,175,253,70.3,63.8,0,43.522488,245,223,71.2,63.6,0,41.96669,220,363,73.5,63.4,0,33.16227,350,505,73.8,63.2,0,57.965355,501.99988,341,73.8,63.5,0,31.683413,335,453,73.8,63.4,0,33.61551,445.69983,202,71.3,64.1,0,36.751717,195,486,74,63.7,0,32.48919,491.76324,250,70.4,63.4,0,43.654884,245,178,73.9,63.4,0,44.41718,175,251,72.6,63.5,0,46.62005,245,428,71.7,63.3,0,40.288567,420,163,73.7,64,0,27.319523,160,341,73.1,63.6,0,39.02708,335,306,73.4,64.1,0,31.677475,300,409,72.6,63.4,0,28.448381,400,197,70.9,64,0,36.822086,195,403,72.1,63.3,0,32.967304,380,353,70.5,63.7,0,30.39312,335,182,73.6,63,0,60.317463,175,258,72.9,63.5,0,46.35683,245,365,72.7,63.1,0,37.530743,350,241,74,63.4,0,43.50505,237.39987,495,73.6,63.3,0,48.66911,486.49985,243,73.5,64.2,0,41.42927,230,297,73.4,63.3,0,35.954918,285,208,70,63.9,0,44.225388,195,434,73.9,63.5,0,43.919704,424.79962,337,72.3,63,0,39.93987,335,177,73.5,63.2,0,57.283104,175,247,73.9,63.3,0,45.339554,245,425,72.5,63.3,0,46.53222,420,436,74.1,62.9,0,51.57302,433.59988,541,74.1,63.1,0,41.568626,534.49976,105,72.1,64,0,32.161236,100,338,72.8,63.8,0,39.494453,335,201,71.2,284.8,0,33.153706,195,385,74,63.4,0,36.7734,380,340,71.6,63.4,0,42.189796,335,380,73.8,63.1,0,46.752525,374,305,73.8,63.4,0,51.019543,299.59973,504,74.1,63.1,0,45.80394,496.9997,162,73.5,63.7,0,42.71905,160,349,69.8,63.2,0,50.905777,335,284,73.9,64,0,46.203335,288.08255,166,72.7,63.6,0,34.2382,150,199,70.8,64.4,0,43.381573,195,390,74.4,63.5,0,40.70506,380,585,70.2,63,0,67.06844,575,459,73.8,63.8,0,49.823498,465.98615,260,73,64,0,43.356236,250,179,73.4,64,0,59.034664,175,214,73.9,63.8,0,32.657955,215.90607,193,71.6,63.7,0,44.410507,185,312,70.4,63.4,0,40.639366,300,306,73.9,63.1,0,35.3197,300,214,69.7,63.2,0,55.6167,210,896,68.7,62.9,0,91.792725,880,89.2,89.3,89.1,144.9,104.5,118,3.1,-0.7,30.06
20170714,1030,75.4,99.6,38.71866059,48.27569583,261,49.5,44.1,5.65,81.4,76.7,-0.2,1.15,0,0,0,5,100,100,1,1,1,0,0,200,72,7.5,5.65,7.5,200,71.3,74,59.9,100,15,53.9,59.2,100,0,74,0.95,60.2,1.8125,64.2,0,0,51.4,13.6,0,0,0,73.7,73.7,62.4,73.9,15,51,60.6,62.9,0,73.6,1.01,60.2,1.8125,65.3,0,0,99.3,79.7,16.9,4.3,1.1,15,15,93.4,65.1,82,100,39.1,0,74.5,1.3,65.06896,64.56896,0,12.9,0,0,1,100,1,72,1884,61.5,0,99.975494,1891.9989,72,68,6694.7363,70.2,61.1,100,9000,265,72,60.8,0,51.95722,260,127,70.9,61.6,0,56.693108,125,1831,71.7,61.1,0,75.85688,1798.9995,752,79,67.6,0,0.03496911,700,928,73.9,61.2,0,60.498524,921.69183,206,70.3,61.8,0,39.60871,200,129,71.6,61.9,0,58.6529,125,338,71,62.4,0,34.35123,330,204,73.4,63.4,0,100,650,512,70.4,63.4,0,100,950,510,0,61.8,0,36.230816,500,504,71.9,61.7,0,36.27981,500,178,73.1,63.4,0,48.217796,175,252,70.3,63.8,0,43.522488,245,223,71.2,63.5,0,41.96669,220,361,73.4,63.4,0,33.16227,350,504,73.8,63.2,0,57.965355,501.99988,344,73.8,63.5,0,31.683413,335,452,73.8,63.3,0,33.61551,445.69983,201,71.2,64.1,0,36.751717,195,488,74,63.6,0,32.48919,491.76324,251,70.3,63.4,0,43.654884,245,177,73.8,63.4,0,44.41718,175,252,72.6,63.5,0,46.62005,245,424,71.7,63.2,0,40.288567,420,163,73.7,63.9,0,27.319523,160,342,73.1,63.6,0,39.02708,335,307,73.4,64,0,31.677475,300,407,72.6,63.3,0,28.448381,400,198,70.8,64,0,36.822086,195,416,72.1,63.2,0,32.967304,380,359,70.5,63.7,0,30.39312,335,178,73.6,63,0,59.88456,175,252,72.9,63.5,0,45.40592,245,358,72.7,63.1,0,36.633053,350,237,74,63.4,0,43.591324,237.39987,423,73.6,63.3,0,45.091576,425.89984,240,73.4,64.2,0,39.992634,230,291,73.4,63.3,0,35.513905,285,207,70,63.8,0,44.225388,195,442,73.9,63.4,0,43.919704,424.79962,354,72.3,63,0,39.783524,335,181,73.5,63.2,0,58.17892,175,253,73.9,63.3,0,45.95358,245,423,72.5,63.3,0,46.53222,420,480,74.1,62.9,0,55.110783,479.1999,618,74,63.1,0,46.237747,614.2998,105,72.1,63.9,0,32.161236,100,339,72.8,63.7,0,39.494453,335,200,71.2,284.9,0,33.153706,195,384,74,63.4,0,36.7734,380,338,71.6,63.3,0,42.189796,335,376,73.9,63.1,0,46.752525,374,303,73.8,63.4,0,51.019543,299.59973,532,74.1,63,0,46.898563,526.39984,162,73.5,63.7,0,42.71905,160,350,69.8,63.1,0,50.905777,335,285,73.9,64,0,46.203335,288.08255,162,72.7,63.6,0,34.2382,150,198,70.8,64.4,0,43.381573,195,394,74.4,63.5,0,40.70506,380,588,70.3,63,0,67.06844,575,458,73.7,63.8,0,49.823498,465.98615,258,73,64,0,43.088387,250,179,73.4,64,0,59.034664,175,213,73.8,63.8,0,32.657955,215.90607,188,71.6,63.7,0,44.410507,185,311,70.4,63.4,0,40.639366,300,307,73.8,63.1,0,35.3197,300,214,69.7,63.2,0,55.6167,210,889,68.6,62.9,0,91.15975,880,89.2,89.3,89.2,144.9,104.5,117.9,1.2,-0.1,30.06
20170714,1035,75,99.6,38.34469647,48.27569583,259,49.5,44.1,5.6,81.5,76.8,-0.2,1.1,0,0,0,5,100,100,1,1,1,0,0,200,72,7.5,5.6,7.5,200,71.2,73.8,59.9,100,15,53.5,59.2,100,0,74,0.95,60.2,1.8125,64.1,0,0,51.5,13.7,0,0,0,73.7,73.7,62.6,73.6,15,50.9,60.6,62.1,0,73.6,0.99,60.2,1.8125,65.1,0,0,99.3,79.4,16.7,4.4,1.1,15,15,93.1,65.1,82,100,39.1,0,74.5,1.3,65.06896,64.56896,0,12.9,0,0,1,100,1,72,1808,61.4,0,84.34016,1783.9989,72,68,6694.7363,70.2,61.1,100,9000,267,72,60.8,0,51.95722,260,128,70.9,61.5,0,56.693108,125,1764,71.6,61.1,0,69.75395,1747.9998,747,79.2,67.8,0,0.03496911,700,929,73.9,61.2,0,60.498524,921.69183,208,70.3,61.7,0,39.60871,200,130,71.6,61.8,0,58.19813,125,339,70.9,62.4,0,34.35123,330,207,73.4,63.3,0,100,650,517,70.3,63.3,0,100,950,510,0,61.7,0,35.77655,500,505,71.9,61.7,0,36.27981,500,178,73.2,63.4,0,48.217796,175,253,70.3,63.8,0,43.522488,245,224,71.2,63.5,0,41.96669,220,362,73.4,63.4,0,33.16227,350,507,73.8,63.2,0,57.51403,501.99988,343,73.8,63.5,0,31.683413,335,367,73.7,63.3,0,28.879892,371.89963,201,71.2,64.1,0,36.751717,195,491,74,63.6,0,32.48919,491.76324,252,70.3,63.3,0,43.654884,245,177,73.8,63.4,0,44.41718,175,252,72.6,63.5,0,46.62005,245,426,71.7,63.2,0,40.288567,420,163,73.6,63.9,0,27.319523,160,340,73,63.6,0,39.02708,335,306,73.4,64,0,31.677475,300,410,72.5,63.3,0,28.448381,400,198,70.8,63.9,0,36.822086,195,409,72.1,63.2,0,32.967304,380,353,70.5,63.7,0,30.39312,335,179,73.6,63,0,59.644062,175,255,72.9,63.5,0,45.40592,245,366,72.6,63.1,0,36.633053,350,240,73.9,63.3,0,43.135323,237.39987,388,73.6,63.3,0,43.894993,395.59985,238,73.4,64.2,0,39.378685,230,296,73.4,63.3,0,35.513905,285,207,70,63.8,0,42.65547,195,436,73.9,63.4,0,43.919704,424.79962,334,72.3,63,0,41.334934,335,182,73.5,63.2,0,57.724876,175,254,73.9,63.2,0,45.95358,245,424,72.5,63.3,0,46.53222,420,481,74,62.9,0,55.110783,479.1999,619,74,63,0,46.213238,614.2998,104,72.1,63.9,0,32.161236,100,338,72.8,63.7,0,39.494453,335,200,71.2,284.7,0,33.153706,195,387,74,63.4,0,36.7734,380,339,71.6,63.3,0,42.189796,335,376,73.9,63.1,0,46.752525,374,303,73.8,63.4,0,51.019543,299.59973,585,74.1,63,0,49.087814,585.1998,162,73.5,63.7,0,42.71905,160,347,69.8,63.1,0,50.905777,335,284,73.9,64,0,46.203335,288.08255,163,72.7,63.6,0,34.2382,150,198,70.7,64.3,0,43.381573,195,389,74.4,63.4,0,40.70506,380,588,70.3,62.9,0,67.06844,575,423,73.8,63.8,0,48.43167,422.48615,259,73,64,0,43.088387,250,179,73.4,63.9,0,59.034664,175,213,73.8,63.8,0,32.657955,215.90607,189,71.6,63.7,0,44.410507,185,310,70.4,63.4,0,40.639366,300,306,73.7,63.1,0,35.3197,300,214,69.6,63.1,0,55.6167,210,890,68.6,62.9,0,90.998825,880,89.2,89.3,89.1,145.9,104.5,118,0.8,-0.1,30.05
20170714,1040,74.9,99.6,38.24999869,48.27569583,260,49.5,44.1,5.6,81.5,76.7,-0.2,1.15,0,0,0,5,100,100,1,1,1,0,0,200,72,7.5,5.6,7.5,200,71.2,73.9,59.9,100,15,52.9,59.2,100,0,74,1,60.2,1.8125,63.9,0,0,51.8,13.8,0,0,0,73.7,73.8,62.3,73.8,15,50.9,60.6,63.4,0,73.6,1.01,60.2,1.8125,65.1,0,0,99.3,80.1,17.3,4.4,1.5,15,15,92.9,65.1,82.8,100,39.7,0,74.5,1.3,65.06896,64.56896,0,13.2,0,0,1,100,1,72,1521,61.3,0,64.428375,1532,72,68,6872.178,70.2,61,100,9000,273,71.9,60.7,0,51.572193,260,129,70.8,61.5,0,55.63148,125,1650,71.5,61,0,61.04008,1646,731,79.4,68,0,0.03496911,700,926,73.9,61.1,0,59.52849,921.69183,212,70.3,61.7,0,39.60871,200,129,71.5,61.8,0,56.68633,125,344,70.9,62.3,0,32.565315,330,210,73.4,63.2,0,100,650,530,70.2,63.3,0,100,950,512,0,61.7,0,34.880295,500,508,71.8,61.6,0,36.27981,500,178,73.2,63.4,0,48.217796,175,252,70.3,63.8,0,43.240593,245,223,71.2,63.5,0,41.96669,220,363,73.3,63.4,0,33.16227,350,505,73.8,63.2,0,57.879974,501.99988,344,74,63.4,0,31.683413,335,337,73.7,63.4,0,28.364616,335,202,71.2,64.1,0,36.751717,195,488,74,63.6,0,32.48919,491.76324,251,70.3,63.3,0,43.654884,245,178,73.9,63.4,0,44.41718,175,251,72.5,63.5,0,46.62005,245,426,71.6,63.2,0,40.288567,420,163,73.6,63.9,0,27.319523,160,341,73.1,63.6,0,39.02708,335,306,73.4,64,0,31.677475,300,408,72.6,63.3,0,28.448381,400,198,70.8,63.9,0,36.822086,195,403,72.1,63.2,0,32.967304,380,353,70.5,63.7,0,30.39312,335,178,73.6,63,0,59.644062,175,255,72.8,63.4,0,45.40592,245,363,72.6,63.1,0,36.633053,350,240,73.9,63.3,0,43.135323,237.39987,334,73.6,63.3,0,39.78022,335,236,73.4,64.2,0,39.378685,230,295,73.4,63.3,0,35.513905,285,206,69.9,63.8,0,42.65547,195,441,73.9,63.4,0,43.454834,424.79962,347,72.3,63,0,40.57727,335,182,73.4,63.1,0,57.724876,175,254,73.9,63.2,0,45.95358,245,426,72.5,63.2,0,46.53222,420,480,74,62.9,0,55.110783,479.1999,616,73.8,63,0,46.237747,614.2998,107,72.1,63.9,0,32.161236,100,339,72.8,63.7,0,39.494453,335,200,71.2,284.9,0,33.153706,195,384,74.1,63.4,0,36.7734,380,338,71.6,63.3,0,42.189796,335,374,73.8,63.1,0,46.752525,374,303,73.8,63.4,0,51.019543,299.59973,613,74,62.9,0,50.26758,614.59985,161,73.5,63.6,0,42.71905,160,343,69.7,63.1,0,50.905777,335,283,73.9,63.9,0,46.203335,288.08255,161,72.7,63.5,0,34.2382,150,198,70.8,64.3,0,43.381573,195,384,74.4,63.4,0,40.70506,380,580,70.4,62.9,0,67.06844,575,423,73.8,63.8,0,48.43167,422.48615,258,73,64,0,43.088387,250,179,73.4,63.9,0,59.034664,175,214,73.8,63.8,0,32.657955,215.90607,189,71.5,63.6,0,44.410507,185,307,70.4,63.3,0,40.639366,300,306,73.8,63,0,35.3197,300,214,69.6,63.1,0,55.6167,210,889,68.6,62.8,0,91.12756,880,89.1,89.2,89,144.9,104.5,117.9,1.6,0,30.05
20170714,1045,74.9,99.6,38.24999869,48.27569583,258,49.4,44.1,5.6,81.4,76.7,-0.1,1.15,0,0,0,5,100,100,1,1,1,0,0,200,72,7.5,5.6,7.5,200,71.2,73.8,59.8,100,15,52.3,59.2,100,0,73.9,1.05,60.2,1.8125,63.7,0,0,51.6,13.7,0,0,0,73.7,73.7,62.5,73.7,15,50.7,60.6,63.8,0,73.6,1,60.2,1.8125,65.1,0,0,99.4,79.2,18.1,4.4,1.5,15,15,92.7,65.1,82.2,100,40.6,0,74.5,1.3,65.06896,64.56896,0,13,0,0,1,100,1,72,1209,61.3,0,51.733856,1207.9989,72,68,6872.178,70.1,60.9,100,9000,269,71.8,60.6,0,49.518715,260,129,70.7,61.4,0,54.118366,125,1476,71.2,60.9,0,52.723755,1492.9995,707,79.5,68.2,0,0.03496911,700,937,73.9,61.1,0,58.104126,921.69183,214,70.2,61.6,0,37.56614,200,131,71.5,61.7,0,56.243855,125,337,70.9,62.3,0,31.26447,330,217,73.3,63.1,0,100,650,550,70.2,63.2,0,100,950,512,0,61.6,0,33.28422,500,510,71.7,61.5,0,36.27981,500,178,73.2,63.3,0,48.217796,175,253,70.3,63.7,0,43.240593,245,225,71.2,63.5,0,41.96669,220,363,73.3,63.3,0,33.16227,350,478,73.7,63.2,0,55.537933,479.19977,345,74,63.4,0,31.683413,335,337,73.8,63.3,0,28.364616,335,202,71.1,64,0,36.751717,195,495,74,63.6,0,32.48919,491.76324,250,70.3,63.3,0,43.654884,245,178,73.9,63.3,0,44.41718,175,252,72.5,63.4,0,46.62005,245,427,71.6,63.1,0,40.288567,420,163,73.6,63.8,0,27.319523,160,340,73,63.5,0,39.02708,335,306,73.3,63.9,0,31.677475,300,408,72.5,63.3,0,28.448381,400,198,70.8,63.9,0,36.822086,195,410,72.1,63.1,0,32.967304,380,352,70.5,63.6,0,30.39312,335,179,73.6,62.9,0,59.644062,175,257,72.8,63.4,0,45.40592,245,366,72.6,63,0,36.633053,350,241,73.9,63.3,0,43.135323,237.39987,341,73.7,63.3,0,39.96337,335,238,73.3,64.2,0,39.378685,230,297,73.5,63.2,0,35.513905,285,207,69.9,63.8,0,42.65547,195,439,73.8,63.3,0,43.454834,424.79962,338,72.4,63,0,40.300663,335,183,73.4,63.1,0,57.724876,175,253,74,63.1,0,45.499203,245,428,72.4,63.2,0,46.53222,420,482,73.9,62.8,0,55.110783,479.1999,531,73.7,63,0,41.237743,534.4996,109,72.1,63.8,0,32.161236,100,339,72.9,63.6,0,39.494453,335,201,71.2,284.8,0,33.153706,195,413,74.1,63.3,0,38.583744,424.7998,341,71.6,63.3,0,42.189796,335,374,73.8,63,0,46.752525,374,304,73.8,63.4,0,51.019543,299.59973,613,73.9,62.9,0,50.26758,614.59985,162,73.6,63.6,0,42.71905,160,346,69.7,63,0,50.905777,335,283,73.9,63.9,0,46.203335,288.08255,162,72.7,63.5,0,34.2382,150,198,70.7,64.3,0,43.381573,195,392,74.4,63.4,0,40.70506,380,584,70.4,62.9,0,67.06844,575,423,73.6,63.8,0,48.43167,422.48615,259,73,63.9,0,43.088387,250,179,73.4,63.9,0,59.034664,175,214,73.8,63.7,0,32.657955,215.90607,189,71.5,63.6,0,44.410507,185,309,70.4,63.3,0,40.639366,300,306,73.6,63,0,35.3197,300,214,69.6,63.1,0,55.6167,210,891,68.5,62.8,0,90.96664,880,89.1,89.2,89,145.9,104.5,118.1,1.1,0,30.05
20170714,1050,74.9,99.6,38.24999869,48.27569583,261,49.4,44.1,5.6,81.4,76.6,-0.1,1.15,0,0,0,5,100,100,1,1,1,0,0,200,72,7.5,5.6,7.5,200,71.2,74,59.7,100,15,51.7,59.2,100,0,74,1.25,60.2,1.8125,63.6,0,0,51.8,13.5,0,0,0,73.7,73.6,62.4,73.5,15,50.5,60.6,60.5,0,73.6,1,60.2,1.8125,65.1,0,0,99.3,80.4,16.4,4.7,1.5,15,15,92.6,65.1,82.2,100,40.5,0,74.5,1.3,65.06896,64.56896,0,12.9,0,0,1,100,1,72,193,61.6,0,24.886656,200,72,68,7214.474,70.1,60.8,100,9000,270,71.8,60.6,0,47.46524,260,129,70.7,61.4,0,51.47041,125,999,71,60.9,0,37.842484,1000,658,79.5,67.2,0,24.128685,700,915,74,61,0,55.243122,921.69183,212,70.2,61.6,0,36.581764,200,130,71.3,61.6,0,53.662735,125,339,70.8,62.2,0,30.2282,330,235,73.3,63,0,100,650,596,70.1,63.1,0,100,950,509,0,61.5,0,31.774096,500,510,71.7,61.5,0,34.239,500,178,73.1,63.3,0,48.217796,175,252,70.4,63.7,0,43.240593,245,223,71.2,63.4,0,41.96669,220,364,73.3,63.3,0,33.16227,350,455,73.7,63.1,0,53.52525,456.39975,345,74,63.4,0,31.683413,335,336,73.8,63.3,0,28.364616,335,202,71.1,64,0,36.751717,195,492,74,63.6,0,32.48919,491.76324,249,70.2,63.2,0,43.654884,245,177,73.8,63.3,0,44.41718,175,251,72.5,63.4,0,46.62005,245,424,71.6,63.1,0,40.288567,420,163,73.5,63.8,0,27.319523,160,339,73,63.5,0,39.02708,335,306,73.3,63.9,0,31.677475,300,408,72.5,63.2,0,28.448381,400,197,70.8,63.8,0,36.822086,195,390,72,63.1,0,32.967304,380,349,70.5,63.6,0,30.39312,335,177,73.6,62.9,0,59.644062,175,255,72.8,63.4,0,45.40592,245,364,72.6,63,0,36.633053,350,239,73.9,63.3,0,43.135323,237.39987,338,73.7,63.2,0,40.17094,335,236,73.3,64.1,0,39.378685,230,296,73.5,63.2,0,35.513905,285,205,69.9,63.7,0,42.65547,195,441,73.8,63.3,0,43.454834,424.79962,346,72.4,62.9,0,40.300663,335,181,73.4,63.1,0,57.724876,175,249,74,63.1,0,45.499203,245,424,72.4,63.2,0,46.53222,420,480,73.9,62.8,0,55.110783,479.1999,499,73.8,62.9,0,41.07843,494.5996,105,72.1,63.8,0,32.161236,100,336,72.9,63.6,0,39.494453,335,200,71.1,284.7,0,33.153706,195,504,74.2,63.2,0,43.288177,501.5996,337,71.7,63.2,0,42.189796,335,375,73.8,63,0,46.752525,374,303,73.8,63.4,0,51.019543,299.59973,613,73.8,62.9,0,50.26758,614.59985,162,73.6,63.5,0,42.71905,160,342,69.7,63,0,50.905777,335,284,73.9,63.9,0,46.203335,288.08255,160,72.7,63.5,0,34.2382,150,197,70.7,64.3,0,43.381573,195,388,74.4,63.3,0,40.70506,380,581,70.4,62.8,0,67.06844,575,422,73.8,63.7,0,48.43167,422.48615,258,73,63.9,0,43.088387,250,178,73.4,63.9,0,59.034664,175,191,73.7,63.8,0,29.600767,190,189,71.5,63.6,0,44.410507,185,312,70.4,63.3,0,40.639366,300,305,73.6,62.9,0,35.3197,300,213,69.5,63,0,55.6167,210,893,68.5,62.8,0,90.95591,880,89.1,89.2,89,145.9,104.5,117.7,2.5,-0.3,30.05
20170714,1055,75.1,99.6,38.44661803,48.27569583,261,49.4,44,5.65,81.3,76.7,-0.2,1.15,0,0,0,5,100,100,1,1,1,0,0,200,72,7.5,5.65,7.5,200,71.1,74.2,59.7,100,15,50.9,59.2,100,0,74.1,1.25,60.2,1.8125,63.4,0,0,51.1,13.7,0,0,0,73.7,73.7,62.3,73.7,15,50.4,60.6,61.5,0,73.6,1,60.2,1.8125,65.1,0,0,99.3,80,16.6,4.7,1.5,15,15,93.3,65.1,82.2,100,39.2,0,74.5,1.3,65.06896,64.56896,0,12.9,0,0,1,100,1,72,203,62.3,0,25.80566,200,72,68,7214.474,70,60.8,100,9000,267,71.8,60.5,0,47.46524,260,127,70.7,61.3,0,51.47041,125,1005,71.2,60.9,0,39.518642,1000,699,79.1,62.1,0,29.93356,700,911,74,61,0,55.353634,921.69183,210,70.2,61.5,0,36.581764,200,129,71.4,61.6,0,53.662735,125,338,70.8,62.1,0,30.2282,330,232,73.3,62.9,0,100,650,588,70.1,63,0,100,950,507,0,61.5,0,31.774096,500,509,71.5,61.4,0,34.239,500,180,73.1,63.3,0,48.217796,175,255,70.4,63.7,0,43.240593,245,226,71.2,63.4,0,41.96669,220,365,73.3,63.3,0,33.16227,350,408,73.7,63.1,0,50.158577,410.79974,348,74,63.4,0,31.683413,335,340,73.8,63.3,0,28.364616,335,204,71.1,64,0,36.31011,195,494,73.9,63.5,0,32.48919,491.76324,253,70.2,63.2,0,43.654884,245,178,73.8,63.3,0,44.41718,175,252,72.5,63.4,0,46.62005,245,427,71.6,63.1,0,40.288567,420,164,73.5,63.8,0,27.319523,160,343,73,63.5,0,39.02708,335,307,73.3,63.9,0,31.677475,300,412,72.5,63.2,0,28.448381,400,199,70.8,63.8,0,36.822086,195,412,72,63.1,0,32.967304,380,356,70.5,63.6,0,30.39312,335,178,73.7,62.9,0,59.644062,175,257,72.8,63.4,0,45.40592,245,364,72.6,63,0,36.633053,350,241,73.9,63.2,0,43.135323,237.39987,342,73.7,63.2,0,40.32967,335,238,73.3,64.2,0,39.378685,230,297,73.5,63.2,0,35.513905,285,207,69.9,63.7,0,42.65547,195,441,73.8,63.3,0,43.454834,424.79962,350,72.4,62.9,0,40.300663,335,182,73.4,63.1,0,57.724876,175,250,74,63.1,0,45.499203,245,428,72.4,63.2,0,46.53222,420,483,73.9,62.8,0,55.110783,479.1999,541,74.1,63,0,42.340687,534.49976,106,72.1,63.8,0,32.161236,100,337,72.9,63.6,0,39.494453,335,201,71.1,284.8,0,33.153706,195,543,74.1,63.1,0,44.482758,539.99963,338,71.7,63.2,0,42.189796,335,341,73.8,63,0,44.04352,337.99982,304,73.8,63.3,0,51.019543,299.59973,592,73.7,62.8,0,48.637802,585.1997,162,73.6,63.5,0,42.71905,160,357,69.7,63,0,50.905777,335,285,73.9,63.9,0,46.203335,288.08255,162,72.7,63.4,0,34.2382,150,198,70.7,64.3,0,43.381573,195,391,74.4,63.3,0,40.70506,380,588,70.4,62.9,0,67.06844,575,424,73.8,63.7,0,48.43167,422.48615,260,73,63.9,0,43.088387,250,181,73.4,63.9,0,59.034664,175,194,73.8,63.8,0,30.475962,190,191,71.4,63.5,0,44.410507,185,310,70.4,63.2,0,40.639366,300,307,73.6,63,0,35.3197,300,214,69.5,63,0,55.6167,210,895,68.5,62.7,0,90.880806,880,89.1,89.2,89,143.9,104.5,117.8,1.2,0,30.04
20170714,1100,75.3,99.6,38.63718509,48.27569583,262,49.5,44.3,5.65,81.3,76.7,-0.2,1.2,0,0,0,5,100,100,1,1,1,0,0,200,72,7.5,5.65,7.5,200,71.1,73.9,59.8,100,15,50.3,59.2,100,0,74,1.2,60.2,1.8125,63.3,0,0,51.6,13.6,0,0,0,73.7,73.6,62.1,73.3,15,50.2,60.6,61.7,0,73.6,1,60.2,1.8125,65.1,0,0,99.3,78.7,16.6,4.7,1.1,15,15,93.1,65.1,82.2,100,39.1,0,74.5,1.3,65.06896,64.56896,0,12.9,0,0,1,100,1,72,415,62.2,0,31.724054,416.00192,72,68,7214.474,69.9,60.9,100,8864.002,262,71.7,60.6,0,47.46524,260,125,70.7,61.3,0,52.361195,125,1165,71.5,60.9,0,41.77501,1153.0002,705,78.8,61.8,0,28.954422,700,916,74,61,0,56.27456,921.69183,207,70.2,61.5,0,36.581764,200,126,71.5,61.6,0,53.662735,125,333,70.8,62.2,0,30.2282,330,228,73.2,62.9,0,100,650,582,70.1,63,0,100,950,503,0,61.5,0,31.774096,500,509,71.5,61.5,0,34.239,500,179,73,63.2,0,48.217796,175,254,70.4,63.6,0,43.240593,245,225,71.1,63.4,0,41.96669,220,360,73.2,63.2,0,32.710163,350,390,73.8,63.1,0,49.975605,387.99976,346,74,63.3,0,31.683413,335,341,73.8,63.2,0,28.364616,335,202,71.1,63.9,0,36.31011,195,496,74,63.4,0,32.48919,491.76324,253,70.2,63.2,0,43.654884,245,178,73.8,63.2,0,44.41718,175,252,72.5,63.3,0,46.62005,245,426,71.6,63,0,40.288567,420,163,73.5,63.7,0,27.319523,160,343,73,63.4,0,39.02708,335,306,73.3,63.8,0,31.677475,300,411,72.5,63.2,0,28.448381,400,197,70.8,63.8,0,36.822086,195,415,72,63,0,32.967304,380,356,70.4,63.5,0,30.39312,335,178,73.7,62.8,0,59.644062,175,257,72.8,63.3,0,45.40592,245,365,72.6,62.9,0,36.633053,350,240,73.9,63.2,0,43.135323,237.39987,338,73.7,63.1,0,39.6337,335,237,73.3,64.1,0,39.378685,230,296,73.4,63.1,0,35.513905,285,206,69.9,63.7,0,42.65547,195,441,73.8,63.2,0,43.454834,424.79962,347,72.4,62.8,0,40.300663,335,181,73.4,63,0,57.724876,175,248,74,63,0,45.499203,245,423,72.4,63.1,0,46.53222,420,478,73.9,62.7,0,55.110783,479.1999,617,74.2,62.9,0,46.188725,614.29956,107,72.1,63.7,0,32.161236,100,340,72.9,63.6,0,39.494453,335,199,71.1,284.8,0,33.153706,195,615,74.1,63,0,47.29064,616.7998,341,71.7,63.1,0,42.63119,335,339,73.8,62.9,0,44.52093,337.99982,303,73.8,63.3,0,51.019543,299.59973,526,73.6,62.8,0,44.843105,526.3997,162,73.6,63.5,0,42.71905,160,354,69.7,62.9,0,50.905777,335,284,73.9,63.8,0,46.203335,288.08255,157,72.7,63.4,0,34.2382,150,198,70.7,64.2,0,43.381573,195,389,74.4,63.3,0,40.70506,380,586,70.4,62.7,0,67.06844,575,424,73.8,63.7,0,48.43167,422.48615,259,73,63.8,0,43.088387,250,180,73.4,63.8,0,59.034664,175,193,73.8,63.7,0,30.475962,190,191,71.4,63.5,0,44.410507,185,311,70.4,63.2,0,40.639366,300,306,73.7,62.9,0,35.3197,300,214,69.5,63,0,55.6167,210,889,68.5,62.7,0,91.15975,880,89.1,89.2,89.2,144.9,104.4,117.7,2.9,-0.2,30.04
20170714,1105,75.4,99.6,38.72573135,45.99065833,259,49.5,44.1,5.65,81.2,76.6,-0.2,1.15,0,0,0,5,100,100,1,1,1,0,0,200,72,7.5,5.65,7.5,200,71.1,74,59.7,100,15,49.6,59.2,100,0,74,1.2,60.2,1.8125,63.3,0,0,51.4,13.6,0,0,0,73.7,73.7,62.2,73.5,15,50,60.6,61.6,0,73.6,1,60.2,1.8125,65.1,0,0,99.3,79.8,16.7,4.4,1.1,15,15,92.8,65.1,82.2,100,39.1,0,74.5,1.3,65.06896,64.56896,0,12.8,0,0,1,100,1,72,221,62.3,0,28.819996,308.00027,72,68,7214.474,69.9,60.8,100,8864.002,265,71.7,60.5,0,47.46524,260,128,70.7,61.3,0,52.98353,125,1044,71.7,60.9,0,38.938435,1050.9998,699,78.8,61.7,0,29.968527,700,926,74.1,61,0,56.27456,921.69183,210,70.2,61.5,0,36.581764,200,128,71.6,61.6,0,53.662735,125,335,70.8,62.1,0,30.2282,330,232,73.2,62.9,0,100,650,587,70.1,63,0,100,950,505,0,61.5,0,31.774096,500,509,71.4,61.5,0,34.239,500,179,73.1,63.2,0,48.217796,175,254,70.4,63.6,0,43.240593,245,223,71.2,63.4,0,41.96669,220,359,73.2,63.2,0,32.710163,350,338,73.8,63.1,0,45.620884,342.39978,342,74,63.3,0,31.683413,335,337,73.9,63.2,0,28.364616,335,201,71.1,63.9,0,36.31011,195,534,74.1,63.4,0,34.107475,530.1632,251,70.2,63.2,0,43.654884,245,177,73.8,63.2,0,44.41718,175,251,72.5,63.3,0,46.62005,245,423,71.6,63,0,40.288567,420,162,73.5,63.7,0,27.319523,160,338,73,63.4,0,39.02708,335,306,73.3,63.8,0,31.677475,300,409,72.6,63.1,0,28.448381,400,196,70.8,63.7,0,36.822086,195,400,72.1,63,0,32.967304,380,349,70.5,63.5,0,30.39312,335,177,73.7,62.8,0,59.644062,175,253,72.8,63.3,0,45.40592,245,362,72.6,62.9,0,36.633053,350,239,73.9,63.2,0,43.135323,237.39987,336,73.7,63.1,0,39.6337,335,236,73.3,64,0,39.378685,230,294,73.4,63.1,0,35.513905,285,205,69.9,63.6,0,42.65547,195,441,73.8,63.2,0,43.454834,424.79962,347,72.5,62.9,0,40.300663,335,179,73.4,63,0,57.724876,175,248,74,63,0,45.95358,245,421,72.4,63.1,0,46.864243,420,473,73.9,62.7,0,55.110783,479.1999,656,74.2,62.8,0,48.77451,654.1996,106,72.1,63.7,0,32.161236,100,335,72.9,63.5,0,39.494453,335,196,71.1,284.6,0,33.153706,195,661,74,62.9,0,48.940887,655.1998,339,71.7,63.1,0,42.63119,335,336,73.8,62.9,0,44.52093,337.99982,303,73.8,63.2,0,51.019543,299.59973,458,73.6,62.8,0,42.48358,467.59985,162,73.6,63.5,0,42.71905,160,343,69.7,62.9,0,50.905777,335,283,73.8,63.8,0,46.203335,288.08255,155,72.7,63.4,0,34.2382,150,197,70.7,64.2,0,43.381573,195,385,74.5,63.3,0,40.70506,380,578,70.4,62.8,0,67.06844,575,421,73.8,63.7,0,48.43167,422.48615,258,73,63.8,0,43.088387,250,178,73.4,63.8,0,59.034664,175,192,73.8,63.7,0,30.475962,190,188,71.4,63.5,0,44.410507,185,309,70.4,63.2,0,40.639366,300,305,73.6,62.9,0,35.3197,300,213,69.5,63,0,55.6167,210,890,68.4,62.7,0,91.07392,880,89,89.2,89,143.9,104.4,117.6,1.2,-0.3,30.05
20170714,1110,75.5,99.6,38.8215543,45.99065833,255,49.4,44.1,5.6,81.3,76.7,-0.2,1.15,0,0,0,5,100,100,1,1,1,0,0,200,72,7.5,5.6,7.5,200,71.1,74.1,59.7,100,15,48.9,59.2,100,0,74.1,1.2,60.2,1.8125,63.3,0,0,51.8,13.8,0,0,0,73.7,73.6,62.3,73.7,15,49.9,60.6,60.1,0,73.5,1.02,60.2,1.8125,65.1,0,0,99.3,79.8,16.2,4.4,1.5,15,15,92.5,65.1,82.2,100,39.7,0,74.5,1.3,65.06896,64.56896,0,12.8,0,0,1,100,1,72,204,62.5,0,23.256952,200,72,68,7214.474,69.9,60.8,100,8864.002,265,71.7,60.5,0,47.46524,260,129,70.6,61.2,0,52.98353,125,1005,71.8,60.8,0,38.66982,1000,699,78.8,61.6,0,29.851965,700,963,74,60.9,0,57.625244,957.6921,209,70.2,61.5,0,36.581764,200,128,71.5,61.6,0,53.662735,125,336,70.8,62.1,0,30.2282,330,231,73.1,62.8,0,100,650,587,70.1,62.9,0,100,950,507,0,61.5,0,31.774096,500,510,71.4,61.4,0,34.239,500,179,73.2,63.2,0,48.217796,175,255,70.7,63.6,0,43.240593,245,223,71.2,63.4,0,41.96669,220,363,73.2,63.2,0,32.710163,350,340,73.8,63.1,0,45.620884,342.39978,343,74,63.3,0,31.683413,335,340,73.9,63.2,0,28.364616,335,202,71.1,63.9,0,36.31011,195,610,74.1,63.4,0,36.911674,606.96326,248,70.2,63.2,0,43.654884,245,177,73.8,63.2,0,44.41718,175,250,72.5,63.3,0,46.62005,245,425,71.6,63,0,40.288567,420,163,73.4,63.7,0,27.319523,160,340,73,63.4,0,39.02708,335,306,73.3,63.8,0,31.677475,300,410,72.6,63.1,0,28.448381,400,197,70.7,63.8,0,36.822086,195,405,72.1,63,0,32.967304,380,354,70.4,63.5,0,30.39312,335,179,73.7,62.8,0,59.644062,175,256,72.8,63.3,0,45.40592,245,364,72.5,62.9,0,36.633053,350,240,73.9,63.2,0,42.5191,237.39987,339,73.7,63.2,0,39.6337,335,236,73.2,64.1,0,39.378685,230,296,73.4,63.1,0,35.513905,285,207,69.9,63.7,0,42.65547,195,438,73.8,63.2,0,43.454834,424.79962,345,72.5,62.8,0,40.216476,335,178,73.4,63,0,57.724876,175,269,74.1,63,0,47.144787,272.29987,421,72.3,63.1,0,46.864243,420,477,73.8,62.7,0,55.220955,479.1999,743,74.3,62.8,0,51.862747,734.0004,105,72,63.7,0,32.161236,100,339,72.9,63.5,0,39.494453,335,195,71.1,284.9,0,33.153706,195,655,74,62.9,0,48.940887,655.1998,339,71.7,63.1,0,42.63119,335,337,73.8,62.9,0,44.52093,337.99982,302,73.8,63.3,0,51.019543,299.59973,406,73.6,62.9,0,40.36731,408.79987,162,73.6,63.4,0,42.71905,160,346,69.6,62.9,0,50.905777,335,283,73.8,63.8,0,46.203335,288.08255,165,72.7,63.4,0,34.2382,150,198,70.7,64.2,0,43.381573,195,391,74.6,63.3,0,40.70506,380,583,70.4,62.7,0,67.06844,575,423,73.8,63.6,0,48.43167,422.48615,257,73,63.8,0,43.088387,250,178,73.4,63.8,0,59.034664,175,194,73.8,63.7,0,30.475962,190,189,71.4,63.5,0,44.410507,185,311,70.4,63.2,0,40.639366,300,304,73.7,62.9,0,35.3197,300,213,69.4,63,0,55.6167,210,891,68.4,62.7,0,91.12756,880,89,89.1,89,146.9,104.4,117.9,3.2,-0.2,30.05
20170714,1115,75.5,99.6,38.8215543,45.99065833,261,49.5,44.1,5.6,81.1,76.5,-0.1,1.2,0,0,0,5,100,100,1,1,1,0,0,200,72,7.5,5.6,7.5,200,71.1,74,59.7,100,15,48.2,59.2,100,0,74.1,1.2,60.2,1.8125,63.3,0,0,51.2,13.5,0,0,0,73.7,73.5,62.3,74,15,49.7,60.6,61.5,0,73.6,1,60.2,1.8125,65,0,0,99.4,81.1,16.6,4.7,1.4,15,15,92.6,65.1,82.2,100,40.6,0,74.5,1.3,65.06896,64.56896,0,12.9,0,0,1,100,1,72,202,62.7,0,23.71033,200,72,68,7214.474,69.9,60.8,100,8864.002,265,71.7,60.5,0,47.46524,260,128,70.7,61.3,0,52.98353,125,1071,72,60.8,0,40.088104,1051,704,78.7,61.6,0,29.199207,700,1027,74.3,60.9,0,60.3389,1029.6926,208,70.2,61.5,0,36.581764,200,127,71.4,61.5,0,53.662735,125,334,70.7,62.1,0,30.2282,330,230,73.1,62.8,0,100,650,586,70.1,62.9,0,100,950,504,0,61.5,0,31.774096,500,509,71.4,61.4,0,34.239,500,179,73.1,63.2,0,48.217796,175,255,70.8,63.6,0,43.240593,245,225,71.1,63.3,0,41.96669,220,364,73.2,63.2,0,32.710163,350,340,73.8,63.1,0,45.620884,342.39978,346,73.9,63.3,0,31.683413,335,341,73.9,63.2,0,28.364616,335,203,71.1,63.9,0,36.31011,195,643,74,63.3,0,37.949352,645.3632,248,70.1,63.1,0,43.654884,245,177,73.8,63.2,0,44.41718,175,251,72.4,63.2,0,46.62005,245,425,71.5,63,0,40.288567,420,163,73.4,63.7,0,27.319523,160,340,73,63.4,0,39.02708,335,306,73.3,63.8,0,31.677475,300,409,72.6,63.1,0,28.448381,400,197,70.8,63.7,0,36.822086,195,402,72.1,63,0,32.967304,380,350,70.4,63.4,0,30.39312,335,178,73.7,62.8,0,59.644062,175,256,72.8,63.3,0,45.40592,245,363,72.5,62.9,0,36.633053,350,239,73.9,63.1,0,42.5191,237.39987,338,73.8,63.1,0,40.085472,335,236,73.2,64,0,39.378685,230,293,73.5,63.1,0,35.513905,285,206,69.9,63.7,0,42.65547,195,440,73.8,63.2,0,43.454834,424.79962,349,72.6,62.8,0,40.216476,335,177,73.3,63,0,57.724876,175,303,74.1,63,0,48.839493,299.59985,431,72.3,63.1,0,47.319233,420,476,73.8,62.7,0,55.220955,479.1999,814,74.2,62.8,0,56.421566,813.79956,104,72,63.7,0,32.161236,100,342,72.9,63.5,0,39.938347,335,200,71.1,284.7,0,34.047764,195,658,73.9,62.8,0,48.940887,655.1998,337,71.8,63.1,0,42.63119,335,336,73.8,62.9,0,44.52093,337.99982,303,73.8,63.2,0,51.019543,299.59973,377,73.6,62.8,0,39.187546,379.39984,162,73.6,63.4,0,42.71905,160,353,69.6,62.9,0,50.905777,335,284,73.8,63.8,0,46.203335,288.08255,164,72.7,63.4,0,34.2382,150,198,70.6,64.2,0,43.381573,195,388,74.6,63.2,0,40.70506,380,586,70.4,62.7,0,67.06844,575,423,73.8,63.6,0,48.43167,422.48615,259,73,63.8,0,43.088387,250,179,73.4,63.8,0,59.034664,175,193,73.8,63.7,0,30.475962,190,189,71.4,63.5,0,44.410507,185,310,70.4,63.1,0,40.639366,300,306,73.6,62.8,0,35.3197,300,213,69.4,62.9,0,55.6167,210,891,68.4,62.6,0,91.08465,880,89,89.1,89,146.9,104.4,117.7,-0.2,0.3,30.05
20170714,1120,75.5,99.6,38.8215543,45.99065833,260,49.3,44,5.6,81,76.3,-0.1,1.3,0,0,0,5,100,100,1,1,1,0,0,200,72,7.5,5.6,7.5,200,71,74.1,59.7,100,15,47.4,59.2,100,0,74.1,1.2,60.2,1.8125,63.3,0,0,51.7,13.6,0,0,0,73.7,73.6,62.1,73.5,15,49.5,60.6,61.7,0,73.5,1.01,60.2,1.8125,65,0,0,99.2,77.9,16.7,4.4,0.7,15,15,93.2,65.1,82.2,100,38.9,0,74.5,1.3,65.06896,64.56896,0,12.8,0,0,1,100,1,72,226,62.8,0,27.655924,308.00027,72,68,7214.474,69.9,60.8,100,8864.002,263,71.8,60.5,0,47.46524,260,127,70.7,61.2,0,52.98353,125,1131,72.2,60.8,0,43.139572,1152.9995,705,78.6,61.5,0,29.047674,700,1059,74.1,60.9,0,62.033398,1065.692,206,70.2,61.5,0,36.581764,200,126,71.4,61.5,0,53.662735,125,334,70.8,62.1,0,30.2282,330,228,73.1,62.8,0,100,650,579,70.2,62.9,0,100,950,504,0,61.4,0,31.774096,500,508,71.4,61.4,0,34.239,500,179,73.1,63.1,0,48.217796,175,257,70.9,63.6,0,43.240593,245,224,71.1,63.3,0,41.96669,220,363,73.2,63.1,0,32.710163,350,316,73.8,63,0,43.693584,319.59976,347,73.8,63.2,0,31.683413,335,341,73.9,63.2,0,28.364616,335,204,71,63.9,0,36.31011,195,647,73.9,63.3,0,37.949352,645.3632,249,70.2,63,0,43.654884,245,178,73.8,63.1,0,44.41718,175,251,72.4,63.2,0,46.62005,245,425,71.5,62.9,0,40.288567,420,163,73.3,63.6,0,27.319523,160,339,73,63.3,0,39.02708,335,306,73.3,63.8,0,31.677475,300,409,72.6,63.1,0,28.448381,400,196,70.7,63.7,0,36.822086,195,403,72.2,62.9,0,32.967304,380,351,70.4,63.4,0,30.39312,335,178,73.7,62.7,0,59.644062,175,254,72.8,63.2,0,45.40592,245,362,72.5,62.8,0,36.633053,350,239,73.9,63.1,0,42.5191,237.39987,338,73.8,63.1,0,40.525032,335,236,73.2,64,0,39.378685,230,294,73.5,63,0,35.513905,285,206,69.8,63.6,0,42.65547,195,441,73.7,63.1,0,43.454834,424.79962,349,72.6,62.7,0,40.216476,335,177,73.3,62.9,0,57.724876,175,333,74,62.9,0,50.190346,326.89987,430,72.3,63,0,47.319233,420,475,73.8,62.6,0,55.220955,479.1999,866,74.1,62.8,0,57.598038,853.6996,103,72,63.6,0,32.161236,100,345,73,63.4,0,39.938347,335,200,71.1,284.9,0,34.047764,195,618,73.7,62.8,0,46.083744,616.7996,338,71.8,63,0,42.63119,335,341,73.9,62.9,0,44.52093,337.99982,304,73.8,63.1,0,51.019543,299.59973,353,73.7,62.8,0,38.007782,350,161,73.6,63.4,0,42.71905,160,345,69.6,62.8,0,50.905777,335,284,73.8,63.7,0,46.203335,288.08255,164,72.7,63.3,0,34.2382,150,199,70.8,64.2,0,43.381573,195,387,74.6,63.2,0,40.70506,380,584,70.4,62.7,0,67.06844,575,421,73.8,63.6,0,48.43167,422.48615,258,72.9,63.7,0,43.088387,250,178,73.4,63.7,0,59.034664,175,192,73.8,63.7,0,30.475962,190,189,71.4,63.4,0,44.410507,185,311,70.3,63.1,0,40.639366,300,304,73.6,62.8,0,35.3197,300,213,69.4,62.9,0,55.6167,210,888,68.4,62.6,0,91.67471,880,89,89.1,89,143.9,104.4,117.5,1.2,-0.1,30.05
20170714,1125,75.5,99.6,38.8215543,45.99065833,260,49.3,44,5.6,80.8,76.2,-0.1,1.15,0,0,0,5,100,100,1,1,1,0,0,200,72,7.5,5.6,7.5,200,71,74,59.7,100,15,46.6,59.2,100,0,74.1,1.15,60.2,1.8125,63.3,0,0,51.7,13.6,0,0,0,73.7,73.6,62,73.1,15,49.2,60.6,59.5,0,73.5,1,60.2,1.8125,64.9,0,0,99.2,81.3,16.1,4.3,1.5,15,15,93,65.1,82.2,100,38.4,0,74.5,1.3,65.06896,64.56896,0,12.8,0,0,1,100,1,72,405,62,0,29.493935,416.00027,72,68,7045.323,69.8,60.8,100,8728.004,262,71.8,60.5,0,48.780746,260,126,70.7,61.2,0,52.98353,125,1211,72.2,60.8,0,43.289997,1203.9995,710,78.6,61.6,0,28.021914,700,1064,73.8,60.9,0,62.27898,1065.692,204,70.1,61.5,0,36.581764,200,127,71.3,61.5,0,55.088497,125,332,70.7,62.1,0,32.1464,330,225,73,62.8,0,100,650,572,70.1,62.9,0,100,950,501,0,61.5,0,32.67035,500,508,71.4,61.4,0,34.239,500,180,73.1,63,0,48.217796,175,251,71,63.5,0,42.701313,245,225,71.1,63.2,0,41.96669,220,364,73.2,63,0,32.710163,350,318,73.7,63,0,43.693584,319.59976,346,73.7,63.2,0,31.156578,335,342,73.9,63.1,0,28.364616,335,198,71,63.8,0,35.242886,195,606,73.8,63.2,0,36.059296,606.9638,250,70.1,63,0,43.654884,245,177,73.8,63,0,44.41718,175,251,72.4,63.1,0,46.62005,245,425,71.5,62.8,0,40.288567,420,163,73.3,63.6,0,27.319523,160,342,73,63.2,0,39.02708,335,306,73.3,63.7,0,31.677475,300,409,72.6,63,0,28.448381,400,197,70.7,63.6,0,36.822086,195,400,72.2,62.8,0,32.967304,380,347,70.4,63.3,0,30.39312,335,181,73.7,62.6,0,59.367485,175,253,72.8,63.1,0,44.88292,245,357,72.5,62.7,0,35.93212,350,240,73.9,63,0,42.063103,237.39987,340,73.8,63,0,39.47497,335,241,73.2,63.9,0,39.378685,230,294,73.5,63,0,35.07289,285,206,69.8,63.5,0,42.132168,195,380,73.7,63.1,0,41.77496,380,338,72.6,62.7,0,39.771496,335,177,73.3,62.8,0,57.724876,175,332,74,62.7,0,50.190346,326.89987,432,72.3,62.9,0,47.319233,420,476,73.8,62.5,0,55.220955,479.1999,850,73.8,62.7,0,57.083332,853.6996,103,72,63.6,0,32.161236,100,341,73,63.4,0,39.938347,335,199,71.1,285.1,0,34.047764,195,547,73.6,62.8,0,43.263546,539.9998,339,71.9,63,0,42.63119,335,339,73.9,62.8,0,44.52093,337.99982,303,73.8,63,0,51.019543,299.59973,354,73.8,62.8,0,38.007782,350,162,73.7,63.3,0,42.71905,160,351,69.6,62.8,0,50.905777,335,259,73.8,63.6,0,44.747944,260.482,165,72.7,63.3,0,34.2382,150,198,71,64.1,0,43.381573,195,394,74.6,63.1,0,40.70506,380,587,70.4,62.6,0,67.06844,575,422,73.8,63.5,0,48.43167,422.48615,258,72.9,63.6,0,43.088387,250,178,73.3,63.7,0,59.034664,175,192,73.8,63.6,0,30.475962,190,188,71.3,63.3,0,44.410507,185,312,70.3,63,0,40.639366,300,305,73.6,62.7,0,35.3197,300,213,69.3,62.8,0,55.6167,210,890,68.4,62.5,0,91.14902,880,89,89.1,88.9,143.9,104.4,117.4,1.2,-0.1,30.05
20170714,1130,75.5,99.6,38.8215543,45.99065833,257,49,44,5.6,80.5,76.1,-0.2,1.25,0,0,0,5,100,100,1,1,1,0,0,200,72,7.5,5.6,7.5,200,71,73.8,59.8,100,15,46,59.2,100,0,74,1.15,60.2,1.8125,63.3,0,0,51.3,13.9,0,0,0,73.7,73.5,62.2,72.5,15,48.9,60.6,60.2,0,73.5,1,60.2,1.8125,64.8,0,0,99.7,77.8,16.3,4.6,0.8,15,15,93.2,65.1,82.2,100,38.1,0,74.5,1.3,65.06896,64.56896,0,12.9,0,0,1,100,1,72,613,61.8,0,36.28232,632.00085,72,68,7214.474,69.7,60.9,100,8591.996,265,71.7,60.6,0,49.37968,260,125,70.7,61.3,0,53.42282,125,1301,72.1,60.9,0,46.298485,1305.9998,711,78.6,61.6,0,27.823755,700,1026,73.8,61,0,60.989685,1029.6919,202,70.1,61.5,0,36.581764,200,126,71.4,61.6,0,55.088497,125,332,70.7,62.2,0,32.620438,330,224,73,62.9,0,100,650,569,70,63,0,100,950,500,0,61.5,0,33.72621,500,506,71.3,61.5,0,34.239,500,180,73.2,63.1,0,47.32055,175,253,71.1,63.5,0,42.701313,245,226,71.1,63.3,0,41.96669,220,366,73.2,63.1,0,32.710163,350,274,73.7,63,0,42.107834,273.99976,348,73.7,63.2,0,31.156578,335,343,73.9,63.1,0,28.364616,335,199,71,63.8,0,35.242886,195,565,73.7,63.3,0,34.16924,568.56305,250,70.1,63,0,43.654884,245,178,73.8,63.1,0,44.41718,175,253,72.4,63.2,0,46.62005,245,426,71.5,62.9,0,40.288567,420,163,73.3,63.6,0,27.319523,160,343,73,63.3,0,39.02708,335,306,73.3,63.7,0,31.677475,300,410,72.6,63,0,28.448381,400,198,70.7,63.6,0,36.822086,195,401,72.3,62.9,0,32.967304,380,349,70.4,63.4,0,30.39312,335,183,73.7,62.7,0,59.367485,175,254,72.8,63.2,0,44.88292,245,358,72.5,62.8,0,35.93212,350,239,73.9,63,0,42.063103,237.39987,337,73.8,63,0,39.47497,335,240,73.1,63.9,0,39.378685,230,295,73.5,63,0,35.07289,285,205,69.8,63.6,0,42.132168,195,394,73.8,63.2,0,41.162178,380,341,72.7,62.7,0,39.771496,335,178,73.3,62.9,0,57.724876,175,332,74,62.9,0,49.74825,326.89987,432,72.3,63,0,47.319233,420,478,73.8,62.6,0,55.220955,479.1999,818,73.7,62.7,0,55.45343,813.79956,104,72,63.6,0,32.161236,100,345,73,63.3,0,39.938347,335,201,71.1,284.7,0,34.047764,195,466,73.6,62.9,0,40.529556,463.1998,339,71.9,63,0,42.63119,335,340,73.9,62.9,0,44.52093,337.99982,303,73.8,63.2,0,51.019543,299.59973,355,73.9,62.8,0,38.007782,350,162,73.6,63.4,0,42.71905,160,354,69.6,62.9,0,50.905777,335,260,73.8,63.6,0,44.747944,260.482,169,72.7,63.3,0,34.2382,150,199,71.2,64.1,0,43.381573,195,392,74.5,63.2,0,40.70506,380,584,70.4,62.7,0,67.06844,575,424,73.8,63.5,0,48.43167,422.48615,258,72.9,63.6,0,43.088387,250,179,73.3,63.7,0,59.034664,175,194,73.8,63.6,0,30.475962,190,189,71.3,63.4,0,44.410507,185,312,70.3,63.1,0,40.639366,300,306,73.5,62.7,0,35.3197,300,213,69.3,62.8,0,55.6167,210,889,68.3,62.7,0,91.04173,880,88.9,89,89.1,143.9,104.4,117.2,-0.2,0.5,30.05
20170714,1135,75.5,99.6,38.8215543,45.99065833,259,48.9,43.9,5.65,80.3,75.9,-0.1,1.25,0,0,0,5,100,100,1,1,1,0,0,200,72,7.5,5.65,7.5,200,71,73.8,59.8,100,15,45.4,59.2,100,0,74,1.15,60.2,1.8125,63.4,0,0,51.7,13.5,0,0,0,73.7,73.6,62.6,72,15,49,60.6,58,0,73.5,0.99,60.2,1.8125,64.8,0,0,99.6,78.7,15.7,4.5,0.9,15,15,93,65.1,82.2,100,38.6,0,74.5,1.3,65.06896,64.56896,0,12.9,0,0,1,100,1,72,752,61.6,0,40.64453,740.00085,72,68,7045.323,69.7,60.8,100,7911.9956,263,71.6,60.5,0,49.37968,260,125,70.6,61.3,0,53.42282,125,1300,71.9,60.9,0,46.42742,1305.9998,708,78.7,61.7,0,25.457514,700,1020,73.7,60.9,0,60.977406,1029.6919,203,70.1,61.5,0,37.984497,200,127,71.3,61.6,0,55.543262,125,333,70.7,62.1,0,32.620438,330,221,73,62.9,0,100,650,564,70,63,0,100,950,504,0,61.5,0,34.1682,500,505,71.3,61.5,0,34.239,500,179,73.1,63.4,0,47.32055,175,251,71.2,63.9,0,42.701313,245,226,71.1,63.6,0,41.96669,220,365,73.2,63.4,0,32.710163,350,248,73.8,63.4,0,39.15589,251.19977,345,73.7,63.5,0,30.53173,335,341,73.9,63.4,0,27.910686,335,199,71.1,64.1,0,35.242886,195,564,73.8,63.6,0,34.638668,568.56305,251,70.1,63.4,0,43.654884,245,177,73.8,63.5,0,44.41718,175,251,72.4,63.5,0,46.62005,245,424,71.5,63.3,0,40.288567,420,163,73.2,63.8,0,27.319523,160,340,72.9,63.6,0,39.02708,335,306,73.3,63.9,0,31.677475,300,409,72.6,63.3,0,28.448381,400,197,70.7,63.9,0,36.822086,195,402,72.2,63.2,0,32.967304,380,346,70.4,63.7,0,30.39312,335,181,73.7,63.1,0,59.367485,175,252,72.8,63.5,0,44.88292,245,357,72.5,63.2,0,35.93212,350,238,73.9,63.4,0,42.063103,237.39987,339,73.8,63.4,0,40.085472,335,239,73.1,64.1,0,39.378685,230,294,73.5,63.3,0,35.07289,285,204,69.8,63.8,0,42.132168,195,386,73.8,63.5,0,41.341785,380,337,72.7,63.1,0,39.771496,335,178,73.4,63.3,0,57.724876,175,332,74,63.3,0,49.74825,326.89987,431,72.3,63.3,0,47.319233,420,478,73.8,63,0,55.220955,479.1999,725,73.6,63.1,0,51.67892,733.99976,104,72,63.8,0,32.161236,100,343,73,63.6,0,39.938347,335,201,71.1,284.9,0,34.047764,195,428,73.6,63.3,0,37.598522,424.7998,341,71.9,63.4,0,42.63119,335,355,74,63.2,0,45.375816,356,303,73.8,63.5,0,51.019543,299.59973,353,74,63.2,0,38.007782,350,162,73.6,63.6,0,42.71905,160,346,69.6,63.2,0,50.905777,335,257,73.8,63.9,0,44.747944,260.482,166,72.7,63.5,0,34.2382,150,197,71.3,64.3,0,43.381573,195,392,74.3,63.5,0,40.70506,380,584,70.4,63.1,0,67.06844,575,421,73.8,63.7,0,48.43167,422.48615,257,72.9,63.9,0,43.088387,250,178,73.3,63.9,0,59.034664,175,192,73.8,63.8,0,30.475962,190,189,71.4,63.6,0,44.410507,185,310,70.3,63.4,0,40.639366,300,304,73.7,63.1,0,35.3197,300,212,69.4,63.2,0,55.6167,210,890,68.3,63,0,91.17048,880,88.9,89,88.9,143.9,104.4,117.4,1.1,-0.1,30.05
20170714,1140,75.6,99.6,38.91760425,45.99065833,257,48.8,43.8,5.65,80,75.7,-0.2,1.2,0,0,0,5,100,100,1,1,1,0,0,200,72,7.5,5.65,7.5,200,71,73.7,59.9,100,15,44.9,59.2,100,0,73.8,1.1,60.2,1.8125,63.4,0,0,51.3,13.6,0,0,0,73.7,73.6,62.6,71.6,15,49.1,60.6,57.7,0,73.5,1.01,60.2,1.8125,64.9,0,0,99.3,76.1,15.7,4.8,1,15,15,92.8,65.1,82.2,100,37.8,0,74.5,1.3,65.06896,64.56896,0,12.9,0,0,1,100,1,72,859,61.6,0,42.862396,848.00085,72,68,7045.323,69.7,61,100,7231.996,263,71.6,60.6,0,49.37968,260,127,70.6,61.4,0,53.874313,125,1261,71.8,61,0,45.772,1255.0005,709,78.8,61.9,0,25.271011,700,943,73.5,61.1,0,57.37967,921.69226,203,70.2,61.6,0,37.984497,200,127,71.4,61.6,0,55.543262,125,341,70.7,62.2,0,33.237793,330,221,73,62.9,0,100,650,562,70,63.1,0,100,950,503,0,61.6,0,34.1682,500,505,71.3,61.5,0,34.239,500,180,73.1,63.6,0,47.32055,175,251,71.1,64,0,42.701313,245,227,71.1,63.7,0,41.96669,220,367,73.2,63.5,0,32.710163,350,249,73.8,63.6,0,39.15589,251.19977,344,73.6,63.6,0,30.53173,335,342,73.9,63.5,0,27.910686,335,199,71.1,64.2,0,35.242886,195,565,73.7,63.7,0,34.638668,568.56305,251,70.1,63.5,0,43.654884,245,178,73.8,63.6,0,44.41718,175,251,72.4,63.7,0,46.62005,245,427,71.5,63.4,0,40.288567,420,163,73.2,63.9,0,27.319523,160,341,73,63.7,0,39.02708,335,306,73.3,64,0,31.677475,300,411,72.6,63.4,0,28.448381,400,197,70.7,64,0,36.822086,195,401,72.2,63.4,0,32.967304,380,358,70.4,63.8,0,30.39312,335,180,73.7,63.2,0,59.367485,175,253,72.8,63.6,0,44.88292,245,355,72.5,63.2,0,35.93212,350,237,73.9,63.5,0,42.063103,237.39987,340,73.8,63.5,0,40.525032,335,238,73.1,64.3,0,39.378685,230,292,73.5,63.4,0,35.07289,285,203,69.8,63.9,0,42.132168,195,399,73.8,63.6,0,40.06339,380,349,72.8,63.2,0,39.098015,335,179,73.3,63.4,0,57.724876,175,325,73.9,63.3,0,49.134224,326.89987,435,72.3,63.4,0,47.319233,420,483,73.8,63.1,0,55.220955,479.1999,690,73.7,63.2,0,49.15441,694.09985,106,72,63.9,0,32.161236,100,347,73,63.8,0,39.938347,335,203,71.1,285,0,34.047764,195,389,73.7,63.5,0,37.413795,380,341,71.9,63.5,0,42.63119,335,354,73.9,63.3,0,45.375816,356,303,73.9,63.6,0,51.019543,299.59973,354,74,63.3,0,38.007782,350,161,73.6,63.7,0,42.71905,160,354,69.6,63.3,0,50.905777,335,257,73.9,64,0,44.747944,260.482,163,72.7,63.6,0,34.2382,150,199,71.4,64.5,0,43.381573,195,391,74.2,63.6,0,40.70506,380,585,70.4,63.2,0,67.06844,575,359,73.6,63.9,0,46.16238,364.4866,259,72.9,64.1,0,43.088387,250,179,73.3,64,0,59.034664,175,194,73.9,63.9,0,30.475962,190,190,71.4,63.8,0,44.410507,185,307,70.3,63.5,0,40.639366,300,305,73.7,63.2,0,35.3197,300,213,69.3,63.3,0,55.6167,210,891,68.3,63.1,0,90.998825,880,88.9,89,89,145.9,104.3,117.1,1.2,1.6,30.05
20170714,1145,75.6,99.6,38.91760425,45.99065833,255,48.9,43.9,5.65,79.9,75.6,-0.1,1.2,0,0,0,5,100,100,1,1,1,0,0,200,72,7.5,5.65,7.5,200,71,73.9,60,100,15,44.5,59.2,100,0,73.9,1.15,60.2,1.8125,63.6,0,0,51.2,13.7,0,0,0,73.7,73.5,62.6,71.4,15,49,60.6,57.1,0,73.6,1.01,60.2,1.8125,65,0,0,99.3,77.5,15.5,4.8,1,15,15,92,65.1,82,100,39.1,0,74.5,1.3,65.06896,64.56896,0,12.8,0,0,1,100,1,72,720,61.7,0,38.56145,740.0003,72,68,7045.323,69.7,61.1,88.4,6551.996,266,71.7,60.8,0,49.37968,260,129,70.6,61.5,0,53.874313,125,1219,71.7,61.1,0,43.676804,1203.9995,702,78.8,62,0,26.739714,700,880,73.7,61.2,0,55.513264,885.692,206,70.3,61.7,0,37.984497,200,130,71.3,61.7,0,55.543262,125,343,70.7,62.3,0,32.27869,330,224,73,63,0,100,650,571,70.1,63.1,0,100,950,506,0,61.6,0,34.1682,500,506,71.3,61.6,0,34.239,500,178,73.2,63.5,0,46.792038,175,252,71,64,0,42.701313,245,228,71.1,63.7,0,41.96669,220,369,73.2,63.5,0,32.099216,350,250,73.8,63.5,0,39.15589,251.19977,346,73.6,63.7,0,30.53173,335,344,73.9,63.5,0,27.910686,335,200,71,64.2,0,35.242886,195,486,73.8,63.7,0,32.242126,491.76303,256,70.1,63.5,0,43.654884,245,178,73.8,63.5,0,44.41718,175,253,72.4,63.6,0,46.62005,245,427,71.5,63.3,0,40.288567,420,164,73.2,63.9,0,27.319523,160,344,73,63.7,0,39.02708,335,307,73.3,64,0,31.677475,300,411,72.6,63.4,0,28.448381,400,198,70.7,64,0,36.822086,195,406,72.3,63.3,0,32.967304,380,362,70.4,63.8,0,30.39312,335,181,73.7,63.2,0,59.367485,175,255,72.8,63.6,0,44.88292,245,355,72.5,63.3,0,35.93212,350,240,73.9,63.5,0,42.063103,237.39987,341,73.8,63.5,0,40.525032,335,240,73.1,64.3,0,39.378685,230,294,73.5,63.4,0,35.07289,285,206,69.8,64,0,42.132168,195,393,73.8,63.6,0,40.306393,380,341,72.9,63.2,0,40.144318,335,182,73.3,63.3,0,57.724876,175,327,73.8,63.3,0,49.134224,326.89987,434,72.3,63.4,0,46.864243,420,485,73.8,63,0,55.220955,479.1999,617,73.8,63.1,0,45.943626,614.29956,106,72,64,0,32.161236,100,345,73,63.8,0,39.938347,335,204,71.1,284.7,0,33.594612,195,392,73.7,63.5,0,37.413795,380,344,72,63.4,0,42.63119,335,355,73.9,63.3,0,45.375816,356,302,73.9,63.6,0,51.019543,299.59973,376,74.1,63.3,0,40.805157,379.39984,162,73.7,63.7,0,42.71905,160,359,69.6,63.2,0,50.905777,335,260,73.9,64,0,44.747944,260.482,162,72.7,63.7,0,34.2382,150,199,71.5,64.5,0,43.381573,195,388,74.1,63.6,0,40.70506,380,586,70.4,63.1,0,67.06844,575,360,73.9,64,0,46.16238,364.4866,261,73,64.1,0,43.088387,250,179,73.3,64.1,0,59.034664,175,194,73.9,64,0,30.475962,190,190,71.4,63.8,0,44.410507,185,314,70.3,63.5,0,40.639366,300,306,73.6,63.2,0,35.3197,300,213,69.4,63.3,0,55.6167,210,892,68.3,63,0,90.98809,880,88.9,89,88.9,146.9,104.3,117.3,1.2,-0.2,30.05
20170714,1150,75.7,99.6,39.01388189,45.99065833,259,48.8,43.9,5.6,80,75.7,-0.1,1.25,0,0,0,5,100,100,1,1,1,0,0,200,72,7.5,5.6,7.5,200,71,73.8,60.2,100,15,43.7,59.6,100,0,73.9,1.2,60.6,1.8125,63.5,0,0,51.1,13.6,0,0,0,73.7,73.6,62.5,71.4,15,48.9,60.8,59.4,0,73.4,1.01,60.6,1.8125,65.1,0,0,99.4,79.5,16.2,4.3,1.5,15,15,93.3,65.1,82,100,37.9,0,74.5,1.3,65.18965,64.68965,0,12.8,0,0,1,100,1,72,532,62,0,33.794876,524.00024,72,68,6132.9624,69.7,61.2,69,5871.996,271,71.6,60.9,0,49.37968,260,129,70.6,61.5,0,52.53203,125,1153,71.7,61.2,0,42.322983,1152.9995,694,78.8,62,0,27.986944,700,890,73.9,61.3,0,55.513264,885.692,210,70.2,61.8,0,37.984497,200,132,71.3,61.8,0,55.543262,125,339,70.7,62.4,0,30.625069,330,228,73,63,0,100,650,583,70,63.2,0,100,950,510,0,61.8,0,34.1682,500,508,71.3,61.7,0,34.239,500,177,73.2,63.5,0,46.792038,175,250,71.1,63.9,0,42.701313,245,227,71.1,63.6,0,41.96669,220,367,73.2,63.5,0,32.099216,350,250,73.9,63.5,0,39.15589,251.19977,347,73.6,63.6,0,30.53173,335,343,73.9,63.5,0,27.910686,335,200,71.1,64.2,0,35.242886,195,456,73.8,63.8,0,29.499691,453.36304,250,70.1,63.4,0,43.654884,245,178,73.8,63.5,0,44.41718,175,251,72.4,63.6,0,46.62005,245,425,71.5,63.3,0,40.288567,420,163,73.3,63.9,0,27.319523,160,340,73,63.6,0,39.02708,335,306,73.3,64,0,31.677475,300,410,72.6,63.4,0,28.448381,400,198,70.7,64,0,36.822086,195,417,72.3,63.3,0,32.967304,380,353,70.4,63.7,0,30.39312,335,182,73.7,63.1,0,59.367485,175,252,72.8,63.6,0,44.88292,245,357,72.5,63.2,0,35.93212,350,238,73.9,63.4,0,42.063103,237.39987,340,73.8,63.4,0,40.525032,335,239,73.1,64.3,0,39.378685,230,292,73.5,63.4,0,35.07289,285,204,69.8,63.9,0,42.132168,195,396,73.8,63.6,0,41.679874,380,344,72.9,63.1,0,41.010223,335,179,73.3,63.3,0,57.724876,175,326,73.8,63.3,0,49.134224,326.89987,431,72.3,63.4,0,46.864243,420,481,73.8,63,0,55.220955,479.1999,613,73.8,63.1,0,45.943626,614.29956,105,72,64,0,32.161236,100,344,73,63.8,0,39.938347,335,202,71.1,284.9,0,33.594612,195,392,73.8,63.5,0,37.413795,380,342,72.1,63.4,0,42.63119,335,353,73.9,63.2,0,45.375816,356,302,73.9,63.5,0,51.019543,299.59973,437,74.2,63.2,0,43.578205,438.1997,161,73.7,63.7,0,42.71905,160,344,69.6,63.2,0,50.905777,335,258,73.8,64.1,0,44.747944,260.482,159,72.7,63.7,0,34.2382,150,198,71.4,64.5,0,43.381573,195,388,74.1,63.6,0,40.70506,380,581,70.5,63.1,0,67.06844,575,357,73.9,64,0,46.16238,364.4866,259,73,64.1,0,43.088387,250,178,73.3,64.1,0,59.034664,175,193,73.9,64,0,30.475962,190,189,71.4,63.8,0,44.410507,185,308,70.3,63.4,0,40.639366,300,304,73.5,63.2,0,35.3197,300,212,69.4,63.3,0,55.6167,210,887,68.3,63,0,91.65326,880,88.9,89,88.9,144.9,104.3,117.3,1.2,0,30.05
20170714,1155,75.7,99.6,39.01388189,45.99065833,257,48.8,44.1,5.65,79.6,75.4,-0.1,1.25,0,0,0,5,100,100,1,1,1,0,0,200,72,7.5,5.65,7.5,200,71,73.8,60.3,100,15,43.1,59.6,100,0,73.9,1.2,60.6,1.8125,63.6,0,0,51.1,13.7,0,0,0,73.7,73.5,62.6,71.5,15,48.8,60.8,58.4,0,73.5,1.01,60.6,1.8125,65.1,0,0,99.5,78.2,15.8,4.3,1.5,15,15,92.9,65.1,82,100,39.3,0,74.5,1.3,65.18965,64.68965,0,12.8,0,0,1,100,1,72,377,62.2,0,28.464647,308.00027,72,68,5296.044,69.7,61.2,59.6,5191.996,273,71.6,61,0,49.37968,260,128,70.6,61.7,0,51.921906,125,1039,71.7,61.3,0,39.991405,1050.9995,688,78.7,62.1,0,29.05933,700,975,74.3,61.4,0,57.895382,993.6926,212,70.2,61.9,0,37.984497,200,131,71.3,62,0,54.19125,125,337,70.7,62.5,0,30.2282,330,233,73,63.1,0,100,650,591,69.9,63.3,0,100,950,512,0,61.9,0,34.1682,500,509,71.2,61.8,0,34.239,500,177,73.2,63.5,0,46.792038,175,252,71.1,63.9,0,42.701313,245,227,71.1,63.7,0,41.96669,220,367,73.2,63.5,0,32.099216,350,250,73.9,63.5,0,39.15589,251.19977,345,73.6,63.6,0,30.53173,335,343,73.9,63.5,0,27.910686,335,200,71,64.2,0,35.242886,195,456,73.8,63.8,0,29.499691,453.36304,253,70.1,63.4,0,43.654884,245,178,73.8,63.5,0,44.41718,175,252,72.4,63.6,0,46.62005,245,425,71.5,63.3,0,40.288567,420,163,73.3,64,0,27.319523,160,341,73,63.6,0,39.02708,335,306,73.3,64,0,31.677475,300,411,72.6,63.4,0,28.448381,400,197,70.7,64,0,36.822086,195,423,72.4,63.3,0,32.967304,380,357,70.4,63.7,0,30.39312,335,180,73.7,63.1,0,59.367485,175,252,72.8,63.6,0,44.88292,245,355,72.5,63.2,0,35.93212,350,236,73.9,63.4,0,42.063103,237.39987,340,73.8,63.4,0,40.525032,335,239,73.1,64.3,0,39.378685,230,292,73.5,63.4,0,35.07289,285,203,69.8,63.9,0,42.132168,195,411,73.8,63.6,0,40.507133,380,352,72.9,63.2,0,40.493088,335,181,73.3,63.3,0,57.724876,175,301,73.7,63.3,0,47.685127,299.59973,432,72.3,63.4,0,46.864243,420,481,73.9,63,0,55.220955,479.1999,618,73.8,63.1,0,45.943626,614.29956,105,72.1,64,0,32.161236,100,344,73,63.8,0,39.938347,335,204,71.1,284.8,0,33.594612,195,392,73.8,63.5,0,37.413795,380,344,72,63.4,0,42.63119,335,351,73.9,63.2,0,45.375816,356,303,73.9,63.5,0,51.019543,299.59973,478,74.1,63.2,0,44.916077,467.5997,162,73.7,63.7,0,42.71905,160,348,69.6,63.2,0,50.905777,335,258,73.9,64,0,44.747944,260.482,161,72.7,63.7,0,34.2382,150,198,71.4,64.4,0,43.381573,195,393,74.1,63.6,0,40.70506,380,587,70.5,63.1,0,67.06844,575,359,73.9,64,0,46.16238,364.4866,259,73,64.1,0,43.088387,250,178,73.3,64.1,0,59.034664,175,193,73.9,64,0,30.475962,190,189,71.4,63.8,0,44.410507,185,310,70.3,63.5,0,40.639366,300,305,73.5,63.2,0,35.3197,300,213,69.4,63.3,0,55.6167,210,889,68.3,63,0,91.1061,880,88.8,88.9,88.9,145.9,104.3,117.4,1.3,0,30.05
20170714,1200,75.6,99.6,38.91760425,45.99065833,259,48.8,44,5.65,79.6,75.3,-0.2,1.3,0,0,0,5,100,100,1,1,1,0,0,200,72,7.5,5.65,7.5,200,71,74.1,60.2,100,15,42.6,59.6,100,0,74.1,1.25,60.6,1.8125,63.8,0,0,51.4,13.4,0,0,0,73.7,73.5,62.6,71.4,15,48.7,60.8,58.3,0,73.5,1,60.6,1.8125,65.1,0,0,99.4,77.2,15.8,4.4,1,15,15,93.3,65.1,82,100,36.9,0,74.5,1.3,65.18965,64.68965,0,12.8,0,0,1,100,1,72,205,62.7,0,23.281462,200.00027,72,68,4573.3335,69.7,61.2,53.6,4511.996,276,71.6,61,0,48.459892,260,130,70.6,61.7,0,51.921906,125,1049,71.9,61.3,0,39.378963,1050.9995,695,78.5,62,0,30.528032,700,1042,74.3,61.4,0,59.749508,1029.6926,213,70.2,61.9,0,36.91399,200,130,71.2,62,0,53.662735,125,339,70.7,62.5,0,30.2282,330,234,73,63.2,0,100,650,594,70,63.3,0,100,950,513,0,61.9,0,34.1682,500,510,71.2,61.8,0,34.239,500,178,73.3,63.5,0,46.792038,175,252,71,63.9,0,42.701313,245,227,71.1,63.6,0,41.96669,220,364,73.2,63.5,0,31.659334,350,250,73.9,63.5,0,39.15589,251.19977,347,73.6,63.6,0,30.53173,335,343,73.9,63.5,0,27.910686,335,200,71,64.2,0,35.242886,195,456,73.9,63.8,0,29.499691,453.36304,252,70.1,63.4,0,43.654884,245,178,73.8,63.5,0,44.41718,175,252,72.4,63.5,0,46.62005,245,427,71.5,63.3,0,40.288567,420,163,73.4,63.9,0,27.319523,160,340,73,63.6,0,39.02708,335,307,73.3,64,0,31.677475,300,411,72.6,63.3,0,28.448381,400,198,70.7,63.9,0,36.822086,195,413,72.4,63.3,0,32.967304,380,356,70.4,63.7,0,30.39312,335,183,73.7,63.1,0,59.367485,175,253,72.8,63.5,0,44.88292,245,359,72.5,63.1,0,35.93212,350,239,73.9,63.4,0,42.063103,237.39987,343,73.8,63.4,0,40.525032,335,241,73.1,64.3,0,39.378685,230,295,73.5,63.4,0,35.07289,285,206,69.8,63.9,0,42.132168,195,393,73.8,63.6,0,41.690437,380,338,72.9,63.1,0,40.048103,335,181,73.4,63.2,0,57.724876,175,271,73.7,63.2,0,46.16235,272.2997,435,72.3,63.3,0,46.864243,420,484,73.9,62.9,0,55.208717,479.1999,577,73.7,63.1,0,43.68873,574.3996,105,72,63.9,0,32.161236,100,344,73,63.7,0,39.938347,335,204,71.1,284.6,0,33.594612,195,393,73.8,63.5,0,37.413795,380,343,72,63.4,0,42.63119,335,354,73.9,63.2,0,45.375816,356,303,73.9,63.5,0,51.019543,299.59973,522,74.1,63.1,0,46.618828,526.39984,161,73.7,63.7,0,42.71905,160,349,69.6,63.2,0,50.905777,335,257,73.9,64,0,44.747944,260.482,163,72.7,63.6,0,34.2382,150,198,71.4,64.4,0,43.381573,195,382,74.1,63.6,0,40.70506,380,581,70.5,63.1,0,67.06844,575,414,73.9,63.9,0,49.147755,407.98657,258,73,64,0,43.088387,250,178,73.3,64.1,0,59.034664,175,192,73.9,64,0,30.475962,190,188,71.4,63.7,0,44.410507,185,308,70.3,63.4,0,40.639366,300,305,73.7,63.1,0,35.3197,300,212,69.4,63.2,0,55.6167,210,891,68.3,62.9,0,91.031006,880,88.8,88.9,88.9,145.9,104.3,117.3,1.1,0.1,30.05
20170714,1205,75.6,99.6,38.91760425,46.608675,257,48.6,43.8,5.6,79.5,75.3,-0.2,1.25,0,0,0,5,100,100,1,1,1,0,0,200,72,7.5,5.6,7.5,200,71.1,73.7,60.5,100,15,42.5,59.6,100,0,73.8,1.25,60.6,1.8125,64.1,0,0,51.6,13.4,0,0,0,73.7,73.5,62.6,71.6,15,48.6,60.8,59.4,0,73.5,1,60.6,1.8125,65.1,0,0,99.5,79.2,16,4.3,0.8,15,15,92.2,65.1,82,100,38.2,0,74.5,1.3,65.18965,64.68965,0,12.8,0,0,1,100,1,72,206,63.2,0,23.281462,200.00027,72,68,4023.1768,69.7,61.5,47.2,3831.9956,274,71.6,61.2,0,47.860962,260,128,70.6,61.9,0,51.482613,125,1107,72.1,61.5,0,40.560867,1101.9998,693,78.4,62.1,0,30.772818,700,1105,74.3,61.6,0,62.22986,1101.6926,210,70.2,62.1,0,36.47102,200,130,71.3,62.2,0,53.662735,125,340,70.7,62.7,0,30.2282,330,236,72.9,63.3,0,100,650,596,70,63.5,0,100,950,514,0,62.1,0,34.1682,500,510,71.2,62.1,0,34.239,500,179,73.3,63.5,0,46.792038,175,252,71,63.9,0,42.701313,245,227,71.2,63.6,0,41.96669,220,365,73.2,63.5,0,31.659334,350,250,73.9,63.5,0,39.15589,251.19977,349,73.6,63.6,0,30.53173,335,343,73.9,63.5,0,27.46902,335,201,71,64.2,0,35.242886,195,457,73.9,63.8,0,29.499691,453.36304,253,70.1,63.4,0,43.654884,245,177,73.8,63.5,0,43.80368,175,254,72.4,63.5,0,46.62005,245,428,71.5,63.3,0,40.288567,420,164,73.4,63.9,0,27.319523,160,344,73,63.6,0,39.02708,335,307,73.3,64,0,31.677475,300,414,72.6,63.3,0,28.448381,400,199,70.7,63.9,0,36.822086,195,403,72.4,63.3,0,32.967304,380,350,70.4,63.7,0,30.39312,335,178,73.7,63.1,0,58.850407,175,255,72.8,63.5,0,44.88292,245,361,72.4,63.2,0,35.93212,350,240,73.9,63.4,0,42.063103,237.39987,343,73.8,63.4,0,40.525032,335,242,73.1,64.3,0,39.378685,230,297,73.5,63.4,0,35.07289,285,207,69.8,63.9,0,42.132168,195,389,73.8,63.6,0,41.690437,380,336,72.9,63.1,0,40.37282,335,183,73.4,63.3,0,57.724876,175,252,73.6,63.3,0,45.536045,245,434,72.3,63.3,0,46.864243,420,484,73.9,63,0,55.123024,479.1999,495,73.7,63.1,0,40.17157,494.5998,107,72,63.9,0,32.161236,100,345,73,63.8,0,39.938347,335,204,71.1,284.6,0,33.153706,195,390,73.8,63.5,0,36.970444,380,345,71.9,63.4,0,42.189796,335,355,73.9,63.2,0,45.375816,356,303,73.9,63.5,0,51.019543,299.59973,561,74.1,63.1,0,48.04184,555.79987,162,73.7,63.8,0,42.71905,160,352,69.7,63.2,0,50.905777,335,259,73.9,64,0,44.747944,260.482,164,72.7,63.6,0,34.2382,150,198,71.3,64.5,0,43.381573,195,390,74.1,63.5,0,40.70506,380,587,70.6,63,0,67.06844,575,416,73.9,63.9,0,49.147755,407.98657,259,73,64.1,0,43.088387,250,180,73.3,64.1,0,59.034664,175,192,73.9,64,0,30.475962,190,190,71.4,63.7,0,44.410507,185,312,70.3,63.4,0,40.639366,300,307,73.7,63.1,0,35.3197,300,213,69.4,63.2,0,55.6167,210,890,68.3,62.9,0,91.08465,880,88.8,88.9,88.8,146.9,104.3,117.7,0.6,1.3,30.05
20170714,1210,75.6,99.6,38.91760425,46.608675,258,48.6,43.8,5.6,79.4,75.2,-0.1,1.25,0,0,0,5,100,100,1,1,1,0,0,200,72,7.5,5.6,7.5,200,71.1,74,60.6,100,15,42.5,59.6,100,0,74,1.25,60.6,1.8125,64.2,0,0,51.6,13.4,0,0,0,73.7,73.5,62.5,71.7,15,48.4,60.8,55.3,0,73.5,1,60.6,1.8125,65.1,0,0,99.4,80.7,14.9,4.5,1,15,15,92.8,65.1,82,100,39.2,0,74.5,1.3,65.18965,64.68965,0,12.8,0,0,1,100,1,72,494,62.7,0,32.14067,488.00027,72,68,3024.2644,69.7,61.5,42,3151.9958,271,71.9,61.3,0,47.860962,260,127,70.6,62,0,51.482613,125,1242,72.2,61.6,0,42.9784,1203.9995,695,78.4,62.3,0,30.551348,700,1123,73.8,61.6,0,62.806976,1101.6926,208,70.1,62.2,0,36.47102,200,129,71.3,62.2,0,53.662735,125,337,70.8,62.8,0,30.2282,330,233,72.9,63.4,0,100,650,591,70.1,63.5,0,100,950,512,0,62.2,0,34.1682,500,510,71.3,62.1,0,34.239,500,178,73.2,63.5,0,46.792038,175,252,71,63.9,0,42.701313,245,225,71.1,63.6,0,41.525837,220,364,73.2,63.5,0,31.659334,350,249,73.9,63.5,0,39.15589,251.19977,346,73.6,63.6,0,30.53173,335,342,73.9,63.5,0,27.46902,335,201,71,64.2,0,35.242886,195,454,73.9,63.8,0,29.499691,453.36304,256,70.1,63.4,0,43.654884,245,176,73.8,63.5,0,43.80368,175,252,72.4,63.5,0,46.62005,245,425,71.5,63.2,0,40.288567,420,164,73.5,63.9,0,27.319523,160,343,73,63.6,0,39.02708,335,307,73.3,64,0,31.677475,300,410,72.6,63.4,0,28.448381,400,199,70.7,63.9,0,36.822086,195,420,72.4,63.3,0,32.967304,380,356,70.4,63.7,0,30.39312,335,174,73.7,63,0,59.06686,175,253,72.8,63.5,0,44.88292,245,355,72.5,63.1,0,35.93212,350,238,73.9,63.4,0,42.063103,237.39987,338,73.8,63.4,0,40.525032,335,239,73.1,64.3,0,39.378685,230,292,73.5,63.3,0,35.07289,285,203,69.8,63.9,0,42.132168,195,407,73.8,63.6,0,40.549393,380,354,72.9,63.1,0,39.93987,335,182,73.4,63.2,0,57.724876,175,250,73.6,63.3,0,45.24131,245,436,72.3,63.3,0,46.864243,420,483,73.9,62.9,0,55.110783,479.1999,447,73.7,63.1,0,38.70098,454.6996,107,72,63.9,0,32.161236,100,345,73,63.7,0,39.938347,335,204,71,284.7,0,33.153706,195,389,73.8,63.4,0,36.970444,380,344,71.9,63.4,0,42.189796,335,351,73.9,63.2,0,45.375816,356,303,73.9,63.5,0,51.019543,299.59973,610,74.1,63.1,0,50.24325,614.59985,161,73.7,63.7,0,42.71905,160,347,69.7,63.2,0,50.905777,335,257,73.9,64,0,44.747944,260.482,161,72.7,63.6,0,34.2382,150,198,71.3,64.4,0,43.381573,195,387,74,63.5,0,40.70506,380,583,70.6,63,0,67.06844,575,416,73.9,63.9,0,49.147755,407.98657,259,73,64,0,43.088387,250,179,73.3,64,0,59.034664,175,193,73.9,63.9,0,30.475962,190,189,71.4,63.7,0,44.410507,185,310,70.3,63.4,0,40.639366,300,305,73.5,63.1,0,35.3197,300,212,69.4,63.2,0,55.6167,210,889,68.2,62.9,0,91.14902,880,88.8,88.9,88.9,145.9,104.3,117.8,1.4,-1.4,30.05
20170714,1215,75.7,99.6,39.01388189,46.608675,256,48.6,43.8,5.6,79.4,75.2,-0.1,1.25,0,0,0,5,100,100,1,1,1,0,0,200,72,7.5,5.6,7.5,200,71.1,73.8,60.6,100,15,42.5,59.6,100,0,73.9,1.3,60.6,1.8125,64.4,0,0,51.5,13.7,0,0,0,73.7,73.6,62.6,71.7,15,48.3,60.8,59.3,0,73.5,1.02,60.6,1.8125,65.1,0,0,99.5,76.9,16,4.3,1.2,15,15,93.7,65.1,82,100,38,0,74.5,1.3,65.18965,64.68965,0,12.8,0,0,1,100,1,72,693,62.5,0,37.679207,704.00024,72,68,3388.784,69.8,61.5,41,3152.0042,272,71.9,61.3,0,47.326202,260,127,70.7,62,0,50.86028,125,1248,72.2,61.6,0,42.688297,1254.9995,706,78.3,62.3,0,33.68691,700,605,73.1,61.8,0,44.400784,600,209,70.1,62.2,0,36.028053,200,130,71.4,62.3,0,52.962143,125,337,70.8,62.8,0,29.599825,330,244,72.9,63.4,0,100,650,610,70.2,63.6,0,100,950,515,0,62.2,0,34.1682,500,510,71.4,62.2,0,33.784115,500,179,73.2,63.4,0,46.792038,175,254,70.9,63.9,0,42.701313,245,226,71.1,63.6,0,41.525837,220,365,73.2,63.5,0,31.659334,350,251,74,63.5,0,39.15589,251.19977,348,73.6,63.6,0,30.53173,335,344,73.9,63.5,0,27.46902,335,201,71.1,64.2,0,35.242886,195,456,73.8,63.8,0,29.499691,453.36304,257,70.1,63.4,0,43.654884,245,177,73.8,63.4,0,43.80368,175,254,72.4,63.5,0,46.62005,245,430,71.5,63.3,0,40.288567,420,164,73.5,63.9,0,27.319523,160,344,73,63.6,0,39.02708,335,307,73.3,64,0,31.677475,300,413,72.6,63.4,0,28.448381,400,199,70.7,63.9,0,36.822086,195,388,72.4,63.3,0,32.510796,380,344,70.4,63.7,0,30.39312,335,178,73.7,63.1,0,59.28331,175,256,72.8,63.5,0,44.88292,245,357,72.5,63.1,0,35.93212,350,239,73.9,63.4,0,42.063103,237.39987,343,73.9,63.4,0,40.525032,335,240,73.1,64.2,0,39.378685,230,294,73.5,63.3,0,35.07289,285,205,69.8,63.9,0,42.132168,195,392,73.8,63.6,0,41.39461,380,345,72.9,63.1,0,39.93987,335,184,73.3,63.2,0,57.724876,175,251,73.6,63.3,0,45.24131,245,438,72.3,63.3,0,46.864243,420,486,73.9,63,0,54.64561,479.1999,456,73.8,63.1,0,38.946075,454.6996,107,72,63.9,0,32.161236,100,348,73,63.7,0,39.938347,335,204,71,284.6,0,33.153706,195,391,73.9,63.4,0,36.970444,380,345,71.9,63.4,0,42.189796,335,353,73.8,63.2,0,45.375816,356,303,73.9,63.5,0,51.019543,299.59973,650,74,63,0,51.66626,643.9999,162,73.7,63.7,0,42.71905,160,347,69.6,63.2,0,50.905777,335,258,73.9,64,0,44.747944,260.482,169,72.7,63.6,0,34.2382,150,197,71.3,64.4,0,43.381573,195,389,74,63.5,0,40.70506,380,586,70.6,63,0,67.06844,575,416,73.9,63.9,0,49.147755,407.98657,260,73,64,0,43.088387,250,180,73.3,64,0,59.034664,175,194,73.9,63.9,0,30.475962,190,190,71.3,63.7,0,44.410507,185,310,70.3,63.4,0,40.639366,300,307,73.5,63.1,0,35.3197,300,214,69.3,63.2,0,55.6167,210,893,68.2,62.9,0,90.912994,880,88.8,88.9,88.9,146.9,104.2,117.6,1.2,0,30.05
20170714,1220,75.8,99.6,39.11038787,46.608675,259,48.9,44.1,5.6,79.3,75.2,-0.1,1.25,0,0,0,5,100,100,1,1,1,0,0,200,72,7.5,5.6,7.5,200,71.1,73.9,60.7,100,15,42.6,59.6,100,0,73.9,1.3,60.6,1.8125,64.4,0,0,51.5,13.5,0,0,0,73.7,73.6,62.5,71.9,15,48.1,60.8,58.9,0,73.6,1,60.6,1.8125,65.1,0,0,99.3,78.2,15.9,4.6,1.4,15,15,93.1,65.1,82,100,37.2,0,74.5,1.3,65.18965,64.68965,0,12.8,0,0,1,100,1,72,821,62.3,0,41.355225,812.00024,72,68,3388.784,69.9,61.6,43.9,3288.002,266,71.9,61.3,0,47.326202,260,125,70.7,62.1,0,50.86028,125,1319,72,61.6,0,46.341465,1305.9995,711,78.2,62.2,0,32.870964,700,606,73.2,62,0,44.85511,600,205,70.1,62.3,0,36.028053,200,128,71.3,62.3,0,52.962143,125,331,70.8,62.8,0,29.599825,330,239,72.9,63.4,0,100,650,603,70.3,63.6,0,100,950,513,0,62.2,0,34.1682,500,508,71.4,62.2,0,33.784115,500,177,73.3,63.4,0,46.792038,175,252,70.9,63.8,0,42.701313,245,226,71.1,63.6,0,41.525837,220,363,73.2,63.4,0,31.659334,350,250,74,63.5,0,39.15589,251.19977,346,73.6,63.6,0,30.53173,335,341,73.9,63.5,0,27.46902,335,200,71,64.2,0,35.242886,195,454,73.9,63.7,0,29.499691,453.36304,257,70.1,63.4,0,43.654884,245,177,73.8,63.4,0,43.80368,175,254,72.4,63.5,0,46.62005,245,427,71.5,63.2,0,40.288567,420,163,73.6,63.9,0,27.319523,160,344,73,63.6,0,39.02708,335,307,73.3,64,0,31.677475,300,410,72.6,63.3,0,28.448381,400,199,70.7,63.9,0,36.822086,195,395,72.3,63.2,0,32.510796,380,354,70.4,63.7,0,30.39312,335,178,73.7,63,0,59.28331,175,253,72.8,63.5,0,44.88292,245,358,72.5,63.1,0,35.93212,350,240,73.9,63.4,0,42.063103,237.39987,344,73.9,63.4,0,40.525032,335,241,73.1,64.2,0,39.378685,230,296,73.5,63.3,0,35.07289,285,207,69.8,63.8,0,42.132168,195,393,73.9,63.6,0,41.77496,380,336,72.9,63.1,0,40.80577,335,182,73.4,63.2,0,57.724876,175,250,73.6,63.2,0,45.24131,245,436,72.3,63.3,0,46.864243,420,484,73.8,62.9,0,55.07406,479.1999,457,73.8,63.1,0,38.946075,454.6996,104,72,63.9,0,32.161236,100,346,73,63.7,0,39.938347,335,203,71,284.8,0,33.153706,195,393,73.9,63.4,0,36.970444,380,344,71.8,63.3,0,42.189796,335,352,73.8,63.2,0,45.375816,356,302,73.9,63.5,0,51.019543,299.59973,650,73.9,63,0,51.66626,643.9999,161,73.6,63.7,0,42.71905,160,344,69.6,63.2,0,50.905777,335,257,74,63.9,0,44.747944,260.482,160,72.7,63.6,0,34.2382,150,197,71.2,64.4,0,43.381573,195,391,74,63.5,0,40.70506,380,583,70.6,63,0,67.06844,575,414,74,63.9,0,49.147755,407.98657,259,73,64,0,43.088387,250,179,73.3,64,0,59.034664,175,194,73.9,63.9,0,30.475962,190,189,71.3,63.7,0,44.410507,185,307,70.2,63.4,0,40.639366,300,306,73.5,63.1,0,35.3197,300,213,69.3,63.2,0,55.6167,210,889,68.2,62.9,0,91.65326,880,88.8,88.9,88.7,144.9,104.2,117.4,1.2,-0.2,30.05
20170714,1225,75.9,99.6,39.20712286,46.608675,260,48.7,43.8,5.6,79.4,75.1,-0.1,1.3,0,0,0,5,100,100,1,1,1,0,0,200,72,7.5,5.6,7.5,200,71.1,73.9,60.7,100,15,42.8,59.6,100,0,74,1.25,60.6,1.8125,64.5,0,0,51,13.4,0,0,0,73.7,73.5,62.6,72.3,15,47.9,60.8,59,0,73.5,1.02,60.6,1.8125,65.1,0,0,99.3,79.7,16,4.5,0.7,15,15,92.2,65.1,82,100,38.5,0,74.5,1.3,65.18965,64.68965,0,12.8,0,0,1,100,1,72,1008,62.2,0,46.80799,1028.0007,72,68,3388.784,69.9,61.6,44.3,3288.002,264,71.8,61.3,0,47.326202,260,125,70.7,62.1,0,51.934105,125,1268,71.9,61.7,0,45.95466,1305.9995,707,78.2,62.3,0,31.23907,700,700,73.4,62,0,48.28094,699.6158,203,70.1,62.3,0,36.028053,200,126,71.3,62.4,0,52.962143,125,330,70.8,62.9,0,30.481756,330,237,72.9,63.4,0,100,650,595,70.4,63.6,0,100,950,512,0,62.3,0,34.1682,500,507,71.4,62.2,0,33.784115,500,178,73.3,63.4,0,46.792038,175,253,70.9,63.9,0,42.701313,245,225,71.2,63.6,0,41.525837,220,364,73.2,63.5,0,31.659334,350,249,74,63.5,0,39.15589,251.19977,347,73.5,63.6,0,30.53173,335,343,73.9,63.5,0,27.46902,335,200,71,64.2,0,35.242886,195,497,74,63.7,0,32.686844,491.76343,254,70.1,63.4,0,43.654884,245,177,73.8,63.4,0,43.80368,175,254,72.4,63.5,0,46.62005,245,427,71.5,63.3,0,40.288567,420,163,73.6,63.9,0,27.319523,160,345,73,63.6,0,39.02708,335,307,73.3,64,0,31.677475,300,411,72.6,63.3,0,28.448381,400,200,70.7,64,0,36.822086,195,402,72.3,63.2,0,32.510796,380,359,70.4,63.7,0,30.39312,335,180,73.7,63.1,0,59.728233,175,254,72.8,63.5,0,44.88292,245,360,72.4,63.1,0,35.93212,350,241,73.9,63.4,0,42.063103,237.39987,343,73.9,63.4,0,40.525032,335,243,73.1,64.3,0,39.378685,230,296,73.5,63.3,0,35.07289,285,207,69.8,63.9,0,42.132168,195,381,73.9,63.6,0,40.390915,380,337,72.9,63.1,0,40.37282,335,183,73.4,63.2,0,57.724876,175,250,73.6,63.2,0,45.24131,245,438,72.3,63.3,0,46.864243,420,485,73.8,63,0,55.061817,479.1999,458,73.8,63.1,0,38.946075,454.6996,104,72,63.9,0,32.161236,100,346,73,63.7,0,39.938347,335,205,71,285,0,33.153706,195,391,74,63.4,0,36.970444,380,346,71.8,63.4,0,42.189796,335,359,73.8,63.2,0,45.52015,356,304,73.9,63.5,0,51.019543,299.59973,618,73.9,63,0,49.622963,614.60034,162,73.6,63.7,0,42.71905,160,354,69.7,63.2,0,50.905777,335,259,74,64,0,44.747944,260.482,165,72.7,63.6,0,34.2382,150,197,71.2,64.4,0,43.381573,195,386,74,63.5,0,40.70506,380,586,70.6,63,0,67.06844,575,416,74,63.9,0,49.147755,407.98657,260,73,64,0,43.088387,250,180,73.3,64,0,59.034664,175,195,73.9,63.9,0,30.475962,190,190,71.3,63.7,0,44.410507,185,311,70.2,63.4,0,40.639366,300,306,73.5,63.1,0,35.3197,300,214,69.3,63.2,0,55.6167,210,893,68.2,62.9,0,90.89153,880,88.7,88.8,88.9,145.9,104.2,117.4,0.3,0,30.05
20170714,1230,75.9,99.6,39.20712286,46.608675,257,48.6,43.8,5.6,79.4,75.1,-0.1,1.2,0,0,0,5,100,100,1,1,1,0,0,200,72,7.5,5.6,7.5,200,71.1,73.9,60.7,100,15,42.9,59.6,100,0,73.9,1.25,60.6,1.8125,64.6,0,0,51.6,13.8,0,0,0,73.7,73.5,62.4,71.9,15,47.8,60.8,62.1,0,73.4,1,60.6,1.8125,65.1,0,0,99.2,75.9,16.9,4.4,1.6,15,15,93.8,65.1,82,100,37.3,0,74.5,1.3,65.18965,64.68965,0,12.8,0,0,1,100,1,72,1032,62.2,0,45.83997,1028.0024,72,68,3388.784,69.9,61.6,44.6,3288.002,264,71.8,61.4,0,47.326202,260,127,70.7,62.1,0,52.373398,125,1297,71.8,61.7,0,45.804234,1305.9995,707,78.2,62.3,0,31.110853,700,653,73.5,62.1,0,45.911102,627.6156,204,70.1,62.3,0,36.028053,200,126,71.4,62.4,0,52.962143,125,334,70.9,62.9,0,31.98104,330,235,72.9,63.4,0,100,650,595,70.4,63.6,0,100,950,512,0,62.3,0,34.1682,500,507,71.4,62.3,0,33.784115,500,178,73.4,63.4,0,46.792038,175,253,70.9,63.9,0,42.701313,245,226,71.2,63.6,0,41.525837,220,365,73.3,63.4,0,31.659334,350,279,74.1,63.4,0,42.07124,273.99988,345,73.4,63.6,0,30.53173,335,343,73.9,63.5,0,27.46902,335,199,71,64.2,0,35.242886,195,494,73.9,63.7,0,32.686844,491.76343,254,70.1,63.4,0,43.654884,245,178,73.8,63.4,0,43.80368,175,255,72.5,63.5,0,46.62005,245,428,71.5,63.2,0,40.288567,420,164,73.6,63.9,0,27.319523,160,343,73,63.6,0,39.02708,335,307,73.3,64,0,31.677475,300,412,72.6,63.4,0,28.448381,400,199,70.7,64,0,36.822086,195,391,72.3,63.2,0,32.510796,380,359,70.4,63.7,0,30.39312,335,178,73.7,63,0,59.728233,175,254,72.8,63.5,0,44.88292,245,359,72.5,63.1,0,35.93212,350,239,73.9,63.4,0,42.063103,237.39987,344,73.9,63.3,0,40.525032,335,241,73.1,64.2,0,39.378685,230,296,73.5,63.3,0,35.07289,285,206,69.8,63.9,0,42.132168,195,387,73.9,63.6,0,40.78183,380,349,72.9,63,0,41.25075,335,183,73.3,63.2,0,57.724876,175,251,73.6,63.2,0,45.24131,245,438,72.3,63.3,0,46.864243,420,483,73.8,62.9,0,55.13527,479.1999,455,73.8,63.1,0,38.946075,454.6996,107,72,63.9,0,32.161236,100,348,73,63.7,0,39.938347,335,204,71,284.7,0,33.153706,195,392,74,63.4,0,36.970444,380,343,71.8,63.4,0,42.189796,335,358,73.8,63.1,0,45.52015,356,320,74,63.4,0,53.16483,326.9,613,73.9,63,0,49.622963,614.60034,162,73.6,63.7,0,42.71905,160,344,69.7,63.1,0,50.905777,335,258,74,64,0,44.747944,260.482,159,72.7,63.6,0,34.2382,150,198,71.2,64.4,0,43.76463,195,388,74,63.5,0,40.70506,380,585,70.7,63,0,67.06844,575,417,74,63.9,0,49.147755,407.98657,259,73,64,0,43.088387,250,179,73.3,64,0,59.034664,175,194,73.9,63.9,0,30.475962,190,190,71.3,63.7,0,44.410507,185,311,70.2,63.4,0,40.639366,300,307,73.5,63.1,0,35.3197,300,214,69.3,63.2,0,55.6167,210,894,68.2,62.9,0,90.95591,880,88.7,88.8,88.8,142.9,104.2,117.7,1.2,0.1,30.05
20170714,1235,75.8,99.6,39.11038787,46.608675,256,48.5,43.9,5.65,79.1,75.1,-0.2,1.25,0,0,0,5,100,100,1,1,1,0,0,200,72,7.5,5.65,7.5,200,71.1,73.8,60.6,100,15,42.9,59.6,100,0,73.8,1.25,60.6,1.8125,64.9,0,0,51.7,13.9,0,0,0,73.7,73.5,62.9,72.4,15,47.9,60.8,57.1,0,73.4,0.99,60.6,1.8125,65.1,0,0,99.5,77.9,15.4,4.5,1.2,15,15,93,65.1,82,100,37.2,0,74.5,1.3,65.18965,64.68965,0,12.8,0,0,1,100,1,72,1033,62.1,0,45.827717,1028.0024,72,68,3388.784,69.9,61.5,43.5,3288.002,264,71.8,61.3,0,47.326202,260,127,70.7,62,0,52.373398,125,1232,71.7,61.6,0,45.1703,1254.9995,704,78.1,62.2,0,31.425575,700,607,73.5,62.1,0,44.437622,600,205,70.1,62.3,0,36.028053,200,127,71.3,62.3,0,52.962143,125,335,70.9,62.8,0,31.98104,330,236,72.9,63.4,0,100,650,600,70.4,63.6,0,100,950,512,0,62.2,0,34.1682,500,507,71.4,62.2,0,33.784115,500,177,73.3,63.6,0,46.792038,175,252,70.9,64.1,0,42.701313,245,224,71.2,63.8,0,41.525837,220,363,73.3,63.6,0,31.659334,350,300,74.1,63.5,0,43.754574,296.79987,343,73.3,63.7,0,30.53173,335,340,73.9,63.6,0,27.46902,335,198,71.1,64.3,0,35.242886,195,488,73.9,63.8,0,32.686844,491.76343,254,70.1,63.6,0,43.654884,245,177,73.8,63.6,0,43.80368,175,253,72.5,63.7,0,46.62005,245,426,71.6,63.5,0,40.288567,420,164,73.6,64,0,27.319523,160,341,73,63.8,0,39.02708,335,307,73.3,64.1,0,31.677475,300,410,72.6,63.5,0,28.448381,400,197,70.7,64.1,0,36.822086,195,393,72.3,63.4,0,32.510796,380,352,70.4,63.9,0,30.39312,335,178,73.7,63.3,0,59.728233,175,254,72.8,63.7,0,44.88292,245,359,72.5,63.3,0,35.93212,350,239,73.9,63.6,0,42.063103,237.39987,343,73.9,63.5,0,40.525032,335,240,73.1,64.3,0,39.378685,230,295,73.5,63.5,0,35.07289,285,205,69.8,64,0,42.132168,195,391,73.9,63.7,0,41.31009,380,343,72.9,63.3,0,41.25075,335,183,73.3,63.4,0,57.724876,175,250,73.6,63.4,0,45.24131,245,437,72.3,63.5,0,46.864243,420,483,73.8,63.2,0,55.123024,479.1999,454,73.9,63.3,0,38.946075,454.6996,106,72,64,0,32.161236,100,348,73,63.8,0,39.938347,335,203,71,284.7,0,33.153706,195,387,74.1,63.5,0,36.970444,380,343,71.9,63.5,0,42.189796,335,356,73.8,63.4,0,45.52015,356,320,74,63.6,0,53.16483,326.9,612,73.9,63.3,0,49.622963,614.60034,161,73.6,63.8,0,42.71905,160,335,69.7,63.3,0,50.905777,335,322,74.1,64.1,0,48.96646,315.68213,156,72.7,63.7,0,34.2382,150,197,71.2,64.5,0,43.76463,195,389,73.9,63.7,0,40.70506,380,580,70.6,63.2,0,67.06844,575,415,74,63.9,0,49.147755,407.98657,257,73,64.1,0,43.088387,250,178,73.3,64.1,0,59.034664,175,194,73.9,64,0,30.475962,190,189,71.3,63.8,0,44.410507,185,307,70.2,63.6,0,40.639366,300,306,73.5,63.3,0,35.3197,300,213,69.3,63.4,0,55.6167,210,892,68.2,63.2,0,90.93445,880,88.7,88.8,88.7,145.9,104.2,117.6,1.2,-0.2,30.05
20170714,1240,75.8,99.6,39.11038787,46.608675,259,48.6,43.8,5.65,79.3,75.1,-0.1,1.25,0,0,0,5,100,100,1,1,1,0,0,200,72,7.5,5.65,7.5,200,71.1,73.8,60.6,100,15,42.9,59.6,100,0,73.9,1.3,60.6,1.8125,64.8,0,0,51,13.8,0,0,0,73.7,73.5,63.1,72.7,15,47.9,60.8,61.6,0,73.4,0.98,60.6,1.8125,65.1,0,0,99.3,78.5,16.7,4.6,1.1,15,15,92.4,65.1,82,100,37.9,0,74.5,1.3,65.18965,64.68965,0,12.8,0,0,1,100,1,72,802,62.2,0,40.019604,812.00024,72,68,3388.784,69.9,61.6,43.1,3288.002,268,71.8,61.3,0,47.326202,260,129,70.7,62,0,52.373398,125,1177,71.7,61.6,0,42.38745,1203.9995,698,78.1,62.2,0,32.229866,700,606,73.6,62.1,0,43.823673,600,207,70.1,62.3,0,36.028053,200,129,71.3,62.3,0,52.962143,125,339,71,62.8,0,31.98104,330,242,73,63.4,0,100,650,605,70.4,63.6,0,100,950,514,0,62.2,0,34.1682,500,509,71.4,62.2,0,33.784115,500,177,73.3,63.8,0,46.792038,175,251,70.9,64.2,0,42.701313,245,224,71.2,63.9,0,41.525837,220,362,73.3,63.8,0,31.659334,350,324,74,63.7,0,45.26714,319.59988,344,73.3,63.8,0,30.53173,335,341,73.9,63.7,0,27.46902,335,198,71.1,64.4,0,35.242886,195,491,73.9,64,0,32.686844,491.76343,254,70.1,63.7,0,43.654884,245,177,73.8,63.8,0,43.80368,175,253,72.5,63.9,0,46.62005,245,427,71.6,63.6,0,40.288567,420,164,73.5,64.2,0,27.319523,160,343,73,63.9,0,39.02708,335,307,73.3,64.2,0,31.677475,300,412,72.6,63.6,0,28.448381,400,198,70.7,64.2,0,36.822086,195,398,72.3,63.5,0,32.806908,380,357,70.4,64,0,30.39312,335,178,73.7,63.4,0,59.728233,175,255,72.8,63.8,0,44.88292,245,359,72.5,63.5,0,35.93212,350,240,73.9,63.7,0,42.063103,237.39987,343,73.9,63.7,0,40.525032,335,241,73.1,64.5,0,39.378685,230,295,73.5,63.6,0,35.07289,285,206,69.8,64.2,0,42.132168,195,397,73.9,63.9,0,41.658745,380,339,72.8,63.4,0,40.84185,335,184,73.4,63.6,0,57.724876,175,251,73.5,63.6,0,45.24131,245,437,72.3,63.7,0,46.864243,420,458,73.7,63.3,0,53.005264,456.39975,456,73.9,63.5,0,38.946075,454.6996,107,72,64.1,0,32.161236,100,348,73,64,0,39.938347,335,204,71,284.8,0,33.153706,195,450,74.1,63.7,0,40.83744,463.1998,345,71.8,63.7,0,42.189796,335,360,73.8,63.5,0,45.52015,356,322,74,63.8,0,53.16483,326.9,615,73.9,63.4,0,49.622963,614.60034,161,73.6,63.9,0,42.71905,160,351,69.8,63.5,0,51.343464,335,349,74.1,64.1,0,50.348026,343.2821,159,72.7,63.8,0,34.2382,150,198,71.2,64.7,0,43.76463,195,389,73.9,63.8,0,40.70506,380,583,70.7,63.4,0,67.06844,575,457,74.1,64,0,50.6707,451.48636,258,73.1,64.2,0,43.088387,250,179,73.3,64.2,0,59.034664,175,194,73.9,64.1,0,30.475962,190,189,71.3,64,0,44.410507,185,312,70.2,63.7,0,40.639366,300,307,73.4,63.4,0,35.3197,300,213,69.4,63.5,0,55.6167,210,891,68.2,63.3,0,90.92372,880,88.7,88.8,88.9,143.9,104.2,117.4,1.2,0,30.05
20170714,1245,76.1,99,39.27002147,46.608675,254,48.6,43.8,5.6,79.3,75.2,-0.2,1.2,0,0,0,5,100,100,1,1,1,0,0,200,72,7.5,5.6,7.5,200,71.1,73.9,60.6,100,15,42.9,59.6,100,0,73.9,1.35,60.6,1.8125,64.8,0,0,51.5,13.5,0,0,0,73.7,73.6,63.1,73,15,48.1,60.8,63.9,0,73.5,1,60.6,1.8125,65.1,0,0,99.3,77.7,17.3,4.2,0.7,15,15,93.9,65.1,82,100,37.2,0,74.5,1.3,65.18965,64.68965,0,12.8,0,0,1,100,1,72,565,62.3,0,32.520523,596.00024,72,68,3388.784,70,61.5,46,3424,272,71.8,61.3,0,47.326202,260,131,70.7,62,0,51.31177,125,1100,71.7,61.6,0,40.09885,1101.9995,691,78,62.2,0,33.36053,700,613,73.7,62.2,0,43.823673,600,210,70.1,62.3,0,36.028053,200,131,71.3,62.3,0,52.962143,125,343,71.1,62.8,0,31.98104,330,244,73.1,63.4,0,100,650,613,70.4,63.5,0,100,950,516,0,62.2,0,34.1682,500,510,71.5,62.2,0,33.784115,500,178,73.2,63.9,0,46.792038,175,253,70.9,64.3,0,42.701313,245,225,71.3,64.1,0,41.525837,220,364,73.3,63.9,0,31.659334,350,324,74,63.8,0,44.828007,319.59988,345,73.3,64,0,30.53173,335,341,74,63.9,0,27.46902,335,199,71,64.5,0,35.242886,195,491,73.9,64.1,0,32.686844,491.76343,253,70.1,63.8,0,43.654884,245,178,73.8,63.9,0,43.80368,175,254,72.5,64,0,46.62005,245,429,71.6,63.7,0,40.288567,420,164,73.5,64.3,0,27.319523,160,344,73.1,64,0,39.02708,335,307,73.3,64.3,0,31.677475,300,411,72.7,63.7,0,28.448381,400,200,70.7,64.3,0,36.822086,195,410,72.2,63.7,0,32.806908,380,358,70.4,64.1,0,30.39312,335,180,73.7,63.6,0,59.728233,175,256,72.8,64,0,44.88292,245,361,72.5,63.6,0,35.93212,350,240,73.9,63.9,0,42.063103,237.39987,345,73.9,63.8,0,40.525032,335,237,73.1,64.6,0,38.93664,230,296,73.5,63.7,0,35.07289,285,206,69.8,64.2,0,42.132168,195,390,73.9,64,0,40.84522,380,339,72.8,63.6,0,40.156345,335,184,73.3,63.7,0,57.724876,175,253,73.5,63.8,0,45.24131,245,438,72.3,63.8,0,46.864243,420,414,73.7,63.5,0,49.124737,410.79974,458,73.9,63.6,0,38.946075,454.6996,107,72,64.3,0,32.161236,100,349,73,64.1,0,39.938347,335,205,71,285,0,33.153706,195,503,74.1,63.7,0,43.140392,501.5998,346,71.9,63.8,0,42.189796,335,355,73.9,63.7,0,45.52015,356,321,74,63.9,0,53.16483,326.9,615,73.9,63.5,0,49.622963,614.60034,162,73.6,64.1,0,42.71905,160,352,69.8,63.6,0,51.343464,335,401,74.1,64.1,0,53.18498,398.48212,156,72.7,64,0,34.2382,150,197,71.2,64.8,0,43.76463,195,393,74,63.9,0,40.70506,380,584,70.7,63.6,0,67.06844,575,550,74.1,64.1,0,53.736763,538.4864,257,73.1,64.3,0,43.088387,250,179,73.3,64.3,0,59.034664,175,193,73.9,64.2,0,30.475962,190,188,71.3,64.1,0,44.410507,185,312,70.3,63.9,0,40.639366,300,307,73.5,63.6,0,35.3197,300,214,69.4,63.6,0,55.6167,210,893,68.3,63.4,0,90.98809,880,88.7,88.8,88.7,142.9,104.2,117.2,1.2,-0.1,30.05
20170714,1250,76.2,98.8,39.32307881,46.608675,254,48.5,43.8,5.6,79.3,75.1,-0.1,1.2,0,0,0,5,100,100,1,1,1,0,0,200,72,7.5,5.6,7.5,200,71.1,73.9,60.6,100,15,42.9,59.6,100,0,73.9,1.35,60.6,1.8125,64.9,0,0,51,13.7,0,0,0,73.7,73.5,63.1,73.3,15,48.2,60.8,65.3,0,73.5,1.01,60.6,1.8125,65.1,0,0,98.9,79.3,18,4.6,0.9,15,15,93.2,65.1,82,100,36.9,0,74.5,1.3,65.18965,64.68965,0,12.9,0,0,1,100,1,72,490,62.4,0,32.704327,488.00027,72,68,3388.784,69.9,61.5,42.5,3288.002,275,71.8,61.3,0,47.326202,260,128,70.7,62,0,50.86028,125,1032,71.8,61.6,0,39.078114,1050.9995,691,77.9,62.2,0,33.32556,700,614,73.8,62.1,0,43.823673,600,211,70,62.2,0,36.028053,200,132,71.2,62.3,0,52.962143,125,342,71.1,62.8,0,31.021938,330,246,73.2,63.4,0,100,650,615,70.4,63.5,0,100,950,515,0,62.1,0,34.1682,500,510,71.5,62.2,0,33.784115,500,178,73.2,63.9,0,46.792038,175,251,70.9,64.3,0,42.701313,245,224,71.3,64.1,0,41.525837,220,364,73.4,63.9,0,31.659334,350,346,74.1,63.8,0,47.035862,342.3999,342,73.3,64,0,30.53173,335,342,74,63.9,0,27.46902,335,199,71.1,64.6,0,35.242886,195,495,73.9,64.1,0,32.686844,491.76343,253,70.1,63.9,0,43.654884,245,177,73.8,64,0,43.80368,175,254,72.5,64,0,46.62005,245,428,71.6,63.8,0,40.288567,420,163,73.5,64.3,0,27.319523,160,344,73.1,64.1,0,39.02708,335,307,73.3,64.4,0,31.677475,300,411,72.6,63.8,0,28.448381,400,199,70.7,64.3,0,36.822086,195,415,72.2,63.7,0,32.806908,380,358,70.4,64.2,0,30.39312,335,180,73.7,63.6,0,59.728233,175,253,72.8,64,0,44.88292,245,359,72.5,63.6,0,35.93212,350,241,73.9,63.9,0,42.063103,237.39987,345,73.9,63.9,0,40.525032,335,237,73.1,64.7,0,38.93664,230,296,73.5,63.8,0,35.07289,285,207,69.8,64.3,0,42.132168,195,403,73.9,64,0,41.299526,380,345,72.9,63.6,0,41.034275,335,185,73.4,63.7,0,57.724876,175,254,73.5,63.8,0,45.24131,245,434,72.3,63.8,0,46.409245,420,366,73.8,63.5,0,45.415596,365.19977,458,73.9,63.6,0,38.946075,454.6996,106,72,64.3,0,32.161236,100,349,73,64.2,0,39.938347,335,205,71,284.8,0,33.153706,195,542,74,63.7,0,44.334976,539.9998,344,71.9,63.8,0,42.189796,335,358,73.9,63.7,0,45.52015,356,321,74,64,0,53.16483,326.9,614,73.9,63.6,0,49.622963,614.60034,161,73.6,64.1,0,42.71905,160,348,69.9,63.6,0,51.343464,335,428,74,64.1,0,54.629826,426.08212,159,72.8,64,0,34.69063,150,197,71.2,64.8,0,43.76463,195,388,74,64,0,40.70506,380,587,70.7,63.6,0,67.06844,575,543,74,64.1,0,53.29299,538.4864,257,73.1,64.4,0,43.088387,250,179,73.3,64.3,0,59.034664,175,194,73.9,64.3,0,30.475962,190,188,71.4,64.1,0,44.410507,185,308,70.3,63.9,0,40.639366,300,307,73.5,63.6,0,35.3197,300,214,69.4,63.7,0,55.6167,210,892,68.3,63.4,0,91.04173,880,88.7,88.8,88.8,143.9,104.2,117.2,1.2,0.1,30.05
20170714,1255,76.5,98.3,39.51847433,46.608675,260,48.6,43.9,5.6,79.3,75.1,-0.1,1.15,0,0,0,5,100,100,1,1,1,0,0,200,72,7.5,5.6,7.5,200,71.1,74.1,60.6,100,15,42.9,59.6,100,0,74.1,1.4,60.6,1.8125,64.9,0,0,51.3,13.5,0,0,0,73.7,73.5,63.1,73.3,15,48.4,60.8,63.9,0,73.5,1,60.6,1.8125,65.1,0,0,98.8,79.1,18.6,4.6,1.1,15,15,92.4,65.1,82,100,38.1,0,74.5,1.3,65.18965,64.68965,0,12.9,0,0,1,100,1,72,276,62.6,0,25.891436,272.00027,72,68,3388.784,69.9,61.6,41.4,3288.002,270,71.8,61.3,0,46.80214,260,130,70.6,62,0,50.86028,125,1064,71.9,61.6,0,38.68056,1050.9995,706,77.8,62.2,0,35.07402,700,607,73.9,62.1,0,43.369354,600,213,70,62.2,0,36.028053,200,130,71.1,62.3,0,52.51967,125,340,71.1,62.8,0,29.522654,330,249,73.2,63.4,0,100,650,624,70.4,63.5,0,100,950,516,0,62.2,0,33.88582,500,510,71.5,62.2,0,33.784115,500,177,73.2,64,0,46.792038,175,251,70.9,64.4,0,42.701313,245,224,71.4,64.1,0,41.525837,220,361,73.4,64,0,31.659334,350,390,74.1,63.9,0,49.86582,387.99988,342,73.3,64.1,0,30.53173,335,340,74,64,0,27.46902,335,198,71.1,64.6,0,35.242886,195,497,73.9,64.2,0,32.686844,491.76343,251,70.1,63.9,0,43.654884,245,177,73.8,64,0,43.80368,175,254,72.5,64.1,0,46.62005,245,428,71.7,63.8,0,40.288567,420,163,73.4,64.4,0,27.319523,160,344,73.1,64.1,0,39.02708,335,307,73.3,64.5,0,31.677475,300,411,72.7,63.9,0,28.448381,400,198,70.7,64.4,0,36.822086,195,397,72.2,63.8,0,32.806908,380,354,70.4,64.2,0,30.39312,335,178,73.7,63.6,0,59.728233,175,256,72.8,64.1,0,44.88292,245,359,72.5,63.7,0,35.93212,350,239,74,63.9,0,42.063103,237.39987,342,74,63.9,0,40.525032,335,236,73.2,64.7,0,38.93664,230,294,73.5,63.9,0,35.07289,285,205,69.9,64.4,0,42.132168,195,385,73.9,64.1,0,39.693607,380,344,72.9,63.6,0,38.785328,335,184,73.4,63.8,0,57.724876,175,250,73.5,63.8,0,44.71325,245,434,72.3,63.9,0,46.409245,420,365,73.8,63.6,0,45.415596,365.19977,457,73.9,63.7,0,38.946075,454.6996,107,72,64.4,0,32.161236,100,348,73.1,64.2,0,39.938347,335,199,71,284.6,0,32.541336,195,544,74,63.7,0,44.334976,539.9998,343,71.9,63.9,0,42.189796,335,357,73.9,63.7,0,45.52015,356,321,74,64,0,53.16483,326.9,614,73.9,63.6,0,49.622963,614.60034,162,73.6,64.2,0,42.71905,160,349,69.9,63.7,0,51.343464,335,395,73.7,64.2,0,52.07762,398.48254,155,72.8,64.1,0,34.69063,150,198,71.2,64.8,0,43.76463,195,388,74,64,0,40.70506,380,585,70.7,63.5,0,67.06844,575,540,74,64.2,0,53.29299,538.4864,257,73.1,64.4,0,43.088387,250,179,73.3,64.4,0,59.034664,175,192,73.9,64.3,0,30.475962,190,187,71.4,64.2,0,44.410507,185,307,70.3,63.9,0,40.639366,300,307,73.5,63.6,0,35.3197,300,214,69.4,63.7,0,55.6167,210,892,68.3,63.5,0,91.031006,880,88.7,88.8,88.7,143.9,104.2,116.9,1.2,0,30.03
20170714,1300,76.6,97.8,39.50450844,46.608675,255,48.5,43.7,5.6,79.4,75.1,-0.1,1.2,0,0,0,5,100,100,1,1,1,0,0,200,72,7.5,5.6,7.5,200,71.1,74.1,60.6,100,15,43,59.6,100,0,74,1.4,60.6,1.8125,64.8,0,0,51,13.7,0,0,0,73.7,73.5,63.1,73.1,15,48.5,60.8,60.2,0,73.5,1.01,60.6,1.8125,65.2,0,0,98.9,78.4,16.2,4.6,0.9,15,15,93.5,65.1,82,100,36.8,0,74.5,1.3,65.18965,64.68965,0,12.9,0,0,1,100,1,72,204,63.1,0,25.707636,200,72,68,3024.2644,69.9,61.5,42.2,3288.002,270,71.9,61.3,0,46.80214,260,128,70.7,62,0,50.408787,125,1061,72,61.6,0,38.68056,1050.9995,702,77.7,62.1,0,35.633522,700,609,74.1,62.1,0,43.369354,600,206,70,62.2,0,35.412823,200,131,71.1,62.3,0,52.51967,125,340,71,62.8,0,29.522654,330,250,73.1,63.3,0,100,650,625,70.4,63.5,0,100,950,516,0,62.1,0,33.88582,500,510,71.5,62.1,0,33.784115,500,177,73.3,64,0,46.792038,175,251,70.8,64.4,0,42.701313,245,224,71.3,64.2,0,41.525837,220,363,73.4,64,0,31.659334,350,391,74,63.9,0,49.853622,387.99988,343,73.2,64.1,0,30.53173,335,340,74,64,0,27.46902,335,198,71.1,64.6,0,35.242886,195,490,74,64.2,0,32.21742,491.76343,252,70.1,63.9,0,43.654884,245,178,73.8,64,0,43.80368,175,253,72.6,64.1,0,46.62005,245,429,71.7,63.8,0,40.288567,420,163,73.4,64.4,0,27.319523,160,342,73.2,64.2,0,39.02708,335,307,73.3,64.5,0,31.677475,300,411,72.6,63.9,0,28.448381,400,199,70.7,64.4,0,36.822086,195,410,72.2,63.8,0,32.806908,380,353,70.4,64.2,0,30.39312,335,179,73.7,63.6,0,59.728233,175,256,72.8,64.1,0,44.88292,245,360,72.5,63.7,0,35.93212,350,240,74,63.9,0,42.063103,237.39987,343,74,63.9,0,40.525032,335,237,73.2,64.8,0,38.93664,230,295,73.5,63.9,0,35.07289,285,206,69.9,64.4,0,42.132168,195,396,73.9,64.1,0,41.764397,380,338,72.9,63.7,0,40.70956,335,184,73.5,63.8,0,57.724876,175,251,73.5,63.8,0,44.71325,245,433,72.3,63.9,0,46.409245,420,365,73.8,63.6,0,45.415596,365.19977,458,73.9,63.7,0,38.946075,454.6996,106,72,64.4,0,32.161236,100,349,73,64.2,0,39.938347,335,199,71,284.7,0,32.541336,195,543,73.9,63.8,0,44.334976,539.9998,344,71.9,63.9,0,42.189796,335,358,74,63.7,0,45.52015,356,323,74,64,0,53.16483,326.9,615,73.9,63.6,0,49.622963,614.60034,162,73.6,64.2,0,42.71905,160,357,69.9,63.7,0,51.343464,335,341,73.6,64.3,0,49.02974,343.2821,160,72.8,64.1,0,34.69063,150,198,71.2,64.9,0,43.76463,195,388,74,64,0,40.70506,380,585,70.8,63.6,0,67.06844,575,544,74,64.2,0,53.29299,538.4864,256,73.1,64.4,0,43.088387,250,178,73.3,64.4,0,59.034664,175,192,74,64.4,0,30.475962,190,187,71.4,64.2,0,44.410507,185,309,70.3,63.9,0,40.639366,300,306,73.4,63.6,0,35.3197,300,214,69.5,63.7,0,55.6167,210,893,68.3,63.5,0,90.945175,880,88.6,88.8,88.7,143.9,104.1,117.1,1.2,0.4,30.03
20170714,1305,76.4,96.8,39.08977169,48.72128333,256,48.5,43.9,5.6,79.2,75,-0.1,1.2,0,0,0,5,100,100,1,1,1,0,0,200,72,7.5,5.6,7.5,200,71.1,74,60.6,100,15,42.9,59.6,100,0,74,1.35,60.6,1.8125,64.8,0,0,51.2,13.4,0,0,0,73.7,73.5,63.1,73.2,15,48.7,60.8,60.3,0,73.4,0.99,60.6,1.8125,65.4,0,0,98.8,80.1,16.3,4.6,0.7,15,15,93.1,65.1,82,100,36.9,0,74.5,1.3,65.18965,64.68965,0,12.9,0,0,1,100,1,72,292,63,0,27.790714,308.00027,72,68,3388.784,69.9,61.5,42.1,3288.002,266,71.9,61.2,0,46.80214,260,127,70.8,62,0,50.408787,125,1155,72.2,61.6,0,41.95767,1152.9995,707,77.6,62.1,0,34.852547,700,681,74.3,62,0,46.78291,675.61523,203,70,62.2,0,35.412823,200,129,71,62.2,0,52.51967,125,336,71,62.8,0,29.522654,330,246,73.1,63.3,0,100,650,616,70.4,63.4,0,100,950,515,0,62.2,0,33.88582,500,510,71.5,62.1,0,33.784115,500,177,73.3,64,0,46.792038,175,250,70.7,64.4,0,42.701313,245,224,71.3,64.1,0,41.525837,220,362,73.5,64,0,31.659334,350,391,74,63.9,0,49.853622,387.99988,341,73.2,64.1,0,30.53173,335,339,74,64,0,27.46902,335,198,71.2,64.7,0,35.242886,195,493,74,64.2,0,32.21742,491.76343,251,70.1,63.9,0,43.654884,245,177,73.8,64,0,43.80368,175,252,72.6,64.1,0,46.62005,245,427,71.7,63.8,0,40.288567,420,163,73.4,64.4,0,27.319523,160,343,73.2,64.2,0,39.02708,335,307,73.3,64.5,0,31.677475,300,411,72.6,63.9,0,28.448381,400,198,70.8,64.4,0,36.822086,195,415,72.2,63.8,0,32.806908,380,352,70.4,64.2,0,30.39312,335,179,73.7,63.6,0,59.728233,175,255,72.8,64.1,0,44.88292,245,359,72.5,63.7,0,35.93212,350,241,74,63.9,0,42.063103,237.39987,342,74,63.9,0,40.525032,335,237,73.2,64.8,0,38.93664,230,296,73.5,63.9,0,35.07289,285,206,69.9,64.4,0,42.132168,195,374,73.9,64.1,0,40.517696,380,335,72.9,63.7,0,40.264584,335,184,73.4,63.8,0,57.724876,175,249,73.5,63.9,0,44.71325,245,432,72.3,63.9,0,46.409245,420,366,73.8,63.6,0,45.415596,365.19977,456,73.7,63.7,0,38.946075,454.6996,106,72.1,64.4,0,32.161236,100,348,73,64.3,0,39.938347,335,200,71,284.7,0,32.541336,195,544,73.9,63.8,0,44.334976,539.9998,344,71.9,63.9,0,42.189796,335,356,73.9,63.7,0,45.52015,356,321,74,64,0,53.16483,326.9,614,73.9,63.6,0,49.622963,614.60034,161,73.5,64.2,0,42.71905,160,356,70,63.7,0,51.343464,335,286,73.7,64.4,0,46.256065,288.08197,162,72.8,64.1,0,34.69063,150,198,71.2,64.9,0,43.76463,195,391,74,64.1,0,40.70506,380,586,70.8,63.6,0,67.06844,575,544,74,64.2,0,53.29299,538.4864,256,73.1,64.5,0,43.088387,250,178,73.3,64.5,0,59.034664,175,193,74,64.4,0,30.475962,190,188,71.4,64.2,0,44.410507,185,309,70.3,63.9,0,40.639366,300,305,73.5,63.7,0,35.3197,300,213,69.4,63.7,0,55.6167,210,887,68.3,63.5,0,91.65326,880,88.6,88.7,88.7,143.9,104.1,116.9,1.2,-0.7,30.03
20170714,1310,76.3,98.4,39.34644456,48.72128333,257,48.6,43.9,5.6,79.1,74.9,-0.2,1.2,0,0,0,5,100,100,1,1,1,0,0,200,72,7.5,5.6,7.5,200,71.1,74.1,60.6,100,15,42.9,59.6,100,0,74,1.3,60.6,1.8125,64.8,0,0,51,13.4,0,0,0,73.7,73.4,63,72.6,15,48.9,60.8,57.6,0,73.5,1.01,60.6,1.8125,65.4,0,0,98.9,77.5,15.6,4.7,2,15,15,92.9,65.1,82,100,36.8,0,74.5,1.3,65.18965,64.68965,0,12.9,0,0,1,100,1,72,530,62.5,0,31.417719,524.00024,72,68,3388.784,69.8,61.5,41.5,3152.0042,263,71.9,61.3,0,46.80214,260,125,70.8,62,0,51.31177,125,1249,72.2,61.6,0,44.35371,1254.9995,708,77.6,62.1,0,33.453785,700,743,74.4,61.9,0,49.165028,747.6157,202,70,62.2,0,36.926296,200,126,71.1,62.2,0,52.51967,125,333,71,62.8,0,29.522654,330,242,73,63.3,0,100,650,608,70.4,63.5,0,100,950,514,0,62.2,0,33.88582,500,509,71.5,62.1,0,33.784115,500,177,73.4,64,0,46.792038,175,251,70.7,64.4,0,42.701313,245,224,71.3,64.1,0,41.525837,220,362,73.5,64,0,31.659334,350,392,74,63.9,0,49.853622,387.99988,342,73.2,64.1,0,30.53173,335,340,74,64,0,27.46902,335,199,71.2,64.7,0,35.242886,195,492,73.9,64.2,0,32.21742,491.76343,252,70.1,63.9,0,43.654884,245,177,73.8,64,0,43.80368,175,254,72.6,64.1,0,46.62005,245,426,71.7,63.8,0,40.288567,420,164,73.4,64.4,0,27.319523,160,342,73.2,64.2,0,39.02708,335,307,73.4,64.5,0,31.677475,300,410,72.6,63.9,0,28.448381,400,199,70.8,64.4,0,36.822086,195,394,72.2,63.8,0,32.806908,380,353,70.4,64.2,0,30.39312,335,179,73.7,63.6,0,59.728233,175,253,72.8,64.1,0,44.88292,245,358,72.5,63.7,0,35.93212,350,240,74,63.9,0,42.063103,237.39987,343,74,63.9,0,40.525032,335,237,73.2,64.8,0,38.93664,230,295,73.5,63.9,0,35.07289,285,207,69.9,64.4,0,42.132168,195,399,73.9,64.1,0,41.679874,380,342,72.9,63.7,0,40.80577,335,184,73.4,63.8,0,57.724876,175,251,73.4,63.8,0,44.71325,245,434,72.3,63.9,0,46.409245,420,366,73.9,63.6,0,45.415596,365.19977,370,73.6,63.7,0,34.019608,374.89978,108,72.1,64.4,0,32.161236,100,346,73,64.3,0,39.494453,335,202,71,284.8,0,32.541336,195,543,73.9,63.7,0,44.334976,539.9998,345,71.8,63.9,0,42.189796,335,361,74,63.7,0,45.52015,356,323,74,63.9,0,53.16483,326.9,617,73.9,63.6,0,49.622963,614.60034,162,73.6,64.2,0,42.71905,160,363,70,63.7,0,51.343464,335,287,73.8,64.4,0,46.256065,288.08197,169,72.8,64.1,0,34.69063,150,198,71.2,64.9,0,43.76463,195,386,74,64.1,0,40.70506,380,587,70.8,63.6,0,67.06844,575,544,73.9,64.2,0,53.29299,538.4864,257,73.1,64.5,0,43.088387,250,180,73.3,64.5,0,59.034664,175,191,74,64.4,0,30.475962,190,189,71.4,64.2,0,44.410507,185,312,70.3,63.9,0,40.639366,300,307,73.5,63.6,0,35.3197,300,213,69.4,63.7,0,55.6167,210,891,68.3,63.5,0,90.95591,880,88.6,88.7,88.8,142.9,104.1,116.9,-0.5,0,30.03
20170714,1315,76.3,97.6,39.17019488,48.72128333,256,48.5,43.8,5.65,79.1,74.9,-0.1,1.2,0,0,0,5,100,100,1,1,1,0,0,200,72,7.5,5.65,7.5,200,71.1,74.1,60.6,100,15,42.9,59.6,100,0,74.1,1.3,60.6,1.8125,64.9,0,0,51.5,13.7,0,0,0,73.6,73.5,63,72.7,15,49,60.8,56.9,0,73.5,1.01,60.6,1.8125,65.5,0,0,99,78.2,15.4,4.6,1.4,15,15,92.1,65.1,82,100,37.8,0,74.5,1.3,65.18965,64.68965,0,12.9,0,0,1,100,1,72,711,62.4,0,39.186375,740.0003,72,68,3388.784,69.8,61.5,42.4,3152.0042,262,71.8,61.3,0,46.80214,260,125,70.8,62,0,52.202564,125,1294,72.1,61.6,0,44.504135,1305.9995,705,77.6,62.2,0,32.661148,700,818,74.4,61.8,0,52.13654,819.6156,203,70,62.2,0,37.369263,200,127,71.1,62.3,0,53.85939,125,330,70.9,62.8,0,30.955795,330,240,73,63.3,0,100,650,598,70.4,63.5,0,100,950,513,0,62.2,0,33.88582,500,508,71.4,62.1,0,33.784115,500,178,73.4,64,0,46.792038,175,252,70.7,64.4,0,42.701313,245,224,71.3,64.1,0,41.525837,220,362,73.6,64,0,31.659334,350,394,74,63.9,0,49.41449,387.99988,343,73.2,64.1,0,30.53173,335,340,74,64,0,27.46902,335,199,71.1,64.6,0,35.242886,195,484,73.9,64.2,0,32.21742,491.76343,254,70.1,63.9,0,43.654884,245,177,73.8,64,0,43.80368,175,254,72.6,64.1,0,46.62005,245,428,71.7,63.8,0,40.288567,420,164,73.5,64.4,0,27.319523,160,344,73.2,64.2,0,39.02708,335,307,73.4,64.5,0,31.677475,300,412,72.6,63.9,0,28.448381,400,199,70.8,64.4,0,36.822086,195,412,72.2,63.8,0,32.806908,380,354,70.4,64.2,0,30.39312,335,180,73.8,63.6,0,59.728233,175,254,72.9,64.1,0,44.88292,245,361,72.5,63.7,0,35.93212,350,240,73.9,63.9,0,42.063103,237.39987,344,74,63.9,0,40.525032,335,237,73.2,64.8,0,38.93664,230,297,73.5,63.9,0,35.07289,285,207,69.9,64.4,0,42.132168,195,395,73.9,64.1,0,41.701004,380,337,72.9,63.6,0,40.37282,335,185,73.5,63.8,0,57.724876,175,253,73.4,63.8,0,44.71325,245,436,72.3,63.9,0,46.409245,420,367,73.9,63.6,0,45.415596,365.19977,344,73.7,63.7,0,33.394608,335,107,72,64.4,0,32.161236,100,346,73,64.3,0,39.494453,335,201,71,284.6,0,32.541336,195,545,73.9,63.8,0,44.334976,539.9998,346,71.8,63.9,0,42.189796,335,358,73.9,63.8,0,45.52015,356,322,74,64,0,53.16483,326.9,616,73.9,63.6,0,49.622963,614.60034,162,73.6,64.2,0,42.71905,160,360,70,63.7,0,51.343464,335,286,73.9,64.4,0,46.256065,288.08197,165,72.8,64.1,0,34.69063,150,198,71.2,64.9,0,43.76463,195,389,74,64.1,0,40.70506,380,585,70.8,63.6,0,67.06844,575,543,73.9,64.2,0,53.29299,538.4864,257,73.1,64.5,0,43.088387,250,179,73.3,64.5,0,59.034664,175,192,74,64.4,0,30.475962,190,187,71.4,64.2,0,44.410507,185,312,70.3,63.9,0,40.639366,300,306,73.5,63.7,0,35.3197,300,213,69.4,63.7,0,55.6167,210,891,68.3,63.5,0,90.998825,880,88.6,88.7,88.8,143.9,104.1,116.8,1.2,-0.1,30.03
20170714,1320,76.2,97.8,39.11795238,48.72128333,257,48.6,43.9,5.6,79.2,75.1,-0.1,1.2,0,0,0,5,100,100,1,1,1,0,0,200,72,7.5,5.6,7.5,200,71.1,74,60.6,100,15,43,59.6,100,0,74,1.25,60.6,1.8125,64.9,0,0,51.1,13.5,0,0,0,73.7,73.5,63,72.8,15,49.2,60.8,59.4,0,73.5,1.01,60.6,1.8125,65.6,0,0,98.9,79.6,16,4.4,1.5,15,15,92.5,65.1,82,100,37.9,0,74.5,1.3,65.18965,64.68965,0,12.9,0,0,1,100,1,72,853,62.2,0,42.212963,848.0003,72,68,3388.784,69.9,61.6,44.5,3288.002,261,71.7,61.3,0,48.320858,260,127,70.7,62,0,52.82489,125,1356,71.9,61.6,0,46.64231,1356.9998,701,77.7,62.3,0,29.89859,700,864,74.4,61.8,0,55.34136,891.6157,206,70,62.3,0,37.824535,200,127,71.1,62.3,0,54.3879,125,339,70.8,62.8,0,32.52122,330,234,73,63.4,0,100,650,592,70.4,63.6,0,100,950,511,0,62.2,0,33.88582,500,507,71.4,62.2,0,33.784115,500,177,73.4,63.9,0,46.792038,175,250,70.6,64.4,0,42.701313,245,224,71.3,64.1,0,41.525837,220,360,73.6,64,0,31.659334,350,392,73.9,63.8,0,49.853622,387.99988,344,73.2,64.1,0,30.53173,335,340,74,64,0,27.46902,335,199,71.1,64.6,0,35.242886,195,487,73.9,64.2,0,32.21742,491.76343,254,70.1,63.9,0,43.654884,245,177,73.8,64,0,43.80368,175,253,72.6,64,0,46.62005,245,427,71.7,63.8,0,40.288567,420,164,73.4,64.4,0,27.319523,160,343,73.2,64.2,0,39.02708,335,306,73.4,64.5,0,31.677475,300,410,72.6,63.9,0,28.448381,400,198,70.8,64.5,0,36.822086,195,397,72.1,63.8,0,32.806908,380,348,70.4,64.2,0,30.39312,335,179,73.7,63.6,0,59.728233,175,254,72.9,64.1,0,44.88292,245,358,72.5,63.6,0,35.93212,350,240,74,63.9,0,42.063103,237.39987,341,74,63.9,0,40.525032,335,237,73.2,64.8,0,38.93664,230,296,73.5,63.9,0,35.07289,285,207,69.9,64.4,0,42.132168,195,381,73.9,64.1,0,40.961437,380,337,72.9,63.6,0,40.37282,335,184,73.4,63.8,0,57.724876,175,252,73.4,63.8,0,44.71325,245,435,72.4,63.9,0,46.409245,420,366,73.9,63.6,0,45.415596,365.19977,338,73.7,63.7,0,32.855392,335,106,72.1,64.4,0,32.161236,100,345,73,64.3,0,39.494453,335,200,71.1,284.9,0,32.541336,195,542,73.9,63.7,0,44.334976,539.9998,345,71.8,63.9,0,42.189796,335,357,74,63.7,0,45.52015,356,320,74,63.9,0,53.16483,326.9,615,73.9,63.6,0,49.622963,614.60034,161,73.6,64.2,0,42.71905,160,354,70,63.7,0,51.343464,335,287,73.9,64.4,0,46.256065,288.08197,162,72.8,64.1,0,34.69063,150,198,71.2,64.9,0,43.76463,195,388,74.1,64,0,40.70506,380,586,70.8,63.5,0,67.06844,575,541,73.9,64.2,0,53.29299,538.4864,257,73.1,64.5,0,43.088387,250,178,73.3,64.4,0,59.034664,175,192,74,64.4,0,30.475962,190,188,71.4,64.2,0,44.410507,185,309,70.3,63.9,0,40.639366,300,306,73.6,63.6,0,35.3197,300,214,69.5,63.7,0,55.6167,210,892,68.3,63.4,0,91.05246,880,88.6,88.7,88.7,145.9,104.1,116.6,1.2,0.1,30.03
20170714,1325,76.4,97.3,39.20025517,48.72128333,258,48.6,43.9,5.6,79.2,75.1,-0.1,1.2,0,0,0,5,100,100,1,1,1,0,0,200,72,7.5,5.6,7.5,200,71.1,74,60.6,100,15,42.9,59.6,100,0,74,1.2,60.6,1.8125,64.9,0,0,51.6,13.6,0,0,0,73.7,73.5,63.1,72.3,15,49.3,60.8,62,0,73.5,0.99,60.6,1.8125,65.6,0,0,98.8,78.2,16.9,4.7,1,15,15,93.3,65.1,82,100,37.4,0,74.5,1.3,65.18965,64.68965,0,12.9,0,0,1,100,1,72,853,62.2,0,42.212963,848.0003,72,68,3388.784,69.9,61.6,44.1,3288.002,264,71.7,61.3,0,48.71658,260,127,70.7,62,0,52.82489,125,1332,71.8,61.6,0,44.686794,1306.0005,701,77.8,62.3,0,29.828653,700,925,74.4,61.8,0,56.61837,927.6157,205,70,62.3,0,37.824535,200,127,71.1,62.3,0,54.3879,125,338,70.8,62.8,0,32.52122,330,232,73,63.4,0,100,650,587,70.4,63.5,0,100,950,510,0,62.2,0,33.88582,500,505,71.4,62.2,0,33.784115,500,177,73.4,64,0,46.792038,175,250,70.6,64.3,0,42.701313,245,224,71.3,64.1,0,41.525837,220,361,73.6,63.9,0,31.659334,350,390,73.9,63.8,0,49.853622,387.99988,343,73.2,64.1,0,30.53173,335,341,74,64,0,27.46902,335,199,71.2,64.7,0,35.242886,195,486,73.9,64.1,0,32.21742,491.76343,254,70.2,63.9,0,43.654884,245,177,73.8,63.9,0,43.80368,175,253,72.6,64,0,46.62005,245,426,71.7,63.8,0,40.288567,420,164,73.4,64.4,0,27.319523,160,344,73.2,64.1,0,39.02708,335,307,73.4,64.5,0,31.677475,300,412,72.6,63.9,0,28.448381,400,199,70.8,64.4,0,36.822086,195,393,72.1,63.7,0,32.806908,380,353,70.4,64.2,0,30.39312,335,179,73.7,63.6,0,59.728233,175,254,72.9,64,0,44.88292,245,360,72.5,63.6,0,35.93212,350,241,74,63.9,0,42.063103,237.39987,344,74.1,63.9,0,40.525032,335,238,73.3,64.8,0,38.93664,230,296,73.5,63.9,0,35.07289,285,208,69.9,64.4,0,42.132168,195,384,73.9,64.1,0,41.341785,380,337,72.9,63.6,0,40.37282,335,184,73.4,63.7,0,57.724876,175,251,73.4,63.8,0,44.71325,245,436,72.4,63.8,0,46.409245,420,366,73.9,63.5,0,45.415596,365.19977,343,73.6,63.7,0,32.328434,335,107,72.1,64.4,0,32.161236,100,345,73,64.2,0,39.494453,335,201,71,285.3,0,32.541336,195,545,73.9,63.7,0,44.334976,539.9998,346,71.8,63.8,0,42.189796,335,361,74,63.7,0,45.52015,356,321,74,63.9,0,53.16483,326.9,615,73.9,63.6,0,49.622963,614.60034,162,73.7,64.2,0,42.71905,160,358,70,63.7,0,51.343464,335,286,73.9,64.4,0,46.256065,288.08197,165,72.8,64.1,0,34.69063,150,198,71.2,64.9,0,43.76463,195,387,74.1,64.1,0,40.70506,380,582,70.8,63.5,0,67.06844,575,545,73.9,64.2,0,53.29299,538.4864,256,73.1,64.4,0,43.088387,250,179,73.3,64.4,0,59.034664,175,193,74,64.3,0,30.475962,190,188,71.5,64.2,0,44.410507,185,310,70.3,63.9,0,40.639366,300,306,73.5,63.6,0,35.3197,300,213,69.5,63.7,0,55.6167,210,894,68.3,63.4,0,90.80571,880,88.6,88.7,88.7,143.9,104.1,116.8,0.3,0.1,30.03
20170714,1330,76.6,96.7,39.25967549,48.72128333,256,48.5,43.8,5.6,79.2,75,-0.2,1.2,0,0,0,5,100,100,1,1,1,0,0,200,72,7.5,5.6,7.5,200,71.1,74.2,60.6,100,15,43,59.6,100,0,74.1,1.25,60.6,1.8125,64.9,0,0,51.6,13.5,0,0,0,73.7,73.6,63.1,72.6,15,49.4,60.8,58.5,0,73.5,1,60.6,1.8125,65.6,0,0,98.8,78.5,15.8,4.4,0.9,15,15,93.1,65.1,82,100,37.2,0,74.5,1.3,65.18965,64.68965,0,12.9,0,0,1,100,1,72,592,62.3,0,31.944614,560.00024,72,68,3024.2644,69.9,61.6,45.6,3288.002,269,71.7,61.3,0,48.71658,260,129,70.7,62,0,52.82489,125,1247,71.7,61.6,0,43.010635,1254.9995,693,77.8,62.3,0,30.563004,700,974,74.3,61.8,0,58.055008,999.61597,207,70,62.3,0,37.824535,200,129,71.1,62.3,0,54.3879,125,342,70.8,62.8,0,32.52122,330,234,73,63.4,0,100,650,596,70.4,63.6,0,100,950,512,0,62.2,0,33.88582,500,507,71.5,62.2,0,33.784115,500,177,73.4,64,0,46.792038,175,252,70.6,64.4,0,42.701313,245,224,71.4,64.1,0,41.525837,220,362,73.6,64,0,31.659334,350,393,73.9,63.8,0,49.402294,387.99988,344,73.1,64.1,0,30.53173,335,342,74.1,64,0,27.46902,335,200,71.2,64.7,0,35.242886,195,487,73.9,64.2,0,32.21742,491.76343,255,70.1,63.9,0,43.654884,245,177,73.8,63.9,0,43.80368,175,254,72.6,64,0,46.62005,245,425,71.8,63.8,0,40.288567,420,164,73.4,64.4,0,27.319523,160,345,73.3,64.1,0,39.02708,335,307,73.4,64.5,0,31.677475,300,411,72.6,63.9,0,28.448381,400,199,70.8,64.4,0,36.822086,195,400,72.2,63.7,0,32.806908,380,353,70.4,64.2,0,30.39312,335,179,73.8,63.6,0,59.728233,175,254,72.9,64,0,44.88292,245,359,72.6,63.6,0,35.93212,350,240,74,63.9,0,42.063103,237.39987,364,74.1,63.9,0,42.38095,365.29984,237,73.3,64.8,0,38.93664,230,296,73.5,63.9,0,35.07289,285,207,69.9,64.4,0,42.132168,195,382,73.9,64.1,0,41.341785,380,337,72.9,63.6,0,40.8178,335,184,73.4,63.8,0,57.724876,175,252,73.4,63.8,0,44.71325,245,438,72.4,63.8,0,46.409245,420,367,73.9,63.5,0,45.415596,365.19977,341,73.6,63.7,0,33.762257,335,106,72.1,64.4,0,32.161236,100,346,73,64.2,0,39.494453,335,201,71.1,284.9,0,32.541336,195,544,73.9,63.7,0,44.334976,539.9998,344,71.7,63.8,0,42.189796,335,356,74,63.7,0,45.52015,356,349,74.1,63.9,0,55.055225,354.19986,615,73.9,63.6,0,49.622963,614.60034,162,73.7,64.2,0,42.71905,160,361,70,63.7,0,51.343464,335,285,73.9,64.4,0,46.256065,288.08197,166,72.9,64.1,0,34.69063,150,198,71.1,64.9,0,43.76463,195,391,74.1,64,0,40.70506,380,590,70.8,63.6,0,67.06844,575,544,73.9,64.2,0,53.29299,538.4864,256,73.1,64.4,0,43.088387,250,179,73.3,64.4,0,59.034664,175,207,74.1,64.3,0,32.070496,208.90596,188,71.4,64.2,0,44.410507,185,307,70.3,63.9,0,40.639366,300,306,73.5,63.6,0,35.3197,300,214,69.5,63.7,0,55.6167,210,890,68.3,63.4,0,91.14902,880,88.6,88.7,88.7,145.9,104.1,116.6,0.9,1.6,30.03
20170714,1335,76.5,95.6,38.91977154,48.72128333,256,48.5,43.8,5.6,79.1,75,-0.1,1.2,0,0,0,5,100,100,1,1,1,0,0,200,72,7.5,5.6,7.5,200,71.1,74,60.6,100,15,43.1,59.6,100,0,74,1.25,60.6,1.8125,64.9,0,0,51,13.8,0,0,0,73.7,73.5,63.1,72.8,15,49.6,60.8,58.5,0,73.5,1,60.6,1.8125,65.7,0,0,99,77.2,15.8,4.7,0.8,15,15,91.5,65.1,82,100,37.8,0,74.5,1.3,65.18965,64.68965,0,12.9,0,0,1,100,1,72,453,62.4,0,32.29996,452.00027,72,68,3024.2644,69.8,61.6,41.1,3152.0042,271,71.7,61.3,0,48.71658,260,130,70.7,62.1,0,52.373398,125,1143,71.7,61.6,0,41.21629,1152.9995,687,77.8,62.3,0,31.14582,700,1036,74.2,61.7,0,60.01965,1035.616,209,70,62.3,0,37.824535,200,130,71.1,62.3,0,54.3879,125,343,70.8,62.8,0,31.495975,330,238,73,63.4,0,100,650,599,70.3,63.6,0,100,950,513,0,62.2,0,33.88582,500,509,71.4,62.2,0,33.784115,500,177,73.4,64,0,46.792038,175,251,70.6,64.4,0,42.701313,245,224,71.4,64.1,0,41.525837,220,361,73.7,63.9,0,31.659334,350,391,73.9,63.9,0,49.853622,387.99988,344,73.1,64.1,0,30.53173,335,418,74.1,63.9,0,32.36413,408.7998,199,71.2,64.7,0,35.242886,195,488,73.9,64.2,0,32.21742,491.76343,256,70.1,63.9,0,43.654884,245,177,73.8,64,0,43.80368,175,253,72.6,64.1,0,46.62005,245,426,71.8,63.8,0,40.288567,420,164,73.3,64.4,0,27.319523,160,341,73.3,64.1,0,39.02708,335,307,73.4,64.5,0,31.677475,300,411,72.6,63.9,0,28.448381,400,199,70.8,64.4,0,36.822086,195,416,72.1,63.8,0,32.806908,380,353,70.4,64.2,0,30.39312,335,179,73.8,63.6,0,60.762386,175,251,72.9,64.1,0,44.88292,245,357,72.6,63.7,0,35.93212,350,237,74,63.9,0,42.063103,237.39987,430,74.1,63.8,0,45.995117,425.89984,235,73.3,64.7,0,38.93664,230,291,73.5,63.9,0,35.07289,285,204,69.9,64.4,0,42.132168,195,389,73.9,64.1,0,41.806656,380,340,73,63.6,0,41.25075,335,184,73.4,63.8,0,57.724876,175,252,73.5,63.8,0,44.71325,245,434,72.4,63.9,0,46.409245,420,367,73.9,63.6,0,45.415596,365.19977,338,73.6,63.8,0,33.762257,335,107,72.1,64.4,0,32.161236,100,347,72.9,64.3,0,39.494453,335,201,71,284.6,0,32.541336,195,544,73.9,63.7,0,44.334976,539.9998,345,71.7,63.9,0,42.189796,335,356,74,63.7,0,45.52015,356,381,74,63.9,0,56.94562,381.49988,614,73.9,63.6,0,49.622963,614.60034,161,73.7,64.2,0,42.71905,160,356,70,63.7,0,51.343464,335,285,73.9,64.4,0,46.256065,288.08197,167,72.9,64.1,0,34.69063,150,198,71.2,64.9,0,43.76463,195,387,74.1,64.1,0,40.70506,380,585,70.8,63.6,0,67.06844,575,544,73.9,64.2,0,53.29299,538.4864,256,73.1,64.4,0,43.088387,250,179,73.3,64.4,0,59.034664,175,207,74,64.3,0,32.070496,208.90596,188,71.5,64.2,0,44.410507,185,310,70.3,63.9,0,40.639366,300,305,73.5,63.6,0,35.3197,300,213,69.5,63.7,0,55.6167,210,890,68.3,63.5,0,91.05246,880,88.5,88.7,88.8,145.9,104.1,116.8,2.3,-1.4,30.03
20170714,1340,76.5,96.7,39.16356421,48.72128333,255,48.6,43.9,5.6,79.1,74.9,-0.1,1.3,0,0,0,5,100,100,1,1,1,0,0,200,72,7.5,5.6,7.5,200,71.1,74.1,60.7,100,15,43.2,59.6,100,0,74.1,1.25,60.6,1.8125,64.9,0,0,51.5,13.4,0,0,0,73.6,73.6,63.2,73,15,49.7,60.8,60.6,0,73.5,1,60.6,1.8125,65.7,0,0,98.8,78.3,16.4,4.3,1.5,15,15,93.5,65.1,82,100,36.9,0,74.5,1.3,65.18965,64.68965,0,12.9,0,0,1,100,1,72,344,62.6,0,28.1093,344.00027,72,68,3388.784,69.9,61.6,43.9,3288.002,271,71.7,61.3,0,48.71658,260,128,70.6,62.1,0,51.751064,125,1151,71.8,61.7,0,41.925434,1152.9995,702,77.7,62.3,0,32.346428,700,1063,74.1,61.8,0,61.29666,1071.6155,208,70,62.3,0,37.824535,200,129,71.1,62.3,0,54.3879,125,341,70.8,62.8,0,31.088083,330,236,73,63.4,0,100,650,598,70.3,63.6,0,100,950,513,0,62.2,0,33.88582,500,509,71.4,62.2,0,33.784115,500,177,73.4,64,0,46.792038,175,250,70.5,64.4,0,42.701313,245,223,71.4,64.1,0,41.525837,220,359,73.7,64,0,31.659334,350,390,73.8,63.9,0,49.853622,387.99988,342,73.1,64.1,0,30.53173,335,450,74,63.9,0,33.357872,445.69983,198,71.1,64.7,0,35.242886,195,481,73.9,64.2,0,32.21742,491.76343,254,70.1,63.9,0,43.654884,245,177,73.8,64,0,43.80368,175,253,72.6,64.1,0,46.62005,245,427,71.8,63.8,0,40.288567,420,163,73.3,64.4,0,27.319523,160,343,73.3,64.2,0,39.02708,335,307,73.4,64.6,0,31.677475,300,411,72.6,63.9,0,28.448381,400,198,70.8,64.4,0,36.822086,195,409,72.2,63.8,0,32.806908,380,353,70.4,64.2,0,30.39312,335,178,73.8,63.6,0,60.762386,175,249,72.9,64.1,0,44.88292,245,353,72.5,63.7,0,35.93212,350,235,74,63.9,0,42.063103,237.39987,491,74.1,63.9,0,49.40171,486.49985,233,73.3,64.8,0,38.93664,230,293,73.5,63.9,0,35.07289,285,201,69.9,64.4,0,42.132168,195,386,74,64.1,0,41.806656,380,345,72.9,63.6,0,41.852074,335,185,73.4,63.8,0,57.724876,175,250,73.5,63.8,0,44.71325,245,434,72.4,63.9,0,46.409245,420,366,73.9,63.6,0,45.415596,365.19977,340,73.5,63.8,0,33.762257,335,107,72.1,64.5,0,32.161236,100,344,72.9,64.3,0,39.494453,335,201,71,284.7,0,32.541336,195,541,73.9,63.7,0,44.334976,539.9998,344,71.6,63.9,0,42.189796,335,355,74,63.7,0,45.52015,356,379,74,63.9,0,56.94562,381.49988,615,73.9,63.6,0,49.622963,614.60034,161,73.7,64.2,0,42.71905,160,355,70,63.7,0,51.343464,335,285,73.9,64.4,0,46.256065,288.08197,163,72.9,64.1,0,34.69063,150,197,71.2,64.9,0,43.76463,195,389,74.1,64.1,0,40.70506,380,585,70.8,63.5,0,67.06844,575,539,74,64.2,0,53.29299,538.4864,256,73,64.5,0,43.088387,250,179,73.3,64.4,0,59.034664,175,207,74,64.3,0,32.070496,208.90596,187,71.4,64.2,0,44.410507,185,310,70.3,63.9,0,40.639366,300,306,73.6,63.6,0,35.3197,300,213,69.5,63.7,0,55.6167,210,889,68.3,63.5,0,91.031006,880,88.5,88.6,88.7,142.9,104,116.7,0.2,-0.1,30.03
20170714,1345,76.1,97.6,38.97814194,48.72128333,257,48.5,43.8,5.6,79,74.9,-0.1,1.2,0,0,0,5,100,100,1,1,1,0,0,200,72,7.5,5.6,7.5,200,71.1,74.1,60.7,100,15,43.4,59.6,100,0,74.1,1.25,60.6,1.8125,65,0,0,51.4,13.7,0,0,0,73.6,73.5,63.1,73.3,15,49.9,60.8,58.4,0,73.4,0.99,60.6,1.8125,65.7,0,0,98.9,79.2,15.7,4.6,0.8,15,15,93.1,65.1,82,100,37.3,0,74.5,1.3,65.18965,64.68965,0,12.9,0,0,1,100,1,72,347,62.7,0,28.1093,344.00027,72,68,3024.2644,69.8,61.6,42.3,3152.0042,272,71.7,61.4,0,48.71658,260,129,70.6,62.1,0,51.751064,125,1138,71.9,61.7,0,41.9899,1152.9995,699,77.7,62.3,0,32.346428,700,1072,74,61.8,0,61.29666,1071.6155,210,70,62.3,0,37.824535,200,130,71.1,62.3,0,54.3879,125,341,70.8,62.8,0,31.088083,330,237,73,63.5,0,100,650,598,70.3,63.6,0,100,950,514,0,62.2,0,33.88582,500,509,71.4,62.3,0,33.784115,500,177,73.4,64,0,46.792038,175,251,70.5,64.4,0,42.701313,245,224,71.4,64.1,0,41.525837,220,359,73.7,64,0,31.659334,350,391,73.8,63.9,0,49.853622,387.99988,342,73.1,64.1,0,30.53173,335,449,73.9,63.9,0,33.357872,445.69983,199,71.1,64.7,0,35.242886,195,488,73.9,64.2,0,32.21742,491.76343,254,70.1,63.9,0,43.654884,245,177,73.8,64,0,43.80368,175,253,72.6,64.1,0,46.62005,245,425,71.8,63.8,0,40.288567,420,164,73.3,64.4,0,27.319523,160,343,73.3,64.2,0,39.02708,335,307,73.4,64.5,0,31.677475,300,410,72.6,63.9,0,28.448381,400,198,70.8,64.4,0,36.822086,195,393,72.2,63.8,0,32.806908,380,353,70.4,64.3,0,30.39312,335,177,73.8,63.6,0,60.762386,175,249,72.9,64.1,0,44.88292,245,352,72.6,63.7,0,36.842106,350,234,74,63.9,0,42.063103,237.39987,522,74,63.8,0,50.634922,516.7998,233,73.3,64.8,0,38.93664,230,293,73.5,63.9,0,35.07289,285,201,69.9,64.4,0,42.132168,195,383,74,64.1,0,41.806656,380,345,72.9,63.6,0,41.852074,335,185,73.5,63.8,0,57.724876,175,252,73.4,63.9,0,44.71325,245,436,72.4,63.9,0,46.409245,420,366,73.9,63.6,0,45.415596,365.19977,339,73.5,63.8,0,33.762257,335,107,72.1,64.5,0,32.161236,100,347,72.9,64.3,0,39.494453,335,201,71,285,0,32.541336,195,543,73.9,63.8,0,44.334976,539.9998,344,71.6,63.9,0,42.189796,335,359,74,63.7,0,45.52015,356,378,74,64,0,56.94562,381.49988,614,73.9,63.6,0,49.622963,614.60034,161,73.7,64.3,0,42.71905,160,355,70,63.7,0,51.343464,335,286,73.9,64.4,0,46.256065,288.08197,161,72.9,64.1,0,34.69063,150,197,71.2,64.9,0,43.76463,195,384,74.1,64.1,0,40.70506,380,580,70.8,63.6,0,67.06844,575,541,74,64.2,0,53.29299,538.4864,256,73,64.5,0,43.088387,250,179,73.3,64.5,0,59.034664,175,207,74,64.3,0,32.070496,208.90596,188,71.5,64.2,0,44.410507,185,311,70.3,63.9,0,40.639366,300,306,73.6,63.7,0,35.3197,300,213,69.5,63.7,0,55.6167,210,886,68.3,63.5,0,91.62107,880,88.5,88.6,88.6,144.9,104,116.7,1.2,0,30.03
20170714,1350,76.3,96.7,38.97201973,48.72128333,258,48.7,43.9,5.6,79.1,75,-0.1,1.2,0,0,0,5,100,100,1,1,1,0,0,200,72,7.5,5.6,7.5,200,71.1,74.3,60.7,100,15,44.2,59.2,100,0,74.2,1.25,60.2,1.8125,65.1,0,0,51.1,13.6,0,0,0,73.7,73.5,62.8,73.4,15,50.2,60.6,60.8,0,73.4,1,60.2,1.8125,65.8,0,0,97.9,80.4,16.4,4.6,1.2,15,15,93,65.1,82,100,37.3,0,74.5,1.3,65.06896,64.56896,0,12.9,0,0,1,100,1,72,343,62.7,0,28.1093,344.00027,72,68,3388.784,69.9,61.6,44.2,3288.002,268,71.7,61.4,0,48.71658,260,128,70.6,62.1,0,51.751064,125,1142,72,61.7,0,41.979156,1152.9995,705,77.7,62.3,0,32.346428,700,1155,74.3,61.8,0,65.95039,1179.616,207,70,62.3,0,37.824535,200,128,71.2,62.3,0,54.3879,125,339,70.8,62.9,0,31.088083,330,234,73,63.4,0,100,650,594,70.3,63.6,0,100,950,513,0,62.3,0,33.88582,500,508,71.4,62.2,0,33.784115,500,177,73.3,64,0,46.792038,175,252,70.5,64.3,0,42.701313,245,225,71.4,64,0,41.525837,220,361,73.7,63.9,0,31.659334,350,359,73.7,63.8,0,47.231033,365.19977,344,73.1,64.1,0,30.53173,335,451,73.9,63.9,0,32.73218,445.69983,200,71.2,64.6,0,35.242886,195,496,73.9,64.2,0,32.21742,491.76343,252,70.1,63.9,0,43.654884,245,177,73.9,63.9,0,43.80368,175,254,72.7,64,0,46.62005,245,428,71.8,63.7,0,40.288567,420,164,73.2,64.4,0,27.319523,160,343,73.3,64.1,0,39.02708,335,307,73.4,64.5,0,31.677475,300,412,72.6,63.9,0,28.448381,400,199,70.8,64.4,0,36.822086,195,388,72.2,63.7,0,32.806908,380,356,70.4,64.2,0,30.39312,335,177,73.8,63.5,0,60.762386,175,250,72.9,64,0,44.88292,245,354,72.6,63.6,0,36.842106,350,263,74.1,63.9,0,44.811436,263.19986,520,74,63.8,0,51.17216,516.7998,233,73.3,64.8,0,38.93664,230,292,73.5,63.9,0,35.07289,285,201,69.9,64.4,0,42.132168,195,394,74,64.1,0,42.260963,380,342,73,63.6,0,41.852074,335,185,73.5,63.7,0,57.111298,175,253,73.4,63.7,0,44.71325,245,437,72.4,63.9,0,46.409245,420,367,73.9,63.5,0,45.415596,365.19977,341,73.5,63.7,0,33.762257,335,108,72.1,64.4,0,32.161236,100,346,72.9,64.2,0,39.494453,335,202,71.1,284.8,0,32.541336,195,549,73.9,63.7,0,44.334976,539.9998,346,71.6,63.8,0,42.189796,335,357,74.1,63.6,0,45.52015,356,380,74,63.8,0,56.94562,381.49988,615,73.9,63.5,0,49.622963,614.60034,162,73.7,64.2,0,42.71905,160,358,70.1,63.6,0,51.343464,335,285,73.9,64.4,0,46.256065,288.08197,163,72.9,64.1,0,34.69063,150,198,71.3,64.9,0,43.76463,195,387,74.1,64,0,40.70506,380,587,70.8,63.4,0,67.06844,575,543,74,64.2,0,53.29299,538.4864,257,73,64.4,0,43.088387,250,180,73.3,64.5,0,59.034664,175,207,74,64.3,0,32.070496,208.90596,188,71.4,64.2,0,44.410507,185,309,70.3,63.9,0,40.639366,300,307,73.6,63.6,0,35.3197,300,214,69.5,63.7,0,55.6167,210,892,68.3,63.3,0,90.92372,880,88.5,88.6,88.6,143.9,104,116.7,1.2,0,30.03
20170714,1355,76.2,97.6,39.08833098,48.72128333,255,48.9,43.9,5.65,79.3,74.9,-0.2,1.2,0,0,0,5,100,100,1,1,1,0,0,200,72,7.5,5.65,7.5,200,71.1,74.2,60.9,100,15,45.3,59.2,100,0,74.2,1.25,60.2,1.8125,65.3,0,0,51.1,13.6,0,0,0,73.6,73.5,62.6,73.3,15,50.1,60.6,59.7,0,73.6,1,60.2,1.8125,65.8,0,0,98.8,79.7,16.1,4.6,1.4,15,15,92.3,65.1,82,100,38.4,0,74.5,1.3,65.06896,64.56896,0,12.9,0,0,1,100,1,72,345,62.8,0,28.1093,344.00027,72,68,3388.784,69.8,61.8,41.2,3152.0042,267,71.7,61.5,0,48.71658,260,127,70.6,62.2,0,51.751064,125,1272,72.1,61.8,0,44.46116,1254.9998,706,77.7,62.4,0,31.845203,700,1192,74.2,61.9,0,67.14146,1200,205,70,62.5,0,37.824535,200,127,71.2,62.5,0,54.3879,125,338,70.8,63,0,31.088083,330,232,73,63.6,0,100,650,590,70.3,63.8,0,100,950,511,0,62.4,0,33.88582,500,508,71.4,62.4,0,33.784115,500,178,73.4,63.5,0,46.792038,175,251,70.5,64,0,42.701313,245,225,71.4,63.7,0,41.525837,220,363,73.7,63.6,0,31.659334,350,319,73.7,63.5,0,44.888996,319.59976,343,73.1,63.7,0,30.53173,335,448,73.9,63.6,0,32.278248,445.69983,199,71.2,64.3,0,35.242886,195,487,73.9,63.9,0,32.21742,491.76343,250,70.1,63.5,0,43.654884,245,177,73.9,63.5,0,43.80368,175,252,72.7,63.6,0,46.62005,245,427,71.9,63.4,0,40.288567,420,163,73.2,64.1,0,27.319523,160,342,73.4,63.8,0,39.02708,335,306,73.5,64.3,0,31.677475,300,409,72.6,63.6,0,28.448381,400,198,70.8,64.2,0,36.822086,195,407,72.2,63.4,0,32.806908,380,346,70.4,63.9,0,30.39312,335,179,73.9,63.1,0,61.207314,175,248,72.9,63.7,0,44.88292,245,352,72.6,63.3,0,37.45696,350,291,74,63.5,0,47.917183,288.99988,518,74,63.4,0,51.086693,516.7998,231,73.3,64.5,0,38.93664,230,288,73.5,63.6,0,35.07289,285,197,69.9,64.1,0,42.132168,195,390,74,63.8,0,41.87005,380,340,73,63.2,0,41.852074,335,184,73.5,63.4,0,57.111298,175,252,73.5,63.4,0,44.71325,245,434,72.4,63.5,0,46.409245,420,367,73.9,63.2,0,45.415596,365.19977,340,73.5,63.4,0,33.762257,335,106,72.1,64.2,0,32.161236,100,345,72.9,64,0,39.494453,335,200,71,284.9,0,32.541336,195,545,73.9,63.3,0,44.334976,539.9998,344,71.6,63.5,0,42.189796,335,387,74.1,63.2,0,47.85167,391.9999,380,74,63.4,0,56.94562,381.49988,613,73.9,63.1,0,49.622963,614.60034,161,73.7,63.9,0,42.71905,160,348,70.1,63.3,0,51.343464,335,285,73.9,64.2,0,46.256065,288.08197,164,72.9,63.8,0,34.69063,150,197,71.5,64.6,0,43.76463,195,382,74.2,63.7,0,40.70506,380,580,70.8,63.1,0,67.06844,575,539,74,63.9,0,53.29299,538.4864,255,73,64.2,0,43.088387,250,178,73.3,64.2,0,59.034664,175,206,74,64.1,0,32.070496,208.90596,187,71.4,63.9,0,44.410507,185,307,70.3,63.5,0,40.639366,300,306,73.7,63.3,0,35.3197,300,213,69.5,63.3,0,55.6167,210,890,68.3,62.9,0,91.19193,880,88.5,88.6,88.6,144.9,104,116.6,2.2,-0.1,30.01
20170714,1400,76.5,96.7,39.17785243,48.72128333,258,49,44.1,5.6,79.5,75.2,-0.1,1.2,0,0,0,5,100,100,1,1,1,0,0,200,72,7.5,5.6,7.5,200,71.1,74.4,60.9,100,15,46.4,59.2,100,0,74.3,1.2,60.2,1.8125,65.4,0,0,51.1,13.4,0,0,0,73.6,73.5,62.4,73.7,15,50,60.6,60.9,0,73.6,1,60.2,1.8125,65.7,0,0,99,81.9,16.4,4.8,1,15,15,92.7,65.1,82,100,37.8,0,74.5,1.3,65.06896,64.56896,0,12.9,0,0,1,100,1,72,459,62.8,0,32.459255,452.00085,72,68,3024.2644,69.8,61.8,46.3,3152.0042,265,71.8,61.6,0,48.71658,260,126,70.6,62.2,0,51.751064,125,1363,72.1,61.9,0,47.480392,1356.9998,712,77.7,62.4,0,30.609629,700,1190,74.1,61.9,0,67.12917,1200,203,70.1,62.5,0,37.824535,200,126,71.3,62.5,0,54.3879,125,336,70.9,63,0,31.088083,330,231,73,63.6,0,100,650,585,70.3,63.8,0,100,950,510,0,62.4,0,33.88582,500,507,71.5,62.4,0,33.784115,500,178,73.4,63.4,0,46.792038,175,253,70.5,63.9,0,42.701313,245,225,71.4,63.6,0,41.525837,220,364,73.7,63.4,0,31.659334,350,264,73.6,63.4,0,40.91242,273.99988,346,73.1,63.6,0,30.53173,335,453,73.9,63.4,0,32.278248,445.69983,200,71.1,64.2,0,35.242886,195,492,73.9,63.7,0,32.21742,491.76343,252,70.1,63.4,0,43.654884,245,178,73.9,63.4,0,43.80368,175,256,72.7,63.5,0,46.62005,245,428,71.9,63.3,0,40.288567,420,164,73.2,64,0,27.319523,160,346,73.4,63.7,0,39.02708,335,307,73.5,64.2,0,31.677475,300,413,72.7,63.4,0,28.448381,400,200,70.8,64,0,36.822086,195,402,72.2,63.3,0,32.806908,380,350,70.4,63.8,0,30.39312,335,181,73.8,63,0,61.207314,175,251,72.9,63.6,0,44.88292,245,357,72.6,63.1,0,37.45696,350,288,74,63.4,0,46.62312,288.99988,471,73.9,63.3,0,47.96093,476.3997,234,73.4,64.4,0,38.93664,230,290,73.5,63.4,0,35.07289,285,201,69.9,63.9,0,42.132168,195,397,74,63.6,0,41.87005,380,344,73,63.1,0,41.852074,335,185,73.5,63.2,0,57.111298,175,253,73.5,63.3,0,44.71325,245,438,72.4,63.4,0,46.409245,420,368,73.9,63.1,0,45.415596,365.19977,342,73.5,63.3,0,33.762257,335,105,72.1,64.1,0,32.161236,100,346,72.9,63.8,0,39.494453,335,202,71,285,0,32.541336,195,544,73.9,63.2,0,44.334976,539.9998,345,71.6,63.4,0,42.189796,335,412,74.1,63.1,0,49.22838,409.9999,378,74,63.3,0,56.94562,381.49988,615,73.9,63,0,49.622963,614.60034,162,73.8,63.8,0,42.71905,160,360,70.1,63.2,0,51.343464,335,325,73.9,64,0,48.4286,315.68225,163,72.9,63.7,0,34.69063,150,197,71.6,64.5,0,43.76463,195,389,74.2,63.6,0,40.70506,380,589,70.8,63,0,67.06844,575,544,74,63.8,0,53.29299,538.4864,257,72.9,64.1,0,43.088387,250,180,73.3,64.1,0,59.034664,175,208,74,63.9,0,32.070496,208.90596,187,71.4,63.7,0,44.410507,185,311,70.3,63.4,0,40.639366,300,308,73.7,63.1,0,35.3197,300,214,69.5,63.2,0,55.6167,210,891,68.2,62.9,0,90.96664,880,88.5,88.6,88.7,144.9,104,116.5,1.1,0.1,30.01
20170714,1405,76.5,95.7,38.95605904,47.81488333,258,48.7,43.7,5.6,79.5,75.2,-0.2,1.3,0,0,0,5,100,100,1,1,1,0,0,200,72,7.5,5.6,7.5,200,71.1,74.2,60.7,100,15,47.3,59.2,100,0,74.2,1.2,60.2,1.8125,65.4,0,0,51.5,13.7,0,0,0,73.6,73.6,62.4,73.6,15,49.9,60.6,61,0,73.5,1.02,60.2,1.8125,65.5,0,0,99.1,79.4,16.5,4.3,1.1,15,15,93.2,65.1,82,100,37.3,0,74.5,1.3,65.06896,64.56896,0,12.9,0,0,1,100,1,72,658,62.6,0,36.55189,668.00085,72,68,3024.2644,69.8,61.7,44.9,3152.0042,264,71.7,61.5,0,48.71658,260,126,70.6,62.2,0,52.654057,125,1327,72,61.8,0,46.900185,1356.9998,710,77.7,62.4,0,30.551348,700,1183,74,61.8,0,67.53438,1200,203,70.1,62.4,0,37.824535,200,129,71.3,62.5,0,55.002457,125,333,70.9,63,0,31.088083,330,230,73,63.6,0,100,650,583,70.2,63.7,0,100,950,509,0,62.4,0,33.88582,500,506,71.5,62.4,0,33.784115,500,178,73.2,63.4,0,46.792038,175,254,70.5,63.8,0,42.701313,245,226,71.4,63.6,0,41.525837,220,365,73.7,63.4,0,31.659334,350,248,73.6,63.4,0,39.436447,251.19989,345,73.2,63.5,0,30.53173,335,443,73.9,63.4,0,31.664827,445.69983,200,71.1,64.2,0,35.242886,195,497,73.9,63.7,0,32.21742,491.76343,255,70,63.4,0,43.654884,245,178,73.9,63.4,0,43.80368,175,255,72.7,63.5,0,46.62005,245,431,71.9,63.2,0,40.288567,420,164,73.2,63.9,0,27.319523,160,345,73.4,63.6,0,39.02708,335,307,73.5,64,0,31.677475,300,414,72.6,63.3,0,28.448381,400,199,70.7,63.9,0,36.822086,195,399,72.2,63.2,0,32.806908,380,360,70.4,63.7,0,30.39312,335,181,73.8,63,0,61.207314,175,251,72.9,63.5,0,44.88292,245,355,72.6,63.1,0,37.45696,350,288,74,63.3,0,47.005177,288.99988,508,74,63.3,0,50.451775,506.7,233,73.4,64.3,0,38.93664,230,291,73.5,63.4,0,35.07289,285,200,69.9,63.9,0,42.132168,195,396,74,63.6,0,41.87005,380,344,72.9,63.1,0,41.852074,335,184,73.5,63.2,0,56.66953,175,254,73.4,63.2,0,44.71325,245,438,72.4,63.3,0,46.409245,420,369,73.9,63,0,45.415596,365.19977,338,73.5,63.2,0,33.308826,335,109,72.1,64,0,32.161236,100,347,72.9,63.8,0,39.494453,335,201,71,285,0,32.541336,195,543,73.9,63.2,0,44.334976,539.9998,344,71.5,63.3,0,42.189796,335,433,74,63.1,0,50.30532,427.9999,380,74,63.3,0,56.94562,381.49988,615,73.9,63,0,49.622963,614.60034,161,73.8,63.7,0,42.71905,160,355,70.1,63.1,0,51.343464,335,322,73.9,63.9,0,48.4286,315.68225,164,72.8,63.6,0,34.69063,150,198,71.7,64.4,0,43.76463,195,389,74.3,63.5,0,40.70506,380,582,70.7,63,0,67.06844,575,543,74,63.7,0,53.29299,538.4864,256,72.9,63.9,0,43.088387,250,179,73.3,64,0,59.034664,175,207,74,63.8,0,32.070496,208.90596,188,71.4,63.7,0,44.410507,185,312,70.3,63.3,0,40.639366,300,307,73.6,63.1,0,35.3197,300,215,69.5,63.1,0,55.6167,210,892,68.2,62.9,0,90.945175,880,88.5,88.6,88.5,143.9,104,116.7,0.7,0,30.01
20170714,1410,76.9,94.3,39.02417094,47.81488333,259,48.7,43.7,5.6,79.5,75.1,-0.1,1.25,0,0,0,5,100,100,1,1,1,0,0,200,72,7.5,5.6,7.5,200,71.1,74.1,60.7,100,15,48.1,59.2,100,0,74.1,1.15,60.2,1.8125,65.4,0,0,51,13.8,0,0,0,73.6,73.6,62.4,73,15,49.8,60.6,61.1,0,73.6,1,60.2,1.8125,65.3,0,0,99,79.1,16.5,4.3,1.2,15,15,92.2,65.1,82,100,39.2,0,74.5,1.3,65.06896,64.56896,0,12.8,0,0,1,100,1,72,786,62.4,0,40.571007,776.00085,72,68,3388.784,69.8,61.7,43.4,3152.0042,265,71.7,61.4,0,49.176468,260,127,70.6,62.1,0,53.264183,125,1372,71.9,61.7,0,47.716774,1356.9998,705,77.8,62.4,0,28.83786,700,1177,74.1,61.8,0,67.77996,1200,209,70.1,62.4,0,38.427464,200,127,71.3,62.4,0,55.002457,125,330,70.9,63,0,32.377907,330,225,73,63.6,0,100,650,574,70.2,63.7,0,100,950,508,0,62.3,0,33.88582,500,504,71.5,62.3,0,33.784115,500,179,73.2,63.4,0,46.792038,175,253,70.4,63.8,0,42.701313,245,226,71.4,63.5,0,41.525837,220,365,73.7,63.4,0,31.659334,350,205,73.6,63.4,0,35.69163,205.59988,347,73.3,63.5,0,30.53173,335,403,73.8,63.3,0,29.812294,408.80038,202,71.1,64.1,0,35.242886,195,502,73.9,63.6,0,32.21742,491.76343,254,70,63.3,0,43.654884,245,178,73.9,63.4,0,43.80368,175,255,72.7,63.5,0,46.62005,245,429,71.9,63.2,0,40.288567,420,164,73.1,63.9,0,27.319523,160,348,73.4,63.5,0,38.573704,335,307,73.5,64,0,31.677475,300,413,72.6,63.3,0,28.448381,400,200,70.8,63.9,0,36.822086,195,409,72.2,63.2,0,32.806908,380,356,70.4,63.7,0,30.39312,335,181,73.8,63,0,61.207314,175,252,72.9,63.5,0,44.88292,245,355,72.6,63.1,0,37.45696,350,288,74,63.3,0,47.005177,288.99988,508,74,63.2,0,50.43956,506.7,233,73.4,64.3,0,38.93664,230,291,73.5,63.3,0,35.07289,285,202,69.9,63.9,0,42.132168,195,395,74,63.5,0,41.87005,380,343,72.9,63,0,41.852074,335,184,73.4,63.2,0,56.21549,175,248,73.4,63.2,0,44.9957,245,436,72.4,63.3,0,46.409245,420,368,73.9,63,0,45.415596,365.19977,337,73.5,63.2,0,33.308826,335,107,72.1,63.9,0,32.161236,100,346,72.9,63.7,0,39.494453,335,202,71,284.7,0,32.541336,195,512,73.9,63.2,0,41.687195,501.6004,348,71.5,63.3,0,42.189796,335,430,73.9,63,0,50.30532,427.9999,378,73.9,63.3,0,56.94562,381.49988,615,73.9,62.9,0,49.622963,614.60034,162,73.8,63.7,0,42.71905,160,357,70,63.1,0,51.343464,335,321,73.8,63.8,0,48.4286,315.68225,160,72.7,63.6,0,34.69063,150,197,71.8,64.3,0,43.76463,195,390,74.4,63.4,0,40.70506,380,584,70.7,62.9,0,67.06844,575,544,74,63.7,0,53.29299,538.4864,258,72.9,63.9,0,43.088387,250,180,73.3,63.9,0,59.034664,175,208,74,63.8,0,32.070496,208.90596,188,71.4,63.6,0,44.410507,185,310,70.3,63.3,0,40.639366,300,306,73.6,63.1,0,35.3197,300,214,69.4,63.1,0,55.6167,210,890,68.2,62.8,0,91.08465,880,88.5,88.6,88.6,143.9,104,116.6,1.2,-0.1,30.01
20170714,1415,77.2,93.7,39.17405877,47.81488333,259,48.8,43.8,5.6,79.5,75.2,-0.1,1.3,0,0,0,5,100,100,1,1,1,0,0,200,72,7.5,5.6,7.5,200,71.1,74.1,60.7,100,15,48.9,59.2,100,0,74.1,1.15,60.2,1.8125,65.3,0,0,51.5,13.4,0,0,0,73.6,73.7,62.3,72.8,15,49.6,60.6,59.9,0,73.5,1.01,60.2,1.8125,65.1,0,0,99.1,78.2,16.3,4.6,1,15,15,92.6,65.1,81.8,100,37.7,0,74.5,1.3,65.06896,64.56896,0,12.7,0,0,1,100,1,72,783,62.4,0,40.571007,776.00085,72,68,3388.784,69.8,61.6,42.7,3152.0042,265,71.7,61.4,0,49.176468,260,127,70.6,62.1,0,53.264183,125,1338,71.8,61.7,0,47.01837,1356.9998,704,77.9,62.4,0,28.83786,700,1183,74,61.8,0,67.608055,1200,209,70,62.4,0,38.427464,200,127,71.3,62.4,0,55.002457,125,333,70.9,62.9,0,32.52122,330,226,73,63.6,0,100,650,574,70.2,63.7,0,100,950,508,0,62.3,0,33.88582,500,504,71.5,62.3,0,33.784115,500,179,73.3,63.3,0,46.792038,175,253,70.4,63.7,0,42.701313,245,226,71.4,63.5,0,41.525837,220,367,73.7,63.3,0,31.659334,350,162,73.6,63.4,0,31.019762,160,349,73.3,63.4,0,30.53173,335,404,73.8,63.3,0,29.812294,408.80038,201,71,64.1,0,35.242886,195,495,73.9,63.6,0,32.21742,491.76343,254,70,63.3,0,43.654884,245,178,73.9,63.3,0,43.80368,175,254,72.7,63.4,0,46.178383,245,430,71.9,63.1,0,40.288567,420,164,73.1,63.8,0,27.319523,160,345,73.4,63.5,0,38.573704,335,307,73.5,63.9,0,31.677475,300,412,72.5,63.2,0,28.448381,400,200,70.7,63.9,0,36.822086,195,421,72.2,63.1,0,32.806908,380,358,70.4,63.6,0,30.39312,335,181,73.8,62.9,0,61.207314,175,251,72.9,63.4,0,44.88292,245,354,72.6,63,0,37.45696,350,288,74,63.2,0,47.005177,288.99988,508,74,63.2,0,50.51282,506.7,233,73.4,64.2,0,38.93664,230,290,73.5,63.2,0,35.07289,285,200,69.9,63.8,0,42.132168,195,393,74,63.5,0,41.87005,380,343,72.9,62.9,0,41.852074,335,183,73.4,63.1,0,56.21549,175,248,73.4,63.1,0,44.9957,245,436,72.4,63.2,0,46.409245,420,368,73.9,62.9,0,45.415596,365.19977,336,73.4,63.1,0,33.308826,335,106,72.1,63.9,0,32.161236,100,346,72.9,63.7,0,39.494453,335,202,71,284.9,0,32.541336,195,509,73.9,63.1,0,41.687195,501.6004,345,71.5,63.2,0,42.189796,335,405,73.9,63,0,48.60664,410.00018,379,73.9,63.2,0,56.94562,381.49988,615,73.9,62.9,0,49.622963,614.60034,161,73.8,63.6,0,42.71905,160,353,70,63,0,51.343464,335,321,73.8,63.8,0,48.4286,315.68225,167,72.8,63.5,0,34.69063,150,197,72,64.3,0,43.76463,195,396,74.4,63.4,0,40.70506,380,586,70.6,62.9,0,67.06844,575,544,74,63.6,0,53.29299,538.4864,256,72.9,63.9,0,43.088387,250,179,73.3,63.9,0,59.034664,175,206,74,63.7,0,32.070496,208.90596,188,71.3,63.6,0,44.410507,185,311,70.2,63.3,0,40.639366,300,306,73.5,63,0,35.3197,300,214,69.5,63,0,55.6167,210,891,68.2,62.8,0,91.13829,880,88.5,88.6,88.7,143.9,104,116.6,1.2,0.1,30.01
20170714,1420,77.5,92.8,39.25430375,47.81488333,257,48.7,43.8,5.6,79.5,75.2,-0.2,1.2,0,0,0,5,100,100,1,1,1,0,0,200,72,7.5,5.6,7.5,200,71.1,74.2,60.7,100,15,49.6,59.2,100,0,74.2,1.2,60.2,1.8125,65.2,0,0,51.5,13.7,0,0,0,73.6,73.7,62.3,72.9,15,49.5,60.6,60.5,0,73.6,0.98,60.2,1.8125,65.1,0,0,99.1,76.5,16.4,4.4,0.5,15,15,93.6,65.1,81.8,100,37.1,0,74.5,1.3,65.06896,64.56896,0,12.7,0,0,1,100,1,72,633,62.3,0,35.841198,632.00024,72,68,3388.784,69.9,61.6,43.5,3288.002,270,71.7,61.4,0,49.176468,260,129,70.6,62.1,0,53.264183,125,1241,71.7,61.6,0,43.730526,1254.9995,693,77.9,62.4,0,28.83786,700,1199,74,61.7,0,67.93958,1200,211,70,62.3,0,38.427464,200,129,71.2,62.3,0,55.002457,125,336,70.9,62.9,0,32.52122,330,230,73,63.5,0,100,650,584,70.2,63.6,0,100,950,510,0,62.3,0,33.88582,500,506,71.5,62.3,0,33.784115,500,179,73.2,63.3,0,46.792038,175,256,70.4,63.7,0,42.701313,245,227,71.4,63.4,0,41.525837,220,367,73.7,63.3,0,31.659334,350,162,73.6,63.5,0,31.019762,160,348,73.3,63.4,0,30.53173,335,405,73.8,63.2,0,29.812294,408.80038,201,71,64,0,35.242886,195,495,73.8,63.5,0,32.21742,491.76343,257,70,63.2,0,43.654884,245,179,73.9,63.2,0,43.80368,175,255,72.7,63.4,0,46.178383,245,431,71.8,63,0,40.288567,420,164,73.1,63.8,0,27.319523,160,345,73.4,63.5,0,38.573704,335,307,73.5,63.9,0,31.677475,300,413,72.5,63.2,0,28.448381,400,200,70.7,63.8,0,36.822086,195,421,72.2,63.1,0,32.806908,380,366,70.4,63.6,0,30.39312,335,181,73.8,62.9,0,61.207314,175,251,72.9,63.4,0,44.88292,245,355,72.6,63,0,37.45696,350,289,74,63.2,0,47.005177,288.99988,508,74,63.1,0,50.427353,506.7,233,73.4,64.2,0,38.93664,230,291,73.5,63.2,0,35.07289,285,200,69.9,63.7,0,42.132168,195,391,74,63.4,0,41.87005,380,344,72.9,62.9,0,41.852074,335,185,73.4,63.1,0,56.21549,175,248,73.4,63.1,0,44.9957,245,436,72.4,63.1,0,46.409245,420,370,73.9,62.9,0,45.415596,365.19977,341,73.4,63.1,0,33.639706,335,109,72.1,63.8,0,32.161236,100,350,72.9,63.6,0,39.494453,335,202,71,284.7,0,32.541336,195,513,73.9,63,0,41.687195,501.6004,346,71.4,63.2,0,42.189796,335,409,73.9,62.9,0,49.00633,410.00018,381,73.9,63.2,0,56.94562,381.49988,615,73.9,62.8,0,49.622963,614.60034,162,73.8,63.5,0,42.71905,160,359,70,63,0,51.343464,335,320,73.8,63.7,0,48.4286,315.68225,163,72.8,63.5,0,34.69063,150,198,72,64.2,0,43.76463,195,391,74.5,63.3,0,40.70506,380,588,70.6,62.8,0,67.06844,575,544,74,63.5,0,53.29299,538.4864,256,72.8,63.8,0,43.088387,250,180,73.3,63.8,0,59.034664,175,207,74,63.7,0,32.070496,208.90596,188,71.3,63.5,0,44.410507,185,312,70.2,63.2,0,40.639366,300,307,73.5,62.9,0,35.3197,300,214,69.4,63,0,55.6167,210,894,68.1,62.7,0,90.90226,880,88.5,88.6,88.5,142.9,104,116.7,1.2,0,30.01
20170714,1425,77.5,91.3,38.9104996,47.81488333,257,48.9,44,5.6,79.5,75.1,-0.2,1.25,0,0,0,5,100,100,1,1,1,0,0,200,72,7.5,5.6,7.5,200,71.1,74.4,60.6,100,15,50.2,59.2,100,0,74.3,1.2,60.2,1.8125,65.1,0,0,51.5,13.6,0,0,0,73.6,73.6,62.3,73.2,15,49.4,60.6,61.8,0,73.6,1,60.2,1.8125,65.1,0,0,99.1,80.4,16.7,4.6,0.9,15,15,91.8,65.1,81.8,100,37.8,0,74.5,1.3,65.06896,64.56896,0,12.7,0,0,1,100,1,72,424,62.5,0,30.547726,416.00027,72,68,3388.784,69.8,61.5,42.6,3152.0042,273,71.7,61.3,0,49.176468,260,129,70.5,62,0,52.28798,125,1222,71.7,61.6,0,42.76351,1203.9995,692,77.9,62.3,0,29.968527,700,1207,73.9,61.6,0,67.92731,1200,213,70,62.2,0,37.529224,200,130,71.3,62.3,0,55.002457,125,339,70.9,62.8,0,32.52122,330,232,73,63.4,0,100,650,590,70.2,63.6,0,100,950,512,0,62.2,0,33.88582,500,507,71.5,62.2,0,33.784115,500,179,73.2,63.2,0,46.792038,175,254,70.4,63.6,0,42.701313,245,226,71.4,63.4,0,41.525837,220,367,73.7,63.3,0,31.659334,350,161,73.6,63.6,0,31.019762,160,349,73.3,63.4,0,30.53173,335,405,73.8,63.2,0,29.812294,408.80038,202,71,64,0,35.242886,195,497,73.8,63.5,0,32.21742,491.76343,255,70,63.2,0,43.654884,245,178,73.9,63.2,0,43.80368,175,253,72.7,63.3,0,46.178383,245,429,71.8,63.1,0,40.288567,420,164,73.1,63.7,0,27.319523,160,347,73.4,63.4,0,38.573704,335,307,73.5,63.8,0,31.677475,300,411,72.5,63.1,0,27.980804,400,200,70.7,63.8,0,36.822086,195,414,72.2,63,0,32.806908,380,349,70.3,63.5,0,30.39312,335,181,73.8,62.8,0,61.207314,175,250,73,63.4,0,44.88292,245,354,72.7,62.9,0,37.45696,350,287,74,63.1,0,47.005177,288.99988,510,74,63.1,0,50.427353,506.7,233,73.3,64.1,0,38.93664,230,293,73.5,63.2,0,35.07289,285,201,69.9,63.7,0,42.132168,195,396,74,63.4,0,41.87005,380,343,73,62.9,0,41.852074,335,185,73.4,63,0,56.21549,175,249,73.4,63,0,44.9957,245,438,72.4,63.1,0,46.409245,420,368,73.9,62.8,0,45.415596,365.19977,341,73.4,63.1,0,33.639706,335,108,72.1,63.8,0,32.161236,100,347,72.8,63.6,0,39.494453,335,202,71,284.8,0,32.541336,195,511,73.9,63,0,41.687195,501.6004,346,71.4,63.1,0,42.189796,335,411,73.9,62.9,0,49.00633,410.00018,380,73.9,63.2,0,56.94562,381.49988,615,73.9,62.8,0,49.622963,614.60034,161,73.8,63.5,0,42.71905,160,358,70,62.9,0,51.343464,335,320,73.8,63.7,0,48.4286,315.68225,160,72.8,63.4,0,34.69063,150,197,71.8,64.2,0,43.76463,195,387,74.5,63.3,0,40.70506,380,581,70.6,62.8,0,67.06844,575,545,73.9,63.5,0,53.29299,538.4864,257,72.8,63.8,0,43.088387,250,179,73.3,63.7,0,59.034664,175,207,74,63.6,0,32.070496,208.90596,187,71.3,63.5,0,44.410507,185,310,70.2,63.2,0,40.639366,300,308,73.5,62.9,0,35.3197,300,214,69.4,63,0,55.6167,210,894,68.1,62.7,0,90.89153,880,88.4,88.5,88.6,144.9,103.9,116.6,1.1,0,30.01
20170714,1430,77.8,91.6,39.26280011,47.81488333,257,48.8,43.9,5.65,79.6,75.3,-0.1,1.3,0,0,0,5,100,100,1,1,1,0,0,200,72,7.5,5.65,7.5,200,71.1,74.2,60.5,100,15,50.8,59.2,100,0,74.2,1.25,60.2,1.8125,65.1,0,0,51.1,13.6,0,0,0,73.6,73.7,62.3,73.3,15,49.2,60.6,60.2,0,73.5,0.99,60.2,1.8125,65.1,0,0,99,83.2,16.3,4.4,1.4,15,15,93.7,65.1,81.8,100,36.8,0,74.5,1.3,65.06896,64.56896,0,12.7,0,0,1,100,1,72,302,62.7,0,29.077318,308.00027,72,68,3388.784,69.8,61.5,41.8,3152.0042,274,71.7,61.3,0,49.176468,260,128,70.5,62,0,51.665653,125,1167,71.8,61.6,0,42.172558,1152.9995,687,77.8,62.2,0,30.458096,700,1217,74,61.6,0,67.69401,1200,212,70,62.2,0,36.91399,200,131,71.3,62.3,0,55.002457,125,341,70.9,62.8,0,32.52122,330,233,72.9,63.4,0,100,650,592,70.2,63.5,0,100,950,513,0,62.2,0,33.88582,500,508,71.5,62.1,0,33.784115,500,178,73.1,63.2,0,46.792038,175,253,70.4,63.6,0,42.701313,245,227,71.4,63.3,0,41.525837,220,357,73.7,63.2,0,31.207233,350,162,73.7,63.5,0,31.019762,160,346,73.3,63.3,0,30.090662,335,404,73.8,63.2,0,29.812294,408.80038,201,71,63.9,0,35.242886,195,475,73.7,63.4,0,29.709698,453.36304,254,70,63.2,0,43.654884,245,178,73.8,63.2,0,43.80368,175,253,72.7,63.3,0,46.178383,245,429,71.9,63,0,40.288567,420,164,73,63.7,0,27.319523,160,342,73.4,63.4,0,38.573704,335,307,73.5,63.8,0,31.677475,300,411,72.5,63.1,0,27.980804,400,199,70.6,63.7,0,36.822086,195,411,72.2,63,0,32.806908,380,361,70.3,63.5,0,30.39312,335,180,73.8,62.8,0,61.207314,175,250,73,63.3,0,44.88292,245,355,72.7,62.9,0,37.45696,350,289,73.9,63.1,0,47.005177,288.99988,508,74,63,0,50.427353,506.7,233,73.4,64.1,0,38.93664,230,291,73.5,63.1,0,35.07289,285,200,69.8,63.7,0,42.132168,195,393,74,63.4,0,41.87005,380,342,73,62.9,0,41.852074,335,184,73.4,63,0,56.21549,175,248,73.3,63,0,44.9957,245,437,72.4,63.1,0,46.409245,420,368,73.9,62.8,0,45.415596,365.19977,342,73.4,63,0,33.639706,335,109,72.1,63.8,0,32.161236,100,348,72.8,63.6,0,39.494453,335,202,71,285.1,0,32.541336,195,511,73.9,63,0,41.687195,501.6004,345,71.4,63.1,0,42.189796,335,410,73.8,62.9,0,49.00633,410.00018,378,73.9,63.2,0,56.94562,381.49988,614,73.9,62.8,0,49.622963,614.60034,161,73.8,63.5,0,42.71905,160,353,70,62.9,0,51.343464,335,320,73.8,63.7,0,48.4286,315.68225,160,72.7,63.4,0,34.69063,150,197,71.6,64.2,0,43.76463,195,387,74.6,63.3,0,40.70506,380,584,70.6,62.8,0,67.06844,575,545,74,63.5,0,53.29299,538.4864,256,72.8,63.7,0,43.088387,250,179,73.3,63.7,0,59.034664,175,207,73.9,63.6,0,32.070496,208.90596,188,71.3,63.4,0,44.410507,185,309,70.2,63.1,0,40.639366,300,306,73.5,62.9,0,35.3197,300,214,69.4,62.9,0,55.6167,210,891,68.1,62.6,0,91.031006,880,88.4,88.5,88.7,144.9,103.9,116.4,0.6,0.1,30.01
20170714,1435,78.3,91,39.59844174,47.81488333,260,48.8,43.9,5.6,79.7,75.4,-0.2,1.25,0,0,0,5,100,100,1,1,1,0,0,200,72,7.5,5.6,7.5,200,71.1,74.2,60.2,100,15,51,59.2,100,0,74.1,1.25,60.2,1.8125,65,0,0,51.5,13.6,0,0,0,73.6,73.8,62.4,73,15,49,60.6,60.1,0,73.8,1.01,60.2,1.8125,65.1,0,0,99.3,78.9,16.2,4.3,0.4,15,15,93.5,65.1,81.8,100,36.9,0,74.5,1.3,65.06896,64.56896,0,12.7,0,0,1,100,1,72,301,62.6,0,29.077318,308.00027,72,68,3388.784,69.8,61.3,44,3152.0042,274,71.7,61.1,0,49.176468,260,128,70.6,61.9,0,51.665653,125,1139,72,61.4,0,41.33448,1152.9995,691,77.8,62,0,30.691221,700,1211,74.1,61.5,0,67.8168,1200,212,70,62.1,0,36.91399,200,132,71.3,62.1,0,55.002457,125,341,70.9,62.6,0,32.52122,330,234,72.9,63.3,0,100,650,592,70.2,63.4,0,100,950,513,0,62.1,0,33.88582,500,508,71.5,62.1,0,33.784115,500,179,73.1,63.2,0,46.792038,175,255,70.4,63.6,0,42.701313,245,227,71.4,63.4,0,41.525837,220,358,73.8,63.3,0,31.207233,350,161,73.7,63.5,0,31.019762,160,344,73.3,63.4,0,29.637342,335,403,73.8,63.2,0,29.812294,408.80038,201,71,63.9,0,35.242886,195,458,73.9,63.5,0,29.709698,453.36304,254,70,63.2,0,43.654884,245,178,73.8,63.2,0,43.80368,175,253,72.7,63.3,0,46.178383,245,429,71.9,63,0,40.288567,420,164,73,63.8,0,27.319523,160,347,73.5,63.4,0,38.573704,335,307,73.5,63.8,0,31.677475,300,410,72.5,63.1,0,27.980804,400,199,70.7,63.7,0,36.822086,195,398,72.3,63,0,32.806908,380,347,70.3,63.5,0,30.39312,335,181,73.8,62.8,0,61.207314,175,251,73,63.4,0,44.88292,245,356,72.7,62.9,0,37.45696,350,288,73.9,63.1,0,47.005177,288.99988,509,74,63.1,0,50.415142,506.7,232,73.4,64.1,0,38.93664,230,291,73.5,63.2,0,35.07289,285,200,69.9,63.7,0,42.132168,195,394,74,63.4,0,41.87005,380,342,73,62.8,0,41.852074,335,184,73.3,63,0,56.21549,175,248,73.4,63.1,0,44.9957,245,434,72.5,63.1,0,46.409245,420,368,73.9,62.8,0,45.415596,365.19977,337,73.4,63.1,0,33.639706,335,108,72.1,63.8,0,32.161236,100,347,72.8,63.6,0,39.494453,335,201,71,284.7,0,32.541336,195,511,73.9,63,0,41.687195,501.6004,345,71.4,63.1,0,42.189796,335,412,73.8,62.9,0,49.00633,410.00018,378,73.9,63.2,0,56.94562,381.49988,615,73.9,62.9,0,49.622963,614.60034,161,73.8,63.5,0,42.71905,160,351,70,63,0,51.343464,335,321,73.8,63.7,0,48.4286,315.68225,162,72.7,63.4,0,34.69063,150,197,71.5,64.2,0,43.76463,195,389,74.7,63.3,0,40.70506,380,583,70.5,62.8,0,67.06844,575,543,74,63.5,0,53.29299,538.4864,256,72.8,63.7,0,43.088387,250,179,73.3,63.7,0,59.034664,175,207,73.9,63.6,0,32.070496,208.90596,188,71.3,63.4,0,44.410507,185,308,70.2,63.2,0,40.639366,300,306,73.6,62.9,0,35.3197,300,214,69.4,63,0,55.6167,210,891,68.1,62.7,0,91.02027,880,88.4,88.5,88.6,143.9,103.9,116.5,1,0,30.01
20170714,1440,78.9,89.3,39.76637496,47.81488333,257,49,44,5.65,79.8,75.4,-0.1,1.2,0,0,0,5,100,100,1,1,1,0,0,200,72,7.5,5.65,7.5,200,71,74.4,60.3,100,15,51,59.2,100,0,74.3,1.2,60.2,1.8125,65,0,0,51.1,13.5,0,0,0,73.6,73.8,62.3,72.8,15,48.9,60.6,60.5,0,73.7,1.02,60.2,1.8125,65.1,0,0,99,77.8,16.4,4.3,1,15,15,92.2,65.1,81.8,100,38.3,0,74.5,1.3,65.06896,64.56896,0,12.7,0,0,1,100,1,72,425,62.4,0,30.204634,416.00082,72,68,3024.2644,69.8,61.2,46.2,3152.0042,271,71.7,61,0,49.176468,260,127,70.5,61.7,0,51.665653,125,1226,72.1,61.3,0,42.258514,1203.9998,697,77.8,62,0,30.691221,700,1204,74,61.3,0,67.85364,1200,211,70,61.9,0,36.91399,200,130,71.3,62,0,55.002457,125,339,71,62.5,0,32.52122,330,232,72.9,63.1,0,100,650,587,70.2,63.3,0,100,950,512,0,61.9,0,33.88582,500,507,71.6,61.9,0,33.784115,500,180,73.1,63.3,0,46.792038,175,256,70.4,63.6,0,42.701313,245,227,71.4,63.4,0,41.525837,220,359,73.8,63.3,0,31.207233,350,162,73.7,63.5,0,31.019762,160,344,73.2,63.4,0,29.637342,335,370,73.7,63.3,0,28.119247,371.89963,202,71,64,0,35.242886,195,457,73.9,63.5,0,29.709698,453.36304,259,69.9,63.2,0,43.21306,245,179,73.8,63.3,0,43.80368,175,254,72.7,63.4,0,46.178383,245,432,72,63.1,0,40.288567,420,165,73.2,63.7,0,27.319523,160,346,73.5,63.4,0,38.573704,335,307,73.5,63.8,0,31.677475,300,411,72.5,63.2,0,27.980804,400,201,70.7,63.7,0,36.822086,195,411,72.3,63.1,0,32.806908,380,356,70.3,63.5,0,30.39312,335,181,73.8,62.9,0,61.207314,175,251,73,63.4,0,44.88292,245,357,72.7,63,0,37.45696,350,288,73.9,63.2,0,47.054474,288.99988,537,74,63.1,0,52.185596,536.9999,233,73.4,64.1,0,38.93664,230,293,73.5,63.2,0,35.07289,285,201,69.8,63.7,0,42.132168,195,392,74.1,63.4,0,41.87005,380,342,73,62.9,0,41.852074,335,185,73.3,63.1,0,56.21549,175,248,73.4,63.1,0,44.9957,245,440,72.5,63.2,0,46.409245,420,369,73.9,62.9,0,45.415596,365.19977,340,73.4,63.1,0,33.639706,335,107,72.1,63.8,0,32.161236,100,348,72.8,63.6,0,39.494453,335,202,70.9,284.8,0,32.541336,195,511,73.9,63.1,0,41.687195,501.6004,346,71.3,63.2,0,42.189796,335,410,73.8,62.9,0,49.00633,410.00018,378,73.9,63.2,0,56.94562,381.49988,615,73.9,62.9,0,49.622963,614.60034,162,73.8,63.5,0,42.71905,160,360,70,63,0,51.343464,335,321,73.8,63.7,0,48.4286,315.68225,168,72.7,63.4,0,34.69063,150,198,71.4,64.2,0,43.76463,195,390,74.7,63.3,0,40.70506,380,590,70.5,62.8,0,67.06844,575,546,74,63.5,0,53.29299,538.4864,257,72.7,63.8,0,43.088387,250,179,73.3,63.8,0,59.034664,175,208,73.9,63.6,0,32.070496,208.90596,188,71.3,63.5,0,44.410507,185,309,70.2,63.2,0,40.639366,300,306,73.7,62.9,0,35.3197,300,215,69.4,63,0,55.6167,210,893,68,62.7,0,90.859344,880,88.4,88.5,88.5,145.9,103.9,116.4,1.2,0,30.01
20170714,1445,78.5,90.5,39.67119524,47.81488333,257,49.1,44.2,5.6,80,75.7,-0.2,1.15,0,0,0,5,100,100,1,1,1,0,0,200,72,7.5,5.6,7.5,200,71,74.2,60.3,100,15,51.2,59.2,100,0,74.2,1.2,60.2,1.8125,64.9,0,0,51.6,13.7,0,0,0,73.6,73.7,62.3,72.9,15,48.8,60.6,61.2,0,73.6,0.99,60.2,1.8125,65.1,0,0,99.2,76.6,16.4,4.7,1.1,15,15,92.7,65.1,81.8,100,37.9,0,74.5,1.3,65.06896,64.56896,0,12.8,0,0,1,100,1,72,639,62.2,0,34.934444,632.00085,72,68,3388.784,69.8,61.3,43.3,3152.0042,268,71.7,61.1,0,49.176468,260,126,70.5,61.8,0,51.665653,125,1292,72.1,61.4,0,45.782745,1305.9998,708,77.8,62,0,30.691221,700,1193,73.9,61.4,0,67.85364,1200,207,70,62,0,36.91399,200,128,71.3,62,0,55.002457,125,336,70.9,62.6,0,32.52122,330,228,72.9,63.2,0,100,650,581,70.2,63.3,0,100,950,510,0,62,0,33.88582,500,505,71.5,61.9,0,33.784115,500,180,73.2,63.3,0,46.792038,175,256,70.4,63.6,0,42.701313,245,228,71.4,63.4,0,41.525837,220,359,73.8,63.3,0,31.207233,350,162,73.7,63.5,0,31.019762,160,346,73.2,63.4,0,29.637342,335,341,73.7,63.3,0,28.229666,335,202,71,64,0,35.242886,195,458,74,63.5,0,29.709698,453.36304,256,69.9,63.2,0,43.21306,245,179,73.8,63.3,0,43.80368,175,255,72.7,63.4,0,46.178383,245,432,71.9,63.1,0,40.288567,420,165,73.2,63.7,0,27.319523,160,346,73.5,63.4,0,38.573704,335,307,73.5,63.8,0,31.677475,300,410,72.5,63.2,0,27.980804,400,200,70.6,63.7,0,36.822086,195,421,72.4,63.1,0,32.806908,380,356,70.3,63.5,0,30.39312,335,177,73.8,62.9,0,61.64021,175,247,73,63.4,0,45.750626,245,353,72.7,63,0,38.35465,350,283,73.9,63.2,0,48.05275,288.99988,566,74,63.1,0,54.261295,567.2998,232,73.4,64.1,0,40.888996,230,284,73.5,63.2,0,35.967167,285,193,69.8,63.7,0,43.543873,195,469,74,63.3,0,45.229794,463.1998,363,73,62.9,0,41.082382,335,186,73.4,63.1,0,56.21549,175,249,73.3,63.1,0,44.9957,245,437,72.5,63.2,0,46.409245,420,370,73.9,62.9,0,45.415596,365.19977,340,73.4,63.1,0,33.639706,335,106,72.1,63.8,0,32.161236,100,347,72.9,63.6,0,39.494453,335,202,71,284.8,0,32.541336,195,514,73.9,63.1,0,41.687195,501.6004,346,71.3,63.2,0,42.189796,335,413,73.8,62.9,0,49.00633,410.00018,378,73.9,63.2,0,56.94562,381.49988,616,73.9,62.9,0,49.622963,614.60034,162,73.7,63.5,0,42.71905,160,357,70,63,0,51.343464,335,323,73.8,63.7,0,48.4286,315.68225,164,72.7,63.4,0,34.69063,150,198,71.3,64.2,0,43.76463,195,389,74.7,63.3,0,40.70506,380,583,70.5,62.8,0,67.06844,575,544,74,63.5,0,53.29299,538.4864,257,72.7,63.8,0,43.088387,250,180,73.3,63.8,0,59.034664,175,207,73.9,63.6,0,32.070496,208.90596,187,71.3,63.5,0,44.410507,185,309,70.2,63.2,0,40.639366,300,308,73.7,62.9,0,35.3197,300,214,69.4,63,0,55.6167,210,892,68.1,62.7,0,90.98809,880,88.4,88.5,88.5,143.9,103.9,116.3,0,0.6,30.01
20170714,1450,78.1,91.8,39.59517167,47.81488333,256,49.1,44.1,5.6,79.8,75.5,-0.2,1.15,0,0,0,5,100,100,1,1,1,0,0,200,72,7.5,5.6,7.5,200,71,74.3,60.3,100,15,51.3,59.2,100,0,74.2,1.15,60.2,1.8125,64.9,0,0,51,13.7,0,0,0,73.6,73.7,62.3,73.2,15,48.6,60.6,59.8,0,73.6,1,60.2,1.8125,65.1,0,0,99.3,80.1,16.1,4.2,1.7,15,15,92.8,65.1,81.8,100,37.9,0,74.5,1.3,65.06896,64.56896,0,12.8,0,0,1,100,1,72,738,62,0,40.03186,740.00085,72,68,3388.784,69.8,61.3,42.6,3152.0042,266,71.6,61,0,49.176468,260,127,70.5,61.8,0,53.17877,125,1308,71.9,61.3,0,45.84721,1305.9998,711,77.8,62,0,29.945215,700,1188,73.9,61.4,0,67.92731,1200,207,70,62,0,36.91399,200,128,71.3,62,0,55.002457,125,333,70.9,62.6,0,32.52122,330,226,72.9,63.2,0,100,650,577,70.2,63.3,0,100,950,508,0,62,0,33.88582,500,504,71.6,61.9,0,33.784115,500,179,73.2,63.3,0,46.792038,175,253,70.4,63.7,0,42.701313,245,227,71.4,63.4,0,41.525837,220,357,73.8,63.3,0,31.207233,350,161,73.7,63.6,0,31.019762,160,343,73.2,63.4,0,29.637342,335,337,73.8,63.3,0,28.229666,335,201,70.9,64,0,35.242886,195,457,74,63.6,0,29.709698,453.36304,256,69.9,63.3,0,43.21306,245,178,73.8,63.3,0,43.80368,175,253,72.7,63.4,0,46.178383,245,430,71.9,63.1,0,40.288567,420,164,73.3,63.7,0,27.319523,160,344,73.4,63.5,0,38.573704,335,307,73.5,63.8,0,31.677475,300,411,72.5,63.2,0,27.980804,400,199,70.6,63.8,0,36.822086,195,421,72.4,63.1,0,32.806908,380,360,70.3,63.6,0,30.39312,335,179,73.8,62.9,0,61.64021,175,249,73,63.4,0,45.750626,245,358,72.6,63,0,38.35465,350,291,73.9,63.2,0,48.126694,288.99988,567,74,63.1,0,54.261295,567.2998,233,73.4,64.1,0,40.888996,230,288,73.5,63.2,0,36.408184,285,201,69.9,63.7,0,43.981987,195,463,74,63.3,0,46.63497,463.1998,336,72.9,62.9,0,42.152737,335,183,73.4,63.1,0,56.21549,175,248,73.4,63.1,0,44.9957,245,436,72.4,63.2,0,46.409245,420,367,73.9,62.9,0,45.415596,365.19977,338,73.4,63.1,0,33.639706,335,107,72.1,63.8,0,32.161236,100,345,72.9,63.6,0,39.494453,335,201,71,284.8,0,32.541336,195,509,73.8,63.1,0,41.687195,501.6004,344,71.4,63.2,0,42.189796,335,409,73.9,63,0,49.00633,410.00018,378,73.9,63.3,0,56.94562,381.49988,614,73.9,62.9,0,49.622963,614.60034,162,73.7,63.6,0,42.71905,160,350,70,63,0,51.343464,335,320,73.8,63.7,0,48.4286,315.68225,163,72.7,63.5,0,34.69063,150,197,71.3,64.2,0,43.76463,195,386,74.7,63.4,0,40.70506,380,583,70.5,62.9,0,67.06844,575,542,74,63.5,0,53.29299,538.4864,256,72.7,63.8,0,43.088387,250,179,73.3,63.8,0,59.034664,175,207,73.9,63.7,0,32.070496,208.90596,188,71.3,63.5,0,44.410507,185,310,70.2,63.2,0,40.639366,300,305,73.7,63,0,35.3197,300,214,69.4,63,0,55.6167,210,891,68.1,62.8,0,91.04173,880,88.4,88.5,88.5,142.9,103.8,116.2,1.2,-0.1,30.01
20170714,1455,77.3,93.6,39.24661599,47.81488333,257,49.1,44.1,5.6,79.8,75.4,-0.1,1.2,0,0,0,5,100,100,1,1,1,0,0,200,72,7.5,5.6,7.5,200,71.1,74,60.3,100,15,51.5,59.2,100,0,74.1,1.2,60.2,1.8125,65,0,0,51.6,13.6,0,0,0,73.6,73.7,62.3,73.3,15,48.5,60.6,60,0,73.6,1,60.2,1.8125,65.1,0,0,98.8,79,16.1,4.3,1.4,15,15,92.8,65.1,81.8,100,37.8,0,74.5,1.3,65.06896,64.56896,0,12.7,0,0,1,100,1,72,745,62,0,40.03186,740.00085,72,68,2611.5657,69.7,61.3,38.2,2607.9958,267,71.6,61.1,0,49.176468,260,128,70.6,61.7,0,53.17877,125,1328,71.8,61.4,0,46.234016,1305.9998,706,77.7,62,0,30.528032,700,1200,74,61.4,0,67.91503,1200,209,70,62,0,36.91399,200,129,71.2,62,0,55.002457,125,336,70.8,62.6,0,32.52122,330,228,72.9,63.2,0,100,650,583,70.1,63.4,0,100,950,510,0,62,0,33.88582,500,506,71.6,61.9,0,33.784115,500,176,73.2,63.3,0,46.546215,175,253,70.4,63.7,0,42.701313,245,227,71.3,63.4,0,41.525837,220,356,73.7,63.3,0,31.207233,350,161,73.7,63.6,0,31.019762,160,344,73.2,63.4,0,29.637342,335,338,73.8,63.3,0,28.229666,335,201,71,64,0,35.242886,195,457,74,63.6,0,29.709698,453.36304,254,69.9,63.2,0,43.21306,245,178,73.8,63.3,0,43.80368,175,253,72.7,63.4,0,46.178383,245,429,71.8,63.1,0,40.288567,420,164,73.4,63.8,0,27.319523,160,342,73.4,63.5,0,38.573704,335,307,73.5,63.8,0,31.677475,300,411,72.5,63.2,0,27.980804,400,199,70.6,63.8,0,36.822086,195,407,72.3,63.1,0,32.806908,380,356,70.3,63.6,0,30.39312,335,180,73.7,62.9,0,61.64021,175,247,73,63.5,0,45.750626,245,356,72.6,63,0,38.35465,350,289,73.9,63.2,0,48.040424,288.99988,568,74,63.1,0,54.249084,567.2998,233,73.4,64.1,0,40.888996,230,291,73.5,63.2,0,36.849197,285,200,69.8,63.7,0,43.981987,195,452,74,63.3,0,46.59271,463.1998,337,72.9,62.9,0,42.188816,335,184,73.4,63.1,0,56.21549,175,246,73.3,63.1,0,44.9957,245,434,72.4,63.2,0,46.409245,420,367,73.8,62.9,0,45.415596,365.19977,338,73.3,63.1,0,33.639706,335,107,72.1,63.8,0,32.161236,100,347,72.9,63.6,0,39.494453,335,200,70.9,284.7,0,32.541336,195,499,73.8,63.1,0,41.23153,501.6004,344,71.5,63.2,0,42.189796,335,409,73.8,63,0,49.00633,410.00018,379,73.9,63.3,0,56.94562,381.49988,613,73.8,62.9,0,49.622963,614.60034,162,73.7,63.6,0,42.71905,160,352,70,63,0,51.343464,335,290,73.7,63.7,0,46.477535,288.08197,165,72.7,63.5,0,34.69063,150,197,71.2,64.3,0,43.76463,195,389,74.7,63.4,0,40.70506,380,585,70.4,62.9,0,67.06844,575,542,74,63.6,0,53.29299,538.4864,256,72.8,63.8,0,43.088387,250,178,73.3,63.8,0,59.034664,175,207,73.9,63.7,0,32.070496,208.90596,187,71.3,63.5,0,44.410507,185,308,70.2,63.3,0,40.639366,300,305,73.8,63,0,35.3197,300,213,69.4,63,0,55.018543,210,887,68.1,62.8,0,90.51604,880,88.4,88.5,88.6,143.9,103.8,116.2,-0.5,0.1,30.01
20170714,1500,76.9,95,39.18149646,47.81488333,260,48.9,44,5.6,79.7,75.4,-0.1,1.2,0,0,0,5,100,100,1,1,1,0,0,200,72,7.5,5.6,7.5,200,71,74.3,60.2,100,15,51.5,59.2,100,0,74.1,1.25,60.2,1.8125,64.9,0,0,51.1,13.6,0,0,0,73.6,73.6,62.3,72.8,15,48.4,60.6,61.5,0,73.7,1,60.2,1.8125,65.1,0,0,99,78.5,16.9,4.7,1.2,15,15,93.4,65.1,81.8,100,36.8,0,74.5,1.3,65.06896,64.56896,0,12.8,0,0,1,100,1,72,747,61.9,0,38.3654,740.00085,72,68,2123.706,69.8,61.1,35.4,2200.0042,275,71.6,60.9,0,48.780746,260,129,70.5,61.6,0,51.751064,125,1239,71.7,61.2,0,44.590096,1254.9995,689,77.8,61.9,0,31.996737,700,1211,74,61.3,0,67.374756,1200,210,70,61.9,0,36.47102,200,132,71.2,61.9,0,55.002457,125,343,70.8,62.5,0,32.52122,330,236,72.9,63.1,0,100,650,596,70,63.3,0,100,950,514,0,61.9,0,33.88582,500,509,71.6,61.8,0,33.784115,500,175,73.2,63.3,0,47.160767,175,253,70.4,63.7,0,42.701313,245,226,71.3,63.5,0,41.525837,220,356,73.7,63.3,0,31.207233,350,162,73.7,63.6,0,31.019762,160,342,73.2,63.5,0,29.637342,335,338,73.8,63.3,0,28.229666,335,201,70.9,64,0,35.242886,195,457,73.9,63.6,0,29.709698,453.36304,254,69.9,63.3,0,43.21306,245,178,73.8,63.3,0,43.80368,175,253,72.6,63.4,0,46.178383,245,430,71.8,63.1,0,40.288567,420,163,73.5,63.8,0,27.319523,160,342,73.3,63.5,0,38.573704,335,307,73.5,63.8,0,31.677475,300,409,72.5,63.2,0,27.980804,400,200,70.6,63.8,0,36.822086,195,393,72.3,63.1,0,32.806908,380,345,70.3,63.6,0,30.39312,335,179,73.7,62.9,0,61.64021,175,246,73,63.5,0,45.750626,245,356,72.6,63,0,38.35465,350,290,73.9,63.2,0,48.0281,288.99988,565,73.9,63.1,0,54.249084,567.2998,233,73.4,64.2,0,40.888996,230,290,73.5,63.2,0,36.849197,285,200,69.8,63.8,0,43.981987,195,450,73.9,63.3,0,46.59271,463.1998,337,72.9,63,0,42.188816,335,184,73.4,63.1,0,56.21549,175,246,73.4,63.1,0,44.9957,245,436,72.4,63.2,0,46.409245,420,367,73.9,62.9,0,45.415596,365.19977,338,73.3,63.1,0,33.639706,335,107,72.1,63.8,0,32.161236,100,347,72.9,63.6,0,39.494453,335,201,70.9,284.8,0,32.541336,195,494,73.7,63.1,0,41.23153,501.6004,344,71.6,63.2,0,42.189796,335,409,73.9,63,0,49.00633,410.00018,379,73.8,63.2,0,56.94562,381.49988,592,73.7,62.9,0,48.443203,585.1997,161,73.7,63.6,0,42.71905,160,355,69.9,63,0,51.343464,335,290,73.8,63.7,0,46.477535,288.08197,165,72.7,63.5,0,34.69063,150,197,71.2,64.2,0,43.76463,195,382,74.7,63.4,0,40.70506,380,582,70.4,62.9,0,67.06844,575,540,74,63.6,0,53.29299,538.4864,255,72.8,63.8,0,43.088387,250,178,73.3,63.8,0,59.034664,175,206,73.9,63.7,0,32.070496,208.90596,188,71.3,63.5,0,44.410507,185,313,70.2,63.3,0,40.639366,300,305,73.6,63,0,35.3197,300,213,69.4,63,0,55.018543,210,885,68.1,62.8,0,90.50531,880,88.4,88.5,88.4,143.9,103.8,116.2,2.1,-0.7,30.01
20170714,1505,76.9,94.5,39.06911389,45.42057833,255,48.9,44,5.6,79.7,75.3,-0.1,1.2,0,0,0,5,100,100,1,1,1,0,0,200,72,7.5,5.6,7.5,200,71,74.2,60.1,100,15,51.2,59.2,100,0,74.1,1.25,60.2,1.8125,65,0,0,51,13.6,0,0,0,73.6,73.7,62.3,72.6,15,48.2,60.6,60.3,0,73.6,1.01,60.2,1.8125,65.1,0,0,99.2,79,16.3,4.2,1.8,15,15,92.7,65.1,81.8,100,38,0,74.5,1.3,65.06896,64.56896,0,12.8,0,0,1,100,1,72,747,61.7,0,38.12033,740.00085,72,68,2123.706,69.8,61.1,36.4,2200,275,71.5,60.8,0,47.860962,260,130,70.6,61.6,0,51.751064,125,1148,71.7,61.1,0,42.365963,1152.9995,690,77.7,61.7,0,31.98508,700,1214,74.5,61.2,0,67.264244,1200,211,70,61.8,0,36.47102,200,133,71.1,61.8,0,53.945427,125,342,70.8,62.3,0,31.970015,330,238,72.9,62.9,0,100,650,598,70,63.1,0,100,950,514,0,61.7,0,33.88582,500,509,71.5,61.7,0,33.784115,500,177,73.2,63.3,0,47.160767,175,254,70.3,63.7,0,42.701313,245,227,71.3,63.4,0,41.525837,220,358,73.6,63.3,0,31.207233,350,162,73.7,63.6,0,31.019762,160,344,73.1,63.4,0,29.637342,335,339,73.8,63.3,0,28.229666,335,202,70.9,64,0,35.242886,195,457,73.8,63.5,0,29.709698,453.36304,256,69.9,63.2,0,43.21306,245,178,73.8,63.3,0,43.80368,175,253,72.6,63.4,0,46.178383,245,428,71.8,63.1,0,40.288567,420,164,73.5,63.8,0,27.319523,160,345,73.3,63.5,0,38.573704,335,307,73.4,63.8,0,31.677475,300,412,72.5,63.2,0,27.980804,400,200,70.6,63.8,0,36.822086,195,400,72.3,63.1,0,32.806908,380,354,70.3,63.6,0,30.39312,335,179,73.7,62.9,0,61.64021,175,251,73,63.5,0,46.19042,245,357,72.6,63,0,38.35465,350,292,73.9,63.2,0,48.0774,288.99988,569,73.9,63.1,0,54.249084,567.2998,233,73.3,64.1,0,40.888996,230,291,73.5,63.2,0,36.849197,285,201,69.8,63.7,0,43.981987,195,452,73.9,63.3,0,45.99049,463.1998,339,72.8,62.9,0,41.671677,335,183,73.4,63.1,0,56.21549,175,249,73.5,63.1,0,44.9957,245,437,72.4,63.2,0,46.409245,420,368,73.9,62.9,0,45.415596,365.19977,340,73.2,63.1,0,33.639706,335,107,72,63.8,0,32.161236,100,346,72.9,63.6,0,39.494453,335,201,70.9,284.7,0,32.541336,195,462,73.8,63.1,0,40.036945,463.19962,345,71.7,63.2,0,42.189796,335,417,73.9,63,0,49.00633,410.00018,380,73.8,63.2,0,56.94562,381.49988,528,73.7,62.9,0,44.81878,526.3997,162,73.7,63.6,0,42.71905,160,361,69.9,63,0,51.343464,335,289,73.8,63.7,0,46.477535,288.08197,171,72.7,63.5,0,34.69063,150,197,71.1,64.2,0,43.76463,195,390,74.6,63.4,0,40.70506,380,585,70.5,62.9,0,67.06844,575,545,73.9,63.5,0,53.29299,538.4864,257,72.8,63.8,0,43.088387,250,180,73.3,63.8,0,59.034664,175,208,74,63.7,0,32.070496,208.90596,188,71.3,63.5,0,44.410507,185,312,70.1,63.2,0,40.639366,300,306,73.5,63,0,35.3197,300,213,69.3,63,0,55.018543,210,886,68,62.8,0,90.50531,880,88.4,88.5,88.5,144.9,103.8,116.3,1.2,-0.1,30.01
20170714,1510,76.8,95.2,39.13081244,45.42057833,256,49,44,5.6,79.7,75.3,-0.1,1.15,0,0,0,5,100,100,1,1,1,0,0,200,72,7.5,5.6,7.5,200,71,74.3,60.1,100,15,51.1,59.2,100,0,74.1,1.3,60.2,1.8125,64.9,0,0,51,13.4,0,0,0,73.6,73.6,62.3,72.3,15,48.1,60.6,63.6,0,73.6,1.01,60.2,1.8125,65.1,0,0,99.1,76.8,17.4,4.6,0.7,15,15,92.7,65.1,81.8,100,38.9,0,74.5,1.3,65.06896,64.56896,0,12.8,0,0,1,100,1,72,624,61.8,0,34.897686,632.00024,72,68,2123.706,69.8,61.1,36.6,2200,270,71.5,60.8,0,47.26203,260,128,70.5,61.5,0,51.14094,125,1094,71.7,61.1,0,40.012894,1101.9995,695,77.6,61.7,0,33.185684,700,1212,74.2,61.2,0,66.98183,1200,207,70.3,61.8,0,36.015747,200,131,71.1,61.8,0,53.490658,125,338,70.7,62.3,0,29.98567,330,239,72.9,63,0,100,650,603,69.9,63.1,0,100,950,515,0,61.7,0,33.88582,500,510,71.4,61.7,0,33.784115,500,176,73.2,63.3,0,47.160767,175,255,70.3,63.7,0,42.701313,245,228,71.3,63.4,0,41.525837,220,359,73.6,63.3,0,31.207233,350,162,73.7,63.6,0,31.019762,160,345,73.1,63.4,0,29.637342,335,339,73.8,63.3,0,28.229666,335,202,70.9,64,0,35.242886,195,457,73.8,63.5,0,29.709698,453.36304,256,69.9,63.2,0,43.21306,245,179,73.8,63.3,0,43.80368,175,254,72.5,63.3,0,46.178383,245,431,71.7,63.1,0,40.288567,420,164,73.5,63.8,0,27.319523,160,345,73.3,63.5,0,38.573704,335,307,73.4,63.8,0,31.677475,300,414,72.5,63.2,0,27.980804,400,200,70.6,63.8,0,36.822086,195,418,72.2,63.1,0,32.806908,380,359,70.3,63.5,0,30.39312,335,180,73.7,62.9,0,61.64021,175,251,72.9,63.4,0,46.19042,245,357,72.6,63,0,38.35465,350,293,73.9,63.2,0,47.535126,288.99988,570,73.9,63.1,0,54.249084,567.2998,238,73.3,64.1,0,41.34332,230,297,73.4,63.2,0,35.954918,285,201,69.8,63.7,0,43.981987,195,454,73.9,63.3,0,46.370842,463.1998,339,72.8,62.9,0,42.38124,335,186,73.4,63.1,0,56.21549,175,248,73.6,63.1,0,44.9957,245,436,72.4,63.2,0,46.409245,420,368,73.9,62.9,0,45.415596,365.19977,342,73.1,63.1,0,33.639706,335,108,72,63.8,0,32.161236,100,348,72.9,63.6,0,39.494453,335,201,70.9,284.7,0,32.541336,195,462,73.8,63.1,0,40.036945,463.19962,346,71.8,63.2,0,42.189796,335,412,73.8,62.9,0,49.00633,410.00018,385,73.8,63.2,0,56.94562,381.49988,497,73.7,62.9,0,43.626854,496.9997,161,73.7,63.5,0,42.71905,160,362,69.9,63,0,51.343464,335,290,73.7,63.7,0,46.477535,288.08197,170,72.7,63.4,0,34.69063,150,198,71.1,64.2,0,43.76463,195,390,74.5,63.4,0,40.70506,380,584,70.5,62.8,0,67.06844,575,544,73.9,63.5,0,53.29299,538.4864,257,72.7,63.8,0,43.088387,250,179,73.3,63.8,0,59.034664,175,207,73.9,63.6,0,32.070496,208.90596,188,71.2,63.5,0,44.410507,185,308,70.1,63.2,0,40.639366,300,307,73.5,62.9,0,35.3197,300,214,69.3,63,0,55.018543,210,887,68,62.7,0,90.50531,880,88.4,88.5,88.4,141.9,103.8,116.4,1.2,0,30.01
20170714,1515,76.5,95.7,38.96313208,45.42057833,260,48.9,44,5.65,79.6,75.3,-0.1,1.2,0,0,0,5,100,100,1,1,1,0,0,200,72,7.5,5.65,7.5,200,71,74,60.1,100,15,50.9,59.2,100,0,73.9,1.35,60.2,1.8125,65,0,0,51,13.5,0,0,0,73.6,73.6,62.3,72.2,15,47.9,60.6,57.9,0,73.5,1,60.2,1.8125,65.1,0,0,99.1,78.9,15.6,4.2,0.9,15,15,92.8,65.1,81.8,100,37.7,0,74.5,1.3,65.06896,64.56896,0,12.8,0,0,1,100,1,72,417,61.9,0,31.282932,416.00027,72,68,2123.706,69.8,61,36.8,2200,275,71.5,60.8,0,47.26203,260,128,70.5,61.5,0,50.689445,125,1024,71.8,61.1,0,38.78801,1000,692,77.5,61.7,0,33.826786,700,1211,73.8,61.1,0,66.25737,1200,209,70.4,61.7,0,36.015747,200,131,71.1,61.8,0,53.04818,125,342,70.7,62.3,0,29.98567,330,243,72.9,62.9,0,100,650,612,69.9,63.1,0,100,950,516,0,61.7,0,33.88582,500,510,71.4,61.7,0,33.784115,500,176,73.2,63.2,0,47.615536,175,254,70.3,63.6,0,42.701313,245,227,71.2,63.3,0,41.525837,220,356,73.5,63.2,0,31.207233,350,162,73.7,63.5,0,31.019762,160,343,73.1,63.4,0,29.637342,335,338,73.7,63.2,0,28.229666,335,202,70.9,63.9,0,35.242886,195,457,73.8,63.4,0,29.709698,453.36304,255,69.9,63.1,0,43.21306,245,178,73.8,63.2,0,43.80368,175,253,72.5,63.3,0,46.178383,245,427,71.7,63,0,40.288567,420,164,73.6,63.7,0,27.319523,160,343,73.3,63.4,0,38.573704,335,307,73.4,63.8,0,31.677475,300,411,72.5,63.1,0,27.980804,400,199,70.6,63.8,0,36.822086,195,412,72.2,63,0,32.806908,380,358,70.3,63.4,0,30.39312,335,178,73.7,62.8,0,61.64021,175,251,72.9,63.3,0,46.19042,245,355,72.6,62.9,0,38.35465,350,291,73.9,63.1,0,47.991127,288.99988,567,73.8,63,0,54.249084,567.2998,236,73.3,64.1,0,41.34332,230,294,73.5,63.1,0,35.954918,285,198,69.8,63.6,0,43.981987,195,449,73.9,63.2,0,46.370842,463.1998,341,72.9,62.8,0,42.38124,335,183,73.4,63,0,56.21549,175,247,73.6,63,0,44.9957,245,434,72.3,63,0,46.409245,420,367,73.9,62.8,0,45.415596,365.19977,340,73.1,63,0,33.639706,335,106,72,63.7,0,32.161236,100,346,72.9,63.5,0,39.494453,335,201,70.9,284.7,0,32.541336,195,463,73.8,63,0,40.036945,463.19962,344,71.8,63.1,0,42.189796,335,412,73.8,62.8,0,49.00633,410.00018,353,73.7,63.1,0,54.725998,354.1997,446,73.7,62.8,0,41.911945,438.1997,162,73.7,63.5,0,42.71905,160,360,69.8,62.9,0,51.343464,335,259,73.8,63.7,0,44.7374,260.482,168,72.7,63.4,0,34.69063,150,198,71,64.1,0,43.76463,195,388,74.5,63.3,0,40.70506,380,589,70.6,62.7,0,67.06844,575,540,73.8,63.4,0,53.29299,538.4864,256,72.7,63.7,0,43.088387,250,178,73.3,63.7,0,59.034664,175,207,73.9,63.6,0,32.070496,208.90596,188,71.3,63.5,0,44.410507,185,309,70.1,63.1,0,40.639366,300,306,73.6,62.8,0,35.3197,300,213,69.3,62.9,0,55.018543,210,886,68,62.6,0,91.1061,880,88.3,88.4,88.6,142.9,103.7,116.1,1.2,0.1,30
20170714,1520,76.1,98.9,39.2842026,45.42057833,256,48.9,44,5.65,79.8,75.5,-0.2,1.2,0,0,0,5,100,100,1,1,1,0,0,200,72,7.5,5.65,7.5,200,70.9,74,60.3,100,15,50.9,59.2,100,0,73.9,1.35,60.2,1.8125,64.9,0,0,51.4,13.6,0,0,0,73.5,73.6,62.3,71.6,15,47.7,60.6,56.9,0,73.5,1,60.2,1.8125,65.1,0,0,99.3,78.7,15.4,4.3,0.7,15,15,93.1,65.1,81.8,100,37.1,0,74.5,1.3,65.06896,64.56896,0,12.7,0,0,1,100,1,72,314,62.2,0,27.018747,308.00027,72,68,2123.706,69.8,61.1,37.9,2200,275,71.5,60.9,0,47.26203,260,128,70.5,61.6,0,50.689445,125,1011,71.9,61.2,0,38.60535,1000,691,77.4,61.8,0,33.815132,700,1212,73.8,61.3,0,66.245094,1200,208,70.4,61.8,0,36.015747,200,130,71.1,61.9,0,53.04818,125,342,70.6,62.4,0,29.98567,330,244,72.8,62.9,0,100,650,611,69.7,63.1,0,100,950,516,0,61.8,0,33.88582,500,510,71.4,61.8,0,33.784115,500,176,73.1,63.2,0,47.615536,175,253,70.2,63.6,0,42.701313,245,225,71.2,63.3,0,41.525837,220,355,73.5,63.2,0,31.207233,350,161,73.7,63.5,0,31.019762,160,340,73,63.3,0,29.637342,335,336,73.7,63.2,0,28.229666,335,201,70.9,63.9,0,35.242886,195,457,73.8,63.4,0,29.709698,453.36304,254,69.9,63.1,0,43.21306,245,176,73.8,63.2,0,43.80368,175,250,72.5,63.3,0,46.178383,245,426,71.7,63,0,40.288567,420,163,73.6,63.7,0,27.319523,160,341,73.2,63.4,0,38.573704,335,307,73.3,63.8,0,31.677475,300,411,72.5,63.1,0,27.980804,400,199,70.6,63.7,0,36.822086,195,393,72.2,63,0,32.806908,380,350,70.3,63.5,0,30.39312,335,177,73.7,62.8,0,61.64021,175,252,72.9,63.3,0,46.19042,245,356,72.5,62.9,0,38.35465,350,290,73.9,63.1,0,48.102043,288.99988,533,73.7,63,0,51.48962,536.9997,236,73.3,64,0,41.34332,230,295,73.5,63.1,0,35.954918,285,198,69.8,63.6,0,43.981987,195,455,73.9,63.2,0,46.370842,463.1998,341,72.9,62.8,0,42.38124,335,182,73.4,63,0,56.21549,175,246,73.7,63,0,44.9957,245,435,72.3,63.1,0,46.409245,420,364,73.9,62.8,0,45.415596,365.19977,336,73,63,0,33.639706,335,104,72.1,63.7,0,32.161236,100,345,72.9,63.5,0,39.494453,335,199,70.9,284.8,0,32.541336,195,458,73.8,63.1,0,40.036945,463.19962,344,71.8,63.1,0,42.189796,335,415,73.8,62.9,0,49.00633,410.00018,303,73.7,63.2,0,50.977062,299.59973,377,73.7,62.9,0,39.138897,379.3997,161,73.7,63.5,0,42.71905,160,362,69.8,62.9,0,51.343464,335,258,73.8,63.7,0,44.7374,260.482,170,72.7,63.4,0,34.69063,150,197,71,64.1,0,43.76463,195,387,74.4,63.3,0,40.70506,380,583,70.5,62.8,0,67.06844,575,539,73.8,63.4,0,53.29299,538.4864,254,72.7,63.7,0,43.088387,250,178,73.3,63.7,0,59.034664,175,206,73.9,63.6,0,32.070496,208.90596,187,71.3,63.4,0,44.410507,185,309,70.1,63.1,0,40.639366,300,303,73.5,62.8,0,35.3197,300,212,69.2,62.9,0,55.018543,210,883,68.1,62.7,0,91.031006,880,88.3,88.4,88.5,143.9,103.7,116.4,1.2,0,30
20170714,1525,75.3,99.6,38.66543487,45.42057833,257,48.6,43.7,5.6,79.8,75.5,-0.1,1.25,0,0,0,5,100,100,1,1,1,0,0,200,72,7.5,5.6,7.5,200,71,73.8,60.1,100,15,50.8,59.2,100,0,73.8,1.35,60.2,1.8125,65,0,0,51.5,13.5,0,0,0,73.5,73.5,62.7,70.9,15,47.9,60.6,60,0,73.5,1.02,60.2,1.8125,65.1,0,0,99.6,74.9,16.4,4.5,0.8,15,15,92.9,65.1,81.8,100,38.2,0,74.5,1.3,65.06896,64.56896,0,12.7,0,0,1,100,1,72,314,62.3,0,27.018747,308.00027,72,68,2123.706,69.8,61.1,37,2200,271,71.5,60.9,0,46.877007,260,128,70.5,61.5,0,50.689445,125,1046,72.1,61.1,0,39.647575,1050.9998,690,77.3,61.7,0,34.467888,700,1173,73.7,61.2,0,64.29273,1163.9996,210,70.5,61.8,0,36.015747,200,131,71,61.8,0,53.04818,125,342,70.7,62.4,0,29.98567,330,246,72.8,62.9,0,100,650,615,69.9,63.1,0,100,950,516,0,61.7,0,33.88582,500,510,71.3,61.7,0,33.784115,500,177,73.2,63.5,0,47.615536,175,253,70.2,63.9,0,42.701313,245,227,71.1,63.7,0,41.525837,220,358,73.5,63.5,0,31.207233,350,162,73.7,63.7,0,31.019762,160,343,73,63.6,0,29.637342,335,337,73.7,63.5,0,28.229666,335,202,70.9,64.2,0,35.242886,195,411,73.8,63.7,0,26.95491,414.96304,256,69.9,63.5,0,43.21306,245,178,73.8,63.6,0,43.80368,175,252,72.5,63.6,0,46.178383,245,429,71.6,63.4,0,40.288567,420,163,73.6,64,0,27.319523,160,346,73.2,63.7,0,38.573704,335,307,73.3,64,0,31.677475,300,411,72.4,63.4,0,27.980804,400,200,70.6,64,0,36.822086,195,401,72.2,63.3,0,32.806908,380,357,70.3,63.8,0,30.39312,335,181,73.7,63.2,0,61.64021,175,253,72.9,63.7,0,46.19042,245,358,72.5,63.3,0,38.35465,350,292,73.9,63.5,0,47.64604,288.99988,505,73.7,63.4,0,50.31746,506.6997,238,73.2,64.3,0,41.34332,230,295,73.5,63.3,0,35.954918,285,201,69.8,63.9,0,43.981987,195,446,73.8,63.5,0,45.84258,463.1998,340,72.9,63.2,0,42.248947,335,184,73.3,63.4,0,56.21549,175,256,73.7,63.4,0,45.609726,245,434,72.3,63.4,0,46.409245,420,368,73.9,63.2,0,45.415596,365.19977,344,73,63.3,0,33.639706,335,107,72.2,63.9,0,32.161236,100,345,72.9,63.8,0,39.494453,335,201,70.9,285,0,32.541336,195,427,73.7,63.4,0,37.3399,424.79962,346,71.9,63.4,0,42.189796,335,414,73.7,63.3,0,48.451206,410.00018,277,73.8,63.6,0,49.224724,272.2997,355,73.7,63.3,0,37.94697,350,162,73.7,63.7,0,42.71905,160,367,69.8,63.3,0,51.343464,335,259,73.8,63.9,0,44.7374,260.482,168,72.7,63.6,0,34.69063,150,199,70.9,64.4,0,43.76463,195,393,74.5,63.6,0,40.70506,380,591,70.5,63.2,0,67.06844,575,441,73.8,63.7,0,49.24861,451.48615,258,72.7,64,0,43.088387,250,179,73.2,63.9,0,59.034664,175,208,73.9,63.8,0,32.070496,208.90596,189,71.2,63.7,0,44.410507,185,311,70.1,63.5,0,40.639366,300,306,73.6,63.2,0,35.3197,300,214,69.2,63.3,0,55.018543,210,890,68,63.1,0,91.1061,880,88.3,88.4,88.5,144.9,103.7,116.3,0.3,0.1,30
20170714,1530,75,99.6,38.37961958,45.42057833,256,48.7,43.9,5.6,79.6,75.4,-0.2,1.25,0,0,0,5,100,100,1,1,1,0,0,200,72,7.5,5.6,7.5,200,71,73.9,60.2,100,15,50.8,59.2,100,0,73.9,1.3,60.2,1.8125,64.9,0,0,50.9,13.7,0,0,0,73.6,73.4,62.9,70.7,15,48,60.6,59.2,0,73.4,1,60.2,1.8125,65.1,0,0,99.2,77.2,16,4.6,1.2,15,15,92.9,65.1,81.8,100,37.8,0,74.5,1.3,65.06896,64.56896,0,12.7,0,0,1,100,1,72,521,62.2,0,34.27276,560.00024,72,68,2611.5657,69.8,61.1,33.2,2200,267,71.4,60.9,0,46.877007,260,127,70.5,61.6,0,50.689445,125,1157,72.2,61.2,0,41.903942,1152.9995,699,77.3,61.8,0,33.95501,700,1138,73.7,61.3,0,63.05255,1131.6155,207,70.5,61.8,0,36.015747,200,129,71,61.9,0,53.04818,125,332,70.6,62.4,0,29.511631,330,242,72.8,62.9,0,100,650,609,69.9,63.1,0,100,950,515,0,61.8,0,33.88582,500,510,71.2,61.8,0,33.784115,500,175,73.3,63.6,0,47.615536,175,252,70.2,64,0,42.701313,245,225,71.1,63.8,0,41.525837,220,356,73.4,63.6,0,31.207233,350,161,73.6,63.8,0,31.019762,160,341,73,63.7,0,29.637342,335,337,73.6,63.6,0,28.229666,335,200,70.9,64.3,0,35.242886,195,410,73.9,63.9,0,26.95491,414.96304,255,69.9,63.6,0,43.21306,245,177,73.8,63.7,0,43.80368,175,250,72.4,63.7,0,46.178383,245,424,71.6,63.5,0,40.288567,420,163,73.7,64.1,0,27.319523,160,340,73.2,63.8,0,38.573704,335,306,73.3,64.1,0,31.677475,300,409,72.4,63.5,0,27.980804,400,198,70.6,64,0,36.822086,195,418,72.1,63.4,0,32.806908,380,354,70.2,63.9,0,30.39312,335,181,73.7,63.3,0,61.64021,175,251,72.9,63.8,0,46.19042,245,358,72.5,63.4,0,38.35465,350,292,73.9,63.6,0,48.015778,288.99988,446,73.7,63.5,0,47.17949,446.0997,238,73.2,64.4,0,41.34332,230,294,73.4,63.5,0,35.954918,285,202,69.8,64,0,43.981987,195,451,73.8,63.6,0,46.159534,463.1998,332,72.9,63.3,0,41.683704,335,181,73.3,63.5,0,56.21549,175,254,73.7,63.5,0,45.609726,245,433,72.3,63.5,0,46.409245,420,365,73.9,63.3,0,45.415596,365.19977,339,73,63.4,0,33.639706,335,107,72.1,64,0,32.161236,100,343,73,63.9,0,39.494453,335,200,70.9,284.9,0,32.541336,195,385,73.8,63.6,0,37.24138,380,344,72,63.6,0,42.189796,335,387,73.8,63.4,0,47.152214,391.99982,276,73.8,63.7,0,49.224724,272.2997,352,73.8,63.4,0,37.94697,350,162,73.7,63.9,0,42.71905,160,357,69.8,63.3,0,51.343464,335,258,73.8,64,0,44.7374,260.482,164,72.7,63.7,0,34.69063,150,198,70.9,64.5,0,43.76463,195,389,74.4,63.7,0,40.70506,380,583,70.6,63.2,0,67.06844,575,442,73.8,63.9,0,49.823498,451.48615,256,72.7,64.1,0,43.088387,250,178,73.3,64.1,0,59.034664,175,207,73.8,64,0,32.070496,208.90596,187,71.2,63.9,0,44.410507,185,308,70.1,63.6,0,40.639366,300,304,73.5,63.3,0,35.3197,300,212,69.2,63.4,0,55.018543,210,886,68,63.2,0,91.095375,880,88.3,88.4,88.4,143.9,103.7,116.5,0.9,1.5,30
20170714,1535,74.6,99.6,38.00856686,45.42057833,258,48.6,43.9,5.6,79.4,75.2,-0.1,1.2,0,0,0,5,100,100,1,1,1,0,0,200,72,7.5,5.6,7.5,200,71,73.7,60.2,100,15,50.8,59.2,100,0,73.7,1.3,60.2,1.8125,65,0,0,51,13.8,0,0,0,73.6,73.4,62.8,70.4,15,48,60.6,58,0,73.4,1.01,60.2,1.8125,65.1,0,0,99.2,76.5,15.7,4.6,1.1,15,15,93.4,65.1,81.8,100,38.1,0,74.5,1.3,65.06896,64.56896,0,12.7,0,0,1,100,1,72,655,62,0,36.123024,668.00024,72,68,2611.5657,69.7,61.1,33.4,2200,264,71.4,60.9,0,46.877007,260,126,70.5,61.6,0,50.689445,125,1212,72.1,61.2,0,43.247017,1203.9995,704,77.2,61.7,0,33.95501,700,1129,73.8,61.2,0,63.05255,1131.6155,206,70.6,61.8,0,36.015747,200,128,71,61.9,0,53.04818,125,330,70.6,62.4,0,29.908499,330,240,72.7,62.9,0,100,650,604,70,63.1,0,100,950,514,0,61.8,0,33.88582,500,509,71.2,61.7,0,33.784115,500,177,73.3,63.7,0,48.058014,175,252,70.2,64,0,42.701313,245,226,71.1,63.7,0,41.525837,220,354,73.4,63.6,0,31.207233,350,161,73.6,63.9,0,31.019762,160,342,73,63.8,0,29.637342,335,342,73.6,63.6,0,28.389156,335,201,70.9,64.3,0,35.242886,195,410,73.9,63.9,0,27.411982,414.96304,254,69.9,63.6,0,43.21306,245,176,73.8,63.6,0,43.80368,175,250,72.4,63.7,0,46.178383,245,424,71.6,63.5,0,40.288567,420,162,73.7,64.1,0,27.319523,160,342,73.1,63.8,0,38.573704,335,306,73.3,64.1,0,31.677475,300,411,72.4,63.5,0,27.980804,400,198,70.6,64.1,0,36.822086,195,415,72.1,63.4,0,32.806908,380,354,70.3,63.9,0,30.39312,335,181,73.7,63.3,0,61.64021,175,252,72.9,63.8,0,46.19042,245,359,72.5,63.3,0,38.35465,350,294,73.9,63.5,0,47.387234,288.99988,384,73.7,63.5,0,42.905983,385.4997,238,73.2,64.4,0,41.34332,230,294,73.4,63.5,0,35.954918,285,202,69.8,64,0,43.981987,195,461,73.8,63.6,0,45.768623,463.1998,339,73.1,63.3,0,39.711365,335,181,73.3,63.4,0,56.21549,175,255,73.7,63.5,0,45.609726,245,434,72.3,63.5,0,46.409245,420,365,73.9,63.3,0,45.415596,365.19977,339,72.9,63.4,0,33.639706,335,106,72.2,64.1,0,32.161236,100,345,73,63.9,0,39.494453,335,199,70.9,284.8,0,32.541336,195,388,73.9,63.6,0,37.24138,380,344,72,63.6,0,42.189796,335,386,73.8,63.3,0,47.152214,391.99982,277,73.8,63.7,0,49.224724,272.2997,352,73.8,63.4,0,37.94697,350,161,73.8,63.9,0,42.71905,160,359,69.8,63.4,0,51.343464,335,259,73.8,64,0,44.7374,260.482,159,72.7,63.8,0,34.69063,150,198,70.9,64.5,0,43.76463,195,389,74.4,63.7,0,40.70506,380,583,70.6,63.2,0,67.06844,575,446,73.8,64,0,50.327785,451.48615,256,72.7,64.1,0,43.088387,250,178,73.3,64.1,0,59.034664,175,207,73.9,64,0,32.070496,208.90596,188,71.3,63.9,0,44.410507,185,310,70.2,63.6,0,40.639366,300,305,73.5,63.3,0,35.3197,300,211,69.2,63.4,0,55.018543,210,886,68.1,63.1,0,91.49233,880,88.3,88.4,88.3,143.9,103.7,116.1,1.2,0.3,29.99
20170714,1540,74.1,99.6,37.54776527,45.42057833,256,48.7,44,5.6,79.3,75.2,-0.2,1.25,0,0,0,5,100,100,1,1,1,0,0,200,72,7.5,5.6,7.5,200,71,73.6,60.2,100,15,50.9,59.2,100,0,73.7,1.3,60.2,1.8125,65.1,0,0,51,13.6,0,0,0,73.5,73.4,62.7,70.5,15,48.1,60.6,59.3,0,73.3,1,60.2,1.8125,65.1,0,0,99.4,76.9,16.2,4.3,1.3,15,15,92.2,65.1,81.8,100,38.4,0,74.5,1.3,65.06896,64.56896,0,12.7,0,0,1,100,1,72,783,61.9,0,39.82355,776.00024,72,68,2123.706,69.8,61.2,36.4,2200,264,71.4,61,0,46.877007,260,126,70.4,61.6,0,51.592434,125,1254,72,61.2,0,43.71978,1254.9998,704,77.2,61.8,0,33.057465,700,1101,73.8,61.3,0,62.193024,1095.6152,205,70.6,61.9,0,36.015747,200,128,70.9,61.9,0,53.04818,125,334,70.6,62.4,0,31.815676,330,239,72.7,63,0,100,650,601,69.9,63.2,0,100,950,514,0,61.8,0,33.88582,500,509,71.2,61.8,0,33.784115,500,177,73.3,63.7,0,48.058014,175,252,70.2,64,0,42.701313,245,225,71.1,63.8,0,41.525837,220,354,73.4,63.7,0,31.207233,350,161,73.6,63.9,0,31.019762,160,341,73,63.8,0,29.637342,335,341,73.6,63.6,0,28.389156,335,200,70.9,64.3,0,35.242886,195,411,73.9,64,0,27.411982,414.96304,253,69.9,63.6,0,43.21306,245,176,73.8,63.7,0,43.80368,175,250,72.4,63.7,0,46.178383,245,425,71.6,63.5,0,40.288567,420,163,73.8,64.1,0,27.319523,160,339,73.1,63.9,0,38.573704,335,306,73.3,64.2,0,31.677475,300,409,72.4,63.6,0,27.980804,400,198,70.6,64.1,0,36.822086,195,395,72.1,63.4,0,32.806908,380,346,70.3,63.9,0,30.39312,335,179,73.7,63.3,0,61.64021,175,248,72.9,63.8,0,46.19042,245,356,72.5,63.4,0,38.35465,350,288,73.9,63.6,0,47.84323,288.99988,385,73.8,63.5,0,43.809525,385.4997,237,73.2,64.4,0,41.34332,230,292,73.5,63.5,0,35.954918,285,200,69.8,64.1,0,43.981987,195,474,73.8,63.6,0,45.768623,463.1998,349,73.1,63.3,0,40.493088,335,182,73.3,63.5,0,56.21549,175,253,73.6,63.5,0,45.609726,245,432,72.3,63.6,0,46.409245,420,365,73.9,63.3,0,45.415596,365.19977,341,72.9,63.5,0,33.639706,335,106,72.1,64.1,0,32.161236,100,346,73,64,0,39.494453,335,199,70.9,284.7,0,32.541336,195,388,73.9,63.6,0,37.24138,380,344,72,63.6,0,42.189796,335,389,73.8,63.4,0,47.152214,391.99982,276,73.9,63.7,0,49.224724,272.2997,353,73.8,63.4,0,37.94697,350,162,73.8,63.9,0,42.71905,160,359,69.7,63.4,0,51.343464,335,257,73.8,64.1,0,44.7374,260.482,163,72.7,63.8,0,34.69063,150,197,70.9,64.6,0,43.76463,195,394,74.4,63.7,0,40.70506,380,584,70.6,63.2,0,67.06844,575,446,73.8,64,0,50.327785,451.48615,256,72.7,64.2,0,43.088387,250,178,73.3,64.2,0,59.034664,175,207,73.9,64,0,32.070496,208.90596,187,71.3,63.9,0,44.410507,185,309,70.2,63.6,0,40.639366,300,304,73.5,63.3,0,35.3197,300,212,69.2,63.4,0,55.018543,210,884,68,63.2,0,91.481606,880,88.3,88.4,88.3,142.9,103.6,116.1,1.2,-0.1,29.98
20170714,1545,73.8,99.6,37.26976873,45.42057833,256,48.8,44.1,5.6,79.3,75.1,-0.2,1.25,0,0,0,5,100,100,1,1,1,0,0,200,72,7.5,5.6,7.5,200,71,73.6,60.3,100,15,51,59.2,100,0,73.7,1.3,60.2,1.8125,65.2,0,0,51.3,13.6,0,0,0,73.5,73.3,62.7,70.4,15,48.2,60.6,58.2,0,73.3,1,60.2,1.8125,65.4,0,0,99.4,75.5,15.7,4.7,1,15,15,92.8,65.1,81.8,100,37.2,0,74.5,1.3,65.06896,64.56896,0,12.7,0,0,1,100,1,72,787,61.9,0,39.82355,776.00024,72,68,2123.706,69.7,61.2,36.5,2200,263,71.4,61,0,46.877007,260,126,70.5,61.6,0,51.592434,125,1252,71.8,61.3,0,43.71978,1254.9998,703,77.2,61.8,0,33.057465,700,1101,73.8,61.3,0,62.193024,1095.6152,205,70.6,61.9,0,36.015747,200,128,70.9,62,0,53.04818,125,334,70.5,62.5,0,31.815676,330,238,72.7,63,0,100,650,602,69.9,63.2,0,100,950,514,0,61.8,0,33.88582,500,509,71.1,61.8,0,33.784115,500,177,73.2,63.7,0,48.058014,175,252,70.2,64,0,42.701313,245,225,71,63.8,0,41.525837,220,356,73.3,63.6,0,31.207233,350,161,73.6,63.9,0,31.019762,160,340,73,63.8,0,29.637342,335,343,73.6,63.7,0,28.389156,335,201,70.9,64.3,0,35.242886,195,414,73.9,64,0,27.411982,414.96304,256,69.9,63.6,0,43.21306,245,177,73.8,63.7,0,43.80368,175,251,72.4,63.8,0,46.178383,245,428,71.6,63.5,0,40.288567,420,163,73.8,64.1,0,27.319523,160,342,73.1,63.9,0,38.573704,335,307,73.3,64.2,0,31.677475,300,408,72.4,63.6,0,27.980804,400,198,70.6,64.2,0,36.822086,195,394,72.1,63.4,0,32.806908,380,356,70.3,63.9,0,30.39312,335,181,73.7,63.3,0,61.64021,175,253,72.9,63.8,0,46.19042,245,362,72.5,63.4,0,38.35465,350,292,73.9,63.6,0,47.84323,288.99988,388,73.8,63.5,0,43.638584,385.4997,239,73.1,64.4,0,41.34332,230,295,73.5,63.6,0,35.954918,285,204,69.8,64.1,0,43.981987,195,453,73.8,63.6,0,45.768623,463.1998,346,73.1,63.3,0,41.539387,335,183,73.4,63.5,0,56.21549,175,255,73.5,63.5,0,45.609726,245,434,72.2,63.6,0,46.409245,420,366,73.9,63.3,0,45.415596,365.19977,340,72.9,63.4,0,33.639706,335,107,72,64.1,0,32.161236,100,346,73,64,0,39.494453,335,200,70.9,284.9,0,32.541336,195,389,73.8,63.7,0,37.24138,380,346,72.1,63.6,0,42.189796,335,389,73.8,63.4,0,47.152214,391.99982,277,73.9,63.7,0,49.224724,272.2997,353,73.9,63.4,0,37.94697,350,162,73.7,63.9,0,42.71905,160,363,69.7,63.4,0,51.343464,335,258,73.8,64.1,0,44.7374,260.482,165,72.7,63.8,0,34.69063,150,198,70.9,64.6,0,43.76463,195,392,74.4,63.8,0,40.70506,380,588,70.6,63.2,0,67.06844,575,445,73.8,64,0,50.327785,451.48615,257,72.7,64.2,0,43.088387,250,178,73.2,64.2,0,59.034664,175,207,73.8,64.1,0,32.070496,208.90596,187,71.3,63.9,0,44.410507,185,309,70.2,63.6,0,40.639366,300,305,73.5,63.3,0,35.3197,300,212,69.2,63.4,0,55.018543,210,888,68.1,63.2,0,91.481606,880,88.3,88.4,88.5,143.9,103.6,116.3,2.6,-0.3,29.98
20170714,1550,73.7,99.6,37.17753722,45.42057833,260,48.7,44,5.6,79.2,75.1,-0.1,1.2,0,0,0,5,100,100,1,1,1,0,0,200,72,7.5,5.6,7.5,200,71,73.7,60.2,100,15,51.8,58.8,100,0,73.7,1.3,59.8,1.8125,65.1,0,0,51,13.6,0,0,0,73.5,73.4,62.8,70,15,48.5,60.4,55.7,0,73.2,1.01,59.8,1.8125,65.4,0,0,99.5,74.3,15,4.4,1.4,15,15,93.6,65.1,81.8,100,37,0,74.5,1.3,64.94827,64.44827,0,12.8,0,0,1,100,1,72,786,61.8,0,39.82355,776.00024,72,68,2123.706,69.8,61.2,36.7,2200,264,71.4,60.9,0,46.877007,260,126,70.5,61.6,0,51.592434,125,1242,71.8,61.2,0,43.71978,1254.9998,703,77.2,61.8,0,33.057465,700,1101,73.9,61.3,0,62.193024,1095.6152,204,70.5,61.9,0,36.015747,200,128,70.9,61.9,0,53.04818,125,332,70.5,62.5,0,31.815676,330,239,72.7,63,0,100,650,601,69.9,63.2,0,100,950,514,0,61.8,0,33.88582,500,509,71.1,61.8,0,33.784115,500,177,73.2,63.7,0,48.058014,175,251,70.2,64.1,0,42.701313,245,225,71.1,63.8,0,41.525837,220,354,73.3,63.7,0,31.207233,350,161,73.6,63.9,0,31.019762,160,340,73,63.8,0,29.637342,335,342,73.5,63.7,0,28.389156,335,200,70.9,64.4,0,35.242886,195,410,73.9,64,0,27.411982,414.96304,254,69.9,63.7,0,43.21306,245,176,73.8,63.7,0,43.80368,175,249,72.4,63.8,0,46.178383,245,423,71.5,63.6,0,40.288567,420,163,73.8,64.2,0,27.319523,160,341,73.1,63.9,0,38.573704,335,306,73.3,64.2,0,31.677475,300,409,72.4,63.6,0,27.980804,400,197,70.7,64.2,0,36.822086,195,390,72.1,63.5,0,32.806908,380,350,70.2,64,0,30.39312,335,181,73.7,63.3,0,61.64021,175,250,72.8,63.8,0,46.19042,245,357,72.5,63.4,0,38.35465,350,290,73.8,63.6,0,47.84323,288.99988,384,73.8,63.6,0,43.809525,385.4997,238,73.1,64.5,0,41.34332,230,293,73.5,63.6,0,35.954918,285,202,69.8,64.1,0,43.981987,195,449,73.8,63.7,0,45.314316,463.1998,340,73.1,63.4,0,40.601322,335,182,73.3,63.5,0,56.21549,175,254,73.5,63.5,0,45.609726,245,432,72.2,63.6,0,46.409245,420,364,73.9,63.3,0,45.415596,365.19977,340,72.8,63.5,0,33.639706,335,108,72,64.2,0,32.161236,100,344,73,64,0,39.494453,335,199,70.9,285,0,32.541336,195,386,73.8,63.7,0,37.24138,380,342,72.1,63.6,0,42.189796,335,385,73.7,63.4,0,47.152214,391.99982,276,73.9,63.8,0,49.224724,272.2997,352,74,63.5,0,37.94697,350,161,73.7,64,0,42.71905,160,356,69.7,63.5,0,51.343464,335,258,73.8,64.1,0,44.7374,260.482,162,72.7,63.8,0,34.69063,150,197,70.9,64.6,0,43.76463,195,388,74.4,63.8,0,40.70506,380,581,70.6,63.3,0,67.06844,575,447,73.8,64.1,0,50.327785,451.48615,255,72.7,64.2,0,43.088387,250,177,73.3,64.2,0,59.034664,175,206,73.8,64.1,0,32.070496,208.90596,187,71.3,64,0,44.410507,185,308,70.2,63.7,0,40.639366,300,304,73.4,63.4,0,35.3197,300,211,69.2,63.5,0,55.018543,210,885,68.1,63.2,0,91.481606,880,88.3,88.4,88.3,144.9,103.6,116.1,1.8,-0.1,29.98
20170714,1555,73.9,99.6,37.34203174,45.42057833,260,48.8,44,5.6,79.2,75.1,-0.1,1.25,0,0,0,5,100,100,1,1,1,0,0,200,72,7.5,5.6,7.5,200,70.9,73.7,60,100,15,52.4,58.8,100,0,73.7,1.3,59.8,1.8125,65.1,0,0,50.9,13.5,0,0,0,73.5,73.3,62.9,70.3,15,48.8,60.4,58.8,0,73.2,1.02,59.8,1.8125,65.4,0,0,99.3,75.9,15.9,4.5,0.7,15,15,92.7,65.1,81.8,100,37.5,0,74.5,1.3,64.94827,64.44827,0,12.8,0,0,1,100,1,72,549,61.9,0,32.667564,560.00024,72,68,2123.706,69.7,61,37.8,2200,267,71.4,60.9,0,46.877007,260,128,70.5,61.6,0,51.592434,125,1141,71.7,61.2,0,41.807243,1152.9995,692,77.2,61.7,0,33.13906,700,1116,73.9,61.2,0,62.70874,1131.6156,208,70.4,61.8,0,36.015747,200,130,70.8,61.9,0,53.04818,125,337,70.5,62.4,0,31.815676,330,243,72.7,63,0,100,650,610,69.9,63.1,0,100,950,515,0,61.8,0,33.88582,500,510,71.1,61.8,0,33.784115,500,177,73.2,63.7,0,48.058014,175,253,70.2,64.1,0,42.701313,245,227,71,63.8,0,41.525837,220,355,73.3,63.7,0,31.207233,350,161,73.6,64,0,31.019762,160,341,72.9,63.9,0,29.637342,335,341,73.5,63.8,0,28.389156,335,201,70.9,64.4,0,35.242886,195,407,73.9,64,0,27.411982,414.96304,255,69.9,63.7,0,43.21306,245,177,73.8,63.7,0,43.80368,175,251,72.4,63.8,0,46.178383,245,427,71.5,63.6,0,40.288567,420,164,73.8,64.2,0,27.319523,160,340,73,63.9,0,38.573704,335,306,73.3,64.3,0,31.677475,300,408,72.4,63.6,0,27.980804,400,199,70.7,64.2,0,36.822086,195,393,72.1,63.5,0,32.806908,380,349,70.3,64,0,30.39312,335,183,73.7,63.4,0,60.14911,175,255,72.8,63.9,0,46.19042,245,363,72.5,63.4,0,38.35465,350,289,73.8,63.6,0,46.512203,288.99988,383,73.8,63.6,0,43.528694,385.4997,242,73.1,64.5,0,41.34332,230,300,73.5,63.6,0,35.513905,285,206,69.8,64.2,0,43.981987,195,426,73.8,63.8,0,42.641308,424.79962,342,73,63.4,0,41.840046,335,183,73.3,63.5,0,56.21549,175,255,73.5,63.6,0,45.609726,245,435,72.2,63.6,0,46.409245,420,366,73.9,63.3,0,45.415596,365.19977,340,72.8,63.5,0,33.639706,335,106,71.9,64.2,0,32.161236,100,346,73.1,64,0,39.494453,335,200,70.9,284.5,0,32.541336,195,384,73.8,63.7,0,36.785713,380,344,72.1,63.7,0,42.189796,335,352,73.8,63.5,0,44.587543,355.99982,278,73.9,63.8,0,49.224724,272.2997,354,74,63.5,0,37.94697,350,162,73.8,64,0,42.71905,160,365,69.7,63.5,0,51.343464,335,259,73.8,64.2,0,44.7374,260.482,169,72.7,63.9,0,34.69063,150,198,70.9,64.6,0,43.76463,195,389,74.3,63.8,0,40.70506,380,588,70.7,63.3,0,67.06844,575,448,73.7,64.1,0,50.327785,451.48615,257,72.7,64.3,0,43.088387,250,178,73.3,64.2,0,59.034664,175,206,73.8,64.1,0,32.070496,208.90596,188,71.3,64,0,44.410507,185,311,70.2,63.7,0,40.639366,300,306,73.3,63.4,0,35.3197,300,213,69.2,63.5,0,55.018543,210,889,68.1,63.2,0,91.481606,880,88.2,88.4,88.3,142.9,103.6,116,1.1,0,30.01
20170714,1600,74,99.6,37.43462446,45.42057833,257,48.8,44.1,5.65,79.2,75,-0.2,1.15,0,0,0,5,100,100,1,1,1,0,0,200,72,7.5,5.65,7.5,200,70.9,73.7,59.9,100,15,52.3,58.8,100,0,73.7,1.35,59.8,1.8125,65.1,0,0,51.5,13.7,0,0,0,73.5,73.3,62.8,70.1,15,48.9,60.4,57.8,0,73.3,1,59.8,1.8125,65.5,0,0,99.4,77.5,15.8,4.5,1.1,15,15,92.8,65.1,81.8,100,38.2,0,74.5,1.3,64.94827,64.44827,0,12.8,0,0,1,100,1,72,327,61.8,0,27.778458,344.00027,72,68,2123.706,69.8,60.8,36.9,2200,270,71.3,60.6,0,46.877007,260,129,70.4,61.4,0,51.592434,125,1088,71.7,61,0,39.572365,1101.9995,684,77.2,61.5,0,33.721878,700,1133,74.1,61,0,62.242146,1131.6156,212,70.4,61.6,0,36.015747,200,131,70.8,61.6,0,53.04818,125,339,70.5,62.2,0,31.815676,330,245,72.7,62.7,0,100,650,614,69.8,62.9,0,100,950,516,0,61.5,0,33.88582,500,510,71,61.5,0,33.784115,500,177,73.2,63.7,0,48.058014,175,251,70.2,64.1,0,42.701313,245,226,71.1,63.9,0,41.525837,220,354,73.3,63.7,0,31.207233,350,161,73.6,64,0,31.019762,160,341,72.9,63.9,0,29.637342,335,340,73.5,63.7,0,28.389156,335,200,71,64.4,0,35.242886,195,409,73.9,64.1,0,27.411982,414.96304,254,69.9,63.7,0,43.21306,245,176,73.8,63.8,0,43.80368,175,249,72.3,63.8,0,46.178383,245,424,71.5,63.6,0,40.288567,420,163,73.7,64.2,0,27.319523,160,342,73,63.9,0,38.573704,335,306,73.3,64.3,0,31.677475,300,407,72.4,63.6,0,27.980804,400,198,70.7,64.2,0,36.822086,195,399,72.1,63.5,0,32.806908,380,349,70.3,64,0,30.39312,335,182,73.7,63.4,0,60.14911,175,254,72.8,63.8,0,46.19042,245,363,72.4,63.4,0,38.35465,350,264,73.7,63.6,0,45.26744,263.19974,382,73.8,63.6,0,43.528694,385.4997,241,73,64.5,0,41.34332,230,294,73.5,63.6,0,35.513905,285,205,69.8,64.2,0,43.981987,195,421,73.8,63.8,0,43.38088,424.79962,341,73,63.4,0,41.39507,335,181,73.3,63.5,0,56.21549,175,254,73.5,63.6,0,45.609726,245,432,72.2,63.6,0,46.409245,420,363,73.9,63.3,0,45.415596,365.19977,338,72.8,63.5,0,33.639706,335,105,72,64.2,0,32.161236,100,346,73.1,64,0,39.494453,335,199,70.9,284.7,0,32.541336,195,383,73.8,63.8,0,36.785713,380,343,72.1,63.7,0,42.189796,335,352,73.8,63.5,0,44.587543,355.99982,276,73.9,63.8,0,49.224724,272.2997,382,74.1,63.5,0,41.206516,379.39984,162,73.8,64,0,42.71905,160,355,69.7,63.5,0,51.343464,335,257,73.8,64.2,0,44.7374,260.482,172,72.7,63.9,0,34.69063,150,197,70.8,64.6,0,43.76463,195,392,74.3,63.8,0,40.70506,380,584,70.7,63.3,0,67.06844,575,403,73.8,64.1,0,47.81644,407.98615,258,72.7,64.3,0,43.088387,250,178,73.3,64.3,0,59.034664,175,207,73.8,64.1,0,32.070496,208.90596,188,71.3,64,0,44.410507,185,306,70.2,63.7,0,40.639366,300,304,73.3,63.4,0,35.3197,300,211,69.2,63.5,0,55.018543,210,887,68.1,63.2,0,91.481606,880,88.2,88.3,88.4,142.9,103.6,116.1,1.1,0,30.01
20170714,1605,74.2,99.6,37.62046333,44.57258333,257,48.8,44.1,5.6,79.3,75.2,-0.2,1.2,0,0,0,5,100,100,1,1,1,0,0,200,72,7.5,5.6,7.5,200,70.8,73.5,59.8,100,15,52.3,58.8,100,0,73.5,1.35,59.8,1.8125,64.9,0,0,51.4,13.4,0,0,0,73.5,73.3,62.8,70.1,15,49.2,60.4,57.4,0,73.2,1.01,59.8,1.8125,65.5,0,0,99.5,77.3,15.7,4.5,0.9,15,15,92.8,65.1,81.8,100,38.3,0,74.5,1.3,64.94827,64.44827,0,12.8,0,0,1,100,1,72,207,62.1,0,23.256952,200,72,68,2611.5657,69.7,60.8,33.1,2200,271,71.5,60.5,0,46.877007,260,130,70.5,61.3,0,51.592434,125,1048,71.9,60.8,0,38.519394,1050.9995,688,77.1,61.4,0,34.351322,700,1191,74.1,60.9,0,64.62426,1200,211,70.3,61.5,0,36.015747,200,132,70.7,61.5,0,53.04818,125,341,70.5,62.1,0,31.815676,330,245,72.7,62.6,0,100,650,616,69.8,62.8,0,100,950,516,0,61.5,0,33.88582,500,510,71,61.4,0,33.784115,500,177,73.2,63.8,0,48.058014,175,252,70.2,64.1,0,42.701313,245,226,71,63.9,0,41.525837,220,355,73.2,63.7,0,31.207233,350,162,73.6,64,0,31.019762,160,340,72.9,63.9,0,29.637342,335,343,73.5,63.8,0,28.389156,335,201,71,64.4,0,35.242886,195,407,73.9,64,0,27.411982,414.96304,254,69.9,63.7,0,43.21306,245,176,73.8,63.8,0,43.80368,175,251,72.3,63.8,0,46.178383,245,426,71.5,63.6,0,40.288567,420,163,73.7,64.2,0,27.319523,160,341,73,64,0,38.573704,335,307,73.3,64.3,0,31.677475,300,410,72.5,63.6,0,27.980804,400,198,70.7,64.2,0,36.822086,195,417,72.1,63.5,0,32.806908,380,354,70.3,64,0,30.39312,335,182,73.8,63.4,0,59.716206,175,258,72.8,63.8,0,46.19042,245,368,72.4,63.4,0,38.35465,350,209,73.7,63.7,0,39.72147,211.59973,393,73.8,63.6,0,43.076923,385.4997,244,73,64.5,0,41.34332,230,298,73.5,63.6,0,35.513905,285,210,69.8,64.2,0,43.981987,195,396,73.7,63.8,0,40.739567,386.3996,345,73,63.4,0,41.39507,335,181,73.3,63.6,0,56.21549,175,255,73.4,63.6,0,45.609726,245,434,72.2,63.6,0,46.409245,420,365,73.9,63.4,0,45.415596,365.19977,340,72.8,63.5,0,33.639706,335,105,72,64.2,0,32.161236,100,345,73.1,64.1,0,39.494453,335,199,70.9,284.9,0,32.541336,195,385,73.7,63.8,0,36.785713,380,346,72.1,63.7,0,42.189796,335,335,73.8,63.5,0,43.66604,337.99982,276,73.9,63.8,0,49.224724,272.2997,440,74.1,63.5,0,43.566044,438.19986,162,73.8,64,0,42.71905,160,364,69.7,63.5,0,51.343464,335,234,73.7,64.2,0,43.134357,232.88199,164,72.7,63.9,0,34.69063,150,198,70.8,64.7,0,43.76463,195,387,74.2,63.9,0,40.70506,380,585,70.8,63.4,0,67.06844,575,405,73.8,64.2,0,47.81644,407.98615,257,72.7,64.3,0,43.088387,250,178,73.3,64.3,0,59.034664,175,208,73.8,64.1,0,32.070496,208.90596,188,71.3,64,0,44.410507,185,310,70.2,63.7,0,40.639366,300,305,73.2,63.4,0,35.3197,300,212,69.2,63.5,0,55.018543,210,889,68.1,63.3,0,91.47087,880,88.2,88.3,88.4,141.9,103.5,116.1,1.1,1.4,30.01
20170714,1610,74.2,99.6,37.62046333,44.57258333,257,48.7,44,5.6,79.1,74.9,-0.1,1.2,0,0,0,5,100,100,1,1,1,0,0,200,72,7.5,5.6,7.5,200,70.8,73.3,59.7,100,15,52.3,58.8,100,0,73.4,1.35,59.8,1.8125,64.9,0,0,50.9,13.6,0,0,0,73.5,73.3,62.8,69.8,15,49.4,60.4,56.3,0,73.2,1.01,59.8,1.8125,65.5,0,0,99.3,75.7,15.2,4.2,1.2,15,15,92.8,65.1,81.8,100,38.2,0,74.5,1.3,64.94827,64.44827,0,12.8,0,0,1,100,1,72,205,62.5,0,23.256952,200,72,68,2611.5657,69.7,60.7,32.3,2200,272,71.4,60.5,0,46.877007,260,130,70.5,61.2,0,51.14094,125,1067,72.1,60.8,0,40.679058,1101.9998,692,77,61.3,0,34.572796,700,1170,73.6,60.8,0,63.752453,1163.9996,212,70.2,61.4,0,36.015747,200,132,70.6,61.5,0,53.04818,125,341,70.5,62,0,31.815676,330,247,72.7,62.6,0,100,650,615,69.7,62.7,0,100,950,516,0,61.3,0,33.88582,500,510,70.9,61.4,0,33.784115,500,177,73.2,63.7,0,48.058014,175,252,70.2,64.1,0,42.701313,245,225,71,63.8,0,41.525837,220,354,73.2,63.7,0,31.207233,350,162,73.6,64,0,31.019762,160,342,72.9,63.9,0,29.637342,335,342,73.5,63.8,0,28.389156,335,201,70.9,64.4,0,35.242886,195,410,73.9,64.1,0,27.411982,414.96304,254,69.9,63.7,0,43.21306,245,176,73.8,63.7,0,43.80368,175,250,72.3,63.8,0,46.178383,245,426,71.5,63.6,0,40.288567,420,163,73.7,64.2,0,27.319523,160,342,73,63.9,0,38.573704,335,307,73.3,64.3,0,31.677475,300,409,72.5,63.6,0,27.980804,400,198,70.7,64.2,0,36.822086,195,400,72,63.5,0,32.806908,380,356,70.3,64,0,30.39312,335,179,73.7,63.4,0,59.114956,175,259,72.8,63.8,0,45.322716,245,364,72.4,63.4,0,36.38711,350,161,73.7,63.7,0,33.64555,160,390,73.8,63.7,0,42.026863,385.4997,246,73,64.5,0,40.888996,230,293,73.5,63.6,0,34.974888,285,212,69.8,64.1,0,43.981987,195,380,73.8,63.8,0,40.528263,380,343,73,63.4,0,38.941673,335,182,73.3,63.5,0,56.21549,175,254,73.5,63.6,0,45.609726,245,434,72.2,63.6,0,46.409245,420,365,73.9,63.3,0,45.415596,365.19977,341,72.7,63.5,0,33.639706,335,106,71.9,64.2,0,32.161236,100,344,73.1,64,0,39.494453,335,199,70.9,284.7,0,32.541336,195,387,73.7,63.8,0,36.785713,380,344,72.1,63.7,0,42.189796,335,337,73.8,63.5,0,43.66604,337.99982,277,73.9,63.8,0,49.224724,272.2997,469,74.1,63.4,0,44.745804,467.59985,161,73.8,64,0,42.71905,160,354,69.7,63.5,0,51.343464,335,233,73.8,64.2,0,43.134357,230,159,72.7,63.9,0,34.69063,150,197,70.8,64.6,0,43.76463,195,392,74.1,63.8,0,40.70506,380,586,70.8,63.3,0,67.06844,575,404,73.8,64.1,0,47.81644,407.98615,257,72.7,64.3,0,43.088387,250,178,73.3,64.3,0,59.034664,175,189,73.8,64.1,0,30.02038,190,189,71.3,64,0,44.410507,185,308,70.2,63.7,0,40.639366,300,304,73.3,63.4,0,35.3197,300,212,69.2,63.5,0,55.018543,210,888,68.1,63.2,0,91.53524,880,88.2,88.3,88.5,143.9,103.5,116,1.2,-0.1,30.01
20170714,1615,73.9,99.6,37.34203174,44.57258333,258,48.7,43.9,5.6,79,74.8,-0.1,1.25,0,0,0,5,100,100,1,1,1,0,0,200,72,7.5,5.6,7.5,200,70.7,73.4,59.7,100,15,52.1,58.8,100,0,73.5,1.35,59.8,1.8125,64.8,0,0,51.1,13.6,0,0,0,73.5,73.2,62.8,69.8,15,49.5,60.4,59,0,73.2,1,59.8,1.8125,65.7,0,0,99.4,75.1,16.5,4.6,1.1,15,15,93.6,65.1,81.8,100,36.9,0,74.5,1.3,64.94827,64.44827,0,12.8,0,0,1,100,1,72,220,62.5,0,27.680433,308.00027,72,68,2123.706,69.7,60.7,36.3,2200,270,71.3,60.4,0,46.877007,260,129,70.5,61.1,0,50.689445,125,1217,72.2,60.7,0,42.731277,1203.9995,693,76.9,61.3,0,34.54948,700,1068,73.3,60.8,0,59.405697,1059.616,212,70.2,61.4,0,36.015747,200,129,70.5,61.4,0,52.507378,125,341,70.4,61.9,0,31.815676,330,247,72.7,62.5,0,100,650,618,69.6,62.7,0,100,950,516,0,61.3,0,33.88582,500,511,70.9,61.3,0,33.784115,500,177,73.2,63.7,0,48.058014,175,252,70.2,64,0,42.701313,245,225,71,63.8,0,41.525837,220,354,73.2,63.7,0,31.207233,350,161,73.6,64,0,31.019762,160,340,72.9,63.8,0,29.637342,335,342,73.5,63.7,0,28.389156,335,200,70.9,64.4,0,35.242886,195,407,73.9,64,0,27.411982,414.96304,254,69.9,63.6,0,43.21306,245,176,73.7,63.7,0,43.80368,175,250,72.3,63.8,0,46.178383,245,423,71.4,63.5,0,40.288567,420,162,73.7,64.1,0,27.319523,160,339,73,63.9,0,38.573704,335,306,73.3,64.2,0,31.677475,300,408,72.5,63.6,0,27.980804,400,197,70.7,64.2,0,36.822086,195,410,72,63.5,0,32.806908,380,356,70.3,63.9,0,30.39312,335,179,73.7,63.3,0,59.114956,175,253,72.8,63.7,0,44.88292,245,363,72.4,63.3,0,36.38711,350,160,73.7,63.7,0,34.54523,160,386,73.8,63.6,0,42.026863,385.4997,245,73,64.5,0,40.888996,230,293,73.5,63.6,0,34.974888,285,211,69.8,64.1,0,43.981987,195,385,73.8,63.8,0,40.982567,380,339,73,63.3,0,40.865906,335,182,73.4,63.5,0,56.21549,175,252,73.4,63.5,0,45.609726,245,430,72.2,63.5,0,46.409245,420,365,73.9,63.3,0,45.415596,365.19977,340,72.7,63.5,0,33.639706,335,108,71.9,64.2,0,32.161236,100,344,73.1,64,0,39.494453,335,198,70.9,284.9,0,32.541336,195,386,73.7,63.7,0,37.24138,380,343,72.1,63.6,0,42.189796,335,331,73.7,63.4,0,43.66604,337.99982,275,73.9,63.7,0,49.224724,272.2997,528,74.1,63.3,0,46.947212,526.39984,161,73.8,63.9,0,42.71905,160,347,69.6,63.4,0,51.343464,335,232,73.8,64.1,0,43.134357,230,163,72.7,63.9,0,34.69063,150,197,70.8,64.6,0,43.76463,195,387,74.1,63.8,0,40.70506,380,580,70.8,63.2,0,67.06844,575,401,73.8,64.1,0,47.81644,407.98615,257,72.7,64.3,0,43.088387,250,177,73.3,64.3,0,59.034664,175,191,73.8,64.2,0,30.547895,190,188,71.3,63.9,0,44.410507,185,307,70.2,63.6,0,40.639366,300,304,73.3,63.4,0,35.3197,300,211,69.2,63.5,0,55.018543,210,886,68.1,63.2,0,91.52451,880,88.2,88.3,88.2,144.9,103.5,116.2,0.4,1.1,30.01
20170714,1620,73.7,99.6,37.1641722,44.57258333,259,48.6,43.9,5.6,79,74.8,-0.2,1.2,0,0,0,5,100,100,1,1,1,0,0,200,72,7.5,5.6,7.5,200,70.8,73.4,59.7,100,15,51.9,58.8,100,0,73.4,1.35,59.8,1.8125,64.9,0,0,51.5,13.4,0,0,0,73.5,73.2,62.8,69.8,15,49.8,60.4,59.3,0,73.1,1,59.8,1.8125,65.7,0,0,99.5,75,16.3,4.5,0.7,15,15,92,65.1,81.8,100,38.2,0,74.5,1.3,64.94827,64.44827,0,12.8,0,0,1,100,1,72,419,61.8,0,29.175346,416.00027,72,68,2123.706,69.6,60.6,37.4,2200,268,71.2,60.4,0,46.877007,260,128,70.5,61.1,0,50.689445,125,1246,72.2,60.8,0,42.656063,1254.9995,699,76.9,61.2,0,34.54948,700,991,73.1,60.8,0,56.753437,987.6154,211,70.1,61.4,0,36.015747,200,128,70.4,61.4,0,52.507378,125,341,70.4,62,0,31.815676,330,247,72.6,62.5,0,100,650,616,69.6,62.7,0,100,950,516,0,61.3,0,33.88582,500,510,70.8,61.3,0,33.784115,500,178,73.2,63.7,0,48.058014,175,252,70.1,64,0,42.701313,245,226,70.9,63.8,0,41.525837,220,356,73.2,63.7,0,31.207233,350,162,73.6,63.9,0,31.019762,160,341,72.8,63.8,0,29.637342,335,342,73.5,63.7,0,28.389156,335,201,70.9,64.4,0,35.242886,195,413,73.8,64,0,27.411982,414.96304,256,69.9,63.7,0,43.21306,245,177,73.7,63.7,0,43.80368,175,251,72.3,63.7,0,46.178383,245,425,71.4,63.5,0,40.288567,420,163,73.6,64.1,0,27.319523,160,343,73,63.8,0,38.573704,335,307,73.2,64.2,0,31.677475,300,409,72.4,63.6,0,27.980804,400,199,70.7,64.2,0,36.822086,195,416,72,63.5,0,32.806908,380,359,70.3,63.9,0,30.39312,335,181,73.7,63.3,0,59.114956,175,246,72.8,63.8,0,44.21728,245,360,72.4,63.3,0,35.93212,350,161,73.7,63.7,0,34.54523,160,335,73.7,63.6,0,38.73016,335,245,72.9,64.5,0,40.888996,230,293,73.5,63.6,0,34.974888,285,213,69.8,64.1,0,43.543873,195,397,73.8,63.8,0,40.834652,380,345,73,63.3,0,39.747444,335,183,73.4,63.5,0,56.21549,175,257,73.4,63.5,0,45.609726,245,435,72.2,63.6,0,46.409245,420,365,73.9,63.3,0,45.415596,365.19977,342,72.7,63.4,0,33.639706,335,108,72,64.1,0,32.161236,100,345,73.1,64,0,39.494453,335,200,70.9,284.9,0,32.541336,195,395,73.7,63.7,0,37.24138,380,345,72.1,63.6,0,42.189796,335,319,73.7,63.4,0,42.888866,319.99982,277,73.9,63.7,0,49.224724,272.2997,561,74,63.3,0,48.126976,555.79987,161,73.8,63.9,0,42.71905,160,363,69.6,63.4,0,51.343464,335,233,73.8,64.1,0,43.134357,230,160,72.7,63.8,0,34.69063,150,196,70.8,64.6,0,43.76463,195,389,74,63.8,0,40.70506,380,585,70.8,63.3,0,67.06844,575,406,73.8,64.1,0,47.81644,407.98615,258,72.7,64.2,0,43.088387,250,179,73.3,64.2,0,59.034664,175,194,73.8,64.1,0,30.547895,190,189,71.3,63.9,0,44.410507,185,307,70.2,63.6,0,40.639366,300,305,73.3,63.4,0,35.3197,300,212,69.1,63.5,0,55.018543,210,891,68,63.2,0,91.05246,880,88.2,88.3,88.3,141.9,103.5,116.1,0.8,0,30
20170714,1625,73.6,99.6,37.07220455,44.57258333,258,48.7,43.9,5.6,79,74.8,-0.2,1.25,0,0,0,5,100,100,1,1,1,0,0,200,72,7.5,5.6,7.5,200,70.7,73.3,59.5,100,15,51.7,58.8,100,0,73.4,1.4,59.8,1.8125,64.9,0,0,51.1,13.4,0,0,0,73.5,73.2,62.6,69.6,15,49.9,60.4,56.2,0,73.1,1.02,59.8,1.8125,65.7,0,0,99.3,72.5,15.2,4.4,1.4,15,15,92.6,65.1,81.8,100,38.8,0,74.5,1.3,64.94827,64.44827,0,12.9,0,0,1,100,1,72,642,61.5,0,35.42458,632.00024,72,68,2123.706,69.6,60.5,35.6,2200,270,71.2,60.3,0,46.877007,260,129,70.4,61.1,0,50.689445,125,1306,72,60.6,0,44.53637,1305.9995,692,76.8,61.2,0,34.60776,700,607,73,61.1,0,44.020138,600,205,70,61.3,0,35.400517,200,131,70.4,61.4,0,52.507378,125,335,70.4,61.9,0,29.280123,330,250,72.6,62.4,0,100,650,626,69.5,62.6,0,100,950,516,0,61.2,0,33.88582,500,510,70.9,61.2,0,33.784115,500,178,73.2,63.6,0,48.058014,175,252,70.1,64,0,42.701313,245,227,70.9,63.7,0,41.525837,220,356,73.2,63.6,0,31.207233,350,161,73.6,63.9,0,31.019762,160,342,72.8,63.8,0,29.637342,335,342,73.4,63.7,0,28.389156,335,201,71,64.3,0,35.242886,195,413,73.8,64,0,27.411982,414.96304,254,69.9,63.6,0,43.21306,245,177,73.7,63.6,0,43.80368,175,251,72.3,63.7,0,46.178383,245,426,71.4,63.5,0,40.288567,420,163,73.6,64.1,0,27.319523,160,342,72.9,63.8,0,38.573704,335,306,73.2,64.2,0,31.677475,300,409,72.4,63.6,0,27.980804,400,198,70.7,64.2,0,36.822086,195,418,72,63.4,0,32.806908,380,355,70.3,63.9,0,30.39312,335,177,73.7,63.3,0,59.114956,175,246,72.8,63.7,0,45.23951,245,358,72.4,63.3,0,35.93212,350,161,73.7,63.7,0,34.54523,160,340,73.8,63.6,0,40.15873,335,245,72.9,64.4,0,40.888996,230,293,73.5,63.5,0,34.974888,285,212,69.8,64.1,0,43.543873,195,402,73.8,63.8,0,39.630215,380,350,72.9,63.3,0,40.180397,335,183,73.4,63.4,0,56.21549,175,256,73.3,63.4,0,45.609726,245,433,72.1,63.5,0,46.409245,420,366,73.9,63.3,0,45.415596,365.19977,342,72.6,63.4,0,33.639706,335,109,72,64.1,0,32.161236,100,346,73.1,64,0,39.494453,335,200,70.9,284.7,0,32.541336,195,394,73.8,63.7,0,37.24138,380,344,72,63.6,0,42.189796,335,282,73.8,63.4,0,41.989563,283.99982,277,73.9,63.7,0,49.224724,272.2997,563,74,63.3,0,48.126976,555.79987,162,73.8,63.9,0,42.71905,160,362,69.6,63.4,0,51.343464,335,234,73.8,64.1,0,43.134357,230,169,72.7,63.8,0,34.69063,150,198,70.8,64.5,0,43.76463,195,390,74,63.8,0,40.70506,380,586,70.8,63.2,0,67.06844,575,404,73.8,64.1,0,47.81644,407.98615,257,72.8,64.2,0,43.088387,250,178,73.3,64.2,0,59.034664,175,194,73.8,64.1,0,30.547895,190,188,71.2,63.9,0,44.410507,185,310,70.2,63.6,0,40.639366,300,306,73.3,63.3,0,35.3197,300,212,69.1,63.4,0,55.018543,210,889,68,63.1,0,91.50306,880,88.2,88.3,88.3,144.9,103.5,116.1,1.2,-0.1,30
20170714,1630,73.6,99.6,37.07220455,44.57258333,259,48.6,43.9,5.6,79,74.8,-0.1,1.2,0,0,0,5,100,100,1,1,1,0,0,200,72,7.5,5.6,7.5,200,70.7,73.3,59.6,100,15,51.3,58.8,100,0,73.3,1.35,59.8,1.8125,64.9,0,0,51,13.4,0,0,0,73.4,73.2,62.7,69.9,15,50,60.4,58.6,0,73.1,0.99,59.8,1.8125,65.7,0,0,99.4,75.9,15.9,4.5,1.4,15,15,94,65.1,81.8,100,37.4,0,74.5,1.3,64.94827,64.44827,0,12.8,0,0,1,100,1,72,748,61.3,0,39.1006,740.0003,72,68,2123.706,69.6,60.6,36.5,2200,268,71.1,60.3,0,46.877007,260,128,70.4,61,0,50.689445,125,1299,71.8,60.6,0,44.987644,1305.9995,698,76.8,61.2,0,34.60776,700,612,73,61.1,0,44.46218,600,203,70,61.3,0,35.400517,200,130,70.4,61.3,0,52.507378,125,332,70.4,61.9,0,29.280123,330,248,72.5,62.4,0,100,650,620,69.6,62.6,0,100,950,515,0,61.2,0,33.88582,500,510,70.8,61.2,0,33.784115,500,178,73.2,63.6,0,48.058014,175,253,70.1,64,0,42.701313,245,226,70.9,63.7,0,41.525837,220,355,73.1,63.6,0,31.207233,350,161,73.6,63.9,0,31.019762,160,341,72.8,63.8,0,29.637342,335,342,73.4,63.7,0,28.389156,335,201,70.9,64.3,0,35.242886,195,412,73.8,64,0,27.411982,414.96304,256,69.9,63.6,0,43.21306,245,177,73.7,63.6,0,43.80368,175,250,72.2,63.7,0,46.178383,245,425,71.4,63.5,0,40.288567,420,164,73.6,64.1,0,27.319523,160,343,72.9,63.8,0,38.573704,335,307,73.2,64.1,0,31.677475,300,410,72.4,63.6,0,27.980804,400,198,70.7,64.1,0,36.822086,195,413,72,63.4,0,32.806908,380,353,70.3,63.9,0,30.39312,335,177,73.7,63.3,0,59.114956,175,253,72.8,63.7,0,45.679306,245,359,72.3,63.3,0,35.93212,350,161,73.6,63.7,0,34.54523,160,338,73.7,63.5,0,39.53602,335,246,72.9,64.4,0,40.888996,230,294,73.5,63.5,0,34.974888,285,212,69.8,64.1,0,43.543873,195,389,73.8,63.7,0,40.433174,380,348,72.9,63.3,0,39.57907,335,182,73.3,63.4,0,56.21549,175,256,73.3,63.4,0,45.609726,245,433,72.1,63.5,0,46.409245,420,366,73.8,63.2,0,45.415596,365.19977,342,72.6,63.4,0,33.639706,335,107,71.9,64.1,0,32.161236,100,345,73.1,64,0,39.494453,335,200,70.9,284.9,0,32.541336,195,389,73.7,63.6,0,37.24138,380,344,71.9,63.6,0,42.189796,335,283,73.8,63.4,0,41.989563,283.99982,277,73.9,63.7,0,49.224724,272.2997,562,73.9,63.3,0,48.126976,555.79987,162,73.8,63.9,0,42.71905,160,363,69.6,63.4,0,51.343464,335,233,73.8,64.1,0,43.134357,230,167,72.7,63.8,0,34.69063,150,197,70.8,64.5,0,43.76463,195,390,74,63.7,0,40.70506,380,588,70.9,63.2,0,67.06844,575,405,73.9,64.1,0,47.81644,407.98615,258,72.8,64.2,0,43.088387,250,178,73.2,64.2,0,59.034664,175,194,73.8,64.1,0,30.547895,190,189,71.2,63.9,0,44.410507,185,308,70.2,63.6,0,40.639366,300,305,73.3,63.3,0,35.3197,300,212,69.1,63.4,0,55.018543,210,889,68,63.1,0,91.481606,880,88.2,88.3,88.2,144.9,103.4,115.8,0.4,1,30
20170714,1635,73.8,99.6,37.25635564,44.57258333,258,48.9,44.1,5.6,79,74.8,-0.2,1.25,0,0,0,5,100,100,1,1,1,0,0,200,72,7.5,5.6,7.5,200,70.7,73.4,59.7,100,15,51,58.8,100,0,73.4,1.4,59.8,1.8125,64.7,0,0,51.4,13.7,0,0,0,73.5,73.1,62.3,70,15,50,60.4,55.4,0,73.1,0.99,59.8,1.8125,65.7,0,0,98.8,77.6,15,4.5,0.7,15,15,93.1,65.1,81.8,100,37.4,0,74.5,1.3,64.94827,64.44827,0,12.8,0,0,1,100,1,72,585,61.4,0,33.92967,596.00024,72,68,2123.706,69.6,60.6,37.8,2200,271,71.1,60.3,0,46.877007,260,129,70.4,61.1,0,50.689445,125,1214,71.7,60.6,0,43.472652,1254.9995,691,76.8,61.1,0,34.60776,700,610,73.1,61.1,0,44.00786,600,206,70,61.3,0,35.400517,200,131,70.3,61.3,0,52.507378,125,335,70.4,61.9,0,29.280123,330,251,72.5,62.4,0,100,650,626,69.5,62.6,0,100,950,516,0,61.2,0,33.88582,500,510,70.8,61.2,0,33.784115,500,178,73.2,63.4,0,48.058014,175,252,70.1,63.8,0,42.701313,245,226,70.9,63.5,0,41.525837,220,354,73.1,63.4,0,31.207233,350,161,73.6,63.8,0,31.019762,160,341,72.8,63.6,0,29.637342,335,342,73.4,63.5,0,28.389156,335,201,70.9,64.2,0,35.242886,195,413,73.8,63.7,0,27.411982,414.96304,255,69.9,63.4,0,43.21306,245,176,73.7,63.4,0,43.80368,175,250,72.2,63.5,0,46.178383,245,425,71.4,63.2,0,40.288567,420,163,73.6,63.9,0,27.319523,160,343,72.9,63.6,0,38.573704,335,307,73.2,64,0,31.677475,300,410,72.4,63.4,0,27.980804,400,199,70.6,64,0,36.822086,195,392,72,63.2,0,32.806908,380,347,70.3,63.7,0,30.39312,335,178,73.7,62.9,0,59.114956,175,253,72.7,63.4,0,45.679306,245,359,72.3,63.1,0,35.93212,350,161,73.6,63.5,0,34.54523,160,339,73.7,63.3,0,39.09646,335,245,72.9,64.3,0,40.888996,230,294,73.5,63.4,0,34.974888,285,212,69.8,63.8,0,43.543873,195,397,73.8,63.6,0,41.521393,380,337,72.8,63.1,0,40.457005,335,182,73.3,63.2,0,56.21549,175,256,73.3,63.2,0,45.609726,245,434,72.1,63.3,0,46.409245,420,365,73.8,63,0,45.415596,365.19977,341,72.6,63.2,0,33.639706,335,105,71.9,64,0,32.161236,100,345,73.1,63.8,0,39.494453,335,199,70.9,284.7,0,32.541336,195,389,73.7,63.5,0,37.24138,380,345,72,63.4,0,42.189796,335,284,73.8,63.2,0,41.989563,283.99982,277,73.9,63.4,0,49.224724,272.2997,562,73.9,63,0,48.126976,555.79987,162,73.8,63.7,0,42.71905,160,362,69.6,63.1,0,51.343464,335,233,73.8,64,0,43.134357,230,164,72.7,63.6,0,34.69063,150,197,70.7,64.4,0,43.76463,195,390,73.9,63.5,0,40.70506,380,585,70.9,62.9,0,67.06844,575,362,73.7,64,0,46.28341,364.48615,260,72.8,64.1,0,43.088387,250,179,73.3,64.1,0,59.034664,175,193,73.8,64,0,30.547895,190,190,71.2,63.7,0,44.410507,185,308,70.2,63.4,0,40.639366,300,305,73.1,63.1,0,35.3197,300,212,69.1,63.2,0,55.018543,210,892,68,62.8,0,91.13829,880,88.1,88.3,88.1,141.9,103.4,115.6,3,-0.3,30
20170714,1640,74,99.6,37.45488212,44.57258333,258,48.8,43.8,5.65,79.2,74.7,-0.1,1.3,0,0,0,5,100,100,1,1,1,0,0,200,72,7.5,5.65,7.5,200,70.7,73.6,59.5,100,15,50.8,58.8,100,0,73.5,1.45,59.8,1.8125,64.6,0,0,51.5,13.6,0,0,0,73.5,73.2,62.2,69.8,15,49.9,60.4,55.2,0,73.1,1.01,59.8,1.8125,65.6,0,0,99.5,74.3,14.9,4.3,0.4,15,15,92.6,65.1,82.6,100,38.2,0,74.5,1.35,64.94827,64.44827,0,13.1,0,0,1,100,1,72,381,61.6,0,30.866316,380.00027,72,68,2123.706,69.6,60.5,36.9,2200,274,71.1,60.3,0,46.877007,260,128,70.4,61,0,50.079315,125,1152,71.7,60.6,0,40.72204,1152.9995,691,76.7,61.1,0,35.17893,700,614,73.1,61.1,0,43.553535,600,208,69.9,61.3,0,35.400517,200,129,70.3,61.3,0,51.892822,125,338,70.4,61.9,0,29.280123,330,254,72.5,62.4,0,100,650,635,69.5,62.5,0,100,950,518,0,61.2,0,33.88582,500,509,70.8,61.2,0,33.16941,500,178,73.1,63.2,0,48.058014,175,254,70.1,63.6,0,42.701313,245,226,70.8,63.3,0,41.525837,220,356,73.1,63.2,0,31.207233,350,161,73.5,63.6,0,31.019762,160,343,72.8,63.4,0,29.637342,335,342,73.4,63.3,0,28.389156,335,201,70.9,64,0,35.242886,195,408,73.8,63.6,0,27.411982,414.96304,254,69.9,63.2,0,43.21306,245,177,73.7,63.2,0,43.80368,175,251,72.2,63.3,0,46.178383,245,427,71.3,63,0,40.288567,420,163,73.6,63.8,0,27.319523,160,341,72.8,63.4,0,38.573704,335,306,73.2,63.8,0,31.677475,300,409,72.4,63.2,0,27.980804,400,199,70.6,63.8,0,36.822086,195,396,72,63,0,32.806908,380,345,70.3,63.5,0,30.39312,335,177,73.7,62.7,0,59.114956,175,251,72.7,63.2,0,45.679306,245,359,72.3,62.8,0,35.93212,350,161,73.6,63.3,0,34.54523,160,338,73.7,63.1,0,39.09646,335,247,72.9,64.1,0,40.888996,230,294,73.4,63.2,0,34.974888,285,212,69.8,63.6,0,43.543873,195,396,73.8,63.4,0,40.243,380,351,72.8,62.8,0,40.012024,335,184,73.4,63,0,56.21549,175,256,73.3,63,0,45.609726,245,434,72.1,63.1,0,46.409245,420,366,73.8,62.8,0,45.415596,365.19977,341,72.5,63,0,33.639706,335,107,71.9,63.8,0,32.161236,100,347,73.1,63.6,0,39.494453,335,199,70.9,284.9,0,32.541336,195,389,73.7,63.3,0,37.24138,380,343,72,63.1,0,42.189796,335,282,73.8,62.9,0,41.989563,283.99982,277,73.9,63.2,0,49.224724,272.2997,564,73.9,62.8,0,48.126976,555.79987,162,73.8,63.5,0,42.71905,160,358,69.6,62.9,0,51.343464,335,233,73.8,63.8,0,43.134357,230,171,72.7,63.4,0,34.69063,150,198,70.7,64.2,0,43.76463,195,390,73.9,63.3,0,40.70506,380,582,70.9,62.7,0,67.06844,575,336,73.7,63.9,0,45.093292,335,261,72.9,63.9,0,43.088387,250,179,73.3,63.9,0,59.034664,175,193,73.8,63.8,0,30.547895,190,190,71.2,63.5,0,44.410507,185,309,70.2,63.1,0,40.639366,300,307,73.2,62.9,0,35.3197,300,213,69.1,62.9,0,55.018543,210,889,68,62.6,0,91.50306,880,88.1,88.2,88.2,143.9,103.4,115.9,1.2,0,29.98
20170714,1645,74.2,99.6,37.64086689,44.57258333,257,48.7,43.9,5.6,79.3,75,-0.2,1.35,0,0,0,5,100,100,1,1,1,0,0,200,72,7.5,5.6,7.5,200,70.6,73.3,59.5,100,15,50.3,58.8,100,0,73.3,1.45,59.8,1.8125,64.5,0,0,51,13.6,0,0,0,73.4,73.2,62.2,69.5,15,49.8,60.4,54.6,0,73.1,0.99,59.8,1.8125,65.5,0,0,99.7,74.3,14.8,4.8,1.5,15,15,92.7,65.1,82,100,38.7,0,74.5,1.3,64.94827,64.44827,0,12.9,0,0,1,100,1,72,209,61.8,0,23.379488,200,72,68,2123.706,69.6,60.5,36.1,2200,266,71.1,60.2,0,46.26738,260,128,70.4,60.9,0,50.079315,125,1088,71.8,60.5,0,39.142582,1101.9995,699,76.6,61.1,0,35.983215,700,603,73.1,61.1,0,43.111496,600,208,69.9,61.2,0,35.400517,200,129,70.3,61.2,0,51.892822,125,338,70.4,61.8,0,29.280123,330,255,72.5,62.3,0,100,650,634,69.5,62.5,0,100,950,516,0,61.1,0,32.73174,500,509,70.8,61.1,0,33.16941,500,177,73.1,63.1,0,48.058014,175,253,70,63.5,0,42.701313,245,225,70.8,63.2,0,41.525837,220,354,73,63.1,0,31.207233,350,161,73.5,63.5,0,31.019762,160,341,72.8,63.3,0,29.637342,335,342,73.4,63.2,0,28.389156,335,200,70.9,63.9,0,35.242886,195,412,73.8,63.5,0,27.411982,414.96304,255,69.8,63.1,0,43.21306,245,176,73.7,63.1,0,43.80368,175,250,72.2,63.2,0,46.178383,245,427,71.3,62.9,0,40.288567,420,163,73.6,63.6,0,27.319523,160,340,72.8,63.3,0,38.573704,335,306,73.2,63.7,0,31.677475,300,408,72.4,63.1,0,27.980804,400,198,70.6,63.7,0,36.822086,195,414,72,62.9,0,32.806908,380,356,70.2,63.4,0,30.39312,335,178,73.7,62.7,0,59.114956,175,251,72.7,63.2,0,45.679306,245,361,72.3,62.8,0,35.93212,350,161,73.6,63.2,0,34.54523,160,338,73.7,63,0,39.09646,335,247,72.9,64,0,40.888996,230,294,73.4,63,0,34.974888,285,213,69.8,63.6,0,43.543873,195,396,73.7,63.2,0,41.61648,380,337,72.7,62.7,0,40.012024,335,183,73.3,62.9,0,56.21549,175,254,73.2,62.9,0,45.609726,245,434,72,63,0,46.409245,420,365,73.8,62.7,0,45.415596,365.19977,342,72.5,62.9,0,33.639706,335,107,71.9,63.7,0,32.161236,100,344,73.1,63.5,0,39.494453,335,199,70.9,284.8,0,32.541336,195,390,73.7,63.1,0,37.24138,380,344,71.9,63,0,42.189796,335,282,73.8,62.9,0,41.989563,283.99982,276,73.9,63.2,0,49.224724,272.2997,561,73.9,62.7,0,48.126976,555.79987,161,73.7,63.5,0,42.71905,160,352,69.5,62.9,0,51.343464,335,232,73.8,63.7,0,43.134357,230,161,72.7,63.4,0,34.69063,150,197,70.7,64.1,0,43.76463,195,388,73.9,63.3,0,40.70506,380,582,70.8,62.7,0,67.06844,575,336,73.6,63.8,0,45.093292,335,259,72.9,63.8,0,43.088387,250,179,73.3,63.8,0,59.034664,175,193,73.8,63.7,0,30.547895,190,189,71.2,63.5,0,44.410507,185,308,70.1,63.1,0,40.639366,300,304,73.3,62.8,0,35.3197,300,211,69.1,62.9,0,55.018543,210,887,68,62.6,0,91.481606,880,88.1,88.2,88.1,142.9,103.4,116.1,1.1,0.6,29.98
20170714,1650,74.4,99.6,37.82772815,44.57258333,258,48.7,43.8,5.6,79.1,74.8,-0.2,1.35,0,0,0,5,100,100,1,1,1,0,0,200,72,7.5,5.6,7.5,200,70.6,73.4,59.5,100,15,47,60.4,100,0,73.4,1.4,61.4,1.8125,64.4,0,0,50.9,13.4,0,0,0,73.4,73.2,61.9,69.8,15,48.9,61.2,58.7,0,73.1,1.02,61.4,1.8125,65.1,0,0,99.7,75.5,16,4.3,1.4,15,15,93.3,65.1,82,100,36.8,0,74.5,1.3,65.43104,64.93104,0,12.9,0,0,1,100,1,72,206,62.2,0,23.379488,200,72,68,2123.706,69.6,60.4,37.2,2200,267,71.1,60.2,0,46.26738,260,128,70.4,60.9,0,50.079315,125,1083,72,60.5,0,39.518642,1101.9995,698,76.5,61,0,35.983215,700,606,73,61.1,0,43.111496,600,208,69.8,61.2,0,35.400517,200,129,70.2,61.2,0,51.892822,125,338,70.3,61.8,0,29.280123,330,254,72.4,62.3,0,100,650,632,69.5,62.4,0,100,950,516,0,61.1,0,32.73174,500,509,70.8,61.1,0,33.16941,500,177,73.1,63,0,48.058014,175,253,70,63.4,0,42.701313,245,226,70.8,63.1,0,41.525837,220,355,73,63,0,31.207233,350,161,73.5,63.4,0,31.019762,160,342,72.7,63.2,0,29.637342,335,343,73.4,63.1,0,28.389156,335,201,70.9,63.8,0,35.242886,195,410,73.7,63.4,0,27.411982,414.96304,255,69.8,63,0,43.21306,245,177,73.7,63,0,43.80368,175,250,72.1,63.1,0,46.178383,245,427,71.3,62.8,0,40.288567,420,163,73.5,63.5,0,27.319523,160,343,72.8,63.2,0,38.573704,335,307,73.2,63.6,0,31.677475,300,409,72.3,63,0,27.980804,400,198,70.6,63.6,0,36.822086,195,416,72,62.8,0,32.806908,380,357,70.2,63.3,0,30.39312,335,179,73.6,62.6,0,59.114956,175,255,72.7,63.1,0,45.679306,245,362,72.3,62.7,0,35.93212,350,162,73.6,63.1,0,34.54523,160,341,73.7,62.9,0,39.09646,335,247,72.9,63.9,0,40.888996,230,296,73.4,63,0,34.974888,285,214,69.8,63.5,0,43.543873,195,371,73.7,63.2,0,40.12678,380,337,72.7,62.7,0,40.012024,335,182,73.3,62.8,0,56.21549,175,256,73.2,62.8,0,45.609726,245,434,72,62.9,0,46.409245,420,367,73.8,62.6,0,45.415596,365.19977,343,72.5,62.8,0,33.639706,335,108,71.8,63.6,0,32.161236,100,345,73.1,63.4,0,39.494453,335,200,70.9,284.8,0,32.541336,195,388,73.6,63.1,0,37.24138,380,344,71.9,63,0,42.189796,335,283,73.8,62.8,0,41.989563,283.99982,277,73.9,63.1,0,49.224724,272.2997,562,73.9,62.6,0,48.126976,555.79987,162,73.7,63.3,0,42.71905,160,356,69.5,62.7,0,51.343464,335,233,73.7,63.6,0,43.134357,230,168,72.7,63.2,0,34.69063,150,196,70.7,64,0,43.76463,195,386,73.9,63.2,0,40.70506,380,582,70.8,62.6,0,67.06844,575,336,73.6,63.8,0,45.093292,335,260,72.9,63.7,0,43.088387,250,178,73.3,63.7,0,59.034664,175,195,73.7,63.6,0,30.547895,190,190,71.2,63.3,0,44.410507,185,311,70.1,63,0,40.639366,300,306,73.1,62.7,0,35.3197,300,212,69,62.8,0,55.018543,210,889,68,62.5,0,91.59962,880,88.1,88.2,88.2,142.9,103.4,116,2,0,29.98
20170714,1655,74.5,99.6,37.92148907,44.57258333,254,48.6,43.7,5.6,79.2,74.9,-0.2,1.3,0,0,0,5,100,100,1,1,1,0,0,200,72,7.5,5.6,7.5,200,70.6,73.3,59.6,100,15,44.1,60.4,100,0,73.3,1.4,61.4,1.8125,64.4,0,0,51.5,13.5,0,0,0,73.4,73.1,61.9,69.9,15,48.3,61.2,57.2,0,73.1,1.02,61.4,1.8125,65.1,0,0,99.6,75.2,15.6,4.7,2,15,15,93.1,65.1,82,100,36.8,0,74.5,1.3,65.43104,64.93104,0,12.9,0,0,1,100,1,72,207,62.3,0,23.379488,200,72,68,2123.706,69.6,60.5,38.3,2200,264,71.1,60.3,0,46.26738,260,127,70.4,60.9,0,50.079315,125,1184,72.1,60.5,0,42.881702,1203.9998,704,76.4,61,0,35.983215,700,601,73.1,61.1,0,43.111496,600,205,69.8,61.2,0,35.400517,200,128,70.2,61.2,0,51.892822,125,336,70.4,61.7,0,29.280123,330,252,72.4,62.3,0,100,650,627,69.5,62.4,0,100,950,516,0,61.1,0,32.73174,500,507,70.7,61.1,0,33.16941,500,178,73.1,63,0,48.058014,175,252,70,63.3,0,42.701313,245,227,70.8,63.1,0,41.525837,220,357,73,62.9,0,31.207233,350,161,73.5,63.3,0,31.019762,160,344,72.7,63.2,0,29.637342,335,343,73.4,63.1,0,28.389156,335,201,70.8,63.8,0,35.242886,195,393,73.7,63.4,0,27.39963,380,256,69.8,62.9,0,43.21306,245,177,73.7,63,0,43.80368,175,252,72.1,63.1,0,46.178383,245,426,71.2,62.8,0,40.288567,420,163,73.5,63.5,0,27.319523,160,342,72.7,63.2,0,38.573704,335,306,73.1,63.6,0,31.677475,300,409,72.3,62.9,0,27.980804,400,199,70.5,63.5,0,36.822086,195,403,71.9,62.8,0,32.806908,380,351,70.2,63.3,0,30.39312,335,178,73.7,62.6,0,59.114956,175,256,72.7,63,0,45.679306,245,360,72.2,62.7,0,35.93212,350,161,73.6,63,0,34.54523,160,339,73.7,62.9,0,39.09646,335,246,72.8,63.9,0,40.888996,230,296,73.3,62.9,0,34.974888,285,212,69.8,63.4,0,43.543873,195,397,73.7,63.1,0,40.12678,380,350,72.7,62.6,0,40.012024,335,183,73.3,62.8,0,56.21549,175,256,73.2,62.8,0,45.609726,245,434,72,62.8,0,46.409245,420,366,73.8,62.6,0,45.415596,365.19977,341,72.4,62.8,0,33.639706,335,107,71.8,63.5,0,32.161236,100,345,73.1,63.3,0,39.494453,335,200,70.9,284.6,0,32.541336,195,389,73.6,63,0,37.24138,380,344,71.9,62.9,0,42.189796,335,284,73.9,62.8,0,41.989563,283.99982,276,73.9,63,0,49.224724,272.2997,564,73.8,62.6,0,48.126976,555.79987,162,73.7,63.3,0,42.71905,160,363,69.4,62.7,0,51.343464,335,234,73.7,63.5,0,43.134357,230,160,72.7,63.2,0,34.69063,150,197,70.6,64,0,43.76463,195,385,73.9,63.1,0,40.70506,380,584,70.7,62.5,0,67.06844,575,337,73.6,63.7,0,45.093292,335,260,72.8,63.6,0,43.088387,250,179,73.2,63.6,0,59.034664,175,194,73.8,63.5,0,30.547895,190,190,71.1,63.3,0,44.410507,185,309,70.1,62.9,0,40.639366,300,307,73.1,62.6,0,35.3197,300,213,69,62.7,0,55.018543,210,892,67.9,62.4,0,91.1061,880,88.1,88.2,88.1,142.9,103.3,115.8,1.2,0.2,29.98
20170714,1700,74.7,99.6,38.10967471,44.57258333,257,48.5,43.8,5.6,79,74.8,-0.1,1.3,0,0,0,5,100,100,1,1,1,0,0,200,72,7.5,5.6,7.5,200,70.6,73.5,60.1,100,15,42.1,60.4,100,0,73.4,1.4,61.4,1.8125,64.4,0,0,51.2,13.5,0,0,0,73.4,73.3,61.9,69.5,15,47.7,61.2,58.2,0,73.1,1.01,61.4,1.8125,65.1,0,0,99.6,74.3,15.8,4.2,1.3,15,15,93,65.1,82,100,37,0,74.5,1.3,65.43104,64.93104,0,12.9,0,0,1,100,1,72,208,62.6,0,23.379488,200,72,68,2123.706,69.6,60.9,36.4,2200,263,71.1,60.6,0,46.26738,260,127,70.4,61.2,0,50.079315,125,1249,72.1,60.9,0,42.64532,1254.9998,705,76.4,61.4,0,35.983215,700,608,73,61.3,0,43.921906,600,205,69.7,61.5,0,35.400517,200,128,70.2,61.6,0,51.892822,125,337,70.4,62.1,0,29.280123,330,253,72.4,62.5,0,100,650,627,69.5,62.7,0,100,950,516,0,61.4,0,32.73174,500,507,70.7,61.4,0,33.16941,500,178,73.1,62.9,0,48.058014,175,252,70,63.2,0,42.701313,245,227,70.8,63,0,41.525837,220,359,73,62.9,0,31.207233,350,162,73.5,63.2,0,31.019762,160,343,72.7,63.1,0,29.637342,335,343,73.3,63,0,28.389156,335,202,70.8,63.7,0,35.242886,195,392,73.7,63.3,0,26.942556,380,256,69.8,62.9,0,43.21306,245,177,73.7,62.9,0,43.80368,175,251,72.1,63,0,46.178383,245,425,71.2,62.7,0,40.288567,420,164,73.5,63.4,0,27.319523,160,343,72.7,63.1,0,38.573704,335,307,73.1,63.5,0,31.677475,300,411,72.4,62.8,0,27.980804,400,199,70.5,63.5,0,36.822086,195,416,71.9,62.7,0,32.806908,380,359,70.2,63.2,0,30.39312,335,180,73.7,62.5,0,59.114956,175,253,72.7,63,0,45.679306,245,362,72.2,62.5,0,35.93212,350,162,73.5,63,0,34.54523,160,343,73.7,62.8,0,38.644688,335,247,72.8,63.8,0,40.888996,230,296,73.3,62.8,0,34.974888,285,214,69.7,63.3,0,43.543873,195,391,73.7,63,0,41.278397,380,337,72.7,62.5,0,40.012024,335,182,73.3,62.7,0,56.21549,175,257,73.2,62.7,0,45.609726,245,436,72,62.7,0,46.409245,420,365,73.8,62.5,0,45.415596,365.19977,341,72.4,62.7,0,33.639706,335,109,71.8,63.4,0,32.161236,100,348,73.1,63.3,0,39.494453,335,201,70.9,284.8,0,32.541336,195,393,73.6,62.9,0,37.24138,380,346,71.8,62.8,0,42.189796,335,284,73.9,62.7,0,41.989563,283.99982,278,73.9,63,0,49.224724,272.2997,533,73.8,62.5,0,45.99854,526.3997,162,73.7,63.2,0,42.71905,160,367,69.4,62.6,0,51.343464,335,234,73.7,63.5,0,43.134357,230,164,72.7,63.1,0,34.69063,150,198,70.6,63.9,0,43.76463,195,388,73.8,63,0,40.70506,380,586,70.7,62.4,0,67.06844,575,337,73.6,63.6,0,45.093292,335,261,72.8,63.5,0,43.088387,250,179,73.2,63.6,0,59.034664,175,195,73.8,63.5,0,30.547895,190,190,71.1,63.2,0,44.410507,185,308,70.1,62.8,0,40.639366,300,306,73,62.6,0,35.3197,300,213,69,62.6,0,55.018543,210,892,67.9,62.3,0,91.08465,880,88.1,88.2,88.1,141.9,103.3,116,0,0.6,29.98
20170714,1705,75.1,99.6,38.48871939,46.773925,254,48.4,44,5.6,78.8,75,-0.1,1.3,0,0,0,5,100,100,1,1,1,0,0,200,72,7.5,5.6,7.5,200,70.6,73.5,60.6,100,15,40.8,60.4,100,0,73.4,1.35,61.4,1.8125,64.5,0,0,51.3,13.5,0,0,0,73.4,73.2,62.3,69.5,15,47.3,61.2,56.1,0,73.2,1,61.4,1.8125,65.1,0,0,99.8,74.6,15.2,4.6,1,15,15,92.9,65.1,82,100,37.3,0,74.5,1.3,65.43104,64.93104,0,12.9,0,0,1,100,1,72,413,62.4,0,29.1876,416.00082,72,68,2123.706,69.6,61.4,38.5,2200,264,71.1,61.1,0,47.79679,260,127,70.3,61.7,0,51.592434,125,1372,72.1,61.4,0,44.93392,1356.9998,706,76.4,61.9,0,34.19979,700,608,72.9,61.7,0,44.535854,600,201,69.7,61.9,0,35.400517,200,128,70.3,62,0,53.404625,125,333,70.4,62.5,0,30.239223,330,245,72.4,62.9,0,100,650,617,69.6,63.2,0,100,950,515,0,61.8,0,32.73174,500,506,70.7,61.8,0,33.16941,500,177,73.1,63.2,0,48.058014,175,252,70,63.5,0,42.701313,245,225,70.8,63.3,0,41.525837,220,356,73,63.1,0,31.207233,350,161,73.5,63.4,0,31.019762,160,342,72.7,63.3,0,29.637342,335,343,73.3,63.1,0,28.389156,335,201,70.8,63.8,0,35.242886,195,391,73.7,63.5,0,26.473131,380,255,69.7,63.1,0,43.21306,245,176,73.7,63.2,0,43.80368,175,249,72.1,63.2,0,46.178383,245,425,71.3,63,0,40.288567,420,163,73.5,63.6,0,27.319523,160,341,72.7,63.3,0,38.573704,335,306,73.1,63.6,0,31.677475,300,409,72.3,63,0,27.980804,400,199,70.5,63.6,0,36.822086,195,395,71.9,62.9,0,32.806908,380,347,70.2,63.4,0,30.39312,335,176,73.7,62.8,0,59.114956,175,251,72.6,63.3,0,45.679306,245,358,72.2,62.8,0,35.93212,350,161,73.5,63.2,0,34.54523,160,337,73.7,63.1,0,39.8779,335,245,72.8,63.9,0,40.888996,230,292,73.3,63,0,34.974888,285,211,69.7,63.5,0,43.543873,195,386,73.8,63.2,0,39.757,380,349,72.7,62.8,0,40.012024,335,182,73.3,63,0,56.21549,175,254,73.2,63,0,45.609726,245,433,72,63,0,46.409245,420,366,73.8,62.8,0,45.415596,365.19977,341,72.4,62.9,0,33.639706,335,108,71.8,63.5,0,32.161236,100,345,73.1,63.4,0,39.494453,335,200,70.8,284.7,0,32.541336,195,389,73.6,63.1,0,37.24138,380,344,71.8,63.1,0,42.189796,335,287,73.9,63,0,41.989563,283.99982,275,73.9,63.3,0,49.224724,272.2997,496,73.7,62.8,0,43.882267,496.9997,162,73.7,63.4,0,42.71905,160,357,69.4,62.9,0,51.343464,335,234,73.7,63.6,0,43.134357,230,167,72.7,63.3,0,34.69063,150,197,70.6,64,0,43.76463,195,388,73.7,63.3,0,40.70506,380,582,70.6,62.8,0,67.06844,575,336,73.6,63.7,0,45.093292,335,260,72.7,63.7,0,43.088387,250,178,73.2,63.7,0,59.034664,175,192,73.8,63.6,0,30.547895,190,190,71.1,63.4,0,44.410507,185,308,70.1,63.1,0,40.639366,300,306,73.1,62.8,0,35.3197,300,212,68.9,62.9,0,55.018543,210,891,67.9,62.7,0,91.05246,880,88,88.1,88.1,144.9,103.3,116.1,1.2,0.4,29.98
20170714,1710,75.4,99.6,38.77536274,46.773925,256,48.5,44.1,5.6,78.8,74.9,-0.1,1.3,0,0,0,5,100,100,1,1,1,0,0,200,72,7.5,5.6,7.5,200,70.7,73.4,61.2,100,15,40.4,60.4,100,0,73.4,1.35,61.4,1.8125,65,0,0,51.4,13.3,0,0,0,73.4,73.3,62.4,69.2,15,46.9,61.2,58.1,0,73.2,1,61.4,1.8125,65.1,0,0,99.6,74.4,15.8,4.3,1.3,15,15,93,65.1,82,100,36.8,0,74.5,1.3,65.43104,64.93104,0,12.8,0,0,1,100,1,72,524,62.7,0,31.06237,524.00085,72,68,2123.706,69.6,62,38.6,2200,261,71.1,61.6,0,47.79679,260,126,70.4,62.2,0,51.592434,125,1431,72,61.9,0,47.08284,1407.9998,709,76.5,62.4,0,34.19979,700,603,72.9,62.2,0,44.535854,600,204,69.8,62.5,0,36.91399,200,127,70.3,62.5,0,53.404625,125,338,70.4,63,0,31.815676,330,244,72.4,63.4,0,100,650,611,69.6,63.7,0,100,950,514,0,62.3,0,32.73174,500,503,70.8,62.3,0,33.16941,500,177,73.1,63.2,0,48.058014,175,252,70,63.6,0,42.701313,245,226,70.8,63.3,0,41.525837,220,355,73,63.2,0,31.207233,350,161,73.5,63.5,0,31.019762,160,340,72.7,63.3,0,29.637342,335,342,73.3,63.2,0,28.389156,335,200,70.8,63.9,0,35.242886,195,383,73.8,63.6,0,27.782583,380,254,69.8,63.2,0,43.21306,245,176,73.7,63.3,0,43.80368,175,250,72.1,63.3,0,46.178383,245,426,71.3,63.1,0,40.288567,420,163,73.5,63.6,0,27.319523,160,339,72.7,63.4,0,38.573704,335,306,73.1,63.7,0,31.677475,300,406,72.4,63.1,0,27.980804,400,197,70.6,63.7,0,36.822086,195,408,72,63,0,33.43615,380,351,70.2,63.5,0,30.39312,335,177,73.7,62.9,0,59.114956,175,252,72.6,63.3,0,45.679306,245,359,72.2,62.9,0,35.93212,350,161,73.5,63.3,0,34.54523,160,338,73.8,63.2,0,39.8779,335,246,72.8,64,0,40.888996,230,294,73.2,63.1,0,34.974888,285,213,69.7,63.6,0,43.543873,195,378,73.8,63.3,0,40.243,380,336,72.7,62.9,0,40.012024,335,182,73.3,63,0,56.21549,175,254,73.1,63.1,0,45.609726,245,432,72,63.1,0,46.409245,420,364,73.7,62.8,0,45.415596,365.19977,340,72.4,63,0,33.639706,335,107,71.7,63.7,0,32.161236,100,342,73.1,63.6,0,39.494453,335,199,70.8,285,0,32.541336,195,391,73.6,63.2,0,37.24138,380,343,71.8,63.2,0,42.189796,335,283,73.9,63.1,0,41.989563,283.99982,275,73.9,63.3,0,49.224724,272.2997,434,73.6,62.9,0,41.59572,438.1997,162,73.7,63.5,0,42.71905,160,358,69.4,62.9,0,51.343464,335,233,73.7,63.7,0,43.134357,230,163,72.7,63.3,0,34.69063,150,197,70.6,64.1,0,43.76463,195,389,73.9,63.4,0,40.70506,380,583,70.6,62.8,0,67.06844,575,336,73.6,63.8,0,45.093292,335,259,72.7,63.8,0,43.088387,250,177,73.2,63.8,0,59.034664,175,193,73.7,63.7,0,30.547895,190,189,71.1,63.5,0,44.410507,185,310,70.1,63.2,0,40.639366,300,304,73.1,62.9,0,35.3197,300,212,68.9,63,0,55.018543,210,886,67.9,62.8,0,91.50306,880,88,88.1,88.2,142.9,103.3,116.1,1.2,0,29.98
20170714,1715,75.8,99.6,39.16073423,46.773925,252,48.6,44.2,5.6,78.9,75.1,-0.2,1.2,0,0,0,5,100,100,1,1,1,0,0,200,72,7.5,5.6,7.5,200,70.7,73.5,61.3,100,15,40.3,60.4,100,0,73.5,1.35,61.4,1.8125,65.2,0,0,51.4,13.7,0,0,0,73.4,73.4,62.4,69.3,15,46.4,61.2,56.6,0,73.3,1.01,61.4,1.8125,65.1,0,0,99.8,75,15.4,4.4,1.5,15,15,92.1,65.1,82,100,38.3,0,74.5,1.3,65.43104,64.93104,0,12.8,0,0,1,100,1,72,521,62.9,0,31.06237,524.00085,72,68,2123.706,69.6,62.1,37.8,2200,262,71.1,61.8,0,47.79679,260,127,70.4,62.4,0,51.592434,125,1423,71.9,62.1,0,46.803482,1407.9998,705,76.5,62.6,0,34.19979,700,607,72.9,62.5,0,44.535854,600,204,70,62.7,0,36.91399,200,128,70.4,62.7,0,53.404625,125,338,70.4,63.2,0,31.815676,330,245,72.5,63.6,0,100,650,615,69.7,63.9,0,100,950,514,0,62.6,0,32.73174,500,504,70.8,62.6,0,33.16941,500,177,73.1,63.3,0,48.058014,175,252,70,63.6,0,42.701313,245,226,70.8,63.4,0,41.525837,220,355,73,63.3,0,31.207233,350,161,73.5,63.5,0,31.019762,160,342,72.7,63.4,0,29.637342,335,343,73.3,63.3,0,28.389156,335,200,70.8,64,0,35.242886,195,388,73.8,63.6,0,27.782583,380,254,69.8,63.3,0,43.21306,245,176,73.7,63.3,0,43.80368,175,250,72.1,63.4,0,46.178383,245,427,71.3,63.2,0,40.288567,420,164,73.5,63.7,0,27.319523,160,341,72.7,63.4,0,38.573704,335,306,73.1,63.7,0,31.677475,300,407,72.4,63.2,0,27.980804,400,198,70.6,63.8,0,36.822086,195,424,71.9,63.1,0,33.43615,380,356,70.2,63.5,0,30.39312,335,177,73.7,62.9,0,59.992783,175,252,72.6,63.4,0,45.679306,245,358,72.2,63,0,35.93212,350,161,73.6,63.4,0,34.54523,160,337,73.8,63.2,0,39.8779,335,245,72.8,64.1,0,40.888996,230,293,73.2,63.1,0,34.974888,285,211,69.7,63.7,0,43.543873,195,398,73.8,63.4,0,40.771263,380,345,72.6,62.9,0,40.012024,335,183,73.3,63.1,0,56.21549,175,255,73.1,63.2,0,45.609726,245,433,72,63.2,0,46.409245,420,318,73.6,62.9,0,42.1349,319.59976,341,72.4,63.1,0,33.639706,335,107,71.8,63.7,0,32.161236,100,346,73.1,63.6,0,39.494453,335,199,70.8,284.7,0,32.541336,195,389,73.6,63.3,0,37.24138,380,343,71.7,63.2,0,42.189796,335,288,73.9,63.1,0,41.989563,283.99982,276,73.9,63.4,0,49.224724,272.2997,377,73.7,63,0,39.2362,379.39984,162,73.7,63.5,0,42.71905,160,363,69.4,63,0,51.343464,335,234,73.7,63.7,0,43.134357,230,166,72.7,63.4,0,34.69063,150,198,70.5,64.2,0,43.76463,195,390,73.9,63.4,0,40.70506,380,583,70.6,62.9,0,67.06844,575,336,73.6,63.8,0,45.093292,335,258,72.7,63.9,0,43.088387,250,177,73.2,63.9,0,59.034664,175,194,73.7,63.7,0,30.547895,190,189,71.1,63.5,0,44.410507,185,311,70.1,63.3,0,40.639366,300,305,73.1,63,0,35.3197,300,212,69,63.1,0,55.018543,210,888,67.9,62.9,0,91.50306,880,88,88.1,88.1,141.9,103.2,116.2,1.2,-0.1,29.98
20170714,1720,76.1,99.6,39.45217148,46.773925,253,48.2,43.9,5.65,79,75.2,-0.2,1.25,0,0,0,5,100,100,1,1,1,0,0,200,72,7.5,5.65,7.5,200,70.8,73.9,61.3,100,15,40.1,60.4,100,0,73.8,1.35,61.4,1.8125,65.5,0,0,51.2,13.6,0,0,0,73.4,73.3,62.9,69.1,15,46.4,61.2,55.9,0,73.3,1.01,61.4,1.8125,65.1,0,0,99.9,74.3,15.2,4.3,1.1,15,15,92.6,65.1,82,100,38,0,74.5,1.3,65.43104,64.93104,0,12.7,0,0,1,100,1,72,514,62.9,0,31.06237,524.00085,72,68,2123.706,69.6,62.1,38.9,2200,261,71.2,61.8,0,47.79679,260,126,70.4,62.5,0,51.592434,125,1405,71.8,62.1,0,47.40518,1407.9998,708,76.6,62.6,0,34.19979,700,605,72.9,62.6,0,44.535854,600,202,70.2,62.8,0,36.91399,200,128,70.4,62.7,0,53.404625,125,337,70.4,63.2,0,31.815676,330,244,72.5,63.7,0,100,650,611,69.7,63.9,0,100,950,514,0,62.7,0,32.73174,500,504,70.9,62.7,0,33.16941,500,177,73.1,63.7,0,48.058014,175,251,70,64,0,42.701313,245,225,70.8,63.8,0,41.525837,220,354,73,63.6,0,31.207233,350,161,73.5,63.8,0,31.019762,160,341,72.7,63.7,0,29.637342,335,341,73.3,63.6,0,28.389156,335,200,70.8,64.2,0,35.242886,195,388,73.8,63.9,0,27.782583,380,254,69.8,63.6,0,43.21306,245,176,73.7,63.7,0,43.80368,175,249,72.1,63.8,0,46.178383,245,426,71.3,63.6,0,40.288567,420,163,73.5,64,0,27.319523,160,341,72.7,63.8,0,38.573704,335,306,73.1,64,0,31.677475,300,408,72.4,63.5,0,27.980804,400,197,70.6,64,0,36.822086,195,399,71.9,63.4,0,32.967304,380,346,70.2,63.9,0,30.39312,335,176,73.7,63.4,0,59.992783,175,250,72.6,63.8,0,45.679306,245,355,72.2,63.4,0,35.93212,350,161,73.6,63.7,0,34.54523,160,339,73.8,63.6,0,40.40293,335,244,72.8,64.3,0,40.888996,230,292,73.2,63.4,0,34.974888,285,210,69.7,64,0,43.543873,195,403,73.7,63.7,0,40.898045,380,351,72.6,63.3,0,40.457005,335,183,73.3,63.5,0,56.21549,175,255,73.1,63.6,0,45.609726,245,433,72,63.5,0,46.409245,420,271,73.5,63.3,0,38.584892,274,341,72.4,63.4,0,33.639706,335,107,71.8,63.9,0,32.161236,100,347,73.1,63.9,0,39.494453,335,200,70.8,284.7,0,32.541336,195,391,73.6,63.6,0,37.24138,380,343,71.7,63.6,0,42.189796,335,284,73.9,63.5,0,41.989563,283.99982,280,74,63.8,0,50.541634,299.6,352,73.7,63.5,0,38.056435,350,162,73.6,63.8,0,42.71905,160,361,69.4,63.4,0,51.343464,335,233,73.8,64,0,43.134357,230,166,72.7,63.7,0,34.69063,150,198,70.5,64.4,0,43.76463,195,386,73.9,63.7,0,40.70506,380,585,70.6,63.4,0,67.06844,575,337,73.6,64.1,0,45.093292,335,259,72.7,64.1,0,43.088387,250,177,73.2,64.1,0,59.034664,175,193,73.7,64,0,30.547895,190,189,71.1,63.9,0,44.410507,185,309,70,63.6,0,40.639366,300,304,73.1,63.3,0,35.3197,300,212,69,63.4,0,55.018543,210,887,67.9,63.3,0,91.50306,880,88,88.1,88,145.9,103.2,116.2,1.2,0,29.98
20170714,1725,76.3,99.6,39.64762004,46.773925,253,48.2,43.9,5.65,79.2,75.4,-0.2,1.1,0,0,0,5,100,100,1,1,1,0,0,200,72,7.5,5.65,7.5,200,70.8,73.6,61.3,100,15,40,60.4,100,0,73.6,1.35,61.4,1.8125,65.6,0,0,51.3,13.4,0,0,0,73.4,73.5,63.1,68.8,15,46.4,61.2,55.6,0,73.4,1,61.4,1.8125,65.1,0,0,99.8,73.3,15.2,4.4,1.8,15,15,93.6,65.1,82,100,38.2,0,74.5,1.3,65.43104,64.93104,0,12.8,0,0,1,100,1,72,521,63,0,31.06237,524.00085,72,68,2611.5657,69.6,62.1,38.9,2200,262,71.2,61.9,0,47.79679,260,126,70.4,62.5,0,51.592434,125,1411,71.8,62.2,0,47.40518,1407.9998,708,76.6,62.6,0,34.19979,700,605,72.9,62.6,0,44.535854,600,203,70.3,62.8,0,36.91399,200,128,70.4,62.8,0,53.404625,125,337,70.5,63.3,0,31.815676,330,243,72.5,63.8,0,100,650,612,69.8,64,0,100,950,513,0,62.7,0,32.73174,500,504,70.9,62.7,0,33.16941,500,177,73.1,63.9,0,48.058014,175,253,70,64.2,0,42.701313,245,225,70.9,64,0,41.525837,220,356,73,63.8,0,31.207233,350,161,73.5,64,0,31.019762,160,342,72.7,63.9,0,29.637342,335,342,73.3,63.8,0,28.389156,335,200,70.8,64.4,0,35.242886,195,387,73.8,64.1,0,27.782583,380,253,69.8,63.8,0,43.21306,245,176,73.7,63.9,0,43.80368,175,249,72.1,64,0,46.178383,245,425,71.3,63.8,0,40.288567,420,163,73.5,64.3,0,27.319523,160,340,72.7,64,0,38.573704,335,306,73.1,64.2,0,31.677475,300,407,72.4,63.7,0,27.980804,400,198,70.6,64.2,0,36.822086,195,417,71.9,63.6,0,32.967304,380,352,70.3,64.1,0,30.39312,335,178,73.7,63.6,0,60.50986,175,253,72.6,64,0,45.679306,245,356,72.2,63.6,0,35.93212,350,161,73.6,63.9,0,34.54523,160,340,73.8,63.8,0,40.40293,335,244,72.8,64.5,0,40.888996,230,292,73.2,63.7,0,34.974888,285,211,69.7,64.2,0,43.543873,195,403,73.8,63.9,0,41.003696,380,354,72.5,63.6,0,40.67348,335,184,73.3,63.7,0,56.21549,175,256,73.1,63.7,0,45.609726,245,436,72,63.8,0,46.409245,420,228,73.5,63.6,0,35.48782,228.4,343,72.4,63.6,0,33.639706,335,107,71.8,64.1,0,32.161236,100,345,73.1,64.1,0,39.494453,335,200,70.8,284.6,0,32.541336,195,387,73.6,63.8,0,37.24138,380,344,71.6,63.8,0,42.189796,335,286,73.9,63.7,0,41.989563,283.99982,297,74,64,0,51.35939,299.6,355,73.7,63.7,0,38.056435,350,162,73.5,64,0,42.71905,160,357,69.5,63.6,0,51.343464,335,234,73.8,64.2,0,43.134357,230,162,72.7,63.9,0,34.69063,150,199,70.6,64.7,0,43.76463,195,388,73.9,64,0,40.70506,380,587,70.6,63.5,0,67.06844,575,336,73.6,64.3,0,45.093292,335,260,72.6,64.3,0,43.088387,250,178,73.2,64.3,0,59.034664,175,193,73.8,64.2,0,30.547895,190,190,71.1,64.1,0,44.410507,185,307,70.1,63.8,0,40.639366,300,304,73,63.6,0,35.3197,300,212,69,63.7,0,55.018543,210,888,67.9,63.5,0,91.49233,880,88,88.1,88,143.9,103.2,116.1,1.8,-1.1,29.98
20170714,1730,76.4,99.3,39.68653019,46.773925,255,48.2,43.9,5.6,79.1,75.3,-0.2,1.05,0,0,0,5,100,100,1,1,1,0,0,200,72,7.5,5.6,7.5,200,70.8,73.7,61.3,100,15,39.8,60.4,100,0,73.6,1.35,61.4,1.8125,65.7,0,0,51,13.5,0,0,0,73.4,73.4,63.1,68.9,15,46.3,61.2,57,0,73.4,1.01,61.4,1.8125,65.4,0,0,99.5,75.4,15.5,4.3,0.8,15,15,92.1,65.1,82,100,38.2,0,74.5,1.3,65.43104,64.93104,0,12.8,0,0,1,100,1,72,520,62.9,0,31.06237,524.00085,72,68,2611.5657,69.7,62.1,34.3,2200,261,71.2,61.9,0,47.79679,260,126,70.4,62.5,0,51.592434,125,1387,71.8,62.2,0,47.40518,1407.9998,710,76.6,62.6,0,33.768505,700,603,72.9,62.7,0,44.535854,600,203,70.4,62.7,0,36.91399,200,127,70.4,62.8,0,53.404625,125,337,70.5,63.3,0,31.815676,330,244,72.5,63.7,0,100,650,610,69.8,63.9,0,100,950,513,0,62.7,0,32.73174,500,503,70.9,62.6,0,33.16941,500,177,73.1,64,0,48.058014,175,250,70.1,64.3,0,42.701313,245,226,70.9,64.1,0,41.525837,220,355,73,63.9,0,31.207233,350,161,73.5,64.1,0,31.019762,160,341,72.7,64.1,0,29.637342,335,341,73.3,63.9,0,28.389156,335,200,70.8,64.6,0,35.242886,195,388,73.8,64.2,0,27.782583,380,254,69.8,63.9,0,43.21306,245,177,73.7,64,0,44.2454,175,249,72.1,64.1,0,46.178383,245,425,71.3,63.9,0,40.288567,420,163,73.5,64.3,0,27.319523,160,341,72.7,64.1,0,38.573704,335,306,73.1,64.3,0,31.677475,300,408,72.4,63.8,0,27.980804,400,198,70.6,64.3,0,36.822086,195,402,71.9,63.7,0,32.967304,380,348,70.3,64.2,0,30.39312,335,178,73.7,63.6,0,60.50986,175,251,72.6,64.1,0,45.679306,245,356,72.2,63.7,0,35.93212,350,161,73.6,64,0,34.54523,160,340,73.8,63.9,0,40.40293,335,244,72.8,64.7,0,40.888996,230,291,73.2,63.8,0,34.974888,285,210,69.7,64.3,0,43.543873,195,395,73.8,64,0,40.14791,380,346,72.5,63.6,0,38.80938,335,182,73.3,63.8,0,56.21549,175,256,73.1,63.8,0,45.609726,245,436,72,63.9,0,46.409245,420,186,73.4,63.7,0,32.121433,182.80011,341,72.4,63.7,0,33.639706,335,110,71.7,64.3,0,32.161236,100,348,73.1,64.2,0,39.494453,335,201,70.9,284.8,0,32.541336,195,385,73.6,63.9,0,37.24138,380,346,71.7,63.9,0,42.189796,335,285,74,63.8,0,41.989563,283.99982,298,74,64,0,51.35939,299.6,355,73.6,63.7,0,38.056435,350,162,73.5,64.1,0,42.71905,160,362,69.6,63.7,0,51.343464,335,234,73.9,64.3,0,43.134357,230,163,72.7,64,0,34.69063,150,198,70.6,64.8,0,43.76463,195,389,73.8,64.1,0,40.70506,380,585,70.6,63.6,0,67.06844,575,336,73.6,64.4,0,45.093292,335,260,72.7,64.4,0,43.088387,250,178,73.2,64.4,0,59.034664,175,193,73.8,64.3,0,30.547895,190,189,71.1,64.2,0,44.410507,185,310,70.1,63.9,0,40.639366,300,304,73.1,63.7,0,35.3197,300,212,69.1,63.8,0,55.018543,210,888,68,63.5,0,91.481606,880,88,88.1,88.1,142.9,103.2,115.9,1.2,-1,29.97
20170714,1735,76.6,99,39.8159596,46.773925,255,48.4,44.1,5.65,79.3,75.5,-0.1,1.05,0,0,0,5,100,100,1,1,1,0,0,200,72,7.5,5.65,7.5,200,70.8,73.6,61.4,100,15,39.7,60.4,100,0,73.6,1.35,61.4,1.8125,65.9,0,0,50.9,13.6,0,0,0,73.4,73.5,63.2,68.6,15,46.3,61.2,55.5,0,73.4,0.99,61.4,1.8125,65.7,0,0,99.6,73.7,15.1,4.4,1.3,15,15,92.8,65.1,82,100,38.1,0,74.5,1.3,65.43104,64.93104,0,12.7,0,0,1,100,1,72,522,63,0,31.06237,524.00085,72,68,2123.706,69.6,62.2,38.3,2200,262,71.2,61.9,0,47.79679,260,126,70.4,62.6,0,51.592434,125,1409,71.8,62.2,0,46.94316,1407.9998,709,76.6,62.7,0,34.19979,700,604,72.9,62.7,0,44.535854,600,203,70.5,62.8,0,36.91399,200,127,70.4,62.8,0,53.404625,125,337,70.5,63.3,0,31.815676,330,244,72.5,63.8,0,100,650,613,69.8,64,0,100,950,513,0,62.7,0,32.73174,500,504,70.9,62.8,0,33.16941,500,176,73.1,64,0,48.058014,175,251,70.1,64.3,0,42.701313,245,224,70.9,64.1,0,41.525837,220,353,73,64,0,31.207233,350,161,73.5,64.2,0,31.019762,160,339,72.7,64.1,0,29.637342,335,339,73.3,64,0,28.389156,335,199,70.8,64.6,0,35.242886,195,388,73.8,64.3,0,27.782583,380,252,69.8,64,0,43.21306,245,175,73.7,64,0,44.2454,175,249,72.1,64.1,0,46.178383,245,422,71.3,63.9,0,40.288567,420,162,73.5,64.4,0,27.319523,160,338,72.6,64.2,0,38.573704,335,305,73.1,64.4,0,31.677475,300,408,72.4,63.9,0,27.980804,400,197,70.5,64.4,0,36.822086,195,400,71.9,63.8,0,32.967304,380,349,70.3,64.2,0,30.39312,335,178,73.7,63.7,0,60.50986,175,254,72.7,64.1,0,45.679306,245,355,72.2,63.7,0,35.93212,350,162,73.6,64.1,0,35.16145,160,338,73.8,64,0,40.40293,335,244,72.8,64.7,0,40.888996,230,290,73.2,63.8,0,34.974888,285,209,69.7,64.4,0,43.543873,195,387,73.7,64.1,0,39.852085,380,346,72.5,63.7,0,39.843655,335,183,73.3,63.8,0,56.21549,175,255,73.1,63.9,0,45.609726,245,432,72,63.9,0,46.409245,420,159,73.4,63.8,0,30.995226,160,342,72.4,63.8,0,33.639706,335,106,71.8,64.3,0,32.161236,100,346,73.1,64.3,0,39.494453,335,200,70.9,285,0,32.541336,195,386,73.5,64,0,37.24138,380,342,71.7,63.9,0,42.189796,335,286,74,63.9,0,41.989563,283.99982,297,74,64,0,51.35939,299.6,353,73.6,63.8,0,38.056435,350,162,73.4,64.2,0,42.71905,160,354,69.6,63.8,0,51.343464,335,233,73.9,64.4,0,43.134357,230,158,72.7,64.1,0,34.69063,150,197,70.6,64.8,0,43.76463,195,382,73.8,64.1,0,40.70506,380,582,70.6,63.6,0,67.06844,575,336,73.6,64.5,0,45.093292,335,258,72.7,64.6,0,43.088387,250,177,73.2,64.5,0,59.034664,175,193,73.8,64.4,0,30.547895,190,188,71.2,64.3,0,44.410507,185,307,70.1,64,0,40.639366,300,304,73,63.7,0,35.3197,300,211,69.1,63.8,0,55.018543,210,884,68,63.6,0,91.481606,880,88,88.1,88,141.9,103.2,115.9,1.2,0.1,29.97
20170714,1740,76.6,99.2,39.86062179,46.773925,257,48.5,44.2,5.6,79.4,75.6,-0.1,1,0,0,0,5,100,100,1,1,1,0,0,200,72,7.5,5.6,7.5,200,70.8,73.7,61.4,100,15,39.7,60.4,100,0,73.7,1.35,61.4,1.8125,65.9,0,0,51.1,13.6,0,0,0,73.4,73.4,63.2,68.4,15,46.3,61.2,53.5,0,73.5,0.99,61.4,1.8125,65.7,0,0,99.5,72.4,14.6,4.6,0.6,15,15,93,65.1,82,100,38.4,0,74.5,1.3,65.43104,64.93104,0,12.8,0,0,1,100,1,72,427,63.1,0,30.707022,416.00027,72,68,2123.706,69.6,62.2,37.4,2200,264,71.2,62,0,47.79679,260,127,70.4,62.6,0,51.592434,125,1362,71.7,62.3,0,45.589344,1356.9995,703,76.6,62.7,0,34.19979,700,608,72.9,62.8,0,44.535854,600,205,70.6,62.9,0,36.91399,200,129,70.5,62.9,0,53.404625,125,339,70.5,63.3,0,31.815676,330,246,72.5,63.8,0,100,650,616,69.8,64.1,0,100,950,515,0,62.8,0,32.73174,500,505,71,62.8,0,33.16941,500,177,73.1,64,0,48.058014,175,252,70.1,64.4,0,42.701313,245,226,70.9,64.2,0,41.525837,220,354,73.1,64,0,31.207233,350,161,73.5,64.3,0,31.019762,160,341,72.7,64.1,0,29.637342,335,341,73.3,64,0,28.389156,335,201,70.8,64.7,0,35.242886,195,388,73.8,64.3,0,27.782583,380,255,69.9,64,0,43.21306,245,177,73.7,64.1,0,44.2454,175,249,72.1,64.1,0,46.178383,245,424,71.3,63.9,0,40.288567,420,163,73.5,64.5,0,27.319523,160,340,72.6,64.2,0,38.573704,335,306,73.1,64.4,0,31.677475,300,409,72.3,63.9,0,27.980804,400,198,70.6,64.4,0,36.822086,195,407,71.9,63.8,0,32.967304,380,353,70.3,64.3,0,30.39312,335,180,73.7,63.7,0,60.50986,175,252,72.7,64.1,0,45.679306,245,360,72.2,63.7,0,35.93212,350,162,73.6,64.1,0,35.16145,160,341,73.8,64,0,40.1221,335,246,72.8,64.7,0,40.888996,230,294,73.2,63.9,0,34.974888,285,212,69.7,64.4,0,43.543873,195,391,73.7,64.1,0,41.61648,380,339,72.5,63.7,0,40.637405,335,182,73.4,63.9,0,56.21549,175,257,73.1,63.9,0,45.609726,245,437,72,63.9,0,46.409245,420,162,73.4,63.9,0,30.995226,160,342,72.4,63.8,0,33.639706,335,107,71.8,64.4,0,32.161236,100,345,73.1,64.3,0,39.494453,335,201,70.9,284.8,0,32.541336,195,397,73.5,64,0,37.24138,380,345,71.7,64,0,42.189796,335,286,73.9,63.9,0,41.989563,283.99982,296,74,64.1,0,51.35939,299.6,353,73.6,63.9,0,38.056435,350,162,73.4,64.2,0,42.71905,160,365,69.6,63.8,0,51.343464,335,234,73.9,64.4,0,43.134357,230,171,72.7,64.1,0,34.69063,150,198,70.6,64.9,0,43.76463,195,386,73.8,64.1,0,40.70506,380,582,70.6,63.7,0,67.06844,575,336,73.6,64.6,0,45.093292,335,259,72.7,64.6,0,43.088387,250,178,73.2,64.6,0,59.034664,175,194,73.8,64.5,0,30.547895,190,190,71.2,64.3,0,44.410507,185,313,70.2,64,0,40.639366,300,305,73.1,63.7,0,35.3197,300,211,69.1,63.8,0,55.018543,210,890,68,63.6,0,91.481606,880,88,88.1,88,142.9,103.2,115.8,1.2,0,29.97
20170714,1745,76.6,99.6,39.9499632,46.773925,250,48.5,44.1,5.6,79.3,75.6,-0.2,0.95,0,0,0,5,100,100,1,1,1,0,0,200,72,7.5,5.6,7.5,200,70.8,73.7,61.4,100,15,39.7,60.4,100,0,73.7,1.4,61.4,1.8125,66.2,0,0,50.9,13.6,0,0,0,73.4,73.5,63.4,68.7,15,46.3,61.2,54.1,0,73.5,1,61.4,1.8125,66,0,0,99.5,73.2,14.7,4.2,1.3,15,15,93.3,65.1,82,100,38.1,0,74.5,1.3,65.43104,64.93104,0,12.8,0,0,1,100,1,72,205,63.4,0,23.2447,200,72,68,2123.706,69.7,62.3,38.5,2200,265,71.3,62,0,47.79679,260,128,70.4,62.7,0,51.592434,125,1320,71.8,62.3,0,44.95541,1356.9995,695,76.6,62.8,0,34.19979,700,612,72.8,62.8,0,44.535854,600,207,70.7,62.9,0,36.91399,200,130,70.5,62.9,0,53.404625,125,341,70.5,63.4,0,31.815676,330,248,72.5,63.9,0,100,650,621,69.9,64.1,0,100,950,515,0,62.8,0,32.73174,500,507,71,62.8,0,33.16941,500,177,73.2,64.1,0,48.058014,175,252,70.1,64.4,0,42.701313,245,225,71,64.2,0,41.525837,220,353,73,64.1,0,31.207233,350,161,73.5,64.3,0,31.019762,160,341,72.7,64.2,0,29.637342,335,341,73.3,64.1,0,28.389156,335,200,70.8,64.7,0,35.242886,195,390,73.8,64.4,0,27.782583,380,253,69.8,64.1,0,43.21306,245,176,73.7,64.1,0,44.2454,175,249,72.2,64.2,0,46.178383,245,426,71.4,63.9,0,40.288567,420,163,73.4,64.5,0,27.319523,160,339,72.6,64.3,0,38.573704,335,306,73.1,64.5,0,31.677475,300,408,72.3,64,0,27.980804,400,198,70.6,64.5,0,36.822086,195,400,71.9,63.9,0,32.967304,380,346,70.3,64.3,0,30.39312,335,180,73.7,63.7,0,60.50986,175,252,72.6,64.2,0,45.679306,245,359,72.2,63.8,0,35.93212,350,163,73.6,64.1,0,35.16145,160,342,73.8,64,0,40.1221,335,246,72.9,64.8,0,40.888996,230,293,73.2,64,0,34.974888,285,212,69.7,64.5,0,43.543873,195,391,73.7,64.2,0,41.500263,380,339,72.4,63.8,0,40.637405,335,183,73.4,63.9,0,56.21549,175,253,73.1,63.9,0,45.15535,245,435,72,64,0,46.409245,420,162,73.5,63.9,0,30.995226,160,343,72.4,63.9,0,33.639706,335,106,71.9,64.4,0,32.161236,100,350,73.1,64.4,0,39.494453,335,200,70.9,284.7,0,32.541336,195,389,73.5,64.1,0,37.24138,380,345,71.7,64,0,42.189796,335,287,74,63.9,0,41.989563,283.99982,296,74,64.1,0,51.35939,299.6,355,73.5,63.9,0,38.056435,350,161,73.3,64.3,0,42.71905,160,364,69.6,63.8,0,51.343464,335,234,73.9,64.5,0,43.134357,230,159,72.7,64.2,0,34.69063,150,198,70.6,64.9,0,43.76463,195,381,73.8,64.2,0,40.70506,380,582,70.5,63.7,0,67.06844,575,336,73.5,64.6,0,45.093292,335,259,72.7,64.7,0,43.088387,250,178,73.2,64.7,0,59.034664,175,194,73.8,64.6,0,30.547895,190,189,71.2,64.4,0,44.410507,185,309,70.2,64.1,0,40.639366,300,305,73.3,63.8,0,35.3197,300,212,69.1,63.9,0,55.018543,210,888,68.1,63.6,0,91.47087,880,88,88.1,87.9,142.9,103.1,115.7,2.4,0,29.97
20170714,1750,76.6,99.6,39.9499632,46.773925,254,48.5,44.3,5.6,79.3,75.5,-0.1,0.95,0,0,0,5,100,100,1,1,1,0,0,200,72,7.5,5.6,7.5,200,70.8,73.8,61.9,100,15,39.2,60.8,100,0,73.7,1.4,61.8,1.8125,66.2,0,0,50.9,13.7,0,0,0,73.4,73.5,63.4,68.8,15,46.3,61.4,54.6,0,73.5,1.01,61.8,1.8125,66,0,0,99.5,74.9,14.8,4.2,0.6,15,15,91.9,65.1,82,100,38.4,0,74.5,1.3,65.55173,65.05173,0,12.8,0,0,1,100,1,72,204,63.8,0,23.2447,200,72,68,2123.706,69.7,62.5,38.7,2200,267,71.3,62.1,0,47.79679,260,128,70.4,62.7,0,51.592434,125,1333,71.9,62.4,0,45.03062,1356.9995,697,76.6,62.9,0,34.19979,700,613,72.6,62.8,0,44.535854,600,207,70.8,63,0,36.91399,200,130,70.5,63,0,53.404625,125,341,70.4,63.4,0,31.815676,330,250,72.5,63.9,0,100,650,622,69.9,64.1,0,100,950,515,0,62.9,0,32.73174,500,507,71,62.9,0,33.16941,500,176,73.1,64.1,0,48.058014,175,251,70.1,64.5,0,42.701313,245,225,71,64.2,0,41.525837,220,353,73.1,64.1,0,31.207233,350,161,73.5,64.3,0,31.019762,160,339,72.7,64.3,0,29.637342,335,341,73.3,64.1,0,28.389156,335,200,70.9,64.8,0,35.242886,195,396,73.8,64.4,0,27.782583,380,254,69.9,64.1,0,43.21306,245,176,73.7,64.2,0,44.2454,175,249,72.2,64.2,0,46.178383,245,425,71.4,64,0,40.288567,420,163,73.4,64.5,0,27.319523,160,340,72.6,64.3,0,38.573704,335,306,73.1,64.6,0,31.677475,300,405,72.3,64,0,27.980804,400,198,70.6,64.6,0,36.822086,195,398,71.8,63.9,0,32.967304,380,343,70.3,64.3,0,30.39312,335,180,73.7,63.8,0,60.50986,175,252,72.7,64.2,0,45.679306,245,359,72.2,63.8,0,35.93212,350,163,73.6,64.2,0,35.16145,160,342,73.9,64.1,0,40.1221,335,246,72.9,64.8,0,40.888996,230,294,73.2,64,0,34.974888,285,212,69.7,64.5,0,43.543873,195,368,73.7,64.2,0,40.70787,380,337,72.4,63.8,0,40.55322,335,182,73.4,63.9,0,56.21549,175,251,73.1,64,0,45.15535,245,436,72,64,0,46.409245,420,161,73.5,64,0,30.995226,160,340,72.4,63.9,0,33.639706,335,109,71.9,64.5,0,32.161236,100,345,73.1,64.4,0,39.494453,335,201,70.9,284.9,0,32.541336,195,385,73.5,64.1,0,37.24138,380,344,71.7,64.1,0,42.189796,335,285,74,64,0,41.989563,283.99982,296,74,64.1,0,51.35939,299.6,353,73.5,63.9,0,38.056435,350,161,73.3,64.3,0,42.71905,160,358,69.6,63.9,0,51.343464,335,233,73.9,64.5,0,43.134357,230,160,72.7,64.2,0,34.69063,150,197,70.6,64.9,0,43.76463,195,387,73.7,64.2,0,40.70506,380,585,70.5,63.8,0,67.06844,575,336,73.6,64.7,0,45.093292,335,258,72.7,64.7,0,43.088387,250,177,73.2,64.7,0,59.034664,175,193,73.8,64.6,0,30.547895,190,188,71.2,64.4,0,44.410507,185,307,70.2,64.1,0,40.639366,300,303,73.2,63.8,0,35.3197,300,211,69.1,63.9,0,55.018543,210,887,68.1,63.7,0,91.47087,880,87.9,88,87.9,141.9,103.1,115.6,1.2,-0.1,29.97
20170714,1755,76.6,99.6,39.95738946,46.773925,255,48.5,44.2,5.6,79.4,75.6,-0.1,1,0,0,0,5,100,100,1,1,1,0,0,200,72,7.5,5.6,7.5,200,70.9,73.8,62.1,100,15,39.9,60.8,100,0,73.7,1.35,61.8,1.8125,66.4,0,0,51.4,13.6,0,0,0,73.4,73.5,63.3,68.7,15,46.3,61.4,52.5,0,73.6,0.99,61.8,1.8125,66,0,0,99.5,74.1,14.2,4.6,1.3,15,15,92.7,65.1,82,100,37.8,0,74.5,1.3,65.55173,65.05173,0,12.8,0,0,1,100,1,72,203,64.2,0,23.2447,200,72,68,2123.706,69.7,62.8,38.8,2200,266,71.3,62.5,0,47.79679,260,128,70.4,63.1,0,51.592434,125,1322,72,62.8,0,45.21328,1356.9995,697,76.6,63.3,0,34.19979,700,610,72.3,63.2,0,44.535854,600,206,70.9,63.4,0,36.91399,200,130,70.5,63.4,0,53.404625,125,341,70.5,63.8,0,31.815676,330,249,72.5,64.2,0,100,650,622,69.9,64.5,0,100,950,515,0,63.3,0,32.73174,500,506,71,63.3,0,33.16941,500,177,73.1,64.2,0,48.058014,175,251,70.1,64.5,0,42.701313,245,225,71,64.3,0,41.525837,220,353,73.1,64.2,0,31.207233,350,161,73.5,64.4,0,31.019762,160,339,72.7,64.3,0,29.637342,335,342,73.3,64.2,0,28.389156,335,200,70.9,64.8,0,35.242886,195,394,73.8,64.5,0,27.782583,380,254,69.9,64.1,0,43.21306,245,177,73.7,64.2,0,44.2454,175,250,72.2,64.3,0,46.178383,245,423,71.4,64,0,40.288567,420,163,73.4,64.6,0,27.319523,160,341,72.6,64.3,0,38.573704,335,306,73.1,64.6,0,31.677475,300,411,72.3,64,0,27.980804,400,198,70.6,64.6,0,36.822086,195,403,71.8,63.9,0,32.967304,380,350,70.3,64.4,0,30.39312,335,179,73.7,63.8,0,60.50986,175,251,72.7,64.2,0,45.679306,245,359,72.2,63.9,0,35.93212,350,162,73.7,64.2,0,35.16145,160,342,73.9,64.1,0,40.1221,335,245,72.9,64.9,0,40.888996,230,292,73.2,64,0,34.974888,285,211,69.8,64.6,0,43.543873,195,386,73.7,64.3,0,39.651344,380,348,72.4,63.8,0,40.120266,335,182,73.4,64,0,56.21549,175,252,73.1,64,0,45.15535,245,434,72,64.1,0,46.409245,420,161,73.5,64,0,30.995226,160,342,72.4,63.9,0,33.639706,335,106,71.8,64.5,0,32.161236,100,345,73.1,64.4,0,39.494453,335,201,70.9,284.7,0,32.541336,195,391,73.5,64.1,0,37.24138,380,347,71.7,64.1,0,42.189796,335,285,74,64,0,41.989563,283.99982,297,74,64.2,0,51.35939,299.6,354,73.5,63.9,0,38.056435,350,162,73.2,64.3,0,42.71905,160,363,69.6,63.9,0,51.343464,335,234,74,64.6,0,43.134357,230,169,72.7,64.2,0,34.69063,150,198,70.6,65,0,43.76463,195,392,73.8,64.3,0,40.70506,380,581,70.4,63.8,0,67.06844,575,336,73.6,64.7,0,45.093292,335,259,72.7,64.7,0,43.088387,250,179,73.2,64.7,0,59.034664,175,193,73.9,64.6,0,30.547895,190,189,71.2,64.4,0,44.410507,185,311,70.2,64.1,0,40.639366,300,304,73.3,63.9,0,35.3197,300,211,69.2,64,0,55.018543,210,892,68.1,63.7,0,91.07392,880,87.9,88,88,144.9,103.1,116,3.2,0,29.96
20170714,1800,76.9,98.2,39.93851731,46.773925,256,48.3,44.1,5.6,79.4,75.7,-0.1,0.9,0,0,0,5,100,100,1,1,1,0,0,200,72,7.5,5.6,7.5,200,70.9,73.9,62.2,100,15,40.5,60.8,100,0,73.8,1.35,61.8,1.8125,66.7,0,0,51.2,13.7,0,0,0,73.4,73.5,63.3,68.6,15,46.3,61.4,54.8,0,73.6,1,61.8,1.8125,66.1,0,0,99.7,71.9,15,4.6,0.9,15,15,93.7,65.1,82,100,37.3,0,74.5,1.3,65.55173,65.05173,0,12.8,0,0,1,100,1,72,203,64.3,0,23.2447,200,72,68,2123.706,69.7,62.9,37.9,2200,265,71.3,62.6,0,47.79679,260,128,70.5,63.2,0,51.592434,125,1402,72.1,62.9,0,47.38369,1407.9998,700,76.6,63.4,0,34.19979,700,609,72.3,63.3,0,44.535854,600,206,71,63.5,0,36.91399,200,129,70.6,63.5,0,53.404625,125,339,70.5,64,0,31.815676,330,248,72.5,64.4,0,100,650,618,69.9,64.7,0,100,950,515,0,63.4,0,32.73174,500,505,71,63.4,0,33.16941,500,177,73.2,64.3,0,48.058014,175,251,70.2,64.6,0,42.701313,245,226,71,64.3,0,41.525837,220,354,73.1,64.2,0,31.207233,350,161,73.5,64.4,0,31.019762,160,341,72.7,64.3,0,29.637342,335,342,73.3,64.2,0,28.389156,335,200,70.9,64.9,0,35.242886,195,392,73.8,64.5,0,27.782583,380,254,69.9,64.2,0,43.21306,245,176,73.7,64.2,0,44.2454,175,250,72.2,64.3,0,46.178383,245,425,71.4,64.1,0,40.288567,420,163,73.3,64.6,0,27.319523,160,340,72.6,64.4,0,38.573704,335,306,73.1,64.7,0,31.677475,300,410,72.3,64.1,0,27.980804,400,198,70.6,64.6,0,36.822086,195,419,71.8,64,0,32.967304,380,347,70.4,64.4,0,30.39312,335,179,73.7,63.9,0,60.50986,175,253,72.7,64.3,0,45.679306,245,356,72.2,63.9,0,35.93212,350,162,73.7,64.3,0,35.16145,160,339,73.9,64.1,0,40.45177,335,246,72.9,64.9,0,40.888996,230,291,73.2,64.1,0,34.974888,285,211,69.8,64.6,0,43.543873,195,383,73.7,64.3,0,39.809826,380,345,72.4,63.9,0,40.120266,335,183,73.4,64,0,56.21549,175,252,73.1,64.1,0,45.15535,245,436,72,64.1,0,46.409245,420,162,73.5,64,0,30.995226,160,341,72.4,64,0,33.639706,335,107,71.8,64.6,0,32.161236,100,347,73.1,64.5,0,39.494453,335,201,70.9,284.9,0,32.541336,195,389,73.5,64.1,0,37.24138,380,345,71.7,64.1,0,42.189796,335,285,74,64.1,0,41.989563,283.99982,296,74,64.2,0,51.35939,299.6,353,73.5,64,0,38.056435,350,162,73.2,64.4,0,42.71905,160,362,69.7,63.9,0,51.343464,335,234,74,64.6,0,43.134357,230,162,72.7,64.3,0,34.69063,150,198,70.6,65,0,43.76463,195,389,73.9,64.3,0,40.70506,380,588,70.4,63.9,0,67.06844,575,336,73.6,64.7,0,45.093292,335,259,72.7,64.8,0,43.088387,250,178,73.3,64.8,0,59.034664,175,194,73.9,64.7,0,30.547895,190,189,71.2,64.5,0,44.410507,185,309,70.2,64.2,0,40.639366,300,304,73.1,63.9,0,35.3197,300,212,69.2,64,0,55.018543,210,887,68.1,63.8,0,91.53524,880,87.9,88,88,141.9,103.1,115.8,3,-0.1,29.96
20170714,1805,77.1,98.4,40.18103145,45.03326667,254,48.4,44.1,5.6,79.5,75.8,-0.1,0.95,0,0,0,5,100,100,1,1,1,0,0,200,72,7.5,5.6,7.5,200,70.9,74,62.3,100,15,41.2,60.8,100,0,74,1.35,61.8,1.8125,66.8,0,0,51.3,13.6,0,0,0,73.4,73.4,63.3,68.5,15,46.3,61.4,53.8,0,73.5,1,61.8,1.8125,66.1,0,0,99.5,72.1,14.6,4.7,1.1,15,15,92.5,65.1,82,100,37.4,0,74.5,1.3,65.55173,65.05173,0,12.8,0,0,1,100,1,72,417,64,0,29.175346,416.00082,72,68,2123.706,69.7,63,36.1,2200,262,71.3,62.8,0,47.79679,260,126,70.5,63.3,0,51.592434,125,1466,72.1,63,0,48.683784,1458.9998,705,76.7,63.5,0,34.19979,700,605,72.4,63.4,0,44.535854,600,204,71.1,63.6,0,36.91399,200,128,70.7,63.6,0,53.404625,125,337,70.6,64,0,31.815676,330,245,72.5,64.5,0,100,650,614,70,64.7,0,100,950,514,0,63.5,0,32.73174,500,503,71.1,63.5,0,33.16941,500,177,73.1,64.2,0,48.058014,175,252,70.2,64.6,0,42.701313,245,226,71,64.3,0,41.525837,220,356,73.1,64.2,0,31.207233,350,161,73.5,64.5,0,31.019762,160,341,72.7,64.3,0,29.637342,335,341,73.3,64.3,0,28.389156,335,200,71,64.9,0,35.242886,195,396,73.8,64.5,0,27.782583,380,253,69.9,64.2,0,43.21306,245,176,73.7,64.2,0,44.2454,175,249,72.2,64.3,0,46.178383,245,424,71.4,64,0,40.288567,420,163,73.3,64.6,0,27.319523,160,340,72.7,64.4,0,38.573704,335,306,73.1,64.7,0,31.677475,300,408,72.3,64.1,0,27.980804,400,197,70.6,64.7,0,36.822086,195,420,71.8,64,0,32.967304,380,351,70.4,64.4,0,30.39312,335,179,73.7,63.9,0,60.50986,175,254,72.7,64.3,0,45.679306,245,357,72.2,63.9,0,35.93212,350,162,73.7,64.3,0,35.16145,160,342,73.7,64.2,0,40.45177,335,245,72.9,64.9,0,40.888996,230,291,73.3,64.1,0,34.974888,285,210,69.8,64.6,0,43.543873,195,387,73.8,64.3,0,39.841522,380,351,72.4,63.9,0,40.120266,335,182,73.4,64,0,56.21549,175,251,73.1,64.1,0,45.15535,245,435,72,64.1,0,46.409245,420,161,73.5,64,0,30.995226,160,339,72.4,64,0,33.639706,335,106,71.9,64.6,0,32.161236,100,347,73.1,64.5,0,39.494453,335,200,70.9,284.8,0,32.541336,195,388,73.5,64.2,0,37.24138,380,343,71.7,64.1,0,42.189796,335,286,74,64,0,41.989563,283.99982,297,74,64.2,0,51.35939,299.6,353,73.4,64,0,38.056435,350,162,73.2,64.4,0,42.71905,160,358,69.7,63.9,0,51.343464,335,234,74,64.6,0,43.134357,230,160,72.7,64.3,0,34.69063,150,198,70.6,65,0,43.76463,195,392,73.9,64.3,0,40.70506,380,587,70.4,63.8,0,67.06844,575,336,73.6,64.8,0,45.093292,335,259,72.7,64.8,0,43.088387,250,178,73.3,64.8,0,59.034664,175,192,73.9,64.7,0,30.547895,190,188,71.2,64.5,0,44.410507,185,309,70.2,64.2,0,40.639366,300,304,73.1,63.9,0,35.3197,300,212,69.2,64,0,55.018543,210,887,68.2,63.8,0,91.52451,880,87.9,88,87.7,141.9,103.1,116.1,-0.4,0,29.96
20170714,1810,77.1,97.7,40.02195389,45.03326667,251,48.5,44.2,5.6,79.4,75.6,-0.1,0.95,0,0,0,5,100,100,1,1,1,0,0,200,72,7.5,5.6,7.5,200,71,73.9,62.3,100,15,41.9,60.8,100,0,73.9,1.3,61.8,1.8125,67,0,0,50.8,13.6,0,0,0,73.4,73.5,63.3,68.7,15,46.3,61.4,54.9,0,73.5,1.02,61.8,1.8125,66.2,0,0,99.5,72.9,15,4.4,1.5,15,15,92.8,65.1,82,100,38.3,0,74.5,1.3,65.55173,65.05173,0,12.8,0,0,1,100,1,72,524,63.8,0,31.221664,524.00085,72,68,2123.706,69.7,63.1,38.2,2200,264,71.4,62.8,0,48.181816,260,125,70.5,63.4,0,51.592434,125,1510,71.9,63.1,0,50.166542,1509.9998,705,76.7,63.6,0,33.535378,700,612,72.4,63.5,0,44.977898,600,202,71.2,63.6,0,36.91399,200,127,70.7,63.6,0,53.404625,125,336,70.6,64.1,0,31.815676,330,243,72.5,64.5,0,100,650,610,70,64.8,0,100,950,513,0,63.6,0,32.73174,500,503,71.1,63.5,0,33.16941,500,176,73.1,64.2,0,48.058014,175,252,70.2,64.6,0,42.701313,245,225,71,64.3,0,41.525837,220,354,73.1,64.2,0,31.207233,350,161,73.5,64.5,0,31.019762,160,340,72.7,64.3,0,29.637342,335,341,73.3,64.2,0,28.389156,335,199,71,64.8,0,35.242886,195,396,73.8,64.5,0,27.782583,380,254,69.9,64.2,0,43.21306,245,176,73.7,64.2,0,44.2454,175,249,72.2,64.3,0,46.178383,245,425,71.4,64.1,0,40.288567,420,163,73.3,64.6,0,27.319523,160,339,72.6,64.4,0,38.573704,335,306,73.1,64.7,0,31.677475,300,408,72.3,64.1,0,27.980804,400,198,70.6,64.6,0,36.822086,195,415,71.8,64,0,32.967304,380,357,70.4,64.4,0,30.39312,335,181,73.7,63.9,0,60.50986,175,252,72.7,64.3,0,45.679306,245,359,72.2,63.9,0,35.93212,350,163,73.7,64.3,0,34.70545,160,341,73.9,64.2,0,40.45177,335,246,72.9,65,0,40.888996,230,294,73.3,64.1,0,34.974888,285,213,69.8,64.6,0,43.543873,195,382,73.8,64.3,0,41.28896,380,335,72.4,63.9,0,39.951893,335,184,73.4,64.1,0,56.21549,175,251,73.1,64.1,0,45.15535,245,436,72,64.1,0,46.409245,420,164,73.5,64.1,0,31.607298,160,341,72.4,64,0,33.639706,335,109,71.8,64.6,0,32.161236,100,347,73.1,64.5,0,39.494453,335,200,70.9,284.5,0,32.541336,195,390,73.5,64.2,0,37.24138,380,344,71.7,64.1,0,42.189796,335,284,74,64,0,41.989563,283.99982,296,74,64.2,0,51.35939,299.6,353,73.4,64,0,38.056435,350,162,73.1,64.4,0,42.71905,160,355,69.7,63.9,0,51.343464,335,233,74,64.6,0,43.134357,230,168,72.7,64.3,0,34.69063,150,198,70.7,65,0,43.76463,195,386,73.9,64.3,0,40.70506,380,593,70.4,63.8,0,67.51913,575,336,73.6,64.8,0,45.093292,335,259,72.8,64.8,0,43.088387,250,177,73.3,64.8,0,59.034664,175,193,73.9,64.7,0,30.547895,190,189,71.2,64.5,0,44.410507,185,309,70.2,64.2,0,40.639366,300,305,73,63.9,0,35.3197,300,212,69.2,64,0,55.018543,210,886,68.2,63.8,0,91.58888,880,87.9,88,87.9,142.9,103,116,2.8,0,29.96
20170714,1815,77.3,98.4,40.37935196,45.03326667,254,48.5,44.2,5.6,79.6,75.8,-0.2,0.95,0,0,0,5,100,100,1,1,1,0,0,200,72,7.5,5.6,7.5,200,71,74.1,62.3,100,15,42.7,60.8,100,0,74,1.3,61.8,1.8125,67.1,0,0,51,13.7,0,0,0,73.4,73.5,63.4,68.5,15,46.3,61.4,55.1,0,73.5,0.99,61.8,1.8125,66.3,0,0,99.5,73,15.1,4.8,1,15,15,93,65.1,82,100,39.1,0,74.5,1.3,65.55173,65.05173,0,12.8,0,0,1,100,1,72,521,63.8,0,31.221664,524.00085,72,68,2123.706,69.7,63.1,38.3,2200,264,71.4,62.8,0,48.181816,260,127,70.5,63.4,0,52.043926,125,1461,71.8,63.1,0,48.780487,1459.0005,704,76.7,63.5,0,33.535378,700,614,72.4,63.5,0,44.977898,600,202,71.2,63.6,0,36.91399,200,127,70.8,63.7,0,53.404625,125,337,70.6,64.1,0,31.815676,330,244,72.5,64.6,0,100,650,610,70,64.8,0,100,950,513,0,63.6,0,32.73174,500,502,71.1,63.6,0,33.16941,500,176,73.2,64.2,0,48.058014,175,251,70.2,64.6,0,42.701313,245,225,71,64.3,0,41.525837,220,353,73.1,64.3,0,31.207233,350,161,73.5,64.5,0,31.019762,160,339,72.7,64.4,0,29.637342,335,341,73.3,64.3,0,28.389156,335,200,71,64.9,0,35.242886,195,393,73.8,64.6,0,27.782583,380,252,69.9,64.2,0,43.21306,245,176,73.7,64.3,0,44.2454,175,248,72.2,64.3,0,46.178383,245,423,71.4,64.1,0,40.288567,420,163,73.3,64.7,0,27.319523,160,339,72.6,64.4,0,38.573704,335,306,73.1,64.7,0,31.677475,300,405,72.3,64.1,0,27.980804,400,196,70.6,64.6,0,36.822086,195,396,71.8,64.1,0,32.967304,380,347,70.4,64.5,0,30.39312,335,178,73.7,63.9,0,60.50986,175,248,72.7,64.3,0,45.679306,245,356,72.2,64,0,35.93212,350,162,73.7,64.3,0,34.70545,160,339,73.9,64.2,0,40.45177,335,244,72.9,65,0,40.888996,230,290,73.3,64.1,0,34.974888,285,209,69.8,64.7,0,43.543873,195,393,73.8,64.3,0,40.14791,380,349,72.3,63.9,0,39.51894,335,182,73.4,64.1,0,56.21549,175,250,73.1,64.1,0,45.15535,245,434,72,64.2,0,46.409245,420,164,73.5,64.1,0,31.607298,160,342,72.4,64,0,33.639706,335,108,71.9,64.6,0,32.161236,100,347,73.1,64.6,0,39.494453,335,199,70.9,285,0,32.541336,195,391,73.5,64.2,0,37.24138,380,344,71.7,64.2,0,42.189796,335,284,74,64.1,0,41.989563,283.99982,294,74,64.3,0,51.35939,299.6,353,73.4,64,0,38.056435,350,162,73.1,64.4,0,42.71905,160,356,69.7,64,0,51.343464,335,233,74,64.6,0,43.134357,230,162,72.7,64.4,0,34.69063,150,198,70.6,65.1,0,43.76463,195,391,73.9,64.3,0,40.70506,380,591,70.4,63.9,0,67.51913,575,336,73.6,64.8,0,45.093292,335,259,72.8,64.9,0,43.088387,250,176,73.3,64.8,0,59.034664,175,192,73.9,64.7,0,30.547895,190,188,71.2,64.5,0,44.410507,185,306,70.2,64.2,0,40.639366,300,304,72.9,63.9,0,35.3197,300,211,69.2,64,0,55.018543,210,886,68.1,63.8,0,91.50306,880,87.9,88,87.9,144.9,103,116.1,2.4,-1.4,29.96
20170714,1820,77.3,98.8,40.47093578,45.03326667,254,48.5,44.1,5.65,79.7,75.9,-0.1,0.95,0,0,0,5,100,100,1,1,1,0,0,200,72,7.5,5.65,7.5,200,71.1,74.1,62.4,100,15,43.5,60.8,100,0,74,1.3,61.8,1.8125,67.3,0,0,51.2,13.5,0,0,0,73.4,73.6,63.5,68.5,15,46.3,61.4,57.6,0,73.6,0.99,61.8,1.8125,66.4,0,0,99.6,74.1,15.7,4.2,1.3,15,15,93,65.1,82,100,39.1,0,74.5,1.3,65.55173,65.05173,0,12.8,0,0,1,100,1,72,526,63.9,0,31.221664,524.00085,72,68,2123.706,69.8,63.1,38.4,2200,265,71.4,62.9,0,48.181816,260,127,70.5,63.4,0,52.043926,125,1466,71.9,63.1,0,48.76974,1459.0005,703,76.8,63.6,0,33.535378,700,614,72.3,63.5,0,44.977898,600,202,71.3,63.7,0,36.91399,200,127,70.8,63.7,0,53.404625,125,337,70.6,64.1,0,31.815676,330,243,72.6,64.6,0,100,650,611,70.1,64.9,0,100,950,513,0,63.6,0,32.73174,500,503,71.1,63.6,0,33.16941,500,177,73.2,64.3,0,48.058014,175,251,70.2,64.6,0,42.701313,245,225,71,64.4,0,41.525837,220,355,73.1,64.3,0,31.207233,350,161,73.5,64.5,0,31.019762,160,340,72.7,64.4,0,29.637342,335,342,73.3,64.3,0,28.389156,335,200,71,64.9,0,35.242886,195,394,73.8,64.6,0,27.782583,380,253,69.9,64.3,0,43.21306,245,177,73.7,64.3,0,44.2454,175,250,72.2,64.4,0,46.178383,245,423,71.4,64.1,0,40.288567,420,163,73.3,64.7,0,27.319523,160,341,72.6,64.4,0,38.573704,335,306,73.1,64.7,0,31.677475,300,408,72.3,64.1,0,27.980804,400,198,70.6,64.7,0,36.822086,195,421,71.8,64.1,0,32.967304,380,357,70.4,64.5,0,30.39312,335,180,73.8,64,0,60.50986,175,252,72.7,64.4,0,45.679306,245,360,72.2,64,0,35.93212,350,163,73.6,64.3,0,34.70545,160,344,73.9,64.2,0,40.45177,335,245,72.9,65,0,40.888996,230,295,73.3,64.2,0,34.974888,285,212,69.8,64.7,0,43.543873,195,391,73.8,64.3,0,41.53196,380,340,72.3,63.9,0,39.951893,335,182,73.4,64.1,0,56.21549,175,253,73.1,64.1,0,45.15535,245,437,72,64.2,0,46.409245,420,165,73.5,64.1,0,31.607298,160,340,72.3,64,0,33.639706,335,110,71.9,64.6,0,32.161236,100,346,73,64.6,0,39.494453,335,201,70.9,284.8,0,32.541336,195,390,73.5,64.2,0,37.24138,380,346,71.6,64.2,0,42.189796,335,284,74,64.1,0,41.989563,283.99982,298,74,64.3,0,51.35939,299.6,354,73.3,64,0,38.056435,350,162,73,64.4,0,42.71905,160,365,69.7,64,0,51.343464,335,234,74,64.7,0,43.134357,230,170,72.7,64.3,0,34.69063,150,198,70.6,65.1,0,43.76463,195,387,73.9,64.3,0,40.70506,380,593,70.4,63.9,0,67.51913,575,336,73.6,64.9,0,45.093292,335,260,72.8,64.9,0,43.088387,250,178,73.3,64.9,0,59.034664,175,194,73.9,64.7,0,30.547895,190,189,71.2,64.6,0,44.410507,185,310,70.2,64.3,0,40.639366,300,305,73.3,64,0,35.3197,300,211,69.2,64.1,0,55.018543,210,892,68.2,63.8,0,91.1061,880,87.9,88,88.1,145.9,103,116,1.2,-1,29.96
20170714,1825,77.2,97.5,40.07482913,45.03326667,250,48.4,44.1,5.6,79.9,76.1,-0.1,0.95,0,0,0,5,100,100,1,1,1,0,0,200,72,7.5,5.6,7.5,200,71,73.9,62.3,100,15,44.3,60.8,100,0,73.9,1.3,61.8,1.8125,67.4,0,0,50.9,13.6,0,0,0,73.4,73.6,63.5,68.4,15,46.3,61.4,57.9,0,73.5,1.01,61.8,1.8125,66.5,0,0,99.6,71.9,16.1,4.4,1.5,15,15,93,65.1,82,100,38.1,0,74.5,1.3,65.55173,65.05173,0,12.8,0,0,1,100,1,72,530,63.9,0,31.221664,524.00085,72,68,2123.706,69.8,63.1,38.6,2200,264,71.4,62.9,0,48.181816,260,127,70.5,63.5,0,52.043926,125,1466,71.9,63.1,0,48.565598,1459.0005,704,76.8,63.6,0,33.535378,700,614,72.2,63.6,0,44.977898,600,202,71.4,63.7,0,36.91399,200,127,70.8,63.7,0,53.404625,125,334,70.6,64.1,0,31.815676,330,242,72.6,64.6,0,100,650,610,70.1,64.8,0,100,950,513,0,63.6,0,32.73174,500,503,71.1,63.7,0,33.16941,500,176,73.2,64.3,0,48.058014,175,251,70.2,64.7,0,42.701313,245,225,71,64.4,0,41.525837,220,354,73.1,64.3,0,31.207233,350,161,73.5,64.5,0,31.019762,160,341,72.7,64.4,0,29.637342,335,341,73.3,64.3,0,28.389156,335,200,71,65,0,35.242886,195,398,73.8,64.6,0,27.782583,380,253,69.9,64.3,0,43.21306,245,177,73.7,64.3,0,44.699387,175,248,72.2,64.4,0,46.178383,245,426,71.4,64.1,0,40.288567,420,163,73.2,64.7,0,27.319523,160,339,72.6,64.5,0,38.573704,335,306,73.1,64.7,0,31.677475,300,407,72.3,64.2,0,27.980804,400,197,70.7,64.7,0,36.822086,195,401,71.8,64.1,0,32.967304,380,351,70.4,64.5,0,30.39312,335,178,73.8,64,0,60.50986,175,251,72.7,64.4,0,45.679306,245,356,72.2,64,0,35.93212,350,162,73.6,64.3,0,34.70545,160,339,73.9,64.3,0,40.45177,335,244,72.9,65.1,0,40.888996,230,291,73.3,64.2,0,34.974888,285,210,69.8,64.7,0,43.543873,195,392,73.8,64.4,0,39.936607,380,348,72.3,64,0,39.073963,335,183,73.4,64.1,0,56.21549,175,250,73,64.2,0,45.15535,245,434,72,64.2,0,46.409245,420,164,73.5,64.1,0,31.607298,160,341,72.3,64.1,0,33.639706,335,105,71.9,64.7,0,32.161236,100,347,73,64.6,0,39.494453,335,200,70.9,285,0,32.541336,195,388,73.5,64.3,0,37.24138,380,344,71.6,64.2,0,42.189796,335,285,74,64.1,0,41.989563,283.99982,297,74,64.3,0,51.35939,299.6,354,73.3,64.1,0,38.056435,350,162,73,64.4,0,42.71905,160,357,69.7,64,0,51.343464,335,233,74,64.7,0,43.134357,230,163,72.7,64.4,0,34.69063,150,198,70.6,65.1,0,43.76463,195,388,73.9,64.4,0,40.70506,380,591,70.4,64,0,67.51913,575,336,73.5,64.9,0,45.093292,335,259,72.8,64.9,0,43.088387,250,177,73.3,64.9,0,59.034664,175,192,73.9,64.8,0,30.547895,190,189,71.3,64.6,0,44.410507,185,309,70.2,64.3,0,40.639366,300,303,73.3,64,0,35.3197,300,212,69.2,64.1,0,55.018543,210,884,68.2,63.9,0,91.49233,880,87.9,88,87.8,142.9,103,116.1,1.1,0,29.96
20170714,1830,77.2,97.3,40.02923552,45.03326667,255,48.4,44.1,5.6,79.9,76.1,-0.1,0.95,0,0,0,5,100,100,1,1,1,0,0,200,72,7.5,5.6,7.5,200,71,74,62.3,100,15,45,60.8,100,0,74,1.3,61.8,1.8125,67.6,0,0,51.5,13.6,0,0,0,73.4,73.5,63.5,68.5,15,46.4,61.4,58.4,0,73.5,1,61.8,1.8125,66.6,0,0,99.6,71.6,16.2,4.4,1.2,15,15,93,65.1,82,100,38.1,0,74.5,1.3,65.55173,65.05173,0,12.7,0,0,1,100,1,72,523,63.8,0,31.221664,524.00085,72,68,2123.706,69.8,63.1,38.7,2200,265,71.4,62.8,0,48.181816,260,127,70.5,63.5,0,52.043926,125,1466,71.9,63.1,0,47.94241,1459.0005,705,76.8,63.6,0,33.535378,700,613,72.1,63.5,0,44.977898,600,203,71.5,63.7,0,36.91399,200,127,70.9,63.7,0,53.404625,125,336,70.6,64.1,0,31.815676,330,244,72.5,64.6,0,100,650,612,70.1,64.8,0,100,950,513,0,63.6,0,32.73174,500,502,71.2,63.6,0,33.16941,500,176,73.2,64.3,0,48.058014,175,253,70.2,64.7,0,42.701313,245,226,71,64.4,0,41.525837,220,354,73.1,64.3,0,31.207233,350,161,73.5,64.5,0,31.019762,160,341,72.7,64.4,0,29.637342,335,340,73.4,64.3,0,28.389156,335,200,71,65,0,35.242886,195,394,73.8,64.7,0,27.782583,380,252,69.9,64.3,0,43.21306,245,177,73.7,64.3,0,44.699387,175,250,72.2,64.4,0,46.178383,245,426,71.4,64.2,0,40.288567,420,163,73.3,64.7,0,27.319523,160,339,72.6,64.5,0,38.573704,335,306,73.1,64.8,0,31.677475,300,407,72.3,64.2,0,27.980804,400,196,70.7,64.8,0,36.822086,195,398,71.8,64.1,0,32.967304,380,345,70.4,64.5,0,30.39312,335,181,73.8,64,0,60.50986,175,254,72.7,64.4,0,45.679306,245,360,72.2,64,0,35.93212,350,163,73.6,64.4,0,34.70545,160,341,73.9,64.3,0,40.45177,335,246,72.9,65.1,0,40.888996,230,295,73.3,64.2,0,34.974888,285,213,69.8,64.7,0,43.543873,195,370,73.8,64.4,0,40.633915,380,335,72.3,64,0,39.93987,335,184,73.4,64.2,0,56.21549,175,252,73,64.1,0,45.15535,245,436,72,64.2,0,46.409245,420,165,73.5,64.2,0,31.607298,160,342,72.4,64.1,0,33.639706,335,108,71.9,64.7,0,32.161236,100,347,73,64.6,0,39.494453,335,199,70.9,284.7,0,32.541336,195,391,73.5,64.3,0,37.24138,380,344,71.6,64.2,0,42.189796,335,289,74,64.2,0,41.989563,283.99982,297,74,64.3,0,51.35939,299.6,353,73.3,64.1,0,38.056435,350,162,73,64.5,0,42.71905,160,359,69.7,64.1,0,51.343464,335,233,74,64.7,0,43.134357,230,163,72.7,64.4,0,34.69063,150,199,70.7,65.1,0,43.76463,195,381,73.9,64.4,0,40.70506,380,593,70.3,64,0,67.51913,575,336,73.5,64.9,0,45.093292,335,259,72.8,64.9,0,43.088387,250,178,73.3,64.9,0,59.034664,175,193,73.9,64.8,0,30.547895,190,189,71.3,64.6,0,44.410507,185,310,70.2,64.3,0,40.639366,300,304,73.3,64,0,35.3197,300,212,69.2,64.1,0,55.018543,210,886,68.2,63.9,0,91.481606,880,87.9,88,87.9,143.9,103,116.1,0.4,1,29.96
20170714,1835,77.1,97.9,40.06739727,45.03326667,255,48.4,44.1,5.6,79.9,76.1,-0.2,0.95,0,0,0,5,100,100,1,1,1,0,0,200,72,7.5,5.6,7.5,200,71.1,74,62.3,100,15,45.8,60.8,100,0,73.9,1.3,61.8,1.8125,67.7,0,0,51.3,13.5,0,0,0,73.4,73.5,63.6,68.8,15,46.5,61.4,54.5,0,73.5,1.01,61.8,1.8125,66.7,0,0,99.6,73.7,14.8,4.4,1.1,15,15,93,65.1,82,100,38,0,74.5,1.3,65.55173,65.05173,0,12.7,0,0,1,100,1,72,528,63.8,0,31.221664,524.00085,72,68,2123.706,69.8,63.1,38.8,2200,264,71.4,62.8,0,48.181816,260,127,70.5,63.4,0,52.043926,125,1456,71.9,63.1,0,47.931664,1459.0005,703,76.8,63.6,0,33.535378,700,613,72,63.5,0,44.977898,600,202,71.5,63.7,0,36.91399,200,127,70.9,63.7,0,53.404625,125,336,70.6,64.1,0,31.815676,330,243,72.5,64.6,0,100,650,610,70.1,64.8,0,100,950,513,0,63.6,0,32.73174,500,503,71.2,63.6,0,33.16941,500,177,73.2,64.3,0,48.058014,175,252,70.2,64.7,0,42.701313,245,226,71,64.4,0,41.525837,220,355,73.1,64.3,0,31.207233,350,161,73.5,64.6,0,31.019762,160,341,72.7,64.5,0,29.637342,335,342,73.3,64.3,0,28.389156,335,201,71,65,0,35.242886,195,398,73.8,64.7,0,27.782583,380,254,69.9,64.3,0,43.21306,245,178,73.7,64.3,0,44.699387,175,250,72.2,64.4,0,46.178383,245,426,71.3,64.2,0,40.288567,420,163,73.2,64.8,0,27.319523,160,342,72.6,64.5,0,38.573704,335,306,73.1,64.8,0,31.677475,300,408,72.3,64.2,0,27.980804,400,197,70.7,64.8,0,36.822086,195,421,71.8,64.1,0,32.967304,380,359,70.4,64.6,0,30.39312,335,180,73.7,64,0,60.50986,175,252,72.7,64.4,0,45.679306,245,358,72.2,64,0,35.93212,350,162,73.6,64.4,0,34.70545,160,344,73.9,64.3,0,40.45177,335,245,72.9,65.1,0,40.888996,230,295,73.3,64.2,0,34.974888,285,213,69.9,64.7,0,43.543873,195,392,73.8,64.4,0,41.33122,380,348,72.3,64,0,40.384846,335,182,73.3,64.1,0,56.21549,175,253,73.1,64.2,0,45.15535,245,436,72,64.2,0,46.409245,420,165,73.5,64.2,0,31.607298,160,342,72.3,64.1,0,33.639706,335,106,71.9,64.7,0,32.161236,100,349,72.9,64.6,0,39.494453,335,201,70.9,284.7,0,32.541336,195,393,73.5,64.3,0,37.24138,380,346,71.6,64.2,0,42.189796,335,288,74,64.2,0,41.989563,283.99982,296,74,64.3,0,51.35939,299.6,353,73.3,64.1,0,38.056435,350,162,73,64.5,0,42.71905,160,364,69.7,64.1,0,51.343464,335,234,74,64.7,0,43.134357,230,166,72.7,64.4,0,34.69063,150,198,70.7,65.1,0,43.76463,195,387,73.9,64.4,0,40.70506,380,596,70.3,64,0,67.51913,575,336,73.5,64.9,0,45.093292,335,259,72.7,64.9,0,43.088387,250,179,73.3,64.9,0,59.034664,175,193,73.9,64.8,0,30.547895,190,189,71.3,64.6,0,44.410507,185,310,70.3,64.3,0,40.639366,300,304,73.4,64,0,35.3197,300,212,69.2,64.1,0,55.018543,210,890,68.2,63.9,0,91.481606,880,87.9,88,88,145.9,103,116,1.2,-0.2,29.96
20170714,1840,77.2,99.6,40.55391954,45.03326667,255,48.5,44.2,5.6,80,76.2,-0.1,0.9,0,0,0,5,100,100,1,1,1,0,0,200,72,7.5,5.6,7.5,200,71,74.1,62.2,100,15,46.4,60.8,100,0,74,1.3,61.8,1.8125,67.6,0,0,50.9,13.4,0,0,0,73.4,73.5,63.4,68.6,15,46.5,61.4,58.6,0,73.5,1.01,61.8,1.8125,66.8,0,0,99.6,74.3,16.3,4.4,1.5,15,15,93,65.1,82,100,38.2,0,74.5,1.3,65.55173,65.05173,0,12.8,0,0,1,100,1,72,529,63.8,0,31.221664,524.00085,72,68,2123.706,69.8,63,38.9,2200,263,71.4,62.7,0,48.181816,260,127,70.5,63.4,0,52.043926,125,1451,71.8,63,0,48.533363,1459.0005,706,76.8,63.5,0,33.535378,700,612,72,63.4,0,44.977898,600,202,71.6,63.6,0,36.91399,200,127,70.9,63.6,0,53.404625,125,336,70.6,64.1,0,31.815676,330,243,72.6,64.6,0,100,650,609,70.1,64.8,0,100,950,513,0,63.6,0,32.73174,500,504,71.2,63.6,0,33.16941,500,177,73.2,64.4,0,48.058014,175,251,70.2,64.7,0,42.701313,245,225,71,64.4,0,41.525837,220,353,73.1,64.3,0,31.207233,350,161,73.5,64.6,0,31.019762,160,342,72.7,64.5,0,29.637342,335,341,73.4,64.3,0,28.389156,335,201,71,65,0,35.242886,195,394,73.8,64.7,0,27.782583,380,254,69.9,64.3,0,43.21306,245,178,73.7,64.3,0,44.699387,175,250,72.2,64.4,0,46.178383,245,423,71.4,64.2,0,40.288567,420,163,73.2,64.7,0,27.319523,160,340,72.6,64.5,0,38.573704,335,306,73.1,64.8,0,31.677475,300,408,72.3,64.2,0,27.980804,400,198,70.7,64.7,0,36.822086,195,416,71.8,64.1,0,32.967304,380,361,70.4,64.5,0,30.39312,335,181,73.8,64,0,60.50986,175,251,72.7,64.4,0,45.679306,245,360,72.2,64,0,35.93212,350,163,73.6,64.4,0,34.70545,160,343,73.9,64.3,0,40.45177,335,246,72.9,65.1,0,40.888996,230,294,73.3,64.2,0,34.974888,285,213,69.9,64.7,0,43.543873,195,379,73.8,64.4,0,40.972004,380,339,72.3,64,0,39.867706,335,182,73.5,64.2,0,56.21549,175,252,73,64.2,0,45.15535,245,435,72,64.2,0,46.409245,420,165,73.5,64.2,0,31.607298,160,341,72.3,64.1,0,33.639706,335,107,71.9,64.7,0,32.161236,100,347,73,64.6,0,39.494453,335,201,71,284.7,0,32.541336,195,392,73.5,64.3,0,37.24138,380,345,71.6,64.2,0,42.189796,335,284,74,64.2,0,41.989563,283.99982,296,74,64.3,0,51.35939,299.6,353,73.2,64.1,0,38.056435,350,162,73,64.5,0,42.71905,160,367,69.7,64,0,51.343464,335,234,74,64.7,0,43.134357,230,163,72.7,64.4,0,34.69063,150,197,70.7,65.1,0,43.76463,195,388,73.8,64.4,0,40.70506,380,594,70.3,64,0,67.51913,575,336,73.5,64.9,0,45.093292,335,260,72.8,64.9,0,43.088387,250,178,73.3,64.9,0,59.034664,175,196,73.9,64.8,0,30.547895,190,190,71.3,64.6,0,44.410507,185,311,70.3,64.3,0,40.639366,300,304,73.2,64,0,35.3197,300,211,69.3,64.1,0,55.018543,210,891,68.2,63.9,0,91.13829,880,87.9,88,88,142.9,103,115.6,0,0.5,29.96
20170714,1845,77.2,98.4,40.28007364,45.03326667,253,48.5,44.2,5.6,80,76.2,-0.1,0.95,0,0,0,5,100,100,1,1,1,0,0,200,72,7.5,5.6,7.5,200,71,74,62.2,100,15,47,60.8,100,0,74,1.3,61.8,1.8125,67.7,0,0,50.9,13.4,0,0,0,73.4,73.5,63.4,68.7,15,46.5,61.4,55.7,0,73.6,1,61.8,1.8125,66.8,0,0,99.7,73.9,15.2,4.6,0.7,15,15,93,65.1,82,100,38.1,0,74.5,1.3,65.55173,65.05173,0,12.8,0,0,1,100,1,72,526,63.7,0,31.221664,524.00085,72,68,2611.5657,69.8,63,34.2,2200,265,71.4,62.7,0,48.181816,260,127,70.5,63.3,0,52.043926,125,1449,71.8,63,0,48.533363,1459.0005,707,76.8,63.5,0,33.535378,700,612,72,63.4,0,44.977898,600,202,71.7,63.6,0,36.91399,200,127,70.8,63.6,0,53.404625,125,335,70.6,64,0,31.815676,330,243,72.5,64.5,0,100,650,609,70.1,64.8,0,100,950,513,0,63.5,0,32.73174,500,502,71.2,63.5,0,33.16941,500,177,73.1,64.4,0,48.058014,175,251,70.2,64.7,0,42.701313,245,225,71,64.4,0,41.525837,220,353,73.1,64.3,0,31.207233,350,161,73.5,64.6,0,31.019762,160,341,72.7,64.5,0,29.637342,335,343,73.4,64.4,0,28.389156,335,201,71,65,0,35.242886,195,396,73.8,64.7,0,27.782583,380,254,69.9,64.3,0,43.21306,245,177,73.7,64.3,0,44.699387,175,249,72.2,64.4,0,46.178383,245,425,71.4,64.2,0,40.288567,420,163,73.2,64.7,0,27.319523,160,340,72.6,64.5,0,38.573704,335,306,73.1,64.8,0,31.677475,300,409,72.3,64.2,0,27.980804,400,198,70.7,64.8,0,36.822086,195,418,71.8,64.1,0,32.967304,380,356,70.4,64.6,0,30.39312,335,179,73.8,64,0,60.50986,175,252,72.7,64.4,0,45.679306,245,357,72.2,64,0,35.93212,350,162,73.6,64.4,0,34.70545,160,341,73.9,64.3,0,40.45177,335,245,72.9,65.1,0,40.888996,230,293,73.3,64.3,0,34.974888,285,211,69.9,64.7,0,43.543873,195,388,73.7,64.4,0,39.757,380,345,72.2,64,0,38.821407,335,182,73.5,64.2,0,56.21549,175,251,73,64.2,0,45.15535,245,436,72,64.2,0,46.409245,420,165,73.5,64.2,0,31.607298,160,343,72.3,64.1,0,33.639706,335,106,71.9,64.7,0,32.161236,100,347,72.9,64.6,0,39.494453,335,201,71,285,0,32.541336,195,392,73.5,64.3,0,37.24138,380,346,71.5,64.3,0,42.189796,335,287,74,64.2,0,41.989563,283.99982,297,74,64.3,0,51.35939,299.6,355,73.2,64.1,0,38.056435,350,162,72.9,64.5,0,42.71905,160,366,69.7,64.1,0,51.343464,335,234,73.9,64.7,0,43.134357,230,168,72.7,64.4,0,34.69063,150,198,70.7,65.1,0,43.76463,195,387,73.8,64.4,0,40.70506,380,593,70.3,64,0,67.51913,575,336,73.5,64.9,0,45.093292,335,260,72.8,65,0,43.088387,250,178,73.3,64.9,0,59.034664,175,194,73.9,64.8,0,30.547895,190,190,71.3,64.6,0,44.410507,185,308,70.3,64.4,0,40.639366,300,305,73.3,64.1,0,35.3197,300,211,69.2,64.2,0,55.018543,210,890,68.3,63.9,0,91.51379,880,87.9,88,88,142.9,102.9,116,1.6,-0.1,29.96
20170714,1850,77.2,97.9,40.16603412,45.03326667,257,48.7,44.1,5.6,80.3,76.2,-0.1,0.9,0,0,0,5,100,100,1,1,1,0,0,200,72,7.5,5.6,7.5,200,71,74,61.7,100,15,48.3,60,100,0,73.9,1.3,61,1.8125,67.6,0,0,51.4,13.5,0,0,0,73.3,73.5,63.7,68.5,15,46.9,61,55.5,0,73.6,1.01,61,1.8125,66.8,0,0,99.7,72.4,15.1,4.5,1.3,15,15,93.2,65.1,82,100,38.3,0,74.5,1.3,65.31035,64.81035,0,12.8,0,0,1,100,1,72,522,63.4,0,31.221664,524.00085,72,68,2123.706,69.8,62.6,39.2,2200,264,71.4,62.4,0,48.181816,260,127,70.5,63,0,52.043926,125,1445,71.8,62.7,0,48.533363,1459.0005,705,76.8,63.1,0,33.535378,700,613,71.9,63.2,0,44.977898,600,202,71.6,63.3,0,36.91399,200,127,70.8,63.3,0,53.404625,125,335,70.6,63.8,0,31.815676,330,243,72.5,64.3,0,100,650,609,70.1,64.4,0,100,950,513,0,63.2,0,32.73174,500,503,71.1,63.2,0,33.16941,500,176,73.2,64.4,0,48.058014,175,251,70.2,64.7,0,42.701313,245,225,71,64.5,0,41.525837,220,355,73,64.4,0,31.207233,350,161,73.5,64.6,0,31.019762,160,341,72.7,64.5,0,29.637342,335,339,73.4,64.4,0,28.389156,335,200,71,65,0,35.242886,195,395,73.8,64.7,0,27.782583,380,253,69.9,64.4,0,43.21306,245,177,73.7,64.4,0,44.699387,175,249,72.2,64.5,0,46.178383,245,424,71.3,64.2,0,40.288567,420,162,73.2,64.8,0,27.319523,160,341,72.6,64.6,0,38.573704,335,306,73.1,64.8,0,31.677475,300,404,72.3,64.3,0,27.980804,400,197,70.7,64.8,0,36.822086,195,401,71.8,64.2,0,32.967304,380,352,70.4,64.6,0,30.39312,335,179,73.8,64.1,0,60.50986,175,252,72.6,64.4,0,45.679306,245,358,72.2,64.1,0,35.93212,350,162,73.6,64.4,0,34.70545,160,338,73.9,64.3,0,40.45177,335,245,72.9,65.1,0,40.888996,230,290,73.3,64.3,0,34.974888,285,210,69.9,64.8,0,43.543873,195,395,73.7,64.5,0,40.285263,380,349,72.2,64.1,0,40.300663,335,183,73.4,64.2,0,56.21549,175,253,73,64.3,0,45.15535,245,434,72,64.3,0,46.409245,420,165,73.5,64.2,0,31.607298,160,342,72.3,64.2,0,33.639706,335,106,71.9,64.8,0,32.161236,100,348,72.9,64.7,0,39.494453,335,200,71,284.9,0,32.541336,195,392,73.5,64.3,0,37.24138,380,344,71.5,64.4,0,42.189796,335,285,74,64.2,0,41.989563,283.99982,297,74,64.4,0,51.35939,299.6,352,73.2,64.2,0,38.056435,350,162,72.9,64.6,0,42.71905,160,358,69.7,64.1,0,51.343464,335,233,73.9,64.8,0,43.134357,230,165,72.7,64.5,0,34.69063,150,198,70.6,65.2,0,43.76463,195,387,73.8,64.5,0,40.70506,380,589,70.3,64,0,67.51913,575,336,73.5,65,0,45.093292,335,259,72.8,65,0,43.088387,250,177,73.3,65,0,59.034664,175,192,73.9,64.8,0,30.547895,190,189,71.3,64.7,0,44.410507,185,308,70.3,64.4,0,40.639366,300,304,73.3,64.1,0,35.3197,300,212,69.2,64.2,0,55.018543,210,888,68.2,64,0,91.51379,880,87.9,88,87.9,145.9,102.9,116,1.2,0,29.96
20170714,1855,77.2,98,40.18138183,45.03326667,255,48.4,43.8,5.6,80.4,76.4,-0.1,0.9,0,0,0,5,100,100,1,1,1,0,0,200,72,7.5,5.6,7.5,200,70.9,73.9,61.3,100,15,49.1,60,100,0,73.8,1.3,61,1.8125,67.6,0,0,51.4,13.5,0,0,0,73.3,73.5,63.8,68.6,15,47.3,61,55.9,0,73.6,1,61,1.8125,66.9,0,0,99.7,73.8,15.2,4.3,1.2,15,15,92.5,65.1,82,100,38.9,0,74.5,1.3,65.31035,64.81035,0,12.8,0,0,1,100,1,72,526,63.1,0,31.221664,524.00085,72,68,2123.706,69.8,62.3,39.3,2200,264,71.4,62.1,0,48.181816,260,127,70.5,62.8,0,52.043926,125,1437,71.8,62.4,0,48.533363,1459.0005,707,76.8,62.9,0,33.535378,700,612,71.8,62.9,0,44.977898,600,202,71.4,63,0,36.91399,200,127,70.8,63.1,0,53.404625,125,336,70.5,63.5,0,31.815676,330,244,72.5,64.1,0,100,650,610,70.1,64.2,0,100,950,513,0,63,0,32.73174,500,502,71.1,63,0,33.16941,500,177,73.2,64.5,0,48.058014,175,252,70.2,64.8,0,42.701313,245,225,70.9,64.6,0,41.525837,220,353,73,64.4,0,31.207233,350,161,73.5,64.7,0,31.019762,160,341,72.7,64.6,0,29.637342,335,341,73.3,64.4,0,28.389156,335,200,71,65.1,0,35.242886,195,396,73.8,64.8,0,27.782583,380,254,69.9,64.4,0,43.21306,245,178,73.7,64.5,0,44.699387,175,249,72.1,64.6,0,46.178383,245,425,71.4,64.3,0,40.288567,420,163,73.1,64.8,0,27.319523,160,340,72.6,64.6,0,38.573704,335,306,73.1,64.9,0,31.677475,300,408,72.3,64.3,0,27.980804,400,198,70.7,64.8,0,36.822086,195,419,71.7,64.2,0,32.967304,380,351,70.4,64.7,0,30.39312,335,178,73.8,64.1,0,60.50986,175,250,72.6,64.5,0,45.679306,245,356,72.2,64.2,0,35.93212,350,162,73.6,64.5,0,34.70545,160,341,73.9,64.4,0,40.45177,335,244,72.9,65.1,0,40.888996,230,293,73.3,64.3,0,34.974888,285,211,69.9,64.8,0,43.543873,195,396,73.7,64.6,0,40.169044,380,350,72.2,64.1,0,40.216476,335,182,73.4,64.3,0,56.21549,175,252,73,64.3,0,45.15535,245,437,72,64.3,0,46.409245,420,163,73.5,64.3,0,31.154364,160,341,72.3,64.2,0,33.639706,335,108,71.9,64.8,0,32.161236,100,347,72.9,64.8,0,39.494453,335,201,71,284.9,0,32.541336,195,389,73.5,64.4,0,37.24138,380,346,71.5,64.4,0,42.189796,335,286,74,64.3,0,41.989563,283.99982,297,74,64.5,0,51.35939,299.6,354,73.2,64.2,0,38.056435,350,162,72.9,64.6,0,42.71905,160,360,69.7,64.2,0,51.343464,335,234,73.9,64.8,0,43.134357,230,164,72.7,64.5,0,34.69063,150,198,70.6,65.2,0,43.76463,195,388,73.8,64.5,0,40.70506,380,588,70.2,64.1,0,67.51913,575,336,73.5,65,0,45.093292,335,259,72.8,65,0,43.088387,250,177,73.3,65,0,59.034664,175,193,73.9,64.9,0,30.547895,190,189,71.3,64.8,0,44.410507,185,308,70.3,64.4,0,40.639366,300,304,73.3,64.2,0,35.3197,300,211,69.2,64.3,0,55.018543,210,889,68.3,64.1,0,91.49233,880,87.9,88,87.8,144.9,102.9,115.8,1.2,0,29.97
20170714,1900,77.3,99.6,40.64656107,45.03326667,256,48.6,44,5.65,80.5,76.6,-0.1,0.9,0,0,0,5,100,100,1,1,1,0,0,200,72,7.5,5.65,7.5,200,70.9,73.8,61,100,15,49,60,100,0,73.7,1.35,61,1.8125,67.1,0,0,51.1,13.7,0,0,0,73.4,73.5,63.8,68.7,15,47.6,61,55.3,0,73.6,0.97,61,1.8125,66.9,0,0,99.5,71.8,15,4.6,0.7,15,15,92.8,65.1,82,100,39,0,74.5,1.3,65.31035,64.81035,0,12.8,0,0,1,100,1,72,407,62.8,0,31.074623,416.00027,72,68,2123.706,69.8,61.9,38.5,2200,266,71.3,61.7,0,48.181816,260,128,70.5,62.4,0,52.043926,125,1412,71.7,62,0,46.653057,1407.9995,700,76.8,62.5,0,33.535378,700,616,71.8,62.6,0,44.977898,600,203,71.3,62.7,0,36.91399,200,128,70.7,62.7,0,53.404625,125,338,70.5,63.2,0,31.815676,330,244,72.5,63.7,0,100,650,614,70,63.9,0,100,950,514,0,62.6,0,32.73174,500,504,71.1,62.6,0,33.16941,500,176,73.2,64.5,0,48.058014,175,253,70.2,64.8,0,42.701313,245,226,71,64.6,0,41.525837,220,356,73,64.5,0,31.207233,350,161,73.5,64.7,0,31.019762,160,342,72.7,64.6,0,29.637342,335,341,73.3,64.5,0,28.389156,335,200,71,65.1,0,35.242886,195,396,73.8,64.8,0,27.782583,380,253,70,64.4,0,43.21306,245,177,73.7,64.5,0,44.699387,175,250,72.2,64.6,0,46.178383,245,425,71.4,64.3,0,40.288567,420,163,73.1,64.9,0,27.319523,160,339,72.5,64.6,0,38.573704,335,306,73.1,64.9,0,31.677475,300,407,72.3,64.4,0,27.980804,400,196,70.7,64.9,0,36.822086,195,397,71.7,64.3,0,32.967304,380,353,70.4,64.7,0,30.39312,335,180,73.8,64.2,0,60.50986,175,253,72.6,64.6,0,45.679306,245,359,72.2,64.2,0,35.93212,350,163,73.6,64.5,0,34.70545,160,341,73.9,64.4,0,40.45177,335,246,72.9,65.2,0,40.888996,230,294,73.3,64.3,0,34.974888,285,212,69.9,64.9,0,43.543873,195,394,73.7,64.6,0,41.574223,380,334,72.2,64.2,0,40.324715,335,184,73.4,64.3,0,56.21549,175,251,73,64.3,0,45.15535,245,436,72,64.4,0,46.409245,420,164,73.5,64.3,0,31.154364,160,342,72.3,64.3,0,33.639706,335,108,71.9,64.8,0,32.161236,100,348,72.9,64.8,0,39.494453,335,200,71,284.9,0,32.541336,195,394,73.5,64.4,0,37.24138,380,344,71.5,64.4,0,42.189796,335,287,74,64.4,0,41.989563,283.99982,295,74,64.5,0,51.35939,299.6,353,73.1,64.3,0,38.056435,350,162,72.9,64.6,0,42.71905,160,356,69.8,64.2,0,51.343464,335,233,73.9,64.8,0,43.134357,230,164,72.7,64.5,0,34.69063,150,199,70.7,65.3,0,43.76463,195,384,73.8,64.6,0,40.70506,380,595,70.2,64.1,0,67.51913,575,336,73.5,65,0,45.093292,335,258,72.8,65.1,0,43.088387,250,177,73.3,65,0,59.034664,175,193,73.9,65,0,30.547895,190,188,71.3,64.8,0,44.410507,185,309,70.3,64.5,0,40.639366,300,303,73.3,64.2,0,35.3197,300,212,69.3,64.3,0,55.018543,210,886,68.3,64.1,0,91.481606,880,87.9,88,87.9,141.9,102.9,115.9,0.3,0.7,29.97
20170714,1905,77.3,99.6,40.64656107,43.6038,256,48.6,44,5.65,80.7,76.7,-0.1,0.95,0,0,0,5,100,100,1,1,1,0,0,200,72,7.5,5.65,7.5,200,70.8,73.8,61,100,15,49,60,100,0,73.7,1.35,61,1.8125,67,0,0,50.9,13.8,0,0,0,73.4,73.5,63.5,69.1,15,48.1,61,54.7,0,73.6,0.99,61,1.8125,67,0,0,99.6,77.6,14.9,4.6,1.3,15,15,92.8,65.1,82,100,39,0,74.5,1.3,65.31035,64.81035,0,12.8,0,0,1,100,1,72,209,63.1,0,23.477516,200,72,68,2123.706,69.7,61.9,38.6,2200,269,71.3,61.6,0,48.181816,260,129,70.4,62.3,0,52.043926,125,1357,71.8,61.9,0,45.438915,1356.9995,690,76.8,62.4,0,34.036602,700,622,71.7,62.4,0,44.523575,600,206,71.3,62.6,0,36.91399,200,130,70.7,62.6,0,53.404625,125,340,70.5,63,0,31.815676,330,248,72.5,63.5,0,100,650,620,70,63.7,0,100,950,515,0,62.5,0,32.73174,500,506,71,62.5,0,33.16941,500,176,73.2,64.5,0,48.058014,175,250,70.2,64.8,0,42.701313,245,225,71,64.6,0,41.525837,220,353,73,64.5,0,31.207233,350,161,73.5,64.7,0,31.019762,160,341,72.7,64.6,0,29.637342,335,340,73.3,64.5,0,28.389156,335,199,71,65.1,0,35.242886,195,394,73.8,64.8,0,27.782583,380,253,70,64.5,0,43.21306,245,177,73.8,64.5,0,44.699387,175,248,72.2,64.6,0,46.178383,245,424,71.3,64.3,0,40.288567,420,163,73.1,64.9,0,27.319523,160,339,72.5,64.6,0,38.573704,335,306,73.1,64.9,0,31.677475,300,406,72.3,64.3,0,27.980804,400,196,70.7,64.9,0,36.822086,195,404,71.7,64.3,0,32.967304,380,353,70.4,64.7,0,30.39312,335,177,73.8,64.1,0,60.50986,175,250,72.6,64.6,0,45.679306,245,357,72.2,64.2,0,35.93212,350,162,73.6,64.5,0,34.70545,160,336,73.9,64.4,0,40.45177,335,245,72.9,65.2,0,40.888996,230,292,73.3,64.3,0,34.974888,285,209,69.9,64.9,0,43.543873,195,390,73.7,64.6,0,40,380,348,72.2,64.2,0,39.446785,335,182,73.4,64.3,0,56.21549,175,251,73,64.3,0,45.15535,245,433,72,64.4,0,46.409245,420,163,73.5,64.3,0,31.154364,160,340,72.3,64.3,0,33.639706,335,106,71.9,64.9,0,32.161236,100,345,72.9,64.8,0,39.494453,335,200,71,284.7,0,32.541336,195,389,73.5,64.4,0,37.24138,380,343,71.5,64.4,0,42.189796,335,282,74,64.3,0,41.989563,283.99982,295,74,64.5,0,51.35939,299.6,352,73.1,64.3,0,38.056435,350,161,72.9,64.7,0,42.71905,160,351,69.7,64.2,0,51.343464,335,233,73.9,64.9,0,43.134357,230,158,72.7,64.5,0,34.69063,150,198,70.7,65.3,0,43.76463,195,385,73.8,64.6,0,40.70506,380,590,70.2,64.1,0,67.51913,575,336,73.5,65,0,45.093292,335,258,72.8,65.1,0,43.088387,250,177,73.3,65.1,0,59.034664,175,193,73.9,65,0,30.547895,190,189,71.3,64.8,0,44.410507,185,312,70.3,64.5,0,40.639366,300,304,73.2,64.2,0,35.3197,300,211,69.3,64.3,0,55.018543,210,885,68.3,64.1,0,91.47087,880,87.9,87.9,87.8,142.9,102.9,116,-0.6,0.8,29.97
20170714,1910,77.2,99.6,40.54633268,43.6038,256,48.6,43.9,5.6,80.8,76.7,-0.2,0.95,0,0,0,5,100,100,1,1,1,0,0,200,72,7.5,5.6,7.5,200,70.8,73.8,60.9,100,15,48.8,60,100,0,73.7,1.4,61,1.8125,66.8,0,0,51.3,13.4,0,0,0,73.4,73.5,63.8,68.7,15,48.4,61,58.2,0,73.6,1.02,61,1.8125,66.9,0,0,99.5,73.1,15.8,4.5,1.4,15,15,92.9,65.1,82,100,39,0,74.5,1.3,65.31035,64.81035,0,12.8,0,0,1,100,1,72,207,63.4,0,23.477516,200,72,68,2611.5657,69.7,61.8,32.9,2200,269,71.3,61.5,0,48.181816,260,130,70.4,62.2,0,51.592434,125,1391,71.8,61.8,0,44.51488,1356.9995,688,76.7,62.3,0,34.10654,700,616,71.6,62.3,0,44.069256,600,207,71.2,62.5,0,36.91399,200,130,70.6,62.5,0,53.404625,125,341,70.4,63,0,31.815676,330,249,72.4,63.4,0,100,650,624,69.9,63.6,0,100,950,515,0,62.4,0,32.73174,500,506,71,62.4,0,33.16941,500,177,73.2,64.5,0,48.058014,175,251,70.2,64.8,0,42.701313,245,226,71,64.6,0,41.525837,220,355,73,64.4,0,31.207233,350,161,73.5,64.7,0,31.019762,160,341,72.7,64.6,0,29.637342,335,340,73.4,64.5,0,28.389156,335,201,71,65.1,0,35.242886,195,398,73.8,64.8,0,27.782583,380,255,70,64.4,0,43.21306,245,177,73.7,64.5,0,44.699387,175,250,72.2,64.5,0,46.178383,245,426,71.3,64.3,0,40.288567,420,163,73.1,64.9,0,27.319523,160,341,72.5,64.6,0,38.573704,335,306,73.1,64.9,0,31.677475,300,407,72.3,64.3,0,27.980804,400,198,70.8,64.9,0,36.822086,195,418,71.7,64.3,0,32.967304,380,358,70.4,64.7,0,30.39312,335,180,73.8,64.1,0,60.50986,175,251,72.6,64.6,0,45.679306,245,359,72.2,64.2,0,35.93212,350,163,73.6,64.5,0,34.70545,160,342,73.9,64.4,0,40.45177,335,246,72.9,65.2,0,40.888996,230,294,73.3,64.3,0,34.974888,285,213,69.9,64.9,0,43.543873,195,397,73.7,64.6,0,41.690437,380,336,72.2,64.1,0,40.67348,335,183,73.4,64.3,0,56.21549,175,253,73,64.3,0,45.15535,245,437,72,64.4,0,46.409245,420,164,73.5,64.3,0,31.154364,160,341,72.3,64.2,0,33.639706,335,107,71.9,64.8,0,32.161236,100,349,72.9,64.7,0,39.494453,335,200,71,284.9,0,32.541336,195,387,73.4,64.4,0,37.24138,380,346,71.5,64.4,0,42.189796,335,285,74,64.3,0,41.989563,283.99982,298,74,64.4,0,51.35939,299.6,354,73.1,64.2,0,38.056435,350,162,72.8,64.6,0,42.71905,160,362,69.7,64.2,0,51.343464,335,234,73.9,64.9,0,43.134357,230,167,72.7,64.6,0,34.69063,150,198,70.7,65.3,0,43.76463,195,386,73.7,64.5,0,40.70506,380,594,70.2,64.1,0,67.51913,575,336,73.5,65.1,0,45.093292,335,259,72.8,65.1,0,43.088387,250,178,73.3,65.1,0,59.034664,175,193,73.9,65,0,30.547895,190,189,71.3,64.8,0,44.410507,185,310,70.3,64.4,0,40.639366,300,305,73.2,64.2,0,35.3197,300,212,69.2,64.2,0,55.018543,210,891,68.3,64,0,91.13829,880,87.8,87.9,87.8,143.9,102.9,115.8,1.2,1.6,29.97
20170714,1915,77.2,99.6,40.54633268,43.6038,260,48.5,43.9,5.6,80.7,76.7,-0.2,0.9,0,0,0,5,100,100,1,1,1,0,0,200,72,7.5,5.6,7.5,200,70.8,73.8,60.9,100,15,48.7,60,100,0,73.7,1.4,61,1.8125,66.5,0,0,51.4,13.7,0,0,0,73.3,73.5,63.6,68.9,15,48.6,61,54.6,0,73.6,1,61,1.8125,67.1,0,0,99.9,74.1,14.9,4.8,1.4,15,15,93,65.1,82,100,38.4,0,74.5,1.3,65.31035,64.81035,0,12.8,0,0,1,100,1,72,209,63.4,0,23.477516,200,72,68,2611.5657,69.7,61.7,33,2200,271,71.2,61.5,0,48.181816,260,129,70.4,62.2,0,51.14094,125,1333,71.9,61.8,0,44.51488,1356.9995,687,76.7,62.2,0,34.25807,700,617,71.6,62.2,0,44.069256,600,208,71.1,62.4,0,36.91399,200,131,70.6,62.4,0,53.404625,125,342,70.4,62.9,0,31.815676,330,249,72.4,63.4,0,100,650,626,69.9,63.6,0,100,950,515,0,62.3,0,32.73174,500,508,71,62.3,0,33.16941,500,177,73.2,64.5,0,48.058014,175,252,70.2,64.8,0,42.701313,245,225,71,64.6,0,41.525837,220,355,73,64.5,0,31.207233,350,161,73.5,64.8,0,31.019762,160,343,72.7,64.7,0,29.637342,335,342,73.4,64.5,0,28.389156,335,201,71,65.2,0,35.242886,195,395,73.8,64.8,0,27.782583,380,253,69.9,64.5,0,43.21306,245,177,73.8,64.5,0,44.699387,175,251,72.2,64.6,0,46.178383,245,425,71.3,64.3,0,40.288567,420,163,73.1,64.9,0,27.319523,160,340,72.6,64.7,0,38.573704,335,306,73.1,64.9,0,31.677475,300,407,72.3,64.3,0,27.980804,400,199,70.8,64.9,0,36.822086,195,404,71.7,64.3,0,32.967304,380,341,70.4,64.7,0,30.39312,335,179,73.8,64.2,0,60.50986,175,250,72.6,64.6,0,45.679306,245,357,72.2,64.2,0,35.93212,350,162,73.6,64.5,0,34.70545,160,343,73.9,64.4,0,40.45177,335,244,72.9,65.2,0,40.888996,230,293,73.3,64.4,0,34.974888,285,211,69.9,64.9,0,43.543873,195,405,73.7,64.6,0,40.58109,380,355,72.2,64.2,0,40.67348,335,183,73.4,64.3,0,56.21549,175,252,73,64.4,0,45.15535,245,436,72,64.4,0,46.409245,420,164,73.5,64.3,0,31.154364,160,340,72.2,64.3,0,33.639706,335,107,71.9,64.9,0,32.161236,100,346,72.9,64.8,0,39.494453,335,201,71,284.9,0,32.541336,195,391,73.4,64.4,0,37.24138,380,345,71.5,64.4,0,42.189796,335,324,74.1,64.3,0,43.965805,319.9999,297,74,64.5,0,51.35939,299.6,354,73.1,64.3,0,38.056435,350,162,72.8,64.7,0,42.71905,160,366,69.8,64.2,0,51.343464,335,234,73.9,64.9,0,43.134357,230,166,72.7,64.6,0,34.69063,150,198,70.7,65.3,0,43.76463,195,387,73.7,64.6,0,40.70506,380,590,70.2,64.1,0,67.51913,575,336,73.5,65.1,0,45.093292,335,260,72.8,65.1,0,43.088387,250,178,73.3,65.1,0,59.034664,175,193,73.9,65,0,30.547895,190,189,71.3,64.8,0,44.410507,185,306,70.3,64.5,0,40.639366,300,304,73.1,64.2,0,35.3197,300,212,69.3,64.3,0,55.018543,210,891,68.3,64.1,0,91.12756,880,87.8,87.9,87.7,144.9,102.9,115.9,-0.2,0,29.97
20170714,1920,77.3,99.6,40.64656107,43.6038,255,49,44.3,5.6,80.7,76.7,-0.1,0.95,0,0,0,5,100,100,1,1,1,0,0,200,72,7.5,5.6,7.5,200,70.7,73.9,61.1,100,15,48.6,60,100,0,73.8,1.4,61,1.8125,66.5,0,0,51,13.4,0,0,0,73.3,73.6,63.2,68.8,15,48.8,61,54.7,0,73.6,1.02,61,1.8125,67.1,0,0,98.6,74.4,14.8,4.2,1.2,15,15,94,65.1,82,100,37.4,0,74.5,1.3,65.31035,64.81035,0,12.9,0,0,1,100,1,72,210,63.5,0,23.477516,200,72,68,2123.706,69.7,61.9,38,2200,270,71.2,61.6,0,48.181816,260,129,70.4,62.2,0,51.14094,125,1363,72,61.8,0,45.041367,1356.9995,688,76.7,62.3,0,34.16482,700,620,71.5,62.2,0,44.069256,600,207,71.1,62.5,0,36.91399,200,130,70.5,62.5,0,53.404625,125,342,70.4,63,0,31.815676,330,249,72.3,63.4,0,100,650,624,69.8,63.6,0,100,950,515,0,62.4,0,32.73174,500,507,70.9,62.4,0,33.16941,500,177,73.2,64.3,0,48.058014,175,252,70.2,64.6,0,42.701313,245,226,71,64.4,0,41.525837,220,353,73,64.3,0,31.207233,350,161,73.5,64.6,0,31.019762,160,341,72.7,64.5,0,29.637342,335,341,73.3,64.4,0,28.389156,335,201,71,65,0,35.242886,195,395,73.8,64.7,0,26.21371,380,251,70,64.3,0,43.21306,245,179,73.7,64.2,0,44.699387,175,251,72.2,64.3,0,46.178383,245,425,71.3,64.1,0,40.288567,420,164,73,64.8,0,27.319523,160,342,72.5,64.5,0,38.573704,335,306,73.1,64.8,0,31.677475,300,409,72.3,64.2,0,27.980804,400,198,70.8,64.8,0,36.822086,195,419,71.7,64.1,0,32.967304,380,357,70.4,64.6,0,30.39312,335,179,73.8,63.8,0,60.50986,175,252,72.6,64.3,0,45.679306,245,357,72.2,64,0,35.93212,350,162,73.5,64.4,0,34.70545,160,341,73.9,64.2,0,40.45177,335,245,72.9,65.1,0,40.888996,230,292,73.3,64.3,0,34.974888,285,210,69.9,64.7,0,43.543873,195,404,73.7,64.4,0,40.813522,380,352,72.2,64,0,40.432953,335,183,73.4,64.1,0,56.21549,175,253,73,64.1,0,45.15535,245,437,72,64.2,0,46.409245,420,165,73.5,64.2,0,31.154364,160,343,72.2,64.1,0,33.639706,335,108,71.9,64.8,0,32.161236,100,344,72.8,64.7,0,39.494453,335,201,71,284.7,0,32.541336,195,390,73.4,64.3,0,37.24138,380,345,71.5,64.2,0,42.189796,335,341,74.1,64.1,0,44.409904,337.9999,297,74,64.2,0,51.35939,299.6,354,73.1,64,0,38.056435,350,162,72.8,64.5,0,42.71905,160,365,69.8,64,0,51.343464,335,234,73.9,64.8,0,43.134357,230,164,72.7,64.4,0,34.69063,150,197,70.7,65.1,0,43.76463,195,388,73.7,64.4,0,40.70506,380,595,70.2,63.8,0,67.51913,575,336,73.5,65,0,45.093292,335,261,72.8,65,0,43.088387,250,178,73.3,65,0,59.034664,175,194,73.9,64.9,0,30.547895,190,189,71.3,64.7,0,44.410507,185,310,70.3,64.3,0,40.639366,300,304,73.2,64,0,35.3197,300,212,69.3,64.1,0,55.018543,210,894,68.3,63.7,0,90.96664,880,87.8,87.9,87.8,142.9,102.8,115.8,1.2,0,29.97
20170714,1925,77.2,99.6,40.54633268,43.6038,257,49.1,44.3,5.6,80.9,76.8,-0.1,1,0,0,0,5,100,100,1,1,1,0,0,200,72,7.5,5.6,7.5,200,70.7,73.7,61.1,100,15,48.8,60,100,0,73.7,1.4,61,1.8125,66.5,0,0,50.8,13.4,0,0,0,73.3,73.6,62.9,68.7,15,48.8,61,55.4,0,73.5,1,61,1.8125,67.1,0,0,99.7,73.1,15.1,4.4,1.5,15,15,92.5,65.1,82,100,38.8,0,74.5,1.3,65.31035,64.81035,0,12.9,0,0,1,100,1,72,210,63.6,0,23.477516,200,72,68,2123.706,69.6,61.9,38.1,2200,269,71.2,61.6,0,48.181816,260,129,70.4,62.3,0,51.14094,125,1337,72,61.9,0,44.65456,1356.9995,690,76.7,62.4,0,33.721878,700,617,71.4,62.3,0,44.069256,600,206,71,62.5,0,36.91399,200,130,70.5,62.6,0,53.404625,125,342,70.4,63,0,31.815676,330,249,72.3,63.5,0,100,650,620,69.8,63.7,0,100,950,515,0,62.5,0,32.73174,500,507,70.9,62.5,0,33.16941,500,177,73.2,64,0,48.058014,175,252,70.2,64.3,0,42.701313,245,224,71,64.1,0,41.525837,220,354,73,64,0,31.207233,350,161,73.5,64.4,0,31.019762,160,341,72.7,64.2,0,29.637342,335,339,73.3,64.1,0,28.389156,335,200,71,64.8,0,35.242886,195,383,73.8,64.4,0,26.21371,380,255,70,64,0,43.21306,245,177,73.7,64,0,44.699387,175,249,72.1,64,0,46.178383,245,425,71.3,63.8,0,40.288567,420,163,73,64.5,0,27.319523,160,340,72.5,64.2,0,38.573704,335,306,73.1,64.6,0,31.677475,300,406,72.3,63.9,0,27.980804,400,197,70.7,64.5,0,36.822086,195,395,71.7,63.8,0,32.967304,380,351,70.4,64.2,0,30.39312,335,178,73.8,63.6,0,60.50986,175,251,72.6,64,0,45.679306,245,357,72.2,63.7,0,35.93212,350,162,73.5,64.1,0,34.70545,160,339,73.8,63.9,0,40.45177,335,244,72.9,64.8,0,40.888996,230,292,73.3,64,0,34.974888,285,210,69.9,64.4,0,43.543873,195,396,73.7,64.1,0,40.274696,380,351,72.2,63.6,0,39.470837,335,182,73.4,63.8,0,56.21549,175,251,73,63.8,0,45.15535,245,434,72,63.9,0,46.409245,420,163,73.5,63.9,0,31.154364,160,341,72.2,63.8,0,33.639706,335,106,71.9,64.6,0,32.161236,100,344,72.8,64.4,0,39.494453,335,200,71,284.9,0,32.541336,195,385,73.4,64,0,37.24138,380,343,71.5,63.9,0,42.189796,335,355,74,63.7,0,45.33141,355.9999,296,74,63.9,0,51.35939,299.6,353,73,63.7,0,38.056435,350,162,72.8,64.2,0,42.71905,160,357,69.7,63.7,0,51.343464,335,233,73.9,64.5,0,43.134357,230,163,72.7,64.2,0,34.69063,150,198,70.7,64.9,0,43.76463,195,388,73.7,64.1,0,40.70506,380,592,70.2,63.5,0,67.51913,575,336,73.5,64.8,0,45.093292,335,259,72.8,64.8,0,43.088387,250,177,73.3,64.7,0,59.034664,175,194,73.9,64.6,0,30.547895,190,189,71.3,64.4,0,44.410507,185,307,70.3,64,0,40.639366,300,305,73.2,63.7,0,35.3197,300,211,69.2,63.7,0,55.018543,210,887,68.3,63.5,0,91.49233,880,87.8,87.9,87.9,142.9,102.8,115.4,2.9,-0.1,29.97
20170714,1930,77.1,99.6,40.44634359,43.6038,255,49,44.2,5.6,80.9,76.7,-0.1,1.05,0,0,0,5,100,100,1,1,1,0,0,200,72,7.5,5.6,7.5,200,70.7,73.9,61.1,100,15,49,60,100,0,73.8,1.4,61,1.8125,66.5,0,0,50.8,13.5,0,0,0,73.3,73.5,63,68.9,15,48.8,61,56,0,73.5,0.99,61,1.8125,67,0,0,99.8,73.9,15.2,4.3,1.3,15,15,92.9,65.1,82,100,39.4,0,74.5,1.3,65.31035,64.81035,0,12.9,0,0,1,100,1,72,209,63.6,0,23.477516,200,72,68,2123.706,69.6,62,38.2,2200,270,71.1,61.7,0,48.181816,260,129,70.4,62.4,0,51.14094,125,1357,72,62,0,44.65456,1356.9995,692,76.6,62.5,0,33.710224,700,617,71.4,62.4,0,44.069256,600,206,71,62.6,0,36.91399,200,130,70.5,62.6,0,53.404625,125,342,70.4,63.1,0,31.815676,330,250,72.3,63.5,0,100,650,622,69.8,63.8,0,100,950,515,0,62.5,0,32.73174,500,507,70.9,62.5,0,33.16941,500,177,73.2,63.9,0,48.058014,175,252,70.2,64.3,0,42.701313,245,225,70.9,64,0,41.525837,220,355,73,63.9,0,31.207233,350,161,73.5,64.3,0,31.019762,160,341,72.6,64.1,0,29.637342,335,341,73.3,64,0,28.389156,335,201,71,64.7,0,35.242886,195,385,73.8,64.3,0,26.683136,380,253,69.9,63.9,0,43.21306,245,178,73.7,63.9,0,44.699387,175,250,72.1,64,0,46.178383,245,426,71.3,63.7,0,40.288567,420,163,73,64.3,0,27.319523,160,341,72.5,64.1,0,38.573704,335,306,73.1,64.5,0,31.677475,300,409,72.3,63.9,0,27.980804,400,198,70.7,64.5,0,36.822086,195,417,71.7,63.7,0,32.967304,380,350,70.1,64.2,0,30.39312,335,181,73.8,63.5,0,60.50986,175,252,72.6,64,0,45.679306,245,358,72.2,63.6,0,35.93212,350,163,73.5,64,0,34.70545,160,341,73.8,63.9,0,40.45177,335,246,72.9,64.8,0,40.888996,230,294,73.3,63.9,0,34.974888,285,213,69.9,64.3,0,43.543873,195,384,73.7,64,0,41.193874,380,336,72.1,63.6,0,39.747444,335,183,73.3,63.7,0,56.21549,175,252,73,63.7,0,45.15535,245,437,72,63.8,0,46.409245,420,164,73.5,63.8,0,31.154364,160,341,72.2,63.7,0,33.639706,335,106,71.9,64.4,0,32.161236,100,348,72.8,64.3,0,39.494453,335,201,71,284.7,0,32.541336,195,388,73.4,63.9,0,37.24138,380,345,71.4,63.9,0,42.189796,335,355,74,63.7,0,45.33141,355.9999,297,74,63.9,0,51.35939,299.6,352,73,63.7,0,38.056435,350,162,72.8,64.2,0,42.71905,160,360,69.7,63.7,0,51.343464,335,234,73.9,64.4,0,43.134357,230,169,72.7,64.1,0,34.69063,150,198,70.7,64.8,0,43.76463,195,380,73.7,64,0,41.110138,380,589,70.1,63.5,0,67.51913,575,336,73.4,64.7,0,45.093292,335,259,72.7,64.6,0,43.088387,250,178,73.3,64.7,0,59.034664,175,193,73.9,64.5,0,30.547895,190,189,71.3,64.3,0,44.410507,185,309,70.3,63.9,0,40.639366,300,304,73.2,63.6,0,35.3197,300,212,69.2,63.7,0,55.018543,210,889,68.3,63.4,0,91.481606,880,87.8,87.9,87.7,146.9,102.8,115.5,1.2,1,29.97
20170714,1935,77,99.6,40.34659309,43.6038,259,48.9,44.2,5.6,80.9,76.7,-0.1,1.15,0,0,0,5,100,100,1,1,1,0,0,200,72,7.5,5.6,7.5,200,70.7,73.7,61.1,100,15,49,60,100,0,73.6,1.4,61,1.8125,66.5,0,0,51.1,13.4,0,0,0,73.3,73.5,63,68.8,15,48.7,61,54.1,0,73.5,1,61,1.8125,66.9,0,0,99.7,72,14.7,4.2,0.8,15,15,92.8,65.1,82,100,38.8,0,74.5,1.3,65.31035,64.81035,0,12.9,0,0,1,100,1,72,210,63.6,0,23.477516,200,72,68,2123.706,69.6,61.9,38.4,2200,269,71.1,61.6,0,48.181816,260,129,70.4,62.3,0,51.14094,125,1413,72.1,61.9,0,46.63157,1407.9998,692,76.6,62.4,0,33.710224,700,617,71.4,62.3,0,44.069256,600,206,70.9,62.6,0,36.91399,200,130,70.5,62.6,0,53.404625,125,341,70.4,63,0,31.815676,330,248,72.3,63.5,0,100,650,621,69.7,63.7,0,100,950,515,0,62.4,0,32.73174,500,506,70.9,62.5,0,33.16941,500,178,73.1,63.9,0,48.058014,175,254,70.1,64.2,0,42.701313,245,227,70.9,64,0,41.525837,220,356,73,63.9,0,31.207233,350,161,73.5,64.2,0,31.019762,160,342,72.6,64,0,29.637342,335,344,73.3,63.9,0,28.389156,335,201,71,64.6,0,35.242886,195,387,73.8,64.2,0,27.14021,380,256,69.9,63.9,0,43.21306,245,178,73.7,63.8,0,44.699387,175,250,72.1,63.9,0,46.178383,245,427,71.2,63.7,0,40.288567,420,164,73,64.3,0,27.319523,160,341,72.5,64,0,38.573704,335,306,73.1,64.4,0,31.677475,300,409,72.3,63.8,0,27.980804,400,197,70.7,64.3,0,36.822086,195,422,71.7,63.7,0,32.967304,380,357,70.4,64.1,0,30.39312,335,182,73.7,63.5,0,60.50986,175,256,72.6,63.9,0,45.679306,245,360,72.2,63.5,0,35.93212,350,163,73.5,63.9,0,34.70545,160,344,73.8,63.8,0,40.45177,335,247,72.8,64.6,0,40.888996,230,296,73.3,63.8,0,34.974888,285,214,69.9,64.3,0,43.543873,195,381,73.7,64,0,40.20074,380,336,72.2,63.5,0,39.23031,335,185,73.4,63.7,0,56.21549,175,254,73,63.7,0,45.15535,245,438,72,63.7,0,46.409245,420,164,73.5,63.7,0,31.154364,160,345,72.2,63.7,0,33.639706,335,106,71.8,64.3,0,32.161236,100,348,72.8,64.2,0,39.494453,335,201,71,284.9,0,32.541336,195,387,73.4,63.8,0,37.24138,380,347,71.4,63.8,0,42.189796,335,354,74,63.6,0,45.33141,355.9999,297,74,63.8,0,51.35939,299.6,355,73,63.6,0,38.056435,350,162,72.7,64.1,0,42.71905,160,360,69.7,63.6,0,51.343464,335,234,73.9,64.3,0,43.134357,230,166,72.7,64,0,34.69063,150,197,70.6,64.7,0,43.76463,195,390,73.7,64,0,41.110138,380,594,70.1,63.5,0,67.51913,575,336,73.4,64.6,0,45.093292,335,260,72.8,64.5,0,43.088387,250,178,73.3,64.5,0,59.034664,175,194,73.8,64.4,0,30.547895,190,190,71.3,64.2,0,44.410507,185,310,70.3,63.8,0,40.639366,300,305,73.2,63.6,0,35.3197,300,213,69.1,63.6,0,55.018543,210,890,68.2,63.4,0,91.47087,880,87.8,87.9,87.7,143.9,102.8,115.4,1.2,0,29.97
20170714,1940,76.9,99.6,40.2470805,43.6038,256,48.9,44.1,5.65,80.8,76.6,-0.2,1.1,0,0,0,5,100,100,1,1,1,0,0,200,72,7.5,5.65,7.5,200,70.7,73.7,61,100,15,49,60,100,0,73.6,1.35,61,1.8125,66.4,0,0,50.9,13.8,0,0,0,73.3,73.4,63,69,15,48.6,61,57.1,0,73.5,1,61,1.8125,66.9,0,0,99.8,73.7,15.5,4.7,1,15,15,92.4,65.1,82,100,38.8,0,74.5,1.3,65.31035,64.81035,0,12.9,0,0,1,100,1,72,210,63.6,0,23.477516,200,72,68,2123.706,69.6,61.9,38.5,2200,269,71.1,61.6,0,48.181816,260,128,70.4,62.2,0,51.14094,125,1463,72,61.9,0,47.480392,1458.9998,695,76.6,62.4,0,33.710224,700,614,71.3,62.3,0,44.069256,600,205,70.9,62.5,0,36.91399,200,130,70.5,62.5,0,53.404625,125,340,70.4,63,0,31.815676,330,248,72.3,63.5,0,100,650,620,69.8,63.7,0,100,950,515,0,62.4,0,32.73174,500,505,70.9,62.4,0,33.16941,500,177,73.1,63.8,0,48.058014,175,253,70.1,64.1,0,42.701313,245,226,70.9,63.9,0,41.525837,220,355,72.9,63.8,0,31.207233,350,161,73.5,64.1,0,31.019762,160,340,72.6,64,0,29.637342,335,341,73.3,63.9,0,28.389156,335,199,70.9,64.5,0,35.242886,195,385,73.8,64.2,0,27.609634,380,254,69.9,63.8,0,43.21306,245,177,73.7,63.8,0,44.699387,175,250,72.1,63.9,0,46.178383,245,427,71.2,63.6,0,40.288567,420,163,73,64.3,0,27.319523,160,340,72.5,64,0,38.573704,335,306,73,64.3,0,31.677475,300,407,72.2,63.7,0,27.980804,400,197,70.7,64.3,0,36.822086,195,421,71.7,63.6,0,32.967304,380,343,70.4,64.1,0,30.39312,335,179,73.8,63.4,0,60.50986,175,251,72.6,63.9,0,45.679306,245,356,72.2,63.5,0,35.93212,350,162,73.5,63.9,0,34.70545,160,339,73.8,63.7,0,40.45177,335,245,72.8,64.6,0,40.888996,230,291,73.3,63.7,0,34.974888,285,210,69.9,64.2,0,43.543873,195,398,73.7,63.9,0,40.972004,380,352,72.1,63.5,0,40.024055,335,183,73.4,63.6,0,56.21549,175,252,73,63.6,0,45.15535,245,436,72,63.7,0,46.409245,420,163,73.5,63.7,0,31.154364,160,342,72.2,63.6,0,33.639706,335,107,71.8,64.3,0,32.161236,100,347,72.7,64.1,0,39.494453,335,200,71,285,0,32.541336,195,387,73.3,63.8,0,37.24138,380,344,71.4,63.7,0,42.189796,335,355,74,63.6,0,45.33141,355.9999,298,74,63.8,0,51.35939,299.6,353,72.9,63.6,0,38.056435,350,162,72.7,64,0,42.71905,160,355,69.6,63.5,0,51.343464,335,233,73.8,64.3,0,43.134357,230,161,72.7,63.9,0,34.69063,150,199,70.6,64.7,0,43.76463,195,387,73.7,63.9,0,41.110138,380,592,70.1,63.4,0,67.51913,575,336,73.4,64.5,0,45.093292,335,259,72.7,64.5,0,43.088387,250,178,73.3,64.5,0,59.034664,175,192,73.8,64.3,0,30.547895,190,189,71.3,64.1,0,44.410507,185,309,70.3,63.8,0,40.639366,300,305,73.1,63.5,0,35.3197,300,212,69.1,63.6,0,55.018543,210,889,68.2,63.3,0,91.51379,880,87.8,87.9,87.7,144.9,102.8,115.7,1.1,0.1,29.97
20170714,1945,76.9,99.6,40.2470805,43.6038,259,48.8,44.2,5.65,80.5,76.5,-0.2,1.15,0,0,0,5,100,100,1,1,1,0,0,200,72,7.5,5.65,7.5,200,70.7,73.8,60.9,100,15,48.8,60,100,0,73.7,1.35,61,1.8125,66.3,0,0,51.3,13.5,0,0,0,73.3,73.4,62.6,69.1,15,48.5,61,57.5,0,73.4,1.01,61,1.8125,66.8,0,0,99.8,76.8,15.7,4.2,1.2,15,15,93.3,65.1,82,100,38.2,0,74.5,1.3,65.31035,64.81035,0,12.9,0,0,1,100,1,72,210,63.5,0,23.477516,200,72,68,2123.706,69.6,61.8,37.6,2200,268,71.1,61.5,0,48.181816,260,128,70.4,62.2,0,51.14094,125,1460,72,61.8,0,48.350704,1458.9998,695,76.6,62.3,0,33.710224,700,613,71.3,62.2,0,44.069256,600,206,70.8,62.4,0,36.91399,200,130,70.4,62.4,0,53.404625,125,340,70.4,62.9,0,31.815676,330,247,72.3,63.4,0,100,650,620,69.8,63.6,0,100,950,515,0,62.3,0,32.73174,500,505,70.9,62.3,0,33.16941,500,177,73.1,63.7,0,48.058014,175,251,70.1,64,0,42.701313,245,225,70.9,63.8,0,41.525837,220,354,72.9,63.7,0,31.207233,350,161,73.5,64,0,31.019762,160,340,72.6,63.9,0,29.637342,335,340,73.3,63.8,0,28.389156,335,200,71,64.4,0,35.242886,195,388,73.7,64.1,0,27.609634,380,253,69.9,63.7,0,43.21306,245,177,73.7,63.7,0,44.699387,175,249,72.1,63.8,0,46.178383,245,424,71.2,63.5,0,40.288567,420,163,73,64.2,0,27.319523,160,338,72.5,63.9,0,38.573704,335,306,73,64.2,0,31.677475,300,405,72.2,63.6,0,27.980804,400,197,70.7,64.2,0,36.822086,195,413,71.6,63.5,0,32.967304,380,356,70.4,63.9,0,30.39312,335,180,73.7,63.3,0,60.50986,175,253,72.6,63.8,0,45.679306,245,359,72.2,63.4,0,35.93212,350,163,73.5,63.8,0,34.70545,160,343,73.8,63.6,0,40.45177,335,246,72.8,64.5,0,40.888996,230,295,73.3,63.7,0,34.974888,285,212,69.9,64.1,0,43.543873,195,364,73.7,63.8,0,40.538826,380,338,72.1,63.4,0,40.024055,335,182,73.4,63.5,0,56.21549,175,251,73,63.5,0,45.15535,245,434,71.9,63.6,0,46.409245,420,164,73.5,63.6,0,31.154364,160,342,72.2,63.5,0,33.639706,335,108,71.8,64.2,0,32.161236,100,346,72.7,64.1,0,39.494453,335,200,71,285,0,32.541336,195,387,73.3,63.7,0,37.24138,380,345,71.4,63.6,0,42.189796,335,353,74,63.5,0,45.33141,355.9999,296,73.9,63.7,0,51.35939,299.6,352,72.9,63.4,0,38.056435,350,162,72.7,63.9,0,42.71905,160,356,69.6,63.4,0,51.343464,335,233,73.8,64.2,0,43.134357,230,163,72.7,63.9,0,34.69063,150,198,70.6,64.6,0,43.76463,195,393,73.6,63.8,0,41.110138,380,589,70,63.3,0,67.51913,575,336,73.4,64.4,0,45.093292,335,258,72.7,64.4,0,43.088387,250,177,73.3,64.4,0,59.034664,175,193,73.8,64.3,0,30.547895,190,188,71.2,64,0,44.410507,185,308,70.2,63.7,0,40.639366,300,304,73.2,63.4,0,35.3197,300,211,69.1,63.5,0,55.018543,210,887,68.2,63.2,0,91.49233,880,87.8,87.9,87.8,143.9,102.7,115.6,1.2,0,29.97
20170714,1950,76.8,99.6,40.14780511,43.6038,256,48.9,44.3,5.6,80.4,76.3,-0.2,1.15,0,0,0,5,100,100,1,1,1,0,0,200,72,7.5,5.6,7.5,200,70.7,73.8,60.9,100,15,49.6,59.6,100,0,73.6,1.35,60.6,1.8125,66.3,0,0,51.3,13.5,0,0,0,73.3,73.4,62.8,68.8,15,48.5,60.8,54.3,0,73.4,0.99,60.6,1.8125,66.8,0,0,99.7,72.5,14.8,4.6,0.7,15,15,93,65.1,82,100,38,0,74.5,1.3,65.18965,64.68965,0,12.8,0,0,1,100,1,72,209,63.5,0,23.477516,200,72,68,2123.706,69.6,61.8,36.8,2200,268,70.8,61.5,0,48.181816,260,128,70.4,62.2,0,51.14094,125,1451,72,61.8,0,47.52337,1458.9998,691,76.6,62.3,0,33.710224,700,616,71.2,62.3,0,44.069256,600,206,70.8,62.4,0,36.91399,200,130,70.4,62.5,0,53.404625,125,340,70.4,62.9,0,31.815676,330,248,72.2,63.4,0,100,650,620,69.8,63.6,0,100,950,515,0,62.4,0,32.73174,500,505,70.9,62.4,0,33.16941,500,177,73.1,63.7,0,48.058014,175,251,70.1,64,0,42.701313,245,225,70.8,63.8,0,41.525837,220,355,72.9,63.6,0,31.207233,350,161,73.4,64,0,31.019762,160,342,72.6,63.8,0,29.637342,335,341,73.3,63.7,0,28.389156,335,200,71,64.4,0,35.242886,195,396,73.7,64,0,28.066708,380,254,69.9,63.7,0,43.21306,245,178,73.7,63.7,0,44.699387,175,250,72.1,63.7,0,46.178383,245,427,71.2,63.4,0,40.288567,420,163,73,64.1,0,27.319523,160,340,72.5,63.8,0,38.573704,335,306,73,64.2,0,31.677475,300,408,72.2,63.6,0,27.980804,400,198,70.7,64.1,0,36.822086,195,419,71.6,63.4,0,32.967304,380,353,70.4,63.9,0,30.39312,335,179,73.7,63.3,0,60.50986,175,253,72.6,63.7,0,45.679306,245,357,72.2,63.3,0,35.93212,350,162,73.5,63.7,0,34.70545,160,341,73.7,63.6,0,40.45177,335,244,72.8,64.5,0,40.888996,230,293,73.3,63.6,0,34.974888,285,211,69.9,64.1,0,43.543873,195,398,73.7,63.8,0,40.84522,380,353,72.1,63.3,0,39.96392,335,183,73.4,63.5,0,56.21549,175,252,72.9,63.5,0,45.15535,245,435,71.9,63.5,0,46.409245,420,164,73.4,63.5,0,31.154364,160,341,72.2,63.4,0,33.639706,335,108,71.8,64.1,0,32.161236,100,350,72.7,64,0,39.494453,335,201,71,284.7,0,32.541336,195,390,73.3,63.6,0,37.24138,380,344,71.4,63.6,0,42.189796,335,353,74,63.4,0,45.33141,355.9999,297,73.9,63.6,0,51.35939,299.6,353,72.9,63.4,0,38.056435,350,162,72.7,63.9,0,42.71905,160,357,69.6,63.4,0,51.343464,335,234,73.8,64.1,0,43.134357,230,165,72.7,63.8,0,34.69063,150,198,70.6,64.6,0,43.76463,195,387,73.6,63.7,0,41.110138,380,592,70,63.2,0,67.51913,575,336,73.4,64.3,0,45.093292,335,259,72.7,64.3,0,43.088387,250,178,73.3,64.3,0,59.034664,175,193,73.8,64.2,0,30.547895,190,189,71.2,64,0,44.410507,185,310,70.2,63.6,0,40.639366,300,304,73.2,63.4,0,35.3197,300,212,69.1,63.4,0,55.018543,210,887,68.2,63.2,0,91.49233,880,87.8,87.9,87.6,142.9,102.7,115.6,1.2,-0.1,29.97
20170714,1955,76.7,99.3,39.98151858,43.6038,256,48.9,44.3,5.6,80.3,76.2,-0.1,1.2,0,0,0,5,100,100,1,1,1,0,0,200,72,7.5,5.6,7.5,200,70.7,73.7,60.9,100,15,50,59.6,100,0,73.6,1.35,60.6,1.8125,66.3,0,0,50.8,13.5,0,0,0,73.2,73.4,62.7,68.7,15,48.5,60.8,55.5,0,73.4,1.02,60.6,1.8125,66.8,0,0,99.7,71.8,15.1,4.3,1.4,15,15,92.4,65.1,82,100,39.9,0,74.5,1.3,65.18965,64.68965,0,12.9,0,0,1,100,1,72,211,63.5,0,23.477516,200,72,68,2123.706,69.6,61.8,36.9,2200,268,71.1,61.5,0,48.181816,260,128,70.4,62.2,0,51.14094,125,1457,71.9,61.8,0,48.12507,1458.9998,692,76.6,62.3,0,33.710224,700,610,71.2,62.2,0,44.069256,600,206,70.7,62.4,0,36.91399,200,129,70.4,62.5,0,53.404625,125,341,70.4,62.9,0,31.815676,330,247,72.2,63.4,0,100,650,619,69.8,63.6,0,100,950,515,0,62.4,0,32.73174,500,506,70.8,62.4,0,33.16941,500,177,73.1,63.7,0,48.058014,175,253,70,64,0,42.701313,245,225,70.8,63.7,0,41.525837,220,355,72.9,63.6,0,31.207233,350,161,73.4,63.9,0,31.019762,160,342,72.6,63.8,0,29.637342,335,341,73.3,63.7,0,28.389156,335,200,70.9,64.3,0,35.242886,195,392,73.7,64,0,28.066708,380,254,69.9,63.6,0,43.21306,245,177,73.7,63.6,0,44.699387,175,250,72.1,63.7,0,46.178383,245,426,71.2,63.4,0,40.288567,420,163,72.9,64.1,0,27.319523,160,340,72.4,63.8,0,38.573704,335,306,73,64.1,0,31.677475,300,407,72.2,63.5,0,27.980804,400,198,70.6,64.1,0,36.822086,195,417,71.6,63.4,0,32.967304,380,353,70.3,63.9,0,30.39312,335,178,73.7,63.3,0,60.50986,175,251,72.6,63.7,0,45.679306,245,356,72.2,63.3,0,35.93212,350,162,73.5,63.7,0,34.70545,160,339,73.7,63.6,0,40.45177,335,245,72.8,64.4,0,40.888996,230,291,73.3,63.5,0,34.974888,285,210,69.8,64,0,43.543873,195,405,73.7,63.7,0,40.84522,380,348,72.1,63.3,0,40.024055,335,184,73.4,63.4,0,56.21549,175,251,72.9,63.5,0,45.15535,245,432,71.9,63.5,0,46.409245,420,164,73.4,63.5,0,31.154364,160,344,72.1,63.4,0,33.639706,335,108,71.8,64.1,0,32.161236,100,347,72.7,64,0,39.494453,335,200,70.9,284.9,0,32.541336,195,390,73.3,63.6,0,37.24138,380,343,71.3,63.6,0,42.189796,335,350,73.9,63.4,0,45.33141,355.9999,296,73.9,63.6,0,51.35939,299.6,354,72.9,63.4,0,38.056435,350,162,72.7,63.8,0,42.71905,160,356,69.6,63.3,0,51.343464,335,234,73.8,64.1,0,43.134357,230,168,72.6,63.8,0,34.69063,150,198,70.6,64.5,0,43.76463,195,387,73.6,63.7,0,41.110138,380,589,70,63.2,0,67.51913,575,336,73.3,64.3,0,45.093292,335,259,72.7,64.3,0,43.088387,250,177,73.3,64.3,0,59.034664,175,193,73.7,64.2,0,30.547895,190,189,71.2,64,0,44.410507,185,307,70.2,63.6,0,40.639366,300,304,73.2,63.3,0,35.3197,300,212,69.1,63.4,0,55.018543,210,887,68.2,63.1,0,91.481606,880,87.8,87.9,87.8,142.9,102.7,115.6,1.7,-0.1,29.97
20170714,2000,76.7,98.8,39.86946773,43.6038,256,48.9,44.3,5.6,80.1,76,-0.1,1.2,0,0,0,5,100,100,1,1,1,0,0,200,72,7.5,5.6,7.5,200,70.7,73.7,60.6,100,15,50,59.6,100,0,73.6,1.35,60.6,1.8125,66.3,0,0,51.1,13.4,0,0,0,73.2,73.3,62.8,69,15,48.4,60.8,55.1,0,73.4,0.98,60.6,1.8125,66.7,0,0,99.8,75.2,15,4.7,1.5,15,15,93.3,65.1,82,100,37.8,0,74.5,1.3,65.18965,64.68965,0,12.9,0,0,1,100,1,72,209,63.3,0,23.477516,200,72,68,2123.706,69.6,61.5,39,2200,267,71.1,61.3,0,48.181816,260,128,70.3,62,0,51.14094,125,1441,71.9,61.6,0,48.12507,1458.9998,694,76.6,62.1,0,33.710224,700,612,71.2,62.1,0,44.069256,600,205,70.7,62.2,0,36.91399,200,129,70.4,62.3,0,53.404625,125,340,70.3,62.7,0,31.815676,330,246,72.2,63.3,0,100,650,619,69.8,63.4,0,100,950,514,0,62.2,0,32.73174,500,506,70.8,62.2,0,33.16941,500,177,73,63.6,0,48.058014,175,251,70,64,0,42.701313,245,225,70.8,63.7,0,41.525837,220,353,72.9,63.6,0,31.207233,350,161,73.4,63.9,0,31.019762,160,340,72.6,63.8,0,29.637342,335,340,73.3,63.7,0,28.389156,335,200,70.9,64.3,0,35.242886,195,395,73.7,63.9,0,28.066708,380,254,69.8,63.6,0,43.21306,245,177,73.7,63.6,0,44.699387,175,249,72,63.7,0,46.178383,245,425,71.2,63.4,0,40.288567,420,163,72.9,64.1,0,27.319523,160,339,72.4,63.8,0,38.573704,335,306,73,64.1,0,31.677475,300,406,72.2,63.5,0,27.980804,400,196,70.6,64.1,0,36.822086,195,399,71.6,63.4,0,32.967304,380,354,70.4,63.9,0,30.39312,335,178,73.7,63.3,0,60.50986,175,250,72.5,63.7,0,45.679306,245,355,72.1,63.3,0,35.93212,350,162,73.5,63.7,0,34.70545,160,339,73.7,63.5,0,40.45177,335,244,72.8,64.4,0,40.888996,230,291,73.3,63.5,0,34.974888,285,209,69.9,64,0,43.543873,195,399,73.7,63.7,0,41.162178,380,350,72.1,63.3,0,40.024055,335,182,73.4,63.4,0,56.21549,175,251,72.9,63.4,0,45.15535,245,433,71.9,63.5,0,46.409245,420,164,73.4,63.5,0,31.154364,160,344,72.1,63.4,0,33.639706,335,107,71.7,64.1,0,32.161236,100,346,72.6,63.9,0,39.494453,335,200,70.9,284.8,0,32.541336,195,390,73.3,63.6,0,37.24138,380,344,71.3,63.6,0,42.189796,335,354,73.9,63.4,0,45.33141,355.9999,297,73.9,63.6,0,51.35939,299.6,352,72.8,63.4,0,38.056435,350,161,72.7,63.8,0,42.71905,160,356,69.5,63.4,0,51.343464,335,234,73.8,64.1,0,43.134357,230,163,72.6,63.7,0,34.69063,150,198,70.6,64.5,0,43.76463,195,388,73.6,63.7,0,41.110138,380,591,70,63.2,0,67.51913,575,336,73.3,64.3,0,45.093292,335,259,72.7,64.3,0,43.088387,250,177,73.3,64.2,0,59.034664,175,193,73.7,64.2,0,30.547895,190,189,71.2,63.9,0,44.410507,185,309,70.2,63.6,0,40.639366,300,303,73.2,63.3,0,35.3197,300,211,69.1,63.4,0,55.018543,210,889,68.1,63.1,0,91.610344,880,87.8,87.9,87.7,141.9,102.7,115.4,1.2,0,29.97
20170714,2005,76.6,97.4,39.45886642,45.05330417,258,48.9,44.2,5.6,79.9,75.8,-0.2,1.25,0,0,0,5,100,100,1,1,1,0,0,200,72,7.5,5.6,7.5,200,70.7,73.5,60.4,100,15,49.9,59.6,100,0,73.5,1.35,60.6,1.8125,66.2,0,0,50.9,13.5,0,0,0,73.2,73.4,62.7,68.8,15,48.4,60.8,58.8,0,73.3,1,60.6,1.8125,66.6,0,0,99.7,75.3,16.8,4.3,1.1,15,15,92.7,65.1,82,100,38.4,0,74.5,1.3,65.18965,64.68965,0,12.9,0,0,1,100,1,72,209,63.2,0,23.477516,200,72,68,2611.5657,69.6,61.4,34.2,2200,267,71,61.1,0,48.181816,260,127,70.3,61.8,0,51.14094,125,1466,71.9,61.4,0,48.12507,1458.9998,696,76.6,61.9,0,33.710224,700,611,71.2,61.9,0,44.069256,600,205,70.7,62.1,0,36.91399,200,129,70.4,62.1,0,53.404625,125,340,70.3,62.6,0,31.815676,330,247,72.2,63.1,0,100,650,618,69.7,63.3,0,100,950,515,0,62,0,32.73174,500,505,70.8,62,0,33.16941,500,176,73,63.6,0,48.058014,175,251,70,64,0,42.701313,245,225,70.8,63.7,0,41.525837,220,353,72.9,63.6,0,31.207233,350,161,73.4,63.9,0,31.019762,160,339,72.6,63.7,0,29.637342,335,340,73.2,63.7,0,28.389156,335,200,70.9,64.3,0,35.242886,195,391,73.7,63.9,0,28.066708,380,254,69.8,63.5,0,43.21306,245,177,73.7,63.5,0,44.699387,175,249,72,63.6,0,46.178383,245,425,71.1,63.4,0,40.288567,420,163,72.9,64,0,27.319523,160,339,72.4,63.7,0,38.573704,335,306,73,64.1,0,31.677475,300,407,72.2,63.5,0,27.980804,400,197,70.6,64.1,0,36.822086,195,391,71.5,63.4,0,32.967304,380,344,70.3,63.9,0,30.39312,335,180,73.7,63.2,0,60.50986,175,251,72.5,63.7,0,45.679306,245,359,72.1,63.2,0,35.93212,350,163,73.5,63.6,0,34.70545,160,339,73.7,63.5,0,40.45177,335,245,72.8,64.4,0,40.888996,230,294,73.3,63.5,0,34.974888,285,212,69.8,64,0,43.543873,195,374,73.7,63.7,0,40.26413,380,339,72,63.3,0,39.57907,335,183,73.4,63.4,0,56.21549,175,252,72.9,63.4,0,45.15535,245,434,71.9,63.5,0,46.409245,420,163,73.4,63.4,0,31.154364,160,341,72.1,63.4,0,33.639706,335,106,71.7,64,0,32.161236,100,346,72.6,63.9,0,39.494453,335,201,70.9,284.6,0,32.541336,195,393,73.3,63.5,0,37.24138,380,344,71.3,63.5,0,42.189796,335,349,73.9,63.3,0,45.33141,355.9999,297,73.9,63.6,0,51.35939,299.6,352,72.8,63.3,0,38.056435,350,162,72.7,63.8,0,42.71905,160,357,69.5,63.3,0,51.343464,335,232,73.7,64,0,43.134357,230,162,72.6,63.7,0,34.69063,150,197,70.6,64.5,0,43.76463,195,390,73.6,63.7,0,41.110138,380,589,70,63.2,0,67.51913,575,336,73.3,64.2,0,45.093292,335,259,72.7,64.2,0,43.088387,250,177,73.3,64.2,0,59.034664,175,192,73.7,64.1,0,30.547895,190,189,71.2,63.9,0,44.410507,185,309,70.2,63.5,0,40.639366,300,304,73.1,63.3,0,35.3197,300,211,69.1,63.3,0,55.018543,210,886,68.1,63.1,0,91.52451,880,87.7,87.9,87.6,141.9,102.7,115.5,1.2,0,29.97
20170714,2010,76.5,96.3,39.11762799,45.05330417,258,48.8,44.1,5.6,79.6,75.4,-0.1,1.15,0,0,0,5,100,100,1,1,1,0,0,200,72,7.5,5.6,7.5,200,70.6,73.4,60.3,100,15,49.4,59.6,100,0,73.4,1.35,60.6,1.8125,66,0,0,50.9,13.4,0,0,0,73.2,73.2,62.6,69.2,15,48.3,60.8,54.3,0,73.3,1.01,60.6,1.8125,66.7,0,0,99.9,77.8,14.8,4.6,1.1,15,15,92.7,65.1,82,100,38,0,74.5,1.3,65.18965,64.68965,0,12.9,0,0,1,100,1,72,209,63.1,0,23.477516,200,72,68,2123.706,69.6,61.2,38.3,2200,267,71,61,0,48.181816,260,128,70.3,61.7,0,51.14094,125,1470,71.9,61.2,0,48.12507,1458.9998,693,76.5,61.8,0,33.710224,700,614,71.1,61.8,0,44.069256,600,206,70.6,61.9,0,36.91399,200,130,70.4,62,0,53.404625,125,340,70.3,62.5,0,31.815676,330,247,72.2,63,0,100,650,620,69.7,63.1,0,100,950,515,0,61.9,0,32.73174,500,506,70.8,61.9,0,33.16941,500,177,73,63.5,0,48.058014,175,251,70,63.9,0,42.701313,245,226,70.8,63.6,0,41.525837,220,354,72.8,63.5,0,31.207233,350,161,73.4,63.9,0,31.019762,160,341,72.6,63.7,0,29.637342,335,342,73.2,63.6,0,28.389156,335,200,70.9,64.3,0,35.242886,195,394,73.7,63.9,0,28.066708,380,254,69.8,63.5,0,43.21306,245,178,73.6,63.5,0,44.699387,175,250,72,63.6,0,46.178383,245,425,71.1,63.4,0,40.288567,420,163,72.9,64,0,27.319523,160,342,72.4,63.7,0,38.573704,335,306,73,64,0,31.677475,300,408,72.1,63.4,0,27.980804,400,198,70.6,64,0,36.822086,195,406,71.5,63.4,0,32.967304,380,349,70.3,63.8,0,30.39312,335,179,73.7,63.2,0,60.50986,175,251,72.5,63.6,0,45.679306,245,357,72.1,63.2,0,35.93212,350,162,73.5,63.6,0,34.70545,160,341,73.7,63.5,0,40.45177,335,245,72.8,64.3,0,40.888996,230,293,73.3,63.4,0,34.974888,285,211,69.8,64,0,43.543873,195,392,73.7,63.6,0,40.792393,380,346,72.1,63.2,0,39.146122,335,182,73.4,63.3,0,56.21549,175,252,72.9,63.4,0,45.15535,245,435,71.8,63.4,0,46.409245,420,163,73.4,63.4,0,31.154364,160,343,72,63.3,0,33.639706,335,106,71.8,64,0,32.161236,100,345,72.6,63.9,0,39.494453,335,201,70.9,284.9,0,32.541336,195,392,73.3,63.5,0,37.24138,380,345,71.3,63.5,0,42.189796,335,349,73.9,63.3,0,45.33141,355.9999,296,73.9,63.5,0,51.35939,299.6,354,72.8,63.3,0,38.056435,350,162,72.6,63.7,0,42.71905,160,364,69.5,63.2,0,51.343464,335,234,73.7,64,0,43.134357,230,163,72.6,63.7,0,34.69063,150,198,70.6,64.4,0,43.76463,195,390,73.5,63.6,0,41.110138,380,592,69.9,63.1,0,67.51913,575,336,73.3,64.2,0,45.093292,335,260,72.6,64.2,0,43.088387,250,178,73.3,64.2,0,59.034664,175,193,73.7,64.1,0,30.547895,190,189,71.2,63.9,0,44.410507,185,312,70.2,63.5,0,40.639366,300,304,73,63.2,0,35.3197,300,211,69,63.3,0,55.018543,210,889,68.1,63,0,91.50306,880,87.7,87.8,87.7,141.9,102.7,115.3,1.2,0,29.97
20170714,2015,76.5,96.3,39.11762799,45.05330417,255,48.7,44,5.6,79.5,75.4,-0.1,1.2,0,0,0,5,100,100,1,1,1,0,0,200,72,7.5,5.6,7.5,200,70.6,73.4,60.2,100,15,48.8,59.6,100,0,73.4,1.4,60.6,1.8125,65.9,0,0,51.2,13.3,0,0,0,73.2,73.2,62.6,68.8,15,48.2,60.8,55.3,0,73.3,1,60.6,1.8125,66.5,0,0,99.7,73.9,15,4.7,0.8,15,15,93.6,65.1,82,100,36.8,0,74.5,1.3,65.18965,64.68965,0,12.9,0,0,1,100,1,72,209,63,0,23.477516,200,72,68,2123.706,69.5,61.1,37.4,2200,269,71,60.9,0,48.181816,260,128,70.3,61.6,0,51.14094,125,1385,71.8,61.2,0,46.728268,1408.0005,689,76.5,61.7,0,34.141506,700,615,71.1,61.7,0,44.069256,600,206,70.6,61.9,0,36.91399,200,130,70.3,61.9,0,53.404625,125,342,70.2,62.4,0,31.815676,330,249,72.2,62.9,0,100,650,622,69.6,63.1,0,100,950,515,0,61.8,0,32.73174,500,507,70.8,61.8,0,33.16941,500,177,73.1,63.5,0,48.058014,175,251,70,63.8,0,42.701313,245,226,70.8,63.6,0,41.525837,220,354,72.8,63.5,0,31.207233,350,161,73.4,63.8,0,31.019762,160,341,72.5,63.7,0,29.637342,335,341,73.2,63.5,0,28.389156,335,200,70.9,64.2,0,35.242886,195,394,73.6,63.8,0,28.066708,380,253,69.8,63.4,0,43.21306,245,178,73.6,63.5,0,44.699387,175,251,72,63.5,0,46.178383,245,425,71,63.3,0,40.288567,420,164,72.9,63.9,0,27.319523,160,342,72.3,63.6,0,38.573704,335,306,73,64,0,31.677475,300,409,72.2,63.4,0,27.980804,400,198,70.6,64,0,36.822086,195,394,71.5,63.3,0,32.967304,380,350,70.3,63.7,0,30.39312,335,179,73.7,63.1,0,60.50986,175,250,72.5,63.5,0,45.679306,245,358,72.1,63.1,0,35.93212,350,162,73.4,63.5,0,34.70545,160,341,73.6,63.4,0,40.45177,335,244,72.7,64.3,0,40.888996,230,292,73.2,63.4,0,34.974888,285,211,69.8,63.9,0,43.543873,195,402,73.7,63.6,0,40.11622,380,354,72,63.1,0,40.529163,335,183,73.3,63.3,0,56.21549,175,251,72.9,63.3,0,45.15535,245,435,71.8,63.3,0,46.409245,420,164,73.4,63.3,0,31.154364,160,341,72,63.3,0,33.639706,335,107,71.7,63.9,0,32.161236,100,346,72.5,63.8,0,39.494453,335,201,70.9,284.9,0,32.541336,195,389,73.2,63.4,0,37.24138,380,346,71.3,63.4,0,42.189796,335,354,73.9,63.2,0,45.33141,355.9999,297,73.9,63.4,0,51.35939,299.6,353,72.7,63.2,0,38.056435,350,162,72.6,63.7,0,42.71905,160,364,69.4,63.2,0,51.343464,335,234,73.7,63.9,0,43.134357,230,161,72.6,63.6,0,34.69063,150,198,70.6,64.3,0,43.76463,195,387,73.5,63.5,0,41.110138,380,589,69.9,63,0,67.51913,575,336,73.3,64.1,0,45.093292,335,261,72.7,64.1,0,43.088387,250,178,73.3,64.1,0,59.034664,175,193,73.7,64,0,30.547895,190,190,71.2,63.8,0,44.410507,185,310,70.2,63.4,0,40.639366,300,305,72.9,63.2,0,35.3197,300,212,69,63.2,0,55.018543,210,890,68.1,62.9,0,91.47087,880,87.7,87.8,87.6,144.9,102.6,115.3,1.2,0,29.97
20170714,2020,76.4,96,38.95551309,45.05330417,255,48.7,44.1,5.6,79.3,75.2,-0.1,1.25,0,0,0,5,100,100,1,1,1,0,0,200,72,7.5,5.6,7.5,200,70.6,73.3,60.2,100,15,48.2,59.6,100,0,73.3,1.35,60.6,1.8125,65.7,0,0,51.3,13.5,0,0,0,73.2,73.3,62.6,68.8,15,48,60.8,56.4,0,73.2,1.01,60.6,1.8125,66.5,0,0,99.8,73.9,15.4,4.2,1.2,15,15,93,65.1,82,100,38.1,0,74.5,1.3,65.18965,64.68965,0,12.9,0,0,1,100,1,72,210,62.9,0,23.477516,200,72,68,2123.706,69.5,61.1,38.5,2200,269,71,60.8,0,48.181816,260,128,70.2,61.5,0,51.14094,125,1407,71.9,61.1,0,46.201782,1408.0005,693,76.5,61.6,0,33.710224,700,613,71,61.6,0,44.069256,600,206,70.5,61.7,0,36.91399,200,130,70.3,61.8,0,53.404625,125,341,70.2,62.3,0,31.815676,330,248,72.1,62.8,0,100,650,621,69.6,62.9,0,100,950,515,0,61.7,0,32.73174,500,507,70.7,61.7,0,33.16941,500,177,73,63.5,0,48.058014,175,252,70,63.8,0,42.701313,245,225,70.7,63.5,0,41.525837,220,354,72.8,63.4,0,31.207233,350,161,73.4,63.7,0,31.019762,160,342,72.5,63.6,0,29.637342,335,341,73.2,63.5,0,28.389156,335,200,70.9,64.2,0,35.242886,195,393,73.6,63.8,0,28.066708,380,254,69.8,63.4,0,43.21306,245,177,73.6,63.4,0,44.699387,175,249,71.9,63.5,0,46.178383,245,425,71,63.2,0,40.288567,420,163,72.8,63.9,0,27.319523,160,341,72.3,63.6,0,38.573704,335,306,72.9,63.9,0,31.677475,300,409,72.1,63.4,0,27.980804,400,198,70.6,63.9,0,36.822086,195,419,71.5,63.2,0,32.967304,380,355,70.3,63.7,0,30.39312,335,180,73.7,63.1,0,60.50986,175,254,72.5,63.5,0,45.679306,245,357,72.1,63.1,0,35.93212,350,163,73.4,63.5,0,34.70545,160,342,73.6,63.3,0,40.45177,335,246,72.7,64.2,0,40.888996,230,294,73.2,63.3,0,34.974888,285,212,69.8,63.8,0,43.543873,195,390,73.7,63.5,0,39.968304,380,339,72,63.1,0,38.80938,335,183,73.3,63.2,0,56.21549,175,252,72.9,63.2,0,45.15535,245,435,71.8,63.3,0,46.409245,420,164,73.4,63.3,0,31.154364,160,341,72,63.2,0,33.639706,335,107,71.7,63.9,0,32.161236,100,344,72.5,63.8,0,39.494453,335,201,70.9,285.1,0,32.541336,195,394,73.2,63.4,0,37.24138,380,344,71.3,63.3,0,42.189796,335,354,73.9,63.2,0,45.33141,355.9999,297,73.8,63.4,0,51.35939,299.6,353,72.7,63.2,0,38.056435,350,162,72.6,63.6,0,42.71905,160,357,69.4,63.1,0,51.343464,335,233,73.7,63.9,0,43.134357,230,160,72.6,63.6,0,34.69063,150,198,70.5,64.3,0,43.76463,195,388,73.5,63.5,0,41.110138,380,590,69.8,63,0,67.51913,575,336,73.3,64.1,0,45.093292,335,260,72.6,64.1,0,43.088387,250,178,73.2,64.1,0,59.034664,175,193,73.6,64,0,30.547895,190,189,71.1,63.7,0,44.410507,185,310,70.1,63.4,0,40.639366,300,304,72.9,63.1,0,35.3197,300,212,68.9,63.2,0,55.018543,210,889,68.1,62.9,0,91.59962,880,87.7,87.8,87.7,142.9,102.6,115.3,1.3,-0.1,29.97
20170714,2025,76.2,93.9,38.30410994,45.05330417,257,48.7,44,5.6,79.3,75.1,-0.2,1.2,0,0,0,5,100,100,1,1,1,0,0,200,72,7.5,5.6,7.5,200,70.5,73.3,60.1,100,15,47.4,59.6,100,0,73.3,1.35,60.6,1.8125,65.7,0,0,51,13.6,0,0,0,73.2,73.1,62.3,68.9,15,47.7,60.8,54.9,0,73.2,0.99,60.6,1.8125,66.4,0,0,99.7,74.1,14.9,4.7,1.1,15,15,92.2,65.1,82,100,38.8,0,74.5,1.35,65.18965,64.68965,0,12.9,0,0,1,100,1,72,210,62.9,0,23.477516,200,72,68,2123.706,69.5,61,38.6,2200,268,70.9,60.8,0,48.181816,260,128,70.2,61.5,0,51.14094,125,1416,71.9,61.1,0,47.050606,1408.0005,692,76.5,61.6,0,33.710224,700,615,71,61.5,0,44.069256,600,205,70.4,61.7,0,36.91399,200,130,70.2,61.7,0,53.404625,125,340,70.2,62.2,0,31.815676,330,248,72.1,62.7,0,100,650,622,69.5,62.9,0,100,950,515,0,61.6,0,32.73174,500,506,70.7,61.6,0,33.16941,500,176,73,63.4,0,48.058014,175,251,69.9,63.7,0,42.701313,245,225,70.7,63.5,0,41.525837,220,354,72.8,63.4,0,31.207233,350,161,73.4,63.7,0,31.019762,160,341,72.5,63.5,0,29.637342,335,341,73.2,63.4,0,28.389156,335,200,70.8,64.1,0,35.242886,195,394,73.6,63.7,0,28.066708,380,254,69.8,63.3,0,43.21306,245,177,73.6,63.4,0,44.699387,175,249,71.9,63.4,0,46.178383,245,425,71,63.1,0,40.288567,420,163,72.8,63.8,0,27.319523,160,340,72.3,63.5,0,38.573704,335,306,72.9,63.9,0,31.677475,300,408,72.1,63.2,0,27.980804,400,196,70.5,63.9,0,36.822086,195,397,71.4,63.1,0,32.967304,380,354,70.3,63.6,0,30.39312,335,180,73.7,62.9,0,60.50986,175,253,72.5,63.4,0,45.679306,245,360,72,63,0,35.93212,350,162,73.4,63.4,0,34.70545,160,343,73.6,63.3,0,40.45177,335,246,72.7,64.1,0,40.888996,230,295,73.2,63.2,0,34.974888,285,212,69.8,63.8,0,43.543873,195,385,73.6,63.5,0,41.26783,380,339,72,63,0,40.733616,335,183,73.2,63.2,0,56.21549,175,251,72.8,63.2,0,45.15535,245,434,71.8,63.2,0,46.409245,420,163,73.4,63.2,0,31.154364,160,341,72,63.1,0,33.639706,335,106,71.7,63.8,0,32.161236,100,346,72.5,63.7,0,39.494453,335,200,70.9,284.7,0,32.541336,195,391,73.2,63.3,0,37.24138,380,344,71.2,63.3,0,42.189796,335,352,73.8,63.1,0,45.33141,355.9999,295,73.8,63.3,0,51.35939,299.6,353,72.7,63.1,0,38.056435,350,161,72.6,63.6,0,42.71905,160,356,69.4,63,0,51.343464,335,233,73.7,63.8,0,43.134357,230,166,72.6,63.5,0,34.69063,150,198,70.5,64.2,0,43.76463,195,390,73.5,63.4,0,41.110138,380,592,69.8,62.9,0,67.51913,575,336,73.3,64,0,45.093292,335,259,72.6,64,0,43.088387,250,177,73.2,64,0,59.034664,175,192,73.6,63.9,0,30.547895,190,189,71.1,63.7,0,44.410507,185,306,70.1,63.3,0,40.639366,300,304,73.1,63,0,35.3197,300,212,68.9,63.1,0,55.018543,210,888,68,62.8,0,91.578156,880,87.7,87.8,87.8,143.9,102.6,115.3,0.9,-0.1,29.97
20170714,2030,76.1,91.7,37.73023498,45.05330417,257,48.5,43.8,5.6,78.8,74.5,-0.1,1.25,0,0,0,5,100,100,1,1,1,0,0,200,72,7.5,5.6,7.5,200,70.5,73.3,59.9,100,15,46.4,59.6,100,0,73.3,1.4,60.6,1.8125,65.7,0,0,51.3,13.7,0,0,0,73.1,73.2,62.3,68.6,15,47.5,60.8,53.3,0,73.2,0.99,60.6,1.8125,66.3,0,0,99.7,72.7,14.5,4.7,1,15,15,92.9,65.1,82,100,37.3,0,74.5,1.3,65.18965,64.68965,0,12.9,0,0,1,100,1,72,211,62.8,0,23.477516,200,72,68,2123.706,69.5,60.9,37.8,2200,270,70.9,60.7,0,48.181816,260,128,70.2,61.4,0,51.14094,125,1413,71.9,60.9,0,46.42742,1408.0005,693,76.4,61.5,0,33.710224,700,614,70.9,61.5,0,44.069256,600,206,70.4,61.6,0,36.91399,200,130,70.2,61.6,0,53.404625,125,341,70.2,62.1,0,31.815676,330,248,72.1,62.6,0,100,650,620,69.5,62.8,0,100,950,515,0,61.5,0,32.73174,500,506,70.7,61.5,0,33.16941,500,177,73,63.3,0,48.058014,175,251,69.9,63.6,0,42.701313,245,226,70.7,63.4,0,41.525837,220,354,72.8,63.3,0,31.207233,350,161,73.4,63.6,0,31.019762,160,341,72.5,63.4,0,29.637342,335,342,73.2,63.3,0,28.389156,335,201,70.8,64.1,0,35.242886,195,392,73.6,63.6,0,28.066708,380,254,69.8,63.2,0,43.21306,245,178,73.6,63.3,0,44.699387,175,250,71.9,63.3,0,46.178383,245,426,71,63,0,40.288567,420,163,72.8,63.7,0,27.319523,160,341,72.3,63.4,0,38.573704,335,306,72.9,63.8,0,31.677475,300,410,72.1,63.2,0,27.980804,400,198,70.5,63.8,0,36.822086,195,420,71.4,63.1,0,32.967304,380,358,70.3,63.5,0,30.39312,335,181,73.6,62.9,0,60.50986,175,254,72.5,63.3,0,45.679306,245,359,72,62.9,0,35.93212,350,163,73.4,63.3,0,34.70545,160,343,73.6,63.2,0,40.45177,335,246,72.7,64.1,0,40.888996,230,295,73.2,63.2,0,34.974888,285,213,69.8,63.7,0,43.543873,195,380,73.6,63.4,0,41.056522,380,337,72,62.9,0,40.288635,335,182,73.2,63.1,0,56.21549,175,252,72.8,63.1,0,45.15535,245,435,71.8,63.1,0,46.409245,420,164,73.4,63.1,0,31.154364,160,343,72,63.1,0,33.639706,335,108,71.7,63.7,0,32.161236,100,346,72.5,63.6,0,39.494453,335,201,70.8,284.8,0,32.541336,195,395,73.2,63.2,0,37.24138,380,345,71.2,63.2,0,42.189796,335,351,73.9,63,0,45.33141,355.9999,296,73.8,63.2,0,51.35939,299.6,354,72.7,63,0,38.056435,350,162,72.6,63.5,0,42.71905,160,362,69.4,63,0,51.343464,335,234,73.7,63.8,0,43.134357,230,171,72.5,63.4,0,34.69063,150,197,70.5,64.2,0,43.76463,195,395,73.5,63.3,0,41.110138,380,596,69.8,62.9,0,67.51913,575,336,73.3,64,0,45.093292,335,260,72.6,63.9,0,43.088387,250,179,73.2,64,0,59.034664,175,193,73.6,63.8,0,30.547895,190,190,71,63.6,0,44.410507,185,311,70.1,63.2,0,40.639366,300,305,73.1,63,0,35.3197,300,211,68.9,63,0,55.018543,210,888,68,62.7,0,91.56743,880,87.7,87.8,87.7,142.9,102.6,115.6,1.2,-0.1,29.97
20170714,2035,76,93.1,37.94372256,45.05330417,257,48.5,44,5.6,78.2,74.2,-0.1,1.35,0,0,0,5,100,100,1,1,1,0,0,200,72,7.5,5.6,7.5,200,70.5,73.2,59.8,100,15,45.4,59.6,100,0,73.2,1.4,60.6,1.8125,65.5,0,0,50.9,13.4,0,0,0,73.1,73.1,62.2,68.8,15,47.1,60.8,53.7,0,73.1,1.02,60.6,1.8125,66.3,0,0,99.6,73.9,14.6,4.6,0.8,15,15,93.5,65.1,82,100,36.1,0,74.5,1.3,65.18965,64.68965,0,12.9,0,0,1,100,1,72,209,62.7,0,23.477516,200,72,68,2123.706,69.5,60.8,37.9,2200,269,70.9,60.6,0,48.181816,260,129,70.2,61.2,0,51.14094,125,1423,71.9,60.8,0,46.352207,1408.0005,690,76.4,61.3,0,33.710224,700,616,70.8,61.4,0,44.069256,600,206,70.4,61.5,0,36.91399,200,131,70.1,61.5,0,53.404625,125,341,70.2,62,0,31.815676,330,249,72.1,62.6,0,100,650,621,69.5,62.7,0,100,950,515,0,61.4,0,32.73174,500,506,70.7,61.4,0,33.16941,500,177,73,63.2,0,48.058014,175,252,69.9,63.5,0,42.701313,245,225,70.7,63.3,0,41.525837,220,355,72.7,63.2,0,31.207233,350,161,73.3,63.5,0,31.019762,160,342,72.5,63.4,0,29.637342,335,341,73.2,63.3,0,28.389156,335,201,70.8,63.9,0,35.242886,195,395,73.6,63.5,0,28.066708,380,255,69.7,63.2,0,43.21306,245,178,73.6,63.2,0,44.699387,175,250,71.9,63.3,0,46.178383,245,425,71,63,0,40.288567,420,163,72.8,63.7,0,27.319523,160,342,72.3,63.4,0,38.573704,335,307,72.9,63.7,0,31.677475,300,410,72.1,63.1,0,27.980804,400,198,70.5,63.7,0,36.822086,195,408,71.4,62.9,0,32.967304,380,359,70.2,63.4,0,30.39312,335,181,73.6,62.8,0,60.50986,175,254,72.5,63.2,0,45.679306,245,361,72,62.9,0,35.93212,350,163,73.4,63.3,0,34.70545,160,343,73.5,63.1,0,40.45177,335,247,72.7,64,0,40.888996,230,296,73.2,63.1,0,34.974888,285,213,69.8,63.6,0,43.543873,195,375,73.6,63.3,0,40.38035,380,337,71.9,62.8,0,39.687313,335,183,73.2,63,0,56.21549,175,253,72.8,63,0,45.15535,245,437,71.7,63,0,46.409245,420,164,73.3,63,0,31.154364,160,341,72,63,0,33.639706,335,109,71.7,63.7,0,32.161236,100,347,72.5,63.5,0,39.494453,335,201,70.8,285,0,32.541336,195,390,73.2,63.2,0,37.24138,380,346,71.2,63.1,0,42.189796,335,355,73.9,62.9,0,45.33141,355.9999,298,73.8,63.1,0,51.35939,299.6,355,72.6,62.9,0,38.056435,350,162,72.6,63.4,0,42.71905,160,366,69.3,62.9,0,51.343464,335,234,73.6,63.7,0,43.134357,230,169,72.5,63.3,0,34.69063,150,197,70.4,64.1,0,43.76463,195,390,73.4,63.2,0,41.110138,380,596,69.7,62.7,0,67.51913,575,336,73.2,63.9,0,45.093292,335,260,72.6,63.8,0,43.088387,250,179,73.2,63.8,0,59.034664,175,194,73.6,63.7,0,30.547895,190,190,71,63.5,0,44.410507,185,311,70.1,63.1,0,40.639366,300,306,72.9,62.9,0,35.3197,300,212,68.9,62.9,0,55.018543,210,890,68,62.6,0,91.5567,880,87.7,87.8,87.7,141.9,102.6,115.4,2.8,0,29.97
20170714,2040,75.8,93.9,37.93271033,45.05330417,258,48.5,43.8,5.6,78.2,74,-0.1,1.4,0,0,0,5,100,100,1,1,1,0,0,200,72,7.5,5.6,7.5,200,70.5,73.2,59.8,100,15,44.2,59.6,100,0,73.2,1.4,60.6,1.8125,65.4,0,0,51.3,13.7,0,0,0,73.1,73.1,62.1,69,15,46.8,60.8,54.2,0,73,1.02,60.6,1.8125,66.2,0,0,99.5,74.2,14.7,4.3,1.2,15,15,91.9,65.1,82,100,37.1,0,74.5,1.3,65.18965,64.68965,0,12.9,0,0,1,100,1,72,209,62.6,0,23.477516,200,72,68,2123.706,69.5,60.7,37.1,2200,269,70.8,60.5,0,48.181816,260,129,70.2,61.2,0,51.14094,125,1388,71.9,60.7,0,46.352207,1408.0005,689,76.4,61.3,0,34.129852,700,614,70.8,61.3,0,44.069256,600,206,70.4,61.4,0,36.91399,200,130,70.1,61.5,0,53.404625,125,341,70.2,62,0,31.815676,330,248,72.1,62.5,0,100,650,622,69.5,62.6,0,100,950,515,0,61.4,0,32.73174,500,506,70.7,61.4,0,33.16941,500,178,72.9,63.1,0,48.058014,175,252,69.9,63.5,0,42.701313,245,227,70.6,63.2,0,41.525837,220,355,72.7,63.1,0,31.207233,350,161,73.3,63.5,0,31.019762,160,344,72.5,63.3,0,29.637342,335,342,73.1,63.2,0,28.389156,335,201,70.8,63.9,0,35.242886,195,396,73.6,63.5,0,28.066708,380,256,69.7,63.1,0,43.21306,245,178,73.5,63.1,0,44.699387,175,252,71.9,63.2,0,46.178383,245,428,70.9,62.9,0,40.288567,420,164,72.8,63.6,0,27.319523,160,344,72.2,63.3,0,38.573704,335,307,72.9,63.7,0,31.677475,300,411,72.1,63,0,27.980804,400,200,70.5,63.6,0,36.822086,195,407,71.4,62.9,0,32.967304,380,351,70.2,63.4,0,30.39312,335,182,73.6,62.7,0,60.50986,175,252,72.4,63.2,0,45.679306,245,361,72,62.8,0,35.93212,350,163,73.4,63.2,0,34.70545,160,345,73.5,63,0,40.45177,335,247,72.6,64,0,40.888996,230,296,73.2,63,0,34.974888,285,214,69.7,63.5,0,43.543873,195,373,73.6,63.2,0,40.760696,380,339,71.9,62.7,0,39.25436,335,183,73.3,62.9,0,56.21549,175,254,72.8,62.9,0,45.15535,245,437,71.7,63,0,46.409245,420,165,73.3,63,0,31.154364,160,344,71.9,62.9,0,33.639706,335,106,71.7,63.6,0,32.161236,100,347,72.4,63.5,0,39.494453,335,202,70.8,284.9,0,32.541336,195,393,73.1,63.1,0,37.24138,380,346,71.2,63,0,42.189796,335,355,73.9,62.8,0,45.33141,355.9999,297,73.8,63.1,0,51.35939,299.6,355,72.6,62.8,0,38.056435,350,163,72.6,63.3,0,42.71905,160,371,69.3,62.8,0,51.343464,335,234,73.6,63.6,0,43.134357,230,167,72.5,63.3,0,34.69063,150,199,70.4,64,0,43.76463,195,387,73.4,63.2,0,41.110138,380,595,69.7,62.7,0,67.51913,575,336,73.2,63.8,0,45.093292,335,261,72.6,63.8,0,43.088387,250,179,73.2,63.8,0,59.034664,175,194,73.6,63.6,0,30.547895,190,190,71,63.4,0,44.410507,185,311,70,63,0,40.639366,300,306,72.9,62.8,0,35.3197,300,213,68.8,62.9,0,55.018543,210,896,68,62.6,0,90.92372,880,87.7,87.8,87.6,142.9,102.6,115.3,1.2,-0.1,29.97
20170714,2045,75.6,94.7,37.92017748,45.05330417,258,48.4,43.8,5.6,78.2,74,-0.2,1.4,0,0,0,5,100,100,1,1,1,0,0,200,72,7.5,5.6,7.5,200,70.4,73.2,59.8,100,15,43,59.6,100,0,73.2,1.4,60.6,1.8125,65.4,0,0,51.4,13.7,0,0,0,73.1,73.1,62.1,69,15,46.5,60.8,54.5,0,73,1.01,60.6,1.8125,66.1,0,0,99.7,75.6,14.8,4.4,1.3,15,15,92.6,65.1,82,100,37.9,0,74.5,1.3,65.18965,64.68965,0,12.9,0,0,1,100,1,72,208,62.6,0,23.477516,200,72,68,2123.706,69.5,60.7,38.2,2200,271,71,60.5,0,48.181816,260,129,70.1,61.2,0,51.14094,125,1399,71.9,60.8,0,45.739765,1408.0005,689,76.4,61.3,0,34.129852,700,615,70.8,61.2,0,44.069256,600,207,70.3,61.4,0,36.91399,200,130,70,61.5,0,53.404625,125,342,70.1,62,0,31.815676,330,248,72,62.5,0,100,650,624,69.5,62.7,0,100,950,516,0,61.3,0,32.73174,500,507,70.6,61.4,0,33.16941,500,178,73,63.1,0,48.058014,175,253,69.8,63.4,0,42.701313,245,226,70.6,63.2,0,41.525837,220,355,72.7,63.1,0,31.207233,350,161,73.3,63.4,0,31.019762,160,343,72.4,63.3,0,29.637342,335,340,73.2,63.1,0,28.389156,335,201,70.8,63.9,0,35.242886,195,396,73.5,63.4,0,28.066708,380,253,69.7,63.1,0,43.21306,245,178,73.5,63.1,0,44.699387,175,250,71.8,63.1,0,46.178383,245,426,70.9,62.9,0,40.288567,420,163,72.8,63.5,0,27.319523,160,339,72.2,63.3,0,38.573704,335,307,72.8,63.6,0,31.677475,300,411,72.1,63,0,27.980804,400,198,70.5,63.6,0,36.822086,195,418,71.3,62.8,0,32.967304,380,358,70.2,63.3,0,30.39312,335,179,73.6,62.7,0,60.50986,175,250,72.4,63.1,0,45.679306,245,357,72,62.7,0,35.93212,350,162,73.4,63.1,0,34.70545,160,341,73.5,63,0,40.45177,335,245,72.6,63.9,0,40.888996,230,292,73.2,63,0,34.974888,285,211,69.7,63.5,0,43.543873,195,397,73.6,63.2,0,40.306393,380,350,71.9,62.7,0,39.25436,335,183,73.3,62.9,0,56.21549,175,253,72.8,62.9,0,45.15535,245,437,71.7,62.9,0,46.409245,420,164,73.3,62.9,0,31.154364,160,341,71.9,62.9,0,33.639706,335,107,71.6,63.6,0,32.161236,100,347,72.4,63.4,0,39.494453,335,202,70.8,284.9,0,32.541336,195,392,73.1,63.1,0,37.24138,380,345,71.2,63,0,42.189796,335,358,73.8,62.8,0,45.33141,355.9999,253,73.7,63.1,0,47.61045,245,354,72.6,62.8,0,38.056435,350,163,72.5,63.3,0,42.71905,160,366,69.3,62.8,0,51.343464,335,233,73.6,63.6,0,43.134357,230,167,72.5,63.2,0,34.69063,150,198,70.4,64,0,43.76463,195,389,73.4,63.2,0,41.110138,380,594,69.7,62.6,0,67.51913,575,336,73.2,63.8,0,45.093292,335,260,72.5,63.7,0,43.088387,250,179,73.2,63.7,0,59.034664,175,194,73.5,63.6,0,30.547895,190,190,71,63.4,0,44.410507,185,311,70,63,0,40.639366,300,304,73,62.8,0,35.3197,300,212,68.8,62.8,0,55.018543,210,894,67.9,62.5,0,90.97736,880,87.7,87.8,87.5,141.9,102.6,115.2,1.2,1.7,29.97
20170714,2050,75.6,94.6,37.89868854,45.05330417,256,47.9,43.9,5.6,77.6,74,-0.1,1.3,0,0,0,5,100,100,1,1,1,0,0,200,72,7.5,5.6,7.5,200,70.4,73.2,60.2,100,15,40.7,60.4,100,0,73.2,1.35,61.4,1.8125,65.3,0,0,51.1,13.4,0,0,0,73.1,73,62.7,68.6,15,46.1,61.2,56.8,0,73,1,61.4,1.8125,66,0,0,99.8,73.1,15.5,4.4,1.5,15,15,93.4,65.1,82,100,36.8,0,74.5,1.3,65.43104,64.93104,0,12.9,0,0,1,100,1,72,210,62.7,0,23.477516,200,72,68,2123.706,69.5,61,38.3,2200,269,70.9,60.7,0,48.181816,260,128,70.1,61.3,0,51.14094,125,1419,71.9,61,0,46.341465,1408.0005,692,76.4,61.5,0,33.710224,700,613,70.8,61.3,0,44.069256,600,206,70.2,61.6,0,36.91399,200,130,70,61.6,0,53.404625,125,342,70.1,62.1,0,31.815676,330,248,72,62.6,0,100,650,621,69.4,62.8,0,100,950,515,0,61.5,0,32.73174,500,506,70.6,61.5,0,33.16941,500,177,73,63.4,0,48.058014,175,252,69.8,63.6,0,42.701313,245,225,70.6,63.5,0,41.525837,220,355,72.7,63.3,0,31.207233,350,161,73.3,63.5,0,31.019762,160,341,72.4,63.4,0,29.637342,335,342,73.1,63.3,0,28.389156,335,201,70.8,64,0,35.242886,195,395,73.5,63.6,0,28.066708,380,254,69.7,63.3,0,43.21306,245,177,73.5,63.4,0,44.699387,175,249,71.8,63.4,0,46.178383,245,423,70.8,63.1,0,40.288567,420,163,72.7,63.7,0,27.319523,160,339,72.2,63.4,0,38.573704,335,306,72.8,63.7,0,31.677475,300,407,72.1,63.2,0,27.980804,400,197,70.5,63.7,0,36.822086,195,410,71.3,63.1,0,32.967304,380,348,70.2,63.5,0,30.39312,335,178,73.6,63,0,60.50986,175,250,72.4,63.4,0,45.679306,245,356,72,63,0,35.93212,350,162,73.3,63.3,0,34.70545,160,340,73.5,63.2,0,40.45177,335,244,72.6,64,0,40.888996,230,292,73.2,63.2,0,34.974888,285,210,69.7,63.7,0,43.543873,195,389,73.6,63.3,0,39.725304,380,350,71.8,63,0,40.565243,335,182,73.2,63.1,0,56.21549,175,252,72.8,63.2,0,45.15535,245,434,71.7,63.2,0,46.409245,420,164,73.3,63.1,0,31.154364,160,343,71.9,63,0,33.639706,335,107,71.7,63.7,0,32.161236,100,347,72.4,63.6,0,39.494453,335,201,70.8,285,0,32.541336,195,390,73.1,63.2,0,37.24138,380,345,71.2,63.3,0,42.189796,335,353,73.8,63.1,0,45.33141,355.9999,251,73.7,63.4,0,47.61045,245,353,72.5,63.1,0,38.056435,350,162,72.5,63.5,0,42.71905,160,359,69.2,63,0,51.343464,335,233,73.6,63.7,0,43.134357,230,162,72.5,63.4,0,34.69063,150,198,70.4,64.1,0,43.76463,195,393,73.3,63.4,0,41.110138,380,594,69.6,63,0,67.51913,575,336,73.2,63.8,0,45.093292,335,259,72.5,63.9,0,43.088387,250,178,73.1,63.8,0,59.034664,175,193,73.5,63.7,0,30.547895,190,189,71,63.5,0,44.410507,185,308,70,63.3,0,40.639366,300,303,72.9,62.9,0,35.3197,300,211,68.8,63.1,0,55.018543,210,890,68,62.9,0,91.50306,880,87.7,87.8,87.6,142.9,102.5,115.1,0.8,0,29.97
20170714,2055,75.5,94.8,37.85587278,45.05330417,256,48.1,44.1,5.6,77.4,73.8,-0.1,1.2,0,0,0,5,100,100,1,1,1,0,0,200,72,7.5,5.6,7.5,200,70.4,73.3,60.7,100,15,39.8,60.4,100,0,73.3,1.35,61.4,1.8125,65.6,0,0,50.9,13.4,0,0,0,73.1,73,62.8,68.8,15,46,61.2,56.9,0,73.1,0.99,61.4,1.8125,66,0,0,99.7,75,15.5,4.7,1.1,15,15,93.1,65.1,82,100,36.1,0,74.5,1.3,65.43104,64.93104,0,12.9,0,0,1,100,1,72,209,63.1,0,23.477516,200,72,68,2123.706,69.5,61.5,38.4,2200,269,70.8,61.2,0,48.181816,260,129,70.2,61.8,0,51.14094,125,1421,71.9,61.5,0,46.341465,1408.0005,692,76.4,62,0,33.710224,700,615,70.8,61.7,0,44.069256,600,207,70.2,62.1,0,36.91399,200,130,70,62.1,0,53.404625,125,341,70.1,62.6,0,31.815676,330,247,72,63,0,100,650,621,69.5,63.3,0,100,950,515,0,62,0,32.73174,500,506,70.6,62,0,33.16941,500,177,73,63.6,0,48.058014,175,252,69.8,63.9,0,42.701313,245,226,70.6,63.6,0,41.525837,220,354,72.7,63.5,0,31.207233,350,161,73.3,63.7,0,31.019762,160,342,72.4,63.6,0,29.637342,335,340,73.1,63.5,0,28.389156,335,201,70.8,64.2,0,35.242886,195,393,73.5,63.8,0,28.066708,380,254,69.7,63.5,0,43.21306,245,178,73.5,63.6,0,44.699387,175,250,71.8,63.6,0,46.178383,245,425,70.9,63.4,0,40.288567,420,163,72.7,63.9,0,27.319523,160,341,72.2,63.6,0,38.573704,335,306,72.8,63.9,0,31.677475,300,408,72,63.3,0,27.980804,400,198,70.5,63.9,0,36.822086,195,399,71.3,63.3,0,32.967304,380,349,70.2,63.7,0,30.39312,335,178,73.6,63.3,0,60.50986,175,251,72.4,63.6,0,45.679306,245,357,71.9,63.2,0,35.93212,350,162,73.3,63.5,0,34.70545,160,341,73.5,63.4,0,40.45177,335,244,72.6,64.2,0,40.888996,230,292,73.1,63.3,0,34.974888,285,210,69.7,63.9,0,43.543873,195,407,73.5,63.6,0,40.528263,380,351,71.8,63.2,0,40.120266,335,183,73.2,63.4,0,56.21549,175,251,72.8,63.4,0,45.15535,245,435,71.7,63.4,0,46.409245,420,164,73.4,63.3,0,31.154364,160,340,71.9,63.3,0,33.639706,335,106,71.8,63.8,0,32.161236,100,346,72.4,63.8,0,39.494453,335,201,70.8,284.7,0,32.541336,195,392,73.1,63.4,0,37.24138,380,345,71.2,63.5,0,42.189796,335,340,73.8,63.3,0,44.07683,337.99982,251,73.8,63.6,0,47.61045,245,354,72.5,63.3,0,38.056435,350,162,72.5,63.6,0,42.71905,160,367,69.2,63.2,0,51.343464,335,234,73.6,63.8,0,43.134357,230,165,72.5,63.5,0,34.69063,150,198,70.4,64.3,0,43.76463,195,390,73.3,63.6,0,41.110138,380,594,69.6,63.2,0,67.51913,575,336,73.2,64,0,45.093292,335,260,72.5,64,0,43.088387,250,178,73.1,64,0,59.034664,175,194,73.5,63.9,0,30.547895,190,190,71,63.8,0,44.410507,185,312,70,63.5,0,40.639366,300,304,72.9,63.2,0,35.3197,300,212,68.8,63.3,0,55.018543,210,889,67.9,63.1,0,91.54597,880,87.6,87.7,87.7,141.9,102.5,114.9,2.4,0,29.96
20170714,2100,75.4,94.7,37.74214802,45.05330417,256,48.1,44,5.6,77.2,73.5,-0.1,1.25,0,0,0,5,100,100,1,1,1,0,0,200,72,7.5,5.6,7.5,200,70.5,73.3,61.3,100,15,39.2,60.4,100,0,73.3,1.35,61.4,1.8125,65.7,0,0,51.1,13.8,0,0,0,73.1,73.1,62.9,68.7,15,45.8,61.2,58.7,0,73,1.01,61.4,1.8125,66.1,0,0,99.5,74.3,16.9,4.3,1.2,15,15,93,65.1,82,100,37.1,0,74.5,1.3,65.43104,64.93104,0,12.9,0,0,1,100,1,72,209,63.4,0,23.477516,200,72,68,2123.706,69.4,62,1,2200,269,70.9,61.5,0,48.181816,260,128,70.2,62.1,0,51.14094,0,1431,71.9,61.8,0,46.405933,1408.0005,692,76.4,62.3,0,33.710224,700,614,70.8,62.1,0,44.069256,600,205,70.1,62.4,0,36.91399,200,129,70,62.4,0,53.404625,125,341,70.2,62.9,0,31.815676,330,248,72,63.2,0,100,650,620,69.5,63.5,0,100,950,515,0,62.3,0,32.73174,500,506,70.6,62.2,0,33.16941,500,176,73,63.6,0,48.058014,175,251,69.8,64,0,42.701313,200,225,70.6,63.7,0,41.525837,220,354,72.6,63.6,0,31.207233,350,161,73.3,63.8,0,31.019762,160,341,72.3,63.7,0,29.637342,335,339,73.1,63.6,0,28.389156,335,199,70.7,64.2,0,35.242886,195,394,73.5,63.9,0,28.066708,380,254,69.7,63.6,0,43.21306,100,177,73.5,63.6,0,44.699387,175,249,71.8,63.7,0,46.178383,245,423,70.9,63.5,0,40.288567,420,163,72.7,64,0,27.319523,160,340,72.2,63.7,0,38.573704,335,306,72.8,64,0,31.677475,300,407,72,63.4,0,27.980804,400,197,70.4,64,0,36.822086,195,396,71.3,63.4,0,32.967304,200,348,70.2,63.9,0,30.39312,335,180,73.6,63.3,0,60.50986,175,252,72.4,63.7,0,45.679306,245,358,71.9,63.3,0,35.93212,350,162,73.3,63.6,0,34.70545,160,341,73.5,63.5,0,40.45177,335,245,72.6,64.3,0,40.888996,230,294,73.1,63.4,0,34.974888,200,211,69.7,63.9,0,43.543873,195,387,73.5,63.7,0,40.412045,380,343,71.8,63.3,0,40.565243,335,183,73.2,63.4,0,56.21549,175,250,72.8,63.5,0,45.15535,245,432,71.7,63.5,0,46.409245,420,164,73.4,63.4,0,31.154364,100,341,71.9,63.3,0,33.639706,335,107,71.6,64,0,32.161236,100,345,72.4,63.9,0,39.494453,335,199,70.8,284.9,0,32.541336,195,388,73.1,63.5,0,37.24138,380,342,71.1,63.5,0,42.189796,335,319,73.7,63.4,0,42.922173,319.99982,249,73.8,63.7,0,47.929058,245,353,72.5,63.4,0,38.056435,200,162,72.5,63.7,0,42.71905,160,359,69.2,63.3,0,51.343464,335,233,73.6,63.9,0,43.134357,230,165,72.5,63.6,0,34.69063,150,198,70.4,64.4,0,43.76463,195,394,73.3,63.7,0,41.110138,380,594,69.6,63.2,0,67.51913,575,336,73.2,64.1,0,45.093292,200,258,72.5,64.1,0,43.088387,250,176,73.1,64.1,0,59.034664,175,193,73.5,64,0,30.547895,190,189,71,63.8,0,44.410507,185,308,70,63.6,0,40.639366,300,303,72.9,63.3,0,35.3197,300,211,68.8,63.4,0,55.018543,210,885,68,63.2,0,91.59962,880,87.6,87.7,87.4,141.9,102.5,115,1.2,0,29.96
20170714,2105,75.4,94.4,37.67812072,39.04382083,244,45.6,43.5,5.6,75.8,73.7,-0.2,1.55,0,0,0,5,100,100,1,1,1,0,0,200,72,7.5,5.6,7.5,200,71.4,73.4,59.8,0,0,0,60.4,0,0,70.2,0,61.4,0.8125,65.6,0,0,-0.1,1.5,0,0,0,73.3,73,60.4,55.9,15,44.3,61.2,22.1,0,73.1,1.01,61.4,0.8125,65.9,0,0,97.3,55.1,9.9,4.7,1.1,15,15,92.9,65.1,82,100,35.8,0,74.5,1.3,65.43104,64.93104,0,12.8,0,0,1,100,1,72,115,65.7,0,0.012298611,0,85,55,0,69.5,62.3,1,2200,17,71.3,63.1,0,100,260,5,70.3,62.6,0,0.03655416,0,-15,72.1,62.2,0,0.036809813,0,1270,76.7,62.7,0,0,700,125,71.3,62.8,0,0,0,49,70.4,63.3,0,0,0,-1,70.4,63.4,0,0,0,46,70.4,65.1,0,0,0,42,72.1,63.7,0,0.036814336,0,15,69.9,65,0,100,950,0,0,63.7,0,0,0,-3,70.8,63.7,0,0,0,100,73.3,62.7,0,39.25762,100,197,69.9,62.9,0,38.325775,200,198,70.6,62.6,0,39.835907,200,205,72.8,62.9,0,24.743402,200,96,73.3,63.8,0,24.3596,100,196,72.3,63.2,0,24.699827,200,204,73,63.1,0,21.052631,200,102,71,63.9,0,28.729147,100,192,73.6,63.5,0,22.334774,200,100,70,63,0,30.805105,100,99,73.5,62.5,0,35.31288,100,105,71.8,62.7,0,35.639797,100,189,71,62.4,0,30.324331,200,103,72.7,63.5,0,22.282143,100,206,72.2,63,0,32.888126,200,197,72.9,63.7,0,28.104734,200,195,72.1,62.9,0,23.095854,200,100,70.4,63.6,0,30.294477,100,204,71.3,62.4,0,28.093771,200,194,70.2,63.2,0,26.830467,200,101,73.6,61.9,0,50.03607,100,199,72.4,62.4,0,39.45085,200,205,72,62.4,0,27.25037,200,0,73.3,65.2,0,0,0,203,73.5,62.7,0,29.743591,200,195,72.6,63.8,0,36.001965,200,194,73.1,62.8,0,27.35514,200,143,69.7,63.2,0,36.92345,150,191,73.5,63,0,34.907555,200,202,71.7,62.4,0,28.707155,200,100,73.5,62.3,0,49.71162,100,199,72.7,62,0,41.827335,200,193,71.7,62.8,0,35.403343,200,98,73.4,62.9,0,24.580732,100,195,71.9,62.8,0,25.968138,200,93,71.6,63.5,0,30.249939,100,96,72.4,63.6,0,27.237978,100,96,70.7,284.6,0,26.344152,100,200,73.1,63,0,32.3399,200,202,71.3,62.5,0,34.220207,200,99,73.9,62.9,0,32.441433,100,100,73.8,63.4,0,36.20433,100,205,72.5,62.7,0,32.254925,200,98,72.5,63.2,0,38.63424,100,207,69.2,62,0,48.717327,200,95,73.7,63.6,0,35.593758,100,122,72.5,62.8,0,33.932503,100,96,70.4,64,0,37.188763,100,209,73.3,62.9,0,36.730896,200,194,69.7,61.9,0,52.898018,200,210,73.3,64,0,40.706,200,201,72.6,63.8,0,38.511703,200,97,73.2,63.9,0,49.473362,100,97,73.7,63.8,0,25.548496,100,101,71.4,63.5,0,38.138874,100,199,70.4,63.1,0,33.702465,200,206,73,62.5,0,29.560413,200,96,69.2,62.6,0,42.60079,100,198,68.6,62.1,0,42.16286,200,87.6,87.7,87.6,142.9,102.5,114.8,1.7,0,29.96
20170714,2110,75.4,95.3,37.87023776,39.04382083,245,46.2,44.2,5.6,74.8,72.8,-0.1,1.6,0,0,0,5,100,100,1,1,1,0,0,200,72,7.5,5.6,7.5,200,72.8,74.1,62.1,0,0,0,60.4,0,0,67.9,0,61.4,0.8125,63.7,0,0,-0.1,1.5,0,0,0,73.5,73.2,60.4,55.4,15,42.8,61.2,20,0,73.1,1,61.4,0.8125,65.6,0,0,99.6,54.3,9.9,4.4,1.5,15,15,93.6,65.1,82,100,35.4,0,74.5,1.3,65.43104,64.93104,0,12.8,0,0,1,100,1,72,119,68.3,0,0.012298611,0,85,55,0,69.6,63.4,1,2200,14,71.6,66,0,100,260,5,70.4,63.3,0,0.03655416,0,-16,72.5,63.2,0,0.036809813,0,1269,77.2,63.5,0,0.02328831,700,125,71.9,63.8,0,0,0,49,70.5,64.2,0,0,0,-1,71,64.4,0,0,0,43,70.8,67.2,0,0,0,42,72.4,64.4,0,0.036814336,0,9,70.3,67.2,0,100,950,0,0,64.7,0,0,0,-2,71.1,64.5,0,0,0,99,73.5,62.2,0,39.25762,100,202,69.9,62.4,0,38.779263,200,197,70.6,62.1,0,39.835907,200,203,72.9,62.4,0,24.743402,200,96,73.4,63.6,0,24.969505,100,197,72.4,62.8,0,24.699827,200,201,73,62.7,0,21.052631,200,99,71.1,63.7,0,28.729147,100,201,73.8,63.1,0,22.804201,200,98,70.2,62.7,0,30.805105,100,98,73.5,62,0,35.31288,100,101,71.8,62.2,0,35.639797,100,203,71.1,61.9,0,30.780613,200,102,72.7,63.1,0,22.282143,100,203,72.2,62.5,0,32.888126,200,196,72.9,63.3,0,28.104734,200,195,72.1,62.5,0,23.095854,200,98,70.4,63.4,0,30.294477,100,187,71.3,61.8,0,28.562614,200,205,70.2,62.6,0,27.371008,200,99,73.6,61.4,0,50.03607,100,202,72.3,61.9,0,39.878757,200,204,72,61.9,0,27.25037,200,0,73.3,66.9,0,0,0,200,73.5,62.2,0,29.743591,200,194,72.6,63.4,0,36.001965,200,199,73.1,62.4,0,28.408674,200,150,69.7,62.8,0,37.36157,150,188,73.5,62.4,0,34.907555,200,198,71.8,61.9,0,28.707155,200,99,73.6,61.7,0,49.71162,100,197,72.6,61.6,0,41.827335,200,195,71.9,62.4,0,35.403343,200,97,73.5,62.6,0,24.580732,100,194,72,62.5,0,26.249998,200,92,71.6,63,0,30.249939,100,93,72.4,63.4,0,27.237978,100,94,70.7,284.9,0,26.344152,100,199,73.2,62.5,0,32.3399,200,201,71.4,62.1,0,34.220207,200,99,74,62.5,0,32.441433,100,99,73.9,63.1,0,36.20433,100,204,72.6,62.2,0,32.254925,200,97,72.5,62.8,0,38.63424,100,192,69.1,61.6,0,48.717327,200,105,73.8,63.4,0,35.657032,100,109,72.5,62.4,0,33.932503,100,102,70.4,63.8,0,37.571823,100,205,73.3,62.4,0,36.730896,200,200,69.8,61.5,0,52.898018,200,208,73.4,63.8,0,40.706,200,200,72.6,63.4,0,38.511703,200,97,73.3,63.6,0,49.994884,100,97,73.7,63.5,0,25.548496,100,100,71.5,63.1,0,38.138874,100,199,70.5,62.8,0,33.702465,200,203,73.1,62,0,29.560413,200,98,69.5,62.1,0,43.115204,100,207,69,61.7,0,42.16286,200,87.6,87.7,87.7,142.9,102.5,115,1,1.5,29.96
20170714,2115,75.4,94,37.59276919,39.04382083,243,45.8,43.9,5.6,74.3,72.4,-0.2,1.55,0,0,0,5,100,100,1,1,1,0,0,200,72,7.5,5.6,7.5,200,74.6,75.2,64.2,0,0,0,60.4,0,0,67.7,0,61.4,0.8125,62.9,0,0,-0.1,1.5,0,0,0,73.6,73.4,60.4,55.9,15,41.4,61.2,20,0,73.2,0.99,61.4,0.8125,65.1,0,0,99.7,59.5,9.9,4.2,1.2,15,15,91.5,65.1,81.8,100,36,0,74.5,1.3,65.43104,64.93104,0,12.8,0,0,1,100,1,72,116,70.1,0,0.012298611,0,85,55,0,69.7,64.3,1,2200,16,71.8,67.7,0,100,260,5,70.6,64,0,0.03655416,0,-16,72.9,64.3,0,0.036809813,0,1269,77.5,64.2,0,0.02328831,700,125,72.3,64.6,0,0,0,49,70.8,65.1,0,0,0,-1,71.4,65.4,0,0,0,50,71,68.6,0,0,0,42,72.6,65.1,0,0.036814336,0,7,70.6,68.5,0,100,950,1,0,65.7,0,0,0,-2,71.4,65.8,0,0,0,99,73.6,61.9,0,39.25762,100,201,69.9,62.2,0,38.779263,200,196,70.5,62,0,39.835907,200,202,72.9,62.2,0,24.743402,200,97,73.4,63.4,0,24.969505,100,195,72.4,62.5,0,24.699827,200,201,73.1,62.4,0,21.052631,200,100,71.2,63.4,0,28.729147,100,201,73.8,62.8,0,22.804201,200,97,70.4,62.5,0,30.805105,100,98,73.6,61.8,0,35.31288,100,102,71.7,62,0,35.639797,100,201,71.1,61.7,0,30.780613,200,102,72.7,62.9,0,22.282143,100,202,72.3,62.3,0,32.888126,200,192,72.9,63.2,0,28.104734,200,194,72.2,62.3,0,23.095854,200,98,70.4,63.2,0,30.294477,100,187,71.3,61.6,0,28.562614,200,202,70.2,62.4,0,27.076166,200,98,73.6,61.3,0,50.03607,100,201,72.3,61.7,0,39.878757,200,201,72.1,61.6,0,27.25037,200,0,73.4,68,0,0,0,201,73.5,62,0,29.743591,200,194,72.6,63.2,0,36.001965,200,199,73.1,62.1,0,28.408674,200,148,69.7,62.6,0,37.36157,150,188,73.5,62.2,0,34.907555,200,199,71.8,61.7,0,28.707155,200,97,73.7,61.6,0,49.71162,100,196,72.5,61.5,0,41.827335,200,196,71.9,62.1,0,35.403343,200,99,73.5,62.3,0,25.021421,100,196,72,62.2,0,26.249998,200,93,71.6,62.8,0,30.249939,100,100,72.4,63.2,0,27.681875,100,105,70.7,285.1,0,26.87079,100,197,73.2,62.3,0,32.3399,200,200,71.4,61.9,0,34.220207,200,98,74.1,62.3,0,32.441433,100,99,74,62.9,0,36.20433,100,202,72.6,62,0,32.254925,200,96,72.5,62.5,0,38.63424,100,186,69.1,61.4,0,48.717327,200,104,73.9,63.1,0,35.657032,100,112,72.5,62.1,0,33.932503,100,102,70.4,63.6,0,37.571823,100,205,73.3,62.1,0,36.730896,200,198,69.9,61.3,0,52.898018,200,209,73.5,63.6,0,40.706,200,200,72.6,63.2,0,38.511703,200,97,73.4,63.4,0,49.994884,100,97,73.8,63.2,0,25.548496,100,101,71.6,62.9,0,38.138874,100,198,70.6,62.6,0,33.702465,200,203,73.1,61.8,0,29.560413,200,97,69.6,61.9,0,43.115204,100,202,69.2,61.6,0,42.16286,200,87.6,87.7,87.5,141.9,102.5,115,1.2,-0.1,29.96
20170714,2120,75.4,95.5,37.91294475,39.04382083,240,45.8,45.7,4.7,71.9,72.2,-0.1,1.35,0,0,0,5,99,0,0,1,0,0,0,200,72,7.5,4.7,7.5,200,76.1,75.6,66.2,0,0,0,60.4,0,0,67.5,0,61.4,0.8125,61.1,0,0,-0.1,1.5,0,0,0,73.6,73.3,60.7,55.7,15,40.1,61.2,20,0,73.3,1.02,61.4,0.8125,65.1,0,0,99.7,55.2,9.9,4.3,1.3,15,15,93.6,65.1,81.8,100,35.7,0,74.5,1.3,65.43104,64.93104,0,12.8,0,0,0,0,0,72,117,71.5,0,0.012298611,0,85,55,0,69.8,64.9,1,2200,16,72,68.8,0,100,260,4,70.8,64.7,0,0.03655416,0,-16,73.1,65.2,0,0.036809813,0,1270,77.7,64.8,0,0.02328831,700,126,72.6,65.4,0,0,0,49,70.9,65.8,0,0,0,-1,71.6,66.2,0,0,0,50,71.2,69.5,0,0,0,41,72.8,65.8,0,0.036814336,0,8,71,69.4,0,100,950,0,0,66.7,0,0,0,-3,71.6,66.9,0,0,0,99,73.6,61.9,0,39.25762,100,202,69.9,62.2,0,38.779263,200,197,70.5,62,0,39.835907,200,204,73,62.1,0,24.743402,200,97,73.4,63.3,0,24.969505,100,195,72.4,62.4,0,24.699827,200,204,73.1,62.3,0,21.052631,200,100,71.2,63.4,0,28.729147,100,202,73.8,62.8,0,22.804201,200,99,70.4,62.4,0,30.805105,100,98,73.6,61.9,0,35.31288,100,101,71.7,62.1,0,35.639797,100,202,71.2,61.7,0,30.780613,200,103,72.6,62.8,0,22.282143,100,203,72.3,62.3,0,32.888126,200,195,72.9,63,0,28.104734,200,194,72.2,62.2,0,23.095854,200,99,70.4,63.2,0,30.294477,100,189,71.3,61.6,0,28.562614,200,201,70.2,62.4,0,27.076166,200,100,73.6,61.4,0,50.03607,100,204,72.3,61.8,0,39.878757,200,205,72.1,61.6,0,27.25037,200,0,73.4,68.9,0,0,0,201,73.5,61.9,0,29.743591,200,194,72.6,63.1,0,36.001965,200,199,73.1,62,0,28.408674,200,150,69.7,62.6,0,37.36157,150,188,73.5,62.1,0,34.907555,200,199,71.8,61.7,0,28.707155,200,98,73.8,61.6,0,49.71162,100,197,72.5,61.6,0,41.827335,200,194,72,62.1,0,35.403343,200,100,73.5,62.3,0,25.021421,100,196,72.1,62.2,0,26.249998,200,93,71.6,62.7,0,30.249939,100,102,72.4,63.1,0,27.681875,100,105,70.7,284.9,0,26.87079,100,201,73.2,62.2,0,32.3399,200,201,71.5,61.9,0,34.220207,200,99,74.2,62.3,0,32.441433,100,99,74.1,62.9,0,36.20433,100,204,72.6,61.9,0,32.254925,200,98,72.5,62.4,0,38.63424,100,187,69,61.4,0,48.717327,200,105,73.9,63,0,35.657032,100,112,72.4,62,0,33.932503,100,103,70.4,63.5,0,37.571823,100,208,73.3,62.1,0,36.730896,200,208,69.9,61.4,0,52.898018,200,209,73.5,63.5,0,40.706,200,200,72.6,63.1,0,38.511703,200,98,73.4,63.4,0,49.994884,100,97,73.8,63.1,0,25.548496,100,101,71.7,62.9,0,38.138874,100,200,70.7,62.6,0,33.702465,200,204,73.1,61.7,0,29.560413,200,98,69.7,61.9,0,43.115204,100,204,69.3,61.6,0,42.16286,200,87.7,87.8,87.7,143.9,102.5,115,1.2,-0.1,29.96
20170714,2125,75.5,95.6,38.02729046,39.04382083,228,51.5,51.4,4.15,70.9,72.3,-0.1,0.7,0,0,0,5,94,0,0,1,0,0,0,200,72,7.5,4.15,7.5,200,76.8,75.6,67.8,0,0,0,60.4,0,0,67.4,0,61.4,0.8125,59.3,0,0,-0.1,1.5,0,0,0,73.6,73.4,60.7,55.6,15,38.9,61.2,20,0,73.2,1,61.4,0.8125,65.1,0,0,99.7,55.4,10,4.3,0.7,15,15,93.3,65.1,81.8,100,35.6,0,74.5,1.3,65.43104,64.93104,0,12.8,0,0,0,0,0,72,111,72.5,0,0.012298611,0,85,55,0,69.9,65.3,1,2200,15,72.2,69.7,0,100,260,4,70.9,65.3,0,0.03655416,0,-16,73.3,66,0,0.036809813,0,1270,77.8,65.4,0,0.02328831,700,126,72.9,66,0,0,0,49,71,66.5,0,0,0,-1,71.9,66.9,0,0,0,48,71.4,70.2,0,0,0,41,72.9,66.6,0,0.036814336,0,10,71.2,70.1,0,100,950,0,0,67.4,0,0,0,-3,71.7,67.7,0,0,0,99,73.6,62,0,39.25762,100,201,69.8,62.3,0,38.779263,200,196,70.5,62.1,0,39.835907,200,201,73,62.2,0,24.743402,200,96,73.4,63.3,0,24.969505,100,194,72.5,62.4,0,24.699827,200,202,73.1,62.3,0,21.052631,200,100,71.3,63.4,0,28.729147,100,201,73.8,62.8,0,22.804201,200,99,70.4,62.5,0,30.805105,100,98,73.6,62,0,35.31288,100,100,71.8,62.2,0,35.639797,100,201,71.2,61.8,0,30.780613,200,102,72.6,62.8,0,22.282143,100,200,72.3,62.3,0,32.888126,200,195,73,63,0,28.104734,200,196,72.2,62.3,0,23.095854,200,98,70.4,63.2,0,30.294477,100,204,71.3,61.7,0,28.562614,200,204,70.2,62.5,0,27.076166,200,99,73.6,61.5,0,50.03607,100,202,72.3,61.9,0,39.878757,200,203,72.1,61.7,0,27.25037,200,0,73.4,69.5,0,0,0,200,73.5,62,0,29.743591,200,194,72.6,63.1,0,36.001965,200,197,73.1,62,0,28.408674,200,149,69.7,62.6,0,37.36157,150,192,73.5,62.2,0,34.907555,200,198,71.8,61.8,0,28.707155,200,98,73.8,61.7,0,49.71162,100,197,72.4,61.7,0,41.827335,200,196,72,62.2,0,35.403343,200,99,73.5,62.3,0,25.021421,100,192,72.1,62.2,0,26.249998,200,92,71.6,62.7,0,30.249939,100,99,72.5,63.1,0,27.681875,100,104,70.7,284.9,0,26.87079,100,198,73.2,62.2,0,32.3399,200,201,71.5,62,0,34.220207,200,99,74.2,62.3,0,32.441433,100,98,74.1,63,0,36.20433,100,203,72.7,62,0,32.254925,200,97,72.5,62.4,0,38.63424,100,184,68.9,61.5,0,48.717327,200,104,74,63,0,35.657032,100,111,72.4,62,0,33.932503,100,102,70.4,63.6,0,37.571823,100,206,73.3,62.1,0,36.730896,200,204,70,61.5,0,52.898018,200,207,73.5,63.4,0,40.706,200,200,72.6,63.1,0,38.511703,200,98,73.4,63.3,0,49.994884,100,96,73.8,63.1,0,25.548496,100,101,71.7,62.9,0,38.138874,100,197,70.8,62.7,0,33.702465,200,203,73.1,61.8,0,29.560413,200,98,69.8,62,0,43.115204,100,202,69.5,61.7,0,42.16286,200,87.7,87.8,87.6,142.9,102.5,115,1.9,-0.9,29.96
20170714,2130,75.6,95.1,38.01296944,39.04382083,1,54.7,54.6,4.15,71,72.3,-0.1,0.55,0,0,0,5,0,0,0,0,0,0,0,200,72,7.5,4.15,7.5,200,77.6,75.8,69.2,0,0,0,60.4,0,0,67.7,0,61.4,0.8125,58.6,0,0,-0.1,1.5,0,0,0,73.6,73.4,61.2,55.8,15,37.9,61.2,20,0,73.4,1.01,61.4,0.8125,65.1,0,0,99.8,54.8,9.9,4.7,0.9,15,15,95.8,69.1,81.8,100,36.6,0,74.5,1.3,65.43104,64.93104,0,12.7,0,0,0,0,0,72,116,73.2,0,0.012298611,0,85,55,0,70,65.6,1,2200,16,72.4,70.3,0,100,260,4,71.1,65.9,0,0.03655416,0,-16,73.5,66.7,0,0.036809813,0,1271,78,65.9,0,0.02328831,700,124,73.1,66.6,0,0,0,48,71.2,67,0,0,0,-1,72.1,67.6,0,0,0,50,71.5,70.7,0,0,0,42,73,67.2,0,0.036814336,0,9,71.4,70.7,0,100,950,-1,0,68.1,0,0,0,-3,71.9,68.4,0,0,0,99,73.7,62.3,0,39.25762,100,201,69.8,62.5,0,38.779263,200,196,70.5,62.3,0,39.835907,200,203,73,62.3,0,24.743402,200,97,73.4,63.3,0,24.969505,100,196,72.4,62.5,0,24.699827,200,201,73.2,62.4,0,21.052631,200,100,71.3,63.5,0,28.729147,100,203,73.8,62.9,0,22.804201,200,99,70.4,62.6,0,30.805105,100,98,73.6,62.3,0,35.31288,100,100,71.8,62.4,0,35.639797,100,202,71.2,62,0,30.780613,200,102,72.6,62.9,0,22.282143,100,203,72.3,62.5,0,32.888126,200,196,73,63.1,0,28.104734,200,197,72.2,62.3,0,23.095854,200,98,70.4,63.3,0,30.294477,100,186,71.2,61.9,0,28.562614,200,200,70.1,62.6,0,27.076166,200,100,73.6,61.8,0,50.03607,100,202,72.3,62.1,0,39.878757,200,204,72.1,61.9,0,27.25037,200,0,73.4,70.1,0,0,0,202,73.5,62.1,0,29.743591,200,194,72.6,63.1,0,36.001965,200,198,73.1,62.2,0,28.408674,200,150,69.7,62.7,0,37.36157,150,189,73.5,62.3,0,34.907555,200,199,71.8,61.9,0,28.707155,200,99,73.9,62,0,49.71162,100,198,72.4,62,0,41.827335,200,193,72.1,62.3,0,35.403343,200,99,73.5,62.4,0,25.021421,100,196,72.1,62.3,0,26.249998,200,91,71.6,62.8,0,30.249939,100,99,72.5,63.2,0,27.681875,100,105,70.7,284.7,0,26.87079,100,201,73.2,62.4,0,32.3399,200,201,71.5,62.2,0,34.220207,200,99,74.2,62.4,0,32.441433,100,99,74.1,63.2,0,36.20433,100,202,72.7,62.2,0,32.254925,200,98,72.5,62.5,0,38.63424,100,193,68.9,61.8,0,48.717327,200,104,74,63,0,35.657032,100,116,72.4,62.2,0,33.932503,100,102,70.4,63.6,0,37.571823,100,205,73.3,62.3,0,36.730896,200,206,70,61.7,0,52.898018,200,207,73.5,63.5,0,40.706,200,200,72.6,63.2,0,38.511703,200,98,73.4,63.4,0,49.994884,100,97,73.9,63.2,0,25.548496,100,101,71.8,63,0,38.138874,100,201,70.8,62.8,0,33.702465,200,204,73.1,62,0,29.560413,200,98,69.8,62.2,0,43.115204,100,203,69.6,61.9,0,42.16286,200,87.7,87.8,87.5,141.9,102.5,115.2,1.2,0,29.96
20170714,2135,75.7,95.1,38.10601118,39.04382083,1,54.6,55,4.15,71.2,72.4,-0.1,0.55,0,0,0,5,0,0,0,0,0,0,0,200,72,7.5,4.15,7.5,200,78.3,76.1,70.3,0,0,0,60.4,0,0,68.2,0,61.4,0.8125,58,0,0,-0.1,1.5,0,0,0,73.7,73.5,66,56.1,15,39.8,61.2,20,0,73.4,1.01,61.4,0.8125,65.1,0,0,99.7,54.5,9.9,4.4,1.2,15,15,97.8,71.1,81.8,100,52.1,0,74.5,1.3,65.43104,64.93104,0,12.7,0,0,0,0,0,72,113,73.8,0,0.012298611,0,85,55,0,70.1,65.8,1,2200,13,72.5,70.7,0,100,260,4,71.2,66.4,0,0.03655416,0,-17,73.7,67.2,0,0.036809813,0,1270,78.1,66.4,0,0.02328831,700,124,73.2,67.2,0,0,0,49,71.3,67.6,0,0,0,-1,72.2,68.1,0,0,0,47,71.6,71.2,0,0,0,41,73.1,67.9,0,0.036814336,0,10,71.6,71.1,0,100,950,-1,0,68.7,0,0,0,-4,72,69,0,0,0,98,73.7,65.3,0,39.25762,100,202,69.9,65.6,0,38.779263,200,204,70.5,65.5,0,40.362476,200,202,73,65,0,24.743402,200,96,73.5,64.7,0,24.969505,100,194,72.5,64.8,0,24.699827,200,201,73.2,64.6,0,21.052631,200,99,71.4,65.3,0,28.729147,100,202,73.9,65,0,22.804201,200,98,70.5,65,0,30.805105,100,98,73.6,65.6,0,35.31288,100,100,71.8,65.5,0,35.639797,100,201,71.2,65.3,0,30.780613,200,102,72.6,65.1,0,22.282143,100,201,72.3,65.2,0,32.888126,200,193,73,64.8,0,28.104734,200,197,72.2,64.5,0,23.095854,200,97,70.5,65.2,0,30.294477,100,186,71.3,64.9,0,28.562614,200,201,70.2,65.2,0,27.076166,200,102,73.7,65.5,0,50.02405,100,203,72.3,65.6,0,39.878757,200,203,72.1,65,0,27.25037,200,0,73.4,70.4,0,0,0,199,73.5,65.1,0,29.743591,200,194,72.6,65,0,36.001965,200,198,73.1,64.6,0,28.408674,200,149,69.7,65.4,0,37.36157,150,193,73.5,64.9,0,35.298466,200,197,71.8,64.9,0,28.707155,200,98,73.9,65.3,0,49.71162,100,197,72.4,65.7,0,41.827335,200,196,72.1,65,0,35.403343,200,99,73.5,64.8,0,25.021421,100,193,72.1,64.5,0,26.249998,200,93,71.7,64.6,0,30.249939,100,98,72.5,65,0,27.681875,100,105,70.7,284.7,0,26.87079,100,198,73.2,64.7,0,32.3399,200,201,71.6,65.2,0,34.220207,200,97,74.3,65,0,32.441433,100,99,74.2,65.6,0,36.20433,100,204,72.7,65,0,32.254925,200,98,72.5,65,0,38.63424,100,189,68.9,65.2,0,48.717327,200,105,74.1,64.7,0,35.657032,100,107,72.4,64.7,0,33.932503,100,103,70.5,65.6,0,37.571823,100,208,73.3,65.2,0,36.730896,200,198,70.1,65.5,0,52.898018,200,209,73.5,64.8,0,40.706,200,200,72.6,65.1,0,38.511703,200,98,73.5,64.8,0,49.994884,100,97,73.9,64.9,0,25.548496,100,101,71.9,65.1,0,38.138874,100,199,70.9,65.4,0,33.702465,200,204,73.2,64.8,0,29.560413,200,98,69.9,65.2,0,43.115204,100,202,69.6,65.3,0,42.16286,200,87.8,87.9,87.6,142.9,102.5,115.1,3.1,-0.4,29.96
20170714,2140,75.9,95.5,38.37969335,39.04382083,1,54.6,54.9,4.15,71.3,72.5,-0.2,0.55,0,0,0,5,0,0,0,0,0,0,0,200,72,7.5,4.15,7.5,200,78.9,76.4,71.3,0,0,0,60.4,0,0,68.4,0,61.4,0.8125,57.3,0,0,-0.1,1.5,0,0,0,73.7,73.5,67.9,56.1,15,42.4,61.2,20,0,73.5,1.02,61.4,0.8125,65.9,0,0,99.8,53.9,9.9,4.3,1.9,15,15,95.9,71.1,82,100,70.6,0,74.5,1.3,65.43104,64.93104,0,12.8,0,0,0,0,0,72,110,74.3,0,0.012298611,0,85,55,0,70.2,66,1,2200,13,72.6,71.1,0,100,260,3,71.3,66.9,0,0.03655416,0,-16,73.8,67.8,0,0.036809813,0,1270,78.3,66.8,0,0.02328831,700,126,73.4,67.7,0,0,0,48,71.4,68,0,0,0,-1,72.4,68.7,0,0,0,51,71.7,71.6,0,0,0,41,73.2,68.4,0,0.036814336,0,12,71.7,71.6,0,100,950,-1,0,69.2,0,0,0,-3,72.1,69.5,0,0,0,99,73.7,66.6,0,39.25762,100,203,70.1,66.9,0,38.779263,200,203,70.7,66.8,0,39.90938,200,202,73.1,66.3,0,24.743402,200,96,73.5,66,0,24.969505,100,194,72.5,66.1,0,24.699827,200,202,73.3,66,0,21.052631,200,100,71.5,66.7,0,28.729147,100,204,73.9,66.4,0,22.804201,200,99,70.6,66.3,0,30.805105,100,98,73.7,67,0,35.31288,100,100,71.8,66.8,0,35.639797,100,201,71.3,66.7,0,30.780613,200,103,72.6,66.5,0,22.282143,100,204,72.4,66.5,0,32.888126,200,193,73,66,0,28.104734,200,195,72.3,65.9,0,23.095854,200,98,70.6,66.5,0,30.294477,100,207,71.3,66.3,0,28.562614,200,203,70.3,66.6,0,27.076166,200,102,73.7,66.8,0,49.422802,100,201,72.3,66.9,0,39.878757,200,203,72.2,66.2,0,27.25037,200,0,73.5,70.7,0,0,0,201,73.5,66.4,0,29.743591,200,194,72.7,66.5,0,36.001965,200,199,73.1,65.9,0,28.408674,200,148,69.8,66.7,0,37.36157,150,192,73.5,66.2,0,35.298466,200,200,71.8,66.2,0,28.707155,200,98,74,66.6,0,49.71162,100,196,72.5,67,0,41.827335,200,204,72.2,66.3,0,35.93212,200,99,73.5,66.2,0,25.021421,100,195,72.1,65.9,0,26.249998,200,93,71.8,66,0,30.249939,100,99,72.5,66.3,0,27.681875,100,105,70.8,284.9,0,26.87079,100,199,73.3,66.2,0,32.3399,200,202,71.7,66.5,0,34.220207,200,98,74.3,66.3,0,32.441433,100,98,74.2,67,0,36.20433,100,203,72.8,66.1,0,32.254925,200,98,72.5,66.3,0,38.63424,100,189,69.1,66.5,0,48.717327,200,105,74.1,66,0,35.657032,100,108,72.5,66,0,33.932503,100,102,70.6,67.1,0,37.571823,100,210,73.3,66.4,0,36.730896,200,199,70.2,66.6,0,52.898018,200,208,73.5,66.1,0,40.706,200,200,72.7,66.4,0,38.511703,200,98,73.5,66.2,0,49.994884,100,96,73.9,66.3,0,25.548496,100,101,71.9,66.5,0,38.138874,100,200,71,66.8,0,33.702465,200,204,73.2,66.1,0,29.560413,200,98,70,66.3,0,43.115204,100,204,69.8,66.5,0,42.16286,200,87.8,87.9,87.7,140.9,102.6,115,2.8,-0.8,29.96
20170714,2145,75.9,95.4,38.35795494,39.04382083,1,54.5,54.9,4.15,71.4,72.5,-0.2,0.55,0,0,0,5,0,0,0,0,0,0,0,200,72,7.5,4.15,7.5,200,79.3,76.5,72.1,0,0,0,60.4,0,0,68.8,0,61.4,0.8125,56.5,0,0,-0.1,1.5,0,0,0,73.8,73.5,69.5,56.2,15,45.7,61.2,20,0,73.6,0.99,61.4,0.8125,66.2,0,0,94.1,55.5,10,4.6,0.7,15,15,95,71.1,82,100,89.9,0,74.5,1.3,65.43104,64.93104,0,12.8,0,0,0,0,0,72,111,74.7,0,0.012298611,0,85,55,0,70.2,66.1,1,2200,15,72.7,71.5,0,100,260,4,71.4,67.3,0,0.03655416,0,-16,74,68.2,0,0.036809813,0,1271,78.4,67.3,0,0.02328831,700,127,73.5,68.2,0,0,0,48,71.5,68.5,0,0,0,-1,72.5,69.2,0,0,0,47,71.8,71.9,0,0,0,41,73.3,69,0,0.036814336,0,9,71.8,71.9,0,100,950,-1,0,69.7,0,0,0,-3,72.2,69.9,0,0,0,98,73.8,68,0,39.25762,100,202,70.2,68.3,0,38.779263,200,201,70.9,68,0,39.90938,200,201,73.2,67.4,0,24.743402,200,97,73.5,66.6,0,25.408638,100,192,72.6,67,0,24.699827,200,202,73.4,66.9,0,21.052631,200,100,71.6,67.5,0,28.729147,100,204,74,67.2,0,22.804201,200,100,70.7,67.2,0,30.805105,100,101,73.7,68.6,0,35.7546,100,99,71.9,68.3,0,35.639797,100,201,71.4,68.1,0,30.780613,200,102,72.7,67.3,0,22.282143,100,200,72.4,67.7,0,32.888126,200,191,73.1,66.8,0,28.104734,200,193,72.4,66.7,0,23.095854,200,97,70.8,67.2,0,30.294477,100,189,71.4,67.6,0,28.562614,200,196,70.4,68,0,27.076166,200,102,73.8,68.6,0,49.422802,100,201,72.3,68.5,0,39.878757,200,202,72.2,67.7,0,27.25037,200,0,73.5,70.9,0,0,0,200,73.6,67.5,0,29.743591,200,194,72.7,67.4,0,36.001965,200,196,73.2,66.9,0,28.408674,200,149,69.9,67.6,0,37.36157,150,190,73.6,67.3,0,35.298466,200,196,71.9,67.7,0,28.707155,200,98,74.1,68.2,0,49.71162,100,197,72.6,68.6,0,41.827335,200,204,72.3,67.4,0,35.93212,200,99,73.5,67,0,25.021421,100,196,72.2,66.8,0,26.249998,200,92,71.8,66.8,0,30.249939,100,97,72.5,67.1,0,27.681875,100,105,70.9,284.8,0,26.87079,100,200,73.3,67.1,0,32.3399,200,198,71.8,67.8,0,34.220207,200,98,74.4,67.1,0,32.441433,100,98,74.3,68.2,0,36.20433,100,201,72.8,67.3,0,32.254925,200,98,72.5,66.7,0,38.63424,100,191,69.4,67.8,0,48.717327,200,104,74.2,66.6,0,35.657032,100,111,72.5,67.1,0,33.932503,100,103,70.8,67.7,0,37.571823,100,208,73.4,67.2,0,36.730896,200,202,70.4,67.9,0,52.898018,200,207,73.6,66.8,0,40.706,200,200,72.8,67.2,0,38.511703,200,97,73.6,67,0,49.994884,100,96,74,67.1,0,25.548496,100,100,72,67.4,0,38.138874,100,199,71.1,67.7,0,33.702465,200,203,73.3,67.2,0,29.560413,200,98,70.2,67.6,0,43.115204,100,202,69.9,67.8,0,42.16286,200,87.9,88,87.6,142.9,102.6,115.2,1.2,-0.2,29.96
20170714,2150,75.9,95.6,38.40143311,39.04382083,1,54.5,55,4.15,71.6,72.6,-0.2,0.55,0,0,0,5,0,0,0,0,0,0,0,200,72,7.5,4.15,7.5,200,79.6,76.6,72.6,0,0,0,60.8,0,0,69.2,0,61.8,0.8125,58.4,0,0,-0.1,1.5,0,0,0,73.9,73.5,70.8,56.4,15,49.5,61.4,20,0,73.5,1,61.8,0.8125,66.8,0,0,88.7,55.7,10,4.5,1.4,15,15,94.5,71.1,82,100,99.6,0,74.5,1.3,65.55173,65.05173,0,12.8,0,0,0,0,0,72,110,75,0,0.012298611,0,85,55,0,70.3,66.2,1,2200,14,72.8,71.8,0,100,260,3,71.4,67.7,0,0.03655416,0,-16,74.1,68.5,0,0.036809813,0,1270,78.5,67.7,0,0.02328831,700,128,73.6,68.6,0,0,0,48,71.6,68.8,0,0,0,-1,72.7,69.7,0,0,0,51,71.8,72.2,0,0,0,41,73.3,69.4,0,0.036814336,0,8,72,72.2,0,100,950,-1,0,70.2,0,0,0,-4,72.3,70.3,0,0,0,98,73.8,69.5,0,39.25762,100,201,70.4,69.7,0,38.779263,200,202,71.1,69.4,0,39.90938,200,201,73.3,68.9,0,24.743402,200,97,73.5,67.5,0,25.408638,100,210,72.7,68.3,0,24.859104,200,200,73.5,68.1,0,21.052631,200,99,71.8,68.3,0,28.729147,100,205,74,68.4,0,22.804201,200,98,70.8,68.5,0,30.805105,100,101,73.8,70,0,35.7546,100,99,71.9,69.7,0,35.639797,100,200,71.5,69.5,0,30.780613,200,103,72.7,68.5,0,22.282143,100,201,72.5,69,0,32.888126,200,195,73.1,67.9,0,28.557447,200,196,72.4,68,0,23.095854,200,97,70.9,68.1,0,30.294477,100,200,71.5,69.1,0,28.562614,200,199,70.4,69.3,0,27.076166,200,102,73.9,70,0,49.422802,100,200,72.4,69.9,0,39.878757,200,203,72.3,69.2,0,27.25037,200,0,73.5,71.1,0,0,0,198,73.6,68.9,0,29.743591,200,194,72.8,68.5,0,36.001965,200,196,73.2,68.2,0,28.408674,200,148,70,68.8,0,37.36157,150,190,73.6,68.8,0,35.298466,200,197,72,69.1,0,28.707155,200,98,74.2,69.6,0,49.71162,100,196,72.7,69.9,0,41.827335,200,205,72.4,69,0,35.93212,200,99,73.5,68.3,0,25.021421,100,193,72.3,68.2,0,26.249998,200,92,71.9,68,0,30.249939,100,96,72.6,68.2,0,27.681875,100,104,71,284.9,0,26.87079,100,201,73.3,68.4,0,32.3399,200,200,71.9,69.1,0,34.220207,200,98,74.4,68.5,0,32.441433,100,98,74.3,69.5,0,36.20433,100,201,72.9,68.8,0,32.254925,200,97,72.5,68.1,0,38.63424,100,186,69.7,69.2,0,48.717327,200,104,74.2,67.6,0,35.657032,100,107,72.6,68.4,0,33.932503,100,103,70.9,68.5,0,37.571823,100,211,73.4,68.8,0,36.730896,200,200,70.5,69.4,0,52.898018,200,207,73.7,67.8,0,40.706,200,200,72.9,68.4,0,38.511703,200,98,73.6,68.1,0,49.994884,100,96,74.1,68.3,0,25.548496,100,101,72.1,68.7,0,38.138874,100,198,71.2,68.9,0,33.702465,200,203,73.4,68.7,0,29.560413,200,98,70.4,69.1,0,43.115204,100,203,70.1,69.3,0,42.16286,200,87.9,88,87.8,143.9,102.6,115.3,1.2,0,29.96
20170714,2155,76,96.1,38.59063316,39.04382083,1,54.5,55,4.15,71.7,72.7,-0.1,0.55,0,0,0,5,0,0,0,0,0,0,0,200,72,7.5,4.15,7.5,200,80.3,76.8,72.7,0,0,0,60.8,0,0,69.8,0,61.8,0.8125,59,0,0,-0.1,1.5,0,0,0,73.9,73.7,71.5,56,15,53.5,61.4,20,0,73.7,1,61.8,0.8125,67.3,0,0,86.5,55.1,10,4.3,1.2,15,15,94.2,73.1,82,100,100,0,74.5,1.3,65.55173,65.05173,0,12.8,0,0,0,0,0,72,108,75.3,0,0.012298611,0,85,55,0,70.3,66.3,1,2200,13,72.9,72,0,100,260,3,71.5,68.1,0,0.03655416,0,-16,74.2,68.8,0,0.036809813,0,1271,78.6,68.1,0,0.02328831,700,126,73.8,69,0,0,0,47,71.7,69.2,0,0,0,-1,72.8,70,0,0,0,49,71.9,72.5,0,0,0,42,73.4,69.9,0,0.036814336,0,8,72.1,72.4,0,100,950,-2,0,70.6,0,0,0,-4,72.4,70.7,0,0,0,97,73.9,70.5,0,39.25762,100,200,70.5,70.7,0,38.779263,200,200,71.2,70.3,0,39.90938,200,202,73.3,70,0,24.743402,200,98,73.5,68.5,0,25.408638,100,208,72.7,69.4,0,24.859104,200,199,73.5,69.2,0,21.052631,200,100,71.9,69.2,0,28.729147,100,202,74.1,69.5,0,22.804201,200,98,70.9,69.5,0,30.805105,100,100,73.9,70.9,0,35.7546,100,98,72,70.7,0,35.639797,100,200,71.7,70.5,0,30.780613,200,102,72.7,69.6,0,22.282143,100,202,72.5,70,0,32.888126,200,194,73.2,69,0,28.557447,200,193,72.5,69.1,0,23.095854,200,97,71,69,0,30.294477,100,201,71.6,70.1,0,28.562614,200,200,70.5,70.3,0,27.076166,200,101,73.9,70.8,0,49.422802,100,201,72.5,70.7,0,39.878757,200,201,72.3,70.2,0,27.25037,200,0,73.5,71.3,0,0,0,199,73.7,69.9,0,29.743591,200,194,72.9,69.5,0,36.001965,200,195,73.3,69.3,0,28.408674,200,148,70.1,69.8,0,37.36157,150,193,73.6,69.9,0,35.298466,200,196,72,70.1,0,28.707155,200,98,74.3,70.6,0,49.71162,100,197,72.9,70.8,0,41.827335,200,203,72.4,70,0,35.93212,200,98,73.6,69.3,0,25.021421,100,204,72.4,69.2,0,26.789215,200,93,72,69.1,0,30.249939,100,98,72.6,69.2,0,27.681875,100,104,71.1,284.9,0,26.87079,100,199,73.4,69.5,0,32.3399,200,198,71.9,70.1,0,34.220207,200,97,74.5,69.7,0,32.441433,100,98,74.4,70.4,0,36.20433,100,200,72.9,69.9,0,32.254925,200,98,72.6,69.4,0,38.63424,100,181,69.9,70.2,0,48.717327,200,104,74.3,68.6,0,35.657032,100,107,72.6,69.4,0,33.932503,100,103,71,69.5,0,37.571823,100,209,73.5,70,0,36.730896,200,197,70.6,70.4,0,52.898018,200,206,73.7,68.9,0,40.706,200,200,73,69.5,0,38.511703,200,97,73.7,69.2,0,49.994884,100,96,74.2,69.4,0,25.548496,100,100,72.2,69.8,0,38.138874,100,195,71.3,69.9,0,33.702465,200,202,73.4,69.8,0,29.560413,200,98,70.5,70.2,0,43.115204,100,202,70.2,70.4,0,42.16286,200,87.9,88,87.7,143.9,102.6,115.3,1,1.6,29.98
20170714,2200,76,96.3,38.63425473,39.04382083,1,54.6,55,3.45,71.8,72.7,-0.2,0.55,0,0,0,5,0,0,0,0,0,0,0,200,72,7.5,3.45,7.5,200,81.1,76.7,72.9,0,0,0,60.8,0,0,70.4,0,61.8,0.8125,59.9,0,0,-0.1,1.5,0,0,0,74,73.7,71.9,55.9,15,57.8,61.4,20,0,73.7,1,61.8,0.8125,67.8,0,0,84.7,52.3,10,4.7,1.5,15,15,93.6,73.1,82,100,99.9,0,74.5,1.3,65.55173,65.05173,0,12.8,0,0,0,0,0,72,103,75.6,0,0.012298611,0,85,55,0,70.4,66.5,1,2200,14,72.9,72.2,0,100,260,3,71.5,68.4,0,0.03655416,0,-16,74.3,69.1,0,0.036809813,0,1271,78.7,68.5,0,0.02328831,700,127,73.9,69.4,0,0,0,48,71.8,69.5,0,0,0,-1,72.9,70.4,0,0,0,48,71.9,72.8,0,0,0,41,73.5,70.3,0,0.036814336,0,9,72.1,72.7,0,100,950,-2,0,70.9,0,0,0,-3,72.4,71,0,0,0,98,73.9,71.2,0,39.25762,100,201,70.7,71.4,0,38.779263,200,202,71.4,71,0,39.90938,200,203,73.4,70.8,0,24.743402,200,97,73.6,69.5,0,25.408638,100,210,72.8,70.3,0,24.859104,200,203,73.6,70.1,0,21.052631,200,100,72,70,0,28.729147,100,204,74.1,70.4,0,22.804201,200,97,71,70.3,0,30.805105,100,101,73.9,71.5,0,35.7546,100,100,72.1,71.3,0,35.639797,100,200,71.8,71.2,0,30.780613,200,102,72.7,70.4,0,22.282143,100,202,72.6,70.8,0,32.888126,200,196,73.3,69.8,0,28.557447,200,192,72.6,69.9,0,23.095854,200,98,71.1,69.8,0,30.294477,100,191,71.7,70.9,0,28.562614,200,203,70.6,71,0,27.076166,200,102,74,71.4,0,49.422802,100,201,72.5,71.4,0,39.878757,200,203,72.4,71,0,27.25037,200,0,73.5,71.4,0,0,0,199,73.7,70.7,0,29.743591,200,194,73,70.3,0,36.001965,200,196,73.3,70.1,0,28.408674,200,150,70.2,70.7,0,37.36157,150,194,73.7,70.7,0,35.298466,200,201,72.1,70.9,0,28.707155,200,101,74.4,71.2,0,50.153393,100,198,72.9,71.5,0,41.827335,200,205,72.5,70.8,0,35.93212,200,99,73.6,70.1,0,25.021421,100,208,72.4,70.1,0,26.789215,200,94,72.1,69.9,0,30.249939,100,97,72.7,70.1,0,27.681875,100,105,71.2,285.1,0,26.87079,100,200,73.5,70.3,0,32.3399,200,202,72,70.8,0,34.220207,200,96,74.5,70.6,0,32.441433,100,99,74.4,71.1,0,36.20433,100,202,73,70.6,0,32.254925,200,98,72.6,70.3,0,38.63424,100,195,70.1,70.9,0,48.717327,200,104,74.3,69.5,0,35.657032,100,111,72.7,70.2,0,33.932503,100,103,71,70.3,0,37.571823,100,209,73.5,70.8,0,36.730896,200,207,70.8,71.1,0,52.898018,200,208,73.8,69.8,0,40.706,200,201,73,70.4,0,38.511703,200,97,73.7,70.1,0,49.994884,100,97,74.3,70.3,0,25.548496,100,100,72.3,70.6,0,38.138874,100,196,71.5,70.7,0,33.702465,200,203,73.5,70.7,0,29.560413,200,98,70.7,70.9,0,43.115204,100,202,70.4,71.1,0,42.16286,200,88,88.1,87.8,141.9,102.6,115.6,0.9,0,29.98
20170714,2205,76.1,96.9,38.86042,29.49978917,1,54.7,55.1,0.1,71.4,72.9,-0.2,0.55,0,0,0,5,0,0,0,0,0,0,0,200,72,7.5,0.1,7.5,200,81.3,76.8,73.3,0,0,0,60.8,0,0,70.4,0,61.8,0.8125,55.8,0,0,-0.1,1.5,0,0,0,74.1,73.8,72.6,56.1,15,62.3,61.4,20,0,73.7,1,61.8,0.8125,68.1,0,0,82.9,54.1,10,4.3,0.4,15,15,93.1,73.1,82,100,100,0,74.5,1.3,65.55173,65.05173,0,12.8,0,0,0,0,0,72,107,75.8,0,0.012298611,0,85,55,0,70.4,66.5,1,2200,14,73,72.4,0,100,260,3,71.6,68.8,0,0.03655416,0,-16,74.4,69.3,0,0.036809813,0,1272,78.8,68.8,0,0.02328831,700,127,73.9,69.7,0,0,0,47,71.9,69.8,0,0,0,-1,73.1,70.8,0,0,0,49,72,73,0,0,0,41,73.5,70.7,0,0.036814336,0,7,72.2,73,0,100,950,-2,0,71.2,0,0,0,-4,72.5,71.3,0,0,0,98,74,71.8,0,39.25762,100,201,70.9,72,0,38.779263,200,200,71.6,71.6,0,39.90938,200,202,73.5,71.4,0,24.743402,200,97,73.6,70.2,0,25.408638,100,207,72.9,71,0,24.859104,200,202,73.7,70.8,0,21.052631,200,100,72.1,70.8,0,28.729147,100,205,74.2,71,0,22.804201,200,98,71.1,71,0,30.805105,100,100,74,72.1,0,35.7546,100,100,72.2,71.9,0,35.639797,100,200,71.9,71.8,0,30.780613,200,102,72.7,71.1,0,22.282143,100,203,72.7,71.5,0,32.888126,200,198,73.3,70.6,0,28.557447,200,192,72.7,70.7,0,23.095854,200,98,71.2,70.5,0,30.294477,100,186,71.8,71.5,0,28.562614,200,199,70.8,71.7,0,27.076166,200,101,74,72,0,49.422802,100,200,72.6,72,0,39.878757,200,203,72.5,71.6,0,27.25037,200,0,73.5,71.5,0,0,0,199,73.8,71.4,0,29.743591,200,194,73.1,71,0,36.001965,200,197,73.4,70.9,0,28.408674,200,148,70.3,71.4,0,37.36157,150,190,73.7,71.3,0,35.298466,200,197,72.1,71.5,0,28.707155,200,100,74.4,71.8,0,50.153393,100,197,73.1,72.1,0,41.827335,200,206,72.6,71.5,0,35.93212,200,98,73.6,70.9,0,25.021421,100,206,72.5,70.8,0,26.789215,200,90,72.2,70.7,0,30.249939,100,96,72.7,70.8,0,27.681875,100,104,71.3,284.7,0,26.87079,100,202,73.6,71,0,32.3399,200,200,72.1,71.4,0,34.220207,200,98,74.6,71.3,0,32.441433,100,97,74.5,71.7,0,36.20433,100,200,73,71.3,0,32.254925,200,98,72.6,71,0,38.63424,100,205,70.3,71.6,0,48.802433,200,104,74.3,70.3,0,35.657032,100,101,72.8,71,0,33.932503,100,103,71.1,71,0,37.571823,100,207,73.6,71.4,0,36.730896,200,199,71,71.7,0,52.898018,200,205,73.9,70.6,0,40.706,200,200,73.1,71.2,0,38.511703,200,97,73.8,70.9,0,49.994884,100,95,74.4,71,0,25.548496,100,100,72.4,71.3,0,38.138874,100,195,71.6,71.4,0,33.702465,200,201,73.6,71.3,0,29.560413,200,98,70.8,71.6,0,43.115204,100,202,70.5,71.7,0,42.16286,200,88,88.1,87.8,144.9,102.6,115.7,1.2,0,29.98
20170714,2210,76.2,96.8,38.93393678,29.49978917,1,54.7,55.2,0.05,71.9,72.8,-0.1,0.55,0,0,0,5,0,0,0,0,0,0,0,200,72,7.5,0.05,7.5,200,81.3,76.9,73.7,0,0,0,60.8,0,0,70.6,0,61.8,0.8125,55.5,0,0,-0.1,1.5,0,0,0,74.1,73.8,73.2,56.4,15,67.3,61.4,20,0,73.8,1.01,61.8,0.8125,68.4,0,0,80.9,55.3,10,4.6,1.1,15,15,91.8,73.1,82,100,99.5,0,74.5,1.3,65.55173,65.05173,0,12.7,0,0,0,0,0,72,106,76,0,0.012298611,0,85,55,0,70.4,66.6,1,2200,12,73,72.6,0,100,260,2,71.6,69.1,0,0.03655416,0,-15,74.4,69.6,0,0.036809813,0,1272,78.9,69.2,0,0.02328831,700,129,74.1,70,0,0,0,47,72,70.1,0,0,0,-1,73.2,71.1,0,0,0,45,72,73.2,0,0,0,41,73.6,71.1,0,0.036814336,0,8,72.3,73.3,0,100,950,-2,0,71.5,0,0,0,-4,72.6,71.6,0,0,0,98,74,72.4,0,39.25762,100,200,71.1,72.7,0,38.779263,200,201,71.7,72.3,0,39.90938,200,202,73.6,72.1,0,24.743402,200,96,73.7,70.9,0,25.408638,100,209,72.9,71.7,0,24.859104,200,201,73.8,71.6,0,21.052631,200,99,72.2,71.4,0,28.729147,100,203,74.3,71.7,0,22.804201,200,98,71.2,71.7,0,30.805105,100,100,74,72.7,0,35.7546,100,99,72.3,72.6,0,35.639797,100,199,72,72.4,0,30.780613,200,102,72.8,71.7,0,22.282143,100,203,72.8,72.2,0,32.888126,200,194,73.4,71.3,0,28.557447,200,191,72.7,71.4,0,23.095854,200,97,71.3,71.1,0,30.294477,100,200,71.9,72.2,0,28.562614,200,199,70.8,72.3,0,27.076166,200,102,74.1,72.6,0,49.422802,100,201,72.6,72.6,0,39.878757,200,203,72.6,72.2,0,27.25037,200,0,73.6,71.6,0,0,0,197,73.8,72.1,0,29.743591,200,194,73.2,71.7,0,36.001965,200,195,73.4,71.6,0,28.408674,200,148,70.4,72,0,37.36157,150,192,73.7,72,0,35.298466,200,198,72.2,72.2,0,29.140108,200,100,74.5,72.4,0,50.153393,100,196,73.2,72.7,0,41.827335,200,205,72.7,72.1,0,35.93212,200,99,73.6,71.6,0,25.021421,100,205,72.6,71.5,0,26.789215,200,93,72.3,71.3,0,30.249939,100,97,72.8,71.5,0,27.681875,100,104,71.4,284.8,0,26.87079,100,199,73.6,71.7,0,32.3399,200,199,72.3,72.1,0,34.220207,200,97,74.6,71.9,0,32.441433,100,98,74.5,72.3,0,36.20433,100,199,73.1,71.9,0,32.254925,200,98,72.6,71.6,0,38.63424,100,203,70.5,72.2,0,48.802433,200,104,74.4,71,0,35.657032,100,106,72.8,71.6,0,33.932503,100,103,71.2,71.6,0,37.571823,100,208,73.6,72.1,0,36.730896,200,204,71.1,72.4,0,52.898018,200,208,73.9,71.3,0,40.706,200,200,73.2,71.9,0,38.511703,200,97,73.9,71.6,0,49.994884,100,96,74.5,71.7,0,25.548496,100,100,72.4,72,0,38.138874,100,198,71.7,72.1,0,33.702465,200,202,73.7,71.9,0,29.560413,200,98,71,72.2,0,43.115204,100,201,70.6,72.4,0,42.16286,200,88.1,88.2,87.8,144.9,102.6,115.8,1.2,0.8,29.98
20170714,2215,76.2,97.2,39.02184818,29.49978917,1,54.8,55.3,0.05,72.7,72.8,-0.1,0.55,0,0,0,5,0,0,0,0,0,0,0,200,72,7.5,0.05,7.5,200,81.8,76.9,73.8,0,0,0,60.8,0,0,71.1,0,61.8,0.8125,56.5,0,0,-0.1,1.5,0,0,0,74.2,73.8,73.7,56.8,15,72.5,61.4,20,0,73.9,1.01,61.8,0.8125,68.7,0,0,79.4,58.9,10,4.7,0.9,15,15,90.9,73.1,82,100,99.5,0,74.5,1.3,65.55173,65.05173,0,12.7,0,0,0,0,0,72,109,76.2,0,0.012298611,0,85,55,0,70.4,66.7,1,2200,13,73.1,72.7,0,100,260,2,71.6,69.3,0,0.03655416,0,-17,74.5,69.7,0,0.036809813,0,1272,78.9,69.5,0,0.02328831,700,128,74.1,70.3,0,0,0,47,72.1,70.4,0,0,0,-1,73.3,71.4,0,0,0,43,72.1,73.4,0,0,0,41,73.6,71.4,0,0.036814336,0,8,72.4,73.5,0,100,950,-2,0,71.7,0,0,0,-3,72.6,71.8,0,0,0,98,74.1,73.1,0,39.25762,100,200,71.2,73.3,0,38.779263,200,201,71.9,72.9,0,39.90938,200,200,73.6,72.7,0,24.743402,200,96,73.7,71.5,0,25.408638,100,208,73,72.4,0,24.859104,200,200,73.8,72.2,0,21.052631,200,99,72.3,72,0,28.729147,100,205,74.3,72.3,0,22.804201,200,97,71.4,72.3,0,30.805105,100,100,74.1,73.4,0,35.7546,100,98,72.4,73.2,0,35.639797,100,199,72.1,73.1,0,30.780613,200,101,72.8,72.4,0,22.282143,100,199,72.9,72.8,0,32.888126,200,196,73.5,71.9,0,28.557447,200,192,72.8,72,0,23.095854,200,97,71.4,71.7,0,30.294477,100,204,72.1,72.8,0,28.562614,200,197,71,72.9,0,27.076166,200,101,74.1,73.2,0,49.422802,100,201,72.7,73.2,0,39.878757,200,201,72.7,72.8,0,27.25037,200,0,73.6,71.7,0,0,0,196,73.9,72.8,0,29.743591,200,194,73.3,72.3,0,36.001965,200,202,73.5,72.2,0,28.849688,200,147,70.6,72.7,0,37.36157,150,190,73.8,72.6,0,35.298466,200,198,72.3,72.8,0,29.140108,200,100,74.6,73,0,50.153393,100,196,73.3,73.4,0,41.827335,200,204,72.8,72.7,0,35.93212,200,98,73.6,72.2,0,25.021421,100,207,72.7,72.1,0,26.789215,200,92,72.4,71.9,0,30.249939,100,95,72.8,72.2,0,27.681875,100,104,71.5,284.7,0,26.87079,100,200,73.7,72.3,0,32.3399,200,198,72.4,72.7,0,34.220207,200,98,74.7,72.5,0,32.441433,100,98,74.6,72.8,0,36.20433,100,200,73.2,72.6,0,32.254925,200,98,72.6,72.3,0,38.63424,100,198,70.7,72.9,0,48.802433,200,105,74.5,71.6,0,35.657032,100,104,72.9,72.2,0,33.932503,100,103,71.3,72.2,0,37.571823,100,208,73.7,72.7,0,36.730896,200,202,71.3,73.1,0,52.898018,200,206,74,71.9,0,40.706,200,199,73.3,72.5,0,38.511703,200,97,74,72.3,0,49.994884,100,95,74.5,72.3,0,25.548496,100,100,72.5,72.7,0,38.138874,100,197,71.9,72.7,0,34.078564,200,202,73.7,72.6,0,29.560413,200,97,71.1,72.8,0,43.115204,100,201,70.7,73,0,42.16286,200,88.1,88.2,87.9,142.9,102.6,115.6,1.2,0,29.98
20170714,2220,76.2,96.8,38.94103458,29.49978917,1,54.9,55.4,0.05,72.9,72.8,-0.1,0.55,0,0,0,5,0,0,0,0,0,0,0,200,72,7.5,0.05,7.5,200,82,76.9,74.2,0,0,0,60.8,0,0,71.2,0,61.8,0.8125,54.9,0,0,-0.1,1.5,0,0,0,74.2,73.9,74.4,56.3,15,78,61.4,20,0,73.9,1.01,61.8,0.8125,68.9,0,0,77.7,54.5,10,4.7,1,15,15,88.4,75.1,82,100,100,0,74.5,1.3,65.55173,65.05173,0,12.7,0,0,0,0,0,72,111,76.4,0,0.012298611,0,85,55,0,70.5,66.8,1,2200,13,73.2,72.9,0,100,260,2,71.7,69.6,0,0.03655416,0,-16,74.6,70,0,0.036809813,0,1273,79,69.8,0,0.02328831,700,127,74.2,70.6,0,0,0,47,72.2,70.6,0,0,0,-1,73.4,71.7,0,0,0,49,72.1,73.6,0,0,0,42,73.7,71.8,0,0.036814336,0,7,72.4,73.7,0,100,950,-3,0,72,0,0,0,-4,72.7,72,0,0,0,97,74.1,73.7,0,39.25762,100,199,71.3,73.9,0,38.779263,200,200,72.1,73.5,0,39.90938,200,200,73.7,73.3,0,24.743402,200,96,73.7,72.2,0,25.408638,100,208,73.1,73,0,24.859104,200,198,73.9,72.9,0,21.052631,200,99,72.4,72.7,0,28.729147,100,203,74.4,73,0,22.804201,200,97,71.5,73,0,30.805105,100,100,74.1,74,0,35.7546,100,98,72.4,73.8,0,35.639797,100,199,72.2,73.7,0,30.780613,200,104,72.8,73,0,22.282143,100,201,73,73.5,0,32.888126,200,195,73.6,72.6,0,28.557447,200,204,72.9,72.7,0,23.538822,200,97,71.5,72.3,0,30.294477,100,189,72.2,73.4,0,28.562614,200,199,71,73.5,0,27.076166,200,101,74.2,73.9,0,49.422802,100,200,72.8,73.8,0,39.878757,200,202,72.7,73.5,0,27.25037,200,0,73.6,71.6,0,0,0,197,73.9,73.4,0,29.743591,200,194,73.4,72.9,0,36.001965,200,204,73.5,72.9,0,28.849688,200,147,70.7,73.3,0,37.36157,150,188,73.8,73.2,0,35.298466,200,199,72.4,73.4,0,29.140108,200,100,74.6,73.6,0,50.153393,100,195,73.3,74,0,41.827335,200,204,72.8,73.3,0,35.93212,200,98,73.7,72.8,0,25.021421,100,204,72.8,72.7,0,26.789215,200,94,72.5,72.6,0,30.249939,100,95,72.9,72.7,0,27.681875,100,102,71.6,284.9,0,26.87079,100,197,73.7,72.8,0,32.3399,200,198,72.4,73.3,0,34.220207,200,96,74.8,73.1,0,32.441433,100,98,74.7,73.4,0,36.20433,100,199,73.3,73.2,0,32.254925,200,98,72.7,72.9,0,38.63424,100,193,71,73.5,0,48.802433,200,104,74.5,72.2,0,35.657032,100,98,73,72.9,0,33.932503,100,102,71.4,72.8,0,37.571823,100,206,73.7,73.3,0,36.730896,200,198,71.4,73.7,0,52.898018,200,207,74,72.6,0,40.706,200,199,73.4,73.1,0,38.511703,200,97,74.1,72.9,0,49.994884,100,94,74.6,73,0,25.548496,100,99,72.6,73.3,0,38.138874,100,199,72,73.3,0,34.078564,200,201,73.8,73.2,0,29.560413,200,97,71.3,73.4,0,43.115204,100,201,70.9,73.7,0,42.16286,200,88.2,88.3,87.9,143.9,102.6,115.6,0.5,-0.1,29.97
20170714,2225,76.2,97.4,39.07295663,29.49978917,1,55,55.5,0.05,73,72.9,-0.1,0.55,0,0,0,5,0,0,0,0,0,0,0,200,72,7.5,0.05,7.5,200,82.3,77,74,0,0,0,60.8,0,0,71.8,0,61.8,0.8125,61.2,0,0,-0.1,1.5,0,0,0,74.3,74,75.1,56.6,15,83.8,61.4,20,0,73.9,1,61.8,0.8125,69,0,0,76.5,56.4,10,4.4,1.5,15,15,86,75.1,82,100,99.4,0,74.5,1.3,65.55173,65.05173,0,12.6,0,0,0,0,0,72,107,76.5,0,0.012298611,0,85,55,0,70.5,66.9,1,2200,13,73.2,72.9,0,100,260,2,71.7,69.9,0,0.03655416,0,-15,74.7,70.1,0,0.036809813,0,1272,79.1,70,0,0.02328831,700,127,74.3,70.8,0,0,0,47,72.2,70.9,0,0,0,-1,73.5,72,0,0,0,48,72.2,73.8,0,0,0,41,73.7,72.1,0,0.036814336,0,6,72.5,73.9,0,100,950,-2,0,72.2,0,0,0,-4,72.8,72.2,0,0,0,97,74.2,74.2,0,39.25762,100,200,71.5,74.4,0,38.779263,200,199,72.2,74,0,39.90938,200,200,73.8,73.9,0,24.743402,200,96,73.8,72.7,0,25.408638,100,206,73.1,73.6,0,24.859104,200,199,73.9,73.4,0,21.052631,200,99,72.4,73.2,0,28.729147,100,203,74.4,73.5,0,22.804201,200,98,71.5,73.5,0,30.805105,100,100,74.2,74.5,0,35.7546,100,98,72.5,74.3,0,35.639797,100,198,72.2,74.2,0,30.780613,200,101,72.9,73.6,0,22.282143,100,200,73.1,74,0,32.888126,200,196,73.7,73.1,0,28.557447,200,205,72.9,73.2,0,23.538822,200,96,71.6,72.9,0,30.294477,100,206,72.3,73.9,0,28.562614,200,196,71.1,74,0,27.076166,200,101,74.3,74.4,0,49.422802,100,198,72.8,74.4,0,39.878757,200,201,72.8,74,0,27.25037,200,0,73.7,71.5,0,0,0,196,74,74,0,29.743591,200,194,73.5,73.5,0,36.001965,200,204,73.6,73.4,0,28.849688,200,147,70.8,73.9,0,37.36157,150,191,73.9,73.8,0,35.298466,200,195,72.4,74,0,29.140108,200,101,74.7,74.2,0,50.153393,100,196,73.5,74.5,0,41.827335,200,205,72.9,73.9,0,35.93212,200,98,73.7,73.4,0,25.021421,100,200,72.9,73.3,0,26.789215,200,92,72.6,73.2,0,30.249939,100,96,72.9,73.3,0,27.681875,100,102,71.7,284.8,0,26.87079,100,199,73.8,73.4,0,32.3399,200,197,72.5,73.9,0,34.220207,200,95,74.8,73.7,0,32.441433,100,98,74.7,73.8,0,36.20433,100,199,73.3,73.8,0,32.254925,200,97,72.7,73.5,0,38.63424,100,197,71.2,74,0,48.802433,200,103,74.6,72.8,0,35.657032,100,99,73,73.4,0,33.932503,100,102,71.5,73.4,0,37.571823,100,209,73.8,73.8,0,36.730896,200,196,71.6,74.2,0,52.898018,200,205,74.1,73.1,0,40.706,200,199,73.5,73.8,0,38.511703,200,97,74.2,73.4,0,49.994884,100,94,74.7,73.5,0,25.548496,100,99,72.7,73.8,0,38.138874,100,197,72.1,73.8,0,34.078564,200,201,73.9,73.8,0,29.560413,200,97,71.4,74,0,43.115204,100,200,71,74.2,0,42.16286,200,88.2,88.3,87.9,143.9,102.6,115.8,1.2,0.1,29.97
20170714,2230,76.3,97.7,39.23530786,29.49978917,1,55,55.6,0.05,73.1,72.9,-0.1,0.55,0,0,0,5,0,0,0,0,0,0,0,200,72,7.5,0.05,7.5,200,82.7,77,74.1,0,0,0,60.8,0,0,71.9,0,61.8,0.8125,55.8,0,0,-0.1,1.5,0,0,0,74.3,74,75.3,56.2,15,89.8,61.4,20,0,74,1,61.8,0.8125,69.3,0,0,75.9,54.1,10,4.3,1.1,15,15,84.9,75.1,82,100,100,0,74.5,1.3,65.55173,65.05173,0,12.6,0,0,0,0,0,72,105,76.7,0,0.012298611,0,85,55,0,70.5,67,1,2200,13,73.3,73,0,100,260,3,71.7,70.1,0,0.03655416,0,-16,74.7,70.2,0,0.036809813,0,1272,79.2,70.3,0,0.02328831,700,127,74.4,71,0,0,0,46,72.3,71.1,0,0,0,-1,73.6,72.2,0,0,0,50,72.2,73.9,0,0,0,43,73.7,72.4,0,0.036814336,0,7,72.6,74.1,0,100,950,-3,0,72.5,0,0,0,-3,72.8,72.4,0,0,0,100,74.2,74.7,0,39.700096,100,199,71.6,74.8,0,38.779263,200,200,72.4,74.4,0,39.90938,200,199,73.8,74.3,0,24.743402,200,98,73.8,73.2,0,25.859966,100,206,73.2,74,0,24.859104,200,198,74,73.9,0,21.052631,200,99,72.5,73.7,0,28.729147,100,206,74.5,74,0,22.804201,200,97,71.6,74,0,30.805105,100,99,74.2,74.9,0,35.7546,100,97,72.6,74.8,0,35.639797,100,198,72.3,74.7,0,30.780613,200,102,72.9,74,0,22.282143,100,198,73.2,74.5,0,32.888126,200,193,73.8,73.6,0,28.557447,200,204,73,73.7,0,23.538822,200,103,71.7,73.4,0,30.380367,100,203,72.4,74.4,0,28.562614,200,197,71.2,74.5,0,27.076166,200,100,74.3,74.8,0,49.422802,100,199,72.9,74.7,0,39.878757,200,201,72.9,74.4,0,27.25037,200,0,73.7,71.5,0,0,0,195,74.1,74.4,0,29.743591,200,194,73.6,73.9,0,36.001965,200,203,73.6,73.9,0,28.849688,200,146,70.9,74.3,0,37.36157,150,188,73.9,74.3,0,35.298466,200,194,72.5,74.4,0,29.140108,200,98,74.7,74.6,0,50.153393,100,196,73.5,74.9,0,41.827335,200,203,73,74.3,0,35.93212,200,97,73.7,73.8,0,25.021421,100,201,73,73.8,0,26.789215,200,91,72.8,73.7,0,30.249939,100,94,73,73.8,0,27.681875,100,101,71.8,284.8,0,26.87079,100,197,73.8,73.9,0,32.3399,200,195,72.6,74.3,0,34.220207,200,97,74.9,74.1,0,32.441433,100,97,74.8,74.2,0,36.20433,100,198,73.4,74.2,0,32.254925,200,97,72.7,73.9,0,38.63424,100,190,71.4,74.4,0,48.802433,200,102,74.7,73.3,0,35.657032,100,100,73.1,73.9,0,33.932503,100,103,71.6,73.8,0,37.571823,100,208,73.8,74.3,0,36.730896,200,195,71.7,74.6,0,52.898018,200,204,74.2,73.7,0,40.706,200,199,73.6,74.2,0,38.511703,200,96,74.2,74,0,49.994884,100,100,74.8,74,0,26.06402,100,99,72.8,74.3,0,38.138874,100,195,72.3,74.3,0,34.078564,200,200,73.9,74.2,0,29.560413,200,97,71.6,74.4,0,43.115204,100,199,71.1,74.6,0,42.16286,200,88.2,88.3,88.1,144.9,102.7,115.6,3.2,-0.3,29.97
20170714,2235,76.3,97.4,39.16909249,29.49978917,1,55.1,55.7,0.05,73.1,72.8,-0.1,0.55,0,0,0,5,0,0,0,0,0,0,0,200,72,7.5,0.05,7.5,200,82.7,77,74.5,0,0,0,60.8,0,0,72,0,61.8,0.8125,55.4,0,0,-0.1,1.5,0,0,0,74.4,74,75.6,56.4,15,95.8,61.4,20,0,74.1,0.98,61.8,0.8125,69.3,0,0,75.6,52.6,10,4.8,1,15,15,84.2,75.1,82.2,100,99,0,74.5,1.3,65.55173,65.05173,0,12.7,0,0,0,0,0,72,108,76.8,0,0.012298611,0,85,55,0,70.6,67.1,1,2200,13,73.3,73.2,0,100,260,2,71.8,70.2,0,0.03655416,0,-16,74.8,70.3,0,0.036809813,0,1273,79.3,70.5,0,0.02328831,700,126,74.5,71.3,0,0,0,46,72.4,71.3,0,0,0,-1,73.8,72.5,0,0,0,48,72.2,74.1,0,0,0,41,73.8,72.6,0,0.036814336,0,7,72.6,74.3,0,100,950,-3,0,72.6,0,0,0,-4,72.9,72.6,0,0,0,101,74.3,75,0,39.700096,100,200,71.7,75.2,0,38.779263,200,202,72.5,74.7,0,39.90938,200,200,73.9,74.7,0,24.743402,200,98,73.9,73.7,0,25.859966,100,207,73.3,74.4,0,24.859104,200,199,74.1,74.3,0,21.052631,200,101,72.6,74.1,0,28.729147,100,205,74.6,74.3,0,22.804201,200,97,71.7,74.4,0,30.805105,100,99,74.3,75.2,0,35.7546,100,96,72.7,75.1,0,35.639797,100,196,72.4,75,0,30.780613,200,101,72.9,74.4,0,22.282143,100,201,73.2,74.8,0,32.888126,200,195,73.8,74,0,28.557447,200,205,73.1,74.1,0,23.538822,200,105,71.8,73.8,0,30.380367,100,191,72.5,74.7,0,28.562614,200,191,71.3,74.8,0,27.076166,200,101,74.4,75,0,49.422802,100,199,73,75,0,39.878757,200,202,73,74.7,0,27.25037,200,0,73.7,71.7,0,0,0,197,74.1,74.8,0,29.743591,200,194,73.7,74.3,0,36.001965,200,204,73.7,74.3,0,28.849688,200,146,71,74.7,0,37.36157,150,189,73.9,74.6,0,35.298466,200,196,72.5,74.7,0,29.140108,200,101,74.8,74.9,0,50.153393,100,195,73.7,75.2,0,41.827335,200,202,73.1,74.7,0,35.93212,200,98,73.8,74.2,0,25.021421,100,202,73,74.1,0,26.789215,200,90,72.9,74.1,0,30.249939,100,94,73.1,74.2,0,27.681875,100,101,71.9,284.7,0,26.87079,100,199,73.9,74.2,0,32.3399,200,198,72.7,74.6,0,34.220207,200,94,74.9,74.5,0,32.441433,100,98,74.8,74.5,0,36.20433,100,199,73.5,74.5,0,32.254925,200,98,72.8,74.3,0,38.63424,100,192,71.6,74.7,0,48.802433,200,104,74.8,73.7,0,35.657032,100,104,73.2,74.2,0,33.932503,100,103,71.7,74.1,0,37.571823,100,205,73.9,74.6,0,36.325817,200,194,71.9,74.9,0,52.898018,200,205,74.2,74.1,0,40.706,200,199,73.7,74.7,0,38.511703,200,97,74.3,74.4,0,49.994884,100,100,74.9,74.5,0,26.06402,100,99,72.8,74.7,0,38.138874,100,198,72.4,74.7,0,34.078564,200,201,74,74.5,0,29.560413,200,97,71.7,74.7,0,43.115204,100,200,71.2,75,0,42.16286,200,88.3,88.4,88,144.9,102.7,115.9,3.2,0.1,29.97
20170714,2240,76.3,97.5,39.19116289,29.49978917,1,55.2,55.8,0.05,73.1,72.8,-0.2,0.55,0,0,0,5,0,0,0,0,0,0,0,200,72,7.5,0.05,7.5,200,82.7,77.1,74.4,0,0,0,60.8,0,0,72.3,0,61.8,0.8125,58.6,0,0,-0.1,1.5,0,0,0,74.4,74.1,75.6,56.6,15,100,61.4,20,0,74.2,0.99,61.8,0.8125,69.5,0,0,75.3,57,10,4.7,1.4,15,15,83.4,75.1,82.2,100,99.9,0,74.5,1.3,65.55173,65.05173,0,12.7,0,0,0,0,0,72,109,76.9,0,0.012298611,0,85,55,0,70.6,67.2,1,2200,13,73.3,73.2,0,100,260,2,71.8,70.5,0,0.03655416,0,-16,74.9,70.5,0,0.036809813,0,1273,79.4,70.8,0,0.02328831,700,127,74.5,71.4,0,0,0,47,72.5,71.6,0,0,0,-1,73.9,72.7,0,0,0,50,72.3,74.2,0,0,0,42,73.8,72.9,0,0.036814336,0,7,72.7,74.4,0,100,950,-2,0,72.8,0,0,0,-3,72.9,72.7,0,0,0,100,74.3,75.2,0,39.700096,100,198,71.9,75.4,0,38.779263,200,200,72.7,74.9,0,39.90938,200,199,74,74.9,0,24.743402,200,98,73.9,74.1,0,25.859966,100,206,73.3,74.7,0,24.859104,200,196,74.1,74.6,0,21.052631,200,99,72.7,74.3,0,28.729147,100,205,74.6,74.6,0,22.804201,200,97,71.8,74.7,0,30.805105,100,99,74.3,75.4,0,35.7546,100,98,72.7,75.3,0,35.639797,100,197,72.5,75.2,0,30.780613,200,102,73,74.7,0,22.282143,100,199,73.3,75.1,0,32.888126,200,195,73.9,74.4,0,28.557447,200,204,73.1,74.4,0,23.538822,200,103,71.9,74.1,0,30.380367,100,201,72.5,75,0,28.562614,200,197,71.4,75,0,27.076166,200,100,74.4,75.3,0,49.422802,100,198,73,75.2,0,39.878757,200,200,73.1,75,0,27.25037,200,0,73.8,71.8,0,0,0,195,74.2,75.1,0,29.743591,200,194,73.7,74.6,0,36.001965,200,202,73.8,74.6,0,28.849688,200,146,71.2,74.9,0,37.36157,150,191,74,74.9,0,35.298466,200,193,72.6,75,0,29.140108,200,99,74.9,75.1,0,50.153393,100,195,73.8,75.4,0,41.827335,200,203,73.2,74.9,0,35.93212,200,97,73.8,74.5,0,25.021421,100,202,73.1,74.4,0,26.789215,200,91,73,74.4,0,30.249939,100,96,73.1,74.5,0,27.681875,100,101,72,284.8,0,26.87079,100,199,73.9,74.5,0,32.3399,200,196,72.8,74.9,0,34.220207,200,96,75,74.8,0,32.441433,100,98,74.9,74.8,0,36.20433,100,200,73.6,74.8,0,32.254925,200,98,72.8,74.6,0,38.63424,100,191,71.8,75,0,48.802433,200,102,74.8,74.1,0,35.657032,100,100,73.3,74.5,0,33.932503,100,102,71.7,74.4,0,37.571823,100,206,74,74.9,0,36.325817,200,195,72,75.1,0,52.898018,200,204,74.3,74.5,0,40.706,200,199,73.8,75,0,38.511703,200,96,74.4,74.7,0,49.994884,100,100,74.9,74.8,0,26.06402,100,98,72.9,75,0,38.138874,100,195,72.4,74.9,0,34.078564,200,199,74.1,74.8,0,29.560413,200,97,71.9,75,0,43.115204,100,199,71.3,75.2,0,42.16286,200,88.3,88.4,88.1,143.9,102.7,115.9,1.4,-1.6,29.97
20170714,2245,76.3,97.7,39.23530786,29.49978917,1,55.3,56,0.05,73.1,72.8,-0.2,0.55,0,0,0,5,0,0,0,0,0,0,0,200,72,7.5,0.05,7.5,200,83.2,76.9,73.9,0,0,0,60.8,0,0,72.6,0,61.8,0.8125,63.8,0,0,-0.1,1.5,0,0,0,74.5,74.2,75.8,56.5,15,100,61.4,20,0,74.2,0.98,61.8,0.8125,69.6,0,0,75,56.3,10,4.4,1.2,15,15,83.8,75.1,82.2,100,99.4,0,74.5,1.3,65.55173,65.05173,0,12.7,0,0,0,0,0,72,110,77.1,0,0.012298611,0,85,55,0,70.6,67.2,1,2200,12,73.4,73.1,0,100,260,2,71.8,70.6,0,0.03655416,0,-16,74.9,70.6,0,0.036809813,0,1272,79.4,71,0,0.02328831,700,127,74.6,71.6,0,0,0,46,72.5,71.8,0,0,0,-1,73.9,72.9,0,0,0,51,72.3,74.3,0,0,0,40,73.8,73.1,0,0.036814336,0,6,72.7,74.6,0,100,950,-2,0,73,0,0,0,-4,73,72.8,0,0,0,101,74.4,75.4,0,39.700096,100,198,72,75.6,0,38.779263,200,200,72.8,75.1,0,39.90938,200,198,74,75.1,0,24.743402,200,99,73.9,74.3,0,25.859966,100,206,73.4,74.9,0,24.859104,200,199,74.2,74.9,0,21.052631,200,99,72.7,74.6,0,28.729147,100,203,74.7,74.8,0,22.804201,200,98,71.9,74.9,0,30.805105,100,100,74.4,75.5,0,35.7546,100,97,72.8,75.5,0,35.639797,100,196,72.6,75.3,0,30.780613,200,102,73,74.9,0,22.282143,100,200,73.4,75.3,0,32.888126,200,194,74,74.6,0,28.557447,200,202,73.2,74.7,0,23.538822,200,103,72,74.4,0,30.380367,100,202,72.6,75.1,0,28.562614,200,196,71.5,75.2,0,27.076166,200,100,74.5,75.4,0,49.422802,100,198,73.1,75.4,0,39.878757,200,201,73.2,75.2,0,27.25037,200,0,73.8,72,0,0,0,197,74.3,75.3,0,29.743591,200,194,73.8,74.9,0,36.001965,200,203,73.8,74.9,0,28.849688,200,147,71.3,75.1,0,37.36157,150,191,74,75.1,0,35.298466,200,195,72.7,75.2,0,29.140108,200,100,74.9,75.3,0,50.153393,100,196,73.9,75.5,0,41.827335,200,201,73.3,75.1,0,35.93212,200,97,73.9,74.7,0,25.021421,100,200,73.2,74.7,0,26.789215,200,91,73.1,74.7,0,30.249939,100,96,73.2,74.8,0,27.681875,100,101,72.1,284.7,0,26.87079,100,198,74,74.7,0,32.3399,200,196,72.9,75,0,34.220207,200,94,75,75,0,32.441433,100,98,74.9,74.9,0,36.20433,100,198,73.6,75,0,32.254925,200,97,72.8,74.8,0,38.63424,100,194,72,75.1,0,48.802433,200,103,74.9,74.3,0,35.657032,100,98,73.3,74.7,0,33.932503,100,102,71.8,74.7,0,37.571823,100,207,74,75.1,0,36.325817,200,194,72.1,75.3,0,52.898018,200,203,74.4,74.7,0,40.706,200,198,73.9,75.2,0,38.511703,200,96,74.5,75,0,49.994884,100,100,75,75,0,26.06402,100,98,73,75.2,0,38.138874,100,195,72.5,75.1,0,34.078564,200,200,74.1,75,0,29.560413,200,97,72,75.2,0,43.115204,100,199,71.5,75.4,0,42.16286,200,88.4,88.5,88.1,143.9,102.7,116.1,1.2,0,29.97
20170714,2250,76.2,97.7,39.13893626,29.49978917,1,55.3,56,0.05,73.1,72.8,-0.1,0.55,0,0,0,5,0,0,0,0,0,0,0,200,72,7.5,0.05,7.5,200,83.4,77,73.5,0,0,0,60.8,0,0,72.8,0,61.8,0.8125,59.8,0,0,-0.1,1.5,0,0,0,74.6,74.2,76,56.4,15,100,61.4,20,0,74.3,0.99,61.8,0.8125,69.6,0,0,75,54.6,10,4.6,1.1,15,15,83.8,75.1,82.2,100,100,0,74.5,1.3,65.55173,65.05173,0,12.7,0,0,0,0,0,72,110,77.2,0,0.012298611,0,85,55,0,70.7,67.2,1,2200,12,73.4,73.1,0,100,260,2,71.8,70.8,0,0.03655416,0,-16,75,70.7,0,0.036809813,0,1273,79.5,71.1,0,0.02328831,700,124,74.7,71.8,0,0,0,46,72.6,71.9,0,0,0,-1,74.1,73.1,0,0,0,51,72.4,74.4,0,0,0,41,73.9,73.3,0,0.036814336,0,6,72.7,74.8,0,100,950,-3,0,73.2,0,0,0,-4,73,73,0,0,0,101,74.4,75.5,0,39.700096,100,199,72.1,75.7,0,38.779263,200,200,72.9,75.3,0,39.90938,200,196,74.1,75.3,0,24.743402,200,98,74,74.6,0,25.859966,100,207,73.4,75.1,0,24.859104,200,200,74.2,75.1,0,21.052631,200,99,72.8,74.8,0,28.729147,100,206,74.7,75.1,0,22.804201,200,97,71.9,75.1,0,30.805105,100,100,74.4,75.7,0,35.7546,100,98,72.9,75.6,0,35.639797,100,197,72.7,75.5,0,30.780613,200,100,73,75.1,0,22.282143,100,203,73.5,75.5,0,32.888126,200,194,74,74.9,0,28.557447,200,202,73.2,74.8,0,23.538822,200,103,72.1,74.6,0,30.380367,100,193,72.7,75.3,0,28.562614,200,199,71.6,75.3,0,27.076166,200,100,74.5,75.5,0,49.422802,100,199,73.2,75.5,0,39.878757,200,200,73.2,75.3,0,27.25037,200,0,73.8,72.2,0,0,0,199,74.3,75.5,0,29.743591,200,194,73.9,75.1,0,36.001965,200,202,73.9,75,0,28.849688,200,147,71.4,75.3,0,37.36157,150,190,74.1,75.3,0,35.298466,200,197,72.7,75.3,0,29.140108,200,100,75,75.4,0,50.153393,100,198,74,75.7,0,41.827335,200,205,73.4,75.3,0,35.93212,200,98,73.9,74.9,0,25.021421,100,202,73.3,74.9,0,26.789215,200,92,73.2,74.8,0,30.249939,100,94,73.2,74.9,0,27.681875,100,103,72.2,285,0,26.87079,100,198,74,74.9,0,32.3399,200,195,72.9,75.2,0,34.220207,200,96,75.1,75.2,0,32.441433,100,99,75,75.1,0,36.20433,100,199,73.7,75.2,0,32.254925,200,98,72.9,75,0,38.63424,100,198,72.1,75.3,0,48.802433,200,103,74.9,74.6,0,35.657032,100,100,73.4,74.9,0,33.932503,100,102,71.9,74.9,0,37.571823,100,208,74.1,75.2,0,36.325817,200,199,72.2,75.4,0,52.898018,200,205,74.5,75,0,40.706,200,199,74,75.5,0,38.511703,200,99,74.6,75.2,0,50.37325,100,101,75,75.2,0,26.06402,100,99,73,75.4,0,38.138874,100,196,72.6,75.3,0,34.078564,200,201,74.2,75.2,0,29.560413,200,98,72.1,75.4,0,43.115204,100,201,71.6,75.5,0,42.16286,200,88.4,88.5,88.1,143.9,102.7,116,1.2,-1.5,29.97
20170714,2255,76.2,97.7,39.14610902,29.49978917,1,55.4,56.1,0.05,73.1,72.8,-0.1,0.55,0,0,0,5,0,0,0,0,0,0,0,200,72,7.5,0.05,7.5,200,83.6,77.2,73.7,0,0,0,60.8,0,0,72.8,0,61.8,0.8125,56,0,0,-0.1,1.5,0,0,0,74.6,74.1,76,56.3,15,100,61.4,20,0,74.2,1,61.8,0.8125,69.7,0,0,74.7,54.8,10,4.7,0.9,15,15,83.5,75.1,82.2,100,100,0,74.5,1.3,65.55173,65.05173,0,12.7,0,0,0,0,0,72,108,77.3,0,0.012298611,0,85,55,0,70.7,67.2,1,2200,12,73.5,73.2,0,100,260,2,71.9,71,0,0.03655416,0,-15,75,70.9,0,0.036809813,0,1273,79.6,71.4,0,0.02328831,700,127,74.8,72,0,0,0,46,72.7,72.2,0,0,0,-1,74.1,73.3,0,0,0,51,72.4,74.5,0,0,0,41,73.9,73.5,0,0.036814336,0,6,72.8,74.9,0,100,950,-4,0,73.3,0,0,0,-4,73.1,73.1,0,0,0,100,74.5,75.7,0,39.700096,100,198,72.2,75.8,0,38.779263,200,200,73,75.4,0,39.90938,200,197,74.1,75.5,0,24.743402,200,97,74,74.7,0,25.859966,100,206,73.5,75.3,0,24.859104,200,197,74.3,75.2,0,21.052631,200,99,72.9,75,0,28.729147,100,203,74.8,75.2,0,22.804201,200,97,72,75.2,0,30.805105,100,99,74.5,75.8,0,35.7546,100,98,72.9,75.7,0,35.639797,100,193,72.8,75.6,0,30.780613,200,101,73.1,75.2,0,22.282143,100,201,73.5,75.7,0,32.888126,200,194,74.1,75,0,28.557447,200,202,73.3,75,0,23.538822,200,102,72.1,74.8,0,30.380367,100,185,72.7,75.4,0,28.562614,200,194,71.6,75.5,0,27.076166,200,100,74.6,75.6,0,49.422802,100,200,73.2,75.7,0,39.878757,200,199,73.3,75.4,0,27.25037,200,0,73.8,72.3,0,0,0,196,74.4,75.6,0,29.743591,200,194,74,75.2,0,36.001965,200,203,73.9,75.2,0,28.849688,200,147,71.5,75.5,0,37.36157,150,187,74.1,75.4,0,35.298466,200,196,72.8,75.5,0,29.140108,200,100,75,75.5,0,50.153393,100,195,74.1,75.8,0,41.827335,200,203,73.5,75.4,0,35.93212,200,97,73.9,75.1,0,25.021421,100,203,73.4,75,0,26.789215,200,90,73.3,75,0,30.249939,100,96,73.3,75.2,0,27.681875,100,101,72.3,285.1,0,26.87079,100,198,74.1,75.1,0,32.3399,200,195,73,75.4,0,34.220207,200,97,75.1,75.3,0,32.441433,100,97,75,75.2,0,36.20433,100,197,73.8,75.3,0,32.254925,200,97,72.9,75.1,0,38.63424,100,187,72.3,75.4,0,48.802433,200,102,75,74.7,0,35.657032,100,95,73.5,75,0,33.932503,100,103,72,75,0,37.571823,100,206,74.2,75.4,0,36.325817,200,196,72.3,75.5,0,52.898018,200,204,74.5,75.2,0,40.706,200,198,74.1,75.6,0,38.511703,200,99,74.6,75.4,0,50.37325,100,100,75.1,75.4,0,26.06402,100,99,73.1,75.6,0,38.138874,100,193,72.7,75.5,0,34.078564,200,199,74.3,75.3,0,29.560413,200,97,72.2,75.5,0,43.115204,100,200,71.7,75.6,0,42.16286,200,88.5,88.6,88,144.9,102.7,116.3,2.1,-1.3,29.96
20170714,2300,76.2,98.3,39.27815228,29.49978917,1,55.5,56.2,0.05,73.1,72.8,-0.1,0.55,0,0,0,5,0,0,0,0,1,0,0,200,72,7.5,0.05,7.5,200,83.1,77.2,74.3,0,0,0,60.8,0,0,72.8,0,61.8,0.8125,53,0,0,-0.1,1.5,0,0,0,74.6,74.2,76,56.4,15,100,61.4,20,0,74.2,1.01,61.8,0.8125,69.9,0,0,74.6,54.5,10,4.7,0.9,15,15,84,75.1,82.2,100,100,0,74.5,1.3,65.55173,65.05173,0,12.7,0,0,0,0,0,72,108,77.4,0,0.012298611,0,85,55,0,70.7,67.3,1,2200,12,73.5,73.4,0,100,260,2,71.9,71.1,0,0.03655416,0,-16,75.1,71,0,0.036809813,0,1274,79.6,71.5,0,0.02328831,700,126,74.8,72.1,0,0,0,45,72.7,72.3,0,0,0,-1,74.2,73.4,0,0,0,47,72.4,74.6,0,0,0,41,73.9,73.7,0,0.036814336,0,5,72.8,75.1,0,100,950,-3,0,73.4,0,0,0,-4,73.1,73.2,0,0,0,101,74.5,75.8,0,39.700096,100,198,72.3,75.9,0,38.779263,200,200,73,75.5,0,39.90938,200,198,74.2,75.6,0,24.743402,200,98,74,74.9,0,25.859966,100,206,73.5,75.4,0,24.859104,200,196,74.3,75.4,0,21.052631,200,100,72.9,75.1,0,28.729147,100,205,74.9,75.4,0,22.804201,200,97,72.1,75.4,0,30.805105,100,99,74.5,75.9,0,35.7546,100,97,73,75.8,0,35.639797,100,195,72.9,75.7,0,30.780613,200,100,73.1,75.4,0,22.282143,100,199,73.6,75.8,0,32.888126,200,193,74.2,75.2,0,28.557447,200,204,73.3,75.1,0,23.538822,200,102,72.2,74.9,0,30.380367,100,189,72.8,75.5,0,28.723011,200,194,71.7,75.5,0,27.076166,200,100,74.6,75.7,0,49.422802,100,197,73.3,75.7,0,39.878757,200,200,73.4,75.5,0,27.25037,200,0,73.9,72.5,0,0,0,196,74.5,75.7,0,29.743591,200,194,74.1,75.3,0,36.001965,200,202,73.9,75.3,0,28.849688,200,146,71.6,75.6,0,37.36157,150,187,74.1,75.6,0,35.298466,200,196,72.8,75.6,0,29.140108,200,100,75,75.6,0,50.153393,100,195,74.1,75.9,0,41.827335,200,203,73.5,75.5,0,35.93212,200,97,73.9,75.2,0,25.021421,100,199,73.4,75.1,0,26.789215,200,91,73.4,75.1,0,30.249939,100,96,73.3,75.3,0,27.681875,100,101,72.4,284.8,0,26.87079,100,195,74.1,75.1,0,32.3399,200,195,73,75.5,0,34.220207,200,95,75.1,75.4,0,32.441433,100,98,75.1,75.3,0,36.20433,100,198,73.8,75.4,0,32.254925,200,97,72.9,75.2,0,38.63424,100,191,72.4,75.5,0,48.802433,200,102,75,74.9,0,35.657032,100,101,73.5,75.1,0,33.932503,100,103,72,75.1,0,37.571823,100,203,74.2,75.5,0,36.325817,200,195,72.4,75.6,0,52.898018,200,203,74.6,75.4,0,40.706,200,198,74.2,75.8,0,38.511703,200,99,74.7,75.5,0,50.37325,100,99,75.1,75.6,0,26.06402,100,98,73.2,75.7,0,38.138874,100,195,72.7,75.5,0,34.078564,200,200,74.3,75.4,0,29.560413,200,97,72.3,75.6,0,43.115204,100,201,71.8,75.7,0,42.16286,200,88.5,88.6,88,144.9,102.8,116.4,1.2,1.4,29.96
20170714,2305,76.2,98.3,39.27815228,29.44183833,265,54.4,54.4,7.95,74.6,76.2,-0.1,0.55,0,0,0,5,100,74,1,1,1,0,0,200,72,7.5,7.95,7.5,200,82.8,77.3,74.5,0,0,0,60.8,0,0,73,0,61.8,0.8125,53.7,0,0,-0.1,1.5,0,0,0,74.7,74.3,73.8,56.4,15,100,61.4,20,0,74.3,1.01,61.8,0.8125,69.9,0,0,73.7,56.7,9.9,4.6,0.9,15,15,79.1,69.1,82.2,100,99.4,0,74.5,1.3,65.55173,65.05173,0,12.8,0,0,1,20.7,1,72,105,77.5,0,0.012298611,0,85,55,0,70.7,67.3,1,2200,12,73.5,73.5,0,100,260,2,71.9,71.3,0,0.03655416,0,-16,75.1,71.1,0,0.036809813,0,1273,79.7,71.7,0,0.02328831,700,129,74.9,72.3,0,0,0,46,72.8,72.5,0,0,0,-1,74.3,73.6,0,0,0,51,72.4,74.7,0,0,0,42,73.9,73.9,0,0.036814336,0,6,72.9,75.2,0,100,950,-3,0,73.5,0,0,0,-4,73.2,73.3,0,0,0,101,74.6,75.5,0,39.700096,100,199,72.4,75.6,0,38.779263,200,201,73.1,75.1,0,39.90938,200,199,74.3,75.4,0,24.743402,200,98,74.1,75,0,25.859966,100,207,73.6,75.4,0,24.859104,200,197,74.3,75.3,0,21.052631,200,100,73,75.2,0,28.729147,100,206,74.9,75.3,0,22.804201,200,103,72.1,75.2,0,31.332842,100,100,74.5,75.4,0,35.7546,100,98,73,75.5,0,35.639797,100,199,72.9,75.3,0,30.780613,200,102,73.1,75.3,0,22.282143,100,201,73.7,75.6,0,32.888126,200,194,74.3,75.2,0,28.557447,200,204,73.4,75.1,0,23.538822,200,104,72.3,75,0,30.380367,100,205,72.9,75.2,0,28.723011,200,199,71.8,75.4,0,27.076166,200,101,74.7,75,0,49.422802,100,200,73.3,75.2,0,39.878757,200,201,73.4,75.3,0,27.25037,200,0,73.9,72.7,0,0,0,196,74.5,75.5,0,29.743591,200,194,74.1,75.3,0,36.001965,200,203,74,75.2,0,28.849688,200,147,71.7,75.5,0,37.36157,150,190,74.2,75.5,0,35.298466,200,196,72.9,75.3,0,29.140108,200,100,75.1,75.2,0,50.153393,100,197,74.2,75.1,0,41.827335,200,205,73.6,75.4,0,35.93212,200,98,74,75.1,0,25.021421,100,203,73.5,75.1,0,26.789215,200,93,73.5,75.2,0,30.249939,100,95,73.3,75.3,0,27.681875,100,101,72.5,284.9,0,26.87079,100,196,74.2,75.1,0,32.3399,200,195,73.1,75.1,0,34.220207,200,95,75.2,75.4,0,32.441433,100,98,75.1,75,0,36.20433,100,199,73.9,75.2,0,32.254925,200,97,72.9,75.2,0,38.63424,100,190,72.6,74.9,0,48.802433,200,103,75.1,75,0,35.657032,100,106,73.6,75,0,33.932503,100,103,72.1,75.1,0,37.571823,100,206,74.2,75.3,0,36.325817,200,196,72.5,75,0,52.898018,200,196,74.7,75.5,0,40.706,200,197,74.2,75.7,0,38.94259,200,481,74.8,75.4,0,99.97955,500,102,75.2,75.6,0,26.06402,100,99,73.2,75.7,0,38.138874,100,194,72.8,75.4,0,34.078564,200,197,74.4,75.3,0,29.560413,200,97,72.4,75.3,0,43.115204,100,199,71.9,75.4,0,42.16286,200,88.6,88.7,88.2,143.9,102.8,116.7,1.2,-0.3,29.96
20170714,2310,76.1,98.8,39.29119401,29.44183833,266,61.9,62.2,7,73.2,73,-0.1,0.55,0,0,0,5,100,100,1,1,1,0,0,200,72,7.5,7,7.5,200,83,77.5,74.3,0,0,0,60.8,0,0,73.2,0,61.8,0.8125,54.8,0,0,-0.1,1.5,0,0,0,74.7,74.3,64.1,56.4,15,100,61.4,20,0,74.1,1,61.8,0.8125,69.4,0,0,93.6,59.3,10,4.3,0.9,15,15,93.8,67.1,82.4,100,99.5,0,74.5,1.3,65.55173,65.05173,0,12.9,0,0,1,24.9,1,72,114,77.6,0,0.012298611,0,85,55,0,70.8,67.4,1,2200,12,73.5,73.5,0,100,260,2,71.9,71.4,0,0.03655416,0,-16,75.2,71.2,0,0.036809813,0,1273,79.8,71.9,0,0.02328831,700,127,74.9,72.4,0,0,0,45,72.9,72.7,0,0,0,-1,74.4,73.7,0,0,0,48,72.5,74.8,0,0,0,40,74,74,0,0.036814336,0,7,72.9,75.3,0,100,950,-3,0,73.6,0,0,0,-4,73.2,73.4,0,0,0,101,74.6,69.1,0,39.700096,100,199,72.3,69.1,0,38.779263,200,200,73.1,68.6,0,39.90938,200,199,74.3,70.3,0,24.743402,200,98,74.1,72.6,0,25.859966,100,206,73.7,71.3,0,24.332272,200,201,74.4,71.2,0,21.052631,200,99,73,72,0,28.729147,100,206,74.9,71.4,0,22.804201,200,103,72.2,70.5,0,31.332842,100,101,74.6,68.1,0,35.7546,100,100,73.1,68.9,0,35.639797,100,200,73,68.5,0,30.780613,200,102,73.2,71.2,0,22.282143,100,204,73.8,70.3,0,32.888126,200,196,74.3,72.1,0,28.557447,200,205,73.4,70.8,0,23.538822,200,103,72.3,71.7,0,30.380367,100,197,72.9,69,0,28.723011,200,202,71.8,70,0,27.076166,200,101,74.7,67.1,0,49.422802,100,201,73.4,67.9,0,39.878757,200,200,73.5,69.1,0,27.25037,200,0,73.9,72.9,0,0,0,200,74.6,69.9,0,29.743591,200,194,74.1,71.6,0,36.001965,200,206,74.1,70.7,0,28.849688,200,148,71.8,70.6,0,37.36157,150,193,74.2,70.7,0,35.298466,200,195,73,69.3,0,29.140108,200,100,75.1,68.2,0,50.153393,100,198,74.2,67.4,0,41.827335,200,207,73.6,70.1,0,35.93212,200,98,74,70.6,0,25.021421,100,204,73.5,70.8,0,26.789215,200,90,73.5,71.7,0,30.249939,100,96,73.4,72,0,27.681875,100,103,72.6,284.7,0,26.87079,100,196,74.2,70.7,0,32.3399,200,196,73.2,69.1,0,34.220207,200,95,75.2,71,0,32.441433,100,99,75.1,69.9,0,36.20433,100,201,73.9,69.9,0,32.254925,200,96,72.9,71.2,0,38.63424,100,197,72.5,68.1,0,48.802433,200,102,75.1,72.2,0,35.657032,100,102,73.7,70.2,0,33.932503,100,102,72.2,71.7,0,37.571823,100,206,74.3,70.2,0,36.325817,200,200,72.5,67.6,0,52.898018,200,196,74.7,73,0,40.706,200,197,74.3,71.5,0,38.94259,200,477,74.8,70.8,0,99.97955,500,101,75.2,71.8,0,26.06402,100,98,73.3,71.5,0,38.138874,100,195,72.8,70.3,0,34.078564,200,197,74.4,69.6,0,29.560413,200,97,72.4,69.2,0,43.115204,100,196,72,68.4,0,42.16286,200,88.6,88.7,88.4,143.9,102.8,116.6,1.6,-1.2,29.96
20170714,2315,75.9,99.2,39.18496331,29.44183833,266,63.5,63.5,5.75,72.8,72.6,-0.1,0.55,0,0,0,5,100,100,1,1,1,0,0,200,72,7.5,5.75,7.5,200,83.4,77.4,74.1,0,0,0,60.8,0,0,73.4,0,61.8,0.8125,57.9,0,0,-0.2,1.5,0,0,0,74.7,74.3,65.2,56.8,15,100,61.4,20,0,74.2,0.99,61.8,0.8125,69,0,0,99.4,60,9.9,4.3,1.4,15,15,94.6,67.1,82.4,100,99.5,0,74.5,1.3,65.55173,65.05173,0,12.9,0,0,1,25.6,1,72,111,77.7,0,0.012298611,0,85,55,0,70.8,67.3,1,2200,11,73.6,73.4,0,100,260,2,71.9,71.5,0,0.03655416,0,-15,75.2,71.3,0,0.036809813,0,1274,79.8,72,0,0.02328831,700,125,75,72.5,0,0,0,46,72.9,72.8,0,0,0,-1,74.5,73.9,0,0,0,41,72.5,74.9,0,0,0,40,74,74.2,0,0.036814336,0,5,72.9,75.5,0,100,950,-3,0,73.7,0,0,0,-4,73.3,73.5,0,0,0,101,74.6,67.9,0,39.700096,100,200,72.1,68.1,0,38.779263,200,201,72.7,67.9,0,39.90938,200,199,74.3,68.6,0,24.743402,200,98,74.1,70.8,0,25.859966,100,207,73.7,69.6,0,24.332272,200,199,74.4,69.7,0,21.052631,200,99,73.1,70.6,0,28.729147,100,205,75,69.8,0,22.804201,200,103,72.2,69.2,0,31.332842,100,100,74.6,67.4,0,35.7546,100,98,73.1,67.9,0,35.639797,100,199,72.9,67.5,0,30.780613,200,100,73.2,69.6,0,22.282143,100,201,73.8,68.9,0,32.888126,200,193,74.3,70.5,0,28.557447,200,207,73.5,69.2,0,23.538822,200,105,72.4,70.4,0,30.380367,100,197,72.9,67.7,0,28.723011,200,201,71.9,68.4,0,27.076166,200,102,74.7,66.7,0,49.422802,100,201,73.4,67.2,0,39.878757,200,201,73.5,67.5,0,27.25037,200,0,73.9,73,0,0,0,197,74.6,68.5,0,29.743591,200,194,74.2,70.1,0,36.001965,200,204,74.1,69.1,0,28.849688,200,148,71.8,69.3,0,37.36157,150,193,74.2,68.9,0,35.298466,200,197,73,67.9,0,29.140108,200,100,75,67.2,0,50.153393,100,197,74.2,67,0,41.827335,200,207,73.6,68.3,0,35.93212,200,98,74.1,69.1,0,25.021421,100,202,73.5,69.1,0,26.789215,200,90,73.5,69.9,0,30.249939,100,94,73.4,70.4,0,27.681875,100,101,72.6,285,0,26.87079,100,196,74.2,69,0,32.3399,200,195,73.1,68,0,34.220207,200,97,75.2,69,0,32.441433,100,98,75.2,68.4,0,36.20433,100,198,73.9,68.2,0,32.254925,200,97,72.9,69.3,0,38.63424,100,187,72.3,67.4,0,48.802433,200,102,75.1,70.6,0,35.657032,100,103,73.7,68.7,0,33.932503,100,103,72.2,70.3,0,37.571823,100,205,74.3,68.5,0,36.325817,200,194,72.5,67,0,52.898018,200,197,74.7,71,0,40.706,200,197,74.3,69.5,0,38.94259,200,480,74.7,69,0,99.97955,500,103,75.3,69.8,0,26.06402,100,99,73.3,69.6,0,38.138874,100,196,72.8,68.7,0,34.078564,200,196,74.5,67.8,0,29.560413,200,97,72.3,67.8,0,43.115204,100,198,72,67.3,0,42.16286,200,88.6,88.7,88.3,145.9,102.8,116.8,1.2,0,29.96
20170714,2320,75.8,99,39.04488738,29.44183833,267,64.8,64.9,5.6,72,71.8,-0.1,0.55,0,0,0,5,100,100,1,1,1,0,0,200,72,7.5,5.6,7.5,200,83.7,77.5,73.8,0,0,0,60.8,0,0,73.3,0,61.8,0.8125,55.1,0,0,-0.2,1.5,0,0,0,74.6,74.2,66.4,56.5,15,100,61.4,20,0,74.1,1,61.8,0.8125,68.9,0,0,99.8,56.9,9.9,4.6,1.3,15,15,95.6,69.1,82.8,100,100,0,74.5,1.3,65.55173,65.05173,0,13.1,0,0,1,25.6,1,72,109,77.8,0,0.012298611,0,85,55,0,70.8,67.3,1,2200,11,73.6,73.4,0,100,260,2,72,71.7,0,0.03655416,0,-15,75.2,71.4,0,0.036809813,0,1274,79.9,72.2,0,0.02328831,700,129,75,72.7,0,0,0,46,73,73,0,0,0,-1,74.5,74,0,0,0,39,72.5,75,0,0,0,40,74,74.3,0,0.036814336,0,5,73,75.6,0,100,950,-4,0,73.8,0,0,0,-4,73.3,73.6,0,0,0,102,74.6,67.7,0,39.700096,100,200,71.9,67.9,0,38.779263,200,201,72.5,67.7,0,39.90938,200,199,74.3,68.1,0,24.743402,200,99,74.1,69.8,0,25.859966,100,207,73.7,68.9,0,24.332272,200,200,74.5,68.9,0,21.052631,200,100,73.1,69.8,0,28.729147,100,204,75,69.1,0,22.804201,200,103,72.1,68.7,0,31.332842,100,101,74.6,67.4,0,35.7546,100,100,73.2,67.7,0,35.639797,100,201,72.9,67.4,0,30.780613,200,100,73.2,68.9,0,22.282143,100,203,73.8,68.4,0,32.888126,200,197,74.3,69.6,0,28.557447,200,206,73.4,68.5,0,23.538822,200,104,72.4,69.6,0,30.380367,100,195,72.9,67.4,0,28.723011,200,196,71.8,68,0,27.076166,200,101,74.7,66.9,0,49.422802,100,200,73.3,67.3,0,39.878757,200,203,73.5,67.3,0,27.25037,200,0,74,73,0,0,0,198,74.6,68.1,0,29.743591,200,194,74.1,69.3,0,36.001965,200,204,74.1,68.4,0,28.849688,200,148,71.7,68.7,0,37.36157,150,188,74.2,68.2,0,35.298466,200,200,73,67.5,0,29.140108,200,100,75,67.2,0,50.153393,100,197,74.2,67.2,0,41.827335,200,209,73.6,67.9,0,35.93212,200,98,74.1,68.4,0,25.021421,100,201,73.5,68.4,0,26.789215,200,90,73.4,69.1,0,30.249939,100,98,73.4,69.5,0,27.681875,100,103,72.6,284.8,0,26.87079,100,197,74.3,68.3,0,32.3399,200,200,73.1,67.7,0,34.220207,200,95,75.2,68.3,0,32.441433,100,99,75.2,68.1,0,36.20433,100,200,73.9,67.7,0,32.254925,200,98,72.9,68.5,0,38.63424,100,197,72.2,67.4,0,48.802433,200,103,75.1,69.6,0,35.657032,100,108,73.7,68.1,0,33.932503,100,102,72.2,69.5,0,37.571823,100,205,74.3,67.9,0,36.325817,200,199,72.4,67.1,0,52.898018,200,198,74.8,69.9,0,40.706,200,198,74.2,68.7,0,38.94259,200,482,74.5,68.3,0,99.97955,500,103,75.3,68.9,0,26.06402,100,98,73.3,68.8,0,38.138874,100,199,72.8,68.2,0,34.078564,200,198,74.5,67.4,0,29.560413,200,97,72.2,67.5,0,43.115204,100,196,72,67.3,0,42.16286,200,88.7,88.8,88.3,145.9,102.9,116.8,1.2,1,29.96
20170714,2325,75.7,99.6,39.07842633,29.44183833,267,66,66.2,5.6,71.7,71.5,-0.1,0.55,0,0,0,5,100,100,1,1,1,0,0,200,72,7.5,5.6,7.5,200,83.8,77.4,73.8,0,0,0,60.8,0,0,73.4,0,61.8,0.8125,57.8,0,0,-0.2,1.5,0,0,0,74.6,74.1,67.2,56.1,15,100,61.4,20,0,74.1,0.99,61.8,0.8125,69,0,0,99.8,54.4,9.9,4.6,1.1,15,15,95.6,69.1,84.4,100,100,0,74.5,1.25,65.55173,65.05173,0,13.4,0,0,1,25.2,1,72,112,77.9,0,0.012298611,0,85,55,0,70.8,67.4,1,2200,11,73.7,73.4,0,100,260,2,72,71.8,0,0.03655416,0,-17,75.3,71.5,0,0.036809813,0,1274,80,72.4,0,0.02328831,700,126,75.1,72.8,0,0,0,45,73.1,73.1,0,0,0,-1,74.6,74.1,0,0,0,41,72.6,75.1,0,0,0,41,74,74.5,0,0.036814336,0,5,73,75.7,0,100,950,-4,0,73.9,0,0,0,-4,73.4,73.7,0,0,0,101,74.6,68,0,39.700096,100,200,71.8,68.2,0,38.779263,200,201,72.4,68,0,39.90938,200,200,74.3,68.1,0,24.743402,200,98,74.1,69.4,0,25.859966,100,206,73.7,68.6,0,24.332272,200,200,74.5,68.6,0,21.052631,200,99,73.1,69.5,0,28.729147,100,208,75,68.9,0,22.804201,200,103,72.1,68.6,0,31.332842,100,100,74.6,67.9,0,35.7546,100,98,73.2,68,0,35.639797,100,199,72.9,67.7,0,30.780613,200,101,73.2,68.7,0,22.282143,100,201,73.8,68.5,0,32.888126,200,195,74.3,69.2,0,28.557447,200,207,73.4,68.4,0,23.538822,200,104,72.4,69.4,0,29.92638,100,193,72.8,67.6,0,28.723011,200,203,71.8,68.1,0,27.371008,200,101,74.6,67.4,0,49.422802,100,200,73.3,67.7,0,39.878757,200,200,73.5,67.5,0,27.25037,200,0,74,73,0,0,0,199,74.6,68.2,0,29.743591,200,194,74.1,69,0,36.001965,200,204,74.2,68.3,0,28.849688,200,148,71.6,68.7,0,37.36157,150,190,74.3,68.2,0,35.298466,200,196,73,67.8,0,29.140108,200,100,75,67.6,0,50.153393,100,196,74.1,67.7,0,41.827335,200,207,73.6,67.9,0,35.93212,200,98,74.1,68.4,0,25.021421,100,205,73.5,68.3,0,26.789215,200,90,73.4,68.8,0,30.249939,100,95,73.4,69.2,0,27.681875,100,102,72.6,284.6,0,26.87079,100,197,74.3,68.2,0,32.3399,200,198,73,67.9,0,34.220207,200,96,75.2,68.3,0,32.441433,100,98,75.3,68.2,0,36.20433,100,201,73.9,67.8,0,32.254925,200,97,72.9,68.4,0,38.63424,100,192,72.1,67.6,0,48.802433,200,103,75.2,69.2,0,35.657032,100,108,73.7,68,0,33.932503,100,102,72.2,69.3,0,37.571823,100,205,74.3,68,0,36.325817,200,197,72.4,67.5,0,52.898018,200,198,74.8,69.4,0,40.706,200,197,74.1,68.6,0,38.94259,200,480,74.3,68.2,0,99.97955,500,103,75.3,68.7,0,26.06402,100,98,73.3,68.7,0,38.138874,100,197,72.7,68.4,0,34.078564,200,198,74.5,67.6,0,29.560413,200,97,72.2,67.8,0,43.115204,100,196,72,67.6,0,42.16286,200,88.7,88.8,88.3,145.9,102.9,117.2,1.2,-1.1,29.96
20170714,2330,75.6,99.6,38.98191834,29.44183833,263,66.9,67,5.6,71.5,71.3,-0.1,0.55,0,0,0,5,100,100,1,1,1,0,0,200,72,7.5,5.6,7.5,200,83.9,77.4,73.8,0,0,0,60.8,0,0,73.4,0,61.8,0.8125,55.1,0,0,-0.2,1.5,0,0,0,74.6,74.1,67.9,56.3,15,100,61.4,20,0,74,1.01,61.8,0.8125,69.4,0,0,99.8,55.3,10,4.7,0.9,15,15,95.6,71.1,85.8,100,99.5,0,74.5,1.25,65.55173,65.05173,0,13.5,0,0,1,24.5,1,72,111,77.9,0,0.012298611,0,85,55,0,70.9,67.4,1,2200,11,73.7,73.4,0,100,260,2,72,71.9,0,0.03655416,0,-16,75.3,71.6,0,0.036809813,0,1274,80.1,72.5,0,0.02328831,700,128,75.1,72.9,0,0,0,45,73.1,73.2,0,0,0,-1,74.7,74.2,0,0,0,43,72.6,75.1,0,0,0,42,74.1,74.6,0,0.036814336,0,5,73,75.8,0,100,950,-5,0,74,0,0,0,-4,73.4,73.8,0,0,0,102,74.6,68.3,0,39.700096,100,200,71.8,68.5,0,38.779263,200,201,72.4,68.3,0,39.90938,200,200,74.3,68.3,0,24.743402,200,98,74.2,69.2,0,25.859966,100,205,73.7,68.7,0,24.332272,200,200,74.5,68.7,0,21.052631,200,99,73.1,69.4,0,28.729147,100,205,75,68.9,0,22.804201,200,104,72.1,68.7,0,31.332842,100,100,74.6,68.3,0,35.7546,100,99,73.2,68.4,0,35.639797,100,199,72.9,68.2,0,30.780613,200,101,73.3,68.8,0,22.282143,100,202,73.8,68.7,0,32.888126,200,197,74.3,69.1,0,28.557447,200,206,73.4,68.5,0,23.538822,200,102,72.4,69.4,0,29.92638,100,197,72.8,68,0,28.723011,200,196,71.7,68.4,0,27.371008,200,101,74.6,68,0,49.422802,100,200,73.4,68.2,0,39.878757,200,201,73.5,67.9,0,27.25037,200,0,74,72.9,0,0,0,197,74.6,68.4,0,29.743591,200,194,74.1,69,0,36.001965,200,205,74.2,68.4,0,28.849688,200,148,71.6,68.8,0,37.36157,150,190,74.3,68.4,0,35.298466,200,196,73,68.1,0,29.140108,200,101,75,68,0,50.153393,100,196,74.1,68.2,0,41.827335,200,203,73.6,68.3,0,35.93212,200,98,74.1,68.5,0,25.021421,100,202,73.5,68.4,0,26.789215,200,89,73.4,68.8,0,30.249939,100,97,73.4,69.2,0,27.681875,100,102,72.6,284.8,0,26.87079,100,195,74.3,68.3,0,32.3399,200,196,73,68.2,0,34.220207,200,97,75.2,68.5,0,32.441433,100,99,75.3,68.6,0,36.20433,100,200,74,68.1,0,32.254925,200,97,72.9,68.5,0,38.63424,100,191,72,68,0,48.802433,200,103,75.2,69.1,0,35.657032,100,101,73.7,68.2,0,33.932503,100,102,72.2,69.4,0,37.571823,100,204,74.3,68.3,0,36.325817,200,198,72.3,67.9,0,52.898018,200,199,74.8,69.3,0,40.706,200,198,74.1,68.8,0,38.94259,200,481,74.2,68.4,0,99.97955,500,103,75.3,68.8,0,26.06402,100,98,73.3,68.9,0,38.138874,100,200,72.7,68.7,0,34.078564,200,199,74.6,67.9,0,29.560413,200,97,72.1,68.1,0,43.115204,100,195,72,68.1,0,42.16286,200,88.8,88.9,88.3,144.9,102.9,117.1,1.2,0.1,29.96
20170714,2335,75.5,99.6,38.88563879,29.44183833,262,67.6,67.7,5.6,71.3,71.2,-0.1,0.55,0,0,0,5,100,100,1,1,1,0,0,200,72,7.5,5.6,7.5,200,84,77.2,73.7,0,0,0,60.8,0,0,73.4,0,61.8,0.8125,56.1,0,0,-0.2,1.5,0,0,0,74.6,74.2,68.6,56.2,15,100,61.4,20,0,74,0.97,61.8,0.8125,69.6,0,0,99.8,55.7,9.9,4.4,1.6,15,15,95.4,71.1,88.5,100,99.6,0,74.5,1.2,65.55173,65.05173,0,13.9,0,0,1,23.9,1,72,112,78,0,0.012298611,0,85,55,0,70.9,67.5,1,2200,11,73.7,73.5,0,100,260,2,72,72,0,0.03655416,0,-16,75.3,71.7,0,0.036809813,0,1274,80.2,72.6,0,0.02328831,700,130,75.2,73,0,0,0,45,73.2,73.4,0,0,0,-1,74.8,74.3,0,0,0,40,72.6,75.2,0,0,0,41,74.1,74.8,0,0.036814336,0,4,73.1,75.9,0,100,950,-4,0,74.1,0,0,0,-4,73.4,73.8,0,0,0,101,74.6,68.7,0,39.700096,100,200,71.8,68.9,0,38.779263,200,201,72.4,68.7,0,39.90938,200,199,74.3,68.6,0,24.743402,200,99,74.2,69.2,0,25.859966,100,204,73.7,68.9,0,24.332272,200,197,74.5,68.8,0,21.052631,200,98,73.1,69.5,0,28.729147,100,205,75,69.1,0,22.804201,200,103,72.1,69,0,31.332842,100,100,74.6,68.8,0,35.7546,100,98,73.2,68.8,0,35.639797,100,199,72.9,68.5,0,30.780613,200,99,73.3,69,0,22.282143,100,203,73.8,68.9,0,32.888126,200,197,74.3,69.2,0,28.557447,200,207,73.4,68.6,0,23.538822,200,104,72.4,69.4,0,29.92638,100,210,72.8,68.3,0,28.723011,200,200,71.7,68.8,0,27.371008,200,101,74.6,68.4,0,49.422802,100,199,73.4,68.6,0,39.878757,200,202,73.5,68.4,0,27.25037,200,0,74,72.8,0,0,0,197,74.6,68.7,0,29.743591,200,194,74.1,69.2,0,36.001965,200,204,74.2,68.6,0,28.849688,200,147,71.6,69,0,37.36157,150,192,74.3,68.7,0,35.298466,200,197,73,68.5,0,29.140108,200,101,75,68.5,0,50.153393,100,196,74.1,68.6,0,41.827335,200,208,73.6,68.5,0,35.93212,200,97,74.1,68.6,0,25.021421,100,205,73.5,68.6,0,26.789215,200,91,73.4,68.9,0,30.249939,100,95,73.5,69.3,0,27.681875,100,102,72.6,284.7,0,26.87079,100,195,74.3,68.6,0,32.3399,200,195,73,68.6,0,34.220207,200,95,75.2,68.7,0,32.441433,100,98,75.3,68.9,0,36.20433,100,200,74,68.4,0,32.254925,200,97,72.9,68.7,0,38.63424,100,190,72,68.4,0,48.802433,200,103,75.2,69.1,0,35.657032,100,102,73.6,68.4,0,33.932503,100,101,72.2,69.4,0,37.571823,100,204,74.4,68.6,0,36.325817,200,197,72.3,68.3,0,52.898018,200,205,74.8,69.3,0,40.706,200,204,74.1,69,0,38.94259,200,88,74.2,68.8,0,49.27403,100,101,75.3,69,0,26.06402,100,100,73.3,69.1,0,38.138874,100,195,72.7,68.9,0,34.078564,200,200,74.6,68.3,0,29.560413,200,97,72.1,68.5,0,43.115204,100,198,72.1,68.5,0,42.16286,200,88.8,88.9,88.4,144.9,102.9,117.3,1.1,0.1,29.96
20170714,2340,75.5,99.6,38.88563879,29.44183833,264,58.4,50.8,5.6,79,72.5,-0.1,0.55,0,0,0,5,100,100,1,1,1,0,0,200,72,7.5,5.6,7.5,200,84.1,77.4,73.6,0,0,0,60.8,0,0,73.4,0,61.8,0.8125,53.7,0,0,-0.2,1.5,0,0,0,74.6,74.1,67.5,56.2,15,100,61.4,20,0,74.1,0.99,61.8,0.8125,70,0,0,94.4,59.2,9.9,4.7,1.6,15,15,90.9,69.1,89.6,100,99.4,0,74.5,1.25,65.55173,65.05173,0,14.1,0,0,1,23.3,1,72,112,78.1,0,0.012298611,0,85,55,0,70.9,67.5,1,2200,12,73.7,73.4,0,100,260,2,72,72.1,0,0.03655416,0,-16,75.4,71.7,0,0.036809813,0,1273,80.2,72.7,0,0.02328831,700,128,75.2,73.1,0,0,0,45,73.3,73.5,0,0,0,-1,74.9,74.4,0,0,0,44,72.6,75.3,0,0,0,42,74.1,74.9,0,0.036814336,0,6,73.1,76,0,100,950,-4,0,74.2,0,0,0,-4,73.5,73.9,0,0,0,101,74.6,68.8,0,39.700096,100,200,71.8,68.9,0,38.779263,200,201,72.4,68.6,0,39.90938,200,201,74.4,68.7,0,24.743402,200,99,74.2,69.3,0,25.859966,100,206,73.7,69,0,24.332272,200,200,74.5,68.9,0,21.052631,200,100,73.1,69.4,0,28.729147,100,204,75.1,69.1,0,22.804201,200,103,72.1,68.9,0,31.332842,100,101,74.6,68.7,0,35.7546,100,100,73.2,68.8,0,35.639797,100,200,73,68.5,0,30.780613,200,101,73.3,69,0,22.282143,100,207,73.8,69,0,32.888126,200,199,74.3,69.2,0,28.557447,200,210,73.5,68.7,0,23.538822,200,105,72.4,69.4,0,29.92638,100,201,72.8,68.4,0,28.723011,200,201,71.7,68.9,0,27.371008,200,101,74.6,68.3,0,49.422802,100,199,73.4,68.6,0,39.878757,200,200,73.5,68.4,0,27.25037,200,0,74,72.8,0,0,0,199,74.6,68.7,0,29.743591,200,194,74.1,69.2,0,36.001965,200,204,74.2,68.6,0,28.849688,200,149,71.6,69,0,37.36157,150,192,74.3,68.8,0,35.298466,200,198,73,68.5,0,29.140108,200,101,75,68.4,0,50.153393,100,198,74.1,68.4,0,41.827335,200,205,73.7,68.7,0,35.93212,200,98,74.2,68.7,0,25.021421,100,204,73.5,68.7,0,26.789215,200,92,73.4,69,0,30.249939,100,95,73.5,69.2,0,27.681875,100,102,72.6,285,0,26.87079,100,197,74.3,68.7,0,32.3399,200,198,73,68.6,0,34.220207,200,96,75.2,68.8,0,32.441433,100,99,75.4,69,0,36.20433,100,201,74,68.5,0,32.254925,200,97,72.9,68.6,0,38.63424,100,199,72,68.2,0,48.802433,200,103,75.2,69.1,0,35.657032,100,104,73.6,68.5,0,33.932503,100,102,72.2,69.3,0,37.571823,100,206,74.4,68.6,0,36.325817,200,202,72.3,68.1,0,52.898018,200,204,74.8,69.4,0,40.706,200,204,74.1,69.2,0,38.94259,200,98,74.2,69.1,0,50.214725,100,100,75.3,69.2,0,26.06402,100,100,73.4,69.2,0,38.138874,100,196,72.7,69,0,34.078564,200,201,74.6,68.4,0,29.560413,200,98,72.2,68.6,0,43.115204,100,200,72.1,68.4,0,42.16286,200,88.9,89,88.3,144.9,102.9,117.1,1.3,0,29.96
20170714,2345,75.5,99.6,38.89278379,29.44183833,264,52.3,46,5.6,81.4,75.5,-0.1,1.8,0,0,0,5,100,100,1,1,1,0,0,200,72,7.5,5.6,7.5,200,84.2,77.6,73.6,0,0,0,60.8,0,0,73.4,0,61.8,0.8125,56.3,0,0,-0.2,1.5,0,0,0,74.6,74.2,59.6,55.5,15,98.4,61.4,20,0,73.9,1.01,61.8,0.8125,69.9,0,0,87.8,56,9.9,4.2,0.8,15,15,88.9,63.1,90.2,100,99.5,0,74.5,1.25,65.55173,65.05173,0,14.2,0,0,1,26.9,1,72,113,78.1,0,0.012298611,0,85,55,0,71,67.6,1,2200,12,73.8,73.5,0,100,260,2,72.1,72.2,0,0.03655416,0,-16,75.4,71.8,0,0.036809813,0,1274,80.3,72.9,0,0.02328831,700,127,75.3,73.2,0,0,0,45,73.3,73.6,0,0,0,-1,74.9,74.5,0,0,0,41,72.6,75.3,0,0,0,42,74.1,75,0,0.036814336,0,4,73.1,76.1,0,100,950,-3,0,74.2,0,0,0,-4,73.5,73.9,0,0,0,103,74.6,64.6,0,39.700096,100,201,71.7,64.7,0,38.779263,200,203,72.2,64,0,39.90938,200,202,74.4,65.5,0,24.743402,200,99,74.2,67.8,0,25.859966,100,207,73.7,66.4,0,24.332272,200,199,74.5,66.3,0,21.052631,200,100,73.1,67.2,0,28.729147,100,206,75.1,66.6,0,22.804201,200,103,72.1,65.8,0,30.878744,100,102,74.6,63.8,0,35.7546,100,101,73.2,64.5,0,35.639797,100,204,73,64,0,30.780613,200,101,73.3,66.5,0,22.282143,100,207,73.8,65.6,0,32.888126,200,199,74.3,67.2,0,28.557447,200,211,73.5,66,0,23.24351,200,104,72.4,67,0,29.92638,100,204,72.8,64.4,0,28.723011,200,201,71.6,65.5,0,27.371008,200,101,74.6,62.8,0,48.9899,100,202,73.3,63.6,0,39.878757,200,204,73.5,64.5,0,27.25037,200,0,74,73,0,0,0,201,74.6,65,0,29.743591,200,194,74.1,66.9,0,36.001965,200,206,74.2,65.8,0,28.408674,200,150,71.6,65.8,0,37.36157,150,192,74.3,65.9,0,35.298466,200,196,73,64.7,0,29.140108,200,101,74.9,63.8,0,50.153393,100,199,74,62.9,0,41.827335,200,208,73.7,65.4,0,35.93212,200,99,74.2,65.8,0,25.021421,100,206,73.5,66,0,26.789215,200,93,73.3,66.9,0,30.249939,100,97,73.5,67.2,0,27.681875,100,104,72.6,284.7,0,26.87079,100,197,74.3,65.9,0,32.3399,200,200,73,64.6,0,34.220207,200,97,75.2,66.2,0,32.441433,100,99,75.4,65.7,0,36.20433,100,201,74,65.2,0,32.254925,200,97,72.9,66.2,0,38.63424,100,204,71.9,63.5,0,48.802433,200,104,75.2,67.3,0,35.657032,100,110,73.6,65.5,0,33.932503,100,103,72.2,66.9,0,37.571823,100,204,74.4,65.5,0,36.325817,200,203,72.3,63.1,0,52.898018,200,206,74.8,68.2,0,40.706,200,202,74.1,67.4,0,38.511703,200,98,74.3,67.8,0,50.214725,100,102,75.2,67.5,0,26.06402,100,100,73.4,66.9,0,38.138874,100,197,72.7,65.8,0,34.078564,200,201,74.7,65.3,0,29.560413,200,98,72.1,65,0,43.115204,100,200,72.1,64.1,0,42.16286,200,88.9,89,88.4,146.9,103,117.2,1.1,-0.1,29.95
20170714,2350,75.5,99.6,38.89278379,29.44183833,263,49.2,44.5,5.6,80.4,76,-0.2,2.65,0,0,0,5,100,100,0,1,0,0,0,200,72,7.5,5.6,7.5,200,84.2,77.5,73.6,0,0,0,60.8,0,0,73.5,0,61.8,0.8125,56,0,0,-0.2,1.5,0,0,0,74.5,74,54.5,55.5,15,93.4,61.4,20,0,73.9,0.99,61.8,0.8125,69,0,0,89.6,60.6,10,4.6,0.8,15,15,89.7,61.1,89.5,100,93.1,0,74.5,1.35,65.55173,65.05173,0,14.1,0,0,1,30.8,0,72,109,78.2,0,0.012298611,0,85,55,0,71,67.6,1,2200,11,73.8,73.4,0,100,260,2,72.1,72.4,0,0.03655416,0,-16,75.5,71.9,0,0.036809813,0,1274,80.3,73,0,0.02328831,700,127,75.3,73.3,0,0,0,45,73.4,73.7,0,0,0,-1,75,74.6,0,0,0,43,72.7,75.4,0,0,0,42,74.1,75.1,0,0.036814336,0,5,73.2,76.2,0,100,950,-3,0,74.3,0,0,0,-4,73.5,74,0,0,0,102,74.6,60.3,0,39.700096,100,201,71.4,60.5,0,38.779263,200,202,71.9,59.9,0,39.90938,200,200,74.3,61.6,0,24.743402,200,100,74.2,65.2,0,25.859966,100,206,73.6,63,0,24.332272,200,204,74.5,62.9,0,21.052631,200,99,72.9,64.5,0,28.729147,100,207,75,63.4,0,22.804201,200,105,72,62.3,0,30.878744,100,101,74.5,59.3,0,35.7546,100,101,73.1,60.2,0,35.639797,100,202,72.9,59.6,0,30.780613,200,101,73.3,63.2,0,22.282143,100,205,73.7,61.6,0,32.888126,200,200,74.2,64.5,0,28.557447,200,210,73.4,62.6,0,22.074566,200,105,72.2,64.3,0,29.92638,100,197,72.7,60.1,0,28.723011,200,201,71.5,61.5,0,27.371008,200,101,74.4,58.1,0,48.9899,100,201,73.3,59,0,39.878757,200,201,73.5,60.1,0,27.25037,200,0,74.1,73.1,0,0,0,200,74.6,61,0,29.743591,200,194,73.9,63.8,0,36.001965,200,207,74.2,62.3,0,28.408674,200,149,71.4,62.2,0,37.36157,150,193,74.3,62,0,35.298466,200,198,73,60.3,0,29.140108,200,101,74.8,59.2,0,50.153393,100,198,73.8,58.3,0,41.827335,200,205,73.6,61.3,0,35.93212,200,98,74.2,62.3,0,25.021421,100,204,73.5,62.4,0,26.789215,200,91,73.2,63.8,0,30.249939,100,98,73.5,64.3,0,27.681875,100,103,72.5,284.9,0,26.87079,100,195,74.2,62.3,0,32.3399,200,199,72.9,60.4,0,34.220207,200,98,75.2,62.5,0,32.441433,100,99,75.4,61.9,0,36.20433,100,201,73.9,61.2,0,32.254925,200,97,72.9,62.8,0,38.63424,100,197,71.5,59.2,0,48.802433,200,103,75.2,64.7,0,35.657032,100,105,73.5,61.9,0,33.932503,100,102,72.1,64.1,0,37.571823,100,202,74.3,61.5,0,36.325817,200,201,72.1,58.6,0,52.898018,200,204,74.7,65.9,0,40.706,200,202,74.1,64.4,0,38.511703,200,97,74.2,65.2,0,50.214725,100,100,75.1,64.6,0,26.06402,100,100,73.3,63.7,0,38.138874,100,196,72.7,62.2,0,34.078564,200,200,74.6,61.3,0,29.560413,200,98,72,60.9,0,43.115204,100,201,72.1,59.7,0,42.16286,200,88.9,89,88.4,146.9,103,117.1,1.2,-0.1,29.95
20170714,2355,75.5,99.6,38.89278379,29.44183833,254,53.1,53,4.15,74.4,75.7,-0.2,1.55,0,0,0,5,96,0,0,1,0,0,0,200,72,7.5,4.15,7.5,200,84.4,77.6,73.7,0,0,0,60.8,0,0,73.5,0,61.8,0.8125,54,0,0,-0.2,1.5,0,0,0,74.4,74,53.4,55.4,15,87.9,61.4,20,0,73.8,0.99,61.8,0.8125,68.3,0,0,97.1,54.5,9.9,4.3,1.1,15,15,94.4,61.1,85,100,79.4,0,74.5,1.4,65.55173,65.05173,0,13.2,0,0,0,0,0,72,109,78.3,0,0.012298611,0,85,55,0,71,67.7,1,2200,12,73.8,73.5,0,100,260,2,72.1,72.5,0,0.03655416,0,-16,75.5,71.9,0,0.036809813,0,1275,80.4,73.1,0,0.02328831,700,127,75.4,73.3,0,0,0,45,73.4,73.8,0,0,0,-1,75,74.7,0,0,0,43,72.7,75.5,0,0,0,40,74.1,75.2,0,0.036814336,0,4,73.2,76.3,0,100,950,-4,0,74.4,0,0,0,-4,73.6,74.1,0,0,0,103,74.5,57.6,0,39.700096,100,203,71,57.8,0,38.779263,200,203,71.5,57.6,0,39.90938,200,202,74.3,58.7,0,24.743402,200,100,74.2,62.6,0,25.859966,100,209,73.5,60.2,0,24.332272,200,203,74.4,60.2,0,21.052631,200,99,72.8,62.1,0,28.729147,100,204,74.9,60.6,0,22.804201,200,104,71.9,59.7,0,30.878744,100,102,74.4,56.9,0,35.7546,100,100,73,57.6,0,35.639797,100,203,72.8,57,0,30.780613,200,100,73.2,60.5,0,22.282143,100,207,73.6,58.9,0,32.888126,200,197,74.1,62,0,28.557447,200,208,73.3,59.9,0,21.606989,200,103,71.9,61.9,0,29.484663,100,201,72.5,57.3,0,28.723011,200,202,71.3,58.8,0,27.371008,200,102,74.3,55.7,0,48.9899,100,201,73.1,56.6,0,39.878757,200,204,73.4,57.2,0,27.25037,200,0,74.1,73.2,0,0,0,201,74.6,58.2,0,29.743591,200,194,73.8,61.1,0,36.001965,200,206,74.2,59.5,0,28.408674,200,149,71.1,59.7,0,37.36157,150,196,74.3,58.9,0,35.298466,200,201,73,57.5,0,29.140108,200,101,74.7,56.5,0,50.153393,100,197,73.6,56,0,41.827335,200,209,73.5,58.4,0,35.93212,200,99,74.1,59.6,0,25.021421,100,202,73.4,59.5,0,26.789215,200,91,73,61,0,30.249939,100,99,73.4,61.6,0,27.681875,100,103,72.4,284.8,0,26.87079,100,196,74.2,59.4,0,32.3399,200,201,72.7,57.8,0,34.220207,200,98,75.2,59.4,0,32.441433,100,99,75.4,59.4,0,36.20433,100,203,73.9,58.3,0,32.254925,200,97,72.9,60,0,38.63424,100,197,70.9,56.8,0,48.802433,200,105,75.2,62.2,0,35.657032,100,105,73.4,59.1,0,33.932503,100,103,71.9,61.7,0,37.571823,100,203,74.3,58.6,0,36.325817,200,200,71.8,56.3,0,52.898018,200,207,74.6,63.5,0,40.706,200,202,74,61.8,0,38.511703,200,97,74.2,62.6,0,50.214725,100,102,75,61.9,0,26.06402,100,101,73.2,60.9,0,38.138874,100,197,72.5,59.5,0,34.078564,200,202,74.5,58.3,0,29.560413,200,98,71.8,58.1,0,43.115204,100,200,72,57,0,42.16286,200,89,89.1,88.5,143.9,103,117.1,1.2,0.2,29.95
