HWC-VLV,CHWC-VLV,EA-DMPR,RA-DMPR,OA-DMPR,SF-WAT,RF-WAT,SA-CFM,RA-CFM,OA-CFM,SA-TEMP,MA-TEMP,RA-TEMP,HWC-DAT,CHWC-DAT,SA-SP,SF-DP,RF-DP,SF-SPD,RF-SPD,OA-TEMP
0,0.0,0.0,100.0,0.0,0.0,0.0,8.571,-17.828,26.4,76.983,69.025,60.793,69.026,76.983,0.009,0.0,0.001,0.0,0.0,69.025
0,0.0,0.0,100.0,0.0,0.0,0.0,8.571,-17.828,26.4,76.953,69.054,60.785,69.026,76.953,0.009,0.0,0.001,0.0,0.0,69.054
0,0.0,0.0,100.0,0.0,0.0,0.0,8.571,-17.828,26.4,76.924,69.172,60.777,69.027,76.924,0.009,0.0,0.001,0.0,0.0,69.172
0,0.0,0.0,100.0,0.0,0.0,0.0,8.571,-17.828,26.4,76.895,69.268,60.77,69.028,76.895,0.009,0.0,0.001,0.0,0.0,69.268
0,0.0,0.0,100.0,0.0,0.0,0.0,8.571,-17.828,26.4,76.865,69.363,60.762,69.031,76.865,0.009,0.0,0.001,0.0,0.0,69.363
0,0.0,0.0,100.0,0.0,0.0,0.0,8.571,-17.828,26.4,76.836,69.29,60.754,69.034,76.836,0.009,0.0,0.001,0.0,0.0,69.29
0,0.0,0.0,100.0,0.0,0.0,0.0,8.571,-17.828,26.4,76.807,69.276,60.747,69.036,76.807,0.009,0.0,0.001,0.0,0.0,69.276
0,0.0,0.0,100.0,0.0,0.0,0.0,8.571,-17.828,26.4,76.779,69.281,60.74,69.038,76.779,0.009,0.0,0.001,0.0,0.0,69.281
0,0.0,0.0,100.0,0.0,0.0,0.0,8.571,-17.828,26.4,76.75,69.202,60.733,69.04,76.75,0.009,0.0,0.001,0.0,0.0,69.202
0,0.0,0.0,100.0,0.0,0.0,0.0,8.571,-17.828,26.4,76.721,69.079,60.725,69.041,76.721,0.009,0.0,0.001,0.0,0.0,69.079
0,0.0,0.0,100.0,0.0,0.0,0.0,8.571,-17.828,26.4,76.693,68.935,60.718,69.041,76.693,0.009,0.0,0.001,0.0,0.0,68.935
0,0.0,0.0,100.0,0.0,0.0,0.0,8.571,-17.828,26.4,76.664,68.82,60.711,69.04,76.664,0.009,0.0,0.001,0.0,0.0,68.82
0,0.0,0.0,100.0,0.0,0.0,0.0,8.571,-17.828,26.4,76.636,68.793,60.704,69.038,76.636,0.009,0.0,0.001,0.0,0.0,68.793
0,0.0,0.0,100.0,0.0,0.0,0.0,8.571,-17.828,26.4,76.608,68.761,60.697,69.035,76.608,0.009,0.0,0.001,0.0,0.0,68.761
0,0.0,0.0,100.0,0.0,0.0,0.0,8.571,-17.828,26.4,76.58,68.72,60.69,69.033,76.58,0.009,0.0,0.001,0.0,0.0,68.72
0,0.0,0.0,100.0,0.0,0.0,0.0,8.571,-17.828,26.4,76.552,68.808,60.684,69.03,76.552,0.009,0.0,0.001,0.0,0.0,68.808
0,0.0,0.0,100.0,0.0,0.0,0.0,8.571,-17.828,26.4,76.524,69.023,60.677,69.029,76.524,0.009,0.0,0.001,0.0,0.0,69.023
0,0.0,0.0,100.0,0.0,0.0,0.0,8.571,-17.828,26.4,76.496,69.037,60.67,69.029,76.496,0.009,0.0,0.001,0.0,0.0,69.037
0,0.0,0.0,100.0,0.0,0.0,0.0,8.571,-17.828,26.4,76.469,68.903,60.664,69.029,76.469,0.009,0.0,0.001,0.0,0.0,68.903
0,0.0,0.0,100.0,0.0,0.0,0.0,8.571,-17.828,26.4,76.441,68.737,60.657,69.027,76.441,0.009,0.0,0.001,0.0,0.0,68.737
0,0.0,0.0,100.0,0.0,0.0,0.0,8.571,-17.828,26.4,76.414,68.654,60.651,69.024,76.414,0.009,0.0,0.001,0.0,0.0,68.654
0,0.0,0.0,100.0,0.0,0.0,0.0,8.571,-17.828,26.4,76.386,68.615,60.644,69.02,76.386,0.009,0.0,0.001,0.0,0.0,68.615
0,0.0,0.0,100.0,0.0,0.0,0.0,8.571,-17.828,26.4,76.359,68.595,60.638,69.017,76.359,0.009,0.0,0.001,0.0,0.0,68.595
0,0.0,0.0,100.0,0.0,0.0,0.0,8.571,-17.828,26.4,76.332,68.593,60.632,69.013,76.332,0.009,0.0,0.001,0.0,0.0,68.593
0,0.0,0.0,100.0,0.0,0.0,0.0,8.571,-17.828,26.4,76.305,68.607,60.625,69.009,76.305,0.009,0.0,0.001,0.0,0.0,68.607
0,0.0,0.0,100.0,0.0,0.0,0.0,8.571,-17.828,26.4,76.277,68.691,60.619,69.006,76.277,0.009,0.0,0.001,0.0,0.0,68.691
0,0.0,0.0,100.0,0.0,0.0,0.0,8.571,-17.828,26.4,76.251,68.735,60.613,69.003,76.251,0.009,0.0,0.001,0.0,0.0,68.735
0,0.0,0.0,100.0,0.0,0.0,0.0,8.571,-17.828,26.4,76.224,68.751,60.607,69.001,76.224,0.009,0.0,0.001,0.0,0.0,68.751
0,0.0,0.0,100.0,0.0,0.0,0.0,8.571,-17.828,26.4,76.197,68.847,60.601,68.999,76.197,0.009,0.0,0.001,0.0,0.0,68.847
0,0.0,0.0,100.0,0.0,0.0,0.0,8.571,-17.828,26.4,76.17,68.999,60.596,68.998,76.17,0.009,0.0,0.001,0.0,0.0,68.999
0,0.0,0.0,100.0,0.0,0.0,0.0,8.571,-17.828,26.4,76.144,68.887,60.59,68.998,76.144,0.009,0.0,0.001,0.0,0.0,68.887
0,0.0,0.0,100.0,0.0,0.0,0.0,8.571,-17.828,26.4,76.117,68.747,60.584,68.996,76.117,0.009,0.0,0.001,0.0,0.0,68.747
0,0.0,0.0,100.0,0.0,0.0,0.0,8.571,-17.828,26.4,76.091,68.801,60.578,68.994,76.091,0.009,0.0,0.001,0.0,0.0,68.801
0,0.0,0.0,100.0,0.0,0.0,0.0,8.571,-17.828,26.4,76.064,68.763,60.573,68.992,76.064,0.009,0.0,0.001,0.0,0.0,68.763
0,0.0,0.0,100.0,0.0,0.0,0.0,8.571,-17.828,26.4,76.038,68.77,60.567,68.99,76.038,0.009,0.0,0.001,0.0,0.0,68.77
0,0.0,0.0,100.0,0.0,0.0,0.0,8.571,-17.828,26.4,76.012,68.788,60.562,68.988,76.012,0.009,0.0,0.001,0.0,0.0,68.788
0,0.0,0.0,100.0,0.0,0.0,0.0,8.571,-17.828,26.4,75.986,68.854,60.556,68.986,75.986,0.009,0.0,0.001,0.0,0.0,68.854
0,0.0,0.0,100.0,0.0,0.0,0.0,8.571,-17.828,26.4,75.96,68.91,60.551,68.986,75.96,0.009,0.0,0.001,0.0,0.0,68.91
0,0.0,0.0,100.0,0.0,0.0,0.0,8.571,-17.828,26.4,75.934,68.997,60.545,68.985,75.934,0.009,0.0,0.001,0.0,0.0,68.997
0,0.0,0.0,100.0,0.0,0.0,0.0,8.571,-17.828,26.4,75.908,69.071,60.54,68.985,75.908,0.009,0.0,0.001,0.0,0.0,69.071
0,0.0,0.0,100.0,0.0,0.0,0.0,8.571,-17.828,26.4,75.883,69.158,60.535,68.986,75.883,0.009,0.0,0.001,0.0,0.0,69.158
0,0.0,0.0,100.0,0.0,0.0,0.0,8.571,-17.828,26.4,75.857,69.268,60.53,68.988,75.857,0.009,0.0,0.001,0.0,0.0,69.268
0,0.0,0.0,100.0,0.0,0.0,0.0,8.571,-17.828,26.4,75.832,69.281,60.525,68.991,75.832,0.009,0.0,0.001,0.0,0.0,69.281
0,0.0,0.0,100.0,0.0,0.0,0.0,8.571,-17.828,26.4,75.806,69.246,60.52,68.993,75.806,0.009,0.0,0.001,0.0,0.0,69.246
0,0.0,0.0,100.0,0.0,0.0,0.0,8.571,-17.828,26.4,75.781,69.243,60.515,68.996,75.781,0.009,0.0,0.001,0.0,0.0,69.243
0,0.0,0.0,100.0,0.0,0.0,0.0,8.571,-17.828,26.4,75.756,69.211,60.51,68.998,75.756,0.009,0.0,0.001,0.0,0.0,69.211
0,0.0,0.0,100.0,0.0,0.0,0.0,8.571,-17.828,26.4,75.731,69.18,60.506,69.0,75.731,0.009,0.0,0.001,0.0,0.0,69.18
0,0.0,0.0,100.0,0.0,0.0,0.0,8.571,-17.828,26.4,75.706,68.997,60.501,69.001,75.706,0.009,0.0,0.001,0.0,0.0,68.997
0,0.0,0.0,100.0,0.0,0.0,0.0,8.571,-17.828,26.4,75.681,68.872,60.496,69.0,75.681,0.009,0.0,0.001,0.0,0.0,68.872
0,0.0,0.0,100.0,0.0,0.0,0.0,8.571,-17.828,26.4,75.656,68.862,60.491,68.999,75.656,0.009,0.0,0.001,0.0,0.0,68.862
0,0.0,0.0,100.0,0.0,0.0,0.0,8.571,-17.828,26.4,75.631,68.85,60.486,68.998,75.631,0.009,0.0,0.001,0.0,0.0,68.85
0,0.0,0.0,100.0,0.0,0.0,0.0,8.571,-17.828,26.4,75.607,68.796,60.482,68.996,75.607,0.009,0.0,0.001,0.0,0.0,68.796
0,0.0,0.0,100.0,0.0,0.0,0.0,8.571,-17.828,26.4,75.582,68.825,60.477,68.995,75.582,0.009,0.0,0.001,0.0,0.0,68.825
0,0.0,0.0,100.0,0.0,0.0,0.0,8.571,-17.828,26.4,75.558,68.779,60.472,68.993,75.558,0.009,0.0,0.001,0.0,0.0,68.779
0,0.0,0.0,100.0,0.0,0.0,0.0,8.571,-17.828,26.4,75.534,68.821,60.468,68.991,75.534,0.009,0.0,0.001,0.0,0.0,68.821
0,0.0,0.0,100.0,0.0,0.0,0.0,8.571,-17.828,26.4,75.509,68.83,60.463,68.99,75.509,0.009,0.0,0.001,0.0,0.0,68.83
0,0.0,0.0,100.0,0.0,0.0,0.0,8.571,-17.828,26.4,75.485,68.79,60.459,68.988,75.485,0.009,0.0,0.001,0.0,0.0,68.79
0,0.0,0.0,100.0,0.0,0.0,0.0,8.571,-17.828,26.4,75.461,68.947,60.454,68.987,75.461,0.009,0.0,0.001,0.0,0.0,68.947
0,0.0,0.0,100.0,0.0,0.0,0.0,8.571,-17.828,26.4,75.437,69.083,60.45,68.987,75.437,0.009,0.0,0.001,0.0,0.0,69.083
0,0.0,0.0,100.0,0.0,0.0,0.0,8.571,-17.828,26.4,75.413,69.228,60.446,68.988,75.413,0.009,0.0,0.001,0.0,0.0,69.228
0,0.0,0.0,100.0,0.0,0.0,0.0,8.571,-17.828,26.4,75.389,69.247,60.441,68.99,75.389,0.009,0.0,0.001,0.0,0.0,69.247
0,0.0,0.0,100.0,0.0,0.0,0.0,8.571,-17.828,26.4,75.365,69.195,60.437,68.993,75.365,0.009,0.0,0.001,0.0,0.0,69.195
0,0.0,0.0,100.0,0.0,0.0,0.0,8.571,-17.828,26.4,75.342,69.156,60.433,68.994,75.342,0.009,0.0,0.001,0.0,0.0,69.156
0,0.0,0.0,100.0,0.0,0.0,0.0,8.571,-17.828,26.4,75.318,69.124,60.429,68.996,75.318,0.009,0.0,0.001,0.0,0.0,69.124
0,0.0,0.0,100.0,0.0,0.0,0.0,8.571,-17.828,26.4,75.295,69.006,60.425,68.996,75.295,0.009,0.0,0.001,0.0,0.0,69.006
0,0.0,0.0,100.0,0.0,0.0,0.0,8.571,-17.828,26.4,75.271,68.923,60.421,68.996,75.271,0.009,0.0,0.001,0.0,0.0,68.923
0,0.0,0.0,100.0,0.0,0.0,0.0,8.571,-17.828,26.4,75.248,68.918,60.417,68.996,75.248,0.009,0.0,0.001,0.0,0.0,68.918
0,0.0,0.0,100.0,0.0,0.0,0.0,8.571,-17.828,26.4,75.225,68.871,60.412,68.995,75.225,0.009,0.0,0.001,0.0,0.0,68.871
0,0.0,0.0,100.0,0.0,0.0,0.0,8.571,-17.828,26.4,75.202,68.835,60.409,68.994,75.202,0.009,0.0,0.001,0.0,0.0,68.835
0,0.0,0.0,100.0,0.0,0.0,0.0,8.571,-17.828,26.4,75.179,68.731,60.404,68.992,75.179,0.009,0.0,0.001,0.0,0.0,68.731
0,0.0,0.0,100.0,0.0,0.0,0.0,8.571,-17.828,26.4,75.156,68.736,60.4,68.989,75.156,0.009,0.0,0.001,0.0,0.0,68.736
0,0.0,0.0,100.0,0.0,0.0,0.0,8.571,-17.828,26.4,75.133,68.678,60.396,68.987,75.133,0.009,0.0,0.001,0.0,0.0,68.678
0,0.0,0.0,100.0,0.0,0.0,0.0,8.571,-17.828,26.4,75.11,68.583,60.392,68.984,75.11,0.009,0.0,0.001,0.0,0.0,68.583
0,0.0,0.0,100.0,0.0,0.0,0.0,8.571,-17.828,26.4,75.087,68.602,60.388,68.98,75.087,0.009,0.0,0.001,0.0,0.0,68.602
0,0.0,0.0,100.0,0.0,0.0,0.0,8.571,-17.828,26.4,75.065,68.708,60.385,68.977,75.065,0.009,0.0,0.001,0.0,0.0,68.708
0,0.0,0.0,100.0,0.0,0.0,0.0,8.571,-17.828,26.4,75.042,68.737,60.381,68.975,75.042,0.009,0.0,0.001,0.0,0.0,68.737
0,0.0,0.0,100.0,0.0,0.0,0.0,8.571,-17.828,26.4,75.02,68.77,60.377,68.973,75.02,0.009,0.0,0.001,0.0,0.0,68.77
0,0.0,0.0,100.0,0.0,0.0,0.0,8.571,-17.828,26.4,74.997,68.777,60.373,68.971,74.997,0.009,0.0,0.001,0.0,0.0,68.777
0,0.0,0.0,100.0,0.0,0.0,0.0,8.571,-17.828,26.4,74.975,68.714,60.369,68.969,74.975,0.009,0.0,0.001,0.0,0.0,68.714
0,0.0,0.0,100.0,0.0,0.0,0.0,8.571,-17.828,26.4,74.953,68.602,60.365,68.966,74.953,0.009,0.0,0.001,0.0,0.0,68.602
0,0.0,0.0,100.0,0.0,0.0,0.0,8.571,-17.828,26.4,74.93,68.671,60.362,68.963,74.93,0.009,0.0,0.001,0.0,0.0,68.671
0,0.0,0.0,100.0,0.0,0.0,0.0,8.571,-17.828,26.4,74.908,68.714,60.358,68.961,74.908,0.009,0.0,0.001,0.0,0.0,68.714
0,0.0,0.0,100.0,0.0,0.0,0.0,8.571,-17.828,26.4,74.886,68.814,60.354,68.959,74.886,0.009,0.0,0.001,0.0,0.0,68.814
0,0.0,0.0,100.0,0.0,0.0,0.0,8.571,-17.828,26.4,74.864,68.91,60.351,68.958,74.864,0.009,0.0,0.001,0.0,0.0,68.91
0,0.0,0.0,100.0,0.0,0.0,0.0,8.571,-17.828,26.4,74.842,68.914,60.347,68.957,74.842,0.009,0.0,0.001,0.0,0.0,68.914
0,0.0,0.0,100.0,0.0,0.0,0.0,8.571,-17.828,26.4,74.82,69.059,60.344,68.957,74.82,0.009,0.0,0.001,0.0,0.0,69.059
0,0.0,0.0,100.0,0.0,0.0,0.0,8.571,-17.828,26.4,74.799,69.146,60.34,68.959,74.799,0.009,0.0,0.001,0.0,0.0,69.146
0,0.0,0.0,100.0,0.0,0.0,0.0,8.571,-17.828,26.4,74.777,69.187,60.337,68.96,74.777,0.009,0.0,0.001,0.0,0.0,69.187
0,0.0,0.0,100.0,0.0,0.0,0.0,8.571,-17.828,26.4,74.755,69.141,60.334,68.962,74.755,0.009,0.0,0.001,0.0,0.0,69.141
0,0.0,0.0,100.0,0.0,0.0,0.0,8.571,-17.828,26.4,74.734,69.14,60.33,68.964,74.734,0.009,0.0,0.001,0.0,0.0,69.14
0,0.0,0.0,100.0,0.0,0.0,0.0,8.571,-17.828,26.4,74.712,68.955,60.327,68.965,74.712,0.009,0.0,0.001,0.0,0.0,68.955
0,0.0,0.0,100.0,0.0,0.0,0.0,8.571,-17.828,26.4,74.691,68.586,60.324,68.964,74.691,0.009,0.0,0.001,0.0,0.0,68.586
0,0.0,0.0,100.0,0.0,0.0,0.0,8.571,-17.828,26.4,74.67,68.337,60.32,68.96,74.67,0.009,0.0,0.001,0.0,0.0,68.337
0,0.0,0.0,100.0,0.0,0.0,0.0,8.571,-17.828,26.4,74.649,67.995,60.317,68.953,74.649,0.009,0.0,0.001,0.0,0.0,67.995
0,0.0,0.0,100.0,0.0,0.0,0.0,8.571,-17.828,26.4,74.627,67.586,60.313,68.943,74.627,0.009,0.0,0.001,0.0,0.0,67.586
0,0.0,0.0,100.0,0.0,0.0,0.0,8.571,-17.828,26.4,74.606,67.135,60.309,68.93,74.606,0.009,0.0,0.001,0.0,0.0,67.135
0,0.0,0.0,100.0,0.0,0.0,0.0,8.571,-17.828,26.4,74.585,66.78,60.305,68.912,74.585,0.009,0.0,0.001,0.0,0.0,66.78
0,0.0,0.0,100.0,0.0,0.0,0.0,8.571,-17.828,26.4,74.564,66.454,60.301,68.892,74.564,0.009,0.0,0.001,0.0,0.0,66.454
0,0.0,0.0,100.0,0.0,0.0,0.0,8.571,-17.828,26.4,74.543,66.195,60.297,68.869,74.543,0.009,0.0,0.001,0.0,0.0,66.195
0,0.0,0.0,100.0,0.0,0.0,0.0,8.571,-17.828,26.4,74.522,65.911,60.293,68.844,74.522,0.009,0.0,0.001,0.0,0.0,65.911
0,0.0,0.0,100.0,0.0,0.0,0.0,8.571,-17.828,26.4,74.501,65.669,60.289,68.817,74.501,0.009,0.0,0.001,0.0,0.0,65.669
0,0.0,0.0,100.0,0.0,0.0,0.0,8.571,-17.828,26.4,74.48,65.468,60.285,68.788,74.48,0.009,0.0,0.001,0.0,0.0,65.468
0,0.0,0.0,100.0,0.0,0.0,0.0,8.571,-17.828,26.4,74.459,65.268,60.281,68.757,74.459,0.009,0.0,0.001,0.0,0.0,65.268
0,0.0,0.0,100.0,0.0,0.0,0.0,8.571,-17.828,26.4,74.438,65.151,60.276,68.725,74.438,0.009,0.0,0.001,0.0,0.0,65.151
0,0.0,0.0,100.0,0.0,0.0,0.0,8.571,-17.828,26.4,74.417,64.993,60.272,68.692,74.417,0.009,0.0,0.001,0.0,0.0,64.993
0,0.0,0.0,100.0,0.0,0.0,0.0,8.571,-17.828,26.4,74.395,64.939,60.268,68.659,74.395,0.009,0.0,0.001,0.0,0.0,64.939
0,0.0,0.0,100.0,0.0,0.0,0.0,8.571,-17.828,26.4,74.374,64.972,60.264,68.625,74.374,0.009,0.0,0.001,0.0,0.0,64.972
0,0.0,0.0,100.0,0.0,0.0,0.0,8.571,-17.828,26.4,74.353,64.945,60.259,68.592,74.353,0.009,0.0,0.001,0.0,0.0,64.945
0,0.0,0.0,100.0,0.0,0.0,0.0,8.571,-17.828,26.4,74.331,64.938,60.255,68.559,74.331,0.009,0.0,0.001,0.0,0.0,64.938
0,0.0,0.0,100.0,0.0,0.0,0.0,8.571,-17.828,26.4,74.31,64.971,60.251,68.527,74.31,0.009,0.0,0.001,0.0,0.0,64.971
0,0.0,0.0,100.0,0.0,0.0,0.0,8.571,-17.828,26.4,74.288,65.008,60.247,68.495,74.288,0.009,0.0,0.001,0.0,0.0,65.008
0,0.0,0.0,100.0,0.0,0.0,0.0,8.571,-17.828,26.4,74.267,65.029,60.243,68.463,74.267,0.009,0.0,0.001,0.0,0.0,65.029
0,0.0,0.0,100.0,0.0,0.0,0.0,8.571,-17.828,26.4,74.245,65.015,60.239,68.432,74.245,0.009,0.0,0.001,0.0,0.0,65.015
0,0.0,0.0,100.0,0.0,0.0,0.0,8.571,-17.828,26.4,74.224,64.996,60.235,68.401,74.224,0.009,0.0,0.001,0.0,0.0,64.996
0,0.0,0.0,100.0,0.0,0.0,0.0,8.571,-17.828,26.4,74.202,64.994,60.231,68.37,74.202,0.009,0.0,0.001,0.0,0.0,64.994
0,0.0,0.0,100.0,0.0,0.0,0.0,8.571,-17.828,26.4,74.181,64.978,60.227,68.34,74.181,0.009,0.0,0.001,0.0,0.0,64.978
0,0.0,0.0,100.0,0.0,0.0,0.0,8.571,-17.828,26.4,74.159,64.977,60.223,68.309,74.159,0.009,0.0,0.001,0.0,0.0,64.977
0,0.0,0.0,100.0,0.0,0.0,0.0,8.571,-17.828,26.4,74.137,64.943,60.219,68.279,74.137,0.009,0.0,0.001,0.0,0.0,64.943
0,0.0,0.0,100.0,0.0,0.0,0.0,8.571,-17.828,26.4,74.115,64.97,60.216,68.249,74.115,0.009,0.0,0.001,0.0,0.0,64.97
0,0.0,0.0,100.0,0.0,0.0,0.0,8.571,-17.828,26.4,74.094,65.009,60.212,68.22,74.094,0.009,0.0,0.001,0.0,0.0,65.009
0,0.0,0.0,100.0,0.0,0.0,0.0,8.571,-17.828,26.4,74.072,64.996,60.208,68.191,74.072,0.009,0.0,0.001,0.0,0.0,64.996
0,0.0,0.0,100.0,0.0,0.0,0.0,8.571,-17.828,26.4,74.05,65.01,60.204,68.162,74.05,0.009,0.0,0.001,0.0,0.0,65.01
0,0.0,0.0,100.0,0.0,0.0,0.0,8.571,-17.828,26.4,74.028,65.012,60.201,68.133,74.028,0.009,0.0,0.001,0.0,0.0,65.012
0,0.0,0.0,100.0,0.0,0.0,0.0,8.571,-17.828,26.4,74.006,65.011,60.197,68.105,74.006,0.009,0.0,0.001,0.0,0.0,65.011
0,0.0,0.0,100.0,0.0,0.0,0.0,8.571,-17.828,26.4,73.984,65.045,60.193,68.077,73.984,0.009,0.0,0.001,0.0,0.0,65.045
0,0.0,0.0,100.0,0.0,0.0,0.0,8.571,-17.828,26.4,73.963,65.017,60.19,68.05,73.963,0.009,0.0,0.001,0.0,0.0,65.017
0,0.0,0.0,100.0,0.0,0.0,0.0,8.571,-17.828,26.4,73.941,65.011,60.186,68.022,73.941,0.009,0.0,0.001,0.0,0.0,65.011
0,0.0,0.0,100.0,0.0,0.0,0.0,8.571,-17.828,26.4,73.919,65.013,60.183,67.995,73.919,0.009,0.0,0.001,0.0,0.0,65.013
0,0.0,0.0,100.0,0.0,0.0,0.0,8.571,-17.828,26.4,73.897,64.995,60.179,67.968,73.897,0.009,0.0,0.001,0.0,0.0,64.995
0,0.0,0.0,100.0,0.0,0.0,0.0,8.571,-17.828,26.4,73.875,65.01,60.175,67.941,73.875,0.009,0.0,0.001,0.0,0.0,65.01
0,0.0,0.0,100.0,0.0,0.0,0.0,8.571,-17.828,26.4,73.853,65.013,60.172,67.915,73.853,0.009,0.0,0.001,0.0,0.0,65.013
0,0.0,0.0,100.0,0.0,0.0,0.0,8.571,-17.828,26.4,73.831,64.996,60.168,67.888,73.831,0.009,0.0,0.001,0.0,0.0,64.996
0,0.0,0.0,100.0,0.0,0.0,0.0,8.571,-17.828,26.4,73.809,64.994,60.165,67.862,73.809,0.009,0.0,0.001,0.0,0.0,64.994
0,0.0,0.0,100.0,0.0,0.0,0.0,8.571,-17.828,26.4,73.787,64.98,60.162,67.836,73.787,0.009,0.0,0.001,0.0,0.0,64.98
0,0.0,0.0,100.0,0.0,0.0,0.0,8.571,-17.828,26.4,73.764,64.93,60.158,67.81,73.764,0.009,0.0,0.001,0.0,0.0,64.93
0,0.0,0.0,100.0,0.0,0.0,0.0,8.571,-17.828,26.4,73.743,64.859,60.155,67.784,73.743,0.009,0.0,0.001,0.0,0.0,64.859
0,0.0,0.0,100.0,0.0,0.0,0.0,8.571,-17.828,26.4,73.72,64.801,60.151,67.758,73.72,0.009,0.0,0.001,0.0,0.0,64.801
0,0.0,0.0,100.0,0.0,0.0,0.0,8.571,-17.828,26.4,73.698,64.781,60.148,67.731,73.698,0.009,0.0,0.001,0.0,0.0,64.781
0,0.0,0.0,100.0,0.0,0.0,0.0,8.571,-17.828,26.4,73.676,64.714,60.144,67.704,73.676,0.009,0.0,0.001,0.0,0.0,64.714
0,0.0,0.0,100.0,0.0,0.0,0.0,8.571,-17.828,26.4,73.654,64.705,60.141,67.677,73.654,0.009,0.0,0.001,0.0,0.0,64.705
0,0.0,0.0,100.0,0.0,0.0,0.0,8.571,-17.828,26.4,73.632,64.707,60.137,67.65,73.632,0.009,0.0,0.001,0.0,0.0,64.707
0,0.0,0.0,100.0,0.0,0.0,0.0,8.571,-17.828,26.4,73.61,64.691,60.134,67.623,73.61,0.009,0.0,0.001,0.0,0.0,64.691
0,0.0,0.0,100.0,0.0,0.0,0.0,8.571,-17.828,26.4,73.587,64.67,60.131,67.597,73.587,0.009,0.0,0.001,0.0,0.0,64.67
0,0.0,0.0,100.0,0.0,0.0,0.0,8.571,-17.828,26.4,73.565,64.703,60.127,67.57,73.565,0.009,0.0,0.001,0.0,0.0,64.703
0,0.0,0.0,100.0,0.0,0.0,0.0,8.571,-17.828,26.4,73.543,64.677,60.124,67.544,73.543,0.009,0.0,0.001,0.0,0.0,64.677
0,0.0,0.0,100.0,0.0,0.0,0.0,8.571,-17.828,26.4,73.521,64.622,60.121,67.518,73.521,0.009,0.0,0.001,0.0,0.0,64.622
0,0.0,0.0,100.0,0.0,0.0,0.0,8.571,-17.828,26.4,73.498,64.584,60.117,67.492,73.498,0.009,0.0,0.001,0.0,0.0,64.584
0,0.0,0.0,100.0,0.0,0.0,0.0,8.571,-17.828,26.4,73.476,64.549,60.114,67.466,73.476,0.009,0.0,0.001,0.0,0.0,64.549
0,0.0,0.0,100.0,0.0,0.0,0.0,8.571,-17.828,26.4,73.454,64.496,60.111,67.439,73.454,0.009,0.0,0.001,0.0,0.0,64.496
0,0.0,0.0,100.0,0.0,0.0,0.0,8.571,-17.828,26.4,73.432,64.46,60.108,67.412,73.432,0.009,0.0,0.001,0.0,0.0,64.46
0,0.0,0.0,100.0,0.0,0.0,0.0,8.571,-17.828,26.4,73.409,64.382,60.104,67.386,73.409,0.009,0.0,0.001,0.0,0.0,64.382
0,0.0,0.0,100.0,0.0,0.0,0.0,8.571,-17.828,26.4,73.387,64.141,60.101,67.358,73.387,0.009,0.0,0.001,0.0,0.0,64.141
0,0.0,0.0,100.0,0.0,0.0,0.0,8.571,-17.828,26.4,73.365,64.044,60.097,67.328,73.365,0.009,0.0,0.001,0.0,0.0,64.044
0,0.0,0.0,100.0,0.0,0.0,0.0,8.571,-17.828,26.4,73.342,64.008,60.094,67.299,73.342,0.009,0.0,0.001,0.0,0.0,64.008
0,0.0,0.0,100.0,0.0,0.0,0.0,8.571,-17.828,26.4,73.32,63.957,60.091,67.269,73.32,0.009,0.0,0.001,0.0,0.0,63.957
0,0.0,0.0,100.0,0.0,0.0,0.0,8.571,-17.828,26.4,73.297,63.903,60.087,67.239,73.297,0.009,0.0,0.001,0.0,0.0,63.903
0,0.0,0.0,100.0,0.0,0.0,0.0,8.571,-17.828,26.4,73.275,63.83,60.084,67.208,73.275,0.009,0.0,0.001,0.0,0.0,63.83
0,0.0,0.0,100.0,0.0,0.0,0.0,8.571,-17.828,26.4,73.252,63.856,60.081,67.178,73.252,0.009,0.0,0.001,0.0,0.0,63.856
0,0.0,0.0,100.0,0.0,0.0,0.0,8.571,-17.828,26.4,73.23,63.828,60.077,67.148,73.23,0.009,0.0,0.001,0.0,0.0,63.828
0,0.0,0.0,100.0,0.0,0.0,0.0,8.571,-17.828,26.4,73.207,63.853,60.074,67.118,73.207,0.009,0.0,0.001,0.0,0.0,63.853
0,0.0,0.0,100.0,0.0,0.0,0.0,8.571,-17.828,26.4,73.185,63.908,60.071,67.088,73.185,0.009,0.0,0.001,0.0,0.0,63.908
0,0.0,0.0,100.0,0.0,0.0,0.0,8.571,-17.828,26.4,73.162,63.932,60.068,67.06,73.162,0.009,0.0,0.001,0.0,0.0,63.932
0,0.0,0.0,100.0,0.0,0.0,0.0,8.571,-17.828,26.4,73.14,63.921,60.064,67.032,73.14,0.009,0.0,0.001,0.0,0.0,63.921
0,0.0,0.0,100.0,0.0,0.0,0.0,8.571,-17.828,26.4,73.117,63.786,60.061,67.003,73.117,0.009,0.0,0.001,0.0,0.0,63.786
0,0.0,0.0,100.0,0.0,0.0,0.0,8.571,-17.828,26.4,73.094,63.769,60.058,66.974,73.094,0.009,0.0,0.001,0.0,0.0,63.769
0,0.0,0.0,100.0,0.0,0.0,0.0,8.571,-17.828,26.4,73.072,63.727,60.055,66.945,73.072,0.009,0.0,0.001,0.0,0.0,63.727
0,0.0,0.0,100.0,0.0,0.0,0.0,8.571,-17.828,26.4,73.049,63.588,60.051,66.916,73.049,0.009,0.0,0.001,0.0,0.0,63.588
0,0.0,0.0,100.0,0.0,0.0,0.0,8.571,-17.828,26.4,73.026,63.541,60.048,66.885,73.026,0.009,0.0,0.001,0.0,0.0,63.541
0,0.0,0.0,100.0,0.0,0.0,0.0,8.571,-17.828,26.4,73.003,63.443,60.045,66.855,73.003,0.009,0.0,0.001,0.0,0.0,63.443
0,0.0,0.0,100.0,0.0,0.0,0.0,8.571,-17.828,26.4,72.98,63.334,60.042,66.824,72.98,0.009,0.0,0.001,0.0,0.0,63.334
0,0.0,0.0,100.0,0.0,0.0,0.0,8.571,-17.828,26.4,72.958,63.208,60.038,66.792,72.958,0.009,0.0,0.001,0.0,0.0,63.208
0,0.0,0.0,100.0,0.0,0.0,0.0,8.571,-17.828,26.4,72.935,63.129,60.035,66.759,72.935,0.009,0.0,0.001,0.0,0.0,63.129
0,0.0,0.0,100.0,0.0,0.0,0.0,8.571,-17.828,26.4,72.912,63.074,60.032,66.726,72.912,0.009,0.0,0.001,0.0,0.0,63.074
0,0.0,0.0,100.0,0.0,0.0,0.0,8.571,-17.828,26.4,72.889,63.019,60.028,66.693,72.889,0.009,0.0,0.001,0.0,0.0,63.019
0,0.0,0.0,100.0,0.0,0.0,0.0,8.571,-17.828,26.4,72.866,63.012,60.025,66.66,72.866,0.009,0.0,0.001,0.0,0.0,63.012
0,0.0,0.0,100.0,0.0,0.0,0.0,8.571,-17.828,26.4,72.843,63.041,60.022,66.627,72.843,0.009,0.0,0.001,0.0,0.0,63.041
0,0.0,0.0,100.0,0.0,0.0,0.0,8.571,-17.828,26.4,72.82,63.176,60.019,66.595,72.82,0.009,0.0,0.001,0.0,0.0,63.176
0,0.0,0.0,100.0,0.0,0.0,0.0,8.571,-17.828,26.4,72.797,63.263,60.015,66.564,72.797,0.009,0.0,0.001,0.0,0.0,63.263
0,0.0,0.0,100.0,0.0,0.0,0.0,8.571,-17.828,26.4,72.774,63.224,60.012,66.535,72.774,0.009,0.0,0.001,0.0,0.0,63.224
0,0.0,0.0,100.0,0.0,0.0,0.0,8.571,-17.828,26.4,72.751,63.086,60.009,66.504,72.751,0.009,0.0,0.001,0.0,0.0,63.086
0,0.0,0.0,100.0,0.0,0.0,0.0,8.571,-17.828,26.4,72.728,62.986,60.006,66.473,72.728,0.009,0.0,0.001,0.0,0.0,62.986
0,0.0,0.0,100.0,0.0,0.0,0.0,8.571,-17.828,26.4,72.704,62.945,60.003,66.441,72.704,0.009,0.0,0.001,0.0,0.0,62.945
0,0.0,0.0,100.0,0.0,0.0,0.0,8.571,-17.828,26.4,72.681,62.927,60.0,66.41,72.681,0.009,0.0,0.001,0.0,0.0,62.927
0,0.0,0.0,100.0,0.0,0.0,0.0,8.571,-17.828,26.4,72.658,62.875,59.996,66.378,72.658,0.009,0.0,0.001,0.0,0.0,62.875
0,0.0,0.0,100.0,0.0,0.0,0.0,8.571,-17.828,26.4,72.635,62.885,59.993,66.347,72.635,0.009,0.0,0.001,0.0,0.0,62.885
0,0.0,0.0,100.0,0.0,0.0,0.0,8.571,-17.828,26.4,72.611,62.89,59.99,66.315,72.611,0.009,0.0,0.001,0.0,0.0,62.89
0,0.0,0.0,100.0,0.0,0.0,0.0,8.571,-17.828,26.4,72.588,62.841,59.987,66.284,72.588,0.009,0.0,0.001,0.0,0.0,62.841
0,0.0,0.0,100.0,0.0,0.0,0.0,8.571,-17.828,26.4,72.565,62.819,59.984,66.253,72.565,0.009,0.0,0.001,0.0,0.0,62.819
0,0.0,0.0,100.0,0.0,0.0,0.0,8.571,-17.828,26.4,72.541,62.767,59.98,66.222,72.541,0.009,0.0,0.001,0.0,0.0,62.767
0,0.0,0.0,100.0,0.0,0.0,0.0,8.571,-17.828,26.4,72.518,62.782,59.977,66.191,72.518,0.009,0.0,0.001,0.0,0.0,62.782
0,0.0,0.0,100.0,0.0,0.0,0.0,8.571,-17.828,26.4,72.494,62.651,59.974,66.16,72.494,0.009,0.0,0.001,0.0,0.0,62.651
0,0.0,0.0,100.0,0.0,0.0,0.0,8.571,-17.828,26.4,72.471,62.668,59.971,66.128,72.471,0.009,0.0,0.001,0.0,0.0,62.668
0,0.0,0.0,100.0,0.0,0.0,0.0,8.571,-17.828,26.4,72.447,62.61,59.968,66.097,72.447,0.009,0.0,0.001,0.0,0.0,62.61
0,0.0,0.0,100.0,0.0,0.0,0.0,8.571,-17.828,26.4,72.424,62.567,59.965,66.065,72.424,0.009,0.0,0.001,0.0,0.0,62.567
0,0.0,0.0,100.0,0.0,0.0,0.0,8.571,-17.828,26.4,72.4,62.565,59.962,66.034,72.4,0.009,0.0,0.001,0.0,0.0,62.565
0,0.0,0.0,100.0,0.0,0.0,0.0,8.571,-17.828,26.4,72.377,62.533,59.959,66.002,72.377,0.009,0.0,0.001,0.0,0.0,62.533
0,0.0,0.0,100.0,0.0,0.0,0.0,8.571,-17.828,26.4,72.353,62.496,59.956,65.971,72.353,0.009,0.0,0.001,0.0,0.0,62.496
0,0.0,0.0,100.0,0.0,0.0,0.0,8.571,-17.828,26.4,72.33,62.459,59.952,65.939,72.33,0.009,0.0,0.001,0.0,0.0,62.459
0,0.0,0.0,100.0,0.0,0.0,0.0,8.571,-17.828,26.4,72.306,62.474,59.949,65.908,72.306,0.009,0.0,0.001,0.0,0.0,62.474
0,0.0,0.0,100.0,0.0,0.0,0.0,8.571,-17.828,26.4,72.282,62.392,59.946,65.877,72.282,0.009,0.0,0.001,0.0,0.0,62.392
0,0.0,0.0,100.0,0.0,0.0,0.0,8.571,-17.828,26.4,72.258,62.43,59.943,65.845,72.258,0.009,0.0,0.001,0.0,0.0,62.43
0,0.0,0.0,100.0,0.0,0.0,0.0,8.571,-17.828,26.4,72.234,62.439,59.94,65.814,72.234,0.009,0.0,0.001,0.0,0.0,62.439
0,0.0,0.0,100.0,0.0,0.0,0.0,8.571,-17.828,26.4,72.211,62.438,59.937,65.784,72.211,0.009,0.0,0.001,0.0,0.0,62.438
0,0.0,0.0,100.0,0.0,0.0,0.0,8.571,-17.828,26.4,72.187,62.439,59.934,65.754,72.187,0.009,0.0,0.001,0.0,0.0,62.439
0,0.0,0.0,100.0,0.0,0.0,0.0,8.571,-17.828,26.4,72.163,62.422,59.931,65.724,72.163,0.009,0.0,0.001,0.0,0.0,62.422
0,0.0,0.0,100.0,0.0,0.0,0.0,8.571,-17.828,26.4,72.139,62.42,59.928,65.694,72.139,0.009,0.0,0.001,0.0,0.0,62.42
0,0.0,0.0,100.0,0.0,0.0,0.0,8.571,-17.828,26.4,72.116,62.42,59.925,65.665,72.116,0.009,0.0,0.001,0.0,0.0,62.42
0,0.0,0.0,100.0,0.0,0.0,0.0,8.571,-17.828,26.4,72.092,62.42,59.922,65.635,72.092,0.009,0.0,0.001,0.0,0.0,62.42
0,0.0,0.0,100.0,0.0,0.0,0.0,8.571,-17.828,26.4,72.068,62.419,59.919,65.606,72.068,0.009,0.0,0.001,0.0,0.0,62.419
0,0.0,0.0,100.0,0.0,0.0,0.0,8.571,-17.828,26.4,72.044,62.435,59.916,65.577,72.044,0.009,0.0,0.001,0.0,0.0,62.435
0,0.0,0.0,100.0,0.0,0.0,0.0,8.571,-17.828,26.4,72.02,62.47,59.913,65.549,72.02,0.009,0.0,0.001,0.0,0.0,62.47
0,0.0,0.0,100.0,0.0,0.0,0.0,8.571,-17.828,26.4,71.996,62.474,59.91,65.521,71.996,0.009,0.0,0.001,0.0,0.0,62.474
0,0.0,0.0,100.0,0.0,0.0,0.0,8.571,-17.828,26.4,71.972,62.491,59.907,65.494,71.972,0.009,0.0,0.001,0.0,0.0,62.491
0,0.0,0.0,100.0,0.0,0.0,0.0,8.571,-17.828,26.4,71.948,62.477,59.904,65.467,71.948,0.009,0.0,0.001,0.0,0.0,62.477
0,0.0,0.0,100.0,0.0,0.0,0.0,8.571,-17.828,26.4,71.924,62.458,59.902,65.44,71.924,0.009,0.0,0.001,0.0,0.0,62.458
0,0.0,0.0,100.0,0.0,0.0,0.0,8.571,-17.828,26.4,71.9,62.456,59.899,65.413,71.9,0.009,0.0,0.001,0.0,0.0,62.456
0,0.0,0.0,100.0,0.0,0.0,0.0,8.571,-17.828,26.4,71.876,62.455,59.896,65.386,71.876,0.009,0.0,0.001,0.0,0.0,62.455
0,0.0,0.0,100.0,0.0,0.0,0.0,8.571,-17.828,26.4,71.852,62.49,59.893,65.36,71.852,0.009,0.0,0.001,0.0,0.0,62.49
0,0.0,0.0,100.0,0.0,0.0,0.0,8.571,-17.828,26.4,71.828,62.444,59.89,65.334,71.828,0.009,0.0,0.001,0.0,0.0,62.444
0,0.0,0.0,100.0,0.0,0.0,0.0,8.571,-17.828,26.4,71.804,62.469,59.887,65.308,71.804,0.009,0.0,0.001,0.0,0.0,62.469
0,0.0,0.0,100.0,0.0,0.0,0.0,8.571,-17.828,26.4,71.779,62.458,59.885,65.282,71.779,0.009,0.0,0.001,0.0,0.0,62.458
0,0.0,0.0,100.0,0.0,0.0,0.0,8.571,-17.828,26.4,71.756,62.471,59.882,65.257,71.756,0.009,0.0,0.001,0.0,0.0,62.471
0,0.0,0.0,100.0,0.0,0.0,0.0,8.571,-17.828,26.4,71.731,62.491,59.879,65.232,71.731,0.009,0.0,0.001,0.0,0.0,62.491
0,0.0,0.0,100.0,0.0,0.0,0.0,8.571,-17.828,26.4,71.707,62.476,59.876,65.207,71.707,0.009,0.0,0.001,0.0,0.0,62.476
0,0.0,0.0,100.0,0.0,0.0,0.0,8.571,-17.828,26.4,71.683,62.474,59.873,65.182,71.683,0.009,0.0,0.001,0.0,0.0,62.474
0,0.0,0.0,100.0,0.0,0.0,0.0,8.571,-17.828,26.4,71.659,62.474,59.871,65.158,71.659,0.009,0.0,0.001,0.0,0.0,62.474
0,0.0,0.0,100.0,0.0,0.0,0.0,8.571,-17.828,26.4,71.635,62.473,59.868,65.133,71.635,0.009,0.0,0.001,0.0,0.0,62.473
0,0.0,0.0,100.0,0.0,0.0,0.0,8.571,-17.828,26.4,71.611,62.49,59.865,65.11,71.611,0.009,0.0,0.001,0.0,0.0,62.49
0,0.0,0.0,100.0,0.0,0.0,0.0,8.571,-17.828,26.4,71.587,62.492,59.863,65.086,71.587,0.009,0.0,0.001,0.0,0.0,62.492
0,0.0,0.0,100.0,0.0,0.0,0.0,8.571,-17.828,26.4,71.563,62.492,59.86,65.062,71.563,0.009,0.0,0.001,0.0,0.0,62.492
0,0.0,0.0,100.0,0.0,0.0,0.0,8.571,-17.828,26.4,71.539,62.492,59.857,65.039,71.539,0.009,0.0,0.001,0.0,0.0,62.492
0,0.0,0.0,100.0,0.0,0.0,0.0,8.571,-17.828,26.4,71.515,62.493,59.854,65.016,71.515,0.009,0.0,0.001,0.0,0.0,62.493
0,0.0,0.0,100.0,0.0,0.0,0.0,8.571,-17.828,26.4,71.491,62.476,59.852,64.993,71.491,0.009,0.0,0.001,0.0,0.0,62.476
0,0.0,0.0,100.0,0.0,0.0,0.0,8.571,-17.828,26.4,71.467,62.475,59.849,64.971,71.467,0.009,0.0,0.001,0.0,0.0,62.475
0,0.0,0.0,100.0,0.0,0.0,0.0,8.571,-17.828,26.4,71.442,62.442,59.846,64.948,71.442,0.009,0.0,0.001,0.0,0.0,62.442
0,0.0,0.0,100.0,0.0,0.0,0.0,8.571,-17.828,26.4,71.418,62.439,59.844,64.925,71.418,0.009,0.0,0.001,0.0,0.0,62.439
0,0.0,0.0,100.0,0.0,0.0,0.0,8.571,-17.828,26.4,71.394,62.389,59.841,64.903,71.394,0.009,0.0,0.001,0.0,0.0,62.389
0,0.0,0.0,100.0,0.0,0.0,0.0,8.571,-17.828,26.4,71.37,62.399,59.838,64.88,71.37,0.009,0.0,0.001,0.0,0.0,62.399
0,0.0,0.0,100.0,0.0,0.0,0.0,8.571,-17.828,26.4,71.346,62.387,59.836,64.858,71.346,0.009,0.0,0.001,0.0,0.0,62.387
0,0.0,0.0,100.0,0.0,0.0,0.0,8.571,-17.828,26.4,71.322,62.367,59.833,64.835,71.322,0.009,0.0,0.001,0.0,0.0,62.367
0,0.0,40.0,60.0,40.0,20.995,11.743,363.894,379.991,26.4,77.083,72.873,73.644,65.4,76.98,0.075,0.188,0.067,83.062,66.45,62.382
0,0.0,40.0,60.0,40.0,205.572,89.985,1064.209,1050.949,204.528,72.786,71.65,73.658,68.812,72.353,0.235,0.796,0.187,100.0,80.0,62.368
0,0.0,40.0,60.0,40.0,805.023,249.188,1916.464,1749.623,493.789,70.798,71.04,73.68,70.569,69.772,0.528,1.746,0.311,100.0,80.0,62.382
0,0.0,40.0,60.0,40.0,1944.13,574.853,2610.379,2355.126,676.836,72.786,71.197,73.658,71.049,70.86,0.979,3.082,0.533,100.0,80.0,62.368
0,0.0,40.0,60.0,40.0,3589.99,382.919,3165.747,2477.605,859.72,74.172,70.976,73.611,71.033,71.068,1.687,4.708,0.355,98.615,78.892,62.382
0,0.0,40.0,60.0,40.0,3382.61,360.298,3100.064,2430.578,841.646,74.387,70.916,73.618,70.941,70.967,1.616,4.532,0.341,96.723,77.378,62.37
0,0.0,40.0,60.0,40.0,3367.65,358.568,3095.33,2427.11,840.345,74.361,70.898,73.628,70.907,70.917,1.61,4.519,0.34,96.582,77.266,62.318
0,0.0,40.0,60.0,40.0,3366.05,358.383,3094.837,2426.741,840.206,74.347,70.901,73.638,70.901,70.901,1.61,4.517,0.34,96.567,77.254,62.308
0,0.0,40.0,60.0,40.0,3365.88,358.363,3094.766,2426.706,840.191,74.356,70.926,73.646,70.917,70.91,1.61,4.517,0.34,96.566,77.252,62.378
0,0.0,41.829,58.171,41.829,3357.11,380.16,3085.579,2415.758,923.065,74.292,70.607,73.654,70.745,70.846,1.6,4.521,0.356,96.566,77.252,62.339
0,0.0,44.556,55.444,44.556,3343.95,417.801,3071.781,2394.498,1059.057,73.905,70.088,73.658,70.289,70.457,1.588,4.527,0.385,96.566,77.252,62.299
0,0.0,47.061,52.939,47.061,3332.16,448.139,3059.408,2369.224,1196.761,73.401,69.542,73.653,69.763,69.951,1.578,4.533,0.413,96.566,77.252,62.244
0,0.0,49.423,50.577,49.423,3322.45,468.987,3049.235,2342.261,1336.613,72.864,69.002,73.637,69.223,69.413,1.571,4.537,0.437,96.566,77.252,62.271
0,0.0,51.688,48.312,51.688,3315.75,487.525,3042.213,2317.251,1477.654,72.322,68.443,73.612,68.672,68.869,1.568,4.54,0.459,96.566,77.252,62.279
0,0.0,53.861,46.139,53.861,3312.44,503.044,3038.728,2295.48,1617.067,71.756,67.858,73.578,68.097,68.303,1.569,4.541,0.478,96.566,77.252,62.229
0,0.0,55.935,44.065,55.935,3312.49,515.195,3038.781,2277.845,1751.446,71.18,67.295,73.533,67.526,67.727,1.574,4.541,0.494,96.566,77.252,62.19
0,0.0,57.926,42.074,57.926,3315.49,524.108,3041.931,2264.557,1879.346,70.627,66.77,73.48,66.986,67.174,1.581,4.54,0.505,96.566,77.252,62.169
0,0.0,59.854,40.146,59.854,3320.93,530.079,3047.634,2255.475,2000.258,70.117,66.3,73.417,66.494,66.665,1.591,4.538,0.513,96.566,77.252,62.185
0,0.0,61.737,38.263,61.737,3328.12,533.487,3055.166,2250.213,2114.024,69.638,65.822,73.347,66.017,66.186,1.602,4.534,0.517,96.566,77.252,62.138
0,0.0,63.563,36.437,63.563,3330.17,534.528,3060.851,2246.358,2220.205,69.173,65.397,73.27,65.571,65.724,1.61,4.527,0.519,96.52,77.216,62.13
0,0.0,65.339,34.661,65.339,3314.34,531.432,3060.341,2240.885,2315.755,68.75,65.019,73.187,65.176,65.312,1.611,4.505,0.518,96.31,77.048,62.151
0,0.0,67.078,32.922,67.078,3298.2,527.089,3059.39,2237.435,2404.283,68.338,64.605,73.099,64.772,64.916,1.611,4.483,0.514,96.101,76.881,62.086
0,0.0,68.756,31.244,68.756,3284.36,522.057,3058.845,2236.344,2484.856,67.936,64.267,73.005,64.406,64.529,1.61,4.464,0.509,95.918,76.735,62.077
0,0.0,70.401,29.599,70.401,3272.75,516.431,3058.792,2237.382,2558.512,67.595,63.969,72.907,64.093,64.2,1.61,4.447,0.504,95.759,76.607,62.078
0,0.0,72.03,27.97,72.03,3262.92,510.221,3059.144,2240.234,2625.902,67.292,63.701,72.806,63.812,63.909,1.61,4.431,0.497,95.619,76.495,62.079
0,0.0,73.639,26.361,73.639,3254.59,503.535,3059.83,2244.581,2686.728,67.01,63.433,72.702,63.542,63.637,1.61,4.418,0.49,95.495,76.396,62.046
0,0.0,75.219,24.782,75.219,3244.92,496.421,3059.109,2249.491,2739.352,66.75,63.219,72.596,63.307,63.386,1.611,4.405,0.482,95.371,76.297,62.042
0,0.0,76.782,23.218,76.782,3182.32,484.42,3031.283,2243.472,2760.894,66.517,63.022,72.49,63.104,63.175,1.622,4.363,0.471,94.857,75.885,62.027
0,0.0,78.312,21.688,78.312,2992.6,459.013,2942.984,2208.818,2719.376,66.247,62.834,72.389,62.913,62.982,1.634,4.235,0.454,93.281,74.625,61.993
0,0.0,79.774,20.226,79.774,2693.06,422.451,2793.419,2146.285,2612.122,65.925,62.653,72.292,62.732,62.8,1.646,4.027,0.43,90.688,72.55,61.94
0,0.0,81.152,18.848,81.152,2293.39,374.782,2575.813,2051.315,2432.126,65.56,62.524,72.202,62.586,62.641,1.654,3.726,0.399,86.905,69.524,61.917
0,0.0,82.455,17.545,82.455,1885.07,324.706,2330.574,1937.408,2218.234,65.194,62.435,72.119,62.483,62.527,1.639,3.374,0.366,82.465,65.972,61.917
0,0.0,83.716,16.284,83.716,1564.99,286.517,2104.555,1832.23,2016.802,64.879,62.33,72.044,62.388,62.436,1.625,3.069,0.341,78.557,62.846,61.885
0,0.0,84.962,15.038,84.962,1299.54,258.061,1876.318,1726.101,1808.629,64.605,62.232,71.981,62.291,62.344,1.609,2.79,0.326,74.996,59.997,61.849
0,0.0,86.202,13.798,86.202,1084.29,240.136,1638.261,1616.254,1587.085,64.396,62.145,71.932,62.206,62.258,1.592,2.538,0.324,71.914,57.532,61.814
0,0.0,87.461,12.539,87.461,930.739,230.447,1412.205,1521.256,1374.065,64.268,62.013,71.894,62.105,62.177,1.571,2.332,0.331,69.674,55.74,61.725
0,0.0,88.759,11.241,88.759,822.774,227.389,1200.211,1443.2,1172.236,64.228,62.013,71.862,62.038,62.091,1.556,2.17,0.344,68.27,54.616,61.766
0,0.0,90.121,9.879,90.121,742.381,226.842,1028.078,1384.099,1007.581,64.286,61.937,71.831,62.0,62.041,1.544,2.052,0.358,67.436,53.948,61.725
0,0.0,91.526,8.474,91.526,723.62,225.132,996.677,1373.618,980.25,64.292,61.893,71.785,61.945,61.998,1.535,2.025,0.358,67.179,53.743,61.718
0,0.0,92.891,7.109,92.891,723.22,224.589,996.883,1375.426,983.367,64.246,61.829,71.736,61.893,61.948,1.534,2.024,0.356,67.161,53.729,61.686
0,0.0,94.23,5.77,94.23,718.626,224.41,986.88,1374.407,975.848,64.199,61.798,71.686,61.842,61.896,1.535,2.018,0.356,67.135,53.708,61.681
0,0.0,95.561,4.439,95.561,711.66,224.261,972.782,1371.223,963.836,64.162,61.794,71.636,61.814,61.849,1.535,2.01,0.357,67.085,53.668,61.698
0,0.0,96.896,3.104,96.896,704.056,224.255,957.827,1366.79,950.611,64.142,61.781,71.587,61.799,61.818,1.535,2.001,0.358,67.03,53.624,61.702
0,0.0,98.236,1.764,98.236,689.252,224.283,942.137,1361.812,936.348,64.12,61.715,71.541,61.769,61.799,1.534,1.991,0.359,66.972,53.578,61.651
0,0.0,99.568,0.432,99.568,674.01,224.33,925.844,1356.33,921.217,64.082,61.714,71.496,61.734,61.771,1.534,1.982,0.361,66.911,53.529,61.662
0,0.865,100.0,0.0,100.0,658.451,224.46,909.059,1349.96,904.804,64.09,61.68,71.454,61.713,61.791,1.534,1.972,0.363,66.846,53.477,61.631
0,2.471,100.0,0.0,100.0,642.724,224.598,891.936,1343.165,887.744,64.936,61.709,71.415,61.7,62.648,1.534,1.961,0.365,66.779,53.424,61.66
0,4.361,100.0,0.0,100.0,627.062,224.693,874.746,1336.273,870.617,65.021,61.681,71.381,61.7,62.745,1.533,1.951,0.367,66.71,53.368,61.633
0,5.68,100.0,0.0,100.0,611.632,224.744,857.669,1329.361,853.604,64.198,61.678,71.349,61.687,61.934,1.533,1.941,0.369,66.638,53.311,61.629
0,6.402,100.0,0.0,100.0,596.337,224.754,840.594,1322.388,836.59,63.071,61.627,71.314,61.669,60.818,1.533,1.931,0.371,66.565,53.252,61.578
0,6.831,100.0,0.0,100.0,580.964,224.723,823.279,1315.257,819.34,62.28,61.672,71.276,61.655,60.04,1.533,1.921,0.373,66.488,53.19,61.623
0,7.455,100.0,0.0,100.0,565.378,224.647,805.57,1307.895,801.694,61.775,61.629,71.236,61.656,59.546,1.533,1.91,0.375,66.407,53.126,61.58
0,8.101,100.0,0.0,100.0,557.917,224.386,797.416,1304.024,793.57,61.378,61.656,71.196,61.646,59.159,1.531,1.904,0.376,66.348,53.078,61.607
0,8.783,100.0,0.0,100.0,557.915,224.346,797.488,1303.963,793.644,61.047,61.595,71.155,61.639,58.83,1.531,1.904,0.375,66.344,53.075,61.546
0,9.439,100.0,0.0,100.0,557.916,224.344,797.491,1303.959,793.647,60.77,61.599,71.113,61.612,58.553,1.531,1.904,0.375,66.344,53.075,61.551
0,10.125,100.0,0.0,100.0,557.916,224.344,797.491,1303.959,793.647,60.575,61.649,71.071,61.616,58.359,1.531,1.904,0.375,66.344,53.075,61.601
0,10.82,100.0,0.0,100.0,557.916,224.344,797.491,1303.959,793.647,60.452,61.758,71.028,61.663,58.236,1.531,1.904,0.375,66.344,53.075,61.71
0,11.542,100.0,0.0,100.0,557.916,224.344,797.491,1303.959,793.647,60.315,61.688,70.985,61.703,58.099,1.531,1.904,0.375,66.344,53.075,61.64
0,12.219,100.0,0.0,100.0,557.916,224.344,797.491,1303.959,793.647,60.163,61.672,70.942,61.687,57.947,1.531,1.904,0.375,66.344,53.075,61.625
0,12.893,100.0,0.0,100.0,557.916,224.344,797.491,1303.959,793.647,60.057,61.71,70.899,61.689,57.841,1.531,1.904,0.375,66.344,53.075,61.662
0,13.559,100.0,0.0,100.0,557.916,224.344,797.491,1303.959,793.647,59.921,61.645,70.856,61.686,57.704,1.531,1.904,0.375,66.344,53.075,61.598
0,14.188,100.0,0.0,100.0,557.916,224.344,797.491,1303.959,793.647,59.814,61.699,70.812,61.673,57.597,1.531,1.904,0.375,66.344,53.075,61.653
0,14.844,100.0,0.0,100.0,557.916,224.344,797.491,1303.959,793.647,59.75,61.761,70.769,61.705,57.534,1.531,1.904,0.375,66.344,53.075,61.715
0,15.49,100.0,0.0,100.0,557.916,224.344,797.491,1303.959,793.647,59.65,61.732,70.726,61.731,57.433,1.531,1.904,0.375,66.344,53.075,61.686
0,16.104,100.0,0.0,100.0,557.916,224.344,797.491,1303.959,793.647,59.553,61.759,70.684,61.736,57.336,1.531,1.904,0.375,66.344,53.075,61.713
0,16.714,100.0,0.0,100.0,557.916,224.344,797.491,1303.959,793.647,59.463,61.764,70.641,61.752,57.246,1.531,1.904,0.375,66.344,53.075,61.719
0,17.31,100.0,0.0,100.0,557.916,224.344,797.491,1303.959,793.647,59.37,61.764,70.598,61.759,57.154,1.531,1.904,0.375,66.344,53.075,61.719
0,17.892,100.0,0.0,100.0,557.916,224.344,797.491,1303.959,793.647,59.277,61.747,70.556,61.757,57.061,1.531,1.904,0.375,66.344,53.075,61.701
0,18.459,100.0,0.0,100.0,557.916,224.344,797.491,1303.959,793.647,59.197,61.761,70.514,61.754,56.981,1.531,1.904,0.375,66.344,53.075,61.716
0,19.029,100.0,0.0,100.0,557.916,224.344,797.491,1303.959,793.647,59.132,61.765,70.472,61.76,56.916,1.531,1.904,0.375,66.344,53.075,61.72
0,19.591,100.0,0.0,100.0,557.916,224.344,797.491,1303.959,793.647,59.05,61.715,70.43,61.751,56.834,1.531,1.904,0.375,66.344,53.075,61.671
0,20.129,100.0,0.0,100.0,557.916,224.344,797.491,1303.959,793.647,58.963,61.691,70.389,61.723,56.746,1.531,1.904,0.375,66.344,53.075,61.646
0,20.659,100.0,0.0,100.0,557.916,224.344,797.491,1303.959,793.647,58.882,61.706,70.347,61.709,56.665,1.531,1.904,0.375,66.344,53.075,61.662
0,21.175,100.0,0.0,100.0,557.916,224.344,797.491,1303.959,793.647,58.794,61.707,70.306,61.708,56.578,1.531,1.904,0.375,66.344,53.075,61.663
0,21.673,100.0,0.0,100.0,557.916,224.344,797.491,1303.959,793.647,58.729,61.756,70.265,61.719,56.512,1.531,1.904,0.375,66.344,53.075,61.713
0,22.195,100.0,0.0,100.0,557.916,224.344,797.491,1303.959,793.647,58.71,61.749,70.224,61.741,56.494,1.531,1.904,0.375,66.344,53.075,61.706
0,22.723,100.0,0.0,100.0,557.916,224.344,797.491,1303.959,793.647,58.658,61.679,70.184,61.728,56.442,1.531,1.904,0.375,66.344,53.075,61.636
0,23.223,100.0,0.0,100.0,557.916,224.344,797.491,1303.959,793.647,58.599,61.673,70.143,61.698,56.383,1.531,1.904,0.375,66.344,53.075,61.63
0,23.714,100.0,0.0,100.0,557.916,224.344,797.491,1303.959,793.647,58.524,61.593,70.103,61.666,56.308,1.531,1.904,0.375,66.344,53.075,61.549
0,24.178,100.0,0.0,100.0,557.916,224.344,797.491,1303.959,793.647,58.448,61.566,70.064,61.617,56.232,1.531,1.904,0.375,66.344,53.075,61.523
0,24.64,100.0,0.0,100.0,557.916,224.344,797.491,1303.959,793.647,58.384,61.501,70.024,61.574,56.168,1.531,1.904,0.375,66.344,53.075,61.457
0,25.093,100.0,0.0,100.0,557.916,224.344,797.491,1303.959,793.647,58.326,61.459,69.986,61.521,56.11,1.531,1.904,0.375,66.344,53.075,61.415
0,25.545,100.0,0.0,100.0,557.916,224.344,797.491,1303.959,793.647,58.268,61.44,69.949,61.481,56.052,1.531,1.904,0.375,66.344,53.075,61.396
0,25.994,100.0,0.0,100.0,557.916,224.344,797.491,1303.959,793.647,58.229,61.423,69.914,61.454,56.013,1.531,1.904,0.375,66.344,53.075,61.379
0,26.445,100.0,0.0,100.0,557.916,224.344,797.491,1303.959,793.647,58.193,61.389,69.881,61.429,55.977,1.531,1.904,0.375,66.344,53.075,61.345
0,26.89,100.0,0.0,100.0,557.916,224.344,797.491,1303.959,793.647,58.14,61.336,69.85,61.393,55.924,1.531,1.904,0.375,66.344,53.075,61.292
0,27.312,100.0,0.0,100.0,557.916,224.344,797.491,1303.959,793.647,58.082,61.312,69.821,61.354,55.866,1.531,1.904,0.375,66.344,53.075,61.268
0,27.736,100.0,0.0,100.0,557.916,224.344,797.491,1303.959,793.647,58.063,61.328,69.794,61.335,55.846,1.531,1.904,0.375,66.344,53.075,61.285
0,28.181,100.0,0.0,100.0,557.916,224.344,797.491,1303.959,793.647,58.049,61.299,69.769,61.325,55.833,1.531,1.904,0.375,66.344,53.075,61.255
0,28.61,100.0,0.0,100.0,557.916,224.344,797.491,1303.959,793.647,58.004,61.277,69.745,61.304,55.787,1.531,1.904,0.375,66.344,53.075,61.233
0,29.033,100.0,0.0,100.0,557.916,224.344,797.491,1303.959,793.647,57.981,61.277,69.722,61.289,55.765,1.531,1.904,0.375,66.344,53.075,61.233
0,29.455,100.0,0.0,100.0,557.916,224.344,797.491,1303.959,793.647,57.945,61.228,69.7,61.271,55.729,1.531,1.904,0.375,66.344,53.075,61.185
0,29.861,100.0,0.0,100.0,557.916,224.344,797.491,1303.959,793.647,57.905,61.203,69.681,61.239,55.689,1.531,1.904,0.375,66.344,53.075,61.159
0,30.273,100.0,0.0,100.0,557.916,224.344,797.491,1303.959,793.647,57.903,61.253,69.674,61.231,55.687,1.531,1.904,0.375,66.344,53.075,61.209
0,30.704,100.0,0.0,100.0,557.916,224.344,797.491,1303.959,793.647,57.896,61.21,69.68,61.235,55.68,1.531,1.904,0.375,66.344,53.075,61.166
0,31.118,100.0,0.0,100.0,557.916,224.344,797.491,1303.959,793.647,57.866,61.223,69.691,61.224,55.649,1.531,1.904,0.375,66.344,53.075,61.179
0,31.521,100.0,0.0,100.0,557.916,224.344,797.491,1303.959,793.647,57.81,61.109,69.706,61.197,55.594,1.531,1.904,0.375,66.344,53.075,61.065
0,31.889,100.0,0.0,100.0,557.916,224.344,797.491,1303.959,793.647,57.759,61.126,69.722,61.148,55.542,1.531,1.904,0.375,66.344,53.075,61.082
0,32.283,100.0,0.0,100.0,557.916,224.344,797.491,1303.959,793.647,57.762,61.115,69.738,61.135,55.546,1.531,1.904,0.375,66.344,53.075,61.071
0,32.687,100.0,0.0,100.0,557.916,224.344,797.491,1303.959,793.647,57.761,61.162,69.755,61.134,55.545,1.531,1.904,0.375,66.344,53.075,61.118
0,33.102,100.0,0.0,100.0,557.916,224.344,797.491,1303.959,793.647,57.765,61.171,69.772,61.154,55.549,1.531,1.904,0.375,66.344,53.075,61.126
0,33.499,100.0,0.0,100.0,557.916,224.344,797.491,1303.959,793.647,57.727,61.137,69.787,61.155,55.511,1.531,1.904,0.375,66.344,53.075,61.093
0,33.878,100.0,0.0,100.0,557.916,224.344,797.491,1303.959,793.647,57.685,61.116,69.801,61.139,55.469,1.531,1.904,0.375,66.344,53.075,61.071
0,34.248,100.0,0.0,100.0,557.916,224.344,797.491,1303.959,793.647,57.653,61.114,69.812,61.125,55.437,1.531,1.904,0.375,66.344,53.075,61.07
0,34.622,100.0,0.0,100.0,557.916,224.344,797.491,1303.959,793.647,57.636,61.115,69.821,61.12,55.42,1.531,1.904,0.375,66.344,53.075,61.07
0,35.001,100.0,0.0,100.0,557.916,224.344,797.491,1303.959,793.647,57.625,61.115,69.828,61.117,55.409,1.531,1.904,0.375,66.344,53.075,61.071
0,35.379,100.0,0.0,100.0,557.916,224.344,797.491,1303.959,793.647,57.606,61.097,69.833,61.111,55.39,1.531,1.904,0.375,66.344,53.075,61.052
0,35.754,100.0,0.0,100.0,557.916,224.344,797.491,1303.959,793.647,57.596,61.144,69.836,61.113,55.38,1.531,1.904,0.375,66.344,53.075,61.099
0,36.135,100.0,0.0,100.0,557.916,224.344,797.491,1303.959,793.647,57.603,61.168,69.838,61.138,55.387,1.531,1.904,0.375,66.344,53.075,61.124
0,36.526,100.0,0.0,100.0,557.916,224.344,797.491,1303.959,793.647,57.6,61.153,69.839,61.152,55.384,1.531,1.904,0.375,66.344,53.075,61.108
0,36.899,100.0,0.0,100.0,557.916,224.344,797.491,1303.959,793.647,57.583,61.15,69.839,61.151,55.367,1.531,1.904,0.375,66.344,53.075,61.105
0,37.278,100.0,0.0,100.0,557.916,224.344,797.491,1303.959,793.647,57.58,61.165,69.84,61.153,55.364,1.531,1.904,0.375,66.344,53.075,61.121
0,37.657,100.0,0.0,100.0,557.916,224.344,797.491,1303.959,793.647,57.575,61.2,69.841,61.169,55.359,1.531,1.904,0.375,66.344,53.075,61.156
0,38.036,100.0,0.0,100.0,557.916,224.344,797.491,1303.959,793.647,57.576,61.22,69.843,61.192,55.359,1.531,1.904,0.375,66.344,53.075,61.176
0,38.416,100.0,0.0,100.0,557.916,224.344,797.491,1303.959,793.647,57.575,61.238,69.846,61.212,55.359,1.531,1.904,0.375,66.344,53.075,61.194
0,38.795,100.0,0.0,100.0,557.916,224.344,797.491,1303.959,793.647,57.568,61.258,69.85,61.233,55.352,1.531,1.904,0.375,66.344,53.075,61.214
0,39.169,100.0,0.0,100.0,557.916,224.344,797.491,1303.959,793.647,57.545,61.21,69.856,61.236,55.329,1.531,1.904,0.375,66.344,53.075,61.166
0,39.526,100.0,0.0,100.0,557.916,224.344,797.491,1303.959,793.647,57.523,61.219,69.862,61.222,55.307,1.531,1.904,0.375,66.344,53.075,61.175
0,39.893,100.0,0.0,100.0,557.916,224.344,797.491,1303.959,793.647,57.522,61.222,69.87,61.222,55.306,1.531,1.904,0.375,66.344,53.075,61.178
0,40.264,100.0,0.0,100.0,557.916,224.344,797.491,1303.959,793.647,57.518,61.238,69.879,61.225,55.302,1.531,1.904,0.375,66.344,53.075,61.193
0,40.635,100.0,0.0,100.0,557.916,224.344,797.491,1303.959,793.647,57.525,61.258,69.888,61.238,55.309,1.531,1.904,0.375,66.344,53.075,61.214
0,41.013,100.0,0.0,100.0,557.916,224.344,797.491,1303.959,793.647,57.514,61.228,69.899,61.243,55.298,1.531,1.904,0.375,66.344,53.075,61.183
0,41.369,100.0,0.0,100.0,557.916,224.344,797.491,1303.959,793.647,57.476,61.208,69.91,61.229,55.26,1.531,1.904,0.375,66.344,53.075,61.163
0,41.712,100.0,0.0,100.0,557.916,224.344,797.491,1303.959,793.647,57.442,61.157,69.922,61.205,55.225,1.531,1.904,0.375,66.344,53.075,61.112
0,42.051,100.0,0.0,100.0,557.916,224.344,797.491,1303.959,793.647,57.416,61.135,69.934,61.172,55.2,1.531,1.904,0.375,66.344,53.075,61.089
0,42.39,100.0,0.0,100.0,557.916,224.344,797.491,1303.959,793.647,57.399,61.117,69.946,61.147,55.183,1.531,1.904,0.375,66.344,53.075,61.072
0,42.735,100.0,0.0,100.0,557.916,224.344,797.491,1303.959,793.647,57.381,61.115,69.957,61.129,55.165,1.531,1.904,0.375,66.344,53.075,61.07
0,43.08,100.0,0.0,100.0,557.916,224.344,797.491,1303.959,793.647,57.375,61.115,69.966,61.122,55.159,1.531,1.904,0.375,66.344,53.075,61.07
0,43.427,100.0,0.0,100.0,557.916,224.344,797.491,1303.959,793.647,57.382,61.116,69.974,61.118,55.165,1.531,1.904,0.375,66.344,53.075,61.07
0,43.784,100.0,0.0,100.0,557.916,224.344,797.491,1303.959,793.647,57.385,61.117,69.98,61.118,55.168,1.531,1.904,0.375,66.344,53.075,61.071
0,44.137,100.0,0.0,100.0,557.916,224.344,797.491,1303.959,793.647,57.372,61.084,69.984,61.11,55.155,1.531,1.904,0.375,66.344,53.075,61.039
0,44.475,100.0,0.0,100.0,557.916,224.344,797.491,1303.959,793.647,57.347,61.065,69.986,61.09,55.13,1.531,1.904,0.375,66.344,53.075,61.019
0,44.807,100.0,0.0,100.0,557.916,224.344,797.491,1303.959,793.647,57.324,61.014,69.986,61.064,55.108,1.531,1.904,0.375,66.344,53.075,60.968
0,45.133,100.0,0.0,100.0,557.916,224.344,797.491,1303.959,793.647,57.304,61.006,69.985,61.032,55.088,1.531,1.904,0.375,66.344,53.075,60.96
0,45.468,100.0,0.0,100.0,557.916,224.344,797.491,1303.959,793.647,57.309,61.041,69.983,61.026,55.093,1.531,1.904,0.375,66.344,53.075,60.995
0,45.814,100.0,0.0,100.0,557.916,224.344,797.491,1303.959,793.647,57.302,61.013,69.98,61.03,55.086,1.531,1.904,0.375,66.344,53.075,60.967
0,46.143,100.0,0.0,100.0,557.916,224.344,797.491,1303.959,793.647,57.287,60.991,69.977,61.013,55.071,1.531,1.904,0.375,66.344,53.075,60.945
0,46.475,100.0,0.0,100.0,557.916,224.344,797.491,1303.959,793.647,57.283,61.006,69.975,61.004,55.066,1.531,1.904,0.375,66.344,53.075,60.96
0,45.751,100.0,0.0,100.0,557.916,224.344,797.491,1303.959,793.647,55.248,61.009,69.97,61.007,53.032,1.531,1.904,0.375,66.344,53.075,60.963
0,46.325,100.0,0.0,100.0,557.916,224.344,797.491,1303.959,793.647,57.281,60.991,69.965,61.004,55.065,1.531,1.904,0.375,66.344,53.075,60.945
0,45.572,100.0,0.0,100.0,557.916,224.344,797.491,1303.959,793.647,56.063,61.007,69.96,61.0,53.846,1.531,1.904,0.375,66.344,53.075,60.961
0,46.773,100.0,0.0,100.0,557.916,224.344,797.491,1303.959,793.647,55.288,60.976,69.957,60.997,53.072,1.531,1.904,0.375,66.344,53.075,60.93
0,45.187,100.0,0.0,100.0,557.916,224.344,797.491,1303.959,793.647,56.626,60.971,69.949,60.983,54.409,1.531,1.904,0.375,66.344,53.075,60.925
0,46.987,100.0,0.0,100.0,557.916,224.344,797.491,1303.959,793.647,53.262,60.989,69.947,60.981,51.045,1.531,1.904,0.375,66.344,53.075,60.943
0,45.566,100.0,0.0,100.0,557.916,224.344,797.491,1303.959,793.647,56.992,60.975,69.942,60.983,54.775,1.531,1.904,0.375,66.344,53.075,60.93
0,46.161,100.0,0.0,100.0,557.916,224.344,797.491,1303.959,793.647,53.426,60.94,69.94,60.97,51.21,1.531,1.904,0.375,66.344,53.075,60.894
0,46.431,100.0,0.0,100.0,557.916,224.344,797.491,1303.959,793.647,57.217,60.936,69.938,60.951,55.001,1.531,1.904,0.375,66.344,53.075,60.89
0,45.256,100.0,0.0,100.0,557.916,224.344,797.491,1303.959,793.647,55.856,60.92,69.936,60.939,53.64,1.531,1.904,0.375,66.344,53.075,60.873
0,47.018,100.0,0.0,100.0,557.916,224.344,797.491,1303.959,793.647,53.212,60.934,69.937,60.931,50.996,1.531,1.904,0.375,66.344,53.075,60.888
0,45.685,100.0,0.0,100.0,557.916,224.344,797.491,1303.959,793.647,56.935,60.921,69.936,60.931,54.719,1.531,1.904,0.375,66.344,53.075,60.874
0,46.222,100.0,0.0,100.0,557.916,224.344,797.491,1303.959,793.647,53.125,60.918,69.938,60.924,50.909,1.531,1.904,0.375,66.344,53.075,60.872
0,46.497,100.0,0.0,100.0,557.916,224.344,797.491,1303.959,793.647,57.182,60.92,69.941,60.921,54.965,1.531,1.904,0.375,66.344,53.075,60.873
0,45.259,100.0,0.0,100.0,557.916,224.344,797.491,1303.959,793.647,55.763,60.886,69.942,60.913,53.547,1.531,1.904,0.375,66.344,53.075,60.84
0,47.1,100.0,0.0,100.0,557.916,224.344,797.491,1303.959,793.647,53.036,60.882,69.948,60.896,50.82,1.531,1.904,0.375,66.344,53.075,60.835
0,45.712,100.0,0.0,100.0,557.916,224.344,797.491,1303.959,793.647,56.904,60.883,69.95,60.889,54.688,1.531,1.904,0.375,66.344,53.075,60.837
0,46.254,100.0,0.0,100.0,557.916,224.344,797.491,1303.959,793.647,52.967,60.867,69.954,60.882,50.751,1.531,1.904,0.375,66.344,53.075,60.821
0,46.514,100.0,0.0,100.0,557.916,224.344,797.491,1303.959,793.647,57.132,60.849,69.958,60.869,54.915,1.531,1.904,0.375,66.344,53.075,60.802
0,45.259,100.0,0.0,100.0,557.916,224.344,797.491,1303.959,793.647,55.689,60.829,69.959,60.852,53.473,1.531,1.904,0.375,66.344,53.075,60.782
0,47.113,100.0,0.0,100.0,557.916,224.344,797.491,1303.959,793.647,52.975,60.86,69.964,60.846,50.759,1.531,1.904,0.375,66.344,53.075,60.814
0,45.723,100.0,0.0,100.0,557.916,224.344,797.491,1303.959,793.647,56.875,60.865,69.963,60.857,54.659,1.531,1.904,0.375,66.344,53.075,60.819
0,46.263,100.0,0.0,100.0,557.916,224.344,797.491,1303.959,793.647,52.911,60.865,69.965,60.861,50.695,1.531,1.904,0.375,66.344,53.075,60.818
0,46.523,100.0,0.0,100.0,557.916,224.344,797.491,1303.959,793.647,57.111,60.865,69.965,60.863,54.895,1.531,1.904,0.375,66.344,53.075,60.818
0,45.264,100.0,0.0,100.0,557.916,224.344,797.491,1303.959,793.647,55.668,60.865,69.963,60.864,53.452,1.531,1.904,0.375,66.344,53.075,60.819
0,47.13,100.0,0.0,100.0,557.916,224.344,797.491,1303.959,793.647,52.904,60.849,69.964,60.861,50.688,1.531,1.904,0.375,66.344,53.075,60.802
0,45.696,100.0,0.0,100.0,557.916,224.344,797.491,1303.959,793.647,56.823,60.846,69.962,60.853,54.607,1.531,1.904,0.375,66.344,53.075,60.799
0,46.288,100.0,0.0,100.0,557.916,224.344,797.491,1303.959,793.647,53.049,60.863,69.962,60.853,50.833,1.531,1.904,0.375,66.344,53.075,60.816
0,46.642,100.0,0.0,100.0,557.916,224.344,797.491,1303.959,793.647,55.552,60.865,69.963,60.859,53.336,1.531,1.904,0.375,66.344,53.075,60.818
0,45.728,100.0,0.0,100.0,557.916,224.344,797.491,1303.959,793.647,56.739,60.864,69.962,60.862,54.523,1.531,1.904,0.375,66.344,53.075,60.817
0,46.477,100.0,0.0,100.0,557.916,224.344,797.491,1303.959,793.647,53.35,60.88,69.964,60.867,51.133,1.531,1.904,0.375,66.344,53.075,60.834
0,46.875,100.0,0.0,100.0,557.916,224.344,797.491,1303.959,793.647,55.442,60.883,69.966,60.876,53.226,1.531,1.904,0.375,66.344,53.075,60.836
0,45.74,100.0,0.0,100.0,557.916,224.344,797.491,1303.959,793.647,56.77,60.883,69.966,60.88,54.554,1.531,1.904,0.375,66.344,53.075,60.837
0,46.558,100.0,0.0,100.0,557.916,224.344,797.491,1303.959,793.647,53.343,60.867,69.969,60.878,51.126,1.531,1.904,0.375,66.344,53.075,60.821
0,46.977,100.0,0.0,100.0,557.916,224.344,797.491,1303.959,793.647,55.444,60.848,69.972,60.867,53.228,1.531,1.904,0.375,66.344,53.075,60.802
0,45.838,100.0,0.0,100.0,557.916,224.344,797.491,1303.959,793.647,56.83,60.846,69.973,60.855,54.614,1.531,1.904,0.375,66.344,53.075,60.799
0,46.105,100.0,0.0,100.0,557.916,224.344,797.491,1303.959,793.647,53.761,60.862,69.974,60.854,51.545,1.531,1.904,0.375,66.344,53.075,60.815
0,47.08,100.0,0.0,100.0,557.916,224.344,797.491,1303.959,793.647,53.996,60.882,69.976,60.864,51.78,1.531,1.904,0.375,66.344,53.075,60.836
0,45.816,100.0,0.0,100.0,557.916,224.344,797.491,1303.959,793.647,57.014,60.852,69.976,60.868,54.798,1.531,1.904,0.375,66.344,53.075,60.805
0,46.145,100.0,0.0,100.0,557.916,224.344,797.491,1303.959,793.647,53.799,60.83,69.976,60.852,51.582,1.531,1.904,0.375,66.344,53.075,60.783
0,47.109,100.0,0.0,100.0,557.916,224.344,797.491,1303.959,793.647,54.041,60.828,69.978,60.839,51.825,1.531,1.904,0.375,66.344,53.075,60.782
0,45.854,100.0,0.0,100.0,557.916,224.344,797.491,1303.959,793.647,57.041,60.828,69.976,60.833,54.825,1.531,1.904,0.375,66.344,53.075,60.781
0,46.175,100.0,0.0,100.0,557.916,224.344,797.491,1303.959,793.647,53.851,60.845,69.977,60.835,51.635,1.531,1.904,0.375,66.344,53.075,60.799
0,47.168,100.0,0.0,100.0,557.916,224.344,797.491,1303.959,793.647,54.071,60.831,69.979,60.838,51.855,1.531,1.904,0.375,66.344,53.075,60.784
0,45.908,100.0,0.0,100.0,557.916,224.344,797.491,1303.959,793.647,57.079,60.828,69.978,60.833,54.863,1.531,1.904,0.375,66.344,53.075,60.782
0,46.209,100.0,0.0,100.0,557.916,224.344,797.491,1303.959,793.647,53.858,60.83,69.979,60.831,51.642,1.531,1.904,0.375,66.344,53.075,60.783
0,47.209,100.0,0.0,100.0,557.916,224.344,797.491,1303.959,793.647,54.058,60.813,69.98,60.827,51.841,1.531,1.904,0.375,66.344,53.075,60.767
0,45.933,100.0,0.0,100.0,557.916,224.344,797.491,1303.959,793.647,57.085,60.794,69.98,60.814,54.868,1.531,1.904,0.375,66.344,53.075,60.747
0,46.247,100.0,0.0,100.0,557.916,224.344,797.491,1303.959,793.647,53.864,60.807,69.981,60.805,51.648,1.531,1.904,0.375,66.344,53.075,60.76
0,47.241,100.0,0.0,100.0,557.916,224.344,797.491,1303.959,793.647,54.062,60.842,69.983,60.815,51.846,1.531,1.904,0.375,66.344,53.075,60.795
0,45.983,100.0,0.0,100.0,557.916,224.344,797.491,1303.959,793.647,57.136,60.878,69.982,60.839,54.92,1.531,1.904,0.375,66.344,53.075,60.831
0,46.303,100.0,0.0,100.0,557.916,224.344,797.491,1303.959,793.647,53.913,60.931,69.983,60.874,51.696,1.531,1.904,0.375,66.344,53.075,60.885
0,47.339,100.0,0.0,100.0,557.916,224.344,797.491,1303.959,793.647,54.037,60.936,69.984,60.908,51.821,1.531,1.904,0.375,66.344,53.075,60.89
0,46.035,100.0,0.0,100.0,557.916,224.344,797.491,1303.959,793.647,57.196,60.967,69.983,60.93,54.979,1.531,1.904,0.375,66.344,53.075,60.921
0,46.347,100.0,0.0,100.0,557.916,224.344,797.491,1303.959,793.647,53.828,61.005,69.983,60.961,51.612,1.531,1.904,0.375,66.344,53.075,60.959
0,47.332,100.0,0.0,100.0,557.916,224.344,797.491,1303.959,793.647,53.751,61.007,69.983,60.986,51.535,1.531,1.904,0.375,66.344,53.075,60.961
0,45.851,100.0,0.0,100.0,557.916,224.344,797.491,1303.959,793.647,56.965,61.054,69.979,61.008,54.749,1.531,1.904,0.375,66.344,53.075,61.008
0,46.182,100.0,0.0,100.0,557.916,224.344,797.491,1303.959,793.647,53.653,61.109,69.977,61.048,51.437,1.531,1.904,0.375,66.344,53.075,61.064
0,47.166,100.0,0.0,100.0,557.916,224.344,797.491,1303.959,793.647,53.862,61.146,69.977,61.092,51.646,1.531,1.904,0.375,66.344,53.075,61.101
0,45.834,100.0,0.0,100.0,557.916,224.344,797.491,1303.959,793.647,56.971,61.198,69.974,61.134,54.755,1.531,1.904,0.375,66.344,53.075,61.153
0,46.153,100.0,0.0,100.0,557.916,224.344,797.491,1303.959,793.647,53.662,61.255,69.973,61.185,51.446,1.531,1.904,0.375,66.344,53.075,61.21
0,47.113,100.0,0.0,100.0,557.916,224.344,797.491,1303.959,793.647,53.845,61.242,69.973,61.222,51.628,1.531,1.904,0.375,66.344,53.075,61.197
0,45.762,100.0,0.0,100.0,557.916,224.344,797.491,1303.959,793.647,56.898,61.288,69.972,61.242,54.681,1.531,1.904,0.375,66.344,53.075,61.243
0,46.103,100.0,0.0,100.0,557.916,224.344,797.491,1303.959,793.647,53.675,61.31,69.972,61.274,51.459,1.531,1.904,0.375,66.344,53.075,61.266
0,47.039,100.0,0.0,100.0,557.916,224.344,797.491,1303.959,793.647,53.921,61.344,69.975,61.302,51.705,1.531,1.904,0.375,66.344,53.075,61.3
0,46.335,100.0,0.0,100.0,557.916,224.344,797.491,1303.959,793.647,57.202,61.363,69.977,61.33,54.986,1.531,1.904,0.375,66.344,53.075,61.319
0,45.8,100.0,0.0,100.0,557.916,224.344,797.491,1303.959,793.647,56.091,61.414,69.978,61.361,53.874,1.531,1.904,0.375,66.344,53.075,61.37
0,46.625,100.0,0.0,100.0,557.916,224.344,797.491,1303.959,793.647,52.359,61.419,69.981,61.393,50.143,1.531,1.904,0.375,66.344,53.075,61.375
0,46.595,100.0,0.0,100.0,557.916,224.344,797.491,1303.959,793.647,57.361,61.483,69.982,61.421,55.145,1.531,1.904,0.375,66.344,53.075,61.439
0,45.656,100.0,0.0,100.0,557.916,224.344,797.491,1303.959,793.647,55.968,61.526,69.983,61.468,53.752,1.531,1.904,0.375,66.344,53.075,61.482
0,47.174,100.0,0.0,100.0,557.916,224.344,797.491,1303.959,793.647,52.105,61.512,69.986,61.498,49.888,1.531,1.904,0.375,66.344,53.075,61.469
0,46.582,100.0,0.0,100.0,557.916,224.344,797.491,1303.959,793.647,57.296,61.507,69.987,61.503,55.079,1.531,1.904,0.375,66.344,53.075,61.463
0,45.663,100.0,0.0,100.0,557.916,224.344,797.491,1303.959,793.647,55.94,61.573,69.986,61.52,53.723,1.531,1.904,0.375,66.344,53.075,61.529
0,47.18,100.0,0.0,100.0,557.916,224.344,797.491,1303.959,793.647,52.055,61.598,69.987,61.558,49.839,1.531,1.904,0.375,66.344,53.075,61.555
0,46.59,100.0,0.0,100.0,557.916,224.344,797.491,1303.959,793.647,57.29,61.615,69.986,61.584,55.074,1.531,1.904,0.375,66.344,53.075,61.572
0,45.669,100.0,0.0,100.0,557.916,224.344,797.491,1303.959,793.647,55.945,61.618,69.984,61.603,53.729,1.531,1.904,0.375,66.344,53.075,61.575
0,47.186,100.0,0.0,100.0,557.916,224.344,797.491,1303.959,793.647,52.002,61.6,69.984,61.607,49.786,1.531,1.904,0.375,66.344,53.075,61.557
0,46.581,100.0,0.0,100.0,557.916,224.344,797.491,1303.959,793.647,57.276,61.614,69.982,61.606,55.059,1.531,1.904,0.375,66.344,53.075,61.571
0,45.667,100.0,0.0,100.0,557.916,224.344,797.491,1303.959,793.647,55.93,61.633,69.979,61.616,53.714,1.531,1.904,0.375,66.344,53.075,61.59
0,47.188,100.0,0.0,100.0,557.916,224.344,797.491,1303.959,793.647,52.004,61.634,69.978,61.626,49.788,1.531,1.904,0.375,66.344,53.075,61.591
0,46.599,100.0,0.0,100.0,557.916,224.344,797.491,1303.959,793.647,57.294,61.667,69.977,61.638,55.078,1.531,1.904,0.375,66.344,53.075,61.625
0,45.653,100.0,0.0,100.0,557.916,224.344,797.491,1303.959,793.647,55.907,61.656,69.976,61.653,53.691,1.531,1.904,0.375,66.344,53.075,61.613
0,47.18,100.0,0.0,100.0,557.916,224.344,797.491,1303.959,793.647,51.945,61.652,69.977,61.653,49.729,1.531,1.904,0.375,66.344,53.075,61.61
0,46.572,100.0,0.0,100.0,557.916,224.344,797.491,1303.959,793.647,57.261,61.652,69.977,61.652,55.044,1.531,1.904,0.375,66.344,53.075,61.609
0,45.631,100.0,0.0,100.0,557.916,224.344,797.491,1303.959,793.647,55.881,61.668,69.977,61.656,53.665,1.531,1.904,0.375,66.344,53.075,61.625
0,47.169,100.0,0.0,100.0,557.916,224.344,797.491,1303.959,793.647,51.93,61.687,69.979,61.667,49.713,1.531,1.904,0.375,66.344,53.075,61.644
0,46.566,100.0,0.0,100.0,557.916,224.344,797.491,1303.959,793.647,57.279,61.705,69.98,61.683,55.063,1.531,1.904,0.375,66.344,53.075,61.662
0,45.605,100.0,0.0,100.0,557.916,224.344,797.491,1303.959,793.647,55.882,61.707,69.979,61.696,53.666,1.531,1.904,0.375,66.344,53.075,61.664
0,47.163,100.0,0.0,100.0,557.916,224.344,797.491,1303.959,793.647,51.898,61.706,69.982,61.702,49.681,1.531,1.904,0.375,66.344,53.075,61.663
0,46.541,100.0,0.0,100.0,557.916,224.344,797.491,1303.959,793.647,57.296,61.723,69.982,61.708,55.079,1.531,1.904,0.375,66.344,53.075,61.681
0,45.604,100.0,0.0,100.0,557.916,224.344,797.491,1303.959,793.647,55.884,61.708,69.98,61.713,53.667,1.531,1.904,0.375,66.344,53.075,61.666
0,47.149,100.0,0.0,100.0,557.916,224.344,797.491,1303.959,793.647,51.899,61.722,69.981,61.713,49.683,1.531,1.904,0.375,66.344,53.075,61.679
0,46.534,100.0,0.0,100.0,557.916,224.344,797.491,1303.959,793.647,57.296,61.741,69.979,61.723,55.08,1.531,1.904,0.375,66.344,53.075,61.699
0,45.59,100.0,0.0,100.0,557.916,224.344,797.491,1303.959,793.647,55.889,61.728,69.977,61.731,53.672,1.531,1.904,0.375,66.344,53.075,61.685
0,47.156,100.0,0.0,100.0,557.916,224.344,797.491,1303.959,793.647,51.912,61.715,69.976,61.728,49.696,1.531,1.904,0.375,66.344,53.075,61.672
0,46.537,100.0,0.0,100.0,557.916,224.344,797.491,1303.959,793.647,57.23,61.526,69.974,61.674,55.014,1.531,1.904,0.375,66.344,53.075,61.482
0,45.549,100.0,0.0,100.0,557.916,224.344,797.491,1303.959,793.647,55.823,61.649,69.97,61.614,53.607,1.531,1.904,0.375,66.344,53.075,61.607
0,47.116,100.0,0.0,100.0,557.916,224.344,797.491,1303.959,793.647,51.97,61.658,69.969,61.642,49.754,1.531,1.904,0.375,66.344,53.075,61.615
0,46.529,100.0,0.0,100.0,557.916,224.344,797.491,1303.959,793.647,57.293,61.667,69.968,61.651,55.077,1.531,1.904,0.375,66.344,53.075,61.624
0,45.564,100.0,0.0,100.0,557.916,224.344,797.491,1303.959,793.647,55.901,61.703,69.96,61.669,53.684,1.531,1.904,0.375,66.344,53.075,61.66
0,47.152,100.0,0.0,100.0,557.916,224.344,797.491,1303.959,793.647,51.931,61.707,70.037,61.69,49.715,1.531,1.904,0.375,66.344,53.075,61.664
0,46.553,100.0,0.0,100.0,557.916,224.344,797.491,1303.959,793.647,57.374,61.722,70.207,61.702,55.158,1.531,1.904,0.375,66.344,53.075,61.679
0,45.586,100.0,0.0,100.0,557.916,224.344,797.491,1303.959,793.647,55.956,61.758,70.364,61.722,53.739,1.531,1.904,0.375,66.344,53.075,61.714
0,47.191,100.0,0.0,100.0,557.916,224.344,797.491,1303.959,793.647,51.849,61.778,70.513,61.748,49.633,1.531,1.904,0.375,66.344,53.075,61.733
0,46.563,100.0,0.0,100.0,557.916,224.344,797.491,1303.959,793.647,57.42,61.813,70.645,61.773,55.203,1.531,1.904,0.375,66.344,53.075,61.768
0,45.578,100.0,0.0,100.0,557.916,224.344,797.491,1303.959,793.647,55.976,61.834,70.763,61.802,53.76,1.531,1.904,0.375,66.344,53.075,61.789
0,47.217,100.0,0.0,100.0,557.916,224.344,797.491,1303.959,793.647,51.815,61.837,70.873,61.821,49.598,1.531,1.904,0.375,66.344,53.075,61.79
0,46.586,100.0,0.0,100.0,557.916,224.344,797.491,1303.959,793.647,57.46,61.837,70.973,61.829,55.244,1.531,1.904,0.375,66.344,53.075,61.79
0,45.57,100.0,0.0,100.0,557.916,224.344,797.491,1303.959,793.647,55.973,61.837,71.067,61.833,53.757,1.531,1.904,0.375,66.344,53.075,61.789
0,47.227,100.0,0.0,100.0,557.916,224.344,797.491,1303.959,793.647,51.786,61.854,71.16,61.84,49.57,1.531,1.904,0.375,66.344,53.075,61.807
0,46.6,100.0,0.0,100.0,557.916,224.344,797.491,1303.959,793.647,57.487,61.839,71.248,61.844,55.27,1.531,1.904,0.375,66.344,53.075,61.791
0,45.566,100.0,0.0,100.0,557.916,224.344,797.491,1303.959,793.647,56.004,61.87,71.332,61.848,53.788,1.531,1.904,0.375,66.344,53.075,61.822
0,47.264,100.0,0.0,100.0,557.916,224.344,797.491,1303.959,793.647,51.731,61.875,71.417,61.863,49.515,1.531,1.904,0.375,66.344,53.075,61.826
0,45.999,100.0,0.0,100.0,557.916,224.344,797.491,1303.959,793.647,57.394,61.89,71.497,61.873,55.178,1.531,1.904,0.375,66.344,53.075,61.841
0,45.875,100.0,0.0,100.0,557.916,224.344,797.491,1303.959,793.647,54.67,61.909,71.578,61.887,52.454,1.531,1.904,0.375,66.344,53.075,61.86
0,47.442,100.0,0.0,100.0,557.916,224.344,797.491,1303.959,793.647,52.989,61.928,71.66,61.904,50.772,1.531,1.904,0.375,66.344,53.075,61.878
0,46.125,100.0,0.0,100.0,557.916,224.344,797.491,1303.959,793.647,57.383,61.929,71.737,61.918,55.167,1.531,1.904,0.375,66.344,53.075,61.879
0,45.876,100.0,0.0,100.0,557.916,224.344,797.491,1303.959,793.647,53.217,61.962,71.815,61.932,51.001,1.531,1.904,0.375,66.344,53.075,61.912
0,47.026,100.0,0.0,100.0,557.916,224.344,797.491,1303.959,793.647,55.408,61.967,71.891,61.951,53.192,1.531,1.904,0.375,66.344,53.075,61.916
0,45.722,100.0,0.0,100.0,557.916,224.344,797.491,1303.959,793.647,56.96,61.982,71.965,61.963,54.743,1.531,1.904,0.375,66.344,53.075,61.931
0,46.62,100.0,0.0,100.0,557.916,224.344,797.491,1303.959,793.647,52.908,62.001,72.041,61.978,50.692,1.531,1.904,0.375,66.344,53.075,61.95
0,47.084,100.0,0.0,100.0,557.916,224.344,797.491,1303.959,793.647,55.347,62.019,72.115,61.996,53.13,1.531,1.904,0.375,66.344,53.075,61.968
0,45.199,100.0,0.0,100.0,557.916,224.344,797.491,1303.959,793.647,56.311,62.037,72.184,62.013,54.094,1.531,1.904,0.375,66.344,53.075,61.985
0,47.277,100.0,0.0,100.0,557.916,224.344,797.491,1303.959,793.647,51.807,62.074,72.256,62.036,49.591,1.531,1.904,0.375,66.344,53.075,62.022
0,46.036,100.0,0.0,100.0,557.916,224.344,797.491,1303.959,793.647,57.533,62.044,72.323,62.05,55.317,1.531,1.904,0.375,66.344,53.075,61.992
0,45.867,100.0,0.0,100.0,557.916,224.344,797.491,1303.959,793.647,53.27,62.072,72.392,62.052,51.054,1.531,1.904,0.375,66.344,53.075,62.019
0,47.028,100.0,0.0,100.0,557.916,224.344,797.491,1303.959,793.647,55.474,62.078,72.46,62.066,53.258,1.531,1.904,0.375,66.344,53.075,62.025
0,45.725,100.0,0.0,100.0,557.916,224.344,797.491,1303.959,793.647,57.039,62.061,72.525,62.068,54.823,1.531,1.904,0.375,66.344,53.075,62.007
0,46.034,100.0,0.0,100.0,562.892,224.095,803.711,1305.948,799.844,53.556,62.074,72.591,62.066,51.339,1.53,1.906,0.374,66.344,53.075,62.021
0,47.181,100.0,0.0,100.0,582.905,223.083,828.545,1313.822,824.59,53.834,62.093,72.658,62.076,51.609,1.524,1.915,0.371,66.344,53.075,62.04
0,45.842,100.0,0.0,100.0,603.297,222.026,853.549,1321.72,849.503,57.57,62.111,72.718,62.09,55.336,1.518,1.924,0.367,66.344,53.075,62.058
0,46.131,100.0,0.0,100.0,623.665,220.943,878.224,1329.49,874.09,53.954,62.127,72.776,62.106,51.709,1.513,1.933,0.363,66.344,53.075,62.075
0,47.582,100.0,0.0,100.0,666.478,218.753,929.122,1344.362,924.803,53.691,62.178,72.829,62.133,51.43,1.503,1.953,0.355,66.344,53.075,62.126
0,46.388,100.0,0.0,100.0,731.12,211.306,1084.639,1388.642,1079.748,58.64,62.183,72.858,62.165,56.447,1.475,2.016,0.332,66.344,53.075,62.133
0,46.359,100.0,0.0,100.0,776.039,202.439,1242.759,1432.899,1237.276,56.231,62.195,72.87,62.18,54.19,1.439,2.079,0.308,66.344,53.075,62.146
0,47.566,100.0,0.0,100.0,831.136,190.091,1443.216,1485.099,1436.975,54.142,62.247,72.872,62.212,52.254,1.363,2.144,0.279,66.344,53.075,62.199
0,47.156,100.0,0.0,100.0,906.002,178.969,1647.441,1542.612,1640.415,55.843,62.236,72.854,62.235,54.072,1.255,2.203,0.253,66.675,53.34,62.189
0,47.399,100.0,0.0,100.0,1054.49,187.996,1826.986,1631.395,1819.242,55.964,62.232,72.821,62.232,54.166,1.253,2.373,0.251,69.083,55.266,62.185
0,47.68,100.0,0.0,100.0,1184.13,198.76,1952.315,1698.546,1944.061,56.061,62.246,72.777,62.238,54.177,1.264,2.517,0.255,71.168,56.934,62.2
0,47.919,100.0,0.0,100.0,1298.07,208.809,2050.453,1752.402,2041.811,56.162,62.311,72.727,62.278,54.191,1.274,2.639,0.26,72.917,58.334,62.266
0,48.16,100.0,0.0,100.0,1379.97,216.46,2114.059,1789.198,2105.154,56.253,62.387,72.672,62.347,54.21,1.286,2.726,0.264,74.15,59.32,62.342
0,48.369,100.0,0.0,100.0,1424.19,220.878,2145.334,1808.734,2136.288,56.156,62.377,72.614,62.376,54.068,1.296,2.774,0.267,74.82,59.856,62.332
0,48.472,100.0,0.0,100.0,1431.18,222.434,2147.2,1811.568,2138.154,56.054,62.407,72.556,62.392,53.947,1.304,2.785,0.268,74.963,59.97,62.362
0,48.554,100.0,0.0,100.0,1420.48,224.238,2127.083,1807.538,2118.125,55.92,62.394,72.5,62.398,53.806,1.331,2.787,0.271,74.963,59.97,62.35
0,48.599,100.0,0.0,100.0,1397.7,227.906,2083.506,1799.23,2074.723,55.821,62.408,72.447,62.402,53.7,1.388,2.791,0.276,74.963,59.97,62.364
0,48.625,100.0,0.0,100.0,1365.46,233.17,2019.67,1787.051,2011.117,55.612,62.394,72.401,62.4,53.477,1.465,2.794,0.285,74.963,59.97,62.35
0,48.577,100.0,0.0,100.0,1328.14,239.854,1942.054,1771.088,1933.8,55.455,62.408,72.362,62.401,53.299,1.551,2.793,0.296,74.963,59.97,62.364
0,48.516,100.0,0.0,100.0,1249.21,237.481,1850.552,1732.53,1842.667,55.227,62.41,72.332,62.408,53.075,1.574,2.718,0.299,74.028,59.222,62.366
0,48.396,100.0,0.0,100.0,1168.74,232.196,1764.576,1690.705,1757.034,55.025,62.425,72.308,62.416,52.911,1.57,2.627,0.3,72.885,58.308,62.381
0,48.26,100.0,0.0,100.0,1098.5,227.828,1682.076,1651.936,1674.853,54.846,62.459,72.291,62.438,52.764,1.565,2.544,0.301,71.867,57.494,62.415
0,48.124,100.0,0.0,100.0,1040.14,224.881,1605.564,1617.079,1598.643,54.739,62.512,72.28,62.478,52.679,1.561,2.472,0.303,71.022,56.818,62.468
0,48.001,100.0,0.0,100.0,993.739,222.671,1540.28,1587.58,1533.618,54.613,62.534,72.275,62.514,52.566,1.556,2.412,0.306,70.337,56.27,62.49
0,47.875,100.0,0.0,100.0,958.974,221.318,1486.707,1564.416,1480.253,54.573,62.569,72.274,62.543,52.53,1.552,2.366,0.309,69.832,55.865,62.524
0,47.78,100.0,0.0,100.0,934.008,220.442,1445.909,1547.214,1439.617,54.526,62.572,72.275,62.564,52.481,1.549,2.331,0.311,69.471,55.577,62.527
0,47.686,100.0,0.0,100.0,917.278,219.907,1417.411,1535.394,1411.23,54.525,62.604,72.278,62.582,52.477,1.546,2.307,0.313,69.23,55.384,62.559
0,47.618,100.0,0.0,100.0,907.763,219.546,1401.22,1528.616,1395.101,54.543,62.623,72.282,62.606,52.492,1.544,2.293,0.313,69.09,55.272,62.579
0,47.574,100.0,0.0,100.0,904.677,219.291,1396.74,1526.506,1390.638,54.616,62.673,72.286,62.638,52.564,1.543,2.289,0.314,69.037,55.23,62.629
0,47.564,100.0,0.0,100.0,906.237,218.926,1402.081,1527.861,1395.96,54.675,62.712,72.29,62.68,52.625,1.541,2.291,0.313,69.037,55.229,62.668
0,47.564,100.0,0.0,100.0,910.295,218.03,1415.762,1531.242,1409.589,54.752,62.747,72.292,62.717,52.711,1.535,2.295,0.311,69.037,55.229,62.703
0,47.578,100.0,0.0,100.0,916.482,216.661,1436.464,1536.341,1430.213,54.824,62.798,72.293,62.759,52.796,1.527,2.302,0.308,69.037,55.229,62.755
0,47.606,100.0,0.0,100.0,924.004,215.008,1461.332,1542.395,1454.985,54.908,62.853,72.293,62.811,52.897,1.515,2.31,0.304,69.037,55.229,62.81
0,47.653,100.0,0.0,100.0,932.478,213.147,1488.912,1549.085,1482.464,54.976,62.888,72.291,62.856,52.984,1.502,2.318,0.3,69.037,55.229,62.845
0,47.708,100.0,0.0,100.0,941.531,211.159,1517.828,1556.092,1511.268,55.094,62.989,72.287,62.923,53.121,1.487,2.325,0.296,69.037,55.229,62.947
0,47.792,100.0,0.0,100.0,950.489,209.206,1545.854,1562.845,1539.187,55.137,63.052,72.282,63.002,53.182,1.472,2.333,0.292,69.037,55.229,63.01
0,47.847,100.0,0.0,100.0,959.05,207.348,1572.08,1569.147,1565.312,55.188,63.057,72.275,63.043,53.249,1.456,2.339,0.288,69.037,55.229,63.015
0,47.906,100.0,0.0,100.0,966.805,205.674,1595.37,1574.737,1588.514,55.215,63.058,72.267,63.054,53.29,1.441,2.344,0.285,69.037,55.229,63.017
0,47.944,100.0,0.0,100.0,973.421,204.252,1614.888,1579.419,1607.957,55.194,62.991,72.257,63.027,53.28,1.428,2.348,0.282,69.037,55.229,62.949
0,47.972,100.0,0.0,100.0,978.613,203.139,1629.984,1583.043,1622.995,55.245,62.997,72.246,62.999,53.34,1.418,2.351,0.28,69.037,55.229,62.955
0,48.04,100.0,0.0,100.0,982.242,202.36,1640.422,1585.558,1633.394,55.26,63.032,72.234,63.014,53.36,1.411,2.352,0.279,69.037,55.229,62.991
0,48.088,100.0,0.0,100.0,984.205,201.94,1646.029,1586.906,1638.981,55.264,63.071,72.223,63.047,53.369,1.407,2.353,0.278,69.037,55.229,63.03
0,48.131,100.0,0.0,100.0,984.751,201.819,1647.585,1587.295,1640.529,55.261,63.044,72.211,63.055,53.367,1.405,2.354,0.277,69.037,55.229,63.003
0,48.145,100.0,0.0,100.0,984.062,201.953,1645.621,1586.867,1638.574,55.163,62.974,72.2,63.014,53.27,1.407,2.353,0.278,69.037,55.229,62.932
0,48.114,100.0,0.0,100.0,982.096,202.364,1640.003,1585.545,1632.977,55.134,62.932,72.188,62.963,53.238,1.411,2.352,0.279,69.037,55.229,62.891
0,48.119,100.0,0.0,100.0,979.165,202.982,1631.576,1583.553,1624.584,55.131,62.911,72.178,62.929,53.232,1.417,2.351,0.28,69.037,55.229,62.87
0,48.13,100.0,0.0,100.0,975.587,203.736,1621.208,1581.103,1614.254,55.099,62.942,72.168,62.928,53.195,1.424,2.349,0.281,69.037,55.229,62.9
0,48.126,100.0,0.0,100.0,971.512,204.607,1609.289,1578.255,1602.38,55.093,62.979,72.159,62.956,53.183,1.432,2.347,0.283,69.037,55.229,62.938
0,48.136,100.0,0.0,100.0,967.392,205.489,1597.112,1575.35,1590.25,55.077,62.999,72.152,62.983,53.16,1.44,2.344,0.285,69.037,55.229,62.958
0,48.128,100.0,0.0,100.0,963.382,206.353,1585.144,1572.483,1578.328,55.039,63.016,72.146,63.002,53.117,1.448,2.342,0.286,69.037,55.229,62.975
0,48.116,100.0,0.0,100.0,959.652,207.161,1573.905,1569.777,1567.13,55.032,63.052,72.14,63.029,53.103,1.455,2.339,0.288,69.037,55.229,63.011
0,48.114,100.0,0.0,100.0,956.337,207.884,1563.829,1567.342,1557.093,55.026,63.04,72.136,63.042,53.091,1.461,2.337,0.289,69.037,55.229,62.999
0,48.106,100.0,0.0,100.0,953.54,208.498,1555.261,1565.261,1548.559,54.989,63.038,72.132,63.039,53.048,1.466,2.335,0.291,69.037,55.229,62.997
0,48.081,100.0,0.0,100.0,951.297,208.993,1548.353,1563.572,1541.677,54.979,63.005,72.128,63.024,53.035,1.47,2.333,0.292,69.037,55.229,62.964
0,48.077,100.0,0.0,100.0,949.674,209.353,1543.326,1562.34,1536.668,54.981,63.0,72.125,63.006,53.033,1.473,2.332,0.292,69.037,55.229,62.959
0,48.083,100.0,0.0,100.0,948.62,209.588,1540.053,1561.534,1533.409,55.002,63.018,72.122,63.01,53.052,1.475,2.331,0.293,69.037,55.229,62.977
0,48.088,100.0,0.0,100.0,948.019,209.729,1538.184,1561.046,1531.547,54.987,63.002,72.12,63.009,53.035,1.476,2.331,0.293,69.037,55.229,62.961
0,48.09,100.0,0.0,100.0,948.049,209.725,1538.277,1561.062,1531.638,55.03,63.033,72.117,63.016,53.078,1.476,2.331,0.293,69.037,55.229,62.992
0,48.109,100.0,0.0,100.0,948.417,209.652,1539.421,1561.314,1532.779,55.01,63.035,72.115,63.03,53.058,1.475,2.331,0.293,69.037,55.229,62.994
0,48.112,100.0,0.0,100.0,949.159,209.494,1541.728,1561.857,1535.077,55.068,63.098,72.113,63.06,53.117,1.474,2.332,0.293,69.037,55.229,63.058
0,48.159,100.0,0.0,100.0,950.221,209.263,1545.023,1562.649,1538.36,55.085,63.172,72.11,63.122,53.136,1.472,2.332,0.292,69.037,55.229,63.132
0,48.181,100.0,0.0,100.0,951.443,209.0,1548.802,1563.547,1542.124,55.098,63.23,72.108,63.186,53.151,1.47,2.333,0.292,69.037,55.229,63.189
0,48.199,100.0,0.0,100.0,952.882,208.685,1553.239,1564.622,1546.544,55.091,63.234,72.105,63.222,53.146,1.467,2.334,0.291,69.037,55.229,63.195
0,48.21,100.0,0.0,100.0,954.299,208.377,1557.591,1565.671,1550.879,55.09,63.25,72.103,63.238,53.148,1.465,2.335,0.29,69.037,55.229,63.21
0,48.224,100.0,0.0,100.0,955.714,208.065,1561.923,1566.729,1555.196,55.088,63.249,72.099,63.245,53.148,1.462,2.336,0.29,69.037,55.229,63.209
0,48.249,100.0,0.0,100.0,956.97,207.788,1565.756,1567.665,1559.013,55.159,63.346,72.096,63.289,53.221,1.46,2.337,0.289,69.037,55.229,63.307
0,48.3,100.0,0.0,100.0,958.081,207.542,1569.139,1568.494,1562.384,55.121,63.39,72.092,63.353,53.186,1.458,2.338,0.289,69.037,55.229,63.351
0,48.312,100.0,0.0,100.0,959.021,207.334,1571.993,1569.198,1565.226,55.192,63.493,72.089,63.427,53.258,1.456,2.339,0.288,69.037,55.229,63.455
0,48.365,100.0,0.0,100.0,959.786,207.163,1574.308,1569.77,1567.533,55.125,63.457,72.085,63.465,53.193,1.455,2.339,0.288,69.037,55.229,63.418
0,48.34,100.0,0.0,100.0,960.346,207.037,1576.003,1570.195,1569.221,55.088,63.447,72.081,63.451,53.157,1.453,2.34,0.288,69.037,55.229,63.408
0,48.341,100.0,0.0,100.0,960.616,206.974,1576.817,1570.404,1570.033,55.119,63.48,72.077,63.462,53.189,1.453,2.34,0.288,69.037,55.229,63.441
0,48.371,100.0,0.0,100.0,960.603,206.975,1576.779,1570.4,1569.994,55.095,63.502,72.072,63.487,53.165,1.453,2.34,0.288,69.037,55.229,63.463
0,48.368,100.0,0.0,100.0,960.402,207.015,1576.173,1570.267,1569.39,55.08,63.482,72.068,63.487,53.149,1.453,2.34,0.288,69.037,55.229,63.443
0,48.39,100.0,0.0,100.0,959.994,207.1,1574.94,1569.982,1568.162,55.17,63.625,72.064,63.544,53.239,1.454,2.339,0.288,69.037,55.229,63.587
0,48.456,100.0,0.0,100.0,959.454,207.219,1573.304,1569.582,1566.532,55.151,63.707,72.063,63.644,53.22,1.455,2.339,0.288,69.037,55.229,63.669
0,48.475,100.0,0.0,100.0,959.527,207.197,1573.524,1569.656,1566.752,55.194,63.87,72.062,63.76,53.262,1.455,2.339,0.288,69.037,55.229,63.833
0,48.544,100.0,0.0,100.0,959.729,207.154,1574.137,1569.8,1567.363,55.262,64.105,72.06,63.95,53.331,1.455,2.339,0.288,69.037,55.229,64.069
0,48.61,100.0,0.0,100.0,960.302,207.023,1575.871,1570.239,1569.089,55.243,64.193,72.059,64.109,53.312,1.454,2.34,0.288,69.037,55.229,64.157
0,48.647,100.0,0.0,100.0,960.92,206.888,1577.734,1570.693,1570.946,55.298,64.342,72.057,64.236,53.368,1.452,2.34,0.287,69.037,55.229,64.307
0,48.727,100.0,0.0,100.0,961.509,206.757,1579.514,1571.131,1572.718,55.312,64.464,72.055,64.368,53.383,1.451,2.34,0.287,69.037,55.229,64.43
0,48.813,100.0,0.0,100.0,962.281,206.589,1581.837,1571.692,1575.033,55.476,64.831,72.059,64.599,53.548,1.45,2.341,0.287,69.037,55.229,64.799
0,48.94,100.0,0.0,100.0,964.839,206.027,1589.505,1573.567,1582.673,55.358,65.136,72.069,64.916,53.433,1.445,2.343,0.286,69.037,55.229,65.104
0,48.934,100.0,0.0,100.0,969.261,205.06,1602.651,1576.766,1595.767,55.375,65.426,72.071,65.216,53.456,1.436,2.345,0.284,69.037,55.229,65.396
0,48.995,100.0,0.0,100.0,973.626,204.109,1615.486,1579.887,1608.554,55.321,65.559,72.067,65.443,53.409,1.428,2.348,0.282,69.037,55.229,65.53
0,48.987,100.0,0.0,100.0,977.013,203.374,1625.351,1582.28,1618.382,55.21,65.519,72.064,65.515,53.304,1.421,2.35,0.281,69.037,55.229,65.49
0,48.955,100.0,0.0,100.0,979.743,202.782,1633.243,1584.199,1626.244,55.169,65.484,72.059,65.502,53.268,1.416,2.351,0.279,69.037,55.229,65.454
0,48.934,100.0,0.0,100.0,981.313,202.441,1637.757,1585.297,1630.74,55.057,65.294,72.05,65.401,53.158,1.413,2.352,0.279,69.037,55.229,65.264
0,48.888,100.0,0.0,100.0,981.486,202.402,1638.254,1585.424,1631.233,55.074,65.363,72.043,65.341,53.176,1.412,2.352,0.279,69.037,55.229,65.332
0,48.914,100.0,0.0,100.0,980.767,202.556,1636.191,1584.926,1629.179,55.086,65.534,72.037,65.442,53.187,1.414,2.352,0.279,69.037,55.229,65.504
0,48.917,100.0,0.0,100.0,979.161,202.901,1631.566,1583.813,1624.572,55.009,65.444,72.028,65.48,53.11,1.417,2.351,0.28,69.037,55.229,65.414
0,48.862,100.0,0.0,100.0,976.442,203.489,1623.695,1581.907,1616.731,54.943,65.245,72.02,65.36,53.039,1.422,2.349,0.281,69.037,55.229,65.215
0,48.807,100.0,0.0,100.0,972.825,204.276,1613.142,1579.34,1606.218,54.885,65.138,72.012,65.219,52.976,1.43,2.347,0.282,69.037,55.229,65.107
0,48.768,100.0,0.0,100.0,968.676,205.186,1600.922,1576.353,1594.044,54.91,65.157,72.008,65.162,52.996,1.438,2.345,0.284,69.037,55.229,65.126
0,48.766,100.0,0.0,100.0,965.196,205.954,1590.574,1573.81,1583.736,54.913,65.329,72.006,65.235,52.993,1.444,2.343,0.286,69.037,55.229,65.298
0,48.768,100.0,0.0,100.0,962.026,206.658,1581.07,1571.462,1574.269,54.965,65.369,72.002,65.33,53.039,1.45,2.341,0.287,69.037,55.229,65.339
0,48.789,100.0,0.0,100.0,959.257,207.28,1572.708,1569.376,1565.939,54.971,65.327,72.005,65.337,53.041,1.456,2.339,0.288,69.037,55.229,65.296
0,48.779,100.0,0.0,100.0,958.209,207.532,1569.528,1568.53,1562.771,54.952,65.52,72.01,65.404,53.018,1.457,2.338,0.289,69.037,55.229,65.491
0,48.799,100.0,0.0,100.0,958.804,207.428,1571.333,1568.882,1564.57,55.099,65.979,72.019,65.691,53.165,1.456,2.339,0.289,69.037,55.229,65.952
0,48.93,100.0,0.0,100.0,962.128,206.733,1581.378,1571.214,1574.575,55.281,66.537,72.035,66.161,53.351,1.45,2.341,0.287,69.037,55.229,66.512
0,49.068,100.0,0.0,100.0,968.74,205.33,1601.109,1575.878,1594.233,55.33,66.978,72.044,66.654,53.409,1.438,2.345,0.284,69.037,55.229,66.955
0,49.169,100.0,0.0,100.0,975.915,203.808,1622.164,1580.869,1615.207,55.448,67.094,72.046,66.964,53.538,1.423,2.349,0.281,69.037,55.229,67.071
0,49.263,100.0,0.0,100.0,983.006,202.314,1642.606,1585.705,1635.572,55.294,66.938,72.047,66.995,53.394,1.409,2.353,0.278,69.037,55.229,66.914
0,49.232,100.0,0.0,100.0,988.742,201.171,1658.888,1589.364,1651.79,55.323,66.693,72.039,66.839,53.431,1.397,2.355,0.276,69.037,55.229,66.668
0,49.287,100.0,0.0,100.0,992.263,200.461,1668.769,1591.621,1661.634,55.243,66.362,72.031,66.576,53.357,1.39,2.357,0.275,69.037,55.229,66.336
0,49.264,100.0,0.0,100.0,993.532,200.188,1672.308,1592.483,1665.159,55.174,65.971,72.02,66.23,53.292,1.387,2.357,0.274,69.037,55.229,65.943
0,49.223,100.0,0.0,100.0,992.526,200.36,1669.501,1591.939,1662.362,55.026,65.605,72.01,65.859,53.144,1.389,2.357,0.275,69.037,55.229,65.576
0,49.119,100.0,0.0,100.0,989.209,200.992,1660.203,1589.935,1653.099,54.88,65.302,71.998,65.519,52.994,1.396,2.356,0.276,69.037,55.229,65.272
0,49.047,100.0,0.0,100.0,984.074,202.038,1645.655,1586.592,1638.608,54.944,65.241,71.987,65.32,53.052,1.407,2.353,0.278,69.037,55.229,65.211
0,49.066,100.0,0.0,100.0,977.654,203.4,1627.21,1582.196,1620.233,54.913,65.182,71.979,65.238,53.014,1.42,2.35,0.281,69.037,55.229,65.151
0,48.998,100.0,0.0,100.0,970.839,204.861,1607.308,1577.423,1600.407,54.761,65.006,71.972,65.115,52.851,1.433,2.346,0.283,69.037,55.229,64.975
0,48.893,100.0,0.0,100.0,963.928,206.356,1586.779,1572.472,1579.957,54.797,65.033,71.968,65.038,52.877,1.447,2.342,0.286,69.037,55.229,65.001
0,48.887,100.0,0.0,100.0,957.48,207.765,1567.312,1567.743,1560.562,54.792,65.071,71.965,65.052,52.861,1.459,2.338,0.289,69.037,55.229,65.04
0,48.853,100.0,0.0,100.0,951.686,209.042,1549.552,1563.403,1542.871,54.83,65.21,71.967,65.121,52.889,1.469,2.334,0.292,69.037,55.229,65.179
0,48.896,100.0,0.0,100.0,948.086,209.849,1538.393,1560.634,1531.756,55.034,65.59,71.981,65.353,53.084,1.476,2.331,0.293,69.037,55.229,65.56
0,48.974,100.0,0.0,100.0,948.112,209.866,1538.472,1560.574,1531.835,54.893,65.773,71.991,65.622,52.941,1.476,2.331,0.293,69.037,55.229,65.744
0,48.877,100.0,0.0,100.0,949.752,209.531,1543.569,1561.729,1536.913,54.886,65.734,71.997,65.72,52.936,1.473,2.332,0.293,69.037,55.229,65.706
0,48.875,100.0,0.0,100.0,952.889,208.87,1553.262,1563.991,1546.567,54.918,65.702,72.006,65.711,52.972,1.467,2.334,0.291,69.037,55.229,65.673
0,48.909,100.0,0.0,100.0,957.239,207.947,1566.576,1567.129,1559.832,55.075,65.846,72.009,65.765,53.136,1.459,2.338,0.29,69.037,55.229,65.818
0,48.984,100.0,0.0,100.0,961.604,207.021,1579.799,1570.249,1573.004,55.02,65.963,72.017,65.881,53.089,1.451,2.34,0.288,69.037,55.229,65.935
0,48.987,100.0,0.0,100.0,967.689,205.726,1597.996,1574.566,1591.132,55.171,66.08,72.026,65.993,53.249,1.44,2.344,0.285,69.037,55.229,66.053
0,49.138,100.0,0.0,100.0,974.182,204.345,1617.114,1579.114,1610.176,55.36,66.331,72.032,66.168,53.448,1.427,2.348,0.282,69.037,55.229,66.304
0,49.318,100.0,0.0,100.0,982.167,202.743,1640.207,1584.324,1633.181,55.523,66.676,72.05,66.447,53.621,1.411,2.352,0.279,69.037,55.229,66.652
0,49.517,100.0,0.0,100.0,992.096,200.785,1668.302,1590.593,1661.169,55.721,67.198,72.06,66.869,53.832,1.39,2.357,0.275,69.037,55.229,67.175
0,49.722,100.0,0.0,100.0,1003.13,198.621,1698.747,1597.402,1691.497,55.696,67.253,72.069,67.16,53.82,1.366,2.361,0.271,69.037,55.229,67.231
0,49.812,100.0,0.0,100.0,1015.2,196.276,1731.147,1604.647,1723.774,55.727,67.387,72.082,67.288,53.864,1.34,2.365,0.267,69.037,55.229,67.366
0,49.952,100.0,0.0,100.0,1028.58,193.705,1766.072,1612.44,1758.569,55.768,67.534,72.09,67.444,53.918,1.309,2.367,0.262,69.037,55.229,67.513
0,50.069,100.0,0.0,100.0,1047.98,192.125,1803.683,1623.401,1796.027,55.712,67.275,72.096,67.39,53.871,1.282,2.378,0.258,69.167,55.333,67.253
0,50.182,100.0,0.0,100.0,1080.72,194.532,1838.707,1641.362,1830.91,55.888,67.446,72.098,67.369,54.034,1.283,2.415,0.259,69.69,55.752,67.424
0,50.422,100.0,0.0,100.0,1110.37,196.855,1868.715,1657.253,1860.795,55.938,67.584,72.089,67.508,54.064,1.285,2.448,0.259,70.165,56.132,67.563
0,50.59,100.0,0.0,100.0,1130.22,198.673,1886.826,1667.815,1878.853,55.996,67.537,72.069,67.552,54.104,1.289,2.471,0.26,70.497,56.398,67.516
0,50.704,100.0,0.0,100.0,1135.86,199.36,1890.715,1671.002,1882.725,55.684,67.269,72.048,67.408,53.783,1.293,2.479,0.26,70.605,56.484,67.247
0,50.614,100.0,0.0,100.0,1131.93,199.926,1881.827,1669.353,1873.854,55.568,66.991,72.021,67.147,53.664,1.302,2.479,0.261,70.603,56.482,66.968
0,50.701,100.0,0.0,100.0,1122.43,201.553,1859.651,1664.886,1851.766,55.787,67.239,72.006,67.136,53.878,1.325,2.478,0.264,70.603,56.482,67.217
0,50.922,100.0,0.0,100.0,1111.33,203.516,1833.216,1659.432,1825.437,55.748,67.434,72.002,67.324,53.831,1.352,2.478,0.268,70.603,56.482,67.413
0,50.944,100.0,0.0,100.0,1100.31,205.522,1806.429,1653.782,1798.738,55.487,67.437,71.989,67.417,53.561,1.377,2.476,0.271,70.603,56.482,67.416
0,50.842,100.0,0.0,100.0,1087.32,207.948,1774.08,1646.844,1766.53,55.282,67.315,71.971,67.373,53.346,1.407,2.473,0.276,70.603,56.482,67.294
0,50.779,100.0,0.0,100.0,1072.54,210.765,1736.168,1638.636,1728.755,55.237,67.3,71.966,67.317,53.287,1.439,2.469,0.281,70.603,56.482,67.278
0,50.743,100.0,0.0,100.0,1060.21,213.171,1703.592,1631.487,1696.302,55.017,67.286,71.973,67.298,53.051,1.465,2.465,0.285,70.603,56.482,67.264
0,50.615,100.0,0.0,100.0,1050.59,215.085,1677.528,1625.707,1670.339,54.949,67.286,71.967,67.289,52.97,1.485,2.46,0.289,70.603,56.482,67.264
0,50.579,100.0,0.0,100.0,1041.63,216.89,1652.74,1620.172,1645.646,54.937,67.222,71.957,67.259,52.946,1.503,2.456,0.292,70.603,56.482,67.2
0,50.552,100.0,0.0,100.0,1032.11,218.826,1625.835,1614.147,1618.843,54.904,67.161,71.948,67.2,52.899,1.521,2.45,0.296,70.603,56.482,67.139
0,50.502,100.0,0.0,100.0,1022.8,220.812,1598.971,1607.866,1592.08,54.827,67.198,71.953,67.183,52.807,1.538,2.444,0.3,70.603,56.482,67.176
0,50.476,100.0,0.0,100.0,1017.51,221.994,1583.439,1604.075,1576.608,55.014,67.381,71.972,67.274,52.982,1.548,2.44,0.302,70.603,56.482,67.36
0,50.593,100.0,0.0,100.0,1017.04,221.808,1583.975,1603.7,1577.143,55.083,67.592,71.993,67.448,53.048,1.546,2.439,0.302,70.584,56.468,67.572
0,50.692,100.0,0.0,100.0,1021.71,220.845,1597.7,1606.79,1590.815,55.372,67.951,72.006,67.723,53.343,1.538,2.443,0.3,70.584,56.468,67.932
0,50.87,100.0,0.0,100.0,1028.19,219.593,1616.495,1610.77,1609.539,55.214,67.898,72.017,67.885,53.194,1.526,2.447,0.298,70.584,56.468,67.879
0,50.79,100.0,0.0,100.0,1037.08,217.864,1641.827,1616.201,1634.776,55.166,67.785,72.031,67.834,53.159,1.509,2.452,0.294,70.584,56.468,67.765
0,50.858,100.0,0.0,100.0,1047.08,215.924,1669.707,1622.203,1662.549,55.392,67.997,72.042,67.886,53.399,1.49,2.458,0.29,70.584,56.468,67.978
0,51.061,100.0,0.0,100.0,1058.9,213.646,1701.85,1629.133,1694.568,55.548,68.288,72.053,68.11,53.57,1.466,2.463,0.286,70.584,56.468,68.27
0,51.281,100.0,0.0,100.0,1071.28,211.273,1734.624,1636.224,1727.22,55.86,68.572,72.051,68.389,53.897,1.439,2.468,0.282,70.584,56.468,68.555
0,51.532,100.0,0.0,100.0,1081.88,209.244,1761.971,1642.186,1754.456,55.708,68.524,72.054,68.518,53.758,1.416,2.471,0.278,70.584,56.468,68.507
0,51.548,100.0,0.0,100.0,1092.43,207.235,1788.565,1648.002,1780.944,55.723,68.355,72.064,68.435,53.784,1.393,2.474,0.274,70.584,56.468,68.337
0,51.735,100.0,0.0,100.0,1103.87,205.071,1816.778,1654.176,1809.069,55.922,68.421,72.066,68.4,53.993,1.366,2.476,0.271,70.584,56.468,68.404
0,51.948,100.0,0.0,100.0,1113.94,203.164,1841.101,1659.541,1833.286,55.858,68.357,72.061,68.392,53.938,1.343,2.477,0.267,70.584,56.468,68.339
0,52.036,100.0,0.0,100.0,1121.91,201.645,1860.003,1663.765,1852.101,55.892,68.231,72.061,68.293,53.978,1.324,2.477,0.265,70.584,56.468,68.213
0,52.281,100.0,0.0,100.0,1128.75,200.327,1876.002,1667.394,1868.064,56.256,68.592,72.052,68.422,54.348,1.307,2.477,0.262,70.584,56.468,68.575
0,52.587,100.0,0.0,100.0,1132.02,199.632,1883.605,1669.295,1875.632,55.944,68.373,72.037,68.459,54.039,1.299,2.477,0.261,70.584,56.468,68.356
0,52.608,100.0,0.0,100.0,1131.8,199.566,1883.077,1669.476,1875.104,56.288,68.558,72.035,68.469,54.384,1.3,2.477,0.261,70.584,56.468,68.542
0,52.952,100.0,0.0,100.0,1131.45,199.525,1882.267,1669.587,1874.294,55.91,68.596,72.039,68.568,54.006,1.3,2.477,0.261,70.584,56.468,68.58
0,52.824,100.0,0.0,100.0,1131.67,199.395,1882.795,1669.941,1874.822,55.916,68.617,72.034,68.596,54.012,1.3,2.477,0.261,70.584,56.468,68.601
0,53.08,100.0,0.0,100.0,1130.11,199.632,1879.187,1669.297,1871.232,56.141,68.801,72.029,68.703,54.236,1.304,2.477,0.261,70.584,56.468,68.786
0,53.291,100.0,0.0,100.0,1127.72,200.031,1873.626,1668.205,1865.688,55.966,68.903,72.022,68.834,54.06,1.309,2.477,0.262,70.584,56.468,68.888
0,53.405,100.0,0.0,100.0,1122.84,200.89,1862.186,1665.847,1854.283,56.258,69.094,72.004,68.991,54.35,1.321,2.477,0.263,70.584,56.468,69.08
0,53.679,100.0,0.0,100.0,1113.84,202.517,1840.872,1661.345,1833.058,55.826,68.649,71.988,68.867,53.912,1.343,2.477,0.266,70.584,56.468,68.633
0,53.469,100.0,0.0,100.0,1101.66,204.765,1811.374,1655.042,1803.683,55.552,68.235,71.971,68.48,53.63,1.371,2.475,0.27,70.584,56.468,68.217
0,53.454,100.0,0.0,100.0,1086.85,207.553,1774.573,1647.087,1767.022,55.481,68.029,71.956,68.181,53.547,1.405,2.472,0.275,70.584,56.468,68.01
0,53.418,100.0,0.0,100.0,1070.77,210.645,1733.273,1638.076,1725.87,55.246,68.053,71.955,68.067,53.296,1.441,2.468,0.281,70.584,56.468,68.035
0,53.29,100.0,0.0,100.0,1058.05,213.158,1699.56,1630.601,1692.288,55.049,68.302,71.966,68.17,53.083,1.467,2.463,0.285,70.584,56.468,68.285
0,53.196,100.0,0.0,100.0,1050.48,214.705,1679.036,1625.927,1671.842,55.012,68.613,71.977,68.421,53.034,1.483,2.459,0.288,70.584,56.468,68.597
0,53.192,100.0,0.0,100.0,1047.2,215.419,1670.045,1623.75,1662.885,55.06,68.763,71.99,68.645,53.075,1.489,2.458,0.29,70.584,56.468,68.748
0,53.221,100.0,0.0,100.0,1047.33,215.434,1670.388,1623.706,1663.226,55.062,68.791,71.991,68.75,53.076,1.489,2.458,0.29,70.584,56.468,68.775
0,53.239,100.0,0.0,100.0,1047.24,215.503,1670.141,1623.493,1662.982,55.137,68.779,71.987,68.777,53.15,1.489,2.458,0.29,70.584,56.468,68.763
0,53.329,100.0,0.0,100.0,1047.41,215.519,1670.624,1623.443,1663.462,55.245,68.639,71.997,68.712,53.258,1.489,2.458,0.29,70.584,56.468,68.623
0,53.406,100.0,0.0,100.0,1050.33,214.99,1678.626,1625.059,1671.433,55.195,68.75,72.011,68.701,53.211,1.483,2.459,0.289,70.584,56.468,68.735
0,53.42,100.0,0.0,100.0,1056.0,213.915,1694.04,1628.322,1686.789,55.265,68.832,72.016,68.78,53.287,1.472,2.462,0.287,70.584,56.468,68.817
0,53.542,100.0,0.0,100.0,1061.95,212.778,1710.009,1631.74,1702.696,55.455,68.989,72.019,68.888,53.484,1.459,2.464,0.285,70.584,56.468,68.975
0,53.718,100.0,0.0,100.0,1068.67,211.491,1727.788,1635.579,1720.409,55.518,69.412,72.03,69.169,53.555,1.445,2.467,0.282,70.584,56.468,69.399
0,53.815,100.0,0.0,100.0,1077.17,209.868,1749.882,1640.36,1742.416,55.506,69.381,72.039,69.356,53.552,1.427,2.47,0.279,70.584,56.468,69.368
0,53.927,100.0,0.0,100.0,1086.62,208.076,1773.992,1645.577,1766.424,55.707,69.378,72.043,69.368,53.762,1.406,2.472,0.276,70.584,56.468,69.365
0,54.155,100.0,0.0,100.0,1095.9,206.318,1797.206,1650.632,1789.55,55.757,69.343,72.046,69.357,53.821,1.385,2.474,0.273,70.584,56.468,69.33
0,54.339,100.0,0.0,100.0,1104.92,204.609,1819.347,1655.482,1811.621,56.078,69.512,72.042,69.422,54.151,1.364,2.476,0.27,70.584,56.468,69.499
0,54.75,76.0,24.0,76.0,1106.5,226.525,1823.184,1588.166,1641.098,56.201,70.003,72.027,69.685,54.278,1.333,2.476,0.311,70.584,56.468,69.734
0,54.339,40.0,60.0,40.0,1122.28,205.095,1846.486,1662.081,479.34,54.039,71.783,72.006,70.976,52.115,1.338,2.488,0.269,70.751,56.601,69.977
0,53.384,40.0,60.0,40.0,1114.21,207.581,1827.162,1655.083,472.775,54.054,71.761,71.982,71.582,52.125,1.36,2.488,0.274,70.751,56.601,70.0
0,53.129,40.0,60.0,40.0,1104.96,210.46,1804.616,1646.827,465.078,53.979,71.766,71.956,71.721,52.043,1.385,2.486,0.279,70.751,56.601,70.069
0,52.888,40.0,60.0,40.0,1091.31,214.756,1770.595,1634.181,453.385,53.787,71.71,71.935,71.728,51.84,1.421,2.483,0.287,70.751,56.601,69.872
0,52.604,40.0,60.0,40.0,1076.24,219.551,1731.836,1619.564,439.9,53.768,71.761,71.929,71.734,51.806,1.461,2.479,0.296,70.751,56.601,70.03
0,52.391,40.0,60.0,40.0,1062.84,223.271,1696.306,1607.823,421.967,53.638,71.864,71.927,71.805,51.66,1.488,2.473,0.303,70.751,56.601,70.368
0,52.083,40.0,60.0,40.0,1052.12,226.298,1667.112,1597.99,407.32,53.497,71.853,71.927,71.848,51.504,1.51,2.468,0.309,70.751,56.601,70.259
0,51.787,40.0,60.0,40.0,1043.63,228.768,1643.456,1589.764,395.546,53.457,71.839,71.918,71.846,51.451,1.526,2.463,0.314,70.751,56.601,70.173
0,51.518,40.0,60.0,40.0,1034.38,231.483,1617.148,1580.496,382.517,53.35,71.786,71.903,71.816,51.33,1.544,2.458,0.32,70.751,56.601,69.932
0,51.209,40.0,60.0,40.0,1017.34,232.556,1585.938,1566.683,367.833,53.354,71.808,71.9,71.801,51.324,1.552,2.439,0.324,70.574,56.459,69.967
0,50.976,40.0,60.0,40.0,999.695,232.171,1559.994,1553.422,356.141,53.343,71.821,71.894,71.815,51.312,1.551,2.417,0.326,70.322,56.258,69.991
0,50.733,40.0,60.0,40.0,981.828,231.966,1532.066,1539.504,343.524,53.423,71.767,71.881,71.796,51.393,1.55,2.394,0.329,70.074,56.059,69.739
0,50.545,40.0,60.0,40.0,962.925,231.666,1502.033,1524.51,330.032,53.338,71.785,71.885,71.778,51.307,1.549,2.369,0.332,69.807,55.845,69.737
0,50.269,40.0,60.0,40.0,949.92,231.27,1481.911,1514.124,321.121,53.415,71.801,71.894,71.792,51.384,1.547,2.351,0.333,69.612,55.69,69.731
0,50.077,40.0,60.0,40.0,940.806,231.109,1466.995,1506.574,314.498,53.493,71.81,71.901,71.801,51.461,1.546,2.338,0.335,69.481,55.585,69.71
0,49.931,40.0,60.0,40.0,936.984,230.823,1461.939,1503.563,312.377,53.676,71.836,71.924,71.818,51.645,1.544,2.333,0.335,69.414,55.531,69.735
0,49.85,40.0,60.0,40.0,939.775,230.098,1470.922,1506.616,316.756,53.771,71.884,71.947,71.851,51.744,1.54,2.335,0.333,69.415,55.532,69.899
0,49.75,40.0,60.0,40.0,946.12,228.349,1491.375,1513.727,326.698,53.95,71.937,71.965,71.899,51.934,1.529,2.341,0.329,69.415,55.532,70.135
0,49.734,40.0,60.0,40.0,954.183,226.099,1516.981,1522.646,339.171,54.176,71.955,71.981,71.935,52.176,1.515,2.349,0.324,69.415,55.532,70.232
0,49.761,40.0,60.0,40.0,963.905,223.36,1547.244,1533.182,353.957,54.341,72.035,72.003,71.984,52.359,1.498,2.357,0.318,69.415,55.532,70.584
0,49.778,40.0,60.0,40.0,975.695,220.026,1583.036,1545.565,371.524,54.5,72.056,72.01,72.035,52.538,1.476,2.365,0.311,69.415,55.532,70.73
0,49.82,40.0,60.0,40.0,986.249,217.032,1614.226,1556.315,386.894,54.648,72.05,72.014,72.046,52.706,1.455,2.372,0.304,69.415,55.532,70.759
0,49.877,40.0,60.0,40.0,996.497,214.133,1643.756,1566.414,401.511,54.821,72.12,72.027,72.081,52.894,1.435,2.377,0.298,69.415,55.532,71.061
0,49.969,40.0,60.0,40.0,1007.04,211.225,1673.371,1576.263,416.279,54.976,72.119,72.038,72.112,53.063,1.413,2.382,0.292,69.415,55.532,71.078
0,50.07,40.0,60.0,40.0,1018.21,208.154,1703.977,1586.383,431.596,55.118,72.169,72.044,72.141,53.219,1.389,2.386,0.286,69.415,55.532,71.306
0,50.172,40.0,60.0,40.0,1027.94,205.328,1729.981,1595.458,443.186,55.169,72.132,72.038,72.148,53.282,1.367,2.39,0.281,69.415,55.532,71.216
0,50.219,40.0,60.0,40.0,1034.64,203.168,1747.574,1602.253,449.203,55.17,72.056,72.038,72.098,53.291,1.349,2.391,0.277,69.415,55.532,70.944
0,50.258,40.0,60.0,40.0,1040.19,201.366,1761.936,1607.829,454.084,55.215,72.033,72.035,72.053,53.342,1.334,2.392,0.273,69.415,55.532,70.882
0,50.328,40.0,60.0,40.0,1043.35,200.296,1770.032,1611.099,456.81,55.271,71.997,72.031,72.019,53.403,1.325,2.393,0.271,69.415,55.532,70.772
0,50.411,40.0,60.0,40.0,1045.19,199.638,1774.714,1613.098,458.367,55.353,72.072,72.035,72.037,53.486,1.32,2.393,0.27,69.415,55.532,71.058
0,50.496,40.0,60.0,40.0,1045.42,199.482,1775.294,1613.57,458.526,55.309,72.047,71.989,72.059,53.443,1.32,2.393,0.27,69.415,55.532,71.097
0,50.492,40.0,60.0,40.0,1033.34,203.238,1744.164,1602.035,447.864,55.194,71.922,71.905,71.989,53.322,1.353,2.391,0.277,69.415,55.532,70.827
0,50.422,40.0,60.0,40.0,1006.62,210.955,1672.22,1577.164,415.395,54.966,71.85,71.834,71.9,53.072,1.414,2.382,0.292,69.415,55.532,70.651
0,50.249,40.0,60.0,40.0,970.867,221.169,1568.503,1541.371,364.172,54.706,71.876,71.773,71.871,52.768,1.485,2.362,0.313,69.415,55.532,70.762
0,50.005,40.0,60.0,40.0,933.621,231.864,1450.842,1499.263,307.115,54.383,71.948,71.723,71.905,52.377,1.55,2.329,0.338,69.415,55.532,71.021
0,49.684,40.0,60.0,40.0,868.626,233.129,1321.602,1438.647,249.339,54.084,72.023,71.674,71.967,52.022,1.555,2.237,0.354,68.605,54.884,71.366
0,49.322,40.0,60.0,40.0,806.218,233.011,1193.071,1376.697,193.677,53.71,72.061,71.646,72.02,51.595,1.55,2.141,0.369,67.799,54.24,71.492
0,48.877,40.0,60.0,40.0,749.794,232.454,1074.132,1318.819,143.58,53.408,72.074,71.626,72.052,51.226,1.546,2.054,0.385,67.127,53.702,71.419
0,48.445,40.0,60.0,40.0,694.762,230.963,966.173,1265.067,99.569,53.196,72.088,71.614,72.068,50.945,1.542,1.977,0.398,66.531,53.225,71.261
0,48.084,40.0,60.0,40.0,645.03,228.882,911.904,1234.981,79.22,53.249,72.137,71.611,72.095,50.992,1.536,1.933,0.405,66.13,52.904,71.543
0,47.91,40.0,60.0,40.0,608.108,228.505,859.151,1232.341,26.4,53.119,72.181,71.612,72.127,50.889,1.533,1.916,0.404,66.1,52.88,71.589
0,47.551,40.0,60.0,40.0,597.954,229.32,852.0,1221.639,26.4,53.4,72.201,71.629,72.163,51.171,1.532,1.91,0.41,66.09,52.872,71.571
0,47.489,40.0,60.0,40.0,584.357,228.705,837.811,1211.044,26.4,53.565,72.235,71.65,72.193,51.349,1.534,1.899,0.412,65.973,52.778,71.865
0,47.385,40.0,60.0,40.0,578.905,227.947,832.906,1206.29,26.4,53.741,72.257,71.666,72.224,51.536,1.532,1.892,0.412,65.881,52.704,72.047
0,47.335,40.0,60.0,40.0,578.398,227.988,832.311,1205.329,26.4,53.929,72.258,71.672,72.243,51.727,1.532,1.892,0.413,65.879,52.703,71.87
0,47.294,40.0,60.0,40.0,576.318,227.897,830.111,1203.229,26.4,54.051,72.279,71.688,72.256,51.851,1.532,1.89,0.413,65.859,52.688,72.026
0,47.257,40.0,60.0,40.0,585.693,227.449,841.79,1209.928,26.4,54.235,72.3,71.713,72.275,52.033,1.523,1.894,0.41,65.858,52.687,71.984
0,47.269,40.0,60.0,40.0,597.022,226.677,851.648,1219.14,26.4,54.388,72.325,71.74,72.296,52.173,1.519,1.9,0.405,65.858,52.687,72.123
0,47.313,40.0,60.0,40.0,626.983,227.127,900.983,1219.103,79.231,54.896,72.37,71.767,72.324,52.686,1.52,1.912,0.408,65.858,52.687,72.51
0,47.51,40.0,60.0,40.0,642.2,226.222,910.679,1226.815,80.738,54.77,72.404,71.793,72.363,52.546,1.52,1.919,0.402,65.858,52.687,72.664
0,47.517,40.0,60.0,40.0,664.648,225.365,937.39,1237.331,92.226,54.949,72.406,71.815,72.389,52.709,1.511,1.93,0.398,65.858,52.687,72.502
0,47.603,40.0,60.0,40.0,676.447,224.484,962.989,1247.331,103.306,55.038,72.421,71.835,72.402,52.805,1.503,1.94,0.393,65.858,52.687,72.534
0,47.68,40.0,60.0,40.0,685.179,223.631,986.325,1256.38,113.465,55.155,72.459,71.853,72.425,52.945,1.496,1.95,0.388,65.858,52.687,72.761
0,47.799,40.0,60.0,40.0,696.833,222.303,1019.528,1269.451,127.922,55.282,72.537,71.87,72.47,53.101,1.486,1.963,0.382,65.858,52.687,73.287
0,47.915,40.0,60.0,40.0,708.509,220.748,1055.229,1283.515,143.549,55.349,72.564,71.871,72.525,53.207,1.475,1.978,0.375,65.858,52.687,73.475
0,47.993,40.0,60.0,40.0,715.978,219.619,1079.329,1293.047,154.134,55.343,72.54,71.868,72.542,53.231,1.468,1.988,0.371,65.858,52.687,73.318
0,48.05,40.0,60.0,40.0,721.09,218.777,1096.369,1299.836,161.629,55.377,72.527,71.876,72.536,53.285,1.463,1.995,0.367,65.858,52.687,73.198
0,48.133,40.0,60.0,40.0,724.784,218.129,1108.946,1304.894,167.159,55.404,72.497,71.87,72.521,53.328,1.459,2.0,0.365,65.858,52.687,73.038
0,48.194,40.0,60.0,40.0,724.928,218.07,1109.441,1305.348,167.305,55.364,72.478,71.851,72.498,53.294,1.459,2.0,0.365,65.858,52.687,73.022
0,48.216,40.0,60.0,40.0,720.844,218.718,1095.54,1300.3,161.035,55.305,72.449,71.833,72.476,53.227,1.463,1.994,0.367,65.858,52.687,72.932
0,48.195,40.0,60.0,40.0,713.116,219.9,1069.981,1290.722,149.622,55.14,72.414,71.818,72.446,53.04,1.471,1.984,0.372,65.858,52.687,72.774
0,48.1,40.0,60.0,40.0,702.312,221.401,1035.975,1277.753,134.567,54.985,72.383,71.806,72.415,52.853,1.481,1.97,0.378,65.858,52.687,72.592
0,48.01,40.0,60.0,40.0,688.906,223.02,996.683,1262.529,117.338,54.917,72.37,71.798,72.391,52.745,1.493,1.954,0.386,65.858,52.687,72.494
0,47.93,40.0,60.0,40.0,673.161,224.61,954.534,1245.944,99.049,54.759,72.355,71.792,72.373,52.544,1.506,1.937,0.393,65.858,52.687,72.326
0,47.786,40.0,60.0,40.0,643.891,226.031,912.703,1229.228,81.097,54.652,72.358,71.801,72.362,52.416,1.52,1.92,0.401,65.858,52.687,72.142
0,47.689,40.0,60.0,40.0,617.773,226.731,904.149,1221.373,79.245,54.648,72.366,71.813,72.362,52.448,1.52,1.908,0.406,65.858,52.687,72.018
0,47.445,40.0,60.0,40.0,594.301,226.833,850.187,1216.332,26.4,54.377,72.393,71.814,72.376,52.157,1.52,1.898,0.406,65.858,52.687,72.114
0,47.383,40.0,60.0,40.0,579.747,227.682,834.404,1206.406,26.4,54.504,72.417,71.823,72.391,52.298,1.529,1.891,0.412,65.858,52.687,72.378
0,47.35,40.0,60.0,40.0,571.094,227.514,824.62,1199.829,26.4,54.549,72.456,71.839,72.416,52.352,1.533,1.885,0.414,65.808,52.646,72.952
0,47.318,40.0,60.0,40.0,564.474,226.849,818.016,1194.672,26.4,54.583,72.485,71.857,72.446,52.394,1.533,1.878,0.414,65.722,52.578,73.298
0,47.277,40.0,60.0,40.0,562.867,226.449,816.828,1193.319,26.4,54.617,72.494,71.871,72.471,52.433,1.531,1.876,0.414,65.681,52.545,73.134
0,47.258,40.0,60.0,40.0,568.915,226.187,824.44,1197.699,26.4,54.707,72.487,71.876,72.482,52.522,1.525,1.878,0.412,65.681,52.545,72.84
0,47.267,40.0,60.0,40.0,575.096,225.907,832.19,1202.161,26.4,54.753,72.492,71.891,72.485,52.565,1.519,1.881,0.41,65.681,52.545,72.627
0,47.275,40.0,60.0,40.0,586.915,225.334,845.861,1210.391,26.4,54.852,72.523,71.917,72.497,52.659,1.51,1.886,0.406,65.681,52.545,72.963
0,47.319,40.0,60.0,40.0,603.749,224.333,853.533,1216.41,26.4,54.917,72.541,71.93,72.518,52.699,1.511,1.894,0.4,65.681,52.545,73.333
0,47.492,40.0,60.0,40.0,631.223,224.852,902.704,1219.238,79.277,55.265,72.594,71.932,72.555,53.053,1.511,1.906,0.403,65.681,52.545,73.385
0,47.569,40.0,60.0,40.0,642.248,224.188,914.514,1226.134,83.074,55.206,72.599,71.934,72.579,52.985,1.509,1.912,0.399,65.681,52.545,73.438
0,47.634,40.0,60.0,40.0,651.764,223.818,925.908,1230.724,87.935,55.205,72.581,71.935,72.586,52.977,1.505,1.916,0.397,65.681,52.545,73.238
0,47.652,40.0,60.0,40.0,658.727,223.538,934.203,1234.077,91.476,55.246,72.607,71.946,72.588,53.014,1.502,1.919,0.395,65.681,52.545,73.395
0,47.726,40.0,60.0,40.0,665.897,223.085,947.306,1239.339,97.091,55.278,72.664,71.966,72.616,53.047,1.498,1.925,0.393,65.681,52.545,73.759
0,47.79,40.0,60.0,40.0,673.652,222.359,967.419,1247.361,105.75,55.32,72.739,71.985,72.668,53.105,1.492,1.933,0.389,65.681,52.545,74.254
0,47.864,40.0,60.0,40.0,682.776,221.407,992.392,1257.247,116.562,55.351,72.819,72.002,72.737,53.16,1.484,1.943,0.384,65.681,52.545,74.73
0,47.936,40.0,60.0,40.0,692.398,220.276,1020.328,1268.214,128.736,55.376,72.845,72.017,72.799,53.214,1.476,1.954,0.379,65.681,52.545,74.734
0,48.039,40.0,60.0,40.0,704.842,218.559,1058.946,1283.559,145.597,55.535,72.85,72.027,72.829,53.408,1.464,1.97,0.372,65.681,52.545,74.587
0,48.211,40.0,60.0,40.0,717.061,216.592,1099.521,1299.628,163.44,55.582,72.92,72.033,72.864,53.498,1.452,1.986,0.364,65.681,52.545,74.937
0,48.317,40.0,60.0,40.0,727.586,214.671,1136.37,1314.088,179.777,55.596,72.947,72.035,72.913,53.552,1.441,2.001,0.357,65.681,52.545,75.014
0,48.418,40.0,60.0,40.0,736.126,212.958,1167.327,1326.16,193.595,55.589,72.933,72.035,72.931,53.579,1.431,2.014,0.35,65.681,52.545,74.864
0,48.501,40.0,60.0,40.0,742.901,211.503,1192.416,1335.891,204.853,55.588,72.902,72.027,72.922,53.604,1.423,2.023,0.346,65.681,52.545,74.68
0,48.579,40.0,60.0,40.0,746.911,210.593,1207.427,1341.766,211.596,55.556,72.875,72.017,72.897,53.591,1.417,2.029,0.343,65.681,52.545,74.557
0,48.633,40.0,60.0,40.0,748.71,210.162,1214.192,1344.492,214.618,55.507,72.878,72.003,72.882,53.551,1.415,2.031,0.341,65.681,52.545,74.634
0,48.688,40.0,60.0,40.0,748.554,210.171,1213.603,1344.439,214.303,55.499,72.954,72.024,72.903,53.545,1.415,2.031,0.341,65.681,52.545,74.969
0,48.762,40.0,60.0,40.0,753.03,209.105,1230.495,1351.05,221.917,55.533,73.088,72.093,72.988,53.588,1.41,2.038,0.338,65.681,52.545,75.357
0,48.876,40.0,60.0,40.0,764.53,206.286,1274.101,1367.685,241.768,55.608,73.199,72.153,73.101,53.691,1.393,2.053,0.329,65.681,52.545,75.586
0,49.027,40.0,60.0,40.0,780.503,202.141,1334.314,1390.275,269.472,55.73,73.242,72.197,73.191,53.857,1.369,2.073,0.317,65.681,52.545,75.511
0,49.203,40.0,60.0,40.0,798.27,197.302,1399.596,1414.413,299.849,55.75,73.149,72.221,73.193,53.924,1.339,2.093,0.304,65.681,52.545,74.895
0,49.335,40.0,60.0,40.0,815.475,192.466,1460.298,1436.633,328.376,55.832,73.042,72.24,73.115,54.047,1.307,2.109,0.292,65.681,52.545,74.312
0,49.51,40.0,60.0,40.0,831.854,188.039,1514.154,1456.393,353.853,55.845,72.927,72.252,73.01,54.092,1.276,2.122,0.282,65.694,52.555,73.773
0,49.665,40.0,60.0,40.0,861.461,188.642,1561.655,1480.966,374.84,55.95,72.907,72.259,72.936,54.203,1.276,2.159,0.278,66.169,52.935,73.667
0,49.861,40.0,60.0,40.0,883.408,189.564,1592.844,1498.11,388.494,55.962,72.899,72.263,72.911,54.209,1.279,2.187,0.276,66.543,53.234,73.619
0,50.004,40.0,60.0,40.0,900.538,190.416,1616.483,1510.659,399.001,55.952,72.913,72.264,72.908,54.191,1.281,2.209,0.275,66.832,53.465,73.666
0,50.121,40.0,60.0,40.0,910.87,191.102,1629.691,1517.905,404.84,55.87,72.894,72.265,72.903,54.102,1.283,2.222,0.275,67.013,53.61,73.585
0,50.207,40.0,60.0,40.0,914.874,191.482,1634.188,1520.603,406.78,55.853,72.932,72.265,72.912,54.081,1.285,2.228,0.275,67.089,53.671,73.735
0,50.32,40.0,60.0,40.0,920.193,191.125,1643.312,1525.459,410.858,55.818,72.961,72.266,72.942,54.045,1.282,2.233,0.273,67.156,53.725,73.846
0,50.399,40.0,60.0,40.0,930.764,191.246,1657.293,1534.261,416.817,55.702,72.95,72.271,72.953,53.925,1.283,2.246,0.272,67.33,53.864,73.79
0,50.445,40.0,60.0,40.0,936.532,191.199,1664.425,1539.623,419.667,55.709,72.938,72.275,72.944,53.928,1.285,2.253,0.271,67.43,53.944,73.729
0,50.54,40.0,60.0,40.0,937.694,190.925,1665.52,1541.793,419.799,55.628,72.935,72.281,72.938,53.845,1.286,2.255,0.27,67.453,53.963,73.708
0,50.566,40.0,60.0,40.0,937.233,190.647,1664.221,1542.744,418.843,55.519,72.931,72.287,72.935,53.735,1.287,2.254,0.27,67.453,53.962,73.678
0,50.566,40.0,60.0,40.0,936.113,190.577,1661.035,1542.985,416.969,55.409,72.905,72.292,72.921,53.624,1.29,2.254,0.27,67.453,53.962,73.563
0,50.558,40.0,60.0,40.0,934.29,190.737,1655.827,1542.438,414.121,55.348,72.867,72.296,72.891,53.561,1.294,2.253,0.27,67.453,53.962,73.402
0,50.561,40.0,60.0,40.0,932.035,191.161,1649.354,1540.975,410.759,55.256,72.83,72.299,72.854,53.467,1.299,2.253,0.271,67.453,53.962,73.246
0,50.546,40.0,60.0,40.0,929.731,191.671,1642.703,1539.213,407.366,55.228,72.855,72.299,72.846,53.436,1.304,2.252,0.272,67.453,53.962,73.341
0,50.541,40.0,60.0,40.0,922.52,193.798,1621.625,1531.767,397.058,55.135,72.894,72.295,72.871,53.336,1.32,2.249,0.276,67.453,53.962,73.507
0,50.502,40.0,60.0,40.0,916.227,195.663,1602.908,1525.105,387.936,55.052,72.916,72.291,72.899,53.245,1.333,2.246,0.28,67.453,53.962,73.604
0,50.445,40.0,60.0,40.0,911.18,197.165,1587.668,1519.646,380.531,54.942,72.952,72.287,72.928,53.127,1.344,2.243,0.283,67.453,53.962,73.757
0,50.369,40.0,60.0,40.0,907.471,198.277,1576.34,1515.547,375.045,54.901,72.989,72.29,72.962,53.079,1.351,2.241,0.286,67.453,53.962,73.9
0,50.334,40.0,60.0,40.0,906.825,198.524,1574.357,1514.631,374.132,54.884,73.064,72.3,73.016,53.06,1.353,2.241,0.286,67.453,53.962,74.179
0,50.296,40.0,60.0,40.0,909.737,197.766,1583.277,1517.437,378.551,54.838,73.092,72.301,73.068,53.016,1.347,2.242,0.284,67.453,53.962,74.284
0,50.246,40.0,60.0,40.0,913.556,196.736,1594.866,1521.214,384.268,54.817,73.06,72.294,73.072,53.001,1.339,2.244,0.282,67.453,53.962,74.173
0,50.201,40.0,60.0,40.0,916.791,195.85,1604.596,1524.431,389.059,54.797,73.037,72.286,73.052,52.985,1.332,2.246,0.28,67.453,53.962,74.103
0,50.173,40.0,60.0,40.0,919.465,195.103,1612.575,1527.12,392.982,54.865,73.046,72.279,73.043,53.057,1.326,2.247,0.279,67.453,53.962,74.158
0,50.195,40.0,60.0,40.0,921.968,194.392,1619.997,1529.658,396.621,54.874,73.087,72.274,73.064,53.07,1.321,2.248,0.277,67.453,53.962,74.344
0,50.178,40.0,60.0,40.0,924.379,193.697,1627.097,1532.126,400.099,54.904,73.137,72.266,73.105,53.102,1.316,2.25,0.276,67.453,53.962,74.568
0,50.2,40.0,60.0,40.0,926.342,193.116,1632.845,1534.171,402.906,54.955,73.141,72.263,73.133,53.157,1.311,2.25,0.275,67.453,53.962,74.594
0,50.197,40.0,60.0,40.0,929.163,192.302,1641.056,1537.022,406.931,54.88,73.134,72.266,73.135,53.085,1.305,2.252,0.273,67.453,53.962,74.553
0,50.14,40.0,60.0,40.0,933.631,191.04,1653.939,1541.396,413.281,54.877,73.152,72.261,73.143,53.087,1.296,2.253,0.27,67.453,53.962,74.634
0,50.121,40.0,60.0,40.0,937.622,189.905,1665.326,1545.282,418.894,54.846,73.127,72.248,73.14,53.061,1.287,2.255,0.268,67.453,53.962,74.569
0,50.05,40.0,60.0,40.0,941.653,189.788,1671.815,1548.39,421.893,54.846,73.078,72.236,73.106,53.062,1.285,2.259,0.268,67.506,54.005,74.415
0,50.075,40.0,60.0,40.0,942.438,189.929,1672.19,1548.93,421.985,54.942,73.115,72.224,73.1,53.157,1.286,2.26,0.268,67.525,54.02,74.594
0,50.08,40.0,60.0,40.0,941.169,190.243,1668.624,1547.858,420.191,54.807,73.135,72.212,73.123,53.02,1.289,2.26,0.268,67.525,54.02,74.713
0,49.986,40.0,60.0,40.0,938.585,190.929,1661.292,1545.523,416.534,54.813,73.095,72.201,73.115,53.025,1.295,2.259,0.27,67.525,54.02,74.59
0,49.944,40.0,60.0,40.0,934.646,191.995,1650.021,1541.866,410.935,54.733,73.065,72.19,73.085,52.94,1.304,2.257,0.272,67.525,54.02,74.506
0,49.858,40.0,60.0,40.0,930.19,193.22,1637.134,1537.617,404.554,54.705,73.034,72.181,73.055,52.915,1.313,2.256,0.274,67.525,54.02,74.414
0,49.799,40.0,60.0,40.0,925.484,194.522,1623.364,1533.048,397.751,54.692,73.041,72.173,73.042,52.888,1.323,2.254,0.277,67.525,54.02,74.474
0,49.736,40.0,60.0,40.0,920.768,195.839,1609.393,1528.361,390.871,54.63,73.015,72.166,73.031,52.82,1.333,2.251,0.28,67.525,54.02,74.391
0,49.63,40.0,60.0,40.0,916.1,197.159,1595.398,1523.6,384.004,54.56,72.97,72.159,72.998,52.744,1.343,2.249,0.282,67.525,54.02,74.23
0,49.537,40.0,60.0,40.0,911.959,198.331,1582.835,1519.316,377.849,54.565,72.934,72.154,72.96,52.742,1.352,2.247,0.285,67.525,54.02,74.1
0,49.46,40.0,60.0,40.0,908.138,199.426,1571.126,1515.267,372.134,54.511,72.892,72.149,72.922,52.682,1.36,2.244,0.287,67.525,54.02,73.941
0,49.377,40.0,60.0,40.0,904.834,200.383,1560.9,1511.689,367.159,54.589,72.864,72.144,72.886,52.755,1.366,2.242,0.289,67.525,54.02,73.835
0,49.349,40.0,60.0,40.0,902.317,201.116,1553.05,1508.924,363.348,54.555,72.882,72.141,72.876,52.716,1.371,2.241,0.291,67.525,54.02,73.922
0,49.279,40.0,60.0,40.0,900.506,201.65,1547.371,1506.893,360.601,54.629,72.906,72.138,72.891,52.787,1.375,2.24,0.292,67.525,54.02,74.031
0,49.265,40.0,60.0,40.0,899.737,201.886,1544.953,1505.988,359.441,54.646,72.953,72.144,72.921,52.801,1.376,2.239,0.293,67.525,54.02,74.212
0,49.249,40.0,60.0,40.0,902.127,201.25,1552.457,1508.415,363.134,54.769,73.056,72.154,72.99,52.927,1.372,2.241,0.291,67.525,54.02,74.61
0,49.275,40.0,60.0,40.0,907.309,199.829,1568.567,1513.767,371.034,54.771,73.125,72.163,73.071,52.935,1.361,2.244,0.288,67.525,54.02,74.864
0,49.251,40.0,60.0,40.0,915.415,197.594,1593.33,1522.018,383.198,54.822,73.227,72.176,73.157,52.996,1.344,2.249,0.283,67.525,54.02,75.226
0,49.274,40.0,60.0,40.0,926.021,194.674,1624.943,1532.508,398.779,54.912,73.315,72.187,73.252,53.1,1.322,2.254,0.277,67.525,54.02,75.52
0,49.31,40.0,60.0,40.0,938.929,191.141,1662.269,1544.8,417.259,54.955,73.335,72.196,73.312,53.159,1.294,2.259,0.27,67.525,54.02,75.538
0,49.339,40.0,60.0,40.0,965.301,190.027,1707.077,1564.374,438.449,55.021,73.301,72.202,73.314,53.232,1.279,2.284,0.265,67.834,54.267,75.352
0,49.402,40.0,60.0,40.0,1001.32,191.691,1748.944,1589.194,451.781,55.132,73.267,72.204,73.286,53.327,1.278,2.326,0.263,68.437,54.749,75.209
0,49.514,40.0,60.0,40.0,1038.1,193.693,1788.424,1613.515,463.72,55.3,73.265,72.203,73.268,53.471,1.28,2.37,0.262,69.058,55.246,75.198
0,49.654,40.0,60.0,40.0,1073.23,195.722,1824.416,1635.82,474.533,55.364,73.369,72.2,73.314,53.511,1.282,2.411,0.261,69.645,55.716,75.602
0,49.735,40.0,60.0,40.0,1105.16,197.988,1855.621,1654.541,483.967,55.349,73.497,72.194,73.424,53.472,1.284,2.449,0.261,70.174,56.139,76.101
0,49.786,40.0,60.0,40.0,1132.79,199.999,1881.581,1670.393,491.755,55.376,73.449,72.185,73.461,53.477,1.286,2.481,0.261,70.629,56.503,75.935
0,49.885,40.0,60.0,40.0,1154.77,201.618,1901.574,1682.833,497.709,55.495,73.447,72.176,73.446,53.578,1.288,2.506,0.261,70.99,56.792,75.949
0,50.024,40.0,60.0,40.0,1172.22,202.797,1917.291,1692.791,502.353,55.527,73.535,72.169,73.492,53.596,1.29,2.526,0.261,71.272,57.018,76.297
0,50.099,40.0,60.0,40.0,1185.29,203.643,1928.696,1700.357,505.68,55.446,73.531,72.16,73.529,53.504,1.291,2.541,0.261,71.484,57.187,76.306
0,50.136,40.0,60.0,40.0,1194.39,204.128,1936.563,1705.876,507.925,55.465,73.433,72.15,73.48,53.514,1.293,2.551,0.261,71.632,57.305,75.96
0,50.203,40.0,60.0,40.0,1199.08,204.292,1940.347,1709.044,508.946,55.44,73.404,72.141,73.424,53.484,1.294,2.557,0.261,71.71,57.368,75.878
0,50.252,40.0,60.0,40.0,1199.55,204.197,1940.277,1709.903,508.8,55.416,73.415,72.131,73.414,53.457,1.295,2.558,0.261,71.723,57.379,75.947
0,50.296,40.0,60.0,40.0,1198.2,204.326,1937.302,1709.574,507.72,55.396,73.413,72.122,73.414,53.437,1.299,2.558,0.261,71.723,57.379,75.97
0,50.34,40.0,60.0,40.0,1195.56,204.859,1931.477,1708.205,505.681,55.379,73.433,72.113,73.423,53.419,1.307,2.558,0.262,71.723,57.379,76.067
0,50.376,40.0,60.0,40.0,1191.85,205.751,1923.24,1705.906,502.846,55.326,73.452,72.106,73.441,53.364,1.318,2.558,0.263,71.723,57.379,76.163
0,50.389,40.0,60.0,40.0,1187.42,206.906,1913.349,1702.909,499.46,55.307,73.456,72.099,73.451,53.342,1.33,2.558,0.265,71.723,57.379,76.198
0,50.45,40.0,60.0,40.0,1182.53,208.401,1902.349,1699.0,495.76,55.394,73.507,72.093,73.479,53.426,1.344,2.558,0.268,71.723,57.379,76.402
0,50.516,40.0,60.0,40.0,1177.73,209.905,1891.454,1695.033,492.105,55.245,73.618,72.089,73.558,53.273,1.357,2.558,0.27,71.723,57.379,76.835
0,50.424,40.0,60.0,40.0,1173.25,211.326,1881.211,1691.247,488.655,55.016,73.599,72.084,73.601,53.041,1.37,2.558,0.273,71.723,57.379,76.779
0,50.344,40.0,60.0,40.0,1168.88,212.728,1871.126,1687.481,485.26,55.126,73.534,72.078,73.565,53.149,1.382,2.557,0.275,71.723,57.379,76.536
0,50.392,40.0,60.0,40.0,1164.66,214.098,1861.323,1683.767,481.953,55.003,73.533,72.074,73.538,53.022,1.393,2.557,0.278,71.723,57.379,76.542
0,50.332,40.0,60.0,40.0,1160.78,215.372,1852.242,1680.283,478.887,55.006,73.528,72.071,73.532,53.021,1.403,2.556,0.28,71.723,57.379,76.53
0,50.323,40.0,60.0,40.0,1157.34,216.512,1844.128,1677.141,476.147,54.949,73.558,72.067,73.544,52.962,1.413,2.556,0.282,71.723,57.379,76.653
0,50.298,40.0,60.0,40.0,1154.34,217.517,1837.018,1674.351,473.743,55.03,73.497,72.064,73.527,53.041,1.421,2.555,0.284,71.723,57.379,76.421
0,50.355,40.0,60.0,40.0,1151.86,218.356,1831.104,1672.007,471.749,55.044,73.484,72.062,73.494,53.052,1.427,2.555,0.285,71.723,57.379,76.374
0,50.341,40.0,60.0,40.0,1150.12,218.954,1826.933,1670.326,470.341,54.958,73.539,72.061,73.513,52.964,1.432,2.555,0.286,71.723,57.379,76.591
0,50.31,40.0,60.0,40.0,1148.98,219.357,1824.205,1669.193,469.422,55.025,73.584,72.06,73.556,53.03,1.435,2.555,0.287,71.723,57.379,76.763
0,50.346,40.0,60.0,40.0,1148.49,219.54,1823.043,1668.675,469.038,55.02,73.639,72.059,73.606,53.025,1.436,2.554,0.287,71.723,57.379,76.979
0,50.341,40.0,60.0,40.0,1148.6,219.527,1823.307,1668.712,469.139,55.01,73.642,72.058,73.634,53.014,1.436,2.554,0.287,71.723,57.379,76.992
0,50.369,40.0,60.0,40.0,1149.21,219.348,1824.768,1669.217,469.645,55.125,73.728,72.058,73.682,53.129,1.434,2.555,0.287,71.723,57.379,77.324
0,50.428,40.0,60.0,40.0,1150.36,218.99,1827.514,1670.228,470.589,55.071,73.713,72.057,73.715,53.077,1.431,2.555,0.286,71.723,57.379,77.265
0,50.4,40.0,60.0,40.0,1152.01,218.459,1831.456,1671.717,471.932,55.016,73.642,72.056,73.678,53.022,1.427,2.555,0.285,71.723,57.379,76.996
0,50.387,40.0,60.0,40.0,1153.77,217.888,1835.645,1673.316,473.361,55.061,73.601,72.054,73.627,53.07,1.422,2.555,0.284,71.723,57.379,76.844
0,50.438,40.0,60.0,40.0,1155.48,217.327,1839.746,1674.879,474.748,55.128,73.614,72.053,73.612,53.138,1.418,2.556,0.283,71.723,57.379,76.898
0,50.479,40.0,60.0,40.0,1157.17,216.773,1843.723,1676.418,476.099,55.102,73.626,72.051,73.621,53.113,1.413,2.556,0.282,71.723,57.379,76.953
0,50.474,40.0,60.0,40.0,1158.8,216.236,1847.578,1677.903,477.4,55.109,73.556,72.048,73.592,53.121,1.409,2.556,0.281,71.723,57.379,76.693
0,50.518,40.0,60.0,40.0,1160.31,215.728,1851.15,1679.304,478.602,55.168,73.529,72.046,73.546,53.182,1.405,2.556,0.28,71.723,57.379,76.592
0,50.575,40.0,60.0,40.0,1161.52,215.325,1853.984,1680.413,479.56,55.18,73.608,72.044,73.571,53.195,1.401,2.556,0.28,71.723,57.379,76.904
0,50.591,40.0,60.0,40.0,1162.75,214.91,1856.87,1681.55,480.528,55.12,73.633,72.042,73.615,53.135,1.398,2.557,0.279,71.723,57.379,77.012
0,50.585,40.0,60.0,40.0,1163.63,214.617,1858.912,1682.351,481.216,55.148,73.673,72.039,73.649,53.165,1.396,2.557,0.278,71.723,57.379,77.17
0,50.608,40.0,60.0,40.0,1164.35,214.37,1860.602,1683.025,481.782,55.075,73.631,72.036,73.648,53.093,1.394,2.557,0.278,71.723,57.379,77.018
0,50.577,40.0,60.0,40.0,1164.71,214.244,1861.446,1683.368,482.062,55.082,73.654,72.032,73.643,53.1,1.393,2.557,0.278,71.723,57.379,77.119
0,50.621,40.0,60.0,40.0,1164.61,214.27,1861.218,1683.297,481.981,55.187,73.697,72.029,73.674,53.204,1.393,2.557,0.278,71.723,57.379,77.292
0,50.678,40.0,60.0,40.0,1164.26,214.381,1860.39,1682.996,481.701,55.115,73.693,72.027,73.693,53.133,1.394,2.557,0.278,71.723,57.379,77.287
0,50.649,40.0,60.0,40.0,1163.76,214.543,1859.211,1682.553,481.302,55.055,73.623,72.024,73.658,53.073,1.395,2.557,0.278,71.723,57.379,77.028
0,50.633,40.0,60.0,40.0,1162.99,214.794,1857.416,1681.868,480.696,55.071,73.624,72.02,73.628,53.088,1.397,2.557,0.279,71.723,57.379,77.039
0,50.658,40.0,60.0,40.0,1161.98,215.126,1855.058,1680.958,479.901,55.089,73.65,72.018,73.636,53.102,1.4,2.557,0.279,71.723,57.379,77.146
0,50.69,40.0,60.0,40.0,1160.88,215.492,1852.47,1679.953,479.028,55.129,73.688,72.016,73.664,53.141,1.403,2.556,0.28,71.723,57.379,77.294
0,50.718,40.0,60.0,40.0,1159.82,215.844,1849.989,1678.984,478.192,55.075,73.678,72.014,73.679,53.089,1.406,2.556,0.281,71.723,57.379,77.262
0,50.699,40.0,60.0,40.0,1158.86,216.166,1847.718,1678.095,477.43,55.096,73.664,72.012,73.67,53.109,1.409,2.556,0.281,71.723,57.379,77.215
0,50.721,40.0,60.0,40.0,1157.96,216.47,1845.606,1677.255,476.715,55.063,73.692,72.01,73.678,53.077,1.411,2.556,0.282,71.723,57.379,77.327
0,50.725,40.0,60.0,40.0,1157.14,216.749,1843.67,1676.484,476.064,55.118,73.7,72.009,73.694,53.13,1.413,2.556,0.282,71.723,57.379,77.357
0,50.776,40.0,60.0,40.0,1156.45,216.985,1842.034,1675.83,475.515,55.157,73.717,72.008,73.705,53.168,1.415,2.556,0.283,71.723,57.379,77.425
0,50.826,40.0,60.0,40.0,1155.95,217.159,1840.837,1675.346,475.114,55.188,73.823,72.008,73.764,53.206,1.416,2.556,0.283,71.723,57.379,77.835
0,50.862,40.0,60.0,40.0,1155.76,217.23,1840.379,1675.147,474.964,55.144,73.953,72.008,73.877,53.155,1.417,2.556,0.283,71.723,57.379,78.336
0,50.897,40.0,60.0,40.0,1155.97,217.168,1840.907,1675.321,475.142,55.29,74.005,72.01,73.966,53.301,1.416,2.556,0.283,71.723,57.379,78.528
0,50.972,40.0,60.0,40.0,1156.69,216.941,1842.597,1675.951,475.723,55.108,73.978,72.011,73.984,53.119,1.414,2.556,0.282,71.723,57.379,78.425
0,50.878,40.0,60.0,40.0,1157.75,216.603,1845.114,1676.889,476.576,55.055,73.948,72.01,73.964,53.066,1.411,2.556,0.282,71.723,57.379,78.312
0,50.885,40.0,60.0,40.0,1158.75,216.285,1847.472,1677.768,477.375,55.121,73.896,72.009,73.925,53.134,1.409,2.556,0.281,71.723,57.379,78.114
0,50.958,40.0,60.0,40.0,1159.61,216.011,1849.496,1678.524,478.065,55.231,73.918,72.009,73.912,53.245,1.406,2.556,0.281,71.723,57.379,78.196
0,51.02,40.0,60.0,40.0,1160.49,215.732,1851.555,1679.293,478.768,55.138,73.882,72.009,73.902,53.152,1.404,2.556,0.28,71.723,57.379,78.059
0,50.977,40.0,60.0,40.0,1161.31,215.47,1853.491,1680.013,479.42,55.073,73.802,72.007,73.846,53.088,1.402,2.556,0.28,71.723,57.379,77.758
0,50.963,40.0,60.0,40.0,1161.8,215.317,1854.635,1680.434,479.809,55.074,73.735,72.005,73.776,53.094,1.401,2.557,0.28,71.723,57.379,77.505
0,50.973,40.0,60.0,40.0,1161.85,215.305,1854.741,1680.467,479.85,55.054,73.729,72.003,73.739,53.07,1.4,2.557,0.28,71.723,57.379,77.491
0,50.963,40.0,60.0,40.0,1161.49,215.424,1853.914,1680.14,479.574,55.048,73.774,72.001,73.755,53.063,1.401,2.556,0.28,71.723,57.379,77.671
0,50.971,40.0,60.0,40.0,1160.78,215.661,1852.242,1679.489,479.009,55.042,73.731,71.999,73.75,53.057,1.403,2.556,0.28,71.723,57.379,77.51
0,50.955,40.0,60.0,40.0,1159.78,215.992,1849.883,1678.577,478.211,54.971,73.735,71.997,73.735,52.986,1.406,2.556,0.281,71.723,57.379,77.53
0,50.925,40.0,60.0,40.0,1158.88,216.281,1847.771,1677.78,477.499,55.006,73.737,71.998,73.736,53.025,1.408,2.556,0.281,71.723,57.379,77.535
0,50.975,40.0,60.0,40.0,1158.4,216.427,1846.645,1677.375,477.11,55.114,73.779,71.999,73.756,53.127,1.41,2.556,0.282,71.723,57.379,77.692
0,51.028,40.0,60.0,40.0,1158.48,216.385,1846.821,1677.493,477.164,55.082,73.842,72.001,73.807,53.095,1.409,2.556,0.282,71.723,57.379,77.932
0,51.03,40.0,60.0,40.0,1159.14,216.147,1848.387,1678.149,477.687,55.097,73.847,72.002,73.839,53.11,1.408,2.556,0.281,71.723,57.379,77.943
0,51.053,40.0,60.0,40.0,1160.28,215.755,1851.062,1679.23,478.581,55.136,73.841,72.004,73.842,53.15,1.405,2.556,0.28,71.723,57.379,77.916
0,51.094,40.0,60.0,40.0,1161.8,215.237,1854.635,1680.654,479.78,55.129,73.867,72.006,73.854,53.144,1.401,2.557,0.279,71.723,57.379,78.012
0,51.121,40.0,60.0,40.0,1163.62,214.624,1858.894,1682.331,481.209,55.172,73.883,72.008,73.873,53.187,1.396,2.557,0.278,71.723,57.379,78.069
0,51.191,40.0,60.0,40.0,1165.65,213.944,1863.629,1684.184,482.801,55.255,73.931,72.01,73.903,53.273,1.39,2.557,0.277,71.723,57.379,78.245
0,51.285,40.0,60.0,40.0,1167.91,213.193,1868.891,1686.224,484.568,55.32,74.021,72.012,73.97,53.338,1.384,2.557,0.276,71.723,57.379,78.583
0,51.329,40.0,60.0,40.0,1170.45,212.356,1874.77,1688.482,486.538,55.184,74.056,72.013,74.032,53.205,1.377,2.557,0.274,71.723,57.379,78.719
0,51.288,40.0,60.0,40.0,1173.03,211.533,1880.701,1690.695,488.537,55.172,73.975,72.013,74.012,53.196,1.37,2.558,0.273,71.723,57.379,78.409
0,51.311,40.0,60.0,40.0,1175.29,210.834,1885.875,1692.562,490.288,55.165,73.957,72.013,73.97,53.19,1.364,2.558,0.272,71.723,57.379,78.342
0,51.326,40.0,60.0,40.0,1177.08,210.271,1889.958,1694.06,491.661,55.152,73.979,72.011,73.971,53.179,1.359,2.558,0.271,71.723,57.379,78.431
0,51.342,40.0,60.0,40.0,1178.33,209.866,1892.81,1695.135,492.615,55.127,73.972,72.009,73.975,53.155,1.355,2.558,0.27,71.723,57.379,78.411
0,51.373,40.0,60.0,40.0,1179.02,209.627,1894.394,1695.767,493.136,55.249,73.959,72.008,73.965,53.277,1.354,2.558,0.27,71.723,57.379,78.366
0,51.439,40.0,60.0,40.0,1179.29,209.514,1895.01,1696.066,493.332,55.109,73.996,72.006,73.979,53.138,1.353,2.558,0.27,71.723,57.379,78.513
0,51.398,40.0,60.0,40.0,1179.18,209.533,1894.746,1696.017,493.24,55.173,73.993,72.004,73.993,53.202,1.353,2.558,0.27,71.723,57.379,78.507
0,51.443,40.0,60.0,40.0,1178.66,209.707,1893.584,1695.556,492.855,55.095,73.945,72.002,73.968,53.123,1.355,2.558,0.27,71.723,57.379,78.329
0,51.419,40.0,60.0,40.0,1177.81,209.993,1891.63,1694.799,492.205,55.13,73.965,72.0,73.957,53.156,1.357,2.558,0.27,71.723,57.379,78.414
0,51.476,40.0,60.0,40.0,1176.6,210.391,1888.885,1693.741,491.286,55.21,74.028,71.999,73.995,53.237,1.36,2.558,0.271,71.723,57.379,78.656
0,51.562,40.0,60.0,40.0,1175.33,210.809,1885.963,1692.627,490.311,55.267,74.107,71.999,74.061,53.293,1.364,2.558,0.272,71.723,57.379,78.957
0,51.611,40.0,60.0,40.0,1174.3,211.144,1883.622,1691.735,489.528,55.197,74.205,71.999,74.148,53.222,1.367,2.558,0.272,71.723,57.379,79.33
0,51.609,40.0,60.0,40.0,1173.62,211.367,1882.056,1691.14,489.004,55.234,74.18,72.0,74.184,53.259,1.368,2.558,0.273,71.723,57.379,79.232
0,51.667,40.0,60.0,40.0,1173.21,211.5,1881.123,1690.783,488.685,55.222,74.098,72.0,74.138,53.246,1.37,2.558,0.273,71.723,57.379,78.917
0,51.668,40.0,60.0,40.0,1173.0,211.566,1880.63,1690.605,488.52,55.125,74.115,72.0,74.113,53.149,1.37,2.558,0.273,71.723,57.379,78.986
0,51.635,40.0,60.0,40.0,1172.81,211.622,1880.19,1690.455,488.375,55.095,74.074,71.999,74.097,53.119,1.371,2.558,0.273,71.723,57.379,78.829
0,51.65,40.0,60.0,40.0,1172.5,211.719,1879.469,1690.195,488.131,55.145,74.031,71.999,74.055,53.169,1.371,2.558,0.273,71.723,57.379,78.664
0,51.689,40.0,60.0,40.0,1172.06,211.856,1878.466,1689.827,487.789,55.131,74.052,71.998,74.045,53.155,1.373,2.558,0.274,71.723,57.379,78.749
0,51.699,40.0,60.0,40.0,1171.55,212.016,1877.286,1689.398,487.393,55.118,74.054,71.997,74.051,53.136,1.374,2.557,0.274,71.723,57.379,78.758
0,51.761,40.0,60.0,40.0,1171.02,212.181,1876.072,1688.954,486.983,55.322,74.108,71.997,74.078,53.345,1.376,2.557,0.274,71.723,57.379,78.96
0,51.923,40.0,60.0,40.0,1170.8,212.248,1875.562,1688.775,486.807,55.396,74.201,72.0,74.15,53.418,1.376,2.557,0.274,71.723,57.379,79.308
0,51.973,40.0,60.0,40.0,1171.21,212.107,1876.53,1689.153,487.129,55.24,74.2,72.002,74.193,53.262,1.375,2.557,0.274,71.723,57.379,79.305
0,51.945,40.0,60.0,40.0,1172.12,211.808,1878.606,1689.957,487.826,55.296,74.155,72.003,74.176,53.319,1.373,2.558,0.274,71.723,57.379,79.127
0,52.031,40.0,60.0,40.0,1173.31,211.418,1881.352,1691.003,488.743,55.326,74.136,72.006,74.148,53.35,1.369,2.558,0.273,71.723,57.379,79.046
0,52.11,40.0,60.0,40.0,1174.61,210.991,1884.326,1692.141,489.739,55.407,74.189,71.997,74.166,53.432,1.366,2.558,0.272,71.723,57.379,79.27
0,52.175,40.0,60.0,40.0,1172.62,211.598,1879.768,1690.52,488.198,55.233,74.104,71.975,74.146,53.258,1.371,2.558,0.273,71.723,57.379,79.016
0,52.087,40.0,60.0,40.0,1164.92,214.025,1861.939,1683.964,482.164,55.096,73.989,71.961,74.053,53.117,1.392,2.557,0.277,71.723,57.379,78.621
0,52.046,40.0,60.0,40.0,1155.0,217.181,1838.584,1675.284,474.225,55.12,73.962,71.961,73.985,53.143,1.419,2.556,0.283,71.723,57.379,78.518
0,52.086,40.0,60.0,40.0,1146.82,219.797,1819.013,1667.948,467.537,55.147,74.037,71.966,74.002,53.153,1.441,2.554,0.288,71.723,57.379,78.792
0,52.094,40.0,60.0,40.0,1141.17,221.616,1805.302,1662.769,462.827,55.069,74.11,71.972,74.066,53.069,1.456,2.553,0.291,71.723,57.379,79.06
0,52.019,40.0,60.0,40.0,1137.84,222.697,1797.136,1659.657,460.022,54.858,74.162,71.978,74.127,52.854,1.464,2.552,0.293,71.723,57.379,79.254
0,51.921,40.0,60.0,40.0,1136.53,223.136,1793.915,1658.388,458.916,54.974,74.169,71.983,74.159,52.967,1.468,2.552,0.294,71.723,57.379,79.257
0,51.98,40.0,60.0,40.0,1136.99,223.011,1795.042,1658.747,459.32,54.986,74.162,71.988,74.163,52.978,1.467,2.552,0.293,71.723,57.379,79.216
0,51.977,40.0,60.0,40.0,1139.08,222.367,1800.181,1660.611,461.102,55.023,74.173,71.995,74.166,53.018,1.461,2.552,0.292,71.723,57.379,79.23
0,52.021,40.0,60.0,40.0,1142.56,221.279,1808.682,1663.733,464.038,55.059,74.288,72.002,74.227,53.057,1.452,2.553,0.29,71.723,57.379,79.654
0,52.044,40.0,60.0,40.0,1146.96,219.891,1819.347,1667.683,467.711,55.043,74.277,71.997,74.275,53.044,1.44,2.554,0.288,71.723,57.379,79.624
0,52.022,40.0,60.0,40.0,1148.91,219.284,1824.029,1669.397,469.323,54.949,74.192,71.989,74.233,52.953,1.435,2.555,0.287,71.723,57.379,79.321
0,51.97,40.0,60.0,40.0,1149.3,219.176,1824.979,1669.701,469.652,54.977,74.164,71.993,74.185,52.982,1.434,2.555,0.286,71.723,57.379,79.2
0,52.005,40.0,60.0,40.0,1150.28,218.877,1827.338,1670.544,470.466,55.079,74.157,71.986,74.167,53.084,1.432,2.555,0.286,71.723,57.379,79.191
0,52.057,40.0,60.0,40.0,1148.23,219.539,1822.41,1668.679,468.785,55.043,74.054,71.965,74.111,53.048,1.437,2.554,0.287,71.723,57.379,78.857
0,52.045,40.0,60.0,40.0,1141.07,221.834,1805.038,1662.142,462.824,55.055,73.922,71.946,74.0,53.055,1.456,2.553,0.291,71.723,57.379,78.407
0,52.029,40.0,60.0,40.0,1130.25,225.307,1778.339,1652.045,453.601,54.882,73.91,71.942,73.929,52.873,1.484,2.55,0.298,71.723,57.379,78.385
0,51.893,40.0,60.0,40.0,1120.57,228.423,1753.956,1642.758,445.118,54.764,73.962,71.952,73.94,52.744,1.509,2.547,0.303,71.723,57.379,78.563
0,51.815,40.0,60.0,40.0,1114.34,230.414,1738.0,1636.705,439.329,54.788,73.976,71.951,73.967,52.759,1.524,2.545,0.307,71.723,57.379,78.623
0,51.777,40.0,60.0,40.0,1107.93,232.197,1721.343,1631.201,430.88,54.729,73.932,71.939,73.954,52.694,1.537,2.542,0.311,71.723,57.379,78.529
0,51.685,40.0,60.0,40.0,1099.27,234.559,1698.71,1623.655,419.434,54.638,73.872,71.929,73.907,52.594,1.554,2.538,0.315,71.721,57.377,78.387
0,51.582,40.0,60.0,40.0,1078.58,234.038,1671.206,1609.927,406.718,54.615,73.924,71.932,73.9,52.569,1.554,2.514,0.317,71.437,57.149,78.658
0,51.499,40.0,60.0,40.0,1065.11,233.31,1654.708,1601.116,399.263,54.544,74.023,71.948,73.965,52.502,1.552,2.497,0.318,71.232,56.986,79.064
0,51.405,40.0,60.0,40.0,1061.32,232.903,1651.033,1598.736,397.711,54.6,74.076,71.963,74.036,52.561,1.55,2.492,0.318,71.165,56.932,79.246
0,51.39,40.0,60.0,40.0,1062.98,232.486,1655.556,1600.173,400.0,54.66,74.059,71.966,74.06,52.625,1.547,2.493,0.317,71.166,56.932,79.147
0,51.348,40.0,60.0,40.0,1064.02,232.219,1658.457,1601.056,401.477,54.566,74.012,71.958,74.038,52.533,1.544,2.493,0.317,71.166,56.932,78.974
0,51.223,40.0,60.0,40.0,1063.09,232.503,1655.873,1600.118,400.199,54.527,73.926,71.962,73.977,52.493,1.546,2.493,0.317,71.166,56.932,78.621
0,51.164,40.0,60.0,40.0,1064.06,232.249,1658.548,1600.958,401.556,54.657,73.923,71.977,73.933,52.624,1.544,2.494,0.317,71.166,56.932,78.547
0,51.223,40.0,60.0,40.0,1068.04,231.146,1669.513,1604.594,407.07,54.839,74.03,71.988,73.973,52.811,1.537,2.496,0.314,71.166,56.932,78.91
0,51.289,40.0,60.0,40.0,1073.53,229.618,1684.477,1609.571,414.601,54.867,74.116,72.0,74.059,52.845,1.526,2.499,0.311,71.166,56.932,79.174
0,51.28,40.0,60.0,40.0,1081.48,227.396,1705.84,1616.69,425.366,54.862,74.176,72.016,74.132,52.848,1.51,2.502,0.307,71.166,56.932,79.299
0,51.295,40.0,60.0,40.0,1091.76,224.53,1732.891,1625.675,439.034,55.007,74.192,72.029,74.173,53.006,1.489,2.506,0.301,71.166,56.932,79.236
0,51.385,40.0,60.0,40.0,1103.5,220.767,1763.045,1637.159,449.814,55.093,74.245,72.04,74.213,53.105,1.459,2.51,0.294,71.166,56.932,79.394
0,51.471,40.0,60.0,40.0,1116.47,216.571,1795.517,1649.579,460.992,55.252,74.236,72.05,74.235,53.277,1.425,2.514,0.287,71.166,56.932,79.315
0,51.613,40.0,60.0,40.0,1129.66,212.402,1827.69,1661.547,471.999,55.328,74.267,72.046,74.251,53.365,1.39,2.516,0.279,71.166,56.932,79.438
0,51.699,40.0,60.0,40.0,1139.32,209.424,1850.71,1669.883,479.841,55.359,74.207,72.036,74.236,53.405,1.363,2.517,0.274,71.166,56.932,79.237
0,51.775,40.0,60.0,40.0,1145.54,207.478,1865.301,1675.242,484.771,55.368,74.121,72.029,74.169,53.42,1.346,2.518,0.27,71.166,56.932,78.932
0,51.83,40.0,60.0,40.0,1148.38,206.528,1871.936,1677.833,486.981,55.354,74.128,72.021,74.132,53.41,1.338,2.518,0.269,71.166,56.932,78.983
0,51.888,40.0,60.0,40.0,1149.35,206.144,1874.171,1678.873,487.703,55.409,74.125,72.025,74.128,53.466,1.336,2.518,0.268,71.166,56.932,78.962
0,51.983,40.0,60.0,40.0,1150.91,205.583,1877.797,1680.392,488.891,55.453,74.162,72.028,74.142,53.511,1.332,2.518,0.267,71.166,56.932,79.094
0,52.11,40.0,60.0,40.0,1153.09,204.838,1882.83,1682.4,490.558,55.622,74.249,72.031,74.202,53.681,1.326,2.518,0.266,71.166,56.932,79.414
0,52.281,40.0,60.0,40.0,1155.97,203.885,1889.448,1684.955,492.754,55.597,74.272,72.036,74.254,53.657,1.318,2.518,0.264,71.166,56.932,79.49
0,52.352,40.0,60.0,40.0,1159.54,202.726,1897.597,1688.042,495.466,55.603,74.249,72.039,74.257,53.67,1.308,2.518,0.262,71.166,56.932,79.388
0,52.488,40.0,60.0,40.0,1163.3,201.513,1906.133,1691.251,498.302,55.732,74.243,72.033,74.246,53.797,1.297,2.518,0.26,71.166,56.932,79.382
0,52.658,40.0,60.0,40.0,1164.84,201.061,1909.23,1692.654,499.296,55.732,74.29,72.027,74.267,53.799,1.293,2.519,0.259,71.17,56.936,79.586
0,52.738,40.0,60.0,40.0,1164.64,201.034,1908.79,1692.715,499.118,55.639,74.301,72.028,74.294,53.706,1.294,2.519,0.259,71.17,56.936,79.627
0,52.778,40.0,60.0,40.0,1164.33,201.049,1908.086,1692.678,498.858,55.59,74.211,72.022,74.256,53.659,1.295,2.519,0.259,71.17,56.936,79.302
0,52.84,40.0,60.0,40.0,1162.35,201.574,1903.598,1691.298,497.321,55.581,74.102,72.01,74.163,53.648,1.301,2.519,0.26,71.17,56.936,78.925
0,52.909,40.0,60.0,40.0,1156.91,203.146,1891.208,1687.136,493.129,55.525,74.059,71.99,74.091,53.588,1.316,2.519,0.263,71.17,56.936,78.819
0,52.959,40.0,60.0,40.0,1147.25,206.158,1868.909,1679.049,485.63,55.525,74.05,71.983,74.059,53.583,1.343,2.518,0.268,71.17,56.936,78.808
0,53.036,40.0,60.0,40.0,1137.87,209.155,1846.874,1670.84,478.192,55.517,74.111,71.992,74.081,53.569,1.369,2.518,0.273,71.17,56.936,79.017
0,53.092,40.0,60.0,40.0,1131.67,211.154,1832.09,1665.277,473.181,55.447,74.177,71.989,74.139,53.492,1.386,2.517,0.277,71.17,56.936,79.282
0,53.084,40.0,60.0,40.0,1125.11,213.279,1816.267,1659.277,467.799,55.282,74.173,71.985,74.169,53.322,1.403,2.516,0.281,71.17,56.936,79.282
0,53.04,40.0,60.0,40.0,1119.53,215.096,1802.645,1654.076,463.151,55.259,74.142,71.995,74.156,53.294,1.418,2.515,0.284,71.17,56.936,79.134
0,53.055,40.0,60.0,40.0,1117.41,215.802,1797.418,1652.036,461.368,55.177,74.177,72.003,74.16,53.208,1.424,2.514,0.285,71.17,56.936,79.247
0,53.024,40.0,60.0,40.0,1118.23,215.557,1799.442,1652.744,462.072,55.123,74.208,72.011,74.19,53.155,1.422,2.514,0.285,71.17,56.936,79.341
0,53.035,40.0,60.0,40.0,1121.39,214.558,1807.203,1655.621,464.739,55.203,74.178,72.019,74.19,53.236,1.413,2.515,0.283,71.17,56.936,79.197
0,53.1,40.0,60.0,40.0,1126.22,213.022,1818.978,1660.009,468.765,55.194,74.177,72.017,74.18,53.231,1.4,2.516,0.28,71.17,56.936,79.196
0,53.135,40.0,60.0,40.0,1129.15,212.094,1826.053,1662.635,471.18,55.259,74.132,72.0,74.156,53.299,1.392,2.516,0.278,71.17,56.936,79.07
0,53.211,40.0,60.0,40.0,1127.82,212.533,1822.85,1661.392,470.096,55.264,74.11,71.993,74.124,53.305,1.396,2.516,0.279,71.17,56.936,79.008
0,53.263,40.0,60.0,40.0,1125.53,213.285,1817.288,1659.261,468.211,55.34,74.169,71.988,74.141,53.379,1.402,2.516,0.281,71.17,56.936,79.249
0,53.351,40.0,60.0,40.0,1121.85,214.476,1808.347,1655.857,465.157,55.299,74.217,71.983,74.188,53.335,1.412,2.515,0.283,71.17,56.936,79.454
0,53.353,40.0,60.0,40.0,1118.53,215.557,1800.181,1652.744,462.366,55.213,74.211,71.993,74.209,53.246,1.421,2.514,0.285,71.17,56.936,79.403
0,53.338,40.0,60.0,40.0,1118.09,215.706,1799.09,1652.314,461.998,55.195,74.229,72.001,74.217,53.227,1.422,2.514,0.285,71.17,56.936,79.45
0,53.365,40.0,60.0,40.0,1119.84,215.146,1803.402,1653.932,463.477,55.215,74.284,72.007,74.253,53.247,1.417,2.515,0.284,71.17,56.936,79.642
0,53.413,40.0,60.0,40.0,1123.41,214.001,1812.131,1657.22,466.462,55.239,74.307,72.015,74.29,53.275,1.408,2.515,0.282,71.17,56.936,79.703
0,53.458,40.0,60.0,40.0,1128.58,212.338,1824.68,1661.943,470.74,55.237,74.291,72.021,74.296,53.275,1.394,2.516,0.279,71.17,56.936,79.621
0,53.486,40.0,60.0,40.0,1134.89,210.315,1839.798,1667.623,475.876,55.238,74.293,72.026,74.292,53.272,1.377,2.517,0.275,71.17,56.936,79.611
0,53.539,40.0,60.0,40.0,1141.76,208.114,1856.043,1673.711,481.374,55.333,74.28,72.029,74.287,53.382,1.358,2.518,0.271,71.17,56.936,79.545
0,53.656,40.0,60.0,40.0,1148.8,205.979,1872.517,1679.531,486.964,55.394,74.284,72.032,74.282,53.447,1.339,2.518,0.268,71.17,56.936,79.55
0,53.754,40.0,60.0,40.0,1155.84,203.854,1888.762,1685.249,492.448,55.444,74.309,72.034,74.296,53.503,1.319,2.519,0.264,71.17,56.936,79.636
0,53.845,40.0,60.0,40.0,1162.66,201.796,1904.302,1690.712,497.673,55.436,74.318,72.035,74.312,53.501,1.3,2.519,0.26,71.17,56.936,79.668
0,53.908,40.0,60.0,40.0,1175.38,201.267,1920.776,1698.763,502.881,55.495,74.291,72.035,74.304,53.559,1.29,2.529,0.259,71.315,57.052,79.567
0,54.026,40.0,60.0,40.0,1189.37,202.261,1933.026,1706.535,506.498,55.534,74.3,72.033,74.297,53.588,1.291,2.545,0.259,71.541,57.233,79.6
0,54.17,40.0,60.0,40.0,1200.52,203.016,1942.794,1712.711,509.383,55.741,74.315,72.031,74.307,53.786,1.292,2.557,0.259,71.719,57.375,79.653
0,54.374,40.0,60.0,40.0,1209.66,203.616,1950.749,1717.771,511.729,55.69,74.36,72.03,74.337,53.728,1.293,2.568,0.259,71.864,57.491,79.826
0,54.435,40.0,60.0,40.0,1216.92,204.102,1956.944,1721.785,513.542,55.674,74.361,72.028,74.358,53.706,1.294,2.576,0.259,71.979,57.584,79.834
0,54.559,40.0,60.0,40.0,1221.72,204.435,1960.922,1724.459,514.696,55.771,74.342,72.026,74.351,53.799,1.294,2.581,0.259,72.057,57.646,79.766
0,54.705,40.0,60.0,40.0,1224.5,204.616,1963.192,1726.051,515.346,55.698,74.306,72.023,74.325,53.723,1.295,2.584,0.259,72.102,57.682,79.638
0,54.762,40.0,60.0,40.0,1225.51,204.691,1963.861,1726.676,515.52,55.664,74.317,72.02,74.315,53.688,1.295,2.586,0.259,72.12,57.696,79.689
0,54.837,40.0,60.0,40.0,1225.04,204.781,1962.875,1726.439,515.177,55.623,74.322,72.017,74.32,53.646,1.297,2.586,0.259,72.12,57.696,79.718
0,54.898,40.0,60.0,40.0,1223.89,205.084,1960.411,1725.682,514.342,55.593,74.315,72.013,74.318,53.617,1.3,2.586,0.259,72.12,57.696,79.701
0,54.986,40.0,60.0,40.0,1222.17,205.57,1956.68,1724.467,513.091,55.667,74.325,72.011,74.32,53.689,1.305,2.586,0.26,72.12,57.696,79.745
0,55.12,40.0,60.0,40.0,1220.13,206.159,1952.245,1722.989,511.604,55.661,74.344,72.01,74.334,53.682,1.311,2.586,0.261,72.12,57.696,79.825
0,55.197,40.0,60.0,40.0,1217.95,206.803,1947.528,1721.368,510.025,55.6,74.306,72.008,74.324,53.62,1.317,2.586,0.262,72.12,57.696,79.686
0,55.258,40.0,60.0,40.0,1215.65,207.512,1942.512,1719.576,508.351,55.565,74.278,72.006,74.294,53.576,1.323,2.586,0.263,72.12,57.696,79.582
0,55.324,40.0,60.0,40.0,1213.34,208.246,1937.443,1717.714,506.671,55.584,74.265,72.005,74.274,53.601,1.33,2.586,0.265,72.12,57.696,79.536
0,55.414,40.0,60.0,40.0,1211.02,208.999,1932.357,1715.798,504.979,55.533,74.292,72.003,74.28,53.549,1.336,2.586,0.266,72.12,57.696,79.646
0,55.455,40.0,60.0,40.0,1208.76,209.746,1927.341,1713.883,503.32,55.518,74.318,72.002,74.304,53.53,1.343,2.586,0.267,72.12,57.696,79.748
0,55.528,40.0,60.0,40.0,1206.61,210.461,1922.606,1712.044,501.75,55.503,74.309,72.002,74.312,53.516,1.349,2.586,0.268,72.12,57.696,79.715
0,55.59,40.0,60.0,40.0,1204.66,211.12,1918.259,1710.343,500.315,55.474,74.258,72.001,74.284,53.485,1.354,2.586,0.269,72.12,57.696,79.522
0,55.643,40.0,60.0,40.0,1202.9,211.719,1914.334,1708.793,499.015,55.469,74.256,72.0,74.26,53.478,1.359,2.586,0.27,72.12,57.696,79.512
0,55.691,40.0,60.0,40.0,1201.33,212.254,1910.814,1707.401,497.851,55.382,74.269,71.999,74.264,53.39,1.363,2.586,0.271,72.12,57.696,79.568
0,55.705,40.0,60.0,40.0,1199.87,212.746,1907.558,1706.118,496.769,55.396,74.269,71.998,74.268,53.404,1.367,2.586,0.272,72.12,57.696,79.57
0,55.771,40.0,60.0,40.0,1198.47,213.213,1904.408,1704.898,495.722,55.387,74.303,71.997,74.285,53.396,1.371,2.586,0.273,72.12,57.696,79.701
0,55.83,40.0,60.0,40.0,1196.97,213.697,1901.011,1703.629,494.586,55.417,74.309,71.987,74.305,53.422,1.375,2.586,0.274,72.12,57.696,79.756
0,55.893,40.0,60.0,40.0,1192.45,215.056,1890.786,1700.042,491.119,55.345,74.278,71.975,74.293,53.348,1.388,2.586,0.276,72.12,57.696,79.678
0,55.887,40.0,60.0,40.0,1186.24,216.927,1876.6,1695.06,486.286,55.272,74.252,71.976,74.267,53.271,1.405,2.585,0.279,72.12,57.696,79.58
0,55.873,40.0,60.0,40.0,1181.27,218.431,1865.125,1691.006,482.367,55.179,74.267,71.978,74.261,53.174,1.418,2.585,0.282,72.12,57.696,79.634
0,55.844,40.0,60.0,40.0,1177.62,219.544,1856.624,1687.983,479.457,55.158,74.286,71.979,74.275,53.15,1.428,2.584,0.284,72.12,57.696,79.705
0,55.871,40.0,60.0,40.0,1175.12,220.314,1850.798,1685.879,477.456,55.199,74.331,71.981,74.305,53.188,1.435,2.584,0.285,72.12,57.696,79.873
0,55.899,40.0,60.0,40.0,1173.76,220.743,1847.595,1684.702,476.362,55.119,74.385,71.984,74.353,53.107,1.438,2.584,0.286,72.12,57.696,80.074
0,55.868,40.0,60.0,40.0,1173.36,220.883,1846.645,1684.315,476.047,55.079,74.417,71.986,74.395,53.066,1.439,2.584,0.286,72.12,57.696,80.195
0,55.868,40.0,60.0,40.0,1173.63,220.825,1847.278,1684.477,476.274,55.128,74.427,71.987,74.418,53.115,1.439,2.584,0.286,72.12,57.696,80.227
0,55.9,40.0,60.0,40.0,1174.43,220.607,1849.162,1685.075,476.934,55.089,74.398,71.989,74.411,53.075,1.436,2.584,0.286,72.12,57.696,80.106
0,55.924,40.0,60.0,40.0,1175.64,220.269,1851.995,1686.003,477.917,55.224,74.431,71.991,74.416,53.213,1.433,2.584,0.285,72.12,57.696,80.226
0,56.009,40.0,60.0,40.0,1177.2,219.82,1855.656,1687.229,479.186,55.117,74.41,71.993,74.421,53.106,1.429,2.584,0.284,72.12,57.696,80.141
0,55.943,40.0,60.0,40.0,1178.98,219.305,1859.827,1688.634,480.623,55.033,74.337,71.993,74.376,53.024,1.424,2.585,0.283,72.12,57.696,79.859
0,55.943,40.0,60.0,40.0,1180.55,218.856,1863.47,1689.855,481.883,55.153,74.306,71.992,74.327,53.145,1.42,2.585,0.283,72.12,57.696,79.737
0,56.029,40.0,60.0,40.0,1181.84,218.494,1866.445,1690.834,482.911,55.17,74.326,71.992,74.32,53.165,1.416,2.585,0.282,72.12,57.696,79.812
0,56.053,40.0,60.0,40.0,1182.91,218.194,1868.909,1691.649,483.768,55.173,74.347,71.992,74.336,53.169,1.413,2.585,0.281,72.12,57.696,79.892
0,56.083,40.0,60.0,40.0,1183.73,217.964,1870.827,1692.268,484.424,55.159,74.349,71.991,74.346,53.155,1.411,2.585,0.281,72.12,57.696,79.902
0,56.112,40.0,60.0,40.0,1184.28,217.812,1872.094,1692.678,484.866,55.219,74.331,71.991,74.339,53.215,1.41,2.585,0.281,72.12,57.696,79.832
0,56.171,40.0,60.0,40.0,1184.62,217.721,1872.869,1692.923,485.135,55.175,74.342,71.991,74.338,53.171,1.409,2.585,0.281,72.12,57.696,79.877
0,56.154,40.0,60.0,40.0,1184.77,217.684,1873.221,1693.023,485.255,55.114,74.309,71.99,74.326,53.111,1.408,2.585,0.281,72.12,57.696,79.753
0,56.154,40.0,60.0,40.0,1184.6,217.739,1872.834,1692.874,485.126,55.166,74.305,71.989,74.308,53.163,1.409,2.585,0.281,72.12,57.696,79.741
0,56.22,40.0,60.0,40.0,1184.14,217.883,1871.778,1692.488,484.767,55.213,74.362,71.989,74.334,53.209,1.41,2.585,0.281,72.12,57.696,79.96
0,56.261,40.0,60.0,40.0,1183.56,218.061,1870.422,1692.008,484.31,55.162,74.387,71.988,74.371,53.157,1.412,2.585,0.281,72.12,57.696,80.058
0,56.238,40.0,60.0,40.0,1182.89,218.263,1868.874,1691.462,483.78,55.071,74.378,71.988,74.379,53.067,1.413,2.585,0.282,72.12,57.696,80.027
0,56.225,40.0,60.0,40.0,1181.9,218.56,1866.586,1690.658,482.997,55.163,74.392,71.983,74.386,53.157,1.416,2.585,0.282,72.12,57.696,80.097
0,56.304,40.0,60.0,40.0,1179.41,219.303,1860.813,1688.639,481.017,55.174,74.324,71.977,74.358,53.167,1.423,2.585,0.283,72.12,57.696,79.853
0,56.302,40.0,60.0,40.0,1176.1,220.298,1853.069,1685.922,478.359,55.075,74.343,71.977,74.338,53.065,1.432,2.584,0.285,72.12,57.696,79.932
0,56.267,40.0,60.0,40.0,1173.07,221.211,1845.976,1683.414,475.916,55.085,74.353,71.978,74.348,53.072,1.44,2.584,0.287,72.12,57.696,79.969
0,56.283,40.0,60.0,40.0,1170.51,221.99,1839.922,1681.261,473.831,55.053,74.367,71.979,74.359,53.038,1.447,2.583,0.288,72.12,57.696,80.023
0,56.252,40.0,60.0,40.0,1168.55,222.591,1835.275,1679.591,472.231,54.956,74.339,71.98,74.352,52.94,1.452,2.583,0.289,72.12,57.696,79.914
0,56.197,40.0,60.0,40.0,1167.09,223.044,1831.826,1678.327,471.041,54.947,74.327,71.981,74.335,52.929,1.456,2.583,0.29,72.12,57.696,79.865
0,56.181,40.0,60.0,40.0,1166.06,223.376,1829.362,1677.4,470.2,54.909,74.319,71.982,74.325,52.889,1.459,2.582,0.291,72.12,57.696,79.832
0,56.133,40.0,60.0,40.0,1165.37,223.612,1827.69,1676.741,469.635,54.876,74.3,71.983,74.31,52.857,1.46,2.582,0.291,72.12,57.696,79.759
0,56.105,40.0,60.0,40.0,1164.78,223.817,1826.299,1676.166,469.165,54.884,74.315,71.982,74.309,52.86,1.462,2.582,0.291,72.12,57.696,79.819
0,56.086,40.0,60.0,40.0,1164.23,224.015,1824.979,1675.61,468.723,54.888,74.299,71.983,74.307,52.867,1.463,2.582,0.292,72.12,57.696,79.758
0,56.078,40.0,60.0,40.0,1163.73,224.2,1823.782,1675.091,468.318,54.896,74.336,71.983,74.318,52.869,1.465,2.582,0.292,72.12,57.696,79.898
0,56.057,40.0,60.0,40.0,1163.3,224.361,1822.744,1674.638,467.975,54.879,74.333,71.983,74.332,52.858,1.466,2.582,0.292,72.12,57.696,79.886
0,56.036,40.0,60.0,40.0,1162.94,224.498,1821.882,1674.251,467.688,54.913,74.34,71.983,74.335,52.891,1.467,2.582,0.293,72.12,57.696,79.912
0,56.049,40.0,60.0,40.0,1162.67,224.604,1821.248,1673.952,467.477,54.92,74.333,71.984,74.335,52.898,1.467,2.582,0.293,72.12,57.696,79.881
0,56.036,40.0,60.0,40.0,1162.6,224.645,1821.072,1673.837,467.428,54.931,74.358,71.985,74.344,52.91,1.468,2.582,0.293,72.12,57.696,79.975
0,56.032,40.0,60.0,40.0,1162.77,224.608,1821.477,1673.941,467.576,54.895,74.369,71.987,74.361,52.873,1.467,2.582,0.293,72.12,57.696,80.014
0,56.001,40.0,60.0,40.0,1163.12,224.511,1822.322,1674.214,467.873,54.919,74.319,71.988,74.343,52.896,1.466,2.582,0.293,72.12,57.696,79.816
0,55.993,40.0,60.0,40.0,1163.59,224.377,1823.43,1674.592,468.26,54.876,74.305,71.988,74.316,52.854,1.465,2.582,0.292,72.12,57.696,79.758
0,55.953,40.0,60.0,40.0,1164.08,224.23,1824.627,1675.004,468.672,54.893,74.271,71.989,74.291,52.872,1.464,2.582,0.292,72.12,57.696,79.625
0,55.959,40.0,60.0,40.0,1164.48,224.111,1825.56,1675.34,469.0,54.936,74.266,71.989,74.271,52.915,1.463,2.582,0.292,72.12,57.696,79.606
0,55.966,40.0,60.0,40.0,1164.74,224.029,1826.211,1675.571,469.221,54.911,74.276,71.989,74.272,52.888,1.462,2.582,0.292,72.12,57.696,79.646
0,55.942,40.0,60.0,40.0,1165.12,223.905,1827.109,1675.92,469.528,54.949,74.256,71.995,74.267,52.929,1.461,2.582,0.292,72.12,57.696,79.55
0,55.964,40.0,60.0,40.0,1164.3,224.165,1825.155,1675.189,468.859,54.957,74.201,71.921,74.236,52.936,1.463,2.582,0.292,72.12,57.696,79.554
0,55.925,40.0,60.0,40.0,1141.99,231.369,1770.542,1654.396,449.995,54.808,74.055,71.754,74.138,52.775,1.521,2.576,0.305,72.12,57.696,79.511
0,55.733,40.0,60.0,40.0,1057.97,237.311,1627.81,1591.392,385.966,54.343,73.818,71.604,73.97,52.285,1.574,2.496,0.325,71.3,57.04,79.435
0,55.24,40.0,60.0,40.0,931.099,235.833,1426.211,1491.702,294.925,53.595,73.517,71.467,73.733,51.534,1.571,2.33,0.345,69.561,55.649,79.485
0,54.485,40.0,60.0,40.0,813.452,235.225,1196.43,1380.201,194.566,52.728,73.148,71.345,73.452,50.612,1.561,2.154,0.372,68.003,54.403,79.705
0,53.482,40.0,60.0,40.0,711.359,232.798,991.021,1279.546,108.948,51.762,72.698,71.242,73.113,49.535,1.55,2.002,0.397,66.797,53.438,79.904
0,52.375,40.0,60.0,40.0,601.772,229.694,854.598,1225.217,26.4,50.938,71.993,71.154,72.715,48.698,1.535,1.914,0.409,66.148,52.918,79.838
0,51.319,40.0,60.0,40.0,567.76,227.851,820.058,1197.9,26.4,50.724,71.943,71.079,72.294,48.516,1.538,1.885,0.415,65.827,52.662,79.864
0,50.585,40.0,60.0,40.0,543.953,224.963,796.844,1178.473,26.4,50.852,71.88,71.008,72.086,48.679,1.533,1.858,0.417,65.477,52.382,79.661
0,50.094,40.0,60.0,40.0,544.143,224.737,797.474,1178.589,26.4,51.116,71.802,70.934,71.952,48.953,1.531,1.857,0.416,65.458,52.366,79.466
0,49.677,40.0,60.0,40.0,544.154,224.735,797.491,1178.596,26.4,51.302,71.729,70.862,71.851,49.14,1.531,1.857,0.416,65.457,52.366,79.382
0,49.27,40.0,60.0,40.0,544.154,224.735,797.491,1178.596,26.4,51.543,71.659,70.791,71.766,49.382,1.531,1.857,0.416,65.457,52.366,79.344
0,48.949,40.0,60.0,40.0,544.154,224.735,797.491,1178.596,26.4,51.848,71.591,70.722,71.69,49.686,1.531,1.857,0.416,65.457,52.366,79.308
0,48.681,40.0,60.0,40.0,544.154,224.735,797.491,1178.596,26.4,52.081,71.526,70.655,71.619,49.919,1.531,1.857,0.416,65.457,52.366,79.287
0,48.402,40.0,60.0,40.0,544.154,224.735,797.491,1178.596,26.4,52.223,71.462,70.589,71.551,50.061,1.531,1.857,0.416,65.457,52.366,79.295
0,48.118,40.0,60.0,40.0,544.154,224.735,797.491,1178.596,26.4,52.495,71.407,70.525,71.488,50.333,1.531,1.857,0.416,65.457,52.366,79.476
0,47.933,40.0,60.0,40.0,544.154,224.735,797.491,1178.596,26.4,52.726,71.352,70.464,71.429,50.564,1.531,1.857,0.416,65.457,52.366,79.619
0,47.749,40.0,60.0,40.0,544.154,224.735,797.491,1178.596,26.4,52.916,71.294,70.404,71.372,50.754,1.531,1.857,0.416,65.457,52.366,79.619
0,47.578,40.0,60.0,40.0,544.154,224.735,797.491,1178.596,26.4,53.125,71.234,70.346,71.314,50.963,1.531,1.857,0.416,65.457,52.366,79.497
0,47.448,40.0,60.0,40.0,544.154,224.735,797.491,1178.596,26.4,53.317,71.18,70.289,71.256,51.155,1.531,1.857,0.416,65.457,52.366,79.499
0,47.322,40.0,60.0,40.0,544.154,224.735,797.491,1178.596,26.4,53.448,71.126,70.235,71.2,51.286,1.531,1.857,0.416,65.457,52.366,79.472
0,47.191,40.0,60.0,40.0,544.154,224.735,797.491,1178.596,26.4,53.603,71.072,70.181,71.145,51.441,1.531,1.857,0.416,65.457,52.366,79.417
0,47.1,40.0,60.0,40.0,544.154,224.735,797.491,1178.596,26.4,53.756,71.023,70.13,71.092,51.595,1.531,1.857,0.416,65.457,52.366,79.431
0,47.018,40.0,60.0,40.0,544.154,224.735,797.491,1178.596,26.4,53.895,70.971,70.079,71.041,51.733,1.531,1.857,0.416,65.457,52.366,79.333
0,46.956,40.0,60.0,40.0,544.154,224.735,797.491,1178.596,26.4,54.019,70.924,70.029,70.99,51.858,1.531,1.857,0.416,65.457,52.366,79.368
0,46.899,40.0,60.0,40.0,544.154,224.735,797.491,1178.596,26.4,54.166,70.877,69.981,70.942,52.004,1.531,1.857,0.416,65.457,52.366,79.379
0,46.868,40.0,60.0,40.0,544.154,224.735,797.491,1178.596,26.4,54.24,70.831,69.935,70.894,52.079,1.531,1.857,0.416,65.457,52.366,79.332
0,46.817,40.0,60.0,40.0,544.154,224.735,797.491,1178.596,26.4,54.362,70.785,69.891,70.848,52.2,1.531,1.857,0.416,65.457,52.366,79.208
0,46.802,40.0,60.0,40.0,544.154,224.735,797.491,1178.596,26.4,54.441,70.745,69.85,70.803,52.279,1.531,1.857,0.416,65.457,52.366,79.224
0,46.769,40.0,60.0,40.0,544.154,224.735,797.491,1178.596,26.4,54.487,70.708,69.81,70.762,52.325,1.531,1.857,0.416,65.457,52.366,79.281
0,46.724,40.0,60.0,40.0,544.154,224.735,797.491,1178.596,26.4,54.537,70.663,69.763,70.721,52.375,1.531,1.857,0.416,65.457,52.366,79.278
0,46.697,40.0,60.0,40.0,544.154,224.735,797.491,1178.596,26.4,54.602,70.614,69.718,70.676,52.44,1.531,1.857,0.416,65.457,52.366,79.094
0,46.677,40.0,60.0,40.0,544.154,224.735,797.491,1178.596,26.4,54.643,70.579,69.685,70.632,52.481,1.531,1.857,0.416,65.457,52.366,79.018
0,46.651,40.0,60.0,40.0,544.154,224.735,797.491,1178.596,26.4,54.654,70.548,69.653,70.595,52.492,1.531,1.857,0.416,65.457,52.366,79.013
0,46.813,40.0,60.0,40.0,544.154,224.735,797.491,1178.596,26.4,55.828,70.521,69.624,70.562,53.666,1.531,1.857,0.416,65.457,52.366,79.063
0,46.617,40.0,60.0,40.0,544.154,224.735,797.491,1178.596,26.4,55.248,70.497,69.597,70.533,53.087,1.531,1.857,0.416,65.457,52.366,79.101
0,47.001,40.0,60.0,40.0,544.154,224.735,797.491,1178.596,26.4,54.262,70.474,69.572,70.507,52.1,1.531,1.857,0.416,65.457,52.366,79.156
0,47.073,40.0,60.0,40.0,544.154,224.735,797.491,1178.596,26.4,55.295,70.45,69.548,70.483,53.133,1.531,1.857,0.416,65.457,52.366,79.134
0,46.601,40.0,60.0,40.0,544.154,224.735,797.491,1178.596,26.4,55.465,70.424,69.525,70.458,53.303,1.531,1.857,0.416,65.457,52.366,78.991
0,47.046,40.0,60.0,40.0,544.154,224.735,797.491,1178.596,26.4,54.207,70.407,69.504,70.435,52.045,1.531,1.857,0.416,65.457,52.366,79.089
0,47.066,40.0,60.0,40.0,544.154,224.735,797.491,1178.596,26.4,55.263,70.388,69.484,70.414,53.101,1.531,1.857,0.416,65.457,52.366,79.112
0,46.568,40.0,60.0,40.0,544.154,224.735,797.491,1178.596,26.4,55.462,70.366,69.464,70.394,53.3,1.531,1.857,0.416,65.457,52.366,79.027
0,47.049,40.0,60.0,40.0,544.154,224.735,797.491,1178.596,26.4,54.202,70.348,69.447,70.374,52.04,1.531,1.857,0.416,65.457,52.366,78.999
0,47.08,40.0,60.0,40.0,544.154,224.735,797.491,1178.596,26.4,55.282,70.331,69.43,70.355,53.121,1.531,1.857,0.416,65.457,52.366,78.963
0,46.57,40.0,60.0,40.0,544.154,224.735,797.491,1178.596,26.4,55.472,70.318,69.414,70.338,53.311,1.531,1.857,0.416,65.457,52.366,79.026
0,47.046,40.0,60.0,40.0,544.154,224.735,797.491,1178.596,26.4,54.159,70.304,69.401,70.324,51.998,1.531,1.857,0.416,65.457,52.366,79.015
0,47.062,40.0,60.0,40.0,544.154,224.735,797.491,1178.596,26.4,55.256,70.295,69.388,70.31,53.095,1.531,1.857,0.416,65.457,52.366,79.127
0,46.539,40.0,60.0,40.0,544.154,224.735,797.491,1178.596,26.4,55.478,70.283,69.374,70.299,53.317,1.531,1.857,0.416,65.457,52.366,79.157
0,47.036,40.0,60.0,40.0,544.154,224.735,797.491,1178.596,26.4,54.114,70.276,69.363,70.289,51.952,1.531,1.857,0.416,65.457,52.366,79.263
0,47.045,40.0,60.0,40.0,544.154,224.735,797.491,1178.596,26.4,55.278,70.26,69.352,70.278,53.116,1.531,1.857,0.416,65.457,52.366,79.096
0,46.534,40.0,60.0,40.0,544.154,224.735,797.491,1178.596,26.4,55.497,70.245,69.339,70.264,53.336,1.531,1.857,0.416,65.457,52.366,79.033
0,47.037,40.0,60.0,40.0,544.154,224.735,797.491,1178.596,26.4,54.099,70.235,69.328,70.251,51.937,1.531,1.857,0.416,65.457,52.366,79.052
0,47.048,40.0,60.0,40.0,544.154,224.735,797.491,1178.596,26.4,55.264,70.216,69.311,70.238,53.103,1.531,1.857,0.416,65.457,52.366,78.975
0,46.508,40.0,60.0,40.0,544.154,224.735,797.491,1178.596,26.4,55.505,70.197,69.294,70.22,53.344,1.531,1.857,0.416,65.457,52.366,78.883
0,47.039,40.0,60.0,40.0,544.154,224.735,797.491,1178.596,26.4,54.087,70.188,69.287,70.205,51.925,1.531,1.857,0.416,65.457,52.366,78.806
0,47.041,40.0,60.0,40.0,544.154,224.735,797.491,1178.596,26.4,55.275,70.181,69.281,70.193,53.113,1.531,1.857,0.416,65.457,52.366,78.815
0,46.494,40.0,60.0,40.0,544.154,224.735,797.491,1178.596,26.4,55.473,70.175,69.274,70.185,53.311,1.531,1.857,0.416,65.457,52.366,78.816
0,46.999,40.0,60.0,40.0,544.154,224.735,797.491,1178.596,26.4,54.042,70.17,69.266,70.179,51.88,1.531,1.857,0.416,65.457,52.366,78.886
0,47.158,40.0,60.0,40.0,544.154,224.735,797.491,1178.596,26.4,54.63,70.158,69.258,70.171,52.468,1.531,1.857,0.416,65.457,52.366,78.775
0,46.637,40.0,60.0,40.0,544.154,224.735,797.491,1178.596,26.4,55.973,70.157,69.254,70.163,53.812,1.531,1.857,0.416,65.457,52.366,78.872
0,46.586,40.0,60.0,40.0,544.154,224.735,797.491,1178.596,26.4,55.311,70.156,69.25,70.16,53.149,1.531,1.857,0.416,65.457,52.366,78.926
0,46.976,40.0,60.0,40.0,544.154,224.735,797.491,1178.596,26.4,54.054,70.154,69.25,70.157,51.892,1.531,1.857,0.416,65.457,52.366,78.897
0,47.164,40.0,60.0,40.0,544.154,224.735,797.491,1178.596,26.4,54.616,70.153,69.25,70.155,52.455,1.531,1.857,0.416,65.457,52.366,78.839
0,46.63,40.0,60.0,40.0,544.154,224.735,797.491,1178.596,26.4,55.997,70.155,69.251,70.154,53.835,1.531,1.857,0.416,65.457,52.366,78.882
0,46.576,40.0,60.0,40.0,544.154,224.735,797.491,1178.596,26.4,55.3,70.153,69.247,70.155,53.138,1.531,1.857,0.416,65.457,52.366,78.929
0,47.352,40.0,60.0,40.0,544.154,224.735,797.491,1178.596,26.4,53.736,70.144,69.244,70.151,51.575,1.531,1.857,0.416,65.457,52.366,78.766
0,46.9,40.0,60.0,40.0,544.154,224.735,797.491,1178.596,26.4,56.211,70.147,69.246,70.148,54.05,1.531,1.857,0.416,65.457,52.366,78.775
0,46.487,40.0,60.0,40.0,544.154,224.735,797.491,1178.596,26.4,55.155,70.148,69.248,70.148,52.993,1.531,1.857,0.416,65.457,52.366,78.763
0,47.346,40.0,60.0,40.0,544.154,224.735,797.491,1178.596,26.4,53.741,70.154,69.251,70.149,51.58,1.531,1.857,0.416,65.457,52.366,78.855
0,46.907,40.0,60.0,40.0,544.154,224.735,797.491,1178.596,26.4,56.191,70.161,69.253,70.153,54.03,1.531,1.857,0.416,65.457,52.366,78.986
0,46.462,40.0,60.0,40.0,544.154,224.735,797.491,1178.596,26.4,55.149,70.163,69.255,70.158,52.988,1.531,1.857,0.416,65.457,52.366,79.013
0,47.348,40.0,60.0,40.0,544.154,224.735,797.491,1178.596,26.4,53.65,70.169,69.258,70.162,51.488,1.531,1.857,0.416,65.457,52.366,79.094
0,46.879,40.0,60.0,40.0,544.154,224.735,797.491,1178.596,26.4,56.21,70.173,69.26,70.167,54.049,1.531,1.857,0.416,65.457,52.366,79.158
0,46.471,40.0,60.0,40.0,544.154,224.735,797.491,1178.596,26.4,55.142,70.173,69.261,70.17,52.98,1.531,1.857,0.416,65.457,52.366,79.112
0,47.341,40.0,60.0,40.0,544.154,224.735,797.491,1178.596,26.4,53.602,70.175,69.264,70.172,51.44,1.531,1.857,0.416,65.457,52.366,79.125
0,46.856,40.0,60.0,40.0,544.154,224.735,797.491,1178.596,26.4,56.184,70.173,69.265,70.173,54.023,1.531,1.857,0.416,65.457,52.366,79.016
0,46.435,40.0,60.0,40.0,544.154,224.735,797.491,1178.596,26.4,55.121,70.169,69.264,70.172,52.959,1.531,1.857,0.416,65.457,52.366,78.901
0,47.322,40.0,60.0,40.0,544.154,224.735,797.491,1178.596,26.4,53.619,70.168,69.266,70.17,51.458,1.531,1.857,0.416,65.457,52.366,78.855
0,46.858,40.0,60.0,40.0,544.154,224.735,797.491,1178.596,26.4,56.195,70.168,69.265,70.169,54.033,1.531,1.857,0.416,65.457,52.366,78.872
0,46.424,40.0,60.0,40.0,544.154,224.735,797.491,1178.596,26.4,55.108,70.165,69.264,70.168,52.946,1.531,1.857,0.416,65.457,52.366,78.811
0,47.299,40.0,60.0,40.0,544.154,224.735,797.491,1178.596,26.4,53.558,70.162,69.263,70.166,51.397,1.531,1.857,0.416,65.457,52.366,78.736
0,46.815,40.0,60.0,40.0,544.154,224.735,797.491,1178.596,26.4,56.189,70.158,69.26,70.162,54.027,1.531,1.857,0.416,65.457,52.366,78.694
0,46.399,40.0,60.0,40.0,544.154,224.735,797.491,1178.596,26.4,55.096,70.156,69.257,70.159,52.934,1.531,1.857,0.416,65.457,52.366,78.707
0,47.279,40.0,60.0,40.0,544.154,224.735,797.491,1178.596,26.4,53.58,70.154,69.256,70.157,51.419,1.531,1.857,0.416,65.457,52.366,78.712
0,46.805,40.0,60.0,40.0,544.154,224.735,797.491,1178.596,26.4,56.158,70.152,69.254,70.155,53.997,1.531,1.857,0.416,65.457,52.366,78.68
0,46.35,40.0,60.0,40.0,544.154,224.735,797.491,1178.596,26.4,56.117,70.147,69.251,70.152,53.955,1.531,1.857,0.416,65.457,52.366,78.627
0,46.926,40.0,60.0,40.0,544.154,224.735,797.491,1178.596,26.4,53.488,70.138,69.244,70.147,51.327,1.531,1.857,0.416,65.457,52.366,78.574
0,47.364,40.0,60.0,40.0,544.154,224.735,797.491,1178.596,26.4,54.03,70.129,69.237,70.139,51.868,1.531,1.857,0.416,65.457,52.366,78.485
0,46.78,40.0,60.0,40.0,544.154,224.735,797.491,1178.596,26.4,56.078,70.127,69.236,70.133,53.916,1.531,1.857,0.416,65.457,52.366,78.478
0,46.328,40.0,60.0,40.0,544.154,224.735,797.491,1178.596,26.4,56.122,70.117,69.228,70.128,53.96,1.531,1.857,0.416,65.457,52.366,78.385
0,46.905,40.0,60.0,40.0,544.154,224.735,797.491,1178.596,26.4,53.464,70.104,69.221,70.118,51.302,1.531,1.857,0.416,65.457,52.366,78.238
0,47.35,40.0,60.0,40.0,544.154,224.735,797.491,1178.596,26.4,53.993,70.102,69.219,70.11,51.832,1.531,1.857,0.416,65.457,52.366,78.222
0,46.752,40.0,60.0,40.0,544.154,224.735,797.491,1178.596,26.4,56.092,70.1,69.218,70.105,53.93,1.531,1.857,0.416,65.457,52.366,78.208
0,46.317,40.0,60.0,40.0,544.154,224.735,797.491,1178.596,26.4,56.114,70.097,69.214,70.102,53.952,1.531,1.857,0.416,65.457,52.366,78.21
0,46.891,40.0,60.0,40.0,544.154,224.735,797.491,1178.596,26.4,53.439,70.087,69.207,70.097,51.278,1.531,1.857,0.416,65.457,52.366,78.098
0,47.328,40.0,60.0,40.0,544.154,224.735,797.491,1178.596,26.4,53.977,70.075,69.199,70.088,51.815,1.531,1.857,0.416,65.457,52.366,77.986
0,46.724,40.0,60.0,40.0,544.154,224.735,797.491,1178.596,26.4,56.08,70.061,69.19,70.077,53.918,1.531,1.857,0.416,65.457,52.366,77.846
0,46.277,40.0,60.0,40.0,544.154,224.735,797.491,1178.596,26.4,56.085,70.048,69.18,70.065,53.924,1.531,1.857,0.416,65.457,52.366,77.716
0,46.853,40.0,60.0,40.0,544.154,224.735,797.491,1178.596,26.4,53.411,70.04,69.176,70.053,51.249,1.531,1.857,0.416,65.457,52.366,77.616
0,47.288,40.0,60.0,40.0,544.154,224.735,797.491,1178.596,26.4,53.957,70.043,69.176,70.047,51.796,1.531,1.857,0.416,65.457,52.366,77.688
0,46.679,40.0,60.0,40.0,544.154,224.735,797.491,1178.596,26.4,56.058,70.045,69.176,70.045,53.896,1.531,1.857,0.416,65.457,52.366,77.751
0,46.229,40.0,60.0,40.0,544.154,224.735,797.491,1178.596,26.4,56.075,70.046,69.176,70.046,53.913,1.531,1.857,0.416,65.457,52.366,77.786
0,46.824,40.0,60.0,40.0,544.154,224.735,797.491,1178.596,26.4,53.409,70.049,69.176,70.047,51.247,1.531,1.857,0.416,65.457,52.366,77.87
0,47.258,40.0,60.0,40.0,544.154,224.735,797.491,1178.596,26.4,53.987,70.053,69.177,70.049,51.826,1.531,1.857,0.416,65.457,52.366,77.965
0,46.669,40.0,60.0,40.0,544.154,224.735,797.491,1178.596,26.4,56.067,70.053,69.177,70.051,53.906,1.531,1.857,0.416,65.457,52.366,77.941
0,46.177,40.0,60.0,40.0,544.154,224.735,797.491,1178.596,26.4,56.05,70.053,69.176,70.052,53.888,1.531,1.857,0.416,65.457,52.366,77.968
0,47.227,40.0,60.0,40.0,544.154,224.735,797.491,1178.596,26.4,52.907,70.053,69.178,70.053,50.746,1.531,1.857,0.416,65.457,52.366,77.942
0,46.953,40.0,60.0,40.0,544.154,224.735,797.491,1178.596,26.4,56.06,70.052,69.178,70.052,53.898,1.531,1.857,0.416,65.457,52.366,77.904
0,46.045,40.0,60.0,40.0,544.154,224.735,797.491,1178.596,26.4,55.941,70.05,69.177,70.052,53.779,1.531,1.857,0.416,65.457,52.366,77.883
0,47.206,40.0,60.0,40.0,544.154,224.735,797.491,1178.596,26.4,52.96,70.053,69.18,70.052,50.799,1.531,1.857,0.416,65.457,52.366,77.897
0,46.952,40.0,60.0,40.0,544.154,224.735,797.491,1178.596,26.4,56.04,70.054,69.18,70.053,53.878,1.531,1.857,0.416,65.457,52.366,77.919
0,46.012,40.0,60.0,40.0,544.154,224.735,797.491,1178.596,26.4,55.921,70.051,69.179,70.053,53.759,1.531,1.857,0.416,65.457,52.366,77.84
0,47.18,40.0,60.0,40.0,544.154,224.735,797.491,1178.596,26.4,52.943,70.051,69.181,70.052,50.782,1.531,1.857,0.416,65.457,52.366,77.783
0,46.922,40.0,60.0,40.0,544.154,224.735,797.491,1178.596,26.4,56.029,70.045,69.179,70.049,53.867,1.531,1.857,0.416,65.457,52.366,77.649
0,45.983,40.0,60.0,40.0,544.154,224.735,797.491,1178.596,26.4,55.904,70.04,69.178,70.046,53.742,1.531,1.857,0.416,65.457,52.366,77.534
0,47.151,40.0,60.0,40.0,544.154,224.735,797.491,1178.596,26.4,52.938,70.041,69.183,70.043,50.776,1.531,1.857,0.416,65.457,52.366,77.442
0,46.9,40.0,60.0,40.0,544.154,224.735,797.491,1178.596,26.4,56.042,70.044,69.188,70.042,53.881,1.531,1.857,0.416,65.457,52.366,77.366
0,45.967,40.0,60.0,40.0,544.154,224.735,797.491,1178.596,26.4,55.901,70.047,69.192,70.044,53.74,1.531,1.857,0.416,65.457,52.366,77.36
0,47.124,40.0,60.0,40.0,544.154,224.735,797.491,1178.596,26.4,52.897,70.053,69.199,70.047,50.735,1.531,1.857,0.416,65.457,52.366,77.329
0,46.863,40.0,60.0,40.0,544.154,224.735,797.491,1178.596,26.4,56.032,70.059,69.205,70.052,53.87,1.531,1.857,0.416,65.457,52.366,77.31
0,45.916,40.0,60.0,40.0,544.154,224.735,797.491,1178.596,26.4,55.884,70.063,69.212,70.057,53.722,1.531,1.857,0.416,65.457,52.366,77.245
0,47.083,40.0,60.0,40.0,544.154,224.735,797.491,1178.596,26.4,52.876,70.07,69.222,70.062,50.714,1.531,1.857,0.416,65.457,52.366,77.158
0,46.823,40.0,60.0,40.0,544.154,224.735,797.491,1178.596,26.4,56.038,70.073,69.23,70.067,53.877,1.531,1.857,0.416,65.457,52.366,77.002
0,46.139,40.0,60.0,40.0,544.154,224.735,797.491,1178.596,26.4,56.703,70.079,69.241,70.071,54.541,1.531,1.857,0.416,65.457,52.366,76.885
0,46.566,40.0,60.0,40.0,544.154,224.735,797.491,1178.596,26.4,54.202,70.089,69.253,70.078,52.04,1.531,1.857,0.416,65.457,52.366,76.825
0,47.339,40.0,60.0,40.0,544.154,224.735,797.491,1178.596,26.4,53.224,70.098,69.264,70.087,51.062,1.531,1.857,0.416,65.457,52.366,76.789
0,46.838,40.0,60.0,40.0,544.154,224.735,797.491,1178.596,26.4,55.907,70.104,69.273,70.094,53.745,1.531,1.857,0.416,65.457,52.366,76.721
0,46.086,40.0,60.0,40.0,544.154,224.735,797.491,1178.596,26.4,56.657,70.11,69.281,70.101,54.496,1.531,1.857,0.416,65.457,52.366,76.664
0,46.54,40.0,60.0,40.0,544.154,224.735,797.491,1178.596,26.4,54.138,70.117,69.29,70.108,51.976,1.531,1.857,0.416,65.457,52.366,76.625
0,47.303,40.0,60.0,40.0,544.154,224.735,797.491,1178.596,26.4,53.162,70.126,69.299,70.116,51.0,1.531,1.857,0.416,65.457,52.366,76.623
0,46.791,40.0,60.0,40.0,544.154,224.735,797.491,1178.596,26.4,55.871,70.132,69.306,70.123,53.71,1.531,1.857,0.416,65.457,52.366,76.59
0,46.025,40.0,60.0,40.0,544.154,224.735,797.491,1178.596,26.4,56.603,70.138,69.312,70.129,54.441,1.531,1.857,0.416,65.457,52.366,76.587
0,46.504,40.0,60.0,40.0,544.154,224.735,797.491,1178.596,26.4,54.137,70.143,69.319,70.136,51.975,1.531,1.857,0.416,65.457,52.366,76.556
0,47.268,40.0,60.0,40.0,544.154,224.735,797.491,1178.596,26.4,53.123,70.149,69.326,70.141,50.961,1.531,1.857,0.416,65.457,52.366,76.502
0,46.727,40.0,60.0,40.0,544.154,224.735,797.491,1178.596,26.4,55.874,70.155,69.333,70.147,53.713,1.531,1.857,0.416,65.457,52.366,76.481
0,46.008,40.0,60.0,40.0,544.154,224.735,797.491,1178.596,26.4,56.598,70.16,69.34,70.152,54.436,1.531,1.857,0.416,65.457,52.366,76.434
0,46.469,40.0,60.0,40.0,544.154,224.735,797.491,1178.596,26.4,54.107,70.163,69.348,70.158,51.945,1.531,1.857,0.416,65.457,52.366,76.311
0,47.217,40.0,60.0,40.0,544.154,224.735,797.491,1178.596,26.4,53.136,70.17,69.355,70.163,50.974,1.531,1.857,0.416,65.457,52.366,76.298
0,46.688,40.0,60.0,40.0,544.154,224.735,797.491,1178.596,26.4,55.858,70.173,69.361,70.167,53.696,1.531,1.857,0.416,65.457,52.366,76.235
0,45.948,40.0,60.0,40.0,544.154,224.735,797.491,1178.596,26.4,56.529,70.177,69.365,70.171,54.368,1.531,1.857,0.416,65.457,52.366,76.21
0,46.403,40.0,60.0,40.0,544.154,224.735,797.491,1178.596,26.4,54.069,70.181,69.371,70.176,51.907,1.531,1.857,0.416,65.457,52.366,76.177
0,47.14,40.0,60.0,40.0,544.154,224.735,797.491,1178.596,26.4,53.155,70.186,69.378,70.18,50.994,1.531,1.857,0.416,65.457,52.366,76.124
0,46.609,40.0,60.0,40.0,544.154,224.735,797.491,1178.596,26.4,57.499,70.192,69.385,70.184,55.337,1.531,1.857,0.416,65.457,52.366,76.086
0,45.818,40.0,60.0,40.0,544.154,224.735,797.491,1178.596,26.4,55.391,70.197,69.392,70.19,53.23,1.531,1.857,0.416,65.457,52.366,76.066
0,47.38,40.0,60.0,40.0,544.154,224.735,797.491,1178.596,26.4,52.864,70.207,69.402,70.197,50.702,1.531,1.857,0.416,65.457,52.366,76.05
0,46.613,40.0,60.0,40.0,544.154,224.735,797.491,1178.596,26.4,57.59,70.214,69.412,70.204,55.429,1.531,1.857,0.416,65.457,52.366,75.984
0,45.934,40.0,60.0,40.0,544.154,224.735,797.491,1178.596,26.4,55.477,70.222,69.422,70.212,53.315,1.531,1.857,0.416,65.457,52.366,75.928
0,47.444,40.0,60.0,40.0,544.154,224.735,797.491,1178.596,26.4,52.729,70.232,69.435,70.22,50.567,1.531,1.857,0.416,65.457,52.366,75.825
0,46.597,40.0,60.0,40.0,544.154,224.735,797.491,1178.596,26.4,57.56,70.241,69.447,70.228,55.398,1.531,1.857,0.416,65.457,52.366,75.75
0,45.93,40.0,60.0,40.0,544.154,224.735,797.491,1178.596,26.4,55.452,70.247,69.458,70.237,53.291,1.531,1.857,0.416,65.457,52.366,75.631
0,47.456,40.0,60.0,40.0,544.154,224.735,797.491,1178.596,26.4,52.729,70.256,69.471,70.245,50.568,1.531,1.857,0.416,65.457,52.366,75.504
0,46.615,40.0,60.0,40.0,544.154,224.735,797.491,1178.596,26.4,57.557,70.262,69.482,70.252,55.395,1.531,1.857,0.416,65.457,52.366,75.377
0,45.943,40.0,60.0,40.0,544.154,224.735,797.491,1178.596,26.4,55.435,70.269,69.492,70.26,53.274,1.531,1.857,0.416,65.457,52.366,75.282
0,47.455,40.0,60.0,40.0,544.154,224.735,797.491,1178.596,26.4,52.726,70.278,69.504,70.267,50.564,1.531,1.857,0.416,65.457,52.366,75.192
0,46.613,40.0,60.0,40.0,544.154,224.735,797.491,1178.596,26.4,57.497,70.285,69.514,70.274,55.335,1.531,1.857,0.416,65.457,52.366,75.131
0,45.938,40.0,60.0,40.0,544.154,224.735,797.491,1178.596,26.4,55.391,70.295,69.524,70.283,53.23,1.531,1.857,0.416,65.457,52.366,75.159
0,47.42,40.0,60.0,40.0,544.154,224.735,797.491,1178.596,26.4,52.748,70.306,69.535,70.292,50.586,1.531,1.857,0.416,65.457,52.366,75.15
0,46.578,40.0,60.0,40.0,544.154,224.735,797.491,1178.596,26.4,57.399,70.314,69.545,70.301,55.237,1.531,1.857,0.416,65.457,52.366,75.116
0,45.931,40.0,60.0,40.0,544.154,224.735,797.491,1178.596,26.4,55.334,70.322,69.556,70.311,53.173,1.531,1.857,0.416,65.457,52.366,75.047
0,47.367,40.0,60.0,40.0,544.154,224.735,797.491,1178.596,26.4,52.798,70.332,69.568,70.32,50.636,1.531,1.857,0.416,65.457,52.366,74.99
0,46.545,40.0,60.0,40.0,544.154,224.735,797.491,1178.596,26.4,57.308,70.341,69.579,70.329,55.146,1.531,1.857,0.416,65.457,52.366,74.952
0,45.936,40.0,60.0,40.0,544.154,224.735,797.491,1178.596,26.4,55.309,70.35,69.589,70.338,53.147,1.531,1.857,0.416,65.457,52.366,74.916
0,47.32,40.0,60.0,40.0,544.154,224.735,797.491,1178.596,26.4,52.84,70.361,69.601,70.347,50.678,1.531,1.857,0.416,65.457,52.366,74.898
0,46.499,40.0,60.0,40.0,544.154,224.735,797.491,1178.596,26.4,57.199,70.367,69.61,70.356,55.037,1.531,1.857,0.416,65.457,52.366,74.817
0,45.907,40.0,60.0,40.0,544.154,224.735,797.491,1178.596,26.4,55.268,70.371,69.618,70.363,53.106,1.531,1.857,0.416,65.457,52.366,74.709
0,47.257,40.0,60.0,40.0,544.154,224.735,797.491,1178.596,26.4,52.922,70.379,69.629,70.37,50.761,1.531,1.857,0.416,65.457,52.366,74.632
0,46.466,40.0,60.0,40.0,544.154,224.735,797.491,1178.596,26.4,57.13,70.384,69.637,70.376,54.968,1.531,1.857,0.416,65.457,52.366,74.56
0,45.887,40.0,60.0,40.0,544.154,224.735,797.491,1178.596,26.4,55.237,70.39,69.645,70.382,53.076,1.531,1.857,0.416,65.457,52.366,74.506
0,47.199,40.0,60.0,40.0,544.154,224.735,797.491,1178.596,26.4,52.981,70.396,69.655,70.388,50.82,1.531,1.857,0.416,65.457,52.366,74.4
0,46.424,40.0,60.0,40.0,544.154,224.735,797.491,1178.596,26.4,57.042,70.405,69.663,70.394,54.881,1.531,1.857,0.416,65.457,52.366,74.405
0,45.869,40.0,60.0,40.0,544.154,224.735,797.491,1178.596,26.4,55.202,70.413,69.672,70.402,53.041,1.531,1.857,0.416,65.457,52.366,74.377
0,47.132,40.0,60.0,40.0,544.154,224.735,797.491,1178.596,26.4,53.102,70.423,69.684,70.411,50.941,1.531,1.857,0.416,65.457,52.366,74.357
0,46.41,40.0,60.0,40.0,544.154,224.735,797.491,1178.596,26.4,57.003,70.431,69.694,70.419,54.842,1.531,1.857,0.416,65.457,52.366,74.306
0,45.876,40.0,60.0,40.0,544.154,224.735,797.491,1178.596,26.4,55.205,70.441,69.704,70.429,53.044,1.531,1.857,0.416,65.457,52.366,74.302
0,47.088,40.0,60.0,40.0,544.154,224.735,797.491,1178.596,26.4,53.116,70.449,69.715,70.438,50.954,1.531,1.857,0.416,65.457,52.366,74.224
0,46.357,40.0,60.0,40.0,544.154,224.735,797.491,1178.596,26.4,56.922,70.454,69.724,70.445,54.761,1.531,1.857,0.416,65.457,52.366,74.114
0,45.867,40.0,60.0,40.0,544.154,224.735,797.491,1178.596,26.4,55.202,70.461,69.733,70.452,53.04,1.531,1.857,0.416,65.457,52.366,74.053
0,47.039,40.0,60.0,40.0,544.154,224.735,797.491,1178.596,26.4,53.172,70.469,69.743,70.459,51.01,1.531,1.857,0.416,65.457,52.366,74.017
0,46.32,40.0,60.0,40.0,544.154,224.735,797.491,1178.596,26.4,56.853,70.475,69.751,70.466,54.692,1.531,1.857,0.416,65.457,52.366,73.951
0,45.838,40.0,60.0,40.0,544.154,224.735,797.491,1178.596,26.4,55.168,70.479,69.759,70.472,53.006,1.531,1.857,0.416,65.457,52.366,73.846
0,46.974,40.0,60.0,40.0,544.154,224.735,797.491,1178.596,26.4,53.255,70.485,69.768,70.477,51.093,1.531,1.857,0.416,65.457,52.366,73.752
0,46.299,40.0,60.0,40.0,544.154,224.735,797.491,1178.596,26.4,56.823,70.49,69.776,70.482,54.661,1.531,1.857,0.416,65.457,52.366,73.693
0,45.84,40.0,60.0,40.0,544.154,224.735,797.491,1178.596,26.4,55.173,70.496,69.783,70.488,53.011,1.531,1.857,0.416,65.457,52.366,73.657
0,46.941,40.0,60.0,40.0,544.154,224.735,797.491,1178.596,26.4,53.294,70.504,69.793,70.494,51.133,1.531,1.857,0.416,65.457,52.366,73.606
0,46.268,40.0,60.0,40.0,544.154,224.735,797.491,1178.596,26.4,56.778,70.51,69.802,70.501,54.616,1.531,1.857,0.416,65.457,52.366,73.536
0,46.165,40.0,60.0,40.0,544.154,224.735,797.491,1178.596,26.4,53.736,70.516,69.811,70.508,51.574,1.531,1.857,0.416,65.457,52.366,73.448
0,46.82,40.0,60.0,40.0,544.154,224.735,797.491,1178.596,26.4,55.496,70.522,69.821,70.513,53.334,1.531,1.857,0.416,65.457,52.366,73.341
0,45.641,40.0,60.0,40.0,544.154,224.735,797.491,1178.596,26.4,55.806,70.525,69.828,70.519,53.644,1.531,1.857,0.416,65.457,52.366,73.248
0,47.051,40.0,60.0,40.0,544.154,224.735,797.491,1178.596,26.4,52.988,70.532,69.837,70.524,50.826,1.531,1.857,0.416,65.457,52.366,73.189
0,46.142,40.0,60.0,40.0,544.154,224.735,797.491,1178.596,26.4,56.674,70.537,69.843,70.53,54.512,1.531,1.857,0.416,65.457,52.366,73.152
0,46.155,40.0,60.0,40.0,544.154,224.735,797.491,1178.596,26.4,53.803,70.543,69.85,70.536,51.641,1.531,1.857,0.416,65.457,52.366,73.134
0,46.785,40.0,60.0,40.0,544.154,224.735,797.491,1178.596,26.4,55.493,70.546,69.856,70.54,53.331,1.531,1.857,0.416,65.457,52.366,73.052
0,45.64,40.0,60.0,40.0,544.154,224.735,797.491,1178.596,26.4,55.78,70.547,69.86,70.544,53.619,1.531,1.857,0.416,65.457,52.366,72.977
0,47.017,40.0,60.0,40.0,544.154,224.735,797.491,1178.596,26.4,53.019,70.55,69.865,70.546,50.858,1.531,1.857,0.416,65.457,52.366,72.902
0,46.104,40.0,60.0,40.0,544.154,224.735,797.491,1178.596,26.4,56.625,70.553,69.868,70.549,54.464,1.531,1.857,0.416,65.457,52.366,72.896
0,46.142,40.0,60.0,40.0,544.154,224.735,797.491,1178.596,26.4,53.843,70.555,69.872,70.552,51.681,1.531,1.857,0.416,65.457,52.366,72.848
0,46.749,40.0,60.0,40.0,544.154,224.735,797.491,1178.596,26.4,55.482,70.559,69.877,70.554,53.321,1.531,1.857,0.416,65.457,52.366,72.844
0,46.096,40.0,60.0,40.0,544.154,224.735,797.491,1178.596,26.4,56.268,70.56,69.88,70.557,54.107,1.531,1.857,0.416,65.457,52.366,72.763
0,46.631,40.0,60.0,40.0,544.154,224.735,797.491,1178.596,26.4,52.488,70.562,69.884,70.56,50.326,1.531,1.857,0.416,65.457,52.366,72.718
0,46.383,40.0,60.0,40.0,544.154,224.735,797.491,1178.596,26.4,56.87,70.564,69.886,70.561,54.708,1.531,1.857,0.416,65.457,52.366,72.715
0,45.988,40.0,60.0,40.0,544.154,224.735,797.491,1178.596,26.4,55.788,70.566,69.888,70.564,53.626,1.531,1.857,0.416,65.457,52.366,72.716
0,46.552,40.0,60.0,40.0,544.154,224.735,797.491,1178.596,26.4,54.155,70.568,69.89,70.566,51.994,1.531,1.857,0.416,65.457,52.366,72.718
0,46.964,40.0,60.0,40.0,544.154,224.735,797.491,1178.596,26.4,54.028,70.569,69.892,70.567,51.866,1.531,1.857,0.416,65.457,52.366,72.669
0,46.381,40.0,60.0,40.0,544.154,224.735,797.491,1178.596,26.4,56.651,70.568,69.893,70.568,54.489,1.531,1.857,0.416,65.457,52.366,72.632
0,46.022,40.0,60.0,40.0,544.154,224.735,797.491,1178.596,26.4,55.846,70.565,69.893,70.567,53.684,1.531,1.857,0.416,65.457,52.366,72.548
0,46.579,40.0,60.0,40.0,544.154,224.735,797.491,1178.596,26.4,54.044,70.563,69.893,70.566,51.883,1.531,1.857,0.416,65.457,52.366,72.472
0,46.976,40.0,60.0,40.0,544.154,224.735,797.491,1178.596,26.4,53.992,70.562,69.894,70.564,51.83,1.531,1.857,0.416,65.457,52.366,72.418
0,46.4,40.0,60.0,40.0,544.154,224.735,797.491,1178.596,26.4,56.66,70.559,69.894,70.562,54.499,1.531,1.857,0.416,65.457,52.366,72.33
0,46.008,40.0,60.0,40.0,544.154,224.735,797.491,1178.596,26.4,55.832,70.557,69.894,70.56,53.67,1.531,1.857,0.416,65.457,52.366,72.289
0,46.581,40.0,60.0,40.0,544.154,224.735,797.491,1178.596,26.4,53.998,70.556,69.895,70.558,51.836,1.531,1.857,0.416,65.457,52.366,72.206
0,46.986,40.0,60.0,40.0,544.154,224.735,797.491,1178.596,26.4,53.94,70.554,69.896,70.556,51.778,1.531,1.857,0.416,65.457,52.366,72.114
0,46.395,40.0,60.0,40.0,544.154,224.735,797.491,1178.596,26.4,56.662,70.553,69.897,70.555,54.501,1.531,1.857,0.416,65.457,52.366,72.057
0,45.994,40.0,60.0,40.0,544.154,224.735,797.491,1178.596,26.4,55.821,70.551,69.898,70.553,53.659,1.531,1.857,0.416,65.457,52.366,71.984
0,46.582,40.0,60.0,40.0,544.154,224.735,797.491,1178.596,26.4,53.979,70.552,69.898,70.552,51.817,1.531,1.857,0.416,65.457,52.366,71.993
0,46.997,40.0,60.0,40.0,544.154,224.735,797.491,1178.596,26.4,53.914,70.552,69.899,70.552,51.753,1.531,1.857,0.416,65.457,52.366,71.981
0,46.39,40.0,60.0,40.0,544.154,224.735,797.491,1178.596,26.4,56.661,70.551,69.898,70.552,54.5,1.531,1.857,0.416,65.457,52.366,71.964
0,45.99,40.0,60.0,40.0,544.154,224.735,797.491,1178.596,26.4,55.826,70.548,69.897,70.551,53.665,1.531,1.857,0.416,65.457,52.366,71.897
0,46.589,40.0,60.0,40.0,544.154,224.735,797.491,1178.596,26.4,53.985,70.546,69.897,70.549,51.823,1.531,1.857,0.416,65.457,52.366,71.856
0,47.005,40.0,60.0,40.0,544.154,224.735,797.491,1178.596,26.4,53.9,70.544,69.896,70.546,51.738,1.531,1.857,0.416,65.457,52.366,71.805
0,46.387,40.0,60.0,40.0,544.154,224.735,797.491,1178.596,26.4,56.653,70.54,69.895,70.544,54.491,1.531,1.857,0.416,65.457,52.366,71.751
0,45.989,40.0,60.0,40.0,544.154,224.735,797.491,1178.596,26.4,55.813,70.536,69.893,70.541,53.652,1.531,1.857,0.416,65.457,52.366,71.681
0,46.57,40.0,60.0,40.0,544.154,224.735,797.491,1178.596,26.4,53.948,70.534,69.892,70.538,51.786,1.531,1.857,0.416,65.457,52.366,71.626
0,46.974,40.0,60.0,40.0,544.154,224.735,797.491,1178.596,26.4,53.926,70.531,69.892,70.535,51.764,1.531,1.857,0.416,65.457,52.366,71.538
0,46.391,40.0,60.0,40.0,544.154,224.735,797.491,1178.596,26.4,56.638,70.529,69.892,70.532,54.477,1.531,1.857,0.416,65.457,52.366,71.497
0,45.964,40.0,60.0,40.0,544.154,224.735,797.491,1178.596,26.4,55.788,70.526,69.891,70.53,53.627,1.531,1.857,0.416,65.457,52.366,71.412
0,46.568,40.0,60.0,40.0,544.154,224.735,797.491,1178.596,26.4,53.98,70.525,69.892,70.528,51.818,1.531,1.857,0.416,65.457,52.366,71.385
0,46.973,40.0,60.0,40.0,544.154,224.735,797.491,1178.596,26.4,53.887,70.525,69.892,70.526,51.725,1.531,1.857,0.416,65.457,52.366,71.369
0,46.35,40.0,60.0,40.0,544.154,224.735,797.491,1178.596,26.4,56.594,70.523,69.891,70.525,54.433,1.531,1.857,0.416,65.457,52.366,71.335
0,45.964,40.0,60.0,40.0,544.154,224.735,797.491,1178.596,26.4,55.762,70.52,69.89,70.523,53.601,1.531,1.857,0.416,65.457,52.366,71.296
0,46.551,40.0,60.0,40.0,544.154,224.735,797.491,1178.596,26.4,54.048,70.52,69.889,70.522,51.886,1.531,1.857,0.416,65.457,52.366,71.326
0,46.995,40.0,60.0,40.0,544.154,224.735,797.491,1178.596,26.4,54.128,70.519,69.888,70.521,51.966,1.531,1.857,0.416,65.457,52.366,71.316
0,45.982,40.0,60.0,40.0,544.154,224.735,797.491,1178.596,26.4,56.385,70.516,69.885,70.519,54.223,1.531,1.857,0.416,65.457,52.366,71.281
0,46.774,40.0,60.0,40.0,544.154,224.735,797.491,1178.596,26.4,52.636,70.514,69.884,70.517,50.474,1.531,1.857,0.416,65.457,52.366,71.245
0,46.57,40.0,60.0,40.0,544.154,224.735,797.491,1178.596,26.4,57.011,70.511,69.883,70.514,54.849,1.531,1.857,0.416,65.457,52.366,71.208
0,45.843,40.0,60.0,40.0,544.154,224.735,797.491,1178.596,26.4,55.061,70.508,69.88,70.512,52.9,1.531,1.857,0.416,65.457,52.366,71.188
0,47.249,40.0,60.0,40.0,544.154,224.735,797.491,1178.596,26.4,54.144,70.507,69.881,70.509,51.982,1.531,1.857,0.416,65.457,52.366,71.17
0,46.003,40.0,60.0,40.0,544.154,224.735,797.491,1178.596,26.4,56.384,70.505,69.879,70.508,54.222,1.531,1.857,0.416,65.457,52.366,71.153
0,46.374,40.0,60.0,40.0,544.154,224.735,797.491,1178.596,26.4,54.256,70.505,69.879,70.506,52.094,1.531,1.857,0.416,65.457,52.366,71.119
0,47.093,40.0,60.0,40.0,544.154,224.735,797.491,1178.596,26.4,54.401,70.505,69.881,70.505,52.239,1.531,1.857,0.416,65.457,52.366,71.082
0,46.148,40.0,60.0,40.0,544.154,224.735,797.491,1178.596,26.4,56.478,70.504,69.881,70.505,54.316,1.531,1.857,0.416,65.457,52.366,71.059
0,46.415,40.0,60.0,40.0,544.154,224.735,797.491,1178.596,26.4,54.221,70.507,69.882,70.505,52.059,1.531,1.857,0.416,65.457,52.366,71.125
0,47.118,40.0,60.0,40.0,544.154,224.735,797.491,1178.596,26.4,54.461,70.509,69.885,70.507,52.299,1.531,1.857,0.416,65.457,52.366,71.103
0,7.106,0.0,100.0,0.0,224.059,53.461,673.644,648.153,26.4,55.018,70.324,69.9,70.475,53.574,0.714,0.927,0.18,0.0,0.0,71.064
0,0.0,0.0,100.0,0.0,40.937,1.79,408.207,381.149,26.4,58.002,70.082,69.912,70.359,57.398,0.136,0.296,0.01,0.0,0.0,71.026
0,0.0,0.0,100.0,0.0,0.171,0.0,31.19,4.79,26.4,58.892,70.883,69.925,70.3,58.743,0.014,0.015,0.0,0.0,0.0,71.054
0,0.0,0.0,100.0,0.0,0.0,0.0,8.571,-17.828,26.4,58.852,71.094,57.292,70.31,58.832,0.009,0.0,0.001,0.0,0.0,71.094
0,0.0,0.0,100.0,0.0,0.0,0.0,8.571,-17.828,26.4,58.877,71.066,57.297,70.317,58.874,0.009,0.0,0.001,0.0,0.0,71.066
0,0.0,0.0,100.0,0.0,0.0,0.0,8.571,-17.828,26.4,58.916,71.028,57.302,70.324,58.916,0.009,0.0,0.001,0.0,0.0,71.028
0,0.0,0.0,100.0,0.0,0.0,0.0,8.571,-17.828,26.4,58.958,71.008,57.308,70.33,58.958,0.009,0.0,0.001,0.0,0.0,71.008
0,0.0,0.0,100.0,0.0,0.0,0.0,8.571,-17.828,26.4,59.0,70.991,57.313,70.336,59.0,0.009,0.0,0.001,0.0,0.0,70.991
0,0.0,0.0,100.0,0.0,0.0,0.0,8.571,-17.828,26.4,59.042,70.954,57.318,70.342,59.042,0.009,0.0,0.001,0.0,0.0,70.954
0,0.0,0.0,100.0,0.0,0.0,0.0,8.571,-17.828,26.4,59.084,70.983,57.323,70.347,59.084,0.009,0.0,0.001,0.0,0.0,70.983
0,0.0,0.0,100.0,0.0,0.0,0.0,8.571,-17.828,26.4,59.125,71.005,57.328,70.353,59.125,0.009,0.0,0.001,0.0,0.0,71.005
0,0.0,0.0,100.0,0.0,0.0,0.0,8.571,-17.828,26.4,59.167,71.006,57.332,70.359,59.167,0.009,0.0,0.001,0.0,0.0,71.006
0,0.0,0.0,100.0,0.0,0.0,0.0,8.571,-17.828,26.4,59.208,71.008,57.337,70.365,59.208,0.009,0.0,0.001,0.0,0.0,71.008
0,0.0,0.0,100.0,0.0,0.0,0.0,8.571,-17.828,26.4,59.249,70.961,57.342,70.371,59.249,0.009,0.0,0.001,0.0,0.0,70.961
0,0.0,0.0,100.0,0.0,0.0,0.0,8.571,-17.828,26.4,59.29,70.872,57.347,70.376,59.29,0.009,0.0,0.001,0.0,0.0,70.872
0,0.0,0.0,100.0,0.0,0.0,0.0,8.571,-17.828,26.4,59.331,70.83,57.351,70.38,59.331,0.009,0.0,0.001,0.0,0.0,70.83
0,0.0,0.0,100.0,0.0,0.0,0.0,8.571,-17.828,26.4,59.372,70.78,57.356,70.384,59.372,0.009,0.0,0.001,0.0,0.0,70.78
0,0.0,0.0,100.0,0.0,0.0,0.0,8.571,-17.828,26.4,59.413,70.693,57.36,70.387,59.413,0.009,0.0,0.001,0.0,0.0,70.693
0,0.0,0.0,100.0,0.0,0.0,0.0,8.571,-17.828,26.4,59.453,70.635,57.364,70.39,59.453,0.009,0.0,0.001,0.0,0.0,70.635
0,0.0,0.0,100.0,0.0,0.0,0.0,8.571,-17.828,26.4,59.493,70.55,57.368,70.392,59.493,0.009,0.0,0.001,0.0,0.0,70.55
0,0.0,0.0,100.0,0.0,0.0,0.0,8.571,-17.828,26.4,59.534,70.46,57.372,70.393,59.534,0.009,0.0,0.001,0.0,0.0,70.46
0,0.0,0.0,100.0,0.0,0.0,0.0,8.571,-17.828,26.4,59.574,70.352,57.377,70.393,59.574,0.009,0.0,0.001,0.0,0.0,70.352
0,0.0,0.0,100.0,0.0,0.0,0.0,8.571,-17.828,26.4,59.614,70.293,57.381,70.393,59.614,0.009,0.0,0.001,0.0,0.0,70.293
0,0.0,0.0,100.0,0.0,0.0,0.0,8.571,-17.828,26.4,59.653,70.208,57.385,70.391,59.653,0.009,0.0,0.001,0.0,0.0,70.208
0,0.0,0.0,100.0,0.0,0.0,0.0,8.571,-17.828,26.4,59.693,70.116,57.388,70.389,59.693,0.009,0.0,0.001,0.0,0.0,70.116
0,0.0,0.0,100.0,0.0,0.0,0.0,8.571,-17.828,26.4,59.733,70.059,57.392,70.387,59.733,0.009,0.0,0.001,0.0,0.0,70.059
0,0.0,0.0,100.0,0.0,0.0,0.0,8.571,-17.828,26.4,59.772,69.972,57.396,70.384,59.772,0.009,0.0,0.001,0.0,0.0,69.972
0,0.0,0.0,100.0,0.0,0.0,0.0,8.571,-17.828,26.4,59.811,69.931,57.4,70.38,59.811,0.009,0.0,0.001,0.0,0.0,69.931
0,0.0,0.0,100.0,0.0,0.0,0.0,8.571,-17.828,26.4,59.85,69.862,57.403,70.376,59.85,0.009,0.0,0.001,0.0,0.0,69.862
0,0.0,0.0,100.0,0.0,0.0,0.0,8.571,-17.828,26.4,59.889,69.82,57.407,70.371,59.889,0.009,0.0,0.001,0.0,0.0,69.82
0,0.0,0.0,100.0,0.0,0.0,0.0,8.571,-17.828,26.4,59.928,69.835,57.41,70.366,59.928,0.009,0.0,0.001,0.0,0.0,69.835
0,0.0,0.0,100.0,0.0,0.0,0.0,8.571,-17.828,26.4,59.966,69.79,57.414,70.361,59.966,0.009,0.0,0.001,0.0,0.0,69.79
0,0.0,0.0,100.0,0.0,0.0,0.0,8.571,-17.828,26.4,60.004,69.75,57.417,70.356,60.004,0.009,0.0,0.001,0.0,0.0,69.75
0,0.0,0.0,100.0,0.0,0.0,0.0,8.571,-17.828,26.4,60.043,69.713,57.42,70.35,60.043,0.009,0.0,0.001,0.0,0.0,69.713
0,0.0,0.0,100.0,0.0,0.0,0.0,8.571,-17.828,26.4,60.081,69.711,57.424,70.344,60.081,0.009,0.0,0.001,0.0,0.0,69.711
0,0.0,0.0,100.0,0.0,0.0,0.0,8.571,-17.828,26.4,60.119,69.663,57.427,70.339,60.119,0.009,0.0,0.001,0.0,0.0,69.663
0,0.0,0.0,100.0,0.0,0.0,0.0,8.571,-17.828,26.4,60.156,69.642,57.43,70.332,60.156,0.009,0.0,0.001,0.0,0.0,69.642
0,0.0,0.0,100.0,0.0,0.0,0.0,8.571,-17.828,26.4,60.194,69.543,57.433,70.326,60.194,0.009,0.0,0.001,0.0,0.0,69.543
0,0.0,0.0,100.0,0.0,0.0,0.0,8.571,-17.828,26.4,60.231,69.498,57.436,70.319,60.231,0.009,0.0,0.001,0.0,0.0,69.498
0,0.0,0.0,100.0,0.0,0.0,0.0,8.571,-17.828,26.4,60.268,69.449,57.438,70.311,60.268,0.009,0.0,0.001,0.0,0.0,69.449
0,0.0,0.0,100.0,0.0,0.0,0.0,8.571,-17.828,26.4,60.306,69.345,57.441,70.303,60.306,0.009,0.0,0.001,0.0,0.0,69.345
0,0.0,0.0,100.0,0.0,0.0,0.0,8.571,-17.828,26.4,60.342,69.283,57.444,70.294,60.342,0.009,0.0,0.001,0.0,0.0,69.283
0,0.0,0.0,100.0,0.0,0.0,0.0,8.571,-17.828,26.4,60.379,69.247,57.447,70.285,60.379,0.009,0.0,0.001,0.0,0.0,69.247
0,0.0,0.0,100.0,0.0,0.0,0.0,8.571,-17.828,26.4,60.416,69.193,57.449,70.276,60.416,0.009,0.0,0.001,0.0,0.0,69.193
0,0.0,0.0,100.0,0.0,0.0,0.0,8.571,-17.828,26.4,60.452,69.187,57.452,70.266,60.452,0.009,0.0,0.001,0.0,0.0,69.187
0,0.0,0.0,100.0,0.0,0.0,0.0,8.571,-17.828,26.4,60.488,69.189,57.454,70.256,60.488,0.009,0.0,0.001,0.0,0.0,69.189
0,0.0,0.0,100.0,0.0,0.0,0.0,8.571,-17.828,26.4,60.524,69.155,57.457,70.246,60.524,0.009,0.0,0.001,0.0,0.0,69.155
0,0.0,0.0,100.0,0.0,0.0,0.0,8.571,-17.828,26.4,60.56,69.168,57.459,70.237,60.56,0.009,0.0,0.001,0.0,0.0,69.168
0,0.0,0.0,100.0,0.0,0.0,0.0,8.571,-17.828,26.4,60.596,69.156,57.462,70.227,60.596,0.009,0.0,0.001,0.0,0.0,69.156
0,0.0,0.0,100.0,0.0,0.0,0.0,8.571,-17.828,26.4,60.631,69.12,57.464,70.217,60.631,0.009,0.0,0.001,0.0,0.0,69.12
0,0.0,0.0,100.0,0.0,0.0,0.0,8.571,-17.828,26.4,60.667,69.117,57.466,70.207,60.667,0.009,0.0,0.001,0.0,0.0,69.117
0,0.0,0.0,100.0,0.0,0.0,0.0,8.571,-17.828,26.4,60.702,69.085,57.468,70.197,60.702,0.009,0.0,0.001,0.0,0.0,69.085
0,0.0,0.0,100.0,0.0,0.0,0.0,8.571,-17.828,26.4,60.737,69.065,57.471,70.187,60.737,0.009,0.0,0.001,0.0,0.0,69.065
0,0.0,0.0,100.0,0.0,0.0,0.0,8.571,-17.828,26.4,60.772,69.013,57.473,70.177,60.772,0.009,0.0,0.001,0.0,0.0,69.013
0,0.0,0.0,100.0,0.0,0.0,0.0,8.571,-17.828,26.4,60.806,69.02,57.475,70.166,60.806,0.009,0.0,0.001,0.0,0.0,69.02
0,0.0,0.0,100.0,0.0,0.0,0.0,8.571,-17.828,26.4,60.841,69.093,57.477,70.156,60.841,0.009,0.0,0.001,0.0,0.0,69.093
0,0.0,0.0,100.0,0.0,0.0,0.0,8.571,-17.828,26.4,60.875,69.037,57.479,70.147,60.875,0.009,0.0,0.001,0.0,0.0,69.037
0,0.0,0.0,100.0,0.0,0.0,0.0,8.571,-17.828,26.4,60.91,68.977,57.481,70.137,60.91,0.009,0.0,0.001,0.0,0.0,68.977
0,0.0,0.0,100.0,0.0,0.0,0.0,8.571,-17.828,26.4,60.944,68.955,57.483,70.126,60.944,0.009,0.0,0.001,0.0,0.0,68.955
0,0.0,0.0,100.0,0.0,0.0,0.0,8.571,-17.828,26.4,60.977,68.957,57.485,70.116,60.977,0.009,0.0,0.001,0.0,0.0,68.957
0,0.0,0.0,100.0,0.0,0.0,0.0,8.571,-17.828,26.4,61.011,68.86,57.486,70.105,61.011,0.009,0.0,0.001,0.0,0.0,68.86
0,0.0,0.0,100.0,0.0,0.0,0.0,8.571,-17.828,26.4,61.045,68.782,57.488,70.093,61.045,0.009,0.0,0.001,0.0,0.0,68.782
0,0.0,0.0,100.0,0.0,0.0,0.0,8.571,-17.828,26.4,61.078,68.708,57.49,70.081,61.078,0.009,0.0,0.001,0.0,0.0,68.708
0,0.0,0.0,100.0,0.0,0.0,0.0,8.571,-17.828,26.4,61.111,68.702,57.492,70.069,61.111,0.009,0.0,0.001,0.0,0.0,68.702
0,0.0,0.0,100.0,0.0,0.0,0.0,8.571,-17.828,26.4,61.144,68.656,57.493,70.057,61.144,0.009,0.0,0.001,0.0,0.0,68.656
0,0.0,0.0,100.0,0.0,0.0,0.0,8.571,-17.828,26.4,61.177,68.586,57.495,70.044,61.177,0.009,0.0,0.001,0.0,0.0,68.586
0,0.0,0.0,100.0,0.0,0.0,0.0,8.571,-17.828,26.4,61.21,68.498,57.496,70.03,61.21,0.009,0.0,0.001,0.0,0.0,68.498
0,0.0,0.0,100.0,0.0,0.0,0.0,8.571,-17.828,26.4,61.242,68.39,57.498,70.016,61.242,0.009,0.0,0.001,0.0,0.0,68.39
0,0.0,0.0,100.0,0.0,0.0,0.0,8.571,-17.828,26.4,61.275,68.333,57.499,70.001,61.275,0.009,0.0,0.001,0.0,0.0,68.333
0,0.0,0.0,100.0,0.0,0.0,0.0,8.571,-17.828,26.4,61.307,68.199,57.5,69.986,61.307,0.009,0.0,0.001,0.0,0.0,68.199
0,0.0,0.0,100.0,0.0,0.0,0.0,8.571,-17.828,26.4,61.339,68.066,57.502,69.97,61.339,0.009,0.0,0.001,0.0,0.0,68.066
0,0.0,0.0,100.0,0.0,0.0,0.0,8.571,-17.828,26.4,61.371,68.022,57.503,69.952,61.371,0.009,0.0,0.001,0.0,0.0,68.022
0,0.0,0.0,100.0,0.0,0.0,0.0,8.571,-17.828,26.4,61.402,67.938,57.504,69.935,61.402,0.009,0.0,0.001,0.0,0.0,67.938
0,0.0,0.0,100.0,0.0,0.0,0.0,8.571,-17.828,26.4,61.434,67.898,57.505,69.916,61.434,0.009,0.0,0.001,0.0,0.0,67.898
0,0.0,0.0,100.0,0.0,0.0,0.0,8.571,-17.828,26.4,61.465,67.782,57.506,69.898,61.465,0.009,0.0,0.001,0.0,0.0,67.782
0,0.0,0.0,100.0,0.0,0.0,0.0,8.571,-17.828,26.4,61.496,67.688,57.507,69.879,61.496,0.009,0.0,0.001,0.0,0.0,67.688
0,0.0,0.0,100.0,0.0,0.0,0.0,8.571,-17.828,26.4,61.527,67.567,57.508,69.859,61.527,0.009,0.0,0.001,0.0,0.0,67.567
0,0.0,0.0,100.0,0.0,0.0,0.0,8.571,-17.828,26.4,61.558,67.442,57.509,69.838,61.558,0.009,0.0,0.001,0.0,0.0,67.442
0,0.0,0.0,100.0,0.0,0.0,0.0,8.571,-17.828,26.4,61.588,67.25,57.51,69.815,61.588,0.009,0.0,0.001,0.0,0.0,67.25
0,0.0,0.0,100.0,0.0,0.0,0.0,8.571,-17.828,26.4,61.619,67.096,57.511,69.792,61.619,0.009,0.0,0.001,0.0,0.0,67.096
0,0.0,0.0,100.0,0.0,0.0,0.0,8.571,-17.828,26.4,61.649,67.015,57.511,69.767,61.649,0.009,0.0,0.001,0.0,0.0,67.015
0,0.0,0.0,100.0,0.0,0.0,0.0,8.571,-17.828,26.4,61.679,67.007,57.512,69.742,61.679,0.009,0.0,0.001,0.0,0.0,67.007
0,0.0,0.0,100.0,0.0,0.0,0.0,8.571,-17.828,26.4,61.708,67.043,57.512,69.718,61.708,0.009,0.0,0.001,0.0,0.0,67.043
0,0.0,0.0,100.0,0.0,0.0,0.0,8.571,-17.828,26.4,61.738,67.016,57.513,69.694,61.738,0.009,0.0,0.001,0.0,0.0,67.016
0,0.0,0.0,100.0,0.0,0.0,0.0,8.571,-17.828,26.4,61.767,66.978,57.514,69.67,61.767,0.009,0.0,0.001,0.0,0.0,66.978
0,0.0,0.0,100.0,0.0,0.0,0.0,8.571,-17.828,26.4,61.796,66.96,57.514,69.645,61.796,0.009,0.0,0.001,0.0,0.0,66.96
0,0.0,0.0,100.0,0.0,0.0,0.0,8.571,-17.828,26.4,61.825,66.892,57.515,69.621,61.825,0.009,0.0,0.001,0.0,0.0,66.892
0,0.0,0.0,100.0,0.0,0.0,0.0,8.571,-17.828,26.4,61.854,66.886,57.515,69.596,61.854,0.009,0.0,0.001,0.0,0.0,66.886
0,0.0,0.0,100.0,0.0,0.0,0.0,8.571,-17.828,26.4,61.883,66.803,57.516,69.572,61.883,0.009,0.0,0.001,0.0,0.0,66.803
0,0.0,0.0,100.0,0.0,0.0,0.0,8.571,-17.828,26.4,61.911,66.807,57.516,69.547,61.911,0.009,0.0,0.001,0.0,0.0,66.807
0,0.0,0.0,100.0,0.0,0.0,0.0,8.571,-17.828,26.4,61.939,66.842,57.516,69.522,61.939,0.009,0.0,0.001,0.0,0.0,66.842
0,0.0,0.0,100.0,0.0,0.0,0.0,8.571,-17.828,26.4,61.967,66.91,57.517,69.498,61.967,0.009,0.0,0.001,0.0,0.0,66.91
0,0.0,0.0,100.0,0.0,0.0,0.0,8.571,-17.828,26.4,61.995,66.982,57.517,69.475,61.995,0.009,0.0,0.001,0.0,0.0,66.982
0,0.0,0.0,100.0,0.0,0.0,0.0,8.571,-17.828,26.4,62.022,67.073,57.518,69.453,62.022,0.009,0.0,0.001,0.0,0.0,67.073
0,0.0,0.0,100.0,0.0,0.0,0.0,8.571,-17.828,26.4,62.05,67.098,57.518,69.432,62.05,0.009,0.0,0.001,0.0,0.0,67.098
0,0.0,0.0,100.0,0.0,0.0,0.0,8.571,-17.828,26.4,62.077,67.148,57.518,69.411,62.077,0.009,0.0,0.001,0.0,0.0,67.148
0,0.0,0.0,100.0,0.0,0.0,0.0,8.571,-17.828,26.4,62.104,67.155,57.519,69.391,62.104,0.009,0.0,0.001,0.0,0.0,67.155
0,0.0,0.0,100.0,0.0,0.0,0.0,8.571,-17.828,26.4,62.131,67.171,57.519,69.37,62.131,0.009,0.0,0.001,0.0,0.0,67.171
0,0.0,0.0,100.0,0.0,0.0,0.0,8.571,-17.828,26.4,62.158,67.14,57.52,69.351,62.158,0.009,0.0,0.001,0.0,0.0,67.14
0,0.0,0.0,100.0,0.0,0.0,0.0,8.571,-17.828,26.4,62.184,67.15,57.52,69.331,62.184,0.009,0.0,0.001,0.0,0.0,67.15
0,0.0,0.0,100.0,0.0,0.0,0.0,8.571,-17.828,26.4,62.21,67.202,57.52,69.311,62.21,0.009,0.0,0.001,0.0,0.0,67.202
0,0.0,0.0,100.0,0.0,0.0,0.0,8.571,-17.828,26.4,62.237,67.228,57.521,69.292,62.237,0.009,0.0,0.001,0.0,0.0,67.228
0,0.0,0.0,100.0,0.0,0.0,0.0,8.571,-17.828,26.4,62.263,67.161,57.521,69.273,62.263,0.009,0.0,0.001,0.0,0.0,67.161
0,0.0,0.0,100.0,0.0,0.0,0.0,8.571,-17.828,26.4,62.288,67.184,57.521,69.254,62.288,0.009,0.0,0.001,0.0,0.0,67.184
0,0.0,0.0,100.0,0.0,0.0,0.0,8.571,-17.828,26.4,62.314,67.207,57.521,69.236,62.314,0.009,0.0,0.001,0.0,0.0,67.207
0,0.0,0.0,100.0,0.0,0.0,0.0,8.571,-17.828,26.4,62.34,67.192,57.522,69.218,62.34,0.009,0.0,0.001,0.0,0.0,67.192
0,0.0,0.0,100.0,0.0,0.0,0.0,8.571,-17.828,26.4,62.365,67.206,57.522,69.2,62.365,0.009,0.0,0.001,0.0,0.0,67.206
0,0.0,0.0,100.0,0.0,0.0,0.0,8.571,-17.828,26.4,62.39,67.191,57.522,69.182,62.39,0.009,0.0,0.001,0.0,0.0,67.191
0,0.0,0.0,100.0,0.0,0.0,0.0,8.571,-17.828,26.4,62.415,67.219,57.523,69.164,62.415,0.009,0.0,0.001,0.0,0.0,67.219
0,0.0,0.0,100.0,0.0,0.0,0.0,8.571,-17.828,26.4,62.44,67.307,57.523,69.146,62.44,0.009,0.0,0.001,0.0,0.0,67.307
0,0.0,0.0,100.0,0.0,0.0,0.0,8.571,-17.828,26.4,62.465,67.317,57.523,69.13,62.465,0.009,0.0,0.001,0.0,0.0,67.317
0,0.0,0.0,100.0,0.0,0.0,0.0,8.571,-17.828,26.4,62.489,67.332,57.523,69.114,62.489,0.009,0.0,0.001,0.0,0.0,67.332
0,0.0,0.0,100.0,0.0,0.0,0.0,8.571,-17.828,26.4,62.514,67.335,57.524,69.098,62.514,0.009,0.0,0.001,0.0,0.0,67.335
0,0.0,0.0,100.0,0.0,0.0,0.0,8.571,-17.828,26.4,62.538,67.317,57.524,69.082,62.538,0.009,0.0,0.001,0.0,0.0,67.317
0,0.0,0.0,100.0,0.0,0.0,0.0,8.571,-17.828,26.4,62.562,67.349,57.524,69.066,62.562,0.009,0.0,0.001,0.0,0.0,67.349
0,0.0,0.0,100.0,0.0,0.0,0.0,8.571,-17.828,26.4,62.586,67.322,57.524,69.05,62.586,0.009,0.0,0.001,0.0,0.0,67.322
0,0.0,0.0,100.0,0.0,0.0,0.0,8.571,-17.828,26.4,62.61,67.285,57.524,69.035,62.61,0.009,0.0,0.001,0.0,0.0,67.285
0,0.0,0.0,100.0,0.0,0.0,0.0,8.571,-17.828,26.4,62.634,67.232,57.524,69.019,62.634,0.009,0.0,0.001,0.0,0.0,67.232
0,0.0,0.0,100.0,0.0,0.0,0.0,8.571,-17.828,26.4,62.657,67.209,57.525,69.003,62.657,0.009,0.0,0.001,0.0,0.0,67.209
0,0.0,0.0,100.0,0.0,0.0,0.0,8.571,-17.828,26.4,62.681,67.193,57.525,68.986,62.681,0.009,0.0,0.001,0.0,0.0,67.193
