DATE,TIME,BAR-PRES,IR-RADIA,OA-HUMD,OA-TEMP,SOL-ALM,SOL-BEAM,SOL-HORZ,WIND-DIR,WIND-VEL
09/01/2007,00:00:00,1023.177,106.0,77.057,66.967,0.0,0.253,0.163,130.15,2.119
09/01/2007,00:01:00,1023.196,105.75,77.183,66.85,0.0,0.222,0.136,131.345,2.575
09/01/2007,00:02:00,1023.196,105.625,77.015,66.76,0.0,0.222,0.136,134.085,3.367
09/01/2007,00:03:00,1023.196,105.875,77.416,66.773,0.0,0.316,0.163,128.401,2.46
09/01/2007,00:04:00,1023.196,105.75,76.989,66.65,0.0,0.222,0.136,138.21,3.853
09/01/2007,00:05:00,1023.196,105.938,76.577,66.688,0.0,0.253,0.136,107.47,1.772
09/01/2007,00:06:00,1023.196,105.75,76.652,66.624,0.0,0.253,0.163,154.928,2.874
09/01/2007,00:07:00,1023.196,106.0,76.665,66.572,0.0,0.222,0.136,147.844,2.983
09/01/2007,00:08:00,1023.196,106.0,76.532,66.52,0.0,0.222,0.136,151.969,3.02
09/01/2007,00:09:00,1023.196,105.875,76.892,66.494,0.0,0.222,0.136,141.329,2.442
09/01/2007,00:10:00,1023.235,106.063,76.38,66.449,0.0,0.253,0.136,153.135,2.283
09/01/2007,00:11:00,1023.196,106.25,77.028,66.41,0.0,0.253,0.163,152.989,2.861
09/01/2007,00:12:00,1023.235,106.25,76.943,66.319,0.0,0.253,0.136,145.177,1.845
09/01/2007,00:13:00,1023.235,105.75,77.102,66.28,0.0,0.19,0.163,149.695,2.971
09/01/2007,00:14:00,1023.235,105.813,77.63,66.176,0.0,0.222,0.136,146.052,1.681
09/01/2007,00:15:00,1023.235,106.063,76.924,66.131,0.0,0.253,0.136,148.136,3.519
09/01/2007,00:16:00,1023.235,106.0,77.002,66.163,0.0,0.253,0.163,160.816,2.959
09/01/2007,00:17:00,1023.196,106.125,76.5,66.118,0.0,0.253,0.136,165.655,3.056
09/01/2007,00:18:00,1023.235,105.375,77.326,66.163,0.0,0.19,0.136,172.01,1.73
09/01/2007,00:19:00,1023.235,105.125,77.403,66.053,0.0,0.158,0.136,186.469,1.432
09/01/2007,00:20:00,1023.273,105.125,77.471,65.963,0.0,0.19,0.136,171.194,1.596
09/01/2007,00:21:00,1023.273,105.25,77.442,65.865,0.0,0.19,0.163,175.29,1.967
09/01/2007,00:22:00,1023.273,105.25,77.581,65.911,0.0,0.19,0.163,158.222,1.705
09/01/2007,00:23:00,1023.235,105.688,78.213,65.898,0.0,0.222,0.136,148.18,2.01
09/01/2007,00:24:00,1023.273,105.688,78.113,65.898,0.0,0.222,0.136,150.963,2.277
09/01/2007,00:25:00,1023.273,105.438,77.902,65.898,0.0,0.222,0.136,127.147,2.959
09/01/2007,00:26:00,1023.235,105.313,77.795,65.852,0.0,0.222,0.136,148.238,3.172
09/01/2007,00:27:00,1023.235,105.188,78.245,65.839,0.0,0.222,0.136,143.413,3.373
09/01/2007,00:28:00,1023.235,105.125,78.615,65.755,0.0,0.19,0.136,135.266,2.959
09/01/2007,00:29:00,1023.235,105.188,79.884,65.729,0.0,0.19,0.163,139.726,2.265
09/01/2007,00:30:00,1023.196,105.438,79.897,65.677,0.0,0.222,0.136,135.47,3.02
09/01/2007,00:31:00,1023.235,105.5,80.296,65.638,0.0,0.222,0.136,147.043,2.959
09/01/2007,00:32:00,1023.273,105.375,80.208,65.638,0.0,0.222,0.136,139.041,2.405
09/01/2007,00:33:00,1023.273,105.25,79.237,65.541,0.0,0.19,0.136,143.807,3.342
09/01/2007,00:34:00,1023.273,105.438,79.262,65.515,0.0,0.19,0.136,142.67,3.397
09/01/2007,00:35:00,1023.273,105.25,79.593,65.502,0.0,0.222,0.136,136.694,3.33
09/01/2007,00:36:00,1023.273,105.25,79.237,65.502,0.0,0.222,0.136,134.697,2.472
09/01/2007,00:37:00,1023.273,105.25,79.402,65.528,0.0,0.19,0.136,149.579,2.131
09/01/2007,00:38:00,1023.273,105.313,79.224,65.515,0.0,0.19,0.163,145.396,2.697
09/01/2007,00:39:00,1023.311,105.5,79.058,65.515,0.0,0.19,0.136,153.019,3.008
09/01/2007,00:40:00,1023.273,105.563,79.334,65.567,0.0,0.222,0.136,155.409,2.746
09/01/2007,00:41:00,1023.311,105.625,78.994,65.587,0.0,0.19,0.136,144.944,3.932
09/01/2007,00:42:00,1023.273,105.625,79.726,65.6,0.0,0.19,0.136,123.897,2.886
09/01/2007,00:43:00,1023.311,105.563,79.648,65.638,0.0,0.19,0.136,147.611,3.604
09/01/2007,00:44:00,1023.311,105.688,80.137,65.651,0.0,0.19,0.163,135.951,3.421
09/01/2007,00:45:00,1023.273,105.5,80.39,65.651,0.0,0.19,0.136,131.724,2.308
09/01/2007,00:46:00,1023.311,105.0,79.661,65.651,0.0,0.19,0.163,135.105,4.279
09/01/2007,00:47:00,1023.311,105.0,79.376,65.613,0.0,0.19,0.136,133.779,3.385
09/01/2007,00:48:00,1023.311,104.938,79.635,65.587,0.0,0.19,0.136,132.351,2.935
09/01/2007,00:49:00,1023.311,105.5,80.056,65.567,0.0,0.222,0.136,158.397,3.233
09/01/2007,00:50:00,1023.311,105.438,80.237,65.541,0.0,0.222,0.136,133.808,2.046
09/01/2007,00:51:00,1023.311,105.563,79.726,65.541,0.0,0.222,0.136,149.637,3.993
09/01/2007,00:52:00,1023.311,105.438,79.573,65.502,0.0,0.19,0.163,142.276,2.332
09/01/2007,00:53:00,1023.311,105.375,79.13,65.476,0.0,0.222,0.163,148.923,4.279
09/01/2007,00:54:00,1023.273,105.313,79.308,65.464,0.0,0.19,0.163,151.998,3.099
09/01/2007,00:55:00,1023.273,105.375,79.687,65.412,0.0,0.19,0.136,145.396,3.866
09/01/2007,00:56:00,1023.273,105.25,79.654,65.321,0.0,0.19,0.136,141.533,2.697
09/01/2007,00:57:00,1023.273,105.438,79.878,65.282,0.0,0.19,0.163,146.241,3.744
09/01/2007,00:58:00,1023.273,105.375,80.017,65.347,0.0,0.19,0.136,128.342,2.192
09/01/2007,00:59:00,1023.273,105.375,80.403,65.334,0.0,0.19,0.136,150.103,4.766
09/01/2007,01:00:00,1023.273,105.25,80.124,65.321,0.0,0.19,0.163,139.551,5.362
09/01/2007,01:01:00,1023.273,105.688,80.746,65.386,0.0,0.19,0.136,139.609,3.732
09/01/2007,01:02:00,1023.273,105.563,80.03,65.347,0.0,0.19,0.136,144.157,4.723
09/01/2007,01:03:00,1023.273,105.375,79.832,65.347,0.0,0.19,0.136,160.044,3.093
09/01/2007,01:04:00,1023.311,105.438,80.328,65.36,0.0,0.222,0.136,135.47,3.269
09/01/2007,01:05:00,1023.273,105.563,80.111,65.295,0.0,0.222,0.136,121.856,3.281
09/01/2007,01:06:00,1023.273,105.375,79.781,65.276,0.0,0.19,0.163,143.807,4.924
09/01/2007,01:07:00,1023.311,105.375,79.8,65.295,0.0,0.222,0.136,141.417,3.123
09/01/2007,01:08:00,1023.311,105.313,79.845,65.263,0.0,0.19,0.136,133.123,3.056
09/01/2007,01:09:00,1023.311,105.063,80.111,65.198,0.0,0.19,0.136,122.935,2.612
09/01/2007,01:10:00,1023.349,105.063,80.098,65.185,0.0,0.222,0.136,137.977,3.397
09/01/2007,01:11:00,1023.311,105.313,80.283,65.172,0.0,0.222,0.136,139.172,3.567
09/01/2007,01:12:00,1023.349,105.375,79.952,65.198,0.0,0.222,0.136,150.686,3.367
09/01/2007,01:13:00,1023.349,105.25,79.92,65.12,0.0,0.222,0.136,139.828,4.139
09/01/2007,01:14:00,1023.349,105.313,80.276,65.172,0.0,0.222,0.136,133.968,2.849
09/01/2007,01:15:00,1023.349,105.313,80.535,65.107,0.0,0.19,0.136,146.11,3.458
09/01/2007,01:16:00,1023.349,105.063,80.202,65.003,0.0,0.19,0.136,140.382,3.458
09/01/2007,01:17:00,1023.388,105.125,80.976,65.081,0.0,0.19,0.163,141.271,3.233
09/01/2007,01:18:00,1023.388,105.0,80.794,65.042,0.0,0.19,0.136,154.593,2.935
09/01/2007,01:19:00,1023.388,105.375,80.503,65.107,0.0,0.19,0.163,141.956,2.849
09/01/2007,01:20:00,1023.388,105.25,80.694,65.081,0.0,0.19,0.136,130.5,2.442
09/01/2007,01:21:00,1023.426,105.375,80.607,65.081,0.0,0.19,0.136,146.416,2.886
09/01/2007,01:22:00,1023.426,105.375,80.995,65.133,0.0,0.222,0.136,143.034,3.421
09/01/2007,01:23:00,1023.464,105.125,80.649,65.198,0.0,0.19,0.136,160.102,3.318
09/01/2007,01:24:00,1023.426,105.438,80.726,65.094,0.0,0.222,0.136,152.188,1.857
09/01/2007,01:25:00,1023.464,105.0,80.701,65.016,0.0,0.19,0.163,145.512,2.807
09/01/2007,01:26:00,1023.464,105.0,80.772,65.055,0.0,0.19,0.163,115.968,2.983
09/01/2007,01:27:00,1023.503,105.0,80.739,65.016,0.0,0.19,0.163,137.379,1.772
09/01/2007,01:28:00,1023.464,104.938,81.173,64.997,0.0,0.19,0.136,129.873,3.099
09/01/2007,01:29:00,1023.464,104.875,81.293,64.958,0.0,0.222,0.136,126.579,2.588
09/01/2007,01:30:00,1023.426,104.813,81.565,64.893,0.0,0.19,0.163,151.444,3.592
09/01/2007,01:31:00,1023.426,104.813,81.572,64.867,0.0,0.222,0.136,134.114,2.722
09/01/2007,01:32:00,1023.426,104.813,81.811,64.854,0.0,0.19,0.163,134.289,2.472
09/01/2007,01:33:00,1023.426,105.0,81.513,64.88,0.0,0.19,0.136,126.083,2.429
09/01/2007,01:34:00,1023.426,104.875,81.134,64.88,0.0,0.222,0.136,131.666,3.02
09/01/2007,01:35:00,1023.426,104.938,81.134,64.893,0.0,0.19,0.163,120.996,2.825
09/01/2007,01:36:00,1023.464,105.125,80.856,64.893,0.0,0.253,0.136,126.2,2.369
09/01/2007,01:37:00,1023.503,105.0,80.568,64.867,0.0,0.19,0.163,131.84,2.898
09/01/2007,01:38:00,1023.503,104.813,80.62,64.945,0.0,0.19,0.136,112.222,1.857
09/01/2007,01:39:00,1023.503,104.875,80.956,64.893,0.0,0.253,0.136,113.053,2.265
09/01/2007,01:40:00,1023.503,104.938,80.759,64.88,0.0,0.222,0.136,127.031,2.825
09/01/2007,01:41:00,1023.503,105.0,80.733,64.906,0.0,0.19,0.136,176.091,2.308
09/01/2007,01:42:00,1023.503,104.813,81.028,64.867,0.0,0.222,0.136,123.022,2.861
09/01/2007,01:43:00,1023.503,104.625,81.115,64.893,0.0,0.19,0.163,138.866,2.557
09/01/2007,01:44:00,1023.503,104.688,81.173,64.867,0.0,0.222,0.136,151.911,2.825
09/01/2007,01:45:00,1023.503,104.938,81.782,64.893,0.0,0.222,0.136,128.401,2.563
09/01/2007,01:46:00,1023.464,105.188,81.909,64.815,0.0,0.253,0.163,148.923,2.563
09/01/2007,01:47:00,1023.426,105.125,81.565,64.789,0.0,0.222,0.136,154.651,2.624
09/01/2007,01:48:00,1023.426,105.063,81.782,64.712,0.0,0.253,0.163,140.673,3.616
09/01/2007,01:49:00,1023.426,105.063,81.737,64.789,0.0,0.253,0.136,131.636,3.616
09/01/2007,01:50:00,1023.388,104.875,82.372,64.802,0.0,0.19,0.163,141.898,3.646
09/01/2007,01:51:00,1023.388,104.625,81.934,64.789,0.0,0.19,0.163,141.329,4.03
09/01/2007,01:52:00,1023.388,104.938,82.919,64.777,0.0,0.222,0.136,134.522,2.636
09/01/2007,01:53:00,1023.388,104.813,82.767,64.712,0.0,0.222,0.136,131.287,2.709
09/01/2007,01:54:00,1023.388,105.125,82.155,64.712,0.0,0.222,0.136,145.192,2.734
09/01/2007,01:55:00,1023.426,104.938,81.964,64.705,0.0,0.222,0.136,131.185,2.746
09/01/2007,01:56:00,1023.464,104.938,82.381,64.653,0.0,0.222,0.136,130.529,2.296
09/01/2007,01:57:00,1023.503,104.75,82.109,64.615,0.0,0.222,0.163,151.138,2.046
09/01/2007,01:58:00,1023.503,104.813,82.511,64.627,0.0,0.253,0.136,121.025,1.967
09/01/2007,01:59:00,1023.503,104.688,82.346,64.563,0.0,0.19,0.163,122.308,0.677
09/01/2007,02:00:00,1023.503,104.75,82.275,64.524,0.0,0.222,0.136,148.529,2.624
09/01/2007,02:01:00,1023.541,104.875,82.466,64.511,0.0,0.222,0.136,150.235,1.474
09/01/2007,02:02:00,1023.541,104.875,82.035,64.511,0.0,0.222,0.136,145.541,1.857
09/01/2007,02:03:00,1023.541,104.938,82.602,64.511,0.0,0.222,0.136,140.382,2.058
09/01/2007,02:04:00,1023.541,104.688,82.352,64.446,0.0,0.19,0.136,150.686,2.533
09/01/2007,02:05:00,1023.503,104.875,82.096,64.414,0.0,0.222,0.136,149.783,1.955
09/01/2007,02:06:00,1023.541,104.75,82.015,64.414,0.0,0.19,0.163,129.581,1.632
09/01/2007,02:07:00,1023.503,104.75,81.915,64.375,0.0,0.19,0.163,135.076,1.346
09/01/2007,02:08:00,1023.503,104.75,82.3,64.362,0.0,0.222,0.136,139.318,1.821
09/01/2007,02:09:00,1023.541,104.625,82.161,64.323,0.0,0.222,0.136,130.587,1.736
09/01/2007,02:10:00,1023.541,104.5,82.634,64.245,0.0,0.19,0.136,144.55,1.809
09/01/2007,02:11:00,1023.541,104.438,82.621,64.232,0.0,0.19,0.136,145.847,1.705
09/01/2007,02:12:00,1023.541,104.438,82.585,64.174,0.0,0.19,0.136,134.056,1.31
09/01/2007,02:13:00,1023.579,104.438,82.615,64.161,0.0,0.19,0.136,134.639,1.857
09/01/2007,02:14:00,1023.541,104.563,82.654,64.174,0.0,0.222,0.163,146.984,1.498
09/01/2007,02:15:00,1023.541,104.5,82.654,64.148,0.0,0.19,0.136,138.953,1.237
09/01/2007,02:16:00,1023.541,104.563,82.009,64.148,0.0,0.19,0.163,139.041,1.821
09/01/2007,02:17:00,1023.503,104.375,82.122,64.232,0.0,0.19,0.136,133.517,0.999
09/01/2007,02:18:00,1023.541,104.25,82.226,64.187,0.0,0.19,0.136,140.557,1.073
09/01/2007,02:19:00,1023.541,104.5,82.828,64.232,0.0,0.19,0.136,125.835,0.975
09/01/2007,02:20:00,1023.541,104.25,82.628,64.206,0.0,0.19,0.136,139.988,-0.187
09/01/2007,02:21:00,1023.541,104.188,83.097,64.103,0.0,0.19,0.136,140.309,-0.187
09/01/2007,02:22:00,1023.503,104.438,83.259,64.077,0.0,0.19,0.136,123.766,1.772
09/01/2007,02:23:00,1023.541,104.625,83.007,64.025,0.0,0.222,0.136,116.653,1.285
09/01/2007,02:24:00,1023.541,104.438,83.431,64.077,0.0,0.222,0.136,91.262,0.811
09/01/2007,02:25:00,1023.579,104.188,83.324,64.148,0.0,0.19,0.136,111.566,0.403
09/01/2007,02:26:00,1023.579,104.313,82.932,64.245,0.0,0.19,0.163,106.013,0.908
09/01/2007,02:27:00,1023.579,104.25,82.835,64.258,0.0,0.222,0.136,112.368,0.787
09/01/2007,02:28:00,1023.579,104.438,82.893,64.232,0.0,0.19,0.136,118.781,0.586
09/01/2007,02:29:00,1023.579,104.375,82.728,64.148,0.0,0.19,0.136,132.773,1.395
09/01/2007,02:30:00,1023.579,104.563,82.932,64.103,0.0,0.253,0.136,145.002,0.713
09/01/2007,02:31:00,1023.579,104.625,83.191,64.051,0.0,0.222,0.136,129.669,0.926
09/01/2007,02:32:00,1023.579,104.688,83.437,64.051,0.0,0.19,0.136,135.674,1.547
09/01/2007,02:33:00,1023.579,104.313,83.343,64.051,0.0,0.19,0.136,145.177,0.525
09/01/2007,02:34:00,1023.579,104.313,83.564,63.986,0.0,0.19,0.136,144.128,-0.187
09/01/2007,02:35:00,1023.579,104.438,84.001,63.908,0.0,0.19,0.136,144.128,1.146
09/01/2007,02:36:00,1023.579,104.25,84.253,63.824,0.0,0.19,0.136,148.646,-0.144
09/01/2007,02:37:00,1023.579,104.375,84.415,63.772,0.0,0.19,0.163,147.334,1.285
09/01/2007,02:38:00,1023.503,104.438,84.519,63.759,0.0,0.222,0.136,101.932,0.61
09/01/2007,02:39:00,1023.541,104.438,84.179,63.798,0.0,0.222,0.163,84.091,1.109
09/01/2007,02:40:00,1023.579,104.563,84.111,63.746,0.0,0.253,0.136,107.776,1.73
09/01/2007,02:41:00,1023.541,104.875,84.027,63.72,0.0,0.253,0.136,132.263,1.784
09/01/2007,02:42:00,1023.541,104.438,83.849,63.668,0.0,0.19,0.136,137.918,1.772
09/01/2007,02:43:00,1023.579,104.563,83.894,63.681,0.0,0.253,0.136,137.117,1.657
09/01/2007,02:44:00,1023.541,104.563,83.926,63.629,0.0,0.222,0.136,133.211,2.156
09/01/2007,02:45:00,1023.579,104.375,84.033,63.629,0.0,0.222,0.136,141.125,1.498
09/01/2007,02:46:00,1023.579,104.313,84.105,63.668,0.0,0.222,0.136,150.686,1.06
09/01/2007,02:47:00,1023.579,104.563,84.121,63.591,0.0,0.222,0.136,149.389,1.657
09/01/2007,02:48:00,1023.579,104.438,84.539,63.591,0.0,0.253,0.136,143.588,1.571
09/01/2007,02:49:00,1023.579,104.688,84.166,63.565,0.0,0.253,0.136,138.239,1.182
09/01/2007,02:50:00,1023.618,104.438,84.467,63.565,0.0,0.253,0.163,124.115,0.926
09/01/2007,02:51:00,1023.618,104.438,84.396,63.591,0.0,0.222,0.163,117.484,1.109
09/01/2007,02:52:00,1023.618,104.438,84.5,63.616,0.0,0.253,0.136,120.574,0.634
09/01/2007,02:53:00,1023.656,104.5,84.318,63.539,0.0,0.253,0.136,98.084,1.285
09/01/2007,02:54:00,1023.656,104.688,84.48,63.506,0.0,0.316,0.136,138.093,0.476
09/01/2007,02:55:00,1023.694,104.5,84.461,63.493,0.0,0.222,0.136,140.731,0.999
09/01/2007,02:56:00,1023.733,104.438,84.548,63.467,0.0,0.222,0.136,99.818,1.383
09/01/2007,02:57:00,1023.733,104.5,84.351,63.506,0.0,0.222,0.136,90.723,1.109
09/01/2007,02:58:00,1023.733,104.25,84.25,63.519,0.0,0.222,0.136,126.287,0.908
09/01/2007,02:59:00,1023.733,104.563,84.231,63.565,0.0,0.253,0.136,102.369,0.847
09/01/2007,03:00:00,1023.733,104.5,84.147,63.493,0.0,0.348,0.136,127.891,1.833
09/01/2007,03:01:00,1023.694,104.188,84.539,63.467,0.0,0.222,0.136,134.056,1.845
09/01/2007,03:02:00,1023.656,104.375,84.726,63.416,0.0,0.253,0.136,149.491,3.032
09/01/2007,03:03:00,1023.656,104.125,84.956,63.428,0.0,0.253,0.136,136.213,1.212
09/01/2007,03:04:00,1023.694,104.0,84.892,63.416,0.0,0.253,0.163,110.852,1.498
09/01/2007,03:05:00,1023.656,104.25,85.096,63.338,0.0,0.222,0.163,131.097,2.521
09/01/2007,03:06:00,1023.694,104.375,84.846,63.338,0.0,0.253,0.136,95.723,0.951
09/01/2007,03:07:00,1023.694,104.25,84.765,63.338,0.0,0.253,0.136,120.996,1.833
09/01/2007,03:08:00,1023.733,104.25,84.84,63.39,0.0,0.222,0.136,128.911,2.192
09/01/2007,03:09:00,1023.733,104.25,84.824,63.312,0.0,0.222,0.136,134.172,1.693
09/01/2007,03:10:00,1023.733,104.125,85.17,63.325,0.0,0.222,0.136,112.849,1.237
09/01/2007,03:11:00,1023.771,104.25,84.911,63.351,0.0,0.222,0.136,129.115,2.533
09/01/2007,03:12:00,1023.771,104.563,84.83,63.273,0.0,0.253,0.136,121.404,1.809
09/01/2007,03:13:00,1023.733,104.75,85.296,63.26,0.0,0.253,0.163,148.107,2.697
09/01/2007,03:14:00,1023.733,104.5,85.157,63.325,0.0,0.253,0.163,130.295,1.693
09/01/2007,03:15:00,1023.771,104.25,85.164,63.286,0.0,0.222,0.136,148.865,1.736
09/01/2007,03:16:00,1023.771,104.438,85.122,63.273,0.0,0.253,0.136,158.995,3.385
09/01/2007,03:17:00,1023.733,104.313,85.17,63.273,0.0,0.222,0.136,139.041,1.669
09/01/2007,03:18:00,1023.771,104.75,84.956,63.254,0.0,0.348,0.136,132.351,1.906
09/01/2007,03:19:00,1023.733,104.688,84.976,63.137,0.0,0.316,0.136,152.756,1.371
09/01/2007,03:20:00,1023.733,104.5,84.985,63.085,0.0,0.253,0.163,134.435,1.322
09/01/2007,03:21:00,1023.733,104.625,85.138,63.007,0.0,0.222,0.136,149.36,1.736
09/01/2007,03:22:00,1023.733,104.313,85.125,62.981,0.0,0.222,0.136,137.729,1.456
09/01/2007,03:23:00,1023.733,103.938,85.241,62.981,0.0,0.19,0.136,155.321,2.308
09/01/2007,03:24:00,1023.771,103.875,85.507,62.968,0.0,0.19,0.136,139.872,3.184
09/01/2007,03:25:00,1023.771,103.875,85.442,62.968,0.0,0.19,0.136,145.002,2.216
09/01/2007,03:26:00,1023.771,104.25,85.785,62.923,0.0,0.222,0.136,156.939,2.557
09/01/2007,03:27:00,1023.809,104.375,85.4,62.884,0.0,0.253,0.136,133.91,2.983
09/01/2007,03:28:00,1023.809,104.25,85.222,62.871,0.0,0.253,0.136,141.81,2.557
09/01/2007,03:29:00,1023.809,103.938,85.52,62.91,0.0,0.222,0.136,129.027,1.523
09/01/2007,03:30:00,1023.809,103.938,85.594,62.858,0.0,0.19,0.136,154.301,2.849
09/01/2007,03:31:00,1023.809,104.0,86.109,62.91,0.0,0.222,0.163,147.786,2.168
09/01/2007,03:32:00,1023.809,103.875,86.096,62.91,0.0,0.222,0.136,129.188,3.367
09/01/2007,03:33:00,1023.847,103.75,86.271,62.994,0.0,0.19,0.136,125.121,2.405
09/01/2007,03:34:00,1023.809,103.625,86.417,62.981,0.0,0.19,0.163,118.664,1.024
09/01/2007,03:35:00,1023.847,103.875,86.038,62.897,0.0,0.19,0.136,111.96,1.669
09/01/2007,03:36:00,1023.809,103.938,85.983,62.858,0.0,0.222,0.136,134.172,1.31
09/01/2007,03:37:00,1023.847,103.75,86.083,62.871,0.0,0.19,0.136,93.813,1.571
09/01/2007,03:38:00,1023.809,103.875,86.116,62.819,0.0,0.19,0.136,131.899,0.86
09/01/2007,03:39:00,1023.809,103.938,86.07,62.767,0.0,0.19,0.136,119.087,1.2
09/01/2007,03:40:00,1023.847,103.813,86.213,62.767,0.0,0.253,0.163,129.275,1.444
09/01/2007,03:41:00,1023.847,103.938,86.194,62.819,0.0,0.19,0.136,113.796,1.024
09/01/2007,03:42:00,1023.847,103.75,86.265,62.767,0.0,0.222,0.136,129.523,0.738
09/01/2007,03:43:00,1023.847,103.813,86.398,62.754,0.0,0.222,0.136,111.391,1.669
09/01/2007,03:44:00,1023.847,103.875,86.67,62.703,0.0,0.19,0.136,157.508,1.748
09/01/2007,03:45:00,1023.809,103.813,86.598,62.69,0.0,0.19,0.136,134.697,2.91
09/01/2007,03:46:00,1023.809,104.0,86.702,62.703,0.0,0.222,0.136,152.873,1.87
09/01/2007,03:47:00,1023.809,104.0,86.864,62.677,0.0,0.222,0.136,136.446,1.833
09/01/2007,03:48:00,1023.809,104.0,86.981,62.677,0.0,0.222,0.136,137.889,1.76
09/01/2007,03:49:00,1023.809,103.813,86.994,62.69,0.0,0.253,0.163,129.057,1.511
09/01/2007,03:50:00,1023.809,104.0,87.139,62.586,0.0,0.222,0.136,129.975,1.76
09/01/2007,03:51:00,1023.847,104.0,87.431,62.508,0.0,0.19,0.136,131.578,1.432
09/01/2007,03:52:00,1023.847,103.688,87.599,62.495,0.0,0.222,0.163,164.796,1.371
09/01/2007,03:53:00,1023.847,104.0,87.69,62.469,0.0,0.222,0.136,137.889,2.168
09/01/2007,03:54:00,1023.847,104.625,87.473,62.469,0.0,0.253,0.163,138.122,0.86
09/01/2007,03:55:00,1023.886,104.563,87.379,62.43,0.0,0.222,0.163,146.737,1.967
09/01/2007,03:56:00,1023.886,104.063,87.113,62.534,0.0,0.222,0.136,103.622,2.393
09/01/2007,03:57:00,1023.809,104.125,87.049,62.495,0.0,0.19,0.136,132.802,2.6
09/01/2007,03:58:00,1023.847,103.813,86.796,62.547,0.0,0.222,0.136,136.184,2.673
09/01/2007,03:59:00,1023.847,104.125,86.624,62.586,0.0,0.222,0.136,138.574,2.685
09/01/2007,04:00:00,1023.847,103.75,86.3,62.677,0.0,0.19,0.163,135.353,2.381
09/01/2007,04:01:00,1023.847,103.75,86.404,62.657,0.0,0.19,0.136,141.927,2.381
09/01/2007,04:02:00,1023.847,103.375,86.294,62.67,0.0,0.19,0.136,135.164,1.857
09/01/2007,04:03:00,1023.847,103.563,86.271,62.677,0.0,0.222,0.163,116.682,1.669
09/01/2007,04:04:00,1023.847,103.5,86.32,62.631,0.0,0.222,0.163,138.691,1.736
09/01/2007,04:05:00,1023.847,103.563,86.67,62.573,0.0,0.222,0.136,126.287,1.596
09/01/2007,04:06:00,1023.809,103.375,86.994,62.495,0.0,0.222,0.136,137.204,1.523
09/01/2007,04:07:00,1023.847,103.188,87.233,62.443,0.0,0.222,0.136,130.689,1.097
09/01/2007,04:08:00,1023.847,103.25,87.764,62.469,0.0,0.222,0.163,123.46,1.334
09/01/2007,04:09:00,1023.809,103.25,87.557,62.379,0.0,0.222,0.136,119.714,2.216
09/01/2007,04:10:00,1023.809,103.313,87.46,62.43,0.0,0.222,0.136,134.406,2.107
09/01/2007,04:11:00,1023.847,103.375,87.564,62.392,0.0,0.222,0.136,127.424,1.644
09/01/2007,04:12:00,1023.847,103.25,87.499,62.379,0.0,0.19,0.163,123.649,1.584
09/01/2007,04:13:00,1023.847,103.188,87.418,62.372,0.0,0.19,0.163,126.375,1.073
09/01/2007,04:14:00,1023.886,103.438,87.194,62.359,0.0,0.19,0.163,133.313,1.486
09/01/2007,04:15:00,1023.886,103.25,87.279,62.32,0.0,0.222,0.136,141.533,1.419
09/01/2007,04:16:00,1023.886,103.063,87.392,62.32,0.0,0.19,0.136,112.674,1.085
09/01/2007,04:17:00,1023.886,103.438,87.347,62.294,0.0,0.19,0.163,163.09,1.523
09/01/2007,04:18:00,1023.924,104.063,87.259,62.294,0.0,0.19,0.136,162.084,1.31
09/01/2007,04:19:00,1023.924,104.063,86.896,62.281,0.0,0.253,0.163,135.951,2.381
09/01/2007,04:20:00,1023.962,104.0,86.87,62.268,0.0,0.348,0.136,155.919,1.906
09/01/2007,04:21:00,1023.962,103.563,86.87,62.281,0.0,0.253,0.136,140.163,2.429
09/01/2007,04:22:00,1023.962,103.625,86.683,62.294,0.0,0.19,0.163,150.905,0.86
09/01/2007,04:23:00,1023.962,103.625,86.689,62.281,0.0,0.222,0.163,154.841,1.906
09/01/2007,04:24:00,1023.962,103.438,86.404,62.294,0.0,0.19,0.136,135.674,2.472
09/01/2007,04:25:00,1023.962,103.188,86.598,62.32,0.0,0.19,0.136,141.183,2.107
09/01/2007,04:26:00,1023.962,103.125,86.709,62.379,0.0,0.253,0.136,138.691,2.649
09/01/2007,04:27:00,1023.962,103.25,86.712,62.405,0.0,0.19,0.136,131.491,2.649
09/01/2007,04:28:00,1023.962,103.125,86.712,62.379,0.0,0.222,0.136,131.185,2.661
09/01/2007,04:29:00,1023.962,103.313,86.702,62.346,0.0,0.253,0.136,117.6,1.632
09/01/2007,04:30:00,1023.962,103.125,87.1,62.379,0.0,0.158,0.163,134.172,0.774
09/01/2007,04:31:00,1023.962,103.438,87.295,62.32,0.0,0.253,0.136,120.282,1.705
09/01/2007,04:32:00,1023.962,103.188,87.272,62.268,0.0,0.19,0.136,105.299,0.561
09/01/2007,04:33:00,1024.0,102.938,87.411,62.217,0.0,0.19,0.136,93.667,0.799
09/01/2007,04:34:00,1023.962,102.938,87.347,62.165,0.0,0.19,0.163,119.437,1.547
09/01/2007,04:35:00,1024.0,103.188,87.321,62.165,0.0,0.253,0.136,134.581,3.385
09/01/2007,04:36:00,1024.0,103.0,87.1,62.152,0.0,0.253,0.163,158.105,1.644
09/01/2007,04:37:00,1024.0,102.75,87.162,62.139,0.0,0.19,0.136,118.387,2.393
09/01/2007,04:38:00,1023.962,103.063,87.068,62.139,0.0,0.316,0.136,123.197,1.669
09/01/2007,04:39:00,1023.962,103.125,87.042,62.113,0.0,0.316,0.136,133.575,3.433
09/01/2007,04:40:00,1023.962,103.188,86.854,62.165,0.0,0.222,0.136,126.768,2.673
09/01/2007,04:41:00,1023.924,103.438,86.858,62.152,0.0,0.222,0.136,120.967,3.172
09/01/2007,04:42:00,1023.962,103.0,86.326,62.178,0.0,0.316,0.136,122.716,3.135
09/01/2007,04:43:00,1023.962,102.938,86.605,62.204,0.0,0.222,0.136,134.435,2.825
09/01/2007,04:44:00,1023.962,102.813,86.712,62.191,0.0,0.222,0.136,126.2,2.192
09/01/2007,04:45:00,1023.962,102.875,86.864,62.152,0.0,0.253,0.136,126.856,1.845
09/01/2007,04:46:00,1023.962,103.375,87.499,62.191,0.0,0.316,0.136,149.448,2.022
09/01/2007,04:47:00,1023.962,103.188,87.068,62.087,0.0,0.316,0.136,147.582,2.131
09/01/2007,04:48:00,1023.962,103.0,86.712,61.99,0.0,0.19,0.136,137.437,4.243
09/01/2007,04:49:00,1024.0,103.125,86.968,62.055,0.0,0.19,0.136,150.045,2.795
09/01/2007,04:50:00,1024.0,102.875,86.864,62.055,0.0,0.222,0.136,153.252,3.805
09/01/2007,04:51:00,1023.962,103.063,86.903,62.042,0.0,0.19,0.136,142.102,2.46
09/01/2007,04:52:00,1024.0,103.375,87.068,62.016,0.0,0.222,0.136,140.702,4.042
09/01/2007,04:53:00,1024.0,103.25,86.777,62.042,0.0,0.19,0.163,151.444,2.624
09/01/2007,04:54:00,1024.0,103.063,86.712,61.99,0.0,0.222,0.163,134.785,2.722
09/01/2007,04:55:00,1023.962,103.0,86.89,61.925,0.0,0.19,0.163,159.359,3.294
09/01/2007,04:56:00,1024.0,102.938,86.916,61.912,0.0,0.19,0.136,148.865,3.16
09/01/2007,04:57:00,1024.039,103.063,87.042,61.938,0.0,0.19,0.136,153.368,2.095
09/01/2007,04:58:00,1024.0,103.063,87.016,61.99,0.0,0.222,0.136,149.185,2.849
09/01/2007,04:59:00,1024.0,103.0,86.948,61.99,0.0,0.222,0.136,154.505,2.356
09/01/2007,05:00:00,1024.0,103.25,86.987,61.99,0.0,0.222,0.163,152.333,2.283
09/01/2007,05:01:00,1024.0,103.375,86.718,61.912,0.0,0.222,0.136,125.865,2.46
09/01/2007,05:02:00,1024.0,103.438,86.883,61.86,0.0,0.19,0.136,155.467,3.221
09/01/2007,05:03:00,1024.0,103.25,86.731,61.886,0.0,0.222,0.136,145.76,2.807
09/01/2007,05:04:00,1024.0,103.313,86.524,61.847,0.0,0.222,0.136,147.815,2.983
09/01/2007,05:05:00,1024.0,102.938,86.352,61.795,0.0,0.19,0.136,145.76,2.795
09/01/2007,05:06:00,1024.039,102.625,86.404,61.808,0.0,0.19,0.136,149.098,1.906
09/01/2007,05:07:00,1024.039,103.0,86.504,61.847,0.0,0.19,0.136,134.93,2.509
09/01/2007,05:08:00,1024.039,102.938,86.411,61.795,0.0,0.19,0.136,152.844,3.044
09/01/2007,05:09:00,1024.039,103.063,86.313,61.795,0.0,0.19,0.136,134.522,2.46
09/01/2007,05:10:00,1024.039,102.875,86.511,61.847,0.0,0.222,0.136,137.86,1.809
09/01/2007,05:11:00,1024.0,102.625,86.55,61.763,0.0,0.19,0.136,145.702,2.393
09/01/2007,05:12:00,1024.0,102.563,86.712,61.763,0.0,0.19,0.136,134.056,1.748
09/01/2007,05:13:00,1024.0,102.875,86.718,61.776,0.0,0.19,0.136,129.756,1.432
09/01/2007,05:14:00,1024.0,102.813,86.709,61.776,0.0,0.222,0.136,150.599,1.346
09/01/2007,05:15:00,1024.039,102.813,86.731,61.808,0.0,0.19,0.136,154.214,1.62
09/01/2007,05:16:00,1024.0,103.0,86.492,61.763,0.0,0.19,0.136,152.45,1.748
09/01/2007,05:17:00,1024.0,103.063,86.427,61.776,0.0,0.19,0.136,149.331,1.547
09/01/2007,05:18:00,1024.0,102.938,86.352,61.75,0.0,0.253,0.136,134.377,1.334
09/01/2007,05:19:00,1024.039,102.688,86.433,61.776,0.0,0.19,0.136,146.649,1.395
09/01/2007,05:20:00,1024.0,102.438,86.485,61.763,0.0,0.19,0.136,149.389,1.657
09/01/2007,05:21:00,1024.0,102.5,86.624,61.737,0.0,0.19,0.136,136.548,0.75
09/01/2007,05:22:00,1023.962,102.25,86.731,61.685,0.0,0.19,0.136,135.732,0.647
09/01/2007,05:23:00,1024.0,102.688,86.922,61.711,0.0,0.19,0.109,135.79,1.298
09/01/2007,05:24:00,1023.962,102.625,86.676,61.737,0.0,0.222,0.136,137.379,1.121
09/01/2007,05:25:00,1024.0,102.75,86.709,61.737,0.0,0.19,0.136,147.334,1.407
09/01/2007,05:26:00,1024.0,102.75,86.757,61.737,0.0,0.19,0.136,138.152,0.835
09/01/2007,05:27:00,1024.039,102.563,86.718,61.698,0.0,0.19,0.136,158.047,0.847
09/01/2007,05:28:00,1024.039,102.375,86.948,61.711,0.0,0.19,0.136,145.177,-0.096
09/01/2007,05:29:00,1024.039,102.313,87.094,61.685,0.0,0.19,0.136,107.704,0.847
09/01/2007,05:30:00,1024.039,102.5,87.424,61.698,0.0,0.222,0.136,83.348,1.395
09/01/2007,05:31:00,1024.039,102.438,86.981,61.698,0.0,0.19,0.136,117.702,1.048
09/01/2007,05:32:00,1024.039,102.563,86.725,61.724,0.0,0.19,0.136,112.134,0.811
09/01/2007,05:33:00,1024.039,102.375,87.003,61.646,0.0,0.253,0.163,125.354,1.559
09/01/2007,05:34:00,1024.039,102.5,86.883,61.62,0.0,0.222,0.136,128.08,2.216
09/01/2007,05:35:00,1024.039,102.5,87.055,61.594,0.0,0.222,0.136,120.253,0.677
09/01/2007,05:36:00,1024.039,102.5,86.942,61.484,0.0,0.222,0.136,109.307,1.705
09/01/2007,05:37:00,1024.058,102.438,87.016,61.458,0.0,0.222,0.136,103.112,1.535
09/01/2007,05:38:00,1024.058,102.375,87.285,61.484,0.0,0.19,0.136,98.084,0.908
09/01/2007,05:39:00,1024.097,102.313,86.757,61.581,0.0,0.222,0.136,105.255,1.024
09/01/2007,05:40:00,1024.097,102.188,86.764,61.471,0.0,0.222,0.163,120.836,1.498
09/01/2007,05:41:00,1024.058,102.188,87.139,61.406,0.0,0.19,0.136,140.134,1.261
09/01/2007,05:42:00,1024.058,102.063,87.259,61.381,0.0,0.19,0.163,113.024,1.718
09/01/2007,05:43:00,1024.039,102.063,87.295,61.225,0.0,0.222,0.136,109.19,1.237
09/01/2007,05:44:00,1024.058,102.188,87.551,61.167,0.0,0.19,0.136,143.384,1.486
09/01/2007,05:45:00,1024.058,102.188,87.677,61.141,0.0,0.19,0.136,137.204,1.918
09/01/2007,05:46:00,1024.097,102.25,87.829,61.154,0.0,0.19,0.163,134.114,1.596
09/01/2007,05:47:00,1024.097,102.25,87.593,61.154,0.0,0.19,0.136,122.629,-0.169
09/01/2007,05:48:00,1024.097,102.063,87.842,61.076,0.0,0.19,0.136,126.739,0.884
09/01/2007,05:49:00,1024.097,102.063,87.949,61.063,0.0,0.19,0.163,105.984,1.188
09/01/2007,05:50:00,1024.097,102.188,88.027,61.011,0.0,0.222,0.136,115.939,1.833
09/01/2007,05:51:00,1024.135,102.313,88.011,60.998,0.0,0.19,0.136,125.267,1.644
09/01/2007,05:52:00,1024.135,102.0,87.823,61.037,0.0,0.19,0.136,111.901,1.158
09/01/2007,05:53:00,1024.173,102.063,88.079,61.063,0.0,0.19,0.136,115.37,0.689
09/01/2007,05:54:00,1024.173,101.813,87.985,61.037,0.0,0.19,0.136,150.074,0.665
09/01/2007,05:55:00,1024.173,102.063,88.014,60.966,0.0,0.19,0.136,136.067,1.261
09/01/2007,05:56:00,1024.211,101.875,88.143,60.979,0.0,0.19,0.136,99.133,0.324
09/01/2007,05:57:00,1024.211,102.063,88.257,60.953,0.0,0.19,0.136,107.47,1.188
09/01/2007,05:58:00,1024.211,102.188,88.283,60.998,0.0,0.19,0.136,113.796,0.622
09/01/2007,05:59:00,1024.211,102.5,88.283,60.966,0.0,0.222,0.163,145.614,1.596
09/01/2007,06:00:00,1024.211,102.25,88.389,61.05,0.0,0.222,0.136,130.47,0.963
09/01/2007,06:01:00,1024.173,102.063,88.143,60.998,0.0,0.19,0.136,133.342,1.395
09/01/2007,06:02:00,1024.211,102.313,88.02,60.998,0.0,0.158,0.136,133.342,1.359
09/01/2007,06:03:00,1024.211,102.25,88.014,60.998,0.0,0.158,0.136,125.923,1.285
09/01/2007,06:04:00,1024.211,101.875,88.046,61.024,0.0,0.19,0.136,127.832,1.73
09/01/2007,06:05:00,1024.211,102.375,88.179,60.998,0.0,0.158,0.136,113.14,1.718
09/01/2007,06:06:00,1024.173,102.188,88.27,60.979,0.0,0.19,0.136,142.495,1.943
09/01/2007,06:07:00,1024.173,102.063,88.27,60.907,0.0,0.19,0.136,150.847,0.926
09/01/2007,06:08:00,1024.173,101.875,88.597,60.869,0.0,0.158,0.136,135.863,1.285
09/01/2007,06:09:00,1024.173,101.813,88.662,60.856,0.0,0.158,0.136,125.384,1.2
09/01/2007,06:10:00,1024.135,102.125,88.668,60.804,0.0,0.158,0.136,119.116,1.906
09/01/2007,06:11:00,1024.097,102.0,88.616,60.778,0.0,0.19,0.136,121.711,2.344
09/01/2007,06:12:00,1024.097,102.125,88.655,60.726,0.0,0.19,0.136,127.38,1.918
09/01/2007,06:13:00,1024.097,102.125,88.681,60.726,0.0,0.19,0.136,103.331,1.133
09/01/2007,06:14:00,1024.097,102.0,88.687,60.635,0.0,0.19,0.136,107.048,1.523
09/01/2007,06:15:00,1024.097,102.0,88.687,60.59,0.0,0.19,0.163,95.125,1.237
09/01/2007,06:16:00,1024.097,101.938,88.853,60.564,0.0,0.19,0.163,103.506,1.06
09/01/2007,06:17:00,1024.097,101.875,88.973,60.486,0.0,0.19,0.136,87.05,0.835
09/01/2007,06:18:00,1024.135,101.75,89.131,60.408,0.0,0.158,0.136,107.806,0.677
09/01/2007,06:19:00,1024.135,101.938,89.238,60.324,0.0,0.19,0.136,106.333,0.835
09/01/2007,06:20:00,1024.135,101.5,89.39,60.246,0.0,0.19,0.136,110.502,1.146
09/01/2007,06:21:00,1024.173,101.688,89.624,60.22,0.0,0.19,0.136,116.449,1.2
09/01/2007,06:22:00,1024.135,101.563,89.649,60.259,0.0,0.19,0.136,108.053,0.44
09/01/2007,06:23:00,1024.135,101.688,89.682,60.344,0.0,0.19,0.136,100.926,0.288
09/01/2007,06:24:00,1024.135,101.625,89.656,60.37,0.0,0.19,0.136,84.295,0.513
09/01/2007,06:25:00,1024.097,101.625,89.371,60.408,0.0,0.158,0.136,91.058,0.3
09/01/2007,06:26:00,1024.097,101.625,89.151,60.382,0.0,0.158,0.136,93.638,-0.175
09/01/2007,06:27:00,1024.097,101.563,89.18,60.344,0.0,0.19,0.136,93.638,-0.187
09/01/2007,06:28:00,1024.097,101.438,89.39,60.272,0.0,0.19,0.136,93.58,-0.187
09/01/2007,06:29:00,1024.135,101.563,89.662,60.259,0.0,0.158,0.136,110.108,0.348
09/01/2007,06:30:00,1024.097,101.438,89.649,60.272,0.0,0.158,0.163,107.908,-0.071
09/01/2007,06:31:00,1024.097,101.438,89.643,60.344,0.0,0.19,0.136,111.741,0.428
09/01/2007,06:32:00,1024.097,101.438,89.332,60.37,0.0,0.158,0.136,118.329,1.133
09/01/2007,06:33:00,1024.135,101.438,89.277,60.324,0.0,0.158,0.136,112.761,1.036
09/01/2007,06:34:00,1024.135,101.375,89.478,60.285,0.0,0.19,0.136,98.448,1.371
09/01/2007,06:35:00,1024.135,101.375,89.536,60.207,0.0,0.19,0.136,100.868,1.048
09/01/2007,06:36:00,1024.173,101.5,89.863,60.182,0.0,0.19,0.136,104.337,1.547
09/01/2007,06:37:00,1024.173,101.563,89.876,60.156,0.0,0.19,0.136,105.765,1.322
09/01/2007,06:38:00,1024.25,101.5,89.99,60.13,0.0,0.158,0.136,114.204,0.701
09/01/2007,06:39:00,1024.173,101.5,90.077,60.065,0.0,0.19,0.163,114.029,0.926
09/01/2007,06:40:00,1024.173,101.688,90.307,60.007,0.0,0.19,0.353,113.738,0.999
09/01/2007,06:41:00,1024.25,101.5,90.534,60.032,0.0,0.19,0.515,115.02,0.963
09/01/2007,06:42:00,1024.211,101.438,90.453,60.078,0.0,0.158,0.651,112.076,1.748
09/01/2007,06:43:00,1024.211,101.625,90.407,60.032,0.0,0.19,0.759,118.839,1.644
09/01/2007,06:44:00,1024.25,101.688,90.572,60.032,0.0,0.19,0.949,99.221,1.718
09/01/2007,06:45:00,1024.173,101.563,90.501,60.065,0.0,0.222,1.166,104.788,2.058
09/01/2007,06:46:00,1024.173,101.5,90.313,60.007,0.0,0.19,1.437,86.423,0.896
09/01/2007,06:47:00,1024.211,101.688,90.459,59.942,0.0,0.316,1.572,86.03,0.963
09/01/2007,06:48:00,1024.25,101.438,90.647,59.903,0.0,0.316,1.762,84.266,0.501
09/01/2007,06:49:00,1024.25,101.688,90.799,59.864,0.0,1.455,1.951,67.023,0.452
09/01/2007,06:50:00,1024.25,114.938,90.971,59.851,0.0,11.828,2.385,67.082,0.379
09/01/2007,06:51:00,1024.288,115.5,90.997,59.89,0.0,23.594,2.791,76.672,0.987
09/01/2007,06:52:00,1024.288,116.125,91.084,59.89,0.0,27.734,4.77,77.605,0.61
09/01/2007,06:53:00,1024.288,117.0,90.997,59.916,0.0,30.578,3.631,77.722,0.087
09/01/2007,06:54:00,1024.288,121.063,90.951,60.007,0.0,33.188,3.93,100.081,1.146
09/01/2007,06:55:00,1024.288,120.625,90.864,60.032,0.0,35.063,4.227,93.93,1.06
09/01/2007,06:56:00,1024.288,121.438,90.718,60.104,0.0,37.125,4.605,109.686,1.407
09/01/2007,06:57:00,1024.326,122.375,90.553,60.246,0.0,41.0,5.012,109.19,1.62
09/01/2007,06:58:00,1024.25,122.188,90.262,60.337,0.0,46.688,5.422,95.242,1.097
09/01/2007,06:59:00,1024.25,122.688,90.103,60.486,0.0,52.219,5.961,93.361,0.811
09/01/2007,07:00:00,1024.326,120.063,89.656,60.603,0.0,56.531,6.449,86.234,1.024
09/01/2007,07:01:00,1024.326,121.375,89.303,60.765,0.0,60.688,6.992,82.269,-0.187
09/01/2007,07:02:00,1024.326,104.688,88.966,60.869,0.0,64.563,7.48,84.12,0.586
09/01/2007,07:03:00,1024.288,102.563,88.597,61.024,0.0,68.063,7.969,92.982,1.395
09/01/2007,07:04:00,1024.25,102.438,88.211,61.115,0.0,71.25,8.43,115.662,1.462
09/01/2007,07:05:00,1024.288,102.688,87.803,61.219,0.0,74.938,9.102,124.553,1.644
09/01/2007,07:06:00,1024.288,102.75,87.46,61.368,0.0,78.375,9.617,103.885,0.774
09/01/2007,07:07:00,1024.288,102.813,87.062,61.458,0.0,81.75,10.188,115.166,0.999
09/01/2007,07:08:00,1024.326,102.75,86.757,61.504,0.0,84.75,10.703,104.934,0.464
09/01/2007,07:09:00,1024.326,102.813,86.757,61.555,0.0,88.063,11.273,119.116,1.249
09/01/2007,07:10:00,1024.326,102.938,86.725,61.633,0.0,91.75,11.977,134.814,1.334
09/01/2007,07:11:00,1024.326,102.938,86.631,61.685,0.0,95.188,12.656,117.163,0.914
09/01/2007,07:12:00,1024.326,102.938,86.42,61.724,0.0,98.313,13.281,125.952,1.432
09/01/2007,07:13:00,1024.326,103.063,86.657,61.795,0.0,101.438,14.008,139.114,2.18
09/01/2007,07:14:00,1024.326,103.25,86.307,61.808,0.0,104.438,14.688,132.467,1.571
09/01/2007,07:15:00,1024.288,103.188,86.288,61.873,0.0,107.25,15.391,132.059,0.525
09/01/2007,07:16:00,1024.326,103.25,86.171,61.977,0.0,109.75,16.047,128.167,2.308
09/01/2007,07:17:00,1024.288,103.188,86.164,62.016,0.0,112.5,16.75,136.388,1.608
09/01/2007,07:18:00,1024.288,103.25,86.135,62.068,0.0,115.063,17.453,118.912,2.004
09/01/2007,07:19:00,1024.288,103.375,86.019,62.113,0.0,117.938,18.203,124.582,2.795
09/01/2007,07:20:00,1024.288,103.313,86.012,62.126,0.0,120.813,19.047,125.413,1.109
09/01/2007,07:21:00,1024.288,103.625,85.76,62.191,0.0,122.938,19.781,120.034,2.004
09/01/2007,07:22:00,1024.288,103.5,85.653,62.255,0.0,125.375,21.625,120.253,1.644
09/01/2007,07:23:00,1024.288,103.5,85.455,62.32,0.0,127.813,20.969,138.093,1.705
09/01/2007,07:24:00,1024.25,125.188,85.27,62.372,0.0,131.25,20.953,120.034,1.918
09/01/2007,07:25:00,1024.25,125.188,84.979,62.372,0.0,134.125,25.75,132.088,2.722
09/01/2007,07:26:00,1024.211,105.063,85.164,62.417,0.0,136.375,23.734,154.695,0.361
09/01/2007,07:27:00,1024.211,104.75,85.011,62.521,0.0,139.0,24.5,138.633,1.456
09/01/2007,07:28:00,1024.211,104.75,85.254,62.69,0.0,141.5,25.344,131.943,1.133
09/01/2007,07:29:00,1024.173,104.688,84.639,62.793,0.0,143.875,26.063,96.976,1.486
09/01/2007,07:30:00,1024.211,104.688,84.833,62.871,0.0,145.625,26.797,129.057,1.571
09/01/2007,07:31:00,1024.211,104.813,84.526,63.059,0.0,147.5,27.578,123.051,2.636
09/01/2007,07:32:00,1024.211,104.688,83.635,63.176,0.0,148.625,28.266,126.141,1.718
09/01/2007,07:33:00,1024.25,104.688,83.544,63.26,0.0,149.5,28.969,127.832,1.797
09/01/2007,07:34:00,1024.25,104.563,83.107,63.377,0.0,151.625,29.859,133.721,1.2
09/01/2007,07:35:00,1024.25,104.5,82.747,63.506,0.0,153.375,30.625,152.071,2.971
09/01/2007,07:36:00,1024.25,104.375,82.388,63.539,0.0,155.0,31.438,149.666,2.849
09/01/2007,07:37:00,1024.25,104.375,82.08,63.591,0.0,157.625,32.344,135.499,2.265
09/01/2007,07:38:00,1024.25,104.813,82.375,63.707,0.0,160.125,33.281,134.435,1.76
09/01/2007,07:39:00,1024.25,104.813,82.492,63.83,0.0,162.375,34.156,123.226,1.285
09/01/2007,07:40:00,1024.25,104.688,81.533,63.869,0.0,164.625,34.969,141.212,3.081
09/01/2007,07:41:00,1024.25,104.938,81.831,63.843,0.0,166.625,35.813,145.002,1.943
09/01/2007,07:42:00,1024.25,104.875,81.426,63.869,0.0,168.25,36.594,157.275,1.432
09/01/2007,07:43:00,1024.25,104.813,81.16,63.83,0.0,170.0,37.5,131.87,2.241
09/01/2007,07:44:00,1024.288,104.75,80.943,63.96,0.0,171.5,38.344,202.867,0.926
09/01/2007,07:45:00,1024.326,104.813,80.509,63.999,0.0,173.375,39.25,167.23,4.151
09/01/2007,07:46:00,1024.326,105.0,80.921,63.921,0.0,175.375,40.219,145.06,2.612
09/01/2007,07:47:00,1024.326,105.063,81.497,64.051,0.0,177.125,41.188,150.789,2.673
09/01/2007,07:48:00,1024.326,105.063,81.352,64.161,0.0,178.5,42.0,154.476,3.47
09/01/2007,07:49:00,1024.365,104.875,81.021,64.206,0.0,179.75,42.875,159.927,3.555
09/01/2007,07:50:00,1024.365,105.0,80.875,64.245,0.0,181.25,43.75,134.872,1.559
09/01/2007,07:51:00,1024.403,105.563,80.461,64.336,0.0,182.75,44.656,157.595,1.882
09/01/2007,07:52:00,1024.403,105.438,80.707,64.459,0.0,184.375,45.625,129.027,1.024
09/01/2007,07:53:00,1024.403,105.5,79.972,64.563,0.0,185.625,46.5,136.781,3.208
09/01/2007,07:54:00,1024.403,105.438,80.335,64.615,0.0,186.875,47.406,97.909,1.62
09/01/2007,07:55:00,1024.441,105.313,80.276,64.751,0.0,188.0,48.25,160.073,2.265
09/01/2007,07:56:00,1024.403,105.563,79.586,64.867,0.0,189.125,49.125,133.429,3.33
09/01/2007,07:57:00,1024.403,105.563,79.745,64.893,0.0,190.375,50.063,132.861,2.204
09/01/2007,07:58:00,1024.403,105.563,79.327,64.984,0.0,192.125,51.094,118.912,2.168
09/01/2007,07:59:00,1024.403,105.0,79.599,64.945,0.0,194.0,52.156,140.382,1.571
09/01/2007,08:00:00,1024.403,105.5,79.421,65.055,0.0,195.25,53.156,158.674,3.555
09/01/2007,08:01:00,1024.403,105.25,79.211,65.094,0.0,196.5,54.125,144.069,2.588
09/01/2007,08:02:00,1024.403,105.813,79.483,65.094,0.0,197.625,55.063,151.648,2.825
09/01/2007,08:03:00,1024.403,105.813,79.687,65.211,0.0,199.0,56.063,134.726,0.963
09/01/2007,08:04:00,1024.403,105.438,78.887,65.438,0.0,199.625,56.906,134.202,2.563
09/01/2007,08:05:00,1024.441,105.875,79.256,65.567,0.0,200.625,57.844,134.522,1.644
09/01/2007,08:06:00,1024.441,106.063,78.741,65.703,0.0,202.0,58.813,124.407,2.107
09/01/2007,08:07:00,1024.441,106.0,77.251,65.742,0.0,203.25,59.719,132.205,2.143
09/01/2007,08:08:00,1024.441,106.063,77.141,65.839,0.0,204.625,60.688,144.215,2.004
09/01/2007,08:09:00,1024.441,106.063,77.238,65.924,0.0,205.875,61.688,167.769,1.547
09/01/2007,08:10:00,1024.403,106.063,77.002,66.014,0.0,206.375,62.563,115.705,1.571
09/01/2007,08:11:00,1024.441,105.438,75.891,66.027,0.0,207.25,63.531,169.11,3.184
09/01/2007,08:12:00,1024.441,105.625,76.862,65.898,0.0,208.0,64.438,159.898,2.393
09/01/2007,08:13:00,1024.403,105.625,78.158,65.898,0.0,209.0,65.438,158.761,2.405
09/01/2007,08:14:00,1024.403,105.375,76.785,65.839,0.0,209.75,66.375,161.254,3.719
09/01/2007,08:15:00,1024.441,105.875,76.918,65.755,0.0,210.75,67.438,164.315,2.959
09/01/2007,08:16:00,1024.403,106.0,76.6,65.729,0.0,211.625,68.438,147.392,3.58
09/01/2007,08:17:00,1024.441,106.125,77.232,65.768,0.0,212.75,69.5,156.517,2.563
09/01/2007,08:18:00,1024.441,106.875,78.576,65.963,0.0,214.125,70.688,122.483,2.722
09/01/2007,08:19:00,1024.441,106.938,77.714,66.118,0.0,215.125,71.688,127.147,1.669
09/01/2007,08:20:00,1024.479,106.5,75.143,66.332,0.0,215.875,72.688,146.766,2.083
09/01/2007,08:21:00,1024.479,106.813,76.195,66.468,0.0,217.0,73.688,137.102,0.987
09/01/2007,08:22:00,1024.556,107.25,74.971,66.52,0.0,217.5,74.625,175.45,1.955
09/01/2007,08:23:00,1024.518,107.063,75.671,66.585,0.0,217.75,75.438,161.487,1.474
09/01/2007,08:24:00,1024.556,106.688,75.696,66.76,0.0,218.75,76.438,165.422,2.095
09/01/2007,08:25:00,1024.556,106.0,73.779,66.76,0.0,219.75,77.5,161.91,3.373
09/01/2007,08:26:00,1024.594,106.688,75.35,66.662,0.0,221.0,78.563,150.118,1.608
09/01/2007,08:27:00,1024.556,107.75,76.062,66.863,0.0,221.75,79.625,95.723,1.736
09/01/2007,08:28:00,1024.556,107.375,74.984,67.207,0.0,222.75,80.75,149.491,2.229
09/01/2007,08:29:00,1024.594,107.563,75.318,67.343,0.0,224.125,81.938,149.724,1.906
09/01/2007,08:30:00,1024.594,108.25,74.958,67.492,0.0,224.75,83.0,133.779,1.857
09/01/2007,08:31:00,1024.633,107.688,74.589,67.518,0.0,225.5,84.063,132.715,1.894
09/01/2007,08:32:00,1024.633,108.125,74.31,67.596,0.0,226.0,85.063,169.052,2.168
09/01/2007,08:33:00,1024.633,107.813,75.745,67.628,0.0,226.75,86.063,186.323,2.332
09/01/2007,08:34:00,1024.594,108.0,72.351,67.615,0.0,228.125,87.313,195.9,2.283
09/01/2007,08:35:00,1024.594,108.75,74.686,67.596,0.0,229.625,88.688,131.84,2.216
09/01/2007,08:36:00,1024.633,107.375,75.599,67.557,0.0,229.875,89.5,147.757,3.616
09/01/2007,08:37:00,1024.594,107.25,73.245,67.479,0.0,230.5,90.438,203.931,1.285
09/01/2007,08:38:00,1024.594,107.813,71.965,67.596,0.0,231.625,91.625,189.078,3.555
09/01/2007,08:39:00,1024.594,107.625,69.361,67.797,0.0,232.75,92.875,204.572,4.565
09/01/2007,08:40:00,1024.594,107.563,69.734,67.874,0.0,234.0,94.188,159.359,3.695
09/01/2007,08:41:00,1024.633,107.75,70.142,67.92,0.0,234.25,95.125,182.403,4.577
09/01/2007,08:42:00,1024.594,107.75,68.911,67.836,0.0,234.875,96.125,137.977,4.34
09/01/2007,08:43:00,1024.594,108.25,68.827,67.933,0.0,235.25,97.188,202.094,4.437
09/01/2007,08:44:00,1024.633,108.75,68.84,68.127,0.0,235.375,98.063,197.095,2.575
09/01/2007,08:45:00,1024.594,107.875,68.859,68.263,0.0,236.75,99.438,176.849,4.766
09/01/2007,08:46:00,1024.556,107.563,69.07,68.192,0.0,238.125,100.75,177.724,6.33
09/01/2007,08:47:00,1024.556,108.813,69.41,68.166,0.0,238.875,101.813,162.857,2.971
09/01/2007,08:48:00,1024.556,108.875,70.505,68.393,0.0,239.0,102.813,177.053,2.661
09/01/2007,08:49:00,1024.556,108.875,69.653,68.659,0.0,239.625,103.813,180.435,0.926
09/01/2007,08:50:00,1024.556,109.438,67.094,68.834,0.0,240.5,105.0,211.568,2.649
09/01/2007,08:51:00,1024.556,109.125,68.066,69.132,0.0,240.5,105.875,189.472,3.269
09/01/2007,08:52:00,1024.556,108.938,68.257,69.132,0.0,241.75,107.125,188.102,2.046
09/01/2007,08:53:00,1024.556,108.188,67.949,69.06,0.0,243.125,108.5,164.11,4.078
09/01/2007,08:54:00,1024.556,108.938,69.64,69.034,0.0,242.75,109.313,192.431,2.722
09/01/2007,08:55:00,1024.556,109.5,68.147,69.209,0.0,243.625,110.563,176.908,1.547
09/01/2007,08:56:00,1024.556,107.875,66.689,69.274,0.0,243.75,111.5,174.284,5.435
09/01/2007,08:57:00,1024.556,107.75,68.581,68.976,0.0,244.75,112.813,175.858,6.032
09/01/2007,08:58:00,1024.556,108.75,69.721,68.834,0.0,245.75,114.0,146.649,4.577
09/01/2007,08:59:00,1024.556,108.688,68.662,68.859,0.0,245.875,114.875,163.6,4.504
09/01/2007,09:00:00,1024.594,109.063,69.196,68.937,0.0,245.375,115.438,178.045,5.551
09/01/2007,09:01:00,1024.633,109.563,69.727,69.106,0.0,246.25,116.625,155.321,4.401
09/01/2007,09:02:00,1024.633,109.438,68.27,69.248,0.0,246.875,117.688,162.434,4.115
09/01/2007,09:03:00,1024.633,107.938,65.002,69.3,0.0,248.25,119.125,166.953,6.707
09/01/2007,09:04:00,1024.633,107.938,66.197,69.022,0.0,248.625,120.125,182.49,6.482
09/01/2007,09:05:00,1024.633,108.25,65.812,68.898,0.0,249.0,121.125,172.462,6.056
09/01/2007,09:06:00,1024.594,108.125,65.591,68.885,0.0,249.625,122.25,161.516,5.125
09/01/2007,09:07:00,1024.594,109.313,66.433,68.911,0.0,250.25,123.438,132.059,4.078
09/01/2007,09:08:00,1024.594,109.438,66.809,69.08,0.0,250.75,124.313,156.881,5.947
09/01/2007,09:09:00,1024.594,108.938,65.591,69.106,0.0,250.875,125.25,176.252,5.886
09/01/2007,09:10:00,1024.594,108.5,65.653,69.119,0.0,251.75,126.375,163.396,6.981
09/01/2007,09:11:00,1024.594,109.188,68.147,69.132,0.0,252.5,127.5,155.526,5.399
09/01/2007,09:12:00,1024.594,109.625,67.551,69.261,0.0,253.375,128.625,154.418,3.768
09/01/2007,09:13:00,1024.594,108.375,64.772,69.326,0.0,253.875,129.625,159.169,6.293
09/01/2007,09:14:00,1024.556,107.813,64.752,69.248,0.0,254.5,130.625,167.856,7.79
09/01/2007,09:15:00,1024.556,108.313,64.046,69.047,0.0,255.375,131.875,170.276,6.306
09/01/2007,09:16:00,1024.556,108.313,64.568,69.034,0.0,255.875,132.875,158.105,6.902
09/01/2007,09:17:00,1024.556,108.5,62.644,68.898,0.0,256.5,134.0,171.136,9.038
09/01/2007,09:18:00,1024.556,108.875,64.25,68.963,0.0,256.75,134.875,156.735,7.005
09/01/2007,09:19:00,1024.556,109.063,63.635,69.119,0.0,257.0,135.875,162.624,8.003
09/01/2007,09:20:00,1024.556,109.75,62.339,69.119,0.0,257.5,136.875,165.189,7.005
09/01/2007,09:21:00,1024.594,109.063,62.777,69.197,0.0,258.5,138.0,159.388,8.405
09/01/2007,09:22:00,1024.556,109.125,62.777,69.171,0.0,259.25,139.125,164.854,7.352
09/01/2007,09:23:00,1024.594,108.938,62.411,69.08,0.0,259.5,140.0,164.912,6.993
09/01/2007,09:24:00,1024.594,110.625,62.479,69.197,0.0,260.25,141.0,143.413,7.151
09/01/2007,09:25:00,1024.633,109.75,62.485,69.371,0.0,260.25,141.75,164.737,6.032
09/01/2007,09:26:00,1024.633,110.063,61.465,69.488,0.0,260.75,142.75,165.787,8.028
09/01/2007,09:27:00,1024.671,110.75,62.835,69.605,0.0,260.0,143.25,169.052,5.861
09/01/2007,09:28:00,1024.671,111.0,62.074,69.871,0.0,261.0,144.375,175.8,5.302
09/01/2007,09:29:00,1024.671,109.313,59.969,69.871,0.0,260.5,145.125,171.078,10.522
09/01/2007,09:30:00,1024.671,109.313,62.194,69.65,0.0,261.5,146.375,165.451,8.228
09/01/2007,09:31:00,1024.709,109.5,59.943,69.631,0.0,262.25,147.375,164.285,7.827
09/01/2007,09:32:00,1024.709,110.5,60.254,69.579,0.0,263.0,148.375,145.673,6.293
09/01/2007,09:33:00,1024.709,111.0,61.617,69.689,0.0,262.5,149.0,156.677,6.135
09/01/2007,09:34:00,1024.748,110.875,62.365,69.909,0.0,263.75,150.375,177.811,6.111
09/01/2007,09:35:00,1024.748,110.875,59.784,69.935,0.0,263.5,151.125,174.168,8.478
09/01/2007,09:36:00,1024.709,110.313,60.215,69.858,0.0,263.75,152.0,182.14,8.94
09/01/2007,09:37:00,1024.709,111.0,60.513,69.883,0.0,264.5,153.25,182.927,6.92
09/01/2007,09:38:00,1024.709,110.875,59.969,70.097,0.0,264.75,154.0,164.912,7.949
09/01/2007,09:39:00,1024.709,110.563,59.204,70.046,0.0,264.25,154.625,177.083,8.539
09/01/2007,09:40:00,1024.709,111.875,59.58,69.994,0.0,265.0,155.75,152.45,4.188
09/01/2007,09:41:00,1024.709,111.75,59.719,70.188,0.0,265.5,156.625,179.4,4.65
09/01/2007,09:42:00,1024.709,112.0,63.136,70.48,0.0,266.5,157.875,142.16,5.46
09/01/2007,09:43:00,1024.709,111.875,60.633,70.778,0.0,267.0,159.0,149.039,4.48
09/01/2007,09:44:00,1024.709,111.438,61.012,70.914,0.0,267.5,159.875,181.863,7.151
09/01/2007,09:45:00,1024.709,110.75,57.452,70.901,0.0,267.75,160.875,174.692,7.316
09/01/2007,09:46:00,1024.709,111.375,58.385,70.7,0.0,267.75,161.625,183.321,9.226
09/01/2007,09:47:00,1024.748,111.188,58.874,70.577,0.0,267.75,162.5,177.112,8.514
09/01/2007,09:48:00,1024.748,112.063,58.702,70.506,0.0,268.75,163.75,197.503,6.184
09/01/2007,09:49:00,1024.748,112.188,59.172,70.674,0.0,268.5,164.375,188.816,5.302
09/01/2007,09:50:00,1024.748,112.5,58.139,70.849,0.0,269.5,165.5,202.837,5.6
09/01/2007,09:51:00,1024.748,112.438,58.88,71.057,0.0,269.75,166.5,182.723,4.042
09/01/2007,09:52:00,1024.748,112.75,60.296,71.309,0.0,270.75,167.625,214.95,2.563
09/01/2007,09:53:00,1024.709,111.5,57.53,71.497,0.0,271.0,168.5,159.986,6.293
09/01/2007,09:54:00,1024.709,111.813,56.558,71.406,0.0,271.75,169.75,178.715,6.957
09/01/2007,09:55:00,1024.671,112.5,57.047,71.335,0.0,271.75,170.5,205.971,5.934
09/01/2007,09:56:00,1024.671,112.438,57.562,71.471,0.0,272.25,171.375,189.53,5.533
09/01/2007,09:57:00,1024.709,111.563,57.306,71.335,0.0,272.25,172.25,182.344,7.626
09/01/2007,09:58:00,1024.709,111.5,57.488,71.082,0.0,273.0,173.5,163.936,7.127
09/01/2007,09:59:00,1024.671,110.75,58.178,71.057,0.0,273.75,174.875,174.095,8.752
09/01/2007,10:00:00,1024.671,112.188,58.391,71.057,0.0,273.75,175.75,204.455,4.742
09/01/2007,10:01:00,1024.633,112.25,58.323,71.257,0.0,274.0,176.625,176.908,8.466
09/01/2007,10:02:00,1024.633,113.438,61.037,71.374,0.0,274.0,177.375,149.55,4.188
09/01/2007,10:03:00,1024.633,112.375,58.006,71.711,0.0,273.25,177.875,131.491,4.042
09/01/2007,10:04:00,1024.594,112.188,55.515,71.893,0.0,275.25,179.625,167.55,7.663
09/01/2007,10:05:00,1024.556,112.438,58.152,71.763,0.0,274.75,180.25,101.494,4.425
09/01/2007,10:06:00,1024.556,110.563,55.868,71.867,0.0,274.5,181.0,160.073,10.498
09/01/2007,10:07:00,1024.594,110.25,56.432,71.523,0.0,275.25,182.25,170.538,11.204
09/01/2007,10:08:00,1024.556,110.688,56.179,71.283,0.0,274.75,182.875,164.883,9.086
09/01/2007,10:09:00,1024.556,111.063,58.375,71.219,0.0,275.0,183.875,172.156,11.557
09/01/2007,10:10:00,1024.556,112.563,58.119,71.141,0.0,275.25,184.75,162.084,6.604
09/01/2007,10:11:00,1024.556,112.625,57.507,71.257,0.0,275.5,185.75,182.49,8.74
09/01/2007,10:12:00,1024.556,113.063,56.597,71.562,0.0,275.75,186.625,200.622,10.723
09/01/2007,10:13:00,1024.556,111.875,54.884,71.497,0.0,275.0,187.25,179.123,12.202
09/01/2007,10:14:00,1024.518,112.938,56.71,71.296,0.0,275.75,188.375,191.92,6.354
09/01/2007,10:15:00,1024.556,112.75,56.38,71.309,0.0,275.75,189.0,175.057,8.454
09/01/2007,10:16:00,1024.556,113.5,57.167,71.394,0.0,276.25,190.0,198.465,4.127
09/01/2007,10:17:00,1024.518,114.625,58.728,71.763,0.0,276.75,191.0,183.787,2.6
09/01/2007,10:18:00,1024.556,114.563,57.608,72.081,0.0,277.0,191.75,197.503,5.064
09/01/2007,10:19:00,1024.518,113.813,55.175,72.171,0.0,277.25,192.75,194.821,8.545
09/01/2007,10:20:00,1024.518,113.563,55.943,71.99,0.0,277.0,193.125,193.844,7.425
09/01/2007,10:21:00,1024.518,113.375,56.591,71.97,0.0,278.25,194.625,183.875,6.506
09/01/2007,10:22:00,1024.518,114.125,54.952,71.977,0.0,278.25,195.25,192.955,9.585
09/01/2007,10:23:00,1024.479,113.75,57.507,71.977,0.0,279.0,196.5,198.29,4.504
09/01/2007,10:24:00,1024.518,114.438,56.578,72.171,0.0,279.25,197.25,210.562,3.604
09/01/2007,10:25:00,1024.518,113.938,54.401,72.288,0.0,279.25,198.0,192.897,7.997
09/01/2007,10:26:00,1024.518,113.438,54.343,72.255,0.0,278.75,198.5,181.397,8.332
09/01/2007,10:27:00,1024.479,114.313,57.08,72.21,0.0,279.75,199.75,193.699,8.344
09/01/2007,10:28:00,1024.518,113.688,57.714,72.23,0.0,280.5,200.875,189.734,6.902
09/01/2007,10:29:00,1024.479,113.375,55.493,72.327,0.0,279.5,201.125,184.356,8.965
09/01/2007,10:30:00,1024.479,113.875,55.661,72.314,0.0,279.5,201.875,178.671,5.837
09/01/2007,10:31:00,1024.479,114.0,56.254,72.34,0.0,279.75,202.625,195.273,7.778
09/01/2007,10:32:00,1024.479,113.938,54.479,72.268,0.0,280.0,203.5,206.54,8.642
09/01/2007,10:33:00,1024.479,114.0,55.804,72.145,0.0,280.75,204.5,196.104,10.997
09/01/2007,10:34:00,1024.479,113.813,55.072,72.275,0.0,280.5,205.25,188.277,9.299
09/01/2007,10:35:00,1024.518,114.0,54.77,72.301,0.0,281.0,206.25,205.228,7.328
09/01/2007,10:36:00,1024.479,113.563,58.589,72.353,0.0,281.5,207.125,201.045,7.516
09/01/2007,10:37:00,1024.518,113.875,54.832,72.482,0.0,281.0,207.625,196.074,9.086
09/01/2007,10:38:00,1024.479,113.0,55.875,72.469,0.0,281.0,208.5,153.587,5.624
09/01/2007,10:39:00,1024.441,115.063,56.73,72.735,0.0,281.0,209.25,172.433,3.707
09/01/2007,10:40:00,1024.594,115.875,56.072,73.04,0.0,280.75,209.75,177.52,4.529
09/01/2007,10:41:00,1024.633,114.75,55.421,72.897,0.0,281.5,211.0,198.742,8.393
09/01/2007,10:42:00,1024.633,114.75,56.179,72.813,0.0,281.5,211.5,217.194,6.22
09/01/2007,10:43:00,1024.671,115.063,57.319,72.91,0.0,282.0,212.375,160.452,5.697
09/01/2007,10:44:00,1024.671,114.563,55.943,73.04,0.0,282.75,213.375,177.36,6.628
09/01/2007,10:45:00,1024.671,112.125,53.617,73.079,0.0,282.5,214.0,157.96,10.382
09/01/2007,10:46:00,1024.671,112.188,51.982,72.683,0.0,282.75,214.875,163.25,8.867
09/01/2007,10:47:00,1024.671,113.188,54.168,72.618,0.0,282.75,215.5,172.098,9.774
09/01/2007,10:48:00,1024.633,115.063,58.038,72.884,0.0,282.75,216.125,157.333,6.567
09/01/2007,10:49:00,1024.633,112.438,53.701,72.871,0.0,282.0,216.625,161.458,12.19
09/01/2007,10:50:00,1024.633,112.563,54.362,72.58,0.0,282.0,217.125,162.434,10.346
09/01/2007,10:51:00,1024.556,113.688,54.356,72.709,0.0,282.25,217.625,168.891,10.906
09/01/2007,10:52:00,1024.518,116.125,54.751,72.508,0.0,283.25,218.875,181.033,6.92
09/01/2007,10:53:00,1024.556,114.063,55.195,72.567,0.0,283.25,219.375,158.761,10.382
09/01/2007,10:54:00,1024.518,113.438,54.916,72.508,0.0,282.5,219.625,162.944,8.028
09/01/2007,10:55:00,1024.518,116.813,56.94,72.657,0.0,282.5,219.875,159.869,7.699
09/01/2007,10:56:00,1024.518,116.688,56.247,72.871,0.0,280.5,219.125,168.002,6.829
09/01/2007,10:57:00,1024.518,117.688,56.267,73.215,0.0,281.0,219.75,147.218,8.916
09/01/2007,10:58:00,1024.518,116.938,56.399,73.519,0.0,281.75,220.75,174.226,1.882
09/01/2007,10:59:00,1024.518,115.813,53.164,73.636,0.0,282.5,221.75,179.692,6.506
09/01/2007,11:00:00,1024.518,116.938,56.344,73.506,0.0,282.5,222.125,170.771,7.815
09/01/2007,11:01:00,1024.479,115.438,52.435,73.882,0.0,283.0,222.625,181.965,8.271
09/01/2007,11:02:00,1024.441,116.25,55.347,73.96,0.0,281.75,222.25,190.332,9.105
09/01/2007,11:03:00,1024.441,115.563,51.917,73.798,0.0,282.75,223.5,192.358,8.776
09/01/2007,11:04:00,1024.479,116.875,52.853,73.675,0.0,282.5,223.5,185.842,6.695
09/01/2007,11:05:00,1024.441,115.25,52.649,73.759,0.0,282.25,223.875,204.339,8.454
09/01/2007,11:06:00,1024.403,116.625,52.782,73.811,0.0,282.75,224.375,198.581,7.182
09/01/2007,11:07:00,1024.403,117.063,52.555,73.701,0.0,284.75,225.875,196.133,5.21
09/01/2007,11:08:00,1024.365,117.063,53.206,73.798,0.0,285.0,226.25,194.296,5.411
09/01/2007,11:09:00,1024.403,115.5,50.09,74.012,0.0,285.75,227.125,177.199,9.092
09/01/2007,11:10:00,1024.479,114.875,51.405,73.772,0.0,285.75,227.5,153.704,11.058
09/01/2007,11:11:00,1024.479,114.188,51.69,73.688,0.0,285.0,227.75,171.821,8.253
09/01/2007,11:12:00,1024.479,114.813,50.877,73.506,0.0,283.0,226.875,176.368,6.659
09/01/2007,11:13:00,1024.479,115.0,50.333,73.532,0.0,283.75,228.0,166.413,11.867
09/01/2007,11:14:00,1024.441,114.625,51.214,73.441,0.0,283.5,228.375,171.107,9.178
09/01/2007,11:15:00,1024.403,115.063,52.548,73.331,0.0,282.75,228.5,146.11,11.466
09/01/2007,11:16:00,1024.441,115.563,51.651,73.396,0.0,283.0,228.875,169.62,11.739
09/01/2007,11:17:00,1024.441,114.438,54.349,73.202,0.0,283.0,229.625,166.603,12.999
09/01/2007,11:18:00,1024.403,116.188,53.219,73.202,0.0,283.5,230.375,156.4,6.531
09/01/2007,11:19:00,1024.441,114.813,51.314,73.396,0.0,283.0,230.5,168.541,9.427
09/01/2007,11:20:00,1024.441,115.438,54.799,73.429,0.0,283.25,231.25,151.707,10.991
09/01/2007,11:21:00,1024.326,113.563,51.373,73.305,0.0,282.0,231.375,161.429,10.942
09/01/2007,11:22:00,1024.326,114.125,52.344,72.91,0.0,280.75,231.0,151.619,11.368
09/01/2007,11:23:00,1024.326,115.688,53.397,73.014,0.0,282.25,232.375,161.545,10.358
09/01/2007,11:24:00,1024.365,115.375,54.625,73.344,0.0,283.25,233.5,146.416,10.273
09/01/2007,11:25:00,1024.365,114.875,53.86,73.163,0.0,283.0,234.0,164.417,10.224
09/01/2007,11:26:00,1024.326,115.188,53.384,73.137,0.0,283.25,234.625,167.23,11.07
09/01/2007,11:27:00,1024.326,117.875,56.312,73.163,0.0,283.75,235.25,159.271,5.819
09/01/2007,11:28:00,1024.365,117.813,53.177,73.675,0.0,282.25,234.75,190.754,9.914
09/01/2007,11:29:00,1024.365,117.875,52.775,73.83,0.0,282.5,235.25,176.791,9.001
09/01/2007,11:30:00,1024.326,118.625,52.302,73.869,0.0,280.25,234.25,185.842,6.719
09/01/2007,11:31:00,1024.326,117.188,54.699,73.895,0.0,280.5,235.125,144.317,9.129
09/01/2007,11:32:00,1024.326,117.938,53.889,73.934,0.0,283.0,237.125,173.512,5.174
09/01/2007,11:33:00,1024.326,118.938,53.828,74.2,0.0,283.25,237.625,226.26,5.521
09/01/2007,11:34:00,1024.403,119.188,53.854,74.29,0.0,283.0,237.875,228.767,5.886
09/01/2007,11:35:00,1024.403,119.125,53.663,74.504,0.0,283.5,238.75,188.393,8.527
09/01/2007,11:36:00,1024.403,117.938,52.448,74.44,0.0,282.5,238.625,207.297,9.427
09/01/2007,11:37:00,1024.403,117.375,53.87,74.239,0.0,280.75,237.75,173.031,7.614
09/01/2007,11:38:00,1024.403,119.938,53.093,74.303,0.0,282.75,239.5,171.282,2.722
09/01/2007,11:39:00,1024.403,118.875,55.855,74.504,0.0,283.25,240.375,186.775,5.886
09/01/2007,11:40:00,1024.365,119.188,51.716,74.517,0.0,283.75,241.0,198.159,11.155
09/01/2007,11:41:00,1024.326,119.188,51.234,74.388,0.0,283.75,241.375,197.415,6.634
09/01/2007,11:42:00,1024.326,117.938,50.871,74.582,0.0,283.25,241.875,209.6,6.579
09/01/2007,11:43:00,1024.326,117.875,50.43,74.569,0.0,282.5,241.875,209.265,6.506
09/01/2007,11:44:00,1024.25,118.188,50.148,74.517,0.0,283.25,242.625,195.608,6.33
09/01/2007,11:45:00,1024.25,118.25,52.118,74.628,0.0,283.25,243.25,227.484,7.139
09/01/2007,11:46:00,1024.135,119.75,53.31,74.887,0.0,285.25,245.125,235.72,7.699
09/01/2007,11:47:00,1024.097,118.875,52.516,75.211,0.0,284.5,245.125,192.095,6.829
09/01/2007,11:48:00,1024.097,118.375,50.877,75.049,0.0,283.75,245.375,190.434,8.581
09/01/2007,11:49:00,1024.058,117.375,50.923,74.835,0.0,284.25,246.25,169.576,7.778
09/01/2007,11:50:00,1024.058,118.938,51.334,74.388,0.0,284.5,247.0,203.304,5.003
09/01/2007,11:51:00,1024.058,119.438,54.599,74.64,0.0,285.5,248.0,208.726,3.281
09/01/2007,11:52:00,1024.039,119.625,51.904,75.224,0.0,286.75,249.625,185.58,7.34
09/01/2007,11:53:00,1024.058,119.625,52.49,75.34,0.0,284.75,248.75,177.549,3.184
09/01/2007,11:54:00,1024.039,116.75,50.019,75.211,0.0,284.75,249.375,183.379,12.092
09/01/2007,11:55:00,1024.097,118.813,52.846,74.744,0.0,284.75,250.125,205.592,7.03
09/01/2007,11:56:00,1024.097,119.313,50.129,74.77,0.0,281.5,248.375,183.496,7.742
09/01/2007,11:57:00,1024.039,118.625,50.981,74.628,0.0,282.0,249.625,167.492,4.279
09/01/2007,11:58:00,1024.039,120.563,51.923,74.919,0.0,282.0,249.875,196.351,5.04
09/01/2007,11:59:00,1024.0,120.75,51.71,75.075,0.0,283.0,251.0,188.364,3.768
09/01/2007,12:00:00,1024.039,122.438,52.769,75.314,0.0,283.75,252.0,219.045,5.551
09/01/2007,12:01:00,1024.039,119.063,53.219,75.548,0.0,284.0,252.375,195.987,7.711
09/01/2007,12:02:00,1024.0,119.688,50.084,75.366,0.0,282.75,252.25,165.539,5.174
09/01/2007,12:03:00,1023.962,119.5,51.062,75.211,0.0,284.5,253.875,178.205,4.687
09/01/2007,12:04:00,1024.0,118.5,51.327,75.263,0.0,283.75,254.25,212.428,8.216
09/01/2007,12:05:00,1024.0,119.188,54.142,75.353,0.0,283.25,254.125,197.153,7.985
09/01/2007,12:06:00,1023.962,119.5,51.736,75.405,0.0,282.75,254.25,206.904,3.421
09/01/2007,12:07:00,1023.962,119.438,51.48,75.652,0.0,282.0,254.125,180.493,10.395
09/01/2007,12:08:00,1023.962,119.375,54.647,75.263,0.0,283.0,255.75,204.164,7.364
09/01/2007,12:09:00,1023.962,118.563,53.517,75.263,0.0,281.75,255.375,209.411,9.275
09/01/2007,12:10:00,1023.924,119.938,54.673,75.237,0.0,281.0,255.125,184.531,5.362
09/01/2007,12:11:00,1023.924,120.188,54.44,75.302,0.0,282.75,256.75,182.927,6.293
09/01/2007,12:12:00,1023.924,120.938,54.408,75.535,0.0,282.5,256.75,195.448,1.955
09/01/2007,12:13:00,1023.924,121.125,52.435,75.664,0.0,282.25,257.25,192.037,4.936
09/01/2007,12:14:00,1023.886,120.438,51.69,75.535,0.0,283.75,258.75,190.011,11.441
09/01/2007,12:15:00,1023.886,119.438,51.752,75.574,0.0,284.0,259.25,175.377,7.413
09/01/2007,12:16:00,1023.886,120.375,50.09,75.664,0.0,283.75,259.5,192.183,6.318
09/01/2007,12:17:00,1023.886,122.688,52.714,75.878,0.0,286.5,261.5,199.616,4.59
09/01/2007,12:18:00,1023.847,122.0,51.758,76.287,0.0,284.5,260.5,204.995,5.149
09/01/2007,12:19:00,1023.847,121.813,52.15,76.604,0.0,284.5,261.0,186.863,3.147
09/01/2007,12:20:00,1023.847,121.438,51.791,76.753,0.0,283.25,260.25,201.905,4.65
09/01/2007,12:21:00,1023.809,118.563,51.486,76.539,0.0,283.5,261.0,184.006,9.585
09/01/2007,12:22:00,1023.847,120.313,50.479,76.105,0.0,283.25,261.75,185.551,6.792
09/01/2007,12:23:00,1023.809,120.375,52.085,75.814,0.0,283.75,262.0,190.842,3.147
09/01/2007,12:24:00,1023.809,120.875,51.625,76.047,0.0,285.75,264.0,204.878,4.377
09/01/2007,12:25:00,1023.809,121.125,53.695,76.3,0.0,286.5,264.5,184.691,7.504
09/01/2007,12:26:00,1023.847,119.563,52.331,76.17,0.0,286.25,265.0,168.425,11.831
09/01/2007,12:27:00,1023.771,120.625,52.548,75.839,0.0,285.0,264.25,148.617,5.423
09/01/2007,12:28:00,1023.809,120.5,53.106,76.008,0.0,286.75,266.0,164.883,9.129
09/01/2007,12:29:00,1023.771,120.0,51.075,76.053,0.0,286.5,266.0,190.754,9.914
09/01/2007,12:30:00,1023.733,119.75,51.088,75.956,0.0,286.75,266.5,173.774,10.51
09/01/2007,12:31:00,1023.733,119.813,49.938,75.69,0.0,287.5,267.25,186.411,7.65
09/01/2007,12:32:00,1023.733,120.0,51.373,75.664,0.0,286.5,266.75,189.239,11.514
09/01/2007,12:33:00,1023.771,120.25,50.032,75.522,0.0,284.5,265.5,170.174,7.279
09/01/2007,12:34:00,1023.733,119.563,50.492,75.587,0.0,284.75,266.0,185.915,7.352
09/01/2007,12:35:00,1023.771,120.438,51.36,75.742,0.0,285.5,267.0,167.375,7.151
09/01/2007,12:36:00,1023.771,120.25,50.398,75.969,0.0,286.0,267.5,206.015,10.084
09/01/2007,12:37:00,1023.771,121.813,49.685,75.93,0.0,285.0,266.75,173.687,6.616
09/01/2007,12:38:00,1023.733,122.75,49.449,76.047,0.0,285.75,267.25,220.372,4.73
09/01/2007,12:39:00,1023.733,121.813,51.107,76.235,0.0,284.5,266.75,209.134,6.245
09/01/2007,12:40:00,1023.694,121.75,51.399,76.371,0.0,286.5,268.5,234.408,6.908
09/01/2007,12:41:00,1023.694,123.625,50.071,76.565,0.0,287.25,268.75,226.464,5.496
09/01/2007,12:42:00,1023.733,122.25,49.97,76.831,0.0,287.5,269.0,180.377,9.835
09/01/2007,12:43:00,1023.733,121.25,51.564,76.883,0.0,286.5,268.5,187.198,6.135
09/01/2007,12:44:00,1023.694,120.75,47.418,76.844,0.0,286.25,268.75,183.438,6.634
09/01/2007,12:45:00,1023.694,119.313,49.361,76.565,0.0,286.25,269.0,199.82,9.202
09/01/2007,12:46:00,1023.656,120.625,49.569,76.475,0.0,286.25,269.0,250.018,3.592
09/01/2007,12:47:00,1023.656,122.0,50.816,76.488,0.0,287.25,269.75,220.313,5.77
09/01/2007,12:48:00,1023.618,121.938,49.951,76.526,0.0,286.75,269.75,169.766,9.561
09/01/2007,12:49:00,1023.618,117.5,48.885,76.384,0.0,286.5,270.25,173.774,11.654
09/01/2007,12:50:00,1023.618,119.5,50.586,75.917,0.0,287.75,271.5,174.168,9.634
09/01/2007,12:51:00,1023.618,122.313,50.57,75.891,0.0,285.25,269.5,194.194,7.541
09/01/2007,12:52:00,1023.656,121.313,50.359,76.196,0.0,285.5,269.75,159.169,9.092
09/01/2007,12:53:00,1023.579,120.75,51.259,76.066,0.0,286.25,271.0,228.578,7.577
09/01/2007,12:54:00,1023.579,120.688,52.309,76.235,0.0,287.25,271.75,169.46,9.963
09/01/2007,12:55:00,1023.579,120.313,51.904,76.274,0.0,286.0,271.25,162.376,6.878
09/01/2007,12:56:00,1023.579,121.875,51.221,76.358,0.0,286.75,272.0,147.582,6.756
09/01/2007,12:57:00,1023.579,121.438,49.964,76.501,0.0,286.0,271.5,187.941,11.49
09/01/2007,12:58:00,1023.579,122.375,48.14,76.688,0.0,285.75,271.5,196.249,8.192
09/01/2007,12:59:00,1023.579,123.688,48.672,76.714,0.0,285.75,271.5,188.932,5.709
09/01/2007,13:00:00,1023.579,122.5,51.285,76.688,0.0,285.25,271.25,178.89,9.5
09/01/2007,13:01:00,1023.579,121.688,49.74,76.896,0.0,285.5,271.5,165.539,6.707
09/01/2007,13:02:00,1023.541,120.563,48.293,76.727,0.0,285.5,272.0,181.237,10.176
09/01/2007,13:03:00,1023.541,120.125,50.158,76.591,0.0,285.0,271.75,200.68,13.395
09/01/2007,13:04:00,1023.579,122.125,50.255,76.462,0.0,285.0,271.75,205.709,11.167
09/01/2007,13:05:00,1023.503,122.063,51.036,76.449,0.0,284.5,271.75,202.677,3.172
09/01/2007,13:06:00,1023.541,123.188,51.042,76.688,0.0,283.0,270.5,196.555,6.318
09/01/2007,13:07:00,1023.503,123.375,52.231,76.909,0.0,283.75,271.0,171.34,9.847
09/01/2007,13:08:00,1023.541,119.875,49.316,76.818,0.0,283.25,271.0,181.368,11.204
09/01/2007,13:09:00,1023.503,120.063,49.164,76.449,0.0,283.5,271.5,165.393,11.514
09/01/2007,13:10:00,1023.464,121.313,49.996,76.462,0.0,281.25,269.75,170.305,11.429
09/01/2007,13:11:00,1023.464,121.375,51.347,76.423,0.0,282.5,271.0,175.538,9.664
09/01/2007,13:12:00,1023.426,120.25,50.618,76.3,0.0,282.0,271.0,147.553,9.348
09/01/2007,13:13:00,1023.426,121.938,52.331,76.222,0.0,281.25,270.0,123.62,8.417
09/01/2007,13:14:00,1023.349,125.688,51.101,76.358,0.0,282.75,270.75,165.451,10.656
09/01/2007,13:15:00,1023.388,121.813,50.702,76.526,0.0,282.75,271.0,163.877,10.37
09/01/2007,13:16:00,1023.388,120.563,50.116,76.578,0.0,281.25,270.0,148.107,13.571
09/01/2007,13:17:00,1023.426,121.375,53.815,76.462,0.0,282.0,271.0,135.134,10.76
09/01/2007,13:18:00,1023.464,120.438,49.348,76.539,0.0,283.25,272.0,165.422,10.991
09/01/2007,13:19:00,1023.426,121.313,50.689,76.475,0.0,283.0,271.5,166.865,13.833
09/01/2007,13:20:00,1023.426,121.313,50.783,76.449,0.0,284.25,272.75,151.444,10.845
09/01/2007,13:21:00,1023.426,123.563,50.084,76.552,0.0,281.75,270.75,143.005,7.328
09/01/2007,13:22:00,1023.426,123.688,49.436,76.954,0.0,282.5,271.25,139.697,7.729
09/01/2007,13:23:00,1023.388,124.938,51.347,77.213,0.0,282.75,271.5,95.096,2.07
09/01/2007,13:24:00,1023.388,122.0,48.257,77.648,0.0,283.25,272.0,176.937,9.324
09/01/2007,13:25:00,1023.349,123.625,49.475,77.278,0.0,283.25,271.75,166.778,3.981
09/01/2007,13:26:00,1023.349,122.875,49.038,77.421,0.0,283.5,272.0,168.95,7.742
09/01/2007,13:27:00,1023.349,123.625,51.486,77.57,0.0,283.0,271.75,225.517,5.758
09/01/2007,13:28:00,1023.349,121.75,48.27,77.473,0.0,283.75,272.5,165.714,10.133
09/01/2007,13:29:00,1023.349,123.25,50.404,77.252,0.0,284.25,272.5,151.503,8.168
09/01/2007,13:30:00,1023.349,122.438,47.755,77.278,0.0,281.75,270.5,159.592,8.813
09/01/2007,13:31:00,1023.311,122.063,49.248,76.98,0.0,282.25,270.75,172.856,10.2
09/01/2007,13:32:00,1023.273,125.188,52.866,76.993,0.0,283.5,271.5,233.898,3.081
09/01/2007,13:33:00,1023.273,123.625,47.907,77.129,0.0,283.5,271.5,177.52,6.147
09/01/2007,13:34:00,1023.273,126.813,51.425,77.207,0.0,282.75,270.5,238.183,2.381
09/01/2007,13:35:00,1023.273,125.0,50.191,77.596,0.0,281.5,269.5,203.187,5.125
09/01/2007,13:36:00,1023.235,125.313,50.744,77.849,0.0,282.0,270.0,211.451,2.947
09/01/2007,13:37:00,1023.196,123.875,49.274,78.101,0.0,280.75,269.0,200.505,5.825
09/01/2007,13:38:00,1023.235,124.5,50.21,78.004,0.0,279.75,268.25,216.203,3.902
09/01/2007,13:39:00,1023.196,124.313,50.372,78.082,0.0,281.75,269.25,183.612,8.393
09/01/2007,13:40:00,1023.196,125.125,49.714,78.017,0.0,282.5,269.5,172.229,2.095
09/01/2007,13:41:00,1023.177,122.438,50.165,78.127,0.0,282.0,269.25,175.45,9.153
09/01/2007,13:42:00,1023.177,126.125,49.242,77.862,0.0,282.0,268.75,189.778,8.052
09/01/2007,13:43:00,1023.177,124.625,51.088,77.712,0.0,283.0,269.25,189.384,8.368
09/01/2007,13:44:00,1023.177,123.5,50.822,77.777,0.0,283.0,269.25,168.833,7.054
09/01/2007,13:45:00,1023.196,119.938,47.959,77.648,0.0,283.25,269.5,166.049,10.869
09/01/2007,13:46:00,1023.196,122.938,49.488,77.226,0.0,283.0,269.0,227.208,2.624
09/01/2007,13:47:00,1023.196,122.625,49.54,77.505,0.0,282.25,268.25,212.486,8.204
09/01/2007,13:48:00,1023.196,123.0,48.892,77.499,0.0,283.0,268.75,197.663,10.705
09/01/2007,13:49:00,1023.177,121.813,50.32,77.194,0.0,284.0,269.5,170.713,11.49
09/01/2007,13:50:00,1023.177,120.875,51.221,77.239,0.0,283.75,269.25,160.131,11.344
09/01/2007,13:51:00,1023.177,120.688,48.594,77.369,0.0,281.75,267.75,168.425,6.433
09/01/2007,13:52:00,1023.139,124.188,53.689,77.356,0.0,281.75,266.75,176.849,7.139
09/01/2007,13:53:00,1023.139,124.625,51.272,77.596,0.0,283.5,267.5,166.749,7.602
09/01/2007,13:54:00,1023.101,125.75,50.294,77.648,0.0,283.25,267.25,179.429,3.245
09/01/2007,13:55:00,1023.101,126.375,52.435,77.887,0.0,283.5,267.0,202.502,1.882
09/01/2007,13:56:00,1023.101,124.063,50.103,78.27,0.0,283.5,267.0,162.799,8.819
09/01/2007,13:57:00,1023.062,124.75,47.198,78.348,0.0,284.25,267.25,207.283,6.184
09/01/2007,13:58:00,1023.101,125.688,51.599,78.361,0.0,284.75,267.0,190.128,4.754
09/01/2007,13:59:00,1023.062,122.563,48.199,78.231,0.0,285.25,267.5,167.652,10.157
09/01/2007,14:00:00,1023.101,122.875,48.04,77.751,0.0,284.75,267.0,191.702,8.581
09/01/2007,14:01:00,1023.101,124.188,47.674,77.505,0.0,284.25,266.0,166.501,5.971
09/01/2007,14:02:00,1023.101,123.875,50.842,77.609,0.0,282.25,264.5,188.437,4.34
09/01/2007,14:03:00,1023.101,123.0,49.685,77.926,0.0,281.0,263.5,228.432,4.151
09/01/2007,14:04:00,1023.062,124.938,48.506,78.231,0.0,281.25,263.25,214.396,4.924
09/01/2007,14:05:00,1023.062,123.125,50.599,78.231,0.0,282.5,263.75,198.873,4.529
09/01/2007,14:06:00,1023.062,124.75,49.235,78.127,0.0,282.5,263.25,172.127,4.328
09/01/2007,14:07:00,1023.062,121.875,46.767,77.965,0.0,281.75,262.75,183.846,9.239
09/01/2007,14:08:00,1023.024,119.625,47.933,77.687,0.0,281.5,262.75,152.1,13.072
09/01/2007,14:09:00,1023.024,119.375,48.445,77.583,0.0,281.75,262.75,157.77,12.963
09/01/2007,14:10:00,1023.062,120.813,51.029,77.531,0.0,282.75,263.0,191.381,12.226
09/01/2007,14:11:00,1023.062,119.875,47.868,77.473,0.0,283.0,263.25,164.285,11.38
09/01/2007,14:12:00,1023.062,120.875,47.596,77.265,0.0,283.0,263.0,147.669,11.131
09/01/2007,14:13:00,1023.024,121.75,47.729,77.447,0.0,281.75,261.5,161.137,11.393
09/01/2007,14:14:00,1023.062,122.0,47.224,77.505,0.0,282.25,261.75,177.52,11.265
09/01/2007,14:15:00,1022.986,123.75,50.278,77.434,0.0,282.0,261.25,143.355,3.494
09/01/2007,14:16:00,1022.986,123.0,48.892,77.712,0.0,282.0,260.75,159.854,12.512
09/01/2007,14:17:00,1022.986,121.625,48.766,77.622,0.0,280.75,259.75,159.825,9.153
09/01/2007,14:18:00,1022.947,126.25,48.587,77.622,0.0,282.75,261.0,123.285,7.875
09/01/2007,14:19:00,1022.947,124.375,48.552,77.913,0.0,283.0,260.75,153.791,9.074
09/01/2007,14:20:00,1022.947,127.625,50.197,78.101,0.0,283.0,260.25,167.711,3.221
09/01/2007,14:21:00,1022.986,124.875,48.046,78.419,0.0,282.75,260.0,179.837,6.981
09/01/2007,14:22:00,1022.947,124.125,47.742,78.523,0.0,283.5,260.25,183.787,11.806
09/01/2007,14:23:00,1022.909,123.813,48.532,78.309,0.0,284.25,260.25,185.813,8.088
09/01/2007,14:24:00,1022.947,125.313,48.733,78.296,0.0,284.5,259.75,198.64,8.253
09/01/2007,14:25:00,1022.909,124.25,47.337,78.244,0.0,284.5,259.75,187.038,6.519
09/01/2007,14:26:00,1022.871,124.375,49.711,78.309,0.0,285.5,260.0,167.201,6.056
09/01/2007,14:27:00,1022.871,120.375,45.679,78.231,0.0,284.25,259.25,175.683,12.725
09/01/2007,14:28:00,1022.832,121.563,49.805,77.965,0.0,284.25,258.75,167.492,12.938
09/01/2007,14:29:00,1022.871,122.438,47.959,77.913,0.0,285.25,259.5,186.775,7.45
09/01/2007,14:30:00,1022.909,123.813,50.398,78.127,0.0,284.75,258.5,186.178,5.302
09/01/2007,14:31:00,1022.871,124.75,49.88,78.672,0.0,284.25,257.75,140.877,5.149
09/01/2007,14:32:00,1022.832,126.563,48.344,78.847,0.0,281.0,255.125,137.073,7.79
09/01/2007,14:33:00,1022.832,124.875,49.151,78.821,0.0,281.75,255.875,135.951,7.565
09/01/2007,14:34:00,1022.909,125.375,48.39,78.95,0.0,281.0,254.875,195.477,8.539
09/01/2007,14:35:00,1022.871,125.188,47.133,78.898,0.0,280.75,254.5,201.249,7.054
09/01/2007,14:36:00,1022.871,125.0,47.8,78.97,0.0,280.5,254.0,184.327,2.983
09/01/2007,14:37:00,1022.832,124.688,49.983,79.151,0.0,279.5,253.0,198.29,1.444
09/01/2007,14:38:00,1022.832,124.625,47.357,79.352,0.0,280.25,253.125,153.252,8.368
09/01/2007,14:39:00,1022.794,124.813,47.266,79.177,0.0,280.5,253.0,197.576,3.257
09/01/2007,14:40:00,1022.794,121.125,48.079,79.035,0.0,279.0,251.875,155.321,10.821
09/01/2007,14:41:00,1022.794,121.875,48.351,78.898,0.0,280.5,252.375,164.65,12.987
09/01/2007,14:42:00,1022.794,123.813,48.16,78.86,0.0,280.5,251.875,181.368,7.267
09/01/2007,14:43:00,1022.832,123.563,45.844,79.06,0.0,281.0,252.125,199.762,9.859
09/01/2007,14:44:00,1022.794,123.813,48.153,79.099,0.0,281.25,252.0,168.716,7.255
09/01/2007,14:45:00,1022.832,123.625,48.416,79.261,0.0,282.0,252.375,180.377,8.454
09/01/2007,14:46:00,1022.832,122.5,46.446,78.996,0.0,282.5,252.25,199.194,11.831
09/01/2007,14:47:00,1022.832,124.25,47.564,79.073,0.0,282.75,252.0,206.219,9.884
09/01/2007,14:48:00,1022.871,123.5,47.875,79.229,0.0,282.75,251.5,204.164,5.697
09/01/2007,14:49:00,1022.832,125.813,45.446,79.417,0.0,282.5,251.125,211.597,3.646
09/01/2007,14:50:00,1022.832,126.0,45.692,79.657,0.0,283.0,251.0,203.581,4.462
09/01/2007,14:51:00,1022.832,126.188,48.999,79.961,0.0,282.25,249.875,181.12,5.149
09/01/2007,14:52:00,1022.871,125.313,47.052,79.858,0.0,284.75,251.25,204.995,10.297
09/01/2007,14:53:00,1022.832,124.75,42.741,79.54,0.0,282.75,249.375,212.792,7.827
09/01/2007,14:54:00,1022.794,124.75,45.566,79.456,0.0,282.75,248.75,169.737,6.604
09/01/2007,14:55:00,1022.794,124.875,48.173,79.631,0.0,282.25,248.25,196.905,6.506
09/01/2007,14:56:00,1022.756,123.625,44.626,79.696,0.0,281.75,247.25,202.531,4.504
09/01/2007,14:57:00,1022.756,124.563,45.757,79.825,0.0,281.5,246.5,171.136,9.038
09/01/2007,14:58:00,1022.679,122.875,48.665,79.948,0.0,280.5,245.625,172.55,9.598
09/01/2007,14:59:00,1022.679,120.438,46.301,79.631,0.0,280.25,245.125,158.339,11.63
09/01/2007,15:00:00,1022.679,121.75,45.161,79.248,0.0,281.0,245.0,204.849,10.608
09/01/2007,15:01:00,1022.679,123.188,46.353,79.326,0.0,282.25,245.125,236.959,8.015
09/01/2007,15:02:00,1022.679,123.25,45.711,79.521,0.0,282.5,245.0,181.572,9.129
09/01/2007,15:03:00,1022.641,121.813,46.78,79.313,0.0,280.0,243.0,185.405,10.133
09/01/2007,15:04:00,1022.603,122.688,46.155,79.216,0.0,280.75,243.125,181.455,8.454
09/01/2007,15:05:00,1022.641,123.0,47.383,79.378,0.0,280.25,242.25,176.514,5.959
09/01/2007,15:06:00,1022.603,124.813,46.829,79.592,0.0,280.25,241.75,204.82,5.46
09/01/2007,15:07:00,1022.603,124.625,45.679,79.832,0.0,280.25,241.125,226.042,9.847
09/01/2007,15:08:00,1022.603,125.188,45.06,79.845,0.0,282.0,241.875,220.24,4.815
09/01/2007,15:09:00,1022.603,124.75,47.57,80.013,0.0,281.25,240.375,200.156,4.827
09/01/2007,15:10:00,1022.564,124.063,45.517,80.065,0.0,282.0,240.625,181.455,9.476
09/01/2007,15:11:00,1022.603,123.5,45.889,80.065,0.0,283.25,240.875,202.619,8.344
09/01/2007,15:12:00,1022.564,123.375,46.239,80.013,0.0,281.5,239.0,205.169,5.624
09/01/2007,15:13:00,1022.564,123.313,45.358,80.078,0.0,282.0,239.0,217.049,7.529
09/01/2007,15:14:00,1022.564,121.688,46.605,79.974,0.0,281.5,238.5,185.201,6.36
09/01/2007,15:15:00,1022.526,122.75,45.559,79.974,0.0,280.25,236.875,200.112,9.512
09/01/2007,15:16:00,1022.526,123.0,48.027,80.091,0.0,282.25,237.75,209.353,3.695
09/01/2007,15:17:00,1022.488,124.25,47.185,80.136,0.0,281.5,236.5,203.071,6.196
09/01/2007,15:18:00,1022.488,124.438,47.703,80.415,0.0,280.75,235.25,153.193,2.819
09/01/2007,15:19:00,1022.449,125.813,48.607,80.681,0.0,279.25,233.75,223.535,4.078
09/01/2007,15:20:00,1022.449,125.0,46.657,80.655,0.0,277.25,232.0,232.178,2.971
09/01/2007,15:21:00,1022.488,122.625,44.354,80.603,0.0,277.5,231.75,207.283,8.356
09/01/2007,15:22:00,1022.43,122.938,47.013,80.434,0.0,278.0,231.375,182.753,1.705
09/01/2007,15:23:00,1022.449,123.938,45.63,80.499,0.0,277.5,230.5,197.751,6.805
09/01/2007,15:24:00,1022.449,122.688,46.44,80.59,0.0,276.0,229.25,220.634,7.729
09/01/2007,15:25:00,1022.43,124.563,47.178,80.525,0.0,276.5,228.75,221.494,5.326
09/01/2007,15:26:00,1022.43,122.5,45.737,80.402,0.0,276.75,228.25,191.235,5.016
09/01/2007,15:27:00,1022.43,124.25,46.547,80.389,0.0,277.75,228.5,210.621,4.553
09/01/2007,15:28:00,1022.43,121.375,46.709,80.551,0.0,276.25,226.875,171.194,8.94
09/01/2007,15:29:00,1022.43,122.188,47.622,80.175,0.0,276.25,226.5,170.028,8.49
09/01/2007,15:30:00,1022.43,119.125,46.453,79.799,0.0,276.75,226.125,170.174,11.606
09/01/2007,15:31:00,1022.43,120.313,46.586,79.326,0.0,275.75,224.75,180.173,9.336
09/01/2007,15:32:00,1022.392,122.063,46.226,79.248,0.0,273.75,222.625,175.202,7.127
09/01/2007,15:33:00,1022.354,122.063,46.255,79.43,0.0,274.0,222.25,159.446,7.091
09/01/2007,15:34:00,1022.354,123.938,48.48,79.579,0.0,274.75,222.0,179.721,3.482
09/01/2007,15:35:00,1022.334,126.063,47.635,80.0,0.0,276.0,221.875,164.402,3.78
09/01/2007,15:36:00,1022.296,125.438,47.35,80.499,0.0,276.25,221.625,146.416,10.808
09/01/2007,15:37:00,1022.219,125.188,46.346,80.363,0.0,276.25,220.625,135.324,9.464
09/01/2007,15:38:00,1022.296,120.125,46.074,80.363,0.0,273.75,218.5,178.832,11.581
09/01/2007,15:39:00,1022.258,118.5,45.656,80.136,0.0,273.75,217.75,164.315,14.459
09/01/2007,15:40:00,1022.296,119.0,45.527,79.618,0.0,274.5,217.75,160.015,8.113
09/01/2007,15:41:00,1022.258,120.813,45.598,79.521,0.0,275.25,217.5,170.655,8.642
09/01/2007,15:42:00,1022.258,122.438,50.103,79.657,0.0,275.0,216.625,170.305,5.052
09/01/2007,15:43:00,1022.258,123.0,45.089,79.961,0.0,273.75,215.25,183.015,6.208
09/01/2007,15:44:00,1022.258,121.313,44.092,80.039,0.0,273.25,214.125,204.601,11.526
09/01/2007,15:45:00,1022.219,122.063,45.154,79.974,0.0,274.0,214.125,190.099,6.78
09/01/2007,15:46:00,1022.219,123.875,47.833,80.117,0.0,273.5,213.0,199.339,3.567
09/01/2007,15:47:00,1022.219,122.25,47.026,80.434,0.0,272.75,211.875,205.228,9.36
09/01/2007,15:48:00,1022.219,123.688,46.534,80.577,0.0,274.5,212.125,178.322,2.922
09/01/2007,15:49:00,1022.219,123.063,44.296,80.616,0.0,275.75,212.25,174.809,7.742
09/01/2007,15:50:00,1022.181,122.813,44.633,80.629,0.0,273.25,209.75,188.437,8.356
09/01/2007,15:51:00,1022.181,123.188,44.302,80.525,0.0,273.0,208.875,182.986,6.111
09/01/2007,15:52:00,1022.219,121.875,44.675,80.525,0.0,272.0,207.625,243.27,7.03
09/01/2007,15:53:00,1022.181,122.25,44.902,80.551,0.0,271.75,206.875,214.614,7.985
09/01/2007,15:54:00,1022.181,120.875,43.885,80.415,0.0,272.0,206.25,202.094,9.348
09/01/2007,15:55:00,1022.104,122.438,47.272,80.35,0.0,271.25,205.0,224.147,4.377
09/01/2007,15:56:00,1022.104,122.688,45.808,80.577,0.0,271.5,204.375,234.772,6.47
09/01/2007,15:57:00,1022.104,122.125,46.835,80.791,0.0,271.25,203.5,216.801,5.898
09/01/2007,15:58:00,1022.066,123.438,45.2,80.804,0.0,271.0,202.5,167.434,4.194
09/01/2007,15:59:00,1022.028,125.188,47.807,81.16,0.0,271.5,201.75,240.209,3.592
09/01/2007,16:00:00,1022.028,124.5,46.022,81.569,0.0,270.75,200.5,235.035,2.07
09/01/2007,16:01:00,1022.028,122.75,43.188,81.666,0.0,271.5,200.25,180.552,5.423
09/01/2007,16:02:00,1021.99,125.938,46.149,81.439,0.0,271.0,198.75,235.895,2.825
09/01/2007,16:03:00,1021.951,125.063,45.795,81.569,0.0,271.0,198.125,171.763,5.934
09/01/2007,16:04:00,1021.951,122.563,46.378,81.614,0.0,271.0,197.5,125.777,6.111
09/01/2007,16:05:00,1021.951,122.063,47.794,81.147,0.0,270.25,196.125,159.986,7.711
09/01/2007,16:06:00,1021.951,120.563,46.009,80.668,0.0,270.5,195.5,167.026,8.228
09/01/2007,16:07:00,1021.951,123.75,48.351,80.46,0.0,272.5,195.625,182.927,2.673
09/01/2007,16:08:00,1021.99,124.188,47.259,80.908,0.0,272.5,194.75,204.193,5.375
09/01/2007,16:09:00,1021.99,122.25,46.346,81.283,0.0,271.0,193.125,189.355,3.902
09/01/2007,16:10:00,1022.028,121.813,45.313,81.147,0.0,270.0,192.125,213.026,3.604
09/01/2007,16:11:00,1021.951,123.375,47.033,81.335,0.0,270.0,191.125,194.588,4.151
09/01/2007,16:12:00,1021.951,123.188,44.124,81.4,0.0,269.0,189.875,245.893,6.732
09/01/2007,16:13:00,1021.951,121.875,45.863,81.134,0.0,268.5,189.0,206.642,5.35
09/01/2007,16:14:00,1021.951,123.0,46.32,81.238,0.0,268.25,188.125,215.853,4.018
09/01/2007,16:15:00,1021.951,122.75,46.926,81.439,0.0,267.5,187.0,153.995,4.973
09/01/2007,16:16:00,1021.951,118.063,43.878,80.856,0.0,266.5,186.0,152.727,8.977
09/01/2007,16:17:00,1021.99,119.375,46.56,80.324,0.0,266.75,185.5,134.056,9.251
09/01/2007,16:18:00,1022.028,120.313,46.67,79.948,0.0,266.5,184.875,159.534,6.902
09/01/2007,16:19:00,1021.99,120.5,47.418,79.858,0.0,266.5,184.25,167.346,8.904
09/01/2007,16:20:00,1021.99,119.688,48.034,79.696,0.0,264.0,182.25,160.642,8.076
09/01/2007,16:21:00,1021.951,118.938,47.085,79.832,0.0,264.5,182.0,162.857,11.557
09/01/2007,16:22:00,1021.951,119.25,47.259,79.722,0.0,265.0,181.875,132.147,9.439
09/01/2007,16:23:00,1021.951,121.313,47.405,79.709,0.0,264.0,180.625,161.429,6.196
09/01/2007,16:24:00,1021.951,120.688,47.661,80.013,0.0,264.25,180.0,172.229,9.086
09/01/2007,16:25:00,1021.951,120.688,46.761,80.039,0.0,264.25,179.375,163.484,6.123
09/01/2007,16:26:00,1021.951,120.938,47.826,79.974,0.0,264.25,178.625,197.415,7.961
09/01/2007,16:27:00,1021.913,123.313,46.868,80.162,0.0,264.75,178.125,206.073,7.139
09/01/2007,16:28:00,1021.875,121.313,45.387,80.415,0.0,265.0,177.625,212.618,8.332
09/01/2007,16:29:00,1021.836,121.125,45.287,80.402,0.0,264.5,176.5,231.522,6.506
09/01/2007,16:30:00,1021.798,122.375,48.231,80.525,0.0,264.5,175.75,213.958,1.857
09/01/2007,16:31:00,1021.798,121.25,47.648,80.817,0.0,265.0,175.125,188.641,8.892
09/01/2007,16:32:00,1021.76,119.125,44.778,80.668,0.0,264.75,174.5,142.014,9.811
09/01/2007,16:33:00,1021.76,121.063,46.663,80.311,0.0,264.75,173.75,180.26,7.529
09/01/2007,16:34:00,1021.798,119.938,42.366,80.389,0.0,264.25,173.0,211.247,8.405
09/01/2007,16:35:00,1021.721,121.875,44.176,80.499,0.0,264.25,172.25,190.55,7.091
09/01/2007,16:36:00,1021.721,120.063,44.902,80.363,0.0,263.5,171.25,184.356,8.393
09/01/2007,16:37:00,1021.721,122.375,46.136,80.376,0.0,263.25,170.375,203.727,4.018
09/01/2007,16:38:00,1021.721,118.688,43.428,80.577,0.0,263.5,169.875,187.46,11.569
09/01/2007,16:39:00,1021.683,119.813,45.928,80.35,0.0,262.75,168.875,180.143,4.614
09/01/2007,16:40:00,1021.683,119.875,45.274,80.298,0.0,263.25,168.375,162.944,7.413
09/01/2007,16:41:00,1021.645,120.5,44.859,80.065,0.0,263.0,167.75,185.915,8.344
09/01/2007,16:42:00,1021.645,121.438,45.65,80.039,0.0,260.75,166.0,195.783,7.949
09/01/2007,16:43:00,1021.645,121.313,46.087,80.117,0.0,259.5,164.75,184.895,6.957
09/01/2007,16:44:00,1021.645,121.625,46.702,80.214,0.0,259.5,164.125,200.928,4.364
09/01/2007,16:45:00,1021.645,122.25,46.657,80.512,0.0,259.5,163.375,207.443,4.742
09/01/2007,16:46:00,1021.645,121.688,46.919,80.707,0.0,258.25,162.125,204.193,5.423
09/01/2007,16:47:00,1021.645,119.75,46.842,80.694,0.0,257.75,161.375,188.728,2.496
09/01/2007,16:48:00,1021.606,119.188,46.709,80.363,0.0,257.25,160.5,162.318,7.65
09/01/2007,16:49:00,1021.606,118.75,45.034,80.201,0.0,257.25,159.625,166.049,7.827
09/01/2007,16:50:00,1021.606,119.563,43.933,80.259,0.0,256.5,158.5,166.894,7.541
09/01/2007,16:51:00,1021.568,119.5,46.123,80.188,0.0,256.0,157.625,164.417,8.618
09/01/2007,16:52:00,1021.568,118.75,45.77,80.039,0.0,255.0,156.5,155.7,7.778
09/01/2007,16:53:00,1021.568,118.625,44.766,79.832,0.0,255.875,156.25,191.439,5.673
09/01/2007,16:54:00,1021.606,120.438,45.413,79.832,0.0,256.25,155.625,177.87,5.673
09/01/2007,16:55:00,1021.606,118.688,43.833,79.987,0.0,256.25,155.125,176.252,12.871
09/01/2007,16:56:00,1021.568,119.625,44.442,79.786,0.0,255.5,154.125,179.896,7.364
09/01/2007,16:57:00,1021.606,119.938,44.626,79.786,0.0,255.75,153.625,160.642,6.458
09/01/2007,16:58:00,1021.568,121.0,45.319,80.078,0.0,254.25,152.125,177.52,5.302
09/01/2007,16:59:00,1021.606,120.938,46.945,80.337,0.0,253.375,150.875,172.069,3.646
09/01/2007,17:00:00,1021.606,119.25,45.87,80.337,0.0,252.125,149.75,162.799,9.439
09/01/2007,17:01:00,1021.645,121.188,45.591,80.421,0.0,252.625,149.25,186.207,7.352
09/01/2007,17:02:00,1021.645,120.938,45.611,80.473,0.0,252.375,148.375,185.187,5.758
09/01/2007,17:03:00,1021.645,120.188,45.527,80.629,0.0,251.25,147.25,207.764,7.401
09/01/2007,17:04:00,1021.645,120.875,45.041,80.655,0.0,251.125,146.375,212.997,4.961
09/01/2007,17:05:00,1021.645,120.188,45.115,80.707,0.0,250.5,145.375,199.31,6.707
09/01/2007,17:06:00,1021.645,120.75,45.533,80.752,0.0,249.5,144.25,178.351,5.959
09/01/2007,17:07:00,1021.645,121.5,45.578,80.59,0.0,248.5,143.0,206.598,4.054
09/01/2007,17:08:00,1021.645,121.0,47.953,80.694,0.0,248.25,142.125,197.153,6.744
09/01/2007,17:09:00,1021.606,119.5,47.166,80.765,0.0,247.25,140.875,171.617,7.377
09/01/2007,17:10:00,1021.645,117.563,45.724,80.434,0.0,246.75,140.0,153.47,10.322
09/01/2007,17:11:00,1021.606,118.813,45.54,79.961,0.0,246.25,139.0,169.139,5.375
09/01/2007,17:12:00,1021.645,119.0,46.434,80.026,0.0,245.875,138.125,164.285,6.342
09/01/2007,17:13:00,1021.606,120.563,47.402,80.117,0.0,245.75,137.125,145.192,5.101
09/01/2007,17:14:00,1021.568,119.5,46.599,80.117,0.0,245.75,136.5,170.771,5.697
09/01/2007,17:15:00,1021.568,120.688,47.457,80.246,0.0,246.375,135.75,172.127,6.123
09/01/2007,17:16:00,1021.568,118.5,46.34,80.162,0.0,245.875,135.0,146.212,10.474
09/01/2007,17:17:00,1021.568,118.625,48.001,79.948,0.0,244.875,133.75,202.327,7.802
09/01/2007,17:18:00,1021.568,119.625,43.681,79.922,0.0,243.625,132.5,195.812,6.007
09/01/2007,17:19:00,1021.568,119.375,44.144,80.013,0.0,243.5,131.625,196.38,7.778
09/01/2007,17:20:00,1021.568,119.125,44.97,79.974,0.0,242.75,130.625,208.609,7.413
09/01/2007,17:21:00,1021.568,119.938,45.624,79.961,0.0,242.625,129.875,187.81,6.92
09/01/2007,17:22:00,1021.568,117.625,45.3,79.884,0.0,242.375,129.125,188.787,7.985
09/01/2007,17:23:00,1021.568,118.25,44.238,79.76,0.0,240.5,127.563,183.321,9.251
09/01/2007,17:24:00,1021.53,118.75,45.122,79.722,0.0,240.375,126.688,198.29,7.815
09/01/2007,17:25:00,1021.491,119.188,43.376,79.832,0.0,240.375,125.875,186.95,7.389
09/01/2007,17:26:00,1021.53,118.438,45.387,79.832,0.0,239.125,124.563,178.948,7.018
09/01/2007,17:27:00,1021.53,118.25,46.618,79.657,0.0,239.75,124.188,186.469,6.373
09/01/2007,17:28:00,1021.491,118.563,46.822,79.76,0.0,238.375,122.625,181.951,4.437
09/01/2007,17:29:00,1021.491,117.25,45.4,79.825,0.0,238.875,122.188,159.796,7.997
09/01/2007,17:30:00,1021.491,118.0,46.945,79.683,0.0,238.5,121.25,167.638,8.368
09/01/2007,17:31:00,1021.491,118.438,46.945,79.773,0.0,238.5,120.375,107.135,3.494
09/01/2007,17:32:00,1021.53,116.563,46.631,79.734,0.0,237.375,119.188,158.616,11.32
09/01/2007,17:33:00,1021.491,118.688,46.689,79.482,0.0,236.375,117.875,133.517,7.34
09/01/2007,17:34:00,1021.491,118.375,47.894,79.579,0.0,235.375,116.625,167.405,8.527
09/01/2007,17:35:00,1021.491,118.063,49.348,79.579,0.0,234.625,115.563,137.437,6.08
09/01/2007,17:36:00,1021.472,118.313,46.333,79.508,0.0,234.625,114.688,191.643,11.727
09/01/2007,17:37:00,1021.491,118.063,47.609,79.482,0.0,233.875,113.563,157.858,11.539
09/01/2007,17:38:00,1021.434,117.188,45.935,79.313,0.0,233.5,112.625,178.088,8.49
09/01/2007,17:39:00,1021.434,118.125,47.655,79.3,0.0,233.75,111.938,150.847,6.318
09/01/2007,17:40:00,1021.434,119.5,47.25,79.274,0.0,233.375,110.625,140.046,5.533
09/01/2007,17:41:00,1021.396,120.375,48.587,79.456,0.0,233.0,109.438,133.692,9.092
09/01/2007,17:42:00,1021.396,117.75,49.711,79.508,0.0,231.875,108.125,135.353,6.902
09/01/2007,17:43:00,1021.434,117.75,47.502,79.67,0.0,231.375,106.875,172.812,8.076
09/01/2007,17:44:00,1021.434,118.063,46.939,79.683,0.0,230.25,105.688,185.376,6.22
09/01/2007,17:45:00,1021.396,116.938,45.504,79.579,0.0,229.5,104.688,186.003,8.381
09/01/2007,17:46:00,1021.396,117.375,46.492,79.605,0.0,228.875,103.563,184.327,6.719
09/01/2007,17:47:00,1021.396,116.063,46.618,79.553,0.0,228.25,102.5,148.923,10.145
09/01/2007,17:48:00,1021.357,116.25,47.551,79.352,0.0,227.375,101.438,166.195,7.602
09/01/2007,17:49:00,1021.396,117.313,47.655,79.229,0.0,226.875,100.375,182.461,8.155
09/01/2007,17:50:00,1021.434,117.438,48.451,79.287,0.0,226.0,99.188,178.555,7.078
09/01/2007,17:51:00,1021.434,117.625,47.749,79.391,0.0,225.375,98.063,184.749,9.251
09/01/2007,17:52:00,1021.434,117.875,47.749,79.378,0.0,224.125,96.75,172.258,6.555
09/01/2007,17:53:00,1021.434,116.625,48.251,79.365,0.0,222.75,95.563,160.335,8.527
09/01/2007,17:54:00,1021.434,117.563,49.336,79.326,0.0,222.125,94.563,162.114,5.387
09/01/2007,17:55:00,1021.472,117.125,45.996,79.417,0.0,221.75,93.5,169.168,6.659
09/01/2007,17:56:00,1021.472,117.875,48.458,79.508,0.0,220.875,92.438,170.932,3.902
09/01/2007,17:57:00,1021.472,118.438,46.54,79.592,0.0,220.25,91.375,176.908,6.111
09/01/2007,17:58:00,1021.434,118.563,47.515,79.618,0.0,219.875,90.375,206.7,3.792
09/01/2007,17:59:00,1021.434,118.625,48.458,79.76,0.0,219.625,89.313,207.91,4.267
09/01/2007,18:00:00,1021.434,117.125,47.324,79.76,0.0,218.375,88.063,191.862,6.409
09/01/2007,18:01:00,1021.434,117.0,48.199,79.722,0.0,216.75,86.813,173.001,5.247
09/01/2007,18:02:00,1021.434,118.375,49.753,79.683,0.0,215.5,85.625,175.538,2.758
09/01/2007,18:03:00,1021.434,117.875,49.135,79.884,0.0,214.125,84.375,198.523,6.628
09/01/2007,18:04:00,1021.434,117.438,48.127,79.76,0.0,213.5,83.438,165.626,4.176
09/01/2007,18:05:00,1021.396,116.0,48.098,79.644,0.0,213.25,82.563,162.449,8.94
09/01/2007,18:06:00,1021.396,115.938,50.842,79.391,0.0,212.5,81.625,150.118,6.007
09/01/2007,18:07:00,1021.396,115.75,49.721,79.261,0.0,212.0,80.688,163.003,7.45
09/01/2007,18:08:00,1021.396,116.125,50.485,79.177,0.0,211.5,79.75,166.195,7.279
09/01/2007,18:09:00,1021.396,116.375,47.972,79.151,0.0,211.125,78.813,168.95,8.514
09/01/2007,18:10:00,1021.396,116.125,49.565,79.125,0.0,211.0,78.0,155.409,7.985
09/01/2007,18:11:00,1021.396,116.813,47.901,79.125,0.0,209.75,76.875,178.773,8.831
09/01/2007,18:12:00,1021.357,116.625,50.751,79.125,0.0,208.5,75.75,159.898,5.472
09/01/2007,18:13:00,1021.396,116.313,51.214,79.112,0.0,208.125,74.625,183.671,8.344
09/01/2007,18:14:00,1021.396,115.813,49.76,79.073,0.0,207.625,73.625,174.372,5.399
09/01/2007,18:15:00,1021.396,116.063,48.613,79.06,0.0,206.5,72.438,235.486,4.304
09/01/2007,18:16:00,1021.434,115.5,49.705,79.086,0.0,205.25,71.188,172.433,5.721
09/01/2007,18:17:00,1021.434,114.313,47.742,79.009,0.0,203.375,69.938,152.45,10.346
09/01/2007,18:18:00,1021.472,114.5,48.574,78.873,0.0,202.875,69.125,197.27,6.993
09/01/2007,18:19:00,1021.434,115.563,49.248,78.847,0.0,202.25,68.125,187.941,5.734
09/01/2007,18:20:00,1021.434,115.5,47.515,78.924,0.0,200.5,66.938,171.282,10.693
09/01/2007,18:21:00,1021.434,115.0,47.114,78.885,0.0,200.0,65.875,171.938,10.322
09/01/2007,18:22:00,1021.434,114.688,47.668,78.795,0.0,198.375,64.75,157.173,9.713
09/01/2007,18:23:00,1021.434,114.313,47.078,78.73,0.0,197.375,63.625,160.365,8.368
09/01/2007,18:24:00,1021.434,115.375,48.555,78.691,0.0,196.75,62.688,165.597,8.356
09/01/2007,18:25:00,1021.434,115.688,49.083,78.704,0.0,196.0,61.656,150.686,6.123
09/01/2007,18:26:00,1021.396,115.375,52.484,78.691,0.0,194.5,60.469,159.301,5.125
09/01/2007,18:27:00,1021.357,115.125,48.811,78.548,0.0,192.125,58.906,154.272,8.393
09/01/2007,18:28:00,1021.396,115.25,49.705,78.471,0.0,191.25,57.75,147.451,7.279
09/01/2007,18:29:00,1021.357,115.813,51.062,78.523,0.0,190.5,56.625,167.609,4.912
09/01/2007,18:30:00,1021.357,115.313,49.714,78.561,0.0,189.25,55.438,156.706,4.936
09/01/2007,18:31:00,1021.357,115.125,51.467,78.6,0.0,188.25,54.344,156.852,7.078
09/01/2007,18:32:00,1021.281,114.813,50.242,78.561,0.0,186.5,53.188,156.619,5.983
09/01/2007,18:33:00,1021.281,114.25,51.088,78.419,0.0,186.125,52.313,157.799,7.389
09/01/2007,18:34:00,1021.281,114.313,51.272,78.257,0.0,184.0,51.219,133.881,6.373
09/01/2007,18:35:00,1021.281,114.75,51.438,78.231,0.0,182.125,50.094,148.209,7.255
09/01/2007,18:36:00,1021.281,114.313,51.146,78.179,0.0,180.375,49.0,158.484,7.352
09/01/2007,18:37:00,1021.281,113.438,50.404,78.101,0.0,178.75,48.063,155.788,12.202
09/01/2007,18:38:00,1021.281,113.625,50.21,77.991,0.0,177.875,47.344,155.671,10.249
09/01/2007,18:39:00,1021.319,114.0,50.923,77.952,0.0,176.25,46.438,159.14,7.115
09/01/2007,18:40:00,1021.319,114.438,50.55,77.9,0.0,175.125,45.5,179.211,8.076
09/01/2007,18:41:00,1021.319,114.625,51.169,77.926,0.0,174.0,44.594,184.239,6.707
09/01/2007,18:42:00,1021.357,115.438,52.727,78.004,0.0,172.5,43.625,120.282,2.758
09/01/2007,18:43:00,1021.319,115.063,52.61,77.965,0.0,171.125,42.594,157.26,3.695
09/01/2007,18:44:00,1021.319,115.25,52.021,77.978,0.0,170.125,41.656,131.753,2.746
09/01/2007,18:45:00,1021.319,114.063,52.688,77.965,0.0,168.25,40.625,103.652,4.961
09/01/2007,18:46:00,1021.319,114.75,52.516,77.913,0.0,166.375,39.656,159.199,5.508
09/01/2007,18:47:00,1021.281,114.5,52.289,77.823,0.0,164.375,38.688,140.411,5.971
09/01/2007,18:48:00,1021.242,113.625,51.778,77.764,0.0,162.25,37.844,142.757,9.239
09/01/2007,18:49:00,1021.281,114.125,52.118,77.725,0.0,160.125,37.0,170.203,7.9
09/01/2007,18:50:00,1021.281,114.0,52.516,77.648,0.0,158.5,36.219,162.857,4.687
09/01/2007,18:51:00,1021.281,113.875,52.655,77.622,0.0,157.125,35.438,150.016,5.959
09/01/2007,18:52:00,1021.281,114.063,52.561,77.583,0.0,155.625,34.625,127.235,5.673
09/01/2007,18:53:00,1021.281,114.063,52.921,77.531,0.0,153.5,33.75,158.309,6.969
09/01/2007,18:54:00,1021.242,113.813,53.763,77.499,0.0,151.375,32.813,151.138,7.243
09/01/2007,18:55:00,1021.281,113.563,53.005,77.434,0.0,150.125,32.063,97.851,3.397
09/01/2007,18:56:00,1021.281,113.438,52.289,77.46,0.0,148.0,31.266,158.018,7.985
09/01/2007,18:57:00,1021.242,113.75,51.71,77.447,0.0,146.25,30.547,163.221,7.48
09/01/2007,18:58:00,1021.242,113.688,53.99,77.408,0.0,144.625,29.781,141.65,2.922
09/01/2007,18:59:00,1021.204,113.625,54.314,77.382,0.0,142.625,28.828,141.781,4.997
09/01/2007,19:00:00,1021.204,113.5,52.986,77.291,0.0,140.375,27.906,122.629,5.545
09/01/2007,19:01:00,1021.204,113.375,53.951,77.239,0.0,138.375,27.047,147.422,7.65
09/01/2007,19:02:00,1021.204,113.563,53.815,77.207,0.0,136.5,26.234,141.008,6.817
09/01/2007,19:03:00,1021.166,113.5,54.446,77.142,0.0,134.125,25.359,152.873,4.188
09/01/2007,19:04:00,1021.166,113.375,53.828,77.09,0.0,132.0,24.547,149.695,7.23
09/01/2007,19:05:00,1021.166,113.375,55.004,77.077,0.0,130.0,23.719,148.617,5.423
09/01/2007,19:06:00,1021.128,113.063,55.023,76.941,0.0,127.625,22.875,140.382,5.259
09/01/2007,19:07:00,1021.128,112.375,55.263,76.896,0.0,125.313,22.063,144.579,7.504
09/01/2007,19:08:00,1021.089,113.063,55.169,76.805,0.0,123.75,21.297,145.177,10.693
09/01/2007,19:09:00,1021.089,112.938,56.393,76.65,0.0,120.375,20.297,147.451,5.697
09/01/2007,19:10:00,1021.051,112.625,56.678,76.552,0.0,117.75,19.453,133.575,4.468
09/01/2007,19:11:00,1021.051,112.375,56.325,76.475,0.0,115.938,18.75,161.72,4.675
09/01/2007,19:12:00,1021.013,112.438,57.766,76.423,0.0,113.25,18.156,141.956,3.671
09/01/2007,19:13:00,1021.013,112.313,57.494,76.3,0.0,111.188,17.531,136.927,4.103
09/01/2007,19:14:00,1021.013,112.125,57.219,76.274,0.0,108.938,16.859,146.984,8.429
09/01/2007,19:15:00,1021.051,112.313,56.027,76.248,0.0,106.375,16.156,133.633,9.798
09/01/2007,19:16:00,1021.013,112.125,57.358,76.17,0.0,103.563,15.336,129.159,5.807
09/01/2007,19:17:00,1021.013,111.75,58.025,76.118,0.0,100.563,14.578,142.16,4.054
09/01/2007,19:18:00,1021.013,111.875,57.951,76.021,0.0,98.25,13.82,130.325,4.005
09/01/2007,19:19:00,1021.013,111.313,58.391,75.93,0.0,95.188,13.063,136.694,3.269
09/01/2007,19:20:00,1021.013,111.0,59.525,75.865,0.0,91.938,12.383,132.715,4.231
09/01/2007,19:21:00,1021.013,112.0,57.659,75.762,0.0,89.625,11.703,163.09,3.914
09/01/2007,19:22:00,1021.051,111.5,58.829,75.775,0.0,86.563,11.055,130.121,4.827
09/01/2007,19:23:00,1021.051,111.688,58.032,75.729,0.0,83.375,10.352,155.278,7.711
09/01/2007,19:24:00,1021.051,111.5,58.702,75.677,0.0,80.5,9.758,154.389,2.265
09/01/2007,19:25:00,1021.089,111.25,57.986,75.652,0.0,77.188,9.055,157.479,6.196
09/01/2007,19:26:00,1021.089,111.375,58.741,75.574,0.0,73.688,8.43,149.185,7.827
09/01/2007,19:27:00,1021.089,110.938,59.308,75.496,0.0,70.313,7.805,143.093,3.64
09/01/2007,19:28:00,1021.089,110.875,59.204,75.379,0.0,66.938,7.207,148.238,2.265
09/01/2007,19:29:00,1021.051,110.938,59.684,75.314,0.0,63.25,6.531,121.856,3.245
09/01/2007,19:30:00,1021.051,110.813,60.195,75.127,0.0,59.563,5.828,160.335,4.602
09/01/2007,19:31:00,1021.051,110.875,59.632,75.062,0.0,55.719,5.203,179.181,4.888
09/01/2007,19:32:00,1021.051,110.438,59.956,75.049,0.0,51.469,4.605,162.318,3.92
09/01/2007,19:33:00,1021.051,110.188,60.561,74.919,0.0,47.656,4.094,126.2,2.563
09/01/2007,19:34:00,1021.051,110.25,61.099,74.822,0.0,43.75,3.631,131.403,4.328
09/01/2007,19:35:00,1021.051,110.313,60.684,74.744,0.0,39.625,3.117,123.562,3.221
09/01/2007,19:36:00,1021.051,110.313,60.532,74.679,0.0,35.219,2.629,153.529,5.484
09/01/2007,19:37:00,1021.051,110.125,61.465,74.569,0.0,31.281,2.113,125.354,2.697
09/01/2007,19:38:00,1021.051,110.0,60.992,74.504,0.0,25.969,1.518,143.865,5.46
09/01/2007,19:39:00,1021.051,109.875,61.459,74.478,0.0,14.609,0.949,98.273,2.265
09/01/2007,19:40:00,1021.051,109.688,61.105,74.362,0.0,4.523,0.624,154.811,4.255
09/01/2007,19:41:00,1021.051,109.5,62.731,74.29,0.0,1.171,0.434,135.441,4.243
09/01/2007,19:42:00,1021.013,109.625,61.565,74.187,0.0,0.917,0.217,153.762,5.46
09/01/2007,19:43:00,1021.051,109.75,61.948,74.148,0.0,0.601,0.217,156.823,2.849
09/01/2007,19:44:00,1021.013,109.5,62.265,74.07,0.0,0.506,0.163,149.273,5.198
09/01/2007,19:45:00,1021.013,109.5,63.502,73.999,0.0,0.412,0.136,142.757,2.369
09/01/2007,19:46:00,1021.051,109.5,63.117,73.843,0.0,0.348,0.163,114.656,1.918
09/01/2007,19:47:00,1021.051,109.438,63.288,73.759,0.0,0.348,0.163,138.953,3.519
09/01/2007,19:48:00,1021.051,109.375,62.644,73.714,0.0,0.348,0.163,142.276,3.604
09/01/2007,19:49:00,1021.013,109.438,62.663,73.649,0.0,0.316,0.163,145.556,3.245
09/01/2007,19:50:00,1021.051,109.5,62.259,73.623,0.0,0.253,0.163,139.201,4.663
09/01/2007,19:51:00,1021.051,109.5,62.563,73.61,0.0,0.253,0.163,150.074,4.541
09/01/2007,19:52:00,1021.089,109.313,62.556,73.545,0.0,0.253,0.163,145.964,3.58
09/01/2007,19:53:00,1021.089,109.375,63.45,73.493,0.0,0.222,0.163,153.762,3.482
09/01/2007,19:54:00,1021.128,109.375,62.404,73.396,0.0,0.222,0.163,139.828,5.734
09/01/2007,19:55:00,1021.128,109.125,63.567,73.331,0.0,0.222,0.163,139.493,4.164
09/01/2007,19:56:00,1021.128,109.5,63.123,73.254,0.0,0.222,0.163,149.302,4.876
09/01/2007,19:57:00,1021.128,109.438,62.984,73.254,0.0,0.253,0.163,137.525,5.685
09/01/2007,19:58:00,1021.128,109.313,63.865,73.189,0.0,0.222,0.163,139.988,2.697
09/01/2007,19:59:00,1021.128,109.0,63.933,73.066,0.0,0.222,0.163,139.667,2.533
09/01/2007,20:00:00,1021.128,109.0,63.59,73.014,0.0,0.222,0.163,141.212,3.616
09/01/2007,20:01:00,1021.089,109.0,64.263,72.949,0.0,0.222,0.163,146.139,3.494
09/01/2007,20:02:00,1021.089,108.688,64.791,72.839,0.0,0.222,0.163,148.413,2.697
09/01/2007,20:03:00,1021.051,108.875,64.568,72.735,0.0,0.19,0.163,152.45,3.032
09/01/2007,20:04:00,1021.051,108.875,64.441,72.761,0.0,0.222,0.163,165.218,2.119
09/01/2007,20:05:00,1021.051,108.813,64.37,72.735,0.0,0.222,0.163,154.593,3.421
09/01/2007,20:06:00,1021.051,108.813,64.105,72.67,0.0,0.222,0.163,144.215,5.508
09/01/2007,20:07:00,1021.051,108.813,64.15,72.644,0.0,0.19,0.163,125.748,4.005
09/01/2007,20:08:00,1021.089,108.625,64.49,72.683,0.0,0.19,0.163,168.425,3.044
09/01/2007,20:09:00,1021.051,108.625,63.933,72.58,0.0,0.222,0.163,155.526,4.267
09/01/2007,20:10:00,1021.089,108.563,65.287,72.508,0.0,0.19,0.163,148.077,1.632
09/01/2007,20:11:00,1021.089,108.563,65.458,72.456,0.0,0.19,0.163,137.015,3.92
09/01/2007,20:12:00,1021.089,108.375,65.241,72.405,0.0,0.222,0.163,124.115,2.898
09/01/2007,20:13:00,1021.128,108.313,67.088,72.327,0.0,0.222,0.163,136.986,2.496
09/01/2007,20:14:00,1021.128,108.188,67.007,72.158,0.0,0.19,0.163,130.325,3.233
09/01/2007,20:15:00,1021.128,108.375,65.604,72.197,0.0,0.222,0.163,162.915,2.837
09/01/2007,20:16:00,1021.128,108.25,66.168,72.158,0.0,0.222,0.163,153.674,2.746
09/01/2007,20:17:00,1021.128,108.25,66.395,72.145,0.0,0.19,0.163,119.32,3.354
09/01/2007,20:18:00,1021.166,108.563,67.386,72.132,0.0,0.222,0.163,123.562,1.967
09/01/2007,20:19:00,1021.128,108.25,66.498,72.042,0.0,0.222,0.163,127.118,2.046
09/01/2007,20:20:00,1021.166,108.313,67.337,72.042,0.0,0.19,0.136,130.004,2.393
09/01/2007,20:21:00,1021.166,108.25,66.981,71.931,0.0,0.19,0.163,131.287,2.722
09/01/2007,20:22:00,1021.204,108.188,67.324,71.893,0.0,0.222,0.163,147.276,3.257
09/01/2007,20:23:00,1021.204,108.375,67.344,71.841,0.0,0.222,0.163,138.181,2.819
09/01/2007,20:24:00,1021.204,108.5,67.318,71.802,0.0,0.253,0.163,133.575,3.233
09/01/2007,20:25:00,1021.242,108.313,67.651,71.815,0.0,0.19,0.163,137.102,2.782
09/01/2007,20:26:00,1021.242,108.625,67.684,71.815,0.0,0.222,0.163,150.045,3.032
09/01/2007,20:27:00,1021.242,108.438,67.285,71.802,0.0,0.222,0.163,127.395,2.32
09/01/2007,20:28:00,1021.204,108.375,66.657,71.711,0.0,0.222,0.163,146.197,4.03
09/01/2007,20:29:00,1021.242,108.313,66.88,71.614,0.0,0.19,0.136,142.32,3.719
09/01/2007,20:30:00,1021.204,108.063,67.373,71.601,0.0,0.222,0.163,156.283,2.898
09/01/2007,20:31:00,1021.204,108.25,66.981,71.536,0.0,0.253,0.163,150.993,3.981
09/01/2007,20:32:00,1021.204,108.25,66.76,71.523,0.0,0.222,0.136,132.088,2.393
09/01/2007,20:33:00,1021.204,108.188,67.12,71.51,0.0,0.19,0.163,143.982,3.367
09/01/2007,20:34:00,1021.204,108.188,67.868,71.484,0.0,0.222,0.163,155.496,2.935
09/01/2007,20:35:00,1021.204,108.313,68.509,71.309,0.0,0.222,0.163,151.372,3.294
09/01/2007,20:36:00,1021.204,108.0,68.069,71.219,0.0,0.222,0.163,128.488,3.044
09/01/2007,20:37:00,1021.204,108.063,68.328,71.193,0.0,0.222,0.136,140.382,2.6
09/01/2007,20:38:00,1021.242,108.188,68.276,71.154,0.0,0.253,0.163,154.666,2.405
09/01/2007,20:39:00,1021.281,108.063,68.561,71.167,0.0,0.222,0.163,153.558,2.673
09/01/2007,20:40:00,1021.281,108.313,68.364,71.102,0.0,0.253,0.163,156.138,4.34
09/01/2007,20:41:00,1021.319,108.313,68.467,71.102,0.0,0.253,0.163,159.417,4.194
09/01/2007,20:42:00,1021.319,108.625,67.69,71.128,0.0,0.253,0.163,146.081,4.413
09/01/2007,20:43:00,1021.357,108.688,67.305,71.244,0.0,0.316,0.163,154.622,5.484
09/01/2007,20:44:00,1021.396,108.313,67.22,71.257,0.0,0.253,0.163,162.143,3.78
09/01/2007,20:45:00,1021.396,108.313,67.207,71.257,0.0,0.222,0.163,154.957,3.92
09/01/2007,20:46:00,1021.434,108.75,66.569,71.257,0.0,0.222,0.136,168.6,4.985
09/01/2007,20:47:00,1021.434,108.563,67.47,71.219,0.0,0.222,0.163,159.111,4.005
09/01/2007,20:48:00,1021.434,108.438,66.777,71.18,0.0,0.222,0.136,148.048,3.792
09/01/2007,20:49:00,1021.434,108.438,67.0,71.141,0.0,0.253,0.163,156.167,5.04
09/01/2007,20:50:00,1021.434,108.688,66.777,71.115,0.0,0.253,0.163,162.857,5.137
09/01/2007,20:51:00,1021.472,108.438,67.075,71.18,0.0,0.253,0.163,158.309,4.176
09/01/2007,20:52:00,1021.472,108.313,67.544,71.102,0.0,0.253,0.163,150.293,4.492
09/01/2007,20:53:00,1021.491,108.063,67.201,71.095,0.0,0.253,0.163,152.508,3.841
09/01/2007,20:54:00,1021.472,108.375,67.272,71.044,0.0,0.222,0.163,163.746,4.815
09/01/2007,20:55:00,1021.472,108.125,66.887,71.005,0.0,0.253,0.163,166.778,5.575
09/01/2007,20:56:00,1021.434,108.063,67.709,70.966,0.0,0.253,0.163,154.01,4.48
09/01/2007,20:57:00,1021.472,108.0,67.207,70.901,0.0,0.222,0.163,150.876,3.993
09/01/2007,20:58:00,1021.491,108.063,67.437,70.836,0.0,0.222,0.163,150.541,4.754
09/01/2007,20:59:00,1021.491,107.938,68.357,70.778,0.0,0.222,0.163,140.44,3.172
09/01/2007,21:00:00,1021.472,107.938,68.27,70.648,0.0,0.222,0.136,156.487,3.123
09/01/2007,21:01:00,1021.491,108.063,68.231,70.551,0.0,0.222,0.163,139.959,3.385
09/01/2007,21:02:00,1021.472,107.938,68.309,70.506,0.0,0.222,0.163,155.788,4.45
09/01/2007,21:03:00,1021.472,107.875,68.27,70.467,0.0,0.19,0.163,159.505,3.147
09/01/2007,21:04:00,1021.434,107.75,68.931,70.454,0.0,0.222,0.163,136.301,3.184
09/01/2007,21:05:00,1021.472,107.5,68.911,70.376,0.0,0.19,0.163,130.631,2.734
09/01/2007,21:06:00,1021.434,107.75,69.044,70.298,0.0,0.222,0.163,140.411,4.279
09/01/2007,21:07:00,1021.434,107.688,69.238,70.337,0.0,0.19,0.136,138.239,0.726
09/01/2007,21:08:00,1021.434,107.563,68.587,70.259,0.0,0.19,0.136,153.704,5.435
09/01/2007,21:09:00,1021.434,107.75,68.918,70.311,0.0,0.222,0.163,134.508,2.971
09/01/2007,21:10:00,1021.434,107.563,68.348,70.233,0.0,0.222,0.163,145.906,5.959
09/01/2007,21:11:00,1021.472,107.375,69.905,70.259,0.0,0.19,0.136,142.466,3.111
09/01/2007,21:12:00,1021.472,107.563,69.967,70.188,0.0,0.19,0.163,139.07,4.231
09/01/2007,21:13:00,1021.472,107.375,70.498,70.162,0.0,0.19,0.163,143.749,4.194
09/01/2007,21:14:00,1021.491,107.563,70.485,70.084,0.0,0.222,0.163,137.379,3.093
09/01/2007,21:15:00,1021.491,107.625,70.673,70.071,0.0,0.222,0.136,138.356,2.983
09/01/2007,21:16:00,1021.472,107.5,70.498,70.033,0.0,0.222,0.163,142.043,2.685
09/01/2007,21:17:00,1021.434,107.563,69.98,69.981,0.0,0.19,0.136,157.056,4.078
09/01/2007,21:18:00,1021.434,107.375,70.579,69.942,0.0,0.19,0.163,144.9,5.21
09/01/2007,21:19:00,1021.434,107.563,69.967,69.922,0.0,0.222,0.163,147.392,4.778
09/01/2007,21:20:00,1021.434,107.625,70.631,69.909,0.0,0.222,0.163,144.638,5.016
09/01/2007,21:21:00,1021.396,107.125,71.201,69.832,0.0,0.222,0.163,148.588,3.646
09/01/2007,21:22:00,1021.396,107.188,70.65,69.767,0.0,0.19,0.163,145.541,5.247
09/01/2007,21:23:00,1021.396,107.188,71.693,69.702,0.0,0.19,0.136,139.638,1.797
09/01/2007,21:24:00,1021.396,107.25,71.392,69.644,0.0,0.19,0.163,137.175,4.553
09/01/2007,21:25:00,1021.434,107.188,71.467,69.605,0.0,0.19,0.163,133.458,2.91
09/01/2007,21:26:00,1021.396,107.188,71.366,69.553,0.0,0.19,0.163,158.995,3.409
09/01/2007,21:27:00,1021.434,107.313,71.428,69.54,0.0,0.222,0.163,137.292,3.056
09/01/2007,21:28:00,1021.396,107.125,71.842,69.501,0.0,0.222,0.163,142.976,3.707
09/01/2007,21:29:00,1021.396,107.125,72.267,69.41,0.0,0.222,0.163,141.008,4.34
09/01/2007,21:30:00,1021.357,107.25,72.396,69.339,0.0,0.222,0.163,139.23,4.529
09/01/2007,21:31:00,1021.357,107.188,72.406,69.261,0.0,0.222,0.163,139.697,4.115
09/01/2007,21:32:00,1021.357,107.188,71.473,69.235,0.0,0.316,0.163,132.176,4.364
09/01/2007,21:33:00,1021.319,107.063,72.927,69.222,0.0,0.222,0.163,123.532,2.557
09/01/2007,21:34:00,1021.319,106.813,73.313,69.119,0.0,0.222,0.163,128.517,1.955
09/01/2007,21:35:00,1021.319,106.938,73.105,69.002,0.0,0.19,0.163,144.813,3.342
09/01/2007,21:36:00,1021.357,106.75,72.788,68.963,0.0,0.222,0.136,142.612,2.722
09/01/2007,21:37:00,1021.357,106.625,72.814,68.95,0.0,0.19,0.163,143.18,2.849
09/01/2007,21:38:00,1021.357,106.688,72.782,68.911,0.0,0.19,0.163,146.562,3.33
09/01/2007,21:39:00,1021.396,106.75,72.837,68.859,0.0,0.222,0.163,152.989,1.383
09/01/2007,21:40:00,1021.357,106.688,72.989,68.859,0.0,0.19,0.136,143.836,2.624
09/01/2007,21:41:00,1021.396,106.75,73.028,68.782,0.0,0.19,0.163,127.541,2.241
09/01/2007,21:42:00,1021.396,106.75,73.41,68.762,0.0,0.222,0.163,146.416,2.521
09/01/2007,21:43:00,1021.434,107.0,73.326,68.723,0.0,0.253,0.136,137.175,2.795
09/01/2007,21:44:00,1021.434,106.625,73.371,68.71,0.0,0.222,0.163,157.143,2.795
09/01/2007,21:45:00,1021.434,106.813,73.384,68.736,0.0,0.222,0.163,123.897,3.196
09/01/2007,21:46:00,1021.434,106.75,73.633,68.749,0.0,0.222,0.136,142.276,2.46
09/01/2007,21:47:00,1021.434,106.938,72.966,68.697,0.0,0.222,0.163,153.47,4.364
09/01/2007,21:48:00,1021.434,106.625,73.212,68.782,0.0,0.222,0.163,150.847,2.861
09/01/2007,21:49:00,1021.434,106.813,73.154,68.749,0.0,0.222,0.163,143.632,4.03
09/01/2007,21:50:00,1021.434,106.75,73.199,68.736,0.0,0.222,0.163,141.781,4.127
09/01/2007,21:51:00,1021.434,106.813,73.504,68.749,0.0,0.253,0.163,158.484,1.188
09/01/2007,21:52:00,1021.434,106.938,73.905,68.71,0.0,0.253,0.136,113.053,3.592
09/01/2007,21:53:00,1021.434,107.0,74.437,68.697,0.0,0.253,0.163,144.521,3.64
09/01/2007,21:54:00,1021.434,106.875,74.349,68.672,0.0,0.222,0.136,120.224,3.604
09/01/2007,21:55:00,1021.434,106.563,74.78,68.672,0.0,0.19,0.136,151.226,5.028
09/01/2007,21:56:00,1021.434,106.688,75.492,68.633,0.0,0.222,0.163,139.318,1.979
09/01/2007,21:57:00,1021.434,106.563,75.097,68.542,0.0,0.222,0.163,144.944,4.565
09/01/2007,21:58:00,1021.434,106.438,74.547,68.503,0.0,0.19,0.136,135.98,3.421
09/01/2007,21:59:00,1021.434,106.563,74.284,68.49,0.0,0.222,0.136,139.828,4.565
09/01/2007,22:00:00,1021.472,106.25,74.31,68.503,0.0,0.222,0.163,123.62,4.504
09/01/2007,22:01:00,1021.472,106.188,74.576,68.393,0.0,0.19,0.163,122.716,3.184
09/01/2007,22:02:00,1021.472,106.25,74.051,68.341,0.0,0.222,0.136,132.001,3.841
09/01/2007,22:03:00,1021.472,106.188,73.799,68.328,0.0,0.222,0.163,139.988,3.294
09/01/2007,22:04:00,1021.472,106.125,73.847,68.367,0.0,0.222,0.136,132.088,3.756
09/01/2007,22:05:00,1021.491,106.125,73.912,68.328,0.0,0.19,0.163,132.802,3.768
09/01/2007,22:06:00,1021.491,106.063,73.805,68.276,0.0,0.222,0.136,138.924,3.531
09/01/2007,22:07:00,1021.53,106.25,73.811,68.302,0.0,0.222,0.163,134.231,3.817
09/01/2007,22:08:00,1021.53,106.188,73.892,68.328,0.0,0.222,0.163,133.968,3.841
09/01/2007,22:09:00,1021.53,106.313,73.886,68.328,0.0,0.222,0.163,139.726,3.531
09/01/2007,22:10:00,1021.568,106.125,75.071,68.315,0.0,0.19,0.136,140.644,3.172
09/01/2007,22:11:00,1021.568,106.375,74.317,68.25,0.0,0.253,0.136,135.441,3.433
09/01/2007,22:12:00,1021.606,106.125,73.847,68.276,0.0,0.222,0.163,134.639,3.208
09/01/2007,22:13:00,1021.606,106.375,74.139,68.315,0.0,0.19,0.136,149.491,3.458
09/01/2007,22:14:00,1021.606,106.438,74.747,68.315,0.0,0.222,0.163,147.101,3.744
09/01/2007,22:15:00,1021.645,106.563,74.275,68.302,0.0,0.253,0.136,126.52,3.032
09/01/2007,22:16:00,1021.645,106.5,74.482,68.328,0.0,0.222,0.136,125.296,2.308
09/01/2007,22:17:00,1021.645,106.313,74.547,68.276,0.0,0.253,0.163,140.192,3.385
09/01/2007,22:18:00,1021.645,106.25,75.104,68.224,0.0,0.253,0.163,142.32,3.306
09/01/2007,22:19:00,1021.683,106.375,75.551,68.224,0.0,0.253,0.163,153.762,2.381
09/01/2007,22:20:00,1021.645,106.688,75.823,68.088,0.0,0.253,0.163,130.864,3.342
09/01/2007,22:21:00,1021.645,106.125,75.962,68.127,0.0,0.253,0.136,138.691,3.878
09/01/2007,22:22:00,1021.645,106.5,75.078,68.179,0.0,0.222,0.136,136.126,5.35
09/01/2007,22:23:00,1021.645,106.0,74.54,68.179,0.0,0.253,0.163,131.87,4.413
09/01/2007,22:24:00,1021.645,105.875,77.008,68.075,0.0,0.19,0.136,136.694,3.981
09/01/2007,22:25:00,1021.645,106.125,76.101,67.887,0.0,0.253,0.163,130.295,5.277
09/01/2007,22:26:00,1021.645,106.188,77.037,67.9,0.0,0.316,0.163,153.995,2.697
09/01/2007,22:27:00,1021.645,106.125,77.39,67.797,0.0,0.253,0.136,144.609,3.269
09/01/2007,22:28:00,1021.683,106.0,76.995,67.693,0.0,0.222,0.163,141.387,4.48
09/01/2007,22:29:00,1021.721,106.125,77.284,67.719,0.0,0.19,0.136,137.204,3.531
09/01/2007,22:30:00,1021.721,106.25,76.279,67.797,0.0,0.222,0.136,140.761,4.723
09/01/2007,22:31:00,1021.76,106.188,77.39,67.719,0.0,0.253,0.163,148.617,3.719
09/01/2007,22:32:00,1021.76,105.938,76.652,67.693,0.0,0.222,0.136,131.913,4.194
09/01/2007,22:33:00,1021.76,106.25,76.38,67.654,0.0,0.253,0.163,153.762,4.279
09/01/2007,22:34:00,1021.76,106.375,76.746,67.693,0.0,0.316,0.163,144.098,3.281
09/01/2007,22:35:00,1021.76,106.188,76.875,67.732,0.0,0.19,0.163,132.438,2.575
09/01/2007,22:36:00,1021.76,106.5,77.141,67.654,0.0,0.316,0.163,152.844,4.066
09/01/2007,22:37:00,1021.76,106.375,77.128,67.667,0.0,0.253,0.136,126.797,3.02
09/01/2007,22:38:00,1021.76,106.813,77.251,67.758,0.0,0.348,0.163,138.778,3.671
09/01/2007,22:39:00,1021.798,107.0,76.759,67.771,0.0,0.348,0.163,152.538,3.616
09/01/2007,22:40:00,1021.721,106.938,76.451,67.823,0.0,0.316,0.136,156.706,3.744
09/01/2007,22:41:00,1021.721,106.75,76.176,67.836,0.0,0.316,0.163,146.081,3.981
09/01/2007,22:42:00,1021.721,106.938,76.254,67.797,0.0,0.316,0.136,155.409,5.235
09/01/2007,22:43:00,1021.721,106.625,76.937,67.771,0.0,0.253,0.136,153.47,3.269
09/01/2007,22:44:00,1021.76,106.75,77.063,67.667,0.0,0.316,0.163,152.96,4.803
09/01/2007,22:45:00,1021.76,106.875,76.419,67.667,0.0,0.316,0.163,169.197,6.135
09/01/2007,22:46:00,1021.76,106.813,76.684,67.784,0.0,0.316,0.163,148.18,4.936
09/01/2007,22:47:00,1021.76,107.188,76.577,67.771,0.0,0.316,0.163,148.529,4.03
09/01/2007,22:48:00,1021.798,107.125,76.088,67.784,0.0,0.316,0.136,163.761,3.245
09/01/2007,22:49:00,1021.836,107.375,75.606,67.861,0.0,0.348,0.136,158.82,4.492
09/01/2007,22:50:00,1021.836,107.5,75.936,67.972,0.0,0.316,0.163,165.787,5.186
09/01/2007,22:51:00,1021.875,107.5,75.262,68.023,0.0,0.316,0.163,171.34,4.699
09/01/2007,22:52:00,1021.875,107.438,75.256,68.088,0.0,0.253,0.163,156.458,5.673
09/01/2007,22:53:00,1021.875,107.063,75.269,68.114,0.0,0.253,0.163,165.962,3.543
09/01/2007,22:54:00,1021.875,106.813,75.862,68.049,0.0,0.222,0.136,167.142,3.257
09/01/2007,22:55:00,1021.836,106.813,75.298,67.985,0.0,0.222,0.136,160.583,4.79
09/01/2007,22:56:00,1021.836,106.75,75.395,67.972,0.0,0.316,0.163,158.135,4.437
09/01/2007,22:57:00,1021.875,106.5,75.544,67.972,0.0,0.222,0.136,157.683,4.231
09/01/2007,22:58:00,1021.875,106.563,75.93,67.887,0.0,0.253,0.136,160.481,3.756
09/01/2007,22:59:00,1021.836,106.563,75.897,67.836,0.0,0.19,0.163,160.452,3.33
09/01/2007,23:00:00,1021.875,106.563,75.696,67.823,0.0,0.253,0.136,160.073,3.373
09/01/2007,23:01:00,1021.875,106.563,75.658,67.848,0.0,0.253,0.163,166.224,3.433
09/01/2007,23:02:00,1021.913,106.5,75.868,67.823,0.0,0.222,0.136,169.081,3.008
09/01/2007,23:03:00,1021.951,106.438,75.803,67.823,0.0,0.222,0.163,168.512,2.308
09/01/2007,23:04:00,1021.913,106.188,76.001,67.81,0.0,0.19,0.163,168.09,2.283
09/01/2007,23:05:00,1021.951,106.375,75.878,67.745,0.0,0.19,0.136,168.367,2.557
09/01/2007,23:06:00,1021.951,106.25,75.784,67.732,0.0,0.222,0.136,163.6,2.807
09/01/2007,23:07:00,1021.951,106.438,76.108,67.732,0.0,0.19,0.163,176.689,2.795
09/01/2007,23:08:00,1022.028,106.063,76.354,67.745,0.0,0.19,0.163,177.36,2.393
09/01/2007,23:09:00,1022.028,106.313,76.202,67.654,0.0,0.222,0.163,172.258,1.821
09/01/2007,23:10:00,1022.028,106.313,76.354,67.641,0.0,0.19,0.136,172.725,1.669
09/01/2007,23:11:00,1022.028,106.25,76.315,67.609,0.0,0.19,0.136,171.617,2.332
09/01/2007,23:12:00,1022.028,106.313,76.493,67.609,0.0,0.19,0.136,181.149,1.681
09/01/2007,23:13:00,1022.066,106.313,76.584,67.583,0.0,0.19,0.163,186.411,2.332
09/01/2007,23:14:00,1022.066,106.438,76.341,67.544,0.0,0.19,0.136,185.099,2.429
09/01/2007,23:15:00,1022.066,106.438,76.406,67.544,0.0,0.19,0.136,177.986,1.87
09/01/2007,23:16:00,1022.066,106.188,76.665,67.531,0.0,0.19,0.136,193.961,1.693
09/01/2007,23:17:00,1022.066,106.313,76.558,67.492,0.0,0.19,0.163,181.484,2.6
09/01/2007,23:18:00,1022.104,106.438,76.626,67.466,0.0,0.222,0.163,178.832,3.257
09/01/2007,23:19:00,1022.028,106.438,76.658,67.466,0.0,0.19,0.163,183.292,2.661
09/01/2007,23:20:00,1022.028,106.5,76.425,67.44,0.0,0.222,0.136,176.791,3.993
09/01/2007,23:21:00,1021.99,106.375,76.526,67.505,0.0,0.19,0.136,180.552,4.815
09/01/2007,23:22:00,1021.99,106.688,76.607,67.492,0.0,0.19,0.136,180.552,3.33
09/01/2007,23:23:00,1022.028,106.25,77.102,67.466,0.0,0.222,0.163,172.404,2.496
09/01/2007,23:24:00,1022.028,106.438,76.665,67.492,0.0,0.19,0.163,161.458,3.081
09/01/2007,23:25:00,1022.066,106.625,76.519,67.505,0.0,0.222,0.136,170.451,3.592
09/01/2007,23:26:00,1022.104,106.375,76.717,67.531,0.0,0.19,0.163,172.579,2.32
09/01/2007,23:27:00,1022.104,106.688,76.584,67.492,0.0,0.19,0.163,182.782,3.221
09/01/2007,23:28:00,1022.143,106.688,76.552,67.492,0.0,0.222,0.136,185.857,2.575
09/01/2007,23:29:00,1022.181,106.313,76.552,67.544,0.0,0.19,0.136,179.517,2.344
09/01/2007,23:30:00,1022.143,106.313,76.386,67.57,0.0,0.19,0.163,179.24,3.719
09/01/2007,23:31:00,1022.181,106.313,76.48,67.557,0.0,0.222,0.163,186.353,2.563
09/01/2007,23:32:00,1022.181,106.0,76.73,67.57,0.0,0.19,0.136,174.488,1.833
09/01/2007,23:33:00,1022.181,106.25,76.545,67.518,0.0,0.19,0.163,176.427,3.342
09/01/2007,23:34:00,1022.181,106.25,77.203,67.518,0.0,0.222,0.136,169.43,3.385
09/01/2007,23:35:00,1022.181,106.563,76.645,67.492,0.0,0.253,0.163,157.275,4.492
09/01/2007,23:36:00,1022.143,106.563,76.432,67.57,0.0,0.253,0.136,162.026,4.352
09/01/2007,23:37:00,1022.143,106.438,76.445,67.518,0.0,0.222,0.163,158.557,3.458
09/01/2007,23:38:00,1022.104,106.313,76.594,67.453,0.0,0.222,0.136,166.224,3.817
09/01/2007,23:39:00,1022.104,106.5,76.62,67.382,0.0,0.222,0.136,163.819,4.565
09/01/2007,23:40:00,1022.104,106.125,76.93,67.356,0.0,0.222,0.163,163.542,4.255
09/01/2007,23:41:00,1022.066,106.438,77.015,67.33,0.0,0.222,0.136,167.915,5.685
09/01/2007,23:42:00,1022.066,106.0,77.089,67.285,0.0,0.253,0.136,159.024,3.914
09/01/2007,23:43:00,1022.028,106.313,77.115,67.272,0.0,0.253,0.163,167.259,4.839
09/01/2007,23:44:00,1022.028,106.313,77.044,67.259,0.0,0.253,0.136,170.888,4.778
09/01/2007,23:45:00,1022.028,106.0,77.371,67.259,0.0,0.253,0.136,166.719,4.723
09/01/2007,23:46:00,1022.028,106.313,77.044,67.246,0.0,0.253,0.163,170.83,5.758
09/01/2007,23:47:00,1022.028,106.125,77.076,67.285,0.0,0.253,0.136,172.375,4.626
09/01/2007,23:48:00,1022.028,105.75,77.212,67.246,0.0,0.222,0.136,169.314,4.839
09/01/2007,23:49:00,1022.028,105.938,77.264,67.181,0.0,0.222,0.136,168.775,4.492
09/01/2007,23:50:00,1022.066,105.938,77.352,67.181,0.0,0.222,0.163,163.994,4.504
09/01/2007,23:51:00,1022.066,106.0,77.497,67.181,0.0,0.222,0.163,165.306,4.018
09/01/2007,23:52:00,1022.028,105.875,77.581,67.142,0.0,0.222,0.163,164.766,5.003
09/01/2007,23:53:00,1022.028,105.875,78.038,67.077,0.0,0.222,0.136,160.671,3.768
09/01/2007,23:54:00,1022.066,105.938,77.669,67.077,0.0,0.253,0.136,157.741,4.754
09/01/2007,23:55:00,1022.066,105.625,77.789,67.051,0.0,0.222,0.136,161.137,3.397
09/01/2007,23:56:00,1022.066,105.75,77.611,66.993,0.0,0.222,0.163,160.758,4.468
09/01/2007,23:57:00,1022.066,105.75,77.688,67.006,0.0,0.222,0.136,164.402,3.981
09/01/2007,23:58:00,1022.066,105.5,77.935,66.954,0.0,0.222,0.163,160.481,3.482
09/01/2007,23:59:00,1022.104,105.5,77.776,66.941,0.0,0.222,0.163,164.708,4.34
