DATE,TIME,BAR-PRES,IR-RADIA,OA-HUMD,OA-TEMP,SOL-ALM,SOL-BEAM,SOL-HORZ,WIND-DIR,WIND-VEL
02/02/2008,00:00:00,1015.036,90.813,79.479,28.231,0.0,0.538,0.163,163.003,7.626
02/02/2008,00:01:00,1015.075,90.688,79.46,28.231,0.0,0.538,0.136,161.574,8.8
02/02/2008,00:02:00,1015.075,90.688,79.58,28.218,0.0,0.538,0.136,165.422,7.48
02/02/2008,00:03:00,1015.075,90.625,79.489,28.218,0.0,0.538,0.136,155.73,7.723
02/02/2008,00:04:00,1015.036,90.688,79.515,28.218,0.0,0.538,0.136,138.064,5.551
02/02/2008,00:05:00,1015.036,90.563,79.434,28.231,0.0,0.538,0.136,163.571,7.839
02/02/2008,00:06:00,1015.075,90.563,79.515,28.075,0.0,0.538,0.136,178.292,6.494
02/02/2008,00:07:00,1014.998,90.438,79.625,28.192,0.0,0.538,0.163,165.276,7.127
02/02/2008,00:08:00,1014.998,90.438,79.573,28.192,0.0,0.538,0.136,155.19,7.182
02/02/2008,00:09:00,1014.998,90.125,79.567,28.192,0.0,0.538,0.136,154.87,5.064
02/02/2008,00:10:00,1014.998,90.0,79.8,28.153,0.0,0.538,0.136,159.592,5.052
02/02/2008,00:11:00,1014.998,89.875,79.884,28.114,0.0,0.57,0.163,157.26,5.849
02/02/2008,00:12:00,1014.998,89.75,79.871,28.114,0.0,0.538,0.136,158.018,6.409
02/02/2008,00:13:00,1014.998,89.5,79.858,28.114,0.0,0.538,0.136,163.877,5.819
02/02/2008,00:14:00,1014.96,89.313,79.732,28.114,0.0,0.538,0.136,169.372,6.817
02/02/2008,00:15:00,1014.998,89.063,79.92,28.114,0.0,0.538,0.136,143.122,4.425
02/02/2008,00:16:00,1014.96,89.0,80.037,28.062,0.0,0.538,0.136,151.707,6.89
02/02/2008,00:17:00,1014.96,88.813,80.062,28.062,0.0,0.538,0.136,107.018,2.405
02/02/2008,00:18:00,1014.922,88.813,80.079,28.056,0.0,0.538,0.136,142.845,7.054
02/02/2008,00:19:00,1014.922,88.688,79.92,28.056,0.0,0.538,0.136,135.411,6.056
02/02/2008,00:20:00,1014.922,88.313,79.926,28.043,0.0,0.538,0.136,152.129,4.176
02/02/2008,00:21:00,1014.883,88.125,80.024,28.03,0.0,0.538,0.163,162.259,4.59
02/02/2008,00:22:00,1014.883,87.688,80.137,27.978,0.0,0.538,0.136,133.181,5.746
02/02/2008,00:23:00,1014.883,87.5,79.991,27.991,0.0,0.538,0.136,157.42,8.989
02/02/2008,00:24:00,1014.845,86.688,79.91,28.017,0.0,0.57,0.136,121.711,2.563
02/02/2008,00:25:00,1014.883,86.0,80.137,27.952,0.0,0.538,0.136,138.356,4.364
02/02/2008,00:26:00,1014.845,85.25,80.383,27.874,0.0,0.538,0.136,138.633,5.874
02/02/2008,00:27:00,1014.845,84.688,80.396,27.848,0.0,0.538,0.136,164.402,5.435
02/02/2008,00:28:00,1014.845,83.875,80.409,27.848,0.0,0.538,0.136,147.451,5.448
02/02/2008,00:29:00,1014.883,83.188,80.487,27.796,0.0,0.538,0.163,142.466,7.103
02/02/2008,00:30:00,1014.883,82.688,80.354,27.848,0.0,0.538,0.136,176.135,3.719
02/02/2008,00:31:00,1014.883,82.25,80.263,27.822,0.0,0.538,0.136,128.007,1.085
02/02/2008,00:32:00,1014.883,82.063,80.111,27.809,0.0,0.538,0.136,125.952,5.709
02/02/2008,00:33:00,1014.883,81.938,80.124,27.796,0.0,0.538,0.136,148.865,5.995
02/02/2008,00:34:00,1014.845,81.875,80.27,27.725,0.0,0.538,0.136,152.275,6.318
02/02/2008,00:35:00,1014.845,81.813,80.341,27.712,0.0,0.57,0.136,162.624,5.545
02/02/2008,00:36:00,1014.845,81.813,80.377,27.66,0.0,0.538,0.136,86.817,1.657
02/02/2008,00:37:00,1014.845,81.938,80.509,27.621,0.0,0.538,0.136,139.493,3.878
02/02/2008,00:38:00,1014.845,81.75,80.581,27.583,0.0,0.538,0.136,149.302,2.807
02/02/2008,00:39:00,1014.768,81.5,80.594,27.544,0.0,0.538,0.136,121.346,3.616
02/02/2008,00:40:00,1014.768,81.375,80.516,27.518,0.0,0.538,0.136,95.693,2.825
02/02/2008,00:41:00,1014.73,81.063,80.377,27.518,0.0,0.538,0.109,131.943,2.283
02/02/2008,00:42:00,1014.634,80.875,80.403,27.472,0.0,0.538,0.136,116.39,3.969
02/02/2008,00:43:00,1014.634,80.563,80.354,27.421,0.0,0.538,0.136,140.28,7.005
02/02/2008,00:44:00,1014.596,80.438,80.354,27.421,0.0,0.57,0.136,130.354,4.839
02/02/2008,00:45:00,1014.558,80.438,80.211,27.421,0.0,0.57,0.136,149.039,3.446
02/02/2008,00:46:00,1014.481,80.563,79.946,27.433,0.0,0.538,0.136,144.696,8.429
02/02/2008,00:47:00,1014.481,80.813,79.771,27.421,0.0,0.538,0.136,136.184,8.539
02/02/2008,00:48:00,1014.481,81.375,79.528,27.446,0.0,0.538,0.136,149.448,6.08
02/02/2008,00:49:00,1014.481,81.688,79.382,27.459,0.0,0.538,0.136,146.707,6.318
02/02/2008,00:50:00,1014.443,81.938,79.502,27.395,0.0,0.538,0.136,122.775,4.352
02/02/2008,00:51:00,1014.443,82.125,79.641,27.31,0.0,0.538,0.136,155.132,6.196
02/02/2008,00:52:00,1014.443,81.813,79.58,27.343,0.0,0.57,0.136,143.355,3.969
02/02/2008,00:53:00,1014.404,81.438,79.586,27.284,0.0,0.57,0.136,133.517,7.59
02/02/2008,00:54:00,1014.366,80.875,79.522,27.284,0.0,0.57,0.136,159.738,6.506
02/02/2008,00:55:00,1014.366,80.625,79.635,27.258,0.0,0.538,0.109,166.02,7.091
02/02/2008,00:56:00,1014.366,80.563,79.541,27.271,0.0,0.538,0.136,165.991,5.673
02/02/2008,00:57:00,1014.328,80.688,79.58,27.207,0.0,0.57,0.136,157.741,6.841
02/02/2008,00:58:00,1014.328,81.0,79.528,27.207,0.0,0.57,0.109,158.455,7.985
02/02/2008,00:59:00,1014.328,81.688,79.275,27.233,0.0,0.538,0.136,160.671,9.987
02/02/2008,01:00:00,1014.328,82.063,78.994,27.284,0.0,0.57,0.136,129.246,5.551
02/02/2008,01:01:00,1014.328,82.688,79.036,27.258,0.0,0.538,0.109,161.633,8.125
02/02/2008,01:02:00,1014.366,83.0,79.117,27.22,0.0,0.538,0.136,138.603,5.484
02/02/2008,01:03:00,1014.404,83.313,79.237,27.194,0.0,0.538,0.136,129.319,5.326
02/02/2008,01:04:00,1014.366,83.375,79.35,27.174,0.0,0.538,0.136,120.88,4.151
02/02/2008,01:05:00,1014.328,83.625,79.428,27.109,0.0,0.57,0.136,152.363,8.076
02/02/2008,01:06:00,1014.328,83.813,79.198,27.135,0.0,0.57,0.136,144.725,7.626
02/02/2008,01:07:00,1014.328,83.75,79.065,27.148,0.0,0.538,0.136,132.832,6.245
02/02/2008,01:08:00,1014.29,84.063,79.149,27.122,0.0,0.538,0.136,148.442,6.36
02/02/2008,01:09:00,1014.251,84.438,79.136,27.109,0.0,0.57,0.163,154.622,7.206
02/02/2008,01:10:00,1014.251,85.063,79.052,27.122,0.0,0.538,0.136,142.699,5.003
02/02/2008,01:11:00,1014.213,85.438,79.0,27.135,0.0,0.538,0.136,136.927,2.156
02/02/2008,01:12:00,1014.213,85.5,79.091,27.083,0.0,0.538,0.136,123.11,3.628
02/02/2008,01:13:00,1014.251,86.25,79.35,27.058,0.0,0.538,0.136,126.797,1.979
02/02/2008,01:14:00,1014.251,86.625,79.567,26.98,0.0,0.57,0.136,144.069,4.243
02/02/2008,01:15:00,1014.29,86.5,79.68,26.98,0.0,0.538,0.136,147.043,2.07
02/02/2008,01:16:00,1014.328,87.125,79.706,26.954,0.0,0.538,0.136,148.442,4.79
02/02/2008,01:17:00,1014.328,86.813,79.794,26.954,0.0,0.57,0.136,143.807,5.588
02/02/2008,01:18:00,1014.328,86.875,79.813,26.941,0.0,0.57,0.136,141.81,2.192
02/02/2008,01:19:00,1014.328,86.563,79.897,26.928,0.0,0.538,0.136,132.234,3.592
02/02/2008,01:20:00,1014.29,86.188,79.917,26.915,0.0,0.538,0.136,129.931,5.46
02/02/2008,01:21:00,1014.251,86.188,79.884,26.915,0.0,0.538,0.136,135.266,2.91
02/02/2008,01:22:00,1014.251,85.875,80.176,26.87,0.0,0.538,0.136,120.88,1.943
02/02/2008,01:23:00,1014.251,86.125,80.454,26.805,0.0,0.538,0.136,149.244,2.07
02/02/2008,01:24:00,1014.29,85.313,80.415,26.792,0.0,0.538,0.136,126.637,2.661
02/02/2008,01:25:00,1014.251,84.688,80.428,26.779,0.0,0.57,0.136,145.556,6.92
02/02/2008,01:26:00,1014.251,84.438,80.211,26.805,0.0,0.538,0.136,120.909,2.484
02/02/2008,01:27:00,1014.251,83.875,80.195,26.805,0.0,0.57,0.136,161.341,5.076
02/02/2008,01:28:00,1014.251,83.5,80.211,26.792,0.0,0.57,0.163,153.733,3.373
02/02/2008,01:29:00,1014.251,83.25,80.237,26.753,0.0,0.57,0.136,135.353,3.646
02/02/2008,01:30:00,1014.213,83.313,80.328,26.727,0.0,0.57,0.136,144.244,6.33
02/02/2008,01:31:00,1014.213,83.688,80.415,26.701,0.0,0.57,0.136,144.492,4.413
02/02/2008,01:32:00,1014.213,84.063,80.542,26.662,0.0,0.57,0.136,117.994,3.914
02/02/2008,01:33:00,1014.175,84.313,80.739,26.597,0.0,0.57,0.136,141.212,6.817
02/02/2008,01:34:00,1014.175,84.313,80.739,26.623,0.0,0.57,0.136,129.465,9.549
02/02/2008,01:35:00,1014.175,84.688,80.415,26.662,0.0,0.57,0.136,151.678,7.389
02/02/2008,01:36:00,1014.136,85.25,80.231,26.714,0.0,0.57,0.136,82.546,1.681
02/02/2008,01:37:00,1014.136,86.063,80.283,26.675,0.0,0.57,0.136,133.546,5.995
02/02/2008,01:38:00,1014.098,87.25,80.335,26.636,0.0,0.57,0.136,172.725,2.746
02/02/2008,01:39:00,1014.098,88.375,80.39,26.623,0.0,0.57,0.136,120.778,3.135
02/02/2008,01:40:00,1014.098,88.813,80.377,26.591,0.0,0.538,0.136,169.489,3.89
02/02/2008,01:41:00,1014.06,89.063,80.211,26.636,0.0,0.601,0.136,146.212,6.099
02/02/2008,01:42:00,1013.983,89.188,80.079,26.649,0.0,0.57,0.136,95.548,2.119
02/02/2008,01:43:00,1013.983,89.25,80.15,26.675,0.0,0.601,0.136,144.973,8.368
02/02/2008,01:44:00,1013.945,89.313,80.169,26.649,0.0,0.57,0.136,131.491,0.762
02/02/2008,01:45:00,1013.945,89.375,80.237,26.623,0.0,0.601,0.136,144.215,2.429
02/02/2008,01:46:00,1013.906,89.625,80.403,26.591,0.0,0.601,0.136,140.498,6.628
02/02/2008,01:47:00,1013.906,89.75,80.496,26.578,0.0,0.601,0.136,144.186,6.744
02/02/2008,01:48:00,1013.945,89.75,80.561,26.591,0.0,0.601,0.136,126.069,6.147
02/02/2008,01:49:00,1013.945,89.375,80.415,26.591,0.0,0.57,0.136,136.242,5.77
02/02/2008,01:50:00,1013.906,89.25,80.448,26.578,0.0,0.601,0.136,134.027,6.616
02/02/2008,01:51:00,1013.906,89.0,80.415,26.578,0.0,0.601,0.109,139.988,5.302
02/02/2008,01:52:00,1013.945,89.5,80.39,26.578,0.0,0.601,0.136,138.516,8.204
02/02/2008,01:53:00,1013.945,90.313,80.441,26.552,0.0,0.601,0.136,128.313,5.235
02/02/2008,01:54:00,1013.945,90.688,80.726,26.526,0.0,0.601,0.136,141.096,4.352
02/02/2008,01:55:00,1013.906,91.375,80.937,26.513,0.0,0.601,0.136,131.811,7.723
02/02/2008,01:56:00,1013.868,91.813,81.047,26.487,0.0,0.601,0.136,147.99,4.468
02/02/2008,01:57:00,1013.868,92.188,81.332,26.474,0.0,0.601,0.136,127.38,4.626
02/02/2008,01:58:00,1013.906,92.375,81.539,26.461,0.0,0.601,0.136,145.09,2.971
02/02/2008,01:59:00,1013.868,92.438,81.491,26.474,0.0,0.601,0.136,108.68,7.127
02/02/2008,02:00:00,1013.945,92.5,81.478,26.487,0.0,0.601,0.136,122.483,2.405
02/02/2008,02:01:00,1013.945,92.563,81.478,26.5,0.0,0.601,0.136,136.898,4.827
02/02/2008,02:02:00,1013.983,92.563,81.413,26.487,0.0,0.601,0.136,131.913,6.908
02/02/2008,02:03:00,1013.945,92.563,81.326,26.513,0.0,0.601,0.136,140.076,6.592
02/02/2008,02:04:00,1013.945,92.563,81.222,26.539,0.0,0.601,0.136,153.704,5.612
02/02/2008,02:05:00,1013.906,92.375,81.16,26.552,0.0,0.57,0.163,137.612,6.196
02/02/2008,02:06:00,1013.906,92.438,81.083,26.578,0.0,0.601,0.136,160.015,4.291
02/02/2008,02:07:00,1013.906,92.563,81.109,26.578,0.0,0.601,0.136,156.823,4.328
02/02/2008,02:08:00,1013.906,92.375,80.943,26.597,0.0,0.601,0.163,132.948,7.729
02/02/2008,02:09:00,1013.868,92.563,81.16,26.597,0.0,0.601,0.163,146.081,5.794
02/02/2008,02:10:00,1013.83,92.563,80.908,26.61,0.0,0.601,0.136,137.015,6.47
02/02/2008,02:11:00,1013.83,92.563,80.982,26.597,0.0,0.601,0.136,159.359,4.401
02/02/2008,02:12:00,1013.868,92.563,81.313,26.597,0.0,0.601,0.136,131.899,5.734
02/02/2008,02:13:00,1013.868,92.563,81.122,26.591,0.0,0.601,0.136,128.459,7.005
02/02/2008,02:14:00,1013.906,92.5,81.089,26.597,0.0,0.601,0.136,132.977,6.354
02/02/2008,02:15:00,1013.906,92.5,81.115,26.623,0.0,0.601,0.136,130.208,6.33
02/02/2008,02:16:00,1013.945,92.5,81.352,26.61,0.0,0.601,0.136,127.482,3.123
02/02/2008,02:17:00,1013.983,92.438,81.352,26.597,0.0,0.601,0.136,163.877,3.732
02/02/2008,02:18:00,1013.983,92.438,81.186,26.61,0.0,0.601,0.136,125.384,6.695
02/02/2008,02:19:00,1013.983,92.5,81.128,26.597,0.0,0.601,0.163,137.437,5.563
02/02/2008,02:20:00,1013.983,92.438,81.261,26.61,0.0,0.601,0.136,122.745,6.111
02/02/2008,02:21:00,1013.945,92.5,81.219,26.61,0.0,0.601,0.136,132.205,6.245
02/02/2008,02:22:00,1013.945,92.438,81.387,26.61,0.0,0.601,0.136,161.487,3.02
02/02/2008,02:23:00,1013.945,92.5,81.624,26.597,0.0,0.601,0.136,127.322,5.898
02/02/2008,02:24:00,1013.945,92.5,81.513,26.597,0.0,0.601,0.136,145.702,5.064
02/02/2008,02:25:00,1013.945,92.5,81.591,26.597,0.0,0.57,0.136,127.599,6.111
02/02/2008,02:26:00,1013.945,92.5,81.193,26.597,0.0,0.601,0.136,123.46,5.563
02/02/2008,02:27:00,1013.945,92.438,81.206,26.597,0.0,0.601,0.136,132.715,5.746
02/02/2008,02:28:00,1013.906,92.5,81.274,26.597,0.0,0.601,0.136,120.311,4.711
02/02/2008,02:29:00,1013.906,92.563,81.352,26.61,0.0,0.601,0.136,128.459,5.819
02/02/2008,02:30:00,1013.868,92.5,81.076,26.591,0.0,0.601,0.136,124.946,4.803
02/02/2008,02:31:00,1013.868,92.438,81.212,26.597,0.0,0.601,0.136,129.873,3.245
02/02/2008,02:32:00,1013.906,92.5,81.465,26.597,0.0,0.57,0.163,108.316,2.837
02/02/2008,02:33:00,1013.906,92.375,81.16,26.597,0.0,0.538,0.136,122.148,1.693
02/02/2008,02:34:00,1013.906,92.375,81.352,26.61,0.0,0.538,0.136,129.902,2.849
02/02/2008,02:35:00,1013.868,92.5,81.248,26.591,0.0,0.601,0.136,134.056,4.115
02/02/2008,02:36:00,1013.868,92.5,80.969,26.578,0.0,0.601,0.136,119.408,6.482
02/02/2008,02:37:00,1013.868,92.375,80.662,26.526,0.0,0.601,0.136,128.43,6.08
02/02/2008,02:38:00,1013.868,92.438,80.739,26.597,0.0,0.601,0.136,126.885,5.721
02/02/2008,02:39:00,1013.868,92.438,80.921,26.597,0.0,0.601,0.136,116.318,5.387
02/02/2008,02:40:00,1013.868,92.438,80.976,26.623,0.0,0.601,0.136,127.38,3.902
02/02/2008,02:41:00,1013.868,92.5,81.073,26.591,0.0,0.57,0.136,122.745,4.699
02/02/2008,02:42:00,1013.868,92.438,81.222,26.591,0.0,0.601,0.136,126.797,4.577
02/02/2008,02:43:00,1013.868,92.438,81.193,26.61,0.0,0.601,0.136,119.437,4.577
02/02/2008,02:44:00,1013.868,92.438,81.173,26.597,0.0,0.601,0.136,115.37,4.638
02/02/2008,02:45:00,1013.868,92.438,81.041,26.61,0.0,0.601,0.136,125.981,4.626
02/02/2008,02:46:00,1013.83,92.5,81.076,26.591,0.0,0.601,0.136,124.407,4.815
02/02/2008,02:47:00,1013.83,92.5,81.186,26.597,0.0,0.601,0.136,119.772,6.756
02/02/2008,02:48:00,1013.868,92.438,81.147,26.591,0.0,0.601,0.136,119.918,6.147
02/02/2008,02:49:00,1013.83,92.375,80.956,26.578,0.0,0.601,0.136,144.186,5.125
02/02/2008,02:50:00,1013.868,92.375,81.186,26.591,0.0,0.633,0.136,134.755,6.555
02/02/2008,02:51:00,1013.83,92.5,80.93,26.591,0.0,0.601,0.136,147.99,6.683
02/02/2008,02:52:00,1013.811,92.438,80.95,26.597,0.0,0.601,0.136,125.427,5.934
02/02/2008,02:53:00,1013.811,92.438,81.339,26.591,0.0,0.601,0.136,133.4,5.947
02/02/2008,02:54:00,1013.811,92.438,81.18,26.578,0.0,0.601,0.136,121.171,4.078
02/02/2008,02:55:00,1013.772,92.5,81.3,26.597,0.0,0.601,0.136,124.465,5.362
02/02/2008,02:56:00,1013.772,92.5,81.3,26.565,0.0,0.601,0.136,124.145,4.663
02/02/2008,02:57:00,1013.772,92.5,81.426,26.565,0.0,0.601,0.136,150.716,4.924
02/02/2008,02:58:00,1013.734,92.5,81.16,26.565,0.0,0.601,0.136,116.172,5.782
02/02/2008,02:59:00,1013.772,92.5,80.908,26.578,0.0,0.601,0.136,134.697,5.947
02/02/2008,03:00:00,1013.734,92.5,80.817,26.578,0.0,0.601,0.136,126.972,4.839
02/02/2008,03:01:00,1013.696,92.563,81.18,26.578,0.0,0.601,0.136,123.678,4.437
02/02/2008,03:02:00,1013.657,92.563,81.034,26.578,0.0,0.601,0.136,118.606,4.352
02/02/2008,03:03:00,1013.657,92.5,80.843,26.565,0.0,0.601,0.136,128.342,5.35
02/02/2008,03:04:00,1013.619,92.563,80.93,26.565,0.0,0.601,0.136,118.198,5.886
02/02/2008,03:05:00,1013.619,92.5,80.785,26.578,0.0,0.601,0.163,128.911,4.401
02/02/2008,03:06:00,1013.619,92.5,81.034,26.578,0.0,0.601,0.136,109.176,2.509
02/02/2008,03:07:00,1013.619,92.5,80.982,26.597,0.0,0.601,0.136,114.262,4.827
02/02/2008,03:08:00,1013.619,92.5,80.759,26.591,0.0,0.601,0.136,122.775,4.997
02/02/2008,03:09:00,1013.619,92.563,80.956,26.591,0.0,0.633,0.136,126.579,4.054
02/02/2008,03:10:00,1013.581,92.563,81.102,26.591,0.0,0.601,0.136,119.553,5.636
02/02/2008,03:11:00,1013.542,92.563,80.908,26.578,0.0,0.601,0.136,110.735,5.825
02/02/2008,03:12:00,1013.542,92.5,80.493,26.578,0.0,0.601,0.136,126.229,4.863
02/02/2008,03:13:00,1013.581,92.438,80.62,26.597,0.0,0.601,0.136,127.57,4.231
02/02/2008,03:14:00,1013.581,92.5,80.83,26.597,0.0,0.601,0.136,121.652,4.65
02/02/2008,03:15:00,1013.581,92.5,80.694,26.597,0.0,0.633,0.136,129.275,4.815
02/02/2008,03:16:00,1013.542,92.563,80.509,26.591,0.0,0.601,0.163,105.911,5.472
02/02/2008,03:17:00,1013.542,92.563,80.6,26.597,0.0,0.601,0.136,124.232,4.863
02/02/2008,03:18:00,1013.581,92.5,80.39,26.578,0.0,0.601,0.163,127.264,4.985
02/02/2008,03:19:00,1013.581,92.563,80.143,26.597,0.0,0.601,0.136,121.521,7.492
02/02/2008,03:20:00,1013.581,92.438,80.364,26.61,0.0,0.601,0.136,131.666,7.468
02/02/2008,03:21:00,1013.581,92.563,79.978,26.636,0.0,0.601,0.163,118.227,7.59
02/02/2008,03:22:00,1013.581,92.5,80.062,26.636,0.0,0.601,0.136,129.377,6.373
02/02/2008,03:23:00,1013.581,92.5,80.111,26.636,0.0,0.601,0.136,121.055,4.778
02/02/2008,03:24:00,1013.542,92.563,80.503,26.636,0.0,0.601,0.136,123.955,6.056
02/02/2008,03:25:00,1013.542,92.563,80.163,26.623,0.0,0.601,0.163,118.868,6.397
02/02/2008,03:26:00,1013.504,92.563,79.998,26.623,0.0,0.601,0.136,127.147,5.612
02/02/2008,03:27:00,1013.504,92.563,80.105,26.61,0.0,0.601,0.136,120.428,4.936
02/02/2008,03:28:00,1013.504,92.563,80.156,26.623,0.0,0.633,0.136,127.657,5.362
02/02/2008,03:29:00,1013.542,92.5,80.364,26.61,0.0,0.601,0.136,121.536,2.143
02/02/2008,03:30:00,1013.581,92.5,80.688,26.623,0.0,0.601,0.136,136.752,4.711
02/02/2008,03:31:00,1013.581,92.5,80.642,26.623,0.0,0.601,0.163,116.711,0.026
02/02/2008,03:32:00,1013.581,92.5,80.817,26.623,0.0,0.601,0.136,178.045,2.709
02/02/2008,03:33:00,1013.581,92.5,80.568,26.61,0.0,0.601,0.163,130.441,1.833
02/02/2008,03:34:00,1013.581,92.5,80.668,26.597,0.0,0.601,0.136,132.977,1.547
02/02/2008,03:35:00,1013.581,92.563,80.843,26.623,0.0,0.601,0.136,120.253,4.255
02/02/2008,03:36:00,1013.542,92.5,80.765,26.578,0.0,0.601,0.163,147.873,2.241
02/02/2008,03:37:00,1013.542,92.563,80.956,26.597,0.0,0.601,0.136,131.549,2.192
02/02/2008,03:38:00,1013.542,92.563,80.995,26.597,0.0,0.601,0.136,140.644,3.397
02/02/2008,03:39:00,1013.581,92.5,81.034,26.597,0.0,0.601,0.136,127.351,3.446
02/02/2008,03:40:00,1013.542,92.5,80.778,26.578,0.0,0.601,0.163,136.359,3.269
02/02/2008,03:41:00,1013.542,92.563,80.93,26.578,0.0,0.633,0.136,121.973,4.243
02/02/2008,03:42:00,1013.542,92.563,81.199,26.597,0.0,0.601,0.136,130.295,4.078
02/02/2008,03:43:00,1013.542,92.563,81.073,26.591,0.0,0.601,0.136,149.666,3.196
02/02/2008,03:44:00,1013.581,92.563,81.028,26.597,0.0,0.601,0.136,125.748,1.882
02/02/2008,03:45:00,1013.581,92.563,81.235,26.597,0.0,0.601,0.163,135.674,1.967
02/02/2008,03:46:00,1013.581,92.5,81.361,26.649,0.0,0.601,0.136,134.114,2.77
02/02/2008,03:47:00,1013.619,92.438,81.339,26.623,0.0,0.601,0.136,150.41,2.861
02/02/2008,03:48:00,1013.581,92.5,81.374,26.623,0.0,0.601,0.136,132.321,2.849
02/02/2008,03:49:00,1013.581,92.563,81.679,26.597,0.0,0.601,0.136,120.69,2.369
02/02/2008,03:50:00,1013.542,92.438,81.977,26.623,0.0,0.601,0.136,125.267,3.081
02/02/2008,03:51:00,1013.542,92.625,82.087,26.591,0.0,0.601,0.136,128.969,4.078
02/02/2008,03:52:00,1013.504,92.625,81.844,26.552,0.0,0.601,0.136,161.487,1.809
02/02/2008,03:53:00,1013.504,92.625,81.87,26.539,0.0,0.633,0.136,124.771,4.151
02/02/2008,03:54:00,1013.504,92.625,81.857,26.526,0.0,0.601,0.136,124.261,5.101
02/02/2008,03:55:00,1013.427,92.625,82.181,26.474,0.0,0.601,0.136,122.57,4.73
02/02/2008,03:56:00,1013.427,92.563,82.275,26.474,0.0,0.633,0.136,119.32,5.387
02/02/2008,03:57:00,1013.427,92.625,82.394,26.435,0.0,0.633,0.136,126.739,4.188
02/02/2008,03:58:00,1013.427,92.688,82.634,26.461,0.0,0.601,0.136,121.973,3.695
02/02/2008,03:59:00,1013.389,92.625,82.874,26.448,0.0,0.601,0.136,116.653,4.328
02/02/2008,04:00:00,1013.389,92.688,82.78,26.435,0.0,0.601,0.136,118.999,4.79
02/02/2008,04:01:00,1013.351,92.688,82.715,26.422,0.0,0.601,0.136,119.058,3.792
02/02/2008,04:02:00,1013.351,92.625,82.579,26.422,0.0,0.601,0.136,101.757,4.553
02/02/2008,04:03:00,1013.351,92.625,82.365,26.397,0.0,0.601,0.136,127.089,4.48
02/02/2008,04:04:00,1013.351,92.625,82.268,26.435,0.0,0.601,0.136,125.923,4.091
02/02/2008,04:05:00,1013.351,92.688,82.615,26.409,0.0,0.633,0.136,112.134,3.932
02/02/2008,04:06:00,1013.313,92.688,82.709,26.422,0.0,0.633,0.136,115.283,3.208
02/02/2008,04:07:00,1013.313,92.813,82.573,26.422,0.0,0.633,0.136,130.66,4.255
02/02/2008,04:08:00,1013.313,92.688,82.56,26.384,0.0,0.601,0.136,123.474,4.267
02/02/2008,04:09:00,1013.313,92.75,82.453,26.384,0.0,0.633,0.136,118.868,4.413
02/02/2008,04:10:00,1013.313,92.688,82.521,26.345,0.0,0.601,0.136,129.581,3.628
02/02/2008,04:11:00,1013.313,92.688,82.663,26.371,0.0,0.601,0.136,109.453,3.567
02/02/2008,04:12:00,1013.274,92.688,82.592,26.358,0.0,0.633,0.136,127.147,4.626
02/02/2008,04:13:00,1013.236,92.75,82.56,26.332,0.0,0.601,0.136,122.687,4.626
02/02/2008,04:14:00,1013.236,92.625,82.939,26.319,0.0,0.601,0.136,119.145,3.866
02/02/2008,04:15:00,1013.236,92.688,82.709,26.319,0.0,0.601,0.136,142.072,5.04
02/02/2008,04:16:00,1013.274,92.625,82.647,26.319,0.0,0.601,0.136,111.683,3.945
02/02/2008,04:17:00,1013.313,92.625,82.793,26.345,0.0,0.633,0.136,116.974,4.48
02/02/2008,04:18:00,1013.274,92.625,82.521,26.299,0.0,0.601,0.136,129.873,5.271
02/02/2008,04:19:00,1013.274,92.688,82.602,26.319,0.0,0.601,0.136,120.603,4.851
02/02/2008,04:20:00,1013.274,92.625,82.773,26.306,0.0,0.633,0.136,118.081,3.92
02/02/2008,04:21:00,1013.236,92.688,83.107,26.345,0.0,0.633,0.136,103.258,3.081
02/02/2008,04:22:00,1013.198,92.688,82.709,26.299,0.0,0.633,0.136,111.085,4.078
02/02/2008,04:23:00,1013.198,92.625,82.822,26.319,0.0,0.633,0.136,117.965,4.711
02/02/2008,04:24:00,1013.198,92.625,82.919,26.345,0.0,0.601,0.136,102.908,3.981
02/02/2008,04:25:00,1013.121,92.688,82.809,26.319,0.0,0.633,0.136,113.723,4.529
02/02/2008,04:26:00,1013.121,92.688,82.88,26.299,0.0,0.601,0.136,115.05,4.164
02/02/2008,04:27:00,1013.121,92.688,83.02,26.299,0.0,0.601,0.136,86.875,2.935
02/02/2008,04:28:00,1013.121,92.688,83.065,26.286,0.0,0.601,0.136,109.482,4.687
02/02/2008,04:29:00,1013.121,92.688,83.091,26.299,0.0,0.601,0.136,100.051,3.932
02/02/2008,04:30:00,1013.121,92.625,82.974,26.247,0.0,0.601,0.136,85.797,3.367
02/02/2008,04:31:00,1013.121,92.625,83.097,26.26,0.0,0.601,0.136,113.403,3.147
02/02/2008,04:32:00,1013.121,92.625,83.172,26.273,0.0,0.633,0.136,91.845,2.758
02/02/2008,04:33:00,1013.159,92.625,83.272,26.247,0.0,0.601,0.136,79.121,3.172
02/02/2008,04:34:00,1013.159,92.563,83.126,26.234,0.0,0.601,0.136,83.946,2.6
02/02/2008,04:35:00,1013.159,92.688,83.356,26.222,0.0,0.601,0.136,121.346,3.47
02/02/2008,04:36:00,1013.121,92.625,83.12,26.234,0.0,0.601,0.136,114.452,3.914
02/02/2008,04:37:00,1013.083,92.688,83.1,26.234,0.0,0.601,0.136,113.432,3.081
02/02/2008,04:38:00,1013.044,92.625,83.107,26.247,0.0,0.601,0.136,124.407,3.92
02/02/2008,04:39:00,1013.044,92.5,83.33,26.247,0.0,0.633,0.136,91.117,2.332
02/02/2008,04:40:00,1013.044,92.5,83.311,26.222,0.0,0.633,0.136,110.342,2.685
02/02/2008,04:41:00,1013.006,92.688,83.583,26.222,0.0,0.633,0.136,98.419,2.442
02/02/2008,04:42:00,1013.044,92.563,83.285,26.196,0.0,0.633,0.163,119.029,4.602
02/02/2008,04:43:00,1013.083,92.688,83.198,26.196,0.0,0.633,0.136,115.006,4.151
02/02/2008,04:44:00,1013.083,92.688,83.305,26.196,0.0,0.633,0.136,110.589,5.271
02/02/2008,04:45:00,1013.083,92.5,83.298,26.196,0.0,0.601,0.136,106.581,3.945
02/02/2008,04:46:00,1013.083,92.563,83.146,26.17,0.0,0.601,0.136,104.628,4.517
02/02/2008,04:47:00,1013.121,92.563,83.33,26.17,0.0,0.601,0.136,110.254,3.945
02/02/2008,04:48:00,1013.083,92.5,83.463,26.17,0.0,0.633,0.163,117.673,5.271
02/02/2008,04:49:00,1013.083,92.5,83.615,26.157,0.0,0.601,0.136,117.134,2.204
02/02/2008,04:50:00,1013.044,92.5,83.667,26.183,0.0,0.601,0.136,93.478,3.914
02/02/2008,04:51:00,1013.006,92.563,83.424,26.131,0.0,0.601,0.136,97.005,3.184
02/02/2008,04:52:00,1013.006,92.563,83.577,26.144,0.0,0.633,0.136,100.387,3.354
02/02/2008,04:53:00,1013.006,92.563,83.551,26.092,0.0,0.601,0.136,97.195,4.364
02/02/2008,04:54:00,1013.006,92.5,83.515,26.092,0.0,0.601,0.136,103.331,5.6
02/02/2008,04:55:00,1013.044,92.5,83.577,26.079,0.0,0.601,0.163,88.726,4.577
02/02/2008,04:56:00,1013.044,92.5,83.768,26.066,0.0,0.601,0.136,102.631,2.782
02/02/2008,04:57:00,1013.044,92.563,83.819,26.092,0.0,0.601,0.163,110.91,5.661
02/02/2008,04:58:00,1013.044,92.438,83.933,26.066,0.0,0.601,0.136,121.055,4.127
02/02/2008,04:59:00,1013.044,92.563,84.001,26.066,0.0,0.633,0.136,115.05,5.016
02/02/2008,05:00:00,1013.044,92.438,84.121,26.053,0.0,0.601,0.136,108.461,4.091
02/02/2008,05:01:00,1013.044,92.563,84.072,26.053,0.0,0.633,0.136,103.739,3.081
02/02/2008,05:02:00,1013.044,92.625,84.286,26.066,0.0,0.601,0.136,101.276,2.782
02/02/2008,05:03:00,1013.044,92.563,84.37,26.066,0.0,0.601,0.136,113.971,4.492
02/02/2008,05:04:00,1013.083,92.563,84.5,26.092,0.0,0.601,0.136,78.203,2.484
02/02/2008,05:05:00,1013.083,92.563,84.561,26.079,0.0,0.601,0.136,98.113,1.894
02/02/2008,05:06:00,1013.121,92.438,84.548,26.092,0.0,0.633,0.136,85.826,0.963
02/02/2008,05:07:00,1013.121,92.625,84.493,26.105,0.0,0.601,0.136,114.569,5.545
02/02/2008,05:08:00,1013.121,92.563,84.185,26.092,0.0,0.601,0.136,103.987,4.279
02/02/2008,05:09:00,1013.121,92.625,84.185,26.066,0.0,0.601,0.136,106.698,3.458
02/02/2008,05:10:00,1013.121,92.563,84.279,26.092,0.0,0.601,0.136,79.311,4.602
02/02/2008,05:11:00,1013.083,92.563,84.098,26.066,0.0,0.601,0.136,101.669,1.523
02/02/2008,05:12:00,1013.083,92.563,84.318,26.04,0.0,0.633,0.136,113.738,3.671
02/02/2008,05:13:00,1013.083,92.563,84.173,26.066,0.0,0.601,0.136,112.076,3.281
02/02/2008,05:14:00,1013.121,92.625,84.085,26.066,0.0,0.601,0.136,106.727,3.519
02/02/2008,05:15:00,1013.121,92.625,84.273,26.092,0.0,0.601,0.136,99.906,3.208
02/02/2008,05:16:00,1013.159,92.625,84.166,26.066,0.0,0.601,0.136,87.895,3.044
02/02/2008,05:17:00,1013.121,92.625,84.231,26.066,0.0,0.601,0.136,108.17,1.955
02/02/2008,05:18:00,1013.159,92.75,84.312,26.053,0.0,0.633,0.136,116.026,3.981
02/02/2008,05:19:00,1013.121,92.688,84.331,26.079,0.0,0.633,0.136,111.901,3.245
02/02/2008,05:20:00,1013.159,92.625,84.292,26.079,0.0,0.633,0.136,98.929,3.233
02/02/2008,05:21:00,1013.121,92.625,84.127,26.079,0.0,0.633,0.136,104.701,4.389
02/02/2008,05:22:00,1013.121,92.625,84.033,26.04,0.0,0.633,0.136,101.159,2.959
02/02/2008,05:23:00,1013.121,92.688,84.033,26.066,0.0,0.633,0.136,113.257,2.795
02/02/2008,05:24:00,1013.121,92.688,84.173,26.092,0.0,0.633,0.136,92.56,2.168
02/02/2008,05:25:00,1013.083,92.563,84.14,26.066,0.0,0.633,0.136,107.718,4.492
02/02/2008,05:26:00,1013.083,92.688,84.253,26.079,0.0,0.633,0.136,90.009,2.381
02/02/2008,05:27:00,1013.044,92.688,84.14,26.066,0.0,0.633,0.136,91.466,2.722
02/02/2008,05:28:00,1013.083,92.75,84.027,26.066,0.0,0.633,0.136,100.955,3.367
02/02/2008,05:29:00,1013.121,92.688,84.046,26.066,0.0,0.601,0.136,101.698,3.719
02/02/2008,05:30:00,1013.083,92.75,84.111,26.053,0.0,0.633,0.136,102.515,4.042
02/02/2008,05:31:00,1013.121,92.688,84.02,26.066,0.0,0.633,0.136,104.57,3.92
02/02/2008,05:32:00,1013.121,92.75,84.166,26.053,0.0,0.633,0.136,122.877,2.837
02/02/2008,05:33:00,1013.121,92.688,84.224,26.092,0.0,0.696,0.136,110.794,2.819
02/02/2008,05:34:00,1013.198,92.688,84.147,26.092,0.0,0.633,0.136,109.832,3.866
02/02/2008,05:35:00,1013.159,92.75,83.907,26.066,0.0,0.633,0.136,114.569,5.259
02/02/2008,05:36:00,1013.159,92.813,84.127,26.105,0.0,0.633,0.136,106.508,4.413
02/02/2008,05:37:00,1013.121,92.813,84.292,26.118,0.0,0.633,0.136,100.751,4.577
02/02/2008,05:38:00,1013.044,92.813,84.198,26.079,0.0,0.633,0.136,92.924,3.89
02/02/2008,05:39:00,1013.044,92.813,84.279,26.092,0.0,0.633,0.136,104.103,4.267
02/02/2008,05:40:00,1013.044,92.75,84.377,26.066,0.0,0.633,0.136,108.942,3.945
02/02/2008,05:41:00,1013.083,92.813,84.39,26.092,0.0,0.633,0.136,117.542,4.164
02/02/2008,05:42:00,1013.121,92.688,84.331,26.079,0.0,0.633,0.136,99.191,5.113
02/02/2008,05:43:00,1013.121,92.75,84.299,26.079,0.0,0.633,0.136,73.174,3.257
02/02/2008,05:44:00,1013.121,92.625,84.422,26.066,0.0,0.633,0.136,109.423,3.646
02/02/2008,05:45:00,1013.121,92.625,84.539,26.092,0.0,0.633,0.136,118.416,6.829
02/02/2008,05:46:00,1013.121,92.625,84.587,26.092,0.0,0.633,0.136,114.292,6.829
02/02/2008,05:47:00,1013.121,92.625,84.587,26.053,0.0,0.633,0.136,115.006,9.452
02/02/2008,05:48:00,1013.121,92.563,84.561,26.027,0.0,0.633,0.109,115.254,6.056
02/02/2008,05:49:00,1013.198,92.563,84.905,26.027,0.0,0.633,0.136,128.197,3.829
02/02/2008,05:50:00,1013.236,92.563,84.985,25.995,0.0,0.633,0.136,103.972,5.782
02/02/2008,05:51:00,1013.274,92.625,85.024,25.995,0.0,0.633,0.136,119.743,5.302
02/02/2008,05:52:00,1013.313,92.563,85.018,25.995,0.0,0.633,0.136,122.25,5.247
02/02/2008,05:53:00,1013.351,92.563,85.27,25.982,0.0,0.633,0.136,128.08,6.147
02/02/2008,05:54:00,1013.351,92.5,85.196,25.943,0.0,0.633,0.136,122.847,6.446
02/02/2008,05:55:00,1013.313,92.563,85.329,25.93,0.0,0.633,0.136,121.2,7.389
02/02/2008,05:56:00,1013.351,92.563,85.342,25.956,0.0,0.633,0.136,103.972,5.685
02/02/2008,05:57:00,1013.351,92.688,85.283,25.93,0.0,0.696,0.136,115.37,6.969
02/02/2008,05:58:00,1013.351,92.563,85.131,25.917,0.0,0.633,0.136,107.193,6.36
02/02/2008,05:59:00,1013.351,92.563,85.011,25.891,0.0,0.633,0.136,114.86,7.377
02/02/2008,06:00:00,1013.351,92.375,85.316,25.904,0.0,0.633,0.136,115.662,4.529
02/02/2008,06:01:00,1013.351,92.625,85.335,25.917,0.0,0.633,0.136,144.667,4.176
02/02/2008,06:02:00,1013.351,92.5,85.183,25.891,0.0,0.633,0.136,111.085,6.805
02/02/2008,06:03:00,1013.351,92.313,85.348,25.891,0.0,0.601,0.109,109.19,4.59
02/02/2008,06:04:00,1013.351,92.188,85.581,25.891,0.0,0.601,0.136,115.254,6.22
02/02/2008,06:05:00,1013.313,92.125,85.394,25.865,0.0,0.57,0.136,131.345,6.671
02/02/2008,06:06:00,1013.313,92.063,85.601,25.865,0.0,0.57,0.136,124.946,7.413
02/02/2008,06:07:00,1013.274,92.0,85.283,25.826,0.0,0.601,0.136,128.342,8.989
02/02/2008,06:08:00,1013.274,91.938,85.248,25.8,0.0,0.57,0.136,117.513,7.997
02/02/2008,06:09:00,1013.313,91.938,85.374,25.813,0.0,0.57,0.136,127.861,7.949
02/02/2008,06:10:00,1013.313,91.938,85.394,25.813,0.0,0.57,0.136,122.177,5.612
02/02/2008,06:11:00,1013.313,92.0,85.455,25.839,0.0,0.633,0.136,130.441,7.005
02/02/2008,06:12:00,1013.313,92.188,85.633,25.839,0.0,0.633,0.136,103.054,4.218
02/02/2008,06:13:00,1013.351,92.5,85.568,25.839,0.0,0.633,0.136,134.056,7.936
02/02/2008,06:14:00,1013.427,92.625,85.468,25.813,0.0,0.633,0.136,129.975,4.79
02/02/2008,06:15:00,1013.466,92.875,85.659,25.813,0.0,0.633,0.136,126.2,5.314
02/02/2008,06:16:00,1013.466,92.688,85.798,25.839,0.0,0.633,0.136,126.069,4.912
02/02/2008,06:17:00,1013.427,92.688,85.552,25.813,0.0,0.601,0.136,149.899,7.675
02/02/2008,06:18:00,1013.427,92.563,85.539,25.826,0.0,0.601,0.136,135.732,5.91
02/02/2008,06:19:00,1013.427,92.625,85.734,25.865,0.0,0.601,0.136,135.353,2.825
02/02/2008,06:20:00,1013.427,92.5,85.513,25.891,0.0,0.601,0.136,131.972,7.091
02/02/2008,06:21:00,1013.389,92.688,85.407,25.852,0.0,0.633,0.136,134.377,6.354
02/02/2008,06:22:00,1013.427,92.813,85.552,25.839,0.0,0.633,0.136,100.328,7.328
02/02/2008,06:23:00,1013.427,92.625,85.627,25.839,0.0,0.633,0.136,120.996,4.876
02/02/2008,06:24:00,1013.389,92.688,85.666,25.865,0.0,0.633,0.136,122.089,6.385
02/02/2008,06:25:00,1013.389,92.563,85.594,25.839,0.0,0.696,0.136,119.466,5.575
02/02/2008,06:26:00,1013.351,92.5,85.552,25.8,0.0,0.633,0.136,123.955,4.73
02/02/2008,06:27:00,1013.351,92.563,85.753,25.813,0.0,0.633,0.109,105.255,7.504
02/02/2008,06:28:00,1013.351,92.5,85.575,25.787,0.0,0.633,0.109,112.645,5.551
02/02/2008,06:29:00,1013.351,92.688,85.692,25.8,0.0,0.696,0.136,108.257,5.624
02/02/2008,06:30:00,1013.427,92.75,85.692,25.813,0.0,0.633,0.136,106.071,5.186
02/02/2008,06:31:00,1013.466,92.875,85.533,25.787,0.0,0.633,0.136,135.324,4.468
02/02/2008,06:32:00,1013.504,92.875,85.76,25.826,0.0,0.696,0.136,123.809,4.413
02/02/2008,06:33:00,1013.504,92.938,85.627,25.852,0.0,0.633,0.136,118.548,4.924
02/02/2008,06:34:00,1013.504,92.875,85.792,25.865,0.0,0.696,0.136,149.87,3.221
02/02/2008,06:35:00,1013.542,92.75,85.335,25.852,0.0,0.696,0.136,125.15,5.837
02/02/2008,06:36:00,1013.581,92.938,85.442,25.813,0.0,0.633,0.136,131.01,3.135
02/02/2008,06:37:00,1013.619,92.938,85.594,25.813,0.0,0.696,0.109,125.719,6.841
02/02/2008,06:38:00,1013.581,92.75,85.581,25.787,0.0,0.633,0.136,124.582,6.342
02/02/2008,06:39:00,1013.581,92.875,85.607,25.787,0.0,0.696,0.136,114.204,5.819
02/02/2008,06:40:00,1013.504,92.813,85.847,25.774,0.0,0.633,0.136,110.589,4.03
02/02/2008,06:41:00,1013.504,92.938,85.983,25.787,0.0,0.696,0.136,105.59,3.646
02/02/2008,06:42:00,1013.466,92.875,85.912,25.839,0.0,0.633,0.136,121.375,6.245
02/02/2008,06:43:00,1013.466,92.75,85.588,25.787,0.0,0.633,0.136,127.38,6.281
02/02/2008,06:44:00,1013.427,92.813,85.944,25.813,0.0,0.696,0.136,113.884,6.646
02/02/2008,06:45:00,1013.427,92.875,85.957,25.8,0.0,0.633,0.136,105.794,4.468
02/02/2008,06:46:00,1013.427,92.688,85.818,25.787,0.0,0.633,0.136,116.886,4.742
02/02/2008,06:47:00,1013.466,92.813,85.818,25.761,0.0,0.633,0.136,119.918,5.721
02/02/2008,06:48:00,1013.466,92.938,85.679,25.71,0.0,0.696,0.136,132.832,6.47
02/02/2008,06:49:00,1013.466,92.875,85.811,25.735,0.0,0.633,0.136,121.375,4.742
02/02/2008,06:50:00,1013.466,92.75,85.74,25.71,0.0,0.633,0.136,132.38,5.496
02/02/2008,06:51:00,1013.427,92.688,85.847,25.729,0.0,0.633,0.136,128.634,5.77
02/02/2008,06:52:00,1013.466,92.75,86.083,25.748,0.0,0.633,0.136,112.761,3.397
02/02/2008,06:53:00,1013.466,92.75,86.164,25.774,0.0,0.696,0.136,135.79,4.541
02/02/2008,06:54:00,1013.466,92.625,85.983,25.839,0.0,0.696,0.136,124.115,4.614
02/02/2008,06:55:00,1013.427,92.813,85.798,25.787,0.0,0.696,0.136,137.729,6.245
02/02/2008,06:56:00,1013.427,92.563,85.685,25.774,0.0,0.696,0.136,133.036,5.807
02/02/2008,06:57:00,1013.466,92.75,85.698,25.761,0.0,0.696,0.136,125.413,3.914
02/02/2008,06:58:00,1013.427,92.625,85.792,25.826,0.0,0.696,0.136,119.058,6.306
02/02/2008,06:59:00,1013.427,92.75,85.539,25.787,0.0,0.633,0.136,123.562,5.496
02/02/2008,07:00:00,1013.427,92.75,85.588,25.761,0.0,0.633,0.136,113.607,4.243
02/02/2008,07:01:00,1013.389,92.688,85.562,25.787,0.0,0.633,0.136,138.429,5.685
02/02/2008,07:02:00,1013.427,92.688,85.494,25.787,0.0,0.633,0.136,141.125,5.849
02/02/2008,07:03:00,1013.427,92.813,85.601,25.8,0.0,0.696,0.136,139.726,5.959
02/02/2008,07:04:00,1013.504,92.75,85.575,25.813,0.0,0.696,0.136,149.389,2.381
02/02/2008,07:05:00,1013.542,92.938,85.74,25.865,0.0,0.696,0.136,132.234,0.811
02/02/2008,07:06:00,1013.581,92.813,85.805,25.995,0.0,0.696,0.136,150.628,2.91
02/02/2008,07:07:00,1013.619,92.813,85.601,26.118,0.0,0.696,0.136,150.789,2.636
02/02/2008,07:08:00,1013.657,92.75,85.653,26.286,0.0,0.696,0.136,124.32,1.693
02/02/2008,07:09:00,1013.696,92.75,85.044,26.345,0.0,0.696,0.136,127.57,3.123
02/02/2008,07:10:00,1013.734,92.875,84.613,26.273,0.0,0.696,0.136,158.995,2.344
02/02/2008,07:11:00,1013.734,92.813,84.39,26.118,0.0,0.633,0.136,146.897,3.421
02/02/2008,07:12:00,1013.772,92.813,84.7,26.066,0.0,0.633,0.136,173.468,1.797
02/02/2008,07:13:00,1013.811,92.75,84.684,26.04,0.0,0.633,0.136,143.588,3.756
02/02/2008,07:14:00,1013.811,92.688,85.044,26.021,0.0,0.633,0.136,68.627,0.476
02/02/2008,07:15:00,1013.811,92.875,85.157,26.131,0.0,0.633,0.136,158.586,3.318
02/02/2008,07:16:00,1013.811,92.75,85.005,26.157,0.0,0.633,0.136,147.611,3.683
02/02/2008,07:17:00,1013.83,92.75,84.461,26.118,0.0,0.633,0.136,150.905,3.16
02/02/2008,07:18:00,1013.83,92.688,84.506,26.053,0.0,0.633,0.136,163.717,3.294
02/02/2008,07:19:00,1013.83,92.75,84.707,26.021,0.0,0.696,0.136,100.095,1.748
02/02/2008,07:20:00,1013.868,92.75,84.798,26.118,0.0,0.696,0.136,77.722,1.109
02/02/2008,07:21:00,1013.868,92.688,84.506,26.157,0.0,0.633,0.136,117.935,2.734
02/02/2008,07:22:00,1013.906,92.688,84.898,26.196,0.0,0.633,0.136,166.049,3.805
02/02/2008,07:23:00,1013.945,92.813,84.487,26.157,0.0,0.633,0.136,151.94,2.46
02/02/2008,07:24:00,1013.945,92.625,84.377,26.053,0.0,0.633,0.136,175.829,4.462
02/02/2008,07:25:00,1014.021,92.813,84.5,25.995,0.0,0.633,0.136,176.908,3.957
02/02/2008,07:26:00,1013.983,92.625,84.607,25.956,0.0,0.633,0.163,160.131,2.283
02/02/2008,07:27:00,1013.983,92.625,84.817,25.943,0.0,0.633,0.163,148.835,2.01
02/02/2008,07:28:00,1013.983,92.688,85.037,26.008,0.0,0.633,0.163,132.526,0.701
02/02/2008,07:29:00,1014.021,92.813,84.992,26.066,0.0,0.633,0.136,165.393,3.099
02/02/2008,07:30:00,1014.021,92.5,84.765,26.008,0.0,0.696,0.19,142.247,3.184
02/02/2008,07:31:00,1014.021,92.625,84.956,26.04,0.0,0.633,0.163,185.697,2.795
02/02/2008,07:32:00,1014.06,92.688,84.785,25.982,0.0,0.696,0.19,162.565,2.417
02/02/2008,07:33:00,1014.06,92.563,84.911,25.982,0.0,0.696,0.19,161.545,2.417
02/02/2008,07:34:00,1014.098,92.625,85.005,25.969,0.0,0.633,0.217,167.405,2.697
02/02/2008,07:35:00,1014.06,92.688,85.19,25.969,0.0,0.633,0.271,173.468,1.407
02/02/2008,07:36:00,1014.098,92.688,85.27,25.982,0.0,0.696,0.271,141.387,1.249
02/02/2008,07:37:00,1014.098,92.563,85.374,26.17,0.0,0.696,0.271,167.084,1.444
02/02/2008,07:38:00,1014.098,92.75,85.144,26.209,0.0,0.633,0.326,155.875,1.571
02/02/2008,07:39:00,1014.136,92.688,84.963,26.209,0.0,0.696,0.353,167.055,1.681
02/02/2008,07:40:00,1014.175,92.75,84.853,26.222,0.0,0.696,0.38,157.595,1.298
02/02/2008,07:41:00,1014.175,92.75,84.574,26.222,0.0,0.696,0.461,164.081,1.474
02/02/2008,07:42:00,1014.213,92.813,84.422,26.222,0.0,0.696,0.542,167.405,1.748
02/02/2008,07:43:00,1014.251,92.688,84.422,26.144,0.0,0.696,0.624,172.885,1.012
02/02/2008,07:44:00,1014.251,92.75,84.487,26.196,0.0,0.696,0.678,181.062,0.75
02/02/2008,07:45:00,1014.328,92.688,84.733,26.299,0.0,0.696,0.705,171.908,-0.211
02/02/2008,07:46:00,1014.404,92.563,84.441,26.319,0.0,0.696,0.705,234.437,1.322
02/02/2008,07:47:00,1014.481,92.563,84.266,26.234,0.0,0.696,0.813,227.776,1.736
02/02/2008,07:48:00,1014.519,92.563,84.402,26.196,0.0,0.696,1.003,216.174,0.787
02/02/2008,07:49:00,1014.519,92.563,84.474,26.183,0.0,0.696,1.139,226.464,1.535
02/02/2008,07:50:00,1014.519,92.688,84.5,26.144,0.0,0.696,1.301,222.864,1.036
02/02/2008,07:51:00,1014.519,92.625,85.096,26.183,0.0,0.696,1.681,223.228,0.452
02/02/2008,07:52:00,1014.481,92.75,85.138,26.196,0.0,0.696,1.897,207.443,0.701
02/02/2008,07:53:00,1014.404,92.563,85.261,26.222,0.0,0.696,2.277,180.683,1.882
02/02/2008,07:54:00,1014.404,92.688,85.089,26.209,0.0,0.728,2.574,176.66,1.784
02/02/2008,07:55:00,1014.443,92.625,84.811,26.222,0.0,0.696,2.791,179.4,1.93
02/02/2008,07:56:00,1014.443,92.688,84.765,26.234,0.0,0.696,3.063,195.477,1.462
02/02/2008,07:57:00,1014.481,92.688,84.594,26.222,0.0,0.696,3.469,195.958,1.547
02/02/2008,07:58:00,1014.481,92.75,84.574,26.222,0.0,0.696,4.121,211.991,0.884
02/02/2008,07:59:00,1014.443,92.688,84.645,26.196,0.0,0.696,5.066,185.201,0.762
02/02/2008,08:00:00,1014.404,92.813,84.937,26.371,0.0,0.696,5.961,169.882,1.991
02/02/2008,08:01:00,1014.404,92.813,84.448,26.345,0.0,0.696,6.938,171.486,1.273
02/02/2008,08:02:00,1014.443,92.75,84.671,26.448,0.0,0.728,7.668,165.903,0.823
02/02/2008,08:03:00,1014.443,92.75,84.461,26.448,0.0,0.696,8.133,173.147,1.085
02/02/2008,08:04:00,1014.481,92.875,84.305,26.513,0.0,0.728,8.188,173.716,2.01
02/02/2008,08:05:00,1014.519,92.813,84.033,26.513,0.0,0.696,7.941,195.244,1.93
02/02/2008,08:06:00,1014.519,92.875,83.849,26.448,0.0,0.696,7.641,174.576,0.61
02/02/2008,08:07:00,1014.558,92.75,84.14,26.5,0.0,0.696,7.371,175.654,1.718
02/02/2008,08:08:00,1014.558,92.875,83.939,26.552,0.0,0.696,7.129,187.008,1.705
02/02/2008,08:09:00,1014.558,92.688,83.729,26.552,0.0,0.696,6.883,191.06,1.024
02/02/2008,08:10:00,1014.558,92.813,83.696,26.5,0.0,0.696,6.641,190.609,1.334
02/02/2008,08:11:00,1014.558,92.688,83.981,26.526,0.0,0.696,6.723,174.692,1.979
02/02/2008,08:12:00,1014.558,92.688,83.823,26.649,0.0,0.696,6.855,173.264,2.46
02/02/2008,08:13:00,1014.558,92.75,83.667,26.597,0.0,0.696,6.992,182.519,1.955
02/02/2008,08:14:00,1014.596,92.813,83.781,26.597,0.0,0.696,7.02,200.534,1.273
02/02/2008,08:15:00,1014.634,92.75,83.615,26.623,0.0,0.696,7.102,173.147,1.748
02/02/2008,08:16:00,1014.634,92.75,83.819,26.688,0.0,0.696,7.047,175.713,1.212
02/02/2008,08:17:00,1014.673,92.688,83.742,26.831,0.0,0.633,6.801,187.169,0.586
02/02/2008,08:18:00,1014.673,92.75,83.45,26.844,0.0,0.696,6.504,182.607,1.121
02/02/2008,08:19:00,1014.692,92.625,83.913,26.902,0.0,0.696,6.18,229.423,-0.211
02/02/2008,08:20:00,1014.768,92.75,83.994,26.967,0.0,0.696,5.691,216.145,0.835
02/02/2008,08:21:00,1014.807,92.625,83.57,26.883,0.0,0.696,5.367,243.182,1.432
02/02/2008,08:22:00,1014.807,92.688,83.305,26.727,0.0,0.696,5.34,251.009,1.718
02/02/2008,08:23:00,1014.768,92.75,83.405,26.675,0.0,0.696,5.527,233.315,2.004
02/02/2008,08:24:00,1014.73,92.875,83.538,26.623,0.0,0.696,5.719,240.952,1.718
02/02/2008,08:25:00,1014.768,92.75,83.628,26.623,0.0,0.633,5.691,210.679,2.083
02/02/2008,08:26:00,1014.73,92.875,83.703,26.623,0.0,0.696,5.527,239.917,2.119
02/02/2008,08:27:00,1014.73,92.688,83.69,26.591,0.0,0.696,5.23,243.955,1.158
02/02/2008,08:28:00,1014.768,92.688,83.69,26.578,0.0,0.696,4.688,247.278,1.748
02/02/2008,08:29:00,1014.845,92.688,83.781,26.578,0.0,0.633,4.172,254.449,2.649
02/02/2008,08:30:00,1014.845,92.625,83.729,26.565,0.0,0.633,3.902,250.834,1.644
02/02/2008,08:31:00,1014.883,92.563,83.8,26.552,0.0,0.633,3.605,265.57,2.959
02/02/2008,08:32:00,1014.922,92.625,83.729,26.539,0.0,0.696,3.361,251.519,2.119
02/02/2008,08:33:00,1014.96,92.625,83.836,26.565,0.0,0.633,3.279,242.555,2.004
02/02/2008,08:34:00,1014.96,92.625,83.933,26.597,0.0,0.696,3.414,243.066,1.285
02/02/2008,08:35:00,1014.998,92.625,83.952,26.578,0.0,0.633,3.441,257.248,1.73
02/02/2008,08:36:00,1015.036,92.688,84.033,26.597,0.0,0.633,3.361,267.159,1.535
02/02/2008,08:37:00,1014.998,92.688,83.968,26.597,0.0,0.696,3.469,252.685,2.308
02/02/2008,08:38:00,1014.998,92.688,83.9,26.591,0.0,0.696,3.713,267.509,1.73
02/02/2008,08:39:00,1014.922,92.563,83.774,26.578,0.0,0.633,4.012,252.394,1.882
02/02/2008,08:40:00,1014.922,92.5,83.729,26.591,0.0,0.696,4.254,248.925,1.012
02/02/2008,08:41:00,1014.922,92.438,83.807,26.597,0.0,0.696,4.605,248.502,1.31
02/02/2008,08:42:00,1014.922,92.625,83.881,26.597,0.0,0.633,4.879,249.246,1.669
02/02/2008,08:43:00,1014.96,92.5,83.894,26.61,0.0,0.696,5.473,262.393,1.17
02/02/2008,08:44:00,1014.998,92.625,83.755,26.623,0.0,0.633,7.152,256.927,2.083
02/02/2008,08:45:00,1014.998,92.5,83.667,26.623,0.0,0.696,10.836,264.477,2.575
02/02/2008,08:46:00,1014.96,92.563,83.602,26.649,0.0,0.696,15.227,265.162,1.882
02/02/2008,08:47:00,1014.922,92.438,83.577,26.701,0.0,0.696,18.156,254.784,-0.211
02/02/2008,08:48:00,1014.845,92.5,83.888,26.818,0.0,0.696,19.125,231.872,1.073
02/02/2008,08:49:00,1014.845,92.25,83.683,26.87,0.0,0.696,19.125,244.042,-0.187
02/02/2008,08:50:00,1014.845,92.375,83.577,26.915,0.0,0.696,19.891,247.307,1.121
02/02/2008,08:51:00,1014.768,92.25,83.369,26.954,0.0,0.696,21.484,248.823,0.391
02/02/2008,08:52:00,1014.768,92.063,83.159,27.006,0.0,0.696,23.953,209.411,0.099
02/02/2008,08:53:00,1014.73,91.375,83.557,27.161,0.0,0.696,26.313,199.733,0.896
02/02/2008,08:54:00,1014.73,91.125,83.159,27.233,0.0,0.696,29.641,211.743,0.312
02/02/2008,08:55:00,1014.768,91.813,82.608,27.31,0.0,0.696,32.906,244.217,1.833
02/02/2008,08:56:00,1014.845,92.375,82.074,27.297,0.0,0.696,32.313,253.225,1.596
02/02/2008,08:57:00,1014.883,92.5,81.87,27.284,0.0,0.696,30.516,259.419,1.474
02/02/2008,08:58:00,1014.922,92.625,81.896,27.31,0.0,0.696,31.406,264.404,2.484
02/02/2008,08:59:00,1014.998,92.688,81.769,27.31,0.0,0.696,32.781,270.686,2.807
02/02/2008,09:00:00,1015.036,92.938,81.763,27.343,0.0,0.696,32.781,274.038,2.545
02/02/2008,09:01:00,1015.036,92.875,82.015,27.395,0.0,0.696,32.938,256.752,2.332
02/02/2008,09:02:00,1015.113,93.063,81.539,27.433,0.0,0.633,33.125,255.382,5.174
02/02/2008,09:03:00,1015.151,93.063,81.274,27.395,0.0,0.633,32.094,274.724,4.267
02/02/2008,09:04:00,1015.228,93.188,81.3,27.408,0.0,0.633,30.938,267.305,6.123
02/02/2008,09:05:00,1015.266,93.125,81.109,27.395,0.0,0.633,29.375,279.184,4.115
02/02/2008,09:06:00,1015.305,93.375,81.228,27.459,0.0,0.633,27.859,264.594,3.646
02/02/2008,09:07:00,1015.228,93.25,81.604,27.479,0.0,0.633,27.453,285.699,3.646
02/02/2008,09:08:00,1015.151,93.188,81.4,27.557,0.0,0.633,28.75,249.129,3.683
02/02/2008,09:09:00,1015.075,92.688,80.93,27.531,0.0,0.601,31.547,273.66,3.58
02/02/2008,09:10:00,1014.998,92.75,80.969,27.557,0.0,0.633,33.938,285.436,1.845
02/02/2008,09:11:00,1014.96,92.313,80.694,27.57,0.0,0.601,34.375,252.685,1.62
02/02/2008,09:12:00,1014.922,92.188,80.688,27.608,0.0,0.601,35.156,267.392,1.93
02/02/2008,09:13:00,1014.845,91.625,80.62,27.634,0.0,0.601,38.344,259.361,3.081
02/02/2008,09:14:00,1014.845,90.813,80.493,27.647,0.0,0.601,41.25,289.926,2.143
02/02/2008,09:15:00,1014.845,90.313,80.195,27.686,0.0,0.601,42.156,258.312,2.636
02/02/2008,09:16:00,1014.845,89.875,80.257,27.751,0.0,0.633,40.969,259.113,2.545
02/02/2008,09:17:00,1014.883,89.813,80.409,27.874,0.0,0.633,40.906,279.781,2.07
02/02/2008,09:18:00,1014.922,90.5,79.82,27.874,0.0,0.601,42.719,279.388,4.565
02/02/2008,09:19:00,1014.922,91.063,79.845,27.874,0.0,0.57,41.469,262.844,2.369
02/02/2008,09:20:00,1014.922,91.0,79.573,27.887,0.0,0.633,38.375,257.86,4.194
02/02/2008,09:21:00,1014.883,90.25,80.017,27.926,0.0,0.633,38.094,287.317,2.971
02/02/2008,09:22:00,1014.845,88.75,79.858,28.004,0.0,0.633,40.094,251.476,2.837
02/02/2008,09:23:00,1014.845,88.0,79.466,28.004,0.0,0.633,43.781,262.582,1.955
02/02/2008,09:24:00,1014.883,88.875,79.641,28.03,0.0,0.633,46.875,262.874,3.056
02/02/2008,09:25:00,1014.96,90.063,79.541,28.101,0.0,0.633,48.25,263.457,2.496
02/02/2008,09:26:00,1015.036,90.625,79.334,28.166,0.0,0.601,46.406,288.745,4.115
02/02/2008,09:27:00,1015.075,90.438,79.535,28.231,0.0,0.633,43.031,280.116,3.792
02/02/2008,09:28:00,1015.075,89.125,79.188,28.218,0.0,0.601,41.469,278.936,3.008
02/02/2008,09:29:00,1015.075,88.063,79.466,28.282,0.0,0.601,42.0,262.13,4.115
02/02/2008,09:30:00,1015.075,86.5,79.078,28.295,0.0,0.601,42.625,272.625,4.815
02/02/2008,09:31:00,1015.113,85.688,78.822,28.205,0.0,0.57,43.438,272.333,4.389
02/02/2008,09:32:00,1015.151,85.75,79.071,28.231,0.0,0.601,44.563,262.611,4.839
02/02/2008,09:33:00,1015.19,84.563,79.123,28.257,0.0,0.601,43.313,244.756,3.719
02/02/2008,09:34:00,1015.151,81.688,79.175,28.257,0.0,0.601,40.688,258.938,5.247
02/02/2008,09:35:00,1015.151,79.063,78.948,28.269,0.0,0.601,40.219,264.739,4.675
02/02/2008,09:36:00,1015.19,78.063,79.593,28.334,0.0,0.601,43.375,265.22,2.685
02/02/2008,09:37:00,1015.228,78.938,79.554,28.432,0.0,0.886,49.594,273.893,3.208
02/02/2008,09:38:00,1015.228,79.5,79.376,28.509,0.0,3.1,54.5,274.432,4.352
02/02/2008,09:39:00,1015.228,78.0,78.569,28.535,0.0,2.467,53.125,282.142,5.222
02/02/2008,09:40:00,1015.19,75.938,78.492,28.574,0.0,1.392,47.813,270.919,4.243
02/02/2008,09:41:00,1015.151,74.375,78.304,28.6,0.0,1.107,41.844,268.573,4.529
02/02/2008,09:42:00,1015.075,73.438,78.492,28.626,0.0,2.656,38.625,284.722,3.945
02/02/2008,09:43:00,1015.075,73.438,78.67,28.71,0.0,31.172,47.469,266.649,3.932
02/02/2008,09:44:00,1015.036,73.438,78.187,28.723,0.0,58.75,58.688,279.694,2.241
02/02/2008,09:45:00,1014.998,75.625,78.618,28.944,0.0,150.75,89.438,270.293,2.07
02/02/2008,09:46:00,1014.998,76.125,78.126,29.378,0.0,145.25,88.0,284.985,4.078
02/02/2008,09:47:00,1014.998,76.063,77.063,29.708,0.0,146.375,88.5,320.082,3.342
02/02/2008,09:48:00,1014.96,76.25,76.532,30.0,0.0,149.625,89.313,260.993,2.782
02/02/2008,09:49:00,1014.96,75.75,75.467,30.305,0.0,157.125,91.75,272.566,4.03
02/02/2008,09:50:00,1014.96,75.938,74.608,30.33,0.0,162.125,93.375,263.369,3.829
02/02/2008,09:51:00,1014.922,75.938,74.414,30.317,0.0,167.25,94.688,305.274,4.279
02/02/2008,09:52:00,1014.883,75.813,74.715,30.428,0.0,172.25,96.0,302.563,2.849
02/02/2008,09:53:00,1014.845,75.75,74.184,30.454,0.0,175.125,96.75,306.002,2.624
02/02/2008,09:54:00,1014.807,75.75,74.275,30.538,0.0,177.875,97.688,294.153,3.604
02/02/2008,09:55:00,1014.807,75.75,74.262,30.642,0.0,179.75,98.5,319.368,4.267
02/02/2008,09:56:00,1014.768,75.188,73.604,30.629,0.0,182.5,99.75,284.504,3.135
02/02/2008,09:57:00,1014.692,75.063,73.646,30.603,0.0,182.5,99.813,269.71,3.111
02/02/2008,09:58:00,1014.673,75.25,74.164,30.752,0.0,185.25,100.813,261.387,2.429
02/02/2008,09:59:00,1014.634,75.813,73.867,30.966,0.0,185.625,101.0,283.294,2.782
02/02/2008,10:00:00,1014.634,75.188,73.365,31.108,0.0,188.25,102.313,282.405,4.231
02/02/2008,10:01:00,1014.692,75.188,73.465,31.199,0.0,187.75,102.75,292.01,3.567
02/02/2008,10:02:00,1014.73,75.5,73.128,31.186,0.0,188.375,103.688,289.313,4.328
02/02/2008,10:03:00,1014.768,75.688,73.271,31.225,0.0,186.625,103.75,328.521,5.137
02/02/2008,10:04:00,1014.845,75.375,73.18,31.413,0.0,186.25,104.25,311.745,4.766
02/02/2008,10:05:00,1014.883,75.313,72.312,31.374,0.0,185.625,104.875,282.609,5.521
02/02/2008,10:06:00,1014.922,75.875,73.041,31.251,0.0,186.375,105.75,299.269,4.9
02/02/2008,10:07:00,1014.922,74.75,72.814,31.27,0.0,186.375,106.125,285.874,7.316
02/02/2008,10:08:00,1014.883,74.875,72.953,31.069,0.0,186.25,106.688,281.428,5.77
02/02/2008,10:09:00,1014.96,75.25,73.326,31.056,0.0,187.625,107.625,295.814,6.22
02/02/2008,10:10:00,1014.96,75.938,73.611,31.238,0.0,189.5,108.813,307.62,7.176
02/02/2008,10:11:00,1014.998,75.625,72.584,31.283,0.0,190.25,109.5,312.08,5.472
02/02/2008,10:12:00,1014.998,75.375,72.603,31.413,0.0,190.875,110.125,305.769,6.08
02/02/2008,10:13:00,1014.998,75.563,72.16,31.491,0.0,192.75,111.125,312.765,5.983
02/02/2008,10:14:00,1014.96,75.938,72.535,31.503,0.0,193.5,111.75,334.803,3.233
02/02/2008,10:15:00,1014.922,76.063,72.49,31.756,0.0,193.875,112.188,309.5,3.008
02/02/2008,10:16:00,1014.96,75.75,72.179,31.97,0.0,195.625,113.438,273.689,4.206
02/02/2008,10:17:00,1014.96,75.875,71.11,31.97,0.0,197.375,114.563,272.202,7.413
02/02/2008,10:18:00,1014.96,75.563,71.803,31.834,0.0,197.625,114.938,291.762,6.944
02/02/2008,10:19:00,1014.922,75.625,71.797,31.743,0.0,197.0,114.875,299.866,6.494
02/02/2008,10:20:00,1014.922,75.375,71.81,31.666,0.0,199.375,116.25,292.127,6.732
02/02/2008,10:21:00,1014.922,76.0,73.173,31.691,0.0,199.875,116.75,305.128,4.267
02/02/2008,10:22:00,1014.96,76.938,72.338,31.918,0.0,200.125,117.438,330.008,4.827
02/02/2008,10:23:00,1015.036,77.313,72.325,32.255,0.0,200.25,118.063,313.684,2.216
02/02/2008,10:24:00,1015.075,76.0,70.948,32.456,0.0,198.875,118.188,295.187,5.149
02/02/2008,10:25:00,1015.075,76.438,71.104,32.359,0.0,198.625,118.563,276.91,4.188
02/02/2008,10:26:00,1015.113,76.313,71.632,32.359,0.0,200.375,119.688,308.305,5.819
02/02/2008,10:27:00,1015.151,76.25,71.123,32.255,0.0,199.625,119.813,294.692,5.947
02/02/2008,10:28:00,1015.19,76.5,71.677,32.152,0.0,199.75,120.5,275.438,4.243
02/02/2008,10:29:00,1015.266,76.625,71.946,32.268,0.0,198.0,120.375,314.704,5.508
02/02/2008,10:30:00,1015.266,76.375,71.548,32.43,0.0,198.25,121.125,301.703,5.496
02/02/2008,10:31:00,1015.266,76.5,71.143,32.43,0.0,195.875,120.625,300.216,4.961
02/02/2008,10:32:00,1015.228,76.75,72.04,32.56,0.0,197.25,121.563,320.345,4.176
02/02/2008,10:33:00,1015.19,77.188,71.706,32.864,0.0,197.5,121.5,345.24,3.628
02/02/2008,10:34:00,1015.19,76.938,70.242,33.221,0.0,200.125,122.625,296.674,2.971
02/02/2008,10:35:00,1015.228,77.625,70.42,33.169,0.0,201.25,123.313,304.078,2.472
02/02/2008,10:36:00,1015.266,76.938,69.841,33.247,0.0,202.0,124.125,272.77,5.91
02/02/2008,10:37:00,1015.305,76.688,70.116,33.169,0.0,201.375,124.375,315.506,4.243
02/02/2008,10:38:00,1015.305,77.938,70.466,33.13,0.0,200.75,124.375,326.598,2.837
02/02/2008,10:39:00,1015.343,77.375,70.288,33.234,0.0,200.625,124.625,286.894,7.65
02/02/2008,10:40:00,1015.343,77.188,70.809,33.292,0.0,202.0,125.563,310.477,6.409
02/02/2008,10:41:00,1015.305,77.063,69.766,33.422,0.0,203.0,126.688,312.649,3.829
02/02/2008,10:42:00,1015.305,77.125,70.255,33.396,0.0,198.5,125.375,287.287,3.866
02/02/2008,10:43:00,1015.343,78.313,70.611,33.435,0.0,201.75,127.5,319.732,6.768
02/02/2008,10:44:00,1015.381,77.75,71.101,33.636,0.0,200.5,128.125,286.952,4.462
02/02/2008,10:45:00,1015.458,77.688,69.53,33.61,0.0,200.375,128.75,284.897,4.054
02/02/2008,10:46:00,1015.419,76.5,70.116,33.623,0.0,200.5,129.25,304.865,5.6
02/02/2008,10:47:00,1015.458,77.375,69.999,33.577,0.0,200.125,129.625,300.376,9.525
02/02/2008,10:48:00,1015.458,77.0,70.89,33.474,0.0,200.875,130.875,308.786,5.289
02/02/2008,10:49:00,1015.458,77.188,70.897,33.461,0.0,200.25,131.375,307.314,5.222
02/02/2008,10:50:00,1015.458,76.875,70.22,33.448,0.0,196.25,130.5,286.894,6.89
02/02/2008,10:51:00,1015.458,76.5,70.035,33.331,0.0,194.5,131.125,273.31,8.989
02/02/2008,10:52:00,1015.496,77.25,71.321,33.221,0.0,194.0,131.875,291.048,7.176
02/02/2008,10:53:00,1015.554,77.375,70.692,33.383,0.0,195.375,133.0,293.293,9.847
02/02/2008,10:54:00,1015.515,77.0,70.207,33.305,0.0,197.25,135.0,295.843,7.924
02/02/2008,10:55:00,1015.515,76.25,70.605,33.104,0.0,195.375,135.25,272.712,7.078
02/02/2008,10:56:00,1015.554,77.875,71.586,33.234,0.0,195.5,136.625,315.36,5.636
02/02/2008,10:57:00,1015.592,78.25,70.971,33.564,0.0,195.75,138.25,325.082,6.531
02/02/2008,10:58:00,1015.63,78.063,70.592,33.623,0.0,194.25,139.0,291.019,3.318
02/02/2008,10:59:00,1015.668,76.813,69.614,33.448,0.0,191.25,139.5,314.762,7.949
02/02/2008,11:00:00,1015.63,77.25,70.68,33.273,0.0,182.875,137.5,319.689,9.287
02/02/2008,11:01:00,1015.592,78.563,72.072,33.357,0.0,173.0,134.125,317.284,4.888
02/02/2008,11:02:00,1015.592,77.813,70.459,33.675,0.0,181.75,139.5,294.4,4.413
02/02/2008,11:03:00,1015.592,78.813,69.714,33.882,0.0,186.875,143.875,10.135,6.829
02/02/2008,11:04:00,1015.63,77.688,69.468,33.61,0.0,182.25,146.375,332.5,11.545
02/02/2008,11:05:00,1015.592,76.438,69.918,33.117,0.0,141.5,132.375,344.248,7.425
02/02/2008,11:06:00,1015.592,76.0,71.308,32.839,0.0,43.844,90.188,337.748,10.346
02/02/2008,11:07:00,1015.592,76.188,71.982,32.8,0.0,75.875,98.313,302.082,7.815
02/02/2008,11:08:00,1015.63,78.688,71.765,32.877,0.0,182.25,152.0,298.788,7.875
02/02/2008,11:09:00,1015.592,79.563,71.677,33.247,0.0,158.0,142.125,278.309,4.961
02/02/2008,11:10:00,1015.592,79.563,70.871,33.5,0.0,122.813,128.25,317.459,5.794
02/02/2008,11:11:00,1015.592,79.563,70.326,33.584,0.0,157.75,146.75,316.103,7.79
02/02/2008,11:12:00,1015.668,79.938,71.207,33.636,0.0,142.875,142.625,306.688,7.151
02/02/2008,11:13:00,1015.668,80.875,70.673,33.713,0.0,162.375,154.0,338.958,5.435
02/02/2008,11:14:00,1015.668,81.125,69.125,33.908,0.0,178.75,165.875,328.828,7.827
02/02/2008,11:15:00,1015.745,80.375,69.423,33.811,0.0,98.938,132.0,330.883,8.155
02/02/2008,11:16:00,1015.745,80.75,69.892,33.713,0.0,177.25,174.0,328.798,7.802
02/02/2008,11:17:00,1015.745,80.063,69.714,33.564,0.0,72.125,118.375,317.94,5.697
02/02/2008,11:18:00,1015.745,77.563,69.588,33.422,0.0,9.898,81.125,348.315,7.529
02/02/2008,11:19:00,1015.783,77.313,71.36,33.234,0.0,11.414,81.563,352.79,5.35
02/02/2008,11:20:00,1015.783,79.813,70.942,32.981,0.0,161.125,153.0,312.284,4.267
02/02/2008,11:21:00,1015.822,80.938,72.37,33.26,0.0,157.5,151.5,305.434,4.723
02/02/2008,11:22:00,1015.86,78.5,70.041,33.688,0.0,110.063,131.75,297.869,8.88
02/02/2008,11:23:00,1015.898,78.125,69.653,33.564,0.0,51.0,103.813,310.273,10.176
02/02/2008,11:24:00,1015.86,77.75,70.492,33.273,0.0,83.25,117.75,319.251,6.293
02/02/2008,11:25:00,1015.86,78.25,70.777,33.117,0.0,88.563,116.563,290.698,6.08
02/02/2008,11:26:00,1015.898,81.375,71.548,33.156,0.0,189.125,167.75,301.878,8.776
02/02/2008,11:27:00,1015.937,82.063,70.692,33.383,0.0,182.75,168.125,274.009,6.397
02/02/2008,11:28:00,1015.937,83.0,70.611,33.584,0.0,186.5,173.0,278.484,3.294
02/02/2008,11:29:00,1015.975,83.125,70.592,33.96,0.0,168.25,167.625,331.772,5.448
02/02/2008,11:30:00,1015.975,83.125,70.586,34.161,0.0,181.75,178.875,338.01,6.932
02/02/2008,11:31:00,1015.975,84.75,70.116,34.355,0.0,181.375,180.0,340.007,3.719
02/02/2008,11:32:00,1016.052,81.625,68.587,34.517,0.0,144.625,157.875,330.139,7.875
02/02/2008,11:33:00,1016.052,81.313,69.112,34.264,0.0,155.125,159.125,334.206,6.281
02/02/2008,11:34:00,1016.052,81.375,69.98,34.025,0.0,174.5,167.375,352.556,5.685
02/02/2008,11:35:00,1016.052,81.063,69.543,34.154,0.0,138.5,146.625,325.344,8.49
02/02/2008,11:36:00,1016.09,75.938,68.999,33.934,0.0,47.438,99.313,340.24,9.202
02/02/2008,11:37:00,1016.128,76.625,70.922,33.435,0.0,29.031,83.5,337.893,5.861
02/02/2008,11:38:00,1016.09,75.063,71.548,33.292,0.0,85.813,106.375,340.298,6.093
02/02/2008,11:39:00,1016.052,79.375,72.882,33.305,0.0,199.375,159.375,338.331,5.861
02/02/2008,11:40:00,1016.013,79.938,71.875,33.726,0.0,194.875,155.5,16.33,4.541
02/02/2008,11:41:00,1016.052,79.625,70.359,33.986,0.0,197.625,157.75,334.833,7.194
02/02/2008,11:42:00,1016.052,78.063,69.423,33.921,0.0,193.875,157.0,340.983,9.141
02/02/2008,11:43:00,1016.013,79.875,70.352,33.662,0.0,201.375,162.125,330.766,6.792
02/02/2008,11:44:00,1016.013,79.438,71.149,33.701,0.0,196.75,160.125,340.809,4.961
02/02/2008,11:45:00,1016.052,78.688,71.246,33.921,0.0,193.5,156.375,335.897,3.878
02/02/2008,11:46:00,1016.013,77.938,69.335,33.986,0.0,177.875,146.0,338.928,7.602
02/02/2008,11:47:00,1016.052,78.0,70.942,33.921,0.0,176.625,144.5,341.829,7.042
02/02/2008,11:48:00,1016.013,79.5,71.282,34.2,0.0,205.0,157.25,5.326,4.206
02/02/2008,11:49:00,1016.052,77.813,69.079,34.316,0.0,195.75,151.0,314.31,6.506
02/02/2008,11:50:00,1016.013,79.75,70.644,34.368,0.0,203.25,154.25,352.79,2.417
02/02/2008,11:51:00,1016.013,80.188,70.631,34.647,0.0,181.75,143.625,27.699,5.101
02/02/2008,11:52:00,1016.052,79.063,68.066,34.699,0.0,181.5,145.375,353.096,4.961
02/02/2008,11:53:00,1016.052,78.5,68.354,34.724,0.0,202.875,157.875,319.193,6.695
02/02/2008,11:54:00,1016.052,78.938,69.284,34.517,0.0,196.25,154.625,347.207,8.831
02/02/2008,11:55:00,1016.052,78.563,69.646,34.212,0.0,200.0,157.75,336.946,7.389
02/02/2008,11:56:00,1016.09,78.938,69.481,34.076,0.0,194.125,155.625,345.779,7.815
02/02/2008,11:57:00,1016.09,79.375,70.22,33.999,0.0,193.0,158.625,320.797,2.241
02/02/2008,11:58:00,1016.09,80.0,70.547,34.141,0.0,191.875,163.75,345.21,2.77
02/02/2008,11:59:00,1016.128,81.688,70.67,34.737,0.0,195.0,168.0,341.552,9.61
02/02/2008,12:00:00,1016.128,78.438,68.322,34.744,0.0,151.625,146.375,298.044,5.137
02/02/2008,12:01:00,1016.167,76.188,69.138,34.712,0.0,18.25,76.438,326.058,6.616
02/02/2008,12:02:00,1016.128,74.063,68.924,34.063,0.0,45.125,91.938,329.454,5.922
02/02/2008,12:03:00,1016.128,79.563,70.77,33.85,0.0,184.125,159.5,350.851,4.103
02/02/2008,12:04:00,1016.09,80.313,69.423,34.089,0.0,200.0,169.5,326.743,5.508
02/02/2008,12:05:00,1016.128,82.438,70.427,34.368,0.0,192.375,171.25,344.817,5.235
02/02/2008,12:06:00,1016.128,79.375,69.125,34.316,0.0,67.938,110.063,323.347,7.042
02/02/2008,12:07:00,1016.052,78.875,70.819,33.96,0.0,55.094,109.563,343.928,4.961
02/02/2008,12:08:00,1016.128,78.688,72.325,33.96,0.0,113.688,136.75,321.365,4.267
02/02/2008,12:09:00,1016.128,80.188,70.731,34.089,0.0,185.625,168.75,299.473,6.671
02/02/2008,12:10:00,1016.09,79.75,69.614,34.355,0.0,186.5,166.875,308.67,6.567
02/02/2008,12:11:00,1016.052,79.75,70.207,34.595,0.0,116.313,131.125,275.467,4.626
02/02/2008,12:12:00,1016.013,79.563,69.005,34.699,0.0,182.0,168.0,329.265,8.916
02/02/2008,12:13:00,1016.052,79.188,68.82,34.381,0.0,139.5,145.625,344.671,7.529
02/02/2008,12:14:00,1016.013,76.438,68.778,34.089,0.0,166.0,154.25,327.661,8.539
02/02/2008,12:15:00,1016.052,78.188,70.984,33.662,0.0,185.75,161.0,321.569,7.723
02/02/2008,12:16:00,1016.052,78.0,71.353,33.713,0.0,63.719,99.313,326.802,8.04
02/02/2008,12:17:00,1016.052,78.375,70.68,33.551,0.0,195.5,167.625,342.572,6.981
02/02/2008,12:18:00,1016.09,80.563,72.843,33.688,0.0,189.0,164.375,291.383,4.03
02/02/2008,12:19:00,1016.09,81.313,70.586,34.174,0.0,195.5,166.25,317.43,4.803
02/02/2008,12:20:00,1016.052,81.625,70.08,34.452,0.0,167.0,150.875,309.384,7.206
02/02/2008,12:21:00,1016.09,82.063,69.076,34.757,0.0,208.75,172.625,289.284,8.137
02/02/2008,12:22:00,1016.09,81.25,69.653,34.925,0.0,207.5,171.25,288.891,7.413
02/02/2008,12:23:00,1016.052,80.25,68.979,34.77,0.0,199.75,166.375,302.3,4.243
02/02/2008,12:24:00,1016.052,79.688,68.487,34.621,0.0,213.25,173.0,304.414,6.342
02/02/2008,12:25:00,1015.975,80.188,68.966,34.517,0.0,208.875,170.75,271.4,6.373
02/02/2008,12:26:00,1015.975,79.688,68.84,34.491,0.0,201.875,168.875,268.777,8.32
02/02/2008,12:27:00,1016.013,77.813,69.005,34.29,0.0,118.5,129.375,275.685,6.555
02/02/2008,12:28:00,1015.975,77.938,69.118,34.115,0.0,107.938,119.375,282.463,6.659
02/02/2008,12:29:00,1016.052,74.438,69.316,33.934,0.0,7.559,68.938,296.222,8.703
02/02/2008,12:30:00,1016.013,77.313,70.566,33.513,0.0,148.875,145.625,288.264,9.092
02/02/2008,12:31:00,1016.052,78.563,71.321,33.513,0.0,207.375,178.375,290.392,8.606
02/02/2008,12:32:00,1016.09,80.188,70.764,33.623,0.0,194.75,172.5,286.836,7.304
02/02/2008,12:33:00,1016.09,81.125,71.651,33.772,0.0,168.0,158.25,331.83,6.342
02/02/2008,12:34:00,1016.128,78.625,70.858,34.089,0.0,192.0,166.0,289.736,10.37
02/02/2008,12:35:00,1016.052,80.188,70.884,34.038,0.0,203.0,167.5,263.398,6.257
02/02/2008,12:36:00,1016.09,79.938,70.275,34.115,0.0,202.0,165.75,318.974,6.208
02/02/2008,12:37:00,1016.052,79.188,70.777,34.264,0.0,74.563,100.188,290.334,4.973
02/02/2008,12:38:00,1016.052,79.125,70.155,34.452,0.0,185.625,160.625,313.859,6.33
02/02/2008,12:39:00,1016.09,78.688,69.954,34.53,0.0,150.75,141.875,279.723,8.332
02/02/2008,12:40:00,1016.167,77.563,69.018,34.368,0.0,169.125,150.375,287.783,10.449
02/02/2008,12:41:00,1016.167,79.313,70.997,34.063,0.0,181.0,158.75,302.213,6.269
02/02/2008,12:42:00,1016.128,80.25,70.812,34.465,0.0,193.625,165.0,280.86,6.805
02/02/2008,12:43:00,1016.205,77.438,69.523,34.465,0.0,123.438,129.125,308.393,7.614
02/02/2008,12:44:00,1016.167,76.0,70.09,34.264,0.0,67.875,102.0,267.275,5.721
02/02/2008,12:45:00,1016.167,78.063,71.003,34.025,0.0,187.375,159.375,286.952,7.516
02/02/2008,12:46:00,1016.205,77.438,71.92,33.999,0.0,199.75,161.375,286.894,10.833
02/02/2008,12:47:00,1016.167,77.688,71.366,33.811,0.0,209.25,164.75,282.551,9.001
02/02/2008,12:48:00,1016.205,78.625,72.477,33.908,0.0,203.0,160.875,307.081,9.202
02/02/2008,12:49:00,1016.128,77.75,71.321,33.824,0.0,160.875,139.375,310.419,8.581
02/02/2008,12:50:00,1016.167,77.188,72.014,33.649,0.0,200.125,161.875,312.109,6.732
02/02/2008,12:51:00,1016.09,79.125,72.895,33.636,0.0,196.75,162.875,352.585,5.959
02/02/2008,12:52:00,1016.013,79.438,73.099,33.759,0.0,168.5,146.875,324.776,4.723
02/02/2008,12:53:00,1016.013,79.25,72.668,33.96,0.0,197.25,159.75,340.838,3.221
02/02/2008,12:54:00,1015.975,77.938,71.36,33.726,0.0,198.625,161.875,291.762,6.865
02/02/2008,12:55:00,1015.937,80.125,73.167,33.701,0.0,193.5,158.5,303.393,4.054
02/02/2008,12:56:00,1015.898,78.813,72.94,33.986,0.0,198.875,157.625,310.564,6.768
02/02/2008,12:57:00,1015.898,79.0,71.713,34.141,0.0,207.375,160.875,298.292,6.634
02/02/2008,12:58:00,1015.898,78.5,71.275,34.025,0.0,205.75,160.0,344.394,6.78
02/02/2008,12:59:00,1015.822,77.375,73.015,33.61,0.0,203.375,159.875,325.912,7.468
02/02/2008,13:00:00,1015.822,78.625,73.371,33.649,0.0,181.125,149.25,300.741,6.853
02/02/2008,13:01:00,1015.822,78.5,72.717,33.675,0.0,190.5,154.5,341.975,7.827
02/02/2008,13:02:00,1015.822,77.625,72.691,33.487,0.0,194.75,155.5,288.687,8.904
02/02/2008,13:03:00,1015.822,77.188,73.264,33.318,0.0,178.875,146.5,317.255,6.099
02/02/2008,13:04:00,1015.822,77.25,73.39,33.318,0.0,132.375,119.375,301.455,8.594
02/02/2008,13:05:00,1015.86,78.0,73.332,33.318,0.0,193.625,151.375,299.385,5.235
02/02/2008,13:06:00,1015.898,78.313,73.258,33.292,0.0,193.875,150.875,298.642,5.807
02/02/2008,13:07:00,1015.86,77.188,72.723,33.195,0.0,199.0,153.625,286.559,7.243
02/02/2008,13:08:00,1015.822,76.938,73.245,33.026,0.0,200.625,155.125,294.808,6.756
02/02/2008,13:09:00,1015.822,77.813,74.394,32.981,0.0,199.5,153.375,280.087,6.89
02/02/2008,13:10:00,1015.86,78.813,74.145,33.292,0.0,204.875,157.625,330.008,9.19
02/02/2008,13:11:00,1015.822,79.25,72.623,33.5,0.0,180.125,150.375,329.542,6.683
02/02/2008,13:12:00,1015.822,78.125,73.611,33.551,0.0,155.375,144.25,307.766,6.592
02/02/2008,13:13:00,1015.745,79.625,72.966,33.597,0.0,192.625,163.75,302.417,6.007
02/02/2008,13:14:00,1015.745,79.688,72.092,33.726,0.0,193.75,168.0,275.409,9.312
02/02/2008,13:15:00,1015.707,80.063,72.292,33.551,0.0,181.75,167.875,326.219,3.841
02/02/2008,13:16:00,1015.668,80.688,74.19,33.577,0.0,190.0,170.0,341.727,7.291
02/02/2008,13:17:00,1015.668,79.375,74.058,33.675,0.0,187.125,162.5,320.286,8.904
02/02/2008,13:18:00,1015.63,78.188,73.28,33.597,0.0,178.25,155.75,279.271,9.762
02/02/2008,13:19:00,1015.63,77.875,72.655,33.396,0.0,171.875,151.5,302.359,7.364
02/02/2008,13:20:00,1015.63,77.688,73.879,33.091,0.0,160.5,146.5,288.206,8.843
02/02/2008,13:21:00,1015.592,75.438,73.847,32.852,0.0,152.5,137.25,284.955,10.748
02/02/2008,13:22:00,1015.592,76.75,74.634,32.56,0.0,135.0,125.75,296.251,8.253
02/02/2008,13:23:00,1015.63,77.188,74.887,32.651,0.0,145.75,130.875,303.495,5.551
02/02/2008,13:24:00,1015.668,78.313,75.363,32.839,0.0,151.25,134.0,303.044,7.742
02/02/2008,13:25:00,1015.668,78.125,74.414,32.89,0.0,140.75,130.375,317.881,6.433
02/02/2008,13:26:00,1015.745,78.188,74.284,33.143,0.0,159.0,143.625,300.507,8.545
02/02/2008,13:27:00,1015.707,79.0,73.251,33.143,0.0,168.5,150.375,295.012,6.409
02/02/2008,13:28:00,1015.707,81.063,74.812,33.169,0.0,159.125,149.375,280.014,4.504
02/02/2008,13:29:00,1015.745,80.5,73.173,33.208,0.0,181.125,162.875,290.931,7.973
02/02/2008,13:30:00,1015.783,81.063,74.54,33.078,0.0,164.875,157.125,286.952,9.141
02/02/2008,13:31:00,1015.822,80.813,74.906,33.195,0.0,161.125,155.0,293.948,8.667
02/02/2008,13:32:00,1015.822,81.313,74.66,33.13,0.0,163.375,157.875,307.708,6.865
02/02/2008,13:33:00,1015.822,81.688,74.887,33.344,0.0,91.875,126.25,315.214,3.58
02/02/2008,13:34:00,1015.822,80.188,73.212,33.305,0.0,22.953,96.563,294.546,8.18
02/02/2008,13:35:00,1015.783,83.063,75.243,33.156,0.0,23.938,101.75,340.182,3.58
02/02/2008,13:36:00,1015.822,80.688,74.608,33.331,0.0,4.871,94.063,337.689,9.859
02/02/2008,13:37:00,1015.86,80.063,73.983,32.787,0.0,60.969,128.25,305.011,10.76
02/02/2008,13:38:00,1015.86,83.25,75.35,32.469,0.0,139.5,171.0,332.617,10.772
02/02/2008,13:39:00,1015.86,83.625,76.71,32.586,0.0,60.406,135.25,301.615,6.659
02/02/2008,13:40:00,1015.86,84.875,75.93,32.839,0.0,141.125,176.5,14.596,1.784
02/02/2008,13:41:00,1015.898,85.188,75.356,32.813,0.0,100.938,153.75,313.859,8.168
02/02/2008,13:42:00,1015.937,83.438,74.812,32.994,0.0,37.781,120.125,300.988,12.08
02/02/2008,13:43:00,1015.86,83.438,74.76,32.469,0.0,110.625,148.875,296.587,8.344
02/02/2008,13:44:00,1015.86,82.75,75.936,32.443,0.0,6.453,97.563,343.301,6.519
02/02/2008,13:45:00,1015.86,83.313,75.988,32.586,0.0,58.125,129.75,330.227,4.078
02/02/2008,13:46:00,1015.86,82.875,75.632,32.722,0.0,129.625,165.75,295.246,8.618
02/02/2008,13:47:00,1015.898,80.438,75.437,32.839,0.0,28.719,109.938,294.007,9.36
02/02/2008,13:48:00,1015.86,79.063,75.33,32.56,0.0,23.469,101.625,326.175,9.013
02/02/2008,13:49:00,1015.822,77.0,75.282,32.281,0.0,37.375,108.563,347.688,4.742
02/02/2008,13:50:00,1015.86,81.25,77.196,32.333,0.0,141.625,160.25,294.779,4.839
02/02/2008,13:51:00,1015.86,79.125,76.043,32.56,0.0,3.068,90.125,290.582,8.076
02/02/2008,13:52:00,1015.86,80.313,76.189,32.573,0.0,43.0,111.438,303.67,4.425
02/02/2008,13:53:00,1015.898,84.188,75.797,32.443,0.0,113.125,153.0,318.683,5.472
02/02/2008,13:54:00,1015.898,84.813,75.486,32.203,0.0,38.0,118.313,329.862,10.821
02/02/2008,13:55:00,1015.86,86.625,76.772,31.756,0.0,21.219,112.375,341.552,9.013
02/02/2008,13:56:00,1015.86,90.25,78.543,31.853,0.0,3.004,97.063,325.14,5.064
02/02/2008,13:57:00,1015.898,90.0,77.29,32.074,0.0,1.645,94.75,313.144,6.646
02/02/2008,13:58:00,1015.898,90.5,76.856,31.97,0.0,1.897,89.313,314.791,9.75
02/02/2008,13:59:00,1015.898,90.813,77.662,31.769,0.0,4.047,94.5,340.473,7.766
02/02/2008,14:00:00,1015.898,91.625,77.947,31.769,0.0,3.574,90.75,336.086,10.2
02/02/2008,14:01:00,1015.937,92.0,77.727,31.588,0.0,3.732,94.813,310.448,8.155
02/02/2008,14:02:00,1015.937,92.438,78.265,31.374,0.0,1.455,93.125,325.971,7.364
02/02/2008,14:03:00,1015.937,93.063,78.602,31.348,0.0,2.213,90.125,341.552,7.291
02/02/2008,14:04:00,1015.937,92.75,78.809,31.348,0.0,3.227,95.625,318.202,8.308
02/02/2008,14:05:00,1015.975,94.25,79.852,31.465,0.0,1.013,90.938,294.75,5.746
02/02/2008,14:06:00,1016.013,93.5,78.809,31.542,0.0,0.728,90.063,287.287,7.863
02/02/2008,14:07:00,1016.052,93.375,78.968,31.562,0.0,8.945,92.125,307.256,6.16
02/02/2008,14:08:00,1016.052,94.5,79.593,31.614,0.0,1.36,81.25,332.559,6.817
02/02/2008,14:09:00,1016.013,94.5,78.352,31.575,0.0,0.57,76.875,333.404,7.565
02/02/2008,14:10:00,1016.052,95.375,79.327,31.588,0.0,0.696,79.688,321.423,6.233
02/02/2008,14:11:00,1016.128,95.188,78.556,31.653,0.0,4.207,85.688,301.644,10.772
02/02/2008,14:12:00,1016.052,93.438,78.663,31.387,0.0,2.15,86.563,349.7,7.553
02/02/2008,14:13:00,1016.09,94.313,79.149,31.439,0.0,20.906,107.938,315.331,9.415
02/02/2008,14:14:00,1016.128,94.063,79.8,31.439,0.0,7.906,93.5,290.552,10.097
02/02/2008,14:15:00,1016.128,94.625,78.576,31.296,0.0,1.107,89.938,295.625,5.886
02/02/2008,14:16:00,1016.128,94.563,78.803,31.043,0.0,17.203,99.5,322.312,7.553
02/02/2008,14:17:00,1016.167,95.938,79.732,31.017,0.0,34.563,113.125,318.319,9.677
02/02/2008,14:18:00,1016.167,97.063,80.13,31.056,0.0,132.75,164.75,313.276,11.295
02/02/2008,14:19:00,1016.205,94.813,79.554,31.004,0.0,1.739,98.313,325.402,9.926
02/02/2008,14:20:00,1016.205,93.625,79.256,30.817,0.0,3.574,87.688,326.962,11.417
02/02/2008,14:21:00,1016.205,95.5,80.811,30.629,0.0,0.728,70.125,316.249,9.275
02/02/2008,14:22:00,1016.205,96.875,81.471,30.667,0.0,0.917,65.188,315.506,3.841
02/02/2008,14:23:00,1016.281,96.813,81.173,30.881,0.0,0.728,61.625,304.865,8.101
02/02/2008,14:24:00,1016.281,96.063,80.48,30.804,0.0,0.57,58.188,321.015,5.551
02/02/2008,14:25:00,1016.358,95.188,80.335,30.616,0.0,0.538,55.281,324.338,7.115
02/02/2008,14:26:00,1016.358,95.813,81.076,30.389,0.0,0.506,50.063,340.036,4.754
02/02/2008,14:27:00,1016.416,95.813,81.426,30.266,0.0,0.506,46.938,304.18,5.874
02/02/2008,14:28:00,1016.416,95.75,81.028,30.175,0.0,0.506,48.469,292.01,11.514
02/02/2008,14:29:00,1016.454,96.375,82.472,30.065,0.0,0.506,45.563,315.899,4.054
02/02/2008,14:30:00,1016.454,96.063,82.142,30.039,0.0,0.506,39.844,303.452,4.59
02/02/2008,14:31:00,1016.492,96.625,83.091,30.052,0.0,0.506,38.219,329.542,3.196
02/02/2008,14:32:00,1016.492,95.875,81.941,30.026,0.0,0.506,39.188,312.459,12.439
02/02/2008,14:33:00,1016.531,95.5,82.326,29.909,0.0,0.506,39.625,330.314,6.829
02/02/2008,14:34:00,1016.531,95.875,82.926,29.805,0.0,0.506,38.625,272.144,10.431
02/02/2008,14:35:00,1016.531,96.0,83.126,29.786,0.0,0.506,36.281,284.052,13.261
02/02/2008,14:36:00,1016.569,95.938,83.635,29.682,0.0,0.506,35.781,312.547,9.598
02/02/2008,14:37:00,1016.569,96.063,83.311,29.682,0.0,0.506,36.406,311.046,7.516
02/02/2008,14:38:00,1016.569,96.25,83.502,29.63,0.0,0.506,35.406,288.541,6.671
02/02/2008,14:39:00,1016.646,96.188,84.237,29.76,0.0,0.538,35.656,302.767,7.103
02/02/2008,14:40:00,1016.646,96.063,83.058,29.618,0.0,0.538,35.063,287.069,5.235
02/02/2008,14:41:00,1016.684,96.063,83.509,29.481,0.0,0.538,32.219,300.187,6.944
02/02/2008,14:42:00,1016.722,96.313,84.098,29.468,0.0,0.506,29.859,303.364,5.326
02/02/2008,14:43:00,1016.76,96.25,84.134,29.527,0.0,0.506,28.609,304.501,4.304
02/02/2008,14:44:00,1016.799,96.0,83.59,29.553,0.0,0.538,27.641,312.59,8.502
02/02/2008,14:45:00,1016.799,95.938,84.098,29.456,0.0,0.506,25.688,292.608,6.792
02/02/2008,14:46:00,1016.837,96.0,84.344,29.507,0.0,0.538,26.016,292.156,10.407
02/02/2008,14:47:00,1016.875,95.875,84.092,29.43,0.0,0.538,25.688,284.751,5.46
02/02/2008,14:48:00,1016.914,95.75,84.325,29.404,0.0,0.538,24.906,298.263,6.707
02/02/2008,14:49:00,1016.99,95.563,84.211,29.339,0.0,0.538,24.016,321.54,9.987
02/02/2008,14:50:00,1017.009,95.688,84.752,29.248,0.0,0.538,22.078,312.824,5.551
02/02/2008,14:51:00,1017.009,95.313,84.286,29.151,0.0,0.538,21.109,312.547,8.228
02/02/2008,14:52:00,1017.201,95.313,84.244,29.021,0.0,0.538,20.219,301.338,14.125
02/02/2008,14:53:00,1017.163,95.188,85.277,28.788,0.0,0.506,20.0,291.471,5.052
02/02/2008,14:54:00,1017.163,95.375,85.513,28.736,0.0,0.538,19.938,310.637,8.843
02/02/2008,14:55:00,1017.163,95.25,85.983,28.71,0.0,0.538,19.406,283.338,3.732
02/02/2008,14:56:00,1017.22,95.188,85.575,28.613,0.0,0.506,19.531,292.097,11.155
02/02/2008,14:57:00,1017.201,95.313,86.288,28.561,0.0,0.538,18.859,287.492,9.573
02/02/2008,14:58:00,1017.201,95.5,86.55,28.587,0.0,0.538,18.156,290.042,7.45
02/02/2008,14:59:00,1017.258,95.438,86.815,28.671,0.0,0.538,17.906,310.448,7.492
02/02/2008,15:00:00,1017.258,95.563,86.446,28.71,0.0,0.538,18.016,317.094,9.689
02/02/2008,15:01:00,1017.22,95.625,86.611,28.697,0.0,0.538,18.922,314.194,7.34
02/02/2008,15:02:00,1017.22,95.75,86.751,28.749,0.0,0.57,19.297,313.276,6.007
02/02/2008,15:03:00,1017.22,95.688,86.579,28.801,0.0,0.57,19.0,284.329,5.113
02/02/2008,15:04:00,1017.22,95.75,86.709,28.827,0.0,0.57,18.719,302.738,4.091
02/02/2008,15:05:00,1017.258,95.625,86.598,28.918,0.0,0.57,18.484,321.89,7.456
02/02/2008,15:06:00,1017.297,95.75,86.378,28.853,0.0,0.57,19.484,306.848,9.859
02/02/2008,15:07:00,1017.297,95.375,86.271,28.788,0.0,0.57,19.219,321.481,5.496
02/02/2008,15:08:00,1017.297,95.438,86.485,28.697,0.0,0.57,18.375,326.306,5.934
02/02/2008,15:09:00,1017.373,95.5,86.744,28.684,0.0,0.57,18.344,295.654,6.433
02/02/2008,15:10:00,1017.373,95.688,87.12,28.736,0.0,0.601,20.156,307.198,8.63
02/02/2008,15:11:00,1017.373,95.438,86.738,28.736,0.0,0.57,23.797,308.757,6.981
02/02/2008,15:12:00,1017.412,95.375,86.676,28.788,0.0,0.57,24.016,282.055,10.334
02/02/2008,15:13:00,1017.488,95.25,86.281,28.671,0.0,0.57,26.641,288.803,9.476
02/02/2008,15:14:00,1017.488,95.438,86.307,28.561,0.0,0.57,29.219,260.789,8.776
02/02/2008,15:15:00,1017.527,95.438,86.492,28.509,0.0,0.57,28.828,290.246,9.896
02/02/2008,15:16:00,1017.527,95.313,86.517,28.535,0.0,0.57,25.688,275.234,7.316
02/02/2008,15:17:00,1017.527,95.313,86.391,28.47,0.0,0.57,23.359,277.114,8.028
02/02/2008,15:18:00,1017.527,95.125,86.618,28.419,0.0,0.57,21.438,278.542,8.94
02/02/2008,15:19:00,1017.603,95.313,86.65,28.406,0.0,0.57,23.797,274.84,12.129
02/02/2008,15:20:00,1017.641,95.313,86.848,28.38,0.0,0.57,25.234,296.324,9.226
02/02/2008,15:21:00,1017.641,95.313,86.994,28.419,0.0,0.57,23.359,290.042,6.969
02/02/2008,15:22:00,1017.68,95.5,86.841,28.419,0.0,0.601,21.516,291.121,9.938
02/02/2008,15:23:00,1017.641,95.313,87.24,28.432,0.0,0.57,20.953,292.608,6.494
02/02/2008,15:24:00,1017.68,95.375,87.57,28.509,0.0,0.57,19.078,312.518,6.89
02/02/2008,15:25:00,1017.718,95.25,87.146,28.548,0.0,0.601,17.125,288.41,11.715
02/02/2008,15:26:00,1017.795,95.0,86.663,28.457,0.0,0.57,16.453,316.453,9.598
02/02/2008,15:27:00,1017.718,95.125,87.139,28.432,0.0,0.57,16.281,312.08,10.407
02/02/2008,15:28:00,1017.68,95.125,87.168,28.419,0.0,0.57,17.266,313.829,9.798
02/02/2008,15:29:00,1017.756,94.938,87.068,28.406,0.0,0.57,17.688,311.905,10.06
02/02/2008,15:30:00,1017.68,94.813,86.854,28.244,0.0,0.601,17.016,304.268,5.697
02/02/2008,15:31:00,1017.718,95.063,87.279,28.205,0.0,0.57,16.422,302.475,4.316
02/02/2008,15:32:00,1017.68,95.188,87.518,28.257,0.0,0.601,15.742,291.208,6.506
02/02/2008,15:33:00,1017.641,94.875,87.411,28.269,0.0,0.57,16.063,317.094,7.078
02/02/2008,15:34:00,1017.641,95.188,87.473,28.308,0.0,0.57,15.016,279.577,4.803
02/02/2008,15:35:00,1017.641,95.063,87.599,28.38,0.0,0.601,14.664,312.62,14.186
02/02/2008,15:36:00,1017.603,95.125,87.379,28.341,0.0,0.601,14.414,329.44,12.439
02/02/2008,15:37:00,1017.603,94.938,87.253,28.179,0.0,0.601,14.578,296.528,11.119
02/02/2008,15:38:00,1017.603,94.938,87.486,28.101,0.0,0.57,15.148,316.628,8.393
02/02/2008,15:39:00,1017.565,95.0,88.053,28.114,0.0,0.601,15.5,296.106,7.005
02/02/2008,15:40:00,1017.603,95.25,88.283,28.179,0.0,0.601,16.563,292.156,6.92
02/02/2008,15:41:00,1017.603,95.0,87.871,28.205,0.0,0.601,16.688,325.519,11.867
02/02/2008,15:42:00,1017.641,94.813,87.823,28.14,0.0,0.57,16.063,316.132,13.121
02/02/2008,15:43:00,1017.603,94.75,87.538,28.03,0.0,0.57,15.828,344.248,8.867
02/02/2008,15:44:00,1017.603,95.0,87.849,27.991,0.0,0.601,14.609,308.903,10.322
02/02/2008,15:45:00,1017.68,95.0,88.15,28.03,0.0,0.601,13.141,294.692,5.46
02/02/2008,15:46:00,1017.68,95.063,88.276,28.088,0.0,0.601,12.141,316.599,3.294
02/02/2008,15:47:00,1017.718,95.063,88.098,28.179,0.0,0.601,11.57,275.89,8.003
02/02/2008,15:48:00,1017.718,95.063,87.949,28.14,0.0,0.601,11.273,310.477,10.346
02/02/2008,15:49:00,1017.756,94.75,87.751,28.127,0.0,0.601,11.547,290.363,7.23
02/02/2008,15:50:00,1017.833,94.875,87.751,28.14,0.0,0.601,12.844,294.867,8.125
02/02/2008,15:51:00,1017.91,95.063,88.13,28.166,0.0,0.601,13.789,303.845,8.344
02/02/2008,15:52:00,1017.833,94.813,87.525,28.114,0.0,0.601,13.953,327.21,7.194
02/02/2008,15:53:00,1017.833,94.75,87.69,28.088,0.0,0.633,13.875,339.351,8.679
02/02/2008,15:54:00,1017.795,95.063,87.771,28.088,0.0,0.601,13.711,314.194,7.091
02/02/2008,15:55:00,1017.795,94.875,87.732,28.075,0.0,0.601,13.602,333.302,8.466
02/02/2008,15:56:00,1017.795,95.0,87.897,28.101,0.0,0.601,13.523,325.854,5.837
02/02/2008,15:57:00,1017.833,94.625,87.625,28.114,0.0,0.601,12.656,326.452,8.441
02/02/2008,15:58:00,1017.833,94.813,87.836,28.03,0.0,0.601,12.305,332.136,5.508
02/02/2008,15:59:00,1017.91,94.625,87.703,27.978,0.0,0.601,11.734,329.294,11.703
02/02/2008,16:00:00,1017.948,94.688,87.868,27.978,0.0,0.601,10.758,280.379,8.228
02/02/2008,16:01:00,1017.986,94.813,88.137,27.952,0.0,0.601,10.188,291.587,7.218
02/02/2008,16:02:00,1018.063,94.688,88.257,27.978,0.0,0.601,9.32,294.663,6.829
02/02/2008,16:03:00,1018.063,94.625,88.25,27.952,0.0,0.601,8.508,305.58,4.863
02/02/2008,16:04:00,1018.12,94.75,88.296,28.03,0.0,0.633,8.234,297.476,8.241
02/02/2008,16:05:00,1018.12,94.875,88.153,28.004,0.0,0.601,8.133,299.779,8.539
02/02/2008,16:06:00,1018.082,94.813,88.143,28.043,0.0,0.633,8.266,309.967,9.835
02/02/2008,16:07:00,1018.12,94.75,88.305,27.991,0.0,0.633,8.453,289.124,4.468
02/02/2008,16:08:00,1018.12,94.688,87.968,27.978,0.0,0.601,8.641,285.378,9.938
02/02/2008,16:09:00,1018.082,94.75,88.111,27.926,0.0,0.601,8.75,275.496,7.626
02/02/2008,16:10:00,1018.082,94.688,88.066,27.9,0.0,0.601,8.969,287.914,10.571
02/02/2008,16:11:00,1018.082,94.625,88.092,27.887,0.0,0.633,8.969,295.595,11.752
02/02/2008,16:12:00,1018.082,94.75,88.143,27.796,0.0,0.633,9.0,299.298,10.845
02/02/2008,16:13:00,1018.063,94.625,88.305,27.77,0.0,0.601,8.969,290.99,7.078
02/02/2008,16:14:00,1018.12,94.75,88.325,27.77,0.0,0.633,9.078,282.142,10.273
02/02/2008,16:15:00,1018.082,94.813,88.402,27.77,0.0,0.601,8.781,287.754,7.255
02/02/2008,16:16:00,1018.12,94.875,88.344,27.77,0.0,0.633,8.289,293.526,7.675
02/02/2008,16:17:00,1018.12,94.813,88.548,27.809,0.0,0.633,7.914,300.376,6.36
02/02/2008,16:18:00,1018.159,95.0,88.61,27.861,0.0,0.601,7.613,295.785,4.839
02/02/2008,16:19:00,1018.12,95.0,88.833,27.939,0.0,0.696,7.695,320.228,3.58
02/02/2008,16:20:00,1018.159,95.0,88.642,28.043,0.0,0.633,7.695,332.617,5.326
02/02/2008,16:21:00,1018.12,95.0,88.548,28.043,0.0,0.633,7.586,338.841,4.103
02/02/2008,16:22:00,1018.159,95.0,88.244,28.075,0.0,0.633,7.289,342.295,9.452
02/02/2008,16:23:00,1018.12,94.938,88.276,27.991,0.0,0.633,7.371,334.177,5.21
02/02/2008,16:24:00,1018.12,94.813,88.25,27.978,0.0,0.633,7.426,0.968,5.588
02/02/2008,16:25:00,1018.082,94.813,88.004,27.822,0.0,0.633,7.316,350.53,10.748
02/02/2008,16:26:00,1018.082,94.75,88.283,27.861,0.0,0.633,7.289,331.378,5.825
02/02/2008,16:27:00,1018.082,94.688,88.283,27.796,0.0,0.633,7.152,338.535,4.985
02/02/2008,16:28:00,1018.082,94.813,88.396,27.77,0.0,0.633,7.207,283.833,5.089
02/02/2008,16:29:00,1018.082,94.75,88.296,27.764,0.0,0.633,6.801,326.933,7.723
02/02/2008,16:30:00,1018.063,94.688,88.597,27.783,0.0,0.633,6.559,329.6,4.078
02/02/2008,16:31:00,1018.063,94.75,88.509,27.764,0.0,0.601,6.289,290.961,3.099
02/02/2008,16:32:00,1018.082,95.125,88.642,27.77,0.0,0.696,5.5,337.238,3.519
02/02/2008,16:33:00,1018.082,94.813,88.736,27.822,0.0,0.633,5.719,329.352,1.76
02/02/2008,16:34:00,1018.12,94.875,88.636,27.861,0.0,0.633,5.527,299.239,2.947
02/02/2008,16:35:00,1018.12,94.688,88.807,27.926,0.0,0.696,5.176,309.282,5.338
02/02/2008,16:36:00,1018.12,94.938,88.668,27.887,0.0,0.633,5.012,345.808,2.204
02/02/2008,16:37:00,1018.159,94.813,88.597,27.874,0.0,0.633,4.688,303.044,7.699
02/02/2008,16:38:00,1018.12,94.938,88.7,27.835,0.0,0.633,4.445,321.394,4.377
02/02/2008,16:39:00,1018.159,94.688,88.713,27.796,0.0,0.633,4.227,334.803,6.646
02/02/2008,16:40:00,1018.159,94.813,88.921,27.809,0.0,0.633,4.172,346.668,4.936
02/02/2008,16:41:00,1018.197,94.563,88.775,27.796,0.0,0.633,4.227,325.883,4.425
02/02/2008,16:42:00,1018.197,94.625,88.921,27.77,0.0,0.633,4.578,329.775,6.695
02/02/2008,16:43:00,1018.197,94.25,88.755,27.738,0.0,0.633,5.148,327.268,8.819
02/02/2008,16:44:00,1018.197,94.563,88.649,27.621,0.0,0.633,4.824,317.459,5.149
02/02/2008,16:45:00,1018.274,94.188,88.568,27.531,0.0,0.601,4.715,307.023,6.671
02/02/2008,16:46:00,1018.274,94.375,88.755,27.479,0.0,0.633,4.988,307.649,7.364
02/02/2008,16:47:00,1018.312,94.188,88.94,27.492,0.0,0.633,4.934,340.604,7.34
02/02/2008,16:48:00,1018.35,94.125,88.338,27.395,0.0,0.633,4.934,337.66,9.452
02/02/2008,16:49:00,1018.274,94.375,88.788,27.369,0.0,0.633,4.824,339.788,4.018
02/02/2008,16:50:00,1018.312,94.25,88.629,27.382,0.0,0.633,4.906,340.604,8.581
02/02/2008,16:51:00,1018.274,94.25,88.325,27.33,0.0,0.633,5.094,340.575,5.746
02/02/2008,16:52:00,1018.274,94.125,88.496,27.31,0.0,0.633,5.203,335.634,9.275
02/02/2008,16:53:00,1018.274,93.625,87.829,27.148,0.0,0.601,5.258,340.473,7.437
02/02/2008,16:54:00,1018.274,93.813,88.331,27.083,0.0,0.601,4.988,315.768,7.565
02/02/2008,16:55:00,1018.274,93.875,88.377,27.019,0.0,0.633,4.66,312.911,7.827
02/02/2008,16:56:00,1018.274,94.0,88.37,26.967,0.0,0.633,4.336,326.335,8.502
02/02/2008,16:57:00,1018.274,94.0,88.59,26.967,0.0,0.633,4.121,310.564,9.378
02/02/2008,16:58:00,1018.274,94.25,88.807,27.032,0.0,0.633,4.199,307.591,3.02
02/02/2008,16:59:00,1018.274,94.313,88.879,27.122,0.0,0.633,4.254,312.999,6.993
02/02/2008,17:00:00,1018.274,94.125,88.687,27.109,0.0,0.633,4.039,299.21,7.115
02/02/2008,17:01:00,1018.312,94.125,88.522,27.109,0.0,0.633,3.93,300.216,4.541
02/02/2008,17:02:00,1018.312,94.375,88.529,27.122,0.0,0.696,3.631,334.323,6.056
02/02/2008,17:03:00,1018.35,94.125,88.357,27.161,0.0,0.633,3.387,289.066,9.561
02/02/2008,17:04:00,1018.35,94.125,88.597,27.161,0.0,0.633,3.197,302.14,4.949
02/02/2008,17:05:00,1018.35,94.25,88.338,27.207,0.0,0.633,3.063,287.375,5.435
02/02/2008,17:06:00,1018.388,94.438,88.318,27.22,0.0,0.696,2.98,330.227,5.326
02/02/2008,17:07:00,1018.427,94.25,88.244,27.233,0.0,0.696,2.98,315.272,4.389
02/02/2008,17:08:00,1018.427,94.0,87.985,27.22,0.0,0.633,2.791,0.559,6.093
02/02/2008,17:09:00,1018.465,94.0,87.683,27.246,0.0,0.633,2.547,338.987,7.468
02/02/2008,17:10:00,1018.427,94.25,87.91,27.258,0.0,0.633,2.385,303.729,5.734
02/02/2008,17:11:00,1018.465,94.0,87.868,27.246,0.0,0.633,2.277,327.778,6.768
02/02/2008,17:12:00,1018.503,94.125,88.004,27.284,0.0,0.633,2.006,315.87,5.575
02/02/2008,17:13:00,1018.503,94.125,88.296,27.343,0.0,0.696,1.816,346.551,4.602
02/02/2008,17:14:00,1018.503,94.25,88.237,27.408,0.0,0.696,1.734,2.017,4.851
02/02/2008,17:15:00,1018.503,94.313,88.004,27.408,0.0,0.633,1.437,339.161,6.659
02/02/2008,17:16:00,1018.503,94.313,87.917,27.343,0.0,0.696,1.355,329.891,4.492
02/02/2008,17:17:00,1018.542,94.125,88.004,27.343,0.0,0.633,1.328,0.414,8.606
02/02/2008,17:18:00,1018.503,94.125,88.079,27.33,0.0,0.633,1.166,346.245,6.695
02/02/2008,17:19:00,1018.542,94.0,88.15,27.382,0.0,0.696,1.084,313.742,2.77
02/02/2008,17:20:00,1018.542,94.25,88.283,27.382,0.0,0.633,0.949,332.646,3.409
02/02/2008,17:21:00,1018.58,94.188,88.014,27.382,0.0,0.633,0.813,301.557,9.634
02/02/2008,17:22:00,1018.618,94.0,87.968,27.369,0.0,0.633,0.624,309.049,5.314
02/02/2008,17:23:00,1018.58,93.938,87.81,27.356,0.0,0.696,0.488,293.045,5.302
02/02/2008,17:24:00,1018.657,93.875,87.683,27.284,0.0,0.633,0.326,296.222,3.628
02/02/2008,17:25:00,1018.657,94.0,87.868,27.284,0.0,0.633,0.298,282.915,5.052
02/02/2008,17:26:00,1018.657,93.875,87.923,27.343,0.0,0.696,0.271,340.473,3.78
02/02/2008,17:27:00,1018.695,93.625,87.029,27.22,0.0,0.633,0.271,321.89,8.192
02/02/2008,17:28:00,1018.733,93.75,87.042,27.161,0.0,0.633,0.19,332.107,5.6
02/02/2008,17:29:00,1018.733,93.625,86.631,27.071,0.0,0.633,0.19,-0.986,6.695
02/02/2008,17:30:00,1018.695,93.563,86.385,26.967,0.0,0.601,0.163,342.893,5.198
02/02/2008,17:31:00,1018.695,93.5,86.896,26.954,0.0,0.601,0.163,352.76,4.851
02/02/2008,17:32:00,1018.695,94.0,86.689,26.928,0.0,0.633,0.136,347.776,3.853
02/02/2008,17:33:00,1018.695,93.5,86.948,26.954,0.0,0.633,0.163,339.191,6.433
02/02/2008,17:34:00,1018.657,93.813,87.146,27.019,0.0,0.633,0.136,14.537,5.995
02/02/2008,17:35:00,1018.657,93.875,86.948,26.993,0.0,0.633,0.136,351.39,6.993
02/02/2008,17:36:00,1018.657,93.813,87.113,27.006,0.0,0.633,0.136,352.819,10.906
02/02/2008,17:37:00,1018.695,93.688,87.1,27.058,0.0,0.633,0.136,336.261,6.056
02/02/2008,17:38:00,1018.657,93.813,87.01,27.071,0.0,0.633,0.136,1.23,2.935
02/02/2008,17:39:00,1018.695,93.75,87.016,27.032,0.0,0.633,0.136,343.753,8.168
02/02/2008,17:40:00,1018.657,93.813,87.133,27.083,0.0,0.633,0.136,3.504,6.068
02/02/2008,17:41:00,1018.657,93.625,87.023,27.006,0.0,0.601,0.136,338.535,3.616
02/02/2008,17:42:00,1018.618,94.0,87.113,27.096,0.0,0.601,0.136,33.981,2.496
02/02/2008,17:43:00,1018.58,93.75,87.22,27.071,0.0,0.633,0.136,352.163,1.571
02/02/2008,17:44:00,1018.58,93.813,87.162,27.109,0.0,0.601,0.136,336.261,4.462
02/02/2008,17:45:00,1018.58,93.75,87.288,27.135,0.0,0.633,0.136,344.554,5.052
02/02/2008,17:46:00,1018.542,93.813,87.12,27.181,0.0,0.601,0.136,25.207,5.423
02/02/2008,17:47:00,1018.503,93.625,86.796,27.109,0.0,0.633,0.136,11.127,5.137
02/02/2008,17:48:00,1018.503,93.688,87.0,27.096,0.0,0.601,0.136,6.506,3.878
02/02/2008,17:49:00,1018.427,93.688,87.1,27.083,0.0,0.633,0.136,9.421,3.945
02/02/2008,17:50:00,1018.465,93.813,87.094,27.096,0.0,0.633,0.136,10.077,5.746
02/02/2008,17:51:00,1018.427,93.563,86.841,27.058,0.0,0.633,0.136,10.821,6.592
02/02/2008,17:52:00,1018.427,93.75,86.942,27.006,0.0,0.601,0.136,7.089,2.429
02/02/2008,17:53:00,1018.465,93.625,86.981,27.045,0.0,0.633,0.136,317.167,6.519
02/02/2008,17:54:00,1018.503,93.563,87.049,27.032,0.0,0.633,0.136,313.392,3.89
02/02/2008,17:55:00,1018.465,93.563,86.877,27.045,0.0,0.633,0.136,274.374,3.695
02/02/2008,17:56:00,1018.503,93.625,86.751,27.032,0.0,0.601,0.136,312.62,3.111
02/02/2008,17:57:00,1018.465,93.688,86.783,27.032,0.0,0.633,0.136,332.194,3.841
02/02/2008,17:58:00,1018.465,93.813,86.87,27.071,0.0,0.601,0.136,316.919,2.192
02/02/2008,17:59:00,1018.427,93.75,86.89,27.109,0.0,0.633,0.136,310.696,4.924
02/02/2008,18:00:00,1018.427,93.688,86.916,27.135,0.0,0.633,0.136,305.58,4.139
02/02/2008,18:01:00,1018.465,93.688,87.016,27.135,0.0,0.633,0.136,331.626,3.841
02/02/2008,18:02:00,1018.465,93.625,87.146,27.181,0.0,0.633,0.136,325.082,4.888
02/02/2008,18:03:00,1018.503,93.688,87.087,27.22,0.0,0.633,0.136,292.841,5.521
02/02/2008,18:04:00,1018.503,93.625,86.909,27.207,0.0,0.696,0.136,347.644,2.77
02/02/2008,18:05:00,1018.503,93.625,86.929,27.22,0.0,0.696,0.136,344.642,1.133
02/02/2008,18:06:00,1018.503,93.625,87.036,27.246,0.0,0.633,0.136,329.775,4.115
02/02/2008,18:07:00,1018.503,93.625,86.981,27.258,0.0,0.633,0.163,331.597,6.768
02/02/2008,18:08:00,1018.503,93.688,86.955,27.258,0.0,0.633,0.136,331.48,5.259
02/02/2008,18:09:00,1018.503,93.625,87.055,27.258,0.0,0.633,0.136,315.899,3.081
02/02/2008,18:10:00,1018.503,93.563,86.712,27.233,0.0,0.633,0.136,332.588,3.969
02/02/2008,18:11:00,1018.542,93.563,86.854,27.246,0.0,0.601,0.136,321.161,3.817
02/02/2008,18:12:00,1018.542,93.625,86.903,27.284,0.0,0.633,0.163,2.163,3.245
02/02/2008,18:13:00,1018.542,93.563,86.777,27.271,0.0,0.633,0.136,346.464,4.316
02/02/2008,18:14:00,1018.542,93.625,86.903,27.271,0.0,0.696,0.136,333.929,3.056
02/02/2008,18:15:00,1018.542,93.5,86.504,27.246,0.0,0.633,0.136,16.359,4.553
02/02/2008,18:16:00,1018.58,93.5,86.446,27.194,0.0,0.633,0.136,341.202,7.577
02/02/2008,18:17:00,1018.542,93.563,86.55,27.135,0.0,0.633,0.136,305.492,2.995
02/02/2008,18:18:00,1018.542,93.5,86.498,27.122,0.0,0.633,0.136,334.206,3.89
02/02/2008,18:19:00,1018.503,93.5,86.504,27.096,0.0,0.696,0.136,322.21,2.344
02/02/2008,18:20:00,1018.542,93.5,86.573,27.071,0.0,0.633,0.136,317.881,1.979
02/02/2008,18:21:00,1018.58,93.438,86.605,27.058,0.0,0.633,0.136,344.277,2.807
02/02/2008,18:22:00,1018.58,93.5,86.718,27.083,0.0,0.633,0.136,348.796,2.32
02/02/2008,18:23:00,1018.58,93.438,86.751,27.083,0.0,0.696,0.136,315.564,3.306
02/02/2008,18:24:00,1018.58,93.563,86.731,27.083,0.0,0.696,0.136,319.82,4.687
02/02/2008,18:25:00,1018.542,93.5,86.738,27.083,0.0,0.633,0.136,303.845,3.409
02/02/2008,18:26:00,1018.542,93.563,86.828,27.083,0.0,0.633,0.136,329.6,2.216
02/02/2008,18:27:00,1018.58,93.5,86.556,27.083,0.0,0.696,0.136,316.949,4.529
02/02/2008,18:28:00,1018.58,93.563,86.624,27.096,0.0,0.633,0.136,339.847,3.531
02/02/2008,18:29:00,1018.542,93.625,86.65,27.071,0.0,0.633,0.136,333.492,3.58
02/02/2008,18:30:00,1018.58,93.625,86.77,27.096,0.0,0.633,0.136,337.121,3.841
02/02/2008,18:31:00,1018.618,93.5,86.909,27.161,0.0,0.696,0.136,314.048,3.245
02/02/2008,18:32:00,1018.657,93.625,87.062,27.207,0.0,0.696,0.136,325.563,4.243
02/02/2008,18:33:00,1018.657,93.75,87.156,27.258,0.0,0.696,0.136,348.883,5.624
02/02/2008,18:34:00,1018.657,93.75,87.175,27.343,0.0,0.696,0.136,347.003,4.723
02/02/2008,18:35:00,1018.657,93.813,87.201,27.395,0.0,0.696,0.136,332.457,4.267
02/02/2008,18:36:00,1018.657,93.813,87.266,27.472,0.0,0.696,0.136,14.027,3.099
02/02/2008,18:37:00,1018.618,93.75,86.877,27.459,0.0,0.696,0.136,340.415,2.557
02/02/2008,18:38:00,1018.58,93.75,86.618,27.459,0.0,0.696,0.136,5.559,2.795
02/02/2008,18:39:00,1018.58,93.688,86.543,27.459,0.0,0.696,0.136,-0.782,1.967
02/02/2008,18:40:00,1018.58,93.625,86.579,27.408,0.0,0.696,0.136,347.688,2.746
02/02/2008,18:41:00,1018.58,93.625,86.657,27.459,0.0,0.696,0.136,351.361,5.064
02/02/2008,18:42:00,1018.58,93.563,86.841,27.459,0.0,0.696,0.136,335.241,2.661
02/02/2008,18:43:00,1018.618,93.5,86.909,27.505,0.0,0.696,0.136,340.153,2.697
02/02/2008,18:44:00,1018.657,93.438,86.738,27.544,0.0,0.696,0.136,339.555,5.375
02/02/2008,18:45:00,1018.695,93.25,86.417,27.472,0.0,0.696,0.136,328.755,3.604
02/02/2008,18:46:00,1018.733,93.125,85.798,27.472,0.0,0.696,0.136,19.682,4.529
02/02/2008,18:47:00,1018.733,93.0,85.355,27.271,0.0,0.633,0.136,325.738,4.723
02/02/2008,18:48:00,1018.771,93.0,85.27,27.258,0.0,0.633,0.136,11.739,6.245
02/02/2008,18:49:00,1018.771,92.813,85.254,27.207,0.0,0.633,0.136,12.832,4.243
02/02/2008,18:50:00,1018.733,92.938,85.316,27.207,0.0,0.696,0.136,16.913,5.338
02/02/2008,18:51:00,1018.771,92.75,85.27,27.207,0.0,0.633,0.136,346.843,5.819
02/02/2008,18:52:00,1018.81,92.813,85.254,27.22,0.0,0.633,0.136,14.26,7.042
02/02/2008,18:53:00,1018.886,92.563,85.138,27.181,0.0,0.633,0.136,346.099,6.671
02/02/2008,18:54:00,1018.886,92.625,84.879,27.109,0.0,0.633,0.136,315.272,3.683
02/02/2008,18:55:00,1018.886,92.688,85.07,27.122,0.0,0.633,0.136,311.279,5.162
02/02/2008,18:56:00,1018.925,93.063,85.05,27.109,0.0,0.633,0.136,327.924,2.624
02/02/2008,18:57:00,1018.944,93.063,85.222,27.161,0.0,0.633,0.136,293.322,2.959
02/02/2008,18:58:00,1018.944,93.125,85.089,27.161,0.0,0.633,0.136,341.581,3.543
02/02/2008,18:59:00,1018.982,93.0,85.261,27.174,0.0,0.633,0.136,324.63,5.289
02/02/2008,19:00:00,1019.021,93.063,85.196,27.258,0.0,0.696,0.136,18.006,3.172
02/02/2008,19:01:00,1019.059,92.875,84.992,27.181,0.0,0.633,0.136,345.779,4.042
02/02/2008,19:02:00,1019.059,93.0,85.037,27.207,0.0,0.696,0.136,304.122,3.567
02/02/2008,19:03:00,1019.097,92.938,85.031,27.194,0.0,0.633,0.136,297.301,2.886
02/02/2008,19:04:00,1019.097,93.0,85.122,27.22,0.0,0.633,0.163,344.103,3.111
02/02/2008,19:05:00,1019.097,93.0,84.985,27.233,0.0,0.633,0.136,330.285,6.616
02/02/2008,19:06:00,1019.135,93.063,84.752,27.22,0.0,0.633,0.136,324.061,4.973
02/02/2008,19:07:00,1019.174,93.063,84.833,27.233,0.0,0.696,0.163,315.739,4.218
02/02/2008,19:08:00,1019.212,93.125,84.992,27.246,0.0,0.633,0.136,327.501,5.113
02/02/2008,19:09:00,1019.212,93.0,84.739,27.258,0.0,0.696,0.136,323.974,5.411
02/02/2008,19:10:00,1019.25,92.875,84.594,27.271,0.0,0.633,0.136,336.494,3.993
02/02/2008,19:11:00,1019.25,92.688,84.448,27.271,0.0,0.633,0.136,333.696,6.293
02/02/2008,19:12:00,1019.289,92.688,84.428,27.271,0.0,0.633,0.136,343.301,6.829
02/02/2008,19:13:00,1019.289,92.625,84.338,27.31,0.0,0.633,0.136,334.177,5.588
02/02/2008,19:14:00,1019.289,92.5,83.946,27.258,0.0,0.633,0.136,323.712,4.054
02/02/2008,19:15:00,1019.289,92.625,83.913,27.22,0.0,0.633,0.136,317.459,2.746
02/02/2008,19:16:00,1019.327,92.625,84.001,27.207,0.0,0.633,0.136,305.886,2.545
02/02/2008,19:17:00,1019.327,92.313,84.02,27.233,0.0,0.633,0.136,314.31,1.657
02/02/2008,19:18:00,1019.365,92.375,83.994,27.207,0.0,0.633,0.136,307.999,3.008
02/02/2008,19:19:00,1019.365,91.938,84.02,27.246,0.0,0.633,0.136,305.011,1.657
02/02/2008,19:20:00,1019.404,92.125,84.092,27.258,0.0,0.633,0.136,352.848,4.462
02/02/2008,19:21:00,1019.404,92.5,84.237,27.284,0.0,0.633,0.136,314.85,3.646
02/02/2008,19:22:00,1019.404,92.25,84.224,27.31,0.0,0.633,0.136,329.352,1.943
02/02/2008,19:23:00,1019.442,92.313,84.14,27.343,0.0,0.633,0.136,305.434,4.815
02/02/2008,19:24:00,1019.442,92.375,83.946,27.343,0.0,0.633,0.136,327.151,4.127
02/02/2008,19:25:00,1019.48,92.188,84.098,27.343,0.0,0.633,0.136,347.266,3.172
02/02/2008,19:26:00,1019.48,92.188,84.072,27.369,0.0,0.633,0.136,332.253,3.932
02/02/2008,19:27:00,1019.557,91.938,84.027,27.382,0.0,0.633,0.136,333.156,5.734
02/02/2008,19:28:00,1019.557,91.75,83.683,27.395,0.0,0.633,0.136,341.042,6.616
02/02/2008,19:29:00,1019.634,91.625,83.224,27.356,0.0,0.633,0.136,302.869,4.973
02/02/2008,19:30:00,1019.634,92.313,83.146,27.31,0.0,0.633,0.136,334.526,6.878
02/02/2008,19:31:00,1019.634,92.25,83.12,27.271,0.0,0.601,0.136,333.244,5.673
02/02/2008,19:32:00,1019.595,92.5,83.343,27.258,0.0,0.601,0.136,332.428,5.746
02/02/2008,19:33:00,1019.595,92.188,83.463,27.246,0.0,0.633,0.136,327.545,3.385
02/02/2008,19:34:00,1019.595,92.25,83.522,27.246,0.0,0.633,0.136,344.219,4.961
02/02/2008,19:35:00,1019.634,92.125,83.564,27.246,0.0,0.633,0.136,349.219,2.332
02/02/2008,19:36:00,1019.634,92.438,83.667,27.246,0.0,0.633,0.136,336.975,1.182
02/02/2008,19:37:00,1019.634,92.5,83.654,27.233,0.0,0.633,0.136,331.349,4.602
02/02/2008,19:38:00,1019.672,92.563,83.622,27.258,0.0,0.633,0.163,339.526,4.48
02/02/2008,19:39:00,1019.672,92.563,83.602,27.258,0.0,0.633,0.136,340.094,4.754
02/02/2008,19:40:00,1019.672,92.625,83.298,27.258,0.0,0.633,0.163,336.829,3.592
02/02/2008,19:41:00,1019.672,92.563,83.324,27.207,0.0,0.633,0.136,352.79,2.673
02/02/2008,19:42:00,1019.634,92.5,83.418,27.22,0.0,0.633,0.136,307.766,1.857
02/02/2008,19:43:00,1019.672,92.375,83.483,27.271,0.0,0.633,0.136,1.988,2.32
02/02/2008,19:44:00,1019.672,92.75,83.528,27.233,0.0,0.633,0.136,349.335,3.367
02/02/2008,19:45:00,1019.71,92.5,83.489,27.258,0.0,0.633,0.136,349.102,4.614
02/02/2008,19:46:00,1019.749,92.5,83.551,27.284,0.0,0.633,0.136,-0.155,2.393
02/02/2008,19:47:00,1019.749,92.688,83.557,27.258,0.0,0.633,0.136,40.875,2.557
02/02/2008,19:48:00,1019.749,92.688,83.69,27.271,0.0,0.633,0.136,38.674,3.196
02/02/2008,19:49:00,1019.787,92.625,83.794,27.297,0.0,0.633,0.136,54.489,3.506
02/02/2008,19:50:00,1019.787,92.563,83.515,27.284,0.0,0.633,0.136,29.637,5.003
02/02/2008,19:51:00,1019.787,92.688,83.641,27.31,0.0,0.633,0.136,26.46,1.955
02/02/2008,19:52:00,1019.787,92.688,83.674,27.369,0.0,0.633,0.136,27.422,2.07
02/02/2008,19:53:00,1019.787,92.688,83.509,27.382,0.0,0.633,0.136,-0.359,2.046
02/02/2008,19:54:00,1019.787,92.688,83.489,27.382,0.0,0.633,0.136,6.229,2.442
02/02/2008,19:55:00,1019.787,92.688,83.463,27.382,0.0,0.633,0.136,42.464,-0.059
02/02/2008,19:56:00,1019.787,92.688,83.564,27.395,0.0,0.633,0.136,13.138,0.914
02/02/2008,19:57:00,1019.844,92.625,83.489,27.356,0.0,0.633,0.136,335.868,-0.199
02/02/2008,19:58:00,1019.844,92.5,83.628,27.395,0.0,0.633,0.136,270.803,1.547
02/02/2008,19:59:00,1019.883,92.5,83.538,27.395,0.0,0.633,0.136,270.569,1.432
02/02/2008,20:00:00,1019.921,92.5,83.528,27.395,0.0,0.633,0.136,271.852,-0.211
02/02/2008,20:01:00,1019.959,92.438,83.528,27.395,0.0,0.633,0.136,272.231,-0.211
02/02/2008,20:02:00,1019.998,92.563,83.583,27.421,0.0,0.633,0.136,15.222,-0.211
02/02/2008,20:03:00,1019.998,92.625,83.774,27.433,0.0,0.633,0.136,104.73,0.847
02/02/2008,20:04:00,1020.036,92.5,83.829,27.492,0.0,0.633,0.136,349.568,-0.211
02/02/2008,20:05:00,1020.074,92.625,83.69,27.57,0.0,0.633,0.136,34.389,0.501
02/02/2008,20:06:00,1020.036,92.375,83.609,27.557,0.0,0.633,0.136,29.696,-0.199
02/02/2008,20:07:00,1019.998,92.438,83.483,27.544,0.0,0.633,0.136,13.021,1.024
02/02/2008,20:08:00,1020.036,92.188,83.178,27.492,0.0,0.696,0.136,6.856,2.429
02/02/2008,20:09:00,1019.998,92.0,83.198,27.433,0.0,0.633,0.163,31.518,3.16
02/02/2008,20:10:00,1019.959,91.75,83.198,27.421,0.0,0.633,0.136,59.532,2.861
02/02/2008,20:11:00,1019.959,91.5,83.224,27.408,0.0,0.696,0.136,8.314,2.77
02/02/2008,20:12:00,1019.998,91.25,82.913,27.31,0.0,0.633,0.136,2.279,4.602
02/02/2008,20:13:00,1019.998,91.313,83.039,27.284,0.0,0.696,0.136,20.776,3.768
02/02/2008,20:14:00,1019.998,91.313,83.23,27.233,0.0,0.633,0.136,31.43,2.405
02/02/2008,20:15:00,1020.036,91.438,83.285,27.271,0.0,0.633,0.136,19.886,2.308
02/02/2008,20:16:00,1020.074,91.438,83.411,27.233,0.0,0.633,0.136,350.88,1.146
02/02/2008,20:17:00,1020.074,91.688,83.424,27.284,0.0,0.633,0.136,11.637,1.474
02/02/2008,20:18:00,1020.074,91.75,83.476,27.22,0.0,0.633,0.136,321.073,2.004
02/02/2008,20:19:00,1020.074,91.688,83.47,27.233,0.0,0.633,0.136,302.621,2.405
02/02/2008,20:20:00,1020.074,91.688,83.502,27.246,0.0,0.633,0.136,313.246,1.845
02/02/2008,20:21:00,1020.074,91.563,83.463,27.246,0.0,0.633,0.136,308.509,2.07
02/02/2008,20:22:00,1020.112,91.563,83.538,27.246,0.0,0.633,0.136,292.214,1.419
02/02/2008,20:23:00,1020.151,91.625,83.385,27.233,0.0,0.633,0.136,303.962,1.596
02/02/2008,20:24:00,1020.189,91.625,83.398,27.207,0.0,0.633,0.163,304.778,0.379
02/02/2008,20:25:00,1020.189,91.688,83.528,27.22,0.0,0.696,0.136,273.455,2.649
02/02/2008,20:26:00,1020.227,91.813,83.522,27.207,0.0,0.633,0.136,274.971,2.32
02/02/2008,20:27:00,1020.227,91.813,83.667,27.233,0.0,0.633,0.136,268.165,2.734
02/02/2008,20:28:00,1020.266,91.875,83.677,27.233,0.0,0.633,0.136,287.754,1.644
02/02/2008,20:29:00,1020.266,91.813,83.628,27.207,0.0,0.633,0.136,343.709,2.405
02/02/2008,20:30:00,1020.266,91.938,83.596,27.233,0.0,0.696,0.136,349.845,1.048
02/02/2008,20:31:00,1020.227,91.75,83.654,27.207,0.0,0.633,0.136,346.129,1.17
02/02/2008,20:32:00,1020.227,91.625,83.538,27.194,0.0,0.633,0.136,349.539,0.908
02/02/2008,20:33:00,1020.189,91.563,83.648,27.181,0.0,0.696,0.136,299.633,1.121
02/02/2008,20:34:00,1020.227,91.563,83.774,27.194,0.0,0.633,0.136,287.127,0.75
02/02/2008,20:35:00,1020.227,91.5,83.716,27.194,0.0,0.633,0.136,290.334,-0.187
02/02/2008,20:36:00,1020.227,91.5,83.596,27.181,0.0,0.633,0.136,270.03,2.722
02/02/2008,20:37:00,1020.266,91.5,83.716,27.174,0.0,0.633,0.136,318.377,2.685
02/02/2008,20:38:00,1020.266,91.563,83.819,27.181,0.0,0.633,0.136,278.819,1.882
02/02/2008,20:39:00,1020.304,91.563,83.654,27.174,0.0,0.633,0.136,245.66,2.697
02/02/2008,20:40:00,1020.304,91.688,83.564,27.135,0.0,0.633,0.136,254.449,4.267
02/02/2008,20:41:00,1020.342,91.625,83.641,27.109,0.0,0.696,0.136,288.774,4.267
02/02/2008,20:42:00,1020.342,91.688,83.794,27.135,0.0,0.696,0.136,268.048,3.531
02/02/2008,20:43:00,1020.381,91.75,83.774,27.109,0.0,0.696,0.136,263.909,3.543
02/02/2008,20:44:00,1020.381,91.813,83.994,27.148,0.0,0.696,0.136,294.269,0.713
02/02/2008,20:45:00,1020.419,91.688,84.085,27.161,0.0,0.633,0.136,292.433,2.216
02/02/2008,20:46:00,1020.381,91.625,83.933,27.148,0.0,0.633,0.136,283.294,2.795
02/02/2008,20:47:00,1020.419,91.563,83.829,27.109,0.0,0.633,0.136,295.96,2.837
02/02/2008,20:48:00,1020.457,91.5,84.007,27.135,0.0,0.696,0.136,286.69,2.563
02/02/2008,20:49:00,1020.457,91.25,83.959,27.109,0.0,0.633,0.136,296.557,2.959
02/02/2008,20:50:00,1020.457,91.0,84.014,27.122,0.0,0.633,0.136,282.492,2.971
02/02/2008,20:51:00,1020.457,90.75,83.975,27.096,0.0,0.696,0.136,306.002,6.744
02/02/2008,20:52:00,1020.457,90.625,83.894,27.083,0.0,0.696,0.136,291.587,3.257
02/02/2008,20:53:00,1020.457,90.625,83.907,27.083,0.0,0.633,0.136,303.189,3.756
02/02/2008,20:54:00,1020.457,90.5,83.596,27.032,0.0,0.633,0.136,307.387,4.091
02/02/2008,20:55:00,1020.457,90.188,83.35,26.967,0.0,0.633,0.136,313.873,3.695
02/02/2008,20:56:00,1020.419,89.813,83.363,26.883,0.0,0.633,0.136,322.458,2.143
02/02/2008,20:57:00,1020.457,89.563,83.577,26.831,0.0,0.633,0.136,327.501,1.906
02/02/2008,20:58:00,1020.457,89.75,83.735,26.87,0.0,0.633,0.136,4.641,0.598
02/02/2008,20:59:00,1020.457,90.125,83.894,26.857,0.0,0.633,0.136,36.328,0.951
02/02/2008,21:00:00,1020.496,90.5,83.92,26.857,0.0,0.633,0.136,35.803,1.085
02/02/2008,21:01:00,1020.534,90.625,83.975,26.87,0.0,0.633,0.136,49.081,0.391
02/02/2008,21:02:00,1020.534,90.75,83.968,26.883,0.0,0.633,0.136,49.314,-0.211
02/02/2008,21:03:00,1020.534,91.125,83.933,26.889,0.0,0.633,0.136,49.256,-0.211
02/02/2008,21:04:00,1020.534,91.188,83.939,26.87,0.0,0.633,0.109,49.081,-0.211
02/02/2008,21:05:00,1020.572,91.188,83.939,26.87,0.0,0.633,0.136,320.913,0.726
02/02/2008,21:06:00,1020.572,91.25,84.033,26.857,0.0,0.633,0.136,310.39,2.636
02/02/2008,21:07:00,1020.572,91.25,84.111,26.883,0.0,0.633,0.136,352.862,1.073
02/02/2008,21:08:00,1020.572,91.125,84.224,26.954,0.0,0.633,0.136,23.924,1.833
02/02/2008,21:09:00,1020.572,91.188,84.072,26.967,0.0,0.696,0.136,21.534,-0.211
02/02/2008,21:10:00,1020.61,91.375,84.053,26.98,0.0,0.633,0.136,20.426,-0.211
02/02/2008,21:11:00,1020.61,91.5,83.988,26.928,0.0,0.696,0.136,313.421,-0.211
02/02/2008,21:12:00,1020.61,91.625,83.965,26.941,0.0,0.633,0.109,261.11,0.738
02/02/2008,21:13:00,1020.649,91.563,83.981,26.954,0.0,0.633,0.136,243.692,1.298
02/02/2008,21:14:00,1020.649,91.625,83.988,26.928,0.0,0.633,0.136,251.753,3.695
02/02/2008,21:15:00,1020.61,91.625,83.959,26.889,0.0,0.633,0.136,264.739,2.484
02/02/2008,21:16:00,1020.649,91.688,83.959,26.883,0.0,0.696,0.163,261.62,1.669
02/02/2008,21:17:00,1020.668,91.688,84.092,26.889,0.0,0.633,0.136,251.49,2.265
02/02/2008,21:18:00,1020.668,91.75,84.179,26.883,0.0,0.696,0.109,285.16,4.9
02/02/2008,21:19:00,1020.668,91.813,84.364,26.883,0.0,0.696,0.136,277.026,3.866
02/02/2008,21:20:00,1020.668,91.688,84.415,26.902,0.0,0.696,0.136,267.684,3.543
02/02/2008,21:21:00,1020.706,91.438,84.393,26.883,0.0,0.633,0.136,293.497,3.707
02/02/2008,21:22:00,1020.706,91.5,84.266,26.883,0.0,0.696,0.136,253.589,4.328
02/02/2008,21:23:00,1020.706,91.625,84.244,26.831,0.0,0.696,0.136,257.189,3.433
02/02/2008,21:24:00,1020.744,91.938,84.435,26.805,0.0,0.696,0.136,289.372,2.004
02/02/2008,21:25:00,1020.744,91.625,84.5,26.831,0.0,0.633,0.136,251.242,1.736
02/02/2008,21:26:00,1020.821,91.375,84.474,26.805,0.0,0.696,0.136,299.123,3.719
02/02/2008,21:27:00,1020.783,91.313,84.331,26.753,0.0,0.696,0.136,310.696,2.521
02/02/2008,21:28:00,1020.783,91.125,84.448,26.74,0.0,0.633,0.136,298.467,3.89
02/02/2008,21:29:00,1020.783,91.063,84.5,26.701,0.0,0.696,0.136,352.411,1.681
02/02/2008,21:30:00,1020.783,90.938,84.513,26.675,0.0,0.633,0.136,352.79,1.571
02/02/2008,21:31:00,1020.821,90.875,84.548,26.636,0.0,0.633,0.136,338.783,2.624
02/02/2008,21:32:00,1020.859,91.0,84.665,26.636,0.0,0.696,0.136,328.347,3.458
02/02/2008,21:33:00,1020.859,91.125,84.713,26.649,0.0,0.696,0.136,327.982,2.046
02/02/2008,21:34:00,1020.898,91.438,84.759,26.649,0.0,0.696,0.136,333.783,2.381
02/02/2008,21:35:00,1020.898,91.313,84.726,26.623,0.0,0.696,0.136,345.954,1.943
02/02/2008,21:36:00,1020.898,91.625,84.739,26.623,0.0,0.633,0.136,317.313,1.383
02/02/2008,21:37:00,1020.936,91.5,84.798,26.623,0.0,0.696,0.136,303.904,1.657
02/02/2008,21:38:00,1020.936,91.563,84.83,26.636,0.0,0.696,0.136,305.215,2.022
02/02/2008,21:39:00,1020.936,91.313,84.892,26.675,0.0,0.696,0.136,301.309,2.265
02/02/2008,21:40:00,1020.936,91.438,84.937,26.675,0.0,0.696,0.136,289.576,2.405
02/02/2008,21:41:00,1020.936,91.5,84.905,26.688,0.0,0.696,0.136,298.219,2.429
02/02/2008,21:42:00,1020.974,91.188,84.969,26.662,0.0,0.696,0.136,293.89,2.204
02/02/2008,21:43:00,1020.974,90.75,84.859,26.662,0.0,0.696,0.136,306.964,1.182
02/02/2008,21:44:00,1020.974,90.875,84.905,26.623,0.0,0.696,0.136,344.073,2.709
02/02/2008,21:45:00,1020.974,90.813,85.024,26.623,0.0,0.696,0.136,311.964,2.143
02/02/2008,21:46:00,1021.013,91.188,85.17,26.649,0.0,0.696,0.136,294.517,2.819
02/02/2008,21:47:00,1021.013,91.125,85.005,26.61,0.0,0.696,0.136,279.271,5.6
02/02/2008,21:48:00,1021.013,91.125,84.969,26.578,0.0,0.696,0.136,283.994,3.878
02/02/2008,21:49:00,1021.013,91.25,85.115,26.578,0.0,0.696,0.136,286.355,4.066
02/02/2008,21:50:00,1021.051,91.188,85.083,26.552,0.0,0.696,0.136,269.112,4.243
02/02/2008,21:51:00,1021.051,91.0,85.096,26.5,0.0,0.696,0.136,285.582,2.095
02/02/2008,21:52:00,1021.051,90.938,85.096,26.5,0.0,0.696,0.136,233.315,2.046
02/02/2008,21:53:00,1021.089,91.063,85.183,26.448,0.0,0.696,0.136,252.875,2.886
02/02/2008,21:54:00,1021.128,91.125,85.202,26.409,0.0,0.696,0.136,237.921,2.734
02/02/2008,21:55:00,1021.128,91.313,85.261,26.371,0.0,0.696,0.109,251.359,1.991
02/02/2008,21:56:00,1021.128,91.563,85.407,26.371,0.0,0.696,0.136,271.284,3.446
02/02/2008,21:57:00,1021.128,91.563,85.533,26.409,0.0,0.696,0.136,272.45,3.281
02/02/2008,21:58:00,1021.204,91.813,85.607,26.435,0.0,0.696,0.136,264.827,4.188
02/02/2008,21:59:00,1021.204,91.75,85.348,26.397,0.0,0.696,0.136,246.52,4.65
02/02/2008,22:00:00,1021.204,91.75,85.29,26.332,0.0,0.696,0.136,258.02,3.093
02/02/2008,22:01:00,1021.242,91.813,85.394,26.345,0.0,0.633,0.136,212.341,3.385
02/02/2008,22:02:00,1021.242,91.875,85.494,26.332,0.0,0.696,0.136,207.385,2.277
02/02/2008,22:03:00,1021.281,91.938,85.52,26.332,0.0,0.696,0.136,229.656,2.46
02/02/2008,22:04:00,1021.281,92.125,85.562,26.306,0.0,0.696,0.136,249.479,3.111
02/02/2008,22:05:00,1021.319,92.063,85.607,26.332,0.0,0.696,0.136,237.614,3.446
02/02/2008,22:06:00,1021.319,92.063,85.666,26.332,0.0,0.696,0.136,242.497,3.458
02/02/2008,22:07:00,1021.319,92.063,85.727,26.345,0.0,0.696,0.136,242.643,5.302
02/02/2008,22:08:00,1021.357,92.063,85.847,26.358,0.0,0.696,0.136,256.475,2.356
02/02/2008,22:09:00,1021.357,92.0,85.86,26.384,0.0,0.696,0.136,258.312,3.16
02/02/2008,22:10:00,1021.357,92.125,85.879,26.384,0.0,0.696,0.136,252.073,3.914
02/02/2008,22:11:00,1021.357,92.125,85.727,26.345,0.0,0.696,0.136,261.139,3.172
02/02/2008,22:12:00,1021.357,92.125,85.792,26.345,0.0,0.696,0.136,253.91,3.768
02/02/2008,22:13:00,1021.357,92.125,85.844,26.319,0.0,0.696,0.136,250.616,4.304
02/02/2008,22:14:00,1021.357,92.125,86.025,26.306,0.0,0.696,0.136,239.801,3.567
02/02/2008,22:15:00,1021.357,92.0,86.083,26.319,0.0,0.696,0.136,253.793,3.367
02/02/2008,22:16:00,1021.357,92.125,86.265,26.299,0.0,0.696,0.136,239.232,2.807
02/02/2008,22:17:00,1021.357,91.938,86.32,26.286,0.0,0.696,0.136,262.844,5.338
02/02/2008,22:18:00,1021.357,92.0,86.219,26.306,0.0,0.696,0.136,261.474,3.318
02/02/2008,22:19:00,1021.357,91.938,86.187,26.306,0.0,0.696,0.109,263.967,1.736
02/02/2008,22:20:00,1021.357,91.875,86.006,26.299,0.0,0.633,0.136,302.985,2.168
02/02/2008,22:21:00,1021.357,91.75,85.99,26.306,0.0,0.696,0.136,266.372,1.407
02/02/2008,22:22:00,1021.357,91.688,85.905,26.332,0.0,0.696,0.136,258.282,3.008
02/02/2008,22:23:00,1021.319,91.563,85.52,26.26,0.0,0.696,0.136,256.242,2.898
02/02/2008,22:24:00,1021.319,91.5,85.575,26.196,0.0,0.633,0.136,259.652,3.342
02/02/2008,22:25:00,1021.281,91.188,85.455,26.131,0.0,0.696,0.136,245.777,5.721
02/02/2008,22:26:00,1021.281,91.188,85.494,26.008,0.0,0.696,0.136,255.105,5.758
02/02/2008,22:27:00,1021.281,91.25,85.614,25.943,0.0,0.633,0.136,255.382,4.699
02/02/2008,22:28:00,1021.281,91.125,85.853,25.93,0.0,0.633,0.136,249.581,3.58
02/02/2008,22:29:00,1021.281,90.875,85.853,25.904,0.0,0.633,0.136,240.544,3.841
02/02/2008,22:30:00,1021.281,90.75,85.847,25.852,0.0,0.633,0.136,245.952,4.005
02/02/2008,22:31:00,1021.242,90.563,85.892,25.826,0.0,0.696,0.109,221.8,3.397
02/02/2008,22:32:00,1021.242,90.5,85.918,25.813,0.0,0.633,0.163,249.931,3.981
02/02/2008,22:33:00,1021.281,90.313,85.912,25.735,0.0,0.633,0.136,230.429,4.103
02/02/2008,22:34:00,1021.242,90.188,85.977,25.71,0.0,0.633,0.136,229.423,2.922
02/02/2008,22:35:00,1021.281,90.188,86.019,25.697,0.0,0.633,0.136,204.732,2.32
02/02/2008,22:36:00,1021.281,90.188,86.096,25.697,0.0,0.633,0.136,214.133,1.188
02/02/2008,22:37:00,1021.242,89.938,86.103,25.697,0.0,0.633,0.136,165.728,-0.211
02/02/2008,22:38:00,1021.242,89.25,86.138,25.684,0.0,0.633,0.136,225.983,1.571
02/02/2008,22:39:00,1021.242,88.938,86.164,25.671,0.0,0.633,0.136,239.757,1.644
02/02/2008,22:40:00,1021.204,89.0,86.294,25.671,0.0,0.696,0.136,252.336,2.849
02/02/2008,22:41:00,1021.242,89.188,86.365,25.645,0.0,0.696,0.136,256.271,4.054
02/02/2008,22:42:00,1021.242,89.563,86.346,25.632,0.0,0.633,0.136,254.959,3.92
02/02/2008,22:43:00,1021.242,89.75,86.359,25.632,0.0,0.696,0.136,243.182,3.093
02/02/2008,22:44:00,1021.281,89.875,86.378,25.606,0.0,0.696,0.136,231.041,3.604
02/02/2008,22:45:00,1021.281,89.75,86.398,25.593,0.0,0.696,0.136,222.573,3.914
02/02/2008,22:46:00,1021.319,89.563,86.459,25.606,0.0,0.696,0.136,226.493,2.819
02/02/2008,22:47:00,1021.357,89.438,86.485,25.632,0.0,0.696,0.136,235.253,3.421
02/02/2008,22:48:00,1021.319,89.0,86.485,25.619,0.0,0.696,0.136,243.896,2.971
02/02/2008,22:49:00,1021.319,88.438,86.511,25.593,0.0,0.696,0.136,239.13,2.746
02/02/2008,22:50:00,1021.319,88.125,86.517,25.619,0.0,0.696,0.136,260.046,2.46
02/02/2008,22:51:00,1021.319,87.938,86.498,25.593,0.0,0.696,0.136,247.161,2.636
02/02/2008,22:52:00,1021.319,87.563,86.427,25.554,0.0,0.696,0.136,240.632,2.588
02/02/2008,22:53:00,1021.319,87.438,86.472,25.515,0.0,0.696,0.136,253.4,3.342
02/02/2008,22:54:00,1021.319,87.688,86.744,25.554,0.0,0.696,0.136,271.94,3.969
02/02/2008,22:55:00,1021.319,87.688,86.822,25.606,0.0,0.696,0.136,290.961,1.036
02/02/2008,22:56:00,1021.281,87.25,86.585,25.593,0.0,0.696,0.136,351.041,1.407
02/02/2008,22:57:00,1021.281,86.875,86.472,25.619,0.0,0.728,0.136,24.055,1.693
02/02/2008,22:58:00,1021.242,86.375,86.333,25.541,0.0,0.696,0.136,343.622,3.841
02/02/2008,22:59:00,1021.281,85.813,86.187,25.476,0.0,0.696,0.136,352.469,2.935
02/02/2008,23:00:00,1021.281,85.938,86.313,25.463,0.0,0.696,0.136,352.892,3.245
02/02/2008,23:01:00,1021.281,86.125,86.411,25.431,0.0,0.696,0.136,5.02,1.407
02/02/2008,23:02:00,1021.281,86.563,86.42,25.405,0.0,0.696,0.109,17.263,1.444
02/02/2008,23:03:00,1021.319,87.0,86.524,25.405,0.0,0.696,0.136,353.183,3.135
02/02/2008,23:04:00,1021.319,87.063,86.485,25.34,0.0,0.728,0.136,335.343,4.985
02/02/2008,23:05:00,1021.357,86.938,86.453,25.314,0.0,0.696,0.136,352.892,3.64
02/02/2008,23:06:00,1021.319,86.875,86.618,25.314,0.0,0.633,0.136,6.506,2.983
02/02/2008,23:07:00,1021.357,86.875,86.689,25.301,0.0,0.696,0.136,0.691,2.216
02/02/2008,23:08:00,1021.396,87.188,86.744,25.327,0.0,0.696,0.136,-0.723,2.046
02/02/2008,23:09:00,1021.434,87.938,86.689,25.288,0.0,0.696,0.136,352.294,2.484
02/02/2008,23:10:00,1021.434,88.625,86.611,25.262,0.0,0.696,0.136,340.007,1.718
02/02/2008,23:11:00,1021.491,88.75,86.663,25.288,0.0,0.696,0.136,288.41,3.531
02/02/2008,23:12:00,1021.491,89.063,86.709,25.275,0.0,0.696,0.136,326.364,2.356
02/02/2008,23:13:00,1021.491,89.313,86.718,25.301,0.0,0.728,0.136,302.359,4.723
02/02/2008,23:14:00,1021.491,89.125,86.433,25.198,0.0,0.696,0.136,318.712,2.143
02/02/2008,23:15:00,1021.472,89.0,86.517,25.159,0.0,0.633,0.136,343.214,2.095
02/02/2008,23:16:00,1021.491,89.125,86.718,25.126,0.0,0.696,0.136,309.85,2.083
02/02/2008,23:17:00,1021.491,89.5,86.835,25.113,0.0,0.696,0.136,318.771,-0.211
02/02/2008,23:18:00,1021.491,89.938,86.858,25.126,0.0,0.696,0.136,249.508,-0.211
02/02/2008,23:19:00,1021.472,89.938,86.877,25.113,0.0,0.696,0.136,260.848,1.395
02/02/2008,23:20:00,1021.434,89.813,86.929,25.1,0.0,0.696,0.136,279.009,1.359
02/02/2008,23:21:00,1021.396,89.438,87.036,25.126,0.0,0.728,0.136,243.751,2.649
02/02/2008,23:22:00,1021.357,89.0,86.968,25.126,0.0,0.696,0.109,232.659,0.963
02/02/2008,23:23:00,1021.281,88.688,86.981,25.1,0.0,0.728,0.136,240.632,2.344
02/02/2008,23:24:00,1021.242,88.5,86.987,25.074,0.0,0.696,0.136,211.189,2.204
02/02/2008,23:25:00,1021.204,88.375,87.042,25.036,0.0,0.696,0.136,231.901,2.095
02/02/2008,23:26:00,1021.166,88.063,87.036,25.01,0.0,0.696,0.136,275.175,0.598
02/02/2008,23:27:00,1021.166,87.75,87.149,25.01,0.0,0.696,0.109,270.322,2.837
02/02/2008,23:28:00,1021.128,87.625,87.107,24.971,0.0,0.696,0.136,255.965,3.068
02/02/2008,23:29:00,1021.128,87.0,87.181,24.906,0.0,0.696,0.136,294.896,2.91
02/02/2008,23:30:00,1021.089,86.875,87.321,24.893,0.0,0.696,0.136,279.388,2.509
02/02/2008,23:31:00,1021.089,86.813,87.334,24.88,0.0,0.696,0.136,277.77,2.533
02/02/2008,23:32:00,1021.089,87.125,87.441,24.822,0.0,0.696,0.136,286.209,2.959
02/02/2008,23:33:00,1021.128,87.375,87.525,24.822,0.0,0.696,0.136,307.649,3.409
02/02/2008,23:34:00,1021.128,87.188,87.577,24.809,0.0,0.696,0.136,328.638,2.332
02/02/2008,23:35:00,1021.128,86.875,87.586,24.822,0.0,0.728,0.136,322.341,3.433
02/02/2008,23:36:00,1021.128,86.438,87.577,24.757,0.0,0.728,0.136,329.09,2.046
02/02/2008,23:37:00,1021.128,86.188,87.612,24.77,0.0,0.696,0.136,353.067,1.76
02/02/2008,23:38:00,1021.128,86.0,87.625,24.783,0.0,0.728,0.136,24.609,3.221
02/02/2008,23:39:00,1021.128,85.813,87.638,24.744,0.0,0.696,0.136,67.679,1.444
02/02/2008,23:40:00,1021.128,85.563,87.726,24.744,0.0,0.696,0.136,48.673,1.845
02/02/2008,23:41:00,1021.128,85.563,87.732,24.731,0.0,0.728,0.136,96.16,0.762
02/02/2008,23:42:00,1021.128,85.563,87.862,24.731,0.0,0.728,0.163,72.343,0.336
02/02/2008,23:43:00,1021.128,85.625,87.975,24.757,0.0,0.728,0.136,54.037,2.533
02/02/2008,23:44:00,1021.166,85.563,88.02,24.783,0.0,0.728,0.136,21.431,3.433
02/02/2008,23:45:00,1021.166,85.313,87.956,24.783,0.0,0.728,0.136,8.882,2.588
02/02/2008,23:46:00,1021.166,85.438,87.998,24.783,0.0,0.728,0.136,48.44,3.433
02/02/2008,23:47:00,1021.166,85.625,87.936,24.744,0.0,0.728,0.136,71.294,3.646
02/02/2008,23:48:00,1021.204,86.313,87.936,24.705,0.0,0.728,0.136,97.311,1.547
02/02/2008,23:49:00,1021.204,86.688,88.079,24.692,0.0,0.728,0.136,79.66,0.787
02/02/2008,23:50:00,1021.166,86.938,88.137,24.666,0.0,0.728,0.136,322.371,1.371
02/02/2008,23:51:00,1021.204,87.125,88.13,24.679,0.0,0.728,0.136,-0.475,1.833
02/02/2008,23:52:00,1021.204,87.438,88.231,24.705,0.0,0.728,0.136,343.476,1.93
02/02/2008,23:53:00,1021.204,87.0,88.185,24.744,0.0,0.728,0.109,312.051,1.784
02/02/2008,23:54:00,1021.166,86.25,88.092,24.679,0.0,0.728,0.136,349.481,3.58
02/02/2008,23:55:00,1021.204,85.25,87.981,24.64,0.0,0.759,0.136,352.862,-0.211
02/02/2008,23:56:00,1021.128,85.438,88.085,24.64,0.0,0.759,0.136,3.27,-0.211
02/02/2008,23:57:00,1021.051,85.938,88.143,24.601,0.0,0.728,0.136,13.546,-0.211
02/02/2008,23:58:00,1021.051,86.375,88.153,24.556,0.0,0.728,0.136,353.125,0.002
02/02/2008,23:59:00,1021.013,86.813,88.283,24.588,0.0,0.728,0.136,53.614,0.561
