HWC-VLV,CHWC-VLV,EA-DMPR,RA-DMPR,OA-DMPR,SF-WAT,RF-WAT,SA-CFM,RA-CFM,OA-CFM,SA-TEMP,MA-TEMP,RA-TEMP,HWC-DAT,CHWC-DAT,SA-SP,SF-DP,RF-DP,SF-SPD,RF-SPD,OA-TEMP
0,0.0,0.0,100.0,0.0,0.0,0.0,8.571,-17.828,26.4,76.952,54.518,60.789,54.518,76.952,0.009,0.0,0.001,0.0,0.0,54.518
0,0.0,0.0,100.0,0.0,0.0,0.0,8.571,-17.828,26.4,76.87,54.505,60.776,54.518,76.87,0.009,0.0,0.001,0.0,0.0,54.505
0,0.0,0.0,100.0,0.0,0.0,0.0,8.571,-17.828,26.4,76.788,54.438,60.764,54.518,76.788,0.009,0.0,0.001,0.0,0.0,54.438
0,0.0,0.0,100.0,0.0,0.0,0.0,8.571,-17.828,26.4,76.706,54.379,60.751,54.517,76.706,0.009,0.0,0.001,0.0,0.0,54.379
0,0.0,0.0,100.0,0.0,0.0,0.0,8.571,-17.828,26.4,76.625,54.358,60.739,54.515,76.625,0.009,0.0,0.001,0.0,0.0,54.358
0,0.0,0.0,100.0,0.0,0.0,0.0,8.571,-17.828,26.4,76.544,54.324,60.727,54.514,76.544,0.009,0.0,0.001,0.0,0.0,54.324
0,0.0,0.0,100.0,0.0,0.0,0.0,8.571,-17.828,26.4,76.463,54.32,60.715,54.512,76.463,0.009,0.0,0.001,0.0,0.0,54.32
0,0.0,0.0,100.0,0.0,0.0,0.0,8.571,-17.828,26.4,76.383,54.307,60.703,54.51,76.383,0.009,0.0,0.001,0.0,0.0,54.307
0,0.0,0.0,100.0,0.0,0.0,0.0,8.571,-17.828,26.4,76.303,54.223,60.691,54.508,76.303,0.009,0.0,0.001,0.0,0.0,54.223
0,0.0,0.0,100.0,0.0,0.0,0.0,8.571,-17.828,26.4,76.223,54.181,60.68,54.506,76.223,0.009,0.0,0.001,0.0,0.0,54.181
0,0.0,0.0,100.0,0.0,0.0,0.0,8.571,-17.828,26.4,76.143,54.113,60.668,54.503,76.143,0.009,0.0,0.001,0.0,0.0,54.113
0,0.0,0.0,100.0,0.0,0.0,0.0,8.571,-17.828,26.4,76.064,54.056,60.657,54.499,76.064,0.009,0.0,0.001,0.0,0.0,54.056
0,0.0,0.0,100.0,0.0,0.0,0.0,8.571,-17.828,26.4,75.985,54.015,60.646,54.495,75.985,0.009,0.0,0.001,0.0,0.0,54.015
0,0.0,0.0,100.0,0.0,0.0,0.0,8.571,-17.828,26.4,75.906,54.062,60.635,54.491,75.906,0.009,0.0,0.001,0.0,0.0,54.062
0,0.0,0.0,100.0,0.0,0.0,0.0,8.571,-17.828,26.4,75.828,54.054,60.624,54.487,75.828,0.009,0.0,0.001,0.0,0.0,54.054
0,0.0,0.0,100.0,0.0,0.0,0.0,8.571,-17.828,26.4,75.75,54.018,60.613,54.483,75.75,0.009,0.0,0.001,0.0,0.0,54.018
0,0.0,0.0,100.0,0.0,0.0,0.0,8.571,-17.828,26.4,75.672,53.997,60.602,54.479,75.672,0.009,0.0,0.001,0.0,0.0,53.997
0,0.0,0.0,100.0,0.0,0.0,0.0,8.571,-17.828,26.4,75.594,53.995,60.591,54.474,75.594,0.009,0.0,0.001,0.0,0.0,53.995
0,0.0,0.0,100.0,0.0,0.0,0.0,8.571,-17.828,26.4,75.517,54.015,60.581,54.47,75.517,0.009,0.0,0.001,0.0,0.0,54.015
0,0.0,0.0,100.0,0.0,0.0,0.0,8.571,-17.828,26.4,75.439,53.952,60.57,54.466,75.439,0.009,0.0,0.001,0.0,0.0,53.952
0,0.0,0.0,100.0,0.0,0.0,0.0,8.571,-17.828,26.4,75.363,53.908,60.56,54.461,75.363,0.009,0.0,0.001,0.0,0.0,53.908
0,0.0,0.0,100.0,0.0,0.0,0.0,8.571,-17.828,26.4,75.286,53.922,60.55,54.456,75.286,0.009,0.0,0.001,0.0,0.0,53.922
0,0.0,0.0,100.0,0.0,0.0,0.0,8.571,-17.828,26.4,75.21,53.912,60.54,54.451,75.21,0.009,0.0,0.001,0.0,0.0,53.912
0,0.0,0.0,100.0,0.0,0.0,0.0,8.571,-17.828,26.4,75.134,53.808,60.53,54.446,75.134,0.009,0.0,0.001,0.0,0.0,53.808
0,0.0,0.0,100.0,0.0,0.0,0.0,8.571,-17.828,26.4,75.058,53.83,60.52,54.441,75.058,0.009,0.0,0.001,0.0,0.0,53.83
0,0.0,0.0,100.0,0.0,0.0,0.0,8.571,-17.828,26.4,74.982,53.791,60.51,54.435,74.982,0.009,0.0,0.001,0.0,0.0,53.791
0,0.0,0.0,100.0,0.0,0.0,0.0,8.571,-17.828,26.4,74.907,53.667,60.5,54.429,74.907,0.009,0.0,0.001,0.0,0.0,53.667
0,0.0,0.0,100.0,0.0,0.0,0.0,8.571,-17.828,26.4,74.832,53.634,60.49,54.422,74.832,0.009,0.0,0.001,0.0,0.0,53.634
0,0.0,0.0,100.0,0.0,0.0,0.0,8.571,-17.828,26.4,74.757,53.668,60.481,54.415,74.757,0.009,0.0,0.001,0.0,0.0,53.668
0,0.0,0.0,100.0,0.0,0.0,0.0,8.571,-17.828,26.4,74.683,53.674,60.471,54.408,74.683,0.009,0.0,0.001,0.0,0.0,53.674
0,0.0,0.0,100.0,0.0,0.0,0.0,8.571,-17.828,26.4,74.608,53.639,60.462,54.402,74.608,0.009,0.0,0.001,0.0,0.0,53.639
0,0.0,0.0,100.0,0.0,0.0,0.0,8.571,-17.828,26.4,74.534,53.654,60.452,54.395,74.534,0.009,0.0,0.001,0.0,0.0,53.654
0,0.0,0.0,100.0,0.0,0.0,0.0,8.571,-17.828,26.4,74.46,53.592,60.443,54.388,74.46,0.009,0.0,0.001,0.0,0.0,53.592
0,0.0,0.0,100.0,0.0,0.0,0.0,8.571,-17.828,26.4,74.387,53.534,60.434,54.381,74.387,0.009,0.0,0.001,0.0,0.0,53.534
0,0.0,0.0,100.0,0.0,0.0,0.0,8.571,-17.828,26.4,74.314,53.48,60.425,54.373,74.314,0.009,0.0,0.001,0.0,0.0,53.48
0,0.0,0.0,100.0,0.0,0.0,0.0,8.571,-17.828,26.4,74.24,53.439,60.416,54.365,74.24,0.009,0.0,0.001,0.0,0.0,53.439
0,0.0,0.0,100.0,0.0,0.0,0.0,8.571,-17.828,26.4,74.168,53.486,60.407,54.357,74.168,0.009,0.0,0.001,0.0,0.0,53.486
0,0.0,0.0,100.0,0.0,0.0,0.0,8.571,-17.828,26.4,74.095,53.478,60.398,54.349,74.095,0.009,0.0,0.001,0.0,0.0,53.478
0,0.0,0.0,100.0,0.0,0.0,0.0,8.571,-17.828,26.4,74.023,53.456,60.389,54.341,74.023,0.009,0.0,0.001,0.0,0.0,53.456
0,0.0,0.0,100.0,0.0,0.0,0.0,8.571,-17.828,26.4,73.951,53.493,60.381,54.333,73.951,0.009,0.0,0.001,0.0,0.0,53.493
0,0.0,0.0,100.0,0.0,0.0,0.0,8.571,-17.828,26.4,73.879,53.351,60.372,54.326,73.879,0.009,0.0,0.001,0.0,0.0,53.351
0,0.0,0.0,100.0,0.0,0.0,0.0,8.571,-17.828,26.4,73.807,53.28,60.364,54.317,73.807,0.009,0.0,0.001,0.0,0.0,53.28
0,0.0,0.0,100.0,0.0,0.0,0.0,8.571,-17.828,26.4,73.736,53.245,60.355,54.307,73.736,0.009,0.0,0.001,0.0,0.0,53.245
0,0.0,0.0,100.0,0.0,0.0,0.0,8.571,-17.828,26.4,73.664,53.191,60.347,54.297,73.664,0.009,0.0,0.001,0.0,0.0,53.191
0,0.0,0.0,100.0,0.0,0.0,0.0,8.571,-17.828,26.4,73.594,53.202,60.338,54.288,73.594,0.009,0.0,0.001,0.0,0.0,53.202
0,0.0,0.0,100.0,0.0,0.0,0.0,8.571,-17.828,26.4,73.523,53.174,60.33,54.278,73.523,0.009,0.0,0.001,0.0,0.0,53.174
0,0.0,0.0,100.0,0.0,0.0,0.0,8.571,-17.828,26.4,73.452,53.118,60.322,54.268,73.452,0.009,0.0,0.001,0.0,0.0,53.118
0,0.0,0.0,100.0,0.0,0.0,0.0,8.571,-17.828,26.4,73.382,53.145,60.314,54.258,73.382,0.009,0.0,0.001,0.0,0.0,53.145
0,0.0,0.0,100.0,0.0,0.0,0.0,8.571,-17.828,26.4,73.312,53.153,60.306,54.248,73.312,0.009,0.0,0.001,0.0,0.0,53.153
0,0.0,0.0,100.0,0.0,0.0,0.0,8.571,-17.828,26.4,73.242,53.104,60.297,54.238,73.242,0.009,0.0,0.001,0.0,0.0,53.104
0,0.0,0.0,100.0,0.0,0.0,0.0,8.571,-17.828,26.4,73.172,53.049,60.29,54.227,73.172,0.009,0.0,0.001,0.0,0.0,53.049
0,0.0,0.0,100.0,0.0,0.0,0.0,8.571,-17.828,26.4,73.103,52.994,60.282,54.217,73.103,0.009,0.0,0.001,0.0,0.0,52.994
0,0.0,0.0,100.0,0.0,0.0,0.0,8.571,-17.828,26.4,73.034,52.97,60.274,54.206,73.034,0.009,0.0,0.001,0.0,0.0,52.97
0,0.0,0.0,100.0,0.0,0.0,0.0,8.571,-17.828,26.4,72.965,53.001,60.266,54.195,72.965,0.009,0.0,0.001,0.0,0.0,53.001
0,0.0,0.0,100.0,0.0,0.0,0.0,8.571,-17.828,26.4,72.896,53.024,60.258,54.184,72.896,0.009,0.0,0.001,0.0,0.0,53.024
0,0.0,0.0,100.0,0.0,0.0,0.0,8.571,-17.828,26.4,72.827,52.995,60.251,54.174,72.827,0.009,0.0,0.001,0.0,0.0,52.995
0,0.0,0.0,100.0,0.0,0.0,0.0,8.571,-17.828,26.4,72.759,52.924,60.243,54.163,72.759,0.009,0.0,0.001,0.0,0.0,52.924
0,0.0,0.0,100.0,0.0,0.0,0.0,8.571,-17.828,26.4,72.691,52.884,60.236,54.152,72.691,0.009,0.0,0.001,0.0,0.0,52.884
0,0.0,0.0,100.0,0.0,0.0,0.0,8.571,-17.828,26.4,72.623,52.834,60.228,54.14,72.623,0.009,0.0,0.001,0.0,0.0,52.834
0,0.0,0.0,100.0,0.0,0.0,0.0,8.571,-17.828,26.4,72.555,52.761,60.221,54.128,72.555,0.009,0.0,0.001,0.0,0.0,52.761
0,0.0,0.0,100.0,0.0,0.0,0.0,8.571,-17.828,26.4,72.488,52.753,60.213,54.116,72.488,0.009,0.0,0.001,0.0,0.0,52.753
0,0.0,0.0,100.0,0.0,0.0,0.0,8.571,-17.828,26.4,72.42,52.756,60.206,54.104,72.42,0.009,0.0,0.001,0.0,0.0,52.756
0,0.0,0.0,100.0,0.0,0.0,0.0,8.571,-17.828,26.4,72.353,52.707,60.199,54.092,72.353,0.009,0.0,0.001,0.0,0.0,52.707
0,0.0,0.0,100.0,0.0,0.0,0.0,8.571,-17.828,26.4,72.286,52.679,60.192,54.079,72.286,0.009,0.0,0.001,0.0,0.0,52.679
0,0.0,0.0,100.0,0.0,0.0,0.0,8.571,-17.828,26.4,72.22,52.776,60.185,54.067,72.22,0.009,0.0,0.001,0.0,0.0,52.776
0,0.0,0.0,100.0,0.0,0.0,0.0,8.571,-17.828,26.4,72.153,52.826,60.178,54.056,72.153,0.009,0.0,0.001,0.0,0.0,52.826
0,0.0,0.0,100.0,0.0,0.0,0.0,8.571,-17.828,26.4,72.087,52.779,60.171,54.045,72.087,0.009,0.0,0.001,0.0,0.0,52.779
0,0.0,0.0,100.0,0.0,0.0,0.0,8.571,-17.828,26.4,72.02,52.758,60.164,54.033,72.02,0.009,0.0,0.001,0.0,0.0,52.758
0,0.0,0.0,100.0,0.0,0.0,0.0,8.571,-17.828,26.4,71.955,52.672,60.157,54.022,71.955,0.009,0.0,0.001,0.0,0.0,52.672
0,0.0,0.0,100.0,0.0,0.0,0.0,8.571,-17.828,26.4,71.889,52.694,60.15,54.009,71.889,0.009,0.0,0.001,0.0,0.0,52.694
0,0.0,0.0,100.0,0.0,0.0,0.0,8.571,-17.828,26.4,71.823,52.715,60.143,53.998,71.823,0.009,0.0,0.001,0.0,0.0,52.715
0,0.0,0.0,100.0,0.0,0.0,0.0,8.571,-17.828,26.4,71.758,52.767,60.136,53.986,71.758,0.009,0.0,0.001,0.0,0.0,52.767
0,0.0,0.0,100.0,0.0,0.0,0.0,8.571,-17.828,26.4,71.693,52.757,60.13,53.975,71.693,0.009,0.0,0.001,0.0,0.0,52.757
0,0.0,0.0,100.0,0.0,0.0,0.0,8.571,-17.828,26.4,71.628,52.757,60.123,53.965,71.628,0.009,0.0,0.001,0.0,0.0,52.757
0,0.0,0.0,100.0,0.0,0.0,0.0,8.571,-17.828,26.4,71.563,52.675,60.117,53.954,71.563,0.009,0.0,0.001,0.0,0.0,52.675
0,0.0,0.0,100.0,0.0,0.0,0.0,8.571,-17.828,26.4,71.499,52.645,60.11,53.942,71.499,0.009,0.0,0.001,0.0,0.0,52.645
0,0.0,0.0,100.0,0.0,0.0,0.0,8.571,-17.828,26.4,71.434,52.662,60.103,53.93,71.434,0.009,0.0,0.001,0.0,0.0,52.662
0,0.0,0.0,100.0,0.0,0.0,0.0,8.571,-17.828,26.4,71.37,52.667,60.097,53.919,71.37,0.009,0.0,0.001,0.0,0.0,52.667
0,0.0,0.0,100.0,0.0,0.0,0.0,8.571,-17.828,26.4,71.306,52.602,60.091,53.908,71.306,0.009,0.0,0.001,0.0,0.0,52.602
0,0.0,0.0,100.0,0.0,0.0,0.0,8.571,-17.828,26.4,71.243,52.543,60.084,53.896,71.243,0.009,0.0,0.001,0.0,0.0,52.543
0,0.0,0.0,100.0,0.0,0.0,0.0,8.571,-17.828,26.4,71.179,52.521,60.078,53.884,71.179,0.009,0.0,0.001,0.0,0.0,52.521
0,0.0,0.0,100.0,0.0,0.0,0.0,8.571,-17.828,26.4,71.116,52.521,60.072,53.872,71.116,0.009,0.0,0.001,0.0,0.0,52.521
0,0.0,0.0,100.0,0.0,0.0,0.0,8.571,-17.828,26.4,71.052,52.472,60.065,53.859,71.052,0.009,0.0,0.001,0.0,0.0,52.472
0,0.0,0.0,100.0,0.0,0.0,0.0,8.571,-17.828,26.4,70.989,52.465,60.059,53.847,70.989,0.009,0.0,0.001,0.0,0.0,52.465
0,0.0,0.0,100.0,0.0,0.0,0.0,8.571,-17.828,26.4,70.927,52.467,60.053,53.835,70.927,0.009,0.0,0.001,0.0,0.0,52.467
0,0.0,0.0,100.0,0.0,0.0,0.0,8.571,-17.828,26.4,70.864,52.451,60.047,53.822,70.864,0.009,0.0,0.001,0.0,0.0,52.451
0,0.0,0.0,100.0,0.0,0.0,0.0,8.571,-17.828,26.4,70.802,52.431,60.041,53.81,70.802,0.009,0.0,0.001,0.0,0.0,52.431
0,0.0,0.0,100.0,0.0,0.0,0.0,8.571,-17.828,26.4,70.739,52.447,60.035,53.798,70.739,0.009,0.0,0.001,0.0,0.0,52.447
0,0.0,0.0,100.0,0.0,0.0,0.0,8.571,-17.828,26.4,70.677,52.415,60.029,53.786,70.677,0.009,0.0,0.001,0.0,0.0,52.415
0,0.0,0.0,100.0,0.0,0.0,0.0,8.571,-17.828,26.4,70.615,52.443,60.023,53.773,70.615,0.009,0.0,0.001,0.0,0.0,52.443
0,0.0,0.0,100.0,0.0,0.0,0.0,8.571,-17.828,26.4,70.553,52.464,60.017,53.762,70.553,0.009,0.0,0.001,0.0,0.0,52.464
0,0.0,0.0,100.0,0.0,0.0,0.0,8.571,-17.828,26.4,70.492,52.479,60.011,53.75,70.492,0.009,0.0,0.001,0.0,0.0,52.479
0,0.0,0.0,100.0,0.0,0.0,0.0,8.571,-17.828,26.4,70.431,52.564,60.005,53.739,70.431,0.009,0.0,0.001,0.0,0.0,52.564
0,0.0,0.0,100.0,0.0,0.0,0.0,8.571,-17.828,26.4,70.37,52.592,60.0,53.729,70.37,0.009,0.0,0.001,0.0,0.0,52.592
0,0.0,0.0,100.0,0.0,0.0,0.0,8.571,-17.828,26.4,70.308,52.591,59.994,53.718,70.308,0.009,0.0,0.001,0.0,0.0,52.591
0,0.0,0.0,100.0,0.0,0.0,0.0,8.571,-17.828,26.4,70.248,52.623,59.988,53.708,70.248,0.009,0.0,0.001,0.0,0.0,52.623
0,0.0,0.0,100.0,0.0,0.0,0.0,8.571,-17.828,26.4,70.187,52.645,59.983,53.699,70.187,0.009,0.0,0.001,0.0,0.0,52.645
0,0.0,0.0,100.0,0.0,0.0,0.0,8.571,-17.828,26.4,70.127,52.63,59.977,53.689,70.127,0.009,0.0,0.001,0.0,0.0,52.63
0,0.0,0.0,100.0,0.0,0.0,0.0,8.571,-17.828,26.4,70.066,52.628,59.972,53.68,70.066,0.009,0.0,0.001,0.0,0.0,52.628
0,0.0,0.0,100.0,0.0,0.0,0.0,8.571,-17.828,26.4,70.006,52.612,59.966,53.67,70.006,0.009,0.0,0.001,0.0,0.0,52.612
0,0.0,0.0,100.0,0.0,0.0,0.0,8.571,-17.828,26.4,69.947,52.611,59.961,53.661,69.947,0.009,0.0,0.001,0.0,0.0,52.611
0,0.0,0.0,100.0,0.0,0.0,0.0,8.571,-17.828,26.4,69.887,52.579,59.955,53.651,69.887,0.009,0.0,0.001,0.0,0.0,52.579
0,0.0,0.0,100.0,0.0,0.0,0.0,8.571,-17.828,26.4,69.827,52.542,59.95,53.642,69.827,0.009,0.0,0.001,0.0,0.0,52.542
0,0.0,0.0,100.0,0.0,0.0,0.0,8.571,-17.828,26.4,69.768,52.523,59.945,53.632,69.768,0.009,0.0,0.001,0.0,0.0,52.523
0,0.0,0.0,100.0,0.0,0.0,0.0,8.571,-17.828,26.4,69.709,52.49,59.939,53.622,69.709,0.009,0.0,0.001,0.0,0.0,52.49
0,0.0,0.0,100.0,0.0,0.0,0.0,8.571,-17.828,26.4,69.65,52.42,59.934,53.612,69.65,0.009,0.0,0.001,0.0,0.0,52.42
0,0.0,0.0,100.0,0.0,0.0,0.0,8.571,-17.828,26.4,69.591,52.391,59.929,53.601,69.591,0.009,0.0,0.001,0.0,0.0,52.391
0,0.0,0.0,100.0,0.0,0.0,0.0,8.571,-17.828,26.4,69.533,52.474,59.923,53.59,69.533,0.009,0.0,0.001,0.0,0.0,52.474
0,0.0,0.0,100.0,0.0,0.0,0.0,8.571,-17.828,26.4,69.474,52.487,59.918,53.58,69.474,0.009,0.0,0.001,0.0,0.0,52.487
0,0.0,0.0,100.0,0.0,0.0,0.0,8.571,-17.828,26.4,69.416,52.469,59.913,53.57,69.416,0.009,0.0,0.001,0.0,0.0,52.469
0,0.0,0.0,100.0,0.0,0.0,0.0,8.571,-17.828,26.4,69.358,52.451,59.908,53.561,69.358,0.009,0.0,0.001,0.0,0.0,52.451
0,0.0,0.0,100.0,0.0,0.0,0.0,8.571,-17.828,26.4,69.3,52.414,59.903,53.551,69.3,0.009,0.0,0.001,0.0,0.0,52.414
0,0.0,0.0,100.0,0.0,0.0,0.0,8.571,-17.828,26.4,69.242,52.443,59.898,53.54,69.242,0.009,0.0,0.001,0.0,0.0,52.443
0,0.0,0.0,100.0,0.0,0.0,0.0,8.571,-17.828,26.4,69.185,52.449,59.893,53.531,69.185,0.009,0.0,0.001,0.0,0.0,52.449
0,0.0,0.0,100.0,0.0,0.0,0.0,8.571,-17.828,26.4,69.127,52.448,59.888,53.521,69.127,0.009,0.0,0.001,0.0,0.0,52.448
0,0.0,0.0,100.0,0.0,0.0,0.0,8.571,-17.828,26.4,69.07,52.45,59.883,53.511,69.07,0.009,0.0,0.001,0.0,0.0,52.45
0,0.0,0.0,100.0,0.0,0.0,0.0,8.571,-17.828,26.4,69.013,52.401,59.878,53.502,69.013,0.009,0.0,0.001,0.0,0.0,52.401
0,0.0,0.0,100.0,0.0,0.0,0.0,8.571,-17.828,26.4,68.956,52.362,59.873,53.492,68.956,0.009,0.0,0.001,0.0,0.0,52.362
0,0.0,0.0,100.0,0.0,0.0,0.0,8.571,-17.828,26.4,68.9,52.325,59.868,53.482,68.9,0.009,0.0,0.001,0.0,0.0,52.325
0,0.0,0.0,100.0,0.0,0.0,0.0,8.571,-17.828,26.4,68.843,52.321,59.863,53.471,68.843,0.009,0.0,0.001,0.0,0.0,52.321
0,0.0,0.0,100.0,0.0,0.0,0.0,8.571,-17.828,26.4,68.787,52.323,59.858,53.461,68.787,0.009,0.0,0.001,0.0,0.0,52.323
0,0.0,0.0,100.0,0.0,0.0,0.0,8.571,-17.828,26.4,68.731,52.291,59.853,53.451,68.731,0.009,0.0,0.001,0.0,0.0,52.291
0,0.0,0.0,100.0,0.0,0.0,0.0,8.571,-17.828,26.4,68.675,52.265,59.848,53.44,68.675,0.009,0.0,0.001,0.0,0.0,52.265
0,0.0,0.0,100.0,0.0,0.0,0.0,8.571,-17.828,26.4,68.619,52.379,59.843,53.43,68.619,0.009,0.0,0.001,0.0,0.0,52.379
0,0.0,0.0,100.0,0.0,0.0,0.0,8.571,-17.828,26.4,68.563,52.414,59.839,53.421,68.563,0.009,0.0,0.001,0.0,0.0,52.414
0,0.0,0.0,100.0,0.0,0.0,0.0,8.571,-17.828,26.4,68.508,52.364,59.834,53.412,68.508,0.009,0.0,0.001,0.0,0.0,52.364
0,0.0,0.0,100.0,0.0,0.0,0.0,8.571,-17.828,26.4,68.452,52.372,59.829,53.402,68.452,0.009,0.0,0.001,0.0,0.0,52.372
0,0.0,0.0,100.0,0.0,0.0,0.0,8.571,-17.828,26.4,68.397,52.407,59.825,53.393,68.397,0.009,0.0,0.001,0.0,0.0,52.407
0,0.0,0.0,100.0,0.0,0.0,0.0,8.571,-17.828,26.4,68.342,52.442,59.82,53.384,68.342,0.009,0.0,0.001,0.0,0.0,52.442
0,0.0,0.0,100.0,0.0,0.0,0.0,8.571,-17.828,26.4,68.287,52.512,59.815,53.376,68.287,0.009,0.0,0.001,0.0,0.0,52.512
0,0.0,0.0,100.0,0.0,0.0,0.0,8.571,-17.828,26.4,68.233,52.536,59.811,53.369,68.233,0.009,0.0,0.001,0.0,0.0,52.536
0,0.0,0.0,100.0,0.0,0.0,0.0,8.571,-17.828,26.4,68.178,52.587,59.806,53.361,68.178,0.009,0.0,0.001,0.0,0.0,52.587
0,0.0,0.0,100.0,0.0,0.0,0.0,8.571,-17.828,26.4,68.124,52.577,59.802,53.354,68.124,0.009,0.0,0.001,0.0,0.0,52.577
0,0.0,0.0,100.0,0.0,0.0,0.0,8.571,-17.828,26.4,68.07,52.577,59.797,53.347,68.07,0.009,0.0,0.001,0.0,0.0,52.577
0,0.0,0.0,100.0,0.0,0.0,0.0,8.571,-17.828,26.4,68.016,52.48,59.793,53.34,68.016,0.009,0.0,0.001,0.0,0.0,52.48
0,0.0,0.0,100.0,0.0,0.0,0.0,8.571,-17.828,26.4,67.962,52.418,59.788,53.332,67.962,0.009,0.0,0.001,0.0,0.0,52.418
0,0.0,0.0,100.0,0.0,0.0,0.0,8.571,-17.828,26.4,67.909,52.363,59.784,53.324,67.909,0.009,0.0,0.001,0.0,0.0,52.363
0,0.0,0.0,100.0,0.0,0.0,0.0,8.571,-17.828,26.4,67.855,52.359,59.78,53.315,67.855,0.009,0.0,0.001,0.0,0.0,52.359
0,0.0,0.0,100.0,0.0,0.0,0.0,8.571,-17.828,26.4,67.802,52.311,59.775,53.307,67.802,0.009,0.0,0.001,0.0,0.0,52.311
0,0.0,0.0,100.0,0.0,0.0,0.0,8.571,-17.828,26.4,67.749,52.289,59.771,53.298,67.749,0.009,0.0,0.001,0.0,0.0,52.289
0,0.0,0.0,100.0,0.0,0.0,0.0,8.571,-17.828,26.4,67.696,52.222,59.766,53.289,67.696,0.009,0.0,0.001,0.0,0.0,52.222
0,0.0,0.0,100.0,0.0,0.0,0.0,8.571,-17.828,26.4,67.643,52.214,59.762,53.279,67.643,0.009,0.0,0.001,0.0,0.0,52.214
0,0.0,0.0,100.0,0.0,0.0,0.0,8.571,-17.828,26.4,67.59,52.165,59.757,53.269,67.59,0.009,0.0,0.001,0.0,0.0,52.165
0,0.0,0.0,100.0,0.0,0.0,0.0,8.571,-17.828,26.4,67.538,52.191,59.753,53.259,67.538,0.009,0.0,0.001,0.0,0.0,52.191
0,0.0,0.0,100.0,0.0,0.0,0.0,8.571,-17.828,26.4,67.486,52.195,59.749,53.25,67.486,0.009,0.0,0.001,0.0,0.0,52.195
0,0.0,0.0,100.0,0.0,0.0,0.0,8.571,-17.828,26.4,67.433,52.226,59.744,53.241,67.433,0.009,0.0,0.001,0.0,0.0,52.226
0,0.0,0.0,100.0,0.0,0.0,0.0,8.571,-17.828,26.4,67.381,52.297,59.74,53.232,67.381,0.009,0.0,0.001,0.0,0.0,52.297
0,0.0,0.0,100.0,0.0,0.0,0.0,8.571,-17.828,26.4,67.329,52.306,59.736,53.223,67.329,0.009,0.0,0.001,0.0,0.0,52.306
0,0.0,0.0,100.0,0.0,0.0,0.0,8.571,-17.828,26.4,67.278,52.285,59.732,53.215,67.278,0.009,0.0,0.001,0.0,0.0,52.285
0,0.0,0.0,100.0,0.0,0.0,0.0,8.571,-17.828,26.4,67.226,52.347,59.728,53.207,67.226,0.009,0.0,0.001,0.0,0.0,52.347
0,0.0,0.0,100.0,0.0,0.0,0.0,8.571,-17.828,26.4,67.175,52.427,59.723,53.2,67.175,0.009,0.0,0.001,0.0,0.0,52.427
0,0.0,0.0,100.0,0.0,0.0,0.0,8.571,-17.828,26.4,67.124,52.339,59.719,53.192,67.124,0.009,0.0,0.001,0.0,0.0,52.339
0,0.0,0.0,100.0,0.0,0.0,0.0,8.571,-17.828,26.4,67.073,52.241,59.715,53.185,67.073,0.009,0.0,0.001,0.0,0.0,52.241
0,0.0,0.0,100.0,0.0,0.0,0.0,8.571,-17.828,26.4,67.022,52.2,59.711,53.176,67.022,0.009,0.0,0.001,0.0,0.0,52.2
0,0.0,0.0,100.0,0.0,0.0,0.0,8.571,-17.828,26.4,66.971,52.148,59.707,53.167,66.971,0.009,0.0,0.001,0.0,0.0,52.148
0,0.0,0.0,100.0,0.0,0.0,0.0,8.571,-17.828,26.4,66.92,52.109,59.703,53.158,66.92,0.009,0.0,0.001,0.0,0.0,52.109
0,0.0,0.0,100.0,0.0,0.0,0.0,8.571,-17.828,26.4,66.87,52.107,59.698,53.148,66.87,0.009,0.0,0.001,0.0,0.0,52.107
0,0.0,0.0,100.0,0.0,0.0,0.0,8.571,-17.828,26.4,66.82,52.058,59.694,53.139,66.82,0.009,0.0,0.001,0.0,0.0,52.058
0,0.0,0.0,100.0,0.0,0.0,0.0,8.571,-17.828,26.4,66.77,52.051,59.69,53.129,66.77,0.009,0.0,0.001,0.0,0.0,52.051
0,0.0,0.0,100.0,0.0,0.0,0.0,8.571,-17.828,26.4,66.719,52.052,59.686,53.12,66.719,0.009,0.0,0.001,0.0,0.0,52.052
0,0.0,0.0,100.0,0.0,0.0,0.0,8.571,-17.828,26.4,66.67,52.051,59.682,53.11,66.67,0.009,0.0,0.001,0.0,0.0,52.051
0,0.0,0.0,100.0,0.0,0.0,0.0,8.571,-17.828,26.4,66.62,52.084,59.678,53.101,66.62,0.009,0.0,0.001,0.0,0.0,52.084
0,0.0,0.0,100.0,0.0,0.0,0.0,8.571,-17.828,26.4,66.57,52.088,59.674,53.092,66.57,0.009,0.0,0.001,0.0,0.0,52.088
0,0.0,0.0,100.0,0.0,0.0,0.0,8.571,-17.828,26.4,66.521,52.106,59.67,53.083,66.521,0.009,0.0,0.001,0.0,0.0,52.106
0,0.0,0.0,100.0,0.0,0.0,0.0,8.571,-17.828,26.4,66.472,52.058,59.666,53.074,66.472,0.009,0.0,0.001,0.0,0.0,52.058
0,0.0,0.0,100.0,0.0,0.0,0.0,8.571,-17.828,26.4,66.423,52.051,59.662,53.065,66.423,0.009,0.0,0.001,0.0,0.0,52.051
0,0.0,0.0,100.0,0.0,0.0,0.0,8.571,-17.828,26.4,66.374,52.037,59.658,53.056,66.374,0.009,0.0,0.001,0.0,0.0,52.037
0,0.0,0.0,100.0,0.0,0.0,0.0,8.571,-17.828,26.4,66.325,52.018,59.654,53.047,66.325,0.009,0.0,0.001,0.0,0.0,52.018
0,0.0,0.0,100.0,0.0,0.0,0.0,8.571,-17.828,26.4,66.276,52.014,59.65,53.037,66.276,0.009,0.0,0.001,0.0,0.0,52.014
0,0.0,0.0,100.0,0.0,0.0,0.0,8.571,-17.828,26.4,66.228,52.062,59.646,53.028,66.228,0.009,0.0,0.001,0.0,0.0,52.062
0,0.0,0.0,100.0,0.0,0.0,0.0,8.571,-17.828,26.4,66.179,52.136,59.642,53.02,66.179,0.009,0.0,0.001,0.0,0.0,52.136
0,0.0,0.0,100.0,0.0,0.0,0.0,8.571,-17.828,26.4,66.131,52.111,59.638,53.012,66.131,0.009,0.0,0.001,0.0,0.0,52.111
0,0.0,0.0,100.0,0.0,0.0,0.0,8.571,-17.828,26.4,66.083,52.105,59.634,53.004,66.083,0.009,0.0,0.001,0.0,0.0,52.105
0,0.0,0.0,100.0,0.0,0.0,0.0,8.571,-17.828,26.4,66.035,52.121,59.63,52.996,66.035,0.009,0.0,0.001,0.0,0.0,52.121
0,0.0,0.0,100.0,0.0,0.0,0.0,8.571,-17.828,26.4,65.987,52.141,59.627,52.988,65.987,0.009,0.0,0.001,0.0,0.0,52.141
0,0.0,0.0,100.0,0.0,0.0,0.0,8.571,-17.828,26.4,65.94,52.126,59.623,52.98,65.94,0.009,0.0,0.001,0.0,0.0,52.126
0,0.0,0.0,100.0,0.0,0.0,0.0,8.571,-17.828,26.4,65.892,52.139,59.619,52.973,65.892,0.009,0.0,0.001,0.0,0.0,52.139
0,0.0,0.0,100.0,0.0,0.0,0.0,8.571,-17.828,26.4,65.845,52.158,59.615,52.966,65.845,0.009,0.0,0.001,0.0,0.0,52.158
0,0.0,0.0,100.0,0.0,0.0,0.0,8.571,-17.828,26.4,65.798,52.161,59.611,52.958,65.798,0.009,0.0,0.001,0.0,0.0,52.161
0,0.0,0.0,100.0,0.0,0.0,0.0,8.571,-17.828,26.4,65.751,52.146,59.608,52.951,65.751,0.009,0.0,0.001,0.0,0.0,52.146
0,0.0,0.0,100.0,0.0,0.0,0.0,8.571,-17.828,26.4,65.704,52.093,59.604,52.944,65.704,0.009,0.0,0.001,0.0,0.0,52.093
0,0.0,0.0,100.0,0.0,0.0,0.0,8.571,-17.828,26.4,65.657,52.106,59.6,52.936,65.657,0.009,0.0,0.001,0.0,0.0,52.106
0,0.0,0.0,100.0,0.0,0.0,0.0,8.571,-17.828,26.4,65.61,52.028,59.596,52.929,65.61,0.009,0.0,0.001,0.0,0.0,52.028
0,0.0,0.0,100.0,0.0,0.0,0.0,8.571,-17.828,26.4,65.564,51.982,59.593,52.92,65.564,0.009,0.0,0.001,0.0,0.0,51.982
0,0.0,0.0,100.0,0.0,0.0,0.0,8.571,-17.828,26.4,65.517,51.995,59.589,52.912,65.517,0.009,0.0,0.001,0.0,0.0,51.995
0,0.0,0.0,100.0,0.0,0.0,0.0,8.571,-17.828,26.4,65.471,52.015,59.585,52.904,65.471,0.009,0.0,0.001,0.0,0.0,52.015
0,0.0,0.0,100.0,0.0,0.0,0.0,8.571,-17.828,26.4,65.425,52.0,59.581,52.896,65.425,0.009,0.0,0.001,0.0,0.0,52.0
0,0.0,0.0,100.0,0.0,0.0,0.0,8.571,-17.828,26.4,65.379,52.014,59.578,52.888,65.379,0.009,0.0,0.001,0.0,0.0,52.014
0,0.0,0.0,100.0,0.0,0.0,0.0,8.571,-17.828,26.4,65.334,52.016,59.574,52.88,65.334,0.009,0.0,0.001,0.0,0.0,52.016
0,0.0,0.0,100.0,0.0,0.0,0.0,8.571,-17.828,26.4,65.288,52.015,59.57,52.872,65.288,0.009,0.0,0.001,0.0,0.0,52.015
0,0.0,0.0,100.0,0.0,0.0,0.0,8.571,-17.828,26.4,65.242,52.046,59.567,52.865,65.242,0.009,0.0,0.001,0.0,0.0,52.046
0,0.0,0.0,100.0,0.0,0.0,0.0,8.571,-17.828,26.4,65.197,52.101,59.563,52.858,65.197,0.009,0.0,0.001,0.0,0.0,52.101
0,0.0,0.0,100.0,0.0,0.0,0.0,8.571,-17.828,26.4,65.152,52.092,59.559,52.851,65.152,0.009,0.0,0.001,0.0,0.0,52.092
0,0.0,0.0,100.0,0.0,0.0,0.0,8.571,-17.828,26.4,65.107,52.057,59.556,52.844,65.107,0.009,0.0,0.001,0.0,0.0,52.057
0,0.0,0.0,100.0,0.0,0.0,0.0,8.571,-17.828,26.4,65.062,52.02,59.552,52.837,65.062,0.009,0.0,0.001,0.0,0.0,52.02
0,0.0,0.0,100.0,0.0,0.0,0.0,8.571,-17.828,26.4,65.017,51.985,59.548,52.829,65.017,0.009,0.0,0.001,0.0,0.0,51.985
0,0.0,0.0,100.0,0.0,0.0,0.0,8.571,-17.828,26.4,64.972,51.932,59.545,52.822,64.972,0.009,0.0,0.001,0.0,0.0,51.932
0,0.0,0.0,100.0,0.0,0.0,0.0,8.571,-17.828,26.4,64.928,51.909,59.541,52.814,64.928,0.009,0.0,0.001,0.0,0.0,51.909
0,0.0,0.0,100.0,0.0,0.0,0.0,8.571,-17.828,26.4,64.883,51.908,59.538,52.805,64.883,0.009,0.0,0.001,0.0,0.0,51.908
0,0.0,0.0,100.0,0.0,0.0,0.0,8.571,-17.828,26.4,64.839,51.891,59.534,52.798,64.839,0.009,0.0,0.001,0.0,0.0,51.891
0,0.0,0.0,100.0,0.0,0.0,0.0,8.571,-17.828,26.4,64.795,51.92,59.53,52.789,64.795,0.009,0.0,0.001,0.0,0.0,51.92
0,0.0,0.0,100.0,0.0,0.0,0.0,8.571,-17.828,26.4,64.751,51.958,59.527,52.782,64.751,0.009,0.0,0.001,0.0,0.0,51.958
0,0.0,0.0,100.0,0.0,0.0,0.0,8.571,-17.828,26.4,64.707,51.995,59.523,52.775,64.707,0.009,0.0,0.001,0.0,0.0,51.995
0,0.0,0.0,100.0,0.0,0.0,0.0,8.571,-17.828,26.4,64.664,51.996,59.52,52.767,64.664,0.009,0.0,0.001,0.0,0.0,51.996
0,0.0,0.0,100.0,0.0,0.0,0.0,8.571,-17.828,26.4,64.62,52.063,59.516,52.761,64.62,0.009,0.0,0.001,0.0,0.0,52.063
0,0.0,0.0,100.0,0.0,0.0,0.0,8.571,-17.828,26.4,64.576,52.057,59.513,52.755,64.576,0.009,0.0,0.001,0.0,0.0,52.057
0,0.0,0.0,100.0,0.0,0.0,0.0,8.571,-17.828,26.4,64.533,52.02,59.509,52.748,64.533,0.009,0.0,0.001,0.0,0.0,52.02
0,0.0,0.0,100.0,0.0,0.0,0.0,8.571,-17.828,26.4,64.49,52.016,59.506,52.742,64.49,0.009,0.0,0.001,0.0,0.0,52.016
0,0.0,0.0,100.0,0.0,0.0,0.0,8.571,-17.828,26.4,64.447,51.999,59.502,52.735,64.447,0.009,0.0,0.001,0.0,0.0,51.999
0,0.0,0.0,100.0,0.0,0.0,0.0,8.571,-17.828,26.4,64.404,52.013,59.499,52.729,64.404,0.009,0.0,0.001,0.0,0.0,52.013
0,0.0,0.0,100.0,0.0,0.0,0.0,8.571,-17.828,26.4,64.361,52.033,59.495,52.722,64.361,0.009,0.0,0.001,0.0,0.0,52.033
0,0.0,0.0,100.0,0.0,0.0,0.0,8.571,-17.828,26.4,64.319,52.017,59.492,52.716,64.319,0.009,0.0,0.001,0.0,0.0,52.017
0,0.0,0.0,100.0,0.0,0.0,0.0,8.571,-17.828,26.4,64.276,52.048,59.489,52.71,64.276,0.009,0.0,0.001,0.0,0.0,52.048
0,0.0,0.0,100.0,0.0,0.0,0.0,8.571,-17.828,26.4,64.234,52.039,59.485,52.704,64.234,0.009,0.0,0.001,0.0,0.0,52.039
0,0.0,0.0,100.0,0.0,0.0,0.0,8.571,-17.828,26.4,64.191,51.971,59.482,52.698,64.191,0.009,0.0,0.001,0.0,0.0,51.971
0,0.0,0.0,100.0,0.0,0.0,0.0,8.571,-17.828,26.4,64.149,51.93,59.478,52.691,64.149,0.009,0.0,0.001,0.0,0.0,51.93
0,0.0,0.0,100.0,0.0,0.0,0.0,8.571,-17.828,26.4,64.107,51.895,59.475,52.684,64.107,0.009,0.0,0.001,0.0,0.0,51.895
0,0.0,0.0,100.0,0.0,0.0,0.0,8.571,-17.828,26.4,64.065,51.843,59.471,52.677,64.065,0.009,0.0,0.001,0.0,0.0,51.843
0,0.0,0.0,100.0,0.0,0.0,0.0,8.571,-17.828,26.4,64.024,51.788,59.468,52.67,64.024,0.009,0.0,0.001,0.0,0.0,51.788
0,0.0,0.0,100.0,0.0,0.0,0.0,8.571,-17.828,26.4,63.982,51.767,59.464,52.661,63.982,0.009,0.0,0.001,0.0,0.0,51.767
0,0.0,0.0,100.0,0.0,0.0,0.0,8.571,-17.828,26.4,63.941,51.7,59.461,52.653,63.941,0.009,0.0,0.001,0.0,0.0,51.7
0,0.0,0.0,100.0,0.0,0.0,0.0,8.571,-17.828,26.4,63.899,51.676,59.458,52.645,63.899,0.009,0.0,0.001,0.0,0.0,51.676
0,0.0,0.0,100.0,0.0,0.0,0.0,8.571,-17.828,26.4,63.858,51.624,59.454,52.636,63.858,0.009,0.0,0.001,0.0,0.0,51.624
0,0.0,0.0,100.0,0.0,0.0,0.0,8.571,-17.828,26.4,63.817,51.651,59.451,52.627,63.817,0.009,0.0,0.001,0.0,0.0,51.651
0,0.0,0.0,100.0,0.0,0.0,0.0,8.571,-17.828,26.4,63.776,51.655,59.447,52.618,63.776,0.009,0.0,0.001,0.0,0.0,51.655
0,0.0,0.0,100.0,0.0,0.0,0.0,8.571,-17.828,26.4,63.735,51.687,59.444,52.61,63.735,0.009,0.0,0.001,0.0,0.0,51.687
0,0.0,0.0,100.0,0.0,0.0,0.0,8.571,-17.828,26.4,63.694,51.709,59.44,52.602,63.694,0.009,0.0,0.001,0.0,0.0,51.709
0,0.0,0.0,100.0,0.0,0.0,0.0,8.571,-17.828,26.4,63.654,51.712,59.437,52.594,63.654,0.009,0.0,0.001,0.0,0.0,51.712
0,0.0,0.0,100.0,0.0,0.0,0.0,8.571,-17.828,26.4,63.613,51.679,59.433,52.586,63.613,0.009,0.0,0.001,0.0,0.0,51.679
0,0.0,0.0,100.0,0.0,0.0,0.0,8.571,-17.828,26.4,63.573,51.659,59.43,52.577,63.573,0.009,0.0,0.001,0.0,0.0,51.659
0,0.0,0.0,100.0,0.0,0.0,0.0,8.571,-17.828,26.4,63.532,51.624,59.427,52.569,63.532,0.009,0.0,0.001,0.0,0.0,51.624
0,0.0,0.0,100.0,0.0,0.0,0.0,8.571,-17.828,26.4,63.492,51.603,59.423,52.561,63.492,0.009,0.0,0.001,0.0,0.0,51.603
0,0.0,0.0,100.0,0.0,0.0,0.0,8.571,-17.828,26.4,63.452,51.616,59.42,52.552,63.452,0.009,0.0,0.001,0.0,0.0,51.616
0,0.0,0.0,100.0,0.0,0.0,0.0,8.571,-17.828,26.4,63.412,51.652,59.417,52.544,63.412,0.009,0.0,0.001,0.0,0.0,51.652
0,0.0,0.0,100.0,0.0,0.0,0.0,8.571,-17.828,26.4,63.372,51.671,59.413,52.536,63.372,0.009,0.0,0.001,0.0,0.0,51.671
0,0.0,0.0,100.0,0.0,0.0,0.0,8.571,-17.828,26.4,63.333,51.722,59.41,52.528,63.333,0.009,0.0,0.001,0.0,0.0,51.722
0,0.0,0.0,100.0,0.0,0.0,0.0,8.571,-17.828,26.4,63.293,51.729,59.406,52.521,63.293,0.009,0.0,0.001,0.0,0.0,51.729
0,0.0,0.0,100.0,0.0,0.0,0.0,8.571,-17.828,26.4,63.254,51.727,59.403,52.514,63.254,0.009,0.0,0.001,0.0,0.0,51.727
0,0.0,0.0,100.0,0.0,0.0,0.0,8.571,-17.828,26.4,63.214,51.745,59.4,52.507,63.214,0.009,0.0,0.001,0.0,0.0,51.745
0,0.0,0.0,100.0,0.0,0.0,0.0,8.571,-17.828,26.4,63.175,51.731,59.396,52.5,63.175,0.009,0.0,0.001,0.0,0.0,51.731
0,0.0,0.0,100.0,0.0,0.0,0.0,8.571,-17.828,26.4,63.136,51.712,59.393,52.493,63.136,0.009,0.0,0.001,0.0,0.0,51.712
0,0.0,0.0,100.0,0.0,0.0,0.0,8.571,-17.828,26.4,63.097,51.71,59.39,52.486,63.097,0.009,0.0,0.001,0.0,0.0,51.71
0,0.0,0.0,100.0,0.0,0.0,0.0,8.571,-17.828,26.4,63.058,51.695,59.386,52.479,63.058,0.009,0.0,0.001,0.0,0.0,51.695
0,0.0,0.0,100.0,0.0,0.0,0.0,8.571,-17.828,26.4,63.019,51.676,59.383,52.472,63.019,0.009,0.0,0.001,0.0,0.0,51.676
0,0.0,0.0,100.0,0.0,0.0,0.0,8.571,-17.828,26.4,62.981,51.674,59.38,52.465,62.981,0.009,0.0,0.001,0.0,0.0,51.674
0,0.0,0.0,100.0,0.0,0.0,0.0,8.571,-17.828,26.4,62.942,51.658,59.377,52.458,62.942,0.009,0.0,0.001,0.0,0.0,51.658
0,0.0,0.0,100.0,0.0,0.0,0.0,8.571,-17.828,26.4,62.904,51.656,59.373,52.451,62.904,0.009,0.0,0.001,0.0,0.0,51.656
0,0.0,0.0,100.0,0.0,0.0,0.0,8.571,-17.828,26.4,62.865,51.657,59.37,52.444,62.865,0.009,0.0,0.001,0.0,0.0,51.657
0,0.0,0.0,100.0,0.0,0.0,0.0,8.571,-17.828,26.4,62.827,51.641,59.367,52.437,62.827,0.009,0.0,0.001,0.0,0.0,51.641
0,0.0,0.0,100.0,0.0,0.0,0.0,8.571,-17.828,26.4,62.789,51.619,59.364,52.429,62.789,0.009,0.0,0.001,0.0,0.0,51.619
0,0.0,0.0,100.0,0.0,0.0,0.0,8.571,-17.828,26.4,62.751,51.698,59.36,52.422,62.751,0.009,0.0,0.001,0.0,0.0,51.698
0,0.0,0.0,100.0,0.0,0.0,0.0,8.571,-17.828,26.4,62.713,51.743,59.357,52.416,62.713,0.009,0.0,0.001,0.0,0.0,51.743
0,0.0,0.0,100.0,0.0,0.0,0.0,8.571,-17.828,26.4,62.675,51.763,59.354,52.41,62.675,0.009,0.0,0.001,0.0,0.0,51.763
0,0.0,0.0,100.0,0.0,0.0,0.0,8.571,-17.828,26.4,62.638,51.763,59.351,52.404,62.638,0.009,0.0,0.001,0.0,0.0,51.763
0,0.0,0.0,100.0,0.0,0.0,0.0,8.571,-17.828,26.4,62.6,51.794,59.347,52.399,62.6,0.009,0.0,0.001,0.0,0.0,51.794
0,0.0,0.0,100.0,0.0,0.0,0.0,8.571,-17.828,26.4,62.563,51.848,59.344,52.393,62.563,0.009,0.0,0.001,0.0,0.0,51.848
0,0.0,0.0,100.0,0.0,0.0,0.0,8.571,-17.828,26.4,62.526,51.888,59.341,52.389,62.526,0.009,0.0,0.001,0.0,0.0,51.888
0,0.0,0.0,100.0,0.0,0.0,0.0,8.571,-17.828,26.4,62.489,51.859,59.338,52.384,62.489,0.009,0.0,0.001,0.0,0.0,51.859
0,0.0,0.0,100.0,0.0,0.0,0.0,8.571,-17.828,26.4,62.451,51.84,59.335,52.379,62.451,0.009,0.0,0.001,0.0,0.0,51.84
0,0.0,0.0,100.0,0.0,0.0,0.0,8.571,-17.828,26.4,62.415,51.755,59.332,52.374,62.415,0.009,0.0,0.001,0.0,0.0,51.755
0,0.0,0.0,100.0,0.0,0.0,0.0,8.571,-17.828,26.4,62.378,51.763,59.328,52.369,62.378,0.009,0.0,0.001,0.0,0.0,51.763
0,0.0,0.0,100.0,0.0,0.0,0.0,8.571,-17.828,26.4,62.341,51.686,59.325,52.363,62.341,0.009,0.0,0.001,0.0,0.0,51.686
0,0.0,0.0,100.0,0.0,0.0,0.0,8.571,-17.828,26.4,62.305,51.626,59.322,52.357,62.305,0.009,0.0,0.001,0.0,0.0,51.626
0,0.0,0.0,100.0,0.0,0.0,0.0,8.571,-17.828,26.4,62.268,51.57,59.319,52.35,62.268,0.009,0.0,0.001,0.0,0.0,51.57
0,0.0,0.0,100.0,0.0,0.0,0.0,8.571,-17.828,26.4,62.232,51.583,59.316,52.343,62.232,0.009,0.0,0.001,0.0,0.0,51.583
0,0.0,0.0,100.0,0.0,0.0,0.0,8.571,-17.828,26.4,62.196,51.537,59.312,52.336,62.196,0.009,0.0,0.001,0.0,0.0,51.537
0,0.0,0.0,100.0,0.0,0.0,0.0,8.571,-17.828,26.4,62.159,51.514,59.309,52.329,62.159,0.009,0.0,0.001,0.0,0.0,51.514
0,0.0,0.0,100.0,0.0,0.0,0.0,8.571,-17.828,26.4,62.123,51.481,59.306,52.322,62.123,0.009,0.0,0.001,0.0,0.0,51.481
0,0.0,0.0,100.0,0.0,0.0,0.0,8.571,-17.828,26.4,62.087,51.446,59.303,52.314,62.087,0.009,0.0,0.001,0.0,0.0,51.446
0,0.0,0.0,100.0,0.0,0.0,0.0,8.571,-17.828,26.4,62.052,51.357,59.3,52.306,62.052,0.009,0.0,0.001,0.0,0.0,51.357
0,0.0,0.0,100.0,0.0,0.0,0.0,8.571,-17.828,26.4,62.016,51.396,59.296,52.298,62.016,0.009,0.0,0.001,0.0,0.0,51.396
0,0.0,0.0,100.0,0.0,0.0,0.0,8.571,-17.828,26.4,61.98,51.417,59.293,52.29,61.98,0.009,0.0,0.001,0.0,0.0,51.417
0,0.0,0.0,100.0,0.0,0.0,0.0,8.571,-17.828,26.4,61.945,51.516,59.29,52.282,61.945,0.009,0.0,0.001,0.0,0.0,51.516
0,0.0,0.0,100.0,0.0,0.0,0.0,8.571,-17.828,26.4,61.909,51.596,59.287,52.276,61.909,0.009,0.0,0.001,0.0,0.0,51.596
0,0.0,0.0,100.0,0.0,0.0,0.0,8.571,-17.828,26.4,61.874,51.618,59.284,52.27,61.874,0.009,0.0,0.001,0.0,0.0,51.618
0,0.0,0.0,100.0,0.0,0.0,0.0,8.571,-17.828,26.4,61.839,51.667,59.281,52.264,61.839,0.009,0.0,0.001,0.0,0.0,51.667
0,0.0,0.0,100.0,0.0,0.0,0.0,8.571,-17.828,26.4,61.804,51.705,59.277,52.259,61.804,0.009,0.0,0.001,0.0,0.0,51.705
0,0.0,0.0,100.0,0.0,0.0,0.0,8.571,-17.828,26.4,61.769,51.774,59.274,52.254,61.769,0.009,0.0,0.001,0.0,0.0,51.774
0,0.0,0.0,100.0,0.0,0.0,0.0,8.571,-17.828,26.4,61.734,51.799,59.271,52.25,61.734,0.009,0.0,0.001,0.0,0.0,51.799
0,0.0,0.0,100.0,0.0,0.0,0.0,8.571,-17.828,26.4,61.699,51.817,59.268,52.246,61.699,0.009,0.0,0.001,0.0,0.0,51.817
0,0.0,0.0,100.0,0.0,0.0,0.0,8.571,-17.828,26.4,61.664,51.802,59.265,52.242,61.664,0.009,0.0,0.001,0.0,0.0,51.802
0,0.0,0.0,100.0,0.0,0.0,0.0,8.571,-17.828,26.4,61.63,51.8,59.262,52.238,61.63,0.009,0.0,0.001,0.0,0.0,51.8
0,0.0,0.0,100.0,0.0,0.0,0.0,8.571,-17.828,26.4,61.595,51.799,59.259,52.234,61.595,0.009,0.0,0.001,0.0,0.0,51.799
0,0.0,0.0,100.0,0.0,0.0,0.0,8.571,-17.828,26.4,61.561,51.833,59.256,52.23,61.561,0.009,0.0,0.001,0.0,0.0,51.833
0,0.0,0.0,100.0,0.0,0.0,0.0,8.571,-17.828,26.4,61.527,51.805,59.253,52.227,61.527,0.009,0.0,0.001,0.0,0.0,51.805
0,0.0,0.0,100.0,0.0,0.0,0.0,8.571,-17.828,26.4,61.493,51.799,59.25,52.223,61.493,0.009,0.0,0.001,0.0,0.0,51.799
0,0.0,0.0,100.0,0.0,0.0,0.0,8.571,-17.828,26.4,61.459,51.801,59.247,52.219,61.459,0.009,0.0,0.001,0.0,0.0,51.801
0,0.0,0.0,100.0,0.0,0.0,0.0,8.571,-17.828,26.4,61.425,51.769,59.244,52.215,61.425,0.009,0.0,0.001,0.0,0.0,51.769
0,0.0,0.0,100.0,0.0,0.0,0.0,8.571,-17.828,26.4,61.391,51.732,59.241,52.211,61.391,0.009,0.0,0.001,0.0,0.0,51.732
0,0.0,0.0,100.0,0.0,0.0,0.0,8.571,-17.828,26.4,61.358,51.711,59.238,52.207,61.358,0.009,0.0,0.001,0.0,0.0,51.711
0,0.0,0.0,100.0,0.0,0.0,0.0,8.571,-17.828,26.4,61.324,51.707,59.235,52.202,61.324,0.009,0.0,0.001,0.0,0.0,51.707
0,0.0,0.0,100.0,0.0,0.0,0.0,8.571,-17.828,26.4,61.291,51.775,59.232,52.198,61.291,0.009,0.0,0.001,0.0,0.0,51.775
0,0.0,0.0,100.0,0.0,0.0,0.0,8.571,-17.828,26.4,61.257,51.766,59.229,52.194,61.257,0.009,0.0,0.001,0.0,0.0,51.766
0,0.0,0.0,100.0,0.0,0.0,0.0,8.571,-17.828,26.4,61.224,51.794,59.226,52.191,61.224,0.009,0.0,0.001,0.0,0.0,51.794
0,0.0,0.0,100.0,0.0,0.0,0.0,8.571,-17.828,26.4,61.191,51.834,59.223,52.187,61.191,0.009,0.0,0.001,0.0,0.0,51.834
0,0.0,0.0,100.0,0.0,0.0,0.0,8.571,-17.828,26.4,61.158,51.806,59.22,52.184,61.158,0.009,0.0,0.001,0.0,0.0,51.806
0,0.0,0.0,100.0,0.0,0.0,0.0,8.571,-17.828,26.4,61.125,51.769,59.217,52.18,61.125,0.009,0.0,0.001,0.0,0.0,51.769
0,0.0,0.0,100.0,0.0,0.0,0.0,8.571,-17.828,26.4,61.093,51.713,59.214,52.177,61.093,0.009,0.0,0.001,0.0,0.0,51.713
0,0.0,0.0,100.0,0.0,0.0,0.0,8.571,-17.828,26.4,61.06,51.756,59.211,52.173,61.06,0.009,0.0,0.001,0.0,0.0,51.756
0,0.0,0.0,100.0,0.0,0.0,0.0,8.571,-17.828,26.4,61.027,51.782,59.208,52.169,61.027,0.009,0.0,0.001,0.0,0.0,51.782
0,0.0,0.0,100.0,0.0,0.0,0.0,8.571,-17.828,26.4,60.995,51.766,59.205,52.165,60.995,0.009,0.0,0.001,0.0,0.0,51.766
0,0.0,0.0,100.0,0.0,0.0,0.0,8.571,-17.828,26.4,60.962,51.764,59.202,52.162,60.962,0.009,0.0,0.001,0.0,0.0,51.764
0,0.0,0.0,100.0,0.0,0.0,0.0,8.571,-17.828,26.4,60.93,51.763,59.199,52.158,60.93,0.009,0.0,0.001,0.0,0.0,51.763
0,0.0,0.0,100.0,0.0,0.0,0.0,8.571,-17.828,26.4,60.898,51.794,59.196,52.155,60.898,0.009,0.0,0.001,0.0,0.0,51.794
0,0.0,0.0,100.0,0.0,0.0,0.0,8.571,-17.828,26.4,60.866,51.849,59.193,52.152,60.866,0.009,0.0,0.001,0.0,0.0,51.849
0,0.0,0.0,100.0,0.0,0.0,0.0,8.571,-17.828,26.4,60.834,51.855,59.19,52.149,60.834,0.009,0.0,0.001,0.0,0.0,51.855
0,0.0,0.0,100.0,0.0,0.0,0.0,8.571,-17.828,26.4,60.802,51.851,59.187,52.146,60.802,0.009,0.0,0.001,0.0,0.0,51.851
0,0.0,0.0,100.0,0.0,0.0,0.0,8.571,-17.828,26.4,60.77,51.93,59.184,52.144,60.77,0.009,0.0,0.001,0.0,0.0,51.93
0,0.0,0.0,100.0,0.0,0.0,0.0,8.571,-17.828,26.4,60.739,52.042,59.181,52.142,60.739,0.009,0.0,0.001,0.0,0.0,52.042
0,0.0,0.0,100.0,0.0,0.0,0.0,8.571,-17.828,26.4,60.707,52.038,59.178,52.141,60.707,0.009,0.0,0.001,0.0,0.0,52.038
0,0.0,0.0,100.0,0.0,0.0,0.0,8.571,-17.828,26.4,60.676,52.05,59.176,52.141,60.676,0.009,0.0,0.001,0.0,0.0,52.05
0,0.0,0.0,100.0,0.0,0.0,0.0,8.571,-17.828,26.4,60.645,52.037,59.173,52.14,60.645,0.009,0.0,0.001,0.0,0.0,52.037
0,0.0,0.0,100.0,0.0,0.0,0.0,8.571,-17.828,26.4,60.614,52.019,59.17,52.139,60.614,0.009,0.0,0.001,0.0,0.0,52.019
0,0.0,0.0,100.0,0.0,0.0,0.0,8.571,-17.828,26.4,60.582,51.968,59.167,52.138,60.582,0.009,0.0,0.001,0.0,0.0,51.968
0,0.0,0.0,100.0,0.0,0.0,0.0,8.571,-17.828,26.4,60.551,51.946,59.164,52.136,60.551,0.009,0.0,0.001,0.0,0.0,51.946
0,0.0,0.0,100.0,0.0,0.0,0.0,8.571,-17.828,26.4,60.521,51.911,59.161,52.134,60.521,0.009,0.0,0.001,0.0,0.0,51.911
0,0.0,0.0,100.0,0.0,0.0,0.0,8.571,-17.828,26.4,60.49,51.925,59.158,52.132,60.49,0.009,0.0,0.001,0.0,0.0,51.925
0,0.0,0.0,100.0,0.0,0.0,0.0,8.571,-17.828,26.4,60.459,51.896,59.155,52.13,60.459,0.009,0.0,0.001,0.0,0.0,51.896
0,0.0,0.0,100.0,0.0,0.0,0.0,8.571,-17.828,26.4,60.429,51.857,59.152,52.128,60.429,0.009,0.0,0.001,0.0,0.0,51.857
0,0.0,0.0,100.0,0.0,0.0,0.0,8.571,-17.828,26.4,60.398,51.854,59.149,52.126,60.398,0.009,0.0,0.001,0.0,0.0,51.854
0,0.0,0.0,100.0,0.0,0.0,0.0,8.571,-17.828,26.4,60.368,51.837,59.147,52.123,60.368,0.009,0.0,0.001,0.0,0.0,51.837
0,0.0,0.0,100.0,0.0,0.0,0.0,8.571,-17.828,26.4,60.338,51.852,59.144,52.121,60.338,0.009,0.0,0.001,0.0,0.0,51.852
0,0.0,0.0,100.0,0.0,0.0,0.0,8.571,-17.828,26.4,60.308,51.841,59.141,52.118,60.308,0.009,0.0,0.001,0.0,0.0,51.841
0,0.0,0.0,100.0,0.0,0.0,0.0,8.571,-17.828,26.4,60.278,51.772,59.138,52.116,60.278,0.009,0.0,0.001,0.0,0.0,51.772
0,0.0,0.0,100.0,0.0,0.0,0.0,8.571,-17.828,26.4,60.248,51.747,59.135,52.112,60.248,0.009,0.0,0.001,0.0,0.0,51.747
0,0.0,0.0,100.0,0.0,0.0,0.0,8.571,-17.828,26.4,60.218,51.73,59.132,52.109,60.218,0.009,0.0,0.001,0.0,0.0,51.73
0,0.0,0.0,100.0,0.0,0.0,0.0,8.571,-17.828,26.4,60.188,51.713,59.129,52.106,60.188,0.009,0.0,0.001,0.0,0.0,51.713
0,0.0,0.0,100.0,0.0,0.0,0.0,8.571,-17.828,26.4,60.159,51.676,59.126,52.102,60.159,0.009,0.0,0.001,0.0,0.0,51.676
0,0.0,0.0,100.0,0.0,0.0,0.0,8.571,-17.828,26.4,60.129,51.706,59.123,52.098,60.129,0.009,0.0,0.001,0.0,0.0,51.706
0,0.0,0.0,100.0,0.0,0.0,0.0,8.571,-17.828,26.4,60.1,51.695,59.12,52.095,60.1,0.009,0.0,0.001,0.0,0.0,51.695
0,0.0,0.0,100.0,0.0,0.0,0.0,8.571,-17.828,26.4,60.07,51.692,59.117,52.091,60.07,0.009,0.0,0.001,0.0,0.0,51.692
0,0.0,0.0,100.0,0.0,0.0,0.0,8.571,-17.828,26.4,60.041,51.678,59.114,52.088,60.041,0.009,0.0,0.001,0.0,0.0,51.678
0,0.0,0.0,100.0,0.0,0.0,0.0,8.571,-17.828,26.4,60.012,51.626,59.111,52.084,60.012,0.009,0.0,0.001,0.0,0.0,51.626
0,0.0,0.0,100.0,0.0,0.0,0.0,8.571,-17.828,26.4,59.983,51.602,59.108,52.08,59.983,0.009,0.0,0.001,0.0,0.0,51.602
0,0.0,0.0,100.0,0.0,0.0,0.0,8.571,-17.828,26.4,59.954,51.634,59.105,52.075,59.954,0.009,0.0,0.001,0.0,0.0,51.634
0,0.0,0.0,100.0,0.0,0.0,0.0,8.571,-17.828,26.4,59.925,51.623,59.102,52.071,59.925,0.009,0.0,0.001,0.0,0.0,51.623
0,0.0,0.0,100.0,0.0,0.0,0.0,8.571,-17.828,26.4,59.896,51.619,59.1,52.067,59.896,0.009,0.0,0.001,0.0,0.0,51.619
0,0.0,0.0,100.0,0.0,0.0,0.0,8.571,-17.828,26.4,59.868,51.637,59.096,52.064,59.868,0.009,0.0,0.001,0.0,0.0,51.637
0,0.0,0.0,100.0,0.0,0.0,0.0,8.571,-17.828,26.4,59.839,51.606,59.094,52.06,59.839,0.009,0.0,0.001,0.0,0.0,51.606
0,0.0,0.0,100.0,0.0,0.0,0.0,8.571,-17.828,26.4,59.811,51.603,59.091,52.056,59.811,0.009,0.0,0.001,0.0,0.0,51.603
0,0.0,0.0,100.0,0.0,0.0,0.0,8.571,-17.828,26.4,59.782,51.571,59.088,52.051,59.782,0.009,0.0,0.001,0.0,0.0,51.571
0,0.0,0.0,100.0,0.0,0.0,0.0,8.571,-17.828,26.4,59.754,51.534,59.085,52.047,59.754,0.009,0.0,0.001,0.0,0.0,51.534
0,0.0,0.0,100.0,0.0,0.0,0.0,8.571,-17.828,26.4,59.726,51.513,59.082,52.042,59.726,0.009,0.0,0.001,0.0,0.0,51.513
0,0.0,0.0,100.0,0.0,0.0,0.0,8.571,-17.828,26.4,59.697,51.526,59.079,52.038,59.697,0.009,0.0,0.001,0.0,0.0,51.526
0,0.0,0.0,100.0,0.0,0.0,0.0,8.571,-17.828,26.4,59.669,51.579,59.076,52.033,59.669,0.009,0.0,0.001,0.0,0.0,51.579
0,0.0,0.0,100.0,0.0,0.0,0.0,8.571,-17.828,26.4,59.641,51.551,59.073,52.029,59.641,0.009,0.0,0.001,0.0,0.0,51.551
0,0.0,0.0,100.0,0.0,0.0,0.0,8.571,-17.828,26.4,59.613,51.612,59.07,52.025,59.613,0.009,0.0,0.001,0.0,0.0,51.612
0,0.0,0.0,100.0,0.0,0.0,0.0,8.571,-17.828,26.4,59.586,51.605,59.067,52.021,59.586,0.009,0.0,0.001,0.0,0.0,51.605
0,0.0,0.0,100.0,0.0,0.0,0.0,8.571,-17.828,26.4,59.558,51.602,59.064,52.017,59.558,0.009,0.0,0.001,0.0,0.0,51.602
0,0.0,0.0,100.0,0.0,0.0,0.0,8.571,-17.828,26.4,59.53,51.601,59.061,52.014,59.53,0.009,0.0,0.001,0.0,0.0,51.601
0,0.0,0.0,100.0,0.0,0.0,0.0,8.571,-17.828,26.4,59.503,51.618,59.058,52.01,59.503,0.009,0.0,0.001,0.0,0.0,51.618
0,0.0,0.0,100.0,0.0,0.0,0.0,8.571,-17.828,26.4,59.475,51.622,59.055,52.007,59.475,0.009,0.0,0.001,0.0,0.0,51.622
0,0.0,0.0,100.0,0.0,0.0,0.0,8.571,-17.828,26.4,59.448,51.588,59.053,52.003,59.448,0.009,0.0,0.001,0.0,0.0,51.588
0,0.0,0.0,100.0,0.0,0.0,0.0,8.571,-17.828,26.4,59.421,51.583,59.05,51.999,59.421,0.009,0.0,0.001,0.0,0.0,51.583
0,0.0,0.0,100.0,0.0,0.0,0.0,8.571,-17.828,26.4,59.393,51.585,59.047,51.996,59.393,0.009,0.0,0.001,0.0,0.0,51.585
0,0.0,0.0,100.0,0.0,0.0,0.0,8.571,-17.828,26.4,59.366,51.553,59.044,51.992,59.366,0.009,0.0,0.001,0.0,0.0,51.553
0,0.0,0.0,100.0,0.0,0.0,0.0,8.571,-17.828,26.4,59.339,51.533,59.041,51.988,59.339,0.009,0.0,0.001,0.0,0.0,51.533
0,0.0,0.0,100.0,0.0,0.0,0.0,8.571,-17.828,26.4,59.312,51.501,59.038,51.984,59.312,0.009,0.0,0.001,0.0,0.0,51.501
0,0.0,0.0,100.0,0.0,0.0,0.0,8.571,-17.828,26.4,59.285,51.413,59.035,51.979,59.285,0.009,0.0,0.001,0.0,0.0,51.413
0,0.0,0.0,100.0,0.0,0.0,0.0,8.571,-17.828,26.4,59.259,51.42,59.032,51.974,59.259,0.009,0.0,0.001,0.0,0.0,51.42
0,0.0,40.0,60.0,40.0,20.995,11.743,363.894,379.991,26.4,77.062,70.88,72.353,53.379,76.959,0.075,0.188,0.067,83.062,66.45,51.376
0,0.0,40.0,60.0,40.0,205.572,89.985,1064.209,1050.949,204.528,68.099,68.485,72.362,61.435,67.666,0.235,0.796,0.187,100.0,80.0,51.32
0,0.0,40.0,60.0,40.0,805.023,249.188,1916.464,1749.623,493.789,64.779,67.219,72.376,65.962,63.752,0.528,1.746,0.311,100.0,80.0,51.283
0,0.0,40.0,60.0,40.0,1936.02,577.814,2597.901,2351.008,672.536,68.576,67.329,72.313,67.057,66.649,1.004,3.087,0.536,100.0,80.0,51.23
0,0.0,40.0,60.0,40.0,2146.34,416.331,2267.742,2079.739,582.819,70.03,67.331,72.256,67.214,67.141,2.223,3.856,0.437,84.233,67.386,51.191
0,0.0,40.0,60.0,40.0,1338.32,227.149,2006.506,1778.251,524.825,69.452,67.063,72.236,67.145,67.197,1.421,2.757,0.279,74.459,59.567,51.185
0,0.0,40.0,60.0,40.0,1287.92,242.681,1899.093,1739.994,488.335,69.275,67.151,72.218,67.12,67.122,1.556,2.754,0.304,74.459,59.567,51.251
0,0.0,40.0,60.0,40.0,1165.11,240.697,1761.584,1663.147,444.74,69.273,67.262,72.205,67.202,67.154,1.581,2.623,0.316,72.822,58.257,51.276
0,0.0,40.0,60.0,40.0,1055.51,235.703,1627.505,1593.244,385.31,69.337,67.609,72.198,67.403,67.267,1.571,2.491,0.323,71.235,56.988,51.312
0,0.0,40.0,60.0,40.0,970.53,233.481,1502.912,1530.28,329.013,69.554,67.991,72.196,67.72,67.505,1.563,2.382,0.333,70.018,56.014,51.282
0,0.0,40.0,60.0,40.0,898.17,232.528,1378.728,1469.135,273.703,69.876,68.449,72.199,68.1,67.82,1.557,2.28,0.345,69.001,55.201,51.307
0,0.0,40.0,60.0,40.0,835.86,232.253,1256.809,1410.179,220.322,70.279,68.979,72.208,68.543,68.19,1.552,2.187,0.359,68.161,54.529,51.362
0,0.0,40.0,60.0,40.0,779.682,232.087,1138.248,1353.188,169.494,70.752,69.576,72.223,69.043,68.608,1.547,2.099,0.374,67.46,53.968,51.386
0,0.0,41.466,58.534,41.466,726.343,232.085,1024.788,1296.889,147.433,71.277,69.715,72.242,69.496,69.063,1.542,2.021,0.391,66.891,53.513,51.354
0,0.0,44.233,55.767,44.233,712.15,232.306,996.34,1278.696,189.668,71.66,68.729,72.238,69.36,69.403,1.532,2.002,0.396,66.751,53.4,51.365
0,0.0,46.863,53.137,46.863,712.218,232.933,996.521,1272.503,251.965,71.52,67.386,72.227,68.549,69.257,1.527,2.002,0.399,66.751,53.4,51.367
0,0.0,49.08,50.92,49.08,712.303,233.484,996.748,1266.853,310.425,70.791,66.134,72.213,67.429,68.527,1.526,2.002,0.402,66.751,53.4,51.399
0,0.0,50.833,49.167,50.833,712.351,233.88,996.875,1262.65,359.119,69.736,65.087,72.195,66.293,67.472,1.527,2.002,0.404,66.751,53.4,51.421
0,0.0,52.258,47.743,52.258,712.374,234.15,996.936,1259.702,399.508,68.626,64.209,72.17,65.268,66.362,1.528,2.002,0.406,66.751,53.4,51.421
0,0.0,53.506,46.494,53.506,712.388,234.337,996.973,1257.631,435.007,67.601,63.446,72.137,64.372,65.337,1.53,2.002,0.407,66.751,53.4,51.454
0,0.0,54.666,45.334,54.666,712.26,234.359,996.633,1257.392,463.591,66.699,62.814,72.097,63.599,64.435,1.528,2.002,0.407,66.751,53.4,51.459
0,0.0,55.779,44.221,55.779,712.276,234.319,996.674,1257.833,490.507,65.918,62.217,72.051,62.927,63.654,1.524,2.002,0.407,66.751,53.4,51.459
0,0.0,56.857,43.143,56.857,712.29,234.251,996.714,1258.59,516.453,65.233,61.626,72.0,62.303,62.969,1.522,2.002,0.406,66.751,53.4,51.428
0,0.0,57.893,42.107,57.893,712.305,234.155,996.751,1259.646,541.098,64.602,61.048,71.945,61.702,62.338,1.52,2.002,0.406,66.751,53.4,51.374
0,0.0,58.868,41.132,58.868,712.317,234.037,996.785,1260.948,563.946,64.0,60.523,71.886,61.131,61.736,1.518,2.002,0.405,66.751,53.4,51.348
0,0.0,59.776,40.224,59.776,712.328,233.9,996.813,1262.434,584.82,63.431,60.092,71.824,60.618,61.167,1.517,2.002,0.404,66.751,53.4,51.414
0,0.0,60.629,39.371,60.629,712.336,233.747,996.836,1264.071,604.009,62.916,59.669,71.758,60.161,60.652,1.516,2.002,0.404,66.751,53.4,51.423
0,0.0,61.445,38.555,61.445,712.342,233.58,996.85,1265.841,621.961,62.451,59.265,71.69,59.73,60.188,1.515,2.002,0.403,66.751,53.4,51.423
0,0.0,62.222,37.778,62.222,712.343,233.409,996.853,1267.64,638.94,62.018,58.874,71.619,59.319,59.754,1.514,2.002,0.402,66.751,53.4,51.405
0,0.0,62.955,37.045,62.955,712.345,233.236,996.857,1269.428,654.868,61.607,58.526,71.547,58.934,59.343,1.514,2.002,0.401,66.751,53.4,51.421
0,0.0,63.645,36.355,63.645,712.346,233.063,996.86,1271.193,669.713,61.22,58.162,71.473,58.568,58.956,1.513,2.002,0.4,66.751,53.4,51.374
0,0.0,64.293,35.707,64.293,712.347,232.891,996.864,1272.932,683.544,60.852,57.847,71.397,58.217,58.588,1.513,2.002,0.399,66.751,53.4,51.369
0,0.0,64.901,35.099,64.901,707.108,233.136,983.164,1270.445,685.258,60.513,57.556,71.314,57.898,58.24,1.515,1.996,0.4,66.751,53.4,51.322
0,0.0,65.485,34.515,65.485,699.424,233.539,963.843,1266.28,681.493,60.215,57.286,71.231,57.606,57.925,1.519,1.988,0.403,66.751,53.4,51.266
0,0.0,66.05,33.95,66.05,685.671,233.975,942.762,1261.616,675.437,59.941,57.044,71.149,57.339,57.637,1.523,1.98,0.405,66.751,53.4,51.228
0,0.0,66.585,33.415,66.585,666.263,234.439,920.221,1256.492,667.086,59.672,56.823,71.07,57.098,57.374,1.528,1.971,0.407,66.751,53.4,51.193
0,0.0,67.089,32.911,67.089,646.082,234.918,896.509,1250.983,656.711,59.423,56.609,70.993,56.874,57.136,1.533,1.962,0.41,66.751,53.4,51.139
0,0.0,67.57,32.43,67.57,623.758,234.597,871.538,1243.598,644.521,59.19,56.443,70.919,56.672,56.916,1.534,1.948,0.412,66.673,53.339,51.133
0,0.0,68.027,31.973,68.027,600.98,233.912,846.287,1235.423,631.289,58.975,56.284,70.848,56.498,56.718,1.534,1.933,0.413,66.563,53.25,51.119
0,0.0,68.467,31.533,68.467,578.189,233.141,820.711,1226.959,617.07,58.783,56.121,70.78,56.335,56.543,1.533,1.918,0.415,66.445,53.156,51.085
0,0.0,68.892,31.108,68.892,557.347,232.249,797.215,1218.981,604.006,58.604,55.963,70.715,56.178,56.382,1.533,1.903,0.416,66.322,53.058,51.051
0,0.0,69.301,30.699,69.301,557.264,231.934,797.495,1220.19,610.838,58.439,55.707,70.658,55.997,56.224,1.531,1.902,0.415,66.302,53.042,50.954
0,0.0,69.69,30.31,69.69,557.268,231.832,797.498,1221.646,616.966,58.26,55.39,70.601,55.757,56.046,1.531,1.902,0.414,66.302,53.042,50.762
0,0.0,70.035,29.965,70.035,557.268,231.74,797.498,1222.948,622.308,58.038,55.132,70.544,55.486,55.824,1.531,1.902,0.414,66.302,53.042,50.624
0,0.0,70.318,29.682,70.318,557.267,231.663,797.498,1224.025,626.622,57.782,54.961,70.486,55.246,55.569,1.53,1.902,0.413,66.302,53.042,50.564
0,0.0,70.551,29.45,70.551,557.266,231.599,797.496,1224.916,630.115,57.538,54.805,70.428,55.05,55.325,1.53,1.902,0.413,66.302,53.042,50.495
0,0.0,70.76,29.24,70.76,557.266,231.54,797.496,1225.722,633.23,57.328,54.653,70.369,54.876,55.115,1.53,1.902,0.412,66.302,53.042,50.421
0,0.0,70.961,29.039,70.961,557.266,231.483,797.496,1226.496,636.178,57.146,54.545,70.31,54.724,54.933,1.53,1.902,0.412,66.302,53.042,50.395
0,0.0,71.153,28.847,71.153,557.266,231.428,797.496,1227.241,638.972,56.989,54.488,70.251,54.61,54.775,1.53,1.902,0.412,66.302,53.042,50.429
0,0.0,71.341,28.659,71.341,557.266,231.374,797.496,1227.975,641.684,56.864,54.384,70.192,54.518,54.65,1.53,1.902,0.411,66.302,53.042,50.4
0,0.0,71.533,28.467,71.533,557.267,231.318,797.498,1228.725,644.413,56.762,54.312,70.134,54.425,54.548,1.53,1.902,0.411,66.302,53.042,50.412
0,0.0,71.722,28.278,71.722,557.267,231.262,797.498,1229.464,647.075,56.668,54.224,70.075,54.342,54.454,1.53,1.902,0.411,66.302,53.042,50.401
0,0.0,71.903,28.097,71.903,557.267,231.208,797.498,1230.178,649.605,56.581,54.092,70.017,54.244,54.367,1.53,1.902,0.41,66.302,53.042,50.331
0,0.0,72.073,27.927,72.073,557.266,231.157,797.496,1230.849,651.95,56.486,54.029,69.959,54.142,54.272,1.53,1.902,0.41,66.302,53.042,50.339
0,0.0,72.224,27.776,72.224,557.266,231.111,797.496,1231.446,654.011,56.388,53.954,69.902,54.061,54.175,1.529,1.902,0.41,66.302,53.042,50.325
0,0.0,72.363,27.637,72.363,557.266,231.069,797.496,1231.995,655.887,56.302,53.934,69.845,53.995,54.088,1.529,1.902,0.409,66.302,53.042,50.37
0,0.0,72.497,27.503,72.497,557.266,231.028,797.496,1232.526,657.689,56.233,53.913,69.789,53.957,54.019,1.529,1.902,0.409,66.302,53.042,50.412
0,0.0,72.635,27.365,72.635,557.266,230.985,797.496,1233.075,659.525,56.185,53.847,69.738,53.917,53.971,1.529,1.902,0.409,66.302,53.042,50.398
0,0.0,72.777,27.223,72.777,557.266,230.941,797.496,1233.642,661.404,56.142,53.804,69.7,53.867,53.929,1.529,1.902,0.409,66.302,53.042,50.412
0,0.0,72.915,27.085,72.915,557.266,230.898,797.496,1234.189,663.198,56.096,53.758,69.675,53.821,53.882,1.529,1.902,0.408,66.302,53.042,50.414
0,0.0,73.044,26.956,73.044,557.266,230.857,797.496,1234.703,664.87,56.049,53.713,69.663,53.774,53.835,1.529,1.902,0.408,66.302,53.042,50.413
0,0.0,73.166,26.834,73.166,557.266,230.819,797.496,1235.191,666.44,56.003,53.688,69.661,53.734,53.789,1.529,1.902,0.408,66.302,53.042,50.43
0,0.0,73.282,26.718,73.282,557.266,230.782,797.496,1235.657,667.925,55.961,53.653,69.667,53.7,53.747,1.529,1.902,0.408,66.302,53.042,50.432
0,0.0,73.396,26.604,73.396,557.266,230.746,797.496,1236.113,669.365,55.925,53.631,69.679,53.668,53.711,1.529,1.902,0.407,66.302,53.042,50.446
0,0.0,73.508,26.493,73.508,557.266,230.71,797.496,1236.56,670.768,55.892,53.643,69.695,53.65,53.679,1.529,1.902,0.407,66.302,53.042,50.498
0,0.0,73.619,26.381,73.619,557.266,230.674,797.496,1237.007,672.158,55.871,53.618,69.716,53.641,53.657,1.529,1.902,0.407,66.302,53.042,50.506
0,0.0,73.735,26.265,73.735,557.266,230.637,797.496,1237.472,673.592,55.857,53.57,69.739,53.616,53.644,1.529,1.902,0.407,66.302,53.042,50.487
0,0.0,73.85,26.15,73.85,557.266,230.599,797.496,1237.935,675.008,55.836,53.563,69.764,53.587,53.622,1.529,1.902,0.407,66.302,53.042,50.516
0,0.0,73.957,26.043,73.957,557.266,230.564,797.496,1238.366,676.315,55.811,53.567,69.79,53.575,53.597,1.529,1.902,0.406,66.302,53.042,50.554
0,0.0,74.061,25.939,74.061,557.266,230.53,797.496,1238.785,677.575,55.794,53.557,69.817,53.569,53.58,1.529,1.902,0.406,66.302,53.042,50.575
0,0.0,74.169,25.831,74.169,557.266,230.495,797.496,1239.218,678.867,55.784,53.53,69.842,53.556,53.571,1.529,1.902,0.406,66.302,53.042,50.576
0,0.0,74.278,25.722,74.278,557.266,230.459,797.496,1239.654,680.163,55.772,53.501,69.865,53.534,53.559,1.529,1.902,0.406,66.302,53.042,50.576
0,0.0,74.382,25.618,74.382,557.266,230.425,797.496,1240.075,681.395,55.753,53.472,69.886,53.508,53.54,1.529,1.902,0.406,66.302,53.042,50.575
0,0.0,74.478,25.522,74.478,557.265,230.392,797.496,1240.466,682.533,55.73,53.475,69.903,53.488,53.516,1.529,1.902,0.405,66.302,53.042,50.609
0,0.0,74.57,25.43,74.57,557.265,230.362,797.496,1240.835,683.603,55.709,53.44,69.916,53.474,53.495,1.529,1.902,0.405,66.302,53.042,50.597
0,0.0,74.662,25.338,74.662,557.265,230.331,797.496,1241.203,684.663,55.691,53.397,69.925,53.444,53.477,1.529,1.902,0.405,66.302,53.042,50.576
0,0.0,74.749,25.251,74.749,557.265,230.302,797.495,1241.557,685.673,55.666,53.4,69.928,53.418,53.452,1.529,1.902,0.405,66.302,53.042,50.608
0,0.0,74.83,25.171,74.83,557.265,230.275,797.495,1241.879,686.59,55.64,53.367,69.928,53.401,53.427,1.528,1.902,0.405,66.302,53.042,50.597
0,0.0,74.908,25.092,74.908,557.265,230.248,797.495,1242.196,687.482,55.62,53.328,69.925,53.372,53.406,1.528,1.902,0.405,66.302,53.042,50.578
0,0.0,74.983,25.017,74.983,557.265,230.223,797.495,1242.5,688.338,55.594,53.303,69.921,53.34,53.38,1.528,1.902,0.404,66.302,53.042,50.574
0,0.0,75.052,24.948,75.052,557.264,230.2,797.495,1242.775,689.107,55.565,53.313,69.916,53.322,53.351,1.528,1.902,0.404,66.302,53.042,50.609
0,0.0,75.116,24.884,75.116,557.265,230.178,797.495,1243.035,689.828,55.543,53.283,69.912,53.31,53.329,1.528,1.902,0.404,66.302,53.042,50.596
0,0.0,75.183,24.817,75.183,557.265,230.155,797.495,1243.304,690.573,55.528,53.276,69.908,53.293,53.314,1.528,1.902,0.404,66.302,53.042,50.61
0,0.0,75.25,24.75,75.25,557.265,230.132,797.495,1243.574,691.312,55.512,53.259,69.906,53.279,53.298,1.528,1.902,0.404,66.302,53.042,50.612
0,0.0,75.314,24.685,75.314,557.265,230.11,797.495,1243.834,692.028,55.497,53.255,69.906,53.267,53.284,1.528,1.902,0.404,66.302,53.042,50.628
0,0.0,75.378,24.622,75.378,557.265,230.089,797.495,1244.091,692.725,55.485,53.24,69.907,53.257,53.271,1.528,1.902,0.404,66.302,53.042,50.631
0,0.0,75.441,24.559,75.441,557.264,230.067,797.495,1244.345,693.417,55.473,53.208,69.911,53.239,53.26,1.528,1.902,0.404,66.302,53.042,50.613
0,0.0,75.502,24.497,75.502,557.264,230.046,797.495,1244.591,694.082,55.458,53.219,69.917,53.224,53.244,1.528,1.902,0.403,66.302,53.042,50.644
0,0.0,75.559,24.441,75.559,557.264,230.026,797.495,1244.82,694.695,55.443,53.194,69.925,53.216,53.23,1.528,1.902,0.403,66.302,53.042,50.631
0,0.0,75.615,24.384,75.615,557.264,230.007,797.495,1245.047,695.304,55.432,53.206,69.934,53.205,53.219,1.528,1.902,0.403,66.302,53.042,50.661
0,0.0,75.672,24.328,75.672,557.264,229.988,797.495,1245.272,695.906,55.423,53.212,69.944,53.209,53.21,1.528,1.902,0.403,66.302,53.042,50.685
0,0.0,75.73,24.27,75.73,557.264,229.968,797.495,1245.508,696.529,55.421,53.155,69.955,53.197,53.208,1.528,1.902,0.403,66.302,53.042,50.635
0,0.0,75.79,24.211,75.79,557.264,229.947,797.495,1245.747,697.164,55.412,53.164,69.965,53.174,53.199,1.528,1.902,0.403,66.302,53.042,50.662
0,0.0,75.841,24.159,75.841,557.264,229.929,797.495,1245.957,697.715,55.395,53.128,69.974,53.162,53.182,1.528,1.902,0.403,66.302,53.042,50.635
0,0.0,75.889,24.111,75.889,557.264,229.913,797.495,1246.147,698.213,55.379,53.098,69.983,53.135,53.165,1.528,1.902,0.403,66.302,53.042,50.615
0,0.0,75.931,24.069,75.931,557.264,229.898,797.493,1246.318,698.662,55.356,53.058,69.99,53.105,53.142,1.528,1.902,0.403,66.302,53.042,50.58
0,0.0,75.967,24.033,75.967,557.263,229.885,797.493,1246.46,699.03,55.327,53.031,69.995,53.071,53.113,1.528,1.902,0.403,66.302,53.042,50.559
0,0.0,75.994,24.006,75.994,557.263,229.876,797.493,1246.569,699.315,55.296,53.037,69.999,53.05,53.082,1.528,1.902,0.402,66.302,53.042,50.574
0,0.0,76.017,23.983,76.017,557.263,229.868,797.493,1246.661,699.554,55.272,53.034,70.0,53.043,53.058,1.528,1.902,0.402,66.302,53.042,50.576
0,0.0,76.043,23.957,76.043,557.263,229.859,797.493,1246.766,699.825,55.259,53.026,70.0,53.036,53.046,1.528,1.902,0.402,66.302,53.042,50.575
0,0.0,76.073,23.927,76.073,557.263,229.848,797.493,1246.888,700.14,55.252,53.032,69.997,53.031,53.038,1.528,1.902,0.402,66.302,53.042,50.591
0,0.0,76.105,23.895,76.105,557.263,229.837,797.493,1247.016,700.473,55.247,53.038,69.994,53.033,53.033,1.528,1.902,0.402,66.302,53.042,50.609
0,0.0,76.139,23.861,76.139,557.263,229.825,797.493,1247.154,700.827,55.247,53.059,69.989,53.041,53.033,1.528,1.902,0.402,66.302,53.042,50.644
0,0.0,76.177,23.823,76.177,557.264,229.812,797.493,1247.307,701.219,55.253,53.067,69.983,53.054,53.039,1.528,1.902,0.402,66.302,53.042,50.664
0,0.0,76.22,23.78,76.22,557.264,229.797,797.493,1247.479,701.659,55.263,53.068,69.977,53.06,53.05,1.528,1.902,0.402,66.302,53.042,50.679
0,0.0,76.266,23.734,76.266,557.264,229.781,797.493,1247.662,702.127,55.272,53.128,69.972,53.078,53.059,1.528,1.902,0.402,66.302,53.042,50.761
0,0.0,76.314,23.686,76.314,557.264,229.764,797.495,1247.856,702.618,55.289,53.195,69.968,53.122,53.075,1.528,1.902,0.402,66.302,53.042,50.852
0,0.0,76.373,23.627,76.373,557.265,229.743,797.495,1248.093,703.222,55.326,53.287,69.965,53.185,53.112,1.528,1.902,0.402,66.302,53.042,50.973
0,0.0,76.452,23.548,76.452,557.266,229.716,797.496,1248.408,704.016,55.382,53.379,69.963,53.265,53.169,1.528,1.902,0.402,66.302,53.042,51.1
0,0.0,76.552,23.448,76.552,557.267,229.68,797.496,1248.813,705.028,55.456,53.47,69.962,53.352,53.242,1.528,1.902,0.401,66.302,53.042,51.23
0,0.0,76.674,23.325,76.674,557.268,229.637,797.498,1249.303,706.242,55.538,53.453,69.962,53.416,53.325,1.528,1.902,0.401,66.302,53.042,51.245
0,0.0,76.81,23.19,76.81,557.268,229.589,797.498,1249.845,707.58,55.605,53.421,69.964,53.428,53.391,1.528,1.902,0.401,66.302,53.042,51.245
0,0.0,76.938,23.062,76.938,557.267,229.543,797.498,1250.357,708.826,55.632,53.333,69.967,53.403,53.418,1.528,1.902,0.401,66.302,53.042,51.179
0,0.0,77.043,22.957,77.043,557.266,229.506,797.496,1250.776,709.838,55.619,53.273,69.97,53.348,53.406,1.528,1.902,0.4,66.302,53.042,51.139
0,0.0,77.12,22.88,77.12,557.265,229.479,797.495,1251.078,710.565,55.576,53.192,69.974,53.286,53.362,1.528,1.902,0.4,66.302,53.042,51.068
0,0.0,77.172,22.828,77.172,557.264,229.46,797.493,1251.286,711.058,55.518,53.203,69.978,53.235,53.305,1.528,1.902,0.4,66.302,53.042,51.094
0,0.0,77.208,22.792,77.208,557.263,229.447,797.493,1251.432,711.408,55.467,53.172,69.982,53.212,53.254,1.528,1.902,0.4,66.302,53.042,51.068
0,0.0,77.246,22.754,77.246,557.264,229.434,797.493,1251.582,711.762,55.434,53.128,69.978,53.178,53.22,1.528,1.902,0.4,66.302,53.042,51.029
0,0.0,77.286,22.714,77.286,557.264,229.419,797.493,1251.742,712.142,55.402,53.141,70.056,53.153,53.188,1.528,1.902,0.4,66.302,53.042,51.044
0,0.0,77.324,22.676,77.324,557.263,229.406,797.493,1251.892,712.494,55.376,53.081,70.226,53.134,53.162,1.528,1.902,0.4,66.302,53.042,50.966
0,0.0,77.362,22.638,77.362,557.264,229.392,797.493,1252.043,712.849,55.352,53.034,70.382,53.091,53.138,1.528,1.902,0.4,66.302,53.042,50.905
0,0.0,77.394,22.606,77.394,557.263,229.381,797.493,1252.17,713.148,55.317,53.007,70.524,53.052,53.103,1.528,1.902,0.4,66.302,53.042,50.867
0,0.0,77.415,22.585,77.415,557.263,229.373,797.493,1252.252,713.344,55.279,53.013,70.646,53.029,53.065,1.528,1.902,0.4,66.302,53.042,50.865
0,0.0,77.432,22.569,77.432,557.263,229.367,797.493,1252.319,713.499,55.252,52.977,70.751,53.012,53.038,1.528,1.902,0.4,66.302,53.042,50.817
0,0.0,77.451,22.549,77.451,557.263,229.36,797.493,1252.397,713.68,55.231,52.963,70.847,52.989,53.017,1.528,1.902,0.4,66.302,53.042,50.795
0,0.0,77.47,22.53,77.47,557.263,229.354,797.493,1252.472,713.854,55.209,52.923,70.936,52.965,52.996,1.528,1.902,0.4,66.302,53.042,50.744
0,0.0,77.485,22.515,77.485,557.262,229.348,797.491,1252.532,713.995,55.185,52.908,71.022,52.937,52.972,1.528,1.902,0.4,66.302,53.042,50.721
0,0.0,77.495,22.505,77.495,557.262,229.345,797.491,1252.571,714.085,55.16,52.899,71.106,52.919,52.946,1.528,1.902,0.4,66.302,53.042,50.705
0,0.0,77.501,22.499,77.501,557.262,229.342,797.491,1252.596,714.143,55.139,52.876,71.189,52.903,52.925,1.528,1.902,0.4,66.302,53.042,50.671
0,0.0,77.508,22.492,77.508,557.262,229.34,797.491,1252.622,714.203,55.121,52.85,71.271,52.881,52.907,1.528,1.902,0.4,66.302,53.042,50.635
0,0.0,77.512,22.488,77.512,557.262,229.338,797.491,1252.64,714.245,55.101,52.811,71.352,52.855,52.887,1.528,1.902,0.4,66.302,53.042,50.583
0,0.0,77.512,22.488,77.512,557.262,229.339,797.491,1252.638,714.241,55.076,52.77,71.432,52.82,52.862,1.528,1.902,0.4,66.302,53.042,50.528
0,0.0,77.503,22.497,77.503,557.261,229.342,797.491,1252.604,714.164,55.044,52.76,71.51,52.789,52.83,1.528,1.902,0.4,66.302,53.042,50.505
0,0.0,77.487,22.513,77.487,557.261,229.347,797.489,1252.541,714.014,55.014,52.758,71.587,52.773,52.8,1.528,1.902,0.4,66.302,53.042,50.489
0,0.0,77.47,22.53,77.47,557.261,229.354,797.491,1252.472,713.854,54.993,52.726,71.663,52.758,52.779,1.528,1.902,0.4,66.302,53.042,50.44
0,0.0,77.455,22.545,77.455,557.261,229.359,797.491,1252.412,713.715,54.975,52.686,71.737,52.729,52.762,1.528,1.902,0.4,66.302,53.042,50.382
0,0.0,77.437,22.563,77.437,557.261,229.366,797.489,1252.34,713.548,54.951,52.725,71.811,52.714,52.738,1.528,1.902,0.4,66.302,53.042,50.412
0,0.0,77.414,22.586,77.414,557.261,229.374,797.489,1252.247,713.332,54.934,52.671,71.883,52.71,52.721,1.528,1.902,0.4,66.302,53.042,50.337
0,0.0,77.394,22.606,77.394,557.261,229.381,797.489,1252.171,713.15,54.923,52.631,71.954,52.677,52.71,1.528,1.902,0.4,66.302,53.042,50.277
0,0.0,77.371,22.629,77.371,557.261,229.389,797.489,1252.08,712.936,54.899,52.566,72.023,52.636,52.685,1.528,1.902,0.4,66.302,53.042,50.19
0,0.0,77.336,22.664,77.336,557.26,229.402,797.489,1251.939,712.603,54.861,52.545,72.092,52.59,52.647,1.528,1.902,0.4,66.302,53.042,50.147
0,0.0,77.287,22.713,77.287,557.259,229.419,797.488,1251.744,712.145,54.819,52.534,72.159,52.562,52.605,1.528,1.902,0.4,66.302,53.042,50.112
0,0.0,77.233,22.767,77.233,557.259,229.439,797.488,1251.527,711.631,54.787,52.525,72.225,52.545,52.573,1.528,1.902,0.4,66.302,53.042,50.078
0,0.0,77.18,22.82,77.18,557.259,229.457,797.488,1251.32,711.137,54.764,52.469,72.29,52.521,52.551,1.528,1.902,0.4,66.302,53.042,49.993
0,0.0,77.129,22.871,77.129,557.259,229.476,797.488,1251.115,710.651,54.74,52.453,72.353,52.487,52.527,1.528,1.902,0.4,66.302,53.042,49.951
0,0.0,77.072,22.928,77.072,557.259,229.496,797.488,1250.887,710.102,54.711,52.416,72.416,52.46,52.497,1.528,1.902,0.4,66.302,53.042,49.883
0,0.0,77.009,22.991,77.009,569.293,229.102,812.515,1255.221,723.518,54.685,52.371,72.48,52.425,52.468,1.524,1.907,0.398,66.302,53.042,49.827
0,0.0,76.944,23.056,76.944,589.364,228.414,837.341,1262.497,746.036,54.659,52.305,72.542,52.378,52.433,1.518,1.916,0.395,66.302,53.042,49.758
0,0.0,76.872,23.128,76.872,609.566,227.7,862.034,1269.682,768.324,54.622,52.222,72.6,52.313,52.387,1.513,1.925,0.391,66.302,53.042,49.667
0,0.0,76.787,23.213,76.787,629.525,226.979,886.139,1276.609,789.883,54.571,52.201,72.653,52.252,52.325,1.507,1.934,0.388,66.302,53.042,49.64
0,0.0,76.687,23.313,76.687,648.917,226.267,909.286,1283.167,810.344,54.523,52.21,72.7,52.225,52.266,1.502,1.943,0.385,66.302,53.042,49.64
0,0.0,76.587,23.413,76.587,667.456,225.572,931.165,1289.323,829.585,54.499,52.207,72.742,52.216,52.232,1.498,1.951,0.382,66.302,53.042,49.625
0,0.0,76.5,23.5,76.5,700.49,223.584,996.677,1305.82,889.43,54.47,52.158,72.775,52.2,52.217,1.485,1.978,0.374,66.302,53.042,49.606
0,0.0,76.37,23.63,76.37,754.049,217.506,1166.975,1348.92,1045.482,54.312,52.072,72.788,52.142,52.191,1.448,2.047,0.352,66.302,53.042,49.604
0,0.0,76.133,23.867,76.133,807.885,208.839,1365.23,1398.772,1224.997,54.07,52.02,72.779,52.07,52.127,1.383,2.119,0.326,66.302,53.042,49.588
0,0.0,75.834,24.166,75.834,857.717,200.19,1536.353,1440.493,1377.476,53.873,52.029,72.75,52.036,52.06,1.291,2.163,0.303,66.302,53.042,49.587
0,0.0,75.555,24.445,75.555,946.164,204.263,1680.923,1497.86,1504.281,53.812,52.033,72.705,52.033,52.036,1.26,2.262,0.298,67.544,54.035,49.555
0,0.0,75.361,24.639,75.361,1036.06,213.42,1782.862,1549.555,1592.892,53.854,52.043,72.649,52.038,52.035,1.267,2.37,0.301,69.063,55.25,49.534
0,0.0,75.221,24.779,75.221,1104.49,221.035,1850.781,1586.263,1651.419,53.911,52.049,72.588,52.045,52.041,1.277,2.451,0.304,70.212,56.17,49.516
0,0.0,75.097,24.903,75.097,1145.06,226.142,1886.632,1606.741,1681.14,53.957,52.054,72.524,52.05,52.047,1.286,2.5,0.307,70.904,56.723,49.498
0,0.0,74.971,25.029,74.971,1153.19,228.03,1890.293,1610.129,1681.764,53.983,52.077,72.461,52.064,52.055,1.294,2.512,0.309,71.081,56.864,49.494
0,0.0,74.839,25.161,74.839,1144.16,229.601,1869.56,1604.949,1660.226,54.016,52.141,72.402,52.106,52.08,1.316,2.512,0.312,71.079,56.863,49.529
0,0.0,74.724,25.276,74.724,1125.72,232.671,1825.859,1594.776,1618.228,54.07,52.151,72.35,52.14,52.123,1.361,2.51,0.318,71.079,56.863,49.501
0,0.0,74.621,25.379,74.621,1100.93,236.783,1764.576,1580.684,1560.615,54.115,52.187,72.307,52.165,52.149,1.419,2.505,0.327,71.079,56.863,49.496
0,0.0,74.525,25.475,74.525,1072.26,241.584,1689.589,1563.464,1490.804,54.172,52.203,72.274,52.189,52.175,1.483,2.494,0.337,71.079,56.863,49.462
0,0.0,74.444,25.556,74.444,1045.05,246.349,1613.816,1545.442,1420.642,54.238,52.289,72.249,52.237,52.204,1.538,2.478,0.348,71.079,56.863,49.507
0,0.0,74.385,25.615,74.385,1004.64,246.045,1539.555,1519.549,1352.615,54.323,52.348,72.234,52.303,52.26,1.557,2.432,0.353,70.652,56.522,49.529
0,0.0,74.339,25.661,74.339,963.394,243.057,1476.284,1492.799,1294.913,54.389,52.44,72.226,52.374,52.323,1.553,2.376,0.355,70.054,56.043,49.596
0,0.0,74.299,25.701,74.299,931.626,240.832,1424.468,1471.267,1247.631,54.464,52.477,72.223,52.439,52.394,1.55,2.331,0.357,69.592,55.673,49.605
0,0.0,74.27,25.73,74.27,908.5,239.374,1384.224,1454.943,1210.94,54.524,52.513,72.224,52.48,52.448,1.547,2.298,0.359,69.262,55.41,49.618
0,0.0,74.239,25.761,74.239,893.141,238.409,1356.884,1443.777,1185.839,54.574,52.578,72.229,52.528,52.491,1.544,2.275,0.36,69.042,55.233,49.668
0,0.0,74.213,25.787,74.213,885.005,237.841,1342.7,1437.732,1172.658,54.631,52.655,72.234,52.595,52.544,1.543,2.263,0.361,68.92,55.136,49.74
0,0.0,74.202,25.798,74.202,882.978,237.632,1339.814,1436.125,1169.891,54.696,52.694,72.24,52.654,52.608,1.541,2.26,0.361,68.884,55.107,49.779
0,0.0,74.2,25.8,74.2,885.195,237.293,1347.447,1437.865,1176.775,54.747,52.749,72.245,52.703,52.663,1.539,2.263,0.36,68.884,55.107,49.846
0,0.0,74.197,25.803,74.197,889.818,236.552,1363.345,1441.632,1191.113,54.79,52.807,72.249,52.76,52.717,1.533,2.268,0.358,68.884,55.107,49.921
0,0.0,74.196,25.804,74.196,896.423,235.46,1385.958,1447.081,1211.559,54.827,52.818,72.252,52.8,52.77,1.524,2.276,0.355,68.884,55.107,49.946
0,0.0,74.192,25.808,74.192,904.195,234.16,1412.349,1453.427,1235.346,54.836,52.789,72.252,52.8,52.799,1.512,2.285,0.352,68.884,55.107,49.927
0,0.0,74.166,25.834,74.166,912.691,232.735,1440.845,1460.217,1260.656,54.817,52.85,72.25,52.815,52.802,1.499,2.294,0.348,68.884,55.107,50.005
0,0.0,74.132,25.868,74.132,921.41,231.26,1469.64,1467.074,1286.067,54.826,52.912,72.245,52.868,52.831,1.485,2.303,0.344,68.884,55.107,50.081
0,0.0,74.12,25.88,74.12,929.593,229.855,1496.201,1473.46,1309.817,54.862,52.98,72.238,52.929,52.886,1.471,2.31,0.34,68.884,55.107,50.169
0,0.0,74.126,25.874,74.126,936.977,228.561,1519.758,1479.211,1331.197,54.908,53.031,72.229,52.989,52.948,1.457,2.317,0.337,68.884,55.107,50.242
0,0.0,74.145,25.855,74.145,943.187,227.458,1539.256,1484.03,1349.133,54.955,53.109,72.22,53.054,53.009,1.446,2.322,0.334,68.884,55.107,50.348
0,0.0,74.175,25.825,74.175,948.081,226.569,1554.42,1487.86,1363.365,55.01,53.147,72.209,53.113,53.075,1.436,2.325,0.332,68.884,55.107,50.408
0,0.0,74.213,25.787,74.213,951.575,225.912,1565.135,1490.658,1373.757,55.055,53.19,72.198,53.156,53.126,1.43,2.328,0.331,68.884,55.107,50.475
0,0.0,74.252,25.748,74.252,953.706,225.489,1571.627,1492.445,1380.343,55.101,53.284,72.187,53.223,53.177,1.425,2.329,0.33,68.884,55.107,50.598
0,0.0,74.306,25.694,74.306,954.568,225.271,1574.241,1493.36,1383.716,55.168,53.323,72.177,53.288,53.246,1.424,2.33,0.329,68.884,55.107,50.661
0,0.0,74.376,25.624,74.376,954.32,225.233,1573.491,1493.52,1384.339,55.222,53.352,72.167,53.328,53.301,1.424,2.33,0.329,68.884,55.107,50.716
0,0.0,74.443,25.557,74.443,953.266,225.34,1570.29,1493.073,1382.679,55.252,53.31,72.159,53.328,53.33,1.427,2.329,0.329,68.884,55.107,50.687
0,0.0,74.493,25.507,74.493,951.637,225.564,1565.325,1492.128,1379.104,55.247,53.332,72.151,53.32,53.322,1.43,2.328,0.33,68.884,55.107,50.726
0,0.0,74.53,25.47,74.53,949.63,225.869,1559.18,1490.838,1374.224,55.266,53.448,72.144,53.381,53.338,1.434,2.326,0.331,68.884,55.107,50.867
0,0.0,74.598,25.402,74.598,947.432,226.181,1552.419,1489.513,1369.324,55.334,53.446,72.138,53.434,53.402,1.438,2.325,0.331,68.884,55.107,50.883
0,0.0,74.688,25.313,74.688,945.183,226.486,1545.463,1488.212,1364.635,55.373,53.467,72.133,53.451,53.437,1.443,2.323,0.332,68.884,55.107,50.931
0,0.0,74.766,25.234,74.766,943.163,226.765,1539.18,1487.02,1360.341,55.393,53.442,72.13,53.454,53.454,1.447,2.322,0.333,68.884,55.107,50.922
0,0.0,74.834,25.166,74.834,941.44,227.003,1533.8,1485.996,1356.661,55.388,53.394,72.126,53.424,53.444,1.45,2.32,0.333,68.884,55.107,50.886
0,0.0,74.882,25.118,74.882,940.106,227.194,1529.62,1485.171,1353.699,55.358,53.376,72.124,53.391,53.412,1.452,2.319,0.334,68.884,55.107,50.877
0,0.0,74.917,25.083,74.917,939.095,227.344,1526.439,1484.527,1351.418,55.346,53.471,72.121,53.42,53.398,1.454,2.318,0.334,68.884,55.107,50.993
0,0.0,74.974,25.026,74.974,938.415,227.413,1524.297,1484.224,1350.466,55.39,53.501,72.119,53.474,53.44,1.456,2.318,0.334,68.884,55.107,51.042
0,0.0,75.062,24.938,75.062,938.019,227.405,1523.049,1484.261,1350.867,55.431,53.498,72.117,53.493,53.48,1.457,2.317,0.334,68.884,55.107,51.063
0,0.0,75.147,24.853,75.147,937.989,227.334,1522.953,1484.567,1352.245,55.438,53.433,72.116,53.468,53.486,1.457,2.317,0.334,68.884,55.107,51.013
0,0.0,75.208,24.792,75.208,938.233,227.239,1523.725,1484.977,1353.986,55.409,53.453,72.114,53.447,53.459,1.456,2.318,0.334,68.884,55.107,51.052
0,0.0,75.254,24.746,75.254,938.712,227.116,1525.234,1485.51,1356.154,55.406,53.506,72.112,53.475,53.456,1.456,2.318,0.334,68.884,55.107,51.125
0,0.0,75.321,24.679,75.321,939.38,226.936,1527.339,1486.283,1359.216,55.437,53.54,72.111,53.514,53.488,1.454,2.319,0.333,68.884,55.107,51.184
0,0.0,75.408,24.592,75.408,940.117,226.725,1529.651,1487.189,1362.8,55.468,53.525,72.109,53.529,53.52,1.453,2.319,0.333,68.884,55.107,51.191
0,0.0,75.492,24.508,75.492,940.918,226.504,1532.164,1488.136,1366.51,55.465,53.456,72.107,53.495,53.519,1.452,2.32,0.332,68.884,55.107,51.137
0,0.0,75.55,24.45,75.55,941.73,226.305,1534.708,1488.986,1369.81,55.434,53.511,72.105,53.488,53.489,1.45,2.32,0.332,68.884,55.107,51.215
0,0.0,75.602,24.398,75.602,942.478,226.121,1537.047,1489.768,1372.823,55.435,53.463,72.103,53.487,53.492,1.449,2.321,0.331,68.884,55.107,51.176
0,0.0,75.663,24.337,75.663,943.071,225.956,1538.895,1490.468,1375.54,55.422,53.484,72.1,53.476,53.48,1.448,2.321,0.331,68.884,55.107,51.217
0,0.0,75.719,24.281,75.719,943.531,225.818,1540.331,1491.054,1377.776,55.421,53.479,72.097,53.482,53.48,1.447,2.322,0.331,68.884,55.107,51.226
0,0.0,75.781,24.219,75.781,943.807,225.705,1541.19,1491.531,1379.588,55.416,53.433,72.094,53.46,53.476,1.447,2.322,0.33,68.884,55.107,51.191
0,0.0,75.833,24.167,75.833,943.889,225.636,1541.443,1491.824,1380.68,55.39,53.429,72.091,53.436,53.45,1.447,2.322,0.33,68.884,55.107,51.201
0,0.0,75.875,24.125,75.875,943.771,225.612,1541.075,1491.926,1381.04,55.38,53.48,72.088,53.453,53.441,1.447,2.322,0.33,68.884,55.107,51.269
0,0.0,75.934,24.066,75.934,943.468,225.605,1540.132,1491.957,1381.13,55.405,53.504,72.085,53.485,53.465,1.448,2.322,0.33,68.884,55.107,51.31
0,0.0,76.012,23.988,76.012,943.028,225.602,1538.761,1491.968,1381.142,55.433,53.52,72.082,53.507,53.492,1.449,2.321,0.33,68.884,55.107,51.347
0,0.0,76.093,23.907,76.093,942.529,225.607,1537.205,1491.948,1381.03,55.449,53.489,72.08,53.503,53.506,1.45,2.321,0.33,68.884,55.107,51.332
0,0.0,76.165,23.835,76.165,942.032,225.621,1535.651,1491.887,1380.755,55.444,53.527,72.078,53.507,53.501,1.451,2.321,0.33,68.884,55.107,51.393
0,0.0,76.233,23.767,76.233,941.569,225.633,1534.204,1491.836,1380.514,55.464,53.58,72.076,53.546,53.52,1.452,2.32,0.33,68.884,55.107,51.468
0,0.0,76.321,23.679,76.321,941.176,225.613,1532.974,1491.92,1380.783,55.504,53.601,72.075,53.583,53.559,1.452,2.32,0.33,68.884,55.107,51.513
0,0.0,76.421,23.579,76.421,940.903,225.561,1532.117,1492.14,1381.563,55.522,53.506,72.074,53.556,53.577,1.453,2.32,0.33,68.884,55.107,51.431
0,0.0,76.497,23.503,76.497,940.772,225.507,1531.709,1492.366,1382.367,55.486,53.522,72.073,53.521,53.54,1.453,2.32,0.33,68.884,55.107,51.466
0,0.0,76.548,23.451,76.548,940.738,225.462,1531.603,1492.559,1383.077,55.475,53.578,72.072,53.547,53.53,1.454,2.32,0.33,68.884,55.107,51.54
0,0.0,76.623,23.377,76.623,940.805,225.375,1531.811,1492.925,1384.418,55.505,53.601,72.071,53.583,53.56,1.454,2.32,0.329,68.884,55.107,51.584
0,0.0,76.717,23.283,76.717,940.931,225.256,1532.207,1493.423,1386.238,55.524,53.523,72.07,53.563,53.579,1.453,2.32,0.329,68.884,55.107,51.52
0,0.0,76.795,23.205,76.795,941.133,225.142,1532.839,1493.904,1388.012,55.495,53.527,72.069,53.532,53.55,1.453,2.32,0.329,68.884,55.107,51.542
0,0.0,76.851,23.149,76.851,941.373,225.043,1533.59,1494.317,1389.552,55.478,53.535,72.068,53.533,53.533,1.453,2.32,0.329,68.884,55.107,51.565
0,0.0,76.915,23.085,76.915,941.603,224.937,1534.31,1494.759,1391.185,55.478,53.526,72.066,53.532,53.534,1.452,2.32,0.328,68.884,55.107,51.569
0,0.0,76.983,23.017,76.983,941.799,224.832,1534.924,1495.199,1392.785,55.464,53.434,72.065,53.487,53.52,1.452,2.32,0.328,68.884,55.107,51.484
0,0.0,77.032,22.968,77.032,941.905,224.765,1535.255,1495.481,1393.821,55.419,53.476,72.063,53.463,53.475,1.452,2.321,0.328,68.884,55.107,51.541
0,0.0,77.072,22.929,77.072,941.93,224.719,1535.332,1495.671,1394.488,55.405,53.401,72.061,53.443,53.462,1.452,2.321,0.328,68.884,55.107,51.468
0,0.0,77.117,22.883,77.117,941.807,224.695,1534.949,1495.773,1394.805,55.375,53.425,72.059,53.419,53.431,1.452,2.32,0.328,68.884,55.107,51.505
0,0.0,77.155,22.845,77.155,941.525,224.706,1534.065,1495.725,1394.554,55.363,53.393,72.056,53.412,53.419,1.453,2.32,0.328,68.884,55.107,51.479
0,0.0,77.201,22.799,77.201,941.094,224.737,1532.717,1495.599,1393.982,55.355,53.44,72.054,53.417,53.41,1.454,2.32,0.328,68.884,55.107,51.54
0,0.0,77.253,22.747,77.253,940.542,224.783,1530.987,1495.407,1393.142,55.366,53.405,72.052,53.42,53.421,1.455,2.319,0.328,68.884,55.107,51.513
0,0.0,77.311,22.689,77.311,939.955,224.827,1529.146,1495.222,1392.29,55.372,53.51,72.05,53.452,53.425,1.456,2.319,0.328,68.884,55.107,51.641
0,0.0,77.381,22.619,77.381,939.32,224.87,1527.148,1495.041,1391.451,55.414,53.466,72.049,53.48,53.466,1.457,2.319,0.328,68.884,55.107,51.607
0,0.0,77.465,22.535,77.465,938.768,224.883,1525.411,1494.986,1391.044,55.428,53.529,72.047,53.492,53.478,1.458,2.318,0.328,68.884,55.107,51.694
0,0.0,77.541,22.459,77.541,938.349,224.879,1524.091,1495.004,1390.912,55.463,53.604,72.047,53.555,53.513,1.459,2.318,0.328,68.884,55.107,51.793
0,0.0,77.642,22.358,77.642,938.093,224.82,1523.284,1495.248,1391.599,55.517,53.578,72.047,53.582,53.566,1.46,2.318,0.328,68.884,55.107,51.785
0,0.0,77.746,22.254,77.746,938.058,224.719,1523.173,1495.673,1392.961,55.528,53.568,72.047,53.572,53.577,1.46,2.318,0.328,68.884,55.107,51.796
0,0.0,77.829,22.171,77.829,938.233,224.601,1523.724,1496.162,1394.626,55.525,53.599,72.047,53.582,53.575,1.46,2.318,0.328,68.884,55.107,51.848
0,0.0,77.91,22.09,77.91,938.599,224.45,1524.878,1496.79,1396.831,55.539,53.606,72.047,53.6,53.589,1.459,2.318,0.327,68.884,55.107,51.872
0,0.0,77.999,22.001,77.999,939.115,224.263,1526.504,1497.566,1399.578,55.546,53.573,72.048,53.589,53.597,1.458,2.318,0.327,68.884,55.107,51.854
0,0.0,78.079,21.921,78.079,939.739,224.066,1528.467,1498.383,1402.511,55.535,53.612,72.048,53.591,53.587,1.457,2.319,0.326,68.884,55.107,51.913
0,0.0,78.157,21.843,78.157,940.408,223.862,1530.568,1499.223,1405.54,55.556,53.712,72.047,53.651,53.609,1.456,2.319,0.326,68.884,55.107,52.039
0,0.0,78.265,21.735,78.265,941.113,223.62,1532.775,1500.219,1409.07,55.613,53.7,72.047,53.693,53.667,1.455,2.32,0.325,68.884,55.107,52.048
0,0.0,78.389,21.611,78.389,941.856,223.354,1535.1,1501.312,1412.903,55.649,53.823,72.047,53.747,53.705,1.454,2.321,0.325,68.884,55.107,52.206
0,0.0,78.519,21.481,78.519,942.636,223.072,1537.54,1502.461,1416.93,55.728,53.953,72.048,53.862,53.785,1.453,2.321,0.324,68.884,55.107,52.373
0,0.0,78.693,21.307,78.693,943.523,222.725,1540.304,1503.876,1421.807,55.845,54.093,72.049,53.994,53.904,1.451,2.322,0.323,68.884,55.107,52.558
0,0.0,78.903,21.097,78.903,944.598,222.303,1543.647,1505.585,1427.663,55.957,54.058,72.051,54.056,54.018,1.45,2.323,0.322,68.884,55.107,52.558
0,0.0,79.105,20.895,79.105,945.986,221.829,1547.95,1507.493,1434.289,55.994,54.108,72.054,54.074,54.057,1.447,2.324,0.321,68.884,55.107,52.649
0,0.0,79.277,20.723,79.277,947.644,221.336,1553.073,1509.464,1441.276,56.025,54.163,72.057,54.123,54.091,1.444,2.325,0.32,68.884,55.107,52.739
0,0.0,79.458,20.542,79.458,949.473,220.801,1558.7,1511.59,1448.82,56.084,54.325,72.059,54.223,54.153,1.441,2.326,0.319,68.884,55.107,52.945
0,0.0,79.673,20.327,79.673,951.426,220.203,1564.682,1513.954,1457.097,56.192,54.383,72.062,54.333,54.264,1.438,2.328,0.317,68.884,55.107,53.044
0,0.0,79.919,20.081,79.919,953.503,219.545,1571.009,1516.529,1466.031,56.248,54.204,72.065,54.29,54.323,1.434,2.329,0.316,68.884,55.107,52.892
0,0.0,80.111,19.889,80.111,955.669,218.929,1577.574,1518.926,1474.512,56.196,54.353,72.067,54.282,54.275,1.43,2.33,0.315,68.884,55.107,53.083
0,0.0,80.276,19.724,80.276,957.83,218.341,1584.09,1521.194,1482.608,56.233,54.39,72.069,54.36,54.316,1.426,2.332,0.313,68.884,55.107,53.148
0,0.0,80.49,19.51,80.49,960.032,217.689,1590.693,1523.692,1491.332,56.283,54.421,72.072,54.395,54.37,1.422,2.333,0.312,68.884,55.107,53.215
0,0.0,80.709,19.291,80.709,962.124,217.05,1596.934,1526.122,1499.733,56.309,54.393,72.073,54.401,54.399,1.418,2.335,0.31,68.884,55.107,53.217
0,0.0,80.915,19.085,80.915,963.96,216.472,1602.383,1528.307,1507.202,56.318,54.516,72.074,54.446,54.411,1.415,2.336,0.309,68.884,55.107,53.379
0,0.0,81.132,18.868,81.132,965.519,215.931,1606.989,1530.336,1513.957,56.384,54.585,72.075,54.534,54.48,1.412,2.337,0.308,68.884,55.107,53.483
0,0.0,81.387,18.613,81.387,966.825,215.393,1610.836,1532.342,1520.348,56.458,54.64,72.076,54.599,54.556,1.41,2.337,0.307,68.884,55.107,53.576
0,0.0,81.65,18.35,81.65,967.948,214.878,1614.135,1534.25,1526.251,56.502,54.566,72.078,54.597,54.602,1.408,2.338,0.306,68.884,55.107,53.532
0,0.0,81.888,18.112,81.888,968.939,214.416,1617.037,1535.956,1531.464,56.49,54.633,72.08,54.597,54.591,1.406,2.338,0.305,68.884,55.107,53.633
0,0.0,82.111,17.889,82.111,969.792,213.997,1619.529,1537.496,1536.082,56.527,54.768,72.081,54.69,54.63,1.405,2.339,0.304,68.884,55.107,53.804
0,0.0,82.378,17.622,82.378,970.515,213.551,1621.639,1539.125,1540.723,56.601,54.673,72.083,54.71,54.704,1.404,2.339,0.303,68.884,55.107,53.736
0,0.0,82.644,17.356,82.644,971.169,213.119,1623.542,1540.697,1545.093,56.596,54.727,72.085,54.702,54.701,1.403,2.34,0.302,68.884,55.107,53.823
0,0.0,82.882,17.119,82.882,971.776,212.729,1625.305,1542.108,1548.999,56.596,54.634,72.087,54.682,54.701,1.402,2.34,0.301,68.884,55.107,53.752
0,0.0,83.109,16.891,83.109,972.304,212.366,1626.838,1543.418,1552.547,56.564,54.703,72.089,54.67,54.67,1.401,2.34,0.3,68.884,55.107,53.85
0,0.0,83.33,16.67,83.33,972.714,212.032,1628.026,1544.616,1555.668,56.591,54.809,72.09,54.746,54.698,1.4,2.34,0.3,68.884,55.107,53.984
0,0.0,83.598,16.402,83.598,973.003,211.671,1628.864,1545.908,1558.807,56.659,54.797,72.092,54.792,54.767,1.4,2.341,0.299,68.884,55.107,54.001
0,0.0,83.88,16.12,83.88,973.24,211.31,1629.551,1547.195,1561.85,56.675,54.722,72.094,54.762,54.783,1.4,2.341,0.298,68.884,55.107,53.95
0,0.0,84.125,15.875,84.125,973.47,210.997,1630.218,1548.309,1564.508,56.63,54.645,72.096,54.696,54.738,1.4,2.341,0.297,68.884,55.107,53.894
0,0.0,84.33,15.67,84.33,973.652,210.74,1630.742,1549.221,1566.664,56.562,54.584,72.097,54.626,54.67,1.4,2.341,0.297,68.884,55.107,53.85
0,0.0,84.516,15.485,84.516,973.68,210.536,1630.823,1549.94,1568.206,56.515,54.684,72.098,54.634,54.623,1.4,2.341,0.296,68.884,55.107,53.971
0,0.0,84.729,15.271,84.729,973.492,210.349,1630.281,1550.602,1569.325,56.573,54.895,72.099,54.772,54.681,1.4,2.341,0.296,68.884,55.107,54.21
0,0.0,85.025,14.976,85.025,973.154,210.11,1629.302,1551.444,1570.591,56.698,54.819,72.1,54.839,54.806,1.402,2.341,0.296,68.884,55.107,54.157
0,0.0,85.335,14.665,85.335,972.845,209.857,1628.407,1552.331,1571.976,56.707,54.729,72.103,54.778,54.815,1.402,2.341,0.295,68.884,55.107,54.09
0,0.0,85.578,14.422,85.578,972.664,209.654,1627.882,1553.043,1573.171,56.654,54.722,72.105,54.736,54.761,1.403,2.34,0.295,68.884,55.107,54.102
0,0.0,85.793,14.207,85.793,972.57,209.464,1627.611,1553.71,1574.383,56.621,54.677,72.107,54.707,54.728,1.403,2.34,0.294,68.884,55.107,54.073
0,0.0,86.01,13.99,86.01,972.481,209.275,1627.352,1554.369,1575.577,56.585,54.641,72.108,54.667,54.692,1.404,2.34,0.294,68.884,55.107,54.053
0,0.0,86.218,13.782,86.218,972.335,209.108,1626.93,1554.949,1576.527,56.545,54.578,72.11,54.62,54.652,1.404,2.34,0.293,68.884,55.107,54.004
0,0.0,86.415,13.585,86.415,972.072,208.978,1626.164,1555.402,1577.041,56.492,54.513,72.11,54.559,54.598,1.405,2.34,0.293,68.884,55.107,53.951
0,0.0,86.596,13.404,86.596,971.642,208.9,1624.916,1555.675,1576.953,56.423,54.384,72.11,54.467,54.529,1.406,2.34,0.293,68.884,55.107,53.832
0,0.0,86.749,13.251,86.749,970.976,208.896,1622.98,1555.689,1576.006,56.321,54.279,72.11,54.354,54.426,1.408,2.34,0.293,68.884,55.107,53.735
0,0.0,86.872,13.128,86.872,969.995,208.984,1620.122,1555.382,1573.956,56.219,54.225,72.108,54.27,54.323,1.41,2.339,0.293,68.884,55.107,53.689
0,0.0,86.989,13.011,86.989,968.633,209.155,1616.143,1554.786,1570.767,56.165,54.31,72.107,54.273,54.267,1.412,2.338,0.294,68.884,55.107,53.784
0,0.0,87.143,12.857,87.143,966.904,209.371,1611.069,1554.034,1566.712,56.193,54.348,72.105,54.322,54.293,1.416,2.337,0.294,68.884,55.107,53.833
0,0.0,87.341,12.659,87.341,964.94,209.599,1605.284,1553.235,1562.192,56.23,54.323,72.104,54.332,54.327,1.42,2.336,0.295,68.884,55.107,53.821
0,0.0,87.539,12.461,87.539,962.928,209.843,1599.321,1552.382,1557.466,56.224,54.241,72.104,54.288,54.318,1.424,2.335,0.295,68.884,55.107,53.75
0,0.0,87.707,12.294,87.707,961.002,210.099,1593.592,1551.482,1552.771,56.184,54.27,72.104,54.262,54.275,1.428,2.334,0.296,68.884,55.107,53.79
0,0.0,87.863,12.137,87.863,959.222,210.337,1588.27,1550.643,1548.397,56.18,54.283,72.105,54.275,54.268,1.432,2.333,0.296,68.884,55.107,53.813
0,0.0,88.04,11.96,88.04,957.633,210.524,1583.497,1549.983,1544.645,56.198,54.337,72.105,54.304,54.283,1.435,2.332,0.296,68.884,55.107,53.88
0,0.0,88.235,11.765,88.235,956.304,210.648,1579.493,1549.546,1541.707,56.234,54.349,72.107,54.336,54.317,1.438,2.331,0.297,68.884,55.107,53.904
0,0.0,88.44,11.56,88.44,955.306,210.698,1576.478,1549.368,1539.771,56.261,54.383,72.109,54.358,54.342,1.44,2.33,0.297,68.884,55.107,53.95
0,0.0,88.647,11.353,88.647,954.692,210.672,1574.617,1549.46,1538.946,56.298,54.488,72.111,54.422,54.378,1.441,2.33,0.297,68.884,55.107,54.069
0,0.0,88.876,11.124,88.876,954.495,210.547,1574.023,1549.904,1539.435,56.376,54.587,72.114,54.517,54.455,1.441,2.33,0.296,68.884,55.107,54.183
0,0.0,89.138,10.862,89.138,954.76,210.306,1574.823,1550.755,1541.419,56.462,54.614,72.117,54.583,54.541,1.441,2.33,0.296,68.884,55.107,54.226
0,0.0,89.407,10.593,89.407,955.523,209.96,1577.132,1551.972,1544.88,56.518,54.67,72.121,54.632,54.598,1.44,2.33,0.295,68.884,55.107,54.297
0,0.0,89.67,10.33,89.67,956.784,209.518,1580.941,1553.52,1549.75,56.555,54.604,72.126,54.635,54.637,1.437,2.331,0.294,68.884,55.107,54.243
0,0.0,89.913,10.086,89.913,958.478,209.002,1586.038,1555.319,1555.778,56.526,54.5,72.13,54.563,54.611,1.434,2.332,0.293,68.884,55.107,54.148
0,0.0,90.107,9.893,90.107,960.451,208.463,1591.948,1557.188,1562.382,56.453,54.48,72.132,54.504,54.54,1.431,2.333,0.292,68.884,55.107,54.138
0,0.0,90.278,9.722,90.278,962.475,207.93,1597.978,1559.029,1569.0,56.405,54.467,72.134,54.478,54.495,1.427,2.335,0.291,68.884,55.107,54.133
0,0.0,90.459,9.541,90.459,964.333,207.426,1603.487,1560.761,1575.133,56.402,54.649,72.135,54.547,54.495,1.423,2.336,0.29,68.884,55.107,54.326
0,0.0,90.689,9.311,90.689,965.923,206.947,1608.184,1562.4,1580.647,56.509,54.816,72.135,54.706,54.605,1.42,2.337,0.289,68.884,55.107,54.507
0,0.0,90.997,9.003,90.997,967.297,206.466,1612.225,1564.033,1585.779,56.635,54.754,72.137,54.766,54.733,1.418,2.338,0.288,68.884,55.107,54.457
0,0.0,91.301,8.699,91.301,968.586,206.011,1616.004,1565.575,1590.598,56.654,54.729,72.139,54.742,54.754,1.415,2.338,0.287,68.884,55.107,54.445
0,0.0,91.551,8.449,91.551,969.831,205.601,1619.642,1566.96,1595.06,56.635,54.72,72.14,54.728,54.737,1.413,2.339,0.286,68.884,55.107,54.445
0,0.0,91.783,8.217,91.783,970.981,205.223,1622.995,1568.229,1599.157,56.625,54.744,72.142,54.733,54.729,1.411,2.34,0.286,68.884,55.107,54.479
0,0.0,92.021,7.979,92.021,971.969,204.878,1625.865,1569.383,1602.776,56.627,54.718,72.143,54.729,54.733,1.409,2.34,0.285,68.884,55.107,54.461
0,0.0,92.261,7.738,92.261,972.758,204.577,1628.155,1570.392,1605.808,56.633,54.85,72.144,54.776,54.74,1.407,2.34,0.284,68.884,55.107,54.603
0,0.0,92.525,7.475,92.525,973.348,204.307,1629.866,1571.291,1608.316,56.711,54.973,72.145,54.891,54.818,1.406,2.341,0.284,68.884,55.107,54.738
0,0.0,92.842,7.158,92.842,973.823,204.037,1631.237,1572.189,1610.624,56.821,55.071,72.146,54.999,54.929,1.405,2.341,0.283,68.884,55.107,54.847
0,0.0,93.187,6.814,93.187,974.328,203.751,1632.694,1573.137,1613.059,56.922,55.149,72.149,55.089,55.031,1.404,2.341,0.283,68.884,55.107,54.937
0,0.0,93.54,6.46,93.54,975.007,203.43,1634.653,1574.199,1615.972,57.015,55.281,72.153,55.196,55.125,1.403,2.342,0.282,68.884,55.107,55.081
0,0.0,93.909,6.091,93.909,975.981,203.045,1637.456,1575.464,1619.721,57.108,55.247,72.157,55.246,55.219,1.401,2.342,0.281,68.884,55.107,55.058
0,0.0,94.272,5.728,94.272,977.331,202.592,1641.33,1576.953,1624.473,57.152,55.426,72.162,55.324,55.265,1.399,2.343,0.28,68.884,55.107,55.249
0,0.0,94.639,5.361,94.639,979.042,202.066,1646.221,1578.672,1630.205,57.252,55.461,72.167,55.424,55.367,1.395,2.344,0.279,68.884,55.107,55.293
0,0.0,95.037,4.963,95.037,981.095,201.461,1652.064,1580.64,1636.913,57.321,55.499,72.172,55.468,55.438,1.391,2.345,0.278,68.884,55.107,55.341
0,0.0,95.422,4.578,95.422,983.479,200.799,1658.811,1582.784,1644.447,57.356,55.48,72.178,55.485,55.477,1.386,2.346,0.277,68.884,55.107,55.331
0,0.0,95.789,4.211,95.789,986.139,200.092,1666.296,1585.058,1652.642,57.354,55.463,72.183,55.47,55.478,1.381,2.347,0.275,68.884,55.107,55.322
0,0.0,96.135,3.865,96.135,989.233,199.31,1674.939,1587.553,1661.915,57.359,55.615,72.19,55.531,55.486,1.374,2.348,0.274,68.884,55.107,55.482
0,0.0,96.51,3.49,96.51,993.096,198.369,1685.636,1590.54,1673.26,57.456,55.783,72.2,55.679,55.588,1.366,2.349,0.272,68.884,55.107,55.659
0,0.0,96.952,3.048,96.952,998.566,197.089,1700.625,1594.565,1688.958,57.567,55.703,72.213,55.723,55.704,1.354,2.351,0.27,68.884,55.107,55.586
0,0.0,97.382,2.618,97.382,1005.41,195.552,1719.103,1599.34,1708.071,57.586,55.867,72.222,55.773,55.73,1.339,2.353,0.267,68.884,55.107,55.758
0,0.0,97.8,2.2,97.8,1012.92,193.967,1739.058,1604.207,1728.605,57.706,56.194,72.228,56.001,55.857,1.322,2.355,0.264,68.884,55.107,56.094
0,0.0,98.321,1.679,98.321,1020.77,192.302,1759.562,1609.251,1749.818,57.963,56.491,72.233,56.3,56.122,1.304,2.357,0.261,68.884,55.107,56.402
0,0.0,98.945,1.054,98.945,1027.99,190.748,1778.11,1613.904,1769.187,58.215,56.507,72.237,56.468,56.381,1.287,2.358,0.258,68.884,55.107,56.426
0,0.0,99.559,0.441,99.559,1043.86,191.516,1796.784,1623.331,1788.6,58.274,56.229,72.241,56.365,56.437,1.286,2.375,0.257,69.128,55.302,56.154
0,0.036,100.0,0.0,100.0,1057.34,192.429,1811.163,1631.15,1803.472,58.136,56.123,72.242,56.199,56.29,1.287,2.391,0.257,69.347,55.478,56.053
0,0.481,100.0,0.0,100.0,1067.73,193.254,1821.864,1636.921,1814.12,58.39,56.038,72.243,56.099,56.536,1.288,2.403,0.258,69.519,55.615,55.968
0,1.263,100.0,0.0,100.0,1075.03,193.829,1829.256,1640.976,1821.494,58.999,55.99,72.247,56.023,57.139,1.289,2.411,0.258,69.639,55.711,55.919
0,2.232,100.0,0.0,100.0,1081.3,194.252,1835.891,1644.475,1828.112,59.352,56.135,72.256,56.066,57.487,1.289,2.418,0.258,69.739,55.791,56.065
0,3.02,100.0,0.0,100.0,1089.07,194.727,1844.304,1648.782,1836.49,59.256,56.173,72.268,56.144,57.387,1.289,2.427,0.258,69.858,55.887,56.103
0,3.53,100.0,0.0,100.0,1098.75,195.351,1854.547,1654.106,1846.68,58.908,56.182,72.278,56.167,57.034,1.289,2.437,0.258,70.009,56.007,56.112
0,3.861,100.0,0.0,100.0,1109.6,196.093,1865.741,1660.007,1857.821,58.544,56.357,72.283,56.26,56.663,1.289,2.449,0.258,70.178,56.143,56.288
0,4.161,100.0,0.0,100.0,1119.7,196.837,1875.79,1665.453,1867.853,58.318,56.604,72.288,56.459,56.43,1.29,2.46,0.258,70.339,56.271,56.536
0,4.517,100.0,0.0,100.0,1130.54,197.556,1887.002,1671.18,1879.011,58.215,56.907,72.3,56.726,56.32,1.29,2.472,0.258,70.504,56.403,56.84
0,4.937,100.0,0.0,100.0,1146.53,198.619,1903.493,1679.44,1895.45,58.191,57.127,72.312,56.987,56.287,1.289,2.489,0.258,70.744,56.595,57.061
0,5.388,100.0,0.0,100.0,1166.36,200.125,1922.818,1689.503,1914.686,58.139,57.078,72.313,57.078,56.223,1.289,2.51,0.259,71.048,56.839,57.012
0,5.788,100.0,0.0,100.0,1182.39,201.56,1937.232,1697.52,1929.03,57.994,57.114,72.305,57.092,56.065,1.291,2.528,0.259,71.304,57.044,57.048
0,6.135,100.0,0.0,100.0,1189.72,202.391,1943.005,1701.116,1934.803,57.868,57.143,72.294,57.128,55.93,1.294,2.537,0.26,71.43,57.144,57.077
0,6.471,100.0,0.0,100.0,1188.46,202.771,1939.678,1700.447,1931.477,57.73,57.031,72.28,57.085,55.79,1.298,2.537,0.26,71.437,57.149,56.964
0,6.763,100.0,0.0,100.0,1182.87,203.818,1927.306,1697.721,1919.139,57.549,56.971,72.266,57.011,55.606,1.312,2.537,0.262,71.437,57.149,56.905
0,7.014,100.0,0.0,100.0,1173.36,205.589,1905.974,1693.064,1897.896,57.361,56.766,72.252,56.876,55.414,1.335,2.538,0.265,71.437,57.149,56.699
0,7.221,100.0,0.0,100.0,1160.68,207.962,1877.022,1686.749,1869.067,57.16,56.8,72.241,56.796,55.205,1.366,2.537,0.269,71.437,57.149,56.733
0,7.424,100.0,0.0,100.0,1145.82,210.773,1842.227,1679.14,1834.413,57.068,56.935,72.23,56.864,55.102,1.401,2.536,0.274,71.437,57.149,56.868
0,7.685,100.0,0.0,100.0,1129.8,213.845,1803.63,1670.664,1795.939,57.08,57.242,72.225,57.067,55.101,1.437,2.533,0.279,71.437,57.149,57.176
0,8.023,100.0,0.0,100.0,1114.28,216.87,1765.016,1662.142,1757.478,57.186,57.507,72.226,57.335,55.192,1.471,2.529,0.285,71.437,57.149,57.442
0,8.42,100.0,0.0,100.0,1100.41,219.623,1729.425,1654.229,1722.028,57.291,57.691,72.231,57.556,55.281,1.501,2.524,0.29,71.437,57.149,57.627
0,8.827,100.0,0.0,100.0,1089.07,221.895,1699.528,1647.578,1692.245,57.376,57.922,72.24,57.768,55.352,1.524,2.519,0.294,71.437,57.149,57.859
0,9.242,100.0,0.0,100.0,1080.71,223.591,1676.991,1642.536,1669.795,57.456,58.021,72.251,57.933,55.419,1.54,2.515,0.297,71.437,57.149,57.958
0,9.653,100.0,0.0,100.0,1075.63,224.631,1663.096,1639.414,1655.952,57.513,58.323,72.261,58.136,55.467,1.55,2.512,0.299,71.437,57.149,58.261
0,10.082,100.0,0.0,100.0,1069.66,224.418,1654.74,1635.924,1647.628,57.617,58.449,72.271,58.347,55.569,1.551,2.505,0.299,71.356,57.085,58.388
0,10.531,100.0,0.0,100.0,1067.6,224.176,1652.767,1634.764,1645.663,57.655,58.365,72.282,58.385,55.608,1.55,2.502,0.299,71.32,57.056,58.303
0,10.928,100.0,0.0,100.0,1068.53,223.981,1655.306,1635.371,1648.192,57.617,58.527,72.291,58.436,55.571,1.548,2.503,0.299,71.32,57.056,58.466
0,11.307,100.0,0.0,100.0,1070.69,223.523,1661.29,1636.758,1654.154,57.645,58.707,72.299,58.588,55.602,1.544,2.504,0.298,71.32,57.056,58.646
0,11.733,100.0,0.0,100.0,1073.99,222.834,1670.34,1638.838,1663.168,57.748,59.088,72.307,58.855,55.709,1.537,2.506,0.297,71.32,57.056,59.029
0,12.236,100.0,0.0,100.0,1078.18,221.961,1681.775,1641.455,1674.561,57.928,59.204,72.314,59.099,55.894,1.529,2.508,0.295,71.32,57.056,59.146
0,12.776,100.0,0.0,100.0,1083.24,220.915,1695.41,1644.567,1688.143,58.017,59.173,72.325,59.173,55.99,1.519,2.511,0.293,71.32,57.056,59.115
0,13.257,100.0,0.0,100.0,1088.37,219.858,1709.085,1647.689,1701.765,57.951,58.702,72.298,58.955,55.931,1.509,2.513,0.291,71.32,57.056,58.642
0,13.595,100.0,0.0,100.0,1085.55,220.417,1701.601,1646.042,1694.31,57.687,58.619,72.231,58.704,55.668,1.514,2.512,0.292,71.32,57.056,58.558
0,13.826,100.0,0.0,100.0,1071.6,223.273,1663.79,1637.515,1656.642,57.497,58.663,72.171,58.664,55.465,1.542,2.505,0.298,71.32,57.056,58.603
0,14.079,100.0,0.0,100.0,1033.87,224.063,1598.337,1614.138,1591.445,57.349,58.571,72.116,58.625,55.301,1.559,2.464,0.303,70.918,56.734,58.51
0,14.298,100.0,0.0,100.0,981.341,222.521,1518.461,1579.808,1511.884,57.125,58.525,72.07,58.562,55.078,1.558,2.397,0.307,70.185,56.148,58.464
0,14.448,100.0,0.0,100.0,927.887,221.388,1428.233,1542.459,1422.006,56.874,58.454,72.03,58.505,54.821,1.555,2.324,0.313,69.448,55.559,58.393
0,14.543,100.0,0.0,100.0,877.504,220.998,1332.269,1504.733,1326.415,56.608,58.506,71.995,58.483,54.533,1.551,2.251,0.321,68.784,55.027,58.444
0,14.596,100.0,0.0,100.0,831.766,221.352,1235.161,1468.512,1229.679,56.369,58.664,71.967,58.551,54.255,1.547,2.182,0.329,68.229,54.583,58.603
0,14.639,100.0,0.0,100.0,790.835,222.321,1142.442,1434.778,1137.314,56.188,59.187,71.945,58.811,54.02,1.543,2.119,0.338,67.793,54.234,59.127
0,14.71,100.0,0.0,100.0,753.704,223.395,1058.441,1404.934,1053.628,56.105,59.167,71.926,59.073,53.875,1.54,2.066,0.347,67.454,53.963,59.106
0,14.803,100.0,0.0,100.0,725.619,223.725,1000.106,1383.99,995.511,55.977,58.846,71.908,59.03,53.695,1.537,2.028,0.353,67.204,53.764,58.784
0,14.853,100.0,0.0,100.0,722.917,223.33,996.813,1382.049,992.232,55.848,58.749,71.885,58.872,53.552,1.534,2.023,0.353,67.151,53.72,58.686
0,14.892,100.0,0.0,100.0,722.872,223.304,996.862,1382.014,992.279,55.744,58.95,71.862,58.856,53.447,1.534,2.023,0.353,67.148,53.719,58.889
0,14.944,100.0,0.0,100.0,722.871,223.303,996.864,1382.012,992.283,55.711,58.878,71.838,58.901,53.414,1.534,2.023,0.353,67.148,53.718,58.815
0,15.031,100.0,0.0,100.0,722.87,223.303,996.864,1382.012,992.283,55.7,58.941,71.815,58.9,53.403,1.534,2.023,0.353,67.148,53.718,58.88
0,15.124,100.0,0.0,100.0,722.87,223.303,996.864,1382.012,992.283,55.687,58.959,71.792,58.936,53.39,1.534,2.023,0.353,67.148,53.718,58.897
0,15.218,100.0,0.0,100.0,722.87,223.303,996.864,1382.012,992.283,55.679,58.859,71.775,58.914,53.382,1.534,2.023,0.353,67.148,53.718,58.797
0,15.308,100.0,0.0,100.0,722.831,223.307,996.764,1381.989,992.182,55.658,59.25,71.761,58.986,53.361,1.534,2.023,0.353,67.148,53.718,59.19
0,15.399,100.0,0.0,100.0,715.37,223.538,980.496,1377.42,975.973,55.677,59.57,71.747,59.257,53.371,1.535,2.014,0.354,67.108,53.686,59.511
0,15.526,100.0,0.0,100.0,706.539,223.789,962.762,1370.948,958.306,55.749,59.765,71.734,59.513,53.43,1.535,2.004,0.356,67.046,53.637,59.707
0,15.683,100.0,0.0,100.0,691.792,224.059,944.847,1364.016,940.458,55.785,59.755,71.721,59.67,53.462,1.534,1.993,0.358,66.982,53.585,59.697
0,15.805,100.0,0.0,100.0,675.136,224.284,927.041,1357.062,922.719,55.746,59.622,71.712,59.685,53.434,1.534,1.982,0.361,66.916,53.533,59.563
0,15.873,100.0,0.0,100.0,658.946,224.46,909.586,1350.18,905.326,55.627,59.392,71.705,59.582,53.327,1.534,1.972,0.363,66.849,53.479,59.332
0,15.865,100.0,0.0,100.0,643.37,224.589,892.651,1343.441,888.455,55.432,59.303,71.701,59.44,53.143,1.534,1.962,0.365,66.782,53.425,59.242
0,15.785,100.0,0.0,100.0,628.503,224.674,876.359,1336.896,872.223,55.222,59.179,71.698,59.332,52.945,1.533,1.952,0.367,66.715,53.372,59.117
0,15.672,100.0,0.0,100.0,614.41,224.717,860.793,1330.585,856.715,55.015,58.836,71.696,59.153,52.749,1.533,1.943,0.369,66.649,53.319,58.772
0,15.521,100.0,0.0,100.0,601.135,224.724,846.025,1324.544,842.002,54.788,58.657,71.696,58.913,52.533,1.533,1.934,0.37,66.585,53.268,58.592
0,15.326,100.0,0.0,100.0,588.712,224.699,832.109,1318.803,828.138,54.555,58.7,71.695,58.771,52.309,1.533,1.926,0.372,66.523,53.218,58.635
0,15.102,100.0,0.0,100.0,577.157,224.647,819.083,1313.384,815.158,54.372,59.02,71.696,58.809,52.136,1.532,1.918,0.373,66.463,53.17,58.957
0,14.901,100.0,0.0,100.0,566.484,224.574,806.978,1308.308,803.099,54.293,59.23,71.698,58.983,52.066,1.532,1.911,0.375,66.406,53.125,59.168
0,14.757,100.0,0.0,100.0,557.961,224.437,797.373,1304.12,793.528,54.292,59.663,71.702,59.227,52.072,1.532,1.905,0.376,66.353,53.082,59.603
0,14.672,100.0,0.0,100.0,557.915,224.348,797.482,1303.965,793.639,54.397,59.711,71.703,59.498,52.181,1.531,1.904,0.375,66.344,53.076,59.65
0,14.667,100.0,0.0,100.0,557.916,224.344,797.491,1303.959,793.646,54.535,59.458,71.705,59.549,52.319,1.531,1.904,0.375,66.344,53.075,59.396
0,14.676,100.0,0.0,100.0,557.916,224.344,797.491,1303.959,793.647,54.588,59.688,71.708,59.543,52.372,1.531,1.904,0.375,66.344,53.075,59.627
0,14.641,100.0,0.0,100.0,557.916,224.344,797.491,1303.959,793.647,54.605,59.771,71.71,59.65,52.389,1.531,1.904,0.375,66.344,53.075,59.71
0,14.613,100.0,0.0,100.0,557.916,224.344,797.491,1303.959,793.647,54.699,60.036,71.712,59.779,52.483,1.531,1.904,0.375,66.344,53.075,59.977
0,14.653,100.0,0.0,100.0,557.916,224.344,797.491,1303.959,793.647,54.864,60.099,71.715,59.95,52.647,1.531,1.904,0.375,66.344,53.075,60.04
0,14.755,100.0,0.0,100.0,557.916,224.344,797.491,1303.959,793.647,55.049,59.817,71.719,59.966,52.833,1.531,1.904,0.375,66.344,53.075,59.757
0,14.876,100.0,0.0,100.0,557.916,224.344,797.491,1303.959,793.647,55.147,59.714,71.724,59.85,52.93,1.531,1.904,0.375,66.344,53.075,59.653
0,14.945,100.0,0.0,100.0,557.916,224.344,797.491,1303.959,793.647,55.154,59.623,71.729,59.75,52.938,1.531,1.904,0.375,66.344,53.075,59.562
0,14.972,100.0,0.0,100.0,557.916,224.344,797.491,1303.959,793.647,55.149,59.74,71.734,59.703,52.932,1.531,1.904,0.375,66.344,53.075,59.679
0,14.996,100.0,0.0,100.0,557.916,224.344,797.491,1303.959,793.647,55.164,59.894,71.738,59.765,52.948,1.531,1.904,0.375,66.344,53.075,59.834
0,15.041,100.0,0.0,100.0,557.916,224.344,797.491,1303.959,793.647,55.224,59.892,71.743,59.84,53.007,1.531,1.904,0.375,66.344,53.075,59.832
0,15.12,100.0,0.0,100.0,557.916,224.344,797.491,1303.959,793.647,55.292,59.908,71.749,59.867,53.076,1.531,1.904,0.375,66.344,53.075,59.848
0,15.206,100.0,0.0,100.0,557.916,224.344,797.491,1303.959,793.647,55.344,60.22,71.755,59.961,53.128,1.531,1.904,0.375,66.344,53.075,60.161
0,15.301,100.0,0.0,100.0,557.916,224.344,797.491,1303.959,793.647,55.431,60.453,71.763,60.167,53.215,1.531,1.904,0.375,66.344,53.075,60.396
0,15.439,100.0,0.0,100.0,557.916,224.344,797.491,1303.959,793.647,55.564,60.719,71.77,60.392,53.348,1.531,1.904,0.375,66.344,53.075,60.663
0,15.62,100.0,0.0,100.0,557.916,224.344,797.491,1303.959,793.647,55.714,60.83,71.783,60.606,53.498,1.531,1.904,0.375,66.344,53.075,60.774
0,15.83,100.0,0.0,100.0,557.916,224.344,797.491,1303.959,793.647,55.847,60.911,71.803,60.747,53.631,1.531,1.904,0.375,66.344,53.075,60.855
0,16.043,100.0,0.0,100.0,557.916,224.344,797.491,1303.959,793.647,55.953,61.152,71.824,60.896,53.737,1.531,1.904,0.375,66.344,53.075,61.097
0,16.261,100.0,0.0,100.0,557.916,224.344,797.491,1303.959,793.647,56.059,61.2,71.845,61.057,53.843,1.531,1.904,0.375,66.344,53.075,61.146
0,16.492,100.0,0.0,100.0,557.916,224.344,797.491,1303.959,793.647,56.149,61.172,71.865,61.125,53.933,1.531,1.904,0.375,66.344,53.075,61.118
0,16.73,100.0,0.0,100.0,575.426,223.678,819.299,1309.238,815.378,56.284,61.395,71.887,61.202,54.063,1.526,1.912,0.373,66.344,53.075,61.342
0,17.046,100.0,0.0,100.0,600.179,222.716,849.746,1316.605,845.717,56.53,61.582,71.906,61.369,54.298,1.519,1.923,0.369,66.344,53.075,61.531
0,17.456,100.0,0.0,100.0,623.745,221.782,878.319,1323.492,874.19,56.811,61.451,71.921,61.464,54.566,1.513,1.933,0.366,66.344,53.075,61.399
0,17.91,100.0,0.0,100.0,645.137,220.922,903.913,1329.636,899.693,57.027,61.374,71.937,61.428,54.771,1.508,1.943,0.363,66.344,53.075,61.322
0,18.346,100.0,0.0,100.0,664.537,220.132,926.842,1335.122,922.539,57.163,61.445,71.95,61.411,54.896,1.504,1.952,0.36,66.344,53.075,61.393
0,18.76,100.0,0.0,100.0,680.94,219.457,946.023,1339.698,941.649,57.28,61.654,71.961,61.492,55.003,1.5,1.959,0.358,66.344,53.075,61.603
0,19.186,100.0,0.0,100.0,688.071,218.909,961.333,1343.341,956.905,57.41,61.746,71.972,61.624,55.137,1.497,1.965,0.356,66.344,53.075,61.696
0,19.634,100.0,0.0,100.0,692.613,218.49,972.884,1346.085,968.415,57.521,61.774,71.976,61.711,55.261,1.495,1.97,0.354,66.344,53.075,61.725
0,20.067,100.0,0.0,100.0,695.064,218.256,979.252,1347.599,974.76,57.531,61.589,72.009,61.701,55.279,1.494,1.973,0.353,66.344,53.075,61.538
0,20.418,100.0,0.0,100.0,697.859,217.985,986.631,1349.343,982.112,57.401,61.25,72.081,61.527,55.157,1.493,1.976,0.353,66.344,53.075,61.198
0,20.658,100.0,0.0,100.0,701.816,217.59,997.302,1351.867,992.744,57.167,61.097,72.147,61.3,54.933,1.491,1.98,0.351,66.344,53.075,61.044
0,20.814,100.0,0.0,100.0,706.189,217.136,1009.399,1354.721,1004.796,56.943,61.021,72.207,61.148,54.721,1.489,1.985,0.35,66.344,53.075,60.967
0,20.962,100.0,0.0,100.0,710.519,216.67,1021.699,1357.622,1017.053,56.801,61.009,72.265,61.061,54.592,1.487,1.99,0.348,66.344,53.075,60.955
0,21.153,100.0,0.0,100.0,727.453,214.442,1072.908,1370.996,1068.074,56.808,61.159,72.32,61.075,54.636,1.477,2.011,0.341,66.344,53.075,61.106
0,21.469,100.0,0.0,100.0,747.41,211.35,1139.299,1388.402,1134.218,56.982,61.176,72.369,61.14,54.875,1.464,2.038,0.332,66.344,53.075,61.124
0,21.883,100.0,0.0,100.0,765.444,208.16,1203.726,1405.189,1198.402,57.158,61.272,72.411,61.197,55.116,1.449,2.064,0.323,66.344,53.075,61.221
0,22.319,100.0,0.0,100.0,781.481,205.06,1262.967,1420.547,1257.421,57.305,61.273,72.448,61.255,55.322,1.433,2.086,0.315,66.344,53.075,61.222
0,22.759,100.0,0.0,100.0,794.844,202.342,1312.604,1433.349,1306.87,57.407,61.171,72.478,61.229,55.471,1.417,2.104,0.308,66.344,53.075,61.12
0,23.175,100.0,0.0,100.0,819.614,196.759,1402.76,1458.01,1396.683,57.496,61.11,72.505,61.161,55.614,1.382,2.132,0.295,66.344,53.075,61.059
0,23.645,100.0,0.0,100.0,857.351,188.222,1530.913,1492.306,1524.347,57.697,61.026,72.528,61.089,55.892,1.315,2.164,0.275,66.344,53.075,60.975
0,24.179,100.0,0.0,100.0,917.633,184.281,1657.603,1537.33,1650.542,57.887,60.905,72.543,60.987,56.13,1.263,2.22,0.262,66.925,53.54,60.853
0,24.743,100.0,0.0,100.0,1008.11,189.323,1768.219,1595.632,1760.704,58.059,60.757,72.551,60.851,56.272,1.265,2.326,0.259,68.419,54.735,60.706
0,25.299,100.0,0.0,100.0,1091.63,195.181,1857.31,1643.675,1849.461,58.162,60.736,72.551,60.761,56.323,1.27,2.421,0.259,69.777,55.822,60.684
0,25.853,100.0,0.0,100.0,1172.74,201.371,1935.965,1686.814,1927.781,58.316,60.873,72.546,60.811,56.42,1.275,2.51,0.261,71.061,56.849,60.822
0,26.469,100.0,0.0,100.0,1242.95,206.798,1998.709,1722.663,1990.261,58.502,60.848,72.536,60.856,56.553,1.281,2.586,0.262,72.148,57.718,60.797
0,27.092,100.0,0.0,100.0,1300.25,211.122,2046.933,1751.276,2038.291,58.566,60.673,72.522,60.757,56.571,1.286,2.647,0.263,73.016,58.413,60.622
0,27.639,100.0,0.0,100.0,1330.45,214.281,2068.053,1765.843,2059.341,58.516,60.628,72.503,60.657,56.487,1.297,2.682,0.265,73.51,58.808,60.576
0,28.125,100.0,0.0,100.0,1332.44,214.68,2068.317,1766.97,2059.587,58.475,60.792,72.481,60.718,56.436,1.3,2.685,0.265,73.556,58.845,60.741
0,28.634,100.0,0.0,100.0,1328.73,215.189,2060.925,1765.773,2052.23,58.515,60.884,72.459,60.832,56.473,1.309,2.686,0.266,73.556,58.845,60.833
0,29.177,100.0,0.0,100.0,1320.91,216.373,2045.278,1762.957,2036.637,58.524,60.857,72.44,60.861,56.48,1.329,2.687,0.268,73.556,58.845,60.806
0,29.688,100.0,0.0,100.0,1309.91,218.217,2022.979,1758.529,2014.426,58.466,60.829,72.424,60.839,56.417,1.356,2.689,0.271,73.556,58.845,60.778
0,30.159,100.0,0.0,100.0,1296.8,220.574,1995.946,1752.817,1987.515,58.409,60.97,72.41,60.899,56.353,1.388,2.69,0.275,73.556,58.845,60.92
0,30.641,100.0,0.0,100.0,1282.51,223.125,1965.902,1746.55,1957.578,58.421,61.156,72.399,61.054,56.358,1.422,2.69,0.279,73.556,58.845,61.106
0,31.163,100.0,0.0,100.0,1267.98,225.722,1934.662,1740.077,1926.461,58.458,61.208,72.393,61.165,56.385,1.457,2.69,0.283,73.556,58.845,61.158
0,31.687,100.0,0.0,100.0,1254.09,228.216,1904.109,1733.771,1896.03,58.431,61.241,72.389,61.215,56.349,1.489,2.689,0.287,73.556,58.845,61.192
0,32.168,100.0,0.0,100.0,1241.44,230.502,1875.632,1727.906,1867.642,58.384,61.275,72.388,61.251,56.292,1.517,2.687,0.291,73.556,58.845,61.226
0,32.644,100.0,0.0,100.0,1230.32,232.522,1850.059,1722.656,1842.174,58.354,61.357,72.389,61.308,56.252,1.542,2.685,0.295,73.556,58.845,61.308
0,33.12,100.0,0.0,100.0,1218.12,233.708,1826.88,1716.699,1819.083,58.342,61.498,72.391,61.416,56.231,1.559,2.678,0.297,73.498,58.798,61.449
0,33.614,100.0,0.0,100.0,1200.58,232.419,1808.418,1707.893,1800.691,58.352,61.576,72.395,61.519,56.246,1.558,2.659,0.297,73.246,58.597,61.528
0,34.114,100.0,0.0,100.0,1187.54,231.393,1794.795,1701.306,1787.139,58.36,61.721,72.4,61.636,56.261,1.556,2.644,0.297,73.055,58.444,61.673
0,34.625,100.0,0.0,100.0,1178.51,230.646,1785.379,1696.739,1777.741,58.382,61.593,72.405,61.648,56.289,1.555,2.633,0.297,72.921,58.337,61.545
0,35.12,100.0,0.0,100.0,1173.18,230.157,1779.941,1694.081,1772.338,58.309,61.476,72.411,61.546,56.22,1.554,2.627,0.297,72.84,58.272,61.427
0,35.544,100.0,0.0,100.0,1170.99,229.895,1777.899,1693.053,1770.296,58.181,61.305,72.415,61.411,56.093,1.554,2.624,0.296,72.804,58.243,61.256
0,35.923,100.0,0.0,100.0,1170.85,229.789,1778.058,1693.088,1770.454,58.038,61.12,72.417,61.237,55.952,1.553,2.624,0.296,72.799,58.239,61.07
0,36.272,100.0,0.0,100.0,1171.41,229.654,1779.43,1693.458,1771.827,57.904,61.066,72.418,61.115,55.819,1.552,2.624,0.296,72.799,58.239,61.015
0,36.62,100.0,0.0,100.0,1171.96,229.532,1780.786,1693.794,1773.165,57.834,61.093,72.417,61.088,55.749,1.551,2.624,0.296,72.799,58.239,61.043
0,37.005,100.0,0.0,100.0,1172.31,229.459,1781.648,1693.995,1774.027,57.83,61.208,72.416,61.145,55.745,1.55,2.624,0.296,72.799,58.239,61.158
0,37.433,100.0,0.0,100.0,1172.37,229.454,1781.806,1694.009,1774.186,57.897,61.405,72.415,61.291,55.813,1.55,2.624,0.296,72.799,58.239,61.356
0,37.922,100.0,0.0,100.0,1172.25,229.494,1781.49,1693.898,1773.886,57.993,61.447,72.415,61.407,55.908,1.55,2.624,0.296,72.799,58.239,61.398
0,38.412,100.0,0.0,100.0,1172.14,229.537,1781.226,1693.78,1773.622,58.011,61.381,72.416,61.407,55.926,1.55,2.624,0.296,72.799,58.239,61.332
0,38.859,100.0,0.0,100.0,1172.16,229.559,1781.278,1693.718,1773.658,57.973,61.339,72.417,61.364,55.889,1.55,2.624,0.296,72.799,58.239,61.289
0,39.27,100.0,0.0,100.0,1172.25,229.569,1781.507,1693.694,1773.886,57.92,61.311,72.417,61.327,55.835,1.55,2.624,0.296,72.799,58.239,61.261
0,39.674,100.0,0.0,100.0,1172.3,229.587,1781.63,1693.643,1774.027,57.935,61.528,72.417,61.418,55.851,1.55,2.624,0.296,72.799,58.239,61.48
0,40.16,100.0,0.0,100.0,1172.29,229.618,1781.595,1693.558,1773.992,58.099,61.447,72.417,61.476,56.014,1.55,2.624,0.296,72.799,58.239,61.398
0,40.719,100.0,0.0,100.0,1172.39,229.624,1781.842,1693.542,1774.238,58.186,61.328,72.419,61.392,56.102,1.55,2.624,0.296,72.799,58.239,61.279
0,41.227,100.0,0.0,100.0,1172.82,229.561,1782.915,1693.713,1775.294,58.178,61.284,72.422,61.319,56.094,1.549,2.624,0.296,72.799,58.239,61.234
0,41.695,100.0,0.0,100.0,1173.58,229.429,1784.781,1694.076,1777.16,58.173,61.27,72.424,61.287,56.09,1.547,2.625,0.296,72.799,58.239,61.22
0,42.164,100.0,0.0,100.0,1174.57,229.246,1787.227,1694.577,1779.589,58.157,61.137,72.426,61.211,56.075,1.545,2.625,0.295,72.799,58.239,61.086
0,42.607,100.0,0.0,100.0,1175.68,229.036,1789.938,1695.151,1782.299,58.105,61.099,72.427,61.129,56.024,1.543,2.625,0.295,72.799,58.239,61.049
0,43.042,100.0,0.0,100.0,1176.73,228.833,1792.525,1695.707,1784.869,58.1,61.158,72.427,61.131,56.02,1.541,2.626,0.295,72.799,58.239,61.108
0,43.513,100.0,0.0,100.0,1177.63,228.657,1794.707,1696.184,1787.051,58.178,61.37,72.428,61.256,56.099,1.539,2.626,0.294,72.799,58.239,61.321
0,44.057,100.0,0.0,100.0,1178.43,228.497,1796.661,1696.621,1788.987,58.297,61.316,72.429,61.328,56.218,1.537,2.626,0.294,72.799,58.239,61.267
0,44.6,100.0,0.0,100.0,1179.31,228.317,1798.826,1697.112,1791.134,58.32,61.237,72.431,61.278,56.243,1.535,2.626,0.294,72.799,58.239,61.187
0,45.104,100.0,0.0,100.0,1180.36,228.104,1801.36,1697.691,1793.669,58.3,61.149,72.434,61.203,56.224,1.533,2.627,0.293,72.799,58.239,61.099
0,45.571,100.0,0.0,100.0,1181.53,227.864,1804.211,1698.342,1796.502,58.258,61.073,72.435,61.122,56.183,1.531,2.627,0.293,72.799,58.239,61.022
0,46.029,100.0,0.0,100.0,1182.66,227.632,1806.939,1698.968,1799.23,58.226,61.063,72.436,61.076,56.152,1.528,2.627,0.292,72.799,58.239,61.013
0,46.488,100.0,0.0,100.0,1183.57,227.444,1809.122,1699.479,1801.413,58.224,61.117,72.437,61.093,56.151,1.526,2.628,0.292,72.799,58.239,61.066
0,45.685,100.0,0.0,100.0,1183.73,227.4,1809.526,1699.599,1801.818,56.996,61.059,72.423,61.087,54.923,1.526,2.628,0.292,72.799,58.239,61.008
0,46.725,100.0,0.0,100.0,1181.08,227.912,1803.12,1698.212,1795.411,56.544,61.01,72.416,61.036,54.47,1.531,2.627,0.293,72.799,58.239,60.959
0,45.548,100.0,0.0,100.0,1176.04,228.899,1790.835,1695.526,1783.179,57.322,61.154,72.395,61.082,55.244,1.542,2.625,0.295,72.799,58.239,61.104
0,46.866,100.0,0.0,100.0,1165.94,230.097,1770.067,1690.051,1762.499,53.868,61.204,72.384,61.165,51.783,1.557,2.619,0.297,72.755,58.204,61.154
0,46.332,100.0,0.0,100.0,1143.97,228.991,1743.68,1678.148,1736.215,57.934,61.349,72.371,61.26,55.852,1.558,2.595,0.298,72.453,57.962,61.3
0,45.831,100.0,0.0,100.0,1118.86,227.665,1713.091,1664.245,1705.746,56.564,61.495,72.357,61.398,54.491,1.558,2.566,0.299,72.1,57.68,61.447
0,47.117,100.0,0.0,100.0,1092.23,226.103,1680.575,1649.173,1673.36,53.449,61.694,72.352,61.567,51.386,1.556,2.534,0.299,71.713,57.371,61.646
0,46.047,100.0,0.0,100.0,1066.87,224.836,1647.453,1634.419,1640.369,57.66,61.68,72.341,61.662,55.605,1.555,2.503,0.3,71.352,57.081,61.632
0,46.195,100.0,0.0,100.0,1042.92,223.632,1615.516,1620.017,1608.559,53.983,61.771,72.335,61.713,51.936,1.554,2.474,0.301,71.004,56.803,61.724
0,46.88,100.0,0.0,100.0,1020.31,222.726,1583.752,1605.718,1576.918,56.229,61.771,72.335,61.761,54.186,1.552,2.445,0.303,70.678,56.542,61.723
0,45.566,100.0,0.0,100.0,1001.3,221.981,1556.217,1593.423,1549.492,56.061,61.748,72.327,61.756,54.022,1.551,2.421,0.304,70.403,56.322,61.7
0,47.202,100.0,0.0,100.0,984.646,221.347,1531.395,1582.423,1524.769,53.134,61.791,72.331,61.766,51.096,1.549,2.399,0.305,70.16,56.128,61.743
0,46.009,100.0,0.0,100.0,971.375,220.915,1510.763,1573.482,1504.217,57.226,61.912,72.328,61.837,55.189,1.548,2.381,0.306,69.97,55.976,61.865
0,46.254,100.0,0.0,100.0,961.363,220.533,1495.298,1566.662,1488.812,53.663,61.971,72.328,61.919,51.626,1.547,2.368,0.307,69.823,55.858,61.924
0,46.871,100.0,0.0,100.0,953.923,220.287,1483.432,1561.527,1476.994,56.104,62.136,72.333,62.024,54.067,1.546,2.357,0.308,69.715,55.772,62.09
0,45.619,100.0,0.0,100.0,950.182,220.107,1477.791,1558.936,1471.374,55.854,62.302,72.329,62.179,53.817,1.545,2.352,0.308,69.657,55.726,62.257
0,47.259,100.0,0.0,100.0,948.631,219.98,1475.79,1557.869,1469.382,52.78,62.452,72.334,62.335,50.743,1.545,2.35,0.308,69.63,55.704,62.407
0,45.94,100.0,0.0,100.0,949.054,219.9,1477.089,1558.184,1470.675,57.161,62.486,72.329,62.439,55.126,1.544,2.35,0.308,69.631,55.705,62.441
0,46.18,100.0,0.0,100.0,950.434,219.597,1481.526,1559.258,1475.096,53.284,62.439,72.326,62.455,51.25,1.542,2.352,0.307,69.631,55.705,62.394
0,46.774,100.0,0.0,100.0,952.065,219.236,1486.76,1560.529,1480.31,55.982,62.329,72.327,62.394,53.952,1.54,2.353,0.307,69.631,55.705,62.283
0,45.46,100.0,0.0,100.0,954.436,218.71,1494.333,1562.375,1487.855,55.709,62.412,72.318,62.375,53.683,1.536,2.356,0.306,69.631,55.705,62.367
0,47.198,100.0,0.0,100.0,956.835,218.178,1501.958,1564.233,1495.451,52.773,62.501,72.319,62.44,50.752,1.532,2.358,0.304,69.631,55.705,62.456
0,45.954,100.0,0.0,100.0,959.375,217.613,1509.99,1566.194,1503.452,57.253,62.774,72.311,62.601,55.238,1.528,2.36,0.303,69.631,55.705,62.73
0,46.198,100.0,0.0,100.0,962.117,217.004,1518.612,1568.297,1512.041,53.377,62.843,72.305,62.768,51.368,1.523,2.362,0.302,69.631,55.705,62.8
0,46.953,100.0,0.0,100.0,964.408,216.495,1525.776,1570.045,1519.177,56.067,62.843,72.306,62.823,54.063,1.52,2.364,0.301,69.631,55.705,62.8
0,45.477,100.0,0.0,100.0,967.3,215.858,1534.768,1572.22,1528.136,55.937,62.811,72.295,62.825,53.939,1.515,2.367,0.3,69.631,55.705,62.768
0,47.396,100.0,0.0,100.0,969.753,215.32,1542.346,1574.047,1535.684,52.533,62.747,72.294,62.782,50.539,1.51,2.369,0.299,69.631,55.705,62.704
0,46.02,100.0,0.0,100.0,971.759,214.879,1548.517,1575.536,1541.83,57.485,62.985,72.284,62.854,55.495,1.507,2.37,0.298,69.631,55.705,62.943
0,46.244,100.0,0.0,100.0,973.567,214.483,1554.048,1576.872,1547.343,53.306,63.146,72.277,63.034,51.32,1.504,2.372,0.297,69.631,55.705,63.104
0,47.09,100.0,0.0,100.0,974.497,214.279,1556.885,1577.555,1550.169,56.05,62.927,72.276,63.027,54.066,1.502,2.372,0.296,69.631,55.705,62.884
0,45.442,100.0,0.0,100.0,975.462,214.067,1559.826,1578.268,1553.098,55.935,62.84,72.261,62.904,53.954,1.5,2.373,0.296,69.631,55.705,62.797
0,47.448,100.0,0.0,100.0,975.533,214.05,1560.039,1578.322,1553.311,52.406,62.887,72.26,62.876,50.425,1.5,2.373,0.296,69.631,55.705,62.844
0,46.038,100.0,0.0,100.0,975.057,214.151,1558.591,1577.984,1551.869,57.522,62.912,72.249,62.898,55.541,1.501,2.373,0.296,69.631,55.705,62.87
0,46.237,100.0,0.0,100.0,974.367,214.297,1556.491,1577.493,1549.775,53.168,62.9,72.241,62.905,51.185,1.502,2.372,0.296,69.631,55.705,62.857
0,47.023,100.0,0.0,100.0,972.853,214.625,1551.868,1576.393,1545.169,55.991,62.818,72.239,62.867,54.006,1.505,2.371,0.297,69.631,55.705,62.775
0,45.437,100.0,0.0,100.0,971.547,214.906,1547.864,1575.446,1541.181,55.839,62.71,72.225,62.783,53.851,1.507,2.37,0.298,69.631,55.705,62.667
0,47.379,100.0,0.0,100.0,969.76,215.294,1542.369,1574.135,1535.707,52.359,62.615,72.225,62.685,50.369,1.51,2.369,0.298,69.631,55.705,62.571
0,45.932,100.0,0.0,100.0,967.91,215.696,1536.656,1572.771,1530.016,57.277,62.627,72.215,62.638,55.283,1.514,2.367,0.299,69.631,55.705,62.583
0,46.185,100.0,0.0,100.0,966.27,216.053,1531.571,1571.555,1524.95,53.156,62.502,72.209,62.579,51.159,1.516,2.366,0.3,69.631,55.705,62.457
0,46.854,100.0,0.0,100.0,964.326,216.479,1525.52,1570.1,1518.922,55.873,62.401,72.209,62.474,53.872,1.52,2.364,0.301,69.631,55.705,62.356
0,45.367,100.0,0.0,100.0,962.925,216.786,1521.142,1569.045,1514.561,55.601,62.36,72.198,62.401,53.597,1.522,2.363,0.302,69.631,55.705,62.315
0,47.154,100.0,0.0,100.0,961.372,217.131,1516.273,1567.857,1509.71,52.594,62.327,72.198,62.357,50.587,1.525,2.362,0.302,69.631,55.705,62.282
0,45.844,100.0,0.0,100.0,960.189,217.391,1512.555,1566.961,1506.006,57.019,62.257,72.191,62.305,55.009,1.527,2.361,0.303,69.631,55.705,62.212
0,46.085,100.0,0.0,100.0,959.338,217.584,1509.872,1566.293,1503.334,53.203,62.232,72.186,62.257,51.191,1.528,2.36,0.303,69.631,55.705,62.187
0,46.657,100.0,0.0,100.0,958.486,217.775,1507.181,1565.633,1500.653,55.837,62.233,72.186,62.239,53.823,1.529,2.359,0.304,69.631,55.705,62.187
0,45.329,100.0,0.0,100.0,958.268,217.824,1506.495,1565.462,1499.969,55.528,62.185,72.177,62.216,53.513,1.53,2.359,0.304,69.631,55.705,62.14
0,47.354,100.0,0.0,100.0,958.045,217.877,1505.789,1565.279,1499.267,53.383,62.13,72.182,62.169,51.367,1.53,2.359,0.304,69.631,55.705,62.085
0,45.825,100.0,0.0,100.0,958.583,217.759,1507.489,1565.687,1500.96,56.759,62.075,72.175,62.116,54.744,1.529,2.359,0.304,69.631,55.705,62.029
0,46.608,100.0,0.0,100.0,959.505,217.561,1510.399,1566.374,1503.858,52.981,62.068,72.175,62.08,50.968,1.528,2.36,0.303,69.631,55.705,62.022
0,46.611,100.0,0.0,100.0,960.542,217.333,1513.665,1567.162,1507.113,57.412,62.103,72.175,62.087,55.401,1.526,2.361,0.303,69.631,55.705,62.057
0,45.581,100.0,0.0,100.0,962.147,216.978,1518.706,1568.387,1512.134,55.276,62.076,72.167,62.089,53.268,1.523,2.362,0.302,69.631,55.705,62.03
0,47.351,100.0,0.0,100.0,963.339,216.719,1522.437,1569.276,1515.851,53.324,62.038,72.17,62.063,51.319,1.521,2.363,0.301,69.631,55.705,61.993
0,45.857,100.0,0.0,100.0,964.749,216.407,1526.839,1570.346,1520.237,56.738,62.003,72.161,62.029,54.735,1.519,2.365,0.301,69.631,55.705,61.956
0,46.61,100.0,0.0,100.0,966.101,216.107,1531.045,1571.372,1524.426,52.876,61.967,72.158,61.994,50.876,1.517,2.366,0.3,69.631,55.705,61.92
0,46.61,100.0,0.0,100.0,966.907,215.928,1533.548,1571.983,1526.92,57.369,61.929,72.156,61.956,55.371,1.515,2.366,0.3,69.631,55.705,61.883
0,45.594,100.0,0.0,100.0,967.766,215.74,1536.209,1572.622,1529.572,55.254,61.942,72.147,61.941,53.257,1.514,2.367,0.299,69.631,55.705,61.896
0,47.349,100.0,0.0,100.0,968.1,215.665,1537.244,1572.875,1530.602,53.259,61.929,72.148,61.938,51.264,1.513,2.367,0.299,69.631,55.705,61.883
0,45.847,100.0,0.0,100.0,968.315,215.615,1537.909,1573.044,1531.265,56.679,61.911,72.138,61.924,54.685,1.513,2.368,0.299,69.631,55.705,61.865
0,46.585,100.0,0.0,100.0,968.35,215.606,1538.018,1573.077,1531.372,52.843,61.876,72.134,61.899,50.849,1.513,2.368,0.299,69.631,55.705,61.83
0,46.581,100.0,0.0,100.0,967.887,215.703,1536.582,1572.747,1529.943,57.294,61.873,72.132,61.88,55.299,1.514,2.367,0.299,69.631,55.705,61.827
0,45.565,100.0,0.0,100.0,967.541,215.778,1535.512,1572.491,1528.877,55.189,61.843,72.122,61.863,53.194,1.514,2.367,0.299,69.631,55.705,61.796
0,47.28,100.0,0.0,100.0,966.676,215.97,1532.832,1571.838,1526.205,53.228,61.773,72.123,61.818,51.231,1.516,2.366,0.3,69.631,55.705,61.726
0,45.772,100.0,0.0,100.0,965.926,216.134,1530.501,1571.28,1523.885,56.534,61.75,72.114,61.773,54.536,1.517,2.366,0.3,69.631,55.705,61.703
0,46.511,100.0,0.0,100.0,965.149,216.302,1528.085,1570.705,1521.478,52.859,61.684,72.11,61.729,50.858,1.518,2.365,0.301,69.631,55.705,61.637
0,46.464,100.0,0.0,100.0,963.921,216.578,1524.255,1569.758,1517.662,57.08,61.645,72.108,61.678,55.078,1.52,2.364,0.301,69.631,55.705,61.598
0,45.497,100.0,0.0,100.0,963.144,216.75,1521.828,1569.17,1515.246,55.057,61.56,72.1,61.617,53.053,1.522,2.363,0.301,69.631,55.705,61.512
0,47.075,100.0,0.0,100.0,962.114,216.977,1518.602,1568.391,1512.03,53.368,61.532,72.101,61.56,51.361,1.523,2.362,0.302,69.631,55.705,61.484
0,45.699,100.0,0.0,100.0,961.245,217.17,1515.874,1567.724,1509.313,56.355,61.535,72.093,61.542,54.347,1.525,2.362,0.302,69.631,55.705,61.487
0,46.394,100.0,0.0,100.0,960.567,217.32,1513.743,1567.208,1507.19,52.957,61.444,72.091,61.502,50.947,1.526,2.361,0.303,69.631,55.705,61.395
0,46.314,100.0,0.0,100.0,959.726,217.508,1511.096,1566.558,1504.552,56.83,61.236,72.089,61.371,54.819,1.527,2.36,0.303,69.631,55.705,61.187
0,45.412,100.0,0.0,100.0,959.287,217.607,1509.714,1566.217,1503.176,54.899,61.065,72.081,61.194,52.886,1.528,2.36,0.303,69.631,55.705,61.015
0,46.774,100.0,0.0,100.0,958.535,217.778,1507.336,1565.62,1500.808,54.963,60.95,72.084,61.047,52.949,1.529,2.359,0.304,69.631,55.705,60.899
0,45.238,100.0,0.0,100.0,958.255,217.844,1506.454,1565.392,1499.93,55.417,60.927,72.073,60.965,53.402,1.53,2.359,0.304,69.631,55.705,60.876
0,46.818,100.0,0.0,100.0,957.818,217.938,1505.071,1565.066,1498.55,54.809,60.812,72.078,60.89,52.793,1.53,2.359,0.304,69.631,55.705,60.761
0,45.129,100.0,0.0,100.0,957.734,217.963,1504.804,1564.98,1498.284,55.294,60.764,72.067,60.808,53.278,1.531,2.359,0.304,69.631,55.705,60.713
0,46.665,100.0,0.0,100.0,957.316,218.055,1503.482,1564.659,1496.968,54.857,60.73,72.07,60.761,52.84,1.531,2.358,0.304,69.631,55.705,60.679
0,45.134,100.0,0.0,100.0,957.36,218.045,1503.619,1564.695,1497.105,55.269,60.699,72.06,60.727,53.252,1.531,2.358,0.304,69.631,55.705,60.648
0,46.566,100.0,0.0,100.0,956.927,218.144,1502.25,1564.351,1495.74,56.479,60.524,72.064,60.637,54.461,1.532,2.358,0.304,69.631,55.705,60.472
0,45.558,100.0,0.0,100.0,957.4,218.038,1503.748,1564.717,1497.234,55.253,60.23,72.059,60.43,53.236,1.531,2.358,0.304,69.631,55.705,60.176
0,46.573,100.0,0.0,100.0,957.81,217.948,1505.045,1565.032,1498.526,56.201,59.871,72.062,60.126,54.184,1.53,2.359,0.304,69.631,55.705,59.816
0,45.414,100.0,0.0,100.0,958.734,217.742,1507.964,1565.749,1501.435,54.885,59.612,72.055,59.818,52.87,1.529,2.359,0.303,69.631,55.705,59.556
0,46.25,100.0,0.0,100.0,958.979,217.69,1508.741,1565.928,1502.206,55.78,59.659,72.054,59.682,53.766,1.529,2.36,0.303,69.631,55.705,59.604
0,46.661,100.0,0.0,100.0,959.821,217.5,1511.396,1566.585,1504.853,52.602,59.556,72.054,59.626,50.59,1.527,2.36,0.303,69.631,55.705,59.5
0,45.422,100.0,0.0,100.0,960.293,217.394,1512.88,1566.953,1506.331,55.28,59.586,72.044,59.581,53.269,1.526,2.361,0.303,69.631,55.705,59.53
0,46.269,100.0,0.0,100.0,960.083,217.44,1512.222,1566.792,1505.675,55.655,59.627,72.044,59.604,53.644,1.527,2.361,0.303,69.631,55.705,59.571
0,46.566,100.0,0.0,100.0,960.402,217.37,1513.223,1567.035,1506.673,55.678,59.695,72.047,59.65,53.667,1.526,2.361,0.303,69.631,55.705,59.64
0,45.744,100.0,0.0,100.0,961.413,217.142,1516.404,1567.82,1509.841,53.497,59.75,72.041,59.714,51.488,1.525,2.362,0.302,69.631,55.705,59.694
0,45.785,100.0,0.0,100.0,961.249,217.185,1515.888,1567.672,1509.328,55.563,59.413,72.034,59.603,53.554,1.525,2.362,0.302,69.631,55.705,59.356
0,46.415,100.0,0.0,100.0,960.927,217.259,1514.876,1567.419,1508.318,55.541,59.165,72.035,59.345,53.531,1.525,2.361,0.303,69.631,55.705,59.107
0,46.508,100.0,0.0,100.0,961.208,217.196,1515.758,1567.636,1509.198,55.475,59.115,72.037,59.187,53.466,1.525,2.362,0.302,69.631,55.705,59.057
0,46.587,100.0,0.0,100.0,962.041,217.008,1518.373,1568.283,1511.803,55.54,59.036,72.038,59.103,53.532,1.523,2.362,0.302,69.631,55.705,58.978
0,45.466,100.0,0.0,100.0,962.981,216.797,1521.318,1569.01,1514.737,54.136,58.914,72.029,59.002,52.13,1.522,2.363,0.302,69.631,55.705,58.856
0,45.967,100.0,0.0,100.0,962.471,216.915,1519.72,1568.602,1513.144,55.459,58.755,72.022,58.868,53.453,1.523,2.363,0.302,69.631,55.705,58.696
0,46.429,100.0,0.0,100.0,961.683,217.096,1517.25,1567.979,1510.684,55.45,58.621,72.023,58.723,53.443,1.524,2.362,0.302,69.631,55.705,58.561
0,46.511,100.0,0.0,100.0,961.337,217.177,1516.164,1567.701,1509.603,55.368,58.602,72.024,58.634,53.359,1.525,2.362,0.302,69.631,55.705,58.542
0,46.531,100.0,0.0,100.0,961.41,217.164,1516.395,1567.746,1509.832,55.364,58.747,72.024,58.67,53.355,1.525,2.362,0.302,69.631,55.705,58.688
0,46.61,100.0,0.0,100.0,961.803,217.078,1517.627,1568.04,1511.06,55.464,58.931,72.025,58.809,53.456,1.524,2.362,0.302,69.631,55.705,58.872
0,45.442,100.0,0.0,100.0,961.968,217.045,1518.144,1568.155,1511.574,54.682,59.033,72.013,58.947,52.675,1.524,2.362,0.302,69.631,55.705,58.975
0,46.256,100.0,0.0,100.0,960.869,217.3,1514.691,1567.278,1508.135,55.664,59.054,72.01,59.02,53.655,1.525,2.361,0.303,69.631,55.705,58.996
0,46.423,100.0,0.0,100.0,959.986,217.504,1511.916,1566.571,1505.37,53.2,59.154,72.008,59.087,51.189,1.527,2.361,0.303,69.631,55.705,59.096
0,45.874,100.0,0.0,100.0,958.617,217.821,1507.597,1565.474,1501.069,55.62,59.163,72.002,59.142,53.607,1.529,2.359,0.304,69.631,55.705,59.105
0,46.657,100.0,0.0,100.0,957.272,218.132,1503.343,1564.394,1496.829,54.407,59.296,72.005,59.213,52.391,1.531,2.358,0.304,69.631,55.705,59.239
0,45.62,100.0,0.0,100.0,956.264,218.368,1500.147,1563.572,1493.645,55.34,59.251,71.998,59.262,53.321,1.533,2.357,0.305,69.631,55.705,59.194
0,46.553,100.0,0.0,100.0,955.06,218.649,1496.319,1562.59,1489.831,55.949,59.158,72.002,59.213,53.928,1.535,2.356,0.305,69.631,55.705,59.1
0,45.603,100.0,0.0,100.0,954.457,218.794,1494.398,1562.081,1487.918,54.983,59.099,71.997,59.145,52.96,1.536,2.356,0.306,69.631,55.705,59.041
0,46.4,100.0,0.0,100.0,953.58,219.002,1491.604,1561.351,1485.136,55.859,59.077,71.999,59.101,53.835,1.537,2.355,0.306,69.631,55.705,59.019
0,45.988,100.0,0.0,100.0,953.455,219.04,1491.202,1561.219,1484.734,53.892,59.073,71.998,59.081,51.866,1.537,2.355,0.306,69.631,55.705,59.015
0,46.072,100.0,0.0,100.0,953.023,219.147,1489.822,1560.84,1483.361,55.768,59.142,71.997,59.105,53.742,1.538,2.354,0.306,69.631,55.705,59.084
0,46.747,100.0,0.0,100.0,953.011,219.16,1489.784,1560.798,1483.323,53.122,59.097,72.0,59.114,51.096,1.538,2.354,0.306,69.631,55.705,59.039
0,45.789,100.0,0.0,100.0,953.127,219.143,1490.155,1560.856,1483.692,55.599,59.227,71.997,59.156,53.573,1.538,2.354,0.306,69.631,55.705,59.17
0,46.672,100.0,0.0,100.0,953.23,219.129,1490.486,1560.905,1484.021,54.565,59.06,72.001,59.142,52.539,1.538,2.354,0.306,69.631,55.705,59.001
0,45.698,100.0,0.0,100.0,953.654,219.042,1491.838,1561.21,1485.368,55.384,59.183,71.997,59.125,53.358,1.537,2.355,0.306,69.631,55.705,59.125
0,46.587,100.0,0.0,100.0,953.838,219.009,1492.425,1561.326,1485.954,55.992,59.127,72.002,59.153,53.967,1.537,2.355,0.306,69.631,55.705,59.069
0,45.67,100.0,0.0,100.0,954.461,218.876,1494.412,1561.794,1487.934,55.088,59.063,71.997,59.103,53.064,1.536,2.356,0.306,69.631,55.705,59.005
0,46.509,100.0,0.0,100.0,954.67,218.836,1495.076,1561.935,1488.596,55.988,59.047,72.001,59.068,53.965,1.535,2.356,0.306,69.631,55.705,58.988
0,45.701,100.0,0.0,100.0,955.139,218.736,1496.57,1562.285,1490.083,55.093,58.898,71.997,58.991,53.071,1.535,2.356,0.306,69.631,55.705,58.839
0,46.487,100.0,0.0,100.0,955.157,218.737,1496.628,1562.282,1490.141,55.902,58.823,72.0,58.884,53.88,1.535,2.356,0.306,69.631,55.705,58.764
0,45.745,100.0,0.0,100.0,955.556,218.651,1497.896,1562.583,1491.403,54.549,58.943,71.997,58.884,52.528,1.534,2.357,0.305,69.631,55.705,58.884
0,46.308,100.0,0.0,100.0,955.367,218.697,1497.297,1562.422,1490.806,55.901,59.197,71.997,59.04,53.88,1.534,2.356,0.305,69.631,55.705,59.139
0,46.095,100.0,0.0,100.0,955.549,218.657,1497.876,1562.56,1491.384,54.169,59.159,71.997,59.147,52.148,1.534,2.357,0.305,69.631,55.705,59.101
0,46.306,100.0,0.0,100.0,955.413,218.69,1497.443,1562.445,1490.952,56.027,59.195,71.998,59.166,54.006,1.534,2.356,0.305,69.631,55.705,59.137
0,46.152,100.0,0.0,100.0,955.68,218.631,1498.292,1562.653,1491.797,54.152,59.184,71.998,59.184,52.131,1.534,2.357,0.305,69.631,55.705,59.126
0,46.343,100.0,0.0,100.0,955.659,218.636,1498.225,1562.634,1491.732,56.064,59.264,71.999,59.217,54.043,1.534,2.357,0.305,69.631,55.705,59.207
0,45.911,100.0,0.0,100.0,955.899,218.582,1498.985,1562.822,1492.489,54.857,59.249,71.997,59.252,52.837,1.533,2.357,0.305,69.631,55.705,59.192
0,46.605,100.0,0.0,100.0,955.882,218.586,1498.934,1562.81,1492.438,56.181,59.081,72.001,59.18,54.16,1.533,2.357,0.305,69.631,55.705,59.023
0,45.419,100.0,0.0,100.0,956.095,218.537,1499.608,1562.979,1493.11,54.558,58.961,71.993,59.051,52.538,1.533,2.357,0.305,69.631,55.705,58.902
0,46.35,100.0,0.0,100.0,955.308,218.715,1497.107,1562.357,1490.618,56.045,58.9,71.994,58.956,54.024,1.534,2.356,0.306,69.631,55.705,58.841
0,45.866,100.0,0.0,100.0,954.867,218.813,1495.706,1562.014,1489.222,54.753,58.928,71.993,58.925,52.731,1.535,2.356,0.306,69.631,55.705,58.869
0,46.465,100.0,0.0,100.0,954.216,218.96,1493.631,1561.5,1487.154,56.019,58.933,71.995,58.931,53.995,1.536,2.355,0.306,69.631,55.705,58.874
0,45.865,100.0,0.0,100.0,954.096,218.985,1493.249,1561.41,1486.776,54.72,58.946,71.994,58.937,52.696,1.536,2.355,0.306,69.631,55.705,58.888
0,46.476,100.0,0.0,100.0,953.732,219.067,1492.088,1561.124,1485.616,56.036,59.009,71.997,58.968,54.011,1.537,2.355,0.306,69.631,55.705,58.95
0,45.685,100.0,0.0,100.0,953.854,219.039,1492.476,1561.224,1486.005,53.921,59.183,71.993,59.072,51.896,1.537,2.355,0.306,69.631,55.705,59.125
0,46.193,100.0,0.0,100.0,953.2,219.187,1490.389,1560.703,1483.925,56.122,59.216,71.993,59.171,54.096,1.538,2.354,0.306,69.631,55.705,59.159
0,46.223,100.0,0.0,100.0,953.019,219.227,1489.81,1560.56,1483.347,53.241,59.346,71.993,59.256,51.214,1.538,2.354,0.307,69.631,55.705,59.289
0,46.029,100.0,0.0,100.0,952.46,219.355,1488.022,1560.112,1481.566,56.151,59.414,71.992,59.355,54.123,1.539,2.354,0.307,69.631,55.705,59.357
0,46.262,100.0,0.0,100.0,952.286,219.395,1487.466,1559.971,1481.014,53.396,59.418,71.993,59.401,51.368,1.539,2.353,0.307,69.631,55.705,59.361
0,46.113,100.0,0.0,100.0,951.909,219.481,1486.258,1559.664,1479.812,56.244,59.418,71.993,59.413,54.215,1.54,2.353,0.307,69.631,55.705,59.361
0,46.291,100.0,0.0,100.0,952.069,219.446,1486.771,1559.788,1480.322,53.343,59.383,71.995,59.401,51.315,1.54,2.353,0.307,69.631,55.705,59.326
0,46.101,100.0,0.0,100.0,952.008,219.462,1486.575,1559.731,1480.127,56.203,59.441,71.994,59.409,54.174,1.54,2.353,0.307,69.631,55.705,59.384
0,46.213,100.0,0.0,100.0,952.386,219.379,1487.786,1560.027,1481.332,53.128,59.532,71.995,59.473,51.1,1.539,2.354,0.307,69.631,55.705,59.476
0,45.929,100.0,0.0,100.0,952.304,219.4,1487.524,1559.953,1481.072,56.017,59.573,71.993,59.535,53.989,1.539,2.354,0.307,69.631,55.705,59.517
0,46.581,100.0,0.0,100.0,952.492,219.359,1488.124,1560.097,1481.668,53.531,59.656,71.997,59.597,51.503,1.539,2.354,0.307,69.631,55.705,59.6
0,46.109,100.0,0.0,100.0,952.748,219.303,1488.944,1560.295,1482.487,56.026,59.734,71.997,59.676,53.998,1.538,2.354,0.307,69.631,55.705,59.678
0,46.106,100.0,0.0,100.0,953.341,219.17,1490.84,1560.763,1484.373,54.221,59.724,71.998,59.716,52.195,1.538,2.354,0.306,69.631,55.705,59.668
0,46.358,100.0,0.0,100.0,953.78,219.072,1492.242,1561.106,1485.771,56.182,59.753,72.0,59.732,54.157,1.537,2.355,0.306,69.631,55.705,59.698
0,45.823,100.0,0.0,100.0,954.619,218.883,1494.916,1561.769,1488.436,54.767,59.756,71.999,59.749,52.743,1.536,2.356,0.306,69.631,55.705,59.701
0,46.526,100.0,0.0,100.0,955.122,218.769,1496.517,1562.167,1490.03,56.198,59.804,72.002,59.773,54.176,1.535,2.356,0.306,69.631,55.705,59.749
0,45.716,100.0,0.0,100.0,955.867,218.601,1498.885,1562.757,1492.39,55.259,59.845,71.999,59.816,53.238,1.534,2.357,0.305,69.631,55.705,59.79
0,46.698,100.0,0.0,100.0,956.231,218.518,1500.041,1563.047,1493.541,54.678,59.814,72.002,59.825,52.658,1.533,2.357,0.305,69.631,55.705,59.76
0,45.778,100.0,0.0,100.0,956.676,218.416,1501.454,1563.403,1494.948,55.613,59.837,71.998,59.823,53.594,1.532,2.358,0.305,69.631,55.705,59.782
0,46.824,100.0,0.0,100.0,956.847,218.376,1501.996,1563.544,1495.488,53.138,59.971,72.001,59.889,51.12,1.532,2.358,0.305,69.631,55.705,59.917
0,45.952,100.0,0.0,100.0,956.919,218.358,1502.223,1563.607,1495.715,55.928,60.089,71.997,60.004,53.91,1.532,2.358,0.305,69.631,55.705,60.036
0,46.648,100.0,0.0,100.0,956.992,218.339,1502.454,1563.672,1495.945,52.224,60.083,71.998,60.066,50.206,1.532,2.358,0.305,69.631,55.705,60.029
0,45.627,100.0,0.0,100.0,956.415,218.468,1500.625,1563.223,1494.124,55.949,60.11,71.991,60.088,53.931,1.533,2.357,0.305,69.631,55.705,60.056
0,46.907,100.0,0.0,100.0,955.627,218.644,1498.123,1562.607,1491.63,53.041,60.145,71.996,60.118,51.02,1.534,2.357,0.305,69.631,55.705,60.091
0,45.31,100.0,0.0,100.0,954.799,218.83,1495.49,1561.956,1489.006,55.62,60.248,71.987,60.182,53.598,1.535,2.356,0.306,69.631,55.705,60.195
0,46.701,100.0,0.0,100.0,953.537,219.114,1491.463,1560.958,1484.996,54.757,60.247,71.993,60.235,52.732,1.537,2.355,0.306,69.631,55.705,60.194
0,45.742,100.0,0.0,100.0,952.925,219.252,1489.511,1560.474,1483.05,55.729,60.193,71.991,60.22,53.703,1.538,2.354,0.307,69.631,55.705,60.14
0,46.839,100.0,0.0,100.0,952.561,219.334,1488.346,1560.184,1481.89,53.117,60.186,71.995,60.195,51.09,1.539,2.354,0.307,69.631,55.705,60.132
0,45.9,100.0,0.0,100.0,952.529,219.342,1488.242,1560.156,1481.786,55.95,60.202,71.994,60.195,53.923,1.539,2.354,0.307,69.631,55.705,60.149
0,46.594,100.0,0.0,100.0,952.788,219.284,1489.071,1560.36,1482.612,53.386,60.237,71.997,60.215,51.359,1.538,2.354,0.307,69.631,55.705,60.184
0,46.117,100.0,0.0,100.0,953.061,219.224,1489.946,1560.571,1483.483,56.141,60.256,71.997,60.239,54.114,1.538,2.354,0.307,69.631,55.705,60.203
0,46.095,100.0,0.0,100.0,953.719,219.077,1492.044,1561.09,1485.574,54.08,60.308,71.998,60.274,52.054,1.537,2.355,0.306,69.631,55.705,60.255
0,46.355,100.0,0.0,100.0,954.166,218.977,1493.471,1561.439,1486.996,56.273,60.3,72.0,60.298,54.248,1.536,2.355,0.306,69.631,55.705,60.247
0,45.502,100.0,0.0,100.0,954.967,218.797,1496.025,1562.07,1489.539,53.671,60.246,71.996,60.276,51.648,1.535,2.356,0.306,69.631,55.705,60.193
0,46.085,100.0,0.0,100.0,954.675,218.865,1495.092,1561.831,1488.612,56.224,60.257,71.995,60.257,54.201,1.535,2.356,0.306,69.631,55.705,60.203
0,46.042,100.0,0.0,100.0,954.709,218.858,1495.203,1561.857,1488.721,54.014,60.243,71.995,60.252,51.992,1.535,2.356,0.306,69.631,55.705,60.19
0,46.254,100.0,0.0,100.0,954.516,218.903,1494.585,1561.701,1488.106,56.197,60.24,71.997,60.243,54.174,1.536,2.356,0.306,69.631,55.705,60.187
0,46.04,100.0,0.0,100.0,954.875,218.821,1495.729,1561.986,1489.245,53.919,60.257,71.997,60.248,51.896,1.535,2.356,0.306,69.631,55.705,60.204
0,46.235,100.0,0.0,100.0,954.894,218.817,1495.789,1561.998,1489.305,56.179,60.26,71.998,60.257,54.156,1.535,2.356,0.306,69.631,55.705,60.207
0,46.04,100.0,0.0,100.0,955.348,218.714,1497.236,1562.361,1490.746,53.906,60.244,71.998,60.253,51.884,1.534,2.356,0.306,69.631,55.705,60.191
0,46.236,100.0,0.0,100.0,955.39,218.704,1497.369,1562.394,1490.878,56.15,60.224,71.998,60.236,54.128,1.534,2.356,0.305,69.631,55.705,60.17
0,46.025,100.0,0.0,100.0,955.817,218.607,1498.728,1562.737,1492.234,53.876,60.25,71.998,60.236,51.855,1.534,2.357,0.305,69.631,55.705,60.197
0,46.228,100.0,0.0,100.0,955.783,218.614,1498.619,1562.713,1492.124,56.166,60.369,71.998,60.296,54.146,1.534,2.357,0.305,69.631,55.705,60.316
0,46.052,100.0,0.0,100.0,956.14,218.532,1499.751,1563.0,1493.253,53.942,60.453,71.998,60.39,51.922,1.533,2.357,0.305,69.631,55.705,60.4
0,46.303,100.0,0.0,100.0,956.108,218.538,1499.65,1562.977,1493.152,56.261,60.414,71.999,60.423,54.242,1.533,2.357,0.305,69.631,55.705,60.361
0,45.728,100.0,0.0,100.0,956.366,218.478,1500.47,1563.186,1493.969,54.685,60.304,71.997,60.367,52.666,1.533,2.357,0.305,69.631,55.705,60.252
0,46.504,100.0,0.0,100.0,956.19,218.516,1499.912,1563.052,1493.413,56.245,60.32,72.0,60.322,54.226,1.533,2.357,0.305,69.631,55.705,60.268
0,45.583,100.0,0.0,100.0,956.27,218.497,1500.164,1563.119,1493.663,55.172,60.45,71.995,60.38,53.152,1.533,2.357,0.305,69.631,55.705,60.398
0,46.626,100.0,0.0,100.0,955.925,218.574,1499.069,1562.852,1492.572,54.623,60.269,71.998,60.362,52.604,1.533,2.357,0.305,69.631,55.705,60.216
0,45.658,100.0,0.0,100.0,955.709,218.621,1498.383,1562.686,1491.889,55.552,60.185,71.993,60.248,53.532,1.534,2.357,0.305,69.631,55.705,60.132
0,46.714,100.0,0.0,100.0,955.278,218.717,1497.014,1562.35,1490.525,54.445,60.284,71.998,60.243,52.424,1.534,2.356,0.306,69.631,55.705,60.231
0,45.565,100.0,0.0,100.0,955.097,218.757,1496.438,1562.209,1489.951,55.479,60.254,71.992,60.267,53.458,1.535,2.356,0.306,69.631,55.705,60.201
0,46.66,100.0,0.0,100.0,954.609,218.867,1494.882,1561.826,1488.402,54.478,60.132,71.997,60.206,52.455,1.536,2.356,0.306,69.631,55.705,60.079
0,45.548,100.0,0.0,100.0,954.348,218.926,1494.052,1561.62,1487.575,55.408,60.015,71.991,60.098,53.385,1.536,2.355,0.306,69.631,55.705,59.961
0,46.565,100.0,0.0,100.0,953.769,219.057,1492.205,1561.16,1485.734,56.02,60.07,71.996,60.057,53.996,1.537,2.355,0.306,69.631,55.705,60.016
0,45.409,100.0,0.0,100.0,953.657,219.082,1491.846,1561.071,1485.377,54.916,60.068,71.991,60.07,52.892,1.537,2.355,0.306,69.631,55.705,60.014
0,46.348,100.0,0.0,100.0,952.982,219.235,1489.69,1560.53,1483.229,55.971,60.0,71.993,60.04,53.945,1.538,2.354,0.307,69.631,55.705,59.946
0,45.864,100.0,0.0,100.0,953.01,219.229,1489.782,1560.553,1483.321,53.635,59.941,71.993,59.984,51.609,1.538,2.354,0.307,69.631,55.705,59.886
0,45.918,100.0,0.0,100.0,952.504,219.346,1488.163,1560.143,1481.707,55.759,59.935,71.991,59.948,53.732,1.539,2.354,0.307,69.631,55.705,59.881
0,46.635,100.0,0.0,100.0,952.282,219.397,1487.453,1559.964,1481.001,54.221,59.943,71.997,59.946,52.193,1.539,2.353,0.307,69.631,55.705,59.889
0,45.348,100.0,0.0,100.0,952.315,219.391,1487.559,1559.983,1481.105,55.149,59.761,71.99,59.868,53.121,1.539,2.354,0.307,69.631,55.705,59.705
0,46.277,100.0,0.0,100.0,951.757,219.519,1485.773,1559.532,1479.326,55.743,59.751,71.993,59.778,53.714,1.54,2.353,0.307,69.631,55.705,59.696
0,46.627,100.0,0.0,100.0,951.983,219.469,1486.498,1559.708,1480.049,54.073,59.751,71.999,59.757,52.044,1.54,2.353,0.307,69.631,55.705,59.696
0,45.255,100.0,0.0,100.0,952.349,219.388,1487.668,1559.994,1481.216,55.026,59.933,71.991,59.828,52.997,1.539,2.354,0.307,69.631,55.705,59.879
0,46.2,100.0,0.0,100.0,951.923,219.486,1486.304,1559.647,1479.856,55.789,59.947,71.993,59.92,53.761,1.54,2.353,0.307,69.631,55.705,59.892
0,46.68,100.0,0.0,100.0,952.222,219.42,1487.262,1559.881,1480.809,54.305,59.824,72.0,59.886,52.277,1.539,2.353,0.307,69.631,55.705,59.768
0,45.449,100.0,0.0,100.0,952.84,219.281,1489.24,1560.368,1482.781,55.358,59.845,71.994,59.847,53.331,1.538,2.354,0.307,69.631,55.705,59.79
0,46.492,100.0,0.0,100.0,952.985,219.25,1489.701,1560.479,1483.24,56.074,59.721,71.999,59.797,54.047,1.538,2.354,0.307,69.631,55.705,59.665
0,45.604,100.0,0.0,100.0,953.761,219.075,1492.179,1561.095,1485.708,54.492,59.685,71.997,59.72,52.467,1.537,2.355,0.306,69.631,55.705,59.629
0,46.232,100.0,0.0,100.0,953.935,219.036,1492.733,1561.233,1486.262,55.983,59.685,71.998,59.695,53.958,1.537,2.355,0.306,69.631,55.705,59.63
0,45.958,100.0,0.0,100.0,954.497,218.908,1494.525,1561.681,1488.047,53.974,59.686,71.998,59.689,51.951,1.536,2.356,0.306,69.631,55.705,59.631
0,46.114,100.0,0.0,100.0,954.581,218.889,1494.796,1561.75,1488.316,55.977,59.672,71.997,59.682,53.953,1.536,2.356,0.306,69.631,55.705,59.616
0,46.513,100.0,0.0,100.0,954.99,218.794,1496.097,1562.079,1489.613,53.313,59.605,71.999,59.647,51.29,1.535,2.356,0.306,69.631,55.705,59.549
0,45.95,100.0,0.0,100.0,955.104,218.767,1496.459,1562.174,1489.972,55.891,59.558,71.997,59.591,53.868,1.535,2.356,0.306,69.631,55.705,59.502
0,46.809,100.0,0.0,100.0,955.324,218.715,1497.158,1562.357,1490.669,53.045,59.69,72.001,59.623,51.023,1.534,2.356,0.306,69.631,55.705,59.635
0,45.803,100.0,0.0,100.0,955.509,218.671,1497.746,1562.512,1491.255,55.786,59.613,71.997,59.647,53.764,1.534,2.357,0.305,69.631,55.705,59.557
0,46.797,100.0,0.0,100.0,955.58,218.652,1497.973,1562.579,1491.482,53.18,59.536,72.0,59.588,51.159,1.534,2.357,0.305,69.631,55.705,59.48
0,45.867,100.0,0.0,100.0,955.62,218.64,1498.1,1562.62,1491.607,55.771,59.365,71.997,59.477,53.75,1.534,2.357,0.305,69.631,55.705,59.308
0,46.781,100.0,0.0,100.0,955.577,218.647,1497.964,1562.597,1491.472,53.138,59.314,72.0,59.37,51.117,1.534,2.357,0.305,69.631,55.705,59.257
0,45.822,100.0,0.0,100.0,955.433,218.676,1497.505,1562.493,1491.014,55.665,59.179,71.995,59.272,53.644,1.534,2.356,0.305,69.631,55.705,59.122
0,46.699,100.0,0.0,100.0,955.107,218.747,1496.468,1562.246,1489.981,54.483,59.209,71.999,59.21,52.461,1.535,2.356,0.306,69.631,55.705,59.151
0,45.642,100.0,0.0,100.0,954.931,218.784,1495.91,1562.118,1489.425,55.373,59.27,71.994,59.238,53.351,1.535,2.356,0.306,69.631,55.705,59.212
0,46.581,100.0,0.0,100.0,954.346,218.914,1494.046,1561.662,1487.568,56.009,59.245,71.998,59.254,53.986,1.536,2.355,0.306,69.631,55.705,59.188
0,45.643,100.0,0.0,100.0,954.156,218.954,1493.441,1561.52,1486.966,55.086,59.177,71.993,59.219,53.062,1.536,2.355,0.306,69.631,55.705,59.12
0,46.505,100.0,0.0,100.0,953.554,219.089,1491.521,1561.046,1485.053,55.993,59.052,71.996,59.134,53.968,1.537,2.355,0.306,69.631,55.705,58.994
0,45.657,100.0,0.0,100.0,953.284,219.149,1490.657,1560.837,1484.192,55.044,59.051,71.992,59.068,53.018,1.538,2.354,0.306,69.631,55.705,58.993
0,46.45,100.0,0.0,100.0,952.645,219.293,1488.613,1560.33,1482.158,55.917,59.119,71.995,59.084,53.89,1.539,2.354,0.307,69.631,55.705,59.061
0,45.737,100.0,0.0,100.0,952.539,219.316,1488.274,1560.247,1481.818,54.607,59.226,71.993,59.156,52.58,1.539,2.354,0.307,69.631,55.705,59.168
0,46.355,100.0,0.0,100.0,952.08,219.42,1486.808,1559.879,1480.357,55.993,59.272,71.995,59.23,53.965,1.539,2.353,0.307,69.631,55.705,59.214
0,45.798,100.0,0.0,100.0,952.084,219.42,1486.82,1559.881,1480.371,54.726,59.278,71.993,59.266,52.697,1.539,2.353,0.307,69.631,55.705,59.221
0,46.444,100.0,0.0,100.0,951.869,219.47,1486.132,1559.705,1479.683,56.069,59.166,71.996,59.23,54.04,1.54,2.353,0.307,69.631,55.705,59.108
0,45.811,100.0,0.0,100.0,952.194,219.398,1487.174,1559.96,1480.721,54.656,59.052,71.995,59.132,52.628,1.539,2.353,0.307,69.631,55.705,58.994
0,46.404,100.0,0.0,100.0,952.181,219.402,1487.13,1559.944,1480.679,55.964,58.974,71.997,59.038,53.935,1.539,2.353,0.307,69.631,55.705,58.915
0,45.792,100.0,0.0,100.0,952.534,219.324,1488.26,1560.221,1481.804,54.628,58.984,71.995,58.994,52.6,1.539,2.354,0.307,69.631,55.705,58.926
0,46.373,100.0,0.0,100.0,952.459,219.342,1488.018,1560.156,1481.563,55.925,58.958,71.996,58.978,53.897,1.539,2.354,0.307,69.631,55.705,58.899
0,45.795,100.0,0.0,100.0,952.688,219.292,1488.752,1560.333,1482.295,54.646,58.886,71.994,58.932,52.619,1.539,2.354,0.307,69.631,55.705,58.827
0,46.366,100.0,0.0,100.0,952.489,219.338,1488.115,1560.17,1481.66,55.895,58.894,71.996,58.899,53.867,1.539,2.354,0.307,69.631,55.705,58.835
0,46.073,100.0,0.0,100.0,952.734,219.283,1488.898,1560.363,1482.441,54.034,58.895,71.995,58.896,52.006,1.538,2.354,0.307,69.631,55.705,58.836
0,46.195,100.0,0.0,100.0,952.574,219.321,1488.386,1560.231,1481.931,55.858,58.958,71.995,58.92,53.831,1.539,2.354,0.307,69.631,55.705,58.9
0,46.564,100.0,0.0,100.0,952.732,219.285,1488.893,1560.356,1482.434,53.487,59.033,71.996,58.982,51.46,1.538,2.354,0.307,69.631,55.705,58.975
0,46.077,100.0,0.0,100.0,952.705,219.292,1488.807,1560.332,1482.349,55.842,59.058,71.995,59.032,53.814,1.539,2.354,0.307,69.631,55.705,59.0
0,46.583,100.0,0.0,100.0,952.84,219.262,1489.238,1560.439,1482.779,53.587,59.045,71.997,59.047,51.56,1.538,2.354,0.307,69.631,55.705,58.986
0,46.149,100.0,0.0,100.0,952.829,219.265,1489.201,1560.428,1482.742,55.905,58.988,71.995,59.019,53.878,1.538,2.354,0.307,69.631,55.705,58.929
0,46.15,100.0,0.0,100.0,952.965,219.234,1489.638,1560.536,1483.177,54.239,59.094,71.995,59.037,52.213,1.538,2.354,0.307,69.631,55.705,59.036
0,46.356,100.0,0.0,100.0,952.853,219.26,1489.28,1560.446,1482.821,56.027,59.175,71.996,59.116,54.0,1.538,2.354,0.307,69.631,55.705,59.118
0,45.921,100.0,0.0,100.0,953.057,219.213,1489.933,1560.61,1483.471,54.859,59.27,71.995,59.203,52.833,1.538,2.354,0.307,69.631,55.705,59.213
0,46.619,100.0,0.0,100.0,953.063,219.212,1489.953,1560.613,1483.49,56.219,59.137,71.999,59.203,54.193,1.538,2.354,0.307,69.631,55.705,59.079
0,45.475,100.0,0.0,100.0,953.38,219.141,1490.961,1560.865,1484.497,54.624,58.973,71.993,59.084,52.598,1.537,2.355,0.306,69.631,55.705,58.915
0,46.419,100.0,0.0,100.0,952.815,219.269,1489.159,1560.414,1482.7,56.094,58.749,71.994,58.909,54.067,1.538,2.354,0.307,69.631,55.705,58.689
0,45.886,100.0,0.0,100.0,952.913,219.246,1489.472,1560.493,1483.011,54.675,58.496,71.999,58.682,52.648,1.538,2.354,0.307,69.631,55.705,58.435
0,46.402,100.0,0.0,100.0,951.498,219.567,1484.94,1559.362,1478.499,55.807,58.31,71.925,58.464,53.779,1.54,2.353,0.307,69.631,55.705,58.248
0,46.046,100.0,0.0,100.0,923.213,221.402,1421.221,1538.038,1415.024,53.827,58.093,71.757,58.26,51.78,1.553,2.317,0.314,69.372,55.498,58.031
0,5.744,60.0,40.0,60.0,343.475,64.241,1079.836,915.837,700.281,51.933,62.896,71.639,59.096,50.564,0.623,1.188,0.153,0.0,0.0,57.994
0,0.0,12.0,88.0,12.0,67.198,1.25,547.483,508.594,26.4,54.117,70.983,71.556,63.985,53.472,0.147,0.407,0.007,0.0,0.0,57.884
0,0.0,0.0,100.0,0.0,1.1,0.0,71.331,44.931,26.4,55.286,66.436,71.527,66.01,55.089,0.023,0.042,-0.002,0.0,0.0,57.758
0,0.0,0.0,100.0,0.0,0.0,0.0,8.571,-17.828,26.4,55.275,57.585,58.346,65.96,55.247,0.009,0.0,0.001,0.0,0.0,57.585
0,0.0,0.0,100.0,0.0,0.0,0.0,8.571,-17.828,26.4,55.29,57.351,58.342,65.884,55.286,0.009,0.0,0.001,0.0,0.0,57.351
0,0.0,0.0,100.0,0.0,0.0,0.0,8.571,-17.828,26.4,55.326,57.246,58.338,65.807,55.325,0.009,0.0,0.001,0.0,0.0,57.246
0,0.0,0.0,100.0,0.0,0.0,0.0,8.571,-17.828,26.4,55.364,57.127,58.334,65.73,55.364,0.009,0.0,0.001,0.0,0.0,57.127
0,0.0,0.0,100.0,0.0,0.0,0.0,8.571,-17.828,26.4,55.402,57.0,58.33,65.653,55.402,0.009,0.0,0.001,0.0,0.0,57.0
0,0.0,0.0,100.0,0.0,0.0,0.0,8.571,-17.828,26.4,55.439,56.874,58.325,65.575,55.439,0.009,0.0,0.001,0.0,0.0,56.874
0,0.0,0.0,100.0,0.0,0.0,0.0,8.571,-17.828,26.4,55.476,56.733,58.32,65.496,55.476,0.009,0.0,0.001,0.0,0.0,56.733
0,0.0,0.0,100.0,0.0,0.0,0.0,8.571,-17.828,26.4,55.513,56.573,58.314,65.418,55.513,0.009,0.0,0.001,0.0,0.0,56.573
0,0.0,0.0,100.0,0.0,0.0,0.0,8.571,-17.828,26.4,55.549,56.41,58.309,65.338,55.549,0.009,0.0,0.001,0.0,0.0,56.41
0,0.0,0.0,100.0,0.0,0.0,0.0,8.571,-17.828,26.4,55.585,56.264,58.303,65.257,55.585,0.009,0.0,0.001,0.0,0.0,56.264
0,0.0,0.0,100.0,0.0,0.0,0.0,8.571,-17.828,26.4,55.621,56.104,58.297,65.176,55.621,0.009,0.0,0.001,0.0,0.0,56.104
0,0.0,0.0,100.0,0.0,0.0,0.0,8.571,-17.828,26.4,55.655,55.957,58.291,65.095,55.655,0.009,0.0,0.001,0.0,0.0,55.957
0,0.0,0.0,100.0,0.0,0.0,0.0,8.571,-17.828,26.4,55.69,55.826,58.285,65.012,55.69,0.009,0.0,0.001,0.0,0.0,55.826
0,0.0,0.0,100.0,0.0,0.0,0.0,8.571,-17.828,26.4,55.724,55.782,58.279,64.93,55.724,0.009,0.0,0.001,0.0,0.0,55.782
0,0.0,0.0,100.0,0.0,0.0,0.0,8.571,-17.828,26.4,55.758,55.7,58.272,64.848,55.758,0.009,0.0,0.001,0.0,0.0,55.7
0,0.0,0.0,100.0,0.0,0.0,0.0,8.571,-17.828,26.4,55.791,55.624,58.266,64.765,55.791,0.009,0.0,0.001,0.0,0.0,55.624
0,0.0,0.0,100.0,0.0,0.0,0.0,8.571,-17.828,26.4,55.824,55.569,58.26,64.683,55.824,0.009,0.0,0.001,0.0,0.0,55.569
0,0.0,0.0,100.0,0.0,0.0,0.0,8.571,-17.828,26.4,55.856,55.498,58.254,64.601,55.856,0.009,0.0,0.001,0.0,0.0,55.498
0,0.0,0.0,100.0,0.0,0.0,0.0,8.571,-17.828,26.4,55.888,55.458,58.248,64.52,55.888,0.009,0.0,0.001,0.0,0.0,55.458
0,0.0,0.0,100.0,0.0,0.0,0.0,8.571,-17.828,26.4,55.92,55.422,58.241,64.439,55.92,0.009,0.0,0.001,0.0,0.0,55.422
0,0.0,0.0,100.0,0.0,0.0,0.0,8.571,-17.828,26.4,55.951,55.388,58.235,64.358,55.951,0.009,0.0,0.001,0.0,0.0,55.388
0,0.0,0.0,100.0,0.0,0.0,0.0,8.571,-17.828,26.4,55.982,55.304,58.229,64.277,55.982,0.009,0.0,0.001,0.0,0.0,55.304
0,0.0,0.0,100.0,0.0,0.0,0.0,8.571,-17.828,26.4,56.012,55.229,58.223,64.196,56.012,0.009,0.0,0.001,0.0,0.0,55.229
0,0.0,0.0,100.0,0.0,0.0,0.0,8.571,-17.828,26.4,56.042,55.16,58.217,64.116,56.042,0.009,0.0,0.001,0.0,0.0,55.16
0,0.0,0.0,100.0,0.0,0.0,0.0,8.571,-17.828,26.4,56.072,55.024,58.211,64.035,56.072,0.009,0.0,0.001,0.0,0.0,55.024
0,0.0,0.0,100.0,0.0,0.0,0.0,8.571,-17.828,26.4,56.101,54.861,58.205,63.954,56.101,0.009,0.0,0.001,0.0,0.0,54.861
0,0.0,0.0,100.0,0.0,0.0,0.0,8.571,-17.828,26.4,56.13,54.733,58.199,63.872,56.13,0.009,0.0,0.001,0.0,0.0,54.733
0,0.0,0.0,100.0,0.0,0.0,0.0,8.571,-17.828,26.4,56.158,54.56,58.193,63.79,56.158,0.009,0.0,0.001,0.0,0.0,54.56
0,0.0,0.0,100.0,0.0,0.0,0.0,8.571,-17.828,26.4,56.186,54.378,58.187,63.706,56.186,0.009,0.0,0.001,0.0,0.0,54.378
0,0.0,0.0,100.0,0.0,0.0,0.0,8.571,-17.828,26.4,56.213,54.213,58.18,63.622,56.213,0.009,0.0,0.001,0.0,0.0,54.213
0,0.0,0.0,100.0,0.0,0.0,0.0,8.571,-17.828,26.4,56.241,54.082,58.174,63.538,56.241,0.009,0.0,0.001,0.0,0.0,54.082
0,0.0,0.0,100.0,0.0,0.0,0.0,8.571,-17.828,26.4,56.267,53.973,58.168,63.452,56.267,0.009,0.0,0.001,0.0,0.0,53.973
0,0.0,0.0,100.0,0.0,0.0,0.0,8.571,-17.828,26.4,56.294,53.882,58.162,63.367,56.294,0.009,0.0,0.001,0.0,0.0,53.882
0,0.0,0.0,100.0,0.0,0.0,0.0,8.571,-17.828,26.4,56.319,53.759,58.156,63.282,56.319,0.009,0.0,0.001,0.0,0.0,53.759
0,0.0,0.0,100.0,0.0,0.0,0.0,8.571,-17.828,26.4,56.345,53.665,58.15,63.196,56.345,0.009,0.0,0.001,0.0,0.0,53.665
0,0.0,0.0,100.0,0.0,0.0,0.0,8.571,-17.828,26.4,56.37,53.559,58.144,63.111,56.37,0.009,0.0,0.001,0.0,0.0,53.559
0,0.0,0.0,100.0,0.0,0.0,0.0,8.571,-17.828,26.4,56.395,53.466,58.138,63.025,56.395,0.009,0.0,0.001,0.0,0.0,53.466
0,0.0,0.0,100.0,0.0,0.0,0.0,8.571,-17.828,26.4,56.419,53.407,58.132,62.939,56.419,0.009,0.0,0.001,0.0,0.0,53.407
0,0.0,0.0,100.0,0.0,0.0,0.0,8.571,-17.828,26.4,56.443,53.371,58.126,62.853,56.443,0.009,0.0,0.001,0.0,0.0,53.371
0,0.0,0.0,100.0,0.0,0.0,0.0,8.571,-17.828,26.4,56.466,53.305,58.121,62.768,56.466,0.009,0.0,0.001,0.0,0.0,53.305
0,0.0,0.0,100.0,0.0,0.0,0.0,8.571,-17.828,26.4,56.489,53.198,58.115,62.683,56.489,0.009,0.0,0.001,0.0,0.0,53.198
0,0.0,0.0,100.0,0.0,0.0,0.0,8.571,-17.828,26.4,56.512,53.138,58.109,62.598,56.512,0.009,0.0,0.001,0.0,0.0,53.138
0,0.0,0.0,100.0,0.0,0.0,0.0,8.571,-17.828,26.4,56.534,53.088,58.103,62.513,56.534,0.009,0.0,0.001,0.0,0.0,53.088
0,0.0,0.0,100.0,0.0,0.0,0.0,8.571,-17.828,26.4,56.556,52.952,58.097,62.428,56.556,0.009,0.0,0.001,0.0,0.0,52.952
0,0.0,0.0,100.0,0.0,0.0,0.0,8.571,-17.828,26.4,56.577,52.853,58.092,62.343,56.577,0.009,0.0,0.001,0.0,0.0,52.853
0,0.0,0.0,100.0,0.0,0.0,0.0,8.571,-17.828,26.4,56.598,52.796,58.086,62.258,56.598,0.009,0.0,0.001,0.0,0.0,52.796
0,0.0,0.0,100.0,0.0,0.0,0.0,8.571,-17.828,26.4,56.619,52.743,58.08,62.173,56.619,0.009,0.0,0.001,0.0,0.0,52.743
0,0.0,0.0,100.0,0.0,0.0,0.0,8.571,-17.828,26.4,56.639,52.674,58.074,62.088,56.639,0.009,0.0,0.001,0.0,0.0,52.674
0,0.0,0.0,100.0,0.0,0.0,0.0,8.571,-17.828,26.4,56.659,52.587,58.069,62.003,56.659,0.009,0.0,0.001,0.0,0.0,52.587
0,0.0,0.0,100.0,0.0,0.0,0.0,8.571,-17.828,26.4,56.679,52.462,58.063,61.919,56.679,0.009,0.0,0.001,0.0,0.0,52.462
0,0.0,0.0,100.0,0.0,0.0,0.0,8.571,-17.828,26.4,56.698,52.415,58.058,61.834,56.698,0.009,0.0,0.001,0.0,0.0,52.415
0,0.0,0.0,100.0,0.0,0.0,0.0,8.571,-17.828,26.4,56.717,52.366,58.052,61.749,56.717,0.009,0.0,0.001,0.0,0.0,52.366
0,0.0,0.0,100.0,0.0,0.0,0.0,8.571,-17.828,26.4,56.735,52.295,58.046,61.665,56.735,0.009,0.0,0.001,0.0,0.0,52.295
0,0.0,0.0,100.0,0.0,0.0,0.0,8.571,-17.828,26.4,56.753,52.239,58.041,61.581,56.753,0.009,0.0,0.001,0.0,0.0,52.239
0,0.0,0.0,100.0,0.0,0.0,0.0,8.571,-17.828,26.4,56.771,52.168,58.035,61.497,56.771,0.009,0.0,0.001,0.0,0.0,52.168
0,0.0,0.0,100.0,0.0,0.0,0.0,8.571,-17.828,26.4,56.788,52.128,58.03,61.413,56.788,0.009,0.0,0.001,0.0,0.0,52.128
0,0.0,0.0,100.0,0.0,0.0,0.0,8.571,-17.828,26.4,56.805,52.094,58.025,61.33,56.805,0.009,0.0,0.001,0.0,0.0,52.094
0,0.0,0.0,100.0,0.0,0.0,0.0,8.571,-17.828,26.4,56.821,52.025,58.019,61.247,56.821,0.009,0.0,0.001,0.0,0.0,52.025
0,0.0,0.0,100.0,0.0,0.0,0.0,8.571,-17.828,26.4,56.837,51.966,58.014,61.164,56.837,0.009,0.0,0.001,0.0,0.0,51.966
0,0.0,0.0,100.0,0.0,0.0,0.0,8.571,-17.828,26.4,56.853,51.963,58.008,61.082,56.853,0.009,0.0,0.001,0.0,0.0,51.963
0,0.0,0.0,100.0,0.0,0.0,0.0,8.571,-17.828,26.4,56.869,51.916,58.003,61.0,56.869,0.009,0.0,0.001,0.0,0.0,51.916
0,0.0,0.0,100.0,0.0,0.0,0.0,8.571,-17.828,26.4,56.884,51.861,57.998,60.919,56.884,0.009,0.0,0.001,0.0,0.0,51.861
0,0.0,0.0,100.0,0.0,0.0,0.0,8.571,-17.828,26.4,56.898,51.791,57.993,60.837,56.898,0.009,0.0,0.001,0.0,0.0,51.791
0,0.0,0.0,100.0,0.0,0.0,0.0,8.571,-17.828,26.4,56.913,51.731,57.987,60.756,56.913,0.009,0.0,0.001,0.0,0.0,51.731
0,0.0,0.0,100.0,0.0,0.0,0.0,8.571,-17.828,26.4,56.927,51.761,57.982,60.675,56.927,0.009,0.0,0.001,0.0,0.0,51.761
0,0.0,0.0,100.0,0.0,0.0,0.0,8.571,-17.828,26.4,56.94,51.702,57.977,60.595,56.94,0.009,0.0,0.001,0.0,0.0,51.702
0,0.0,0.0,100.0,0.0,0.0,0.0,8.571,-17.828,26.4,56.954,51.661,57.972,60.515,56.954,0.009,0.0,0.001,0.0,0.0,51.661
0,0.0,0.0,100.0,0.0,0.0,0.0,8.571,-17.828,26.4,56.967,51.592,57.967,60.436,56.967,0.009,0.0,0.001,0.0,0.0,51.592
0,0.0,0.0,100.0,0.0,0.0,0.0,8.571,-17.828,26.4,56.98,51.551,57.962,60.356,56.98,0.009,0.0,0.001,0.0,0.0,51.551
0,0.0,0.0,100.0,0.0,0.0,0.0,8.571,-17.828,26.4,56.992,51.533,57.957,60.278,56.992,0.009,0.0,0.001,0.0,0.0,51.533
0,0.0,0.0,100.0,0.0,0.0,0.0,8.571,-17.828,26.4,57.004,51.504,57.951,60.199,57.004,0.009,0.0,0.001,0.0,0.0,51.504
0,0.0,0.0,100.0,0.0,0.0,0.0,8.571,-17.828,26.4,57.015,51.327,57.946,60.121,57.015,0.009,0.0,0.001,0.0,0.0,51.327
0,0.0,0.0,100.0,0.0,0.0,0.0,8.571,-17.828,26.4,57.027,51.472,57.941,60.042,57.027,0.009,0.0,0.001,0.0,0.0,51.472
0,0.0,0.0,100.0,0.0,0.0,0.0,8.571,-17.828,26.4,57.038,51.452,57.937,59.966,57.038,0.009,0.0,0.001,0.0,0.0,51.452
0,0.0,0.0,100.0,0.0,0.0,0.0,8.571,-17.828,26.4,57.048,51.391,57.932,59.889,57.048,0.009,0.0,0.001,0.0,0.0,51.391
0,0.0,0.0,100.0,0.0,0.0,0.0,8.571,-17.828,26.4,57.059,51.383,57.927,59.813,57.059,0.009,0.0,0.001,0.0,0.0,51.383
0,0.0,0.0,100.0,0.0,0.0,0.0,8.571,-17.828,26.4,57.069,51.435,57.922,59.737,57.069,0.009,0.0,0.001,0.0,0.0,51.435
0,0.0,0.0,100.0,0.0,0.0,0.0,8.571,-17.828,26.4,57.078,51.41,57.917,59.663,57.078,0.009,0.0,0.001,0.0,0.0,51.41
0,0.0,0.0,100.0,0.0,0.0,0.0,8.571,-17.828,26.4,57.088,51.373,57.912,59.589,57.088,0.009,0.0,0.001,0.0,0.0,51.373
0,0.0,0.0,100.0,0.0,0.0,0.0,8.571,-17.828,26.4,57.097,51.32,57.908,59.515,57.097,0.009,0.0,0.001,0.0,0.0,51.32
0,0.0,0.0,100.0,0.0,0.0,0.0,8.571,-17.828,26.4,57.106,51.282,57.903,59.442,57.106,0.009,0.0,0.001,0.0,0.0,51.282
0,0.0,0.0,100.0,0.0,0.0,0.0,8.571,-17.828,26.4,57.114,51.246,57.898,59.369,57.114,0.009,0.0,0.001,0.0,0.0,51.246
0,0.0,0.0,100.0,0.0,0.0,0.0,8.571,-17.828,26.4,57.122,51.209,57.894,59.296,57.122,0.009,0.0,0.001,0.0,0.0,51.209
0,0.0,0.0,100.0,0.0,0.0,0.0,8.571,-17.828,26.4,57.13,51.206,57.889,59.223,57.13,0.009,0.0,0.001,0.0,0.0,51.206
0,0.0,0.0,100.0,0.0,0.0,0.0,8.571,-17.828,26.4,57.138,51.191,57.884,59.151,57.138,0.009,0.0,0.001,0.0,0.0,51.191
0,0.0,0.0,100.0,0.0,0.0,0.0,8.571,-17.828,26.4,57.145,51.172,57.88,59.08,57.145,0.009,0.0,0.001,0.0,0.0,51.172
0,0.0,0.0,100.0,0.0,0.0,0.0,8.571,-17.828,26.4,57.152,51.155,57.875,59.009,57.152,0.009,0.0,0.001,0.0,0.0,51.155
0,0.0,0.0,100.0,0.0,0.0,0.0,8.571,-17.828,26.4,57.159,51.104,57.871,58.939,57.159,0.009,0.0,0.001,0.0,0.0,51.104
0,0.0,0.0,100.0,0.0,0.0,0.0,8.571,-17.828,26.4,57.165,51.082,57.866,58.868,57.165,0.009,0.0,0.001,0.0,0.0,51.082
0,0.0,0.0,100.0,0.0,0.0,0.0,8.571,-17.828,26.4,57.171,51.048,57.862,58.799,57.171,0.009,0.0,0.001,0.0,0.0,51.048
0,0.0,0.0,100.0,0.0,0.0,0.0,8.571,-17.828,26.4,57.177,51.043,57.857,58.729,57.177,0.009,0.0,0.001,0.0,0.0,51.043
0,0.0,0.0,100.0,0.0,0.0,0.0,8.571,-17.828,26.4,57.183,51.047,57.853,58.66,57.183,0.009,0.0,0.001,0.0,0.0,51.047
0,0.0,0.0,100.0,0.0,0.0,0.0,8.571,-17.828,26.4,57.188,50.98,57.849,58.592,57.188,0.009,0.0,0.001,0.0,0.0,50.98
0,0.0,0.0,100.0,0.0,0.0,0.0,8.571,-17.828,26.4,57.193,50.972,57.844,58.524,57.193,0.009,0.0,0.001,0.0,0.0,50.972
0,0.0,0.0,100.0,0.0,0.0,0.0,8.571,-17.828,26.4,57.198,50.942,57.84,58.456,57.198,0.009,0.0,0.001,0.0,0.0,50.942
0,0.0,0.0,100.0,0.0,0.0,0.0,8.571,-17.828,26.4,57.203,50.887,57.836,58.389,57.203,0.009,0.0,0.001,0.0,0.0,50.887
0,0.0,0.0,100.0,0.0,0.0,0.0,8.571,-17.828,26.4,57.207,50.881,57.831,58.321,57.207,0.009,0.0,0.001,0.0,0.0,50.881
0,0.0,0.0,100.0,0.0,0.0,0.0,8.571,-17.828,26.4,57.211,50.883,57.827,58.255,57.211,0.009,0.0,0.001,0.0,0.0,50.883
0,0.0,0.0,100.0,0.0,0.0,0.0,8.571,-17.828,26.4,57.215,50.864,57.823,58.189,57.215,0.009,0.0,0.001,0.0,0.0,50.864
0,0.0,0.0,100.0,0.0,0.0,0.0,8.571,-17.828,26.4,57.218,50.911,57.818,58.123,57.218,0.009,0.0,0.001,0.0,0.0,50.911
0,0.0,0.0,100.0,0.0,0.0,0.0,8.571,-17.828,26.4,57.221,50.937,57.814,58.059,57.221,0.009,0.0,0.001,0.0,0.0,50.937
0,0.0,0.0,100.0,0.0,0.0,0.0,8.571,-17.828,26.4,57.224,50.888,57.81,57.995,57.224,0.009,0.0,0.001,0.0,0.0,50.888
0,0.0,0.0,100.0,0.0,0.0,0.0,8.571,-17.828,26.4,57.227,50.881,57.806,57.931,57.227,0.009,0.0,0.001,0.0,0.0,50.881
0,0.0,0.0,100.0,0.0,0.0,0.0,8.571,-17.828,26.4,57.23,50.881,57.802,57.868,57.23,0.009,0.0,0.001,0.0,0.0,50.881
0,0.0,0.0,100.0,0.0,0.0,0.0,8.571,-17.828,26.4,57.232,50.898,57.798,57.805,57.232,0.009,0.0,0.001,0.0,0.0,50.898
0,0.0,0.0,100.0,0.0,0.0,0.0,8.571,-17.828,26.4,57.234,50.902,57.794,57.743,57.234,0.009,0.0,0.001,0.0,0.0,50.902
0,0.0,0.0,100.0,0.0,0.0,0.0,8.571,-17.828,26.4,57.236,50.868,57.79,57.682,57.236,0.009,0.0,0.001,0.0,0.0,50.868
0,0.0,0.0,100.0,0.0,0.0,0.0,8.571,-17.828,26.4,57.237,50.862,57.786,57.621,57.237,0.009,0.0,0.001,0.0,0.0,50.862
0,0.0,0.0,100.0,0.0,0.0,0.0,8.571,-17.828,26.4,57.239,50.896,57.782,57.561,57.239,0.009,0.0,0.001,0.0,0.0,50.896
0,0.0,0.0,100.0,0.0,0.0,0.0,8.571,-17.828,26.4,57.24,50.902,57.778,57.501,57.24,0.009,0.0,0.001,0.0,0.0,50.902
0,0.0,0.0,100.0,0.0,0.0,0.0,8.571,-17.828,26.4,57.241,50.867,57.774,57.442,57.241,0.009,0.0,0.001,0.0,0.0,50.867
0,0.0,0.0,100.0,0.0,0.0,0.0,8.571,-17.828,26.4,57.241,50.879,57.77,57.383,57.241,0.009,0.0,0.001,0.0,0.0,50.879
0,0.0,0.0,100.0,0.0,0.0,0.0,8.571,-17.828,26.4,57.242,50.882,57.766,57.325,57.242,0.009,0.0,0.001,0.0,0.0,50.882
0,0.0,0.0,100.0,0.0,0.0,0.0,8.571,-17.828,26.4,57.242,50.882,57.763,57.267,57.242,0.009,0.0,0.001,0.0,0.0,50.882
0,0.0,0.0,100.0,0.0,0.0,0.0,8.571,-17.828,26.4,57.242,50.883,57.759,57.21,57.242,0.009,0.0,0.001,0.0,0.0,50.883
0,0.0,0.0,100.0,0.0,0.0,0.0,8.571,-17.828,26.4,57.242,50.865,57.755,57.153,57.242,0.009,0.0,0.001,0.0,0.0,50.865
0,0.0,0.0,100.0,0.0,0.0,0.0,8.571,-17.828,26.4,57.241,50.88,57.751,57.097,57.241,0.009,0.0,0.001,0.0,0.0,50.88
0,0.0,0.0,100.0,0.0,0.0,0.0,8.571,-17.828,26.4,57.241,50.866,57.747,57.041,57.241,0.009,0.0,0.001,0.0,0.0,50.866
0,0.0,0.0,100.0,0.0,0.0,0.0,8.571,-17.828,26.4,57.24,50.864,57.744,56.986,57.24,0.009,0.0,0.001,0.0,0.0,50.864
0,0.0,0.0,100.0,0.0,0.0,0.0,8.571,-17.828,26.4,57.239,50.847,57.74,56.931,57.239,0.009,0.0,0.001,0.0,0.0,50.847
0,0.0,0.0,100.0,0.0,0.0,0.0,8.571,-17.828,26.4,57.238,50.862,57.736,56.877,57.238,0.009,0.0,0.001,0.0,0.0,50.862
0,0.0,0.0,100.0,0.0,0.0,0.0,8.571,-17.828,26.4,57.237,50.848,57.732,56.823,57.237,0.009,0.0,0.001,0.0,0.0,50.848
0,0.0,0.0,100.0,0.0,0.0,0.0,8.571,-17.828,26.4,57.235,50.846,57.729,56.769,57.235,0.009,0.0,0.001,0.0,0.0,50.846
0,0.0,0.0,100.0,0.0,0.0,0.0,8.571,-17.828,26.4,57.233,50.831,57.725,56.716,57.233,0.009,0.0,0.001,0.0,0.0,50.831
0,0.0,0.0,100.0,0.0,0.0,0.0,8.571,-17.828,26.4,57.231,50.796,57.721,56.663,57.231,0.009,0.0,0.001,0.0,0.0,50.796
0,0.0,0.0,100.0,0.0,0.0,0.0,8.571,-17.828,26.4,57.229,50.792,57.718,56.611,57.229,0.009,0.0,0.001,0.0,0.0,50.792
0,0.0,0.0,100.0,0.0,0.0,0.0,8.571,-17.828,26.4,57.227,50.777,57.714,56.558,57.227,0.009,0.0,0.001,0.0,0.0,50.777
0,0.0,0.0,100.0,0.0,0.0,0.0,8.571,-17.828,26.4,57.224,50.742,57.711,56.507,57.224,0.009,0.0,0.001,0.0,0.0,50.742
0,0.0,0.0,100.0,0.0,0.0,0.0,8.571,-17.828,26.4,57.221,50.737,57.707,56.455,57.221,0.009,0.0,0.001,0.0,0.0,50.737
0,0.0,0.0,100.0,0.0,0.0,0.0,8.571,-17.828,26.4,57.219,50.755,57.703,56.404,57.219,0.009,0.0,0.001,0.0,0.0,50.755
0,0.0,0.0,100.0,0.0,0.0,0.0,8.571,-17.828,26.4,57.215,50.724,57.7,56.353,57.215,0.009,0.0,0.001,0.0,0.0,50.724
0,0.0,0.0,100.0,0.0,0.0,0.0,8.571,-17.828,26.4,57.212,50.72,57.696,56.303,57.212,0.009,0.0,0.001,0.0,0.0,50.72
0,0.0,0.0,100.0,0.0,0.0,0.0,8.571,-17.828,26.4,57.209,50.705,57.693,56.253,57.209,0.009,0.0,0.001,0.0,0.0,50.705
0,0.0,0.0,100.0,0.0,0.0,0.0,8.571,-17.828,26.4,57.205,50.67,57.689,56.203,57.205,0.009,0.0,0.001,0.0,0.0,50.67
0,0.0,0.0,100.0,0.0,0.0,0.0,8.571,-17.828,26.4,57.202,50.665,57.686,56.153,57.202,0.009,0.0,0.001,0.0,0.0,50.665
0,0.0,0.0,100.0,0.0,0.0,0.0,8.571,-17.828,26.4,57.198,50.666,57.683,56.104,57.198,0.009,0.0,0.001,0.0,0.0,50.666
0,0.0,0.0,100.0,0.0,0.0,0.0,8.571,-17.828,26.4,57.194,50.667,57.679,56.056,57.194,0.009,0.0,0.001,0.0,0.0,50.667
0,0.0,0.0,100.0,0.0,0.0,0.0,8.571,-17.828,26.4,57.189,50.651,57.676,56.007,57.189,0.009,0.0,0.001,0.0,0.0,50.651
0,0.0,0.0,100.0,0.0,0.0,0.0,8.571,-17.828,26.4,57.185,50.615,57.672,55.959,57.185,0.009,0.0,0.001,0.0,0.0,50.615
0,0.0,0.0,100.0,0.0,0.0,0.0,8.571,-17.828,26.4,57.18,50.629,57.669,55.911,57.18,0.009,0.0,0.001,0.0,0.0,50.629
0,0.0,0.0,100.0,0.0,0.0,0.0,8.571,-17.828,26.4,57.176,50.6,57.665,55.864,57.176,0.009,0.0,0.001,0.0,0.0,50.6
0,0.0,0.0,100.0,0.0,0.0,0.0,8.571,-17.828,26.4,57.171,50.561,57.662,55.817,57.171,0.009,0.0,0.001,0.0,0.0,50.561
0,0.0,0.0,100.0,0.0,0.0,0.0,8.571,-17.828,26.4,57.166,50.558,57.659,55.77,57.166,0.009,0.0,0.001,0.0,0.0,50.558
0,0.0,0.0,100.0,0.0,0.0,0.0,8.571,-17.828,26.4,57.161,50.543,57.655,55.723,57.161,0.009,0.0,0.001,0.0,0.0,50.543
0,0.0,0.0,100.0,0.0,0.0,0.0,8.571,-17.828,26.4,57.155,50.508,57.652,55.676,57.155,0.009,0.0,0.001,0.0,0.0,50.508
0,0.0,0.0,100.0,0.0,0.0,0.0,8.571,-17.828,26.4,57.15,50.487,57.649,55.63,57.15,0.009,0.0,0.001,0.0,0.0,50.487
0,0.0,0.0,100.0,0.0,0.0,0.0,8.571,-17.828,26.4,57.144,50.487,57.645,55.584,57.144,0.009,0.0,0.001,0.0,0.0,50.487
0,0.0,0.0,100.0,0.0,0.0,0.0,8.571,-17.828,26.4,57.138,50.454,57.642,55.538,57.138,0.009,0.0,0.001,0.0,0.0,50.454
0,0.0,0.0,100.0,0.0,0.0,0.0,8.571,-17.828,26.4,57.133,50.449,57.639,55.493,57.133,0.009,0.0,0.001,0.0,0.0,50.449
0,0.0,0.0,100.0,0.0,0.0,0.0,8.571,-17.828,26.4,57.126,50.452,57.635,55.448,57.126,0.009,0.0,0.001,0.0,0.0,50.452
0,0.0,0.0,100.0,0.0,0.0,0.0,8.571,-17.828,26.4,57.12,50.401,57.632,55.403,57.12,0.009,0.0,0.001,0.0,0.0,50.401
0,0.0,0.0,100.0,0.0,0.0,0.0,8.571,-17.828,26.4,57.114,50.411,57.629,55.358,57.114,0.009,0.0,0.001,0.0,0.0,50.411
0,0.0,0.0,100.0,0.0,0.0,0.0,8.571,-17.828,26.4,57.107,50.417,57.626,55.314,57.107,0.009,0.0,0.001,0.0,0.0,50.417
0,0.0,0.0,100.0,0.0,0.0,0.0,8.571,-17.828,26.4,57.101,50.35,57.622,55.27,57.101,0.009,0.0,0.001,0.0,0.0,50.35
0,0.0,0.0,100.0,0.0,0.0,0.0,8.571,-17.828,26.4,57.094,50.34,57.619,55.226,57.094,0.009,0.0,0.001,0.0,0.0,50.34
0,0.0,0.0,100.0,0.0,0.0,0.0,8.571,-17.828,26.4,57.087,50.358,57.616,55.182,57.087,0.009,0.0,0.001,0.0,0.0,50.358
0,0.0,0.0,100.0,0.0,0.0,0.0,8.571,-17.828,26.4,57.08,50.361,57.613,55.139,57.08,0.009,0.0,0.001,0.0,0.0,50.361
0,0.0,0.0,100.0,0.0,0.0,0.0,8.571,-17.828,26.4,57.073,50.343,57.609,55.096,57.073,0.009,0.0,0.001,0.0,0.0,50.343
0,0.0,0.0,100.0,0.0,0.0,0.0,8.571,-17.828,26.4,57.066,50.375,57.606,55.053,57.066,0.009,0.0,0.001,0.0,0.0,50.375
0,0.0,0.0,100.0,0.0,0.0,0.0,8.571,-17.828,26.4,57.058,50.347,57.603,55.011,57.058,0.009,0.0,0.001,0.0,0.0,50.347
0,0.0,0.0,100.0,0.0,0.0,0.0,8.571,-17.828,26.4,57.05,50.325,57.6,54.97,57.05,0.009,0.0,0.001,0.0,0.0,50.325
0,0.0,0.0,100.0,0.0,0.0,0.0,8.571,-17.828,26.4,57.043,50.325,57.603,54.928,57.043,0.009,0.0,0.001,0.0,0.0,50.325
0,0.0,0.0,100.0,0.0,0.0,0.0,8.571,-17.828,26.4,57.035,50.293,57.601,54.887,57.035,0.009,0.0,0.001,0.0,0.0,50.293
0,0.0,0.0,100.0,0.0,0.0,0.0,8.571,-17.828,26.4,57.027,50.271,57.598,54.845,57.027,0.009,0.0,0.001,0.0,0.0,50.271
0,0.0,0.0,100.0,0.0,0.0,0.0,8.571,-17.828,26.4,57.019,50.269,57.596,54.805,57.019,0.009,0.0,0.001,0.0,0.0,50.269
0,0.0,0.0,100.0,0.0,0.0,0.0,8.571,-17.828,26.4,57.011,50.287,57.593,54.764,57.011,0.009,0.0,0.001,0.0,0.0,50.287
0,0.0,0.0,100.0,0.0,0.0,0.0,8.571,-17.828,26.4,57.003,50.274,57.591,54.724,57.003,0.009,0.0,0.001,0.0,0.0,50.274
0,0.0,0.0,100.0,0.0,0.0,0.0,8.571,-17.828,26.4,56.994,50.222,57.589,54.684,56.994,0.009,0.0,0.001,0.0,0.0,50.222
0,0.0,0.0,100.0,0.0,0.0,0.0,8.571,-17.828,26.4,56.986,50.216,57.587,54.644,56.986,0.009,0.0,0.001,0.0,0.0,50.216
0,0.0,0.0,100.0,0.0,0.0,0.0,8.571,-17.828,26.4,56.977,50.183,57.585,54.604,56.977,0.009,0.0,0.001,0.0,0.0,50.183
0,0.0,0.0,100.0,0.0,0.0,0.0,8.571,-17.828,26.4,56.968,50.212,57.583,54.565,56.968,0.009,0.0,0.001,0.0,0.0,50.212
0,0.0,0.0,100.0,0.0,0.0,0.0,8.571,-17.828,26.4,56.959,50.185,57.581,54.526,56.959,0.009,0.0,0.001,0.0,0.0,50.185
0,0.0,0.0,100.0,0.0,0.0,0.0,8.571,-17.828,26.4,56.95,50.163,57.579,54.487,56.95,0.009,0.0,0.001,0.0,0.0,50.163
0,0.0,0.0,100.0,0.0,0.0,0.0,8.571,-17.828,26.4,56.941,50.178,57.577,54.448,56.941,0.009,0.0,0.001,0.0,0.0,50.178
0,0.0,0.0,100.0,0.0,0.0,0.0,8.571,-17.828,26.4,56.932,50.182,57.575,54.41,56.932,0.009,0.0,0.001,0.0,0.0,50.182
0,0.0,0.0,100.0,0.0,0.0,0.0,8.571,-17.828,26.4,56.923,50.131,57.573,54.372,56.923,0.009,0.0,0.001,0.0,0.0,50.131
0,0.0,0.0,100.0,0.0,0.0,0.0,8.571,-17.828,26.4,56.913,50.159,57.571,54.334,56.913,0.009,0.0,0.001,0.0,0.0,50.159
0,0.0,0.0,100.0,0.0,0.0,0.0,8.571,-17.828,26.4,56.904,50.114,57.569,54.296,56.904,0.009,0.0,0.001,0.0,0.0,50.114
0,0.0,0.0,100.0,0.0,0.0,0.0,8.571,-17.828,26.4,56.894,50.139,57.567,54.259,56.894,0.009,0.0,0.001,0.0,0.0,50.139
0,0.0,0.0,100.0,0.0,0.0,0.0,8.571,-17.828,26.4,56.884,50.144,57.565,54.222,56.884,0.009,0.0,0.001,0.0,0.0,50.144
0,0.0,0.0,100.0,0.0,0.0,0.0,8.571,-17.828,26.4,56.875,50.161,57.564,54.186,56.875,0.009,0.0,0.001,0.0,0.0,50.161
0,0.0,0.0,100.0,0.0,0.0,0.0,8.571,-17.828,26.4,56.865,50.148,57.562,54.15,56.865,0.009,0.0,0.001,0.0,0.0,50.148
0,0.0,0.0,100.0,0.0,0.0,0.0,8.571,-17.828,26.4,56.855,50.113,57.56,54.114,56.855,0.009,0.0,0.001,0.0,0.0,50.113
0,0.0,0.0,100.0,0.0,0.0,0.0,8.571,-17.828,26.4,56.845,50.075,57.559,54.078,56.845,0.009,0.0,0.001,0.0,0.0,50.075
0,0.0,0.0,100.0,0.0,0.0,0.0,8.571,-17.828,26.4,56.834,50.071,57.557,54.042,56.834,0.009,0.0,0.001,0.0,0.0,50.071
0,0.0,0.0,100.0,0.0,0.0,0.0,8.571,-17.828,26.4,56.824,50.071,57.556,54.006,56.824,0.009,0.0,0.001,0.0,0.0,50.071
0,0.0,0.0,100.0,0.0,0.0,0.0,8.571,-17.828,26.4,56.814,50.088,57.554,53.971,56.814,0.009,0.0,0.001,0.0,0.0,50.088
0,0.0,0.0,100.0,0.0,0.0,0.0,8.571,-17.828,26.4,56.803,50.091,57.553,53.936,56.803,0.009,0.0,0.001,0.0,0.0,50.091
0,0.0,0.0,100.0,0.0,0.0,0.0,8.571,-17.828,26.4,56.793,50.074,57.552,53.902,56.793,0.009,0.0,0.001,0.0,0.0,50.074
0,0.0,0.0,100.0,0.0,0.0,0.0,8.571,-17.828,26.4,56.782,50.07,57.55,53.868,56.782,0.009,0.0,0.001,0.0,0.0,50.07
0,0.0,0.0,100.0,0.0,0.0,0.0,8.571,-17.828,26.4,56.771,50.105,57.549,53.834,56.771,0.009,0.0,0.001,0.0,0.0,50.105
0,0.0,0.0,100.0,0.0,0.0,0.0,8.571,-17.828,26.4,56.761,50.076,57.548,53.8,56.761,0.009,0.0,0.001,0.0,0.0,50.076
0,0.0,0.0,100.0,0.0,0.0,0.0,8.571,-17.828,26.4,56.75,50.103,57.547,53.767,56.75,0.009,0.0,0.001,0.0,0.0,50.103
0,0.0,0.0,100.0,0.0,0.0,0.0,8.571,-17.828,26.4,56.739,50.11,57.546,53.734,56.739,0.009,0.0,0.001,0.0,0.0,50.11
0,0.0,0.0,100.0,0.0,0.0,0.0,8.571,-17.828,26.4,56.728,50.076,57.545,53.702,56.728,0.009,0.0,0.001,0.0,0.0,50.076
0,0.0,0.0,100.0,0.0,0.0,0.0,8.571,-17.828,26.4,56.717,50.073,57.545,53.669,56.717,0.009,0.0,0.001,0.0,0.0,50.073
0,0.0,0.0,100.0,0.0,0.0,0.0,8.571,-17.828,26.4,56.705,50.023,57.544,53.637,56.705,0.009,0.0,0.001,0.0,0.0,50.023
0,0.0,0.0,100.0,0.0,0.0,0.0,8.571,-17.828,26.4,56.694,50.033,57.543,53.605,56.694,0.009,0.0,0.001,0.0,0.0,50.033
0,0.0,0.0,100.0,0.0,0.0,0.0,8.571,-17.828,26.4,56.683,50.019,57.542,53.572,56.683,0.009,0.0,0.001,0.0,0.0,50.019
0,0.0,0.0,100.0,0.0,0.0,0.0,8.571,-17.828,26.4,56.671,50.051,57.542,53.541,56.671,0.009,0.0,0.001,0.0,0.0,50.051
0,0.0,0.0,100.0,0.0,0.0,0.0,8.571,-17.828,26.4,56.66,50.023,57.541,53.509,56.66,0.009,0.0,0.001,0.0,0.0,50.023
0,0.0,0.0,100.0,0.0,0.0,0.0,8.571,-17.828,26.4,56.648,50.018,57.541,53.478,56.648,0.009,0.0,0.001,0.0,0.0,50.018
0,0.0,0.0,100.0,0.0,0.0,0.0,8.571,-17.828,26.4,56.636,50.002,57.541,53.447,56.636,0.009,0.0,0.001,0.0,0.0,50.002
0,0.0,0.0,100.0,0.0,0.0,0.0,8.571,-17.828,26.4,56.625,50.0,57.541,53.416,56.625,0.009,0.0,0.001,0.0,0.0,50.0
0,0.0,0.0,100.0,0.0,0.0,0.0,8.571,-17.828,26.4,56.613,50.0,57.54,53.386,56.613,0.009,0.0,0.001,0.0,0.0,50.0
0,0.0,0.0,100.0,0.0,0.0,0.0,8.571,-17.828,26.4,56.601,49.998,57.54,53.355,56.601,0.009,0.0,0.001,0.0,0.0,49.998
0,0.0,0.0,100.0,0.0,0.0,0.0,8.571,-17.828,26.4,56.589,50.05,57.541,53.325,56.589,0.009,0.0,0.001,0.0,0.0,50.05
0,0.0,0.0,100.0,0.0,0.0,0.0,8.571,-17.828,26.4,56.577,49.991,57.541,53.296,56.577,0.009,0.0,0.001,0.0,0.0,49.991
0,0.0,0.0,100.0,0.0,0.0,0.0,8.571,-17.828,26.4,56.565,49.997,57.541,53.266,56.565,0.009,0.0,0.001,0.0,0.0,49.997
0,0.0,0.0,100.0,0.0,0.0,0.0,8.571,-17.828,26.4,56.553,50.001,57.541,53.237,56.553,0.009,0.0,0.001,0.0,0.0,50.001
0,0.0,0.0,100.0,0.0,0.0,0.0,8.571,-17.828,26.4,56.54,49.984,57.541,53.208,56.54,0.009,0.0,0.001,0.0,0.0,49.984
0,0.0,0.0,100.0,0.0,0.0,0.0,8.571,-17.828,26.4,56.528,49.982,57.538,53.179,56.528,0.009,0.0,0.001,0.0,0.0,49.982
0,0.0,0.0,100.0,0.0,0.0,0.0,8.571,-17.828,26.4,56.516,49.965,57.536,53.151,56.516,0.009,0.0,0.001,0.0,0.0,49.965
0,0.0,0.0,100.0,0.0,0.0,0.0,8.571,-17.828,26.4,56.504,49.98,57.533,53.122,56.504,0.009,0.0,0.001,0.0,0.0,49.98
0,0.0,0.0,100.0,0.0,0.0,0.0,8.571,-17.828,26.4,56.491,49.982,57.531,53.094,56.491,0.009,0.0,0.001,0.0,0.0,49.982
0,0.0,0.0,100.0,0.0,0.0,0.0,8.571,-17.828,26.4,56.479,49.983,57.528,53.066,56.479,0.009,0.0,0.001,0.0,0.0,49.983
0,0.0,0.0,100.0,0.0,0.0,0.0,8.571,-17.828,26.4,56.466,49.967,57.526,53.039,56.466,0.009,0.0,0.001,0.0,0.0,49.967
0,0.0,0.0,100.0,0.0,0.0,0.0,8.571,-17.828,26.4,56.454,49.947,57.523,53.011,56.454,0.009,0.0,0.001,0.0,0.0,49.947
0,0.0,0.0,100.0,0.0,0.0,0.0,8.571,-17.828,26.4,56.441,49.964,57.521,52.983,56.441,0.009,0.0,0.001,0.0,0.0,49.964
0,0.0,0.0,100.0,0.0,0.0,0.0,8.571,-17.828,26.4,56.428,49.9,57.519,52.956,56.428,0.009,0.0,0.001,0.0,0.0,49.9
0,0.0,0.0,100.0,0.0,0.0,0.0,8.571,-17.828,26.4,56.415,49.907,57.516,52.929,56.415,0.009,0.0,0.001,0.0,0.0,49.907
0,0.0,0.0,100.0,0.0,0.0,0.0,8.571,-17.828,26.4,56.402,49.894,57.514,52.902,56.402,0.009,0.0,0.001,0.0,0.0,49.894
0,0.0,0.0,100.0,0.0,0.0,0.0,8.571,-17.828,26.4,56.39,49.891,57.511,52.875,56.39,0.009,0.0,0.001,0.0,0.0,49.891
0,0.0,0.0,100.0,0.0,0.0,0.0,8.571,-17.828,26.4,56.377,49.909,57.509,52.848,56.377,0.009,0.0,0.001,0.0,0.0,49.909
0,0.0,0.0,100.0,0.0,0.0,0.0,8.571,-17.828,26.4,56.364,49.894,57.507,52.822,56.364,0.009,0.0,0.001,0.0,0.0,49.894
0,0.0,0.0,100.0,0.0,0.0,0.0,8.571,-17.828,26.4,56.351,49.892,57.504,52.796,56.351,0.009,0.0,0.001,0.0,0.0,49.892
0,0.0,0.0,100.0,0.0,0.0,0.0,8.571,-17.828,26.4,56.338,49.891,57.502,52.77,56.338,0.009,0.0,0.001,0.0,0.0,49.891
0,0.0,0.0,100.0,0.0,0.0,0.0,8.571,-17.828,26.4,56.324,49.925,57.499,52.744,56.324,0.009,0.0,0.001,0.0,0.0,49.925
0,0.0,0.0,100.0,0.0,0.0,0.0,8.571,-17.828,26.4,56.311,49.896,57.497,52.719,56.311,0.009,0.0,0.001,0.0,0.0,49.896
0,0.0,0.0,100.0,0.0,0.0,0.0,8.571,-17.828,26.4,56.298,49.907,57.495,52.694,56.298,0.009,0.0,0.001,0.0,0.0,49.907
0,0.0,0.0,100.0,0.0,0.0,0.0,8.571,-17.828,26.4,56.285,49.927,57.492,52.669,56.285,0.009,0.0,0.001,0.0,0.0,49.927
0,0.0,0.0,100.0,0.0,0.0,0.0,8.571,-17.828,26.4,56.272,49.913,57.49,52.644,56.272,0.009,0.0,0.001,0.0,0.0,49.913
0,0.0,0.0,100.0,0.0,0.0,0.0,8.571,-17.828,26.4,56.258,49.894,57.487,52.62,56.258,0.009,0.0,0.001,0.0,0.0,49.894
0,0.0,0.0,100.0,0.0,0.0,0.0,8.571,-17.828,26.4,56.245,49.876,57.485,52.595,56.245,0.009,0.0,0.001,0.0,0.0,49.876
0,0.0,0.0,100.0,0.0,0.0,0.0,8.571,-17.828,26.4,56.231,49.874,57.483,52.571,56.231,0.009,0.0,0.001,0.0,0.0,49.874
0,0.0,0.0,100.0,0.0,0.0,0.0,8.571,-17.828,26.4,56.218,49.874,57.48,52.547,56.218,0.009,0.0,0.001,0.0,0.0,49.874
0,0.0,0.0,100.0,0.0,0.0,0.0,8.571,-17.828,26.4,56.204,49.875,57.478,52.523,56.204,0.009,0.0,0.001,0.0,0.0,49.875
0,0.0,0.0,100.0,0.0,0.0,0.0,8.571,-17.828,26.4,56.191,49.858,57.476,52.499,56.191,0.009,0.0,0.001,0.0,0.0,49.858
0,0.0,0.0,100.0,0.0,0.0,0.0,8.571,-17.828,26.4,56.177,49.856,57.473,52.475,56.177,0.009,0.0,0.001,0.0,0.0,49.856
0,0.0,0.0,100.0,0.0,0.0,0.0,8.571,-17.828,26.4,56.164,49.857,57.471,52.452,56.164,0.009,0.0,0.001,0.0,0.0,49.857
0,0.0,0.0,100.0,0.0,0.0,0.0,8.571,-17.828,26.4,56.15,49.824,57.469,52.429,56.15,0.009,0.0,0.001,0.0,0.0,49.824
0,0.0,0.0,100.0,0.0,0.0,0.0,8.571,-17.828,26.4,56.136,49.819,57.466,52.405,56.136,0.009,0.0,0.001,0.0,0.0,49.819
0,0.0,0.0,100.0,0.0,0.0,0.0,8.571,-17.828,26.4,56.123,49.835,57.464,52.382,56.123,0.009,0.0,0.001,0.0,0.0,49.835
0,0.0,0.0,100.0,0.0,0.0,0.0,8.571,-17.828,26.4,56.109,49.855,57.462,52.359,56.109,0.009,0.0,0.001,0.0,0.0,49.855
0,0.0,0.0,100.0,0.0,0.0,0.0,8.571,-17.828,26.4,56.095,49.84,57.459,52.337,56.095,0.009,0.0,0.001,0.0,0.0,49.84
0,0.0,0.0,100.0,0.0,0.0,0.0,8.571,-17.828,26.4,56.081,49.838,57.457,52.314,56.081,0.009,0.0,0.001,0.0,0.0,49.838
0,0.0,0.0,100.0,0.0,0.0,0.0,8.571,-17.828,26.4,56.067,49.821,57.455,52.292,56.067,0.009,0.0,0.001,0.0,0.0,49.821
0,0.0,0.0,100.0,0.0,0.0,0.0,8.571,-17.828,26.4,56.054,49.836,57.452,52.27,56.054,0.009,0.0,0.001,0.0,0.0,49.836
0,0.0,0.0,100.0,0.0,0.0,0.0,8.571,-17.828,26.4,56.04,49.838,57.45,52.248,56.04,0.009,0.0,0.001,0.0,0.0,49.838
0,0.0,0.0,100.0,0.0,0.0,0.0,8.571,-17.828,26.4,56.026,49.837,57.447,52.227,56.026,0.009,0.0,0.001,0.0,0.0,49.837
0,0.0,0.0,100.0,0.0,0.0,0.0,8.571,-17.828,26.4,56.012,49.853,57.445,52.206,56.012,0.009,0.0,0.001,0.0,0.0,49.853
0,0.0,0.0,100.0,0.0,0.0,0.0,8.571,-17.828,26.4,55.998,49.872,57.443,52.184,55.998,0.009,0.0,0.001,0.0,0.0,49.872
0,0.0,0.0,100.0,0.0,0.0,0.0,8.571,-17.828,26.4,55.984,49.89,57.44,52.164,55.984,0.009,0.0,0.001,0.0,0.0,49.89
0,0.0,0.0,100.0,0.0,0.0,0.0,8.571,-17.828,26.4,55.97,49.891,57.438,52.143,55.97,0.009,0.0,0.001,0.0,0.0,49.891
0,0.0,0.0,100.0,0.0,0.0,0.0,8.571,-17.828,26.4,55.956,49.925,57.436,52.123,55.956,0.009,0.0,0.001,0.0,0.0,49.925
0,0.0,0.0,100.0,0.0,0.0,0.0,8.571,-17.828,26.4,55.942,49.897,57.434,52.104,55.942,0.009,0.0,0.001,0.0,0.0,49.897
0,0.0,0.0,100.0,0.0,0.0,0.0,8.571,-17.828,26.4,55.928,49.891,57.431,52.084,55.928,0.009,0.0,0.001,0.0,0.0,49.891
0,0.0,0.0,100.0,0.0,0.0,0.0,8.571,-17.828,26.4,55.913,49.893,57.429,52.064,55.913,0.009,0.0,0.001,0.0,0.0,49.893
0,0.0,0.0,100.0,0.0,0.0,0.0,8.571,-17.828,26.4,55.899,49.874,57.427,52.045,55.899,0.009,0.0,0.001,0.0,0.0,49.874
0,0.0,0.0,100.0,0.0,0.0,0.0,8.571,-17.828,26.4,55.885,49.922,57.424,52.026,55.885,0.009,0.0,0.001,0.0,0.0,49.922
0,0.0,0.0,100.0,0.0,0.0,0.0,8.571,-17.828,26.4,55.871,49.913,57.422,52.007,55.871,0.009,0.0,0.001,0.0,0.0,49.913
0,0.0,0.0,100.0,0.0,0.0,0.0,8.571,-17.828,26.4,55.857,49.91,57.42,51.988,55.857,0.009,0.0,0.001,0.0,0.0,49.91
0,0.0,0.0,100.0,0.0,0.0,0.0,8.571,-17.828,26.4,55.842,49.911,57.418,51.969,55.842,0.009,0.0,0.001,0.0,0.0,49.911
0,0.0,0.0,100.0,0.0,0.0,0.0,8.571,-17.828,26.4,55.828,49.894,57.415,51.951,55.828,0.009,0.0,0.001,0.0,0.0,49.894
0,0.0,0.0,100.0,0.0,0.0,0.0,8.571,-17.828,26.4,55.814,49.891,57.413,51.932,55.814,0.009,0.0,0.001,0.0,0.0,49.891
0,0.0,0.0,100.0,0.0,0.0,0.0,8.571,-17.828,26.4,55.8,49.907,57.411,51.914,55.8,0.009,0.0,0.001,0.0,0.0,49.907
0,0.0,0.0,100.0,0.0,0.0,0.0,8.571,-17.828,26.4,55.786,49.926,57.408,51.896,55.786,0.009,0.0,0.001,0.0,0.0,49.926
0,0.0,0.0,100.0,0.0,0.0,0.0,8.571,-17.828,26.4,55.771,49.929,57.406,51.879,55.771,0.009,0.0,0.001,0.0,0.0,49.929
0,0.0,0.0,100.0,0.0,0.0,0.0,8.571,-17.828,26.4,55.757,49.913,57.404,51.861,55.757,0.009,0.0,0.001,0.0,0.0,49.913
0,0.0,0.0,100.0,0.0,0.0,0.0,8.571,-17.828,26.4,55.743,49.894,57.402,51.844,55.743,0.009,0.0,0.001,0.0,0.0,49.894
0,0.0,0.0,100.0,0.0,0.0,0.0,8.571,-17.828,26.4,55.728,49.891,57.399,51.826,55.728,0.009,0.0,0.001,0.0,0.0,49.891
0,0.0,0.0,100.0,0.0,0.0,0.0,8.571,-17.828,26.4,55.714,49.909,57.397,51.809,55.714,0.009,0.0,0.001,0.0,0.0,49.909
0,0.0,0.0,100.0,0.0,0.0,0.0,8.571,-17.828,26.4,55.7,49.878,57.395,51.792,55.7,0.009,0.0,0.001,0.0,0.0,49.878
0,0.0,0.0,100.0,0.0,0.0,0.0,8.571,-17.828,26.4,55.685,49.873,57.393,51.775,55.685,0.009,0.0,0.001,0.0,0.0,49.873
0,0.0,0.0,100.0,0.0,0.0,0.0,8.571,-17.828,26.4,55.671,49.873,57.39,51.758,55.671,0.009,0.0,0.001,0.0,0.0,49.873
0,0.0,0.0,100.0,0.0,0.0,0.0,8.571,-17.828,26.4,55.657,49.907,57.388,51.741,55.657,0.009,0.0,0.001,0.0,0.0,49.907
0,0.0,0.0,100.0,0.0,0.0,0.0,8.571,-17.828,26.4,55.642,49.879,57.386,51.724,55.642,0.009,0.0,0.001,0.0,0.0,49.879
0,0.0,0.0,100.0,0.0,0.0,0.0,8.571,-17.828,26.4,55.628,49.857,57.384,51.708,55.628,0.009,0.0,0.001,0.0,0.0,49.857
0,0.0,0.0,100.0,0.0,0.0,0.0,8.571,-17.828,26.4,55.613,49.856,57.381,51.691,55.613,0.009,0.0,0.001,0.0,0.0,49.856
0,0.0,0.0,100.0,0.0,0.0,0.0,8.571,-17.828,26.4,55.599,49.857,57.379,51.675,55.599,0.009,0.0,0.001,0.0,0.0,49.857
0,0.0,0.0,100.0,0.0,0.0,0.0,8.571,-17.828,26.4,55.584,49.841,57.377,51.659,55.584,0.009,0.0,0.001,0.0,0.0,49.841
0,0.0,0.0,100.0,0.0,0.0,0.0,8.571,-17.828,26.4,55.57,49.822,57.375,51.642,55.57,0.009,0.0,0.001,0.0,0.0,49.822
0,0.0,0.0,100.0,0.0,0.0,0.0,8.571,-17.828,26.4,55.556,49.82,57.372,51.626,55.556,0.009,0.0,0.001,0.0,0.0,49.82
0,0.0,0.0,100.0,0.0,0.0,0.0,8.571,-17.828,26.4,55.541,49.803,57.37,51.61,55.541,0.009,0.0,0.001,0.0,0.0,49.803
0,0.0,0.0,100.0,0.0,0.0,0.0,8.571,-17.828,26.4,55.527,49.818,57.368,51.594,55.527,0.009,0.0,0.001,0.0,0.0,49.818
0,0.0,0.0,100.0,0.0,0.0,0.0,8.571,-17.828,26.4,55.512,49.82,57.366,51.578,55.512,0.009,0.0,0.001,0.0,0.0,49.82
0,0.0,0.0,100.0,0.0,0.0,0.0,8.571,-17.828,26.4,55.498,49.835,57.364,51.562,55.498,0.009,0.0,0.001,0.0,0.0,49.835
0,0.0,0.0,100.0,0.0,0.0,0.0,8.571,-17.828,26.4,55.483,49.854,57.361,51.547,55.483,0.009,0.0,0.001,0.0,0.0,49.854
0,0.0,0.0,100.0,0.0,0.0,0.0,8.571,-17.828,26.4,55.469,49.856,57.359,51.531,55.469,0.009,0.0,0.001,0.0,0.0,49.856
0,0.0,0.0,100.0,0.0,0.0,0.0,8.571,-17.828,26.4,55.455,49.871,57.357,51.517,55.455,0.009,0.0,0.001,0.0,0.0,49.871
0,0.0,0.0,100.0,0.0,0.0,0.0,8.571,-17.828,26.4,55.44,49.89,57.355,51.502,55.44,0.009,0.0,0.001,0.0,0.0,49.89
0,0.0,0.0,100.0,0.0,0.0,0.0,8.571,-17.828,26.4,55.426,49.893,57.352,51.487,55.426,0.009,0.0,0.001,0.0,0.0,49.893
0,0.0,0.0,100.0,0.0,0.0,0.0,8.571,-17.828,26.4,55.411,49.875,57.35,51.473,55.411,0.009,0.0,0.001,0.0,0.0,49.875
0,0.0,0.0,100.0,0.0,0.0,0.0,8.571,-17.828,26.4,55.397,49.888,57.348,51.459,55.397,0.009,0.0,0.001,0.0,0.0,49.888
0,0.0,0.0,100.0,0.0,0.0,0.0,8.571,-17.828,26.4,55.382,49.924,57.346,51.445,55.382,0.009,0.0,0.001,0.0,0.0,49.924
0,0.0,0.0,100.0,0.0,0.0,0.0,8.571,-17.828,26.4,55.368,49.945,57.344,51.431,55.368,0.009,0.0,0.001,0.0,0.0,49.945
0,0.0,0.0,100.0,0.0,0.0,0.0,8.571,-17.828,26.4,55.353,49.93,57.341,51.418,55.353,0.009,0.0,0.001,0.0,0.0,49.93
0,0.0,0.0,100.0,0.0,0.0,0.0,8.571,-17.828,26.4,55.339,49.929,57.339,51.405,55.339,0.009,0.0,0.001,0.0,0.0,49.929
0,0.0,0.0,100.0,0.0,0.0,0.0,8.571,-17.828,26.4,55.324,49.895,57.337,51.391,55.324,0.009,0.0,0.001,0.0,0.0,49.895
0,0.0,0.0,100.0,0.0,0.0,0.0,8.571,-17.828,26.4,55.31,49.924,57.335,51.378,55.31,0.009,0.0,0.001,0.0,0.0,49.924
0,0.0,0.0,100.0,0.0,0.0,0.0,8.571,-17.828,26.4,55.295,49.898,57.333,51.365,55.295,0.009,0.0,0.001,0.0,0.0,49.898
0,0.0,0.0,100.0,0.0,0.0,0.0,8.571,-17.828,26.4,55.281,49.859,57.331,51.352,55.281,0.009,0.0,0.001,0.0,0.0,49.859
0,0.0,0.0,100.0,0.0,0.0,0.0,8.571,-17.828,26.4,55.267,49.871,57.328,51.338,55.267,0.009,0.0,0.001,0.0,0.0,49.871
0,0.0,0.0,100.0,0.0,0.0,0.0,8.571,-17.828,26.4,55.252,49.89,57.326,51.325,55.252,0.009,0.0,0.001,0.0,0.0,49.89
0,0.0,0.0,100.0,0.0,0.0,0.0,8.571,-17.828,26.4,55.238,49.894,57.324,51.312,55.238,0.009,0.0,0.001,0.0,0.0,49.894
0,0.0,0.0,100.0,0.0,0.0,0.0,8.571,-17.828,26.4,55.223,49.86,57.322,51.3,55.223,0.009,0.0,0.001,0.0,0.0,49.86
0,0.0,0.0,100.0,0.0,0.0,0.0,8.571,-17.828,26.4,55.209,49.855,57.32,51.287,55.209,0.009,0.0,0.001,0.0,0.0,49.855
0,0.0,0.0,100.0,0.0,0.0,0.0,8.571,-17.828,26.4,55.195,49.859,57.317,51.274,55.195,0.009,0.0,0.001,0.0,0.0,49.859
0,0.0,0.0,100.0,0.0,0.0,0.0,8.571,-17.828,26.4,55.18,49.776,57.315,51.261,55.18,0.009,0.0,0.001,0.0,0.0,49.776
0,0.0,0.0,100.0,0.0,0.0,0.0,8.571,-17.828,26.4,55.166,49.764,57.313,51.248,55.166,0.009,0.0,0.001,0.0,0.0,49.764
0,0.0,0.0,100.0,0.0,0.0,0.0,8.571,-17.828,26.4,55.151,49.782,57.311,51.234,55.151,0.009,0.0,0.001,0.0,0.0,49.782
0,0.0,0.0,100.0,0.0,0.0,0.0,8.571,-17.828,26.4,55.137,49.785,57.309,51.221,55.137,0.009,0.0,0.001,0.0,0.0,49.785
0,0.0,0.0,100.0,0.0,0.0,0.0,8.571,-17.828,26.4,55.123,49.768,57.306,51.209,55.123,0.009,0.0,0.001,0.0,0.0,49.768
0,0.0,0.0,100.0,0.0,0.0,0.0,8.571,-17.828,26.4,55.108,49.766,57.304,51.196,55.108,0.009,0.0,0.001,0.0,0.0,49.766
0,0.0,0.0,100.0,0.0,0.0,0.0,8.571,-17.828,26.4,55.094,49.766,57.302,51.183,55.094,0.009,0.0,0.001,0.0,0.0,49.766
0,0.0,0.0,100.0,0.0,0.0,0.0,8.571,-17.828,26.4,55.08,49.766,57.3,51.17,55.08,0.009,0.0,0.001,0.0,0.0,49.766
0,0.0,0.0,100.0,0.0,0.0,0.0,8.571,-17.828,26.4,55.065,49.767,57.297,51.158,55.065,0.009,0.0,0.001,0.0,0.0,49.767
0,0.0,0.0,100.0,0.0,0.0,0.0,8.571,-17.828,26.4,55.051,49.749,57.295,51.145,55.051,0.009,0.0,0.001,0.0,0.0,49.749
0,0.0,0.0,100.0,0.0,0.0,0.0,8.571,-17.828,26.4,55.036,49.763,57.293,51.133,55.036,0.009,0.0,0.001,0.0,0.0,49.763
0,0.0,0.0,100.0,0.0,0.0,0.0,8.571,-17.828,26.4,55.022,49.782,57.291,51.121,55.022,0.009,0.0,0.001,0.0,0.0,49.782
0,0.0,0.0,100.0,0.0,0.0,0.0,8.571,-17.828,26.4,55.008,49.802,57.289,51.109,55.008,0.009,0.0,0.001,0.0,0.0,49.802
0,0.0,0.0,100.0,0.0,0.0,0.0,8.571,-17.828,26.4,54.994,49.77,57.286,51.097,54.994,0.009,0.0,0.001,0.0,0.0,49.77
0,0.0,0.0,100.0,0.0,0.0,0.0,8.571,-17.828,26.4,54.979,49.768,57.284,51.085,54.979,0.009,0.0,0.001,0.0,0.0,49.768
0,0.0,0.0,100.0,0.0,0.0,0.0,8.571,-17.828,26.4,54.965,49.702,57.282,51.073,54.965,0.009,0.0,0.001,0.0,0.0,49.702
0,0.0,0.0,100.0,0.0,0.0,0.0,8.571,-17.828,26.4,54.951,49.691,57.28,51.061,54.951,0.009,0.0,0.001,0.0,0.0,49.691
0,0.0,0.0,100.0,0.0,0.0,0.0,8.571,-17.828,26.4,54.936,49.744,57.278,51.048,54.936,0.009,0.0,0.001,0.0,0.0,49.744
0,0.0,0.0,100.0,0.0,0.0,0.0,8.571,-17.828,26.4,54.922,49.701,57.275,51.037,54.922,0.009,0.0,0.001,0.0,0.0,49.701
0,0.0,0.0,100.0,0.0,0.0,0.0,8.571,-17.828,26.4,54.908,49.693,57.273,51.025,54.908,0.009,0.0,0.001,0.0,0.0,49.693
0,0.0,0.0,100.0,0.0,0.0,0.0,8.571,-17.828,26.4,54.893,49.695,57.271,51.013,54.893,0.009,0.0,0.001,0.0,0.0,49.695
0,0.0,0.0,100.0,0.0,0.0,0.0,8.571,-17.828,26.4,54.879,49.663,57.269,51.001,54.879,0.009,0.0,0.001,0.0,0.0,49.663
0,0.0,0.0,100.0,0.0,0.0,0.0,8.571,-17.828,26.4,54.865,49.641,57.266,50.989,54.865,0.009,0.0,0.001,0.0,0.0,49.641
0,0.0,0.0,100.0,0.0,0.0,0.0,8.571,-17.828,26.4,54.851,49.657,57.264,50.977,54.851,0.009,0.0,0.001,0.0,0.0,49.657
0,0.0,0.0,100.0,0.0,0.0,0.0,8.571,-17.828,26.4,54.837,49.609,57.262,50.965,54.837,0.009,0.0,0.001,0.0,0.0,49.609
0,0.0,0.0,100.0,0.0,0.0,0.0,8.571,-17.828,26.4,54.822,49.636,57.26,50.953,54.822,0.009,0.0,0.001,0.0,0.0,49.636
0,0.0,0.0,100.0,0.0,0.0,0.0,8.571,-17.828,26.4,54.808,49.625,57.258,50.941,54.808,0.009,0.0,0.001,0.0,0.0,49.625
0,0.0,0.0,100.0,0.0,0.0,0.0,8.571,-17.828,26.4,54.794,49.606,57.255,50.929,54.794,0.009,0.0,0.001,0.0,0.0,49.606
0,0.0,0.0,100.0,0.0,0.0,0.0,8.571,-17.828,26.4,54.78,49.602,57.253,50.917,54.78,0.009,0.0,0.001,0.0,0.0,49.602
0,0.0,0.0,100.0,0.0,0.0,0.0,8.571,-17.828,26.4,54.766,49.637,57.251,50.906,54.766,0.009,0.0,0.001,0.0,0.0,49.637
0,0.0,0.0,100.0,0.0,0.0,0.0,8.571,-17.828,26.4,54.751,49.609,57.249,50.894,54.751,0.009,0.0,0.001,0.0,0.0,49.609
0,0.0,0.0,100.0,0.0,0.0,0.0,8.571,-17.828,26.4,54.737,49.603,57.246,50.883,54.737,0.009,0.0,0.001,0.0,0.0,49.603
0,0.0,0.0,100.0,0.0,0.0,0.0,8.571,-17.828,26.4,54.723,49.604,57.244,50.871,54.723,0.009,0.0,0.001,0.0,0.0,49.604
0,0.0,0.0,100.0,0.0,0.0,0.0,8.571,-17.828,26.4,54.709,49.604,57.242,50.86,54.709,0.009,0.0,0.001,0.0,0.0,49.604
0,0.0,0.0,100.0,0.0,0.0,0.0,8.571,-17.828,26.4,54.695,49.605,57.24,50.849,54.695,0.009,0.0,0.001,0.0,0.0,49.605
0,0.0,0.0,100.0,0.0,0.0,0.0,8.571,-17.828,26.4,54.681,49.573,57.238,50.837,54.681,0.009,0.0,0.001,0.0,0.0,49.573
0,0.0,0.0,100.0,0.0,0.0,0.0,8.571,-17.828,26.4,54.666,49.55,57.235,50.826,54.666,0.009,0.0,0.001,0.0,0.0,49.55
0,0.0,0.0,100.0,0.0,0.0,0.0,8.571,-17.828,26.4,54.652,49.581,57.233,50.815,54.652,0.009,0.0,0.001,0.0,0.0,49.581
0,0.0,0.0,100.0,0.0,0.0,0.0,8.571,-17.828,26.4,54.638,49.603,57.231,50.804,54.638,0.009,0.0,0.001,0.0,0.0,49.603
0,0.0,0.0,100.0,0.0,0.0,0.0,8.571,-17.828,26.4,54.624,49.588,57.229,50.793,54.624,0.009,0.0,0.001,0.0,0.0,49.588
0,0.0,0.0,100.0,0.0,0.0,0.0,8.571,-17.828,26.4,54.61,49.586,57.227,50.782,54.61,0.009,0.0,0.001,0.0,0.0,49.586
0,0.0,0.0,100.0,0.0,0.0,0.0,8.571,-17.828,26.4,54.596,49.585,57.224,50.771,54.596,0.009,0.0,0.001,0.0,0.0,49.585
0,0.0,0.0,100.0,0.0,0.0,0.0,8.571,-17.828,26.4,54.582,49.603,57.222,50.761,54.582,0.009,0.0,0.001,0.0,0.0,49.603
0,0.0,0.0,100.0,0.0,0.0,0.0,8.571,-17.828,26.4,54.568,49.587,57.22,50.75,54.568,0.009,0.0,0.001,0.0,0.0,49.587
0,0.0,0.0,100.0,0.0,0.0,0.0,8.571,-17.828,26.4,54.554,49.635,57.218,50.74,54.554,0.009,0.0,0.001,0.0,0.0,49.635
0,0.0,0.0,100.0,0.0,0.0,0.0,8.571,-17.828,26.4,54.54,49.608,57.215,50.73,54.54,0.009,0.0,0.001,0.0,0.0,49.608
0,0.0,0.0,100.0,0.0,0.0,0.0,8.571,-17.828,26.4,54.526,49.636,57.213,50.72,54.526,0.009,0.0,0.001,0.0,0.0,49.636
0,0.0,0.0,100.0,0.0,0.0,0.0,8.571,-17.828,26.4,54.512,49.625,57.211,50.71,54.512,0.009,0.0,0.001,0.0,0.0,49.625
0,0.0,0.0,100.0,0.0,0.0,0.0,8.571,-17.828,26.4,54.498,49.604,57.209,50.701,54.498,0.009,0.0,0.001,0.0,0.0,49.604
