variable,index,time_s,sax_before,sax_after,symbol_before,symbol_after,symbol_jump
AHU Supply Air Temperature (°K),348,104400.0,3,2,d,c,1
AHU Supply Air Temperature (°K),405,121500.0,2,3,c,d,1
AHU Supply Air Temperature (°K),416,124800.0,3,2,d,c,1
AHU Supply Air Temperature (°K),459,137700.0,2,3,c,d,1
AHU Supply Air Temperature (°K),471,141300.0,3,2,d,c,1
AHU Supply Air Temperature (°K),499,149700.0,2,3,c,d,1
AHU Supply Air Temperature (°K),511,153300.0,3,2,d,c,1
AHU Supply Air Temperature (°K),572,171600.0,2,1,c,b,1
AHU Supply Air Temperature (°K),664,199200.0,1,2,b,c,1
AHU Supply Air Temperature (°K),682,204600.0,2,3,c,d,1
AHU Supply Air Temperature (°K),693,207900.0,3,2,d,c,1
AHU Supply Air Temperature (°K),720,216000.0,2,3,c,d,1
AHU Supply Air Temperature (°K),732,219600.0,3,2,d,c,1
AHU Supply Air Temperature (°K),747,224100.0,2,1,c,b,1
AHU Supply Air Temperature (°K),750,225000.0,1,2,b,c,1
AHU Supply Air Temperature (°K),751,225300.0,2,3,c,d,1
AHU Supply Air Temperature (°K),765,229500.0,3,2,d,c,1
AHU Supply Air Temperature (°K),768,230400.0,2,1,c,b,1
AHU Supply Air Temperature (°K),776,232800.0,1,2,b,c,1
AHU Supply Air Temperature (°K),777,233100.0,2,3,c,d,1
AHU Supply Air Temperature (°K),792,237600.0,3,2,d,c,1
AHU Supply Air Temperature (°K),796,238800.0,2,3,c,d,1
AHU Supply Air Temperature (°K),863,258900.0,3,2,d,c,1
AHU Supply Air Temperature (°K),1031,309300.0,2,1,c,b,1
AHU Supply Air Temperature (°K),1526,457800.0,1,2,b,c,1
AHU Supply Air Temperature (°K),1530,459000.0,2,3,c,d,1
AHU Supply Air Temperature (°K),1554,466200.0,3,2,d,c,1
AHU Supply Air Temperature (°K),1560,468000.0,2,3,c,d,1
AHU Supply Air Temperature (°K),1603,480900.0,3,2,d,c,1
AHU Supply Air Temperature (°K),1631,489300.0,2,3,c,d,1
AHU Supply Air Temperature (°K),1758,527400.0,3,2,d,c,1
AHU Supply Air Temperature (°K),1760,528000.0,2,3,c,d,1
AHU Supply Air Temperature (°K),1825,547500.0,3,2,d,c,1
AHU Supply Air Temperature (°K),1828,548400.0,2,3,c,d,1
AHU Supply Air Temperature (°K),1846,553800.0,3,2,d,c,1
AHU Supply Air Temperature (°K),1851,555300.0,2,3,c,d,1
AHU Supply Air Temperature (°K),1853,555900.0,3,2,d,c,1
AHU Supply Air Temperature (°K),1891,567300.0,2,3,c,d,1
AHU Supply Air Temperature (°K),1902,570600.0,3,2,d,c,1
AHU Supply Air Temperature (°K),1922,576600.0,2,3,c,d,1
AHU Supply Air Temperature (°K),1937,581100.0,3,2,d,c,1
AHU Supply Air Temperature (°K),1940,582000.0,2,1,c,b,1
AHU Supply Air Temperature (°K),1948,584400.0,1,2,b,c,1
AHU Supply Air Temperature (°K),1949,584700.0,2,3,c,d,1
AHU Supply Air Temperature (°K),2102,630600.0,3,2,d,c,1
AHU Supply Air Temperature (°K),2103,630900.0,2,1,c,b,1
AHU Supply Air Temperature (°K),2116,634800.0,1,2,b,c,1
AHU Supply Air Temperature (°K),2117,635100.0,2,3,c,d,1
AHU Supply Air Temperature (°K),2129,638700.0,3,2,d,c,1
AHU Supply Air Temperature (°K),2132,639600.0,2,3,c,d,1
AHU Supply Air Temperature (°K),2133,639900.0,3,2,d,c,1
AHU Supply Air Temperature (°K),2148,644400.0,2,3,c,d,1
AHU Supply Air Temperature (°K),2160,648000.0,3,2,d,c,1
AHU Supply Air Temperature (°K),2181,654300.0,2,3,c,d,1
AHU Supply Air Temperature (°K),2192,657600.0,3,2,d,c,1
AHU Supply Air Temperature (°K),2211,663300.0,2,3,c,d,1
AHU Supply Air Temperature (°K),2225,667500.0,3,2,d,c,1
AHU Supply Air Temperature (°K),2228,668400.0,2,1,c,b,1
AHU Supply Air Temperature (°K),2237,671100.0,1,2,b,c,1
AHU Supply Air Temperature (°K),2238,671400.0,2,3,c,d,1
AHU Supply Air Temperature (°K),2390,717000.0,3,2,d,c,1
AHU Supply Air Temperature (°K),2411,723300.0,2,3,c,d,1
AHU Supply Air Temperature (°K),2422,726600.0,3,2,d,c,1
AHU Supply Air Temperature (°K),2446,733800.0,2,3,c,d,1
AHU Supply Air Temperature (°K),2457,737100.0,3,2,d,c,1
AHU Supply Air Temperature (°K),2484,745200.0,2,3,c,d,1
AHU Supply Air Temperature (°K),2495,748500.0,3,2,d,c,1
AHU Supply Air Temperature (°K),2510,753000.0,2,1,c,b,1
AHU Supply Air Temperature (°K),2513,753900.0,1,2,b,c,1
AHU Supply Air Temperature (°K),2514,754200.0,2,3,c,d,1
AHU Supply Air Temperature (°K),2527,758100.0,3,2,d,c,1
AHU Supply Air Temperature (°K),2532,759600.0,2,1,c,b,1
AHU Supply Air Temperature (°K),2679,803700.0,1,2,b,c,1
AHU Supply Air Temperature (°K),2699,809700.0,2,3,c,d,1
AHU Supply Air Temperature (°K),2710,813000.0,3,2,d,c,1
AHU Supply Air Temperature (°K),2735,820500.0,2,3,c,d,1
AHU Supply Air Temperature (°K),2746,823800.0,3,2,d,c,1
AHU Supply Air Temperature (°K),2766,829800.0,2,3,c,d,1
AHU Supply Air Temperature (°K),2778,833400.0,3,2,d,c,1
AHU Supply Air Temperature (°K),2781,834300.0,2,3,c,d,1
AHU Supply Air Temperature (°K),2782,834600.0,3,2,d,c,1
AHU Supply Air Temperature (°K),2792,837600.0,2,1,c,b,1
AHU Supply Air Temperature (°K),2795,838500.0,1,2,b,c,1
AHU Supply Air Temperature (°K),2796,838800.0,2,3,c,d,1
AHU Supply Air Temperature (°K),2809,842700.0,3,2,d,c,1
AHU Supply Air Temperature (°K),2814,844200.0,2,1,c,b,1
AHU Supply Air Temperature (°K),3485,1045500.0,1,0,b,a,1
AHU Supply Air Temperature (°K),3547,1064100.0,0,1,a,b,1
AHU Supply Air Temperature (°K),3549,1064700.0,1,2,b,c,1
AHU Supply Air Temperature (°K),3550,1065000.0,2,3,c,d,1
AHU Supply Air Temperature (°K),3568,1070400.0,3,2,d,c,1
AHU Supply Air Temperature (°K),3569,1070700.0,2,3,c,d,1
AHU Supply Air Temperature (°K),3655,1096500.0,3,2,d,c,1
AHU Supply Air Temperature (°K),3830,1149000.0,2,1,c,b,1
AHU Supply Air Temperature (°K),3831,1149300.0,1,0,b,a,1
AHU Supply Air Temperature (°K),3836,1150800.0,0,1,a,b,1
AHU Supply Air Temperature (°K),3838,1151400.0,1,2,b,c,1
AHU Supply Air Temperature (°K),3841,1152300.0,2,3,c,d,1
AHU Supply Air Temperature (°K),3890,1167000.0,3,2,d,c,1
AHU Supply Air Temperature (°K),3892,1167600.0,2,1,c,b,1
AHU Supply Air Temperature (°K),3894,1168200.0,1,2,b,c,1
AHU Supply Air Temperature (°K),3906,1171800.0,2,3,c,d,1
AHU Supply Air Temperature (°K),3919,1175700.0,3,2,d,c,1
AHU Supply Air Temperature (°K),3948,1184400.0,2,1,c,b,1
AHU Supply Air Temperature (°K),3952,1185600.0,1,2,b,c,1
AHU Supply Air Temperature (°K),3953,1185900.0,2,3,c,d,1
AHU Supply Air Temperature (°K),3965,1189500.0,3,2,d,c,1
AHU Supply Air Temperature (°K),4118,1235400.0,2,1,c,b,1
AHU Supply Air Temperature (°K),4130,1239000.0,1,2,b,c,1
AHU Supply Air Temperature (°K),4131,1239300.0,2,3,c,d,1
AHU Supply Air Temperature (°K),4144,1243200.0,3,2,d,c,1
AHU Supply Air Temperature (°K),4146,1243800.0,2,3,c,d,1
AHU Supply Air Temperature (°K),4148,1244400.0,3,2,d,c,1
AHU Supply Air Temperature (°K),4168,1250400.0,2,3,c,d,1
AHU Supply Air Temperature (°K),4179,1253700.0,3,2,d,c,1
AHU Supply Air Temperature (°K),4182,1254600.0,2,3,c,d,1
AHU Supply Air Temperature (°K),4183,1254900.0,3,2,d,c,1
AHU Supply Air Temperature (°K),4205,1261500.0,2,3,c,d,1
AHU Supply Air Temperature (°K),4240,1272000.0,3,2,d,c,1
AHU Supply Air Temperature (°K),4252,1275600.0,2,3,c,d,1
AHU Supply Air Temperature (°K),4406,1321800.0,3,2,d,c,1
AHU Supply Air Temperature (°K),4407,1322100.0,2,1,c,b,1
AHU Supply Air Temperature (°K),4418,1325400.0,1,2,b,c,1
AHU Supply Air Temperature (°K),4419,1325700.0,2,3,c,d,1
AHU Supply Air Temperature (°K),4436,1330800.0,3,2,d,c,1
AHU Supply Air Temperature (°K),4438,1331400.0,2,1,c,b,1
AHU Supply Air Temperature (°K),4447,1334100.0,1,2,b,c,1
AHU Supply Air Temperature (°K),4448,1334400.0,2,3,c,d,1
AHU Supply Air Temperature (°K),4460,1338000.0,3,2,d,c,1
AHU Supply Air Temperature (°K),4466,1339800.0,2,1,c,b,1
AHU Supply Air Temperature (°K),4475,1342500.0,1,2,b,c,1
AHU Supply Air Temperature (°K),4476,1342800.0,2,3,c,d,1
AHU Supply Air Temperature (°K),4488,1346400.0,3,2,d,c,1
AHU Supply Air Temperature (°K),4491,1347300.0,2,3,c,d,1
AHU Supply Air Temperature (°K),4492,1347600.0,3,2,d,c,1
AHU Supply Air Temperature (°K),4497,1349100.0,2,1,c,b,1
AHU Supply Air Temperature (°K),4505,1351500.0,1,3,b,d,2
AHU Supply Air Temperature (°K),4523,1356900.0,3,2,d,c,1
AHU Supply Air Temperature (°K),4525,1357500.0,2,1,c,b,1
AHU Supply Air Temperature (°K),4532,1359600.0,1,2,b,c,1
AHU Supply Air Temperature (°K),4533,1359900.0,2,3,c,d,1
AHU Supply Air Temperature (°K),4548,1364400.0,3,2,d,c,1
AHU Supply Air Temperature (°K),4694,1408200.0,2,1,c,b,1
AHU Supply Air Temperature (°K),4695,1408500.0,1,0,b,a,1
AHU Supply Air Temperature (°K),4700,1410000.0,0,1,a,b,1
AHU Supply Air Temperature (°K),4702,1410600.0,1,2,b,c,1
AHU Supply Air Temperature (°K),4704,1411200.0,2,3,c,d,1
AHU Supply Air Temperature (°K),4735,1420500.0,3,2,d,c,1
AHU Supply Air Temperature (°K),4757,1427100.0,2,3,c,d,1
AHU Supply Air Temperature (°K),4809,1442700.0,3,2,d,c,1
AHU Supply Air Temperature (°K),4822,1446600.0,2,1,c,b,1
AHU Supply Air Temperature (°K),4827,1448100.0,1,2,b,c,1
AHU Supply Air Temperature (°K),4828,1448400.0,2,3,c,d,1
AHU Supply Air Temperature (°K),5262,1578600.0,3,2,d,c,1
AHU Supply Air Temperature (°K),5521,1656300.0,2,1,c,b,1
AHU Supply Air Temperature (°K),5846,1753800.0,1,0,b,a,1
AHU Supply Air Temperature (°K),5852,1755600.0,0,1,a,b,1
AHU Supply Air Temperature (°K),5853,1755900.0,1,2,b,c,1
AHU Supply Air Temperature (°K),5855,1756500.0,2,3,c,d,1
AHU Supply Air Temperature (°K),5875,1762500.0,3,2,d,c,1
AHU Supply Air Temperature (°K),5878,1763400.0,2,3,c,d,1
AHU Supply Air Temperature (°K),5936,1780800.0,3,2,d,c,1
AHU Supply Air Temperature (°K),5944,1783200.0,2,3,c,d,1
AHU Supply Air Temperature (°K),5956,1786800.0,3,2,d,c,1
AHU Supply Air Temperature (°K),6133,1839900.0,2,1,c,b,1
AHU Supply Air Temperature (°K),6134,1840200.0,1,0,b,a,1
AHU Supply Air Temperature (°K),6140,1842000.0,0,1,a,b,1
AHU Supply Air Temperature (°K),6142,1842600.0,1,2,b,c,1
AHU Supply Air Temperature (°K),6145,1843500.0,2,3,c,d,1
AHU Supply Air Temperature (°K),6249,1874700.0,3,2,d,c,1
AHU Supply Air Temperature (°K),6422,1926600.0,2,1,c,b,1
AHU Supply Air Temperature (°K),6423,1926900.0,1,0,b,a,1
AHU Supply Air Temperature (°K),6429,1928700.0,0,1,a,b,1
AHU Supply Air Temperature (°K),6430,1929000.0,1,2,b,c,1
AHU Supply Air Temperature (°K),6432,1929600.0,2,3,c,d,1
AHU Supply Air Temperature (°K),6489,1946700.0,3,2,d,c,1
AHU Supply Air Temperature (°K),6504,1951200.0,2,3,c,d,1
AHU Supply Air Temperature (°K),6515,1954500.0,3,2,d,c,1
AHU Supply Air Temperature (°K),6530,1959000.0,2,1,c,b,1
AHU Supply Air Temperature (°K),6534,1960200.0,1,2,b,c,1
AHU Supply Air Temperature (°K),6535,1960500.0,2,3,c,d,1
AHU Supply Air Temperature (°K),6549,1964700.0,3,2,d,c,1
AHU Supply Air Temperature (°K),6710,2013000.0,2,1,c,b,1
AHU Supply Air Temperature (°K),6720,2016000.0,1,2,b,c,1
AHU Supply Air Temperature (°K),6721,2016300.0,2,3,c,d,1
AHU Supply Air Temperature (°K),6961,2088300.0,3,2,d,c,1
AHU Supply Air Temperature (°K),7315,2194500.0,2,1,c,b,1
AHU Supply Air Temperature (°K),7575,2272500.0,1,0,b,a,1
AHU Supply Air Temperature (°K),7580,2274000.0,0,1,a,b,1
AHU Supply Air Temperature (°K),7581,2274300.0,1,2,b,c,1
AHU Supply Air Temperature (°K),7583,2274900.0,2,3,c,d,1
AHU Supply Air Temperature (°K),7614,2284200.0,3,2,d,c,1
AHU Supply Air Temperature (°K),7630,2289000.0,2,3,c,d,1
AHU Supply Air Temperature (°K),7641,2292300.0,3,2,d,c,1
AHU Supply Air Temperature (°K),7661,2298300.0,2,3,c,d,1
AHU Supply Air Temperature (°K),7673,2301900.0,3,2,d,c,1
AHU Supply Air Temperature (°K),7700,2310000.0,2,3,c,d,1
AHU Supply Air Temperature (°K),7713,2313900.0,3,2,d,c,1
AHU Supply Air Temperature (°K),7861,2358300.0,2,1,c,b,1
AHU Supply Air Temperature (°K),7866,2359800.0,1,2,b,c,1
AHU Supply Air Temperature (°K),7879,2363700.0,2,3,c,d,1
AHU Supply Air Temperature (°K),7890,2367000.0,3,2,d,c,1
AHU Supply Air Temperature (°K),7914,2374200.0,2,3,c,d,1
AHU Supply Air Temperature (°K),7925,2377500.0,3,2,d,c,1
AHU Supply Air Temperature (°K),7936,2380800.0,2,3,c,d,1
AHU Supply Air Temperature (°K),7974,2392200.0,3,2,d,c,1
AHU Supply Air Temperature (°K),7988,2396400.0,2,1,c,b,1
AHU Supply Air Temperature (°K),7992,2397600.0,1,2,b,c,1
AHU Supply Air Temperature (°K),7993,2397900.0,2,3,c,d,1
AHU Supply Air Temperature (°K),8137,2441100.0,3,2,d,c,1
AHU Supply Air Temperature (°K),8180,2454000.0,2,3,c,d,1
AHU Supply Air Temperature (°K),8226,2467800.0,3,2,d,c,1
AHU Supply Air Temperature (°K),8239,2471700.0,2,3,c,d,1
AHU Supply Air Temperature (°K),8240,2472000.0,3,0,d,a,3
AHU Supply Air Temperature (°K),8245,2473500.0,0,1,a,b,1
AHU Supply Air Temperature (°K),8246,2473800.0,1,2,b,c,1
AHU Supply Air Temperature (°K),8249,2474700.0,2,3,c,d,1
AHU Supply Air Temperature (°K),8252,2475600.0,3,2,d,c,1
AHU Supply Air Temperature (°K),8292,2487600.0,2,3,c,d,1
AHU Supply Air Temperature (°K),8515,2554500.0,3,2,d,c,1
AHU Supply Air Temperature (°K),8553,2565900.0,2,3,c,d,1
AHU Supply Air Temperature (°K),8565,2569500.0,3,2,d,c,1
AHU Supply Air Temperature (°K),8570,2571000.0,2,1,c,b,1
AHU Supply Air Temperature (°K),8578,2573400.0,1,2,b,c,1
AHU Supply Air Temperature (°K),8579,2573700.0,2,3,c,d,1
AHU Supply Air Temperature (°K),8725,2617500.0,3,2,d,c,1
AHU Supply Air Temperature (°K),8726,2617800.0,2,1,c,b,1
AHU Supply Air Temperature (°K),8730,2619000.0,1,0,b,a,1
AHU Supply Air Temperature (°K),8732,2619600.0,0,1,a,b,1
AHU Supply Air Temperature (°K),8735,2620500.0,1,2,b,c,1
AHU Supply Air Temperature (°K),8736,2620800.0,2,3,c,d,1
AHU Supply Air Temperature (°K),8794,2638200.0,3,2,d,c,1
AHU Supply Air Temperature (°K),8811,2643300.0,2,3,c,d,1
AHU Supply Air Temperature (°K),8822,2646600.0,3,2,d,c,1
AHU Supply Air Temperature (°K),8842,2652600.0,2,1,c,b,1
AHU Supply Air Temperature (°K),8844,2653200.0,1,2,b,c,1
AHU Supply Air Temperature (°K),8845,2653500.0,2,3,c,d,1
AHU Supply Air Temperature (°K),8857,2657100.0,3,2,d,c,1
AHU Supply Air Temperature (°K),9058,2717400.0,2,1,c,b,1
AHU Supply Air Temperature (°K),9461,2838300.0,1,0,b,a,1
AHU Supply Air Temperature (°K),9595,2878500.0,0,1,a,b,1
AHU Supply Air Temperature (°K),9597,2879100.0,1,2,b,c,1
AHU Supply Air Temperature (°K),9599,2879700.0,2,3,c,d,1
AHU Supply Air Temperature (°K),9644,2893200.0,3,2,d,c,1
AHU Supply Air Temperature (°K),9661,2898300.0,2,3,c,d,1
AHU Supply Air Temperature (°K),9672,2901600.0,3,2,d,c,1
AHU Supply Air Temperature (°K),9694,2908200.0,2,3,c,d,1
AHU Supply Air Temperature (°K),9706,2911800.0,3,2,d,c,1
AHU Supply Air Temperature (°K),9711,2913300.0,2,1,c,b,1
AHU Supply Air Temperature (°K),9719,2915700.0,1,2,b,c,1
AHU Supply Air Temperature (°K),9720,2916000.0,2,3,c,d,1
AHU Supply Air Temperature (°K),9732,2919600.0,3,2,d,c,1
AHU Supply Air Temperature (°K),9878,2963400.0,2,1,c,b,1
AHU Supply Air Temperature (°K),9889,2966700.0,1,3,b,d,2
AHU Supply Air Temperature (°K),9908,2972400.0,3,2,d,c,1
AHU Supply Air Temperature (°K),9910,2973000.0,2,1,c,b,1
AHU Supply Air Temperature (°K),9919,2975700.0,1,2,b,c,1
AHU Supply Air Temperature (°K),9920,2976000.0,2,3,c,d,1
AHU Supply Air Temperature (°K),9932,2979600.0,3,2,d,c,1
AHU Supply Air Temperature (°K),9967,2990100.0,2,3,c,d,1
AHU Supply Air Temperature (°K),9975,2992500.0,3,2,d,c,1
AHU Supply Air Temperature (°K),9976,2992800.0,2,3,c,d,1
AHU Supply Air Temperature (°K),9988,2996400.0,3,2,d,c,1
AHU Supply Air Temperature (°K),10019,3005700.0,2,3,c,d,1
AHU Supply Air Temperature (°K),10169,3050700.0,3,2,d,c,1
AHU Supply Air Temperature (°K),10172,3051600.0,2,3,c,d,1
AHU Supply Air Temperature (°K),10237,3071100.0,3,2,d,c,1
AHU Supply Air Temperature (°K),10250,3075000.0,2,3,c,d,1
AHU Supply Air Temperature (°K),10257,3077100.0,3,2,d,c,1
AHU Supply Air Temperature (°K),10258,3077400.0,2,0,c,a,2
AHU Supply Air Temperature (°K),10264,3079200.0,0,1,a,b,1
AHU Supply Air Temperature (°K),10270,3081000.0,1,2,b,c,1
AHU Supply Air Temperature (°K),10271,3081300.0,2,3,c,d,1
AHU Supply Air Temperature (°K),10279,3083700.0,3,2,d,c,1
AHU Supply Air Temperature (°K),10292,3087600.0,2,1,c,b,1
AHU Supply Air Temperature (°K),10301,3090300.0,1,2,b,c,1
AHU Supply Air Temperature (°K),10490,3147000.0,2,3,c,d,1
AHU Supply Air Temperature (°K),10534,3160200.0,3,2,d,c,1
AHU Supply Air Temperature (°K),10538,3161400.0,2,3,c,d,1
AHU Supply Air Temperature (°K),10546,3163800.0,3,0,d,a,3
AHU Supply Air Temperature (°K),10552,3165600.0,0,1,a,b,1
AHU Supply Air Temperature (°K),10553,3165900.0,1,2,b,c,1
AHU Supply Air Temperature (°K),10554,3166200.0,2,1,c,b,1
AHU Supply Air Temperature (°K),10557,3167100.0,1,2,b,c,1
AHU Supply Air Temperature (°K),10558,3167400.0,2,3,c,d,1
AHU Supply Air Temperature (°K),10564,3169200.0,3,0,d,a,3
AHU Supply Air Temperature (°K),10570,3171000.0,0,1,a,b,1
AHU Supply Air Temperature (°K),10571,3171300.0,1,2,b,c,1
AHU Supply Air Temperature (°K),10573,3171900.0,2,3,c,d,1
AHU Supply Air Temperature (°K),10576,3172800.0,3,2,d,c,1
AHU Supply Air Temperature (°K),10583,3174900.0,2,3,c,d,1
AHU Supply Air Temperature (°K),10589,3176700.0,3,2,d,c,1
AHU Supply Air Temperature (°K),10594,3178200.0,2,3,c,d,1
AHU Supply Air Temperature (°K),10741,3222300.0,3,2,d,c,1
AHU Supply Air Temperature (°K),10743,3222900.0,2,1,c,b,1
AHU Supply Air Temperature (°K),10752,3225600.0,1,2,b,c,1
AHU Supply Air Temperature (°K),10753,3225900.0,2,3,c,d,1
AHU Supply Air Temperature (°K),10766,3229800.0,3,2,d,c,1
AHU Supply Air Temperature (°K),10768,3230400.0,2,3,c,d,1
AHU Supply Air Temperature (°K),10792,3237600.0,3,0,d,a,3
AHU Supply Air Temperature (°K),10800,3240000.0,0,1,a,b,1
AHU Supply Air Temperature (°K),10805,3241500.0,1,2,b,c,1
AHU Supply Air Temperature (°K),10806,3241800.0,2,3,c,d,1
AHU Supply Air Temperature (°K),10808,3242400.0,3,2,d,c,1
AHU Supply Air Temperature (°K),10809,3242700.0,2,0,c,a,2
AHU Supply Air Temperature (°K),10831,3249300.0,0,1,a,b,1
AHU Supply Air Temperature (°K),10832,3249600.0,1,2,b,c,1
AHU Supply Air Temperature (°K),10833,3249900.0,2,3,c,d,1
AHU Supply Air Temperature (°K),10836,3250800.0,3,0,d,a,3
AHU Supply Air Temperature (°K),10849,3254700.0,0,1,a,b,1
AHU Supply Air Temperature (°K),10854,3256200.0,1,3,b,d,2
AHU Supply Air Temperature (°K),10859,3257700.0,3,0,d,a,3
AHU Supply Air Temperature (°K),10866,3259800.0,0,1,a,b,1
AHU Supply Air Temperature (°K),10867,3260100.0,1,2,b,c,1
AHU Supply Air Temperature (°K),10868,3260400.0,2,1,c,b,1
AHU Supply Air Temperature (°K),10871,3261300.0,1,2,b,c,1
AHU Supply Air Temperature (°K),10872,3261600.0,2,3,c,d,1
AHU Supply Air Temperature (°K),10882,3264600.0,3,2,d,c,1
AHU Supply Air Temperature (°K),10883,3264900.0,2,0,c,a,2
AHU Supply Air Temperature (°K),11102,3330600.0,0,1,a,b,1
AHU Supply Air Temperature (°K),11350,3405000.0,1,2,b,c,1
AHU Supply Air Temperature (°K),11584,3475200.0,2,1,c,b,1
AHU Supply Air Temperature (°K),11616,3484800.0,1,2,b,c,1
AHU Supply Air Temperature (°K),11617,3485100.0,2,3,c,d,1
AHU Supply Air Temperature (°K),11636,3490800.0,3,2,d,c,1
AHU Supply Air Temperature (°K),11637,3491100.0,2,1,c,b,1
AHU Supply Air Temperature (°K),11646,3493800.0,1,2,b,c,1
AHU Supply Air Temperature (°K),11647,3494100.0,2,3,c,d,1
AHU Supply Air Temperature (°K),11661,3498300.0,3,2,d,c,1
AHU Supply Air Temperature (°K),11666,3499800.0,2,1,c,b,1
AHU Supply Air Temperature (°K),11675,3502500.0,1,2,b,c,1
AHU Supply Air Temperature (°K),11676,3502800.0,2,3,c,d,1
AHU Supply Air Temperature (°K),11691,3507300.0,3,2,d,c,1
AHU Supply Air Temperature (°K),11695,3508500.0,2,1,c,b,1
AHU Supply Air Temperature (°K),11702,3510600.0,1,2,b,c,1
AHU Supply Air Temperature (°K),11703,3510900.0,2,3,c,d,1
AHU Supply Air Temperature (°K),11718,3515400.0,3,2,d,c,1
AHU Supply Air Temperature (°K),11724,3517200.0,2,3,c,d,1
AHU Supply Air Temperature (°K),11804,3541200.0,3,2,d,c,1
AHU Supply Air Temperature (°K),11894,3568200.0,2,1,c,b,1
AHU Supply Air Temperature (°K),11907,3572100.0,1,3,b,d,2
AHU Supply Air Temperature (°K),11923,3576900.0,3,2,d,c,1
AHU Supply Air Temperature (°K),11924,3577200.0,2,3,c,d,1
AHU Supply Air Temperature (°K),12135,3640500.0,3,2,d,c,1
AHU Supply Air Temperature (°K),12182,3654600.0,2,1,c,b,1
AHU Supply Air Temperature (°K),12192,3657600.0,1,2,b,c,1
AHU Supply Air Temperature (°K),12193,3657900.0,2,3,c,d,1
AHU Supply Air Temperature (°K),12281,3684300.0,3,2,d,c,1
AHU Supply Air Temperature (°K),12283,3684900.0,2,1,c,b,1
AHU Supply Air Temperature (°K),12291,3687300.0,1,2,b,c,1
AHU Supply Air Temperature (°K),12292,3687600.0,2,3,c,d,1
AHU Supply Air Temperature (°K),12307,3692100.0,3,2,d,c,1
AHU Supply Air Temperature (°K),12471,3741300.0,2,1,c,b,1
AHU Supply Air Temperature (°K),12486,3745800.0,1,2,b,c,1
AHU Supply Air Temperature (°K),12487,3746100.0,2,3,c,d,1
AHU Supply Air Temperature (°K),12500,3750000.0,3,2,d,c,1
AHU Supply Air Temperature (°K),12502,3750600.0,2,3,c,d,1
AHU Supply Air Temperature (°K),12503,3750900.0,3,2,d,c,1
AHU Supply Air Temperature (°K),12506,3751800.0,2,1,c,b,1
AHU Supply Air Temperature (°K),12515,3754500.0,1,2,b,c,1
AHU Supply Air Temperature (°K),12516,3754800.0,2,3,c,d,1
AHU Supply Air Temperature (°K),12531,3759300.0,3,2,d,c,1
AHU Supply Air Temperature (°K),12535,3760500.0,2,1,c,b,1
AHU Supply Air Temperature (°K),12542,3762600.0,1,2,b,c,1
AHU Supply Air Temperature (°K),12543,3762900.0,2,3,c,d,1
AHU Supply Air Temperature (°K),12558,3767400.0,3,2,d,c,1
AHU Supply Air Temperature (°K),12563,3768900.0,2,3,c,d,1
AHU Supply Air Temperature (°K),12583,3774900.0,3,2,d,c,1
AHU Supply Air Temperature (°K),12757,3827100.0,2,1,c,b,1
AHU Supply Air Temperature (°K),12759,3827700.0,1,0,b,a,1
AHU Supply Air Temperature (°K),12764,3829200.0,0,1,a,b,1
AHU Supply Air Temperature (°K),12765,3829500.0,1,2,b,c,1
AHU Supply Air Temperature (°K),12768,3830400.0,2,3,c,d,1
AHU Supply Air Temperature (°K),12804,3841200.0,3,2,d,c,1
AHU Supply Air Temperature (°K),12828,3848400.0,2,3,c,d,1
AHU Supply Air Temperature (°K),12864,3859200.0,3,2,d,c,1
AHU Supply Air Temperature (°K),12873,3861900.0,2,3,c,d,1
AHU Supply Air Temperature (°K),12884,3865200.0,3,2,d,c,1
AHU Supply Air Temperature (°K),12887,3866100.0,2,3,c,d,1
AHU Supply Air Temperature (°K),12888,3866400.0,3,2,d,c,1
AHU Supply Air Temperature (°K),12890,3867000.0,2,1,c,b,1
AHU Supply Air Temperature (°K),12899,3869700.0,1,2,b,c,1
AHU Supply Air Temperature (°K),12900,3870000.0,2,3,c,d,1
AHU Supply Air Temperature (°K),13179,3953700.0,3,2,d,c,1
AHU Supply Air Temperature (°K),13622,4086600.0,2,1,c,b,1
AHU Supply Air Temperature (°K),13630,4089000.0,1,2,b,c,1
AHU Supply Air Temperature (°K),13631,4089300.0,2,3,c,d,1
AHU Supply Air Temperature (°K),13644,4093200.0,3,2,d,c,1
AHU Supply Air Temperature (°K),13649,4094700.0,2,3,c,d,1
AHU Supply Air Temperature (°K),13667,4100100.0,3,2,d,c,1
AHU Supply Air Temperature (°K),13670,4101000.0,2,3,c,d,1
AHU Supply Air Temperature (°K),13676,4102800.0,3,0,d,a,3
AHU Supply Air Temperature (°K),13684,4105200.0,0,1,a,b,1
AHU Supply Air Temperature (°K),13689,4106700.0,1,2,b,c,1
AHU Supply Air Temperature (°K),13690,4107000.0,2,3,c,d,1
AHU Supply Air Temperature (°K),13693,4107900.0,3,0,d,a,3
AHU Supply Air Temperature (°K),13739,4121700.0,0,1,a,b,1
AHU Supply Air Temperature (°K),13752,4125600.0,1,2,b,c,1
AHU Supply Air Temperature (°K),13761,4128300.0,2,3,c,d,1
AHU Supply Air Temperature (°K),13910,4173000.0,3,2,d,c,1
AHU Supply Air Temperature (°K),13919,4175700.0,2,3,c,d,1
AHU Supply Air Temperature (°K),13936,4180800.0,3,2,d,c,1
AHU Supply Air Temperature (°K),13942,4182600.0,2,3,c,d,1
AHU Supply Air Temperature (°K),13948,4184400.0,3,0,d,a,3
AHU Supply Air Temperature (°K),13962,4188600.0,0,1,a,b,1
AHU Supply Air Temperature (°K),13963,4188900.0,1,3,b,d,2
AHU Supply Air Temperature (°K),13966,4189800.0,3,0,d,a,3
AHU Supply Air Temperature (°K),13987,4196100.0,0,1,a,b,1
AHU Supply Air Temperature (°K),13988,4196400.0,1,3,b,d,2
AHU Supply Air Temperature (°K),13991,4197300.0,3,0,d,a,3
AHU Supply Air Temperature (°K),14038,4211400.0,0,1,a,b,1
AHU Supply Air Temperature (°K),14049,4214700.0,1,3,b,d,2
AHU Supply Air Temperature (°K),14203,4260900.0,3,2,d,c,1
AHU Supply Air Temperature (°K),14207,4262100.0,2,3,c,d,1
AHU Supply Air Temperature (°K),14213,4263900.0,3,2,d,c,1
AHU Supply Air Temperature (°K),14217,4265100.0,2,3,c,d,1
AHU Supply Air Temperature (°K),14222,4266600.0,3,2,d,c,1
AHU Supply Air Temperature (°K),14230,4269000.0,2,3,c,d,1
AHU Supply Air Temperature (°K),14236,4270800.0,3,0,d,a,3
AHU Supply Air Temperature (°K),14255,4276500.0,0,1,a,b,1
AHU Supply Air Temperature (°K),14256,4276800.0,1,3,b,d,2
AHU Supply Air Temperature (°K),14259,4277700.0,3,0,d,a,3
AHU Supply Air Temperature (°K),14284,4285200.0,0,1,a,b,1
AHU Supply Air Temperature (°K),14285,4285500.0,1,3,b,d,2
AHU Supply Air Temperature (°K),14287,4286100.0,3,2,d,c,1
AHU Supply Air Temperature (°K),14288,4286400.0,2,0,c,a,2
AHU Supply Air Temperature (°K),14313,4293900.0,0,1,a,b,1
AHU Supply Air Temperature (°K),14314,4294200.0,1,3,b,d,2
AHU Supply Air Temperature (°K),14317,4295100.0,3,0,d,a,3
AHU Supply Air Temperature (°K),14333,4299900.0,0,1,a,b,1
AHU Supply Air Temperature (°K),14337,4301100.0,1,2,b,c,1
AHU Supply Air Temperature (°K),14338,4301400.0,2,3,c,d,1
AHU Supply Air Temperature (°K),14491,4347300.0,3,2,d,c,1
AHU Supply Air Temperature (°K),14498,4349400.0,2,3,c,d,1
AHU Supply Air Temperature (°K),14502,4350600.0,3,1,d,b,2
AHU Supply Air Temperature (°K),14503,4350900.0,1,0,b,a,1
AHU Supply Air Temperature (°K),14508,4352400.0,0,1,a,b,1
AHU Supply Air Temperature (°K),14509,4352700.0,1,2,b,c,1
AHU Supply Air Temperature (°K),14510,4353000.0,2,1,c,b,1
AHU Supply Air Temperature (°K),14514,4354200.0,1,2,b,c,1
AHU Supply Air Temperature (°K),14515,4354500.0,2,3,c,d,1
AHU Supply Air Temperature (°K),14521,4356300.0,3,1,d,b,2
AHU Supply Air Temperature (°K),14522,4356600.0,1,0,b,a,1
AHU Supply Air Temperature (°K),14529,4358700.0,0,1,a,b,1
AHU Supply Air Temperature (°K),14535,4360500.0,1,2,b,c,1
AHU Supply Air Temperature (°K),14536,4360800.0,2,3,c,d,1
AHU Supply Air Temperature (°K),14540,4362000.0,3,0,d,a,3
AHU Supply Air Temperature (°K),14551,4365300.0,0,1,a,b,1
AHU Supply Air Temperature (°K),14557,4367100.0,1,2,b,c,1
AHU Supply Air Temperature (°K),14558,4367400.0,2,3,c,d,1
AHU Supply Air Temperature (°K),14561,4368300.0,3,0,d,a,3
AHU Supply Air Temperature (°K),14604,4381200.0,0,1,a,b,1
AHU Supply Air Temperature (°K),14613,4383900.0,1,2,b,c,1
AHU Supply Air Temperature (°K),14614,4384200.0,2,3,c,d,1
AHU Supply Air Temperature (°K),14617,4385100.0,3,0,d,a,3
AHU Supply Air Temperature (°K),14624,4387200.0,0,1,a,b,1
AHU Supply Air Temperature (°K),14625,4387500.0,1,2,b,c,1
AHU Supply Air Temperature (°K),14773,4431900.0,2,3,c,d,1
AHU Supply Air Temperature (°K),14780,4434000.0,3,2,d,c,1
AHU Supply Air Temperature (°K),14787,4436100.0,2,3,c,d,1
AHU Supply Air Temperature (°K),14789,4436700.0,3,2,d,c,1
AHU Supply Air Temperature (°K),14805,4441500.0,2,3,c,d,1
AHU Supply Air Temperature (°K),14811,4443300.0,3,0,d,a,3
AHU Supply Air Temperature (°K),14899,4469700.0,0,1,a,b,1
AHU Supply Air Temperature (°K),14908,4472400.0,1,2,b,c,1
AHU Supply Air Temperature (°K),14909,4472700.0,2,3,c,d,1
AHU Supply Air Temperature (°K),14915,4474500.0,3,2,d,c,1
AHU Supply Air Temperature (°K),15248,4574400.0,2,3,c,d,1
AHU Supply Air Temperature (°K),15511,4653300.0,3,2,d,c,1
AHU Supply Air Temperature (°K),15639,4691700.0,2,1,c,b,1
AHU Supply Air Temperature (°K),15649,4694700.0,1,2,b,c,1
AHU Supply Air Temperature (°K),15650,4695000.0,2,3,c,d,1
AHU Supply Air Temperature (°K),15668,4700400.0,3,2,d,c,1
AHU Supply Air Temperature (°K),15670,4701000.0,2,1,c,b,1
AHU Supply Air Temperature (°K),15679,4703700.0,1,2,b,c,1
AHU Supply Air Temperature (°K),15680,4704000.0,2,3,c,d,1
AHU Supply Air Temperature (°K),15691,4707300.0,3,2,d,c,1
AHU Supply Air Temperature (°K),15707,4712100.0,2,3,c,d,1
AHU Supply Air Temperature (°K),15709,4712700.0,3,2,d,c,1
AHU Supply Air Temperature (°K),15710,4713000.0,2,3,c,d,1
AHU Supply Air Temperature (°K),15750,4725000.0,3,2,d,c,1
AHU Supply Air Temperature (°K),15751,4725300.0,2,3,c,d,1
AHU Supply Air Temperature (°K),15761,4728300.0,3,2,d,c,1
AHU Supply Air Temperature (°K),15777,4733100.0,2,3,c,d,1
AHU Supply Air Temperature (°K),15925,4777500.0,3,2,d,c,1
AHU Supply Air Temperature (°K),15927,4778100.0,2,1,c,b,1
AHU Supply Air Temperature (°K),15936,4780800.0,1,2,b,c,1
AHU Supply Air Temperature (°K),15937,4781100.0,2,3,c,d,1
AHU Supply Air Temperature (°K),15951,4785300.0,3,2,d,c,1
AHU Supply Air Temperature (°K),15953,4785900.0,2,3,c,d,1
AHU Supply Air Temperature (°K),15955,4786500.0,3,2,d,c,1
AHU Supply Air Temperature (°K),15959,4787700.0,2,3,c,d,1
AHU Supply Air Temperature (°K),15977,4793100.0,3,2,d,c,1
AHU Supply Air Temperature (°K),15978,4793400.0,2,1,c,b,1
AHU Supply Air Temperature (°K),15981,4794300.0,1,2,b,c,1
AHU Supply Air Temperature (°K),15983,4794900.0,2,1,c,b,1
AHU Supply Air Temperature (°K),16001,4800300.0,1,0,b,a,1
AHU Supply Air Temperature (°K),16009,4802700.0,0,1,a,b,1
AHU Supply Air Temperature (°K),16043,4812900.0,1,2,b,c,1
AHU Supply Air Temperature (°K),16057,4817100.0,2,3,c,d,1
AHU Supply Air Temperature (°K),16060,4818000.0,3,2,d,c,1
AHU Supply Air Temperature (°K),16063,4818900.0,2,3,c,d,1
AHU Supply Air Temperature (°K),16171,4851300.0,3,2,d,c,1
AHU Supply Air Temperature (°K),16216,4864800.0,2,1,c,b,1
AHU Supply Air Temperature (°K),16225,4867500.0,1,2,b,c,1
AHU Supply Air Temperature (°K),16226,4867800.0,2,3,c,d,1
AHU Supply Air Temperature (°K),16269,4880700.0,3,2,d,c,1
AHU Supply Air Temperature (°K),16283,4884900.0,2,1,c,b,1
AHU Supply Air Temperature (°K),16284,4885200.0,1,0,b,a,1
AHU Supply Air Temperature (°K),16286,4885800.0,0,1,a,b,1
AHU Supply Air Temperature (°K),16287,4886100.0,1,2,b,c,1
AHU Supply Air Temperature (°K),16290,4887000.0,2,1,c,b,1
AHU Supply Air Temperature (°K),16291,4887300.0,1,0,b,a,1
AHU Supply Air Temperature (°K),16293,4887900.0,0,1,a,b,1
AHU Supply Air Temperature (°K),16294,4888200.0,1,2,b,c,1
AHU Supply Air Temperature (°K),16296,4888800.0,2,1,c,b,1
AHU Supply Air Temperature (°K),16297,4889100.0,1,0,b,a,1
AHU Supply Air Temperature (°K),16299,4889700.0,0,1,a,b,1
AHU Supply Air Temperature (°K),16300,4890000.0,1,2,b,c,1
AHU Supply Air Temperature (°K),16303,4890900.0,2,0,c,a,2
AHU Supply Air Temperature (°K),16305,4891500.0,0,1,a,b,1
AHU Supply Air Temperature (°K),16306,4891800.0,1,2,b,c,1
AHU Supply Air Temperature (°K),16307,4892100.0,2,3,c,d,1
AHU Supply Air Temperature (°K),16308,4892400.0,3,2,d,c,1
AHU Supply Air Temperature (°K),16309,4892700.0,2,1,c,b,1
AHU Supply Air Temperature (°K),16310,4893000.0,1,0,b,a,1
AHU Supply Air Temperature (°K),16311,4893300.0,0,1,a,b,1
AHU Supply Air Temperature (°K),16312,4893600.0,1,2,b,c,1
AHU Supply Air Temperature (°K),16315,4894500.0,2,1,c,b,1
AHU Supply Air Temperature (°K),16316,4894800.0,1,0,b,a,1
AHU Supply Air Temperature (°K),16317,4895100.0,0,1,a,b,1
AHU Supply Air Temperature (°K),16318,4895400.0,1,2,b,c,1
AHU Supply Air Temperature (°K),16322,4896600.0,2,1,c,b,1
AHU Supply Air Temperature (°K),16324,4897200.0,1,2,b,c,1
AHU Supply Air Temperature (°K),16340,4902000.0,2,3,c,d,1
AHU Supply Air Temperature (°K),16418,4925400.0,3,2,d,c,1
AHU Supply Air Temperature (°K),16501,4950300.0,2,1,c,b,1
AHU Supply Air Temperature (°K),16511,4953300.0,1,2,b,c,1
AHU Supply Air Temperature (°K),16512,4953600.0,2,3,c,d,1
AHU Supply Air Temperature (°K),16536,4960800.0,3,2,d,c,1
AHU Supply Air Temperature (°K),16559,4967700.0,2,3,c,d,1
AHU Supply Air Temperature (°K),16570,4971000.0,3,2,d,c,1
AHU Supply Air Temperature (°K),16571,4971300.0,2,1,c,b,1
AHU Supply Air Temperature (°K),16572,4971600.0,1,0,b,a,1
AHU Supply Air Temperature (°K),16575,4972500.0,0,1,a,b,1
AHU Supply Air Temperature (°K),16576,4972800.0,1,2,b,c,1
AHU Supply Air Temperature (°K),16578,4973400.0,2,1,c,b,1
AHU Supply Air Temperature (°K),16590,4977000.0,1,2,b,c,1
AHU Supply Air Temperature (°K),16593,4977900.0,2,1,c,b,1
AHU Supply Air Temperature (°K),16601,4980300.0,1,2,b,c,1
AHU Supply Air Temperature (°K),16620,4986000.0,2,3,c,d,1
AHU Supply Air Temperature (°K),16641,4992300.0,3,2,d,c,1
AHU Supply Air Temperature (°K),16645,4993500.0,2,3,c,d,1
AHU Supply Air Temperature (°K),16670,5001000.0,3,2,d,c,1
AHU Supply Air Temperature (°K),16811,5043300.0,2,3,c,d,1
AHU Supply Air Temperature (°K),16837,5051100.0,3,2,d,c,1
AHU Supply Air Temperature (°K),16838,5051400.0,2,1,c,b,1
AHU Supply Air Temperature (°K),16843,5052900.0,1,2,b,c,1
AHU Supply Air Temperature (°K),16849,5054700.0,2,3,c,d,1
AHU Supply Air Temperature (°K),16853,5055900.0,3,2,d,c,1
AHU Supply Air Temperature (°K),16869,5060700.0,2,0,c,a,2
AHU Supply Air Temperature (°K),16876,5062800.0,0,1,a,b,1
AHU Supply Air Temperature (°K),16902,5070600.0,1,2,b,c,1
AHU Supply Air Temperature (°K),16916,5074800.0,2,3,c,d,1
AHU Supply Air Temperature (°K),16920,5076000.0,3,2,d,c,1
AHU Supply Air Temperature (°K),16921,5076300.0,2,3,c,d,1
AHU Supply Air Temperature (°K),17006,5101800.0,3,2,d,c,1
AHU Supply Air Temperature (°K),17654,5296200.0,2,3,c,d,1
AHU Supply Air Temperature (°K),17657,5297100.0,3,2,d,c,1
AHU Supply Air Temperature (°K),17660,5298000.0,2,1,c,b,1
AHU Supply Air Temperature (°K),17664,5299200.0,1,2,b,c,1
AHU Supply Air Temperature (°K),17699,5309700.0,2,3,c,d,1
AHU Supply Air Temperature (°K),17711,5313300.0,3,2,d,c,1
AHU Supply Air Temperature (°K),17713,5313900.0,2,1,c,b,1
AHU Supply Air Temperature (°K),17714,5314200.0,1,0,b,a,1
AHU Supply Air Temperature (°K),17716,5314800.0,0,1,a,b,1
AHU Supply Air Temperature (°K),17717,5315100.0,1,2,b,c,1
AHU Supply Air Temperature (°K),17718,5315400.0,2,1,c,b,1
AHU Supply Air Temperature (°K),17719,5315700.0,1,0,b,a,1
AHU Supply Air Temperature (°K),17720,5316000.0,0,1,a,b,1
AHU Supply Air Temperature (°K),17721,5316300.0,1,2,b,c,1
AHU Supply Air Temperature (°K),17723,5316900.0,2,1,c,b,1
AHU Supply Air Temperature (°K),17726,5317800.0,1,2,b,c,1
AHU Supply Air Temperature (°K),17728,5318400.0,2,1,c,b,1
AHU Supply Air Temperature (°K),17732,5319600.0,1,2,b,c,1
AHU Supply Air Temperature (°K),17733,5319900.0,2,1,c,b,1
AHU Supply Air Temperature (°K),17762,5328600.0,1,2,b,c,1
AHU Supply Air Temperature (°K),17764,5329200.0,2,1,c,b,1
AHU Supply Air Temperature (°K),17770,5331000.0,1,2,b,c,1
AHU Supply Air Temperature (°K),17785,5335500.0,2,3,c,d,1
AHU Supply Air Temperature (°K),17941,5382300.0,3,2,d,c,1
AHU Supply Air Temperature (°K),17943,5382900.0,2,1,c,b,1
AHU Supply Air Temperature (°K),17953,5385900.0,1,2,b,c,1
AHU Supply Air Temperature (°K),17954,5386200.0,2,3,c,d,1
AHU Supply Air Temperature (°K),17973,5391900.0,3,2,d,c,1
AHU Supply Air Temperature (°K),17984,5395200.0,2,1,c,b,1
AHU Supply Air Temperature (°K),17985,5395500.0,1,0,b,a,1
AHU Supply Air Temperature (°K),17987,5396100.0,0,1,a,b,1
AHU Supply Air Temperature (°K),17988,5396400.0,1,2,b,c,1
AHU Supply Air Temperature (°K),17990,5397000.0,2,1,c,b,1
AHU Supply Air Temperature (°K),17991,5397300.0,1,0,b,a,1
AHU Supply Air Temperature (°K),17992,5397600.0,0,1,a,b,1
AHU Supply Air Temperature (°K),17993,5397900.0,1,2,b,c,1
AHU Supply Air Temperature (°K),17995,5398500.0,2,1,c,b,1
AHU Supply Air Temperature (°K),17996,5398800.0,1,0,b,a,1
AHU Supply Air Temperature (°K),17998,5399400.0,0,1,a,b,1
AHU Supply Air Temperature (°K),17999,5399700.0,1,2,b,c,1
AHU Supply Air Temperature (°K),18001,5400300.0,2,1,c,b,1
AHU Supply Air Temperature (°K),18002,5400600.0,1,0,b,a,1
AHU Supply Air Temperature (°K),18004,5401200.0,0,1,a,b,1
AHU Supply Air Temperature (°K),18005,5401500.0,1,2,b,c,1
AHU Supply Air Temperature (°K),18007,5402100.0,2,1,c,b,1
AHU Supply Air Temperature (°K),18008,5402400.0,1,0,b,a,1
AHU Supply Air Temperature (°K),18010,5403000.0,0,1,a,b,1
AHU Supply Air Temperature (°K),18014,5404200.0,1,0,b,a,1
AHU Supply Air Temperature (°K),18015,5404500.0,0,1,a,b,1
AHU Supply Air Temperature (°K),18063,5418900.0,1,2,b,c,1
AHU Supply Air Temperature (°K),18073,5421900.0,2,3,c,d,1
AHU Supply Air Temperature (°K),18079,5423700.0,3,2,d,c,1
AHU Supply Air Temperature (°K),18247,5474100.0,2,3,c,d,1
AHU Supply Air Temperature (°K),18266,5479800.0,3,2,d,c,1
AHU Supply Air Temperature (°K),18267,5480100.0,2,1,c,b,1
AHU Supply Air Temperature (°K),18271,5481300.0,1,2,b,c,1
AHU Supply Air Temperature (°K),18278,5483400.0,2,3,c,d,1
AHU Supply Air Temperature (°K),18281,5484300.0,3,2,d,c,1
AHU Supply Air Temperature (°K),18286,5485800.0,2,3,c,d,1
AHU Supply Air Temperature (°K),18291,5487300.0,3,0,d,a,3
AHU Supply Air Temperature (°K),18300,5490000.0,0,1,a,b,1
AHU Supply Air Temperature (°K),18372,5511600.0,1,2,b,c,1
AHU Supply Air Temperature (°K),18518,5555400.0,2,3,c,d,1
AHU Supply Air Temperature (°K),18525,5557500.0,3,2,d,c,1
AHU Supply Air Temperature (°K),18528,5558400.0,2,3,c,d,1
AHU Supply Air Temperature (°K),18534,5560200.0,3,2,d,c,1
AHU Supply Air Temperature (°K),18537,5561100.0,2,3,c,d,1
AHU Supply Air Temperature (°K),18542,5562600.0,3,2,d,c,1
AHU Supply Air Temperature (°K),18545,5563500.0,2,3,c,d,1
AHU Supply Air Temperature (°K),18549,5564700.0,3,2,d,c,1
AHU Supply Air Temperature (°K),18552,5565600.0,2,3,c,d,1
AHU Supply Air Temperature (°K),18554,5566200.0,3,2,d,c,1
AHU Supply Air Temperature (°K),18559,5567700.0,2,3,c,d,1
AHU Supply Air Temperature (°K),18566,5569800.0,3,0,d,a,3
AHU Supply Air Temperature (°K),18573,5571900.0,0,1,a,b,1
AHU Supply Air Temperature (°K),18620,5586000.0,1,2,b,c,1
AHU Supply Air Temperature (°K),18637,5591100.0,2,3,c,d,1
AHU Supply Air Temperature (°K),18716,5614800.0,3,2,d,c,1
AHU Supply Air Temperature (°K),18808,5642400.0,2,1,c,b,1
AHU Supply Air Temperature (°K),18819,5645700.0,1,2,b,c,1
AHU Supply Air Temperature (°K),18820,5646000.0,2,3,c,d,1
AHU Supply Air Temperature (°K),18832,5649600.0,3,2,d,c,1
AHU Supply Air Temperature (°K),18834,5650200.0,2,3,c,d,1
AHU Supply Air Temperature (°K),18836,5650800.0,3,2,d,c,1
AHU Supply Air Temperature (°K),18859,5657700.0,2,3,c,d,1
AHU Supply Air Temperature (°K),18871,5661300.0,3,2,d,c,1
AHU Supply Air Temperature (°K),18872,5661600.0,2,1,c,b,1
AHU Supply Air Temperature (°K),18873,5661900.0,1,0,b,a,1
AHU Supply Air Temperature (°K),18875,5662500.0,0,1,a,b,1
AHU Supply Air Temperature (°K),18876,5662800.0,1,2,b,c,1
AHU Supply Air Temperature (°K),18878,5663400.0,2,1,c,b,1
AHU Supply Air Temperature (°K),18883,5664900.0,1,2,b,c,1
AHU Supply Air Temperature (°K),18884,5665200.0,2,1,c,b,1
AHU Supply Air Temperature (°K),18889,5666700.0,1,2,b,c,1
AHU Supply Air Temperature (°K),18891,5667300.0,2,1,c,b,1
AHU Supply Air Temperature (°K),18897,5669100.0,1,2,b,c,1
AHU Supply Air Temperature (°K),18906,5671800.0,2,3,c,d,1
AHU Supply Air Temperature (°K),18936,5680800.0,3,2,d,c,1
AHU Supply Air Temperature (°K),18947,5684100.0,2,3,c,d,1
AHU Supply Air Temperature (°K),19042,5712600.0,3,2,d,c,1
AHU Supply Air Temperature (°K),19357,5807100.0,2,1,c,b,1
AHU Supply Air Temperature (°K),19670,5901000.0,1,2,b,c,1
AHU Supply Air Temperature (°K),19672,5901600.0,2,1,c,b,1
AHU Supply Air Temperature (°K),19680,5904000.0,1,0,b,a,1
AHU Supply Air Temperature (°K),19682,5904600.0,0,1,a,b,1
AHU Supply Air Temperature (°K),19683,5904900.0,1,2,b,c,1
AHU Supply Air Temperature (°K),19686,5905800.0,2,1,c,b,1
AHU Supply Air Temperature (°K),19687,5906100.0,1,0,b,a,1
AHU Supply Air Temperature (°K),19689,5906700.0,0,1,a,b,1
AHU Supply Air Temperature (°K),19690,5907000.0,1,2,b,c,1
AHU Supply Air Temperature (°K),19692,5907600.0,2,1,c,b,1
AHU Supply Air Temperature (°K),19693,5907900.0,1,0,b,a,1
AHU Supply Air Temperature (°K),19695,5908500.0,0,1,a,b,1
AHU Supply Air Temperature (°K),19696,5908800.0,1,2,b,c,1
AHU Supply Air Temperature (°K),19698,5909400.0,2,0,c,a,2
AHU Supply Air Temperature (°K),19701,5910300.0,0,2,a,c,2
AHU Supply Air Temperature (°K),19703,5910900.0,2,1,c,b,1
AHU Supply Air Temperature (°K),19704,5911200.0,1,0,b,a,1
AHU Supply Air Temperature (°K),19706,5911800.0,0,1,a,b,1
AHU Supply Air Temperature (°K),19707,5912100.0,1,2,b,c,1
AHU Supply Air Temperature (°K),19708,5912400.0,2,1,c,b,1
AHU Supply Air Temperature (°K),19710,5913000.0,1,0,b,a,1
AHU Supply Air Temperature (°K),19711,5913300.0,0,1,a,b,1
AHU Supply Air Temperature (°K),19740,5922000.0,1,0,b,a,1
AHU Supply Air Temperature (°K),19747,5924100.0,0,1,a,b,1
AHU Supply Air Temperature (°K),19790,5937000.0,1,2,b,c,1
AHU Supply Air Temperature (°K),19794,5938200.0,2,1,c,b,1
AHU Supply Air Temperature (°K),19796,5938800.0,1,2,b,c,1
AHU Supply Air Temperature (°K),19803,5940900.0,2,3,c,d,1
AHU Supply Air Temperature (°K),19882,5964600.0,3,2,d,c,1
AHU Supply Air Temperature (°K),19961,5988300.0,2,1,c,b,1
AHU Supply Air Temperature (°K),19970,5991000.0,1,2,b,c,1
AHU Supply Air Temperature (°K),19976,5992800.0,2,3,c,d,1
AHU Supply Air Temperature (°K),20173,6051900.0,3,2,d,c,1
AHU Supply Air Temperature (°K),20248,6074400.0,2,1,c,b,1
AHU Supply Air Temperature (°K),20258,6077400.0,1,2,b,c,1
AHU Supply Air Temperature (°K),20261,6078300.0,2,3,c,d,1
AHU Supply Air Temperature (°K),20272,6081600.0,3,2,d,c,1
AHU Supply Air Temperature (°K),20274,6082200.0,2,3,c,d,1
AHU Supply Air Temperature (°K),20276,6082800.0,3,2,d,c,1
AHU Supply Air Temperature (°K),20277,6083100.0,2,3,c,d,1
AHU Supply Air Temperature (°K),20297,6089100.0,3,2,d,c,1
AHU Supply Air Temperature (°K),20298,6089400.0,2,1,c,b,1
AHU Supply Air Temperature (°K),20301,6090300.0,1,2,b,c,1
AHU Supply Air Temperature (°K),20302,6090600.0,2,3,c,d,1
AHU Supply Air Temperature (°K),20303,6090900.0,3,2,d,c,1
AHU Supply Air Temperature (°K),20304,6091200.0,2,1,c,b,1
AHU Supply Air Temperature (°K),20307,6092100.0,1,2,b,c,1
AHU Supply Air Temperature (°K),20311,6093300.0,2,1,c,b,1
AHU Supply Air Temperature (°K),20319,6095700.0,1,2,b,c,1
AHU Supply Air Temperature (°K),20322,6096600.0,2,1,c,b,1
AHU Supply Air Temperature (°K),20326,6097800.0,1,0,b,a,1
AHU Supply Air Temperature (°K),20334,6100200.0,0,1,a,b,1
AHU Supply Air Temperature (°K),20339,6101700.0,1,2,b,c,1
AHU Supply Air Temperature (°K),20364,6109200.0,2,3,c,d,1
AHU Supply Air Temperature (°K),20503,6150900.0,3,2,d,c,1
AHU Supply Air Temperature (°K),20534,6160200.0,2,3,c,d,1
AHU Supply Air Temperature (°K),20561,6168300.0,3,2,d,c,1
AHU Supply Air Temperature (°K),20563,6168900.0,2,3,c,d,1
AHU Supply Air Temperature (°K),20569,6170700.0,3,2,d,c,1
AHU Supply Air Temperature (°K),20572,6171600.0,2,3,c,d,1
AHU Supply Air Temperature (°K),20577,6173100.0,3,2,d,c,1
AHU Supply Air Temperature (°K),20580,6174000.0,2,3,c,d,1
AHU Supply Air Temperature (°K),20584,6175200.0,3,2,d,c,1
AHU Supply Air Temperature (°K),20588,6176400.0,2,3,c,d,1
AHU Supply Air Temperature (°K),20592,6177600.0,3,2,d,c,1
AHU Supply Air Temperature (°K),20595,6178500.0,2,3,c,d,1
AHU Supply Air Temperature (°K),20599,6179700.0,3,2,d,c,1
AHU Supply Air Temperature (°K),20602,6180600.0,2,3,c,d,1
AHU Supply Air Temperature (°K),20638,6191400.0,3,2,d,c,1
AHU Supply Air Temperature (°K),20650,6195000.0,2,3,c,d,1
AHU Supply Air Temperature (°K),20651,6195300.0,3,2,d,c,1
AHU Supply Air Temperature (°K),20851,6255300.0,2,3,c,d,1
AHU Supply Air Temperature (°K),20862,6258600.0,3,2,d,c,1
AHU Supply Air Temperature (°K),20865,6259500.0,2,3,c,d,1
AHU Supply Air Temperature (°K),20866,6259800.0,3,2,d,c,1
AHU Supply Air Temperature (°K),20882,6264600.0,2,3,c,d,1
AHU Supply Air Temperature (°K),20898,6269400.0,3,2,d,c,1
AHU Supply Air Temperature (°K),20900,6270000.0,2,1,c,b,1
AHU Supply Air Temperature (°K),20909,6272700.0,1,2,b,c,1
AHU Supply Air Temperature (°K),20910,6273000.0,2,3,c,d,1
AHU Supply Air Temperature (°K),20924,6277200.0,3,2,d,c,1
AHU Supply Air Temperature (°K),20934,6280200.0,2,3,c,d,1
AHU Supply Air Temperature (°K),20996,6298800.0,3,2,d,c,1
AHU Supply Air Temperature (°K),21146,6343800.0,2,1,c,b,1
AHU Supply Air Temperature (°K),21690,6507000.0,1,2,b,c,1
AHU Supply Air Temperature (°K),21702,6510600.0,2,3,c,d,1
AHU Supply Air Temperature (°K),21723,6516900.0,3,2,d,c,1
AHU Supply Air Temperature (°K),21731,6519300.0,2,1,c,b,1
AHU Supply Air Temperature (°K),21732,6519600.0,1,0,b,a,1
AHU Supply Air Temperature (°K),21738,6521400.0,0,1,a,b,1
AHU Supply Air Temperature (°K),21761,6528300.0,1,0,b,a,1
AHU Supply Air Temperature (°K),21816,6544800.0,0,1,a,b,1
AHU Supply Air Temperature (°K),21973,6591900.0,1,2,b,c,1
AHU Supply Air Temperature (°K),21974,6592200.0,2,3,c,d,1
AHU Supply Air Temperature (°K),21976,6592800.0,3,2,d,c,1
AHU Supply Air Temperature (°K),21981,6594300.0,2,3,c,d,1
AHU Supply Air Temperature (°K),21996,6598800.0,3,2,d,c,1
AHU Supply Air Temperature (°K),21999,6599700.0,2,3,c,d,1
AHU Supply Air Temperature (°K),22003,6600900.0,3,2,d,c,1
AHU Supply Air Temperature (°K),22007,6602100.0,2,3,c,d,1
AHU Supply Air Temperature (°K),22013,6603900.0,3,1,d,b,2
AHU Supply Air Temperature (°K),22014,6604200.0,1,0,b,a,1
AHU Supply Air Temperature (°K),22113,6633900.0,0,1,a,b,1
AHU Supply Air Temperature (°K),22261,6678300.0,1,2,b,c,1
AHU Supply Air Temperature (°K),22262,6678600.0,2,3,c,d,1
AHU Supply Air Temperature (°K),22279,6683700.0,3,2,d,c,1
AHU Supply Air Temperature (°K),22281,6684300.0,2,3,c,d,1
AHU Supply Air Temperature (°K),22285,6685500.0,3,2,d,c,1
AHU Supply Air Temperature (°K),22292,6687600.0,2,1,c,b,1
AHU Supply Air Temperature (°K),22293,6687900.0,1,2,b,c,1
AHU Supply Air Temperature (°K),22300,6690000.0,2,3,c,d,1
AHU Supply Air Temperature (°K),22303,6690900.0,3,2,d,c,1
AHU Supply Air Temperature (°K),22312,6693600.0,2,3,c,d,1
AHU Supply Air Temperature (°K),22315,6694500.0,3,0,d,a,3
AHU Supply Air Temperature (°K),22325,6697500.0,0,1,a,b,1
AHU Supply Air Temperature (°K),22332,6699600.0,1,0,b,a,1
AHU Supply Air Temperature (°K),22390,6717000.0,0,1,a,b,1
AHU Supply Air Temperature (°K),22401,6720300.0,1,2,b,c,1
AHU Supply Air Temperature (°K),22550,6765000.0,2,3,c,d,1
AHU Supply Air Temperature (°K),22570,6771000.0,3,2,d,c,1
AHU Supply Air Temperature (°K),22571,6771300.0,2,3,c,d,1
AHU Supply Air Temperature (°K),22588,6776400.0,3,2,d,c,1
AHU Supply Air Temperature (°K),22596,6778800.0,2,3,c,d,1
AHU Supply Air Temperature (°K),22604,6781200.0,3,0,d,a,3
AHU Supply Air Temperature (°K),22611,6783300.0,0,1,a,b,1
AHU Supply Air Temperature (°K),22631,6789300.0,1,0,b,a,1
AHU Supply Air Temperature (°K),22654,6796200.0,0,1,a,b,1
AHU Supply Air Temperature (°K),22660,6798000.0,1,2,b,c,1
AHU Supply Air Temperature (°K),22666,6799800.0,2,3,c,d,1
AHU Supply Air Temperature (°K),22669,6800700.0,3,2,d,c,1
AHU Supply Air Temperature (°K),22672,6801600.0,2,3,c,d,1
AHU Supply Air Temperature (°K),22803,6840900.0,3,2,d,c,1
AHU Supply Air Temperature (°K),22838,6851400.0,2,3,c,d,1
AHU Supply Air Temperature (°K),22841,6852300.0,3,2,d,c,1
AHU Supply Air Temperature (°K),22847,6854100.0,2,3,c,d,1
AHU Supply Air Temperature (°K),22872,6861600.0,3,1,d,b,2
AHU Supply Air Temperature (°K),22875,6862500.0,1,2,b,c,1
AHU Supply Air Temperature (°K),22876,6862800.0,2,3,c,d,1
AHU Supply Air Temperature (°K),22878,6863400.0,3,2,d,c,1
AHU Supply Air Temperature (°K),22881,6864300.0,2,3,c,d,1
AHU Supply Air Temperature (°K),22884,6865200.0,3,2,d,c,1
AHU Supply Air Temperature (°K),22894,6868200.0,2,1,c,b,1
AHU Supply Air Temperature (°K),22898,6869400.0,1,2,b,c,1
AHU Supply Air Temperature (°K),22906,6871800.0,2,1,c,b,1
AHU Supply Air Temperature (°K),22907,6872100.0,1,0,b,a,1
AHU Supply Air Temperature (°K),22915,6874500.0,0,1,a,b,1
AHU Supply Air Temperature (°K),22957,6887100.0,1,2,b,c,1
AHU Supply Air Temperature (°K),22974,6892200.0,2,3,c,d,1
AHU Supply Air Temperature (°K),23063,6918900.0,3,2,d,c,1
AHU Supply Air Temperature (°K),23702,7110600.0,2,3,c,d,1
AHU Supply Air Temperature (°K),23706,7111800.0,3,1,d,b,2
AHU Supply Air Temperature (°K),23714,7114200.0,1,2,b,c,1
AHU Supply Air Temperature (°K),23716,7114800.0,2,1,c,b,1
AHU Supply Air Temperature (°K),23717,7115100.0,1,0,b,a,1
AHU Supply Air Temperature (°K),23724,7117200.0,0,1,a,b,1
AHU Supply Air Temperature (°K),23744,7123200.0,1,2,b,c,1
AHU Supply Air Temperature (°K),23765,7129500.0,2,1,c,b,1
AHU Supply Air Temperature (°K),23798,7139400.0,1,0,b,a,1
AHU Supply Air Temperature (°K),23813,7143900.0,0,1,a,b,1
AHU Supply Air Temperature (°K),23838,7151400.0,1,2,b,c,1
AHU Supply Air Temperature (°K),23990,7197000.0,2,3,c,d,1
AHU Supply Air Temperature (°K),23998,7199400.0,3,2,d,c,1
AHU Supply Air Temperature (°K),24024,7207200.0,2,3,c,d,1
AHU Supply Air Temperature (°K),24059,7217700.0,3,2,d,c,1
AHU Supply Air Temperature (°K),24062,7218600.0,2,3,c,d,1
AHU Supply Air Temperature (°K),24065,7219500.0,3,2,d,c,1
AHU Supply Air Temperature (°K),24077,7223100.0,2,3,c,d,1
AHU Supply Air Temperature (°K),24089,7226700.0,3,2,d,c,1
AHU Supply Air Temperature (°K),24110,7233000.0,2,3,c,d,1
AHU Supply Air Temperature (°K),24113,7233900.0,3,2,d,c,1
AHU Supply Air Temperature (°K),24114,7234200.0,2,3,c,d,1
AHU Supply Air Temperature (°K),24223,7266900.0,3,2,d,c,1
AHU Supply Air Temperature (°K),24282,7284600.0,2,1,c,b,1
AHU Supply Air Temperature (°K),24283,7284900.0,1,2,b,c,1
AHU Supply Air Temperature (°K),24303,7290900.0,2,3,c,d,1
AHU Supply Air Temperature (°K),24324,7297200.0,3,1,d,b,2
AHU Supply Air Temperature (°K),24332,7299600.0,1,2,b,c,1
AHU Supply Air Temperature (°K),24333,7299900.0,2,1,c,b,1
AHU Supply Air Temperature (°K),24337,7301100.0,1,2,b,c,1
AHU Supply Air Temperature (°K),24341,7302300.0,2,1,c,b,1
AHU Supply Air Temperature (°K),24362,7308600.0,1,0,b,a,1
AHU Supply Air Temperature (°K),24370,7311000.0,0,1,a,b,1
AHU Supply Air Temperature (°K),24375,7312500.0,1,2,b,c,1
AHU Supply Air Temperature (°K),24378,7313400.0,2,1,c,b,1
AHU Supply Air Temperature (°K),24390,7317000.0,1,2,b,c,1
AHU Supply Air Temperature (°K),24395,7318500.0,2,1,c,b,1
AHU Supply Air Temperature (°K),24402,7320600.0,1,2,b,c,1
AHU Supply Air Temperature (°K),24410,7323000.0,2,3,c,d,1
AHU Supply Air Temperature (°K),24502,7350600.0,3,2,d,c,1
AHU Supply Air Temperature (°K),24568,7370400.0,2,1,c,b,1
AHU Supply Air Temperature (°K),24576,7372800.0,1,2,b,c,1
AHU Supply Air Temperature (°K),24584,7375200.0,2,3,c,d,1
AHU Supply Air Temperature (°K),24594,7378200.0,3,2,d,c,1
AHU Supply Air Temperature (°K),24595,7378500.0,2,0,c,a,2
AHU Supply Air Temperature (°K),24598,7379400.0,0,1,a,b,1
AHU Supply Air Temperature (°K),24600,7380000.0,1,2,b,c,1
AHU Supply Air Temperature (°K),24602,7380600.0,2,1,c,b,1
AHU Supply Air Temperature (°K),24603,7380900.0,1,0,b,a,1
AHU Supply Air Temperature (°K),24604,7381200.0,0,1,a,b,1
AHU Supply Air Temperature (°K),24605,7381500.0,1,2,b,c,1
AHU Supply Air Temperature (°K),24606,7381800.0,2,3,c,d,1
AHU Supply Air Temperature (°K),24608,7382400.0,3,1,d,b,2
AHU Supply Air Temperature (°K),24611,7383300.0,1,2,b,c,1
AHU Supply Air Temperature (°K),24612,7383600.0,2,3,c,d,1
AHU Supply Air Temperature (°K),24614,7384200.0,3,2,d,c,1
AHU Supply Air Temperature (°K),24615,7384500.0,2,1,c,b,1
AHU Supply Air Temperature (°K),24618,7385400.0,1,2,b,c,1
AHU Supply Air Temperature (°K),24619,7385700.0,2,1,c,b,1
AHU Supply Air Temperature (°K),24642,7392600.0,1,2,b,c,1
AHU Supply Air Temperature (°K),24644,7393200.0,2,0,c,a,2
AHU Supply Air Temperature (°K),24651,7395300.0,0,1,a,b,1
AHU Supply Air Temperature (°K),24666,7399800.0,1,2,b,c,1
AHU Supply Air Temperature (°K),24669,7400700.0,2,1,c,b,1
AHU Supply Air Temperature (°K),24688,7406400.0,1,2,b,c,1
AHU Supply Air Temperature (°K),24695,7408500.0,2,3,c,d,1
AHU Supply Air Temperature (°K),24698,7409400.0,3,2,d,c,1
AHU Supply Air Temperature (°K),24701,7410300.0,2,3,c,d,1
AHU Supply Air Temperature (°K),24820,7446000.0,3,2,d,c,1
AHU Supply Air Temperature (°K),24867,7460100.0,2,3,c,d,1
AHU Supply Air Temperature (°K),24882,7464600.0,3,1,d,b,2
AHU Supply Air Temperature (°K),24887,7466100.0,1,2,b,c,1
AHU Supply Air Temperature (°K),24896,7468800.0,2,0,c,a,2
AHU Supply Air Temperature (°K),24901,7470300.0,0,1,a,b,1
AHU Supply Air Temperature (°K),24928,7478400.0,1,0,b,a,1
AHU Supply Air Temperature (°K),24954,7486200.0,0,1,a,b,1
AHU Supply Air Temperature (°K),24955,7486500.0,1,0,b,a,1
AHU Supply Air Temperature (°K),24981,7494300.0,0,1,a,b,1
AHU Supply Air Temperature (°K),24990,7497000.0,1,2,b,c,1
AHU Supply Air Temperature (°K),25710,7713000.0,2,1,c,b,1
AHU Supply Air Temperature (°K),25717,7715100.0,1,2,b,c,1
AHU Supply Air Temperature (°K),25718,7715400.0,2,3,c,d,1
AHU Supply Air Temperature (°K),25728,7718400.0,3,2,d,c,1
AHU Supply Air Temperature (°K),25732,7719600.0,2,3,c,d,1
AHU Supply Air Temperature (°K),25739,7721700.0,3,2,d,c,1
AHU Supply Air Temperature (°K),25742,7722600.0,2,3,c,d,1
AHU Supply Air Temperature (°K),25749,7724700.0,3,2,d,c,1
AHU Supply Air Temperature (°K),25752,7725600.0,2,3,c,d,1
AHU Supply Air Temperature (°K),25758,7727400.0,3,2,d,c,1
AHU Supply Air Temperature (°K),25762,7728600.0,2,3,c,d,1
AHU Supply Air Temperature (°K),25768,7730400.0,3,2,d,c,1
AHU Supply Air Temperature (°K),25772,7731600.0,2,3,c,d,1
AHU Supply Air Temperature (°K),25778,7733400.0,3,2,d,c,1
AHU Supply Air Temperature (°K),25782,7734600.0,2,3,c,d,1
AHU Supply Air Temperature (°K),25787,7736100.0,3,2,d,c,1
AHU Supply Air Temperature (°K),25795,7738500.0,2,3,c,d,1
AHU Supply Air Temperature (°K),25802,7740600.0,3,0,d,a,3
AHU Supply Air Temperature (°K),25808,7742400.0,0,1,a,b,1
AHU Supply Air Temperature (°K),25814,7744200.0,1,2,b,c,1
AHU Supply Air Temperature (°K),25815,7744500.0,2,3,c,d,1
AHU Supply Air Temperature (°K),25820,7746000.0,3,0,d,a,3
AHU Supply Air Temperature (°K),25828,7748400.0,0,1,a,b,1
AHU Supply Air Temperature (°K),25834,7750200.0,1,2,b,c,1
AHU Supply Air Temperature (°K),25835,7750500.0,2,3,c,d,1
AHU Supply Air Temperature (°K),25840,7752000.0,3,0,d,a,3
AHU Supply Air Temperature (°K),25847,7754100.0,0,1,a,b,1
AHU Supply Air Temperature (°K),25853,7755900.0,1,2,b,c,1
AHU Supply Air Temperature (°K),25854,7756200.0,2,3,c,d,1
AHU Supply Air Temperature (°K),25860,7758000.0,3,0,d,a,3
AHU Supply Air Temperature (°K),26005,7801500.0,0,1,a,b,1
AHU Supply Air Temperature (°K),26009,7802700.0,1,2,b,c,1
AHU Supply Air Temperature (°K),26021,7806300.0,2,3,c,d,1
AHU Supply Air Temperature (°K),26048,7814400.0,3,0,d,a,3
AHU Supply Air Temperature (°K),26141,7842300.0,0,1,a,b,1
AHU Supply Air Temperature (°K),26148,7844400.0,1,2,b,c,1
AHU Supply Air Temperature (°K),26294,7888200.0,2,3,c,d,1
AHU Supply Air Temperature (°K),26309,7892700.0,3,2,d,c,1
AHU Supply Air Temperature (°K),26311,7893300.0,2,3,c,d,1
AHU Supply Air Temperature (°K),26319,7895700.0,3,2,d,c,1
AHU Supply Air Temperature (°K),26320,7896000.0,2,0,c,a,2
AHU Supply Air Temperature (°K),26433,7929900.0,0,1,a,b,1
AHU Supply Air Temperature (°K),26581,7974300.0,1,2,b,c,1
AHU Supply Air Temperature (°K),26583,7974900.0,2,3,c,d,1
AHU Supply Air Temperature (°K),26596,7978800.0,3,2,d,c,1
AHU Supply Air Temperature (°K),26599,7979700.0,2,3,c,d,1
AHU Supply Air Temperature (°K),26604,7981200.0,3,2,d,c,1
AHU Supply Air Temperature (°K),26608,7982400.0,2,3,c,d,1
AHU Supply Air Temperature (°K),26614,7984200.0,3,0,d,a,3
AHU Supply Air Temperature (°K),26669,8000700.0,0,1,a,b,1
AHU Supply Air Temperature (°K),26671,8001300.0,1,0,b,a,1
AHU Supply Air Temperature (°K),26753,8025900.0,0,1,a,b,1
AHU Supply Air Temperature (°K),26870,8061000.0,1,3,b,d,2
AHU Supply Air Temperature (°K),26875,8062500.0,3,2,d,c,1
AHU Supply Air Temperature (°K),26880,8064000.0,2,1,c,b,1
AHU Supply Air Temperature (°K),26881,8064300.0,1,0,b,a,1
AHU Supply Air Temperature (°K),26890,8067000.0,0,1,a,b,1
AHU Supply Air Temperature (°K),26906,8071800.0,1,0,b,a,1
AHU Supply Air Temperature (°K),27043,8112900.0,0,1,a,b,1
AHU Supply Air Temperature (°K),27551,8265300.0,1,2,b,c,1
AHU Supply Air Temperature (°K),27734,8320200.0,2,3,c,d,1
AHU Supply Air Temperature (°K),27740,8322000.0,3,1,d,b,2
AHU Supply Air Temperature (°K),27742,8322600.0,1,0,b,a,1
AHU Supply Air Temperature (°K),27754,8326200.0,0,1,a,b,1
AHU Supply Air Temperature (°K),27764,8329200.0,1,0,b,a,1
AHU Supply Air Temperature (°K),27770,8331000.0,0,1,a,b,1
AHU Supply Air Temperature (°K),27771,8331300.0,1,0,b,a,1
AHU Supply Air Temperature (°K),27912,8373600.0,0,1,a,b,1
AHU Supply Air Temperature (°K),28021,8406300.0,1,2,b,c,1
AHU Supply Air Temperature (°K),28022,8406600.0,2,3,c,d,1
AHU Supply Air Temperature (°K),28026,8407800.0,3,2,d,c,1
AHU Supply Air Temperature (°K),28027,8408100.0,2,0,c,a,2
AHU Supply Air Temperature (°K),28162,8448600.0,0,1,a,b,1
AHU Supply Air Temperature (°K),28164,8449200.0,1,0,b,a,1
AHU Supply Air Temperature (°K),28173,8451900.0,0,1,a,b,1
AHU Supply Air Temperature (°K),28305,8491500.0,1,2,b,c,1
AHU Supply Air Temperature (°K),28310,8493000.0,2,3,c,d,1
AHU Supply Air Temperature (°K),28314,8494200.0,3,0,d,a,3
AHU Supply Air Temperature (°K),28398,8519400.0,0,1,a,b,1
AHU Supply Air Temperature (°K),28399,8519700.0,1,0,b,a,1
AHU Supply Air Temperature (°K),28443,8532900.0,0,1,a,b,1
AHU Supply Air Temperature (°K),28590,8577000.0,1,2,b,c,1
AHU Supply Air Temperature (°K),28598,8579400.0,2,3,c,d,1
AHU Supply Air Temperature (°K),28604,8581200.0,3,2,d,c,1
AHU Supply Air Temperature (°K),28615,8584500.0,2,3,c,d,1
AHU Supply Air Temperature (°K),28616,8584800.0,3,0,d,a,3
AHU Supply Air Temperature (°K),28626,8587800.0,0,1,a,b,1
AHU Supply Air Temperature (°K),28638,8591400.0,1,0,b,a,1
AHU Supply Air Temperature (°K),28737,8621100.0,0,1,a,b,1
AHU Supply Air Temperature (°K),28885,8665500.0,1,2,b,c,1
AHU Supply Air Temperature (°K),28886,8665800.0,2,3,c,d,1
AHU Supply Air Temperature (°K),28891,8667300.0,3,2,d,c,1
AHU Supply Air Temperature (°K),28892,8667600.0,2,1,c,b,1
AHU Supply Air Temperature (°K),28898,8669400.0,1,2,b,c,1
AHU Supply Air Temperature (°K),28900,8670000.0,2,0,c,a,2
AHU Supply Air Temperature (°K),28912,8673600.0,0,1,a,b,1
AHU Supply Air Temperature (°K),28965,8689500.0,1,0,b,a,1
AHU Supply Air Temperature (°K),29047,8714100.0,0,1,a,b,1
AHU Supply Air Temperature (°K),29331,8799300.0,1,2,b,c,1
AHU Supply Air Temperature (°K),29571,8871300.0,2,3,c,d,1
AHU Supply Air Temperature (°K),29755,8926500.0,3,2,d,c,1
AHU Supply Air Temperature (°K),29756,8926800.0,2,1,c,b,1
AHU Supply Air Temperature (°K),29757,8927100.0,1,0,b,a,1
AHU Supply Air Temperature (°K),29765,8929500.0,0,1,a,b,1
AHU Supply Air Temperature (°K),29813,8943900.0,1,0,b,a,1
AHU Supply Air Temperature (°K),29826,8947800.0,0,1,a,b,1
AHU Supply Air Temperature (°K),29828,8948400.0,1,0,b,a,1
AHU Supply Air Temperature (°K),29891,8967300.0,0,1,a,b,1
AHU Supply Air Temperature (°K),30037,9011100.0,1,2,b,c,1
AHU Supply Air Temperature (°K),30038,9011400.0,2,3,c,d,1
AHU Supply Air Temperature (°K),30044,9013200.0,3,1,d,b,2
AHU Supply Air Temperature (°K),30045,9013500.0,1,0,b,a,1
AHU Supply Air Temperature (°K),30054,9016200.0,0,1,a,b,1
AHU Supply Air Temperature (°K),30086,9025800.0,1,0,b,a,1
AHU Supply Air Temperature (°K),30087,9026100.0,0,1,a,b,1
AHU Supply Air Temperature (°K),30088,9026400.0,1,0,b,a,1
AHU Supply Air Temperature (°K),30179,9053700.0,0,1,a,b,1
AHU Supply Air Temperature (°K),30326,9097800.0,1,3,b,d,2
AHU Supply Air Temperature (°K),30331,9099300.0,3,2,d,c,1
AHU Supply Air Temperature (°K),30337,9101100.0,2,0,c,a,2
AHU Supply Air Temperature (°K),30345,9103500.0,0,1,a,b,1
AHU Supply Air Temperature (°K),30358,9107400.0,1,0,b,a,1
AHU Supply Air Temperature (°K),30515,9154500.0,0,1,a,b,1
AHU Supply Air Temperature (°K),30614,9184200.0,1,3,b,d,2
AHU Supply Air Temperature (°K),30623,9186900.0,3,2,d,c,1
AHU Supply Air Temperature (°K),30624,9187200.0,2,0,c,a,2
AHU Supply Air Temperature (°K),30901,9270300.0,0,1,a,b,1
AHU Supply Air Temperature (°K),30902,9270600.0,1,3,b,d,2
AHU Supply Air Temperature (°K),30909,9272700.0,3,0,d,a,3
AHU Supply Air Temperature (°K),30918,9275400.0,0,1,a,b,1
AHU Supply Air Temperature (°K),30948,9284400.0,1,0,b,a,1
AHU Supply Air Temperature (°K),31023,9306900.0,0,1,a,b,1
AHU Supply Air Temperature (°K),31024,9307200.0,1,0,b,a,1
AHU Supply Air Temperature (°K),31030,9309000.0,0,1,a,b,1
AHU Supply Air Temperature (°K),31170,9351000.0,1,2,b,c,1
AHU Supply Air Temperature (°K),31617,9485100.0,2,3,c,d,1
AHU Supply Air Temperature (°K),31700,9510000.0,3,2,d,c,1
AHU Supply Air Temperature (°K),31766,9529800.0,2,3,c,d,1
AHU Supply Air Temperature (°K),31770,9531000.0,3,1,d,b,2
AHU Supply Air Temperature (°K),31790,9537000.0,1,2,b,c,1
AHU Supply Air Temperature (°K),31800,9540000.0,2,3,c,d,1
AHU Supply Air Temperature (°K),31817,9545100.0,3,2,d,c,1
AHU Supply Air Temperature (°K),31846,9553800.0,2,3,c,d,1
AHU Supply Air Temperature (°K),31850,9555000.0,3,0,d,a,3
AHU Supply Air Temperature (°K),31854,9556200.0,0,1,a,b,1
AHU Supply Air Temperature (°K),31886,9565800.0,1,2,b,c,1
AHU Supply Air Temperature (°K),31894,9568200.0,2,3,c,d,1
AHU Supply Air Temperature (°K),32059,9617700.0,3,2,d,c,1
AHU Supply Air Temperature (°K),32061,9618300.0,2,1,c,b,1
AHU Supply Air Temperature (°K),32063,9618900.0,1,2,b,c,1
AHU Supply Air Temperature (°K),32064,9619200.0,2,3,c,d,1
AHU Supply Air Temperature (°K),32070,9621000.0,3,2,d,c,1
AHU Supply Air Temperature (°K),32072,9621600.0,2,3,c,d,1
AHU Supply Air Temperature (°K),32076,9622800.0,3,2,d,c,1
AHU Supply Air Temperature (°K),32078,9623400.0,2,3,c,d,1
AHU Supply Air Temperature (°K),32347,9704100.0,3,2,d,c,1
AHU Supply Air Temperature (°K),32351,9705300.0,2,3,c,d,1
AHU Supply Air Temperature (°K),32357,9707100.0,3,2,d,c,1
AHU Supply Air Temperature (°K),32363,9708900.0,2,3,c,d,1
AHU Supply Air Temperature (°K),32369,9710700.0,3,1,d,b,2
AHU Supply Air Temperature (°K),32370,9711000.0,1,0,b,a,1
AHU Supply Air Temperature (°K),32382,9714600.0,0,1,a,b,1
AHU Supply Air Temperature (°K),32407,9722100.0,1,0,b,a,1
AHU Supply Air Temperature (°K),32476,9742800.0,0,1,a,b,1
AHU Supply Air Temperature (°K),32482,9744600.0,1,2,b,c,1
AHU Supply Air Temperature (°K),32630,9789000.0,2,3,c,d,1
AHU Supply Air Temperature (°K),32635,9790500.0,3,2,d,c,1
AHU Supply Air Temperature (°K),32636,9790800.0,2,1,c,b,1
AHU Supply Air Temperature (°K),32642,9792600.0,1,2,b,c,1
AHU Supply Air Temperature (°K),32643,9792900.0,2,1,c,b,1
AHU Supply Air Temperature (°K),32644,9793200.0,1,0,b,a,1
AHU Supply Air Temperature (°K),32667,9800100.0,0,1,a,b,1
AHU Supply Air Temperature (°K),32668,9800400.0,1,0,b,a,1
AHU Supply Air Temperature (°K),32765,9829500.0,0,1,a,b,1
AHU Supply Air Temperature (°K),32767,9830100.0,1,0,b,a,1
AHU Supply Air Temperature (°K),32771,9831300.0,0,1,a,b,1
AHU Supply Air Temperature (°K),32917,9875100.0,1,2,b,c,1
AHU Supply Air Temperature (°K),32918,9875400.0,2,3,c,d,1
AHU Supply Air Temperature (°K),32925,9877500.0,3,0,d,a,3
AHU Supply Air Temperature (°K),32938,9881400.0,0,1,a,b,1
AHU Supply Air Temperature (°K),32946,9883800.0,1,0,b,a,1
AHU Supply Air Temperature (°K),32958,9887400.0,0,1,a,b,1
AHU Supply Air Temperature (°K),32968,9890400.0,1,0,b,a,1
AHU Supply Air Temperature (°K),33087,9926100.0,0,1,a,b,1
AHU Supply Air Temperature (°K),33335,10000500.0,1,2,b,c,1
AHU Supply Air Temperature (°K),33624,10087200.0,2,3,c,d,1
AHU Supply Air Temperature (°K),33785,10135500.0,3,0,d,a,3
AHU Supply Air Temperature (°K),33830,10149000.0,0,1,a,b,1
AHU Supply Air Temperature (°K),33850,10155000.0,1,2,b,c,1
AHU Supply Air Temperature (°K),33863,10158900.0,2,1,c,b,1
AHU Supply Air Temperature (°K),33888,10166400.0,1,0,b,a,1
AHU Supply Air Temperature (°K),33952,10185600.0,0,1,a,b,1
AHU Supply Air Temperature (°K),34069,10220700.0,1,2,b,c,1
AHU Supply Air Temperature (°K),34070,10221000.0,2,3,c,d,1
AHU Supply Air Temperature (°K),34077,10223100.0,3,0,d,a,3
AHU Supply Air Temperature (°K),34085,10225500.0,0,1,a,b,1
AHU Supply Air Temperature (°K),34180,10254000.0,1,2,b,c,1
AHU Supply Air Temperature (°K),34357,10307100.0,2,3,c,d,1
AHU Supply Air Temperature (°K),34368,10310400.0,3,0,d,a,3
AHU Supply Air Temperature (°K),34374,10312200.0,0,1,a,b,1
AHU Supply Air Temperature (°K),34380,10314000.0,1,2,b,c,1
AHU Supply Air Temperature (°K),34381,10314300.0,2,3,c,d,1
AHU Supply Air Temperature (°K),34385,10315500.0,3,0,d,a,3
AHU Supply Air Temperature (°K),34533,10359900.0,0,1,a,b,1
AHU Supply Air Temperature (°K),34645,10393500.0,1,2,b,c,1
AHU Supply Air Temperature (°K),34646,10393800.0,2,3,c,d,1
AHU Supply Air Temperature (°K),34650,10395000.0,3,0,d,a,3
AHU Supply Air Temperature (°K),34675,10402500.0,0,1,a,b,1
AHU Supply Air Temperature (°K),34679,10403700.0,1,0,b,a,1
AHU Supply Air Temperature (°K),34850,10455000.0,0,1,a,b,1
AHU Supply Air Temperature (°K),34934,10480200.0,1,3,b,d,2
AHU Supply Air Temperature (°K),34941,10482300.0,3,0,d,a,3
AHU Supply Air Temperature (°K),35233,10569900.0,0,1,a,b,1
AHU Supply Air Temperature (°K),35519,10655700.0,1,2,b,c,1
AHU Supply Air Temperature (°K),35693,10707900.0,2,3,c,d,1
AHU Supply Air Temperature (°K),35801,10740300.0,3,1,d,b,2
AHU Supply Air Temperature (°K),35808,10742400.0,1,0,b,a,1
AHU Supply Air Temperature (°K),35814,10744200.0,0,1,a,b,1
AHU Supply Air Temperature (°K),35817,10745100.0,1,0,b,a,1
AHU Supply Air Temperature (°K),35822,10746600.0,0,1,a,b,1
AHU Supply Air Temperature (°K),35823,10746900.0,1,0,b,a,1
AHU Supply Air Temperature (°K),35833,10749900.0,0,1,a,b,1
AHU Supply Air Temperature (°K),35834,10750200.0,1,0,b,a,1
AHU Supply Air Temperature (°K),35844,10753200.0,0,1,a,b,1
AHU Supply Air Temperature (°K),35846,10753800.0,1,0,b,a,1
AHU Supply Air Temperature (°K),35856,10756800.0,0,1,a,b,1
AHU Supply Air Temperature (°K),36081,10824300.0,1,2,b,c,1
AHU Supply Air Temperature (°K),36086,10825800.0,2,3,c,d,1
AHU Supply Air Temperature (°K),36090,10827000.0,3,2,d,c,1
AHU Supply Air Temperature (°K),36091,10827300.0,2,1,c,b,1
AHU Supply Air Temperature (°K),36094,10828200.0,1,2,b,c,1
AHU Supply Air Temperature (°K),36098,10829400.0,2,0,c,a,2
AHU Supply Air Temperature (°K),36107,10832100.0,0,1,a,b,1
AHU Supply Air Temperature (°K),36117,10835100.0,1,2,b,c,1
AHU Supply Air Temperature (°K),36122,10836600.0,2,1,c,b,1
AHU Supply Air Temperature (°K),36148,10844400.0,1,0,b,a,1
AHU Supply Air Temperature (°K),36219,10865700.0,0,1,a,b,1
AHU Supply Air Temperature (°K),36228,10868400.0,1,2,b,c,1
AHU Supply Air Temperature (°K),36374,10912200.0,2,3,c,d,1
AHU Supply Air Temperature (°K),36379,10913700.0,3,2,d,c,1
AHU Supply Air Temperature (°K),36384,10915200.0,2,0,c,a,2
AHU Supply Air Temperature (°K),36395,10918500.0,0,1,a,b,1
AHU Supply Air Temperature (°K),36408,10922400.0,1,0,b,a,1
AHU Supply Air Temperature (°K),36586,10975800.0,0,1,a,b,1
AHU Supply Air Temperature (°K),36662,10998600.0,1,3,b,d,2
AHU Supply Air Temperature (°K),36667,11000100.0,3,0,d,a,3
AHU Supply Air Temperature (°K),36682,11004600.0,0,1,a,b,1
AHU Supply Air Temperature (°K),36690,11007000.0,1,2,b,c,1
AHU Supply Air Temperature (°K),36701,11010300.0,2,3,c,d,1
AHU Supply Air Temperature (°K),36716,11014800.0,3,2,d,c,1
AHU Supply Air Temperature (°K),36737,11021100.0,2,1,c,b,1
AHU Supply Air Temperature (°K),36928,11078400.0,1,2,b,c,1
AHU Supply Air Temperature (°K),36950,11085000.0,2,3,c,d,1
AHU Supply Air Temperature (°K),36953,11085900.0,3,1,d,b,2
AHU Supply Air Temperature (°K),36954,11086200.0,1,0,b,a,1
AHU Supply Air Temperature (°K),36981,11094300.0,0,1,a,b,1
AHU Supply Air Temperature (°K),36984,11095200.0,1,0,b,a,1
AHU Supply Air Temperature (°K),37120,11136000.0,0,1,a,b,1
AHU Supply Air Temperature (°K),37265,11179500.0,1,2,b,c,1
AHU Supply Air Temperature (°K),37493,11247900.0,2,3,c,d,1
AHU Supply Air Temperature (°K),37818,11345400.0,3,2,d,c,1
AHU Supply Air Temperature (°K),37819,11345700.0,2,1,c,b,1
AHU Supply Air Temperature (°K),37820,11346000.0,1,0,b,a,1
AHU Supply Air Temperature (°K),37834,11350200.0,0,1,a,b,1
AHU Supply Air Temperature (°K),37836,11350800.0,1,0,b,a,1
AHU Supply Air Temperature (°K),37878,11363400.0,0,1,a,b,1
AHU Supply Air Temperature (°K),38100,11430000.0,1,2,b,c,1
AHU Supply Air Temperature (°K),38102,11430600.0,2,3,c,d,1
AHU Supply Air Temperature (°K),38108,11432400.0,3,0,d,a,3
AHU Supply Air Temperature (°K),38120,11436000.0,0,1,a,b,1
AHU Supply Air Temperature (°K),38132,11439600.0,1,0,b,a,1
AHU Supply Air Temperature (°K),38274,11482200.0,0,1,a,b,1
AHU Supply Air Temperature (°K),38389,11516700.0,1,2,b,c,1
AHU Supply Air Temperature (°K),38390,11517000.0,2,3,c,d,1
AHU Supply Air Temperature (°K),38394,11518200.0,3,0,d,a,3
AHU Supply Air Temperature (°K),38643,11592900.0,0,1,a,b,1
AHU Supply Air Temperature (°K),38677,11603100.0,1,2,b,c,1
AHU Supply Air Temperature (°K),38678,11603400.0,2,3,c,d,1
AHU Supply Air Temperature (°K),38681,11604300.0,3,1,d,b,2
AHU Supply Air Temperature (°K),38682,11604600.0,1,0,b,a,1
AHU Supply Air Temperature (°K),38877,11663100.0,0,1,a,b,1
AHU Supply Air Temperature (°K),38965,11689500.0,1,2,b,c,1
AHU Supply Air Temperature (°K),38966,11689800.0,2,3,c,d,1
AHU Supply Air Temperature (°K),38969,11690700.0,3,1,d,b,2
AHU Supply Air Temperature (°K),38970,11691000.0,1,0,b,a,1
AHU Supply Air Temperature (°K),39192,11757600.0,0,1,a,b,1
AHU Supply Air Temperature (°K),39357,11807100.0,1,2,b,c,1
AHU Supply Air Temperature (°K),39458,11837400.0,2,3,c,d,1
AHU Supply Air Temperature (°K),39832,11949600.0,3,2,d,c,1
AHU Supply Air Temperature (°K),39833,11949900.0,2,1,c,b,1
AHU Supply Air Temperature (°K),39844,11953200.0,1,0,b,a,1
AHU Supply Air Temperature (°K),39851,11955300.0,0,1,a,b,1
AHU Supply Air Temperature (°K),39854,11956200.0,1,0,b,a,1
AHU Supply Air Temperature (°K),39859,11957700.0,0,1,a,b,1
AHU Supply Air Temperature (°K),39861,11958300.0,1,0,b,a,1
AHU Supply Air Temperature (°K),39870,11961000.0,0,1,a,b,1
AHU Supply Air Temperature (°K),39871,11961300.0,1,0,b,a,1
AHU Supply Air Temperature (°K),39873,11961900.0,0,1,a,b,1
AHU Supply Air Temperature (°K),39874,11962200.0,1,0,b,a,1
AHU Supply Air Temperature (°K),39888,11966400.0,0,1,a,b,1
AHU Supply Air Temperature (°K),39889,11966700.0,1,0,b,a,1
AHU Supply Air Temperature (°K),39898,11969400.0,0,1,a,b,1
AHU Supply Air Temperature (°K),39899,11969700.0,1,0,b,a,1
AHU Supply Air Temperature (°K),39902,11970600.0,0,1,a,b,1
AHU Supply Air Temperature (°K),39903,11970900.0,1,0,b,a,1
AHU Supply Air Temperature (°K),39935,11980500.0,0,1,a,b,1
AHU Supply Air Temperature (°K),39937,11981100.0,1,0,b,a,1
AHU Supply Air Temperature (°K),39943,11982900.0,0,1,a,b,1
AHU Supply Air Temperature (°K),39947,11984100.0,1,0,b,a,1
AHU Supply Air Temperature (°K),39953,11985900.0,0,1,a,b,1
AHU Supply Air Temperature (°K),39956,11986800.0,1,0,b,a,1
AHU Supply Air Temperature (°K),39961,11988300.0,0,1,a,b,1
AHU Supply Air Temperature (°K),39964,11989200.0,1,0,b,a,1
AHU Supply Air Temperature (°K),39969,11990700.0,0,1,a,b,1
AHU Supply Air Temperature (°K),39972,11991600.0,1,0,b,a,1
AHU Supply Air Temperature (°K),39999,11999700.0,0,1,a,b,1
AHU Supply Air Temperature (°K),40117,12035100.0,1,2,b,c,1
AHU Supply Air Temperature (°K),40118,12035400.0,2,3,c,d,1
AHU Supply Air Temperature (°K),40122,12036600.0,3,0,d,a,3
AHU Supply Air Temperature (°K),40290,12087000.0,0,1,a,b,1
AHU Supply Air Temperature (°K),40405,12121500.0,1,2,b,c,1
AHU Supply Air Temperature (°K),40406,12121800.0,2,3,c,d,1
AHU Supply Air Temperature (°K),40410,12123000.0,3,0,d,a,3
AHU Supply Air Temperature (°K),40577,12173100.0,0,1,a,b,1
AHU Supply Air Temperature (°K),40693,12207900.0,1,2,b,c,1
AHU Supply Air Temperature (°K),40694,12208200.0,2,3,c,d,1
AHU Supply Air Temperature (°K),40697,12209100.0,3,0,d,a,3
AHU Supply Air Temperature (°K),40863,12258900.0,0,1,a,b,1
AHU Supply Air Temperature (°K),40981,12294300.0,1,2,b,c,1
AHU Supply Air Temperature (°K),40982,12294600.0,2,3,c,d,1
AHU Supply Air Temperature (°K),40985,12295500.0,3,0,d,a,3
AHU Supply Air Temperature (°K),41150,12345000.0,0,1,a,b,1
AHU Supply Air Temperature (°K),41279,12383700.0,1,2,b,c,1
AHU Supply Air Temperature (°K),41392,12417600.0,2,3,c,d,1
AHU Supply Air Temperature (°K),42136,12640800.0,3,1,d,b,2
AHU Supply Air Temperature (°K),42142,12642600.0,1,2,b,c,1
AHU Supply Air Temperature (°K),42143,12642900.0,2,1,c,b,1
AHU Supply Air Temperature (°K),42151,12645300.0,1,0,b,a,1
AHU Supply Air Temperature (°K),42157,12647100.0,0,1,a,b,1
AHU Supply Air Temperature (°K),42160,12648000.0,1,0,b,a,1
AHU Supply Air Temperature (°K),42188,12656400.0,0,1,a,b,1
AHU Supply Air Temperature (°K),42189,12656700.0,1,0,b,a,1
AHU Supply Air Temperature (°K),42192,12657600.0,0,1,a,b,1
AHU Supply Air Temperature (°K),42193,12657900.0,1,0,b,a,1
AHU Supply Air Temperature (°K),42202,12660600.0,0,1,a,b,1
AHU Supply Air Temperature (°K),42203,12660900.0,1,0,b,a,1
AHU Supply Air Temperature (°K),42205,12661500.0,0,1,a,b,1
AHU Supply Air Temperature (°K),42206,12661800.0,1,0,b,a,1
AHU Supply Air Temperature (°K),42314,12694200.0,0,1,a,b,1
AHU Supply Air Temperature (°K),42421,12726300.0,1,3,b,d,2
AHU Supply Air Temperature (°K),42425,12727500.0,3,1,d,b,2
AHU Supply Air Temperature (°K),42427,12728100.0,1,0,b,a,1
AHU Supply Air Temperature (°K),42594,12778200.0,0,1,a,b,1
AHU Supply Air Temperature (°K),42709,12812700.0,1,2,b,c,1
AHU Supply Air Temperature (°K),42710,12813000.0,2,3,c,d,1
AHU Supply Air Temperature (°K),42713,12813900.0,3,1,d,b,2
AHU Supply Air Temperature (°K),42714,12814200.0,1,0,b,a,1
AHU Supply Air Temperature (°K),42897,12869100.0,0,1,a,b,1
AHU Supply Air Temperature (°K),42997,12899100.0,1,2,b,c,1
AHU Supply Air Temperature (°K),42998,12899400.0,2,3,c,d,1
AHU Supply Air Temperature (°K),43001,12900300.0,3,1,d,b,2
AHU Supply Air Temperature (°K),43002,12900600.0,1,0,b,a,1
AHU Supply Air Temperature (°K),43184,12955200.0,0,1,a,b,1
AHU Supply Air Temperature (°K),43409,13022700.0,1,2,b,c,1
AHU Supply Air Temperature (°K),43543,13062900.0,2,3,c,d,1
AHU Supply Air Temperature (°K),43865,13159500.0,3,1,d,b,2
AHU Supply Air Temperature (°K),43875,13162500.0,1,0,b,a,1
AHU Supply Air Temperature (°K),43882,13164600.0,0,1,a,b,1
AHU Supply Air Temperature (°K),43886,13165800.0,1,0,b,a,1
AHU Supply Air Temperature (°K),43892,13167600.0,0,1,a,b,1
AHU Supply Air Temperature (°K),43895,13168500.0,1,0,b,a,1
AHU Supply Air Temperature (°K),43902,13170600.0,0,1,a,b,1
AHU Supply Air Temperature (°K),43911,13173300.0,1,0,b,a,1
AHU Supply Air Temperature (°K),43918,13175400.0,0,1,a,b,1
AHU Supply Air Temperature (°K),43928,13178400.0,1,0,b,a,1
AHU Supply Air Temperature (°K),43935,13180500.0,0,1,a,b,1
AHU Supply Air Temperature (°K),43944,13183200.0,1,0,b,a,1
AHU Supply Air Temperature (°K),43951,13185300.0,0,1,a,b,1
AHU Supply Air Temperature (°K),43959,13187700.0,1,0,b,a,1
AHU Supply Air Temperature (°K),43965,13189500.0,0,1,a,b,1
AHU Supply Air Temperature (°K),43973,13191900.0,1,0,b,a,1
AHU Supply Air Temperature (°K),43981,13194300.0,0,1,a,b,1
AHU Supply Air Temperature (°K),43985,13195500.0,1,0,b,a,1
AHU Supply Air Temperature (°K),44131,13239300.0,0,1,a,b,1
AHU Supply Air Temperature (°K),44150,13245000.0,1,3,b,d,2
AHU Supply Air Temperature (°K),44153,13245900.0,3,1,d,b,2
AHU Supply Air Temperature (°K),44155,13246500.0,1,0,b,a,1
AHU Supply Air Temperature (°K),44437,13331100.0,0,2,a,c,2
AHU Supply Air Temperature (°K),44438,13331400.0,2,3,c,d,1
AHU Supply Air Temperature (°K),44441,13332300.0,3,1,d,b,2
AHU Supply Air Temperature (°K),44442,13332600.0,1,0,b,a,1
AHU Supply Air Temperature (°K),44459,13337700.0,0,1,a,b,1
AHU Supply Air Temperature (°K),44464,13339200.0,1,0,b,a,1
AHU Supply Air Temperature (°K),44618,13385400.0,0,1,a,b,1
AHU Supply Air Temperature (°K),44725,13417500.0,1,2,b,c,1
AHU Supply Air Temperature (°K),44726,13417800.0,2,3,c,d,1
AHU Supply Air Temperature (°K),44729,13418700.0,3,1,d,b,2
AHU Supply Air Temperature (°K),44730,13419000.0,1,0,b,a,1
AHU Supply Air Temperature (°K),44752,13425600.0,0,1,a,b,1
AHU Supply Air Temperature (°K),44753,13425900.0,1,0,b,a,1
AHU Supply Air Temperature (°K),44907,13472100.0,0,1,a,b,1
AHU Supply Air Temperature (°K),45013,13503900.0,1,2,b,c,1
AHU Supply Air Temperature (°K),45014,13504200.0,2,3,c,d,1
AHU Supply Air Temperature (°K),45017,13505100.0,3,1,d,b,2
AHU Supply Air Temperature (°K),45019,13505700.0,1,0,b,a,1
AHU Supply Air Temperature (°K),45189,13556700.0,0,1,a,b,1
AHU Supply Air Temperature (°K),45349,13604700.0,1,2,b,c,1
AHU Supply Air Temperature (°K),45434,13630200.0,2,3,c,d,1
AHU Supply Air Temperature (°K),45880,13764000.0,3,1,d,b,2
AHU Supply Air Temperature (°K),45883,13764900.0,1,2,b,c,1
AHU Supply Air Temperature (°K),45889,13766700.0,2,1,c,b,1
AHU Supply Air Temperature (°K),45946,13783800.0,1,0,b,a,1
AHU Supply Air Temperature (°K),45959,13787700.0,0,1,a,b,1
AHU Supply Air Temperature (°K),45960,13788000.0,1,0,b,a,1
AHU Supply Air Temperature (°K),45963,13788900.0,0,1,a,b,1
AHU Supply Air Temperature (°K),45964,13789200.0,1,0,b,a,1
AHU Supply Air Temperature (°K),45970,13791000.0,0,1,a,b,1
AHU Supply Air Temperature (°K),45971,13791300.0,1,0,b,a,1
AHU Supply Air Temperature (°K),45974,13792200.0,0,1,a,b,1
AHU Supply Air Temperature (°K),45975,13792500.0,1,0,b,a,1
AHU Supply Air Temperature (°K),46037,13811100.0,0,1,a,b,1
AHU Supply Air Temperature (°K),46165,13849500.0,1,2,b,c,1
AHU Supply Air Temperature (°K),46166,13849800.0,2,3,c,d,1
AHU Supply Air Temperature (°K),46169,13850700.0,3,1,d,b,2
AHU Supply Air Temperature (°K),46177,13853100.0,1,0,b,a,1
AHU Supply Air Temperature (°K),46184,13855200.0,0,1,a,b,1
AHU Supply Air Temperature (°K),46190,13857000.0,1,0,b,a,1
AHU Supply Air Temperature (°K),46195,13858500.0,0,1,a,b,1
AHU Supply Air Temperature (°K),46199,13859700.0,1,0,b,a,1
AHU Supply Air Temperature (°K),46205,13861500.0,0,1,a,b,1
AHU Supply Air Temperature (°K),46208,13862400.0,1,0,b,a,1
AHU Supply Air Temperature (°K),46213,13863900.0,0,1,a,b,1
AHU Supply Air Temperature (°K),46216,13864800.0,1,0,b,a,1
AHU Supply Air Temperature (°K),46221,13866300.0,0,1,a,b,1
AHU Supply Air Temperature (°K),46224,13867200.0,1,0,b,a,1
AHU Supply Air Temperature (°K),46231,13869300.0,0,1,a,b,1
AHU Supply Air Temperature (°K),46232,13869600.0,1,0,b,a,1
AHU Supply Air Temperature (°K),46246,13873800.0,0,1,a,b,1
AHU Supply Air Temperature (°K),46247,13874100.0,1,0,b,a,1
AHU Supply Air Temperature (°K),46272,13881600.0,0,1,a,b,1
AHU Supply Air Temperature (°K),46273,13881900.0,1,0,b,a,1
AHU Supply Air Temperature (°K),46275,13882500.0,0,1,a,b,1
AHU Supply Air Temperature (°K),46277,13883100.0,1,0,b,a,1
AHU Supply Air Temperature (°K),46280,13884000.0,0,1,a,b,1
AHU Supply Air Temperature (°K),46282,13884600.0,1,0,b,a,1
AHU Supply Air Temperature (°K),46286,13885800.0,0,1,a,b,1
AHU Supply Air Temperature (°K),46287,13886100.0,1,0,b,a,1
AHU Supply Air Temperature (°K),46291,13887300.0,0,1,a,b,1
AHU Supply Air Temperature (°K),46292,13887600.0,1,0,b,a,1
AHU Supply Air Temperature (°K),46335,13900500.0,0,1,a,b,1
AHU Supply Air Temperature (°K),46453,13935900.0,1,2,b,c,1
AHU Supply Air Temperature (°K),46454,13936200.0,2,3,c,d,1
AHU Supply Air Temperature (°K),46457,13937100.0,3,1,d,b,2
AHU Supply Air Temperature (°K),46458,13937400.0,1,0,b,a,1
AHU Supply Air Temperature (°K),46471,13941300.0,0,1,a,b,1
AHU Supply Air Temperature (°K),46475,13942500.0,1,0,b,a,1
AHU Supply Air Temperature (°K),46484,13945200.0,0,1,a,b,1
AHU Supply Air Temperature (°K),46492,13947600.0,1,0,b,a,1
AHU Supply Air Temperature (°K),46500,13950000.0,0,1,a,b,1
AHU Supply Air Temperature (°K),46509,13952700.0,1,0,b,a,1
AHU Supply Air Temperature (°K),46519,13955700.0,0,1,a,b,1
AHU Supply Air Temperature (°K),46523,13956900.0,1,0,b,a,1
AHU Supply Air Temperature (°K),46533,13959900.0,0,1,a,b,1
AHU Supply Air Temperature (°K),46539,13961700.0,1,0,b,a,1
AHU Supply Air Temperature (°K),46547,13964100.0,0,1,a,b,1
AHU Supply Air Temperature (°K),46550,13965000.0,1,0,b,a,1
AHU Supply Air Temperature (°K),46649,13994700.0,0,1,a,b,1
AHU Supply Air Temperature (°K),46741,14022300.0,1,2,b,c,1
AHU Supply Air Temperature (°K),46742,14022600.0,2,3,c,d,1
AHU Supply Air Temperature (°K),46749,14024700.0,3,0,d,a,3
AHU Supply Air Temperature (°K),46757,14027100.0,0,1,a,b,1
AHU Supply Air Temperature (°K),46801,14040300.0,1,0,b,a,1
AHU Supply Air Temperature (°K),46924,14077200.0,0,1,a,b,1
AHU Supply Air Temperature (°K),47030,14109000.0,1,3,b,d,2
AHU Supply Air Temperature (°K),47037,14111100.0,3,0,d,a,3
AHU Supply Air Temperature (°K),47206,14161800.0,0,1,a,b,1
AHU Supply Air Temperature (°K),47646,14293800.0,1,2,b,c,1
AHU Supply Air Temperature (°K),47893,14367900.0,2,3,c,d,1
AHU Supply Air Temperature (°K),47897,14369100.0,3,1,d,b,2
AHU Supply Air Temperature (°K),47907,14372100.0,1,0,b,a,1
AHU Supply Air Temperature (°K),47914,14374200.0,0,1,a,b,1
AHU Supply Air Temperature (°K),47921,14376300.0,1,0,b,a,1
AHU Supply Air Temperature (°K),47928,14378400.0,0,1,a,b,1
AHU Supply Air Temperature (°K),47934,14380200.0,1,0,b,a,1
AHU Supply Air Temperature (°K),47941,14382300.0,0,1,a,b,1
AHU Supply Air Temperature (°K),47945,14383500.0,1,0,b,a,1
AHU Supply Air Temperature (°K),47952,14385600.0,0,1,a,b,1
AHU Supply Air Temperature (°K),47956,14386800.0,1,0,b,a,1
AHU Supply Air Temperature (°K),47962,14388600.0,0,1,a,b,1
AHU Supply Air Temperature (°K),47966,14389800.0,1,0,b,a,1
AHU Supply Air Temperature (°K),47971,14391300.0,0,1,a,b,1
AHU Supply Air Temperature (°K),47973,14391900.0,1,0,b,a,1
AHU Supply Air Temperature (°K),47976,14392800.0,0,1,a,b,1
AHU Supply Air Temperature (°K),47977,14393100.0,1,0,b,a,1
AHU Supply Air Temperature (°K),47981,14394300.0,0,1,a,b,1
AHU Supply Air Temperature (°K),47983,14394900.0,1,0,b,a,1
AHU Supply Air Temperature (°K),47987,14396100.0,0,1,a,b,1
AHU Supply Air Temperature (°K),47988,14396400.0,1,0,b,a,1
AHU Supply Air Temperature (°K),48069,14420700.0,0,1,a,b,1
AHU Supply Air Temperature (°K),48181,14454300.0,1,2,b,c,1
AHU Supply Air Temperature (°K),48182,14454600.0,2,3,c,d,1
AHU Supply Air Temperature (°K),48185,14455500.0,3,1,d,b,2
AHU Supply Air Temperature (°K),48187,14456100.0,1,0,b,a,1
AHU Supply Air Temperature (°K),48370,14511000.0,0,1,a,b,1
AHU Supply Air Temperature (°K),48470,14541000.0,1,3,b,d,2
AHU Supply Air Temperature (°K),48474,14542200.0,3,0,d,a,3
AHU Supply Air Temperature (°K),48755,14626500.0,0,1,a,b,1
AHU Supply Air Temperature (°K),48758,14627400.0,1,3,b,d,2
AHU Supply Air Temperature (°K),48762,14628600.0,3,1,d,b,2
AHU Supply Air Temperature (°K),48763,14628900.0,1,0,b,a,1
AHU Supply Air Temperature (°K),48836,14650800.0,0,1,a,b,1
AHU Supply Air Temperature (°K),48852,14655600.0,1,0,b,a,1
AHU Supply Air Temperature (°K),48871,14661300.0,0,1,a,b,1
AHU Supply Air Temperature (°K),48967,14690100.0,1,2,b,c,1
AHU Supply Air Temperature (°K),49046,14713800.0,2,3,c,d,1
AHU Supply Air Temperature (°K),49051,14715300.0,3,0,d,a,3
AHU Supply Air Temperature (°K),49188,14756400.0,0,1,a,b,1
AHU Supply Air Temperature (°K),49418,14825400.0,1,2,b,c,1
AHU Supply Air Temperature (°K),49676,14902800.0,2,3,c,d,1
AHU Supply Air Temperature (°K),49913,14973900.0,3,1,d,b,2
AHU Supply Air Temperature (°K),49922,14976600.0,1,0,b,a,1
AHU Supply Air Temperature (°K),49929,14978700.0,0,1,a,b,1
AHU Supply Air Temperature (°K),49934,14980200.0,1,0,b,a,1
AHU Supply Air Temperature (°K),49940,14982000.0,0,1,a,b,1
AHU Supply Air Temperature (°K),49944,14983200.0,1,0,b,a,1
AHU Supply Air Temperature (°K),49951,14985300.0,0,1,a,b,1
AHU Supply Air Temperature (°K),49955,14986500.0,1,0,b,a,1
AHU Supply Air Temperature (°K),49962,14988600.0,0,1,a,b,1
AHU Supply Air Temperature (°K),49967,14990100.0,1,0,b,a,1
AHU Supply Air Temperature (°K),49975,14992500.0,0,1,a,b,1
AHU Supply Air Temperature (°K),49981,14994300.0,1,0,b,a,1
AHU Supply Air Temperature (°K),49987,14996100.0,0,1,a,b,1
AHU Supply Air Temperature (°K),49991,14997300.0,1,0,b,a,1
AHU Supply Air Temperature (°K),49998,14999400.0,0,1,a,b,1
AHU Supply Air Temperature (°K),50003,15000900.0,1,0,b,a,1
AHU Supply Air Temperature (°K),50009,15002700.0,0,1,a,b,1
AHU Supply Air Temperature (°K),50012,15003600.0,1,0,b,a,1
AHU Supply Air Temperature (°K),50018,15005400.0,0,1,a,b,1
AHU Supply Air Temperature (°K),50020,15006000.0,1,0,b,a,1
AHU Supply Air Temperature (°K),50025,15007500.0,0,1,a,b,1
AHU Supply Air Temperature (°K),50027,15008100.0,1,0,b,a,1
AHU Supply Air Temperature (°K),50031,15009300.0,0,1,a,b,1
AHU Supply Air Temperature (°K),50033,15009900.0,1,0,b,a,1
AHU Supply Air Temperature (°K),50039,15011700.0,0,1,a,b,1
AHU Supply Air Temperature (°K),50040,15012000.0,1,0,b,a,1
AHU Supply Air Temperature (°K),50197,15059100.0,0,1,a,b,1
AHU Supply Air Temperature (°K),50198,15059400.0,1,3,b,d,2
AHU Supply Air Temperature (°K),50201,15060300.0,3,1,d,b,2
AHU Supply Air Temperature (°K),50203,15060900.0,1,0,b,a,1
AHU Supply Air Temperature (°K),50216,15064800.0,0,1,a,b,1
AHU Supply Air Temperature (°K),50224,15067200.0,1,0,b,a,1
AHU Supply Air Temperature (°K),50232,15069600.0,0,1,a,b,1
AHU Supply Air Temperature (°K),50243,15072900.0,1,0,b,a,1
AHU Supply Air Temperature (°K),50254,15076200.0,0,1,a,b,1
AHU Supply Air Temperature (°K),50260,15078000.0,1,0,b,a,1
AHU Supply Air Temperature (°K),50269,15080700.0,0,1,a,b,1
AHU Supply Air Temperature (°K),50273,15081900.0,1,0,b,a,1
AHU Supply Air Temperature (°K),50278,15083400.0,0,1,a,b,1
AHU Supply Air Temperature (°K),50283,15084900.0,1,0,b,a,1
AHU Supply Air Temperature (°K),50297,15089100.0,0,1,a,b,1
AHU Supply Air Temperature (°K),50300,15090000.0,1,0,b,a,1
AHU Supply Air Temperature (°K),50473,15141900.0,0,1,a,b,1
AHU Supply Air Temperature (°K),50485,15145500.0,1,2,b,c,1
AHU Supply Air Temperature (°K),50486,15145800.0,2,3,c,d,1
AHU Supply Air Temperature (°K),50489,15146700.0,3,2,d,c,1
AHU Supply Air Temperature (°K),50490,15147000.0,2,0,c,a,2
AHU Supply Air Temperature (°K),50603,15180900.0,0,1,a,b,1
AHU Supply Air Temperature (°K),50609,15182700.0,1,0,b,a,1
AHU Supply Air Temperature (°K),50680,15204000.0,0,1,a,b,1
AHU Supply Air Temperature (°K),50773,15231900.0,1,2,b,c,1
AHU Supply Air Temperature (°K),50774,15232200.0,2,3,c,d,1
AHU Supply Air Temperature (°K),50777,15233100.0,3,1,d,b,2
AHU Supply Air Temperature (°K),50778,15233400.0,1,0,b,a,1
AHU Supply Air Temperature (°K),51061,15318300.0,0,1,a,b,1
AHU Supply Air Temperature (°K),51062,15318600.0,1,3,b,d,2
AHU Supply Air Temperature (°K),51065,15319500.0,3,1,d,b,2
AHU Supply Air Temperature (°K),51066,15319800.0,1,0,b,a,1
AHU Supply Air Temperature (°K),51095,15328500.0,0,1,a,b,1
AHU Supply Air Temperature (°K),51096,15328800.0,1,0,b,a,1
AHU Supply Air Temperature (°K),51272,15381600.0,0,1,a,b,1
AHU Supply Air Temperature (°K),51476,15442800.0,1,2,b,c,1
AHU Supply Air Temperature (°K),51723,15516900.0,2,3,c,d,1
AHU Supply Air Temperature (°K),51928,15578400.0,3,1,d,b,2
AHU Supply Air Temperature (°K),51931,15579300.0,1,2,b,c,1
AHU Supply Air Temperature (°K),51933,15579900.0,2,1,c,b,1
AHU Supply Air Temperature (°K),51941,15582300.0,1,0,b,a,1
AHU Supply Air Temperature (°K),51948,15584400.0,0,1,a,b,1
AHU Supply Air Temperature (°K),51949,15584700.0,1,0,b,a,1
AHU Supply Air Temperature (°K),51972,15591600.0,0,1,a,b,1
AHU Supply Air Temperature (°K),51973,15591900.0,1,0,b,a,1
AHU Supply Air Temperature (°K),51984,15595200.0,0,1,a,b,1
AHU Supply Air Temperature (°K),51985,15595500.0,1,0,b,a,1
AHU Supply Air Temperature (°K),51988,15596400.0,0,1,a,b,1
AHU Supply Air Temperature (°K),51989,15596700.0,1,0,b,a,1
AHU Supply Air Temperature (°K),51992,15597600.0,0,1,a,b,1
AHU Supply Air Temperature (°K),51993,15597900.0,1,0,b,a,1
AHU Supply Air Temperature (°K),51996,15598800.0,0,1,a,b,1
AHU Supply Air Temperature (°K),51997,15599100.0,1,0,b,a,1
AHU Supply Air Temperature (°K),52000,15600000.0,0,1,a,b,1
AHU Supply Air Temperature (°K),52001,15600300.0,1,0,b,a,1
AHU Supply Air Temperature (°K),52005,15601500.0,0,1,a,b,1
AHU Supply Air Temperature (°K),52006,15601800.0,1,0,b,a,1
AHU Supply Air Temperature (°K),52038,15611400.0,0,1,a,b,1
AHU Supply Air Temperature (°K),52040,15612000.0,1,0,b,a,1
AHU Supply Air Temperature (°K),52044,15613200.0,0,1,a,b,1
AHU Supply Air Temperature (°K),52047,15614100.0,1,0,b,a,1
AHU Supply Air Temperature (°K),52050,15615000.0,0,1,a,b,1
AHU Supply Air Temperature (°K),52051,15615300.0,1,0,b,a,1
AHU Supply Air Temperature (°K),52054,15616200.0,0,1,a,b,1
AHU Supply Air Temperature (°K),52055,15616500.0,1,0,b,a,1
AHU Supply Air Temperature (°K),52082,15624600.0,0,1,a,b,1
AHU Supply Air Temperature (°K),52213,15663900.0,1,2,b,c,1
AHU Supply Air Temperature (°K),52214,15664200.0,2,3,c,d,1
AHU Supply Air Temperature (°K),52217,15665100.0,3,1,d,b,2
AHU Supply Air Temperature (°K),52218,15665400.0,1,0,b,a,1
AHU Supply Air Temperature (°K),52232,15669600.0,0,1,a,b,1
AHU Supply Air Temperature (°K),52236,15670800.0,1,0,b,a,1
AHU Supply Air Temperature (°K),52244,15673200.0,0,1,a,b,1
AHU Supply Air Temperature (°K),52252,15675600.0,1,0,b,a,1
AHU Supply Air Temperature (°K),52263,15678900.0,0,1,a,b,1
AHU Supply Air Temperature (°K),52265,15679500.0,1,0,b,a,1
AHU Supply Air Temperature (°K),52279,15683700.0,0,1,a,b,1
AHU Supply Air Temperature (°K),52281,15684300.0,1,0,b,a,1
AHU Supply Air Temperature (°K),52291,15687300.0,0,1,a,b,1
AHU Supply Air Temperature (°K),52298,15689400.0,1,0,b,a,1
AHU Supply Air Temperature (°K),52304,15691200.0,0,1,a,b,1
AHU Supply Air Temperature (°K),52312,15693600.0,1,0,b,a,1
AHU Supply Air Temperature (°K),52319,15695700.0,0,1,a,b,1
AHU Supply Air Temperature (°K),52324,15697200.0,1,0,b,a,1
AHU Supply Air Temperature (°K),52494,15748200.0,0,1,a,b,1
AHU Supply Air Temperature (°K),52501,15750300.0,1,2,b,c,1
AHU Supply Air Temperature (°K),52502,15750600.0,2,3,c,d,1
AHU Supply Air Temperature (°K),52505,15751500.0,3,1,d,b,2
AHU Supply Air Temperature (°K),52506,15751800.0,1,0,b,a,1
AHU Supply Air Temperature (°K),52520,15756000.0,0,1,a,b,1
AHU Supply Air Temperature (°K),52521,15756300.0,1,0,b,a,1
AHU Supply Air Temperature (°K),52523,15756900.0,0,1,a,b,1
AHU Supply Air Temperature (°K),52527,15758100.0,1,0,b,a,1
AHU Supply Air Temperature (°K),52539,15761700.0,0,1,a,b,1
AHU Supply Air Temperature (°K),52543,15762900.0,1,0,b,a,1
AHU Supply Air Temperature (°K),52755,15826500.0,0,1,a,b,1
AHU Supply Air Temperature (°K),52789,15836700.0,1,2,b,c,1
AHU Supply Air Temperature (°K),52790,15837000.0,2,3,c,d,1
AHU Supply Air Temperature (°K),52793,15837900.0,3,1,d,b,2
AHU Supply Air Temperature (°K),52794,15838200.0,1,0,b,a,1
AHU Supply Air Temperature (°K),52970,15891000.0,0,1,a,b,1
AHU Supply Air Temperature (°K),53226,15967800.0,1,2,b,c,1
AHU Supply Air Temperature (°K),53475,16042500.0,2,3,c,d,1
AHU Supply Air Temperature (°K),53944,16183200.0,3,1,d,b,2
AHU Supply Air Temperature (°K),53946,16183800.0,1,2,b,c,1
AHU Supply Air Temperature (°K),53953,16185900.0,2,1,c,b,1
AHU Supply Air Temperature (°K),54039,16211700.0,1,0,b,a,1
AHU Supply Air Temperature (°K),54049,16214700.0,0,1,a,b,1
AHU Supply Air Temperature (°K),54051,16215300.0,1,0,b,a,1
AHU Supply Air Temperature (°K),54056,16216800.0,0,1,a,b,1
AHU Supply Air Temperature (°K),54058,16217400.0,1,0,b,a,1
AHU Supply Air Temperature (°K),54062,16218600.0,0,1,a,b,1
AHU Supply Air Temperature (°K),54063,16218900.0,1,0,b,a,1
AHU Supply Air Temperature (°K),54067,16220100.0,0,1,a,b,1
AHU Supply Air Temperature (°K),54068,16220400.0,1,0,b,a,1
AHU Supply Air Temperature (°K),54071,16221300.0,0,1,a,b,1
AHU Supply Air Temperature (°K),54073,16221900.0,1,0,b,a,1
AHU Supply Air Temperature (°K),54074,16222200.0,0,1,a,b,1
AHU Supply Air Temperature (°K),54075,16222500.0,1,0,b,a,1
AHU Supply Air Temperature (°K),54105,16231500.0,0,1,a,b,1
AHU Supply Air Temperature (°K),54218,16265400.0,1,2,b,c,1
AHU Supply Air Temperature (°K),54229,16268700.0,2,3,c,d,1
AHU Supply Air Temperature (°K),54233,16269900.0,3,1,d,b,2
AHU Supply Air Temperature (°K),54240,16272000.0,1,0,b,a,1
AHU Supply Air Temperature (°K),54251,16275300.0,0,1,a,b,1
AHU Supply Air Temperature (°K),54256,16276800.0,1,0,b,a,1
AHU Supply Air Temperature (°K),54407,16322100.0,0,1,a,b,1
AHU Supply Air Temperature (°K),54517,16355100.0,1,2,b,c,1
AHU Supply Air Temperature (°K),54518,16355400.0,2,3,c,d,1
AHU Supply Air Temperature (°K),54521,16356300.0,3,1,d,b,2
AHU Supply Air Temperature (°K),54522,16356600.0,1,0,b,a,1
AHU Supply Air Temperature (°K),54754,16426200.0,0,1,a,b,1
AHU Supply Air Temperature (°K),54805,16441500.0,1,2,b,c,1
AHU Supply Air Temperature (°K),54806,16441800.0,2,3,c,d,1
AHU Supply Air Temperature (°K),54809,16442700.0,3,1,d,b,2
AHU Supply Air Temperature (°K),54810,16443000.0,1,0,b,a,1
AHU Supply Air Temperature (°K),55045,16513500.0,0,1,a,b,1
AHU Supply Air Temperature (°K),55094,16528200.0,1,3,b,d,2
AHU Supply Air Temperature (°K),55097,16529100.0,3,1,d,b,2
AHU Supply Air Temperature (°K),55098,16529400.0,1,0,b,a,1
AHU Supply Air Temperature (°K),55270,16581000.0,0,1,a,b,1
AHU Supply Air Temperature (°K),55416,16624800.0,1,2,b,c,1
AHU Supply Air Temperature (°K),55498,16649400.0,2,3,c,d,1
AHU Supply Air Temperature (°K),55960,16788000.0,3,1,d,b,2
AHU Supply Air Temperature (°K),55966,16789800.0,1,2,b,c,1
AHU Supply Air Temperature (°K),55968,16790400.0,2,1,c,b,1
AHU Supply Air Temperature (°K),55976,16792800.0,1,2,b,c,1
AHU Supply Air Temperature (°K),55977,16793100.0,2,1,c,b,1
AHU Supply Air Temperature (°K),55978,16793400.0,1,0,b,a,1
AHU Supply Air Temperature (°K),55987,16796100.0,0,1,a,b,1
AHU Supply Air Temperature (°K),55989,16796700.0,1,0,b,a,1
AHU Supply Air Temperature (°K),55993,16797900.0,0,1,a,b,1
AHU Supply Air Temperature (°K),55995,16798500.0,1,0,b,a,1
AHU Supply Air Temperature (°K),56022,16806600.0,0,1,a,b,1
AHU Supply Air Temperature (°K),56023,16806900.0,1,0,b,a,1
AHU Supply Air Temperature (°K),56081,16824300.0,0,1,a,b,1
AHU Supply Air Temperature (°K),56082,16824600.0,1,0,b,a,1
AHU Supply Air Temperature (°K),56126,16837800.0,0,1,a,b,1
AHU Supply Air Temperature (°K),56245,16873500.0,1,3,b,d,2
AHU Supply Air Temperature (°K),56249,16874700.0,3,1,d,b,2
AHU Supply Air Temperature (°K),56252,16875600.0,1,0,b,a,1
AHU Supply Air Temperature (°K),56261,16878300.0,0,1,a,b,1
AHU Supply Air Temperature (°K),56268,16880400.0,1,0,b,a,1
AHU Supply Air Temperature (°K),56274,16882200.0,0,1,a,b,1
AHU Supply Air Temperature (°K),56279,16883700.0,1,0,b,a,1
AHU Supply Air Temperature (°K),56284,16885200.0,0,1,a,b,1
AHU Supply Air Temperature (°K),56290,16887000.0,1,0,b,a,1
AHU Supply Air Temperature (°K),56295,16888500.0,0,1,a,b,1
AHU Supply Air Temperature (°K),56299,16889700.0,1,0,b,a,1
AHU Supply Air Temperature (°K),56303,16890900.0,0,1,a,b,1
AHU Supply Air Temperature (°K),56307,16892100.0,1,0,b,a,1
AHU Supply Air Temperature (°K),56311,16893300.0,0,1,a,b,1
AHU Supply Air Temperature (°K),56315,16894500.0,1,0,b,a,1
AHU Supply Air Temperature (°K),56319,16895700.0,0,1,a,b,1
AHU Supply Air Temperature (°K),56320,16896000.0,1,0,b,a,1
AHU Supply Air Temperature (°K),56323,16896900.0,0,1,a,b,1
AHU Supply Air Temperature (°K),56324,16897200.0,1,0,b,a,1
AHU Supply Air Temperature (°K),56338,16901400.0,0,1,a,b,1
AHU Supply Air Temperature (°K),56339,16901700.0,1,0,b,a,1
AHU Supply Air Temperature (°K),56341,16902300.0,0,1,a,b,1
AHU Supply Air Temperature (°K),56342,16902600.0,1,0,b,a,1
AHU Supply Air Temperature (°K),56350,16905000.0,0,1,a,b,1
AHU Supply Air Temperature (°K),56351,16905300.0,1,0,b,a,1
AHU Supply Air Temperature (°K),56354,16906200.0,0,1,a,b,1
AHU Supply Air Temperature (°K),56355,16906500.0,1,0,b,a,1
AHU Supply Air Temperature (°K),56358,16907400.0,0,1,a,b,1
AHU Supply Air Temperature (°K),56359,16907700.0,1,0,b,a,1
AHU Supply Air Temperature (°K),56425,16927500.0,0,1,a,b,1
AHU Supply Air Temperature (°K),56533,16959900.0,1,3,b,d,2
AHU Supply Air Temperature (°K),56537,16961100.0,3,1,d,b,2
AHU Supply Air Temperature (°K),56538,16961400.0,1,0,b,a,1
AHU Supply Air Temperature (°K),56718,17015400.0,0,1,a,b,1
AHU Supply Air Temperature (°K),56821,17046300.0,1,3,b,d,2
AHU Supply Air Temperature (°K),56825,17047500.0,3,1,d,b,2
AHU Supply Air Temperature (°K),56826,17047800.0,1,0,b,a,1
AHU Supply Air Temperature (°K),56846,17053800.0,0,1,a,b,1
AHU Supply Air Temperature (°K),56857,17057100.0,1,0,b,a,1
AHU Supply Air Temperature (°K),56995,17098500.0,0,1,a,b,1
AHU Supply Air Temperature (°K),57109,17132700.0,1,2,b,c,1
AHU Supply Air Temperature (°K),57110,17133000.0,2,3,c,d,1
AHU Supply Air Temperature (°K),57113,17133900.0,3,0,d,a,3
AHU Supply Air Temperature (°K),57132,17139600.0,0,1,a,b,1
AHU Supply Air Temperature (°K),57136,17140800.0,1,0,b,a,1
AHU Supply Air Temperature (°K),57137,17141100.0,0,1,a,b,1
AHU Supply Air Temperature (°K),57140,17142000.0,1,0,b,a,1
AHU Supply Air Temperature (°K),57142,17142600.0,0,1,a,b,1
AHU Supply Air Temperature (°K),57144,17143200.0,1,0,b,a,1
AHU Supply Air Temperature (°K),57338,17201400.0,0,1,a,b,1
AHU Supply Air Temperature (°K),57458,17237400.0,1,2,b,c,1
AHU Supply Air Temperature (°K),57529,17258700.0,2,3,c,d,1
AHU Supply Air Temperature (°K),57976,17392800.0,3,1,d,b,2
AHU Supply Air Temperature (°K),57978,17393400.0,1,2,b,c,1
AHU Supply Air Temperature (°K),57985,17395500.0,2,1,c,b,1
AHU Supply Air Temperature (°K),58030,17409000.0,1,0,b,a,1
AHU Supply Air Temperature (°K),58040,17412000.0,0,1,a,b,1
AHU Supply Air Temperature (°K),58041,17412300.0,1,0,b,a,1
AHU Supply Air Temperature (°K),58074,17422200.0,0,1,a,b,1
AHU Supply Air Temperature (°K),58075,17422500.0,1,0,b,a,1
AHU Supply Air Temperature (°K),58078,17423400.0,0,1,a,b,1
AHU Supply Air Temperature (°K),58079,17423700.0,1,0,b,a,1
AHU Supply Air Temperature (°K),58083,17424900.0,0,1,a,b,1
AHU Supply Air Temperature (°K),58085,17425500.0,1,0,b,a,1
AHU Supply Air Temperature (°K),58098,17429400.0,0,1,a,b,1
AHU Supply Air Temperature (°K),58099,17429700.0,1,0,b,a,1
AHU Supply Air Temperature (°K),58112,17433600.0,0,1,a,b,1
AHU Supply Air Temperature (°K),58113,17433900.0,1,0,b,a,1
AHU Supply Air Temperature (°K),58155,17446500.0,0,1,a,b,1
AHU Supply Air Temperature (°K),58261,17478300.0,1,3,b,d,2
AHU Supply Air Temperature (°K),58264,17479200.0,3,2,d,c,1
AHU Supply Air Temperature (°K),58265,17479500.0,2,1,c,b,1
AHU Supply Air Temperature (°K),58272,17481600.0,1,0,b,a,1
AHU Supply Air Temperature (°K),58278,17483400.0,0,1,a,b,1
AHU Supply Air Temperature (°K),58283,17484900.0,1,0,b,a,1
AHU Supply Air Temperature (°K),58289,17486700.0,0,1,a,b,1
AHU Supply Air Temperature (°K),58292,17487600.0,1,0,b,a,1
AHU Supply Air Temperature (°K),58296,17488800.0,0,1,a,b,1
AHU Supply Air Temperature (°K),58298,17489400.0,1,0,b,a,1
AHU Supply Air Temperature (°K),58301,17490300.0,0,1,a,b,1
AHU Supply Air Temperature (°K),58302,17490600.0,1,0,b,a,1
AHU Supply Air Temperature (°K),58306,17491800.0,0,1,a,b,1
AHU Supply Air Temperature (°K),58307,17492100.0,1,0,b,a,1
AHU Supply Air Temperature (°K),58315,17494500.0,0,1,a,b,1
AHU Supply Air Temperature (°K),58316,17494800.0,1,0,b,a,1
AHU Supply Air Temperature (°K),58328,17498400.0,0,1,a,b,1
AHU Supply Air Temperature (°K),58329,17498700.0,1,0,b,a,1
AHU Supply Air Temperature (°K),58332,17499600.0,0,1,a,b,1
AHU Supply Air Temperature (°K),58333,17499900.0,1,0,b,a,1
AHU Supply Air Temperature (°K),58345,17503500.0,0,1,a,b,1
AHU Supply Air Temperature (°K),58346,17503800.0,1,0,b,a,1
AHU Supply Air Temperature (°K),58357,17507100.0,0,1,a,b,1
AHU Supply Air Temperature (°K),58358,17507400.0,1,0,b,a,1
AHU Supply Air Temperature (°K),58456,17536800.0,0,1,a,b,1
AHU Supply Air Temperature (°K),58549,17564700.0,1,2,b,c,1
AHU Supply Air Temperature (°K),58550,17565000.0,2,3,c,d,1
AHU Supply Air Temperature (°K),58553,17565900.0,3,1,d,b,2
AHU Supply Air Temperature (°K),58554,17566200.0,1,0,b,a,1
AHU Supply Air Temperature (°K),58571,17571300.0,0,1,a,b,1
AHU Supply Air Temperature (°K),58575,17572500.0,1,0,b,a,1
AHU Supply Air Temperature (°K),58837,17651100.0,0,2,a,c,2
AHU Supply Air Temperature (°K),58838,17651400.0,2,3,c,d,1
AHU Supply Air Temperature (°K),58841,17652300.0,3,1,d,b,2
AHU Supply Air Temperature (°K),58842,17652600.0,1,0,b,a,1
AHU Supply Air Temperature (°K),58859,17657700.0,0,1,a,b,1
AHU Supply Air Temperature (°K),58868,17660400.0,1,0,b,a,1
AHU Supply Air Temperature (°K),59011,17703300.0,0,1,a,b,1
AHU Supply Air Temperature (°K),59125,17737500.0,1,2,b,c,1
AHU Supply Air Temperature (°K),59126,17737800.0,2,3,c,d,1
AHU Supply Air Temperature (°K),59129,17738700.0,3,1,d,b,2
AHU Supply Air Temperature (°K),59130,17739000.0,1,0,b,a,1
AHU Supply Air Temperature (°K),59313,17793900.0,0,1,a,b,1
AHU Supply Air Temperature (°K),59461,17838300.0,1,2,b,c,1
AHU Supply Air Temperature (°K),59563,17868900.0,2,3,c,d,1
AHU Supply Air Temperature (°K),59992,17997600.0,3,2,d,c,1
AHU Supply Air Temperature (°K),59993,17997900.0,2,1,c,b,1
AHU Supply Air Temperature (°K),60002,18000600.0,1,0,b,a,1
AHU Supply Air Temperature (°K),60009,18002700.0,0,1,a,b,1
AHU Supply Air Temperature (°K),60013,18003900.0,1,0,b,a,1
AHU Supply Air Temperature (°K),60019,18005700.0,0,1,a,b,1
AHU Supply Air Temperature (°K),60022,18006600.0,1,0,b,a,1
AHU Supply Air Temperature (°K),60027,18008100.0,0,1,a,b,1
AHU Supply Air Temperature (°K),60030,18009000.0,1,0,b,a,1
AHU Supply Air Temperature (°K),60037,18011100.0,0,1,a,b,1
AHU Supply Air Temperature (°K),60046,18013800.0,1,0,b,a,1
AHU Supply Air Temperature (°K),60054,18016200.0,0,1,a,b,1
AHU Supply Air Temperature (°K),60062,18018600.0,1,0,b,a,1
AHU Supply Air Temperature (°K),60069,18020700.0,0,1,a,b,1
AHU Supply Air Temperature (°K),60075,18022500.0,1,0,b,a,1
AHU Supply Air Temperature (°K),60082,18024600.0,0,1,a,b,1
AHU Supply Air Temperature (°K),60088,18026400.0,1,0,b,a,1
AHU Supply Air Temperature (°K),60095,18028500.0,0,1,a,b,1
AHU Supply Air Temperature (°K),60099,18029700.0,1,0,b,a,1
AHU Supply Air Temperature (°K),60104,18031200.0,0,1,a,b,1
AHU Supply Air Temperature (°K),60107,18032100.0,1,0,b,a,1
AHU Supply Air Temperature (°K),60111,18033300.0,0,1,a,b,1
AHU Supply Air Temperature (°K),60112,18033600.0,1,0,b,a,1
AHU Supply Air Temperature (°K),60115,18034500.0,0,1,a,b,1
AHU Supply Air Temperature (°K),60116,18034800.0,1,0,b,a,1
AHU Supply Air Temperature (°K),60158,18047400.0,0,1,a,b,1
AHU Supply Air Temperature (°K),60277,18083100.0,1,2,b,c,1
AHU Supply Air Temperature (°K),60278,18083400.0,2,3,c,d,1
AHU Supply Air Temperature (°K),60281,18084300.0,3,1,d,b,2
AHU Supply Air Temperature (°K),60284,18085200.0,1,0,b,a,1
AHU Supply Air Temperature (°K),60299,18089700.0,0,1,a,b,1
AHU Supply Air Temperature (°K),60306,18091800.0,1,0,b,a,1
AHU Supply Air Temperature (°K),60358,18107400.0,0,1,a,b,1
AHU Supply Air Temperature (°K),60359,18107700.0,1,0,b,a,1
AHU Supply Air Temperature (°K),60365,18109500.0,0,1,a,b,1
AHU Supply Air Temperature (°K),60367,18110100.0,1,0,b,a,1
AHU Supply Air Temperature (°K),60371,18111300.0,0,1,a,b,1
AHU Supply Air Temperature (°K),60373,18111900.0,1,0,b,a,1
AHU Supply Air Temperature (°K),60378,18113400.0,0,1,a,b,1
AHU Supply Air Temperature (°K),60381,18114300.0,1,0,b,a,1
AHU Supply Air Temperature (°K),60387,18116100.0,0,1,a,b,1
AHU Supply Air Temperature (°K),60389,18116700.0,1,0,b,a,1
AHU Supply Air Temperature (°K),60449,18134700.0,0,1,a,b,1
AHU Supply Air Temperature (°K),60565,18169500.0,1,3,b,d,2
AHU Supply Air Temperature (°K),60569,18170700.0,3,1,d,b,2
AHU Supply Air Temperature (°K),60570,18171000.0,1,0,b,a,1
AHU Supply Air Temperature (°K),60585,18175500.0,0,1,a,b,1
AHU Supply Air Temperature (°K),60592,18177600.0,1,0,b,a,1
AHU Supply Air Temperature (°K),60606,18181800.0,0,1,a,b,1
AHU Supply Air Temperature (°K),60608,18182400.0,1,0,b,a,1
AHU Supply Air Temperature (°K),60622,18186600.0,0,1,a,b,1
AHU Supply Air Temperature (°K),60623,18186900.0,1,0,b,a,1
AHU Supply Air Temperature (°K),60649,18194700.0,0,1,a,b,1
AHU Supply Air Temperature (°K),60655,18196500.0,1,0,b,a,1
AHU Supply Air Temperature (°K),60662,18198600.0,0,1,a,b,1
AHU Supply Air Temperature (°K),60666,18199800.0,1,0,b,a,1
AHU Supply Air Temperature (°K),60762,18228600.0,0,1,a,b,1
AHU Supply Air Temperature (°K),60853,18255900.0,1,2,b,c,1
AHU Supply Air Temperature (°K),60854,18256200.0,2,3,c,d,1
AHU Supply Air Temperature (°K),60857,18257100.0,3,0,d,a,3
AHU Supply Air Temperature (°K),60878,18263400.0,0,1,a,b,1
AHU Supply Air Temperature (°K),60881,18264300.0,1,0,b,a,1
AHU Supply Air Temperature (°K),60883,18264900.0,0,1,a,b,1
AHU Supply Air Temperature (°K),60885,18265500.0,1,0,b,a,1
AHU Supply Air Temperature (°K),61141,18342300.0,0,2,a,c,2
AHU Supply Air Temperature (°K),61142,18342600.0,2,3,c,d,1
AHU Supply Air Temperature (°K),61145,18343500.0,3,1,d,b,2
AHU Supply Air Temperature (°K),61146,18343800.0,1,0,b,a,1
AHU Supply Air Temperature (°K),61165,18349500.0,0,1,a,b,1
AHU Supply Air Temperature (°K),61168,18350400.0,1,0,b,a,1
AHU Supply Air Temperature (°K),61170,18351000.0,0,1,a,b,1
AHU Supply Air Temperature (°K),61171,18351300.0,1,0,b,a,1
AHU Supply Air Temperature (°K),61340,18402000.0,0,1,a,b,1
AHU Supply Air Temperature (°K),61482,18444600.0,1,2,b,c,1
AHU Supply Air Temperature (°K),61575,18472500.0,2,3,c,d,1
AHU Supply Air Temperature (°K),62008,18602400.0,3,1,d,b,2
AHU Supply Air Temperature (°K),62010,18603000.0,1,2,b,c,1
AHU Supply Air Temperature (°K),62011,18603300.0,2,1,c,b,1
AHU Supply Air Temperature (°K),62012,18603600.0,1,2,b,c,1
AHU Supply Air Temperature (°K),62016,18604800.0,2,1,c,b,1
AHU Supply Air Temperature (°K),62045,18613500.0,1,0,b,a,1
AHU Supply Air Temperature (°K),62064,18619200.0,0,1,a,b,1
AHU Supply Air Temperature (°K),62065,18619500.0,1,0,b,a,1
AHU Supply Air Temperature (°K),62076,18622800.0,0,1,a,b,1
AHU Supply Air Temperature (°K),62077,18623100.0,1,0,b,a,1
AHU Supply Air Temperature (°K),62293,18687900.0,0,2,a,c,2
AHU Supply Air Temperature (°K),62294,18688200.0,2,3,c,d,1
AHU Supply Air Temperature (°K),62297,18689100.0,3,1,d,b,2
AHU Supply Air Temperature (°K),62304,18691200.0,1,0,b,a,1
AHU Supply Air Temperature (°K),62311,18693300.0,0,1,a,b,1
AHU Supply Air Temperature (°K),62316,18694800.0,1,0,b,a,1
AHU Supply Air Temperature (°K),62321,18696300.0,0,1,a,b,1
AHU Supply Air Temperature (°K),62326,18697800.0,1,0,b,a,1
AHU Supply Air Temperature (°K),62332,18699600.0,0,1,a,b,1
AHU Supply Air Temperature (°K),62337,18701100.0,1,0,b,a,1
AHU Supply Air Temperature (°K),62342,18702600.0,0,1,a,b,1
AHU Supply Air Temperature (°K),62345,18703500.0,1,0,b,a,1
AHU Supply Air Temperature (°K),62350,18705000.0,0,1,a,b,1
AHU Supply Air Temperature (°K),62352,18705600.0,1,0,b,a,1
AHU Supply Air Temperature (°K),62357,18707100.0,0,1,a,b,1
AHU Supply Air Temperature (°K),62359,18707700.0,1,0,b,a,1
AHU Supply Air Temperature (°K),62363,18708900.0,0,1,a,b,1
AHU Supply Air Temperature (°K),62364,18709200.0,1,0,b,a,1
AHU Supply Air Temperature (°K),62367,18710100.0,0,1,a,b,1
AHU Supply Air Temperature (°K),62368,18710400.0,1,0,b,a,1
AHU Supply Air Temperature (°K),62374,18712200.0,0,1,a,b,1
AHU Supply Air Temperature (°K),62375,18712500.0,1,0,b,a,1
AHU Supply Air Temperature (°K),62394,18718200.0,0,1,a,b,1
AHU Supply Air Temperature (°K),62395,18718500.0,1,0,b,a,1
AHU Supply Air Temperature (°K),62397,18719100.0,0,1,a,b,1
AHU Supply Air Temperature (°K),62398,18719400.0,1,0,b,a,1
AHU Supply Air Temperature (°K),62402,18720600.0,0,1,a,b,1
AHU Supply Air Temperature (°K),62403,18720900.0,1,0,b,a,1
AHU Supply Air Temperature (°K),62406,18721800.0,0,1,a,b,1
AHU Supply Air Temperature (°K),62407,18722100.0,1,0,b,a,1
AHU Supply Air Temperature (°K),62410,18723000.0,0,1,a,b,1
AHU Supply Air Temperature (°K),62411,18723300.0,1,0,b,a,1
AHU Supply Air Temperature (°K),62414,18724200.0,0,1,a,b,1
AHU Supply Air Temperature (°K),62416,18724800.0,1,0,b,a,1
AHU Supply Air Temperature (°K),62420,18726000.0,0,1,a,b,1
AHU Supply Air Temperature (°K),62421,18726300.0,1,0,b,a,1
AHU Supply Air Temperature (°K),62461,18738300.0,0,1,a,b,1
AHU Supply Air Temperature (°K),62581,18774300.0,1,2,b,c,1
AHU Supply Air Temperature (°K),62582,18774600.0,2,3,c,d,1
AHU Supply Air Temperature (°K),62585,18775500.0,3,1,d,b,2
AHU Supply Air Temperature (°K),62586,18775800.0,1,0,b,a,1
AHU Supply Air Temperature (°K),62759,18827700.0,0,1,a,b,1
AHU Supply Air Temperature (°K),62870,18861000.0,1,3,b,d,2
AHU Supply Air Temperature (°K),62875,18862500.0,3,0,d,a,3
AHU Supply Air Temperature (°K),62894,18868200.0,0,1,a,b,1
AHU Supply Air Temperature (°K),62895,18868500.0,1,0,b,a,1
AHU Supply Air Temperature (°K),63057,18917100.0,0,1,a,b,1
AHU Supply Air Temperature (°K),63157,18947100.0,1,2,b,c,1
AHU Supply Air Temperature (°K),63158,18947400.0,2,3,c,d,1
AHU Supply Air Temperature (°K),63161,18948300.0,3,1,d,b,2
AHU Supply Air Temperature (°K),63162,18948600.0,1,0,b,a,1
AHU Supply Air Temperature (°K),63333,18999900.0,0,1,a,b,1
AHU Supply Air Temperature (°K),63545,19063500.0,1,2,b,c,1
AHU Supply Air Temperature (°K),63721,19116300.0,2,3,c,d,1
AHU Supply Air Temperature (°K),64025,19207500.0,3,1,d,b,2
AHU Supply Air Temperature (°K),64028,19208400.0,1,0,b,a,1
AHU Supply Air Temperature (°K),64038,19211400.0,0,1,a,b,1
AHU Supply Air Temperature (°K),64043,19212900.0,1,0,b,a,1
AHU Supply Air Temperature (°K),64048,19214400.0,0,1,a,b,1
AHU Supply Air Temperature (°K),64051,19215300.0,1,0,b,a,1
AHU Supply Air Temperature (°K),64056,19216800.0,0,1,a,b,1
AHU Supply Air Temperature (°K),64058,19217400.0,1,0,b,a,1
AHU Supply Air Temperature (°K),64061,19218300.0,0,1,a,b,1
AHU Supply Air Temperature (°K),64062,19218600.0,1,0,b,a,1
AHU Supply Air Temperature (°K),64064,19219200.0,0,1,a,b,1
AHU Supply Air Temperature (°K),64065,19219500.0,1,0,b,a,1
AHU Supply Air Temperature (°K),64106,19231800.0,0,1,a,b,1
AHU Supply Air Temperature (°K),64107,19232100.0,1,0,b,a,1
AHU Supply Air Temperature (°K),64113,19233900.0,0,1,a,b,1
AHU Supply Air Temperature (°K),64116,19234800.0,1,0,b,a,1
AHU Supply Air Temperature (°K),64120,19236000.0,0,1,a,b,1
AHU Supply Air Temperature (°K),64123,19236900.0,1,0,b,a,1
AHU Supply Air Temperature (°K),64127,19238100.0,0,1,a,b,1
AHU Supply Air Temperature (°K),64129,19238700.0,1,0,b,a,1
AHU Supply Air Temperature (°K),64213,19263900.0,0,1,a,b,1
AHU Supply Air Temperature (°K),64309,19292700.0,1,2,b,c,1
AHU Supply Air Temperature (°K),64310,19293000.0,2,3,c,d,1
AHU Supply Air Temperature (°K),64313,19293900.0,3,2,d,c,1
AHU Supply Air Temperature (°K),64314,19294200.0,2,0,c,a,2
AHU Supply Air Temperature (°K),64484,19345200.0,0,1,a,b,1
AHU Supply Air Temperature (°K),64598,19379400.0,1,3,b,d,2
AHU Supply Air Temperature (°K),64605,19381500.0,3,0,d,a,3
AHU Supply Air Temperature (°K),64775,19432500.0,0,1,a,b,1
AHU Supply Air Temperature (°K),64886,19465800.0,1,3,b,d,2
AHU Supply Air Temperature (°K),64893,19467900.0,3,0,d,a,3
AHU Supply Air Temperature (°K),65062,19518600.0,0,1,a,b,1
AHU Supply Air Temperature (°K),65174,19552200.0,1,3,b,d,2
AHU Supply Air Temperature (°K),65180,19554000.0,3,0,d,a,3
AHU Supply Air Temperature (°K),65347,19604100.0,0,1,a,b,1
AHU Supply Air Temperature (°K),65796,19738800.0,1,2,b,c,1
AHU Supply Air Temperature (°K),66037,19811100.0,2,3,c,d,1
AHU Supply Air Temperature (°K),66042,19812600.0,3,1,d,b,2
AHU Supply Air Temperature (°K),66052,19815600.0,1,0,b,a,1
AHU Supply Air Temperature (°K),66061,19818300.0,0,1,a,b,1
AHU Supply Air Temperature (°K),66066,19819800.0,1,0,b,a,1
AHU Supply Air Temperature (°K),66073,19821900.0,0,1,a,b,1
AHU Supply Air Temperature (°K),66076,19822800.0,1,0,b,a,1
AHU Supply Air Temperature (°K),66083,19824900.0,0,1,a,b,1
AHU Supply Air Temperature (°K),66086,19825800.0,1,0,b,a,1
AHU Supply Air Temperature (°K),66091,19827300.0,0,1,a,b,1
AHU Supply Air Temperature (°K),66093,19827900.0,1,0,b,a,1
AHU Supply Air Temperature (°K),66097,19829100.0,0,1,a,b,1
AHU Supply Air Temperature (°K),66098,19829400.0,1,0,b,a,1
AHU Supply Air Temperature (°K),66150,19845000.0,0,1,a,b,1
AHU Supply Air Temperature (°K),66151,19845300.0,1,0,b,a,1
AHU Supply Air Temperature (°K),66325,19897500.0,0,1,a,b,1
AHU Supply Air Temperature (°K),66326,19897800.0,1,3,b,d,2
AHU Supply Air Temperature (°K),66329,19898700.0,3,2,d,c,1
AHU Supply Air Temperature (°K),66330,19899000.0,2,1,c,b,1
AHU Supply Air Temperature (°K),66331,19899300.0,1,0,b,a,1
AHU Supply Air Temperature (°K),66357,19907100.0,0,1,a,b,1
AHU Supply Air Temperature (°K),66360,19908000.0,1,0,b,a,1
AHU Supply Air Temperature (°K),66411,19923300.0,0,1,a,b,1
AHU Supply Air Temperature (°K),66413,19923900.0,1,0,b,a,1
AHU Supply Air Temperature (°K),66430,19929000.0,0,1,a,b,1
AHU Supply Air Temperature (°K),66434,19930200.0,1,0,b,a,1
AHU Supply Air Temperature (°K),66575,19972500.0,0,1,a,b,1
AHU Supply Air Temperature (°K),66613,19983900.0,1,2,b,c,1
AHU Supply Air Temperature (°K),66614,19984200.0,2,3,c,d,1
AHU Supply Air Temperature (°K),66617,19985100.0,3,0,d,a,3
AHU Supply Air Temperature (°K),66793,20037900.0,0,1,a,b,1
AHU Supply Air Temperature (°K),66901,20070300.0,1,2,b,c,1
AHU Supply Air Temperature (°K),66902,20070600.0,2,3,c,d,1
AHU Supply Air Temperature (°K),66905,20071500.0,3,0,d,a,3
AHU Supply Air Temperature (°K),67076,20122800.0,0,1,a,b,1
AHU Supply Air Temperature (°K),67189,20156700.0,1,2,b,c,1
AHU Supply Air Temperature (°K),67190,20157000.0,2,3,c,d,1
AHU Supply Air Temperature (°K),67193,20157900.0,3,0,d,a,3
AHU Supply Air Temperature (°K),67362,20208600.0,0,1,a,b,1
AHU Supply Air Temperature (°K),67518,20255400.0,1,2,b,c,1
AHU Supply Air Temperature (°K),67623,20286900.0,2,3,c,d,1
AHU Supply Air Temperature (°K),68056,20416800.0,3,1,d,b,2
AHU Supply Air Temperature (°K),68064,20419200.0,1,0,b,a,1
AHU Supply Air Temperature (°K),68071,20421300.0,0,1,a,b,1
AHU Supply Air Temperature (°K),68077,20423100.0,1,0,b,a,1
AHU Supply Air Temperature (°K),68082,20424600.0,0,1,a,b,1
AHU Supply Air Temperature (°K),68087,20426100.0,1,0,b,a,1
AHU Supply Air Temperature (°K),68091,20427300.0,0,1,a,b,1
AHU Supply Air Temperature (°K),68095,20428500.0,1,0,b,a,1
AHU Supply Air Temperature (°K),68100,20430000.0,0,1,a,b,1
AHU Supply Air Temperature (°K),68105,20431500.0,1,0,b,a,1
AHU Supply Air Temperature (°K),68109,20432700.0,0,1,a,b,1
AHU Supply Air Temperature (°K),68113,20433900.0,1,0,b,a,1
AHU Supply Air Temperature (°K),68118,20435400.0,0,1,a,b,1
AHU Supply Air Temperature (°K),68121,20436300.0,1,0,b,a,1
AHU Supply Air Temperature (°K),68125,20437500.0,0,1,a,b,1
AHU Supply Air Temperature (°K),68127,20438100.0,1,0,b,a,1
AHU Supply Air Temperature (°K),68131,20439300.0,0,1,a,b,1
AHU Supply Air Temperature (°K),68132,20439600.0,1,0,b,a,1
AHU Supply Air Temperature (°K),68260,20478000.0,0,1,a,b,1
AHU Supply Air Temperature (°K),68341,20502300.0,1,2,b,c,1
AHU Supply Air Temperature (°K),68342,20502600.0,2,3,c,d,1
AHU Supply Air Temperature (°K),68345,20503500.0,3,1,d,b,2
AHU Supply Air Temperature (°K),68346,20503800.0,1,0,b,a,1
AHU Supply Air Temperature (°K),68368,20510400.0,0,1,a,b,1
AHU Supply Air Temperature (°K),68371,20511300.0,1,0,b,a,1
AHU Supply Air Temperature (°K),68372,20511600.0,0,1,a,b,1
AHU Supply Air Temperature (°K),68376,20512800.0,1,0,b,a,1
AHU Supply Air Temperature (°K),68377,20513100.0,0,1,a,b,1
AHU Supply Air Temperature (°K),68379,20513700.0,1,0,b,a,1
AHU Supply Air Temperature (°K),68629,20588700.0,0,2,a,c,2
AHU Supply Air Temperature (°K),68630,20589000.0,2,3,c,d,1
AHU Supply Air Temperature (°K),68633,20589900.0,3,1,d,b,2
AHU Supply Air Temperature (°K),68634,20590200.0,1,0,b,a,1
AHU Supply Air Temperature (°K),68653,20595900.0,0,1,a,b,1
AHU Supply Air Temperature (°K),68656,20596800.0,1,0,b,a,1
AHU Supply Air Temperature (°K),68658,20597400.0,0,1,a,b,1
AHU Supply Air Temperature (°K),68664,20599200.0,1,0,b,a,1
AHU Supply Air Temperature (°K),68666,20599800.0,0,1,a,b,1
AHU Supply Air Temperature (°K),68667,20600100.0,1,0,b,a,1
AHU Supply Air Temperature (°K),68826,20647800.0,0,1,a,b,1
AHU Supply Air Temperature (°K),68917,20675100.0,1,2,b,c,1
AHU Supply Air Temperature (°K),68918,20675400.0,2,3,c,d,1
AHU Supply Air Temperature (°K),68921,20676300.0,3,1,d,b,2
AHU Supply Air Temperature (°K),68922,20676600.0,1,0,b,a,1
AHU Supply Air Temperature (°K),68939,20681700.0,0,1,a,b,1
AHU Supply Air Temperature (°K),68946,20683800.0,1,0,b,a,1
AHU Supply Air Temperature (°K),68947,20684100.0,0,1,a,b,1
AHU Supply Air Temperature (°K),68950,20685000.0,1,0,b,a,1
AHU Supply Air Temperature (°K),68997,20699100.0,0,1,a,b,1
AHU Supply Air Temperature (°K),69001,20700300.0,1,0,b,a,1
AHU Supply Air Temperature (°K),69095,20728500.0,0,1,a,b,1
AHU Supply Air Temperature (°K),69205,20761500.0,1,2,b,c,1
AHU Supply Air Temperature (°K),69206,20761800.0,2,3,c,d,1
AHU Supply Air Temperature (°K),69209,20762700.0,3,1,d,b,2
AHU Supply Air Temperature (°K),69210,20763000.0,1,0,b,a,1
AHU Supply Air Temperature (°K),69473,20841900.0,0,1,a,b,1
AHU Supply Air Temperature (°K),69602,20880600.0,1,2,b,c,1
AHU Supply Air Temperature (°K),69737,20921100.0,2,3,c,d,1
AHU Supply Air Temperature (°K),70072,21021600.0,3,2,d,c,1
AHU Supply Air Temperature (°K),70073,21021900.0,2,1,c,b,1
AHU Supply Air Temperature (°K),70083,21024900.0,1,0,b,a,1
AHU Supply Air Temperature (°K),70089,21026700.0,0,1,a,b,1
AHU Supply Air Temperature (°K),70095,21028500.0,1,0,b,a,1
AHU Supply Air Temperature (°K),70102,21030600.0,0,1,a,b,1
AHU Supply Air Temperature (°K),70107,21032100.0,1,0,b,a,1
AHU Supply Air Temperature (°K),70112,21033600.0,0,1,a,b,1
AHU Supply Air Temperature (°K),70115,21034500.0,1,0,b,a,1
AHU Supply Air Temperature (°K),70120,21036000.0,0,1,a,b,1
AHU Supply Air Temperature (°K),70121,21036300.0,1,0,b,a,1
AHU Supply Air Temperature (°K),70194,21058200.0,0,1,a,b,1
AHU Supply Air Temperature (°K),70195,21058500.0,1,0,b,a,1
AHU Supply Air Temperature (°K),70344,21103200.0,0,1,a,b,1
AHU Supply Air Temperature (°K),70357,21107100.0,1,2,b,c,1
AHU Supply Air Temperature (°K),70358,21107400.0,2,3,c,d,1
AHU Supply Air Temperature (°K),70361,21108300.0,3,1,d,b,2
AHU Supply Air Temperature (°K),70364,21109200.0,1,0,b,a,1
AHU Supply Air Temperature (°K),70381,21114300.0,0,1,a,b,1
AHU Supply Air Temperature (°K),70385,21115500.0,1,0,b,a,1
AHU Supply Air Temperature (°K),70448,21134400.0,0,1,a,b,1
AHU Supply Air Temperature (°K),70453,21135900.0,1,0,b,a,1
AHU Supply Air Temperature (°K),70460,21138000.0,0,1,a,b,1
AHU Supply Air Temperature (°K),70465,21139500.0,1,0,b,a,1
AHU Supply Air Temperature (°K),70645,21193500.0,0,1,a,b,1
AHU Supply Air Temperature (°K),70646,21193800.0,1,3,b,d,2
AHU Supply Air Temperature (°K),70649,21194700.0,3,1,d,b,2
AHU Supply Air Temperature (°K),70651,21195300.0,1,0,b,a,1
AHU Supply Air Temperature (°K),70672,21201600.0,0,1,a,b,1
AHU Supply Air Temperature (°K),70679,21203700.0,1,0,b,a,1
AHU Supply Air Temperature (°K),70733,21219900.0,0,1,a,b,1
AHU Supply Air Temperature (°K),70737,21221100.0,1,0,b,a,1
AHU Supply Air Temperature (°K),70933,21279900.0,0,1,a,b,1
AHU Supply Air Temperature (°K),70934,21280200.0,1,3,b,d,2
AHU Supply Air Temperature (°K),70937,21281100.0,3,1,d,b,2
AHU Supply Air Temperature (°K),70938,21281400.0,1,0,b,a,1
AHU Supply Air Temperature (°K),70956,21286800.0,0,1,a,b,1
AHU Supply Air Temperature (°K),70961,21288300.0,1,0,b,a,1
AHU Supply Air Temperature (°K),71221,21366300.0,0,1,a,b,1
AHU Supply Air Temperature (°K),71222,21366600.0,1,3,b,d,2
AHU Supply Air Temperature (°K),71225,21367500.0,3,0,d,a,3
AHU Supply Air Temperature (°K),71242,21372600.0,0,1,a,b,1
AHU Supply Air Temperature (°K),71257,21377100.0,1,0,b,a,1
AHU Supply Air Temperature (°K),71489,21446700.0,0,1,a,b,1
AHU Supply Air Temperature (°K),71615,21484500.0,1,2,b,c,1
AHU Supply Air Temperature (°K),71718,21515400.0,2,3,c,d,1
AHU Supply Air Temperature (°K),72166,21649800.0,3,2,d,c,1
AHU Supply Air Temperature (°K),72167,21650100.0,2,0,c,a,2
AHU Supply Air Temperature (°K),72186,21655800.0,0,1,a,b,1
AHU Supply Air Temperature (°K),72188,21656400.0,1,0,b,a,1
AHU Supply Air Temperature (°K),72190,21657000.0,0,1,a,b,1
AHU Supply Air Temperature (°K),72191,21657300.0,1,2,b,c,1
AHU Supply Air Temperature (°K),72192,21657600.0,2,3,c,d,1
AHU Supply Air Temperature (°K),72195,21658500.0,3,0,d,a,3
AHU Supply Air Temperature (°K),72214,21664200.0,0,1,a,b,1
AHU Supply Air Temperature (°K),72216,21664800.0,1,0,b,a,1
AHU Supply Air Temperature (°K),72217,21665100.0,0,1,a,b,1
AHU Supply Air Temperature (°K),72221,21666300.0,1,2,b,c,1
AHU Supply Air Temperature (°K),72223,21666900.0,2,3,c,d,1
AHU Supply Air Temperature (°K),72225,21667500.0,3,1,d,b,2
AHU Supply Air Temperature (°K),72226,21667800.0,1,0,b,a,1
AHU Supply Air Temperature (°K),72261,21678300.0,0,1,a,b,1
AHU Supply Air Temperature (°K),72288,21686400.0,1,0,b,a,1
AHU Supply Air Temperature (°K),72323,21696900.0,0,1,a,b,1
AHU Supply Air Temperature (°K),72353,21705900.0,1,0,b,a,1
AHU Supply Air Temperature (°K),72373,21711900.0,0,1,a,b,1
AHU Supply Air Temperature (°K),72374,21712200.0,1,3,b,d,2
AHU Supply Air Temperature (°K),72377,21713100.0,3,1,d,b,2
AHU Supply Air Temperature (°K),72382,21714600.0,1,2,b,c,1
AHU Supply Air Temperature (°K),72385,21715500.0,2,1,c,b,1
AHU Supply Air Temperature (°K),72437,21731100.0,1,0,b,a,1
AHU Supply Air Temperature (°K),72487,21746100.0,0,1,a,b,1
AHU Supply Air Temperature (°K),72488,21746400.0,1,0,b,a,1
AHU Supply Air Temperature (°K),72661,21798300.0,0,1,a,b,1
AHU Supply Air Temperature (°K),72662,21798600.0,1,3,b,d,2
AHU Supply Air Temperature (°K),72665,21799500.0,3,1,d,b,2
AHU Supply Air Temperature (°K),72672,21801600.0,1,0,b,a,1
AHU Supply Air Temperature (°K),72679,21803700.0,0,1,a,b,1
AHU Supply Air Temperature (°K),72688,21806400.0,1,0,b,a,1
AHU Supply Air Temperature (°K),72695,21808500.0,0,1,a,b,1
AHU Supply Air Temperature (°K),72703,21810900.0,1,0,b,a,1
AHU Supply Air Temperature (°K),72710,21813000.0,0,1,a,b,1
AHU Supply Air Temperature (°K),72718,21815400.0,1,0,b,a,1
AHU Supply Air Temperature (°K),72725,21817500.0,0,1,a,b,1
AHU Supply Air Temperature (°K),72732,21819600.0,1,0,b,a,1
AHU Supply Air Temperature (°K),72738,21821400.0,0,1,a,b,1
AHU Supply Air Temperature (°K),72744,21823200.0,1,0,b,a,1
AHU Supply Air Temperature (°K),72750,21825000.0,0,1,a,b,1
AHU Supply Air Temperature (°K),72755,21826500.0,1,0,b,a,1
AHU Supply Air Temperature (°K),72761,21828300.0,0,1,a,b,1
AHU Supply Air Temperature (°K),72766,21829800.0,1,0,b,a,1
AHU Supply Air Temperature (°K),72771,21831300.0,0,1,a,b,1
AHU Supply Air Temperature (°K),72777,21833100.0,1,0,b,a,1
AHU Supply Air Temperature (°K),72949,21884700.0,0,1,a,b,1
AHU Supply Air Temperature (°K),72950,21885000.0,1,3,b,d,2
AHU Supply Air Temperature (°K),72953,21885900.0,3,1,d,b,2
AHU Supply Air Temperature (°K),72954,21886200.0,1,0,b,a,1
AHU Supply Air Temperature (°K),73041,21912300.0,0,1,a,b,1
AHU Supply Air Temperature (°K),73044,21913200.0,1,0,b,a,1
AHU Supply Air Temperature (°K),73145,21943500.0,0,1,a,b,1
AHU Supply Air Temperature (°K),73237,21971100.0,1,2,b,c,1
AHU Supply Air Temperature (°K),73238,21971400.0,2,3,c,d,1
AHU Supply Air Temperature (°K),73241,21972300.0,3,1,d,b,2
AHU Supply Air Temperature (°K),73242,21972600.0,1,0,b,a,1
AHU Supply Air Temperature (°K),73327,21998100.0,0,1,a,b,1
AHU Supply Air Temperature (°K),73332,21999600.0,1,0,b,a,1
AHU Supply Air Temperature (°K),73340,22002000.0,0,1,a,b,1
AHU Supply Air Temperature (°K),73344,22003200.0,1,0,b,a,1
AHU Supply Air Temperature (°K),73425,22027500.0,0,1,a,b,1
AHU Supply Air Temperature (°K),73584,22075200.0,1,2,b,c,1
AHU Supply Air Temperature (°K),73681,22104300.0,2,3,c,d,1
AHU Supply Air Temperature (°K),74104,22231200.0,3,1,d,b,2
AHU Supply Air Temperature (°K),74116,22234800.0,1,0,b,a,1
AHU Supply Air Temperature (°K),74122,22236600.0,0,1,a,b,1
AHU Supply Air Temperature (°K),74131,22239300.0,1,0,b,a,1
AHU Supply Air Temperature (°K),74138,22241400.0,0,1,a,b,1
AHU Supply Air Temperature (°K),74143,22242900.0,1,0,b,a,1
AHU Supply Air Temperature (°K),74149,22244700.0,0,1,a,b,1
AHU Supply Air Temperature (°K),74153,22245900.0,1,0,b,a,1
AHU Supply Air Temperature (°K),74159,22247700.0,0,1,a,b,1
AHU Supply Air Temperature (°K),74163,22248900.0,1,0,b,a,1
AHU Supply Air Temperature (°K),74170,22251000.0,0,1,a,b,1
AHU Supply Air Temperature (°K),74175,22252500.0,1,0,b,a,1
AHU Supply Air Temperature (°K),74182,22254600.0,0,1,a,b,1
AHU Supply Air Temperature (°K),74187,22256100.0,1,0,b,a,1
AHU Supply Air Temperature (°K),74194,22258200.0,0,1,a,b,1
AHU Supply Air Temperature (°K),74199,22259700.0,1,0,b,a,1
AHU Supply Air Temperature (°K),74206,22261800.0,0,1,a,b,1
AHU Supply Air Temperature (°K),74210,22263000.0,1,0,b,a,1
AHU Supply Air Temperature (°K),74215,22264500.0,0,1,a,b,1
AHU Supply Air Temperature (°K),74218,22265400.0,1,0,b,a,1
AHU Supply Air Temperature (°K),74223,22266900.0,0,1,a,b,1
AHU Supply Air Temperature (°K),74228,22268400.0,1,0,b,a,1
AHU Supply Air Temperature (°K),74303,22290900.0,0,1,a,b,1
AHU Supply Air Temperature (°K),74389,22316700.0,1,2,b,c,1
AHU Supply Air Temperature (°K),74390,22317000.0,2,3,c,d,1
AHU Supply Air Temperature (°K),74393,22317900.0,3,1,d,b,2
AHU Supply Air Temperature (°K),74395,22318500.0,1,0,b,a,1
AHU Supply Air Temperature (°K),74677,22403100.0,0,2,a,c,2
AHU Supply Air Temperature (°K),74678,22403400.0,2,3,c,d,1
AHU Supply Air Temperature (°K),74681,22404300.0,3,1,d,b,2
AHU Supply Air Temperature (°K),74682,22404600.0,1,0,b,a,1
AHU Supply Air Temperature (°K),74865,22459500.0,0,1,a,b,1
AHU Supply Air Temperature (°K),74965,22489500.0,1,2,b,c,1
AHU Supply Air Temperature (°K),74966,22489800.0,2,3,c,d,1
AHU Supply Air Temperature (°K),74969,22490700.0,3,1,d,b,2
AHU Supply Air Temperature (°K),74970,22491000.0,1,0,b,a,1
AHU Supply Air Temperature (°K),75154,22546200.0,0,1,a,b,1
AHU Supply Air Temperature (°K),75253,22575900.0,1,2,b,c,1
AHU Supply Air Temperature (°K),75254,22576200.0,2,3,c,d,1
AHU Supply Air Temperature (°K),75257,22577100.0,3,1,d,b,2
AHU Supply Air Temperature (°K),75258,22577400.0,1,0,b,a,1
AHU Supply Air Temperature (°K),75429,22628700.0,0,1,a,b,1
AHU Supply Air Temperature (°K),75546,22663800.0,1,2,b,c,1
AHU Supply Air Temperature (°K),75624,22687200.0,2,3,c,d,1
AHU Supply Air Temperature (°K),76120,22836000.0,3,1,d,b,2
AHU Supply Air Temperature (°K),76131,22839300.0,1,0,b,a,1
AHU Supply Air Temperature (°K),76137,22841100.0,0,1,a,b,1
AHU Supply Air Temperature (°K),76140,22842000.0,1,0,b,a,1
AHU Supply Air Temperature (°K),76144,22843200.0,0,1,a,b,1
AHU Supply Air Temperature (°K),76146,22843800.0,1,0,b,a,1
AHU Supply Air Temperature (°K),76150,22845000.0,0,1,a,b,1
AHU Supply Air Temperature (°K),76151,22845300.0,1,0,b,a,1
AHU Supply Air Temperature (°K),76155,22846500.0,0,1,a,b,1
AHU Supply Air Temperature (°K),76156,22846800.0,1,0,b,a,1
AHU Supply Air Temperature (°K),76167,22850100.0,0,1,a,b,1
AHU Supply Air Temperature (°K),76168,22850400.0,1,0,b,a,1
AHU Supply Air Temperature (°K),76172,22851600.0,0,1,a,b,1
AHU Supply Air Temperature (°K),76173,22851900.0,1,0,b,a,1
AHU Supply Air Temperature (°K),76176,22852800.0,0,1,a,b,1
AHU Supply Air Temperature (°K),76177,22853100.0,1,0,b,a,1
AHU Supply Air Temperature (°K),76182,22854600.0,0,1,a,b,1
AHU Supply Air Temperature (°K),76188,22856400.0,1,0,b,a,1
AHU Supply Air Temperature (°K),76295,22888500.0,0,1,a,b,1
AHU Supply Air Temperature (°K),76405,22921500.0,1,2,b,c,1
AHU Supply Air Temperature (°K),76406,22921800.0,2,3,c,d,1
AHU Supply Air Temperature (°K),76411,22923300.0,3,0,d,a,3
AHU Supply Air Temperature (°K),76429,22928700.0,0,1,a,b,1
AHU Supply Air Temperature (°K),76433,22929900.0,1,0,b,a,1
AHU Supply Air Temperature (°K),76434,22930200.0,0,1,a,b,1
AHU Supply Air Temperature (°K),76436,22930800.0,1,0,b,a,1
AHU Supply Air Temperature (°K),76588,22976400.0,0,1,a,b,1
AHU Supply Air Temperature (°K),76693,23007900.0,1,2,b,c,1
AHU Supply Air Temperature (°K),76694,23008200.0,2,3,c,d,1
AHU Supply Air Temperature (°K),76698,23009400.0,3,0,d,a,3
AHU Supply Air Temperature (°K),76868,23060400.0,0,1,a,b,1
AHU Supply Air Temperature (°K),76981,23094300.0,1,2,b,c,1
AHU Supply Air Temperature (°K),76982,23094600.0,2,3,c,d,1
AHU Supply Air Temperature (°K),76985,23095500.0,3,1,d,b,2
AHU Supply Air Temperature (°K),76986,23095800.0,1,0,b,a,1
AHU Supply Air Temperature (°K),77004,23101200.0,0,1,a,b,1
AHU Supply Air Temperature (°K),77008,23102400.0,1,0,b,a,1
AHU Supply Air Temperature (°K),77010,23103000.0,0,1,a,b,1
AHU Supply Air Temperature (°K),77187,23156100.0,1,2,b,c,1
AHU Supply Air Temperature (°K),77269,23180700.0,2,3,c,d,1
AHU Supply Air Temperature (°K),77274,23182200.0,3,0,d,a,3
AHU Supply Air Temperature (°K),77341,23202300.0,0,1,a,b,1
AHU Supply Air Temperature (°K),77342,23202600.0,1,0,b,a,1
AHU Supply Air Temperature (°K),77356,23206800.0,0,1,a,b,1
AHU Supply Air Temperature (°K),77358,23207400.0,1,0,b,a,1
AHU Supply Air Temperature (°K),77429,23228700.0,0,1,a,b,1
AHU Supply Air Temperature (°K),77508,23252400.0,1,2,b,c,1
AHU Supply Air Temperature (°K),77695,23308500.0,2,3,c,d,1
AHU Supply Air Temperature (°K),78138,23441400.0,3,1,d,b,2
AHU Supply Air Temperature (°K),78139,23441700.0,1,0,b,a,1
AHU Supply Air Temperature (°K),78150,23445000.0,0,1,a,b,1
AHU Supply Air Temperature (°K),78155,23446500.0,1,0,b,a,1
AHU Supply Air Temperature (°K),78161,23448300.0,0,1,a,b,1
AHU Supply Air Temperature (°K),78170,23451000.0,1,0,b,a,1
AHU Supply Air Temperature (°K),78177,23453100.0,0,1,a,b,1
AHU Supply Air Temperature (°K),78187,23456100.0,1,0,b,a,1
AHU Supply Air Temperature (°K),78194,23458200.0,0,1,a,b,1
AHU Supply Air Temperature (°K),78205,23461500.0,1,0,b,a,1
AHU Supply Air Temperature (°K),78211,23463300.0,0,1,a,b,1
AHU Supply Air Temperature (°K),78219,23465700.0,1,0,b,a,1
AHU Supply Air Temperature (°K),78225,23467500.0,0,1,a,b,1
AHU Supply Air Temperature (°K),78230,23469000.0,1,0,b,a,1
AHU Supply Air Temperature (°K),78235,23470500.0,0,1,a,b,1
AHU Supply Air Temperature (°K),78240,23472000.0,1,0,b,a,1
AHU Supply Air Temperature (°K),78247,23474100.0,0,1,a,b,1
AHU Supply Air Temperature (°K),78251,23475300.0,1,0,b,a,1
AHU Supply Air Temperature (°K),78339,23501700.0,0,1,a,b,1
AHU Supply Air Temperature (°K),78421,23526300.0,1,2,b,c,1
AHU Supply Air Temperature (°K),78422,23526600.0,2,3,c,d,1
AHU Supply Air Temperature (°K),78425,23527500.0,3,1,d,b,2
AHU Supply Air Temperature (°K),78426,23527800.0,1,0,b,a,1
AHU Supply Air Temperature (°K),78593,23577900.0,0,1,a,b,1
AHU Supply Air Temperature (°K),78710,23613000.0,1,3,b,d,2
AHU Supply Air Temperature (°K),78715,23614500.0,3,2,d,c,1
AHU Supply Air Temperature (°K),78716,23614800.0,2,1,c,b,1
AHU Supply Air Temperature (°K),78720,23616000.0,1,2,b,c,1
AHU Supply Air Temperature (°K),78726,23617800.0,2,0,c,a,2
AHU Supply Air Temperature (°K),78733,23619900.0,0,1,a,b,1
AHU Supply Air Temperature (°K),78744,23623200.0,1,0,b,a,1
AHU Supply Air Temperature (°K),78745,23623500.0,0,1,a,b,1
AHU Supply Air Temperature (°K),78746,23623800.0,1,0,b,a,1
AHU Supply Air Temperature (°K),78839,23651700.0,0,1,a,b,1
AHU Supply Air Temperature (°K),78848,23654400.0,1,2,b,c,1
AHU Supply Air Temperature (°K),78998,23699400.0,2,3,c,d,1
AHU Supply Air Temperature (°K),79002,23700600.0,3,2,d,c,1
AHU Supply Air Temperature (°K),79003,23700900.0,2,1,c,b,1
AHU Supply Air Temperature (°K),79009,23702700.0,1,2,b,c,1
AHU Supply Air Temperature (°K),79014,23704200.0,2,0,c,a,2
AHU Supply Air Temperature (°K),79022,23706600.0,0,1,a,b,1
AHU Supply Air Temperature (°K),79024,23707200.0,1,0,b,a,1
AHU Supply Air Temperature (°K),79128,23738400.0,0,1,a,b,1
AHU Supply Air Temperature (°K),79137,23741100.0,1,2,b,c,1
AHU Supply Air Temperature (°K),79286,23785800.0,2,3,c,d,1
AHU Supply Air Temperature (°K),79290,23787000.0,3,2,d,c,1
AHU Supply Air Temperature (°K),79291,23787300.0,2,1,c,b,1
AHU Supply Air Temperature (°K),79296,23788800.0,1,2,b,c,1
AHU Supply Air Temperature (°K),79300,23790000.0,2,0,c,a,2
AHU Supply Air Temperature (°K),79308,23792400.0,0,1,a,b,1
AHU Supply Air Temperature (°K),79318,23795400.0,1,0,b,a,1
AHU Supply Air Temperature (°K),79419,23825700.0,0,1,a,b,1
AHU Supply Air Temperature (°K),79427,23828100.0,1,2,b,c,1
AHU Supply Air Temperature (°K),79773,23931900.0,2,3,c,d,1
AHU Supply Air Temperature (°K),80152,24045600.0,3,2,d,c,1
AHU Supply Air Temperature (°K),80153,24045900.0,2,1,c,b,1
AHU Supply Air Temperature (°K),80182,24054600.0,1,2,b,c,1
AHU Supply Air Temperature (°K),80190,24057000.0,2,3,c,d,1
AHU Supply Air Temperature (°K),80205,24061500.0,3,2,d,c,1
AHU Supply Air Temperature (°K),80240,24072000.0,2,3,c,d,1
AHU Supply Air Temperature (°K),80247,24074100.0,3,1,d,b,2
AHU Supply Air Temperature (°K),80248,24074400.0,1,0,b,a,1
AHU Supply Air Temperature (°K),80251,24075300.0,0,1,a,b,1
AHU Supply Air Temperature (°K),80258,24077400.0,1,2,b,c,1
AHU Supply Air Temperature (°K),80274,24082200.0,2,3,c,d,1
AHU Supply Air Temperature (°K),80362,24108600.0,3,2,d,c,1
AHU Supply Air Temperature (°K),80438,24131400.0,2,3,c,d,1
AHU Supply Air Temperature (°K),80441,24132300.0,3,2,d,c,1
AHU Supply Air Temperature (°K),80442,24132600.0,2,3,c,d,1
AHU Supply Air Temperature (°K),80445,24133500.0,3,2,d,c,1
AHU Supply Air Temperature (°K),80446,24133800.0,2,1,c,b,1
AHU Supply Air Temperature (°K),80447,24134100.0,1,0,b,a,1
AHU Supply Air Temperature (°K),80448,24134400.0,0,1,a,b,1
AHU Supply Air Temperature (°K),80450,24135000.0,1,2,b,c,1
AHU Supply Air Temperature (°K),80451,24135300.0,2,3,c,d,1
AHU Supply Air Temperature (°K),80452,24135600.0,3,2,d,c,1
AHU Supply Air Temperature (°K),80453,24135900.0,2,1,c,b,1
AHU Supply Air Temperature (°K),80455,24136500.0,1,2,b,c,1
AHU Supply Air Temperature (°K),80456,24136800.0,2,3,c,d,1
AHU Supply Air Temperature (°K),80458,24137400.0,3,2,d,c,1
AHU Supply Air Temperature (°K),80459,24137700.0,2,1,c,b,1
AHU Supply Air Temperature (°K),80466,24139800.0,1,2,b,c,1
AHU Supply Air Temperature (°K),80483,24144900.0,2,1,c,b,1
AHU Supply Air Temperature (°K),80484,24145200.0,1,0,b,a,1
AHU Supply Air Temperature (°K),80493,24147900.0,0,1,a,b,1
AHU Supply Air Temperature (°K),80519,24155700.0,1,0,b,a,1
AHU Supply Air Temperature (°K),80552,24165600.0,0,1,a,b,1
AHU Supply Air Temperature (°K),80562,24168600.0,1,2,b,c,1
AHU Supply Air Temperature (°K),80566,24169800.0,2,3,c,d,1
AHU Supply Air Temperature (°K),80569,24170700.0,3,2,d,c,1
AHU Supply Air Temperature (°K),80570,24171000.0,2,3,c,d,1
AHU Supply Air Temperature (°K),80666,24199800.0,3,2,d,c,1
AHU Supply Air Temperature (°K),80726,24217800.0,2,3,c,d,1
AHU Supply Air Temperature (°K),80735,24220500.0,3,2,d,c,1
AHU Supply Air Temperature (°K),80736,24220800.0,2,1,c,b,1
AHU Supply Air Temperature (°K),80739,24221700.0,1,2,b,c,1
AHU Supply Air Temperature (°K),80740,24222000.0,2,3,c,d,1
AHU Supply Air Temperature (°K),80742,24222600.0,3,2,d,c,1
AHU Supply Air Temperature (°K),80753,24225900.0,2,3,c,d,1
AHU Supply Air Temperature (°K),80755,24226500.0,3,0,d,a,3
AHU Supply Air Temperature (°K),80765,24229500.0,0,1,a,b,1
AHU Supply Air Temperature (°K),80774,24232200.0,1,0,b,a,1
AHU Supply Air Temperature (°K),80851,24255300.0,0,1,a,b,1
AHU Supply Air Temperature (°K),80854,24256200.0,1,2,b,c,1
AHU Supply Air Temperature (°K),80858,24257400.0,2,3,c,d,1
AHU Supply Air Temperature (°K),80862,24258600.0,3,2,d,c,1
AHU Supply Air Temperature (°K),80863,24258900.0,2,3,c,d,1
AHU Supply Air Temperature (°K),80979,24293700.0,3,2,d,c,1
AHU Supply Air Temperature (°K),81013,24303900.0,2,3,c,d,1
AHU Supply Air Temperature (°K),81019,24305700.0,3,2,d,c,1
AHU Supply Air Temperature (°K),81020,24306000.0,2,1,c,b,1
AHU Supply Air Temperature (°K),81023,24306900.0,1,2,b,c,1
AHU Supply Air Temperature (°K),81024,24307200.0,2,3,c,d,1
AHU Supply Air Temperature (°K),81027,24308100.0,3,2,d,c,1
AHU Supply Air Temperature (°K),81040,24312000.0,2,3,c,d,1
AHU Supply Air Temperature (°K),81042,24312600.0,3,0,d,a,3
AHU Supply Air Temperature (°K),81057,24317100.0,0,1,a,b,1
AHU Supply Air Temperature (°K),81070,24321000.0,1,0,b,a,1
AHU Supply Air Temperature (°K),81182,24354600.0,0,1,a,b,1
AHU Supply Air Temperature (°K),81302,24390600.0,1,3,b,d,2
AHU Supply Air Temperature (°K),81308,24392400.0,3,2,d,c,1
AHU Supply Air Temperature (°K),81311,24393300.0,2,0,c,a,2
AHU Supply Air Temperature (°K),81321,24396300.0,0,1,a,b,1
AHU Supply Air Temperature (°K),81338,24401400.0,1,0,b,a,1
AHU Supply Air Temperature (°K),81472,24441600.0,0,1,a,b,1
AHU Supply Air Temperature (°K),81693,24507900.0,1,2,b,c,1
AHU Supply Air Temperature (°K),81879,24563700.0,2,3,c,d,1
AHU Supply Air Temperature (°K),82460,24738000.0,3,0,d,a,3
AHU Supply Air Temperature (°K),82468,24740400.0,0,1,a,b,1
AHU Supply Air Temperature (°K),82493,24747900.0,1,0,b,a,1
AHU Supply Air Temperature (°K),82579,24773700.0,0,1,a,b,1
AHU Supply Air Temperature (°K),82589,24776700.0,1,2,b,c,1
AHU Supply Air Temperature (°K),82597,24779100.0,2,3,c,d,1
AHU Supply Air Temperature (°K),82659,24797700.0,3,2,d,c,1
AHU Supply Air Temperature (°K),82742,24822600.0,2,3,c,d,1
AHU Supply Air Temperature (°K),82746,24823800.0,3,2,d,c,1
AHU Supply Air Temperature (°K),82747,24824100.0,2,1,c,b,1
AHU Supply Air Temperature (°K),82752,24825600.0,1,2,b,c,1
AHU Supply Air Temperature (°K),82756,24826800.0,2,0,c,a,2
AHU Supply Air Temperature (°K),82766,24829800.0,0,1,a,b,1
AHU Supply Air Temperature (°K),82777,24833100.0,1,0,b,a,1
AHU Supply Air Temperature (°K),82869,24860700.0,0,1,a,b,1
AHU Supply Air Temperature (°K),82876,24862800.0,1,2,b,c,1
AHU Supply Air Temperature (°K),82885,24865500.0,2,3,c,d,1
AHU Supply Air Temperature (°K),82929,24878700.0,3,2,d,c,1
AHU Supply Air Temperature (°K),83030,24909000.0,2,3,c,d,1
AHU Supply Air Temperature (°K),83034,24910200.0,3,2,d,c,1
AHU Supply Air Temperature (°K),83035,24910500.0,2,1,c,b,1
AHU Supply Air Temperature (°K),83036,24910800.0,1,0,b,a,1
AHU Supply Air Temperature (°K),83041,24912300.0,0,1,a,b,1
AHU Supply Air Temperature (°K),83042,24912600.0,1,2,b,c,1
AHU Supply Air Temperature (°K),83043,24912900.0,2,3,c,d,1
AHU Supply Air Temperature (°K),83044,24913200.0,3,2,d,c,1
AHU Supply Air Temperature (°K),83045,24913500.0,2,1,c,b,1
AHU Supply Air Temperature (°K),83046,24913800.0,1,0,b,a,1
AHU Supply Air Temperature (°K),83047,24914100.0,0,1,a,b,1
AHU Supply Air Temperature (°K),83049,24914700.0,1,3,b,d,2
AHU Supply Air Temperature (°K),83051,24915300.0,3,1,d,b,2
AHU Supply Air Temperature (°K),83062,24918600.0,1,2,b,c,1
AHU Supply Air Temperature (°K),83064,24919200.0,2,1,c,b,1
AHU Supply Air Temperature (°K),83087,24926100.0,1,2,b,c,1
AHU Supply Air Temperature (°K),83088,24926400.0,2,0,c,a,2
AHU Supply Air Temperature (°K),83095,24928500.0,0,1,a,b,1
AHU Supply Air Temperature (°K),83148,24944400.0,1,2,b,c,1
AHU Supply Air Temperature (°K),83155,24946500.0,2,3,c,d,1
AHU Supply Air Temperature (°K),83252,24975600.0,3,2,d,c,1
AHU Supply Air Temperature (°K),83334,25000200.0,2,3,c,d,1
AHU Supply Air Temperature (°K),83351,25005300.0,3,1,d,b,2
AHU Supply Air Temperature (°K),83355,25006500.0,1,2,b,c,1
AHU Supply Air Temperature (°K),83357,25007100.0,2,1,c,b,1
AHU Supply Air Temperature (°K),83362,25008600.0,1,2,b,c,1
AHU Supply Air Temperature (°K),83364,25009200.0,2,1,c,b,1
AHU Supply Air Temperature (°K),83382,25014600.0,1,0,b,a,1
AHU Supply Air Temperature (°K),83389,25016700.0,0,1,a,b,1
AHU Supply Air Temperature (°K),83430,25029000.0,1,2,b,c,1
AHU Supply Air Temperature (°K),83436,25030800.0,2,3,c,d,1
AHU Supply Air Temperature (°K),83438,25031400.0,3,2,d,c,1
AHU Supply Air Temperature (°K),83445,25033500.0,2,3,c,d,1
AHU Supply Air Temperature (°K),83450,25035000.0,3,2,d,c,1
AHU Supply Air Temperature (°K),83656,25096800.0,2,1,c,b,1
AHU Supply Air Temperature (°K),84182,25254600.0,1,3,b,d,2
AHU Supply Air Temperature (°K),84187,25256100.0,3,1,d,b,2
AHU Supply Air Temperature (°K),84188,25256400.0,1,0,b,a,1
AHU Supply Air Temperature (°K),84190,25257000.0,0,1,a,b,1
AHU Supply Air Temperature (°K),84201,25260300.0,1,2,b,c,1
AHU Supply Air Temperature (°K),84206,25261800.0,2,0,c,a,2
AHU Supply Air Temperature (°K),84309,25292700.0,0,1,a,b,1
AHU Supply Air Temperature (°K),84316,25294800.0,1,2,b,c,1
AHU Supply Air Temperature (°K),84321,25296300.0,2,3,c,d,1
AHU Supply Air Temperature (°K),84324,25297200.0,3,2,d,c,1
AHU Supply Air Temperature (°K),84325,25297500.0,2,3,c,d,1
AHU Supply Air Temperature (°K),84357,25307100.0,3,2,d,c,1
AHU Supply Air Temperature (°K),84470,25341000.0,2,3,c,d,1
AHU Supply Air Temperature (°K),84475,25342500.0,3,1,d,b,2
AHU Supply Air Temperature (°K),84480,25344000.0,1,2,b,c,1
AHU Supply Air Temperature (°K),84484,25345200.0,2,0,c,a,2
AHU Supply Air Temperature (°K),84493,25347900.0,0,1,a,b,1
AHU Supply Air Temperature (°K),84514,25354200.0,1,0,b,a,1
AHU Supply Air Temperature (°K),84593,25377900.0,0,1,a,b,1
AHU Supply Air Temperature (°K),84595,25378500.0,1,0,b,a,1
AHU Supply Air Temperature (°K),84607,25382100.0,0,1,a,b,1
AHU Supply Air Temperature (°K),84710,25413000.0,1,2,b,c,1
AHU Supply Air Temperature (°K),84758,25427400.0,2,3,c,d,1
AHU Supply Air Temperature (°K),84763,25428900.0,3,2,d,c,1
AHU Supply Air Temperature (°K),84766,25429800.0,2,0,c,a,2
AHU Supply Air Temperature (°K),84775,25432500.0,0,1,a,b,1
AHU Supply Air Temperature (°K),84791,25437300.0,1,0,b,a,1
AHU Supply Air Temperature (°K),84793,25437900.0,0,1,a,b,1
AHU Supply Air Temperature (°K),84795,25438500.0,1,0,b,a,1
AHU Supply Air Temperature (°K),84894,25468200.0,0,1,a,b,1
AHU Supply Air Temperature (°K),84991,25497300.0,1,2,b,c,1
AHU Supply Air Temperature (°K),85046,25513800.0,2,3,c,d,1
AHU Supply Air Temperature (°K),85051,25515300.0,3,2,d,c,1
AHU Supply Air Temperature (°K),85055,25516500.0,2,0,c,a,2
AHU Supply Air Temperature (°K),85068,25520400.0,0,1,a,b,1
AHU Supply Air Temperature (°K),85075,25522500.0,1,0,b,a,1
AHU Supply Air Temperature (°K),85078,25523400.0,0,1,a,b,1
AHU Supply Air Temperature (°K),85080,25524000.0,1,0,b,a,1
AHU Supply Air Temperature (°K),85219,25565700.0,0,1,a,b,1
AHU Supply Air Temperature (°K),85333,25599900.0,1,2,b,c,1
AHU Supply Air Temperature (°K),85334,25600200.0,2,3,c,d,1
AHU Supply Air Temperature (°K),85338,25601400.0,3,0,d,a,3
AHU Supply Air Temperature (°K),85356,25606800.0,0,1,a,b,1
AHU Supply Air Temperature (°K),85365,25609500.0,1,0,b,a,1
AHU Supply Air Temperature (°K),85500,25650000.0,0,1,a,b,1
AHU Supply Air Temperature (°K),86198,25859400.0,1,2,b,c,1
AHU Supply Air Temperature (°K),86206,25861800.0,2,1,c,b,1
AHU Supply Air Temperature (°K),86207,25862100.0,1,0,b,a,1
AHU Supply Air Temperature (°K),86209,25862700.0,0,1,a,b,1
AHU Supply Air Temperature (°K),86210,25863000.0,1,2,b,c,1
AHU Supply Air Temperature (°K),86211,25863300.0,2,1,c,b,1
AHU Supply Air Temperature (°K),86212,25863600.0,1,0,b,a,1
AHU Supply Air Temperature (°K),86214,25864200.0,0,1,a,b,1
AHU Supply Air Temperature (°K),86215,25864500.0,1,2,b,c,1
AHU Supply Air Temperature (°K),86216,25864800.0,2,1,c,b,1
AHU Supply Air Temperature (°K),86217,25865100.0,1,0,b,a,1
AHU Supply Air Temperature (°K),86219,25865700.0,0,1,a,b,1
AHU Supply Air Temperature (°K),86220,25866000.0,1,2,b,c,1
AHU Supply Air Temperature (°K),86221,25866300.0,2,1,c,b,1
AHU Supply Air Temperature (°K),86222,25866600.0,1,0,b,a,1
AHU Supply Air Temperature (°K),86224,25867200.0,0,1,a,b,1
AHU Supply Air Temperature (°K),86227,25868100.0,1,0,b,a,1
AHU Supply Air Temperature (°K),86228,25868400.0,0,1,a,b,1
AHU Supply Air Temperature (°K),86232,25869600.0,1,0,b,a,1
AHU Supply Air Temperature (°K),86233,25869900.0,0,1,a,b,1
AHU Supply Air Temperature (°K),86315,25894500.0,1,2,b,c,1
AHU Supply Air Temperature (°K),86317,25895100.0,2,1,c,b,1
AHU Supply Air Temperature (°K),86318,25895400.0,1,2,b,c,1
AHU Supply Air Temperature (°K),86334,25900200.0,2,3,c,d,1
AHU Supply Air Temperature (°K),86417,25925100.0,3,2,d,c,1
AHU Supply Air Temperature (°K),86488,25946400.0,2,1,c,b,1
AHU Supply Air Temperature (°K),86498,25949400.0,1,2,b,c,1
AHU Supply Air Temperature (°K),86499,25949700.0,2,3,c,d,1
AHU Supply Air Temperature (°K),86509,25952700.0,3,2,d,c,1
AHU Supply Air Temperature (°K),86512,25953600.0,2,3,c,d,1
AHU Supply Air Temperature (°K),86515,25954500.0,3,2,d,c,1
AHU Supply Air Temperature (°K),86516,25954800.0,2,1,c,b,1
AHU Supply Air Temperature (°K),86517,25955100.0,1,0,b,a,1
AHU Supply Air Temperature (°K),86519,25955700.0,0,1,a,b,1
AHU Supply Air Temperature (°K),86520,25956000.0,1,2,b,c,1
AHU Supply Air Temperature (°K),86522,25956600.0,2,1,c,b,1
AHU Supply Air Temperature (°K),86525,25957500.0,1,2,b,c,1
AHU Supply Air Temperature (°K),86526,25957800.0,2,3,c,d,1
AHU Supply Air Temperature (°K),86527,25958100.0,3,2,d,c,1
AHU Supply Air Temperature (°K),86528,25958400.0,2,1,c,b,1
AHU Supply Air Temperature (°K),86531,25959300.0,1,2,b,c,1
AHU Supply Air Temperature (°K),86534,25960200.0,2,1,c,b,1
AHU Supply Air Temperature (°K),86578,25973400.0,1,0,b,a,1
AHU Supply Air Temperature (°K),86585,25975500.0,0,1,a,b,1
AHU Supply Air Temperature (°K),86591,25977300.0,1,2,b,c,1
AHU Supply Air Temperature (°K),86596,25978800.0,2,1,c,b,1
AHU Supply Air Temperature (°K),86600,25980000.0,1,2,b,c,1
AHU Supply Air Temperature (°K),86608,25982400.0,2,3,c,d,1
AHU Supply Air Temperature (°K),86615,25984500.0,3,2,d,c,1
AHU Supply Air Temperature (°K),86626,25987800.0,2,3,c,d,1
AHU Supply Air Temperature (°K),86698,26009400.0,3,2,d,c,1
AHU Supply Air Temperature (°K),86775,26032500.0,2,1,c,b,1
AHU Supply Air Temperature (°K),86786,26035800.0,1,2,b,c,1
AHU Supply Air Temperature (°K),86788,26036400.0,2,3,c,d,1
AHU Supply Air Temperature (°K),86803,26040900.0,3,2,d,c,1
AHU Supply Air Temperature (°K),86804,26041200.0,2,1,c,b,1
AHU Supply Air Temperature (°K),86808,26042400.0,1,2,b,c,1
AHU Supply Air Temperature (°K),86812,26043600.0,2,1,c,b,1
AHU Supply Air Temperature (°K),86827,26048100.0,1,2,b,c,1
AHU Supply Air Temperature (°K),86830,26049000.0,2,0,c,a,2
AHU Supply Air Temperature (°K),86838,26051400.0,0,1,a,b,1
AHU Supply Air Temperature (°K),86884,26065200.0,1,2,b,c,1
AHU Supply Air Temperature (°K),86890,26067000.0,2,3,c,d,1
AHU Supply Air Temperature (°K),86892,26067600.0,3,2,d,c,1
AHU Supply Air Temperature (°K),86898,26069400.0,2,3,c,d,1
AHU Supply Air Temperature (°K),86910,26073000.0,3,2,d,c,1
AHU Supply Air Temperature (°K),87061,26118300.0,2,1,c,b,1
AHU Supply Air Temperature (°K),87062,26118600.0,1,2,b,c,1
AHU Supply Air Temperature (°K),87063,26118900.0,2,1,c,b,1
AHU Supply Air Temperature (°K),87074,26122200.0,1,2,b,c,1
AHU Supply Air Temperature (°K),87075,26122500.0,2,3,c,d,1
AHU Supply Air Temperature (°K),87092,26127600.0,3,2,d,c,1
AHU Supply Air Temperature (°K),87093,26127900.0,2,1,c,b,1
AHU Supply Air Temperature (°K),87097,26129100.0,1,2,b,c,1
AHU Supply Air Temperature (°K),87101,26130300.0,2,1,c,b,1
AHU Supply Air Temperature (°K),87103,26130900.0,1,2,b,c,1
AHU Supply Air Temperature (°K),87112,26133600.0,2,0,c,a,2
AHU Supply Air Temperature (°K),87121,26136300.0,0,1,a,b,1
AHU Supply Air Temperature (°K),87133,26139900.0,1,0,b,a,1
AHU Supply Air Temperature (°K),87174,26152200.0,0,1,a,b,1
AHU Supply Air Temperature (°K),87182,26154600.0,1,2,b,c,1
AHU Supply Air Temperature (°K),87188,26156400.0,2,3,c,d,1
AHU Supply Air Temperature (°K),87191,26157300.0,3,2,d,c,1
AHU Supply Air Temperature (°K),87193,26157900.0,2,3,c,d,1
AHU Supply Air Temperature (°K),87278,26183400.0,3,2,d,c,1
AHU Supply Air Temperature (°K),87352,26205600.0,2,1,c,b,1
AHU Supply Air Temperature (°K),87357,26207100.0,1,2,b,c,1
AHU Supply Air Temperature (°K),87368,26210400.0,2,3,c,d,1
AHU Supply Air Temperature (°K),87386,26215800.0,3,2,d,c,1
AHU Supply Air Temperature (°K),87387,26216100.0,2,3,c,d,1
AHU Supply Air Temperature (°K),87390,26217000.0,3,0,d,a,3
AHU Supply Air Temperature (°K),87469,26240700.0,0,1,a,b,1
AHU Supply Air Temperature (°K),87474,26242200.0,1,2,b,c,1
AHU Supply Air Temperature (°K),87480,26244000.0,2,3,c,d,1
AHU Supply Air Temperature (°K),87483,26244900.0,3,2,d,c,1
AHU Supply Air Temperature (°K),87485,26245500.0,2,3,c,d,1
AHU Supply Air Temperature (°K),87489,26246700.0,3,2,d,c,1
AHU Supply Air Temperature (°K),87490,26247000.0,2,3,c,d,1
AHU Supply Air Temperature (°K),88216,26464800.0,3,2,d,c,1
AHU Supply Air Temperature (°K),88217,26465100.0,2,1,c,b,1
AHU Supply Air Temperature (°K),88218,26465400.0,1,0,b,a,1
AHU Supply Air Temperature (°K),88381,26514300.0,0,1,a,b,1
AHU Supply Air Temperature (°K),88468,26540400.0,1,2,b,c,1
AHU Supply Air Temperature (°K),88502,26550600.0,2,3,c,d,1
AHU Supply Air Temperature (°K),88507,26552100.0,3,2,d,c,1
AHU Supply Air Temperature (°K),88508,26552400.0,2,1,c,b,1
AHU Supply Air Temperature (°K),88512,26553600.0,1,2,b,c,1
AHU Supply Air Temperature (°K),88513,26553900.0,2,3,c,d,1
AHU Supply Air Temperature (°K),88515,26554500.0,3,2,d,c,1
AHU Supply Air Temperature (°K),88518,26555400.0,2,3,c,d,1
AHU Supply Air Temperature (°K),88522,26556600.0,3,2,d,c,1
AHU Supply Air Temperature (°K),88524,26557200.0,2,3,c,d,1
AHU Supply Air Temperature (°K),88529,26558700.0,3,2,d,c,1
AHU Supply Air Temperature (°K),88530,26559000.0,2,3,c,d,1
AHU Supply Air Temperature (°K),88740,26622000.0,3,2,d,c,1
AHU Supply Air Temperature (°K),88790,26637000.0,2,3,c,d,1
AHU Supply Air Temperature (°K),88792,26637600.0,3,2,d,c,1
AHU Supply Air Temperature (°K),88797,26639100.0,2,3,c,d,1
AHU Supply Air Temperature (°K),88816,26644800.0,3,2,d,c,1
AHU Supply Air Temperature (°K),88818,26645400.0,2,3,c,d,1
AHU Supply Air Temperature (°K),88823,26646900.0,3,2,d,c,1
AHU Supply Air Temperature (°K),88830,26649000.0,2,1,c,b,1
AHU Supply Air Temperature (°K),88831,26649300.0,1,2,b,c,1
AHU Supply Air Temperature (°K),88833,26649900.0,2,1,c,b,1
AHU Supply Air Temperature (°K),88835,26650500.0,1,2,b,c,1
AHU Supply Air Temperature (°K),88845,26653500.0,2,0,c,a,2
AHU Supply Air Temperature (°K),88853,26655900.0,0,1,a,b,1
AHU Supply Air Temperature (°K),88903,26670900.0,1,2,b,c,1
AHU Supply Air Temperature (°K),88909,26672700.0,2,3,c,d,1
AHU Supply Air Temperature (°K),88912,26673600.0,3,2,d,c,1
AHU Supply Air Temperature (°K),88917,26675100.0,2,3,c,d,1
AHU Supply Air Temperature (°K),89052,26715600.0,3,2,d,c,1
AHU Supply Air Temperature (°K),89062,26718600.0,2,3,c,d,1
AHU Supply Air Temperature (°K),89077,26723100.0,3,2,d,c,1
AHU Supply Air Temperature (°K),89081,26724300.0,2,1,c,b,1
AHU Supply Air Temperature (°K),89084,26725200.0,1,2,b,c,1
AHU Supply Air Temperature (°K),89101,26730300.0,2,3,c,d,1
AHU Supply Air Temperature (°K),89115,26734500.0,3,1,d,b,2
AHU Supply Air Temperature (°K),89124,26737200.0,1,2,b,c,1
AHU Supply Air Temperature (°K),89128,26738400.0,2,0,c,a,2
AHU Supply Air Temperature (°K),89136,26740800.0,0,1,a,b,1
AHU Supply Air Temperature (°K),89159,26747700.0,1,0,b,a,1
AHU Supply Air Temperature (°K),89186,26755800.0,0,1,a,b,1
AHU Supply Air Temperature (°K),89197,26759100.0,1,2,b,c,1
AHU Supply Air Temperature (°K),89205,26761500.0,2,1,c,b,1
AHU Supply Air Temperature (°K),89206,26761800.0,1,2,b,c,1
AHU Supply Air Temperature (°K),89212,26763600.0,2,3,c,d,1
AHU Supply Air Temperature (°K),89368,26810400.0,3,2,d,c,1
AHU Supply Air Temperature (°K),89373,26811900.0,2,3,c,d,1
AHU Supply Air Temperature (°K),89386,26815800.0,3,1,d,b,2
AHU Supply Air Temperature (°K),89389,26816700.0,1,2,b,c,1
AHU Supply Air Temperature (°K),89390,26817000.0,2,3,c,d,1
AHU Supply Air Temperature (°K),89391,26817300.0,3,2,d,c,1
AHU Supply Air Temperature (°K),89392,26817600.0,2,1,c,b,1
AHU Supply Air Temperature (°K),89396,26818800.0,1,2,b,c,1
AHU Supply Air Temperature (°K),89403,26820900.0,2,0,c,a,2
AHU Supply Air Temperature (°K),89413,26823900.0,0,1,a,b,1
AHU Supply Air Temperature (°K),89420,26826000.0,1,0,b,a,1
AHU Supply Air Temperature (°K),89480,26844000.0,0,1,a,b,1
AHU Supply Air Temperature (°K),89483,26844900.0,1,0,b,a,1
AHU Supply Air Temperature (°K),89491,26847300.0,0,1,a,b,1
AHU Supply Air Temperature (°K),89497,26849100.0,1,2,b,c,1
AHU Supply Air Temperature (°K),89500,26850000.0,2,3,c,d,1
AHU Supply Air Temperature (°K),89503,26850900.0,3,2,d,c,1
AHU Supply Air Temperature (°K),89506,26851800.0,2,3,c,d,1
AHU Supply Air Temperature (°K),89908,26972400.0,3,2,d,c,1
AHU Supply Air Temperature (°K),90230,27069000.0,2,3,c,d,1
AHU Supply Air Temperature (°K),90234,27070200.0,3,1,d,b,2
AHU Supply Air Temperature (°K),90235,27070500.0,1,0,b,a,1
AHU Supply Air Temperature (°K),90237,27071100.0,0,1,a,b,1
AHU Supply Air Temperature (°K),90240,27072000.0,1,0,b,a,1
AHU Supply Air Temperature (°K),90242,27072600.0,0,1,a,b,1
AHU Supply Air Temperature (°K),90246,27073800.0,1,0,b,a,1
AHU Supply Air Temperature (°K),90247,27074100.0,0,1,a,b,1
AHU Supply Air Temperature (°K),90263,27078900.0,1,2,b,c,1
AHU Supply Air Temperature (°K),90268,27080400.0,2,0,c,a,2
AHU Supply Air Temperature (°K),90275,27082500.0,0,1,a,b,1
AHU Supply Air Temperature (°K),90327,27098100.0,1,0,b,a,1
AHU Supply Air Temperature (°K),90335,27100500.0,0,1,a,b,1
AHU Supply Air Temperature (°K),90355,27106500.0,1,2,b,c,1
AHU Supply Air Temperature (°K),90372,27111600.0,2,3,c,d,1
AHU Supply Air Temperature (°K),90481,27144300.0,3,2,d,c,1
AHU Supply Air Temperature (°K),90517,27155100.0,2,3,c,d,1
AHU Supply Air Temperature (°K),90522,27156600.0,3,1,d,b,2
AHU Supply Air Temperature (°K),90560,27168000.0,1,2,b,c,1
AHU Supply Air Temperature (°K),90569,27170700.0,2,3,c,d,1
AHU Supply Air Temperature (°K),90573,27171900.0,3,2,d,c,1
AHU Supply Air Temperature (°K),90574,27172200.0,2,3,c,d,1
AHU Supply Air Temperature (°K),90619,27185700.0,3,2,d,c,1
AHU Supply Air Temperature (°K),90643,27192900.0,2,3,c,d,1
AHU Supply Air Temperature (°K),90651,27195300.0,3,1,d,b,2
AHU Supply Air Temperature (°K),90652,27195600.0,1,0,b,a,1
AHU Supply Air Temperature (°K),90656,27196800.0,0,1,a,b,1
AHU Supply Air Temperature (°K),90698,27209400.0,1,2,b,c,1
AHU Supply Air Temperature (°K),91094,27328200.0,2,3,c,d,1
AHU Supply Air Temperature (°K),91107,27332100.0,3,2,d,c,1
AHU Supply Air Temperature (°K),91108,27332400.0,2,3,c,d,1
AHU Supply Air Temperature (°K),91168,27350400.0,3,2,d,c,1
AHU Supply Air Temperature (°K),91189,27356700.0,2,3,c,d,1
AHU Supply Air Temperature (°K),91195,27358500.0,3,2,d,c,1
AHU Supply Air Temperature (°K),91199,27359700.0,2,3,c,d,1
AHU Supply Air Temperature (°K),91205,27361500.0,3,2,d,c,1
AHU Supply Air Temperature (°K),91209,27362700.0,2,3,c,d,1
AHU Supply Air Temperature (°K),91215,27364500.0,3,2,d,c,1
AHU Supply Air Temperature (°K),91220,27366000.0,2,3,c,d,1
AHU Supply Air Temperature (°K),91225,27367500.0,3,2,d,c,1
AHU Supply Air Temperature (°K),91229,27368700.0,2,3,c,d,1
AHU Supply Air Temperature (°K),91235,27370500.0,3,2,d,c,1
AHU Supply Air Temperature (°K),91382,27414600.0,2,3,c,d,1
AHU Supply Air Temperature (°K),91396,27418800.0,3,2,d,c,1
AHU Supply Air Temperature (°K),91399,27419700.0,2,3,c,d,1
AHU Supply Air Temperature (°K),91408,27422400.0,3,2,d,c,1
AHU Supply Air Temperature (°K),91409,27422700.0,2,3,c,d,1
AHU Supply Air Temperature (°K),91435,27430500.0,3,2,d,c,1
AHU Supply Air Temperature (°K),91450,27435000.0,2,3,c,d,1
AHU Supply Air Temperature (°K),91456,27436800.0,3,0,d,a,3
AHU Supply Air Temperature (°K),91464,27439200.0,0,1,a,b,1
AHU Supply Air Temperature (°K),91484,27445200.0,1,2,b,c,1
AHU Supply Air Temperature (°K),91501,27450300.0,2,3,c,d,1
AHU Supply Air Temperature (°K),91506,27451800.0,3,2,d,c,1
AHU Supply Air Temperature (°K),91507,27452100.0,2,3,c,d,1
AHU Supply Air Temperature (°K),91620,27486000.0,3,2,d,c,1
AHU Supply Air Temperature (°K),92247,27674100.0,2,3,c,d,1
AHU Supply Air Temperature (°K),92248,27674400.0,3,2,d,c,1
AHU Supply Air Temperature (°K),92254,27676200.0,2,3,c,d,1
AHU Supply Air Temperature (°K),92258,27677400.0,3,1,d,b,2
AHU Supply Air Temperature (°K),92262,27678600.0,1,2,b,c,1
AHU Supply Air Temperature (°K),92263,27678900.0,2,3,c,d,1
AHU Supply Air Temperature (°K),92265,27679500.0,3,1,d,b,2
AHU Supply Air Temperature (°K),92276,27682800.0,1,2,b,c,1
AHU Supply Air Temperature (°K),92281,27684300.0,2,0,c,a,2
AHU Supply Air Temperature (°K),92291,27687300.0,0,1,a,b,1
AHU Supply Air Temperature (°K),92302,27690600.0,1,0,b,a,1
AHU Supply Air Temperature (°K),92359,27707700.0,0,1,a,b,1
AHU Supply Air Temperature (°K),92364,27709200.0,1,2,b,c,1
AHU Supply Air Temperature (°K),92369,27710700.0,2,3,c,d,1
AHU Supply Air Temperature (°K),92372,27711600.0,3,2,d,c,1
AHU Supply Air Temperature (°K),92376,27712800.0,2,3,c,d,1
AHU Supply Air Temperature (°K),92540,27762000.0,3,2,d,c,1
AHU Supply Air Temperature (°K),92542,27762600.0,2,1,c,b,1
AHU Supply Air Temperature (°K),92544,27763200.0,1,2,b,c,1
AHU Supply Air Temperature (°K),92546,27763800.0,2,3,c,d,1
AHU Supply Air Temperature (°K),92552,27765600.0,3,2,d,c,1
AHU Supply Air Temperature (°K),92554,27766200.0,2,3,c,d,1
AHU Supply Air Temperature (°K),92559,27767700.0,3,2,d,c,1
AHU Supply Air Temperature (°K),92561,27768300.0,2,3,c,d,1
AHU Supply Air Temperature (°K),92566,27769800.0,3,2,d,c,1
AHU Supply Air Temperature (°K),92567,27770100.0,2,3,c,d,1
AHU Supply Air Temperature (°K),92576,27772800.0,3,2,d,c,1
AHU Supply Air Temperature (°K),92579,27773700.0,2,3,c,d,1
AHU Supply Air Temperature (°K),92589,27776700.0,3,0,d,a,3
AHU Supply Air Temperature (°K),92594,27778200.0,0,1,a,b,1
AHU Supply Air Temperature (°K),92607,27782100.0,1,2,b,c,1
AHU Supply Air Temperature (°K),92625,27787500.0,2,3,c,d,1
AHU Supply Air Temperature (°K),92828,27848400.0,3,2,d,c,1
AHU Supply Air Temperature (°K),92832,27849600.0,2,3,c,d,1
AHU Supply Air Temperature (°K),92838,27851400.0,3,2,d,c,1
AHU Supply Air Temperature (°K),92842,27852600.0,2,3,c,d,1
AHU Supply Air Temperature (°K),92848,27854400.0,3,2,d,c,1
AHU Supply Air Temperature (°K),92852,27855600.0,2,3,c,d,1
AHU Supply Air Temperature (°K),92858,27857400.0,3,2,d,c,1
AHU Supply Air Temperature (°K),92862,27858600.0,2,3,c,d,1
AHU Supply Air Temperature (°K),92868,27860400.0,3,2,d,c,1
AHU Supply Air Temperature (°K),92872,27861600.0,2,3,c,d,1
AHU Supply Air Temperature (°K),92877,27863100.0,3,2,d,c,1
AHU Supply Air Temperature (°K),92880,27864000.0,2,3,c,d,1
AHU Supply Air Temperature (°K),92885,27865500.0,3,2,d,c,1
AHU Supply Air Temperature (°K),92889,27866700.0,2,3,c,d,1
AHU Supply Air Temperature (°K),92894,27868200.0,3,2,d,c,1
AHU Supply Air Temperature (°K),92897,27869100.0,2,3,c,d,1
AHU Supply Air Temperature (°K),92902,27870600.0,3,2,d,c,1
AHU Supply Air Temperature (°K),92905,27871500.0,2,3,c,d,1
AHU Supply Air Temperature (°K),92910,27873000.0,3,2,d,c,1
AHU Supply Air Temperature (°K),92913,27873900.0,2,3,c,d,1
AHU Supply Air Temperature (°K),92918,27875400.0,3,2,d,c,1
AHU Supply Air Temperature (°K),92921,27876300.0,2,3,c,d,1
AHU Supply Air Temperature (°K),92926,27877800.0,3,2,d,c,1
AHU Supply Air Temperature (°K),92929,27878700.0,2,3,c,d,1
AHU Supply Air Temperature (°K),92934,27880200.0,3,2,d,c,1
AHU Supply Air Temperature (°K),92937,27881100.0,2,3,c,d,1
AHU Supply Air Temperature (°K),92942,27882600.0,3,2,d,c,1
AHU Supply Air Temperature (°K),92945,27883500.0,2,3,c,d,1
AHU Supply Air Temperature (°K),92950,27885000.0,3,2,d,c,1
AHU Supply Air Temperature (°K),92954,27886200.0,2,3,c,d,1
AHU Supply Air Temperature (°K),92960,27888000.0,3,2,d,c,1
AHU Supply Air Temperature (°K),92964,27889200.0,2,3,c,d,1
AHU Supply Air Temperature (°K),93115,27934500.0,3,2,d,c,1
AHU Supply Air Temperature (°K),93119,27935700.0,2,3,c,d,1
AHU Supply Air Temperature (°K),93125,27937500.0,3,2,d,c,1
AHU Supply Air Temperature (°K),93154,27946200.0,2,3,c,d,1
AHU Supply Air Temperature (°K),93161,27948300.0,3,0,d,a,3
AHU Supply Air Temperature (°K),93166,27949800.0,0,1,a,b,1
AHU Supply Air Temperature (°K),93167,27950100.0,1,2,b,c,1
AHU Supply Air Temperature (°K),93398,28019400.0,2,3,c,d,1
AHU Supply Air Temperature (°K),93405,28021500.0,3,2,d,c,1
AHU Supply Air Temperature (°K),93410,28023000.0,2,3,c,d,1
AHU Supply Air Temperature (°K),93416,28024800.0,3,2,d,c,1
AHU Supply Air Temperature (°K),93420,28026000.0,2,3,c,d,1
AHU Supply Air Temperature (°K),93426,28027800.0,3,2,d,c,1
AHU Supply Air Temperature (°K),93430,28029000.0,2,3,c,d,1
AHU Supply Air Temperature (°K),93436,28030800.0,3,2,d,c,1
AHU Supply Air Temperature (°K),93441,28032300.0,2,3,c,d,1
AHU Supply Air Temperature (°K),93445,28033500.0,3,2,d,c,1
AHU Supply Air Temperature (°K),93478,28043400.0,2,3,c,d,1
AHU Supply Air Temperature (°K),93483,28044900.0,3,1,d,b,2
AHU Supply Air Temperature (°K),93484,28045200.0,1,0,b,a,1
AHU Supply Air Temperature (°K),93489,28046700.0,0,1,a,b,1
AHU Supply Air Temperature (°K),93494,28048200.0,1,2,b,c,1
AHU Supply Air Temperature (°K),93496,28048800.0,2,3,c,d,1
AHU Supply Air Temperature (°K),93506,28051800.0,3,1,d,b,2
AHU Supply Air Temperature (°K),93507,28052100.0,1,0,b,a,1
AHU Supply Air Temperature (°K),93512,28053600.0,0,1,a,b,1
AHU Supply Air Temperature (°K),93517,28055100.0,1,2,b,c,1
AHU Supply Air Temperature (°K),93519,28055700.0,2,3,c,d,1
AHU Supply Air Temperature (°K),93523,28056900.0,3,2,d,c,1
AHU Supply Air Temperature (°K),94086,28225800.0,2,3,c,d,1
AHU Supply Air Temperature (°K),94272,28281600.0,3,1,d,b,2
AHU Supply Air Temperature (°K),94273,28281900.0,1,0,b,a,1
AHU Supply Air Temperature (°K),94278,28283400.0,0,1,a,b,1
AHU Supply Air Temperature (°K),94284,28285200.0,1,2,b,c,1
AHU Supply Air Temperature (°K),94285,28285500.0,2,3,c,d,1
AHU Supply Air Temperature (°K),94290,28287000.0,3,1,d,b,2
AHU Supply Air Temperature (°K),94291,28287300.0,1,0,b,a,1
AHU Supply Air Temperature (°K),94297,28289100.0,0,1,a,b,1
AHU Supply Air Temperature (°K),94303,28290900.0,1,2,b,c,1
AHU Supply Air Temperature (°K),94304,28291200.0,2,3,c,d,1
AHU Supply Air Temperature (°K),94310,28293000.0,3,0,d,a,3
AHU Supply Air Temperature (°K),94327,28298100.0,0,1,a,b,1
AHU Supply Air Temperature (°K),94337,28301100.0,1,2,b,c,1
AHU Supply Air Temperature (°K),94338,28301400.0,2,3,c,d,1
AHU Supply Air Temperature (°K),94341,28302300.0,3,0,d,a,3
AHU Supply Air Temperature (°K),94374,28312200.0,0,1,a,b,1
AHU Supply Air Temperature (°K),94392,28317600.0,1,2,b,c,1
AHU Supply Air Temperature (°K),94393,28317900.0,2,1,c,b,1
AHU Supply Air Temperature (°K),94394,28318200.0,1,2,b,c,1
AHU Supply Air Temperature (°K),94397,28319100.0,2,3,c,d,1
AHU Supply Air Temperature (°K),94398,28319400.0,3,2,d,c,1
AHU Supply Air Temperature (°K),94550,28365000.0,2,3,c,d,1
AHU Supply Air Temperature (°K),94551,28365300.0,3,2,d,c,1
AHU Supply Air Temperature (°K),94571,28371300.0,2,3,c,d,1
AHU Supply Air Temperature (°K),94583,28374900.0,3,2,d,c,1
AHU Supply Air Temperature (°K),94586,28375800.0,2,3,c,d,1
AHU Supply Air Temperature (°K),94587,28376100.0,3,2,d,c,1
AHU Supply Air Temperature (°K),94605,28381500.0,2,3,c,d,1
AHU Supply Air Temperature (°K),94616,28384800.0,3,2,d,c,1
AHU Supply Air Temperature (°K),94644,28393200.0,2,3,c,d,1
AHU Supply Air Temperature (°K),94660,28398000.0,3,2,d,c,1
AHU Supply Air Temperature (°K),94663,28398900.0,2,3,c,d,1
AHU Supply Air Temperature (°K),94687,28406100.0,3,2,d,c,1
AHU Supply Air Temperature (°K),94839,28451700.0,2,1,c,b,1
AHU Supply Air Temperature (°K),94850,28455000.0,1,3,b,d,2
AHU Supply Air Temperature (°K),94863,28458900.0,3,2,d,c,1
AHU Supply Air Temperature (°K),94866,28459800.0,2,3,c,d,1
AHU Supply Air Temperature (°K),94868,28460400.0,3,2,d,c,1
AHU Supply Air Temperature (°K),94873,28461900.0,2,3,c,d,1
AHU Supply Air Temperature (°K),94893,28467900.0,3,2,d,c,1
AHU Supply Air Temperature (°K),94894,28468200.0,2,1,c,b,1
AHU Supply Air Temperature (°K),94898,28469400.0,1,2,b,c,1
AHU Supply Air Temperature (°K),94900,28470000.0,2,1,c,b,1
AHU Supply Air Temperature (°K),94917,28475100.0,1,0,b,a,1
AHU Supply Air Temperature (°K),94925,28477500.0,0,1,a,b,1
AHU Supply Air Temperature (°K),94942,28482600.0,1,2,b,c,1
AHU Supply Air Temperature (°K),94948,28484400.0,2,3,c,d,1
AHU Supply Air Temperature (°K),94952,28485600.0,3,2,d,c,1
AHU Supply Air Temperature (°K),94954,28486200.0,2,3,c,d,1
AHU Supply Air Temperature (°K),95048,28514400.0,3,2,d,c,1
AHU Supply Air Temperature (°K),95307,28592100.0,2,1,c,b,1
AHU Supply Air Temperature (°K),95414,28624200.0,1,2,b,c,1
AHU Supply Air Temperature (°K),95415,28624500.0,2,1,c,b,1
AHU Supply Air Temperature (°K),95425,28627500.0,1,2,b,c,1
AHU Supply Air Temperature (°K),95426,28627800.0,2,3,c,d,1
AHU Supply Air Temperature (°K),95438,28631400.0,3,2,d,c,1
AHU Supply Air Temperature (°K),95441,28632300.0,2,3,c,d,1
AHU Supply Air Temperature (°K),95442,28632600.0,3,2,d,c,1
AHU Supply Air Temperature (°K),95453,28635900.0,2,3,c,d,1
AHU Supply Air Temperature (°K),95488,28646400.0,3,2,d,c,1
AHU Supply Air Temperature (°K),95491,28647300.0,2,3,c,d,1
AHU Supply Air Temperature (°K),95536,28660800.0,3,2,d,c,1
AHU Supply Air Temperature (°K),96277,28883100.0,2,1,c,b,1
AHU Supply Air Temperature (°K),96280,28884000.0,1,0,b,a,1
AHU Supply Air Temperature (°K),96285,28885500.0,0,1,a,b,1
AHU Supply Air Temperature (°K),96286,28885800.0,1,2,b,c,1
AHU Supply Air Temperature (°K),96287,28886100.0,2,3,c,d,1
AHU Supply Air Temperature (°K),96310,28893000.0,3,2,d,c,1
AHU Supply Air Temperature (°K),96321,28896300.0,2,3,c,d,1
AHU Supply Air Temperature (°K),96352,28905600.0,3,2,d,c,1
AHU Supply Air Temperature (°K),96355,28906500.0,2,3,c,d,1
AHU Supply Air Temperature (°K),96391,28917300.0,3,2,d,c,1
AHU Supply Air Temperature (°K),96394,28918200.0,2,3,c,d,1
AHU Supply Air Temperature (°K),96404,28921200.0,3,2,d,c,1
AHU Supply Air Temperature (°K),96589,28976700.0,2,3,c,d,1
AHU Supply Air Temperature (°K),96601,28980300.0,3,2,d,c,1
AHU Supply Air Temperature (°K),96604,28981200.0,2,3,c,d,1
AHU Supply Air Temperature (°K),96633,28989900.0,3,2,d,c,1
AHU Supply Air Temperature (°K),96635,28990500.0,2,3,c,d,1
AHU Supply Air Temperature (°K),96650,28995000.0,3,2,d,c,1
AHU Supply Air Temperature (°K),96662,28998600.0,2,1,c,b,1
AHU Supply Air Temperature (°K),96671,29001300.0,1,2,b,c,1
AHU Supply Air Temperature (°K),96672,29001600.0,2,3,c,d,1
AHU Supply Air Temperature (°K),96688,29006400.0,3,2,d,c,1
AHU Supply Air Temperature (°K),96690,29007000.0,2,1,c,b,1
AHU Supply Air Temperature (°K),96698,29009400.0,1,2,b,c,1
AHU Supply Air Temperature (°K),96699,29009700.0,2,3,c,d,1
AHU Supply Air Temperature (°K),96852,29055600.0,3,2,d,c,1
AHU Supply Air Temperature (°K),96854,29056200.0,2,1,c,b,1
AHU Supply Air Temperature (°K),96864,29059200.0,1,2,b,c,1
AHU Supply Air Temperature (°K),96865,29059500.0,2,3,c,d,1
AHU Supply Air Temperature (°K),96882,29064600.0,3,2,d,c,1
AHU Supply Air Temperature (°K),96883,29064900.0,2,3,c,d,1
AHU Supply Air Temperature (°K),96962,29088600.0,3,2,d,c,1
AHU Supply Air Temperature (°K),97141,29142300.0,2,1,c,b,1
AHU Supply Air Temperature (°K),97143,29142900.0,1,0,b,a,1
AHU Supply Air Temperature (°K),97148,29144400.0,0,1,a,b,1
AHU Supply Air Temperature (°K),97149,29144700.0,1,2,b,c,1
AHU Supply Air Temperature (°K),97151,29145300.0,2,3,c,d,1
AHU Supply Air Temperature (°K),97196,29158800.0,3,2,d,c,1
AHU Supply Air Temperature (°K),97198,29159400.0,2,1,c,b,1
AHU Supply Air Temperature (°K),97207,29162100.0,1,2,b,c,1
AHU Supply Air Temperature (°K),97208,29162400.0,2,3,c,d,1
AHU Supply Air Temperature (°K),97221,29166300.0,3,2,d,c,1
AHU Supply Air Temperature (°K),97222,29166600.0,2,3,c,d,1
AHU Supply Air Temperature (°K),97225,29167500.0,3,2,d,c,1
AHU Supply Air Temperature (°K),97226,29167800.0,2,3,c,d,1
AHU Supply Air Temperature (°K),97228,29168400.0,3,2,d,c,1
AHU Supply Air Temperature (°K),97229,29168700.0,2,3,c,d,1
AHU Supply Air Temperature (°K),97232,29169600.0,3,2,d,c,1
AHU Supply Air Temperature (°K),97233,29169900.0,2,3,c,d,1
AHU Supply Air Temperature (°K),97247,29174100.0,3,2,d,c,1
AHU Supply Air Temperature (°K),97248,29174400.0,2,3,c,d,1
AHU Supply Air Temperature (°K),97252,29175600.0,3,2,d,c,1
AHU Supply Air Temperature (°K),97253,29175900.0,2,3,c,d,1
AHU Supply Air Temperature (°K),97264,29179200.0,3,2,d,c,1
AHU Supply Air Temperature (°K),97279,29183700.0,2,3,c,d,1
AHU Supply Air Temperature (°K),97429,29228700.0,3,2,d,c,1
AHU Supply Air Temperature (°K),97430,29229000.0,2,1,c,b,1
AHU Supply Air Temperature (°K),97431,29229300.0,1,0,b,a,1
AHU Supply Air Temperature (°K),97437,29231100.0,0,1,a,b,1
AHU Supply Air Temperature (°K),97438,29231400.0,1,2,b,c,1
AHU Supply Air Temperature (°K),97440,29232000.0,2,3,c,d,1
AHU Supply Air Temperature (°K),97471,29241300.0,3,2,d,c,1
AHU Supply Air Temperature (°K),97486,29245800.0,2,3,c,d,1
AHU Supply Air Temperature (°K),97510,29253000.0,3,2,d,c,1
AHU Supply Air Temperature (°K),97511,29253300.0,2,1,c,b,1
AHU Supply Air Temperature (°K),97515,29254500.0,1,2,b,c,1
AHU Supply Air Temperature (°K),97516,29254800.0,2,3,c,d,1
AHU Supply Air Temperature (°K),97517,29255100.0,3,2,d,c,1
AHU Supply Air Temperature (°K),97518,29255400.0,2,1,c,b,1
AHU Supply Air Temperature (°K),97522,29256600.0,1,2,b,c,1
AHU Supply Air Temperature (°K),97525,29257500.0,2,1,c,b,1
AHU Supply Air Temperature (°K),97527,29258100.0,1,2,b,c,1
AHU Supply Air Temperature (°K),97528,29258400.0,2,3,c,d,1
AHU Supply Air Temperature (°K),97531,29259300.0,3,2,d,c,1
AHU Supply Air Temperature (°K),97532,29259600.0,2,1,c,b,1
AHU Supply Air Temperature (°K),97533,29259900.0,1,2,b,c,1
AHU Supply Air Temperature (°K),97535,29260500.0,2,3,c,d,1
AHU Supply Air Temperature (°K),97538,29261400.0,3,2,d,c,1
AHU Supply Air Temperature (°K),97540,29262000.0,2,3,c,d,1
AHU Supply Air Temperature (°K),97549,29264700.0,3,2,d,c,1
AHU Supply Air Temperature (°K),98077,29423100.0,2,1,c,b,1
AHU Supply Air Temperature (°K),98303,29490900.0,1,2,b,c,1
AHU Supply Air Temperature (°K),98304,29491200.0,2,3,c,d,1
AHU Supply Air Temperature (°K),98323,29496900.0,3,2,d,c,1
AHU Supply Air Temperature (°K),98337,29501100.0,2,3,c,d,1
AHU Supply Air Temperature (°K),98376,29512800.0,3,2,d,c,1
AHU Supply Air Temperature (°K),98409,29522700.0,2,1,c,b,1
AHU Supply Air Temperature (°K),98413,29523900.0,1,2,b,c,1
AHU Supply Air Temperature (°K),98414,29524200.0,2,3,c,d,1
AHU Supply Air Temperature (°K),98422,29526600.0,3,2,d,c,1
AHU Supply Air Temperature (°K),98600,29580000.0,2,3,c,d,1
AHU Supply Air Temperature (°K),98612,29583600.0,3,2,d,c,1
AHU Supply Air Temperature (°K),98615,29584500.0,2,3,c,d,1
AHU Supply Air Temperature (°K),98617,29585100.0,3,2,d,c,1
AHU Supply Air Temperature (°K),98634,29590200.0,2,3,c,d,1
AHU Supply Air Temperature (°K),98675,29602500.0,3,2,d,c,1
AHU Supply Air Temperature (°K),98698,29609400.0,2,1,c,b,1
AHU Supply Air Temperature (°K),98701,29610300.0,1,2,b,c,1
AHU Supply Air Temperature (°K),98703,29610900.0,2,3,c,d,1
AHU Supply Air Temperature (°K),98710,29613000.0,3,2,d,c,1
AHU Supply Air Temperature (°K),98714,29614200.0,2,3,c,d,1
AHU Supply Air Temperature (°K),98813,29643900.0,3,2,d,c,1
AHU Supply Air Temperature (°K),98899,29669700.0,2,3,c,d,1
AHU Supply Air Temperature (°K),98911,29673300.0,3,2,d,c,1
AHU Supply Air Temperature (°K),98966,29689800.0,2,3,c,d,1
AHU Supply Air Temperature (°K),98977,29693100.0,3,2,d,c,1
AHU Supply Air Temperature (°K),99005,29701500.0,2,3,c,d,1
AHU Supply Air Temperature (°K),99159,29747700.0,3,2,d,c,1
AHU Supply Air Temperature (°K),99197,29759100.0,2,3,c,d,1
AHU Supply Air Temperature (°K),99265,29779500.0,3,2,d,c,1
AHU Supply Air Temperature (°K),99285,29785500.0,2,3,c,d,1
AHU Supply Air Temperature (°K),99411,29823300.0,3,2,d,c,1
AHU Supply Air Temperature (°K),99446,29833800.0,2,1,c,b,1
AHU Supply Air Temperature (°K),99447,29834100.0,1,0,b,a,1
AHU Supply Air Temperature (°K),99453,29835900.0,0,1,a,b,1
AHU Supply Air Temperature (°K),99454,29836200.0,1,2,b,c,1
AHU Supply Air Temperature (°K),99457,29837100.0,2,3,c,d,1
AHU Supply Air Temperature (°K),99556,29866800.0,3,2,d,c,1
AHU Supply Air Temperature (°K),99692,29907600.0,2,1,c,b,1
AHU Supply Air Temperature (°K),100107,30032100.0,1,0,b,a,1
AHU Supply Air Temperature (°K),100315,30094500.0,0,1,a,b,1
AHU Supply Air Temperature (°K),100316,30094800.0,1,2,b,c,1
AHU Supply Air Temperature (°K),100318,30095400.0,2,3,c,d,1
AHU Supply Air Temperature (°K),100518,30155400.0,3,2,d,c,1
AHU Supply Air Temperature (°K),100598,30179400.0,2,3,c,d,1
AHU Supply Air Temperature (°K),100606,30181800.0,3,2,d,c,1
AHU Supply Air Temperature (°K),100608,30182400.0,2,3,c,d,1
AHU Supply Air Temperature (°K),100615,30184500.0,3,0,d,a,3
AHU Supply Air Temperature (°K),100625,30187500.0,0,1,a,b,1
AHU Supply Air Temperature (°K),100632,30189600.0,1,0,b,a,1
AHU Supply Air Temperature (°K),100700,30210000.0,0,1,a,b,1
AHU Supply Air Temperature (°K),100708,30212400.0,1,2,b,c,1
AHU Supply Air Temperature (°K),100710,30213000.0,2,3,c,d,1
AHU Supply Air Temperature (°K),100715,30214500.0,3,2,d,c,1
AHU Supply Air Temperature (°K),100728,30218400.0,2,1,c,b,1
AHU Supply Air Temperature (°K),100733,30219900.0,1,2,b,c,1
AHU Supply Air Temperature (°K),100885,30265500.0,2,1,c,b,1
AHU Supply Air Temperature (°K),100887,30266100.0,1,0,b,a,1
AHU Supply Air Temperature (°K),100892,30267600.0,0,1,a,b,1
AHU Supply Air Temperature (°K),100894,30268200.0,1,2,b,c,1
AHU Supply Air Temperature (°K),100897,30269100.0,2,3,c,d,1
AHU Supply Air Temperature (°K),100901,30270300.0,3,2,d,c,1
AHU Supply Air Temperature (°K),100910,30273000.0,2,3,c,d,1
AHU Supply Air Temperature (°K),100932,30279600.0,3,2,d,c,1
AHU Supply Air Temperature (°K),100937,30281100.0,2,3,c,d,1
AHU Supply Air Temperature (°K),100996,30298800.0,3,2,d,c,1
AHU Supply Air Temperature (°K),101173,30351900.0,2,1,c,b,1
AHU Supply Air Temperature (°K),101174,30352200.0,1,0,b,a,1
AHU Supply Air Temperature (°K),101180,30354000.0,0,1,a,b,1
AHU Supply Air Temperature (°K),101182,30354600.0,1,2,b,c,1
AHU Supply Air Temperature (°K),101185,30355500.0,2,3,c,d,1
AHU Supply Air Temperature (°K),101252,30375600.0,3,2,d,c,1
AHU Supply Air Temperature (°K),101254,30376200.0,2,1,c,b,1
AHU Supply Air Temperature (°K),101262,30378600.0,1,2,b,c,1
AHU Supply Air Temperature (°K),101263,30378900.0,2,3,c,d,1
AHU Supply Air Temperature (°K),101279,30383700.0,3,2,d,c,1
AHU Supply Air Temperature (°K),101281,30384300.0,2,3,c,d,1
AHU Supply Air Temperature (°K),101287,30386100.0,3,2,d,c,1
AHU Supply Air Temperature (°K),101299,30389700.0,2,3,c,d,1
AHU Supply Air Temperature (°K),101372,30411600.0,3,2,d,c,1
AHU Supply Air Temperature (°K),101461,30438300.0,2,1,c,b,1
AHU Supply Air Temperature (°K),101463,30438900.0,1,0,b,a,1
AHU Supply Air Temperature (°K),101468,30440400.0,0,1,a,b,1
AHU Supply Air Temperature (°K),101469,30440700.0,1,2,b,c,1
AHU Supply Air Temperature (°K),101472,30441600.0,2,3,c,d,1
AHU Supply Air Temperature (°K),101478,30443400.0,3,2,d,c,1
AHU Supply Air Temperature (°K),101480,30444000.0,2,3,c,d,1
AHU Supply Air Temperature (°K),101511,30453300.0,3,2,d,c,1
AHU Supply Air Temperature (°K),101526,30457800.0,2,3,c,d,1
AHU Supply Air Temperature (°K),101548,30464400.0,3,2,d,c,1
AHU Supply Air Temperature (°K),101562,30468600.0,2,3,c,d,1
AHU Supply Air Temperature (°K),101570,30471000.0,3,2,d,c,1
AHU Supply Air Temperature (°K),101594,30478200.0,2,3,c,d,1
AHU Supply Air Temperature (°K),101674,30502200.0,3,2,d,c,1
AHU Supply Air Temperature (°K),101817,30545100.0,2,1,c,b,1
AHU Supply Air Temperature (°K),102125,30637500.0,1,0,b,a,1
AHU Supply Air Temperature (°K),102331,30699300.0,0,1,a,b,1
AHU Supply Air Temperature (°K),102332,30699600.0,1,2,b,c,1
AHU Supply Air Temperature (°K),102334,30700200.0,2,1,c,b,1
AHU Supply Air Temperature (°K),102344,30703200.0,1,2,b,c,1
AHU Supply Air Temperature (°K),102357,30707100.0,2,3,c,d,1
AHU Supply Air Temperature (°K),102438,30731400.0,3,2,d,c,1
AHU Supply Air Temperature (°K),102606,30781800.0,2,1,c,b,1
AHU Supply Air Temperature (°K),102615,30784500.0,1,0,b,a,1
AHU Supply Air Temperature (°K),102620,30786000.0,0,1,a,b,1
AHU Supply Air Temperature (°K),102621,30786300.0,1,2,b,c,1
AHU Supply Air Temperature (°K),102625,30787500.0,2,3,c,d,1
AHU Supply Air Temperature (°K),102629,30788700.0,3,2,d,c,1
AHU Supply Air Temperature (°K),102631,30789300.0,2,3,c,d,1
AHU Supply Air Temperature (°K),102691,30807300.0,3,2,d,c,1
AHU Supply Air Temperature (°K),102693,30807900.0,2,3,c,d,1
AHU Supply Air Temperature (°K),102697,30809100.0,3,2,d,c,1
AHU Supply Air Temperature (°K),102715,30814500.0,2,3,c,d,1
AHU Supply Air Temperature (°K),102726,30817800.0,3,2,d,c,1
AHU Supply Air Temperature (°K),102729,30818700.0,2,3,c,d,1
AHU Supply Air Temperature (°K),102730,30819000.0,3,2,d,c,1
AHU Supply Air Temperature (°K),102733,30819900.0,2,1,c,b,1
AHU Supply Air Temperature (°K),102742,30822600.0,1,2,b,c,1
AHU Supply Air Temperature (°K),102743,30822900.0,2,3,c,d,1
AHU Supply Air Temperature (°K),102901,30870300.0,3,2,d,c,1
AHU Supply Air Temperature (°K),102902,30870600.0,2,1,c,b,1
AHU Supply Air Temperature (°K),102912,30873600.0,1,2,b,c,1
AHU Supply Air Temperature (°K),102913,30873900.0,2,3,c,d,1
AHU Supply Air Temperature (°K),102967,30890100.0,3,2,d,c,1
AHU Supply Air Temperature (°K),102990,30897000.0,2,3,c,d,1
AHU Supply Air Temperature (°K),103001,30900300.0,3,2,d,c,1
AHU Supply Air Temperature (°K),103013,30903900.0,2,1,c,b,1
AHU Supply Air Temperature (°K),103019,30905700.0,1,2,b,c,1
AHU Supply Air Temperature (°K),103020,30906000.0,2,3,c,d,1
AHU Supply Air Temperature (°K),103032,30909600.0,3,2,d,c,1
AHU Supply Air Temperature (°K),103189,30956700.0,2,1,c,b,1
AHU Supply Air Temperature (°K),103191,30957300.0,1,0,b,a,1
AHU Supply Air Temperature (°K),103196,30958800.0,0,1,a,b,1
AHU Supply Air Temperature (°K),103197,30959100.0,1,2,b,c,1
AHU Supply Air Temperature (°K),103200,30960000.0,2,3,c,d,1
AHU Supply Air Temperature (°K),103279,30983700.0,3,2,d,c,1
AHU Supply Air Temperature (°K),103286,30985800.0,2,1,c,b,1
AHU Supply Air Temperature (°K),103293,30987900.0,1,2,b,c,1
AHU Supply Air Temperature (°K),103294,30988200.0,2,3,c,d,1
AHU Supply Air Temperature (°K),103307,30992100.0,3,2,d,c,1
AHU Supply Air Temperature (°K),103314,30994200.0,2,3,c,d,1
AHU Supply Air Temperature (°K),103327,30998100.0,3,2,d,c,1
AHU Supply Air Temperature (°K),103333,30999900.0,2,3,c,d,1
AHU Supply Air Temperature (°K),103353,31005900.0,3,2,d,c,1
AHU Supply Air Temperature (°K),103548,31064400.0,2,1,c,b,1
AHU Supply Air Temperature (°K),103980,31194000.0,1,0,b,a,1
AHU Supply Air Temperature (°K),104347,31304100.0,0,1,a,b,1
AHU Supply Air Temperature (°K),104363,31308900.0,1,2,b,c,1
AHU Supply Air Temperature (°K),104368,31310400.0,2,3,c,d,1
AHU Supply Air Temperature (°K),104483,31344900.0,3,2,d,c,1
AHU Supply Air Temperature (°K),104485,31345500.0,2,3,c,d,1
AHU Supply Air Temperature (°K),104497,31349100.0,3,2,d,c,1
AHU Supply Air Temperature (°K),104629,31388700.0,2,1,c,b,1
AHU Supply Air Temperature (°K),104630,31389000.0,1,0,b,a,1
AHU Supply Air Temperature (°K),104636,31390800.0,0,1,a,b,1
AHU Supply Air Temperature (°K),104655,31396500.0,1,2,b,c,1
AHU Supply Air Temperature (°K),104663,31398900.0,2,3,c,d,1
AHU Supply Air Temperature (°K),104738,31421400.0,3,2,d,c,1
AHU Supply Air Temperature (°K),104739,31421700.0,2,3,c,d,1
AHU Supply Air Temperature (°K),104759,31427700.0,3,2,d,c,1
AHU Supply Air Temperature (°K),104917,31475100.0,2,1,c,b,1
AHU Supply Air Temperature (°K),104918,31475400.0,1,0,b,a,1
AHU Supply Air Temperature (°K),104924,31477200.0,0,1,a,b,1
AHU Supply Air Temperature (°K),104938,31481400.0,1,2,b,c,1
AHU Supply Air Temperature (°K),104947,31484100.0,2,3,c,d,1
AHU Supply Air Temperature (°K),105042,31512600.0,3,2,d,c,1
AHU Supply Air Temperature (°K),105053,31515900.0,2,3,c,d,1
