time (s),East Zone Room Temperature (°K),East Zone Room Cooling Setpoint (°K),East Zone Room Heating Setpoint (°K),East Zone Reheating Coil Valve Power Control Signal (W),East Zone Reheating Coil Valve Power Consumption (W),East Zone VAV Discharge Air Temperature (°K),"East Zone VAV Damper Position (fraction, 0: fully closed to 1: fully open)","East Zone VAV Damper Control Signal (fraction, 0: damper should be fully closed to 1: damper should be fully open)",East Zone VAV Discharge Air Flow Rate (m3/s),South Zone Room Temperature (°K),South Zone Room Cooling Setpoint (°K),South Zone Room Heating Setpoint (°K),South Zone Reheating Coil Valve Power Control Signal (W),South Zone Reheating Coil Valve Power Consumption (W),South Zone VAV Discharge Air Temperature (°K),"South Zone VAV Damper Position (fraction, 0: fully closed to 1: fully open)","South Zone VAV Damper Control Signal (fraction, 0: damper should be fully closed to 1: damper should be fully open)",South Zone VAV Discharge Air Flow Rate (m3/s),West Zone Room Temperature (°K),West Zone Room Cooling Setpoint (°K),West Zone Room Heating Setpoint (°K),West Zone Reheating Coil Valve Power Control Signal (W),West Zone Reheating Coil Valve Power Consumption (W),West Zone VAV Discharge Air Temperature (°K),"West Zone VAV Damper Position (fraction, 0: fully closed to 1: fully open)","West Zone VAV Damper Control Signal (fraction, 0: damper should be fully closed to 1: damper should be fully open)",West Zone VAV Discharge Air Flow Rate (m3/s),North Zone Room Temperature (°K),North Zone Room Cooling Setpoint (°K),North Zone Room Heating Setpoint (°K),North Zone Reheating Coil Valve Power Control Signal (W),North Zone Reheating Coil Valve Power Consumption (W),North Zone VAV Discharge Air Temperature (°K),"North Zone VAV Damper Position (fraction, 0: fully closed to 1: fully open)","North Zone VAV Damper Control Signal (fraction, 0: damper should be fully closed to 1: damper should be fully open)",North Zone VAV Discharge Air Flow Rate (m3/s),Core Zone Room Temperature (°K),Core Zone Room Cooling Setpoint (°K),Core Zone Room Heating Setpoint (°K),Core Zone Reheating Coil Valve Power Control Signal (W),Core Zone Reheating Coil Valve Power Consumption (W),Core Zone VAV Discharge Air Temperature (°K),"Core Zone VAV Damper Position (fraction, 0: fully closed to 1: fully open)","Core Zone VAV Damper Control Signal (fraction, 0: damper should be fully closed to 1: damper should be fully open)",Core Zone VAV Discharge Air Flow Rate (m3/s),AHU Supply Air Temperature (°K),AHU Supply Air Temperature Setpoint (°K),AHU Outdoor Air Dry Bulb Temperature (°K),AHU Outdoor Air Wet Bulb Temperature (°K),AHU Mixed Air Temperature (°K),AHU Return Air Temperature (°K),Cooling Coil Discharge Air Temperature (°K),"AHU Supply Air Fan Status (0: off, 1: on)","AHU Supply Air Fan Speed Control Signal (fraction, 0: fan speed should be 0% to 1:fan speed should be 100%)","Control Signal for AHU Outdoor Air Damper from BAS (fraction, 0: damper should be fully closed to 1: damper should be fully open)","True Value for AHU Outdoor Air Damper Stuck Position (fraction, 0: fully closed to 1: fully open)","Control Signal for AHU Return Air Damper (fraction, 0: damper should be fully closed to 1: damper should be fully open)","Control Signal for AHU Exhaust Air Damper (fraction, 0: damper should be fully closed to 1: damper should be fully open)",Supply Air Mass Flow Rate (kg/s),Outdoor Air Mass Flow Rate (kg/s),Return Air Mass Flow Rate in the Mixing Box (kg/s),Exhaust Air Mass Flow Rate in the Mixing Box (kg/s),"Control Signal for AHU Cooling Coil Valve from BAS (fraction, 0: valve should be fully closed to 1: valve should be fully open)","True Value for AHU Cooling Coil Valve Stuck Position (fraction, 0: fully closed to 1: fully open)","Control Signal for AHU Heating Coil Valve (fraction, 0: valve should be fully closed to 1: valve should be fully open)",Measured AHU Supply Air Duct Static Pressure (Pa),AHU Supply Air Duct Static Pressure Setpoint (Pa),Cooling Coil Heat Transfer Rate (W),Heating Coil Heat Transfer Rate (W),Power Consumption of the Supply Air Fan (W),"Indicator if the System Operates in Occupied Mode (0: unoccupied mode, 1: occupied mode)",Temperature of the Water Leaving the Chilled Water Loop (°K),Temperature of the Water Entering the Chilled Water Loop (°K),Temperature of the Water Leaving the Condenser Water Loop (°K),Temperature of the Water Entering the Condenser Water Loop (°K),Temperature of the Water Leaving the Hot Water Loop (°K),Temperature of the Water Entering the Hot Water Loop (°K),Setpoint of Temperature of the Water Leaving the Chilled Water Loop (°K),Measured Differential Pressure of the Chilled Water Loop (Pa),Differential Pressure Setpoint of the Chilled Water Loop (Pa),Setpoint of Temperature of the Hot Water Leaving the Boiler (°K),Measured Differential Pressure Setpoint of the Hot Water Loop (Pa),Differential Pressure Setpoint of the Hot Water Loop (Pa),"Chiller On/Off Signal (0: off, 1: on)","WSE On/Off Signal (0: off, 1: on)","Boiler Control Signal (0: off, 1: on)","Chiller Bypass Valve Control Signal (0: free cooling mode is deactivated, 1: free cooling is activated)","WSE Bypass Valve Control Signal (0: fully mechanic cooling is activated, 1: fully mechanic cooling is activated)","Cooling Tower Fan Speed Control Signal (fraction, 0: fan speed should be 0% to 1:fan speed should be 100%)","Condenser Water Loop Shutoff Valve Control Signal (fraction, 0: valve should be fully closed to 1: valve should be fully open)","Hot Water Loop Boiler Shutoff Valve Control Signal (fraction, 0: valve should be fully closed to 1: valve should be fully open)","Hot Water Loop Bypass Valve Control Signal (fraction, 0: valve should be fully closed to 1: valve should be fully open)",Chilled Water Flow Rate of the Chilled Water Loop into the Cooling Coil (kg/s),Chilled Water Flow Rate of the Chiller (kg/s),Chilled Water Flow Rate of the WSE (kg/s),Flow Rate of the Condenser Water Loop (kg/s),Cooling Water Flow Rate of the Chiller (kg/s),Cooling Water Flow Rate of the WSE (kg/s),Flow Rate of the Hot Water Loop into the Heating Coil (kg/s),Flow Rate of the Hot Water Loop into the Boiler (kg/s),Flow Rate of the Hot Water Loop in the Bypass (kg/s),Power Consumption of the Chiller (W),Gas Consumption (Mass Flow Rate) of the Boiler (kg/s),Power Consumption of the Chilled Water Pump (W),Power Consumption of the Cooling Water Pump (W),Power Consumption of the Hot Water Pump (W),Power Consumption of the Cooling Tower Fan (W),"Speed Control Signal of the Chilled Water Pump (fraction, 0: pump speed should be 0% to 1: pump speed should be 100%)","Speed Control Signal of the Cooling Water Pump (fraction, 0: pump speed should be 0% to 1: pump speed should be 100%)","Speed Control Signal of the Hot Water Pump (fraction, 0: pump speed should be 0% to 1: pump speed should be 100%)","Cooling Mode Control Signal (1: free cooling , 2: partial mechanical, 3: full mechanical, 4: off)","Chiller Plant Equipment Operation Signal (0: off, 1: on)","Boiler Plant Equipment Operation Signal (0: off, 1: on)"
0.0,299.15,305.37,288.71,0.0,-123456,299.04,0.0,0.0,0.0,299.15,305.37,288.71,0.0,-123456,299.15,0.0,0.0,0.0,299.59,305.37,288.71,0.0,-123456,299.48,0.0,0.0,0.0,298.93,305.37,288.71,0.0,-123456,298.98,0.0,0.0,0.0,298.98,305.37,288.71,0.0,-123456,298.98,0.0,0.0,0.01,299.09,291.15,291.43,290.23,302.93,295.04,299.09,0,0.0,0.0,-123456,0.9,0.0,0.01,0.0,0.01,-0.0,0.0,-123456,0.0,0.0,0.0,-123456,-123456,5,0,283.15,291.93,297.48,297.54,-123456,-123456,283.15,0.0,34473.8,-123456,-123456,-123456,0,0,-123456,0,0,0.0,0,-123456,-123456,0.0,-123456,-123456,-123456,-123456,-123456,-123456,-123456,-123456,6,-123456,5,25,-123456,8,0.0,0.0,-123456,4,0,-123456
300.0,296.82,305.37,288.71,0.0,-123456,297.09,0.0,0.0,0.0,296.76,305.37,288.71,0.0,-123456,298.37,0.0,0.0,0.0,296.82,305.37,288.71,0.0,-123456,300.98,0.0,0.0,0.0,296.87,305.37,288.71,0.0,-123456,298.09,0.0,0.0,0.0,297.21,305.37,288.71,0.0,-123456,297.32,0.0,0.0,0.01,297.76,291.15,294.37,290.3,294.59,294.43,297.76,0,0.0,0.0,-123456,0.9,0.0,0.02,0.0,0.01,-0.01,0.0,-123456,0.0,0.0,0.0,-123456,-123456,5,0,283.15,293.15,293.15,293.15,-123456,-123456,283.15,0.0,34473.8,-123456,-123456,-123456,0,0,-123456,0,0,0.0,0,-123456,-123456,0.0,-123456,-123456,-123456,-123456,-123456,-123456,-123456,-123456,6,-123456,5,25,-123456,8,0.0,0.0,-123456,4,0,-123456
600.0,296.82,305.37,288.71,0.0,-123456,296.82,0.0,0.0,0.0,296.76,305.37,288.71,0.0,-123456,297.26,0.0,0.0,0.0,296.82,305.37,288.71,0.0,-123456,298.21,0.0,0.0,0.0,296.82,305.37,288.71,0.0,-123456,297.21,0.0,0.0,0.0,297.15,305.37,288.71,0.0,-123456,297.09,0.0,0.0,0.01,297.09,291.15,294.32,290.53,294.54,294.37,297.09,0,0.0,0.0,-123456,0.9,0.0,0.01,0.0,0.01,-0.01,0.0,-123456,0.0,0.0,0.0,-123456,-123456,5,0,283.15,293.15,293.15,293.15,-123456,-123456,283.15,0.0,34473.8,-123456,-123456,-123456,0,0,-123456,0,0,0.0,0,-123456,-123456,0.0,-123456,-123456,-123456,-123456,-123456,-123456,-123456,-123456,5,-123456,5,26,-123456,8,0.0,0.0,-123456,4,0,-123456
900.0,296.87,305.37,288.71,0.0,-123456,296.76,0.0,0.0,0.0,296.76,305.37,288.71,0.0,-123456,296.87,0.0,0.0,0.0,296.82,305.37,288.71,0.0,-123456,297.26,0.0,0.0,0.0,296.87,305.37,288.71,0.0,-123456,296.87,0.0,0.0,0.0,297.15,305.37,288.71,0.0,-123456,296.93,0.0,0.0,0.01,296.87,291.15,294.21,290.69,294.54,294.32,296.87,0,0.0,0.0,-123456,0.9,0.0,0.01,0.0,0.01,-0.01,0.0,-123456,0.0,0.0,0.0,-123456,-123456,5,0,283.15,293.15,293.15,293.15,-123456,-123456,283.15,0.0,34473.8,-123456,-123456,-123456,0,0,-123456,0,0,0.0,0,-123456,-123456,0.0,-123456,-123456,-123456,-123456,-123456,-123456,-123456,-123456,5,-123456,5,26,-123456,8,0.0,0.0,-123456,4,0,-123456
1200.0,296.93,305.37,288.71,0.0,-123456,296.71,0.0,0.0,0.0,296.82,305.37,288.71,0.0,-123456,296.76,0.0,0.0,0.0,296.93,305.37,288.71,0.0,-123456,296.93,0.0,0.0,0.0,296.98,305.37,288.71,0.0,-123456,296.82,0.0,0.0,0.0,297.15,305.37,288.71,0.0,-123456,296.93,0.0,0.0,0.01,296.87,291.15,294.15,290.83,294.54,294.32,296.87,0,0.0,0.0,-123456,0.9,0.0,0.01,0.0,0.0,-0.01,0.0,-123456,0.0,0.0,0.0,-123456,-123456,5,0,283.15,293.15,293.15,293.15,-123456,-123456,283.15,0.0,34473.8,-123456,-123456,-123456,0,0,-123456,0,0,0.0,0,-123456,-123456,0.0,-123456,-123456,-123456,-123456,-123456,-123456,-123456,-123456,5,-123456,5,26,-123456,8,0.0,0.0,-123456,4,0,-123456
1500.0,296.98,305.37,288.71,0.0,-123456,296.71,0.0,0.0,0.0,296.82,305.37,288.71,0.0,-123456,296.76,0.0,0.0,0.0,296.98,305.37,288.71,0.0,-123456,296.87,0.0,0.0,0.0,296.98,305.37,288.71,0.0,-123456,296.82,0.0,0.0,0.0,297.15,305.37,288.71,0.0,-123456,296.93,0.0,0.0,0.01,296.87,291.15,294.09,290.98,294.65,294.32,296.87,0,0.0,0.0,-123456,0.9,0.0,0.01,0.0,0.01,0.0,0.0,-123456,0.0,0.0,0.0,-123456,-123456,5,0,283.15,293.15,293.15,293.15,-123456,-123456,283.15,0.0,34473.8,-123456,-123456,-123456,0,0,-123456,0,0,0.0,0,-123456,-123456,0.0,-123456,-123456,-123456,-123456,-123456,-123456,-123456,-123456,5,-123456,5,26,-123456,8,0.0,0.0,-123456,4,0,-123456
1800.0,296.98,305.37,288.71,0.0,-123456,296.76,0.0,0.0,0.0,296.87,305.37,288.71,0.0,-123456,296.76,0.0,0.0,0.0,296.98,305.37,288.71,0.0,-123456,296.87,0.0,0.0,0.0,297.04,305.37,288.71,0.0,-123456,296.82,0.0,0.0,0.0,297.15,305.37,288.71,0.0,-123456,296.93,0.0,0.0,0.01,296.93,291.15,293.98,291.08,294.76,294.32,296.93,0,0.0,0.0,-123456,0.9,0.0,0.01,0.0,0.01,-0.0,0.0,-123456,0.0,0.0,0.0,-123456,-123456,5,0,283.15,293.15,293.15,293.15,-123456,-123456,283.15,0.0,34473.8,-123456,-123456,-123456,0,0,-123456,0,0,0.0,0,-123456,-123456,0.0,-123456,-123456,-123456,-123456,-123456,-123456,-123456,-123456,5,-123456,5,26,-123456,8,0.0,0.0,-123456,4,0,-123456
2100.0,296.98,305.37,288.71,0.0,-123456,296.76,0.0,0.0,0.0,296.87,305.37,288.71,0.0,-123456,296.76,0.0,0.0,0.0,297.04,305.37,288.71,0.0,-123456,296.93,0.0,0.0,0.0,297.04,305.37,288.71,0.0,-123456,296.87,0.0,0.0,0.0,297.15,305.37,288.71,0.0,-123456,296.93,0.0,0.0,0.01,296.93,291.15,293.93,291.23,294.82,294.32,296.93,0,0.0,0.0,-123456,0.9,0.0,0.01,0.0,0.01,-0.0,0.0,-123456,0.0,0.0,0.0,-123456,-123456,5,0,283.15,293.15,293.15,293.15,-123456,-123456,283.15,0.0,34473.8,-123456,-123456,-123456,0,0,-123456,0,0,0.0,0,-123456,-123456,0.0,-123456,-123456,-123456,-123456,-123456,-123456,-123456,-123456,6,-123456,5,25,-123456,8,0.0,0.0,-123456,4,0,-123456
2400.0,296.98,305.37,288.71,0.0,-123456,296.76,0.0,0.0,0.0,296.93,305.37,288.71,0.0,-123456,296.76,0.0,0.0,0.0,297.04,305.37,288.71,0.0,-123456,296.93,0.0,0.0,0.0,297.09,305.37,288.71,0.0,-123456,296.87,0.0,0.0,0.0,297.15,305.37,288.71,0.0,-123456,296.93,0.0,0.0,0.01,296.93,291.15,293.87,291.38,294.93,294.32,296.93,0,0.0,0.0,-123456,0.9,0.0,0.01,0.0,0.01,-0.0,0.0,-123456,0.0,0.0,0.0,-123456,-123456,5,0,283.15,293.15,293.15,293.15,-123456,-123456,283.15,0.0,34473.8,-123456,-123456,-123456,0,0,-123456,0,0,0.0,0,-123456,-123456,0.0,-123456,-123456,-123456,-123456,-123456,-123456,-123456,-123456,7,-123456,5,24,-123456,8,0.0,0.0,-123456,4,0,-123456
2700.0,296.98,305.37,288.71,0.0,-123456,296.76,0.0,0.0,0.0,296.93,305.37,288.71,0.0,-123456,296.82,0.0,0.0,0.0,297.04,305.37,288.71,0.0,-123456,296.93,0.0,0.0,0.0,297.09,305.37,288.71,0.0,-123456,296.87,0.0,0.0,0.0,297.21,305.37,288.71,0.0,-123456,296.93,0.0,0.0,0.01,296.93,291.15,293.76,291.55,295.09,294.32,296.93,0,0.0,0.0,-123456,0.9,0.0,0.02,0.0,0.01,-0.0,0.0,-123456,0.0,0.0,0.0,-123456,-123456,5,0,283.15,293.15,293.15,293.15,-123456,-123456,283.15,0.0,34473.8,-123456,-123456,-123456,0,0,-123456,0,0,0.0,0,-123456,-123456,0.0,-123456,-123456,-123456,-123456,-123456,-123456,-123456,-123456,5,-123456,5,26,-123456,8,0.0,0.0,-123456,4,0,-123456
3000.0,296.98,305.37,288.71,0.0,-123456,296.76,0.0,0.0,0.0,296.98,305.37,288.71,0.0,-123456,296.82,0.0,0.0,0.0,297.09,305.37,288.71,0.0,-123456,296.93,0.0,0.0,0.0,297.09,305.37,288.71,0.0,-123456,296.87,0.0,0.0,0.0,297.21,305.37,288.71,0.0,-123456,296.98,0.0,0.0,0.01,296.93,291.15,293.71,291.69,295.21,294.32,296.93,0,0.0,0.0,-123456,0.9,0.0,0.01,0.0,0.01,-0.0,0.0,-123456,0.0,0.0,0.0,-123456,-123456,5,0,283.15,293.15,293.15,293.15,-123456,-123456,283.15,0.0,34473.8,-123456,-123456,-123456,0,0,-123456,0,0,0.0,0,-123456,-123456,0.0,-123456,-123456,-123456,-123456,-123456,-123456,-123456,-123456,7,-123456,5,24,-123456,8,0.0,0.0,-123456,4,0,-123456
3300.0,296.98,305.37,288.71,0.0,-123456,296.76,0.0,0.0,0.0,296.98,305.37,288.71,0.0,-123456,296.87,0.0,0.0,0.0,297.09,305.37,288.71,0.0,-123456,296.98,0.0,0.0,0.0,297.09,305.37,288.71,0.0,-123456,296.87,0.0,0.0,0.0,297.21,305.37,288.71,0.0,-123456,296.98,0.0,0.0,0.01,296.98,291.15,293.65,291.83,295.26,294.32,296.93,0,0.0,0.0,-123456,0.9,0.0,0.01,0.0,0.01,-0.0,0.0,-123456,0.0,0.0,0.0,-123456,-123456,5,0,283.15,293.15,293.15,293.15,-123456,-123456,283.15,0.0,34473.8,-123456,-123456,-123456,0,0,-123456,0,0,0.0,0,-123456,-123456,0.0,-123456,-123456,-123456,-123456,-123456,-123456,-123456,-123456,5,-123456,5,26,-123456,8,0.0,0.0,-123456,4,0,-123456
3600.0,297.04,305.37,288.71,0.0,-123456,296.82,0.0,0.0,0.0,296.98,305.37,288.71,0.0,-123456,296.87,0.0,0.0,0.0,297.09,305.37,288.71,0.0,-123456,296.98,0.0,0.0,0.0,297.04,305.37,288.71,0.0,-123456,296.87,0.0,0.0,0.0,297.21,305.37,288.71,0.0,-123456,296.98,0.0,0.0,0.01,296.98,291.15,293.54,291.91,295.37,294.32,296.98,0,0.0,0.0,-123456,0.9,0.0,0.01,0.0,0.01,-0.0,0.0,-123456,0.0,0.0,0.0,-123456,-123456,5,0,283.15,293.15,293.15,293.15,-123456,-123456,283.15,0.0,34473.8,-123456,-123456,-123456,0,0,-123456,0,0,0.0,0,-123456,-123456,0.0,-123456,-123456,-123456,-123456,-123456,-123456,-123456,-123456,8,-123456,5,23,-123456,8,0.0,0.0,-123456,4,0,-123456
3900.0,297.04,305.37,288.71,0.0,-123456,296.82,0.0,0.0,0.0,296.98,305.37,288.71,0.0,-123456,296.87,0.0,0.0,0.0,297.09,305.37,288.71,0.0,-123456,296.98,0.0,0.0,0.0,297.04,305.37,288.71,0.0,-123456,296.87,0.0,0.0,0.0,297.21,305.37,288.71,0.0,-123456,296.98,0.0,0.0,0.01,296.98,291.15,293.48,291.94,295.48,294.32,296.98,0,0.0,0.0,-123456,0.9,0.0,0.01,0.0,0.01,-0.0,0.0,-123456,0.0,0.0,0.0,-123456,-123456,5,0,283.15,293.15,293.15,293.15,-123456,-123456,283.15,0.0,34473.8,-123456,-123456,-123456,0,0,-123456,0,0,0.0,0,-123456,-123456,0.0,-123456,-123456,-123456,-123456,-123456,-123456,-123456,-123456,6,-123456,5,25,-123456,8,0.0,0.0,-123456,4,0,-123456
4200.0,297.04,305.37,288.71,0.0,-123456,296.82,0.0,0.0,0.0,296.98,305.37,288.71,0.0,-123456,296.87,0.0,0.0,0.0,297.09,305.37,288.71,0.0,-123456,296.98,0.0,0.0,0.0,297.04,305.37,288.71,0.0,-123456,296.87,0.0,0.0,0.0,297.21,305.37,288.71,0.0,-123456,296.98,0.0,0.0,0.01,296.98,291.15,293.43,291.94,295.54,294.32,296.98,0,0.0,0.0,-123456,0.9,0.0,0.01,0.0,0.01,-0.0,0.0,-123456,0.0,0.0,0.0,-123456,-123456,5,0,283.15,293.15,293.15,293.15,-123456,-123456,283.15,0.0,34473.8,-123456,-123456,-123456,0,0,-123456,0,0,0.0,0,-123456,-123456,0.0,-123456,-123456,-123456,-123456,-123456,-123456,-123456,-123456,6,-123456,5,25,-123456,8,0.0,0.0,-123456,4,0,-123456
4500.0,296.98,305.37,288.71,0.0,-123456,296.82,0.0,0.0,0.0,296.98,305.37,288.71,0.0,-123456,296.87,0.0,0.0,0.0,297.09,305.37,288.71,0.0,-123456,296.98,0.0,0.0,0.0,297.04,305.37,288.71,0.0,-123456,296.87,0.0,0.0,0.0,297.21,305.37,288.71,0.0,-123456,296.98,0.0,0.0,0.01,296.98,291.15,293.32,291.89,295.71,294.32,296.98,0,0.0,0.0,-123456,0.9,0.0,0.01,0.0,0.01,-0.0,0.0,-123456,0.0,0.0,0.0,-123456,-123456,5,0,283.15,293.15,293.15,293.15,-123456,-123456,283.15,0.0,34473.8,-123456,-123456,-123456,0,0,-123456,0,0,0.0,0,-123456,-123456,0.0,-123456,-123456,-123456,-123456,-123456,-123456,-123456,-123456,6,-123456,5,25,-123456,8,0.0,0.0,-123456,4,0,-123456
4800.0,296.98,305.37,288.71,0.0,-123456,296.82,0.0,0.0,0.0,296.98,305.37,288.71,0.0,-123456,296.87,0.0,0.0,0.0,297.09,305.37,288.71,0.0,-123456,296.98,0.0,0.0,0.0,297.09,305.37,288.71,0.0,-123456,296.93,0.0,0.0,0.0,297.21,305.37,288.71,0.0,-123456,296.98,0.0,0.0,0.01,296.98,291.15,293.26,291.89,295.87,294.32,296.98,0,0.0,0.0,-123456,0.9,0.0,0.02,0.0,0.01,-0.01,0.0,-123456,0.0,0.0,0.0,-123456,-123456,5,0,283.15,293.15,293.15,293.15,-123456,-123456,283.15,0.0,34473.8,-123456,-123456,-123456,0,0,-123456,0,0,0.0,0,-123456,-123456,0.0,-123456,-123456,-123456,-123456,-123456,-123456,-123456,-123456,6,-123456,5,25,-123456,8,0.0,0.0,-123456,4,0,-123456
5100.0,296.98,305.37,288.71,0.0,-123456,296.82,0.0,0.0,0.0,296.98,305.37,288.71,0.0,-123456,296.87,0.0,0.0,0.0,297.09,305.37,288.71,0.0,-123456,296.98,0.0,0.0,0.0,297.09,305.37,288.71,0.0,-123456,296.93,0.0,0.0,0.0,297.21,305.37,288.71,0.0,-123456,296.98,0.0,0.0,0.01,296.98,291.15,293.21,291.89,295.93,294.32,296.98,0,0.0,0.0,-123456,0.9,0.0,0.01,0.0,0.01,-0.0,0.0,-123456,0.0,0.0,0.0,-123456,-123456,5,0,283.15,293.15,293.15,293.15,-123456,-123456,283.15,0.0,34473.8,-123456,-123456,-123456,0,0,-123456,0,0,0.0,0,-123456,-123456,0.0,-123456,-123456,-123456,-123456,-123456,-123456,-123456,-123456,6,-123456,5,25,-123456,8,0.0,0.0,-123456,4,0,-123456
5400.0,297.04,305.37,288.71,0.0,-123456,296.82,0.0,0.0,0.0,296.93,305.37,288.71,0.0,-123456,296.87,0.0,0.0,0.0,297.09,305.37,288.71,0.0,-123456,296.98,0.0,0.0,0.0,297.09,305.37,288.71,0.0,-123456,296.93,0.0,0.0,0.0,297.21,305.37,288.71,0.0,-123456,296.98,0.0,0.0,0.01,296.98,291.15,293.09,291.84,296.04,294.32,296.98,0,0.0,0.0,-123456,0.9,0.0,0.01,0.0,0.01,-0.0,0.0,-123456,0.0,0.0,0.0,-123456,-123456,5,0,283.15,293.15,293.15,293.15,-123456,-123456,283.15,0.0,34473.8,-123456,-123456,-123456,0,0,-123456,0,0,0.0,0,-123456,-123456,0.0,-123456,-123456,-123456,-123456,-123456,-123456,-123456,-123456,7,-123456,5,24,-123456,8,0.0,0.0,-123456,4,0,-123456
5700.0,297.04,305.37,288.71,0.0,-123456,296.82,0.0,0.0,0.0,296.93,305.37,288.71,0.0,-123456,296.87,0.0,0.0,0.0,297.09,305.37,288.71,0.0,-123456,296.98,0.0,0.0,0.0,297.09,305.37,288.71,0.0,-123456,296.93,0.0,0.0,0.0,297.21,305.37,288.71,0.0,-123456,296.98,0.0,0.0,0.01,296.98,291.15,293.04,291.84,296.21,294.32,296.98,0,0.0,0.0,-123456,0.9,0.0,0.01,0.0,0.01,-0.0,0.0,-123456,0.0,0.0,0.0,-123456,-123456,5,0,283.15,293.15,293.15,293.15,-123456,-123456,283.15,0.0,34473.8,-123456,-123456,-123456,0,0,-123456,0,0,0.0,0,-123456,-123456,0.0,-123456,-123456,-123456,-123456,-123456,-123456,-123456,-123456,5,-123456,5,26,-123456,8,0.0,0.0,-123456,4,0,-123456
6000.0,297.04,305.37,288.71,0.0,-123456,296.87,0.0,0.0,0.0,296.93,305.37,288.71,0.0,-123456,296.87,0.0,0.0,0.0,297.04,305.37,288.71,0.0,-123456,296.98,0.0,0.0,0.0,297.09,305.37,288.71,0.0,-123456,296.93,0.0,0.0,0.0,297.21,305.37,288.71,0.0,-123456,296.98,0.0,0.0,0.01,296.98,291.15,292.93,291.79,296.26,294.32,296.98,0,0.0,0.0,-123456,0.9,0.0,0.01,0.0,0.01,-0.0,0.0,-123456,0.0,0.0,0.0,-123456,-123456,5,0,283.15,293.15,293.15,293.15,-123456,-123456,283.15,0.0,34473.8,-123456,-123456,-123456,0,0,-123456,0,0,0.0,0,-123456,-123456,0.0,-123456,-123456,-123456,-123456,-123456,-123456,-123456,-123456,6,-123456,5,25,-123456,8,0.0,0.0,-123456,4,0,-123456
6300.0,297.04,305.37,288.71,0.0,-123456,296.87,0.0,0.0,0.0,296.93,305.37,288.71,0.0,-123456,296.87,0.0,0.0,0.0,297.04,305.37,288.71,0.0,-123456,296.98,0.0,0.0,0.0,297.09,305.37,288.71,0.0,-123456,296.93,0.0,0.0,0.0,297.21,305.37,288.71,0.0,-123456,296.98,0.0,0.0,0.01,296.98,291.15,292.87,291.79,296.37,294.32,296.98,0,0.0,0.0,-123456,0.9,0.0,0.01,0.0,0.01,-0.01,0.0,-123456,0.0,0.0,0.0,-123456,-123456,5,0,283.15,293.15,293.15,293.15,-123456,-123456,283.15,0.0,34473.8,-123456,-123456,-123456,0,0,-123456,0,0,0.0,0,-123456,-123456,0.0,-123456,-123456,-123456,-123456,-123456,-123456,-123456,-123456,6,-123456,5,25,-123456,8,0.0,0.0,-123456,4,0,-123456
6600.0,297.04,305.37,288.71,0.0,-123456,296.87,0.0,0.0,0.0,296.98,305.37,288.71,0.0,-123456,296.87,0.0,0.0,0.0,296.98,305.37,288.71,0.0,-123456,296.98,0.0,0.0,0.0,297.09,305.37,288.71,0.0,-123456,296.93,0.0,0.0,0.0,297.21,305.37,288.71,0.0,-123456,297.04,0.0,0.0,0.01,296.98,291.15,292.82,291.79,296.54,294.32,296.98,0,0.0,0.0,-123456,0.9,0.0,0.02,0.0,0.01,-0.01,0.0,-123456,0.0,0.0,0.0,-123456,-123456,5,0,283.15,293.15,293.15,293.15,-123456,-123456,283.15,0.0,34473.8,-123456,-123456,-123456,0,0,-123456,0,0,0.0,0,-123456,-123456,0.0,-123456,-123456,-123456,-123456,-123456,-123456,-123456,-123456,7,-123456,5,24,-123456,8,0.0,0.0,-123456,4,0,-123456
6900.0,297.04,305.37,288.71,0.0,-123456,296.87,0.0,0.0,0.0,296.98,305.37,288.71,0.0,-123456,296.87,0.0,0.0,0.0,296.98,305.37,288.71,0.0,-123456,296.98,0.0,0.0,0.0,297.04,305.37,288.71,0.0,-123456,296.93,0.0,0.0,0.0,297.21,305.37,288.71,0.0,-123456,297.04,0.0,0.0,0.01,297.04,291.15,292.71,291.74,296.65,294.32,296.98,0,0.0,0.0,-123456,0.9,0.0,0.02,0.0,0.0,-0.01,0.0,-123456,0.0,0.0,0.0,-123456,-123456,5,0,283.15,293.15,293.15,293.15,-123456,-123456,283.15,0.0,34473.8,-123456,-123456,-123456,0,0,-123456,0,0,0.0,0,-123456,-123456,0.0,-123456,-123456,-123456,-123456,-123456,-123456,-123456,-123456,6,-123456,5,25,-123456,8,0.0,0.0,-123456,4,0,-123456
7200.0,297.04,305.37,288.71,0.0,-123456,296.87,0.0,0.0,0.0,296.98,305.37,288.71,0.0,-123456,296.93,0.0,0.0,0.0,296.98,305.37,288.71,0.0,-123456,296.98,0.0,0.0,0.0,297.04,305.37,288.71,0.0,-123456,296.93,0.0,0.0,0.0,297.21,305.37,288.71,0.0,-123456,297.04,0.0,0.0,0.01,297.04,291.15,292.65,291.74,296.82,294.32,297.04,0,0.0,0.0,-123456,0.9,0.0,0.01,0.0,0.01,-0.0,0.0,-123456,0.0,0.0,0.0,-123456,-123456,5,0,283.15,293.15,293.15,293.15,-123456,-123456,283.15,0.0,34473.8,-123456,-123456,-123456,0,0,-123456,0,0,0.0,0,-123456,-123456,0.0,-123456,-123456,-123456,-123456,-123456,-123456,-123456,-123456,6,-123456,5,25,-123456,8,0.0,0.0,-123456,4,0,-123456
7500.0,297.04,305.37,288.71,0.0,-123456,296.87,0.0,0.0,0.0,296.98,305.37,288.71,0.0,-123456,296.93,0.0,0.0,0.0,297.04,305.37,288.71,0.0,-123456,296.98,0.0,0.0,0.0,296.98,305.37,288.71,0.0,-123456,296.93,0.0,0.0,0.0,297.21,305.37,288.71,0.0,-123456,297.04,0.0,0.0,0.01,297.04,291.15,292.59,291.72,296.98,294.32,297.04,0,0.0,0.0,-123456,0.9,0.0,0.02,0.0,0.01,-0.01,0.0,-123456,0.0,0.0,0.0,-123456,-123456,5,0,283.15,293.15,293.15,293.15,-123456,-123456,283.15,0.0,34473.8,-123456,-123456,-123456,0,0,-123456,0,0,0.0,0,-123456,-123456,0.0,-123456,-123456,-123456,-123456,-123456,-123456,-123456,-123456,5,-123456,5,26,-123456,8,0.0,0.0,-123456,4,0,-123456
7800.0,297.04,305.37,288.71,0.0,-123456,296.87,0.0,0.0,0.0,296.98,305.37,288.71,0.0,-123456,296.93,0.0,0.0,0.0,297.04,305.37,288.71,0.0,-123456,296.98,0.0,0.0,0.0,296.98,305.37,288.71,0.0,-123456,296.93,0.0,0.0,0.0,297.21,305.37,288.71,0.0,-123456,297.04,0.0,0.0,0.01,297.04,291.15,292.54,291.71,297.15,294.32,297.04,0,0.0,0.0,-123456,0.9,0.0,0.02,0.0,0.01,-0.01,0.0,-123456,0.0,0.0,0.0,-123456,-123456,5,0,283.15,293.15,293.15,293.15,-123456,-123456,283.15,0.0,34473.8,-123456,-123456,-123456,0,0,-123456,0,0,0.0,0,-123456,-123456,0.0,-123456,-123456,-123456,-123456,-123456,-123456,-123456,-123456,6,-123456,5,25,-123456,8,0.0,0.0,-123456,4,0,-123456
8100.0,297.04,305.37,288.71,0.0,-123456,296.87,0.0,0.0,0.0,296.98,305.37,288.71,0.0,-123456,296.93,0.0,0.0,0.0,297.04,305.37,288.71,0.0,-123456,296.98,0.0,0.0,0.0,296.98,305.37,288.71,0.0,-123456,296.93,0.0,0.0,0.0,297.21,305.37,288.71,0.0,-123456,297.04,0.0,0.0,0.01,297.04,291.15,292.43,291.64,297.32,294.32,297.04,0,0.0,0.0,-123456,0.9,0.0,0.01,0.0,0.01,-0.0,0.0,-123456,0.0,0.0,0.0,-123456,-123456,5,0,283.15,293.15,293.15,293.15,-123456,-123456,283.15,0.0,34473.8,-123456,-123456,-123456,0,0,-123456,0,0,0.0,0,-123456,-123456,0.0,-123456,-123456,-123456,-123456,-123456,-123456,-123456,-123456,6,-123456,5,25,-123456,8,0.0,0.0,-123456,4,0,-123456
8400.0,297.04,305.37,288.71,0.0,-123456,296.87,0.0,0.0,0.0,296.98,305.37,288.71,0.0,-123456,296.93,0.0,0.0,0.0,297.04,305.37,288.71,0.0,-123456,296.98,0.0,0.0,0.0,296.98,305.37,288.71,0.0,-123456,296.93,0.0,0.0,0.0,297.21,305.37,288.71,0.0,-123456,297.04,0.0,0.0,0.01,297.04,291.15,292.37,291.62,297.54,294.32,297.04,0,0.0,0.0,-123456,0.9,0.0,0.02,0.0,0.01,-0.01,0.0,-123456,0.0,0.0,0.0,-123456,-123456,5,0,283.15,293.15,293.15,293.15,-123456,-123456,283.15,0.0,34473.8,-123456,-123456,-123456,0,0,-123456,0,0,0.0,0,-123456,-123456,0.0,-123456,-123456,-123456,-123456,-123456,-123456,-123456,-123456,5,-123456,5,26,-123456,8,0.0,0.0,-123456,4,0,-123456
8700.0,297.04,305.37,288.71,0.0,-123456,296.87,0.0,0.0,0.0,296.98,305.37,288.71,0.0,-123456,296.93,0.0,0.0,0.0,297.04,305.37,288.71,0.0,-123456,297.04,0.0,0.0,0.0,296.98,305.37,288.71,0.0,-123456,296.93,0.0,0.0,0.0,297.21,305.37,288.71,0.0,-123456,297.04,0.0,0.0,0.01,297.04,291.15,292.32,291.61,297.76,294.32,297.04,0,0.0,0.0,-123456,0.9,0.0,0.01,0.0,0.01,-0.0,0.0,-123456,0.0,0.0,0.0,-123456,-123456,5,0,283.15,293.15,293.15,293.15,-123456,-123456,283.15,0.0,34473.8,-123456,-123456,-123456,0,0,-123456,0,0,0.0,0,-123456,-123456,0.0,-123456,-123456,-123456,-123456,-123456,-123456,-123456,-123456,7,-123456,5,24,-123456,8,0.0,0.0,-123456,4,0,-123456
9000.0,297.04,305.37,288.71,0.0,-123456,296.87,0.0,0.0,0.0,296.98,305.37,288.71,0.0,-123456,296.93,0.0,0.0,0.0,297.04,305.37,288.71,0.0,-123456,297.04,0.0,0.0,0.0,296.98,305.37,288.71,0.0,-123456,296.93,0.0,0.0,0.0,297.21,305.37,288.71,0.0,-123456,297.04,0.0,0.0,0.01,297.04,291.15,292.26,291.59,298.04,294.32,297.04,0,0.0,0.0,-123456,0.9,0.0,0.01,0.0,0.01,-0.0,0.0,-123456,0.0,0.0,0.0,-123456,-123456,5,0,283.15,293.15,293.15,293.15,-123456,-123456,283.15,0.0,34473.8,-123456,-123456,-123456,0,0,-123456,0,0,0.0,0,-123456,-123456,0.0,-123456,-123456,-123456,-123456,-123456,-123456,-123456,-123456,6,-123456,5,25,-123456,8,0.0,0.0,-123456,4,0,-123456
9300.0,297.04,305.37,288.71,0.0,-123456,296.87,0.0,0.0,0.0,296.98,305.37,288.71,0.0,-123456,296.93,0.0,0.0,0.0,297.04,305.37,288.71,0.0,-123456,297.04,0.0,0.0,0.0,296.98,305.37,288.71,0.0,-123456,296.93,0.0,0.0,0.0,297.21,305.37,288.71,0.0,-123456,297.04,0.0,0.0,0.01,297.04,291.15,292.21,291.57,298.21,294.32,297.04,0,0.0,0.0,-123456,0.9,0.0,0.01,0.0,0.0,-0.01,0.0,-123456,0.0,0.0,0.0,-123456,-123456,5,0,283.15,293.15,293.15,293.15,-123456,-123456,283.15,0.0,34473.8,-123456,-123456,-123456,0,0,-123456,0,0,0.0,0,-123456,-123456,0.0,-123456,-123456,-123456,-123456,-123456,-123456,-123456,-123456,6,-123456,5,25,-123456,8,0.0,0.0,-123456,4,0,-123456
9600.0,297.04,305.37,288.71,0.0,-123456,296.87,0.0,0.0,0.0,296.98,305.37,288.71,0.0,-123456,296.93,0.0,0.0,0.0,297.04,305.37,288.71,0.0,-123456,297.04,0.0,0.0,0.0,296.98,305.37,288.71,0.0,-123456,296.93,0.0,0.0,0.0,297.21,305.37,288.71,0.0,-123456,297.04,0.0,0.0,0.01,297.04,291.15,292.09,291.51,298.43,294.32,297.04,0,0.0,0.0,-123456,0.9,0.0,0.01,0.0,0.01,-0.01,0.0,-123456,0.0,0.0,0.0,-123456,-123456,5,0,283.15,293.15,293.15,293.15,-123456,-123456,283.15,0.0,34473.8,-123456,-123456,-123456,0,0,-123456,0,0,0.0,0,-123456,-123456,0.0,-123456,-123456,-123456,-123456,-123456,-123456,-123456,-123456,6,-123456,5,25,-123456,8,0.0,0.0,-123456,4,0,-123456
9900.0,297.04,305.37,288.71,0.0,-123456,296.87,0.0,0.0,0.0,296.98,305.37,288.71,0.0,-123456,296.93,0.0,0.0,0.0,297.04,305.37,288.71,0.0,-123456,297.04,0.0,0.0,0.0,296.93,305.37,288.71,0.0,-123456,296.93,0.0,0.0,0.0,297.21,305.37,288.71,0.0,-123456,297.04,0.0,0.0,0.01,297.04,291.15,292.04,291.49,298.65,294.32,297.04,0,0.0,0.0,-123456,0.9,0.0,0.01,0.0,0.0,-0.01,0.0,-123456,0.0,0.0,0.0,-123456,-123456,5,0,283.15,293.15,293.15,293.15,-123456,-123456,283.15,0.0,34473.8,-123456,-123456,-123456,0,0,-123456,0,0,0.0,0,-123456,-123456,0.0,-123456,-123456,-123456,-123456,-123456,-123456,-123456,-123456,5,-123456,5,26,-123456,8,0.0,0.0,-123456,4,0,-123456
10200.0,297.04,305.37,288.71,0.0,-123456,296.87,0.0,0.0,0.0,296.98,305.37,288.71,0.0,-123456,296.93,0.0,0.0,0.0,297.04,305.37,288.71,0.0,-123456,297.04,0.0,0.0,0.0,296.93,305.37,288.71,0.0,-123456,296.93,0.0,0.0,0.0,297.21,305.37,288.71,0.0,-123456,297.04,0.0,0.0,0.01,297.04,291.15,291.98,291.47,298.87,294.32,297.04,0,0.0,0.0,-123456,0.9,0.0,0.01,0.0,0.01,-0.0,0.0,-123456,0.0,0.0,0.0,-123456,-123456,5,0,283.15,293.15,293.15,293.15,-123456,-123456,283.15,0.0,34473.8,-123456,-123456,-123456,0,0,-123456,0,0,0.0,0,-123456,-123456,0.0,-123456,-123456,-123456,-123456,-123456,-123456,-123456,-123456,6,-123456,5,25,-123456,8,0.0,0.0,-123456,4,0,-123456
10500.0,297.04,305.37,288.71,0.0,-123456,296.87,0.0,0.0,0.0,296.98,305.37,288.71,0.0,-123456,296.93,0.0,0.0,0.0,297.04,305.37,288.71,0.0,-123456,297.04,0.0,0.0,0.0,296.93,305.37,288.71,0.0,-123456,296.93,0.0,0.0,0.0,297.21,305.37,288.71,0.0,-123456,297.04,0.0,0.0,0.01,297.04,291.15,291.93,291.46,299.04,294.32,297.04,0,0.0,0.0,-123456,0.9,0.0,0.01,0.0,0.01,0.0,0.0,-123456,0.0,0.0,0.0,-123456,-123456,5,0,283.15,293.15,293.15,293.15,-123456,-123456,283.15,0.0,34473.8,-123456,-123456,-123456,0,0,-123456,0,0,0.0,0,-123456,-123456,0.0,-123456,-123456,-123456,-123456,-123456,-123456,-123456,-123456,6,-123456,5,25,-123456,8,0.0,0.0,-123456,4,0,-123456
10800.0,297.04,305.37,288.71,0.0,-123456,296.93,0.0,0.0,0.0,296.98,305.37,288.71,0.0,-123456,296.93,0.0,0.0,0.0,297.04,305.37,288.71,0.0,-123456,297.04,0.0,0.0,0.0,296.93,305.37,288.71,0.0,-123456,296.93,0.0,0.0,0.0,297.21,305.37,288.71,0.0,-123456,297.09,0.0,0.0,0.01,297.04,291.15,291.87,291.44,299.21,294.32,297.04,0,0.0,0.0,-123456,0.9,0.0,0.01,0.0,0.01,-0.01,0.0,-123456,0.0,0.0,0.0,-123456,-123456,5,0,283.15,293.15,293.15,293.15,-123456,-123456,283.15,0.0,34473.8,-123456,-123456,-123456,0,0,-123456,0,0,0.0,0,-123456,-123456,0.0,-123456,-123456,-123456,-123456,-123456,-123456,-123456,-123456,6,-123456,5,25,-123456,8,0.0,0.0,-123456,4,0,-123456
11100.0,297.04,305.37,288.71,0.0,-123456,296.93,0.0,0.0,0.0,296.98,305.37,288.71,0.0,-123456,296.93,0.0,0.0,0.0,297.04,305.37,288.71,0.0,-123456,297.04,0.0,0.0,0.0,296.93,305.37,288.71,0.0,-123456,296.93,0.0,0.0,0.0,297.21,305.37,288.71,0.0,-123456,297.09,0.0,0.0,0.01,297.04,291.15,291.76,291.29,299.32,294.32,297.04,0,0.0,0.0,-123456,0.9,0.0,0.02,0.0,0.0,-0.01,0.0,-123456,0.0,0.0,0.0,-123456,-123456,5,0,283.15,293.15,293.15,293.15,-123456,-123456,283.15,0.0,34473.8,-123456,-123456,-123456,0,0,-123456,0,0,0.0,0,-123456,-123456,0.0,-123456,-123456,-123456,-123456,-123456,-123456,-123456,-123456,5,-123456,5,26,-123456,8,0.0,0.0,-123456,4,0,-123456
11400.0,296.98,305.37,288.71,0.0,-123456,296.93,0.0,0.0,0.0,296.98,305.37,288.71,0.0,-123456,296.93,0.0,0.0,0.0,297.04,305.37,288.71,0.0,-123456,297.04,0.0,0.0,0.0,296.93,305.37,288.71,0.0,-123456,296.93,0.0,0.0,0.0,297.21,305.37,288.71,0.0,-123456,297.09,0.0,0.0,0.01,297.04,291.15,291.71,291.17,299.48,294.32,297.04,0,0.0,0.0,-123456,0.9,0.0,0.01,0.0,0.0,-0.01,0.0,-123456,0.0,0.0,0.0,-123456,-123456,5,0,283.15,293.15,293.15,293.15,-123456,-123456,283.15,0.0,34473.8,-123456,-123456,-123456,0,0,-123456,0,0,0.0,0,-123456,-123456,0.0,-123456,-123456,-123456,-123456,-123456,-123456,-123456,-123456,5,-123456,5,26,-123456,8,0.0,0.0,-123456,4,0,-123456
11700.0,296.98,305.37,288.71,0.0,-123456,296.93,0.0,0.0,0.0,296.98,305.37,288.71,0.0,-123456,296.93,0.0,0.0,0.0,297.04,305.37,288.71,0.0,-123456,297.04,0.0,0.0,0.0,296.93,305.37,288.71,0.0,-123456,296.93,0.0,0.0,0.0,297.21,305.37,288.71,0.0,-123456,297.09,0.0,0.0,0.01,297.04,291.15,291.65,291.05,299.65,294.32,297.04,0,0.0,0.0,-123456,0.9,0.0,0.01,0.0,0.01,-0.0,0.0,-123456,0.0,0.0,0.0,-123456,-123456,5,0,283.15,293.15,293.15,293.15,-123456,-123456,283.15,0.0,34473.8,-123456,-123456,-123456,0,0,-123456,0,0,0.0,0,-123456,-123456,0.0,-123456,-123456,-123456,-123456,-123456,-123456,-123456,-123456,7,-123456,5,24,-123456,8,0.0,0.0,-123456,4,0,-123456
12000.0,296.98,305.37,288.71,0.0,-123456,296.93,0.0,0.0,0.0,296.93,305.37,288.71,0.0,-123456,296.93,0.0,0.0,0.0,297.04,305.37,288.71,0.0,-123456,297.04,0.0,0.0,0.0,296.93,305.37,288.71,0.0,-123456,296.93,0.0,0.0,0.0,297.21,305.37,288.71,0.0,-123456,297.09,0.0,0.0,0.01,297.04,291.15,291.54,290.87,299.82,294.32,297.04,0,0.0,0.0,-123456,0.9,0.0,0.02,0.0,0.01,-0.01,0.0,-123456,0.0,0.0,0.0,-123456,-123456,5,0,283.15,293.15,293.15,293.15,-123456,-123456,283.15,0.0,34473.8,-123456,-123456,-123456,0,0,-123456,0,0,0.0,0,-123456,-123456,0.0,-123456,-123456,-123456,-123456,-123456,-123456,-123456,-123456,6,-123456,5,25,-123456,8,0.0,0.0,-123456,4,0,-123456
12300.0,296.98,305.37,288.71,0.0,-123456,296.93,0.0,0.0,0.0,296.93,305.37,288.71,0.0,-123456,296.93,0.0,0.0,0.0,297.04,305.37,288.71,0.0,-123456,297.04,0.0,0.0,0.0,296.93,305.37,288.71,0.0,-123456,296.93,0.0,0.0,0.0,297.21,305.37,288.71,0.0,-123456,297.09,0.0,0.0,0.01,297.04,291.15,291.48,290.75,299.98,294.32,297.04,0,0.0,0.0,-123456,0.9,0.0,0.01,0.0,0.01,-0.0,0.0,-123456,0.0,0.0,0.0,-123456,-123456,5,0,283.15,293.15,293.15,293.15,-123456,-123456,283.15,0.0,34473.8,-123456,-123456,-123456,0,0,-123456,0,0,0.0,0,-123456,-123456,0.0,-123456,-123456,-123456,-123456,-123456,-123456,-123456,-123456,5,-123456,5,26,-123456,8,0.0,0.0,-123456,4,0,-123456
12600.0,296.98,305.37,288.71,0.0,-123456,296.93,0.0,0.0,0.0,296.93,305.37,288.71,0.0,-123456,296.93,0.0,0.0,0.0,297.04,305.37,288.71,0.0,-123456,297.04,0.0,0.0,0.0,296.93,305.37,288.71,0.0,-123456,296.93,0.0,0.0,0.0,297.21,305.37,288.71,0.0,-123456,297.09,0.0,0.0,0.01,297.04,291.15,291.43,290.64,300.15,294.32,297.04,0,0.0,0.0,-123456,0.9,0.0,0.01,0.0,0.01,-0.01,0.0,-123456,0.0,0.0,0.0,-123456,-123456,5,0,283.15,293.15,293.15,293.15,-123456,-123456,283.15,0.0,34473.8,-123456,-123456,-123456,0,0,-123456,0,0,0.0,0,-123456,-123456,0.0,-123456,-123456,-123456,-123456,-123456,-123456,-123456,-123456,7,-123456,5,24,-123456,8,0.0,0.0,-123456,4,0,-123456
12900.0,296.98,305.37,288.71,0.0,-123456,296.93,0.0,0.0,0.0,296.93,305.37,288.71,0.0,-123456,296.93,0.0,0.0,0.0,296.98,305.37,288.71,0.0,-123456,297.04,0.0,0.0,0.0,296.93,305.37,288.71,0.0,-123456,296.93,0.0,0.0,0.0,297.21,305.37,288.71,0.0,-123456,297.09,0.0,0.0,0.01,297.09,291.15,291.32,290.47,300.26,294.32,297.09,0,0.0,0.0,-123456,0.9,0.0,0.01,0.0,0.01,0.0,0.0,-123456,0.0,0.0,0.0,-123456,-123456,5,0,283.15,293.15,293.15,293.15,-123456,-123456,283.15,0.0,34473.8,-123456,-123456,-123456,0,0,-123456,0,0,0.0,0,-123456,-123456,0.0,-123456,-123456,-123456,-123456,-123456,-123456,-123456,-123456,6,-123456,5,25,-123456,8,0.0,0.0,-123456,4,0,-123456
13200.0,296.98,305.37,288.71,0.0,-123456,296.93,0.0,0.0,0.0,296.93,305.37,288.71,0.0,-123456,296.93,0.0,0.0,0.0,296.98,305.37,288.71,0.0,-123456,297.04,0.0,0.0,0.0,296.93,305.37,288.71,0.0,-123456,296.93,0.0,0.0,0.0,297.21,305.37,288.71,0.0,-123456,297.09,0.0,0.0,0.01,297.09,291.15,291.26,290.35,300.48,294.32,297.09,0,0.0,0.0,-123456,0.9,0.0,0.02,0.0,0.01,-0.01,0.0,-123456,0.0,0.0,0.0,-123456,-123456,5,0,283.15,293.15,293.15,293.15,-123456,-123456,283.15,0.0,34473.8,-123456,-123456,-123456,0,0,-123456,0,0,0.0,0,-123456,-123456,0.0,-123456,-123456,-123456,-123456,-123456,-123456,-123456,-123456,6,-123456,5,25,-123456,8,0.0,0.0,-123456,4,0,-123456
13500.0,296.98,305.37,288.71,0.0,-123456,296.93,0.0,0.0,0.0,296.93,305.37,288.71,0.0,-123456,296.93,0.0,0.0,0.0,296.98,305.37,288.71,0.0,-123456,297.04,0.0,0.0,0.0,296.93,305.37,288.71,0.0,-123456,296.93,0.0,0.0,0.0,297.21,305.37,288.71,0.0,-123456,297.09,0.0,0.0,0.01,297.09,291.15,291.21,290.23,300.59,294.32,297.09,0,0.0,0.0,-123456,0.9,0.0,0.01,0.0,0.01,-0.0,0.0,-123456,0.0,0.0,0.0,-123456,-123456,5,0,283.15,293.15,293.15,293.15,-123456,-123456,283.15,0.0,34473.8,-123456,-123456,-123456,0,0,-123456,0,0,0.0,0,-123456,-123456,0.0,-123456,-123456,-123456,-123456,-123456,-123456,-123456,-123456,6,-123456,5,25,-123456,8,0.0,0.0,-123456,4,0,-123456
13800.0,296.98,305.37,288.71,0.0,-123456,296.93,0.0,0.0,0.0,296.93,305.37,288.71,0.0,-123456,296.93,0.0,0.0,0.0,296.98,305.37,288.71,0.0,-123456,297.04,0.0,0.0,0.0,296.93,305.37,288.71,0.0,-123456,296.93,0.0,0.0,0.0,297.21,305.37,288.71,0.0,-123456,297.09,0.0,0.0,0.01,297.09,291.15,291.09,290.05,300.82,294.32,297.09,0,0.0,0.0,-123456,0.9,0.0,0.02,0.0,0.0,-0.01,0.0,-123456,0.0,0.0,0.0,-123456,-123456,5,0,283.15,293.15,293.15,293.15,-123456,-123456,283.15,0.0,34473.8,-123456,-123456,-123456,0,0,-123456,0,0,0.0,0,-123456,-123456,0.0,-123456,-123456,-123456,-123456,-123456,-123456,-123456,-123456,5,-123456,5,26,-123456,8,0.0,0.0,-123456,4,0,-123456
14100.0,296.98,305.37,288.71,0.0,-123456,296.93,0.0,0.0,0.0,296.93,305.37,288.71,0.0,-123456,296.93,0.0,0.0,0.0,296.98,305.37,288.71,0.0,-123456,297.04,0.0,0.0,0.0,296.93,305.37,288.71,0.0,-123456,296.93,0.0,0.0,0.0,297.21,305.37,288.71,0.0,-123456,297.09,0.0,0.0,0.01,297.09,291.15,291.04,289.93,300.93,294.32,297.09,0,0.0,0.0,-123456,0.9,0.0,0.01,0.0,0.0,-0.01,0.0,-123456,0.0,0.0,0.0,-123456,-123456,5,0,283.15,293.15,293.15,293.15,-123456,-123456,283.15,0.0,34473.8,-123456,-123456,-123456,0,0,-123456,0,0,0.0,0,-123456,-123456,0.0,-123456,-123456,-123456,-123456,-123456,-123456,-123456,-123456,5,-123456,5,26,-123456,8,0.0,0.0,-123456,4,0,-123456
14400.0,296.98,305.37,288.71,0.0,-123456,296.93,0.0,0.0,0.0,296.93,305.37,288.71,0.0,-123456,296.93,0.0,0.0,0.0,296.98,305.37,288.71,0.0,-123456,297.04,0.0,0.0,0.0,296.93,305.37,288.71,0.0,-123456,296.93,0.0,0.0,0.0,297.21,305.37,288.71,0.0,-123456,297.09,0.0,0.0,0.01,297.09,291.15,290.93,289.77,301.09,294.32,297.09,0,0.0,0.0,-123456,0.9,0.0,0.01,0.0,0.01,-0.01,0.0,-123456,0.0,0.0,0.0,-123456,-123456,5,0,283.15,293.15,293.15,293.15,-123456,-123456,283.15,0.0,34473.8,-123456,-123456,-123456,0,0,-123456,0,0,0.0,0,-123456,-123456,0.0,-123456,-123456,-123456,-123456,-123456,-123456,-123456,-123456,4,-123456,5,27,-123456,8,0.0,0.0,-123456,4,0,-123456
14700.0,296.98,305.37,288.71,0.0,-123456,296.93,0.0,0.0,0.0,296.93,305.37,288.71,0.0,-123456,296.93,0.0,0.0,0.0,296.93,305.37,288.71,0.0,-123456,297.04,0.0,0.0,0.0,296.93,305.37,288.71,0.0,-123456,296.93,0.0,0.0,0.0,297.21,305.37,288.71,0.0,-123456,297.09,0.0,0.0,0.01,297.09,291.15,290.93,289.74,301.26,294.32,297.09,0,0.0,0.0,-123456,0.9,0.0,0.01,0.0,0.0,-0.01,0.0,-123456,0.0,0.0,0.0,-123456,-123456,5,0,283.15,293.15,293.15,293.15,-123456,-123456,283.15,0.0,34473.8,-123456,-123456,-123456,0,0,-123456,0,0,0.0,0,-123456,-123456,0.0,-123456,-123456,-123456,-123456,-123456,-123456,-123456,-123456,6,-123456,5,25,-123456,8,0.0,0.0,-123456,4,0,-123456
15000.0,296.98,305.37,288.71,0.0,-123456,296.93,0.0,0.0,0.0,296.93,305.37,288.71,0.0,-123456,296.93,0.0,0.0,0.0,296.93,305.37,288.71,0.0,-123456,297.04,0.0,0.0,0.0,296.93,305.37,288.71,0.0,-123456,296.98,0.0,0.0,0.0,297.15,305.37,288.71,0.0,-123456,297.09,0.0,0.0,0.01,297.09,291.15,290.93,289.7,301.48,294.32,297.09,0,0.0,0.0,-123456,0.9,0.0,0.01,0.0,0.0,-0.01,0.0,-123456,0.0,0.0,0.0,-123456,-123456,5,0,283.15,293.15,293.15,293.15,-123456,-123456,283.15,0.0,34473.8,-123456,-123456,-123456,0,0,-123456,0,0,0.0,0,-123456,-123456,0.0,-123456,-123456,-123456,-123456,-123456,-123456,-123456,-123456,6,-123456,5,25,-123456,8,0.0,0.0,-123456,4,0,-123456
15300.0,296.93,305.37,288.71,0.0,-123456,296.93,0.0,0.0,0.0,296.93,305.37,288.71,0.0,-123456,296.93,0.0,0.0,0.0,296.87,305.37,288.71,0.0,-123456,297.04,0.0,0.0,0.0,296.93,305.37,288.71,0.0,-123456,296.98,0.0,0.0,0.0,297.15,305.37,288.71,0.0,-123456,297.09,0.0,0.0,0.01,297.09,291.15,290.93,289.68,301.71,294.32,297.09,0,0.0,0.0,-123456,0.9,0.0,0.01,0.0,0.01,-0.0,0.0,-123456,0.0,0.0,0.0,-123456,-123456,5,0,283.15,293.15,293.15,293.15,-123456,-123456,283.15,0.0,34473.8,-123456,-123456,-123456,0,0,-123456,0,0,0.0,0,-123456,-123456,0.0,-123456,-123456,-123456,-123456,-123456,-123456,-123456,-123456,5,-123456,5,26,-123456,8,0.0,0.0,-123456,4,0,-123456
15600.0,296.93,305.37,288.71,0.0,-123456,296.93,0.0,0.0,0.0,296.87,305.37,288.71,0.0,-123456,296.93,0.0,0.0,0.0,296.87,305.37,288.71,0.0,-123456,296.98,0.0,0.0,0.0,296.93,305.37,288.71,0.0,-123456,296.98,0.0,0.0,0.0,297.15,305.37,288.71,0.0,-123456,297.09,0.0,0.0,0.01,297.09,291.15,290.93,289.65,301.82,294.32,297.09,0,0.0,0.0,-123456,0.9,0.0,0.01,0.0,0.0,-0.01,0.0,-123456,0.0,0.0,0.0,-123456,-123456,5,0,283.15,293.15,293.15,293.15,-123456,-123456,283.15,0.0,34473.8,-123456,-123456,-123456,0,0,-123456,0,0,0.0,0,-123456,-123456,0.0,-123456,-123456,-123456,-123456,-123456,-123456,-123456,-123456,5,-123456,5,26,-123456,8,0.0,0.0,-123456,4,0,-123456
15900.0,296.93,305.37,288.71,0.0,-123456,296.93,0.0,0.0,0.0,296.82,305.37,288.71,0.0,-123456,296.93,0.0,0.0,0.0,296.87,305.37,288.71,0.0,-123456,296.98,0.0,0.0,0.0,296.93,305.37,288.71,0.0,-123456,297.04,0.0,0.0,0.0,297.15,305.37,288.71,0.0,-123456,297.09,0.0,0.0,0.01,297.09,291.15,290.93,289.63,301.93,294.32,297.09,0,0.0,0.0,-123456,0.9,0.0,0.01,0.0,0.01,0.0,0.0,-123456,0.0,0.0,0.0,-123456,-123456,5,0,283.15,293.15,293.15,293.15,-123456,-123456,283.15,0.0,34473.8,-123456,-123456,-123456,0,0,-123456,0,0,0.0,0,-123456,-123456,0.0,-123456,-123456,-123456,-123456,-123456,-123456,-123456,-123456,5,-123456,5,26,-123456,8,0.0,0.0,-123456,4,0,-123456
16200.0,296.93,305.37,288.71,0.0,-123456,296.93,0.0,0.0,0.0,296.82,305.37,288.71,0.0,-123456,296.93,0.0,0.0,0.0,296.93,305.37,288.71,0.0,-123456,297.04,0.0,0.0,0.0,296.93,305.37,288.71,0.0,-123456,297.04,0.0,0.0,0.0,297.15,305.37,288.71,0.0,-123456,297.09,0.0,0.0,0.01,297.09,291.15,290.93,289.59,302.26,294.26,297.09,0,0.0,0.0,-123456,0.9,0.0,0.02,0.0,0.0,-0.02,0.0,-123456,0.0,0.0,0.0,-123456,-123456,5,0,283.15,293.15,293.15,293.15,-123456,-123456,283.15,0.0,34473.8,-123456,-123456,-123456,0,0,-123456,0,0,0.0,0,-123456,-123456,0.0,-123456,-123456,-123456,-123456,-123456,-123456,-123456,-123456,5,-123456,5,26,-123456,8,0.0,0.0,-123456,4,0,-123456
16500.0,296.93,305.37,288.71,0.0,-123456,296.93,0.0,0.0,0.0,296.82,305.37,288.71,0.0,-123456,296.93,0.0,0.0,0.0,296.93,305.37,288.71,0.0,-123456,297.04,0.0,0.0,0.0,296.93,305.37,288.71,0.0,-123456,297.04,0.0,0.0,0.0,297.15,305.37,288.71,0.0,-123456,297.09,0.0,0.0,0.01,297.09,291.15,290.93,289.57,302.43,294.26,297.09,0,0.0,0.0,-123456,0.9,0.0,0.02,0.0,0.0,-0.02,0.0,-123456,0.0,0.0,0.0,-123456,-123456,5,0,283.15,293.15,293.15,293.15,-123456,-123456,283.15,0.0,34473.8,-123456,-123456,-123456,0,0,-123456,0,0,0.0,0,-123456,-123456,0.0,-123456,-123456,-123456,-123456,-123456,-123456,-123456,-123456,6,-123456,5,25,-123456,8,0.0,0.0,-123456,4,0,-123456
16800.0,296.87,305.37,288.71,0.0,-123456,296.93,0.0,0.0,0.0,296.82,305.37,288.71,0.0,-123456,296.93,0.0,0.0,0.0,296.93,305.37,288.71,0.0,-123456,297.04,0.0,0.0,0.0,296.93,305.37,288.71,0.0,-123456,297.04,0.0,0.0,0.0,297.15,305.37,288.71,0.0,-123456,297.15,0.0,0.0,0.01,297.09,291.15,290.93,289.54,302.71,294.26,297.09,0,0.0,0.0,-123456,0.9,0.0,0.01,0.0,0.01,-0.01,0.0,-123456,0.0,0.0,0.0,-123456,-123456,5,0,283.15,293.15,293.15,293.15,-123456,-123456,283.15,0.0,34473.8,-123456,-123456,-123456,0,0,-123456,0,0,0.0,0,-123456,-123456,0.0,-123456,-123456,-123456,-123456,-123456,-123456,-123456,-123456,5,-123456,5,26,-123456,8,0.0,0.0,-123456,4,0,-123456
17100.0,296.87,305.37,288.71,0.0,-123456,296.87,0.0,0.0,0.0,296.82,305.37,288.71,0.0,-123456,296.93,0.0,0.0,0.0,296.93,305.37,288.71,0.0,-123456,297.04,0.0,0.0,0.0,296.93,305.37,288.71,0.0,-123456,297.04,0.0,0.0,0.0,297.15,305.18,288.71,0.0,-123456,297.15,0.0,0.0,0.01,297.09,291.15,290.93,289.51,303.15,294.26,297.09,0,0.0,0.0,-123456,0.9,0.0,0.02,0.0,0.0,-0.01,0.0,-123456,0.0,0.0,0.0,-123456,-123456,5,0,283.15,293.15,293.15,293.15,-123456,-123456,283.15,0.0,34473.8,-123456,-123456,-123456,0,0,-123456,0,0,0.0,0,-123456,-123456,0.0,-123456,-123456,-123456,-123456,-123456,-123456,-123456,-123456,6,-123456,5,25,-123456,8,0.0,0.0,-123456,4,0,-123456
17400.0,296.87,305.37,288.71,0.0,-123456,296.87,0.0,0.0,0.0,296.82,305.34,288.71,0.0,-123456,296.93,0.0,0.0,0.0,296.93,305.0,288.71,0.0,-123456,297.04,0.0,0.0,0.0,296.93,305.19,288.71,0.0,-123456,297.04,0.0,0.0,0.0,297.15,304.74,288.71,0.0,-123456,297.15,0.0,0.0,0.01,297.09,291.15,290.93,289.48,303.59,294.26,297.09,0,0.0,0.0,-123456,0.9,0.0,0.01,0.0,0.01,-0.01,0.0,-123456,0.0,0.0,0.0,-123456,-123456,5,0,283.15,293.15,293.15,293.15,-123456,-123456,283.15,0.0,34473.8,-123456,-123456,-123456,0,0,-123456,0,0,0.0,0,-123456,-123456,0.0,-123456,-123456,-123456,-123456,-123456,-123456,-123456,-123456,6,-123456,5,25,-123456,8,0.0,0.0,-123456,4,0,-123456
17700.0,296.87,305.37,288.71,0.0,-123456,296.87,0.0,0.0,0.0,296.82,304.87,288.71,0.0,-123456,296.93,0.0,0.0,0.0,296.93,304.56,288.71,0.0,-123456,297.04,0.0,0.0,0.0,296.93,304.74,288.71,0.0,-123456,297.04,0.0,0.0,0.0,297.15,304.32,288.71,0.0,-123456,297.15,0.0,0.0,0.01,297.09,291.15,290.93,289.46,303.76,294.26,297.09,0,0.0,0.0,-123456,0.9,0.0,0.02,0.0,0.0,-0.01,0.0,-123456,0.0,0.0,0.0,-123456,-123456,5,0,283.15,293.15,293.15,293.15,-123456,-123456,283.15,0.0,34473.8,-123456,-123456,-123456,0,0,-123456,0,0,0.0,0,-123456,-123456,0.0,-123456,-123456,-123456,-123456,-123456,-123456,-123456,-123456,5,-123456,5,26,-123456,8,0.0,0.0,-123456,4,0,-123456
18000.0,296.87,305.2,289.03,0.0,-123456,296.87,0.0,0.0,0.0,296.82,304.42,288.9,0.0,-123456,296.93,0.0,0.0,0.0,296.93,304.13,289.03,0.0,-123456,297.04,0.0,0.0,0.0,296.87,304.29,289.03,0.0,-123456,296.98,0.0,0.0,0.0,297.15,303.91,288.9,0.0,-123456,297.15,0.0,0.0,0.01,297.09,291.15,290.93,289.43,303.93,294.26,297.09,0,0.0,0.0,-123456,0.9,0.0,0.02,0.0,0.0,-0.02,0.0,-123456,0.0,0.0,0.0,-123456,-123456,5,0,283.15,293.15,293.15,293.15,-123456,-123456,283.15,0.0,34473.8,-123456,-123456,-123456,0,0,-123456,0,0,0.0,0,-123456,-123456,0.0,-123456,-123456,-123456,-123456,-123456,-123456,-123456,-123456,8,-123456,5,23,-123456,8,0.0,0.0,-123456,4,0,-123456
18300.0,296.87,304.7,289.45,0.0,-123456,296.93,0.0,0.0,0.0,296.82,303.99,289.34,0.0,-123456,296.98,0.0,0.0,0.0,296.93,303.72,289.46,0.0,-123456,297.04,0.0,0.0,0.0,296.87,303.87,289.46,0.0,-123456,296.98,0.0,0.0,0.0,297.15,303.52,289.34,0.0,-123456,297.15,0.0,0.0,0.01,297.09,291.15,290.93,289.45,304.09,294.26,297.09,0,0.0,0.0,-123456,0.9,0.0,0.01,0.0,0.0,-0.01,0.0,-123456,0.0,0.0,0.0,-123456,-123456,5,0,283.15,293.15,293.15,293.15,-123456,-123456,283.15,0.0,34473.8,-123456,-123456,-123456,0,0,-123456,0,0,0.0,0,-123456,-123456,0.0,-123456,-123456,-123456,-123456,-123456,-123456,-123456,-123456,7,-123456,5,24,-123456,8,0.0,0.0,-123456,4,0,-123456
18600.0,296.87,304.2,289.84,0.0,-123456,296.93,0.0,0.0,0.0,296.82,303.55,289.74,0.0,-123456,296.98,0.0,0.0,0.0,296.93,303.31,289.85,0.0,-123456,297.04,0.0,0.0,0.0,296.87,303.44,289.85,0.0,-123456,296.98,0.0,0.0,0.0,297.15,303.12,289.74,0.0,-123456,297.15,0.0,0.0,0.01,297.09,291.15,290.98,289.52,304.32,294.26,297.09,0,0.0,0.0,-123456,0.9,0.0,0.02,0.0,0.0,-0.01,0.0,-123456,0.0,0.0,0.0,-123456,-123456,5,0,283.15,293.15,293.15,293.15,-123456,-123456,283.15,0.0,34473.8,-123456,-123456,-123456,0,0,-123456,0,0,0.0,0,-123456,-123456,0.0,-123456,-123456,-123456,-123456,-123456,-123456,-123456,-123456,5,-123456,5,26,-123456,8,0.0,0.0,-123456,4,0,-123456
18900.0,296.87,303.75,290.24,0.0,-123456,296.93,0.0,0.0,0.0,296.82,303.16,290.14,0.0,-123456,296.98,0.0,0.0,0.0,296.93,302.94,290.24,0.0,-123456,297.04,0.0,0.0,0.0,296.87,303.06,290.24,0.0,-123456,296.98,0.0,0.0,0.0,297.15,302.77,290.15,0.0,-123456,297.15,0.0,0.0,0.01,297.09,291.15,291.04,289.61,304.59,294.26,297.09,0,0.0,0.0,-123456,0.9,0.0,0.01,0.0,0.0,-0.01,0.0,-123456,0.0,0.0,0.0,-123456,-123456,5,0,283.15,293.15,293.15,293.15,-123456,-123456,283.15,0.0,34473.8,-123456,-123456,-123456,0,0,-123456,0,0,0.0,0,-123456,-123456,0.0,-123456,-123456,-123456,-123456,-123456,-123456,-123456,-123456,6,-123456,5,25,-123456,8,0.0,0.0,-123456,4,0,-123456
19200.0,296.87,303.32,290.62,0.0,-123456,296.93,0.0,0.0,0.0,296.82,302.78,290.53,0.0,-123456,296.98,0.0,0.0,0.0,296.93,302.58,290.62,0.0,-123456,297.04,0.0,0.0,0.0,296.93,302.69,290.62,0.0,-123456,297.04,0.0,0.0,0.0,297.15,302.43,290.53,0.0,-123456,297.15,0.0,0.0,0.01,297.09,291.15,291.09,289.69,304.76,294.26,297.09,0,0.0,0.0,-123456,0.9,0.0,0.02,0.0,0.0,-0.01,0.0,-123456,0.0,0.0,0.0,-123456,-123456,5,0,283.15,293.15,293.15,293.15,-123456,-123456,283.15,0.0,34473.8,-123456,-123456,-123456,0,0,-123456,0,0,0.0,0,-123456,-123456,0.0,-123456,-123456,-123456,-123456,-123456,-123456,-123456,-123456,7,-123456,5,24,-123456,8,0.0,0.0,-123456,4,0,-123456
19500.0,296.87,302.87,290.94,0.0,-123456,296.93,0.0,0.0,0.0,296.82,302.39,290.86,0.0,-123456,296.98,0.0,0.0,0.0,296.93,302.21,290.94,0.0,-123456,297.04,0.0,0.0,0.0,296.93,302.31,290.94,0.0,-123456,297.04,0.0,0.0,0.0,297.15,302.08,290.86,0.0,-123456,297.15,0.0,0.0,0.01,297.09,291.15,291.09,289.72,304.98,294.26,297.09,0,0.0,0.0,-123456,0.9,0.0,0.02,0.0,0.0,-0.01,0.0,-123456,0.0,0.0,0.0,-123456,-123456,5,0,283.15,293.15,293.15,293.15,-123456,-123456,283.15,0.0,34473.8,-123456,-123456,-123456,0,0,-123456,0,0,0.0,0,-123456,-123456,0.0,-123456,-123456,-123456,-123456,-123456,-123456,-123456,-123456,6,-123456,5,25,-123456,8,0.0,0.0,-123456,4,0,-123456
19800.0,296.93,302.47,291.27,0.0,-123456,296.93,0.0,0.0,0.0,296.82,302.04,291.2,0.0,-123456,296.98,0.0,0.0,0.0,296.93,301.88,291.27,0.0,-123456,297.09,0.0,0.0,0.0,296.93,301.97,291.27,0.0,-123456,297.04,0.0,0.0,0.0,297.15,301.76,291.2,0.0,-123456,297.15,0.0,0.0,0.01,297.15,291.15,291.15,289.8,305.15,294.26,297.15,0,0.0,0.0,-123456,0.9,0.0,0.01,0.0,0.01,-0.01,0.0,-123456,0.0,0.0,0.0,-123456,-123456,5,0,283.15,293.15,293.15,293.15,-123456,-123456,283.15,0.0,34473.8,-123456,-123456,-123456,0,0,-123456,0,0,0.0,0,-123456,-123456,0.0,-123456,-123456,-123456,-123456,-123456,-123456,-123456,-123456,5,-123456,5,26,-123456,8,0.0,0.0,-123456,4,0,-123456
20100.0,296.93,302.11,291.59,0.0,-123456,296.98,0.0,0.0,0.0,296.82,301.73,291.53,0.0,-123456,296.98,0.0,0.0,0.0,296.93,301.59,291.6,0.0,-123456,297.09,0.0,0.0,0.0,296.93,301.67,291.6,0.0,-123456,297.09,0.0,0.0,0.0,297.15,301.48,291.53,0.0,-123456,297.15,0.0,0.0,0.01,297.15,291.15,291.21,289.88,305.32,294.26,297.15,0,0.0,0.0,-123456,0.9,0.0,0.02,0.0,0.0,-0.01,0.0,-123456,0.0,0.0,0.0,-123456,-123456,5,0,283.15,293.15,293.15,293.15,-123456,-123456,283.15,0.0,34473.8,-123456,-123456,-123456,0,0,-123456,0,0,0.0,0,-123456,-123456,0.0,-123456,-123456,-123456,-123456,-123456,-123456,-123456,-123456,5,-123456,5,26,-123456,8,0.0,0.0,-123456,4,0,-123456
20400.0,296.98,301.76,291.89,0.0,-123456,296.98,0.0,0.0,0.0,296.82,301.42,291.83,0.0,-123456,296.98,0.0,0.0,0.0,296.93,301.3,291.89,0.0,-123456,297.09,0.0,0.0,0.0,296.98,301.36,291.89,0.0,-123456,297.09,0.0,0.0,0.0,297.15,301.2,291.84,0.0,-123456,297.15,0.0,0.0,0.01,297.15,291.15,291.26,289.96,305.54,294.26,297.15,0,0.0,0.0,-123456,0.9,0.0,0.02,0.0,0.0,-0.01,0.0,-123456,0.0,0.0,0.0,-123456,-123456,5,0,283.15,293.15,293.15,293.15,-123456,-123456,283.15,0.0,34473.8,-123456,-123456,-123456,0,0,-123456,0,0,0.0,0,-123456,-123456,0.0,-123456,-123456,-123456,-123456,-123456,-123456,-123456,-123456,7,-123456,5,24,-123456,8,0.0,0.0,-123456,4,0,-123456
20700.0,296.98,301.43,292.17,0.0,-123456,297.04,0.0,0.0,0.0,296.82,301.13,292.12,0.0,-123456,296.98,0.0,0.0,0.0,296.93,301.02,292.17,0.0,-123456,297.09,0.0,0.0,0.0,296.98,301.08,292.17,0.0,-123456,297.09,0.0,0.0,0.0,297.15,300.94,292.12,0.0,-123456,297.15,0.0,0.0,0.01,297.15,291.15,291.32,290.05,305.76,294.26,297.15,0,0.0,0.0,-123456,0.9,0.0,0.02,0.0,0.0,-0.01,0.0,-123456,0.0,0.0,0.0,-123456,-123456,5,0,283.15,293.15,293.15,293.15,-123456,-123456,283.15,0.0,34473.8,-123456,-123456,-123456,0,0,-123456,0,0,0.0,0,-123456,-123456,0.0,-123456,-123456,-123456,-123456,-123456,-123456,-123456,-123456,5,-123456,5,26,-123456,8,0.0,0.0,-123456,4,0,-123456
21000.0,297.04,301.13,292.44,0.0,-123456,297.04,0.0,0.0,0.0,296.87,300.87,292.4,0.0,-123456,296.98,0.0,0.0,0.0,296.93,300.78,292.44,0.0,-123456,297.09,0.0,0.0,0.0,296.98,300.83,292.44,0.0,-123456,297.09,0.0,0.0,0.0,297.15,300.71,292.4,0.0,-123456,297.21,0.0,0.0,0.01,297.15,291.15,291.32,290.07,305.87,294.26,297.15,0,0.0,0.0,-123456,0.9,0.0,0.02,0.0,0.01,-0.01,0.0,-123456,0.0,0.0,0.0,-123456,-123456,5,0,283.15,293.15,293.15,293.15,-123456,-123456,283.15,0.0,34473.8,-123456,-123456,-123456,0,0,-123456,0,0,0.0,0,-123456,-123456,0.0,-123456,-123456,-123456,-123456,-123456,-123456,-123456,-123456,6,-123456,5,25,-123456,8,0.0,0.0,-123456,4,0,-123456
21300.0,297.04,300.84,292.68,0.0,-123456,297.04,0.0,0.0,0.0,296.87,300.62,292.64,0.0,-123456,297.04,0.0,0.0,0.0,296.93,300.54,292.68,0.0,-123456,297.09,0.0,0.0,0.0,296.98,300.58,292.68,0.0,-123456,297.09,0.0,0.0,0.0,297.15,300.47,292.64,0.0,-123456,297.21,0.0,0.0,0.01,297.15,291.15,291.37,290.15,306.09,294.26,297.15,0,0.0,0.0,-123456,0.9,0.0,0.02,0.0,0.0,-0.02,0.0,-123456,0.0,0.0,0.0,-123456,-123456,5,0,283.15,293.15,293.15,293.15,-123456,-123456,283.15,0.0,34473.8,-123456,-123456,-123456,0,0,-123456,0,0,0.0,0,-123456,-123456,0.0,-123456,-123456,-123456,-123456,-123456,-123456,-123456,-123456,5,-123456,5,26,-123456,8,0.0,0.0,-123456,4,0,-123456
21600.0,297.09,300.58,292.91,0.0,-123456,297.09,0.0,0.0,0.0,296.87,300.39,292.88,0.0,-123456,297.04,0.0,0.0,0.0,296.93,300.32,292.91,0.0,-123456,297.09,0.0,0.0,0.0,296.98,300.36,292.91,0.0,-123456,297.09,0.0,0.0,0.0,297.15,300.27,292.88,0.0,-123456,297.21,0.0,0.0,0.01,297.21,291.15,291.43,290.23,306.09,294.26,297.21,0,0.0,0.0,-123456,0.9,0.0,0.02,0.0,0.0,-0.01,0.0,-123456,0.0,0.0,0.0,-123456,-123456,5,0,283.15,293.15,293.15,293.15,-123456,-123456,283.15,0.0,34473.8,-123456,-123456,-123456,0,0,-123456,0,0,0.0,0,-123456,-123456,0.0,-123456,-123456,-123456,-123456,-123456,-123456,-123456,-123456,6,-123456,5,25,-123456,8,0.0,0.0,-123456,4,0,-123456
21900.0,297.09,300.35,293.13,0.0,-123456,297.15,0.0,0.0,0.0,296.87,300.19,293.1,0.0,-123456,297.04,0.0,0.0,0.0,296.93,300.14,293.13,0.0,-123456,297.15,0.0,0.0,0.0,296.98,300.17,293.13,0.0,-123456,297.09,0.0,0.0,0.0,297.15,300.09,293.1,0.0,-123456,297.21,0.0,0.0,0.01,297.21,291.15,291.54,290.33,306.37,294.26,297.21,0,0.0,0.0,-123456,0.9,0.0,0.02,0.0,0.0,-0.02,0.0,-123456,0.0,0.0,0.0,-123456,-123456,5,0,283.15,293.15,293.15,293.15,-123456,-123456,283.15,0.0,34473.8,-123456,-123456,-123456,0,0,-123456,0,0,0.0,0,-123456,-123456,0.0,-123456,-123456,-123456,-123456,-123456,-123456,-123456,-123456,7,-123456,5,24,-123456,8,0.0,0.0,-123456,4,0,-123456
22200.0,297.15,300.12,293.31,0.0,-123456,297.15,0.0,0.0,0.0,296.87,299.99,293.29,0.0,-123456,297.04,0.0,0.0,0.0,296.98,299.94,293.31,0.0,-123456,297.15,0.0,0.0,0.0,296.98,299.97,293.31,0.0,-123456,297.09,0.0,0.0,0.0,297.15,299.91,293.29,0.0,-123456,297.26,0.0,0.0,0.01,297.21,291.15,291.71,290.45,306.54,294.26,297.21,0,0.0,0.0,-123456,0.9,0.0,0.02,0.0,0.0,-0.01,0.0,-123456,0.0,0.0,0.0,-123456,-123456,5,0,283.15,293.15,293.15,293.15,-123456,-123456,283.15,0.0,34473.8,-123456,-123456,-123456,0,0,-123456,0,0,0.0,0,-123456,-123456,0.0,-123456,-123456,-123456,-123456,-123456,-123456,-123456,-123456,5,-123456,5,26,-123456,8,0.0,0.0,-123456,4,0,-123456
22500.0,297.21,299.92,293.48,0.0,-123456,297.21,0.0,0.0,0.0,296.87,299.82,293.46,0.0,-123456,297.09,0.0,0.0,0.0,296.98,299.78,293.48,0.0,-123456,297.15,0.0,0.0,0.0,296.98,299.8,293.48,0.0,-123456,297.09,0.0,0.0,0.0,297.15,299.75,293.46,0.0,-123456,297.26,0.0,0.0,0.01,297.21,291.15,291.82,290.54,306.82,294.26,297.21,0,0.0,0.0,-123456,0.9,0.0,0.02,0.0,0.0,-0.01,0.0,-123456,0.0,0.0,0.0,-123456,-123456,5,0,283.15,293.15,293.15,293.15,-123456,-123456,283.15,0.0,34473.8,-123456,-123456,-123456,0,0,-123456,0,0,0.0,0,-123456,-123456,0.0,-123456,-123456,-123456,-123456,-123456,-123456,-123456,-123456,4,-123456,5,27,-123456,8,0.0,0.0,-123456,4,0,-123456
22800.0,297.21,299.75,293.65,0.0,-123456,297.21,0.0,0.0,0.0,296.87,299.68,293.63,0.0,-123456,297.09,0.0,0.0,0.0,296.98,299.65,293.65,0.0,-123456,297.21,0.0,0.0,0.0,296.98,299.66,293.65,0.0,-123456,297.15,0.0,0.0,0.0,297.15,299.62,293.63,0.0,-123456,297.26,0.0,0.0,0.01,297.26,291.15,291.98,290.67,306.87,294.32,297.26,0,0.0,0.0,-123456,0.9,0.0,0.02,0.0,0.0,-0.02,0.0,-123456,0.0,0.0,0.0,-123456,-123456,5,0,283.15,293.15,293.15,293.15,-123456,-123456,283.15,0.0,34473.8,-123456,-123456,-123456,0,0,-123456,0,0,0.0,0,-123456,-123456,0.0,-123456,-123456,-123456,-123456,-123456,-123456,-123456,-123456,5,-123456,5,26,-123456,8,0.0,0.0,-123456,4,0,-123456
23100.0,297.26,299.61,293.79,0.0,-123456,297.26,0.0,0.0,0.0,296.93,299.55,293.78,0.0,-123456,297.09,0.0,0.0,0.0,296.98,299.53,293.79,0.0,-123456,297.21,0.0,0.0,0.0,296.98,299.54,293.79,0.0,-123456,297.15,0.0,0.0,0.0,297.21,299.51,293.78,0.0,-123456,297.26,0.0,0.0,0.01,297.26,291.15,292.09,290.75,307.09,294.32,297.26,0,0.0,0.0,-123456,0.9,0.0,0.02,0.0,0.0,-0.01,0.0,-123456,0.0,0.0,0.0,-123456,-123456,5,0,283.15,293.15,293.15,293.15,-123456,-123456,283.15,0.0,34473.8,-123456,-123456,-123456,0,0,-123456,0,0,0.0,0,-123456,-123456,0.0,-123456,-123456,-123456,-123456,-123456,-123456,-123456,-123456,6,-123456,5,25,-123456,8,0.0,0.0,-123456,4,0,-123456
23400.0,297.26,299.47,293.91,0.0,-123456,297.26,0.0,0.0,0.0,296.93,299.43,293.9,0.0,-123456,297.09,0.0,0.0,0.0,296.98,299.42,293.91,0.0,-123456,297.21,0.0,0.0,0.0,296.98,299.42,293.91,0.0,-123456,297.15,0.0,0.0,0.0,297.21,299.4,293.9,0.0,-123456,297.26,0.0,0.0,0.01,297.26,291.15,292.26,290.88,307.32,294.32,297.26,0,0.0,0.0,-123456,0.9,0.0,0.02,0.0,0.0,-0.01,0.0,-123456,0.0,0.0,0.0,-123456,-123456,5,0,283.15,293.15,293.15,293.15,-123456,-123456,283.15,0.0,34473.8,-123456,-123456,-123456,0,0,-123456,0,0,0.0,0,-123456,-123456,0.0,-123456,-123456,-123456,-123456,-123456,-123456,-123456,-123456,5,-123456,5,26,-123456,8,0.0,0.0,-123456,4,0,-123456
23700.0,297.32,299.37,294.02,0.0,-123456,297.32,0.0,0.0,0.0,296.93,299.34,294.01,0.0,-123456,297.15,0.0,0.0,0.0,297.04,299.33,294.02,0.0,-123456,297.21,0.0,0.0,0.0,296.98,299.34,294.02,0.0,-123456,297.21,0.0,0.0,0.0,297.21,299.32,294.01,0.0,-123456,297.32,0.0,0.0,0.01,297.32,291.15,292.37,290.96,307.32,294.32,297.32,0,0.0,0.0,-123456,0.9,0.0,0.02,0.0,0.0,-0.01,0.0,-123456,0.0,0.0,0.0,-123456,-123456,5,0,283.15,293.15,293.15,293.15,-123456,-123456,283.15,0.0,34473.8,-123456,-123456,-123456,0,0,-123456,0,0,0.0,0,-123456,-123456,0.0,-123456,-123456,-123456,-123456,-123456,-123456,-123456,-123456,6,-123456,5,25,-123456,8,0.0,0.0,-123456,4,0,-123456
24000.0,297.32,299.29,294.11,0.0,-123456,297.32,0.0,0.0,0.0,296.93,299.27,294.1,0.0,-123456,297.15,0.0,0.0,0.0,297.04,299.26,294.11,0.0,-123456,297.26,0.0,0.0,0.0,296.98,299.27,294.11,0.0,-123456,297.21,0.0,0.0,0.0,297.21,299.26,294.1,0.0,-123456,297.32,0.0,0.0,0.01,297.32,291.15,292.54,291.09,307.65,294.32,297.32,0,0.0,0.0,-123456,0.9,0.0,0.01,0.0,0.0,-0.01,0.0,-123456,0.0,0.0,0.0,-123456,-123456,5,0,283.15,293.15,293.15,293.15,-123456,-123456,283.15,0.0,34473.8,-123456,-123456,-123456,0,0,-123456,0,0,0.0,0,-123456,-123456,0.0,-123456,-123456,-123456,-123456,-123456,-123456,-123456,-123456,6,-123456,5,25,-123456,8,0.0,0.0,-123456,4,0,-123456
24300.0,297.37,299.22,294.17,0.0,-123456,297.37,0.0,0.0,0.0,296.93,299.21,294.17,0.0,-123456,297.15,0.0,0.0,0.0,297.09,299.21,294.17,0.0,-123456,297.26,0.0,0.0,0.0,297.04,299.21,294.17,0.0,-123456,297.21,0.0,0.0,0.0,297.21,299.21,294.17,0.0,-123456,297.32,0.0,0.0,0.01,297.32,291.15,292.71,291.23,307.87,294.32,297.32,0,0.0,0.0,-123456,0.9,0.0,0.02,0.0,0.0,-0.01,0.0,-123456,0.0,0.0,0.0,-123456,-123456,5,0,283.15,293.15,293.15,293.15,-123456,-123456,283.15,0.0,34473.8,-123456,-123456,-123456,0,0,-123456,0,0,0.0,0,-123456,-123456,0.0,-123456,-123456,-123456,-123456,-123456,-123456,-123456,-123456,5,-123456,5,26,-123456,8,0.0,0.0,-123456,4,0,-123456
24600.0,297.37,299.18,294.22,0.0,-123456,297.37,0.0,0.0,0.0,296.98,299.18,294.22,0.0,-123456,297.15,0.0,0.0,0.0,297.09,299.18,294.22,0.0,-123456,297.26,0.0,0.0,0.0,297.04,299.18,294.22,0.0,-123456,297.21,0.0,0.0,0.0,297.21,299.17,294.22,0.0,-123456,297.32,0.0,0.0,0.01,297.32,291.15,292.82,291.31,308.09,294.32,297.32,0,0.0,0.0,-123456,0.9,0.0,0.02,0.0,0.0,-0.02,0.0,-123456,0.0,0.0,0.0,-123456,-123456,5,0,283.15,293.15,293.15,293.15,-123456,-123456,283.15,0.0,34473.8,-123456,-123456,-123456,0,0,-123456,0,0,0.0,0,-123456,-123456,0.0,-123456,-123456,-123456,-123456,-123456,-123456,-123456,-123456,4,-123456,5,27,-123456,8,0.0,0.0,-123456,4,0,-123456
24900.0,297.43,299.16,294.25,0.0,-123456,297.43,0.0,0.0,0.0,296.98,299.16,294.25,0.0,-123456,297.21,0.0,0.0,0.0,297.09,299.16,294.25,0.0,-123456,297.32,0.0,0.0,0.0,297.04,299.16,294.25,0.0,-123456,297.26,0.0,0.0,0.0,297.26,299.16,294.25,0.0,-123456,297.37,0.0,0.0,0.01,297.37,291.15,292.98,291.44,308.15,294.32,297.37,0,0.0,0.0,-123456,0.9,0.0,0.02,0.0,0.0,-0.01,0.0,-123456,0.0,0.0,0.0,-123456,-123456,5,0,283.15,293.15,293.15,293.15,-123456,-123456,283.15,0.0,34473.8,-123456,-123456,-123456,0,0,-123456,0,0,0.0,0,-123456,-123456,0.0,-123456,-123456,-123456,-123456,-123456,-123456,-123456,-123456,5,-123456,5,26,-123456,8,0.0,0.0,-123456,4,0,-123456
25200.0,297.43,299.15,294.26,0.0,-123456,297.48,0.0,0.0,0.0,296.98,299.15,294.26,0.0,-123456,297.26,0.0,0.0,0.0,297.15,299.15,294.26,0.0,-123456,297.37,0.0,0.0,0.0,297.09,299.15,294.26,0.0,-123456,297.32,0.0,0.0,0.0,297.26,299.15,294.26,0.0,-123456,297.43,0.0,0.0,0.02,297.43,291.15,293.09,291.52,307.37,294.48,297.43,0,0.1,0.0,-123456,0.9,0.0,0.03,0.0,0.03,0.0,0.0,-123456,0.0,0.0,1723.69,-123456,-123456,5,0,283.15,293.15,293.15,293.15,-123456,-123456,283.15,35852.75,36542.23,-123456,-123456,-123456,0,0,-123456,0,0,0.1,1,-123456,-123456,0.0,-123456,-123456,-123456,-123456,-123456,-123456,-123456,-123456,5,-123456,5,26,-123456,8,0.9309999999999999,1.0,-123456,4,0,-123456
25500.0,297.54,299.15,294.26,0.0,-123456,300.87,0.0913,0.091,0.07,297.09,299.15,294.26,0.0,-123456,300.76,0.0478,0.044000000000000004,0.09,297.21,299.15,294.26,0.0,-123456,300.93,0.0924,0.092,0.05,297.21,299.15,294.26,0.0,-123456,300.71,0.0567,0.057,0.07,297.32,299.15,294.26,0.0,-123456,300.65,0.0233,0.021,0.4,300.43,291.15,293.26,291.57,296.48,297.26,300.37,1,0.16899999999999998,0.0,-123456,0.9,0.1,0.68,0.13,0.52,-0.03,0.0,-123456,0.0,0.0,1723.69,-123456,-123456,308,1,283.15,293.15,294.26,294.71,-123456,-123456,283.15,1034.21,36542.23,-123456,-123456,-123456,1,0,-123456,0,0,0.0,1,-123456,-123456,0.52,-123456,-123456,-123456,-123456,-123456,-123456,-123456,-123456,5394,-123456,299,1126,-123456,8,1.0,1.0,-123456,3,1,-123456
25800.0,297.43,299.15,294.26,0.0,-123456,288.15,0.06,0.06,0.05,297.04,299.15,294.26,0.0,-123456,288.15,0.0645,0.065,0.06,297.15,299.15,294.26,0.0,-123456,288.21,0.07,0.07,0.03,297.15,299.15,294.26,0.0,-123456,288.21,0.0645,0.065,0.05,297.26,299.15,294.26,0.0,-123456,288.21,0.0567,0.057,0.26,288.26,291.15,293.48,291.65,296.09,297.21,288.26,1,0.16399999999999998,0.0,-123456,0.9,0.1,0.47,0.12,0.33,-0.01,0.0,-123456,0.0,68.95,1723.69,-123456,-123456,280,1,283.15,288.09,297.65,297.87,-123456,-123456,283.15,689.48,36542.23,-123456,-123456,-123456,1,0,-123456,0,0,0.0,1,-123456,-123456,0.49,-123456,-123456,-123456,-123456,-123456,-123456,-123456,-123456,1477,-123456,282,1228,-123456,8,1.0,1.0,-123456,3,1,-123456
26100.0,297.26,299.15,294.26,0.0,-123456,289.93,0.0567,0.057,0.06,296.93,299.15,294.26,0.0,-123456,289.93,0.0433,0.043,0.04,296.98,299.15,294.26,0.0,-123456,289.98,0.0467,0.047,0.04,297.04,299.15,294.26,0.0,-123456,289.98,0.0433,0.043,0.04,297.09,299.15,294.26,0.0,-123456,289.98,0.053399999999999996,0.053,0.26,289.98,291.15,293.65,291.68,296.04,297.04,289.98,1,0.14300000000000002,0.0,-123456,0.9,0.1,0.43,0.12,0.3,-0.01,0.0,-123456,0.027999999999999997,68.95,1034.21,-123456,-123456,284,1,283.15,290.65,297.32,297.59,-123456,-123456,283.15,689.48,36542.23,-123456,-123456,-123456,1,0,-123456,0,0,0.0,1,-123456,-123456,0.5,-123456,-123456,-123456,-123456,-123456,-123456,-123456,-123456,2112,-123456,284,1221,-123456,8,1.0,1.0,-123456,3,1,-123456
26400.0,297.26,299.15,294.26,0.0,-123456,290.21,0.0567,0.057,0.06,296.93,299.15,294.26,0.0,-123456,290.21,0.0433,0.043,0.05,296.93,299.15,294.26,0.0,-123456,290.26,0.0467,0.047,0.04,297.04,299.15,294.26,0.0,-123456,290.26,0.0433,0.043,0.05,297.04,299.15,294.26,0.0,-123456,290.26,0.053399999999999996,0.053,0.26,290.26,291.15,293.82,291.72,296.26,297.21,290.26,1,0.195,0.0,-123456,0.9,0.1,0.44,0.11,0.32,-0.01,0.0,-123456,0.18,0.0,689.48,-123456,-123456,284,1,283.15,291.26,297.32,297.59,-123456,-123456,283.15,689.48,36542.23,-123456,-123456,-123456,1,0,-123456,0,0,0.0,1,-123456,-123456,0.5,-123456,-123456,-123456,-123456,-123456,-123456,-123456,-123456,2283,-123456,284,1197,-123456,8,1.0,1.0,-123456,3,1,-123456
26700.0,297.21,299.15,294.26,0.0,-123456,290.32,0.0567,0.057,0.06,296.87,299.15,294.26,0.0,-123456,290.32,0.0433,0.043,0.04,296.93,299.15,294.26,0.0,-123456,290.37,0.0467,0.047,0.04,296.98,299.15,294.26,0.0,-123456,290.37,0.0433,0.043,0.05,296.98,299.15,294.26,0.0,-123456,290.37,0.053399999999999996,0.053,0.26,290.37,291.15,294.04,291.8,296.32,297.21,290.37,1,0.17800000000000002,0.0,-123456,0.9,0.1,0.44,0.11,0.32,-0.01,0.0,-123456,0.313,0.0,689.48,-123456,-123456,284,1,283.15,291.43,297.37,297.65,-123456,-123456,283.15,689.48,36542.23,-123456,-123456,-123456,1,0,-123456,0,0,0.0,1,-123456,-123456,0.5,-123456,-123456,-123456,-123456,-123456,-123456,-123456,-123456,2332,-123456,284,1197,-123456,8,1.0,1.0,-123456,3,1,-123456
27000.0,297.21,299.15,294.26,0.0,-123456,290.37,0.0567,0.057,0.06,296.87,299.15,294.26,0.0,-123456,290.37,0.0433,0.043,0.04,296.93,299.15,294.26,0.0,-123456,290.43,0.0467,0.047,0.04,296.98,299.15,294.26,0.0,-123456,290.43,0.0433,0.043,0.04,296.98,299.15,294.26,0.0,-123456,290.37,0.053399999999999996,0.053,0.26,290.43,291.15,294.21,291.82,296.43,297.21,290.43,1,0.134,0.0,-123456,0.9,0.1,0.43,0.11,0.32,-0.01,0.0,-123456,0.43799999999999994,68.95,689.48,-123456,-123456,284,1,283.15,291.54,297.54,297.82,-123456,-123456,283.15,689.48,32832.85,-123456,-123456,-123456,1,0,-123456,0,0,0.0,1,-123456,-123456,0.5,-123456,-123456,-123456,-123456,-123456,-123456,-123456,-123456,2360,-123456,284,1189,-123456,8,1.0,1.0,-123456,3,1,-123456
27300.0,297.21,299.15,294.26,0.0,-123456,290.37,0.0567,0.057,0.06,296.87,299.15,294.26,0.0,-123456,290.37,0.0433,0.043,0.05,296.93,299.15,294.26,0.0,-123456,290.48,0.0467,0.047,0.04,296.98,299.15,294.26,0.0,-123456,290.43,0.0433,0.043,0.05,296.98,299.15,294.26,0.0,-123456,290.43,0.053399999999999996,0.053,0.26,290.43,291.15,294.37,291.71,296.48,297.21,290.43,1,0.16399999999999998,0.0,-123456,0.9,0.1,0.44,0.11,0.33,-0.01,0.0,-123456,0.556,68.95,689.48,-123456,-123456,284,1,283.15,291.59,297.65,297.93,-123456,-123456,283.15,689.48,27268.78,-123456,-123456,-123456,1,0,-123456,0,0,0.0,1,-123456,-123456,0.5,-123456,-123456,-123456,-123456,-123456,-123456,-123456,-123456,2375,-123456,284,1203,-123456,8,1.0,1.0,-123456,3,1,-123456
27600.0,297.26,299.15,294.26,0.0,-123456,290.37,0.0567,0.057,0.06,296.87,299.15,294.26,0.0,-123456,290.43,0.0433,0.043,0.04,296.93,299.15,294.26,0.0,-123456,290.48,0.0467,0.047,0.04,296.98,299.15,294.26,0.0,-123456,290.43,0.0433,0.043,0.05,296.98,299.15,294.26,0.0,-123456,290.43,0.053399999999999996,0.053,0.26,290.43,291.15,294.54,291.72,296.54,297.26,290.43,1,0.182,0.0,-123456,0.9,0.1,0.44,0.11,0.32,-0.01,0.0,-123456,0.674,0.0,689.48,-123456,-123456,284,1,283.15,291.59,297.82,298.09,-123456,-123456,283.15,689.48,21704.7,-123456,-123456,-123456,1,0,-123456,0,0,0.0,1,-123456,-123456,0.5,-123456,-123456,-123456,-123456,-123456,-123456,-123456,-123456,2404,-123456,284,1200,-123456,8,1.0,1.0,-123456,3,1,-123456
27900.0,297.26,299.15,294.26,0.0,-123456,290.43,0.0567,0.057,0.06,296.87,299.15,294.26,0.0,-123456,290.43,0.0433,0.043,0.04,296.93,299.15,294.26,0.0,-123456,290.48,0.0467,0.047,0.04,296.98,299.15,294.26,0.0,-123456,290.48,0.0433,0.043,0.04,296.98,299.15,294.26,0.0,-123456,290.48,0.053399999999999996,0.053,0.26,290.48,291.15,294.76,291.77,296.54,297.26,290.48,1,0.139,0.0,-123456,0.9,0.1,0.43,0.11,0.31,-0.01,0.0,-123456,0.784,68.95,689.48,-123456,-123456,284,1,283.15,291.65,297.98,298.26,-123456,-123456,283.15,689.48,17995.32,-123456,-123456,-123456,1,0,-123456,0,0,0.0,1,-123456,-123456,0.5,-123456,-123456,-123456,-123456,-123456,-123456,-123456,-123456,2406,-123456,284,1216,-123456,8,1.0,1.0,-123456,3,1,-123456
28200.0,297.26,299.15,294.26,0.0,-123456,290.43,0.0567,0.057,0.06,296.87,299.15,294.26,0.0,-123456,290.43,0.0433,0.043,0.04,296.93,299.15,294.26,0.0,-123456,290.54,0.0467,0.047,0.04,296.98,299.15,294.26,0.0,-123456,290.48,0.0433,0.043,0.05,296.98,299.15,294.26,0.0,-123456,290.48,0.053399999999999996,0.053,0.26,290.48,291.15,294.93,291.78,296.54,297.26,290.48,1,0.192,0.0,-123456,0.9,0.1,0.44,0.12,0.31,-0.01,0.0,-123456,0.893,0.0,689.48,-123456,-123456,284,1,283.15,291.65,298.15,298.43,-123456,-123456,283.15,689.48,17995.32,-123456,-123456,-123456,1,0,-123456,0,0,0.0,1,-123456,-123456,0.5,-123456,-123456,-123456,-123456,-123456,-123456,-123456,-123456,2434,-123456,284,1192,-123456,8,1.0,1.0,-123456,3,1,-123456
28500.0,297.32,299.15,294.26,0.0,-123456,290.43,0.0567,0.057,0.06,296.87,299.15,294.26,0.0,-123456,290.48,0.0433,0.043,0.04,296.93,299.15,294.26,0.0,-123456,290.54,0.0467,0.047,0.04,296.98,299.15,294.26,0.0,-123456,290.48,0.0433,0.043,0.04,296.98,299.15,294.26,0.0,-123456,290.48,0.053399999999999996,0.053,0.26,290.48,291.15,295.09,291.79,296.65,297.26,290.48,1,0.168,0.0,-123456,0.9,0.1,0.44,0.11,0.32,-0.01,0.0,-123456,1.0,0.0,689.48,-123456,-123456,284,1,283.15,291.65,298.32,298.59,-123456,-123456,283.15,689.48,17995.32,-123456,-123456,-123456,1,0,-123456,0,0,0.0,1,-123456,-123456,0.5,-123456,-123456,-123456,-123456,-123456,-123456,-123456,-123456,2445,-123456,284,1186,-123456,8,1.0,1.0,-123456,3,1,-123456
28800.0,297.32,299.15,294.26,0.0,-123456,290.48,0.0567,0.057,0.06,296.93,299.15,294.26,0.0,-123456,290.48,0.0433,0.043,0.05,296.93,299.15,294.26,0.0,-123456,290.54,0.0467,0.047,0.04,296.98,299.15,294.26,0.0,-123456,290.54,0.0433,0.043,0.05,296.98,299.15,294.26,0.0,-123456,290.54,0.053399999999999996,0.053,0.26,290.54,291.15,295.32,291.84,296.71,297.26,290.54,1,0.152,0.0,-123456,0.9,0.1,0.44,0.1,0.33,-0.01,0.0,-123456,1.0,68.95,689.48,-123456,-123456,284,1,283.15,291.71,298.48,298.82,-123456,-123456,283.15,689.48,17995.32,-123456,-123456,-123456,1,0,-123456,0,0,0.0,1,-123456,-123456,0.5,-123456,-123456,-123456,-123456,-123456,-123456,-123456,-123456,2488,-123456,284,1187,-123456,8,1.0,1.0,-123456,3,1,-123456
29100.0,297.37,299.15,294.26,0.0,-123456,290.48,0.0567,0.057,0.06,296.93,299.15,294.26,0.0,-123456,290.48,0.0433,0.043,0.05,296.93,299.15,294.26,0.0,-123456,290.59,0.0467,0.047,0.04,297.04,299.15,294.26,0.0,-123456,290.54,0.0433,0.043,0.05,296.98,299.15,294.26,0.0,-123456,290.54,0.053399999999999996,0.053,0.26,290.54,308.15,295.43,291.84,296.76,297.26,290.54,1,0.201,0.0,-123456,0.9,0.1,0.44,0.11,0.33,-0.01,0.0,-123456,1.0,0.0,689.48,-123456,-123456,284,1,283.15,291.76,298.65,298.98,-123456,-123456,283.15,689.48,17995.32,-123456,-123456,-123456,1,0,-123456,0,0,0.0,1,-123456,-123456,0.5,-123456,-123456,-123456,-123456,-123456,-123456,-123456,-123456,2492,-123456,284,1231,-123456,8,1.0,1.0,-123456,3,1,-123456
29400.0,297.43,299.15,294.26,0.0,-123456,290.54,0.0567,0.057,0.06,296.98,299.15,294.26,0.0,-123456,290.54,0.0433,0.043,0.04,296.98,299.15,294.26,0.0,-123456,290.59,0.0467,0.047,0.04,297.09,299.15,294.26,0.0,-123456,290.59,0.0433,0.043,0.05,297.04,299.15,294.26,0.0,-123456,290.59,0.053399999999999996,0.053,0.26,290.59,308.15,295.59,291.9,296.87,297.26,290.59,1,0.177,0.0,-123456,0.9,0.1,0.44,0.1,0.33,-0.01,0.0,-123456,1.0,0.0,689.48,-123456,-123456,284,1,283.15,291.76,298.82,299.15,-123456,-123456,283.15,689.48,17995.32,-123456,-123456,-123456,1,0,-123456,0,0,0.0,1,-123456,-123456,0.5,-123456,-123456,-123456,-123456,-123456,-123456,-123456,-123456,2521,-123456,284,1203,-123456,8,1.0,1.0,-123456,3,1,-123456
29700.0,297.48,299.15,294.26,0.0,-123456,290.54,0.0567,0.057,0.06,297.09,299.15,294.26,0.0,-123456,290.59,0.0433,0.043,0.04,297.09,299.15,294.26,0.0,-123456,290.65,0.0467,0.047,0.04,297.21,299.15,294.26,0.0,-123456,290.59,0.0433,0.043,0.04,297.09,299.15,294.26,0.0,-123456,290.59,0.053399999999999996,0.053,0.26,290.59,308.15,295.71,291.91,296.93,297.37,290.59,1,0.134,0.0,-123456,0.9,0.1,0.43,0.1,0.32,-0.01,0.0,-123456,1.0,68.95,689.48,-123456,-123456,284,1,283.15,291.82,298.98,299.26,-123456,-123456,283.15,689.48,17995.32,-123456,-123456,-123456,1,0,-123456,0,0,0.0,1,-123456,-123456,0.5,-123456,-123456,-123456,-123456,-123456,-123456,-123456,-123456,2550,-123456,284,1174,-123456,8,1.0,1.0,-123456,3,1,-123456
30000.0,297.59,299.15,294.26,0.0,-123456,290.59,0.0567,0.057,0.06,297.21,299.15,294.26,0.0,-123456,290.59,0.0433,0.043,0.05,297.15,299.15,294.26,0.0,-123456,290.65,0.0467,0.047,0.04,297.26,299.15,294.26,0.0,-123456,290.65,0.0433,0.043,0.05,297.21,299.15,294.26,0.0,-123456,290.65,0.053399999999999996,0.053,0.26,290.65,308.15,295.87,291.97,297.04,297.43,290.65,1,0.195,0.0,-123456,0.9,0.1,0.44,0.1,0.33,-0.01,0.0,-123456,1.0,0.0,689.48,-123456,-123456,284,1,283.15,291.87,299.15,299.43,-123456,-123456,283.15,689.48,17995.32,-123456,-123456,-123456,1,0,-123456,0,0,0.0,1,-123456,-123456,0.5,-123456,-123456,-123456,-123456,-123456,-123456,-123456,-123456,2580,-123456,284,1193,-123456,8,1.0,1.0,-123456,3,1,-123456
30300.0,297.71,299.15,294.26,0.0,-123456,290.65,0.0567,0.057,0.06,297.32,299.15,294.26,0.0,-123456,290.65,0.0433,0.043,0.04,297.26,299.15,294.26,0.0,-123456,290.71,0.0467,0.047,0.04,297.37,299.15,294.26,0.0,-123456,290.71,0.0433,0.043,0.04,297.32,299.15,294.26,0.0,-123456,290.71,0.053399999999999996,0.053,0.26,290.71,308.15,296.04,291.98,297.21,297.59,290.71,1,0.168,0.0,-123456,0.9,0.1,0.44,0.1,0.32,-0.01,0.0,-123456,1.0,0.0,689.48,-123456,-123456,284,1,283.15,291.98,299.32,299.59,-123456,-123456,283.15,689.48,17995.32,-123456,-123456,-123456,1,0,-123456,0,0,0.0,1,-123456,-123456,0.5,-123456,-123456,-123456,-123456,-123456,-123456,-123456,-123456,2609,-123456,284,1213,-123456,8,1.0,1.0,-123456,3,1,-123456
30600.0,297.82,299.15,294.26,0.0,-123456,290.71,0.0567,0.057,0.06,297.43,299.15,294.26,0.0,-123456,290.71,0.0433,0.043,0.05,297.37,299.15,294.26,0.0,-123456,290.82,0.0467,0.047,0.04,297.54,299.15,294.26,0.0,-123456,290.76,0.0433,0.043,0.05,297.43,299.15,294.26,0.0,-123456,290.76,0.053399999999999996,0.053,0.26,290.76,291.15,296.15,291.95,297.32,297.71,290.76,1,0.20199999999999999,0.0,-123456,0.9,0.1,0.44,0.1,0.33,-0.01,0.0,-123456,1.0,0.0,689.48,-123456,-123456,284,1,283.15,292.04,299.43,299.76,-123456,-123456,283.15,689.48,17995.32,-123456,-123456,-123456,1,0,-123456,0,0,0.109,1,-123456,-123456,0.5,-123456,-123456,-123456,-123456,-123456,-123456,-123456,-123456,2639,-123456,284,1221,-123456,8,1.0,1.0,-123456,3,1,-123456
30900.0,297.93,299.15,294.26,0.0,-123456,290.76,0.0567,0.057,0.06,297.54,299.15,294.26,0.0,-123456,290.82,0.0433,0.043,0.04,297.54,299.15,294.26,0.0,-123456,290.87,0.0467,0.047,0.04,297.65,299.15,294.26,0.0,-123456,290.82,0.0433,0.043,0.05,297.54,299.15,294.26,0.0,-123456,290.82,0.053399999999999996,0.053,0.26,290.82,291.15,296.32,291.96,297.43,297.82,290.82,1,0.183,0.0,-123456,0.9,0.1,0.44,0.11,0.32,-0.01,0.0,-123456,1.0,0.0,689.48,-123456,-123456,284,1,283.15,292.09,297.76,298.32,-123456,-123456,283.15,689.48,17995.32,-123456,-123456,-123456,1,0,-123456,0,0,0.584,1,-123456,-123456,0.5,-123456,-123456,-123456,-123456,-123456,-123456,-123456,-123456,2549,-123456,284,1155,-123456,907,1.0,1.0,-123456,3,1,-123456
31200.0,298.04,299.15,294.26,0.0,-123456,290.87,0.0567,0.057,0.06,297.65,299.15,294.26,0.0,-123456,290.87,0.0433,0.043,0.04,297.65,299.15,294.26,0.0,-123456,290.93,0.0467,0.047,0.04,297.76,299.15,294.26,0.0,-123456,290.93,0.0433,0.043,0.04,297.65,299.15,294.26,0.0,-123456,290.93,0.053399999999999996,0.053,0.26,290.93,308.15,296.43,291.93,297.54,297.93,290.93,1,0.172,0.0,-123456,0.9,0.1,0.43,0.11,0.32,-0.01,0.0,-123456,1.0,0.0,689.48,-123456,-123456,284,1,283.15,292.21,297.98,298.21,-123456,-123456,283.15,689.48,17995.32,-123456,-123456,-123456,1,0,-123456,0,0,0.1,1,-123456,-123456,0.5,-123456,-123456,-123456,-123456,-123456,-123456,-123456,-123456,2580,-123456,284,1193,-123456,8,1.0,1.0,-123456,3,1,-123456
31500.0,298.15,299.15,294.26,0.0,-123456,290.93,0.0567,0.057,0.06,297.76,299.15,294.26,0.0,-123456,290.93,0.0433,0.043,0.04,297.76,299.15,294.26,0.0,-123456,291.04,0.0467,0.047,0.04,297.87,299.15,294.26,0.0,-123456,290.98,0.0433,0.043,0.05,297.76,299.15,294.26,0.0,-123456,290.98,0.053399999999999996,0.053,0.26,290.98,291.15,296.59,291.94,297.65,298.04,290.98,1,0.147,0.0,-123456,0.9,0.1,0.43,0.11,0.32,-0.01,0.0,-123456,1.0,68.95,689.48,-123456,-123456,284,1,283.15,292.26,298.76,298.98,-123456,-123456,283.15,689.48,17995.32,-123456,-123456,-123456,1,0,-123456,0,0,0.247,1,-123456,-123456,0.5,-123456,-123456,-123456,-123456,-123456,-123456,-123456,-123456,2654,-123456,284,1209,-123456,8,1.0,1.0,-123456,3,1,-123456
31800.0,298.26,299.15,294.26,0.0,-123456,290.98,0.0567,0.057,0.06,297.87,299.15,294.26,0.0,-123456,290.98,0.0433,0.043,0.05,297.82,299.15,294.26,0.0,-123456,291.09,0.0467,0.047,0.04,297.93,299.15,294.26,0.0,-123456,291.04,0.0433,0.043,0.05,297.87,299.15,294.26,0.0,-123456,291.04,0.053399999999999996,0.053,0.26,291.04,308.15,296.71,291.91,297.76,298.15,291.04,1,0.196,0.0,-123456,0.9,0.1,0.44,0.12,0.32,-0.01,0.0,-123456,1.0,0.0,689.48,-123456,-123456,284,1,283.15,292.32,299.32,299.59,-123456,-123456,283.15,689.48,17995.32,-123456,-123456,-123456,1,0,-123456,0,0,0.1,1,-123456,-123456,0.5,-123456,-123456,-123456,-123456,-123456,-123456,-123456,-123456,2724,-123456,284,1195,-123456,8,1.0,1.0,-123456,3,1,-123456
32100.0,298.43,299.15,294.26,0.0,-123456,291.04,0.0567,0.057,0.06,297.98,299.15,294.26,0.0,-123456,291.09,0.0433,0.043,0.04,297.93,299.15,294.26,0.0,-123456,291.15,0.0467,0.047,0.04,298.04,299.15,294.26,0.0,-123456,291.15,0.0433,0.043,0.04,297.93,299.15,294.26,0.0,-123456,291.09,0.053399999999999996,0.053,0.26,291.15,308.15,296.87,291.92,297.87,298.26,291.15,1,0.172,0.0,-123456,0.9,0.1,0.43,0.11,0.31,-0.01,0.0,-123456,1.0,0.0,689.48,-123456,-123456,284,1,283.15,292.43,299.71,300.04,-123456,-123456,283.15,689.48,17995.32,-123456,-123456,-123456,1,0,-123456,0,0,0.0,1,-123456,-123456,0.5,-123456,-123456,-123456,-123456,-123456,-123456,-123456,-123456,2784,-123456,284,1184,-123456,8,1.0,1.0,-123456,3,1,-123456
32400.0,298.54,299.15,294.26,0.0,-123456,291.15,0.0567,0.057,0.06,298.09,299.15,294.26,0.0,-123456,291.15,0.0433,0.043,0.04,298.04,299.15,294.26,0.0,-123456,291.26,0.0467,0.047,0.04,298.15,299.15,294.26,0.0,-123456,291.21,0.0433,0.043,0.05,298.04,299.15,294.26,0.0,-123456,291.21,0.053399999999999996,0.053,0.26,291.21,291.15,296.98,291.89,297.98,298.32,291.21,1,0.142,0.0,-123456,0.9,0.1,0.43,0.11,0.31,-0.01,0.0,-123456,0.998,68.95,689.48,-123456,-123456,284,1,283.15,292.48,300.04,300.37,-123456,-123456,283.15,689.48,17995.32,-123456,-123456,-123456,1,0,-123456,0,0,0.0,1,-123456,-123456,0.5,-123456,-123456,-123456,-123456,-123456,-123456,-123456,-123456,2816,-123456,284,1201,-123456,8,1.0,1.0,-123456,3,1,-123456
32700.0,298.59,299.15,294.26,0.0,-123456,291.21,0.0567,0.057,0.06,298.21,299.15,294.26,0.0,-123456,291.21,0.0433,0.043,0.04,298.09,299.15,294.26,0.0,-123456,291.32,0.0467,0.047,0.04,298.21,299.15,294.26,0.0,-123456,291.26,0.0433,0.043,0.05,298.15,299.15,294.26,0.0,-123456,291.26,0.053399999999999996,0.053,0.26,291.26,291.15,297.15,291.96,298.04,298.43,291.26,1,0.191,0.0,-123456,0.9,0.1,0.44,0.12,0.31,-0.01,0.0,-123456,0.981,0.0,689.48,-123456,-123456,284,1,283.15,292.54,300.32,300.65,-123456,-123456,283.15,689.48,17995.32,-123456,-123456,-123456,1,0,-123456,0,0,0.0,1,-123456,-123456,0.5,-123456,-123456,-123456,-123456,-123456,-123456,-123456,-123456,2874,-123456,284,1192,-123456,8,1.0,1.0,-123456,3,1,-123456
33000.0,298.71,299.15,294.26,0.0,-123456,291.32,0.0567,0.057,0.06,298.26,299.15,294.26,0.0,-123456,291.32,0.0433,0.043,0.04,298.15,299.15,294.26,0.0,-123456,291.37,0.0467,0.047,0.04,298.26,299.15,294.26,0.0,-123456,291.37,0.0433,0.043,0.04,298.15,299.15,294.26,0.0,-123456,291.37,0.053399999999999996,0.053,0.26,291.37,291.15,297.32,292.05,298.15,298.48,291.37,1,0.17600000000000002,0.0,-123456,0.9,0.1,0.44,0.12,0.31,-0.01,0.0,-123456,0.9490000000000001,0.0,689.48,-123456,-123456,284,1,283.15,292.59,300.54,300.87,-123456,-123456,283.15,689.48,17995.32,-123456,-123456,-123456,1,0,-123456,0,0,0.0,1,-123456,-123456,0.5,-123456,-123456,-123456,-123456,-123456,-123456,-123456,-123456,2903,-123456,284,1210,-123456,8,1.0,1.0,-123456,3,1,-123456
33300.0,298.76,299.15,294.26,0.0,-123456,291.37,0.0567,0.057,0.06,298.32,299.15,294.26,0.0,-123456,291.37,0.0433,0.043,0.05,298.21,299.15,294.26,0.0,-123456,291.48,0.0467,0.047,0.04,298.32,299.15,294.26,0.0,-123456,291.43,0.0433,0.043,0.05,298.21,299.15,294.26,0.0,-123456,291.43,0.053399999999999996,0.053,0.26,291.43,291.15,297.43,292.09,298.21,298.54,291.43,1,0.16,0.0,-123456,0.9,0.1,0.44,0.12,0.31,-0.01,0.0,-123456,0.905,68.95,689.48,-123456,-123456,284,1,283.15,292.65,300.76,301.09,-123456,-123456,283.15,689.48,17995.32,-123456,-123456,-123456,1,0,-123456,0,0,0.0,1,-123456,-123456,0.5,-123456,-123456,-123456,-123456,-123456,-123456,-123456,-123456,2933,-123456,284,1229,-123456,8,1.0,1.0,-123456,3,1,-123456
33600.0,298.82,299.15,294.26,0.0,-123456,291.43,0.06,0.06,0.06,298.37,299.15,294.26,0.0,-123456,291.48,0.0433,0.043,0.04,298.26,299.15,294.26,0.0,-123456,291.54,0.0467,0.047,0.04,298.37,299.15,294.26,0.0,-123456,291.48,0.0433,0.043,0.05,298.26,299.15,294.26,0.0,-123456,291.48,0.053399999999999996,0.053,0.26,291.48,291.15,297.59,292.2,298.26,298.59,291.48,1,0.182,0.0,-123456,0.9,0.1,0.44,0.12,0.31,-0.01,0.0,-123456,0.852,0.0,689.48,-123456,-123456,284,1,283.15,292.76,300.93,301.26,-123456,-123456,283.15,689.48,17995.32,-123456,-123456,-123456,1,0,-123456,0,0,0.0,1,-123456,-123456,0.5,-123456,-123456,-123456,-123456,-123456,-123456,-123456,-123456,2962,-123456,284,1203,-123456,8,1.0,1.0,-123456,3,1,-123456
33900.0,298.82,299.15,294.26,0.0,-123456,291.54,0.06,0.06,0.06,298.43,299.15,294.26,0.0,-123456,291.54,0.0433,0.043,0.04,298.26,299.15,294.26,0.0,-123456,291.65,0.0467,0.047,0.04,298.37,299.15,294.26,0.0,-123456,291.59,0.0433,0.043,0.04,298.26,299.15,294.26,0.0,-123456,291.59,0.053399999999999996,0.053,0.26,291.59,291.15,297.71,292.26,298.37,298.59,291.59,1,0.126,0.0,-123456,0.9,0.1,0.43,0.12,0.3,-0.01,0.0,-123456,0.7829999999999999,0.0,689.48,-123456,-123456,284,1,283.15,292.82,301.15,301.48,-123456,-123456,283.15,689.48,17995.32,-123456,-123456,-123456,1,0,-123456,0,0,0.0,1,-123456,-123456,0.5,-123456,-123456,-123456,-123456,-123456,-123456,-123456,-123456,3006,-123456,284,1208,-123456,8,1.0,1.0,-123456,3,1,-123456
34200.0,298.87,299.15,294.26,0.0,-123456,291.59,0.06,0.06,0.06,298.43,299.15,294.26,0.0,-123456,291.59,0.0433,0.043,0.05,298.32,299.15,294.26,0.0,-123456,291.71,0.0467,0.047,0.04,298.43,299.15,294.26,0.0,-123456,291.65,0.0433,0.043,0.05,298.32,299.15,294.26,0.0,-123456,291.65,0.053399999999999996,0.053,0.26,291.65,291.03,297.87,292.35,298.43,298.65,291.65,1,0.209,0.0,-123456,0.9,0.1,0.45,0.12,0.31,-0.01,0.0,-123456,0.701,68.95,689.48,-123456,-123456,284,1,283.15,292.87,301.32,301.65,-123456,-123456,283.15,689.48,17995.32,-123456,-123456,-123456,1,0,-123456,0,0,0.0,1,-123456,-123456,0.5,-123456,-123456,-123456,-123456,-123456,-123456,-123456,-123456,3038,-123456,284,1220,-123456,8,1.0,1.0,-123456,3,1,-123456
34500.0,298.87,299.15,294.26,0.0,-123456,292.32,0.0857,0.086,0.11,298.48,299.15,294.26,0.0,-123456,292.32,0.041100000000000005,0.040999999999999995,0.06,298.32,299.15,294.26,0.0,-123456,292.43,0.041100000000000005,0.040999999999999995,0.04,298.43,299.15,294.26,0.0,-123456,292.37,0.04,0.04,0.06,298.32,299.15,294.26,0.0,-123456,292.37,0.053399999999999996,0.053,0.26,292.37,291.03,297.98,292.41,298.48,298.65,292.37,1,0.207,0.0,-123456,0.9,0.1,0.5,0.14,0.36,-0.01,0.0,-123456,0.501,0.0,689.48,-123456,-123456,284,1,283.15,293.15,301.48,301.82,-123456,-123456,283.15,689.48,17995.32,-123456,-123456,-123456,1,0,-123456,0,0,0.0,1,-123456,-123456,0.5,-123456,-123456,-123456,-123456,-123456,-123456,-123456,-123456,3210,-123456,284,1199,-123456,8,1.0,1.0,-123456,3,1,-123456
34800.0,298.87,299.15,294.26,0.0,-123456,292.37,0.11460000000000001,0.115,0.11,298.48,299.15,294.26,0.0,-123456,292.43,0.0768,0.077,0.08,298.32,299.15,294.26,0.0,-123456,292.48,0.058899999999999994,0.059000000000000004,0.05,298.43,299.15,294.26,0.0,-123456,292.43,0.0634,0.063,0.07,298.37,299.15,294.26,0.0,-123456,292.43,0.053399999999999996,0.053,0.26,292.43,291.03,298.15,292.52,298.54,298.71,292.43,1,0.198,0.0,-123456,0.9,0.1,0.55,0.14,0.4,-0.01,0.0,-123456,0.28,0.0,689.48,-123456,-123456,284,1,283.15,293.15,301.71,302.04,-123456,-123456,283.15,689.48,17995.32,-123456,-123456,-123456,1,0,-123456,0,0,0.0,1,-123456,-123456,0.5,-123456,-123456,-123456,-123456,-123456,-123456,-123456,-123456,3289,-123456,284,1218,-123456,8,1.0,1.0,-123456,3,1,-123456
35100.0,298.93,299.15,294.26,0.0,-123456,292.43,0.11460000000000001,0.115,0.11,298.54,299.15,294.26,0.0,-123456,292.48,0.0768,0.077,0.08,298.37,299.15,294.26,0.0,-123456,292.54,0.058899999999999994,0.059000000000000004,0.04,298.48,299.15,294.26,0.0,-123456,292.48,0.0634,0.063,0.06,298.37,299.15,294.26,0.0,-123456,292.48,0.053399999999999996,0.053,0.26,292.48,291.03,298.26,292.56,298.59,298.71,292.48,1,0.18600000000000003,0.0,-123456,0.9,0.1,0.55,0.15,0.39,-0.01,0.0,-123456,0.045,0.0,689.48,-123456,-123456,284,1,283.15,293.15,301.87,302.26,-123456,-123456,283.15,689.48,17995.32,-123456,-123456,-123456,1,0,-123456,0,0,0.0,1,-123456,-123456,0.5,-123456,-123456,-123456,-123456,-123456,-123456,-123456,-123456,3342,-123456,284,1214,-123456,8,1.0,1.0,-123456,3,1,-123456
35400.0,298.93,299.15,294.26,0.0,-123456,293.04,0.1336,0.134,0.13,298.54,299.15,294.26,0.0,-123456,293.04,0.0667,0.067,0.09,298.37,299.15,294.26,0.0,-123456,293.09,0.052199999999999996,0.052000000000000005,0.06,298.43,299.15,294.26,0.0,-123456,293.04,0.058899999999999994,0.059000000000000004,0.08,298.37,299.15,294.26,0.0,-123456,293.04,0.053399999999999996,0.053,0.26,293.09,291.03,298.43,292.67,298.65,298.76,293.09,1,0.17600000000000002,0.0,-123456,0.9,0.1,0.59,0.16,0.43,-0.01,0.0,-123456,0.0,68.95,689.48,-123456,-123456,284,1,283.15,293.15,302.09,302.48,-123456,-123456,283.15,689.48,17995.32,-123456,-123456,-123456,1,0,-123456,0,0,0.0,1,-123456,-123456,0.5,-123456,-123456,-123456,-123456,-123456,-123456,-123456,-123456,3477,-123456,284,1225,-123456,8,1.0,1.0,-123456,3,1,-123456
35700.0,298.93,299.15,294.26,0.0,-123456,290.15,0.1616,0.162,0.15,298.59,299.15,294.26,0.0,-123456,290.37,0.0824,0.08199999999999999,0.08,298.37,299.15,294.26,0.0,-123456,290.48,0.0768,0.077,0.06,298.48,299.15,294.26,0.0,-123456,290.37,0.08130000000000001,0.081,0.08,298.43,299.15,294.26,0.0,-123456,290.59,0.053399999999999996,0.053,0.26,290.21,291.03,298.54,292.73,298.71,298.76,290.15,1,0.21,0.0,-123456,0.9,0.1,0.63,0.16,0.46,-0.01,0.0,-123456,0.0,0.0,689.48,-123456,-123456,321,1,283.15,288.98,303.43,304.26,-123456,-123456,283.15,344.74,17995.32,-123456,-123456,-123456,1,0,-123456,0,0,0.18100000000000002,1,-123456,-123456,0.32,-123456,-123456,-123456,-123456,-123456,-123456,-123456,-123456,6711,-123456,196,317,-123456,8,1.0,1.0,-123456,3,1,-123456
36000.0,298.87,299.15,294.26,0.0,-123456,290.37,0.1616,0.162,0.15,298.59,299.15,294.26,0.0,-123456,290.26,0.0824,0.08199999999999999,0.08,298.37,299.15,294.26,0.0,-123456,290.32,0.0768,0.077,0.06,298.48,299.15,294.26,0.0,-123456,290.37,0.08130000000000001,0.081,0.08,298.37,299.15,294.26,0.0,-123456,290.32,0.053399999999999996,0.053,0.26,290.43,291.03,298.71,292.82,298.71,298.76,290.43,1,0.195,0.0,-123456,0.9,0.1,0.63,0.16,0.46,-0.01,0.0,-123456,0.0,0.0,689.48,-123456,-123456,282,1,283.15,289.32,302.65,303.04,-123456,-123456,283.15,689.48,17995.32,-123456,-123456,-123456,1,0,-123456,0,0,0.258,1,-123456,-123456,0.48,-123456,-123456,-123456,-123456,-123456,-123456,-123456,-123456,2226,-123456,282,1162,-123456,8,1.0,1.0,-123456,3,1,-123456
36300.0,298.82,299.15,294.26,0.0,-123456,291.93,0.1705,0.17,0.16,298.59,299.15,294.26,0.0,-123456,291.98,0.0824,0.08199999999999999,0.12,298.32,299.15,294.26,0.0,-123456,292.04,0.07,0.07,0.07,298.43,299.15,294.26,0.0,-123456,291.98,0.079,0.079,0.1,298.37,299.15,294.26,0.0,-123456,291.93,0.053399999999999996,0.053,0.26,291.93,291.03,298.82,292.7,298.76,298.76,291.87,1,0.18,0.0,-123456,0.9,0.1,0.67,0.17,0.49,-0.01,0.033,-123456,0.0,68.95,689.48,-123456,-123456,508,1,283.15,290.59,301.87,302.98,-123456,-123456,283.15,2413.17,17995.32,-123456,-123456,-123456,1,0,-123456,0,0,0.34600000000000003,1,-123456,-123456,0.85,-123456,-123456,-123456,-123456,-123456,-123456,-123456,-123456,10719,-123456,487,930,-123456,215,1.0,1.0,-123456,3,1,-123456
36600.0,298.82,299.15,294.26,0.0,-123456,291.21,0.18719999999999998,0.187,0.17,298.59,299.15,294.26,0.0,-123456,291.15,0.10800000000000001,0.10800000000000001,0.11,298.32,299.15,294.26,0.0,-123456,291.26,0.09570000000000001,0.096,0.07,298.43,299.15,294.26,0.0,-123456,291.21,0.1024,0.102,0.1,298.37,299.15,294.26,0.0,-123456,291.09,0.053399999999999996,0.053,0.26,291.32,291.03,298.87,292.74,298.76,298.76,291.32,1,0.223,0.0,-123456,0.9,0.1,0.72,0.18,0.53,-0.01,0.0,-123456,0.0,0.0,689.48,-123456,-123456,274,1,283.15,289.76,302.09,302.76,-123456,-123456,283.15,689.48,17995.32,-123456,-123456,-123456,1,0,-123456,0,0,0.316,1,-123456,-123456,0.49,-123456,-123456,-123456,-123456,-123456,-123456,-123456,-123456,2282,-123456,278,1278,-123456,176,1.0,1.0,-123456,3,1,-123456
36900.0,298.82,299.15,294.26,0.0,-123456,290.09,0.18719999999999998,0.187,0.17,298.59,299.15,294.26,0.0,-123456,290.09,0.10800000000000001,0.10800000000000001,0.11,298.32,299.15,294.26,0.0,-123456,290.15,0.09570000000000001,0.096,0.07,298.43,299.15,294.26,0.0,-123456,290.15,0.1024,0.102,0.1,298.37,299.15,294.26,0.0,-123456,290.26,0.053399999999999996,0.053,0.26,290.21,291.03,298.98,292.81,298.82,298.76,290.21,1,0.221,0.0,-123456,0.9,0.1,0.71,0.18,0.53,-0.01,0.0,-123456,0.0,0.0,689.48,-123456,-123456,232,1,283.15,289.09,302.71,303.48,-123456,-123456,283.15,689.48,17995.32,-123456,-123456,-123456,1,0,-123456,0,0,0.314,1,-123456,-123456,0.51,-123456,-123456,-123456,-123456,-123456,-123456,-123456,-123456,4602,-123456,279,262,-123456,121,1.0,1.0,-123456,3,1,-123456
37200.0,298.76,299.15,294.26,0.0,-123456,290.43,0.2351,0.235,0.25,298.54,299.15,294.26,0.0,-123456,290.43,0.13019999999999998,0.13,0.18,298.26,299.15,294.26,0.0,-123456,290.48,0.11689999999999999,0.11699999999999999,0.13,298.37,299.15,294.26,0.0,-123456,290.48,0.1069,0.107,0.14,298.37,299.15,294.26,0.0,-123456,290.65,0.053399999999999996,0.053,0.26,290.48,291.03,299.09,292.88,298.82,298.71,290.48,1,0.239,0.0,-123456,0.9,0.1,0.91,0.22,0.69,-0.01,0.0,-123456,0.0,0.0,689.48,-123456,-123456,353,1,283.15,289.21,302.43,303.48,-123456,-123456,283.15,344.74,17995.32,-123456,-123456,-123456,1,0,-123456,0,0,0.275,1,-123456,-123456,0.3,-123456,-123456,-123456,-123456,-123456,-123456,-123456,-123456,7838,-123456,222,-877,-123456,20,1.0,1.0,-123456,3,1,-123456
37500.0,298.76,299.15,294.26,0.0,-123456,290.98,0.2473,0.247,0.2,298.54,299.15,294.26,0.0,-123456,290.98,0.15039999999999998,0.15,0.15,298.26,299.15,294.26,0.0,-123456,291.04,0.1369,0.13699999999999998,0.1,298.37,299.15,294.26,0.0,-123456,291.04,0.1336,0.134,0.13,298.37,299.15,294.26,0.0,-123456,290.82,0.053399999999999996,0.053,0.26,291.15,291.03,299.15,292.91,298.82,298.71,291.15,1,0.22699999999999998,0.0,-123456,0.9,0.1,0.85,0.21,0.64,-0.01,0.0,-123456,0.0,0.0,689.48,-123456,-123456,289,1,283.15,289.37,302.48,303.26,-123456,-123456,283.15,689.48,17995.32,-123456,-123456,-123456,1,0,-123456,0,0,0.389,1,-123456,-123456,0.48,-123456,-123456,-123456,-123456,-123456,-123456,-123456,-123456,2404,-123456,278,1129,-123456,252,1.0,1.0,-123456,3,1,-123456
37800.0,298.76,299.15,294.26,0.0,-123456,291.65,0.2395,0.24,0.18,298.59,299.15,294.26,0.0,-123456,291.71,0.15039999999999998,0.15,0.15,298.32,299.15,294.26,0.0,-123456,291.76,0.1369,0.13699999999999998,0.1,298.37,299.15,294.26,0.0,-123456,291.71,0.1336,0.134,0.13,298.43,299.15,294.26,0.0,-123456,291.48,0.053399999999999996,0.053,0.26,291.76,291.03,299.26,292.98,298.87,298.71,291.76,1,0.175,0.0,-123456,0.9,0.1,0.78,0.19,0.58,-0.01,0.027999999999999997,-123456,0.0,0.0,689.48,-123456,-123456,287,1,283.15,290.15,302.32,303.04,-123456,-123456,283.15,2757.9,17995.32,-123456,-123456,-123456,1,0,-123456,0,0,0.33,1,-123456,-123456,0.94,-123456,-123456,-123456,-123456,-123456,-123456,-123456,-123456,6342,-123456,430,5212,-123456,206,1.0,1.0,-123456,3,1,-123456
38100.0,298.76,299.15,294.26,0.0,-123456,290.48,0.42560000000000003,0.426,0.24,298.54,299.15,294.26,0.0,-123456,290.48,0.2607,0.261,0.25,298.26,299.15,294.26,0.0,-123456,290.59,0.1358,0.136,0.13,298.37,299.15,294.26,0.0,-123456,290.54,0.1336,0.134,0.13,298.43,299.15,294.26,0.0,-123456,290.76,0.053399999999999996,0.053,0.26,290.54,291.03,299.37,293.05,298.82,298.65,290.54,1,0.244,0.0,-123456,0.9,0.1,1.03,0.24,0.78,-0.01,0.0,-123456,0.0,0.0,689.48,-123456,-123456,392,1,283.15,289.21,302.71,303.76,-123456,-123456,283.15,689.48,17995.32,-123456,-123456,-123456,1,0,-123456,0,0,0.297,1,-123456,-123456,0.39,-123456,-123456,-123456,-123456,-123456,-123456,-123456,-123456,10106,-123456,317,-1251,-123456,81,1.0,1.0,-123456,3,1,-123456
38400.0,298.71,299.15,294.26,0.0,-123456,291.82,0.4178,0.418,0.29,298.48,299.15,294.26,0.0,-123456,291.87,0.18489999999999998,0.185,0.25,298.26,299.15,294.26,0.0,-123456,291.87,0.1649,0.165,0.12,298.43,299.15,294.26,0.0,-123456,291.82,0.1336,0.134,0.13,298.43,299.15,294.26,0.0,-123456,291.59,0.053399999999999996,0.053,0.26,291.82,291.03,299.43,293.09,298.82,298.59,291.82,1,0.26,0.0,-123456,0.9,0.1,1.04,0.24,0.79,-0.0,0.055,-123456,0.0,0.0,689.48,-123456,-123456,491,1,283.15,290.04,302.48,303.54,-123456,-123456,283.15,2757.9,17995.32,-123456,-123456,-123456,1,0,-123456,0,0,0.321,1,-123456,-123456,0.91,-123456,-123456,-123456,-123456,-123456,-123456,-123456,-123456,10581,-123456,518,1174,-123456,188,1.0,1.0,-123456,3,1,-123456
38700.0,298.65,299.15,294.26,0.0,-123456,290.43,0.25730000000000003,0.257,0.31,298.48,299.15,294.26,0.0,-123456,290.43,0.19829999999999998,0.198,0.2,298.26,299.15,294.26,0.0,-123456,290.54,0.1649,0.165,0.12,298.43,299.15,294.26,0.0,-123456,290.48,0.1336,0.134,0.13,298.43,299.15,294.26,0.0,-123456,290.65,0.053399999999999996,0.053,0.26,290.48,291.03,299.54,293.16,298.82,298.59,290.48,1,0.276,0.0,-123456,0.9,0.1,1.01,0.23,0.77,-0.01,0.0,-123456,0.0,68.95,689.48,-123456,-123456,365,1,283.15,289.09,302.71,303.87,-123456,-123456,283.15,344.74,17995.32,-123456,-123456,-123456,1,0,-123456,0,0,0.361,1,-123456,-123456,0.3,-123456,-123456,-123456,-123456,-123456,-123456,-123456,-123456,8357,-123456,235,-1342,-123456,192,1.0,1.0,-123456,3,1,-123456
39000.0,298.71,299.15,294.26,0.0,-123456,291.26,1.0,1.0,0.32,298.43,299.15,294.26,0.0,-123456,291.26,0.8170000000000001,0.8170000000000001,0.33,298.15,299.15,294.26,0.0,-123456,291.37,0.1527,0.153,0.11,298.32,299.15,294.26,0.0,-123456,291.26,0.2273,0.22699999999999998,0.2,298.43,299.15,294.26,0.0,-123456,291.37,0.053399999999999996,0.053,0.26,291.21,291.03,299.65,293.23,298.76,298.48,291.21,1,0.297,0.0,-123456,0.9,0.1,1.24,0.29,0.95,-0.0,0.037000000000000005,-123456,0.0,0.0,689.48,-123456,-123456,501,1,283.15,289.59,302.59,303.93,-123456,-123456,283.15,2068.43,17995.32,-123456,-123456,-123456,1,0,-123456,0,0,0.413,1,-123456,-123456,0.81,-123456,-123456,-123456,-123456,-123456,-123456,-123456,-123456,10733,-123456,471,1130,-123456,308,1.0,1.0,-123456,3,1,-123456
39300.0,298.54,299.15,294.26,0.0,-123456,290.98,0.9497,0.95,0.38,298.26,299.15,294.26,0.0,-123456,290.98,0.3265,0.327,0.39,298.15,299.15,294.26,0.0,-123456,291.04,0.1838,0.184,0.16,298.32,299.15,294.26,0.0,-123456,291.04,0.1816,0.182,0.18,298.43,299.15,294.26,0.0,-123456,290.98,0.053399999999999996,0.053,0.26,291.04,291.03,299.71,293.26,298.71,298.37,291.04,1,0.349,0.0,-123456,0.9,0.1,1.4,0.31,1.08,-0.01,0.022000000000000002,-123456,0.0,68.95,3171.59,-123456,-123456,386,1,283.15,289.37,302.59,304.04,-123456,-123456,283.15,1723.69,17995.32,-123456,-123456,-123456,1,0,-123456,0,0,0.445,1,-123456,-123456,0.69,-123456,-123456,-123456,-123456,-123456,-123456,-123456,-123456,10562,-123456,386,1396,-123456,369,1.0,1.0,-123456,3,1,-123456
39600.0,298.32,299.15,294.26,0.0,-123456,291.43,0.42229999999999995,0.42200000000000004,0.36,298.32,299.15,294.26,0.0,-123456,291.43,0.3521,0.35200000000000004,0.29,298.09,299.15,294.26,0.0,-123456,291.48,0.20379999999999998,0.204,0.15,298.26,299.15,294.26,0.0,-123456,291.43,0.1816,0.182,0.18,298.37,299.15,294.26,0.0,-123456,291.26,0.053399999999999996,0.053,0.27,291.48,291.03,299.82,293.33,298.71,298.32,291.48,1,0.363,0.0,-123456,0.9,0.1,1.3,0.29,1.0,-0.01,0.046,-123456,0.0,68.95,2482.11,-123456,-123456,440,1,283.15,289.65,302.43,303.71,-123456,-123456,283.15,2413.17,17995.32,-123456,-123456,-123456,1,0,-123456,0,0,0.43200000000000005,1,-123456,-123456,0.84,-123456,-123456,-123456,-123456,-123456,-123456,-123456,-123456,10588,-123456,440,1363,-123456,368,1.0,1.0,-123456,3,1,-123456
39900.0,298.26,299.15,294.26,0.0,-123456,290.98,0.4292,0.429,0.4,298.26,299.15,294.26,0.0,-123456,290.98,0.3265,0.327,0.33,298.04,299.15,294.26,0.0,-123456,291.09,0.2061,0.20600000000000002,0.18,298.21,299.15,294.26,0.0,-123456,291.04,0.1805,0.18,0.19,298.37,299.15,294.26,0.0,-123456,291.09,0.053399999999999996,0.053,0.27,291.04,291.03,299.87,293.35,298.71,298.32,291.04,1,0.34299999999999997,0.0,-123456,0.9,0.1,1.33,0.3,1.03,-0.0,0.035,-123456,0.0,68.95,1447.9,-123456,-123456,410,1,283.15,289.37,302.59,304.09,-123456,-123456,283.15,1723.69,17995.32,-123456,-123456,-123456,1,0,-123456,0,0,0.473,1,-123456,-123456,0.73,-123456,-123456,-123456,-123456,-123456,-123456,-123456,-123456,10704,-123456,410,1353,-123456,417,1.0,1.0,-123456,3,1,-123456
40200.0,298.54,299.15,294.26,0.0,-123456,291.15,1.0,1.0,0.19,298.37,299.15,294.26,0.0,-123456,291.15,0.5752,0.575,0.2,298.04,299.15,294.26,0.0,-123456,291.21,0.24960000000000002,0.25,0.15,298.21,299.15,294.26,0.0,-123456,291.15,0.2094,0.209,0.2,298.37,299.15,294.26,0.0,-123456,291.21,0.053399999999999996,0.053,0.26,291.09,291.03,299.87,293.34,298.71,298.32,291.09,1,0.21100000000000002,0.0,-123456,0.9,0.1,0.96,0.23,0.73,-0.0,0.023,-123456,0.0,68.95,758.42,-123456,-123456,469,1,283.15,289.48,302.43,303.76,-123456,-123456,283.15,2068.43,17995.32,-123456,-123456,-123456,1,0,-123456,0,0,0.42,1,-123456,-123456,0.77,-123456,-123456,-123456,-123456,-123456,-123456,-123456,-123456,10558,-123456,445,1002,-123456,353,1.0,1.0,-123456,3,1,-123456
40500.0,298.71,299.15,294.26,0.0,-123456,291.15,1.0,1.0,0.29,298.59,299.15,294.26,0.0,-123456,291.21,1.0,1.0,0.32,298.09,299.15,294.26,0.0,-123456,291.32,0.4,0.4,0.22,298.26,299.15,294.26,0.0,-123456,291.21,0.2061,0.20600000000000002,0.2,298.43,299.15,294.26,0.0,-123456,290.98,0.053399999999999996,0.053,0.26,291.32,291.03,299.93,293.37,298.87,298.54,291.37,1,0.311,0.0,-123456,0.9,0.1,1.34,0.3,1.03,-0.01,0.024,-123456,0.0,68.95,3447.38,-123456,-123456,183,1,283.15,289.43,302.59,303.71,-123456,-123456,283.15,1723.69,17995.32,-123456,-123456,-123456,1,0,-123456,0,0,0.447,1,-123456,-123456,0.8,-123456,-123456,-123456,-123456,-123456,-123456,-123456,-123456,7798,-123456,183,4051,-123456,383,1.0,1.0,-123456,3,1,-123456
40800.0,298.15,299.15,294.26,0.0,-123456,291.09,0.6364,0.633,0.56,298.15,299.15,294.26,0.0,-123456,291.09,0.3321,0.332,0.43,298.04,299.15,294.26,0.0,-123456,291.21,0.2729,0.273,0.17,298.21,299.15,294.26,0.0,-123456,291.15,0.2127,0.213,0.25,298.43,299.15,294.26,0.0,-123456,291.15,0.053399999999999996,0.053,0.27,291.15,291.03,299.98,293.39,298.76,298.37,291.15,1,0.425,0.0,-123456,0.9,0.1,1.66,0.38,1.29,0.0,0.09699999999999999,-123456,0.0,137.9,3998.96,-123456,-123456,501,1,283.15,289.32,302.59,304.37,-123456,-123456,283.15,2413.17,17995.32,-123456,-123456,-123456,1,0,-123456,0,0,0.54,1,-123456,-123456,0.91,-123456,-123456,-123456,-123456,-123456,-123456,-123456,-123456,11172,-123456,503,1498,-123456,696,1.0,1.0,-123456,3,1,-123456
41100.0,298.04,299.15,294.26,0.0,-123456,290.98,0.5194,0.519,0.47,298.15,299.15,294.26,0.0,-123456,290.98,0.457,0.457,0.45,297.98,299.15,294.26,0.0,-123456,291.09,0.264,0.264,0.21,298.15,299.15,294.26,0.0,-123456,291.04,0.2418,0.242,0.24,298.37,299.15,294.26,0.0,-123456,290.98,0.053399999999999996,0.053,0.27,291.04,291.03,300.04,293.43,298.76,298.32,291.04,1,0.39,0.0,-123456,0.9,0.1,1.64,0.37,1.27,0.0,0.083,-123456,0.0,137.9,2964.75,-123456,-123456,474,1,283.15,289.26,302.54,304.26,-123456,-123456,283.15,2413.17,17995.32,-123456,-123456,-123456,1,0,-123456,0,0,0.536,1,-123456,-123456,0.87,-123456,-123456,-123456,-123456,-123456,-123456,-123456,-123456,10996,-123456,477,1547,-123456,680,1.0,1.0,-123456,3,1,-123456
41400.0,297.98,299.15,294.26,0.0,-123456,290.93,0.5316,0.532,0.47,298.15,299.15,294.26,0.0,-123456,290.93,0.4325,0.433,0.42,297.98,299.15,294.26,0.0,-123456,290.98,0.264,0.264,0.19,298.15,299.15,294.26,0.0,-123456,290.98,0.2418,0.242,0.24,298.37,299.15,294.26,0.0,-123456,290.98,0.053399999999999996,0.053,0.27,290.98,289.45,300.09,293.45,298.71,298.32,290.98,1,0.408,0.0,-123456,0.9,0.1,1.6,0.37,1.24,0.0,0.09699999999999999,-123456,0.0,68.95,2275.27,-123456,-123456,474,1,283.15,289.21,302.54,304.21,-123456,-123456,282.59,2413.17,17995.32,-123456,-123456,-123456,1,0,-123456,0,0,0.521,1,-123456,-123456,0.86,-123456,-123456,-123456,-123456,-123456,-123456,-123456,-123456,10968,-123456,474,1497,-123456,592,1.0,1.0,-123456,3,1,-123456
41700.0,297.82,299.15,294.26,0.0,-123456,289.87,1.0,1.0,0.53,297.87,299.15,294.26,0.0,-123456,289.87,1.0,1.0,0.56,297.71,299.15,294.26,0.0,-123456,289.93,0.37670000000000003,0.377,0.3,297.82,299.15,294.26,0.0,-123456,289.93,0.3187,0.319,0.38,298.32,299.15,294.26,0.0,-123456,289.87,0.053399999999999996,0.053,0.27,289.93,289.45,300.09,293.43,298.71,298.26,289.93,1,0.457,0.0,-123456,0.9,0.1,1.96,0.44,1.52,0.01,0.29600000000000004,-123456,0.0,137.9,3723.17,-123456,-123456,886,1,283.15,287.98,302.65,304.98,-123456,-123456,281.88,9652.66,17995.32,-123456,-123456,-123456,1,0,-123456,0,1,0.652,1,-123456,-123456,1.76,-123456,-123456,-123456,-123456,-123456,-123456,-123456,-123456,12679,-123456,896,1471,-123456,1215,1.0,1.0,-123456,3,1,-123456
42000.0,297.48,299.15,294.26,0.0,-123456,289.65,1.0,1.0,0.67,297.59,299.15,294.26,0.0,-123456,289.65,0.8382,0.838,0.71,297.65,299.15,294.26,0.0,-123456,289.76,0.3589,0.359,0.26,297.76,299.15,294.26,0.0,-123456,289.71,0.3567,0.35700000000000004,0.34,298.21,299.15,294.26,0.0,-123456,289.71,0.053399999999999996,0.053,0.28,289.71,289.45,300.15,293.46,298.65,298.15,289.71,1,0.561,0.0,-123456,0.9,0.1,2.27,0.52,1.76,0.01,0.341,-123456,0.0,137.9,5515.81,-123456,-123456,1012,1,283.15,287.76,302.59,305.15,-123456,-123456,281.88,13444.78,17995.32,-123456,-123456,-123456,1,0,-123456,0,1,0.679,1,-123456,-123456,2.05,-123456,-123456,-123456,-123456,-123456,-123456,-123456,-123456,13222,-123456,1017,1882,-123456,1439,1.0,1.0,-123456,3,1,-123456
42300.0,297.09,299.15,294.26,0.0,-123456,289.32,0.8137000000000001,0.8140000000000001,0.68,297.48,299.15,294.26,0.0,-123456,289.32,0.6153,0.615,0.61,297.59,299.15,294.26,0.0,-123456,289.37,0.3589,0.359,0.26,297.65,299.15,294.26,0.0,-123456,289.37,0.3543,0.354,0.35,298.09,299.15,294.26,0.0,-123456,289.37,0.0433,0.043,0.24,289.32,287.81,300.21,293.49,298.54,298.04,289.37,1,0.565,0.0,-123456,0.9,0.1,2.14,0.49,1.66,0.01,0.371,-123456,0.0,275.79,6825.81,-123456,-123456,1066,1,283.15,287.43,302.54,305.26,-123456,-123456,281.32,14823.73,17995.32,-123456,-123456,-123456,1,0,-123456,0,1,0.6829999999999999,1,-123456,-123456,2.16,-123456,-123456,-123456,-123456,-123456,-123456,-123456,-123456,13165,-123456,1066,1718,-123456,1508,1.0,1.0,-123456,3,1,-123456
42600.0,297.04,299.15,294.26,0.0,-123456,289.54,1.0,1.0,0.71,297.37,299.15,294.26,0.0,-123456,289.54,1.0,1.0,0.76,297.37,299.15,294.26,0.0,-123456,289.59,0.3923,0.392,0.32,297.32,299.15,294.26,0.0,-123456,289.59,0.5819,0.5820000000000001,0.54,297.71,299.15,294.26,0.0,-123456,289.59,0.1471,0.147,0.95,289.59,287.81,300.26,293.51,298.26,297.65,289.59,1,0.741,0.0,-123456,0.9,0.1,3.31,0.78,2.57,0.03,0.858,-123456,0.0,275.79,8618.45,-123456,-123456,705,1,283.15,287.32,302.59,306.15,-123456,-123456,280.55,30336.94,17995.32,-123456,-123456,-123456,1,0,-123456,0,1,0.769,1,-123456,-123456,3.08,-123456,-123456,-123456,-123456,-123456,-123456,-123456,-123456,15631,-123456,686,4508,-123456,2178,0.763,1.0,-123456,3,1,-123456
42900.0,296.76,299.15,294.26,0.0,-123456,289.76,0.8728,0.873,0.81,297.09,299.15,294.26,0.0,-123456,289.82,0.7848,0.785,0.82,297.26,299.15,294.26,0.0,-123456,289.87,0.4067,0.40700000000000003,0.3,297.15,299.15,294.26,0.0,-123456,289.82,0.545,0.545,0.5,297.54,299.15,294.26,0.0,-123456,289.82,0.1794,0.179,0.86,289.82,287.81,300.26,293.5,298.15,297.48,289.82,1,0.757,0.0,-123456,0.9,0.1,3.26,0.76,2.53,0.04,1.0,-123456,0.0,344.74,8825.29,-123456,-123456,408,1,283.15,287.54,302.54,305.82,-123456,-123456,280.55,22407.97,17995.32,-123456,-123456,-123456,1,0,-123456,0,1,0.7509999999999999,1,-123456,-123456,2.64,-123456,-123456,-123456,-123456,-123456,-123456,-123456,-123456,14750,-123456,403,4761,-123456,2065,0.648,1.0,-123456,3,1,-123456
43200.0,296.71,299.15,294.26,0.0,-123456,289.87,0.8773000000000001,0.877,0.81,297.09,299.15,294.26,0.0,-123456,289.87,0.8504,0.85,0.82,297.21,299.15,294.26,0.0,-123456,289.98,0.4067,0.40700000000000003,0.3,297.15,299.15,294.26,0.0,-123456,289.93,0.5183,0.518,0.51,297.43,299.15,294.26,0.0,-123456,289.93,0.1794,0.179,0.87,289.93,291.03,300.32,293.52,298.09,297.37,289.93,1,0.7559999999999999,0.0,-123456,0.9,0.1,3.27,0.76,2.54,0.03,0.98,-123456,0.0,275.79,8135.82,-123456,-123456,332,1,283.15,287.65,302.54,305.71,-123456,-123456,281.11,19650.07,17995.32,-123456,-123456,-123456,1,0,-123456,0,1,0.737,1,-123456,-123456,2.47,-123456,-123456,-123456,-123456,-123456,-123456,-123456,-123456,14381,-123456,332,4857,-123456,1946,0.607,1.0,-123456,3,1,-123456
43500.0,297.59,299.15,294.26,0.0,-123456,292.93,0.33880000000000005,0.33899999999999997,0.38,297.76,299.15,294.26,0.0,-123456,292.98,0.33880000000000005,0.33899999999999997,0.43,297.59,299.15,294.26,0.0,-123456,292.98,0.1413,0.141,0.1,297.54,299.15,294.26,0.0,-123456,292.98,0.2016,0.20199999999999999,0.2,297.71,299.15,294.26,0.0,-123456,292.43,0.051100000000000007,0.051,0.18,293.04,308.15,300.32,293.52,298.32,297.65,293.09,1,0.511,0.0,-123456,0.9,0.1,1.24,0.29,0.95,-0.0,0.0,-123456,0.978,275.79,7101.6,-123456,-123456,176,1,283.15,289.93,301.87,302.37,-123456,-123456,283.15,689.48,17995.32,-123456,-123456,-123456,1,0,-123456,0,0,0.408,1,-123456,-123456,0.49,-123456,-123456,-123456,-123456,-123456,-123456,-123456,-123456,1939,-123456,180,2017,-123456,330,0.8240000000000001,1.0,-123456,3,1,-123456
43800.0,298.43,299.15,294.26,0.0,-123456,295.37,0.37450000000000006,0.375,0.35,298.48,299.15,294.26,0.0,-123456,295.37,0.4178,0.418,0.41,298.15,299.15,294.26,0.0,-123456,295.48,0.15380000000000002,0.154,0.14,298.09,299.15,294.26,0.0,-123456,295.43,0.2173,0.217,0.25,298.15,299.15,294.26,0.0,-123456,295.37,0.036699999999999997,0.037000000000000005,0.22,295.43,308.15,300.32,293.52,298.93,298.48,295.43,1,0.495,0.0,-123456,0.9,0.1,1.36,0.31,1.05,-0.0,0.0,-123456,1.0,206.84,6412.13,-123456,-123456,286,1,283.15,293.15,302.48,302.82,-123456,-123456,283.15,689.48,17995.32,-123456,-123456,-123456,1,0,-123456,0,0,0.1,1,-123456,-123456,0.5,-123456,-123456,-123456,-123456,-123456,-123456,-123456,-123456,3927,-123456,286,1853,-123456,8,1.0,1.0,-123456,3,1,-123456
44100.0,298.71,299.15,294.26,0.0,-123456,295.65,0.37450000000000006,0.375,0.35,298.82,299.15,294.26,0.0,-123456,295.71,0.3956,0.396,0.39,298.48,299.15,294.26,0.0,-123456,295.82,0.1771,0.177,0.13,298.43,299.15,294.26,0.0,-123456,295.76,0.2429,0.243,0.24,298.43,299.15,294.26,0.0,-123456,295.71,0.036699999999999997,0.037000000000000005,0.22,295.76,291.15,300.32,293.52,299.15,298.76,295.76,1,0.45299999999999996,0.0,-123456,0.9,0.1,1.33,0.3,1.02,-0.0,0.0,-123456,0.98,206.84,5377.91,-123456,-123456,284,1,283.15,293.15,302.54,303.04,-123456,-123456,283.15,689.48,17995.32,-123456,-123456,-123456,1,0,-123456,0,0,0.287,1,-123456,-123456,0.5,-123456,-123456,-123456,-123456,-123456,-123456,-123456,-123456,4164,-123456,284,1702,-123456,117,1.0,1.0,-123456,3,1,-123456
44400.0,298.98,299.15,294.26,0.0,-123456,293.54,0.1213,0.121,0.09,298.98,299.15,294.26,0.0,-123456,293.54,0.1516,0.152,0.14,298.76,299.15,294.26,0.0,-123456,293.76,0.0735,0.07400000000000001,0.03,298.76,299.15,294.26,0.0,-123456,293.76,0.044500000000000005,0.044000000000000004,0.03,298.59,299.15,294.26,0.0,-123456,293.65,0.036699999999999997,0.037000000000000005,0.21,293.59,308.15,300.32,293.52,299.32,298.93,293.59,1,0.369,0.0,-123456,0.9,0.1,0.5,0.14,0.35,-0.01,0.0,-123456,1.0,137.9,4688.44,-123456,-123456,284,1,283.15,293.15,302.59,303.04,-123456,-123456,283.15,689.48,17995.32,-123456,-123456,-123456,1,0,-123456,0,0,0.292,1,-123456,-123456,0.5,-123456,-123456,-123456,-123456,-123456,-123456,-123456,-123456,3901,-123456,284,1347,-123456,47,1.0,1.0,-123456,3,1,-123456
44700.0,299.04,299.15,294.26,0.0,-123456,293.21,0.1247,0.125,0.13,299.09,299.15,294.26,0.0,-123456,293.21,0.1549,0.155,0.19,298.82,299.15,294.26,0.0,-123456,293.32,0.05,0.05,0.04,298.87,299.15,294.26,0.0,-123456,293.26,0.0478,0.048,0.06,298.65,299.15,294.26,0.0,-123456,293.21,0.036699999999999997,0.037000000000000005,0.21,293.26,308.15,300.32,293.52,299.37,298.98,293.26,1,0.348,0.0,-123456,0.9,0.1,0.61,0.16,0.44,-0.01,0.0,-123456,1.0,137.9,3654.22,-123456,-123456,284,1,283.15,293.15,302.59,302.98,-123456,-123456,283.15,689.48,17995.32,-123456,-123456,-123456,1,0,-123456,0,0,0.304,1,-123456,-123456,0.5,-123456,-123456,-123456,-123456,-123456,-123456,-123456,-123456,3695,-123456,284,1380,-123456,75,1.0,1.0,-123456,3,1,-123456
45000.0,299.09,299.15,294.26,0.0,-123456,293.09,0.1247,0.125,0.12,299.15,299.15,294.26,0.0,-123456,293.15,0.18600000000000003,0.18600000000000003,0.18,298.87,299.15,294.26,0.0,-123456,293.21,0.05,0.05,0.04,298.93,299.15,294.26,0.0,-123456,293.21,0.0478,0.048,0.05,298.71,299.15,294.26,0.0,-123456,293.15,0.036699999999999997,0.037000000000000005,0.19,293.21,291.03,300.32,293.52,299.43,299.04,293.21,1,0.259,0.0,-123456,0.9,0.1,0.59,0.15,0.43,-0.01,0.0,-123456,0.98,68.95,2964.75,-123456,-123456,284,1,283.15,293.15,302.59,302.98,-123456,-123456,283.15,689.48,17995.32,-123456,-123456,-123456,1,0,-123456,0,0,0.304,1,-123456,-123456,0.5,-123456,-123456,-123456,-123456,-123456,-123456,-123456,-123456,3665,-123456,284,1312,-123456,75,1.0,1.0,-123456,3,1,-123456
45300.0,299.09,299.15,294.26,0.0,-123456,293.98,0.1549,0.155,0.17,299.15,299.15,294.26,0.0,-123456,294.04,0.2462,0.24600000000000002,0.28,298.87,299.15,294.26,0.0,-123456,294.09,0.053399999999999996,0.053,0.08,298.93,299.15,294.26,0.0,-123456,294.04,0.042199999999999994,0.042,0.05,298.76,299.15,294.26,0.0,-123456,293.98,0.036699999999999997,0.037000000000000005,0.2,294.04,308.15,300.32,293.52,299.37,299.04,294.04,1,0.308,0.0,-123456,0.9,0.1,0.73,0.18,0.54,-0.01,0.0,-123456,1.0,68.95,1930.53,-123456,-123456,284,1,283.15,293.15,302.59,302.98,-123456,-123456,283.15,689.48,17995.32,-123456,-123456,-123456,1,0,-123456,0,0,0.304,1,-123456,-123456,0.5,-123456,-123456,-123456,-123456,-123456,-123456,-123456,-123456,3812,-123456,284,1360,-123456,75,1.0,1.0,-123456,3,1,-123456
45600.0,299.09,299.15,294.26,0.0,-123456,293.93,0.18719999999999998,0.187,0.18,299.15,299.15,294.26,0.0,-123456,293.93,0.24960000000000002,0.25,0.24,298.87,299.15,294.26,0.0,-123456,294.04,0.08460000000000001,0.085,0.06,298.98,299.15,294.26,0.0,-123456,293.98,0.058899999999999994,0.059000000000000004,0.06,298.76,299.15,294.26,0.0,-123456,293.98,0.036699999999999997,0.037000000000000005,0.19,293.98,308.15,300.32,293.52,299.43,299.04,293.98,1,0.243,0.0,-123456,0.9,0.1,0.73,0.18,0.54,-0.0,0.0,-123456,1.0,68.95,1241.06,-123456,-123456,284,1,283.15,293.15,302.59,303.04,-123456,-123456,283.15,689.48,17995.32,-123456,-123456,-123456,1,0,-123456,0,0,0.306,1,-123456,-123456,0.5,-123456,-123456,-123456,-123456,-123456,-123456,-123456,-123456,3871,-123456,284,1300,-123456,76,1.0,1.0,-123456,3,1,-123456
45900.0,299.09,299.15,294.26,0.0,-123456,293.98,0.18719999999999998,0.187,0.17,299.21,299.15,294.26,0.0,-123456,293.98,0.2484,0.248,0.26,298.93,299.15,294.26,0.0,-123456,294.09,0.08460000000000001,0.085,0.06,298.98,299.15,294.26,0.0,-123456,294.04,0.058899999999999994,0.059000000000000004,0.06,298.82,299.15,294.26,0.0,-123456,294.04,0.038900000000000004,0.039,0.2,294.04,291.03,300.32,293.52,299.43,299.09,294.04,1,0.24100000000000002,0.0,-123456,0.9,0.1,0.74,0.18,0.55,-0.01,0.0,-123456,0.98,68.95,689.48,-123456,-123456,284,1,283.15,293.15,302.54,302.98,-123456,-123456,283.15,689.48,17995.32,-123456,-123456,-123456,1,0,-123456,0,0,0.282,1,-123456,-123456,0.5,-123456,-123456,-123456,-123456,-123456,-123456,-123456,-123456,3855,-123456,284,1248,-123456,47,1.0,1.0,-123456,3,1,-123456
46200.0,299.15,299.15,294.26,0.0,-123456,294.15,0.18719999999999998,0.187,0.17,299.26,299.15,294.26,0.0,-123456,294.21,0.2529,0.253,0.22,298.93,299.15,294.26,0.0,-123456,294.26,0.11019999999999999,0.11,0.12,298.98,299.15,294.26,0.0,-123456,294.21,0.079,0.079,0.12,298.82,299.15,294.26,0.0,-123456,294.21,0.038900000000000004,0.039,0.19,294.26,308.15,300.32,293.52,299.43,299.15,294.26,1,0.23199999999999998,0.0,-123456,0.9,0.1,0.82,0.2,0.61,-0.01,0.0,-123456,1.0,0.0,689.48,-123456,-123456,284,1,283.15,293.15,302.54,302.98,-123456,-123456,283.15,689.48,17995.32,-123456,-123456,-123456,1,0,-123456,0,0,0.282,1,-123456,-123456,0.5,-123456,-123456,-123456,-123456,-123456,-123456,-123456,-123456,3899,-123456,284,1252,-123456,47,1.0,1.0,-123456,3,1,-123456
46500.0,299.15,299.15,294.26,0.0,-123456,294.15,0.17600000000000002,0.17600000000000002,0.16,299.32,299.15,294.26,0.0,-123456,294.15,0.2473,0.247,0.23,298.93,299.15,294.26,0.0,-123456,294.26,0.1369,0.13699999999999998,0.1,298.98,299.15,294.26,0.0,-123456,294.21,0.09570000000000001,0.096,0.1,298.82,299.15,294.26,0.0,-123456,294.21,0.038900000000000004,0.039,0.19,294.21,308.15,300.32,293.52,299.48,299.15,294.21,1,0.221,0.0,-123456,0.9,0.1,0.79,0.2,0.58,-0.01,0.0,-123456,1.0,0.0,689.48,-123456,-123456,284,1,283.15,293.15,302.59,302.98,-123456,-123456,283.15,689.48,17995.32,-123456,-123456,-123456,1,0,-123456,0,0,0.292,1,-123456,-123456,0.5,-123456,-123456,-123456,-123456,-123456,-123456,-123456,-123456,3906,-123456,284,1294,-123456,47,1.0,1.0,-123456,3,1,-123456
46800.0,299.21,299.15,294.26,0.0,-123456,294.15,0.17600000000000002,0.17600000000000002,0.16,299.32,299.15,294.26,0.0,-123456,294.21,0.2284,0.228,0.22,298.93,299.15,294.26,0.0,-123456,294.26,0.1369,0.13699999999999998,0.1,298.98,299.15,294.26,0.0,-123456,294.21,0.09570000000000001,0.096,0.1,298.87,299.15,294.26,0.0,-123456,294.21,0.038900000000000004,0.039,0.19,294.21,291.03,300.32,293.52,299.48,299.15,294.21,1,0.177,0.0,-123456,0.9,0.1,0.75,0.19,0.55,-0.01,0.0,-123456,0.98,68.95,689.48,-123456,-123456,284,1,283.15,293.15,302.54,302.98,-123456,-123456,283.15,689.48,17995.32,-123456,-123456,-123456,1,0,-123456,0,0,0.282,1,-123456,-123456,0.5,-123456,-123456,-123456,-123456,-123456,-123456,-123456,-123456,3923,-123456,284,1228,-123456,47,1.0,1.0,-123456,3,1,-123456
47100.0,299.32,299.15,294.26,0.0,-123456,294.65,0.1883,0.188,0.18,299.43,299.15,294.26,0.0,-123456,294.65,0.17600000000000002,0.17600000000000002,0.21,299.04,299.15,294.26,0.0,-123456,294.76,0.146,0.146,0.14,299.04,299.15,294.26,0.0,-123456,294.71,0.1091,0.109,0.15,298.93,299.15,294.26,0.0,-123456,294.65,0.038900000000000004,0.039,0.2,294.71,291.03,300.37,293.55,299.54,299.26,294.71,1,0.249,0.0,-123456,0.9,0.1,0.84,0.2,0.63,-0.01,0.0,-123456,0.29,68.95,689.48,-123456,-123456,284,1,283.15,293.15,302.59,302.98,-123456,-123456,283.15,689.48,17995.32,-123456,-123456,-123456,1,0,-123456,0,0,0.292,1,-123456,-123456,0.5,-123456,-123456,-123456,-123456,-123456,-123456,-123456,-123456,3988,-123456,284,1310,-123456,47,1.0,1.0,-123456,3,1,-123456
47400.0,299.37,299.15,294.26,0.0,-123456,294.48,0.1883,0.188,0.18,299.54,299.15,294.26,0.0,-123456,294.54,0.2284,0.228,0.22,299.09,299.15,294.26,0.0,-123456,294.65,0.16940000000000002,0.16899999999999998,0.12,299.15,299.15,294.26,0.0,-123456,294.59,0.1324,0.132,0.13,298.98,299.15,294.26,0.0,-123456,294.59,0.038900000000000004,0.039,0.19,294.59,291.03,300.43,293.56,299.65,299.37,294.59,1,0.239,0.0,-123456,0.9,0.1,0.84,0.2,0.63,-0.01,0.0,-123456,0.0,0.0,689.48,-123456,-123456,284,1,283.15,293.15,302.54,303.04,-123456,-123456,283.15,689.48,17995.32,-123456,-123456,-123456,1,0,-123456,0,0,0.29600000000000004,1,-123456,-123456,0.5,-123456,-123456,-123456,-123456,-123456,-123456,-123456,-123456,4005,-123456,284,1256,-123456,131,1.0,1.0,-123456,3,1,-123456
47700.0,299.26,299.15,294.26,0.0,-123456,291.09,0.1794,0.179,0.17,299.48,299.15,294.26,0.0,-123456,291.09,0.2273,0.22699999999999998,0.16,299.09,299.15,294.26,0.0,-123456,291.15,0.16940000000000002,0.16899999999999998,0.12,299.15,299.15,294.26,0.0,-123456,291.21,0.1324,0.132,0.13,298.98,299.15,294.26,0.0,-123456,291.48,0.038900000000000004,0.039,0.19,291.04,291.03,300.48,293.58,299.65,299.32,291.04,1,0.214,0.0,-123456,0.9,0.1,0.81,0.2,0.61,-0.01,0.01,-123456,0.0,0.0,689.48,-123456,-123456,451,1,283.15,289.48,302.54,303.98,-123456,-123456,283.15,1723.69,17995.32,-123456,-123456,-123456,1,0,-123456,0,0,0.575,1,-123456,-123456,0.74,-123456,-123456,-123456,-123456,-123456,-123456,-123456,-123456,10708,-123456,425,949,-123456,817,1.0,1.0,-123456,3,1,-123456
48000.0,299.09,299.15,294.26,0.0,-123456,291.48,1.0,1.0,0.25,299.37,299.15,294.26,0.0,-123456,291.48,1.0,1.0,0.27,298.87,299.15,294.26,0.0,-123456,291.59,1.0,1.0,0.2,298.87,299.15,294.26,0.0,-123456,291.54,0.8795000000000001,0.879,0.27,298.82,299.15,294.26,0.0,-123456,291.54,0.1024,0.102,0.66,291.54,291.03,300.54,293.59,299.48,299.15,291.54,1,0.375,0.0,-123456,0.9,0.1,1.7,0.39,1.31,-0.0,0.073,-123456,0.0,0.0,1585.79,-123456,-123456,437,1,283.15,289.71,302.65,304.21,-123456,-123456,283.15,2068.43,17995.32,-123456,-123456,-123456,1,0,-123456,0,0,0.5529999999999999,1,-123456,-123456,0.81,-123456,-123456,-123456,-123456,-123456,-123456,-123456,-123456,11017,-123456,446,1545,-123456,673,1.0,1.0,-123456,3,1,-123456
48300.0,298.59,299.15,294.26,0.0,-123456,291.32,0.8762000000000001,0.8759999999999999,0.48,298.98,299.15,294.26,0.0,-123456,291.32,0.9708,0.971,0.5,298.43,299.15,294.26,0.0,-123456,291.37,0.4156,0.41600000000000004,0.38,298.54,299.15,294.26,0.0,-123456,291.37,0.214,0.214,0.19,298.65,299.15,294.26,0.0,-123456,291.37,0.1235,0.124,0.59,291.37,291.03,300.59,293.62,299.21,298.76,291.37,1,0.5,0.0,-123456,0.9,0.1,2.16,0.49,1.67,0.01,0.161,-123456,0.0,68.95,4274.75,-123456,-123456,601,1,283.15,289.32,302.59,304.65,-123456,-123456,283.15,4136.86,17995.32,-123456,-123456,-123456,1,0,-123456,0,1,0.652,1,-123456,-123456,1.13,-123456,-123456,-123456,-123456,-123456,-123456,-123456,-123456,11818,-123456,607,1861,-123456,1337,1.0,1.0,-123456,3,1,-123456
48600.0,298.37,299.15,294.26,0.0,-123456,290.93,0.3845,0.385,0.42,298.71,299.15,294.26,0.0,-123456,290.93,0.5583,0.5579999999999999,0.46,298.43,299.15,294.26,0.0,-123456,290.98,0.33649999999999997,0.337,0.19,298.48,299.15,294.26,0.0,-123456,290.98,0.23620000000000002,0.23600000000000002,0.29,298.54,299.15,294.26,0.0,-123456,290.93,0.1235,0.124,0.6,290.98,291.03,300.59,293.58,299.04,298.54,290.98,1,0.474,0.0,-123456,0.9,0.1,1.94,0.45,1.5,0.01,0.155,-123456,0.0,137.9,3585.28,-123456,-123456,601,1,283.15,288.98,302.54,304.54,-123456,-123456,283.15,4136.86,17995.32,-123456,-123456,-123456,1,0,-123456,0,1,0.66,1,-123456,-123456,1.12,-123456,-123456,-123456,-123456,-123456,-123456,-123456,-123456,11615,-123456,601,1731,-123456,1337,1.0,1.0,-123456,3,1,-123456
48900.0,298.37,299.15,294.26,0.0,-123456,291.04,0.41229999999999994,0.41200000000000003,0.37,298.65,299.15,294.26,0.0,-123456,291.09,0.6899,0.69,0.49,298.37,299.15,294.26,0.0,-123456,291.15,0.2987,0.299,0.24,298.37,299.15,294.26,0.0,-123456,291.09,0.2774,0.27699999999999997,0.32,298.54,299.15,294.26,0.0,-123456,291.09,0.1191,0.11900000000000001,0.55,291.09,291.03,300.65,293.61,298.98,298.48,291.09,1,0.45799999999999996,0.0,-123456,0.9,0.1,1.97,0.45,1.53,0.0,0.15,-123456,0.0,68.95,2551.06,-123456,-123456,591,1,283.15,289.09,302.54,304.48,-123456,-123456,283.15,3792.12,17995.32,-123456,-123456,-123456,1,0,-123456,0,1,0.655,1,-123456,-123456,1.1,-123456,-123456,-123456,-123456,-123456,-123456,-123456,-123456,11641,-123456,596,1658,-123456,1301,1.0,1.0,-123456,3,1,-123456
49200.0,298.37,299.15,294.26,0.0,-123456,290.98,0.3945,0.395,0.37,298.59,299.15,294.26,0.0,-123456,290.98,0.5494,0.5489999999999999,0.51,298.37,299.15,294.26,0.0,-123456,291.09,0.3532,0.353,0.25,298.37,299.15,294.26,0.0,-123456,291.04,0.2876,0.28800000000000003,0.28,298.54,299.15,294.26,0.0,-123456,291.04,0.11689999999999999,0.11699999999999999,0.55,291.04,291.03,300.71,293.62,298.98,298.48,291.04,1,0.455,0.0,-123456,0.9,0.1,1.96,0.45,1.52,0.01,0.154,-123456,0.0,68.95,1861.59,-123456,-123456,606,1,283.15,289.04,302.54,304.54,-123456,-123456,283.15,3792.12,17995.32,-123456,-123456,-123456,1,0,-123456,0,1,0.664,1,-123456,-123456,1.12,-123456,-123456,-123456,-123456,-123456,-123456,-123456,-123456,11668,-123456,606,1637,-123456,1368,1.0,1.0,-123456,3,1,-123456
49500.0,298.37,299.15,294.26,0.0,-123456,290.76,0.42229999999999995,0.42200000000000004,0.32,298.76,299.15,294.26,0.0,-123456,290.82,0.9864,0.986,0.33,298.37,299.15,294.26,0.0,-123456,290.87,0.3532,0.353,0.25,298.37,299.15,294.26,0.0,-123456,290.82,0.2876,0.28800000000000003,0.28,298.48,299.15,294.26,0.0,-123456,290.82,0.11689999999999999,0.11699999999999999,0.55,290.82,291.03,300.76,293.64,298.98,298.48,290.82,1,0.37,0.0,-123456,0.9,0.1,1.7,0.38,1.32,-0.0,0.128,-123456,0.0,68.95,827.37,-123456,-123456,572,1,283.15,288.93,302.54,304.48,-123456,-123456,283.15,3447.38,17995.32,-123456,-123456,-123456,1,0,-123456,0,1,0.669,1,-123456,-123456,1.04,-123456,-123456,-123456,-123456,-123456,-123456,-123456,-123456,11385,-123456,572,1280,-123456,1401,1.0,1.0,-123456,3,1,-123456
49800.0,298.71,299.15,294.26,0.0,-123456,290.43,0.26739999999999997,0.271,0.21,298.87,299.15,294.26,0.0,-123456,290.48,0.6931999999999999,0.693,0.3,298.59,299.15,294.26,0.0,-123456,290.54,0.2943,0.294,0.16,298.59,299.15,294.26,0.0,-123456,290.54,0.2284,0.228,0.16,298.71,299.15,294.26,0.0,-123456,290.54,0.0634,0.063,0.26,290.59,291.03,300.82,293.66,299.21,298.65,290.59,1,0.245,0.0,-123456,0.9,0.1,1.1,0.26,0.83,-0.0,0.0,-123456,0.0,68.95,896.32,-123456,-123456,309,1,283.15,289.09,302.48,303.71,-123456,-123456,283.15,344.74,17995.32,-123456,-123456,-123456,1,0,-123456,0,0,0.602,1,-123456,-123456,0.3,-123456,-123456,-123456,-123456,-123456,-123456,-123456,-123456,6669,-123456,196,225,-123456,1009,1.0,1.0,-123456,3,1,-123456
50100.0,298.82,299.15,294.26,0.0,-123456,290.98,0.3343,0.33399999999999996,0.31,299.15,299.15,294.26,0.0,-123456,290.98,1.0,1.0,0.33,298.71,299.15,294.26,0.0,-123456,291.04,0.3889,0.389,0.24,298.71,299.15,294.26,0.0,-123456,291.04,0.18600000000000003,0.18600000000000003,0.17,298.82,299.15,294.26,0.0,-123456,291.04,0.041100000000000005,0.040999999999999995,0.2,291.04,291.03,300.87,293.68,299.37,298.87,291.04,1,0.29,0.0,-123456,0.9,0.1,1.25,0.28,0.95,-0.01,0.022000000000000002,-123456,0.0,68.95,1930.53,-123456,-123456,386,1,283.15,289.43,302.65,304.09,-123456,-123456,283.15,1723.69,17995.32,-123456,-123456,-123456,1,0,-123456,0,0,0.593,1,-123456,-123456,0.69,-123456,-123456,-123456,-123456,-123456,-123456,-123456,-123456,10587,-123456,388,1225,-123456,954,1.0,1.0,-123456,3,1,-123456
50400.0,298.87,299.15,294.26,0.0,-123456,290.93,0.2909,0.29100000000000004,0.24,298.93,299.15,294.26,0.0,-123456,290.93,0.603,0.603,0.45,298.82,299.15,294.26,0.0,-123456,290.98,0.2618,0.262,0.16,298.76,299.15,294.26,0.0,-123456,290.98,0.2173,0.217,0.21,298.87,299.15,294.26,0.0,-123456,290.98,0.041100000000000005,0.040999999999999995,0.21,290.98,291.03,300.93,293.69,299.37,298.87,290.98,1,0.321,0.0,-123456,0.9,0.1,1.27,0.29,0.97,-0.01,0.019,-123456,0.0,68.95,1999.48,-123456,-123456,386,1,283.15,289.37,302.59,304.04,-123456,-123456,283.15,1378.95,17995.32,-123456,-123456,-123456,1,0,-123456,0,0,0.628,1,-123456,-123456,0.69,-123456,-123456,-123456,-123456,-123456,-123456,-123456,-123456,10558,-123456,386,1314,-123456,1095,1.0,1.0,-123456,3,1,-123456
50700.0,299.09,299.15,294.26,0.0,-123456,290.87,0.2116,0.212,0.16,299.04,299.15,294.26,0.0,-123456,290.82,0.27399999999999997,0.27399999999999997,0.33,298.98,299.15,294.26,0.0,-123456,290.93,0.2151,0.218,0.13,298.93,299.15,294.26,0.0,-123456,290.98,0.17600000000000002,0.17600000000000002,0.11,298.87,299.15,294.26,0.0,-123456,291.15,0.041100000000000005,0.040999999999999995,0.2,290.82,291.03,300.87,293.64,299.54,299.09,290.82,1,0.233,0.0,-123456,0.9,0.1,0.93,0.23,0.7,-0.01,0.013999999999999999,-123456,0.0,68.95,965.27,-123456,-123456,467,1,283.15,289.26,302.54,303.82,-123456,-123456,283.15,1723.69,17995.32,-123456,-123456,-123456,1,0,-123456,0,0,0.512,1,-123456,-123456,0.74,-123456,-123456,-123456,-123456,-123456,-123456,-123456,-123456,10633,-123456,435,991,-123456,531,1.0,1.0,-123456,3,1,-123456
51000.0,299.15,299.15,294.26,0.0,-123456,290.65,0.1916,0.192,0.18,299.21,299.15,294.26,0.0,-123456,290.82,0.6966,0.6970000000000001,0.39,299.09,299.15,294.26,0.0,-123456,290.82,0.2061,0.20600000000000002,0.15,299.04,299.15,294.26,0.0,-123456,290.76,0.1291,0.129,0.13,298.93,299.15,294.26,0.0,-123456,290.71,0.041100000000000005,0.040999999999999995,0.2,290.93,291.03,300.76,293.53,299.59,299.15,290.93,1,0.235,0.0,-123456,0.9,0.1,1.06,0.25,0.81,-0.01,0.0,-123456,0.0,68.95,689.48,-123456,-123456,182,1,283.15,289.26,302.65,303.65,-123456,-123456,283.15,689.48,17995.32,-123456,-123456,-123456,1,0,-123456,0,0,0.5379999999999999,1,-123456,-123456,0.47,-123456,-123456,-123456,-123456,-123456,-123456,-123456,-123456,6077,-123456,231,722,-123456,578,1.0,1.0,-123456,3,1,-123456
51300.0,299.15,299.15,294.26,0.0,-123456,291.59,0.1916,0.192,0.18,299.26,299.15,294.26,0.0,-123456,291.59,1.0,1.0,0.27,299.15,299.15,294.26,0.0,-123456,291.71,0.21050000000000002,0.21,0.15,299.09,299.15,294.26,0.0,-123456,291.65,0.1291,0.129,0.13,298.98,299.15,294.26,0.0,-123456,291.48,0.041100000000000005,0.040999999999999995,0.2,291.59,291.03,300.71,293.49,299.59,299.21,291.59,1,0.217,0.0,-123456,0.9,0.1,0.91,0.22,0.69,-0.01,0.047,-123456,0.0,68.95,1516.85,-123456,-123456,515,1,283.15,289.93,302.48,303.65,-123456,-123456,283.15,2413.17,17995.32,-123456,-123456,-123456,1,0,-123456,0,0,0.46399999999999997,1,-123456,-123456,0.86,-123456,-123456,-123456,-123456,-123456,-123456,-123456,-123456,10696,-123456,515,945,-123456,478,1.0,1.0,-123456,3,1,-123456
51600.0,299.32,299.15,294.26,0.0,-123456,290.76,0.16940000000000002,0.16899999999999998,0.14,299.32,299.15,294.26,0.0,-123456,290.71,0.3923,0.392,0.25,299.32,299.15,294.26,0.0,-123456,290.82,0.1883,0.188,0.1,299.21,299.15,294.26,0.0,-123456,290.82,0.1313,0.131,0.1,298.98,299.15,294.26,0.0,-123456,291.09,0.041100000000000005,0.040999999999999995,0.2,290.71,291.03,300.59,293.38,299.65,299.32,290.71,1,0.18899999999999997,0.0,-123456,0.9,0.1,0.79,0.2,0.59,-0.01,0.0,-123456,0.0,68.95,1585.79,-123456,-123456,430,1,283.15,289.21,302.59,303.76,-123456,-123456,283.15,1723.69,17995.32,-123456,-123456,-123456,1,0,-123456,0,0,0.4,1,-123456,-123456,0.69,-123456,-123456,-123456,-123456,-123456,-123456,-123456,-123456,10573,-123456,405,971,-123456,266,1.0,1.0,-123456,3,1,-123456
51900.0,299.37,299.15,294.26,0.0,-123456,290.76,0.1336,0.134,0.13,299.37,299.15,294.26,0.0,-123456,290.65,0.22399999999999998,0.22399999999999998,0.29,299.32,299.15,294.26,0.0,-123456,290.76,0.16940000000000002,0.16899999999999998,0.12,299.26,299.15,294.26,0.0,-123456,290.82,0.11130000000000001,0.111,0.11,299.04,299.15,294.26,0.0,-123456,291.09,0.041100000000000005,0.040999999999999995,0.2,290.71,291.03,300.48,293.28,299.65,299.37,290.71,1,0.24,0.0,-123456,0.9,0.1,0.84,0.21,0.63,-0.01,0.0,-123456,0.0,0.0,689.48,-123456,-123456,420,1,283.15,289.26,302.59,303.76,-123456,-123456,283.15,1723.69,17995.32,-123456,-123456,-123456,1,0,-123456,0,0,0.34600000000000003,1,-123456,-123456,0.68,-123456,-123456,-123456,-123456,-123456,-123456,-123456,-123456,10579,-123456,396,999,-123456,195,1.0,1.0,-123456,3,1,-123456
52200.0,299.37,299.15,294.26,0.0,-123456,289.98,0.1336,0.134,0.13,299.43,299.15,294.26,0.0,-123456,289.98,0.321,0.321,0.23,299.37,299.15,294.26,0.0,-123456,290.04,0.16940000000000002,0.16899999999999998,0.12,299.26,299.15,294.26,0.0,-123456,290.04,0.10800000000000001,0.10800000000000001,0.11,299.09,299.15,294.26,0.0,-123456,290.32,0.041100000000000005,0.040999999999999995,0.2,290.04,291.03,300.43,293.22,299.65,299.37,290.04,1,0.22,0.0,-123456,0.9,0.1,0.81,0.2,0.6,-0.01,0.0,-123456,0.0,0.0,689.48,-123456,-123456,198,1,283.15,288.87,302.71,303.65,-123456,-123456,283.15,344.74,17995.32,-123456,-123456,-123456,1,0,-123456,0,0,0.455,1,-123456,-123456,0.43,-123456,-123456,-123456,-123456,-123456,-123456,-123456,-123456,5658,-123456,198,1341,-123456,335,1.0,1.0,-123456,3,1,-123456
52500.0,299.54,299.15,294.26,0.0,-123456,290.82,0.1213,0.121,0.09,299.54,299.15,294.26,0.0,-123456,290.65,0.2173,0.217,0.15,299.54,299.15,294.26,0.0,-123456,290.76,0.1593,0.159,0.08,299.37,299.15,294.26,0.0,-123456,290.98,0.09910000000000001,0.099,0.06,299.15,299.15,294.26,0.0,-123456,291.09,0.041100000000000005,0.040999999999999995,0.2,290.65,291.03,300.32,293.12,299.76,299.48,290.65,1,0.14300000000000002,0.0,-123456,0.9,0.1,0.62,0.16,0.45,-0.01,0.0,-123456,0.0,0.0,689.48,-123456,-123456,408,1,283.15,289.04,303.04,303.87,-123456,-123456,283.15,1378.95,17995.32,-123456,-123456,-123456,1,0,-123456,0,0,0.27899999999999997,1,-123456,-123456,0.63,-123456,-123456,-123456,-123456,-123456,-123456,-123456,-123456,10480,-123456,408,812,-123456,29,1.0,1.0,-123456,3,1,-123456
52800.0,299.54,299.15,294.26,0.0,-123456,291.87,0.09570000000000001,0.096,0.09,299.59,299.15,294.26,0.0,-123456,291.98,0.1883,0.188,0.2,299.59,299.15,294.26,0.0,-123456,292.04,0.1369,0.13699999999999998,0.1,299.43,299.15,294.26,0.0,-123456,291.93,0.0757,0.076,0.08,299.15,299.15,294.26,0.0,-123456,291.76,0.041100000000000005,0.040999999999999995,0.2,292.04,291.03,300.21,293.02,299.76,299.54,292.04,1,0.22699999999999998,0.0,-123456,0.9,0.1,0.67,0.17,0.49,-0.01,0.027000000000000003,-123456,0.0,0.0,689.48,-123456,-123456,284,1,283.15,290.76,302.15,302.65,-123456,-123456,283.15,2413.17,17995.32,-123456,-123456,-123456,1,0,-123456,0,0,0.272,1,-123456,-123456,0.91,-123456,-123456,-123456,-123456,-123456,-123456,-123456,-123456,4679,-123456,391,6785,-123456,9,1.0,1.0,-123456,3,1,-123456
53100.0,299.59,299.15,294.26,0.0,-123456,290.43,0.09570000000000001,0.096,0.09,299.65,299.15,294.26,0.0,-123456,290.59,0.1916,0.192,0.19,299.59,299.15,294.26,0.0,-123456,290.59,0.1336,0.134,0.1,299.43,299.15,294.26,0.0,-123456,290.48,0.0757,0.076,0.08,299.21,299.15,294.26,0.0,-123456,290.43,0.041100000000000005,0.040999999999999995,0.2,290.65,291.03,300.15,292.97,299.76,299.59,290.65,1,0.22399999999999998,0.0,-123456,0.9,0.1,0.66,0.16,0.48,-0.01,0.0,-123456,0.0,0.0,689.48,-123456,-123456,287,1,283.15,289.26,302.43,303.09,-123456,-123456,283.15,689.48,22446.58,-123456,-123456,-123456,1,0,-123456,0,0,0.4,1,-123456,-123456,0.48,-123456,-123456,-123456,-123456,-123456,-123456,-123456,-123456,2389,-123456,287,1092,-123456,297,1.0,1.0,-123456,3,1,-123456
53400.0,299.32,299.15,294.26,0.0,-123456,291.21,1.0,1.0,0.25,299.65,299.15,294.26,0.0,-123456,291.21,1.0,1.0,0.27,299.54,299.15,294.26,0.0,-123456,291.26,1.0,1.0,0.2,299.21,299.15,294.26,0.0,-123456,291.26,0.1949,0.195,0.25,299.15,299.15,294.26,0.0,-123456,291.21,0.07,0.07,0.41,291.26,291.03,300.04,292.87,299.59,299.48,291.26,1,0.324,0.0,-123456,0.9,0.1,1.44,0.33,1.1,-0.01,0.046,-123456,0.0,0.0,1103.16,-123456,-123456,407,1,283.15,289.54,302.48,304.21,-123456,-123456,283.15,1723.69,29494.4,-123456,-123456,-123456,1,0,-123456,0,0,0.62,1,-123456,-123456,0.74,-123456,-123456,-123456,-123456,-123456,-123456,-123456,-123456,10735,-123456,411,1428,-123456,995,1.0,1.0,-123456,3,1,-123456
53700.0,298.87,299.15,294.26,0.0,-123456,291.15,0.24960000000000002,0.25,0.34,299.32,299.15,294.26,0.0,-123456,291.21,0.8929,0.893,0.38,299.21,299.15,294.26,0.0,-123456,291.26,0.3477,0.348,0.28,299.09,299.15,294.26,0.0,-123456,291.21,0.2418,0.242,0.2,299.04,299.15,294.26,0.0,-123456,291.21,0.09570000000000001,0.096,0.46,291.26,291.03,299.93,292.77,299.43,299.26,291.26,1,0.387,0.0,-123456,0.9,0.1,1.68,0.39,1.3,0.0,0.087,-123456,0.0,68.95,2826.85,-123456,-123456,474,1,283.15,289.43,302.59,304.26,-123456,-123456,283.15,2413.17,35800.35,-123456,-123456,-123456,1,0,-123456,0,0,0.512,1,-123456,-123456,0.87,-123456,-123456,-123456,-123456,-123456,-123456,-123456,-123456,11062,-123456,475,1489,-123456,531,1.0,1.0,-123456,3,1,-123456
54000.0,298.93,299.15,294.26,0.0,-123456,290.76,0.2965,0.297,0.27,299.09,299.15,294.26,0.0,-123456,290.76,0.42229999999999995,0.42200000000000004,0.36,299.26,299.15,294.26,0.0,-123456,290.82,0.33990000000000004,0.34,0.18,299.04,299.15,294.26,0.0,-123456,290.76,0.1816,0.182,0.18,298.93,299.15,294.26,0.0,-123456,290.76,0.0924,0.092,0.45,290.82,291.03,299.87,292.71,299.32,299.15,290.82,1,0.38,0.0,-123456,0.9,0.1,1.5,0.35,1.15,0.0,0.053,-123456,0.0,68.95,2137.38,-123456,-123456,428,1,283.15,289.15,302.48,304.04,-123456,-123456,283.15,2068.43,36542.23,-123456,-123456,-123456,1,0,-123456,0,0,0.484,1,-123456,-123456,0.77,-123456,-123456,-123456,-123456,-123456,-123456,-123456,-123456,10685,-123456,428,1461,-123456,487,1.0,1.0,-123456,3,1,-123456
54300.0,298.98,299.15,294.26,0.0,-123456,290.98,1.0,1.0,0.24,299.32,299.15,294.26,0.0,-123456,290.98,1.0,1.0,0.26,299.26,299.15,294.26,0.0,-123456,291.09,1.0,1.0,0.19,298.87,299.15,294.26,0.0,-123456,291.04,0.768,0.768,0.25,298.82,299.15,294.26,0.0,-123456,291.04,0.13019999999999998,0.13,0.74,291.04,291.03,299.93,292.73,299.37,299.21,291.04,1,0.363,0.0,-123456,0.9,0.1,1.68,0.38,1.29,-0.0,0.091,-123456,0.0,68.95,2344.22,-123456,-123456,489,1,283.15,289.21,302.54,304.26,-123456,-123456,283.15,2413.17,36542.23,-123456,-123456,-123456,1,0,-123456,0,0,0.511,1,-123456,-123456,0.89,-123456,-123456,-123456,-123456,-123456,-123456,-123456,-123456,11069,-123456,489,1375,-123456,555,1.0,1.0,-123456,3,1,-123456
54600.0,298.76,299.15,294.26,0.0,-123456,291.37,0.8951,0.895,0.41,299.15,299.15,294.26,0.0,-123456,291.37,1.0,1.0,0.43,299.15,299.15,294.26,0.0,-123456,291.43,1.0,1.0,0.32,298.59,299.15,294.26,0.0,-123456,291.43,0.321,0.321,0.41,298.76,299.15,294.26,0.0,-123456,291.43,0.156,0.156,0.73,291.43,291.03,299.98,292.75,299.32,299.09,291.43,1,0.519,0.0,-123456,0.9,0.1,2.33,0.54,1.8,0.01,0.172,-123456,0.0,68.95,4136.86,-123456,-123456,614,1,283.15,289.32,302.59,304.71,-123456,-123456,283.15,4136.86,36542.23,-123456,-123456,-123456,1,0,-123456,0,1,0.57,1,-123456,-123456,1.17,-123456,-123456,-123456,-123456,-123456,-123456,-123456,-123456,11947,-123456,624,2115,-123456,776,1.0,1.0,-123456,3,1,-123456
54900.0,298.48,299.15,294.26,0.0,-123456,290.82,0.3978,0.39799999999999996,0.4,298.87,299.15,294.26,0.0,-123456,290.82,0.516,0.516,0.4,298.93,299.15,294.26,0.0,-123456,290.87,0.5071,0.507,0.29,298.59,299.15,294.26,0.0,-123456,290.87,0.3521,0.35200000000000004,0.28,298.65,299.15,294.26,0.0,-123456,290.82,0.156,0.156,0.74,290.87,291.03,300.09,292.82,299.15,298.87,290.87,1,0.532,0.0,-123456,0.9,0.1,2.16,0.5,1.67,0.01,0.16899999999999998,-123456,0.0,137.9,4274.75,-123456,-123456,633,1,283.15,288.87,302.54,304.59,-123456,-123456,283.15,4481.59,36542.23,-123456,-123456,-123456,1,0,-123456,0,1,0.606,1,-123456,-123456,1.18,-123456,-123456,-123456,-123456,-123456,-123456,-123456,-123456,11703,-123456,631,2042,-123456,984,1.0,1.0,-123456,3,1,-123456
55200.0,298.65,299.15,294.26,0.0,-123456,290.43,0.33990000000000004,0.34,0.28,298.98,299.15,294.26,0.0,-123456,290.48,0.3567,0.35700000000000004,0.32,298.98,299.15,294.26,0.0,-123456,290.54,0.3911,0.391,0.26,298.65,299.15,294.26,0.0,-123456,290.48,0.2685,0.26899999999999996,0.24,298.82,299.15,294.26,0.0,-123456,290.54,0.1024,0.102,0.35,290.54,291.03,300.21,292.87,299.26,298.98,290.54,1,0.426,0.0,-123456,0.9,0.1,1.5,0.34,1.15,-0.01,0.055999999999999994,-123456,0.0,137.9,3585.28,-123456,-123456,464,1,283.15,288.87,302.54,304.15,-123456,-123456,283.15,2068.43,36542.23,-123456,-123456,-123456,1,0,-123456,0,0,0.547,1,-123456,-123456,0.8,-123456,-123456,-123456,-123456,-123456,-123456,-123456,-123456,10722,-123456,452,1503,-123456,690,1.0,1.0,-123456,3,1,-123456
55500.0,298.76,299.15,294.26,0.0,-123456,291.04,0.3098,0.31,0.29,299.09,299.15,294.26,0.0,-123456,291.09,0.3667,0.36700000000000005,0.37,299.09,299.15,294.26,0.0,-123456,291.15,0.39890000000000003,0.39899999999999997,0.31,298.71,299.15,294.26,0.0,-123456,291.09,0.2818,0.282,0.28,298.87,299.15,294.26,0.0,-123456,291.09,0.0768,0.077,0.38,291.09,291.03,300.26,292.9,299.37,299.04,291.09,1,0.419,0.0,-123456,0.9,0.1,1.61,0.36,1.24,-0.01,0.076,-123456,0.0,68.95,2551.06,-123456,-123456,464,1,283.15,289.32,302.54,304.21,-123456,-123456,283.15,2068.43,36542.23,-123456,-123456,-123456,1,0,-123456,0,0,0.5379999999999999,1,-123456,-123456,0.85,-123456,-123456,-123456,-123456,-123456,-123456,-123456,-123456,10969,-123456,465,1526,-123456,656,1.0,1.0,-123456,3,1,-123456
55800.0,298.82,299.15,294.26,0.0,-123456,290.93,0.3098,0.31,0.29,299.15,299.15,294.26,0.0,-123456,290.98,0.3667,0.36700000000000005,0.36,299.21,299.15,294.26,0.0,-123456,291.04,0.39890000000000003,0.39899999999999997,0.29,298.71,299.15,294.26,0.0,-123456,290.98,0.2818,0.282,0.28,298.87,299.15,294.26,0.0,-123456,290.98,0.0768,0.077,0.37,291.04,291.03,300.37,292.96,299.43,299.09,291.04,1,0.391,0.0,-123456,0.9,0.1,1.58,0.36,1.22,-0.0,0.078,-123456,0.0,68.95,1861.59,-123456,-123456,470,1,283.15,289.26,302.54,304.21,-123456,-123456,283.15,2068.43,36542.23,-123456,-123456,-123456,1,0,-123456,0,0,0.556,1,-123456,-123456,0.85,-123456,-123456,-123456,-123456,-123456,-123456,-123456,-123456,10967,-123456,471,1441,-123456,728,1.0,1.0,-123456,3,1,-123456
56100.0,298.87,299.15,294.26,0.0,-123456,290.65,0.3132,0.313,0.25,299.21,299.15,294.26,0.0,-123456,290.65,0.5115999999999999,0.514,0.27,299.32,299.15,294.26,0.0,-123456,290.71,0.6275,0.628,0.2,298.82,299.15,294.26,0.0,-123456,290.71,0.2785,0.27899999999999997,0.24,298.98,299.15,294.26,0.0,-123456,290.71,0.0667,0.067,0.27,290.71,291.03,300.43,292.98,299.48,299.21,290.71,1,0.257,0.0,-123456,0.9,0.1,1.18,0.27,0.9,-0.01,0.006999999999999999,-123456,0.0,68.95,827.37,-123456,-123456,375,1,283.15,289.21,302.54,303.98,-123456,-123456,283.15,1378.95,36542.23,-123456,-123456,-123456,1,0,-123456,0,0,0.5429999999999999,1,-123456,-123456,0.64,-123456,-123456,-123456,-123456,-123456,-123456,-123456,-123456,10452,-123456,375,1121,-123456,673,1.0,1.0,-123456,3,1,-123456
56400.0,299.09,299.15,294.26,0.0,-123456,291.09,0.7848,0.785,0.3,299.43,299.15,294.26,0.0,-123456,291.09,1.0,1.0,0.32,299.65,299.15,294.26,0.0,-123456,291.15,1.0,1.0,0.24,298.93,299.15,294.26,0.0,-123456,291.09,0.4536,0.45399999999999996,0.32,299.09,299.15,294.26,0.0,-123456,291.37,0.0378,0.038,0.19,291.09,291.03,300.54,293.04,299.82,299.54,291.09,1,0.327,0.0,-123456,0.9,0.1,1.41,0.32,1.08,-0.01,0.038,-123456,0.0,0.0,1585.79,-123456,-123456,472,1,283.15,289.54,302.65,304.04,-123456,-123456,283.15,2068.43,36542.23,-123456,-123456,-123456,1,0,-123456,0,0,0.47600000000000003,1,-123456,-123456,0.78,-123456,-123456,-123456,-123456,-123456,-123456,-123456,-123456,10867,-123456,447,1227,-123456,426,1.0,1.0,-123456,3,1,-123456
56700.0,298.98,299.15,294.26,0.0,-123456,291.21,0.3578,0.358,0.25,299.09,299.15,294.26,0.0,-123456,291.21,0.42450000000000004,0.425,0.48,299.32,299.15,294.26,0.0,-123456,291.26,0.6576000000000001,0.6579999999999999,0.36,298.93,299.15,294.26,0.0,-123456,291.26,0.2462,0.24600000000000002,0.26,299.15,299.15,294.26,0.0,-123456,291.26,0.0378,0.038,0.19,291.26,291.03,300.65,292.64,299.48,299.09,291.21,1,0.375,0.0,-123456,0.9,0.1,1.56,0.35,1.21,-0.0,0.081,-123456,0.0,68.95,2895.8,-123456,-123456,471,1,283.15,289.43,302.59,304.32,-123456,-123456,283.15,2413.17,36542.23,-123456,-123456,-123456,1,0,-123456,0,0,0.597,1,-123456,-123456,0.86,-123456,-123456,-123456,-123456,-123456,-123456,-123456,-123456,11085,-123456,474,1431,-123456,910,1.0,1.0,-123456,3,1,-123456
57000.0,299.21,299.15,294.26,0.0,-123456,290.37,0.1894,0.18899999999999997,0.14,299.15,299.15,294.26,0.0,-123456,290.37,0.41229999999999994,0.41200000000000003,0.33,299.37,299.15,294.26,0.0,-123456,290.43,0.3845,0.385,0.28,299.15,299.15,294.26,0.0,-123456,290.43,0.1593,0.159,0.11,299.15,299.15,294.26,0.0,-123456,290.54,0.0378,0.038,0.2,290.43,291.03,300.71,292.63,299.65,299.26,290.43,1,0.342,0.0,-123456,0.9,0.1,1.1,0.26,0.83,-0.01,0.0,-123456,0.0,68.95,2206.32,-123456,-123456,369,1,283.15,289.04,302.59,303.87,-123456,-123456,283.15,344.74,36542.23,-123456,-123456,-123456,1,0,-123456,0,0,0.583,1,-123456,-123456,0.31,-123456,-123456,-123456,-123456,-123456,-123456,-123456,-123456,9076,-123456,266,-1786,-123456,838,1.0,1.0,-123456,3,1,-123456
57300.0,299.32,299.15,294.26,0.0,-123456,290.76,0.1961,0.196,0.18,299.21,299.15,294.26,0.0,-123456,290.82,0.37329999999999997,0.373,0.37,299.48,299.15,294.26,0.0,-123456,290.87,0.4892,0.489,0.29,299.26,299.15,294.26,0.0,-123456,290.82,0.1358,0.136,0.14,299.15,299.15,294.26,0.0,-123456,290.82,0.0378,0.038,0.19,290.87,291.03,300.82,292.67,299.71,299.37,290.87,1,0.282,0.0,-123456,0.9,0.1,1.15,0.27,0.88,-0.01,0.006999999999999999,-123456,0.0,68.95,1172.11,-123456,-123456,310,1,283.15,289.37,302.59,303.87,-123456,-123456,283.15,689.48,36542.23,-123456,-123456,-123456,1,0,-123456,0,0,0.579,1,-123456,-123456,0.45,-123456,-123456,-123456,-123456,-123456,-123456,-123456,-123456,9400,-123456,263,1215,-123456,816,1.0,1.0,-123456,3,1,-123456
57600.0,299.32,299.15,294.26,0.0,-123456,290.48,0.20379999999999998,0.204,0.18,299.48,299.15,294.26,0.0,-123456,290.48,0.9329999999999999,0.9329999999999999,0.27,299.87,299.15,294.26,0.0,-123456,290.54,1.0,1.0,0.18,299.32,299.15,294.26,0.0,-123456,290.65,0.1358,0.136,0.13,299.21,299.15,294.26,0.0,-123456,290.93,0.0378,0.038,0.19,290.48,291.03,300.93,292.7,299.98,299.65,290.48,1,0.23800000000000002,0.0,-123456,0.9,0.1,0.98,0.23,0.74,-0.01,0.0,-123456,0.0,0.0,1241.06,-123456,-123456,421,1,283.15,289.15,302.54,303.71,-123456,-123456,283.15,1723.69,36542.23,-123456,-123456,-123456,1,0,-123456,0,0,0.46299999999999997,1,-123456,-123456,0.68,-123456,-123456,-123456,-123456,-123456,-123456,-123456,-123456,10502,-123456,394,1048,-123456,396,1.0,1.0,-123456,3,1,-123456
57900.0,299.65,299.15,294.26,0.0,-123456,295.76,0.1705,0.17,0.13,299.65,299.15,294.26,0.0,-123456,295.82,0.16269999999999998,0.163,0.21,299.98,299.15,294.26,0.0,-123456,295.93,0.9653,0.965,0.34,299.54,299.15,294.26,0.0,-123456,295.87,0.13470000000000001,0.132,0.12,299.26,299.15,294.26,0.0,-123456,295.82,0.0757,0.076,0.48,295.87,308.15,300.93,292.68,300.04,299.76,295.87,1,0.327,0.0,-123456,0.9,0.1,1.25,0.28,0.96,-0.01,0.0,-123456,1.0,68.95,2482.11,-123456,-123456,283,1,283.15,293.15,302.54,302.93,-123456,-123456,283.15,689.48,36542.23,-123456,-123456,-123456,1,0,-123456,0,0,0.28600000000000003,1,-123456,-123456,0.5,-123456,-123456,-123456,-123456,-123456,-123456,-123456,-123456,3949,-123456,283,1476,-123456,64,1.0,1.0,-123456,3,1,-123456
58200.0,299.82,299.15,294.26,0.0,-123456,296.32,0.1369,0.13699999999999998,0.13,299.93,299.15,294.26,0.0,-123456,296.37,0.2273,0.22699999999999998,0.27,300.15,299.15,294.26,0.0,-123456,296.43,0.47479999999999994,0.475,0.27,299.71,299.15,294.26,0.0,-123456,296.43,0.1013,0.10099999999999999,0.1,299.43,299.15,294.26,0.0,-123456,296.37,0.1069,0.107,0.51,296.43,308.15,300.87,292.61,300.15,299.93,296.43,1,0.34,0.0,-123456,0.9,0.1,1.3,0.3,1.0,-0.0,0.0,-123456,1.0,68.95,1792.64,-123456,-123456,284,1,283.15,293.15,302.54,303.04,-123456,-123456,283.15,689.48,36542.23,-123456,-123456,-123456,1,0,-123456,0,0,0.3,1,-123456,-123456,0.5,-123456,-123456,-123456,-123456,-123456,-123456,-123456,-123456,4396,-123456,284,1460,-123456,125,1.0,1.0,-123456,3,1,-123456
58500.0,299.87,299.15,294.26,0.0,-123456,296.15,0.1369,0.13699999999999998,0.13,299.98,299.15,294.26,0.0,-123456,296.21,0.2898,0.29,0.19,300.32,299.15,294.26,0.0,-123456,296.26,0.8482,0.848,0.13,299.76,299.15,294.26,0.0,-123456,296.26,0.1013,0.10099999999999999,0.1,299.48,299.15,294.26,0.0,-123456,296.26,0.1069,0.107,0.5,296.26,291.03,300.82,292.54,300.21,300.04,296.26,1,0.22399999999999998,0.0,-123456,0.9,0.1,1.03,0.24,0.78,-0.01,0.0,-123456,0.98,68.95,758.42,-123456,-123456,284,1,283.15,293.15,302.54,303.09,-123456,-123456,283.15,689.48,36542.23,-123456,-123456,-123456,1,0,-123456,0,0,0.3,1,-123456,-123456,0.5,-123456,-123456,-123456,-123456,-123456,-123456,-123456,-123456,4428,-123456,284,1282,-123456,125,1.0,1.0,-123456,3,1,-123456
58800.0,299.87,299.15,294.26,0.0,-123456,296.82,0.264,0.264,0.18,300.04,299.15,294.26,0.0,-123456,296.82,1.0,1.0,0.33,300.43,299.15,294.26,0.0,-123456,296.93,1.0,1.0,0.25,299.76,299.15,294.26,0.0,-123456,296.87,0.2429,0.243,0.21,299.54,299.15,294.26,0.0,-123456,296.87,0.1069,0.107,0.5,296.93,308.15,300.76,292.48,300.26,300.09,296.93,1,0.33399999999999996,0.0,-123456,0.9,0.1,1.49,0.34,1.15,-0.0,0.0,-123456,1.0,68.95,2068.43,-123456,-123456,284,1,283.15,293.15,302.54,303.09,-123456,-123456,283.15,689.48,36542.23,-123456,-123456,-123456,1,0,-123456,0,0,0.3,1,-123456,-123456,0.5,-123456,-123456,-123456,-123456,-123456,-123456,-123456,-123456,4486,-123456,284,1517,-123456,125,1.0,1.0,-123456,3,1,-123456
59100.0,299.93,299.15,294.26,0.0,-123456,297.37,0.2027,0.203,0.19,300.04,299.15,294.26,0.0,-123456,297.43,0.284,0.28800000000000003,0.35,300.37,299.15,294.26,0.0,-123456,297.48,0.9675,0.968,0.46,299.82,299.15,294.26,0.0,-123456,297.48,0.1883,0.188,0.19,299.59,299.15,294.26,0.0,-123456,297.48,0.1069,0.107,0.52,297.48,308.15,300.71,292.41,300.26,300.09,297.48,1,0.439,0.0,-123456,0.9,0.1,1.69,0.38,1.31,0.0,0.0,-123456,1.0,137.9,3792.12,-123456,-123456,284,1,283.15,293.15,302.54,303.09,-123456,-123456,283.15,689.48,36542.23,-123456,-123456,-123456,1,0,-123456,0,0,0.3,1,-123456,-123456,0.5,-123456,-123456,-123456,-123456,-123456,-123456,-123456,-123456,4603,-123456,284,1839,-123456,125,1.0,1.0,-123456,3,1,-123456
59400.0,299.98,299.15,294.26,0.0,-123456,297.32,0.214,0.214,0.2,300.04,299.15,294.26,0.0,-123456,297.37,0.3923,0.392,0.41,300.43,299.15,294.26,0.0,-123456,297.43,1.0,1.0,0.44,299.82,299.15,294.26,0.0,-123456,297.43,0.1916,0.192,0.19,299.59,299.15,294.26,0.0,-123456,297.37,0.11019999999999999,0.11,0.51,297.43,289.85,300.65,292.34,300.26,300.09,297.43,1,0.39399999999999996,0.0,-123456,0.9,0.1,1.67,0.38,1.29,0.0,0.0,-123456,0.98,137.9,3102.64,-123456,-123456,284,1,283.15,293.15,302.54,303.09,-123456,-123456,282.59,689.48,36542.23,-123456,-123456,-123456,1,0,-123456,0,0,0.295,1,-123456,-123456,0.5,-123456,-123456,-123456,-123456,-123456,-123456,-123456,-123456,4632,-123456,284,1719,-123456,117,1.0,1.0,-123456,3,1,-123456
59700.0,299.98,299.15,294.26,0.0,-123456,298.26,0.48810000000000003,0.488,0.48,300.15,299.15,294.26,0.0,-123456,298.32,1.0,1.0,0.48,300.54,299.15,294.26,0.0,-123456,298.43,1.0,1.0,0.36,299.82,299.15,294.26,0.0,-123456,298.37,0.2585,0.259,0.34,299.59,299.15,294.26,0.0,-123456,298.37,0.1916,0.192,1.08,298.37,308.15,300.59,292.28,300.26,300.15,298.37,1,0.603,0.0,-123456,0.9,0.1,2.72,0.63,2.11,0.01,0.0,-123456,1.0,137.9,5308.97,-123456,-123456,284,1,283.15,293.15,302.54,303.09,-123456,-123456,282.2,689.48,36542.23,-123456,-123456,-123456,1,0,-123456,0,0,0.29100000000000004,1,-123456,-123456,0.5,-123456,-123456,-123456,-123456,-123456,-123456,-123456,-123456,4751,-123456,284,3129,-123456,102,1.0,1.0,-123456,3,1,-123456
60000.0,299.98,299.15,294.26,0.0,-123456,298.32,0.4425,0.44299999999999995,0.36,300.09,299.15,294.26,0.0,-123456,298.37,0.6186,0.619,0.51,300.54,299.15,294.26,0.0,-123456,298.48,1.0,1.0,0.49,299.87,299.15,294.26,0.0,-123456,298.43,0.3554,0.355,0.39,299.59,299.15,294.26,0.0,-123456,298.43,0.2206,0.221,1.04,298.43,308.15,300.54,292.21,300.26,300.15,298.43,1,0.636,0.0,-123456,0.9,0.1,2.81,0.65,2.17,0.02,0.0,-123456,1.0,206.84,6136.34,-123456,-123456,284,1,283.15,293.15,302.54,303.09,-123456,-123456,282.2,689.48,36542.23,-123456,-123456,-123456,1,0,-123456,0,0,0.295,1,-123456,-123456,0.5,-123456,-123456,-123456,-123456,-123456,-123456,-123456,-123456,4809,-123456,284,3449,-123456,117,1.0,1.0,-123456,3,1,-123456
60300.0,299.98,299.15,294.26,0.0,-123456,298.37,0.39890000000000003,0.39899999999999997,0.37,300.15,299.15,294.26,0.0,-123456,298.43,0.5383,0.5379999999999999,0.53,300.54,299.15,294.26,0.0,-123456,298.54,0.7881,0.7879999999999999,0.5,299.87,299.15,294.26,0.0,-123456,298.48,0.3488,0.349,0.34,299.65,299.15,294.26,0.0,-123456,298.48,0.2173,0.217,1.02,298.48,286.72,300.48,292.14,300.26,300.21,298.48,1,0.677,0.0,-123456,0.9,0.1,2.77,0.64,2.15,0.02,0.0,-123456,0.98,206.84,6618.97,-123456,-123456,284,1,283.15,293.15,302.54,303.09,-123456,-123456,281.64,689.48,36542.23,-123456,-123456,-123456,1,0,-123456,0,0,0.29100000000000004,1,-123456,-123456,0.5,-123456,-123456,-123456,-123456,-123456,-123456,-123456,-123456,4838,-123456,284,3530,-123456,102,1.0,1.0,-123456,3,1,-123456
60600.0,300.04,299.15,294.26,0.0,-123456,298.37,0.39890000000000003,0.39899999999999997,0.37,300.15,299.15,294.26,0.0,-123456,298.43,0.5005,0.501,0.44,300.59,299.15,294.26,0.0,-123456,298.48,0.6631999999999999,0.6629999999999999,0.46,299.87,299.15,294.26,0.0,-123456,298.48,0.33880000000000005,0.33899999999999997,0.35,299.65,299.15,294.26,0.0,-123456,298.43,0.2229,0.223,1.09,298.48,308.15,300.43,292.08,300.26,300.21,298.48,1,0.66,0.0,-123456,0.9,0.1,2.69,0.62,2.09,0.02,0.0,-123456,1.0,206.84,5929.49,-123456,-123456,284,1,283.15,293.15,302.59,303.09,-123456,-123456,279.68,689.48,36542.23,-123456,-123456,-123456,1,0,-123456,0,0,0.313,1,-123456,-123456,0.5,-123456,-123456,-123456,-123456,-123456,-123456,-123456,-123456,4837,-123456,284,3391,-123456,140,1.0,1.0,-123456,3,1,-123456
60900.0,300.04,299.15,294.26,0.0,-123456,298.37,0.39890000000000003,0.39899999999999997,0.37,300.21,299.15,294.26,0.0,-123456,298.43,0.4803,0.48,0.46,300.59,299.15,294.26,0.0,-123456,298.48,0.7044,0.7040000000000001,0.47,299.87,299.15,294.26,0.0,-123456,298.48,0.3578,0.358,0.35,299.65,299.15,294.26,0.0,-123456,298.43,0.22949999999999998,0.23,1.08,298.48,308.15,300.43,292.05,300.26,300.26,298.48,1,0.613,0.0,-123456,0.9,0.1,2.72,0.62,2.11,0.01,0.0,-123456,1.0,206.84,4895.28,-123456,-123456,284,1,283.15,293.15,302.65,303.04,-123456,-123456,279.68,689.48,36542.23,-123456,-123456,-123456,1,0,-123456,0,0,0.306,1,-123456,-123456,0.5,-123456,-123456,-123456,-123456,-123456,-123456,-123456,-123456,5989,-123456,284,3229,-123456,96,1.0,1.0,-123456,2,1,-123456
61200.0,300.04,299.15,294.26,0.0,-123456,298.32,0.39890000000000003,0.39899999999999997,0.37,300.21,299.15,294.26,0.0,-123456,298.37,0.4803,0.48,0.46,300.65,299.15,294.26,0.0,-123456,298.48,1.0,1.0,0.42,299.93,299.15,294.26,0.0,-123456,298.43,0.3578,0.358,0.35,299.71,299.15,294.26,0.0,-123456,298.43,0.22949999999999998,0.23,1.07,298.43,284.95,300.37,291.98,300.26,300.26,298.43,1,0.619,0.0,-123456,0.9,0.1,2.72,0.63,2.1,0.02,0.0,-123456,0.98,137.9,4205.8,-123456,-123456,284,1,283.15,293.15,302.59,303.15,-123456,-123456,279.12,689.48,36542.23,-123456,-123456,-123456,1,0,-123456,0,0,0.301,1,-123456,-123456,0.5,-123456,-123456,-123456,-123456,-123456,-123456,-123456,-123456,5981,-123456,284,3222,-123456,102,1.0,1.0,-123456,2,1,-123456
61500.0,299.37,299.15,294.26,0.0,-123456,290.65,0.4012,0.401,0.37,299.54,299.15,294.26,0.0,-123456,290.65,0.5027,0.503,0.53,299.98,299.15,294.26,0.0,-123456,290.71,1.0,1.0,0.45,299.43,299.15,294.26,0.0,-123456,290.65,0.3644,0.364,0.38,299.37,299.15,294.26,0.0,-123456,290.65,0.22949999999999998,0.23,1.08,290.71,284.95,300.26,291.95,299.82,299.71,290.71,1,0.628,0.0,-123456,0.9,0.1,2.79,0.64,2.17,0.02,0.775,-123456,0.0,206.84,5446.86,-123456,-123456,1408,1,285.98,288.71,303.71,305.82,-123456,-123456,278.25,35852.75,36542.23,-123456,-123456,-123456,1,0,-123456,0,1,0.382,1,-123456,-123456,3.76,-123456,-123456,-123456,-123456,-123456,-123456,-123456,-123456,29892,-123456,1412,12889,-123456,252,0.9840000000000001,1.0,-123456,2,1,-123456
61800.0,298.76,299.15,294.26,0.0,-123456,290.71,0.4012,0.401,0.37,298.98,299.15,294.26,0.0,-123456,290.71,0.5238,0.524,0.51,299.48,299.15,294.26,0.0,-123456,290.76,1.0,1.0,0.5,298.82,299.15,294.26,0.0,-123456,290.76,0.39,0.39,0.38,298.87,299.15,294.26,0.0,-123456,290.76,0.22949999999999998,0.23,1.08,290.76,284.95,300.15,291.93,299.37,299.15,290.76,1,0.648,0.0,-123456,0.9,0.1,2.83,0.65,2.2,0.02,1.0,-123456,0.0,206.84,6274.23,-123456,-123456,1432,1,286.32,288.87,302.65,307.26,-123456,-123456,278.25,35852.75,36542.23,-123456,-123456,-123456,1,0,-123456,0,1,0.904,1,-123456,-123456,4.04,-123456,-123456,-123456,-123456,-123456,-123456,-123456,-123456,29893,-123456,1432,12598,-123456,3433,0.996,1.0,-123456,2,1,-123456
62100.0,298.54,299.15,294.26,0.0,-123456,290.37,0.4012,0.401,0.37,298.76,299.15,294.26,0.0,-123456,290.37,0.5238,0.524,0.51,299.15,299.15,294.26,0.0,-123456,290.43,0.787,0.787,0.5,298.48,299.15,294.26,0.0,-123456,290.43,0.39,0.39,0.38,298.54,299.15,294.26,0.0,-123456,290.43,0.22949999999999998,0.23,1.09,290.43,284.95,300.09,291.94,299.15,298.87,290.43,1,0.684,0.0,-123456,0.9,0.1,2.87,0.67,2.22,0.03,1.0,-123456,0.0,206.84,6756.86,-123456,-123456,1451,1,286.09,288.59,302.54,306.59,-123456,-123456,278.25,35852.75,36542.23,-123456,-123456,-123456,1,0,-123456,0,1,0.812,1,-123456,-123456,4.06,-123456,-123456,-123456,-123456,-123456,-123456,-123456,-123456,29891,-123456,1451,12445,-123456,2612,1.0,1.0,-123456,3,1,-123456
62400.0,297.98,299.15,294.26,0.0,-123456,289.09,0.46590000000000004,0.466,0.46,298.26,299.15,294.26,0.0,-123456,289.09,0.5405,0.541,0.56,298.87,299.15,294.26,0.0,-123456,289.15,1.0,1.0,0.56,298.09,299.15,294.26,0.0,-123456,289.15,0.4347,0.435,0.47,298.09,299.15,294.26,0.0,-123456,289.09,0.2585,0.259,1.32,289.09,284.95,299.98,291.93,298.82,298.43,289.09,1,0.759,0.0,-123456,0.9,0.1,3.32,0.77,2.58,0.03,1.0,-123456,0.0,275.79,7584.24,-123456,-123456,1451,1,283.15,286.76,302.54,306.54,-123456,-123456,278.25,35852.75,36542.23,-123456,-123456,-123456,1,0,-123456,0,1,0.7709999999999999,1,-123456,-123456,4.06,-123456,-123456,-123456,-123456,-123456,-123456,-123456,-123456,16993,-123456,1451,3785,-123456,2151,1.0,1.0,-123456,3,1,-123456
62700.0,297.82,299.15,294.26,0.0,-123456,288.93,0.4803,0.48,0.45,298.09,299.15,294.26,0.0,-123456,288.93,0.6019,0.602,0.62,298.48,299.15,294.26,0.0,-123456,288.98,0.7613,0.7609999999999999,0.59,297.87,299.15,294.26,0.0,-123456,288.98,0.4548,0.455,0.45,297.87,299.15,294.26,0.0,-123456,288.98,0.284,0.284,1.34,288.98,284.95,299.93,291.94,298.59,298.15,288.98,1,0.7759999999999999,0.0,-123456,0.9,0.1,3.41,0.79,2.66,0.04,1.0,-123456,0.0,344.74,8066.87,-123456,-123456,1451,1,283.15,286.65,302.54,306.43,-123456,-123456,278.25,35852.75,36542.23,-123456,-123456,-123456,1,0,-123456,0,1,0.752,1,-123456,-123456,4.06,-123456,-123456,-123456,-123456,-123456,-123456,-123456,-123456,16602,-123456,1451,4242,-123456,2073,1.0,1.0,-123456,3,1,-123456
63000.0,297.71,299.15,294.26,0.0,-123456,288.76,0.4803,0.48,0.45,297.98,299.15,294.26,0.0,-123456,288.76,0.6086,0.609,0.59,298.37,299.15,294.26,0.0,-123456,288.82,0.807,0.807,0.58,297.82,299.15,294.26,0.0,-123456,288.82,0.4548,0.455,0.45,297.71,299.15,294.26,0.0,-123456,288.82,0.284,0.284,1.33,288.82,285.24,299.82,291.91,298.54,298.09,288.82,1,0.779,0.0,-123456,0.9,0.1,3.39,0.79,2.63,0.04,0.9940000000000001,-123456,0.0,275.79,7377.39,-123456,-123456,1451,1,283.15,286.54,302.54,306.26,-123456,-123456,278.49,35852.75,36542.23,-123456,-123456,-123456,1,0,-123456,0,1,0.7340000000000001,1,-123456,-123456,4.06,-123456,-123456,-123456,-123456,-123456,-123456,-123456,-123456,16189,-123456,1451,4066,-123456,1919,1.0,1.0,-123456,3,1,-123456
63300.0,298.21,299.15,294.26,0.0,-123456,286.37,0.214,0.214,0.18,298.32,299.15,294.26,0.0,-123456,286.37,0.25730000000000003,0.257,0.28,298.71,299.15,294.26,0.0,-123456,286.37,0.4826,0.483,0.36,298.21,299.15,294.26,0.0,-123456,286.43,0.1527,0.153,0.16,298.21,299.15,294.26,0.0,-123456,286.59,0.045599999999999995,0.046,0.15,286.37,285.24,299.71,291.89,298.82,298.54,286.37,1,0.44799999999999995,0.0,-123456,0.9,0.1,1.11,0.25,0.85,-0.0,1.0,-123456,0.0,275.79,6343.18,-123456,-123456,1451,1,283.15,284.76,302.54,304.65,-123456,-123456,278.49,35852.75,36542.23,-123456,-123456,-123456,1,0,-123456,0,1,0.585,1,-123456,-123456,4.06,-123456,-123456,-123456,-123456,-123456,-123456,-123456,-123456,11662,-123456,1451,366,-123456,868,1.0,1.0,-123456,3,1,-123456
63600.0,298.37,299.15,294.26,0.0,-123456,286.48,0.2329,0.233,0.22,298.48,299.15,294.26,0.0,-123456,286.48,0.3132,0.313,0.34,298.87,299.15,294.26,0.0,-123456,286.54,0.5149,0.515,0.4,298.43,299.15,294.26,0.0,-123456,286.54,0.1783,0.17800000000000002,0.22,298.54,299.15,294.26,0.0,-123456,286.48,0.0344,0.034,0.2,286.54,285.24,299.65,291.91,298.76,298.54,286.54,1,0.45299999999999996,0.0,-123456,0.9,0.1,1.35,0.3,1.04,-0.0,1.0,-123456,0.0,206.84,5653.7,-123456,-123456,1437,1,283.09,284.98,302.54,304.82,-123456,-123456,278.49,35852.75,33945.66,-123456,-123456,-123456,1,0,-123456,0,1,0.5579999999999999,1,-123456,-123456,4.04,-123456,-123456,-123456,-123456,-123456,-123456,-123456,-123456,12276,-123456,1431,501,-123456,736,0.991,1.0,-123456,3,1,-123456
63900.0,298.37,299.15,294.26,0.0,-123456,286.09,0.2329,0.233,0.22,298.48,299.15,294.26,0.0,-123456,286.09,0.3276,0.32799999999999996,0.32,298.93,299.15,294.26,0.0,-123456,286.15,0.5361,0.536,0.39,298.48,299.15,294.26,0.0,-123456,286.15,0.2016,0.20199999999999999,0.2,298.71,299.15,294.26,0.0,-123456,286.15,0.0344,0.034,0.2,286.09,290.83,299.54,291.89,298.87,298.65,286.09,1,0.447,0.0,-123456,0.9,0.1,1.33,0.3,1.03,-0.0,0.98,-123456,0.0,206.84,4619.49,-123456,-123456,1119,1,282.32,284.48,302.54,304.93,-123456,-123456,279.04,35852.75,28381.59,-123456,-123456,-123456,1,0,-123456,0,1,0.5720000000000001,1,-123456,-123456,3.69,-123456,-123456,-123456,-123456,-123456,-123456,-123456,-123456,12655,-123456,1105,723,-123456,805,0.904,1.0,-123456,3,1,-123456
64200.0,299.09,299.15,294.26,0.0,-123456,288.65,0.057800000000000004,0.057999999999999996,0.03,299.09,299.15,294.26,0.0,-123456,289.21,0.08349999999999999,0.084,0.08,299.21,299.15,294.26,0.0,-123456,289.54,0.5038,0.504,0.31,298.93,299.15,294.26,0.0,-123456,288.54,0.0611,0.061,0.03,298.82,299.15,294.26,0.0,-123456,288.93,0.0344,0.034,0.2,289.43,290.83,299.43,292.14,299.21,299.15,289.43,1,0.36,0.0,-123456,0.9,0.1,0.65,0.16,0.48,-0.01,0.0,-123456,0.0,137.9,3930.01,-123456,-123456,283,1,282.43,287.59,302.26,302.48,-123456,-123456,282.99,689.48,22817.52,-123456,-123456,-123456,1,0,-123456,0,0,0.226,1,-123456,-123456,0.5,-123456,-123456,-123456,-123456,-123456,-123456,-123456,-123456,1431,-123456,283,1412,-123456,8,1.0,1.0,-123456,3,1,-123456
64500.0,299.43,299.15,294.26,0.0,-123456,290.87,0.038900000000000004,0.039,0.04,299.43,299.15,294.26,0.0,-123456,290.26,0.09570000000000001,0.096,0.13,299.71,299.15,294.26,0.0,-123456,290.04,0.457,0.457,0.33,299.26,299.15,294.26,0.0,-123456,290.65,0.0478,0.048,0.05,299.04,299.15,294.26,0.0,-123456,290.87,0.0378,0.038,0.18,290.09,290.83,299.37,292.14,299.48,299.48,290.09,1,0.27399999999999997,0.0,-123456,0.9,0.1,0.73,0.18,0.54,-0.0,0.0,-123456,0.0,137.9,2895.8,-123456,-123456,305,1,282.93,289.04,303.09,303.98,-123456,-123456,282.99,344.74,19479.08,-123456,-123456,-123456,1,0,-123456,0,0,0.145,1,-123456,-123456,0.33,-123456,-123456,-123456,-123456,-123456,-123456,-123456,-123456,9817,-123456,305,-2279,-123456,8,1.0,1.0,-123456,3,1,-123456
64800.0,299.48,299.15,294.26,0.0,-123456,290.87,0.038900000000000004,0.039,0.04,299.48,299.15,294.26,0.0,-123456,291.21,0.1258,0.126,0.13,299.65,299.15,294.26,0.0,-123456,291.37,0.457,0.457,0.33,299.37,299.15,294.26,0.0,-123456,291.04,0.0478,0.048,0.05,299.15,299.15,294.26,0.0,-123456,290.98,0.0378,0.038,0.2,291.32,291.09,299.26,292.08,299.48,299.54,291.32,1,0.314,0.0,-123456,0.9,0.1,0.75,0.18,0.56,-0.01,0.0,-123456,0.0,68.95,2206.32,-123456,-123456,278,1,283.09,289.98,302.32,302.71,-123456,-123456,283.15,689.48,25043.15,-123456,-123456,-123456,1,0,-123456,0,0,0.24,1,-123456,-123456,0.49,-123456,-123456,-123456,-123456,-123456,-123456,-123456,-123456,2301,-123456,278,1386,-123456,8,1.0,1.0,-123456,3,1,-123456
65100.0,299.54,299.15,294.26,0.0,-123456,290.76,0.038900000000000004,0.039,0.04,299.54,299.15,294.26,0.0,-123456,290.32,0.13019999999999998,0.13,0.09,299.65,299.15,294.26,0.0,-123456,290.09,0.5083,0.508,0.36,299.43,299.15,294.26,0.0,-123456,290.59,0.0478,0.048,0.05,299.15,299.15,294.26,0.0,-123456,290.71,0.0378,0.038,0.19,290.15,291.09,299.26,292.09,299.48,299.54,290.15,1,0.253,0.0,-123456,0.9,0.1,0.75,0.18,0.56,-0.01,0.0,-123456,0.0,68.95,1172.11,-123456,-123456,344,1,283.15,289.21,302.71,303.48,-123456,-123456,283.15,344.74,30607.22,-123456,-123456,-123456,1,0,-123456,0,0,0.24,1,-123456,-123456,0.32,-123456,-123456,-123456,-123456,-123456,-123456,-123456,-123456,7366,-123456,214,-273,-123456,8,1.0,1.0,-123456,3,1,-123456
65400.0,299.54,299.15,294.26,0.0,-123456,290.09,0.044500000000000005,0.044000000000000004,0.04,299.54,299.15,294.26,0.0,-123456,290.26,0.11130000000000001,0.111,0.11,299.93,299.15,294.26,0.0,-123456,290.43,1.0,1.0,0.16,299.43,299.15,294.26,0.0,-123456,290.21,0.0478,0.048,0.05,299.15,299.15,294.26,0.0,-123456,290.21,0.0378,0.038,0.19,290.37,291.09,299.26,292.09,299.54,299.65,290.37,1,0.195,0.0,-123456,0.9,0.1,0.62,0.16,0.45,-0.01,0.0,-123456,0.0,0.0,1241.06,-123456,-123456,278,1,283.15,289.76,302.87,303.43,-123456,-123456,283.15,689.48,36171.29,-123456,-123456,-123456,1,0,-123456,0,0,0.326,1,-123456,-123456,0.49,-123456,-123456,-123456,-123456,-123456,-123456,-123456,-123456,2290,-123456,278,1263,-123456,142,1.0,1.0,-123456,3,1,-123456
65700.0,299.54,299.15,294.26,0.0,-123456,290.98,0.044500000000000005,0.044000000000000004,0.05,299.54,299.15,294.26,0.0,-123456,291.32,0.11130000000000001,0.111,0.11,299.71,299.15,294.26,0.0,-123456,291.48,1.0,1.0,0.38,299.43,299.15,294.26,0.0,-123456,291.15,0.0478,0.048,0.05,299.21,299.15,294.26,0.0,-123456,291.09,0.0378,0.038,0.2,291.43,291.15,299.26,292.09,299.48,299.59,291.43,1,0.282,0.0,-123456,0.9,0.1,0.79,0.19,0.59,-0.01,0.0,-123456,0.0,68.95,2895.8,-123456,-123456,278,1,283.15,290.15,303.21,303.54,-123456,-123456,283.15,689.48,36542.23,-123456,-123456,-123456,1,0,-123456,0,0,0.289,1,-123456,-123456,0.49,-123456,-123456,-123456,-123456,-123456,-123456,-123456,-123456,2476,-123456,278,1419,-123456,8,1.0,1.0,-123456,3,1,-123456
66000.0,299.48,299.15,294.26,0.0,-123456,290.65,0.0433,0.043,0.05,299.54,299.15,294.26,0.0,-123456,290.32,0.11130000000000001,0.111,0.11,299.76,299.15,294.26,0.0,-123456,290.15,0.4347,0.435,0.28,299.43,299.15,294.26,0.0,-123456,290.59,0.0478,0.048,0.05,299.15,299.15,294.26,0.0,-123456,290.65,0.0378,0.038,0.2,290.21,291.15,299.26,292.09,299.48,299.54,290.21,1,0.303,0.0,-123456,0.9,0.1,0.71,0.18,0.53,-0.01,0.0,-123456,0.0,68.95,2206.32,-123456,-123456,270,1,283.15,289.48,302.93,303.59,-123456,-123456,283.15,344.74,36542.23,-123456,-123456,-123456,1,0,-123456,0,0,0.18,1,-123456,-123456,0.39,-123456,-123456,-123456,-123456,-123456,-123456,-123456,-123456,6494,-123456,195,1123,-123456,8,1.0,1.0,-123456,3,1,-123456
66300.0,299.48,299.15,294.26,0.0,-123456,290.59,0.045599999999999995,0.046,0.05,299.48,299.15,294.26,0.0,-123456,290.82,0.11130000000000001,0.111,0.11,299.76,299.15,294.26,0.0,-123456,290.98,0.3945,0.395,0.25,299.37,299.15,294.26,0.0,-123456,290.71,0.0478,0.048,0.05,299.15,299.15,294.26,0.0,-123456,290.65,0.0378,0.038,0.19,290.93,291.15,299.26,292.09,299.48,299.54,290.93,1,0.243,0.0,-123456,0.9,0.1,0.66,0.17,0.48,-0.01,0.0,-123456,0.0,68.95,1172.11,-123456,-123456,278,1,283.15,289.98,302.37,302.98,-123456,-123456,283.15,689.48,36542.23,-123456,-123456,-123456,1,0,-123456,0,0,0.348,1,-123456,-123456,0.49,-123456,-123456,-123456,-123456,-123456,-123456,-123456,-123456,2359,-123456,278,1273,-123456,210,1.0,1.0,-123456,3,1,-123456
66600.0,299.43,299.15,294.26,0.0,-123456,291.04,0.045599999999999995,0.046,0.05,299.48,299.15,294.26,0.0,-123456,291.21,0.11130000000000001,0.111,0.11,299.82,299.15,294.26,0.0,-123456,291.37,0.6386,0.639,0.26,299.37,299.15,294.26,0.0,-123456,291.09,0.0478,0.048,0.05,299.15,299.15,294.26,0.0,-123456,291.04,0.0378,0.038,0.19,291.32,291.03,299.26,292.09,299.48,299.54,291.32,1,0.213,0.0,-123456,0.9,0.1,0.67,0.17,0.49,-0.01,0.0,-123456,0.0,0.0,689.48,-123456,-123456,282,1,283.15,290.54,302.37,303.04,-123456,-123456,283.15,689.48,36542.23,-123456,-123456,-123456,1,0,-123456,0,0,0.384,1,-123456,-123456,0.5,-123456,-123456,-123456,-123456,-123456,-123456,-123456,-123456,2539,-123456,283,1272,-123456,266,1.0,1.0,-123456,3,1,-123456
66900.0,299.26,299.15,294.26,0.0,-123456,291.87,0.0735,0.07400000000000001,0.09,299.43,299.15,294.26,0.0,-123456,291.93,0.11130000000000001,0.111,0.11,299.82,299.15,294.26,0.0,-123456,292.09,0.6754000000000001,0.675,0.27,299.21,299.15,294.26,0.0,-123456,291.98,0.0556,0.055999999999999994,0.09,299.09,299.15,294.26,0.0,-123456,291.76,0.0378,0.038,0.19,292.04,291.03,299.26,292.09,299.48,299.54,292.09,1,0.22899999999999998,0.0,-123456,0.9,0.1,0.74,0.19,0.55,-0.01,0.0,-123456,0.0,0.0,689.48,-123456,-123456,283,1,283.15,291.09,301.98,302.54,-123456,-123456,283.15,689.48,36542.23,-123456,-123456,-123456,1,0,-123456,0,0,0.32,1,-123456,-123456,0.5,-123456,-123456,-123456,-123456,-123456,-123456,-123456,-123456,2678,-123456,283,1284,-123456,186,1.0,1.0,-123456,3,1,-123456
67200.0,299.21,299.15,294.26,0.0,-123456,290.37,0.10800000000000001,0.10800000000000001,0.1,299.43,299.15,294.26,0.0,-123456,290.32,0.11130000000000001,0.111,0.11,299.76,299.15,294.26,0.0,-123456,290.15,0.7055,0.706,0.22,299.15,299.15,294.26,0.0,-123456,290.43,0.079,0.079,0.08,299.04,299.15,294.26,0.0,-123456,290.82,0.0378,0.038,0.19,290.21,291.03,299.26,292.09,299.43,299.48,290.21,1,0.17300000000000001,0.0,-123456,0.9,0.1,0.67,0.17,0.49,-0.01,0.0,-123456,0.0,68.95,689.48,-123456,-123456,378,1,283.15,289.09,302.98,303.82,-123456,-123456,283.15,344.74,36542.23,-123456,-123456,-123456,1,0,-123456,0,0,0.223,1,-123456,-123456,0.31,-123456,-123456,-123456,-123456,-123456,-123456,-123456,-123456,8837,-123456,259,-1831,-123456,8,1.0,1.0,-123456,3,1,-123456
67500.0,299.15,299.15,294.26,0.0,-123456,290.32,0.10800000000000001,0.10800000000000001,0.1,299.37,299.15,294.26,0.0,-123456,290.32,0.11130000000000001,0.111,0.11,299.76,299.15,294.26,0.0,-123456,290.48,1.0,1.0,0.18,299.09,299.15,294.26,0.0,-123456,290.32,0.079,0.079,0.08,299.04,299.15,294.26,0.0,-123456,290.26,0.0378,0.038,0.19,290.43,290.91,299.26,292.09,299.37,299.43,290.48,1,0.16699999999999998,0.0,-123456,0.9,0.1,0.64,0.16,0.47,-0.01,0.0,-123456,0.0,68.95,1516.85,-123456,-123456,275,1,283.15,289.43,302.87,303.48,-123456,-123456,283.06,689.48,36542.23,-123456,-123456,-123456,1,0,-123456,0,0,0.331,1,-123456,-123456,0.48,-123456,-123456,-123456,-123456,-123456,-123456,-123456,-123456,2213,-123456,274,1291,-123456,146,1.0,1.0,-123456,3,1,-123456
67800.0,298.82,299.15,294.26,0.0,-123456,291.09,0.7402,0.74,0.22,299.09,299.15,294.26,0.0,-123456,291.09,1.0,1.0,0.23,299.71,299.15,294.26,0.0,-123456,291.21,1.0,1.0,0.17,298.82,299.15,294.26,0.0,-123456,291.15,0.7121,0.7120000000000001,0.23,298.59,299.15,294.26,0.0,-123456,291.15,0.3132,0.313,1.1,291.15,290.91,299.26,292.09,299.21,299.21,291.15,1,0.426,0.0,-123456,0.9,0.1,2.01,0.46,1.55,0.0,0.065,-123456,0.0,68.95,3309.48,-123456,-123456,442,1,283.15,289.54,302.87,304.71,-123456,-123456,283.06,2068.43,36542.23,-123456,-123456,-123456,1,0,-123456,0,0,0.511,1,-123456,-123456,0.8,-123456,-123456,-123456,-123456,-123456,-123456,-123456,-123456,10968,-123456,444,1717,-123456,554,1.0,1.0,-123456,3,1,-123456
68100.0,298.43,299.15,294.26,0.0,-123456,290.65,0.29760000000000003,0.298,0.2,298.48,299.15,294.26,0.0,-123456,290.65,0.1838,0.182,0.31,298.87,299.15,294.26,0.0,-123456,290.71,0.7445999999999999,0.742,0.55,298.43,299.15,294.26,0.0,-123456,290.71,0.3054,0.305,0.21,298.21,299.15,294.26,0.0,-123456,290.71,0.2027,0.203,0.82,290.71,290.91,299.26,292.09,298.76,298.65,290.71,1,0.53,0.0,-123456,0.9,0.1,2.11,0.48,1.63,0.0,0.10300000000000001,-123456,0.0,206.84,5033.17,-123456,-123456,533,1,283.15,288.98,302.54,304.43,-123456,-123456,283.06,3102.64,36542.23,-123456,-123456,-123456,1,0,-123456,0,1,0.483,1,-123456,-123456,0.95,-123456,-123456,-123456,-123456,-123456,-123456,-123456,-123456,11169,-123456,525,2030,-123456,493,1.0,1.0,-123456,3,1,-123456
68400.0,298.32,299.15,294.26,0.0,-123456,290.76,0.2306,0.231,0.2,298.54,299.15,294.26,0.0,-123456,290.76,0.29760000000000003,0.298,0.29,298.76,299.15,294.26,0.0,-123456,290.82,0.5405,0.541,0.38,298.26,299.15,294.26,0.0,-123456,290.82,0.20379999999999998,0.204,0.2,298.04,299.15,294.26,0.0,-123456,290.82,0.19829999999999998,0.198,0.93,290.82,290.58,299.26,292.09,298.71,298.54,290.82,1,0.526,0.0,-123456,0.9,0.1,2.02,0.46,1.56,0.01,0.096,-123456,0.0,137.9,4343.7,-123456,-123456,479,1,283.15,289.21,302.54,304.21,-123456,-123456,282.79,2413.17,36542.23,-123456,-123456,-123456,1,0,-123456,0,0,0.451,1,-123456,-123456,0.86,-123456,-123456,-123456,-123456,-123456,-123456,-123456,-123456,10976,-123456,477,2056,-123456,391,1.0,1.0,-123456,3,1,-123456
68700.0,298.09,299.15,294.26,0.0,-123456,290.59,0.2807,0.281,0.29,298.26,299.15,294.26,0.0,-123456,290.59,0.4681,0.46799999999999997,0.46,298.65,299.15,294.26,0.0,-123456,290.71,1.0,1.0,0.43,298.15,299.15,294.26,0.0,-123456,290.65,0.2395,0.24,0.28,297.98,299.15,294.26,0.0,-123456,290.65,0.1771,0.177,0.78,290.65,290.58,299.04,292.01,298.54,298.37,290.65,1,0.517,0.0,-123456,0.9,0.1,2.23,0.51,1.73,0.01,0.11699999999999999,-123456,0.0,137.9,4067.91,-123456,-123456,529,1,283.15,288.98,302.54,304.32,-123456,-123456,282.79,3102.64,36542.23,-123456,-123456,-123456,1,0,-123456,0,1,0.451,1,-123456,-123456,0.98,-123456,-123456,-123456,-123456,-123456,-123456,-123456,-123456,11184,-123456,532,2118,-123456,391,1.0,1.0,-123456,3,1,-123456
69000.0,298.04,299.15,294.26,0.0,-123456,290.48,0.3065,0.307,0.29,298.15,299.15,294.26,0.0,-123456,290.48,0.43810000000000004,0.43799999999999994,0.41,298.48,299.15,294.26,0.0,-123456,290.54,0.8548,0.857,0.48,298.09,299.15,294.26,0.0,-123456,290.54,0.25730000000000003,0.257,0.25,297.93,299.15,294.26,0.0,-123456,290.54,0.15039999999999998,0.15,0.72,290.54,290.58,298.82,291.95,298.37,298.26,290.54,1,0.5429999999999999,0.0,-123456,0.9,0.1,2.14,0.49,1.66,0.01,0.115,-123456,0.0,137.9,4895.28,-123456,-123456,534,1,283.15,288.87,302.54,304.26,-123456,-123456,282.79,3102.64,36542.23,-123456,-123456,-123456,1,0,-123456,0,1,0.43799999999999994,1,-123456,-123456,0.98,-123456,-123456,-123456,-123456,-123456,-123456,-123456,-123456,11142,-123456,534,2078,-123456,359,1.0,1.0,-123456,3,1,-123456
69300.0,297.98,299.15,294.26,0.0,-123456,290.48,0.3065,0.307,0.29,298.09,299.15,294.26,0.0,-123456,290.54,0.43810000000000004,0.43799999999999994,0.43,298.43,299.15,294.26,0.0,-123456,290.59,0.6931999999999999,0.693,0.5,298.09,299.15,294.26,0.0,-123456,290.54,0.25730000000000003,0.257,0.25,297.87,299.15,294.26,0.0,-123456,290.54,0.15039999999999998,0.15,0.72,290.54,291.15,298.59,291.89,298.32,298.21,290.54,1,0.539,0.0,-123456,0.9,0.1,2.18,0.5,1.69,0.01,0.087,-123456,0.0,137.9,3861.07,-123456,-123456,523,1,283.15,288.93,302.54,304.26,-123456,-123456,283.15,3102.64,36542.23,-123456,-123456,-123456,1,0,-123456,0,1,0.415,1,-123456,-123456,0.94,-123456,-123456,-123456,-123456,-123456,-123456,-123456,-123456,11107,-123456,521,2151,-123456,313,1.0,1.0,-123456,3,1,-123456
69600.0,298.43,299.15,294.26,0.0,-123456,290.32,0.15039999999999998,0.15,0.09,298.43,299.15,294.26,0.0,-123456,290.48,0.2351,0.235,0.19,298.71,299.15,294.26,0.0,-123456,290.65,0.5583,0.5579999999999999,0.35,298.43,299.15,294.26,0.0,-123456,290.32,0.1002,0.1,0.04,298.15,299.15,294.26,0.0,-123456,290.48,0.06,0.06,0.22,290.59,291.15,298.32,291.77,298.48,298.48,290.59,1,0.364,0.0,-123456,0.9,0.1,0.96,0.23,0.72,-0.01,0.0,-123456,0.0,137.9,3171.59,-123456,-123456,292,1,283.15,289.43,303.04,303.54,-123456,-123456,283.15,689.48,32832.85,-123456,-123456,-123456,1,0,-123456,0,0,0.276,1,-123456,-123456,0.49,-123456,-123456,-123456,-123456,-123456,-123456,-123456,-123456,2751,-123456,286,1081,-123456,15,1.0,1.0,-123456,3,1,-123456
69900.0,298.54,299.15,294.26,0.0,-123456,291.26,0.13019999999999998,0.13,0.13,298.54,299.15,294.26,0.0,-123456,291.43,0.2273,0.22699999999999998,0.25,298.82,299.15,294.26,0.0,-123456,291.59,0.5405,0.541,0.39,298.59,299.15,294.26,0.0,-123456,291.32,0.0779,0.078,0.09,298.32,299.15,294.26,0.0,-123456,291.09,0.04,0.04,0.21,291.54,291.15,298.09,291.7,298.54,298.65,291.59,1,0.342,0.0,-123456,0.9,0.1,1.05,0.25,0.79,-0.0,0.0,-123456,0.0,68.95,2137.38,-123456,-123456,289,1,283.15,289.87,302.37,303.21,-123456,-123456,283.15,689.48,27268.78,-123456,-123456,-123456,1,0,-123456,0,0,0.337,1,-123456,-123456,0.48,-123456,-123456,-123456,-123456,-123456,-123456,-123456,-123456,2556,-123456,280,1286,-123456,179,1.0,1.0,-123456,3,1,-123456
70200.0,298.59,299.15,294.26,0.0,-123456,292.04,0.13019999999999998,0.13,0.12,298.59,299.15,294.26,0.0,-123456,292.04,0.24960000000000002,0.25,0.24,298.87,299.15,294.26,0.0,-123456,292.09,0.5617,0.562,0.38,298.65,299.15,294.26,0.0,-123456,292.04,0.0779,0.078,0.08,298.43,299.15,294.26,0.0,-123456,291.82,0.04,0.04,0.2,291.98,291.15,297.87,291.64,298.48,298.71,291.98,1,0.297,0.0,-123456,0.9,0.1,1.02,0.24,0.77,-0.0,0.034,-123456,0.0,68.95,1447.9,-123456,-123456,450,1,283.15,290.71,302.04,303.09,-123456,-123456,283.15,2757.9,21704.7,-123456,-123456,-123456,1,0,-123456,0,0,0.318,1,-123456,-123456,0.9,-123456,-123456,-123456,-123456,-123456,-123456,-123456,-123456,10562,-123456,513,1322,-123456,154,1.0,1.0,-123456,3,1,-123456
70500.0,298.82,299.15,294.26,0.0,-123456,291.48,0.0735,0.07400000000000001,0.05,298.93,299.15,294.26,0.0,-123456,291.54,0.044500000000000005,0.044000000000000004,0.02,299.15,299.15,294.26,0.0,-123456,291.59,0.5149,0.515,0.21,298.76,299.15,294.26,0.0,-123456,291.54,0.0735,0.07400000000000001,0.05,298.54,299.15,294.26,0.0,-123456,291.54,0.04,0.04,0.2,291.59,291.15,297.65,291.58,298.54,298.93,291.59,1,0.14300000000000002,0.0,-123456,0.9,0.1,0.51,0.14,0.36,-0.01,0.0,-123456,0.0,68.95,689.48,-123456,-123456,283,1,283.15,292.09,300.43,300.71,-123456,-123456,283.15,689.48,17995.32,-123456,-123456,-123456,1,0,-123456,0,0,0.115,1,-123456,-123456,0.5,-123456,-123456,-123456,-123456,-123456,-123456,-123456,-123456,2793,-123456,283,1226,-123456,8,1.0,1.0,-123456,3,1,-123456
70800.0,298.93,299.15,294.26,0.0,-123456,290.48,0.044500000000000005,0.044000000000000004,0.04,299.04,299.15,294.26,0.0,-123456,290.54,0.053399999999999996,0.053,0.06,299.21,299.15,294.26,0.0,-123456,290.76,0.914,0.914,0.24,298.82,299.15,294.26,0.0,-123456,290.54,0.0378,0.038,0.04,298.59,299.15,294.26,0.0,-123456,290.54,0.04,0.04,0.2,290.71,291.15,297.43,291.52,298.59,299.04,290.71,1,0.192,0.0,-123456,0.9,0.1,0.58,0.16,0.42,-0.01,0.0,-123456,0.0,0.0,689.48,-123456,-123456,283,1,283.15,290.59,301.43,301.76,-123456,-123456,283.15,689.48,17995.32,-123456,-123456,-123456,1,0,-123456,0,0,0.10400000000000001,1,-123456,-123456,0.5,-123456,-123456,-123456,-123456,-123456,-123456,-123456,-123456,2430,-123456,283,1247,-123456,8,1.0,1.0,-123456,3,1,-123456
71100.0,298.98,299.15,294.26,0.0,-123456,291.87,0.044500000000000005,0.044000000000000004,0.04,299.04,299.15,294.26,0.0,-123456,291.93,0.053399999999999996,0.053,0.06,299.26,299.15,294.26,0.0,-123456,292.04,0.9775,0.978,0.29,298.87,299.15,294.26,0.0,-123456,291.93,0.0378,0.038,0.04,298.71,299.15,294.26,0.0,-123456,291.93,0.04,0.04,0.2,292.04,291.15,297.15,291.45,298.54,299.09,292.04,1,0.22399999999999998,0.0,-123456,0.9,0.1,0.64,0.17,0.47,-0.01,0.018000000000000002,-123456,0.0,0.0,1103.16,-123456,-123456,289,1,283.15,292.98,301.26,301.71,-123456,-123456,283.15,1723.69,17995.32,-123456,-123456,-123456,1,0,-123456,0,0,0.109,1,-123456,-123456,0.81,-123456,-123456,-123456,-123456,-123456,-123456,-123456,-123456,5020,-123456,364,6232,-123456,8,1.0,1.0,-123456,3,1,-123456
71400.0,298.98,299.15,294.26,0.0,-123456,291.37,0.044500000000000005,0.044000000000000004,0.04,299.09,299.15,294.26,0.0,-123456,291.43,0.053399999999999996,0.053,0.06,299.15,299.15,294.26,0.0,-123456,291.59,0.16940000000000002,0.16899999999999998,0.22,298.87,299.15,294.26,0.0,-123456,291.43,0.0378,0.038,0.04,298.71,299.15,294.26,0.0,-123456,291.43,0.04,0.04,0.2,291.54,291.15,296.93,291.43,298.48,299.04,291.54,1,0.16399999999999998,0.0,-123456,0.9,0.1,0.52,0.14,0.37,-0.01,0.0,-123456,0.0,68.95,689.48,-123456,-123456,283,1,283.15,291.59,298.93,299.65,-123456,-123456,283.15,689.48,17995.32,-123456,-123456,-123456,1,0,-123456,0,0,0.649,1,-123456,-123456,0.5,-123456,-123456,-123456,-123456,-123456,-123456,-123456,-123456,2571,-123456,283,1243,-123456,1251,1.0,1.0,-123456,3,1,-123456
71700.0,298.98,299.15,294.26,0.0,-123456,291.59,0.044500000000000005,0.044000000000000004,0.04,299.09,299.15,294.26,0.0,-123456,291.59,0.053399999999999996,0.053,0.06,299.37,299.15,294.26,0.0,-123456,291.71,0.2818,0.282,0.21,298.87,299.15,294.26,0.0,-123456,291.65,0.0378,0.038,0.04,298.71,299.15,294.26,0.0,-123456,291.65,0.04,0.04,0.2,291.65,291.15,296.71,291.43,298.48,299.15,291.65,1,0.18600000000000003,0.0,-123456,0.9,0.1,0.54,0.15,0.39,-0.01,0.0,-123456,0.0,0.0,689.48,-123456,-123456,284,1,283.15,292.93,297.76,298.09,-123456,-123456,283.15,689.48,17995.32,-123456,-123456,-123456,1,0,-123456,0,0,0.307,1,-123456,-123456,0.5,-123456,-123456,-123456,-123456,-123456,-123456,-123456,-123456,2785,-123456,284,1208,-123456,134,1.0,1.0,-123456,3,1,-123456
72000.0,298.98,305.37,288.71,0.0,-123456,292.43,0.044500000000000005,0.044000000000000004,0.04,299.09,305.37,288.71,0.0,-123456,292.54,0.053399999999999996,0.053,0.06,299.37,305.37,288.71,0.0,-123456,292.76,0.2462,0.24600000000000002,0.16,298.87,305.37,288.71,0.0,-123456,292.48,0.0378,0.038,0.04,298.76,305.37,288.71,0.0,-123456,292.48,0.04,0.04,0.2,292.71,291.15,296.48,291.43,298.37,299.15,292.71,0,0.0,0.0,-123456,0.9,0.1,0.5,0.13,0.35,-0.01,0.0,-123456,0.0,68.95,0.0,-123456,-123456,5,0,283.15,290.82,298.32,298.43,-123456,-123456,283.15,0.0,34473.8,-123456,-123456,-123456,0,0,-123456,0,0,0.0,0,-123456,-123456,0.0,-123456,-123456,-123456,-123456,-123456,-123456,-123456,-123456,6,-123456,5,25,-123456,8,0.0,0.0,-123456,4,0,-123456
72300.0,299.15,305.37,288.71,0.0,-123456,298.59,0.0,0.0,0.0,299.21,305.37,288.71,0.0,-123456,298.71,0.0,0.0,0.0,299.76,305.37,288.71,0.0,-123456,299.04,0.0,0.0,0.0,298.98,305.37,288.71,0.0,-123456,298.54,0.0,0.0,0.0,298.87,305.37,288.71,0.0,-123456,298.43,0.0,0.0,0.01,298.65,291.15,296.43,291.43,294.15,293.76,298.65,0,0.0,0.0,-123456,0.9,0.0,0.02,0.04,0.0,0.03,0.0,-123456,0.0,0.0,0.0,-123456,-123456,5,0,283.15,290.82,298.32,298.43,-123456,-123456,283.15,0.0,34473.8,-123456,-123456,-123456,0,0,-123456,0,0,0.0,0,-123456,-123456,0.0,-123456,-123456,-123456,-123456,-123456,-123456,-123456,-123456,5,-123456,5,26,-123456,8,0.0,0.0,-123456,4,0,-123456
72600.0,299.21,305.37,288.71,0.0,-123456,298.82,0.0,0.0,0.0,299.26,305.37,288.71,0.0,-123456,298.98,0.0,0.0,0.0,299.82,305.37,288.71,0.0,-123456,299.43,0.0,0.0,0.0,299.04,305.37,288.71,0.0,-123456,298.76,0.0,0.0,0.0,298.93,305.37,288.71,0.0,-123456,298.65,0.0,0.0,0.01,298.87,291.15,296.37,291.42,293.43,293.26,298.87,0,0.0,0.0,-123456,0.9,0.0,0.02,0.03,0.0,0.01,0.0,-123456,0.0,0.0,0.0,-123456,-123456,5,0,283.15,290.82,298.32,298.43,-123456,-123456,283.15,0.0,34473.8,-123456,-123456,-123456,0,0,-123456,0,0,0.0,0,-123456,-123456,0.0,-123456,-123456,-123456,-123456,-123456,-123456,-123456,-123456,6,-123456,5,25,-123456,8,0.0,0.0,-123456,4,0,-123456
72900.0,299.26,305.37,288.71,0.0,-123456,298.93,0.0,0.0,0.0,299.32,305.37,288.71,0.0,-123456,299.04,0.0,0.0,0.0,299.87,305.37,288.71,0.0,-123456,299.48,0.0,0.0,0.0,299.09,305.37,288.71,0.0,-123456,298.82,0.0,0.0,0.0,298.98,305.37,288.71,0.0,-123456,298.76,0.0,0.0,0.01,298.93,291.15,296.32,291.39,293.43,294.09,298.93,0,0.0,0.0,-123456,0.9,0.0,0.01,0.0,0.0,-0.01,0.0,-123456,0.0,0.0,0.0,-123456,-123456,5,0,283.15,290.82,298.32,298.43,-123456,-123456,283.15,0.0,34473.8,-123456,-123456,-123456,0,0,-123456,0,0,0.0,0,-123456,-123456,0.0,-123456,-123456,-123456,-123456,-123456,-123456,-123456,-123456,6,-123456,5,25,-123456,8,0.0,0.0,-123456,4,0,-123456
73200.0,299.26,305.37,288.71,0.0,-123456,298.93,0.0,0.0,0.0,299.32,305.37,288.71,0.0,-123456,299.04,0.0,0.0,0.0,299.87,305.37,288.71,0.0,-123456,299.48,0.0,0.0,0.0,299.09,305.37,288.71,0.0,-123456,298.82,0.0,0.0,0.0,298.98,305.37,288.71,0.0,-123456,298.76,0.0,0.0,0.01,298.93,291.15,296.32,291.42,293.71,294.93,298.93,0,0.0,0.0,-123456,0.9,0.0,0.02,0.0,0.0,-0.01,0.0,-123456,0.0,0.0,0.0,-123456,-123456,5,0,283.15,290.82,298.32,298.43,-123456,-123456,283.15,0.0,34473.8,-123456,-123456,-123456,0,0,-123456,0,0,0.0,0,-123456,-123456,0.0,-123456,-123456,-123456,-123456,-123456,-123456,-123456,-123456,6,-123456,5,25,-123456,8,0.0,0.0,-123456,4,0,-123456
73500.0,299.26,305.37,288.71,0.0,-123456,298.93,0.0,0.0,0.0,299.32,305.37,288.71,0.0,-123456,299.04,0.0,0.0,0.0,299.87,305.37,288.71,0.0,-123456,299.48,0.0,0.0,0.0,299.09,305.37,288.71,0.0,-123456,298.82,0.0,0.0,0.0,298.98,305.37,288.71,0.0,-123456,298.76,0.0,0.0,0.01,298.93,291.15,296.26,291.41,293.71,294.98,298.93,0,0.0,0.0,-123456,0.9,0.0,0.02,0.0,0.0,-0.02,0.0,-123456,0.0,0.0,0.0,-123456,-123456,5,0,283.15,290.82,298.32,298.43,-123456,-123456,283.15,0.0,34473.8,-123456,-123456,-123456,0,0,-123456,0,0,0.0,0,-123456,-123456,0.0,-123456,-123456,-123456,-123456,-123456,-123456,-123456,-123456,6,-123456,5,25,-123456,8,0.0,0.0,-123456,4,0,-123456
73800.0,299.26,305.37,288.71,0.0,-123456,298.93,0.0,0.0,0.0,299.32,305.37,288.71,0.0,-123456,299.09,0.0,0.0,0.0,299.87,305.37,288.71,0.0,-123456,299.48,0.0,0.0,0.0,299.09,305.37,288.71,0.0,-123456,298.87,0.0,0.0,0.0,298.98,305.37,288.71,0.0,-123456,298.76,0.0,0.0,0.01,298.93,291.15,296.21,291.38,293.59,294.98,298.93,0,0.0,0.0,-123456,0.9,0.0,0.02,0.0,0.0,-0.02,0.0,-123456,0.0,0.0,0.0,-123456,-123456,5,0,283.15,290.82,298.32,298.43,-123456,-123456,283.15,0.0,34473.8,-123456,-123456,-123456,0,0,-123456,0,0,0.0,0,-123456,-123456,0.0,-123456,-123456,-123456,-123456,-123456,-123456,-123456,-123456,5,-123456,5,26,-123456,8,0.0,0.0,-123456,4,0,-123456
74100.0,299.26,305.37,288.71,0.0,-123456,298.98,0.0,0.0,0.0,299.32,305.37,288.71,0.0,-123456,299.09,0.0,0.0,0.0,299.87,305.37,288.71,0.0,-123456,299.54,0.0,0.0,0.0,299.09,305.37,288.71,0.0,-123456,298.87,0.0,0.0,0.0,298.98,305.37,288.71,0.0,-123456,298.82,0.0,0.0,0.01,298.98,291.15,296.15,291.37,293.59,294.98,298.98,0,0.0,0.0,-123456,0.9,0.0,0.02,0.0,0.0,-0.01,0.0,-123456,0.0,0.0,0.0,-123456,-123456,5,0,283.15,290.82,298.32,298.43,-123456,-123456,283.15,0.0,34473.8,-123456,-123456,-123456,0,0,-123456,0,0,0.0,0,-123456,-123456,0.0,-123456,-123456,-123456,-123456,-123456,-123456,-123456,-123456,4,-123456,5,27,-123456,8,0.0,0.0,-123456,4,0,-123456
74400.0,299.26,305.37,288.71,0.0,-123456,298.98,0.0,0.0,0.0,299.32,305.37,288.71,0.0,-123456,299.09,0.0,0.0,0.0,299.87,305.37,288.71,0.0,-123456,299.54,0.0,0.0,0.0,299.09,305.37,288.71,0.0,-123456,298.87,0.0,0.0,0.0,298.98,305.37,288.71,0.0,-123456,298.82,0.0,0.0,0.01,298.98,291.15,296.09,291.36,293.59,294.98,298.98,0,0.0,0.0,-123456,0.9,0.0,0.02,0.0,0.0,-0.01,0.0,-123456,0.0,0.0,0.0,-123456,-123456,5,0,283.15,290.82,298.32,298.43,-123456,-123456,283.15,0.0,34473.8,-123456,-123456,-123456,0,0,-123456,0,0,0.0,0,-123456,-123456,0.0,-123456,-123456,-123456,-123456,-123456,-123456,-123456,-123456,5,-123456,5,26,-123456,8,0.0,0.0,-123456,4,0,-123456
74700.0,299.26,305.37,288.71,0.0,-123456,298.98,0.0,0.0,0.0,299.32,305.37,288.71,0.0,-123456,299.09,0.0,0.0,0.0,299.87,305.37,288.71,0.0,-123456,299.54,0.0,0.0,0.0,299.09,305.37,288.71,0.0,-123456,298.87,0.0,0.0,0.0,298.98,305.37,288.71,0.0,-123456,298.82,0.0,0.0,0.01,298.98,291.15,296.09,291.37,293.59,294.98,298.98,0,0.0,0.0,-123456,0.9,0.0,0.02,0.0,0.0,-0.01,0.0,-123456,0.0,0.0,0.0,-123456,-123456,5,0,283.15,290.82,298.32,298.43,-123456,-123456,283.15,0.0,34473.8,-123456,-123456,-123456,0,0,-123456,0,0,0.0,0,-123456,-123456,0.0,-123456,-123456,-123456,-123456,-123456,-123456,-123456,-123456,5,-123456,5,26,-123456,8,0.0,0.0,-123456,4,0,-123456
75000.0,299.26,305.37,288.71,0.0,-123456,298.98,0.0,0.0,0.0,299.32,305.37,288.71,0.0,-123456,299.09,0.0,0.0,0.0,299.87,305.37,288.71,0.0,-123456,299.54,0.0,0.0,0.0,299.09,305.37,288.71,0.0,-123456,298.93,0.0,0.0,0.0,298.98,305.37,288.71,0.0,-123456,298.82,0.0,0.0,0.01,298.98,291.15,296.04,291.36,293.65,294.98,298.98,0,0.0,0.0,-123456,0.9,0.0,0.01,0.0,0.0,-0.01,0.0,-123456,0.0,0.0,0.0,-123456,-123456,5,0,283.15,290.82,298.32,298.43,-123456,-123456,283.15,0.0,34473.8,-123456,-123456,-123456,0,0,-123456,0,0,0.0,0,-123456,-123456,0.0,-123456,-123456,-123456,-123456,-123456,-123456,-123456,-123456,5,-123456,5,26,-123456,8,0.0,0.0,-123456,4,0,-123456
75300.0,299.26,305.37,288.71,0.0,-123456,298.98,0.0,0.0,0.0,299.32,305.37,288.71,0.0,-123456,299.09,0.0,0.0,0.0,299.87,305.37,288.71,0.0,-123456,299.54,0.0,0.0,0.0,299.09,305.37,288.71,0.0,-123456,298.93,0.0,0.0,0.0,298.98,305.37,288.71,0.0,-123456,298.82,0.0,0.0,0.01,298.98,291.15,295.98,291.35,293.71,294.98,298.98,0,0.0,0.0,-123456,0.9,0.0,0.02,0.0,0.0,-0.02,0.0,-123456,0.0,0.0,0.0,-123456,-123456,5,0,283.15,290.82,298.32,298.43,-123456,-123456,283.15,0.0,34473.8,-123456,-123456,-123456,0,0,-123456,0,0,0.0,0,-123456,-123456,0.0,-123456,-123456,-123456,-123456,-123456,-123456,-123456,-123456,4,-123456,5,27,-123456,8,0.0,0.0,-123456,4,0,-123456
75600.0,299.26,305.37,288.71,0.0,-123456,298.98,0.0,0.0,0.0,299.32,305.37,288.71,0.0,-123456,299.09,0.0,0.0,0.0,299.87,305.37,288.71,0.0,-123456,299.54,0.0,0.0,0.0,299.09,305.37,288.71,0.0,-123456,298.93,0.0,0.0,0.0,298.98,305.37,288.71,0.0,-123456,298.87,0.0,0.0,0.01,298.98,291.15,295.93,291.32,293.76,294.98,298.98,0,0.0,0.0,-123456,0.9,0.0,0.02,0.0,0.0,-0.02,0.0,-123456,0.0,0.0,0.0,-123456,-123456,5,0,283.15,290.82,298.32,298.43,-123456,-123456,283.15,0.0,34473.8,-123456,-123456,-123456,0,0,-123456,0,0,0.0,0,-123456,-123456,0.0,-123456,-123456,-123456,-123456,-123456,-123456,-123456,-123456,5,-123456,5,26,-123456,8,0.0,0.0,-123456,4,0,-123456
75900.0,299.26,305.37,288.71,0.0,-123456,298.98,0.0,0.0,0.0,299.32,305.37,288.71,0.0,-123456,299.09,0.0,0.0,0.0,299.87,305.37,288.71,0.0,-123456,299.54,0.0,0.0,0.0,299.09,305.37,288.71,0.0,-123456,298.93,0.0,0.0,0.0,298.98,305.37,288.71,0.0,-123456,298.87,0.0,0.0,0.01,298.98,291.15,295.65,291.27,293.87,294.98,298.98,0,0.0,0.0,-123456,0.9,0.0,0.02,0.0,0.01,-0.01,0.0,-123456,0.0,0.0,0.0,-123456,-123456,5,0,283.15,290.82,298.32,298.43,-123456,-123456,283.15,0.0,34473.8,-123456,-123456,-123456,0,0,-123456,0,0,0.0,0,-123456,-123456,0.0,-123456,-123456,-123456,-123456,-123456,-123456,-123456,-123456,4,-123456,5,27,-123456,8,0.0,0.0,-123456,4,0,-123456
76200.0,299.26,305.37,288.71,0.0,-123456,298.98,0.0,0.0,0.0,299.32,305.37,288.71,0.0,-123456,299.09,0.0,0.0,0.0,299.87,305.37,288.71,0.0,-123456,299.54,0.0,0.0,0.0,299.09,305.37,288.71,0.0,-123456,298.93,0.0,0.0,0.0,298.98,305.37,288.71,0.0,-123456,298.87,0.0,0.0,0.01,298.98,291.15,295.32,291.21,294.04,294.98,298.98,0,0.0,0.0,-123456,0.9,0.0,0.01,0.0,0.0,-0.01,0.0,-123456,0.0,0.0,0.0,-123456,-123456,5,0,283.15,290.82,298.32,298.43,-123456,-123456,283.15,0.0,34473.8,-123456,-123456,-123456,0,0,-123456,0,0,0.0,0,-123456,-123456,0.0,-123456,-123456,-123456,-123456,-123456,-123456,-123456,-123456,6,-123456,5,25,-123456,8,0.0,0.0,-123456,4,0,-123456
76500.0,299.26,305.37,288.71,0.0,-123456,298.98,0.0,0.0,0.0,299.32,305.37,288.71,0.0,-123456,299.09,0.0,0.0,0.0,299.87,305.37,288.71,0.0,-123456,299.54,0.0,0.0,0.0,299.09,305.37,288.71,0.0,-123456,298.93,0.0,0.0,0.0,298.98,305.37,288.71,0.0,-123456,298.87,0.0,0.0,0.01,298.98,291.15,294.98,291.14,294.21,294.98,298.98,0,0.0,0.0,-123456,0.9,0.0,0.01,0.0,0.0,-0.01,0.0,-123456,0.0,0.0,0.0,-123456,-123456,5,0,283.15,290.82,298.32,298.43,-123456,-123456,283.15,0.0,34473.8,-123456,-123456,-123456,0,0,-123456,0,0,0.0,0,-123456,-123456,0.0,-123456,-123456,-123456,-123456,-123456,-123456,-123456,-123456,5,-123456,5,26,-123456,8,0.0,0.0,-123456,4,0,-123456
76800.0,299.26,305.37,288.71,0.0,-123456,298.98,0.0,0.0,0.0,299.32,305.37,288.71,0.0,-123456,299.09,0.0,0.0,0.0,299.82,305.37,288.71,0.0,-123456,299.54,0.0,0.0,0.0,299.09,305.37,288.71,0.0,-123456,298.93,0.0,0.0,0.0,298.98,305.37,288.71,0.0,-123456,298.87,0.0,0.0,0.01,298.98,291.15,294.71,291.08,294.32,294.98,298.98,0,0.0,0.0,-123456,0.9,0.0,0.01,0.0,0.01,-0.0,0.0,-123456,0.0,0.0,0.0,-123456,-123456,5,0,283.15,290.82,298.32,298.43,-123456,-123456,283.15,0.0,34473.8,-123456,-123456,-123456,0,0,-123456,0,0,0.0,0,-123456,-123456,0.0,-123456,-123456,-123456,-123456,-123456,-123456,-123456,-123456,7,-123456,5,24,-123456,8,0.0,0.0,-123456,4,0,-123456
77100.0,299.26,305.37,288.71,0.0,-123456,298.98,0.0,0.0,0.0,299.32,305.37,288.71,0.0,-123456,299.09,0.0,0.0,0.0,299.82,305.37,288.71,0.0,-123456,299.54,0.0,0.0,0.0,299.09,305.37,288.71,0.0,-123456,298.93,0.0,0.0,0.0,298.98,305.37,288.71,0.0,-123456,298.87,0.0,0.0,0.01,298.98,291.15,294.37,290.94,294.54,294.98,298.98,0,0.0,0.0,-123456,0.9,0.0,0.01,0.0,0.0,-0.01,0.0,-123456,0.0,0.0,0.0,-123456,-123456,5,0,283.15,290.82,298.32,298.43,-123456,-123456,283.15,0.0,34473.8,-123456,-123456,-123456,0,0,-123456,0,0,0.0,0,-123456,-123456,0.0,-123456,-123456,-123456,-123456,-123456,-123456,-123456,-123456,6,-123456,5,25,-123456,8,0.0,0.0,-123456,4,0,-123456
77400.0,299.26,305.37,288.71,0.0,-123456,298.98,0.0,0.0,0.0,299.32,305.37,288.71,0.0,-123456,299.09,0.0,0.0,0.0,299.82,305.37,288.71,0.0,-123456,299.54,0.0,0.0,0.0,299.09,305.37,288.71,0.0,-123456,298.93,0.0,0.0,0.0,298.98,305.37,288.71,0.0,-123456,298.87,0.0,0.0,0.01,298.98,291.15,294.04,290.8,294.71,294.93,298.98,0,0.0,0.0,-123456,0.9,0.0,0.01,0.0,0.01,-0.01,0.0,-123456,0.0,0.0,0.0,-123456,-123456,5,0,283.15,290.82,298.32,298.43,-123456,-123456,283.15,0.0,34473.8,-123456,-123456,-123456,0,0,-123456,0,0,0.0,0,-123456,-123456,0.0,-123456,-123456,-123456,-123456,-123456,-123456,-123456,-123456,4,-123456,5,27,-123456,8,0.0,0.0,-123456,4,0,-123456
77700.0,299.26,305.37,288.71,0.0,-123456,298.98,0.0,0.0,0.0,299.32,305.37,288.71,0.0,-123456,299.09,0.0,0.0,0.0,299.82,305.37,288.71,0.0,-123456,299.54,0.0,0.0,0.0,299.09,305.37,288.71,0.0,-123456,298.93,0.0,0.0,0.0,298.98,305.37,288.71,0.0,-123456,298.87,0.0,0.0,0.01,298.98,291.15,293.71,290.67,294.93,294.93,298.98,0,0.0,0.0,-123456,0.9,0.0,0.02,0.0,0.0,-0.02,0.0,-123456,0.0,0.0,0.0,-123456,-123456,5,0,283.15,290.82,298.32,298.43,-123456,-123456,283.15,0.0,34473.8,-123456,-123456,-123456,0,0,-123456,0,0,0.0,0,-123456,-123456,0.0,-123456,-123456,-123456,-123456,-123456,-123456,-123456,-123456,5,-123456,5,26,-123456,8,0.0,0.0,-123456,4,0,-123456
78000.0,299.26,305.37,288.71,0.0,-123456,298.93,0.0,0.0,0.0,299.32,305.37,288.71,0.0,-123456,299.04,0.0,0.0,0.0,299.82,305.37,288.71,0.0,-123456,299.43,0.0,0.0,0.0,299.04,305.37,288.71,0.0,-123456,298.87,0.0,0.0,0.0,298.98,305.37,288.71,0.0,-123456,298.82,0.0,0.0,0.01,298.93,291.15,293.37,290.53,295.32,295.09,298.93,0,0.0,0.0,-123456,0.9,0.0,0.01,0.0,0.01,-0.0,0.0,-123456,0.0,0.0,0.0,-123456,-123456,5,0,283.15,290.82,298.32,298.43,-123456,-123456,283.15,0.0,34473.8,-123456,-123456,-123456,0,0,-123456,0,0,0.0,0,-123456,-123456,0.0,-123456,-123456,-123456,-123456,-123456,-123456,-123456,-123456,5,-123456,5,26,-123456,8,0.0,0.0,-123456,4,0,-123456
78300.0,299.26,305.37,288.71,0.0,-123456,298.93,0.0,0.0,0.0,299.26,305.37,288.71,0.0,-123456,299.04,0.0,0.0,0.0,299.82,305.37,288.71,0.0,-123456,299.43,0.0,0.0,0.0,299.04,305.37,288.71,0.0,-123456,298.82,0.0,0.0,0.0,298.98,305.37,288.71,0.0,-123456,298.82,0.0,0.0,0.01,298.93,291.15,293.04,290.35,295.43,294.98,298.93,0,0.0,0.0,-123456,0.9,0.0,0.02,0.0,0.0,-0.01,0.0,-123456,0.0,0.0,0.0,-123456,-123456,5,0,283.15,290.82,298.32,298.43,-123456,-123456,283.15,0.0,34473.8,-123456,-123456,-123456,0,0,-123456,0,0,0.0,0,-123456,-123456,0.0,-123456,-123456,-123456,-123456,-123456,-123456,-123456,-123456,5,-123456,5,26,-123456,8,0.0,0.0,-123456,4,0,-123456
78600.0,299.26,305.37,288.71,0.0,-123456,298.98,0.0,0.0,0.0,299.26,305.37,288.71,0.0,-123456,299.04,0.0,0.0,0.0,299.76,305.37,288.71,0.0,-123456,299.48,0.0,0.0,0.0,299.04,305.37,288.71,0.0,-123456,298.87,0.0,0.0,0.0,298.98,305.37,288.71,0.0,-123456,298.82,0.0,0.0,0.01,298.98,291.15,292.76,290.23,295.65,294.98,298.98,0,0.0,0.0,-123456,0.9,0.0,0.01,0.0,0.01,-0.01,0.0,-123456,0.0,0.0,0.0,-123456,-123456,5,0,283.15,290.82,298.32,298.43,-123456,-123456,283.15,0.0,34473.8,-123456,-123456,-123456,0,0,-123456,0,0,0.0,0,-123456,-123456,0.0,-123456,-123456,-123456,-123456,-123456,-123456,-123456,-123456,4,-123456,5,27,-123456,8,0.0,0.0,-123456,4,0,-123456
78900.0,299.21,305.37,288.71,0.0,-123456,298.98,0.0,0.0,0.0,299.26,305.37,288.71,0.0,-123456,299.04,0.0,0.0,0.0,299.76,305.37,288.71,0.0,-123456,299.48,0.0,0.0,0.0,299.04,305.37,288.71,0.0,-123456,298.87,0.0,0.0,0.0,298.98,305.37,288.71,0.0,-123456,298.82,0.0,0.0,0.01,298.98,291.15,292.43,290.04,295.87,294.93,298.98,0,0.0,0.0,-123456,0.9,0.0,0.02,0.0,0.0,-0.02,0.0,-123456,0.0,0.0,0.0,-123456,-123456,5,0,283.15,290.82,298.32,298.43,-123456,-123456,283.15,0.0,34473.8,-123456,-123456,-123456,0,0,-123456,0,0,0.0,0,-123456,-123456,0.0,-123456,-123456,-123456,-123456,-123456,-123456,-123456,-123456,6,-123456,5,25,-123456,8,0.0,0.0,-123456,4,0,-123456
79200.0,299.21,305.37,288.71,0.0,-123456,298.98,0.0,0.0,0.0,299.26,305.37,288.71,0.0,-123456,299.04,0.0,0.0,0.0,299.76,305.37,288.71,0.0,-123456,299.48,0.0,0.0,0.0,299.04,305.37,288.71,0.0,-123456,298.87,0.0,0.0,0.0,298.98,305.37,288.71,0.0,-123456,298.87,0.0,0.0,0.01,298.98,291.15,292.09,289.86,296.09,294.93,298.98,0,0.0,0.0,-123456,0.9,0.0,0.02,0.0,0.0,-0.01,0.0,-123456,0.0,0.0,0.0,-123456,-123456,5,0,283.15,290.82,298.32,298.43,-123456,-123456,283.15,0.0,34473.8,-123456,-123456,-123456,0,0,-123456,0,0,0.0,0,-123456,-123456,0.0,-123456,-123456,-123456,-123456,-123456,-123456,-123456,-123456,7,-123456,5,24,-123456,8,0.0,0.0,-123456,4,0,-123456
79500.0,299.21,305.37,288.71,0.0,-123456,298.98,0.0,0.0,0.0,299.26,305.37,288.71,0.0,-123456,299.04,0.0,0.0,0.0,299.76,305.37,288.71,0.0,-123456,299.48,0.0,0.0,0.0,298.98,305.37,288.71,0.0,-123456,298.87,0.0,0.0,0.0,298.98,305.37,288.71,0.0,-123456,298.87,0.0,0.0,0.01,298.98,291.15,292.04,289.85,296.37,294.93,298.98,0,0.0,0.0,-123456,0.9,0.0,0.02,0.0,0.0,-0.01,0.0,-123456,0.0,0.0,0.0,-123456,-123456,5,0,283.15,290.82,298.32,298.43,-123456,-123456,283.15,0.0,34473.8,-123456,-123456,-123456,0,0,-123456,0,0,0.0,0,-123456,-123456,0.0,-123456,-123456,-123456,-123456,-123456,-123456,-123456,-123456,4,-123456,5,27,-123456,8,0.0,0.0,-123456,4,0,-123456
79800.0,299.21,305.37,288.71,0.0,-123456,298.98,0.0,0.0,0.0,299.26,305.37,288.71,0.0,-123456,299.04,0.0,0.0,0.0,299.71,305.37,288.71,0.0,-123456,299.48,0.0,0.0,0.0,298.98,305.37,288.71,0.0,-123456,298.87,0.0,0.0,0.0,298.98,305.37,288.71,0.0,-123456,298.87,0.0,0.0,0.01,298.98,291.15,292.04,289.88,296.65,294.93,298.98,0,0.0,0.0,-123456,0.9,0.0,0.02,0.0,0.0,-0.01,0.0,-123456,0.0,0.0,0.0,-123456,-123456,5,0,283.15,290.82,298.32,298.43,-123456,-123456,283.15,0.0,34473.8,-123456,-123456,-123456,0,0,-123456,0,0,0.0,0,-123456,-123456,0.0,-123456,-123456,-123456,-123456,-123456,-123456,-123456,-123456,5,-123456,5,26,-123456,8,0.0,0.0,-123456,4,0,-123456
80100.0,299.21,305.37,288.71,0.0,-123456,298.98,0.0,0.0,0.0,299.26,305.37,288.71,0.0,-123456,299.04,0.0,0.0,0.0,299.71,305.37,288.71,0.0,-123456,299.48,0.0,0.0,0.0,298.98,305.37,288.71,0.0,-123456,298.87,0.0,0.0,0.0,298.98,305.37,288.71,0.0,-123456,298.87,0.0,0.0,0.01,298.98,291.15,292.04,289.91,296.87,294.93,298.98,0,0.0,0.0,-123456,0.9,0.0,0.01,0.0,0.01,-0.01,0.0,-123456,0.0,0.0,0.0,-123456,-123456,5,0,283.15,290.82,298.32,298.43,-123456,-123456,283.15,0.0,34473.8,-123456,-123456,-123456,0,0,-123456,0,0,0.0,0,-123456,-123456,0.0,-123456,-123456,-123456,-123456,-123456,-123456,-123456,-123456,7,-123456,5,24,-123456,8,0.0,0.0,-123456,4,0,-123456
80400.0,299.21,305.37,288.71,0.0,-123456,298.98,0.0,0.0,0.0,299.26,305.37,288.71,0.0,-123456,299.04,0.0,0.0,0.0,299.71,305.37,288.71,0.0,-123456,299.43,0.0,0.0,0.0,298.98,305.37,288.71,0.0,-123456,298.87,0.0,0.0,0.0,298.98,305.37,288.71,0.0,-123456,298.87,0.0,0.0,0.01,298.98,291.15,292.04,289.93,297.15,295.04,298.98,0,0.0,0.0,-123456,0.9,0.0,0.01,0.0,0.0,-0.01,0.0,-123456,0.0,0.0,0.0,-123456,-123456,5,0,283.15,290.82,298.32,298.43,-123456,-123456,283.15,0.0,34473.8,-123456,-123456,-123456,0,0,-123456,0,0,0.0,0,-123456,-123456,0.0,-123456,-123456,-123456,-123456,-123456,-123456,-123456,-123456,6,-123456,5,25,-123456,8,0.0,0.0,-123456,4,0,-123456
80700.0,299.21,305.37,288.71,0.0,-123456,298.93,0.0,0.0,0.0,299.26,305.37,288.71,0.0,-123456,299.04,0.0,0.0,0.0,299.71,305.37,288.71,0.0,-123456,299.43,0.0,0.0,0.0,298.98,305.37,288.71,0.0,-123456,298.82,0.0,0.0,0.0,298.98,305.37,288.71,0.0,-123456,298.87,0.0,0.0,0.01,298.93,291.15,292.04,289.97,297.26,294.98,298.93,0,0.0,0.0,-123456,0.9,0.0,0.01,0.0,0.0,-0.01,0.0,-123456,0.0,0.0,0.0,-123456,-123456,5,0,283.15,290.82,298.32,298.43,-123456,-123456,283.15,0.0,34473.8,-123456,-123456,-123456,0,0,-123456,0,0,0.0,0,-123456,-123456,0.0,-123456,-123456,-123456,-123456,-123456,-123456,-123456,-123456,5,-123456,5,26,-123456,8,0.0,0.0,-123456,4,0,-123456
81000.0,299.15,305.37,288.71,0.0,-123456,298.93,0.0,0.0,0.0,299.26,305.37,288.71,0.0,-123456,299.04,0.0,0.0,0.0,299.71,305.37,288.71,0.0,-123456,299.43,0.0,0.0,0.0,298.98,305.37,288.71,0.0,-123456,298.82,0.0,0.0,0.0,298.98,305.37,288.71,0.0,-123456,298.87,0.0,0.0,0.01,298.98,291.15,292.04,289.99,297.54,294.93,298.98,0,0.0,0.0,-123456,0.9,0.0,0.02,0.0,0.0,-0.02,0.0,-123456,0.0,0.0,0.0,-123456,-123456,5,0,283.15,290.82,298.32,298.43,-123456,-123456,283.15,0.0,34473.8,-123456,-123456,-123456,0,0,-123456,0,0,0.0,0,-123456,-123456,0.0,-123456,-123456,-123456,-123456,-123456,-123456,-123456,-123456,6,-123456,5,25,-123456,8,0.0,0.0,-123456,4,0,-123456
81300.0,299.15,305.37,288.71,0.0,-123456,298.93,0.0,0.0,0.0,299.26,305.37,288.71,0.0,-123456,299.04,0.0,0.0,0.0,299.71,305.37,288.71,0.0,-123456,299.43,0.0,0.0,0.0,298.98,305.37,288.71,0.0,-123456,298.82,0.0,0.0,0.0,298.98,305.37,288.71,0.0,-123456,298.87,0.0,0.0,0.01,298.98,291.15,292.04,290.02,297.76,294.93,298.98,0,0.0,0.0,-123456,0.9,0.0,0.02,0.0,0.0,-0.01,0.0,-123456,0.0,0.0,0.0,-123456,-123456,5,0,283.15,290.82,298.32,298.43,-123456,-123456,283.15,0.0,34473.8,-123456,-123456,-123456,0,0,-123456,0,0,0.0,0,-123456,-123456,0.0,-123456,-123456,-123456,-123456,-123456,-123456,-123456,-123456,5,-123456,5,26,-123456,8,0.0,0.0,-123456,4,0,-123456
81600.0,299.15,305.37,288.71,0.0,-123456,298.93,0.0,0.0,0.0,299.21,305.37,288.71,0.0,-123456,299.04,0.0,0.0,0.0,299.71,305.37,288.71,0.0,-123456,299.43,0.0,0.0,0.0,298.98,305.37,288.71,0.0,-123456,298.82,0.0,0.0,0.0,298.98,305.37,288.71,0.0,-123456,298.87,0.0,0.0,0.01,298.98,291.15,292.04,290.04,297.98,294.93,298.98,0,0.0,0.0,-123456,0.9,0.0,0.01,0.0,0.0,-0.01,0.0,-123456,0.0,0.0,0.0,-123456,-123456,5,0,283.15,290.82,298.32,298.43,-123456,-123456,283.15,0.0,34473.8,-123456,-123456,-123456,0,0,-123456,0,0,0.0,0,-123456,-123456,0.0,-123456,-123456,-123456,-123456,-123456,-123456,-123456,-123456,6,-123456,5,25,-123456,8,0.0,0.0,-123456,4,0,-123456
81900.0,299.15,305.37,288.71,0.0,-123456,298.93,0.0,0.0,0.0,299.21,305.37,288.71,0.0,-123456,299.04,0.0,0.0,0.0,299.65,305.37,288.71,0.0,-123456,299.43,0.0,0.0,0.0,298.98,305.37,288.71,0.0,-123456,298.87,0.0,0.0,0.0,298.98,305.37,288.71,0.0,-123456,298.87,0.0,0.0,0.01,298.98,291.15,292.04,290.08,298.15,294.93,298.98,0,0.0,0.0,-123456,0.9,0.0,0.02,0.0,0.0,-0.01,0.0,-123456,0.0,0.0,0.0,-123456,-123456,5,0,283.15,290.82,298.32,298.43,-123456,-123456,283.15,0.0,34473.8,-123456,-123456,-123456,0,0,-123456,0,0,0.0,0,-123456,-123456,0.0,-123456,-123456,-123456,-123456,-123456,-123456,-123456,-123456,6,-123456,5,25,-123456,8,0.0,0.0,-123456,4,0,-123456
82200.0,299.15,305.37,288.71,0.0,-123456,298.93,0.0,0.0,0.0,299.21,305.37,288.71,0.0,-123456,299.04,0.0,0.0,0.0,299.65,305.37,288.71,0.0,-123456,299.43,0.0,0.0,0.0,298.93,305.37,288.71,0.0,-123456,298.87,0.0,0.0,0.0,298.98,305.37,288.71,0.0,-123456,298.87,0.0,0.0,0.01,298.98,291.15,292.04,290.1,298.37,294.93,298.98,0,0.0,0.0,-123456,0.9,0.0,0.01,0.0,0.01,-0.01,0.0,-123456,0.0,0.0,0.0,-123456,-123456,5,0,283.15,290.82,298.32,298.43,-123456,-123456,283.15,0.0,34473.8,-123456,-123456,-123456,0,0,-123456,0,0,0.0,0,-123456,-123456,0.0,-123456,-123456,-123456,-123456,-123456,-123456,-123456,-123456,5,-123456,5,26,-123456,8,0.0,0.0,-123456,4,0,-123456
82500.0,299.15,305.37,288.71,0.0,-123456,298.93,0.0,0.0,0.0,299.21,305.37,288.71,0.0,-123456,299.04,0.0,0.0,0.0,299.65,305.37,288.71,0.0,-123456,299.43,0.0,0.0,0.0,298.93,305.37,288.71,0.0,-123456,298.87,0.0,0.0,0.0,298.98,305.37,288.71,0.0,-123456,298.87,0.0,0.0,0.01,298.98,291.15,292.04,290.13,298.54,294.98,298.98,0,0.0,0.0,-123456,0.9,0.0,0.01,0.0,0.01,-0.01,0.0,-123456,0.0,0.0,0.0,-123456,-123456,5,0,283.15,290.82,298.32,298.43,-123456,-123456,283.15,0.0,34473.8,-123456,-123456,-123456,0,0,-123456,0,0,0.0,0,-123456,-123456,0.0,-123456,-123456,-123456,-123456,-123456,-123456,-123456,-123456,5,-123456,5,26,-123456,8,0.0,0.0,-123456,4,0,-123456
82800.0,299.15,305.37,288.71,0.0,-123456,298.93,0.0,0.0,0.0,299.21,305.37,288.71,0.0,-123456,299.04,0.0,0.0,0.0,299.65,305.37,288.71,0.0,-123456,299.43,0.0,0.0,0.0,298.93,305.37,288.71,0.0,-123456,298.87,0.0,0.0,0.0,298.98,305.37,288.71,0.0,-123456,298.87,0.0,0.0,0.01,298.98,291.15,292.04,290.15,298.76,294.93,298.98,0,0.0,0.0,-123456,0.9,0.0,0.02,0.0,0.01,-0.01,0.0,-123456,0.0,0.0,0.0,-123456,-123456,5,0,283.15,290.82,298.32,298.43,-123456,-123456,283.15,0.0,34473.8,-123456,-123456,-123456,0,0,-123456,0,0,0.0,0,-123456,-123456,0.0,-123456,-123456,-123456,-123456,-123456,-123456,-123456,-123456,6,-123456,5,25,-123456,8,0.0,0.0,-123456,4,0,-123456
83100.0,299.15,305.37,288.71,0.0,-123456,298.93,0.0,0.0,0.0,299.21,305.37,288.71,0.0,-123456,299.04,0.0,0.0,0.0,299.65,305.37,288.71,0.0,-123456,299.43,0.0,0.0,0.0,298.93,305.37,288.71,0.0,-123456,298.87,0.0,0.0,0.0,298.98,305.37,288.71,0.0,-123456,298.87,0.0,0.0,0.01,298.98,291.15,291.98,290.16,298.93,294.93,298.98,0,0.0,0.0,-123456,0.9,0.0,0.01,0.0,0.01,-0.01,0.0,-123456,0.0,0.0,0.0,-123456,-123456,5,0,283.15,290.82,298.32,298.43,-123456,-123456,283.15,0.0,34473.8,-123456,-123456,-123456,0,0,-123456,0,0,0.0,0,-123456,-123456,0.0,-123456,-123456,-123456,-123456,-123456,-123456,-123456,-123456,7,-123456,5,24,-123456,8,0.0,0.0,-123456,4,0,-123456
83400.0,299.15,305.37,288.71,0.0,-123456,298.93,0.0,0.0,0.0,299.21,305.37,288.71,0.0,-123456,299.04,0.0,0.0,0.0,299.65,305.37,288.71,0.0,-123456,299.43,0.0,0.0,0.0,298.93,305.37,288.71,0.0,-123456,298.87,0.0,0.0,0.0,298.98,305.37,288.71,0.0,-123456,298.87,0.0,0.0,0.01,298.98,291.15,291.93,290.16,299.09,294.98,298.98,0,0.0,0.0,-123456,0.9,0.0,0.02,0.0,0.0,-0.01,0.0,-123456,0.0,0.0,0.0,-123456,-123456,5,0,283.15,290.82,298.32,298.43,-123456,-123456,283.15,0.0,34473.8,-123456,-123456,-123456,0,0,-123456,0,0,0.0,0,-123456,-123456,0.0,-123456,-123456,-123456,-123456,-123456,-123456,-123456,-123456,7,-123456,5,24,-123456,8,0.0,0.0,-123456,4,0,-123456
83700.0,299.15,305.37,288.71,0.0,-123456,298.93,0.0,0.0,0.0,299.21,305.37,288.71,0.0,-123456,299.04,0.0,0.0,0.0,299.65,305.37,288.71,0.0,-123456,299.37,0.0,0.0,0.0,298.93,305.37,288.71,0.0,-123456,298.87,0.0,0.0,0.0,298.98,305.37,288.71,0.0,-123456,298.87,0.0,0.0,0.01,298.98,291.15,291.93,290.21,299.21,295.04,298.98,0,0.0,0.0,-123456,0.9,0.0,0.02,0.0,0.01,-0.01,0.0,-123456,0.0,0.0,0.0,-123456,-123456,5,0,283.15,290.82,298.32,298.43,-123456,-123456,283.15,0.0,34473.8,-123456,-123456,-123456,0,0,-123456,0,0,0.0,0,-123456,-123456,0.0,-123456,-123456,-123456,-123456,-123456,-123456,-123456,-123456,7,-123456,5,24,-123456,8,0.0,0.0,-123456,4,0,-123456
84000.0,299.15,305.37,288.71,0.0,-123456,298.93,0.0,0.0,0.0,299.21,305.37,288.71,0.0,-123456,299.04,0.0,0.0,0.0,299.59,305.37,288.71,0.0,-123456,299.37,0.0,0.0,0.0,298.93,305.37,288.71,0.0,-123456,298.87,0.0,0.0,0.0,298.98,305.37,288.71,0.0,-123456,298.87,0.0,0.0,0.01,298.98,291.15,291.87,290.22,299.37,295.04,298.98,0,0.0,0.0,-123456,0.9,0.0,0.01,0.0,0.01,-0.0,0.0,-123456,0.0,0.0,0.0,-123456,-123456,5,0,283.15,290.82,298.32,298.43,-123456,-123456,283.15,0.0,34473.8,-123456,-123456,-123456,0,0,-123456,0,0,0.0,0,-123456,-123456,0.0,-123456,-123456,-123456,-123456,-123456,-123456,-123456,-123456,7,-123456,5,24,-123456,8,0.0,0.0,-123456,4,0,-123456
84300.0,299.09,305.37,288.71,0.0,-123456,298.93,0.0,0.0,0.0,299.21,305.37,288.71,0.0,-123456,299.04,0.0,0.0,0.0,299.59,305.37,288.71,0.0,-123456,299.37,0.0,0.0,0.0,298.93,305.37,288.71,0.0,-123456,298.87,0.0,0.0,0.0,298.98,305.37,288.71,0.0,-123456,298.87,0.0,0.0,0.01,298.98,291.15,291.82,290.22,299.54,295.04,298.98,0,0.0,0.0,-123456,0.9,0.0,0.01,0.0,0.01,-0.01,0.0,-123456,0.0,0.0,0.0,-123456,-123456,5,0,283.15,290.82,298.32,298.43,-123456,-123456,283.15,0.0,34473.8,-123456,-123456,-123456,0,0,-123456,0,0,0.0,0,-123456,-123456,0.0,-123456,-123456,-123456,-123456,-123456,-123456,-123456,-123456,6,-123456,5,25,-123456,8,0.0,0.0,-123456,4,0,-123456
84600.0,299.09,305.37,288.71,0.0,-123456,298.93,0.0,0.0,0.0,299.15,305.37,288.71,0.0,-123456,299.04,0.0,0.0,0.0,299.59,305.37,288.71,0.0,-123456,299.37,0.0,0.0,0.0,298.93,305.37,288.71,0.0,-123456,298.87,0.0,0.0,0.0,298.98,305.37,288.71,0.0,-123456,298.87,0.0,0.0,0.01,298.98,291.15,291.76,290.22,299.65,295.04,298.98,0,0.0,0.0,-123456,0.9,0.0,0.02,0.0,0.01,-0.01,0.0,-123456,0.0,0.0,0.0,-123456,-123456,5,0,283.15,290.82,298.32,298.43,-123456,-123456,283.15,0.0,34473.8,-123456,-123456,-123456,0,0,-123456,0,0,0.0,0,-123456,-123456,0.0,-123456,-123456,-123456,-123456,-123456,-123456,-123456,-123456,4,-123456,5,27,-123456,8,0.0,0.0,-123456,4,0,-123456
84900.0,299.09,305.37,288.71,0.0,-123456,298.93,0.0,0.0,0.0,299.15,305.37,288.71,0.0,-123456,299.04,0.0,0.0,0.0,299.59,305.37,288.71,0.0,-123456,299.37,0.0,0.0,0.0,298.93,305.37,288.71,0.0,-123456,298.87,0.0,0.0,0.0,298.98,305.37,288.71,0.0,-123456,298.87,0.0,0.0,0.01,298.98,291.15,291.71,290.22,299.76,295.09,298.98,0,0.0,0.0,-123456,0.9,0.0,0.01,0.0,0.01,-0.01,0.0,-123456,0.0,0.0,0.0,-123456,-123456,5,0,283.15,290.82,298.32,298.43,-123456,-123456,283.15,0.0,34473.8,-123456,-123456,-123456,0,0,-123456,0,0,0.0,0,-123456,-123456,0.0,-123456,-123456,-123456,-123456,-123456,-123456,-123456,-123456,7,-123456,5,24,-123456,8,0.0,0.0,-123456,4,0,-123456
85200.0,299.09,305.37,288.71,0.0,-123456,298.93,0.0,0.0,0.0,299.15,305.37,288.71,0.0,-123456,299.04,0.0,0.0,0.0,299.59,305.37,288.71,0.0,-123456,299.37,0.0,0.0,0.0,298.93,305.37,288.71,0.0,-123456,298.87,0.0,0.0,0.0,298.98,305.37,288.71,0.0,-123456,298.87,0.0,0.0,0.01,298.98,291.15,291.65,290.22,299.87,295.15,298.98,0,0.0,0.0,-123456,0.9,0.0,0.01,0.0,0.0,-0.01,0.0,-123456,0.0,0.0,0.0,-123456,-123456,5,0,283.15,290.82,298.32,298.43,-123456,-123456,283.15,0.0,34473.8,-123456,-123456,-123456,0,0,-123456,0,0,0.0,0,-123456,-123456,0.0,-123456,-123456,-123456,-123456,-123456,-123456,-123456,-123456,5,-123456,5,26,-123456,8,0.0,0.0,-123456,4,0,-123456
85500.0,299.09,305.37,288.71,0.0,-123456,298.93,0.0,0.0,0.0,299.15,305.37,288.71,0.0,-123456,299.04,0.0,0.0,0.0,299.59,305.37,288.71,0.0,-123456,299.37,0.0,0.0,0.0,298.93,305.37,288.71,0.0,-123456,298.87,0.0,0.0,0.0,298.98,305.37,288.71,0.0,-123456,298.87,0.0,0.0,0.01,298.98,291.15,291.59,290.23,300.15,294.93,298.98,0,0.0,0.0,-123456,0.9,0.0,0.02,0.0,0.0,-0.01,0.0,-123456,0.0,0.0,0.0,-123456,-123456,5,0,283.15,290.82,298.32,298.43,-123456,-123456,283.15,0.0,34473.8,-123456,-123456,-123456,0,0,-123456,0,0,0.0,0,-123456,-123456,0.0,-123456,-123456,-123456,-123456,-123456,-123456,-123456,-123456,5,-123456,5,26,-123456,8,0.0,0.0,-123456,4,0,-123456
85800.0,299.09,305.37,288.71,0.0,-123456,298.93,0.0,0.0,0.0,299.09,305.37,288.71,0.0,-123456,299.04,0.0,0.0,0.0,299.54,305.37,288.71,0.0,-123456,299.37,0.0,0.0,0.0,298.93,305.37,288.71,0.0,-123456,298.87,0.0,0.0,0.0,298.93,305.37,288.71,0.0,-123456,298.87,0.0,0.0,0.01,298.98,291.15,291.54,290.23,300.54,294.93,298.98,0,0.0,0.0,-123456,0.9,0.0,0.02,0.0,0.0,-0.01,0.0,-123456,0.0,0.0,0.0,-123456,-123456,5,0,283.15,290.82,298.32,298.43,-123456,-123456,283.15,0.0,34473.8,-123456,-123456,-123456,0,0,-123456,0,0,0.0,0,-123456,-123456,0.0,-123456,-123456,-123456,-123456,-123456,-123456,-123456,-123456,5,-123456,5,26,-123456,8,0.0,0.0,-123456,4,0,-123456
86100.0,299.09,305.37,288.71,0.0,-123456,298.93,0.0,0.0,0.0,299.09,305.37,288.71,0.0,-123456,299.04,0.0,0.0,0.0,299.54,305.37,288.71,0.0,-123456,299.37,0.0,0.0,0.0,298.87,305.37,288.71,0.0,-123456,298.87,0.0,0.0,0.0,298.93,305.37,288.71,0.0,-123456,298.87,0.0,0.0,0.01,298.98,291.15,291.48,290.23,300.82,294.87,298.98,0,0.0,0.0,-123456,0.9,0.0,0.02,0.0,0.0,-0.01,0.0,-123456,0.0,0.0,0.0,-123456,-123456,5,0,283.15,290.82,298.32,298.43,-123456,-123456,283.15,0.0,34473.8,-123456,-123456,-123456,0,0,-123456,0,0,0.0,0,-123456,-123456,0.0,-123456,-123456,-123456,-123456,-123456,-123456,-123456,-123456,4,-123456,5,27,-123456,8,0.0,0.0,-123456,4,0,-123456
86400.0,299.09,305.37,288.71,0.0,-123456,298.93,0.0,0.0,0.0,299.09,305.37,288.71,0.0,-123456,299.04,0.0,0.0,0.0,299.54,305.37,288.71,0.0,-123456,299.37,0.0,0.0,0.0,298.87,305.37,288.71,0.0,-123456,298.87,0.0,0.0,0.0,298.93,305.37,288.71,0.0,-123456,298.87,0.0,0.0,0.01,298.98,291.15,291.43,290.23,301.09,294.87,298.98,0,0.0,0.0,-123456,0.9,0.0,0.02,0.0,0.0,-0.02,0.0,-123456,0.0,0.0,0.0,-123456,-123456,5,0,283.15,290.82,298.32,298.43,-123456,-123456,283.15,0.0,34473.8,-123456,-123456,-123456,0,0,-123456,0,0,0.0,0,-123456,-123456,0.0,-123456,-123456,-123456,-123456,-123456,-123456,-123456,-123456,6,-123456,5,25,-123456,8,0.0,0.0,-123456,4,0,-123456
