DATE,TIME,BAR-PRES,IR-RADIA,OA-HUMD,OA-TEMP,SOL-ALM,SOL-BEAM,SOL-HORZ,WIND-DIR,WIND-VEL
08/27/2007,00:00:00,1015.86,119.688,68.953,72.106,0.0,0.253,0.163,156.021,9.141
08/27/2007,00:01:00,1015.898,119.875,68.639,72.081,0.0,0.222,0.163,167.638,7.328
08/27/2007,00:02:00,1015.898,119.563,68.934,72.081,0.0,0.19,0.163,159.621,6.093
08/27/2007,00:03:00,1015.937,119.563,68.714,72.042,0.0,0.222,0.163,113.825,6.458
08/27/2007,00:04:00,1015.937,119.75,68.694,72.016,0.0,0.222,0.163,171.078,9.312
08/27/2007,00:05:00,1015.937,119.625,68.739,72.068,0.0,0.222,0.163,183.758,10.681
08/27/2007,00:06:00,1015.937,119.75,69.348,72.119,0.0,0.222,0.163,156.458,6.732
08/27/2007,00:07:00,1015.975,119.625,68.94,72.093,0.0,0.222,0.163,152.45,12.689
08/27/2007,00:08:00,1015.937,119.625,69.368,72.042,0.0,0.19,0.163,191.527,9.737
08/27/2007,00:09:00,1015.898,119.375,70.035,71.97,0.0,0.222,0.163,120.005,4.638
08/27/2007,00:10:00,1015.898,119.625,69.348,71.867,0.0,0.222,0.163,172.346,6.342
08/27/2007,00:11:00,1015.898,119.563,70.142,71.815,0.0,0.19,0.136,171.588,9.074
08/27/2007,00:12:00,1015.898,119.563,70.427,71.698,0.0,0.19,0.163,143.472,7.206
08/27/2007,00:13:00,1015.898,119.625,70.359,71.711,0.0,0.222,0.163,163.63,9.871
08/27/2007,00:14:00,1015.898,119.563,71.13,71.737,0.0,0.222,0.163,176.427,6.385
08/27/2007,00:15:00,1015.86,119.75,70.777,71.685,0.0,0.222,0.163,149.491,8.63
08/27/2007,00:16:00,1015.822,119.438,71.386,71.64,0.0,0.19,0.163,156.4,7.936
08/27/2007,00:17:00,1015.822,119.563,71.499,71.497,0.0,0.19,0.163,162.507,9.725
08/27/2007,00:18:00,1015.86,119.375,72.014,71.484,0.0,0.19,0.163,152.931,7.723
08/27/2007,00:19:00,1015.822,119.938,71.34,71.419,0.0,0.222,0.163,158.543,13.109
08/27/2007,00:20:00,1015.822,119.813,71.862,71.484,0.0,0.222,0.163,167.055,10.705
08/27/2007,00:21:00,1015.822,119.563,72.001,71.497,0.0,0.222,0.163,163.761,9.153
08/27/2007,00:22:00,1015.783,119.563,71.671,71.432,0.0,0.222,0.136,110.706,2.874
08/27/2007,00:23:00,1015.783,119.875,72.098,71.445,0.0,0.222,0.163,155.045,7.59
08/27/2007,00:24:00,1015.783,119.688,72.121,71.471,0.0,0.222,0.163,152.057,8.557
08/27/2007,00:25:00,1015.745,119.625,72.338,71.406,0.0,0.222,0.163,139.988,3.659
08/27/2007,00:26:00,1015.745,119.813,72.338,71.419,0.0,0.222,0.163,160.729,9.415
08/27/2007,00:27:00,1015.745,120.0,72.053,71.335,0.0,0.222,0.163,166.311,13.358
08/27/2007,00:28:00,1015.745,119.938,72.318,71.361,0.0,0.222,0.163,135.892,6.531
08/27/2007,00:29:00,1015.745,119.75,72.406,71.361,0.0,0.19,0.163,189.02,10.571
08/27/2007,00:30:00,1015.745,119.75,72.61,71.361,0.0,0.19,0.163,162.857,9.129
08/27/2007,00:31:00,1015.745,120.125,72.814,71.283,0.0,0.222,0.163,163.484,14.575
08/27/2007,00:32:00,1015.745,120.188,72.629,71.394,0.0,0.253,0.163,130.776,11.63
08/27/2007,00:33:00,1015.822,119.813,72.71,71.361,0.0,0.19,0.163,158.368,10.431
08/27/2007,00:34:00,1015.745,119.938,72.85,71.257,0.0,0.222,0.163,159.796,9.001
08/27/2007,00:35:00,1015.783,120.125,73.326,71.283,0.0,0.222,0.163,157.537,8.618
08/27/2007,00:36:00,1015.783,120.0,73.384,71.232,0.0,0.222,0.163,144.157,7.9
08/27/2007,00:37:00,1015.745,120.375,73.002,71.18,0.0,0.222,0.163,161.72,10.407
08/27/2007,00:38:00,1015.745,120.063,73.054,71.219,0.0,0.19,0.163,149.418,6.707
08/27/2007,00:39:00,1015.783,120.438,73.154,71.232,0.0,0.222,0.163,152.785,13.334
08/27/2007,00:40:00,1015.783,120.313,73.377,71.257,0.0,0.253,0.163,142.466,9.786
08/27/2007,00:41:00,1015.822,120.563,73.015,71.257,0.0,0.222,0.163,142.641,14.161
08/27/2007,00:42:00,1015.783,120.438,72.989,71.335,0.0,0.253,0.163,161.939,8.63
08/27/2007,00:43:00,1015.745,120.438,73.028,71.257,0.0,0.222,0.163,149.127,13.845
08/27/2007,00:44:00,1015.745,120.313,73.167,71.219,0.0,0.222,0.136,157.173,10.894
08/27/2007,00:45:00,1015.783,120.625,73.015,71.193,0.0,0.222,0.136,171.282,10.772
08/27/2007,00:46:00,1015.745,120.688,72.947,71.257,0.0,0.253,0.136,163.484,14.234
08/27/2007,00:47:00,1015.707,120.438,73.692,71.219,0.0,0.222,0.163,152.508,11.18
08/27/2007,00:48:00,1015.707,120.5,73.16,71.167,0.0,0.253,0.163,174.197,15.889
08/27/2007,00:49:00,1015.668,120.563,73.251,71.18,0.0,0.253,0.163,168.629,11.034
08/27/2007,00:50:00,1015.668,120.625,73.18,71.18,0.0,0.222,0.163,164.402,15.78
08/27/2007,00:51:00,1015.668,120.25,73.747,71.167,0.0,0.222,0.163,141.839,9.823
08/27/2007,00:52:00,1015.668,120.625,73.799,71.154,0.0,0.222,0.163,152.756,8.74
08/27/2007,00:53:00,1015.63,120.938,73.034,71.102,0.0,0.222,0.163,174.036,13.833
08/27/2007,00:54:00,1015.63,120.875,73.245,71.206,0.0,0.253,0.163,160.131,11.855
08/27/2007,00:55:00,1015.592,120.5,73.497,71.141,0.0,0.19,0.163,145.002,9.835
08/27/2007,00:56:00,1015.592,120.625,73.471,71.069,0.0,0.222,0.163,163.032,12.677
08/27/2007,00:57:00,1015.592,120.625,73.925,71.082,0.0,0.222,0.136,157.741,10.358
08/27/2007,00:58:00,1015.554,120.5,73.805,71.018,0.0,0.222,0.163,163.28,10.954
08/27/2007,00:59:00,1015.496,120.5,73.792,70.966,0.0,0.222,0.136,142.845,13.322
08/27/2007,01:00:00,1015.458,120.375,73.747,70.979,0.0,0.222,0.163,134.347,4.577
08/27/2007,01:01:00,1015.458,120.563,73.708,71.005,0.0,0.222,0.163,161.633,10.784
08/27/2007,01:02:00,1015.419,120.5,73.727,70.927,0.0,0.222,0.163,152.683,15.397
08/27/2007,01:03:00,1015.419,120.25,74.699,70.927,0.0,0.222,0.136,145.789,12.585
08/27/2007,01:04:00,1015.381,120.5,74.223,70.901,0.0,0.222,0.163,161.968,10.632
08/27/2007,01:05:00,1015.381,120.563,74.025,70.901,0.0,0.222,0.163,163.105,10.954
08/27/2007,01:06:00,1015.381,121.0,73.397,70.953,0.0,0.316,0.163,158.878,13.346
08/27/2007,01:07:00,1015.419,120.5,74.177,71.018,0.0,0.222,0.163,165.597,9.488
08/27/2007,01:08:00,1015.419,120.875,73.53,70.953,0.0,0.222,0.163,169.707,13.96
08/27/2007,01:09:00,1015.458,120.75,73.562,70.979,0.0,0.222,0.163,151.08,11.143
08/27/2007,01:10:00,1015.458,120.688,73.786,70.979,0.0,0.222,0.136,167.113,14.027
08/27/2007,01:11:00,1015.496,120.813,73.591,71.005,0.0,0.222,0.163,164.621,11.654
08/27/2007,01:12:00,1015.458,120.938,73.3,71.031,0.0,0.222,0.163,138.458,10.967
08/27/2007,01:13:00,1015.496,120.688,73.293,70.992,0.0,0.222,0.163,147.524,9.537
08/27/2007,01:14:00,1015.496,120.813,73.562,70.979,0.0,0.222,0.163,166.661,10.559
08/27/2007,01:15:00,1015.458,120.75,74.051,70.94,0.0,0.222,0.163,162.318,8.539
08/27/2007,01:16:00,1015.458,120.75,73.727,70.901,0.0,0.222,0.136,143.238,10.097
08/27/2007,01:17:00,1015.419,120.563,73.977,70.901,0.0,0.19,0.163,161.604,10.486
08/27/2007,01:18:00,1015.419,120.563,74.628,70.817,0.0,0.222,0.163,154.928,8.478
08/27/2007,01:19:00,1015.458,120.75,73.786,70.804,0.0,0.222,0.163,151.59,11.058
08/27/2007,01:20:00,1015.458,120.688,73.97,70.817,0.0,0.222,0.136,175.377,12.713
08/27/2007,01:21:00,1015.381,120.875,74.122,70.836,0.0,0.19,0.163,166.588,11.204
08/27/2007,01:22:00,1015.381,120.625,73.912,70.791,0.0,0.222,0.163,140.557,12.883
08/27/2007,01:23:00,1015.381,120.813,73.747,70.862,0.0,0.222,0.163,162.653,11.691
08/27/2007,01:24:00,1015.343,120.563,74.116,70.875,0.0,0.253,0.163,148.646,7.553
08/27/2007,01:25:00,1015.343,120.625,73.86,70.823,0.0,0.222,0.163,171.938,10.431
08/27/2007,01:26:00,1015.381,120.938,73.591,70.862,0.0,0.253,0.163,164.591,13.285
08/27/2007,01:27:00,1015.343,120.75,73.42,70.927,0.0,0.222,0.136,155.992,11.843
08/27/2007,01:28:00,1015.305,121.0,73.258,70.927,0.0,0.222,0.163,145.643,13.036
08/27/2007,01:29:00,1015.266,120.625,73.799,70.875,0.0,0.19,0.136,180.581,9.074
08/27/2007,01:30:00,1015.266,121.0,73.39,70.901,0.0,0.253,0.163,151.401,12.859
08/27/2007,01:31:00,1015.228,120.688,73.633,70.927,0.0,0.222,0.136,159.301,7.218
08/27/2007,01:32:00,1015.228,120.688,73.899,70.888,0.0,0.222,0.163,167.026,9.105
08/27/2007,01:33:00,1015.151,120.813,73.536,70.862,0.0,0.222,0.163,173.657,13.887
08/27/2007,01:34:00,1015.151,121.313,73.167,70.94,0.0,0.253,0.136,157.858,13.461
08/27/2007,01:35:00,1015.151,121.063,73.306,70.94,0.0,0.222,0.136,134.726,13.498
08/27/2007,01:36:00,1015.151,120.938,73.271,70.94,0.0,0.19,0.163,179.517,7.675
08/27/2007,01:37:00,1015.151,121.25,72.927,70.992,0.0,0.253,0.163,170.626,11.393
08/27/2007,01:38:00,1015.151,121.25,73.167,71.057,0.0,0.253,0.163,153.106,10.796
08/27/2007,01:39:00,1015.151,121.375,72.681,70.979,0.0,0.222,0.163,159.563,11.989
08/27/2007,01:40:00,1015.075,121.25,73.002,70.992,0.0,0.222,0.163,158.761,9.61
08/27/2007,01:41:00,1015.036,121.688,72.71,70.979,0.0,0.222,0.163,149.637,13.583
08/27/2007,01:42:00,1015.036,121.813,72.053,71.206,0.0,0.253,0.136,162.201,11.879
08/27/2007,01:43:00,1015.075,121.188,72.565,71.18,0.0,0.19,0.163,164.796,12.585
08/27/2007,01:44:00,1015.036,121.375,72.484,71.115,0.0,0.19,0.163,158.426,9.677
08/27/2007,01:45:00,1015.036,121.375,72.471,71.057,0.0,0.19,0.136,176.689,15.804
08/27/2007,01:46:00,1014.998,121.313,73.047,71.082,0.0,0.253,0.163,166.719,13.9
08/27/2007,01:47:00,1014.998,121.563,72.623,71.115,0.0,0.222,0.136,150.57,10.796
08/27/2007,01:48:00,1015.036,121.938,72.244,71.115,0.0,0.222,0.163,175.144,13.681
08/27/2007,01:49:00,1014.998,121.813,72.007,71.206,0.0,0.253,0.163,161.516,12.537
08/27/2007,01:50:00,1014.998,121.563,72.318,71.18,0.0,0.19,0.163,147.757,13.036
08/27/2007,01:51:00,1014.998,121.688,72.875,71.095,0.0,0.222,0.163,171.879,10.036
08/27/2007,01:52:00,1014.998,121.813,72.85,71.044,0.0,0.19,0.136,158.135,11.24
08/27/2007,01:53:00,1014.998,121.875,72.305,71.115,0.0,0.222,0.163,166.953,14.758
08/27/2007,01:54:00,1014.998,121.563,72.749,71.128,0.0,0.253,0.163,168.264,10.796
08/27/2007,01:55:00,1014.998,121.938,72.59,71.069,0.0,0.222,0.163,184.297,11.107
08/27/2007,01:56:00,1014.96,121.375,73.212,70.992,0.0,0.222,0.163,168.002,8.155
08/27/2007,01:57:00,1014.922,121.813,72.688,70.914,0.0,0.222,0.163,171.981,11.867
08/27/2007,01:58:00,1014.922,121.938,73.135,70.979,0.0,0.222,0.163,160.131,13.297
08/27/2007,01:59:00,1014.96,121.938,73.384,70.953,0.0,0.222,0.163,167.142,11.082
08/27/2007,02:00:00,1014.922,122.063,72.989,70.888,0.0,0.222,0.136,158.105,10.784
08/27/2007,02:01:00,1014.922,121.75,73.86,70.927,0.0,0.222,0.163,165.685,9.275
08/27/2007,02:02:00,1014.883,121.813,73.271,70.849,0.0,0.19,0.136,150.876,13.973
08/27/2007,02:03:00,1014.883,122.0,73.186,70.862,0.0,0.19,0.163,170.961,10.991
08/27/2007,02:04:00,1014.807,121.938,73.549,70.823,0.0,0.222,0.163,150.686,8.204
08/27/2007,02:05:00,1014.807,121.688,73.572,70.791,0.0,0.19,0.136,148.835,10.486
08/27/2007,02:06:00,1014.845,121.875,73.465,70.804,0.0,0.222,0.163,172.185,13.395
08/27/2007,02:07:00,1014.807,121.813,73.426,70.804,0.0,0.222,0.163,166.078,13.973
08/27/2007,02:08:00,1014.768,121.875,73.766,70.791,0.0,0.222,0.163,155.89,8.417
08/27/2007,02:09:00,1014.768,121.875,73.319,70.823,0.0,0.222,0.163,167.201,11.618
08/27/2007,02:10:00,1014.768,121.625,73.792,70.804,0.0,0.19,0.163,167.74,9.141
08/27/2007,02:11:00,1014.73,121.625,74.42,70.739,0.0,0.222,0.163,157.989,8.393
08/27/2007,02:12:00,1014.73,121.438,73.818,70.713,0.0,0.19,0.163,170.888,9.202
08/27/2007,02:13:00,1014.692,121.375,74.025,70.648,0.0,0.19,0.163,155.219,8.764
08/27/2007,02:14:00,1014.73,121.75,74.356,70.603,0.0,0.222,0.163,171.821,6.02
08/27/2007,02:15:00,1014.692,121.688,73.854,70.648,0.0,0.253,0.163,157.056,8.581
08/27/2007,02:16:00,1014.692,121.438,73.753,70.648,0.0,0.222,0.163,164.344,10.942
08/27/2007,02:17:00,1014.692,121.688,73.811,70.648,0.0,0.222,0.163,147.218,9.074
08/27/2007,02:18:00,1014.692,121.5,74.356,70.674,0.0,0.19,0.163,156.196,7.985
08/27/2007,02:19:00,1014.692,121.75,73.74,70.687,0.0,0.222,0.163,158.076,9.622
08/27/2007,02:20:00,1014.692,121.875,73.141,70.778,0.0,0.253,0.163,169.605,9.263
08/27/2007,02:21:00,1014.692,121.875,73.118,70.888,0.0,0.253,0.163,165.335,10.2
08/27/2007,02:22:00,1014.673,121.5,73.51,70.901,0.0,0.222,0.163,152.159,7.602
08/27/2007,02:23:00,1014.673,121.625,73.617,70.901,0.0,0.222,0.163,158.018,9.774
08/27/2007,02:24:00,1014.634,121.625,73.685,70.836,0.0,0.19,0.163,172.316,9.677
08/27/2007,02:25:00,1014.634,122.0,72.973,70.849,0.0,0.222,0.163,163.717,14.496
08/27/2007,02:26:00,1014.634,121.688,73.633,70.901,0.0,0.19,0.163,166.894,10.535
08/27/2007,02:27:00,1014.673,122.25,73.3,70.953,0.0,0.222,0.136,160.161,12.062
08/27/2007,02:28:00,1014.634,122.0,73.287,71.069,0.0,0.222,0.136,156.196,12.153
08/27/2007,02:29:00,1014.673,121.875,72.927,71.057,0.0,0.19,0.163,159.927,11.034
08/27/2007,02:30:00,1014.673,122.375,72.662,71.057,0.0,0.222,0.163,154.097,15.068
08/27/2007,02:31:00,1014.673,122.188,72.82,71.244,0.0,0.253,0.136,156.167,7.687
08/27/2007,02:32:00,1014.692,122.188,72.299,71.154,0.0,0.19,0.163,176.004,8.965
08/27/2007,02:33:00,1014.673,122.438,72.451,71.206,0.0,0.253,0.136,167.375,9.585
08/27/2007,02:34:00,1014.692,122.375,72.59,71.206,0.0,0.19,0.136,171.908,14.685
08/27/2007,02:35:00,1014.692,122.313,72.668,71.257,0.0,0.19,0.163,186.469,11.8
08/27/2007,02:36:00,1014.673,122.438,72.717,71.219,0.0,0.19,0.163,164.562,10.474
08/27/2007,02:37:00,1014.692,122.563,72.636,71.18,0.0,0.222,0.163,194.704,7.553
08/27/2007,02:38:00,1014.692,122.375,72.833,71.141,0.0,0.19,0.163,165.655,9.366
08/27/2007,02:39:00,1014.692,122.5,72.681,71.154,0.0,0.222,0.163,193.509,9.452
08/27/2007,02:40:00,1014.673,122.063,73.377,71.167,0.0,0.222,0.163,162.653,6.744
08/27/2007,02:41:00,1014.673,122.813,72.73,71.128,0.0,0.253,0.136,178.38,9.452
08/27/2007,02:42:00,1014.634,122.563,72.451,71.167,0.0,0.222,0.136,171.879,11.654
08/27/2007,02:43:00,1014.634,122.688,72.458,71.232,0.0,0.222,0.136,177.578,13.358
08/27/2007,02:44:00,1014.634,122.313,73.086,71.18,0.0,0.19,0.163,176.908,9.336
08/27/2007,02:45:00,1014.673,122.563,73.002,71.141,0.0,0.19,0.136,150.41,11.107
08/27/2007,02:46:00,1014.634,123.063,72.318,71.27,0.0,0.316,0.163,181.601,11.307
08/27/2007,02:47:00,1014.692,122.813,72.749,71.361,0.0,0.222,0.163,178.671,9.038
08/27/2007,02:48:00,1014.673,122.938,72.231,71.348,0.0,0.19,0.163,181.688,10.449
08/27/2007,02:49:00,1014.692,122.875,72.273,71.406,0.0,0.19,0.163,157.143,10.407
08/27/2007,02:50:00,1014.673,122.5,72.681,71.335,0.0,0.222,0.163,172.098,9.847
08/27/2007,02:51:00,1014.634,122.625,72.425,71.257,0.0,0.19,0.163,167.23,13.109
08/27/2007,02:52:00,1014.634,122.375,72.318,71.335,0.0,0.19,0.136,188.102,10.249
08/27/2007,02:53:00,1014.634,122.0,73.384,71.27,0.0,0.19,0.163,171.165,7.504
08/27/2007,02:54:00,1014.634,121.813,73.219,71.154,0.0,0.19,0.136,162.507,7.985
08/27/2007,02:55:00,1014.558,122.188,72.953,71.128,0.0,0.222,0.163,168.92,13.486
08/27/2007,02:56:00,1014.596,122.25,72.934,71.193,0.0,0.253,0.163,165.481,12.178
08/27/2007,02:57:00,1014.596,121.938,73.028,71.141,0.0,0.222,0.136,178.351,11.265
08/27/2007,02:58:00,1014.634,121.875,73.685,71.115,0.0,0.222,0.163,173.497,8.265
08/27/2007,02:59:00,1014.634,121.75,73.206,71.102,0.0,0.19,0.163,180.377,13.346
08/27/2007,03:00:00,1014.596,121.688,73.339,71.082,0.0,0.19,0.163,181.863,6.306
08/27/2007,03:01:00,1014.634,121.688,73.627,71.057,0.0,0.19,0.163,182.519,7.827
08/27/2007,03:02:00,1014.634,122.063,73.225,71.095,0.0,0.222,0.163,167.463,12.013
08/27/2007,03:03:00,1014.634,121.563,73.747,71.057,0.0,0.19,0.163,164.854,7.851
08/27/2007,03:04:00,1014.558,121.375,73.76,71.057,0.0,0.19,0.163,172.069,6.993
08/27/2007,03:05:00,1014.519,121.75,73.572,70.992,0.0,0.19,0.163,179.633,11.24
08/27/2007,03:06:00,1014.558,121.25,74.171,70.979,0.0,0.19,0.163,169.256,6.385
08/27/2007,03:07:00,1014.519,121.625,73.646,70.94,0.0,0.222,0.163,173.541,11.295
08/27/2007,03:08:00,1014.519,121.688,73.41,70.979,0.0,0.222,0.163,182.65,14.21
08/27/2007,03:09:00,1014.443,121.75,73.377,71.044,0.0,0.222,0.163,156.138,11.654
08/27/2007,03:10:00,1014.443,121.375,73.938,71.005,0.0,0.222,0.163,162.944,9.105
08/27/2007,03:11:00,1014.443,121.375,73.556,70.94,0.0,0.222,0.163,172.637,12.238
08/27/2007,03:12:00,1014.443,121.5,73.565,70.94,0.0,0.222,0.163,169.11,12.074
08/27/2007,03:13:00,1014.481,121.313,73.786,70.927,0.0,0.19,0.163,177.811,9.275
08/27/2007,03:14:00,1014.443,121.188,74.216,70.901,0.0,0.19,0.136,166.166,7.961
08/27/2007,03:15:00,1014.404,121.313,73.99,70.901,0.0,0.19,0.163,172.127,7.529
08/27/2007,03:16:00,1014.404,121.375,74.216,70.875,0.0,0.19,0.163,159.68,9.652
08/27/2007,03:17:00,1014.366,121.25,74.262,70.914,0.0,0.222,0.163,155.788,5.874
08/27/2007,03:18:00,1014.366,121.563,73.925,70.914,0.0,0.222,0.163,167.856,15.853
08/27/2007,03:19:00,1014.366,121.313,73.766,70.979,0.0,0.222,0.163,156.575,8.168
08/27/2007,03:20:00,1014.366,121.375,74.064,70.992,0.0,0.19,0.163,174.605,6.02
08/27/2007,03:21:00,1014.366,121.438,74.077,70.914,0.0,0.222,0.163,157.77,8.727
08/27/2007,03:22:00,1014.366,121.688,74.569,70.901,0.0,0.19,0.163,147.611,8.088
08/27/2007,03:23:00,1014.328,121.875,74.064,70.901,0.0,0.222,0.163,165.816,9.275
08/27/2007,03:24:00,1014.328,122.063,74.197,70.914,0.0,0.19,0.163,175.173,10.486
08/27/2007,03:25:00,1014.29,122.063,74.297,70.901,0.0,0.222,0.163,142.247,4.766
08/27/2007,03:26:00,1014.29,122.313,74.362,70.901,0.0,0.19,0.163,171.938,9.464
08/27/2007,03:27:00,1014.213,122.438,74.297,70.862,0.0,0.19,0.136,154.534,11.18
08/27/2007,03:28:00,1014.213,122.875,74.291,70.836,0.0,0.222,0.163,167.405,8.715
08/27/2007,03:29:00,1014.175,122.813,74.388,70.901,0.0,0.222,0.163,163.659,11.082
08/27/2007,03:30:00,1014.175,123.063,74.569,70.875,0.0,0.222,0.163,175.377,9.074
08/27/2007,03:31:00,1014.175,122.938,74.845,70.862,0.0,0.19,0.163,137.292,5.721
08/27/2007,03:32:00,1014.136,123.063,74.88,70.817,0.0,0.222,0.163,166.311,6.506
08/27/2007,03:33:00,1014.175,123.313,74.893,70.836,0.0,0.222,0.163,165.568,10.997
08/27/2007,03:34:00,1014.098,123.375,74.66,70.875,0.0,0.222,0.163,174.94,7.79
08/27/2007,03:35:00,1014.098,123.063,74.773,70.94,0.0,0.222,0.163,169.547,8.904
08/27/2007,03:36:00,1014.098,123.313,74.427,70.953,0.0,0.222,0.136,161.21,11.058
08/27/2007,03:37:00,1014.098,122.813,74.54,71.018,0.0,0.19,0.163,170.116,8.539
08/27/2007,03:38:00,1014.06,122.875,74.495,71.069,0.0,0.222,0.163,183.248,8.569
08/27/2007,03:39:00,1014.021,122.563,74.673,71.057,0.0,0.222,0.163,180.493,6.433
08/27/2007,03:40:00,1014.021,122.563,74.43,71.005,0.0,0.222,0.136,182.14,8.8
08/27/2007,03:41:00,1014.06,122.625,74.699,70.979,0.0,0.222,0.136,189.472,10.821
08/27/2007,03:42:00,1014.06,122.563,74.615,71.095,0.0,0.222,0.163,184.356,9.61
08/27/2007,03:43:00,1014.021,122.5,74.939,71.044,0.0,0.19,0.136,170.276,4.151
08/27/2007,03:44:00,1014.021,123.0,74.566,71.031,0.0,0.253,0.19,181.31,9.263
08/27/2007,03:45:00,1013.983,122.688,74.628,71.082,0.0,0.19,0.136,178.322,6.257
08/27/2007,03:46:00,1013.983,123.0,74.621,71.115,0.0,0.222,0.163,161.88,7.425
08/27/2007,03:47:00,1013.945,123.313,75.013,71.154,0.0,0.253,0.163,167.638,10.236
08/27/2007,03:48:00,1013.945,123.313,74.514,71.18,0.0,0.222,0.163,163.63,9.415
08/27/2007,03:49:00,1013.906,123.625,74.534,71.18,0.0,0.222,0.163,164.052,11.654
08/27/2007,03:50:00,1013.906,124.25,73.938,71.296,0.0,0.253,0.163,169.401,10.808
08/27/2007,03:51:00,1013.906,124.438,74.184,71.432,0.0,0.222,0.163,187.038,10.705
08/27/2007,03:52:00,1013.906,124.313,73.672,71.471,0.0,0.222,0.136,168.993,13.224
08/27/2007,03:53:00,1013.945,124.563,74.025,71.445,0.0,0.222,0.136,173.497,9.202
08/27/2007,03:54:00,1013.945,124.625,73.666,71.471,0.0,0.222,0.163,198.188,13.461
08/27/2007,03:55:00,1013.945,124.563,74.109,71.588,0.0,0.222,0.163,177.301,8.569
08/27/2007,03:56:00,1013.945,124.75,74.33,71.484,0.0,0.19,0.163,185.58,7.59
08/27/2007,03:57:00,1013.906,124.938,74.437,71.406,0.0,0.19,0.163,191.148,8.028
08/27/2007,03:58:00,1013.945,125.875,74.317,71.445,0.0,0.222,0.163,185.842,9.634
08/27/2007,03:59:00,1013.906,126.125,74.152,71.484,0.0,0.19,0.163,173.687,12.354
08/27/2007,04:00:00,1013.906,126.188,73.86,71.536,0.0,0.222,0.163,173.832,9.299
08/27/2007,04:01:00,1013.945,126.313,74.407,71.536,0.0,0.19,0.163,172.2,8.429
08/27/2007,04:02:00,1013.983,126.438,74.469,71.523,0.0,0.19,0.163,181.062,5.259
08/27/2007,04:03:00,1013.983,127.313,74.203,71.484,0.0,0.222,0.163,184.123,10.894
08/27/2007,04:04:00,1014.06,127.813,74.129,71.575,0.0,0.222,0.163,201.905,7.839
08/27/2007,04:05:00,1014.098,128.375,74.21,71.549,0.0,0.19,0.163,186.119,7.316
08/27/2007,04:06:00,1014.098,129.0,74.038,71.536,0.0,0.222,0.163,207.225,10.894
08/27/2007,04:07:00,1014.098,129.25,73.886,71.614,0.0,0.222,0.163,172.185,8.308
08/27/2007,04:08:00,1014.136,129.25,73.831,71.724,0.0,0.222,0.163,203.639,6.245
08/27/2007,04:09:00,1014.098,129.125,73.944,71.685,0.0,0.222,0.163,171.165,7.425
08/27/2007,04:10:00,1014.175,129.375,73.818,71.685,0.0,0.222,0.163,197.299,8.989
08/27/2007,04:11:00,1014.136,128.875,74.122,71.711,0.0,0.19,0.136,179.181,7.091
08/27/2007,04:12:00,1014.175,128.875,74.129,71.737,0.0,0.222,0.163,188.218,7.614
08/27/2007,04:13:00,1014.136,128.25,73.766,71.776,0.0,0.222,0.163,196.701,12.366
08/27/2007,04:14:00,1014.175,127.75,74.09,71.828,0.0,0.19,0.136,176.135,5.575
08/27/2007,04:15:00,1014.098,127.438,74.343,71.724,0.0,0.19,0.163,203.246,4.304
08/27/2007,04:16:00,1014.021,127.063,74.229,71.653,0.0,0.19,0.163,189.297,6.22
08/27/2007,04:17:00,1014.06,127.375,74.304,71.679,0.0,0.222,0.163,182.403,12.859
08/27/2007,04:18:00,1014.06,127.125,73.944,71.75,0.0,0.222,0.163,190.361,6.494
08/27/2007,04:19:00,1014.021,126.938,74.032,71.802,0.0,0.222,0.163,196.978,10.322
08/27/2007,04:20:00,1014.021,126.25,73.799,71.776,0.0,0.222,0.163,176.106,13.9
08/27/2007,04:21:00,1013.983,126.063,73.721,71.867,0.0,0.222,0.163,175.829,10.17
08/27/2007,04:22:00,1014.06,125.563,74.077,71.893,0.0,0.19,0.136,169.081,8.539
08/27/2007,04:23:00,1013.983,125.813,73.905,71.802,0.0,0.19,0.163,158.995,10.608
08/27/2007,04:24:00,1013.983,125.688,74.116,71.828,0.0,0.19,0.163,175.057,6.531
08/27/2007,04:25:00,1013.945,125.75,73.925,71.802,0.0,0.19,0.163,182.14,11.989
08/27/2007,04:26:00,1013.945,125.75,74.19,71.802,0.0,0.19,0.163,214.104,5.387
08/27/2007,04:27:00,1013.983,126.0,74.21,71.789,0.0,0.19,0.163,193.48,12.488
08/27/2007,04:28:00,1013.945,126.188,73.957,71.867,0.0,0.19,0.163,177.636,10.906
08/27/2007,04:29:00,1013.906,126.313,73.983,71.893,0.0,0.222,0.136,189.151,7.492
08/27/2007,04:30:00,1013.983,126.125,74.038,71.906,0.0,0.222,0.163,212.588,8.569
08/27/2007,04:31:00,1013.983,126.438,74.071,71.88,0.0,0.19,0.136,203.406,6.02
08/27/2007,04:32:00,1013.945,126.375,73.944,71.918,0.0,0.222,0.163,194.733,8.192
08/27/2007,04:33:00,1013.868,126.188,74.223,71.957,0.0,0.222,0.163,195.783,5.588
08/27/2007,04:34:00,1013.906,126.125,74.164,71.893,0.0,0.19,0.163,200.185,5.721
08/27/2007,04:35:00,1013.83,125.938,74.249,71.841,0.0,0.19,0.163,211.539,9.117
08/27/2007,04:36:00,1013.811,126.125,74.488,71.828,0.0,0.222,0.163,193.451,6.792
08/27/2007,04:37:00,1013.811,126.063,74.388,71.815,0.0,0.19,0.163,202.24,9.75
08/27/2007,04:38:00,1013.811,126.25,74.281,71.854,0.0,0.222,0.163,201.249,10.157
08/27/2007,04:39:00,1013.772,126.438,74.249,71.931,0.0,0.222,0.136,203.639,6.16
08/27/2007,04:40:00,1013.734,126.563,74.129,71.944,0.0,0.19,0.163,191.177,7.949
08/27/2007,04:41:00,1013.734,126.625,74.456,71.977,0.0,0.19,0.163,201.701,10.431
08/27/2007,04:42:00,1013.734,126.938,74.317,71.97,0.0,0.19,0.163,185.886,8.557
08/27/2007,04:43:00,1013.734,127.438,74.032,72.016,0.0,0.222,0.136,180.202,10.668
08/27/2007,04:44:00,1013.772,127.625,74.096,72.068,0.0,0.222,0.163,206.933,9.64
08/27/2007,04:45:00,1013.734,127.5,74.158,72.042,0.0,0.19,0.163,187.548,6.08
08/27/2007,04:46:00,1013.734,128.0,74.281,72.003,0.0,0.222,0.163,211.247,11.831
08/27/2007,04:47:00,1013.696,127.938,74.304,72.093,0.0,0.222,0.163,170.932,5.746
08/27/2007,04:48:00,1013.734,128.125,74.135,72.132,0.0,0.222,0.163,188.728,6.494
08/27/2007,04:49:00,1013.657,128.625,74.096,72.106,0.0,0.222,0.163,191.352,9.074
08/27/2007,04:50:00,1013.657,129.25,73.983,72.119,0.0,0.222,0.163,189.443,9.938
08/27/2007,04:51:00,1013.619,129.625,73.999,72.268,0.0,0.222,0.163,182.373,8.831
08/27/2007,04:52:00,1013.619,130.0,73.944,72.255,0.0,0.222,0.163,181.368,5.064
08/27/2007,04:53:00,1013.619,129.875,74.084,72.21,0.0,0.19,0.163,203.61,4.723
08/27/2007,04:54:00,1013.581,130.25,73.76,72.288,0.0,0.253,0.136,193.538,9.689
08/27/2007,04:55:00,1013.542,129.625,74.032,72.405,0.0,0.222,0.163,197.503,9.762
08/27/2007,04:56:00,1013.542,129.75,73.721,72.353,0.0,0.253,0.163,181.659,12.652
08/27/2007,04:57:00,1013.466,129.5,73.679,72.418,0.0,0.222,0.163,195.01,6.233
08/27/2007,04:58:00,1013.581,129.0,73.847,72.418,0.0,0.222,0.163,210.256,5.874
08/27/2007,04:59:00,1013.581,128.875,73.685,72.43,0.0,0.222,0.163,187.315,11.295
08/27/2007,05:00:00,1013.581,128.625,73.64,72.43,0.0,0.222,0.163,192.955,10.346
08/27/2007,05:01:00,1013.581,128.5,73.938,72.508,0.0,0.19,0.163,182.723,4.961
08/27/2007,05:02:00,1013.581,128.625,73.925,72.43,0.0,0.19,0.163,195.87,7.839
08/27/2007,05:03:00,1013.542,128.875,73.944,72.392,0.0,0.19,0.163,204.995,9.05
08/27/2007,05:04:00,1013.542,129.125,73.76,72.43,0.0,0.253,0.163,190.696,13.9
08/27/2007,05:05:00,1013.466,128.625,73.925,72.56,0.0,0.222,0.163,213.769,6.744
08/27/2007,05:06:00,1013.504,128.5,73.938,72.482,0.0,0.222,0.163,214.95,7.687
08/27/2007,05:07:00,1013.466,128.625,73.879,72.456,0.0,0.19,0.136,194.136,8.569
08/27/2007,05:08:00,1013.427,128.25,73.879,72.534,0.0,0.222,0.163,193.786,4.304
08/27/2007,05:09:00,1013.466,128.0,73.747,72.534,0.0,0.222,0.163,208.187,11.344
08/27/2007,05:10:00,1013.466,127.688,73.879,72.567,0.0,0.222,0.163,192.78,4.127
08/27/2007,05:11:00,1013.427,127.313,73.747,72.508,0.0,0.19,0.136,177.33,8.155
08/27/2007,05:12:00,1013.389,126.75,73.818,72.534,0.0,0.222,0.163,178.496,16.887
08/27/2007,05:13:00,1013.389,126.188,73.721,72.58,0.0,0.222,0.163,206.598,12.427
08/27/2007,05:14:00,1013.427,125.938,73.792,72.547,0.0,0.19,0.163,232.12,8.667
08/27/2007,05:15:00,1013.389,125.438,73.831,72.58,0.0,0.19,0.163,163.28,9.153
08/27/2007,05:16:00,1013.389,124.75,74.323,72.534,0.0,0.222,0.163,202.648,6.555
08/27/2007,05:17:00,1013.351,124.813,73.925,72.482,0.0,0.19,0.163,188.67,7.729
08/27/2007,05:18:00,1013.351,124.688,73.99,72.521,0.0,0.222,0.163,171.048,5.77
08/27/2007,05:19:00,1013.313,124.438,74.407,72.456,0.0,0.19,0.163,195.666,7.243
08/27/2007,05:20:00,1013.351,124.688,74.103,72.443,0.0,0.222,0.163,206.875,11.892
08/27/2007,05:21:00,1013.389,124.563,74.317,72.469,0.0,0.222,0.163,248.444,6.579
08/27/2007,05:22:00,1013.389,124.688,74.501,72.469,0.0,0.19,0.163,183.321,13.084
08/27/2007,05:23:00,1013.351,124.5,74.33,72.456,0.0,0.222,0.163,203.931,9.378
08/27/2007,05:24:00,1013.351,124.375,74.242,72.534,0.0,0.222,0.163,196.249,11.24
08/27/2007,05:25:00,1013.389,124.625,74.103,72.534,0.0,0.222,0.136,207.589,10.881
08/27/2007,05:26:00,1013.351,124.125,74.268,72.58,0.0,0.19,0.163,191.833,8.49
08/27/2007,05:27:00,1013.389,124.0,74.343,72.495,0.0,0.19,0.163,201.759,7.766
08/27/2007,05:28:00,1013.389,124.063,74.534,72.521,0.0,0.222,0.163,181.295,8.405
08/27/2007,05:29:00,1013.313,124.063,74.56,72.508,0.0,0.19,0.163,209.484,4.078
08/27/2007,05:30:00,1013.351,124.063,74.407,72.495,0.0,0.222,0.163,197.328,12.117
08/27/2007,05:31:00,1013.313,123.875,74.692,72.482,0.0,0.19,0.163,218.768,7.03
08/27/2007,05:32:00,1013.274,124.313,74.488,72.43,0.0,0.19,0.136,196.759,14.551
08/27/2007,05:33:00,1013.313,124.0,74.362,72.534,0.0,0.222,0.163,202.531,15.683
08/27/2007,05:34:00,1013.313,123.75,74.488,72.58,0.0,0.222,0.163,182.286,6.318
08/27/2007,05:35:00,1013.313,124.125,74.56,72.521,0.0,0.222,0.163,188.787,12.348
08/27/2007,05:36:00,1013.351,124.438,74.615,72.534,0.0,0.222,0.163,203.071,13.419
08/27/2007,05:37:00,1013.274,124.0,74.369,72.58,0.0,0.222,0.163,196.38,12.141
08/27/2007,05:38:00,1013.351,124.188,74.443,72.58,0.0,0.222,0.136,204.076,14.1
08/27/2007,05:39:00,1013.236,123.938,74.621,72.592,0.0,0.222,0.163,198.494,8.764
08/27/2007,05:40:00,1013.274,123.75,74.686,72.56,0.0,0.19,0.163,205.111,8.271
08/27/2007,05:41:00,1013.236,124.063,74.679,72.521,0.0,0.19,0.163,181.003,13.498
08/27/2007,05:42:00,1013.236,123.938,74.595,72.547,0.0,0.222,0.163,184.662,13.407
08/27/2007,05:43:00,1013.274,124.188,74.728,72.567,0.0,0.222,0.136,205.111,15.372
08/27/2007,05:44:00,1013.274,123.938,74.767,72.605,0.0,0.222,0.136,192.868,9.251
08/27/2007,05:45:00,1013.236,124.125,74.78,72.644,0.0,0.222,0.163,191.556,13.632
08/27/2007,05:46:00,1013.236,123.875,74.786,72.592,0.0,0.19,0.163,215.227,10.693
08/27/2007,05:47:00,1013.236,123.875,74.793,72.605,0.0,0.19,0.136,180.318,8.393
08/27/2007,05:48:00,1013.274,123.75,74.861,72.56,0.0,0.19,0.163,182.548,14.198
08/27/2007,05:49:00,1013.274,123.75,75.198,72.521,0.0,0.19,0.163,180.173,4.553
08/27/2007,05:50:00,1013.274,124.063,75.091,72.508,0.0,0.19,0.163,212.53,7.054
08/27/2007,05:51:00,1013.313,123.625,75.324,72.495,0.0,0.19,0.163,198.29,7.377
08/27/2007,05:52:00,1013.351,123.813,75.512,72.43,0.0,0.222,0.163,200.214,6.932
08/27/2007,05:53:00,1013.351,123.75,75.671,72.366,0.0,0.19,0.136,180.435,11.952
08/27/2007,05:54:00,1013.351,124.125,75.418,72.366,0.0,0.222,0.163,216.917,8.441
08/27/2007,05:55:00,1013.313,124.063,75.311,72.469,0.0,0.253,0.163,199.937,10.535
08/27/2007,05:56:00,1013.313,123.625,75.46,72.521,0.0,0.19,0.163,202.123,9.366
08/27/2007,05:57:00,1013.274,123.688,75.531,72.443,0.0,0.222,0.163,160.554,7.912
08/27/2007,05:58:00,1013.274,123.438,75.638,72.443,0.0,0.222,0.163,192.605,11.691
08/27/2007,05:59:00,1013.236,123.75,75.81,72.379,0.0,0.222,0.163,188.131,8.271
08/27/2007,06:00:00,1013.236,123.5,75.752,72.327,0.0,0.19,0.136,180.974,8.168
08/27/2007,06:01:00,1013.274,123.875,75.923,72.405,0.0,0.19,0.136,207.414,10.236
08/27/2007,06:02:00,1013.236,123.938,75.745,72.405,0.0,0.19,0.163,184.268,7.456
08/27/2007,06:03:00,1013.274,123.625,76.037,72.392,0.0,0.19,0.163,198.64,6.409
08/27/2007,06:04:00,1013.198,123.938,75.862,72.43,0.0,0.19,0.163,201.992,11.18
08/27/2007,06:05:00,1013.236,123.813,75.797,72.443,0.0,0.19,0.163,186.44,13.559
08/27/2007,06:06:00,1013.274,123.813,76.014,72.418,0.0,0.19,0.163,170.932,10.808
08/27/2007,06:07:00,1013.274,124.0,76.075,72.43,0.0,0.19,0.163,218.142,8.466
08/27/2007,06:08:00,1013.274,123.813,76.101,72.508,0.0,0.19,0.163,215.008,11.892
08/27/2007,06:09:00,1013.198,123.813,75.975,72.508,0.0,0.19,0.163,164.679,8.715
08/27/2007,06:10:00,1013.159,123.75,76.075,72.508,0.0,0.19,0.163,167.681,10.431
08/27/2007,06:11:00,1013.198,123.688,76.305,72.495,0.0,0.19,0.163,211.874,8.819
08/27/2007,06:12:00,1013.159,123.875,76.474,72.405,0.0,0.19,0.163,205.053,14.064
08/27/2007,06:13:00,1013.121,123.813,76.189,72.443,0.0,0.19,0.163,206.219,8.63
08/27/2007,06:14:00,1013.159,123.688,76.221,72.547,0.0,0.19,0.136,177.87,12.762
08/27/2007,06:15:00,1013.121,123.688,76.267,72.534,0.0,0.19,0.163,193.567,6.458
08/27/2007,06:16:00,1013.121,123.375,76.393,72.43,0.0,0.19,0.163,190.813,10.681
08/27/2007,06:17:00,1013.121,123.563,76.315,72.469,0.0,0.19,0.136,198.581,9.251
08/27/2007,06:18:00,1013.121,123.875,76.438,72.56,0.0,0.19,0.136,202.808,11.295
08/27/2007,06:19:00,1013.121,123.688,76.279,72.534,0.0,0.158,0.163,205.971,12.938
08/27/2007,06:20:00,1013.083,123.313,76.399,72.508,0.0,0.19,0.163,210.708,7.912
08/27/2007,06:21:00,1013.083,123.875,76.461,72.521,0.0,0.19,0.163,186.6,14.885
08/27/2007,06:22:00,1013.121,123.75,76.393,72.521,0.0,0.19,0.136,185.784,7.504
08/27/2007,06:23:00,1013.083,123.875,76.38,72.534,0.0,0.19,0.163,190.958,16.492
08/27/2007,06:24:00,1013.083,123.625,76.406,72.567,0.0,0.19,0.163,200.447,12.451
08/27/2007,06:25:00,1013.006,123.688,76.526,72.534,0.0,0.19,0.163,189.326,11.867
08/27/2007,06:26:00,1013.044,123.5,76.765,72.508,0.0,0.19,0.163,210.46,13.595
08/27/2007,06:27:00,1013.044,124.0,76.633,72.508,0.0,0.19,0.163,194.413,14.861
08/27/2007,06:28:00,1013.044,123.375,76.633,72.644,0.0,0.19,0.163,199.456,7.255
08/27/2007,06:29:00,1013.044,123.188,76.697,72.567,0.0,0.19,0.163,200.083,9.105
08/27/2007,06:30:00,1013.044,123.5,76.83,72.508,0.0,0.19,0.163,204.572,13.224
08/27/2007,06:31:00,1013.044,123.625,76.905,72.521,0.0,0.19,0.19,184.808,10.918
08/27/2007,06:32:00,1013.044,123.563,77.002,72.534,0.0,0.158,0.19,202.123,8.295
08/27/2007,06:33:00,1013.044,123.875,76.856,72.547,0.0,0.19,0.271,220.78,10.358
08/27/2007,06:34:00,1013.044,123.938,76.995,72.56,0.0,0.19,0.298,184.895,9.062
08/27/2007,06:35:00,1013.044,124.188,76.785,72.631,0.0,0.19,0.38,192.066,11.63
08/27/2007,06:36:00,1013.121,124.125,76.71,72.735,0.0,0.19,0.461,192.037,6.993
08/27/2007,06:37:00,1013.083,124.438,76.62,72.696,0.0,0.19,0.542,217.049,9.975
08/27/2007,06:38:00,1013.044,124.375,76.911,72.631,0.0,0.158,0.597,192.81,9.378
08/27/2007,06:39:00,1013.044,124.75,77.057,72.567,0.0,0.19,0.678,200.899,9.963
08/27/2007,06:40:00,1013.083,124.625,77.303,72.605,0.0,0.19,0.84,202.152,10.857
08/27/2007,06:41:00,1013.083,124.625,77.203,72.58,0.0,0.19,0.922,188.874,9.914
08/27/2007,06:42:00,1013.044,124.563,77.028,72.605,0.0,0.19,1.084,203.697,11.307
08/27/2007,06:43:00,1013.083,124.625,77.147,72.605,0.0,0.19,1.247,188.16,8.819
08/27/2007,06:44:00,1013.083,124.5,77.128,72.67,0.0,0.19,1.409,204.936,8.429
08/27/2007,06:45:00,1013.044,124.563,77.128,72.657,0.0,0.19,1.734,181.091,9.677
08/27/2007,06:46:00,1012.968,124.875,77.251,72.631,0.0,0.19,1.979,169.43,17.185
08/27/2007,06:47:00,1013.006,124.75,77.352,72.683,0.0,0.19,2.439,207.706,7.529
08/27/2007,06:48:00,1013.006,124.875,77.332,72.657,0.0,0.19,2.928,213.536,10.857
08/27/2007,06:49:00,1013.006,125.313,77.135,72.735,0.0,0.222,3.578,201.992,11.752
08/27/2007,06:50:00,1012.968,125.5,77.29,72.696,0.0,0.253,4.336,196.191,8.514
08/27/2007,06:51:00,1012.968,125.813,77.371,72.709,0.0,0.316,5.066,204.222,14.04
08/27/2007,06:52:00,1013.044,126.313,77.504,72.709,0.0,0.538,5.746,225.05,13.249
08/27/2007,06:53:00,1013.044,126.75,77.504,72.8,0.0,3.068,6.695,194.355,10.93
08/27/2007,06:54:00,1013.044,126.938,77.581,72.761,0.0,11.164,7.996,214.527,7.949
08/27/2007,06:55:00,1013.044,127.188,77.465,72.813,0.0,18.25,9.406,214.104,5.6
08/27/2007,06:56:00,1013.044,127.438,77.377,72.8,0.0,21.188,10.461,204.222,9.689
08/27/2007,06:57:00,1013.044,127.688,77.569,72.871,0.0,23.5,11.656,165.626,5.685
08/27/2007,06:58:00,1013.006,128.125,77.688,72.852,0.0,25.266,12.898,192.27,9.439
08/27/2007,06:59:00,1013.083,129.0,77.53,72.884,0.0,26.938,14.281,205.971,10.869
08/27/2007,07:00:00,1013.083,129.375,77.29,73.001,0.0,28.391,15.5,207.881,7.456
08/27/2007,07:01:00,1013.083,129.75,77.203,73.04,0.0,30.0,16.719,209.892,10.37
08/27/2007,07:02:00,1013.044,130.125,77.284,73.066,0.0,25.422,17.531,203.639,7.936
08/27/2007,07:03:00,1013.006,130.0,77.19,73.092,0.0,14.797,18.156,182.257,9.464
08/27/2007,07:04:00,1013.006,130.375,77.109,73.189,0.0,20.172,19.625,204.907,11.283
08/27/2007,07:05:00,1013.006,130.5,77.128,73.241,0.0,33.313,20.703,178.234,11.18
08/27/2007,07:06:00,1013.044,130.75,77.109,73.267,0.0,38.094,21.266,187.431,8.527
08/27/2007,07:07:00,1013.044,130.5,77.251,73.37,0.0,39.625,21.766,192.401,11.368
08/27/2007,07:08:00,1013.006,130.875,76.905,73.422,0.0,41.094,21.953,176.062,11.867
08/27/2007,07:09:00,1013.044,130.625,76.59,73.506,0.0,43.469,22.281,196.351,13.723
08/27/2007,07:10:00,1013.044,130.5,76.584,73.584,0.0,45.781,22.984,220.372,5.362
08/27/2007,07:11:00,1013.044,131.125,76.924,73.636,0.0,47.969,23.844,183.496,7.45
08/27/2007,07:12:00,1013.083,131.5,76.645,73.688,0.0,48.906,24.656,195.958,13.486
08/27/2007,07:13:00,1013.121,132.125,76.639,73.785,0.0,50.25,24.875,178.555,8.32
08/27/2007,07:14:00,1013.198,132.5,76.62,73.908,0.0,53.25,25.094,215.518,9.275
08/27/2007,07:15:00,1013.236,132.75,76.335,73.96,0.0,55.188,25.25,171.559,9.251
08/27/2007,07:16:00,1013.236,133.25,76.247,74.031,0.0,57.063,25.344,183.758,10.869
08/27/2007,07:17:00,1013.274,133.75,76.176,74.083,0.0,57.75,25.203,185.099,8.776
08/27/2007,07:18:00,1013.313,134.25,76.075,74.096,0.0,58.969,24.938,198.96,10.784
08/27/2007,07:19:00,1013.351,134.625,76.007,74.148,0.0,59.375,24.5,199.223,5.508
08/27/2007,07:20:00,1013.351,135.0,76.16,74.213,0.0,60.5,23.797,170.713,6.944
08/27/2007,07:21:00,1013.351,134.875,76.037,74.239,0.0,61.844,23.109,198.829,7.553
08/27/2007,07:22:00,1013.389,135.375,75.897,74.239,0.0,62.844,22.391,187.256,6.707
08/27/2007,07:23:00,1013.466,135.5,75.784,74.252,0.0,63.219,21.453,201.336,11.344
08/27/2007,07:24:00,1013.466,135.625,75.784,74.265,0.0,62.938,20.547,195.506,8.539
08/27/2007,07:25:00,1013.504,135.75,75.849,74.336,0.0,53.344,18.484,135.615,4.936
08/27/2007,07:26:00,1013.657,135.375,75.994,74.31,0.0,42.75,16.063,220.838,8.904
08/27/2007,07:27:00,1013.696,135.25,76.215,74.265,0.0,20.672,12.195,183.438,5.697
08/27/2007,07:28:00,1013.772,134.875,75.962,74.226,0.0,10.563,9.969,209.892,9.141
08/27/2007,07:29:00,1013.811,134.375,76.228,74.161,0.0,2.088,8.133,200.899,4.492
08/27/2007,07:30:00,1013.83,134.25,76.445,74.109,0.0,1.328,7.453,194.078,3.421
08/27/2007,07:31:00,1013.83,134.0,76.558,74.031,0.0,1.266,7.02,180.654,6.519
08/27/2007,07:32:00,1013.83,133.875,77.028,73.934,0.0,2.246,6.801,185.434,3.902
08/27/2007,07:33:00,1013.811,133.625,77.173,73.856,0.0,1.866,6.395,180.464,2.46
08/27/2007,07:34:00,1013.811,133.875,76.856,73.798,0.0,0.506,5.879,191.235,5.782
08/27/2007,07:35:00,1013.811,133.375,76.811,73.785,0.0,0.633,5.828,187.781,6.592
08/27/2007,07:36:00,1013.772,133.375,76.911,73.759,0.0,0.253,5.637,180.683,5.472
08/27/2007,07:37:00,1013.772,132.875,77.154,73.733,0.0,0.222,5.637,185.464,6.531
08/27/2007,07:38:00,1013.734,132.75,77.29,73.675,0.0,0.19,5.719,201.249,3.269
08/27/2007,07:39:00,1013.772,132.625,77.225,73.636,0.0,0.19,5.746,194.763,7.091
08/27/2007,07:40:00,1013.772,132.625,77.449,73.597,0.0,0.19,5.719,184.502,8.539
08/27/2007,07:41:00,1013.772,132.75,77.695,73.597,0.0,0.19,5.828,194.908,5.496
08/27/2007,07:42:00,1013.811,132.625,77.841,73.61,0.0,0.19,5.801,202.473,3.409
08/27/2007,07:43:00,1013.811,132.625,77.999,73.519,0.0,0.19,5.828,196.133,9.013
08/27/2007,07:44:00,1013.811,132.75,77.854,73.519,0.0,0.19,5.879,193.567,7.218
08/27/2007,07:45:00,1013.772,132.5,77.795,73.506,0.0,0.19,5.961,213.157,6.281
08/27/2007,07:46:00,1013.772,132.375,78.025,73.571,0.0,0.19,6.016,194.471,5.411
08/27/2007,07:47:00,1013.734,132.25,78.074,73.48,0.0,0.19,6.152,187.169,4.127
08/27/2007,07:48:00,1013.734,131.75,78.048,73.519,0.0,0.19,6.18,200.185,7.553
08/27/2007,07:49:00,1013.734,131.375,78.226,73.467,0.0,0.19,6.34,216.538,6.16
08/27/2007,07:50:00,1013.734,131.125,78.33,73.519,0.0,0.19,6.449,188.364,5.77
08/27/2007,07:51:00,1013.734,131.0,78.304,73.454,0.0,0.19,6.531,179.779,9.092
08/27/2007,07:52:00,1013.734,130.75,78.152,73.506,0.0,0.19,6.723,180.916,12.19
08/27/2007,07:53:00,1013.734,130.625,78.213,73.519,0.0,0.19,6.965,214.046,10.06
08/27/2007,07:54:00,1013.734,130.125,78.252,73.571,0.0,0.19,7.289,184.327,7.65
08/27/2007,07:55:00,1013.734,129.875,78.359,73.519,0.0,0.19,7.453,203.071,8.764
08/27/2007,07:56:00,1013.696,129.375,78.437,73.48,0.0,0.19,7.668,220.124,9.561
08/27/2007,07:57:00,1013.696,128.875,78.696,73.454,0.0,0.19,7.859,207.851,8.101
08/27/2007,07:58:00,1013.657,128.375,78.589,73.467,0.0,0.19,8.023,197.721,6.719
08/27/2007,07:59:00,1013.657,128.125,78.803,73.422,0.0,0.19,8.078,200.564,7.437
08/27/2007,08:00:00,1013.657,127.625,78.935,73.383,0.0,0.19,8.188,203.1,8.393
08/27/2007,08:01:00,1013.657,127.188,79.211,73.344,0.0,0.19,8.43,209.265,4.626
08/27/2007,08:02:00,1013.657,126.688,79.217,73.267,0.0,0.158,8.727,198.742,6.646
08/27/2007,08:03:00,1013.619,126.938,79.249,73.241,0.0,0.19,8.969,186.746,4.176
08/27/2007,08:04:00,1013.657,126.438,79.356,73.292,0.0,0.19,9.266,181.003,8.539
08/27/2007,08:05:00,1013.696,126.438,79.343,73.318,0.0,0.19,9.703,209.323,7.875
08/27/2007,08:06:00,1013.657,126.25,79.224,73.267,0.0,0.19,10.078,182.024,7.377
08/27/2007,08:07:00,1013.657,126.25,79.162,73.279,0.0,0.253,10.383,189.676,9.786
08/27/2007,08:08:00,1013.657,125.813,79.224,73.344,0.0,0.19,10.734,203.246,10.133
08/27/2007,08:09:00,1013.619,126.188,79.35,73.279,0.0,0.19,10.945,198.698,6.579
08/27/2007,08:10:00,1013.657,126.25,79.466,73.267,0.0,0.19,11.406,185.784,6.616
08/27/2007,08:11:00,1013.657,125.875,79.674,73.318,0.0,0.19,11.867,199.5,4.48
08/27/2007,08:12:00,1013.696,126.188,79.554,73.267,0.0,0.158,12.219,200.811,8.064
08/27/2007,08:13:00,1013.696,126.063,79.593,73.267,0.0,0.19,12.57,203.493,7.364
08/27/2007,08:14:00,1013.696,125.813,79.625,73.267,0.0,0.19,13.141,183.263,8.691
08/27/2007,08:15:00,1013.696,126.125,79.693,73.292,0.0,0.19,13.789,219.993,6.02
08/27/2007,08:16:00,1013.696,127.25,79.408,73.357,0.0,0.19,14.469,184.778,15.044
08/27/2007,08:17:00,1013.696,127.438,79.149,73.48,0.0,0.19,15.07,179.269,13.784
08/27/2007,08:18:00,1013.657,127.688,79.441,73.454,0.0,0.19,15.477,166.924,6.318
08/27/2007,08:19:00,1013.619,128.25,79.402,73.467,0.0,0.19,15.906,179.458,7.766
08/27/2007,08:20:00,1013.657,128.625,79.567,73.422,0.0,0.19,16.453,211.422,9.847
08/27/2007,08:21:00,1013.657,129.25,79.376,73.441,0.0,0.19,16.938,168.425,8.727
08/27/2007,08:22:00,1013.696,129.75,79.667,73.422,0.0,0.19,17.375,193.422,11.666
08/27/2007,08:23:00,1013.657,130.125,79.7,73.396,0.0,0.19,17.672,208.478,7.663
08/27/2007,08:24:00,1013.619,130.75,79.593,73.396,0.0,0.19,17.672,185.58,11.441
08/27/2007,08:25:00,1013.619,131.375,79.421,73.429,0.0,0.19,17.391,189.049,12.537
08/27/2007,08:26:00,1013.657,131.625,79.528,73.454,0.0,0.19,16.906,180.027,10.036
08/27/2007,08:27:00,1013.657,132.0,79.758,73.422,0.0,0.19,16.531,195.608,8.308
08/27/2007,08:28:00,1013.657,132.5,79.871,73.422,0.0,0.222,16.266,185.668,7.65
08/27/2007,08:29:00,1013.657,133.0,79.745,73.454,0.0,0.19,16.203,201.759,10.261
08/27/2007,08:30:00,1013.619,131.625,80.263,73.441,0.0,0.19,16.125,192.722,5.685
08/27/2007,08:31:00,1013.619,129.625,80.587,73.409,0.0,0.222,16.094,195.9,7.091
08/27/2007,08:32:00,1013.657,129.75,80.496,73.422,0.0,0.19,15.93,193.363,8.028
08/27/2007,08:33:00,1013.657,130.0,80.843,73.37,0.0,0.19,15.797,173.599,11.806
08/27/2007,08:34:00,1013.657,130.25,80.542,73.429,0.0,0.253,15.883,188.16,6.531
08/27/2007,08:35:00,1013.657,130.75,80.516,73.422,0.0,0.348,15.984,189.865,8.776
08/27/2007,08:36:00,1013.696,131.0,80.856,73.409,0.0,0.222,15.961,203.275,3.683
08/27/2007,08:37:00,1013.696,130.875,80.943,73.383,0.0,0.19,15.742,179.837,7.468
08/27/2007,08:38:00,1013.657,131.25,80.632,73.37,0.0,0.222,15.477,195.783,8.527
08/27/2007,08:39:00,1013.696,131.125,80.733,73.422,0.0,0.222,15.313,185.609,7.218
08/27/2007,08:40:00,1013.657,131.0,80.662,73.429,0.0,0.19,15.117,187.825,10.474
08/27/2007,08:41:00,1013.619,130.875,80.746,73.429,0.0,0.222,14.961,184.502,5.6
08/27/2007,08:42:00,1013.581,131.25,80.817,73.422,0.0,0.222,14.906,157.202,8.977
08/27/2007,08:43:00,1013.542,130.875,80.895,73.467,0.0,0.253,14.82,204.965,9.312
08/27/2007,08:44:00,1013.542,130.75,80.613,73.519,0.0,0.222,14.797,164.825,5.819
08/27/2007,08:45:00,1013.504,130.75,80.752,73.519,0.0,0.222,14.906,164.052,3.409
08/27/2007,08:46:00,1013.504,130.75,80.759,73.506,0.0,0.222,15.117,205.344,9.622
08/27/2007,08:47:00,1013.504,131.0,80.759,73.493,0.0,0.253,15.281,179.633,8.63
08/27/2007,08:48:00,1013.466,131.0,80.509,73.532,0.0,0.19,15.586,196.016,7.316
08/27/2007,08:49:00,1013.389,130.875,80.649,73.558,0.0,0.222,15.93,170.392,7.529
08/27/2007,08:50:00,1013.389,130.875,80.607,73.571,0.0,0.19,16.281,206.642,8.228
08/27/2007,08:51:00,1013.351,130.5,80.83,73.558,0.0,0.19,16.688,193.203,9.202
08/27/2007,08:52:00,1013.313,130.25,80.824,73.584,0.0,0.19,17.016,193.393,9.561
08/27/2007,08:53:00,1013.274,129.625,80.765,73.597,0.0,0.19,17.203,188.393,6.957
08/27/2007,08:54:00,1013.236,129.5,80.804,73.545,0.0,0.19,17.391,192.999,10.273
08/27/2007,08:55:00,1013.236,129.125,80.487,73.571,0.0,0.19,17.688,179.4,12.561
08/27/2007,08:56:00,1013.198,128.25,80.752,73.675,0.0,0.19,18.0,224.453,3.446
08/27/2007,08:57:00,1013.198,127.688,80.632,73.636,0.0,0.19,18.094,204.018,10.395
08/27/2007,08:58:00,1013.198,127.25,80.474,73.636,0.0,0.19,18.203,174.284,14.758
08/27/2007,08:59:00,1013.121,126.563,80.594,73.701,0.0,0.19,18.344,179.896,9.488
08/27/2007,09:00:00,1013.121,126.313,80.681,73.714,0.0,0.19,18.266,182.898,9.975
08/27/2007,09:01:00,1013.121,125.688,80.493,73.72,0.0,0.19,18.188,209.017,11.843
08/27/2007,09:02:00,1013.121,125.625,80.594,73.72,0.0,0.19,18.234,210.431,8.441
08/27/2007,09:03:00,1013.083,125.25,80.772,73.675,0.0,0.19,18.563,169.314,12.001
08/27/2007,09:04:00,1013.044,124.813,80.701,73.649,0.0,0.19,18.859,185.187,8.819
08/27/2007,09:05:00,1013.044,124.688,80.668,73.675,0.0,0.19,19.0,188.247,10.918
08/27/2007,09:06:00,1013.044,124.5,80.759,73.688,0.0,0.19,19.078,211.189,8.916
08/27/2007,09:07:00,1013.044,124.375,80.982,73.688,0.0,0.19,19.219,184.574,9.677
08/27/2007,09:08:00,1013.044,124.188,81.021,73.701,0.0,0.19,19.563,186.003,9.561
08/27/2007,09:09:00,1013.044,124.188,80.901,73.714,0.0,0.19,20.188,187.008,10.224
08/27/2007,09:10:00,1013.044,124.063,81.047,73.675,0.0,0.222,21.109,181.922,6.123
08/27/2007,09:11:00,1013.044,124.125,81.147,73.675,0.0,0.57,22.578,217.457,9.239
08/27/2007,09:12:00,1013.044,124.375,80.908,73.714,0.0,6.102,28.016,182.694,11.965
08/27/2007,09:13:00,1013.044,125.75,80.817,73.843,0.0,41.469,56.156,193.349,7.663
08/27/2007,09:14:00,1013.044,129.875,80.211,74.031,0.0,129.5,118.563,166.37,12.622
08/27/2007,09:15:00,1013.044,130.625,80.124,74.44,0.0,134.125,123.5,179.779,8.417
08/27/2007,09:16:00,1013.083,130.375,79.667,74.77,0.0,126.375,119.5,228.403,5.983
08/27/2007,09:17:00,1013.083,129.625,78.479,74.997,0.0,118.438,115.375,196.497,9.439
08/27/2007,09:18:00,1013.044,129.75,78.284,75.198,0.0,125.063,121.188,188.335,13.06
08/27/2007,09:19:00,1012.968,130.0,78.505,75.263,0.0,118.813,118.125,216.917,12.883
08/27/2007,09:20:00,1012.968,129.5,78.158,75.353,0.0,111.875,113.438,194.529,7.997
08/27/2007,09:21:00,1013.044,129.625,78.563,75.496,0.0,117.25,118.563,217.107,8.168
08/27/2007,09:22:00,1013.044,129.625,77.442,75.69,0.0,117.0,119.125,232.863,9.299
08/27/2007,09:23:00,1013.006,129.375,77.954,75.814,0.0,111.938,116.125,204.761,6.646
08/27/2007,09:24:00,1013.044,129.375,77.695,76.008,0.0,103.5,110.75,205.942,8.8
08/27/2007,09:25:00,1013.044,128.875,77.147,76.021,0.0,102.0,110.438,220.022,8.514
08/27/2007,09:26:00,1013.044,129.0,77.063,76.021,0.0,92.0,105.063,207.939,9.117
08/27/2007,09:27:00,1013.044,128.0,76.613,76.079,0.0,90.5,105.063,217.078,13.346
08/27/2007,09:28:00,1013.006,129.625,76.843,76.144,0.0,114.938,124.375,173.512,7.291
08/27/2007,09:29:00,1013.044,130.625,76.746,76.235,0.0,125.625,134.375,204.514,8.557
08/27/2007,09:30:00,1013.044,130.375,76.299,76.345,0.0,128.125,137.75,204.543,10.967
08/27/2007,09:31:00,1013.044,131.0,76.626,76.552,0.0,128.25,138.75,198.742,13.845
08/27/2007,09:32:00,1013.044,130.125,75.904,76.475,0.0,128.0,139.625,221.29,11.727
08/27/2007,09:33:00,1013.044,131.125,76.665,76.526,0.0,129.25,141.375,182.228,8.478
08/27/2007,09:34:00,1012.968,131.25,76.772,76.637,0.0,127.5,141.375,213.74,4.364
08/27/2007,09:35:00,1013.044,130.5,76.176,76.818,0.0,121.875,137.875,196.497,12.202
08/27/2007,09:36:00,1013.006,130.5,76.419,76.87,0.0,125.938,142.25,224.118,9.847
08/27/2007,09:37:00,1013.006,130.875,76.684,76.941,0.0,128.875,146.0,203.697,7.34
08/27/2007,09:38:00,1012.968,131.125,75.771,77.038,0.0,128.125,147.0,195.783,8.356
08/27/2007,09:39:00,1013.006,130.875,75.981,77.09,0.0,125.938,146.5,217.996,6.293
08/27/2007,09:40:00,1013.044,131.875,75.415,77.213,0.0,126.375,148.125,204.397,10.431
08/27/2007,09:41:00,1013.044,131.875,76.292,77.421,0.0,126.563,149.375,200.986,6.744
08/27/2007,09:42:00,1013.044,131.5,74.56,77.434,0.0,126.125,150.75,225.983,7.802
08/27/2007,09:43:00,1013.083,131.75,75.544,77.447,0.0,125.5,151.375,207.983,7.45
08/27/2007,09:44:00,1013.121,131.625,74.851,77.557,0.0,125.375,152.5,200.957,10.583
08/27/2007,09:45:00,1013.121,131.375,75.172,77.473,0.0,124.438,152.75,205.388,8.904
08/27/2007,09:46:00,1013.083,132.0,74.919,77.596,0.0,123.875,153.625,206.846,7.961
08/27/2007,09:47:00,1013.121,132.625,74.615,77.862,0.0,121.75,152.875,207.414,4.626
08/27/2007,09:48:00,1013.121,132.625,75.071,78.088,0.0,121.938,154.125,179.983,6.482
08/27/2007,09:49:00,1013.159,132.875,74.249,78.283,0.0,122.438,155.875,206.073,6.354
08/27/2007,09:50:00,1013.159,130.25,72.953,78.218,0.0,121.938,157.0,193.786,13.157
08/27/2007,09:51:00,1013.198,131.625,74.336,78.179,0.0,121.125,157.75,165.029,6.342
08/27/2007,09:52:00,1013.236,132.125,75.356,78.231,0.0,120.375,158.375,204.82,4.413
08/27/2007,09:53:00,1013.236,132.25,73.753,78.458,0.0,119.688,159.125,209.455,8.654
08/27/2007,09:54:00,1013.198,132.625,74.595,78.587,0.0,119.5,160.375,146.766,3.446
08/27/2007,09:55:00,1013.159,133.125,73.445,78.717,0.0,118.563,161.375,176.194,6.22
08/27/2007,09:56:00,1013.198,132.625,73.792,78.898,0.0,117.375,162.0,205.563,4.723
08/27/2007,09:57:00,1013.236,132.0,71.687,79.248,0.0,117.25,162.625,203.406,13.784
08/27/2007,09:58:00,1013.198,131.875,72.244,79.086,0.0,116.438,163.875,177.753,11.502
08/27/2007,09:59:00,1013.198,132.125,73.818,79.048,0.0,115.625,164.875,220.124,5.819
08/27/2007,10:00:00,1013.198,132.5,72.224,79.229,0.0,115.375,165.875,180.552,9.105
08/27/2007,10:01:00,1013.198,132.375,71.975,79.248,0.0,114.0,166.125,211.058,16.443
08/27/2007,10:02:00,1013.159,133.875,72.801,79.164,0.0,113.625,167.0,186.513,9.166
08/27/2007,10:03:00,1013.159,132.625,72.224,79.216,0.0,112.813,168.0,189.501,8.989
08/27/2007,10:04:00,1013.198,132.625,72.616,79.313,0.0,112.0,168.625,214.337,9.725
08/27/2007,10:05:00,1013.198,133.25,72.827,79.534,0.0,111.5,169.625,163.542,6.007
08/27/2007,10:06:00,1013.236,132.0,71.784,79.579,0.0,111.125,170.5,205.796,9.403
08/27/2007,10:07:00,1013.198,133.5,71.92,79.605,0.0,110.75,171.625,194.223,7.127
08/27/2007,10:08:00,1013.198,133.625,72.092,79.76,0.0,109.875,172.0,209.746,6.531
08/27/2007,10:09:00,1013.198,133.875,72.548,80.026,0.0,109.563,173.5,186.775,8.265
08/27/2007,10:10:00,1013.198,133.0,70.877,80.123,0.0,108.5,173.875,207.531,9.561
08/27/2007,10:11:00,1013.198,133.75,71.01,80.201,0.0,107.75,174.125,224.744,9.488
08/27/2007,10:12:00,1013.198,134.0,71.823,80.402,0.0,107.563,175.5,195.725,5.588
08/27/2007,10:13:00,1013.159,133.75,70.838,80.473,0.0,106.625,176.125,204.995,7.218
08/27/2007,10:14:00,1013.159,135.5,72.668,80.629,0.0,105.875,176.75,190.099,2.332
08/27/2007,10:15:00,1013.198,135.75,70.67,80.959,0.0,104.688,177.125,165.451,5.46
08/27/2007,10:16:00,1013.198,134.625,69.335,81.16,0.0,103.938,177.75,194.223,10.261
08/27/2007,10:17:00,1013.159,135.125,70.414,81.07,0.0,103.938,179.5,233.213,8.514
08/27/2007,10:18:00,1013.198,135.75,70.187,81.07,0.0,103.625,180.625,202.954,3.068
08/27/2007,10:19:00,1013.198,134.125,70.65,81.212,0.0,102.438,181.125,187.008,7.961
08/27/2007,10:20:00,1013.198,134.125,69.601,81.173,0.0,101.438,181.875,192.547,10.06
08/27/2007,10:21:00,1013.274,133.875,69.05,81.16,0.0,100.188,182.5,202.808,12.275
08/27/2007,10:22:00,1013.198,134.75,71.062,81.199,0.0,100.313,184.375,195.812,3.89
08/27/2007,10:23:00,1013.236,135.625,70.624,81.439,0.0,99.125,184.625,208.041,5.198
08/27/2007,10:24:00,1013.274,134.5,69.245,81.601,0.0,97.25,184.625,230.662,9.062
08/27/2007,10:25:00,1013.236,134.625,69.024,81.795,0.0,96.75,186.0,164.97,7.888
08/27/2007,10:26:00,1013.351,134.875,69.086,81.912,0.0,96.938,187.75,243.022,7.766
08/27/2007,10:27:00,1013.274,134.375,68.467,81.899,0.0,96.125,188.5,218.477,10.273
08/27/2007,10:28:00,1013.313,135.375,68.587,81.886,0.0,95.25,190.0,215.824,8.819
08/27/2007,10:29:00,1013.313,135.25,68.231,81.912,0.0,93.5,189.375,225.371,10.845
08/27/2007,10:30:00,1013.351,135.25,69.659,81.99,0.0,92.375,189.5,228.942,7.316
08/27/2007,10:31:00,1013.313,136.25,67.93,82.145,0.0,92.438,191.25,216.684,8.466
08/27/2007,10:32:00,1013.351,136.875,67.982,82.359,0.0,92.25,192.875,248.794,6.281
08/27/2007,10:33:00,1013.274,136.625,68.37,82.456,0.0,91.313,193.375,192.999,4.803
08/27/2007,10:34:00,1013.313,137.125,69.17,82.495,0.0,90.438,193.75,223.374,5.825
08/27/2007,10:35:00,1013.274,136.75,67.81,82.521,0.0,89.813,194.5,208.128,6.306
08/27/2007,10:36:00,1013.274,136.125,67.146,82.56,0.0,88.938,195.25,169.547,6.044
08/27/2007,10:37:00,1013.351,134.75,67.033,82.586,0.0,88.375,196.375,227.237,11.892
08/27/2007,10:38:00,1013.351,135.0,66.887,82.456,0.0,87.438,196.875,232.688,13.656
08/27/2007,10:39:00,1013.351,136.125,67.246,82.385,0.0,86.75,197.375,196.351,13.875
08/27/2007,10:40:00,1013.313,135.5,67.159,82.385,0.0,85.813,198.25,237.979,13.096
08/27/2007,10:41:00,1013.351,133.75,66.537,82.281,0.0,84.938,199.375,228.548,18.171
08/27/2007,10:42:00,1013.351,134.75,67.45,82.081,0.0,83.438,199.125,230.312,10.784
08/27/2007,10:43:00,1013.351,135.5,68.522,82.158,0.0,83.313,200.375,221.086,9.214
08/27/2007,10:44:00,1013.389,136.875,67.975,82.294,0.0,82.5,201.625,200.811,7.638
08/27/2007,10:45:00,1013.351,136.875,68.127,82.508,0.0,81.438,202.0,217.049,4.188
08/27/2007,10:46:00,1013.313,137.625,67.803,82.716,0.0,81.0,203.375,209.994,7.839
08/27/2007,10:47:00,1013.274,137.0,66.148,82.826,0.0,79.625,203.125,181.455,14.149
08/27/2007,10:48:00,1013.274,137.375,66.505,82.69,0.0,79.25,204.125,210.621,11.739
08/27/2007,10:49:00,1013.236,137.5,67.45,82.742,0.0,78.563,205.5,181.805,5.375
08/27/2007,10:50:00,1013.274,137.0,67.298,82.904,0.0,77.625,206.0,203.931,11.204
08/27/2007,10:51:00,1013.274,136.875,66.443,83.13,0.0,77.313,206.875,184.472,12.165
08/27/2007,10:52:00,1013.274,136.375,65.546,82.878,0.0,76.25,207.5,174.342,12.117
08/27/2007,10:53:00,1013.274,136.875,66.994,82.742,0.0,74.813,207.0,198.669,6.944
08/27/2007,10:54:00,1013.313,137.875,66.168,82.865,0.0,73.938,207.25,187.198,8.088
08/27/2007,10:55:00,1013.274,137.375,66.268,82.93,0.0,74.125,209.25,226.727,10.717
08/27/2007,10:56:00,1013.274,139.0,66.327,83.195,0.0,73.875,210.125,179.575,6.604
08/27/2007,10:57:00,1013.274,136.5,65.394,83.299,0.0,72.625,210.875,180.406,9.561
08/27/2007,10:58:00,1013.274,138.625,66.754,83.299,0.0,71.75,211.375,217.704,10.419
08/27/2007,10:59:00,1013.313,138.25,66.443,83.37,0.0,70.813,211.875,213.536,4.699
08/27/2007,11:00:00,1013.313,138.125,67.198,83.48,0.0,69.75,211.125,213.682,5.934
08/27/2007,11:01:00,1013.313,138.25,66.505,83.48,0.0,69.188,212.5,221.319,11.569
08/27/2007,11:02:00,1013.313,139.125,67.92,83.467,0.0,68.25,211.875,190.099,3.719
08/27/2007,11:03:00,1013.351,138.375,66.116,83.785,0.0,68.125,214.0,196.818,5.162
08/27/2007,11:04:00,1013.351,139.25,64.743,83.876,0.0,67.5,214.375,226.377,5.922
08/27/2007,11:05:00,1013.351,138.125,64.944,83.921,0.0,66.75,216.0,196.759,9.725
08/27/2007,11:06:00,1013.313,140.5,65.857,83.889,0.0,65.688,215.25,205.971,4.577
08/27/2007,11:07:00,1013.274,138.0,64.416,84.09,0.0,65.25,216.625,210.941,7.766
08/27/2007,11:08:00,1013.274,138.375,65.368,84.116,0.0,64.75,217.625,210.402,6.646
08/27/2007,11:09:00,1013.274,138.25,65.604,84.316,0.0,64.313,219.0,265.905,5.162
08/27/2007,11:10:00,1013.236,138.625,65.19,84.252,0.0,63.0,219.125,170.276,5.508
08/27/2007,11:11:00,1013.274,139.5,64.646,84.239,0.0,62.625,220.0,189.268,9.847
08/27/2007,11:12:00,1013.274,139.875,66.122,84.329,0.0,61.969,220.375,220.182,5.149
08/27/2007,11:13:00,1013.198,138.875,64.629,84.504,0.0,61.219,222.0,194.355,11.228
08/27/2007,11:14:00,1013.198,137.625,64.765,84.504,0.0,60.344,222.5,178.861,10.522
08/27/2007,11:15:00,1013.274,138.25,65.559,84.329,0.0,59.5,223.375,232.63,8.892
08/27/2007,11:16:00,1013.236,139.0,64.95,84.342,0.0,58.25,221.875,208.478,6.792
08/27/2007,11:17:00,1013.274,138.625,64.652,84.368,0.0,57.688,223.0,229.977,10.833
08/27/2007,11:18:00,1013.198,137.0,65.507,84.265,0.0,57.656,225.375,193.422,5.435
08/27/2007,11:19:00,1013.198,139.375,65.646,84.381,0.0,57.469,226.125,210.052,10.748
08/27/2007,11:20:00,1013.198,138.5,64.163,84.381,0.0,56.844,226.0,191.235,9.512
08/27/2007,11:21:00,1013.198,140.125,64.791,84.485,0.0,56.344,227.625,210.621,6.318
08/27/2007,11:22:00,1013.198,138.5,64.843,84.595,0.0,55.406,228.0,200.33,8.155
08/27/2007,11:23:00,1013.159,140.375,64.723,84.621,0.0,54.625,227.625,174.342,4.437
08/27/2007,11:24:00,1013.236,138.875,64.033,84.822,0.0,53.625,227.0,207.443,11.569
08/27/2007,11:25:00,1013.236,139.375,64.817,84.809,0.0,53.813,229.875,209.6,5.125
08/27/2007,11:26:00,1013.236,141.375,64.49,84.848,0.0,53.094,229.625,211.481,6.421
08/27/2007,11:27:00,1013.274,138.25,64.824,84.913,0.0,52.5,231.25,220.998,9.299
08/27/2007,11:28:00,1013.274,140.0,64.843,84.926,0.0,51.531,230.0,195.506,9.324
08/27/2007,11:29:00,1013.274,138.625,64.033,84.887,0.0,51.031,231.5,229.802,8.228
08/27/2007,11:30:00,1013.274,138.25,63.428,84.926,0.0,50.625,233.625,236.58,13.723
08/27/2007,11:31:00,1013.236,138.375,64.697,84.809,0.0,50.125,234.0,235.282,10.249
08/27/2007,11:32:00,1013.313,140.5,67.094,85.133,0.0,49.188,232.875,234.204,8.855
08/27/2007,11:33:00,1013.351,138.75,63.311,85.094,0.0,48.219,232.875,234.685,15.33
08/27/2007,11:34:00,1013.313,139.25,64.263,85.029,0.0,47.5,233.875,182.548,8.003
08/27/2007,11:35:00,1013.274,137.625,62.327,85.003,0.0,47.25,235.625,231.974,12.5
08/27/2007,11:36:00,1013.274,137.875,63.998,84.952,0.0,46.313,235.25,201.875,6.33
08/27/2007,11:37:00,1013.274,139.75,64.759,84.952,0.0,46.281,236.625,210.971,6.646
08/27/2007,11:38:00,1013.274,138.125,64.581,85.062,0.0,45.375,237.125,231.872,12.062
08/27/2007,11:39:00,1013.274,139.5,63.661,85.081,0.0,44.656,237.25,234.976,9.884
08/27/2007,11:40:00,1013.236,138.625,63.104,85.016,0.0,44.375,238.5,214.396,14.374
08/27/2007,11:41:00,1013.198,139.875,64.982,85.094,0.0,43.969,239.25,227.63,7.985
08/27/2007,11:42:00,1013.198,139.875,63.768,85.12,0.0,43.281,239.0,229.569,9.512
08/27/2007,11:43:00,1013.198,138.375,62.265,85.081,0.0,42.531,240.0,222.514,12.129
08/27/2007,11:44:00,1013.159,140.75,63.939,85.107,0.0,42.156,239.875,228.461,13.036
08/27/2007,11:45:00,1013.159,139.875,62.569,85.068,0.0,41.906,242.0,230.516,18.317
08/27/2007,11:46:00,1013.121,141.125,65.818,85.081,0.0,40.969,239.625,236.638,9.938
08/27/2007,11:47:00,1013.044,139.75,63.7,85.172,0.0,40.531,241.875,177.928,5.472
08/27/2007,11:48:00,1013.044,141.0,63.033,85.412,0.0,40.656,243.625,212.501,10.133
08/27/2007,11:49:00,1013.006,141.25,62.226,85.58,0.0,39.844,242.25,188.043,12.938
08/27/2007,11:50:00,1013.044,140.0,62.187,85.593,0.0,39.094,242.75,241.841,7.638
08/27/2007,11:51:00,1013.083,140.125,62.544,85.515,0.0,38.625,243.75,228.971,7.23
08/27/2007,11:52:00,1013.044,138.75,63.25,85.49,0.0,38.125,244.625,228.767,16.352
08/27/2007,11:53:00,1013.044,140.0,63.172,85.451,0.0,37.563,244.625,235.428,11.155
08/27/2007,11:54:00,1013.044,139.625,64.131,85.541,0.0,36.688,243.0,241.681,14.386
08/27/2007,11:55:00,1013.044,140.625,63.554,85.606,0.0,36.594,245.875,205.053,9.561
08/27/2007,11:56:00,1013.044,141.375,63.172,85.665,0.0,36.375,248.25,218.2,6.969
08/27/2007,11:57:00,1013.083,141.75,63.839,85.885,0.0,35.594,247.375,196.759,3.616
08/27/2007,11:58:00,1013.083,141.25,62.479,86.151,0.0,35.125,247.375,212.967,10.583
08/27/2007,11:59:00,1013.083,141.375,62.113,86.125,0.0,34.5,248.25,218.389,8.691
08/27/2007,12:00:00,1013.121,139.875,61.523,85.956,0.0,33.563,247.25,205.825,13.583
08/27/2007,12:01:00,1013.121,141.375,63.768,85.885,0.0,33.313,248.5,215.489,7.541
08/27/2007,12:02:00,1013.121,142.5,62.809,86.125,0.0,33.313,250.125,248.415,6.08
08/27/2007,12:03:00,1013.121,142.75,63.45,86.3,0.0,32.563,248.875,197.474,5.91
08/27/2007,12:04:00,1013.121,143.5,62.466,86.565,0.0,32.25,249.25,201.249,7.437
08/27/2007,12:05:00,1013.121,144.375,63.097,86.792,0.0,31.906,250.5,206.161,6.531
08/27/2007,12:06:00,1013.083,142.25,61.497,86.98,0.0,31.438,251.5,203.785,9.226
08/27/2007,12:07:00,1013.159,142.5,62.168,86.889,0.0,30.703,251.0,215.941,8.703
08/27/2007,12:08:00,1013.159,141.5,61.617,86.941,0.0,30.547,250.375,229.292,9.798
08/27/2007,12:09:00,1013.198,141.25,62.689,86.792,0.0,29.75,249.75,210.737,9.549
08/27/2007,12:10:00,1013.198,142.0,62.288,86.676,0.0,29.531,252.0,215.518,8.679
08/27/2007,12:11:00,1013.198,143.75,61.909,86.812,0.0,29.719,253.75,226.289,7.687
08/27/2007,12:12:00,1013.236,141.25,62.265,86.766,0.0,28.453,252.75,191.862,11.453
08/27/2007,12:13:00,1013.198,142.0,64.085,86.851,0.0,28.297,252.25,243.678,12.537
08/27/2007,12:14:00,1013.198,139.375,61.53,86.689,0.0,27.828,253.75,220.896,9.774
08/27/2007,12:15:00,1013.198,141.375,62.689,86.526,0.0,27.734,254.375,221.917,15.895
08/27/2007,12:16:00,1013.198,140.875,61.426,86.539,0.0,27.156,254.75,210.912,9.348
08/27/2007,12:17:00,1013.198,142.375,61.212,86.701,0.0,26.813,254.25,173.832,7.243
08/27/2007,12:18:00,1013.198,139.25,60.234,86.727,0.0,26.125,255.125,228.913,11.727
08/27/2007,12:19:00,1013.236,140.625,61.212,86.676,0.0,26.063,256.0,200.651,11.8
08/27/2007,12:20:00,1013.274,141.875,60.587,86.63,0.0,25.547,256.5,228.636,17.21
08/27/2007,12:21:00,1013.274,140.375,60.215,86.539,0.0,24.656,256.25,224.03,14.648
08/27/2007,12:22:00,1013.236,140.875,59.771,86.507,0.0,24.469,256.75,204.484,10.869
08/27/2007,12:23:00,1013.274,141.25,61.922,86.766,0.0,24.25,255.625,231.434,11.119
08/27/2007,12:24:00,1013.274,139.625,59.308,86.753,0.0,23.469,257.0,228.796,13.212
08/27/2007,12:25:00,1013.236,141.375,61.883,86.676,0.0,23.563,258.25,203.727,7.328
08/27/2007,12:26:00,1013.236,142.25,62.239,86.714,0.0,23.141,257.0,227.601,6.056
08/27/2007,12:27:00,1013.236,143.375,61.135,86.876,0.0,22.922,258.0,192.518,8.228
08/27/2007,12:28:00,1013.236,142.875,60.063,87.045,0.0,22.516,258.75,186.119,7.802
08/27/2007,12:29:00,1013.236,143.875,61.523,87.097,0.0,22.203,258.75,217.034,4.34
08/27/2007,12:30:00,1013.236,141.25,61.306,87.019,0.0,21.5,259.0,182.986,6.671
08/27/2007,12:31:00,1013.236,141.125,60.982,87.019,0.0,21.25,260.25,194.471,11.545
08/27/2007,12:32:00,1013.274,143.25,61.954,87.168,0.0,21.094,259.75,230.924,8.606
08/27/2007,12:33:00,1013.274,142.625,59.632,87.22,0.0,20.484,258.25,215.401,9.963
08/27/2007,12:34:00,1013.274,140.625,60.95,87.168,0.0,19.734,258.75,215.941,9.884
08/27/2007,12:35:00,1013.313,141.75,60.435,87.233,0.0,19.953,260.5,198.611,9.348
08/27/2007,12:36:00,1013.274,139.75,58.132,87.22,0.0,19.344,259.75,187.577,9.549
08/27/2007,12:37:00,1013.236,142.25,59.645,87.103,0.0,19.344,260.75,210.111,7.553
08/27/2007,12:38:00,1013.198,142.25,60.416,87.129,0.0,19.156,260.25,233.373,10.157
08/27/2007,12:39:00,1013.198,141.0,59.962,87.116,0.0,18.469,260.5,222.092,9.378
08/27/2007,12:40:00,1013.198,144.375,61.358,87.22,0.0,18.844,261.25,213.871,2.588
08/27/2007,12:41:00,1013.274,144.25,61.782,87.641,0.0,18.594,262.75,201.103,9.512
08/27/2007,12:42:00,1013.198,143.375,59.859,87.654,0.0,18.094,261.75,194.85,11.094
08/27/2007,12:43:00,1013.274,142.5,60.063,87.589,0.0,17.828,261.5,205.621,11.441
08/27/2007,12:44:00,1013.198,140.125,58.582,87.434,0.0,17.141,261.5,175.713,13.498
08/27/2007,12:45:00,1013.198,143.0,59.447,87.311,0.0,16.828,260.0,203.639,9.95
08/27/2007,12:46:00,1013.236,144.25,63.441,87.46,0.0,16.766,262.5,211.393,5.6
08/27/2007,12:47:00,1013.274,143.25,60.416,87.829,0.0,16.531,263.5,188.277,9.001
08/27/2007,12:48:00,1013.236,142.75,59.593,87.829,0.0,15.938,260.75,177.899,13.084
08/27/2007,12:49:00,1013.236,144.875,59.434,87.829,0.0,15.781,261.75,212.822,8.539
08/27/2007,12:50:00,1013.274,143.25,60.254,88.121,0.0,15.211,259.75,177.36,3.409
08/27/2007,12:51:00,1013.274,143.375,59.758,88.257,0.0,14.859,262.0,215.401,8.514
08/27/2007,12:52:00,1013.274,144.875,61.53,88.257,0.0,15.43,263.5,250.047,7.103
08/27/2007,12:53:00,1013.313,140.75,57.792,88.108,0.0,14.391,263.25,212.282,12.013
08/27/2007,12:54:00,1013.313,141.25,59.684,87.816,0.0,14.422,263.25,201.642,7.364
08/27/2007,12:55:00,1013.351,142.0,59.823,87.713,0.0,13.82,263.0,227.004,8.715
08/27/2007,12:56:00,1013.351,141.125,58.952,87.667,0.0,13.594,260.5,216.83,12.622
08/27/2007,12:57:00,1013.313,142.875,60.982,87.563,0.0,13.125,258.75,214.337,7.949
08/27/2007,12:58:00,1013.274,144.125,60.234,87.654,0.0,13.125,262.25,227.747,6.306
08/27/2007,12:59:00,1013.274,143.75,59.428,87.816,0.0,12.773,262.75,199.587,5.971
08/27/2007,13:00:00,1013.236,144.625,58.812,87.991,0.0,13.094,262.25,217.486,7.091
08/27/2007,13:01:00,1013.274,143.125,58.822,88.173,0.0,12.336,261.75,191.556,9.61
08/27/2007,13:02:00,1013.274,142.375,59.402,88.043,0.0,12.109,263.5,234.583,14.338
08/27/2007,13:03:00,1013.198,143.875,58.476,87.946,0.0,12.016,263.0,182.199,8.965
08/27/2007,13:04:00,1013.274,142.875,59.619,88.017,0.0,12.016,264.5,227.033,5.222
08/27/2007,13:05:00,1013.236,141.625,58.774,88.16,0.0,11.32,260.75,230.225,11.928
08/27/2007,13:06:00,1013.198,142.375,57.186,88.108,0.0,11.195,262.5,198.348,6.293
08/27/2007,13:07:00,1013.236,143.5,58.45,88.212,0.0,11.383,265.0,204.907,9.561
08/27/2007,13:08:00,1013.198,143.375,58.819,88.341,0.0,11.164,263.5,226.377,8.703
08/27/2007,13:09:00,1013.198,143.625,57.676,88.38,0.0,10.875,262.0,203.391,10.419
08/27/2007,13:10:00,1013.159,144.25,59.159,88.419,0.0,10.656,261.0,227.295,5.162
08/27/2007,13:11:00,1013.159,144.25,59.732,88.594,0.0,10.5,263.25,225.4,4.985
08/27/2007,13:12:00,1013.159,143.0,58.887,88.84,0.0,10.438,262.5,187.285,12.117
08/27/2007,13:13:00,1013.198,141.0,57.452,88.549,0.0,9.648,264.0,232.775,11.654
08/27/2007,13:14:00,1013.198,142.625,58.417,88.27,0.0,9.648,264.0,202.983,12.348
08/27/2007,13:15:00,1013.198,143.375,58.965,88.328,0.0,9.93,264.0,211.116,11.155
08/27/2007,13:16:00,1013.159,142.5,61.18,88.212,0.0,9.234,263.25,225.808,8.441
08/27/2007,13:17:00,1013.159,144.75,59.059,88.302,0.0,9.609,259.25,213.244,10.133
08/27/2007,13:18:00,1013.121,144.5,58.304,88.341,0.0,9.109,260.5,200.957,9.476
08/27/2007,13:19:00,1013.121,145.875,60.594,88.51,0.0,9.234,263.25,227.178,4.961
08/27/2007,13:20:00,1013.121,144.5,58.284,88.685,0.0,8.883,264.25,182.111,11.228
08/27/2007,13:21:00,1013.121,143.25,57.967,88.62,0.0,8.57,263.5,206.933,14.508
08/27/2007,13:22:00,1013.083,144.0,59.778,88.393,0.0,8.508,262.75,184.691,6.306
08/27/2007,13:23:00,1013.121,144.5,59.506,88.38,0.0,8.539,263.75,194.5,9.415
08/27/2007,13:24:00,1013.121,143.125,58.323,88.354,0.0,8.188,262.25,191.09,9.689
08/27/2007,13:25:00,1013.083,145.625,58.919,88.51,0.0,8.414,259.75,184.749,8.32
08/27/2007,13:26:00,1013.121,147.0,60.315,88.672,0.0,8.219,263.0,212.763,4.462
08/27/2007,13:27:00,1013.121,145.625,58.537,88.963,0.0,7.938,262.75,231.332,7.005
08/27/2007,13:28:00,1013.083,144.125,58.735,89.08,0.0,7.813,263.5,195.069,11.977
08/27/2007,13:29:00,1013.121,143.625,57.42,88.95,0.0,7.367,263.5,199.252,11.8
08/27/2007,13:30:00,1013.121,142.75,58.404,88.749,0.0,7.051,263.5,195.958,13.936
08/27/2007,13:31:00,1013.044,145.375,58.304,88.568,0.0,7.59,261.75,207.225,6.579
08/27/2007,13:32:00,1013.083,145.375,58.806,88.659,0.0,7.273,261.5,211.626,9.859
08/27/2007,13:33:00,1013.044,143.0,57.62,88.749,0.0,7.02,262.75,176.879,9.774
08/27/2007,13:34:00,1013.044,144.875,58.702,88.762,0.0,7.082,263.0,214.337,7.9
08/27/2007,13:35:00,1013.044,147.25,59.314,89.002,0.0,7.336,263.75,229.423,5.947
08/27/2007,13:36:00,1013.044,143.75,57.734,89.015,0.0,6.484,262.0,234.262,12.354
08/27/2007,13:37:00,1013.044,145.125,59.402,88.886,0.0,6.895,261.75,213.419,7.504
08/27/2007,13:38:00,1013.006,143.125,58.482,89.015,0.0,6.797,262.25,180.056,16.985
08/27/2007,13:39:00,1013.044,143.125,58.084,88.685,0.0,6.262,262.5,178.803,15.257
08/27/2007,13:40:00,1013.044,142.25,59.263,88.536,0.0,6.133,261.75,193.903,9.488
08/27/2007,13:41:00,1013.006,144.125,59.975,88.484,0.0,6.516,262.0,162.507,10.023
08/27/2007,13:42:00,1013.006,145.0,57.86,88.711,0.0,6.453,261.0,207.195,14.447
08/27/2007,13:43:00,1013.006,144.75,58.683,88.633,0.0,5.852,261.5,181.178,7.723
08/27/2007,13:44:00,1012.968,145.25,59.178,88.581,0.0,6.039,262.25,193.349,5.575
08/27/2007,13:45:00,1013.006,144.25,58.974,88.724,0.0,6.039,262.0,175.436,12.348
08/27/2007,13:46:00,1013.006,142.875,58.861,88.62,0.0,5.723,260.25,176.106,15.281
08/27/2007,13:47:00,1013.006,143.0,59.02,88.568,0.0,5.535,260.75,171.646,14.1
08/27/2007,13:48:00,1013.006,143.875,58.848,88.51,0.0,5.375,262.25,205.315,13.632
08/27/2007,13:49:00,1013.006,146.5,58.945,88.607,0.0,5.883,260.75,185.259,7.206
08/27/2007,13:50:00,1013.006,144.25,58.634,88.827,0.0,5.504,261.5,177.36,15.293
08/27/2007,13:51:00,1013.006,146.0,60.367,88.86,0.0,5.469,260.5,234.685,5.338
08/27/2007,13:52:00,1012.968,147.125,60.707,89.093,0.0,5.629,259.0,192.037,6.841
08/27/2007,13:53:00,1012.968,142.875,57.494,89.294,0.0,5.188,257.5,171.952,13.121
08/27/2007,13:54:00,1013.006,146.0,59.664,89.106,0.0,5.438,259.5,184.239,6.969
08/27/2007,13:55:00,1013.044,145.625,57.64,89.203,0.0,5.438,259.25,194.194,9.239
08/27/2007,13:56:00,1012.968,144.25,57.799,89.002,0.0,5.281,257.75,203.668,6.829
08/27/2007,13:57:00,1012.949,143.125,57.721,88.989,0.0,5.09,259.25,171.559,12.476
08/27/2007,13:58:00,1012.91,146.625,59.256,89.015,0.0,5.469,259.25,169.795,8.271
08/27/2007,13:59:00,1012.949,147.125,59.198,89.281,0.0,5.469,258.5,162.653,10.571
08/27/2007,14:00:00,1012.949,144.75,58.297,89.242,0.0,5.059,257.5,177.024,12.677
08/27/2007,14:01:00,1012.968,145.625,58.375,89.216,0.0,5.121,258.25,213.565,9.914
08/27/2007,14:02:00,1012.968,146.875,60.399,89.229,0.0,5.313,257.25,245.354,7.602
08/27/2007,14:03:00,1012.949,147.125,56.895,89.508,0.0,5.25,255.375,202.298,6.293
08/27/2007,14:04:00,1012.968,141.875,57.676,89.43,0.0,4.363,256.75,183.758,16.115
08/27/2007,14:05:00,1012.968,142.375,56.963,88.989,0.0,4.395,258.0,181.863,14.563
08/27/2007,14:06:00,1013.006,143.625,58.463,88.873,0.0,4.773,255.25,197.328,8.94
08/27/2007,14:07:00,1013.044,145.5,57.255,88.873,0.0,4.871,257.0,184.691,15.445
08/27/2007,14:08:00,1012.968,145.375,59.923,88.86,0.0,4.492,256.0,209.688,5.235
08/27/2007,14:09:00,1013.006,145.375,58.761,89.106,0.0,4.586,255.625,234.495,7.802
08/27/2007,14:10:00,1013.006,146.125,57.938,89.242,0.0,4.773,255.25,179.575,8.953
08/27/2007,14:11:00,1013.006,147.375,59.039,89.346,0.0,4.805,255.375,241.113,8.125
08/27/2007,14:12:00,1013.044,145.125,57.462,89.443,0.0,4.492,255.375,206.671,14.265
08/27/2007,14:13:00,1013.083,143.75,56.374,89.281,0.0,4.395,254.5,205.344,17.325
08/27/2007,14:14:00,1012.968,144.5,56.775,89.054,0.0,4.332,253.625,182.461,10.748
08/27/2007,14:15:00,1012.968,145.25,57.676,89.093,0.0,4.555,252.875,227.455,10.188
08/27/2007,14:16:00,1012.968,146.0,58.812,89.229,0.0,4.555,252.25,204.047,8.204
08/27/2007,14:17:00,1012.968,147.25,58.628,89.456,0.0,4.586,251.75,182.519,11.94
08/27/2007,14:18:00,1012.968,145.375,57.394,89.637,0.0,4.363,252.625,200.505,8.32
08/27/2007,14:19:00,1012.968,148.0,59.531,89.76,0.0,4.617,251.875,203.406,4.231
08/27/2007,14:20:00,1012.968,146.75,58.411,89.948,0.0,4.68,251.375,213.113,7.699
08/27/2007,14:21:00,1012.968,145.125,57.695,89.858,0.0,4.207,253.375,204.105,7.675
08/27/2007,14:22:00,1012.91,143.875,56.817,89.598,0.0,4.238,251.75,211.874,8.332
08/27/2007,14:23:00,1012.968,144.0,58.284,89.585,0.0,4.145,253.375,201.438,10.748
08/27/2007,14:24:00,1012.968,144.375,57.646,89.637,0.0,4.207,250.125,193.509,8.393
08/27/2007,14:25:00,1012.949,143.375,57.174,89.456,0.0,3.953,251.125,210.737,14.66
08/27/2007,14:26:00,1012.949,142.375,58.119,89.151,0.0,3.732,252.0,170.932,13.346
08/27/2007,14:27:00,1012.91,142.5,58.09,88.899,0.0,3.984,251.375,162.055,13.991
08/27/2007,14:28:00,1012.91,144.5,58.456,88.801,0.0,3.857,253.5,188.758,10.249
08/27/2007,14:29:00,1012.91,145.75,59.486,89.015,0.0,4.332,250.25,206.933,10.176
08/27/2007,14:30:00,1012.91,144.5,58.595,89.216,0.0,4.207,250.625,198.581,13.863
08/27/2007,14:31:00,1012.91,147.75,60.024,89.456,0.0,4.363,248.875,224.832,3.829
08/27/2007,14:32:00,1012.872,145.375,60.215,89.702,0.0,4.207,250.375,175.654,10.906
08/27/2007,14:33:00,1012.872,142.75,56.788,89.663,0.0,3.543,249.625,190.579,11.892
08/27/2007,14:34:00,1012.872,143.125,56.565,89.748,0.0,4.047,248.25,176.194,16.066
08/27/2007,14:35:00,1012.91,145.125,58.317,89.735,0.0,4.176,251.0,194.048,13.261
08/27/2007,14:36:00,1012.91,146.375,58.582,90.072,0.0,4.426,247.125,195.666,11.49
08/27/2007,14:37:00,1012.949,145.5,57.4,90.11,0.0,4.176,246.375,194.019,2.971
08/27/2007,14:38:00,1012.91,144.375,56.545,90.188,0.0,4.363,246.125,201.759,11.764
08/27/2007,14:39:00,1012.968,143.875,57.115,90.046,0.0,3.574,246.375,196.526,7.924
08/27/2007,14:40:00,1012.949,144.125,56.61,89.935,0.0,3.795,242.625,197.124,6.22
08/27/2007,14:41:00,1012.968,144.0,56.642,89.735,0.0,3.922,247.875,193.844,17.684
08/27/2007,14:42:00,1012.968,144.75,58.09,89.702,0.0,4.332,244.875,155.526,9.823
08/27/2007,14:43:00,1012.968,143.625,57.293,89.689,0.0,3.826,245.5,208.362,13.133
08/27/2007,14:44:00,1012.91,144.25,58.006,89.735,0.0,3.795,246.625,218.768,7.243
08/27/2007,14:45:00,1012.91,145.375,57.986,90.072,0.0,4.176,240.5,201.759,8.667
08/27/2007,14:46:00,1012.91,145.75,57.345,90.201,0.0,4.145,244.0,230.195,8.241
08/27/2007,14:47:00,1012.91,144.625,57.345,90.279,0.0,3.857,244.625,185.434,9.677
08/27/2007,14:48:00,1012.949,143.25,56.519,90.149,0.0,3.826,244.375,201.19,11.606
08/27/2007,14:49:00,1012.834,143.625,56.597,90.046,0.0,3.953,245.0,195.725,8.356
08/27/2007,14:50:00,1012.872,145.75,57.682,90.175,0.0,4.145,243.0,212.851,8.867
08/27/2007,14:51:00,1012.834,145.75,56.387,90.363,0.0,4.047,243.375,217.194,11.307
08/27/2007,14:52:00,1012.91,144.625,57.394,90.428,0.0,3.826,242.75,207.677,10.51
08/27/2007,14:53:00,1012.834,147.25,57.847,90.48,0.0,4.016,242.375,191.017,5.186
08/27/2007,14:54:00,1012.872,145.25,57.867,90.558,0.0,3.826,241.0,232.411,7.626
08/27/2007,14:55:00,1012.834,147.0,56.367,90.784,0.0,4.238,242.0,201.132,6.671
08/27/2007,14:56:00,1012.834,144.375,55.901,90.558,0.0,3.764,241.75,182.14,11.928
08/27/2007,14:57:00,1012.834,143.625,56.717,90.253,0.0,3.732,241.125,218.258,10.297
08/27/2007,14:58:00,1012.834,144.875,58.229,90.415,0.0,4.176,241.625,194.296,9.239
08/27/2007,14:59:00,1012.834,144.125,56.889,90.519,0.0,4.016,237.5,191.862,9.464
08/27/2007,15:00:00,1012.872,142.75,56.306,90.337,0.0,3.795,238.25,201.584,11.557
08/27/2007,15:01:00,1012.949,142.25,55.567,90.059,0.0,3.795,236.0,207.647,20.751
08/27/2007,15:02:00,1012.872,142.75,55.836,89.871,0.0,3.668,237.75,202.05,17.137
08/27/2007,15:03:00,1012.872,143.0,56.811,89.838,0.0,3.764,235.375,195.419,14.612
08/27/2007,15:04:00,1012.834,144.5,57.028,89.948,0.0,3.826,235.5,181.266,12.464
08/27/2007,15:05:00,1012.872,145.375,58.216,90.149,0.0,3.922,237.0,211.845,9.324
08/27/2007,15:06:00,1012.872,143.5,55.774,90.266,0.0,3.732,236.375,206.933,16.066
08/27/2007,15:07:00,1012.795,143.625,55.642,90.149,0.0,3.637,236.75,196.322,7.742
08/27/2007,15:08:00,1012.834,143.75,55.81,90.059,0.0,3.764,235.75,218.885,12.226
08/27/2007,15:09:00,1012.834,142.5,56.458,90.072,0.0,3.605,234.5,190.099,10.06
08/27/2007,15:10:00,1012.795,143.375,57.319,90.097,0.0,3.826,234.0,184.72,10.644
08/27/2007,15:11:00,1012.795,144.25,57.073,90.046,0.0,3.795,233.75,194.253,7.577
08/27/2007,15:12:00,1012.795,142.25,55.723,90.072,0.0,3.637,231.0,196.074,16.948
08/27/2007,15:13:00,1012.757,143.875,56.623,89.974,0.0,3.826,230.375,214.221,10.462
08/27/2007,15:14:00,1012.757,142.625,57.267,89.935,0.0,3.826,230.5,185.201,19.583
08/27/2007,15:15:00,1012.719,144.5,57.413,89.838,0.0,3.668,229.625,215.795,6.908
08/27/2007,15:16:00,1012.719,146.0,57.886,90.046,0.0,4.301,231.75,204.543,6.805
08/27/2007,15:17:00,1012.68,144.875,56.399,90.467,0.0,4.176,228.75,157.93,8.843
08/27/2007,15:18:00,1012.757,145.0,56.795,90.506,0.0,4.145,228.0,204.339,12.178
08/27/2007,15:19:00,1012.834,143.75,58.667,90.532,0.0,4.016,227.75,229.715,10.748
08/27/2007,15:20:00,1012.795,144.625,58.106,90.545,0.0,4.016,228.25,240.981,10.157
08/27/2007,15:21:00,1012.757,142.25,55.58,90.558,0.0,3.764,227.25,205.228,10.656
08/27/2007,15:22:00,1012.757,142.25,55.554,90.253,0.0,3.826,223.375,223.316,17.088
08/27/2007,15:23:00,1012.719,143.125,55.949,90.162,0.0,3.953,226.375,220.401,9.239
08/27/2007,15:24:00,1012.719,141.75,56.04,90.123,0.0,3.637,224.5,212.705,11.466
08/27/2007,15:25:00,1012.795,141.875,56.16,90.097,0.0,3.637,224.75,210.519,20.69
08/27/2007,15:26:00,1012.795,142.5,55.816,90.02,0.0,3.668,222.625,217.369,12.652
08/27/2007,15:27:00,1012.795,142.5,55.655,90.0,0.0,3.764,223.375,204.455,8.052
08/27/2007,15:28:00,1012.757,142.75,56.419,90.085,0.0,3.764,222.0,213.215,12.299
08/27/2007,15:29:00,1012.757,142.75,55.091,90.013,0.0,3.637,221.125,220.401,15.123
08/27/2007,15:30:00,1012.719,143.25,55.774,90.085,0.0,3.668,221.25,199.791,8.667
08/27/2007,15:31:00,1012.68,144.5,55.434,90.175,0.0,3.953,220.25,235.807,9.75
08/27/2007,15:32:00,1012.719,144.0,55.421,90.253,0.0,3.795,219.25,207.851,16.614
08/27/2007,15:33:00,1012.757,142.375,55.395,90.227,0.0,3.637,218.625,176.223,11.703
08/27/2007,15:34:00,1012.719,144.75,56.406,90.305,0.0,3.795,216.0,214.367,8.594
08/27/2007,15:35:00,1012.719,145.0,56.659,90.519,0.0,3.984,215.25,216.801,9.19
08/27/2007,15:36:00,1012.719,143.75,55.606,90.694,0.0,3.953,217.375,189.078,7.328
08/27/2007,15:37:00,1012.795,142.125,55.625,90.655,0.0,3.668,215.625,204.339,15.567
08/27/2007,15:38:00,1012.795,142.0,55.408,90.629,0.0,3.764,215.875,181.572,14.599
08/27/2007,15:39:00,1012.757,142.75,53.944,90.519,0.0,3.732,214.375,239.859,9.427
08/27/2007,15:40:00,1012.757,142.25,54.161,90.506,0.0,3.764,214.5,203.1,17.064
08/27/2007,15:41:00,1012.757,143.5,54.731,90.545,0.0,3.764,214.0,196.133,10.62
08/27/2007,15:42:00,1012.757,144.125,54.845,90.59,0.0,3.922,212.5,182.519,11.94
08/27/2007,15:43:00,1012.719,144.5,56.027,90.655,0.0,3.857,210.25,229.685,6.373
08/27/2007,15:44:00,1012.757,143.0,55.204,90.668,0.0,3.668,211.5,246.812,15.317
08/27/2007,15:45:00,1012.757,143.625,55.473,90.59,0.0,3.732,208.625,211.801,10.145
08/27/2007,15:46:00,1012.834,143.75,55.781,90.532,0.0,3.826,209.875,198.902,16.017
08/27/2007,15:47:00,1012.795,141.875,54.035,90.506,0.0,3.732,209.625,188.218,13.121
08/27/2007,15:48:00,1012.834,142.125,55.042,90.35,0.0,3.764,207.125,200.447,13.449
08/27/2007,15:49:00,1012.834,142.5,55.755,90.389,0.0,3.668,205.5,186.498,6.196
08/27/2007,15:50:00,1012.795,143.25,55.104,90.519,0.0,3.764,205.75,198.669,9.038
08/27/2007,15:51:00,1012.795,144.625,55.671,90.532,0.0,4.047,204.0,214.279,7.413
08/27/2007,15:52:00,1012.795,143.125,55.162,90.629,0.0,3.922,205.375,214.104,13.522
08/27/2007,15:53:00,1012.795,143.375,55.496,90.655,0.0,3.826,205.75,165.364,13.845
08/27/2007,15:54:00,1012.834,144.0,55.907,90.571,0.0,3.953,202.375,183.19,11.557
08/27/2007,15:55:00,1012.834,144.375,56.565,90.707,0.0,4.109,201.625,197.007,8.977
08/27/2007,15:56:00,1012.834,143.125,55.535,90.882,0.0,3.984,200.125,178.832,12.092
08/27/2007,15:57:00,1012.834,144.875,57.18,90.836,0.0,4.176,198.75,220.809,6.719
08/27/2007,15:58:00,1012.834,141.75,54.939,90.875,0.0,3.826,199.25,206.277,12.391
08/27/2007,15:59:00,1012.834,143.25,56.101,90.784,0.0,4.016,197.375,210.46,6.567
08/27/2007,16:00:00,1012.834,143.5,55.791,90.784,0.0,3.953,195.375,194.282,10.309
08/27/2007,16:01:00,1012.834,143.0,55.263,90.642,0.0,3.764,196.375,202.08,16.279
08/27/2007,16:02:00,1012.872,141.375,56.788,90.558,0.0,3.732,193.5,204.936,9.251
08/27/2007,16:03:00,1012.872,143.625,57.021,90.441,0.0,3.668,193.125,189.18,11.63
08/27/2007,16:04:00,1012.795,141.25,56.412,90.305,0.0,3.795,191.0,176.849,12.762
08/27/2007,16:05:00,1012.834,143.375,57.067,90.072,0.0,3.668,191.25,189.268,11.307
08/27/2007,16:06:00,1012.795,142.75,57.569,90.097,0.0,3.764,190.0,161.487,13.705
08/27/2007,16:07:00,1012.795,144.5,58.229,90.305,0.0,3.795,188.75,205.417,5.922
08/27/2007,16:08:00,1012.834,144.375,57.358,90.629,0.0,4.109,188.875,228.286,8.253
08/27/2007,16:09:00,1012.834,143.625,57.394,90.642,0.0,3.732,184.875,231.93,7.206
08/27/2007,16:10:00,1012.834,141.625,55.93,90.558,0.0,3.574,190.25,216.203,16.991
08/27/2007,16:11:00,1012.834,143.25,56.484,90.493,0.0,3.732,184.0,196.162,13.547
08/27/2007,16:12:00,1012.834,142.375,55.823,90.428,0.0,3.668,187.25,191.527,11.271
08/27/2007,16:13:00,1012.795,143.375,56.756,90.311,0.0,3.637,187.0,225.429,10.608
08/27/2007,16:14:00,1012.834,142.625,56.273,90.428,0.0,3.732,184.25,214.614,13.346
08/27/2007,16:15:00,1012.757,143.125,56.83,90.493,0.0,3.668,184.625,193.844,10.145
08/27/2007,16:16:00,1012.795,142.875,55.502,90.467,0.0,3.637,181.875,186.804,11.788
08/27/2007,16:17:00,1012.795,143.0,56.306,90.376,0.0,3.605,182.625,172.914,10.486
08/27/2007,16:18:00,1012.757,143.125,57.067,90.324,0.0,3.637,182.5,167.201,11.776
08/27/2007,16:19:00,1012.719,143.5,57.938,90.35,0.0,3.795,180.875,196.133,10.419
08/27/2007,16:20:00,1012.757,142.5,57.371,90.428,0.0,3.668,178.625,212.224,9.263
08/27/2007,16:21:00,1012.719,143.625,57.255,90.545,0.0,3.795,178.875,192.329,9.512
08/27/2007,16:22:00,1012.719,143.25,57.293,90.558,0.0,3.857,178.125,174.969,9.117
08/27/2007,16:23:00,1012.719,143.875,57.514,90.694,0.0,4.016,179.5,216.451,8.819
08/27/2007,16:24:00,1012.719,143.125,57.115,90.668,0.0,3.953,177.75,199.762,7.042
08/27/2007,16:25:00,1012.68,143.625,56.743,90.616,0.0,3.953,177.5,177.491,8.916
08/27/2007,16:26:00,1012.719,143.125,56.591,90.48,0.0,3.953,173.5,197.605,8.204
08/27/2007,16:27:00,1012.719,141.375,56.83,90.493,0.0,3.764,176.0,220.663,14.496
08/27/2007,16:28:00,1012.757,139.75,56.014,90.415,0.0,3.479,172.75,240.777,16.991
08/27/2007,16:29:00,1012.68,140.375,56.033,90.292,0.0,3.732,168.625,227.805,12.001
08/27/2007,16:30:00,1012.719,140.375,55.742,90.311,0.0,3.637,173.0,221.057,12.585
08/27/2007,16:31:00,1012.68,140.875,55.823,90.305,0.0,3.416,171.25,178.292,4.742
08/27/2007,16:32:00,1012.719,140.75,55.065,90.337,0.0,3.574,171.25,210.227,20.441
08/27/2007,16:33:00,1012.68,140.125,55.962,90.253,0.0,3.385,170.0,213.711,8.228
08/27/2007,16:34:00,1012.68,141.125,55.334,90.324,0.0,3.668,169.5,199.019,13.912
08/27/2007,16:35:00,1012.68,140.625,55.655,90.201,0.0,3.447,169.375,221.858,11.752
08/27/2007,16:36:00,1012.719,140.375,55.334,90.123,0.0,3.416,169.0,193.174,12.902
08/27/2007,16:37:00,1012.642,140.375,55.956,90.085,0.0,3.447,167.5,206.015,9.622
08/27/2007,16:38:00,1012.642,141.125,54.819,90.149,0.0,3.574,166.625,192.605,11.295
08/27/2007,16:39:00,1012.642,141.125,55.901,90.123,0.0,3.605,164.625,187.256,7.875
08/27/2007,16:40:00,1012.642,140.5,55.71,90.097,0.0,3.447,164.125,206.817,13.571
08/27/2007,16:41:00,1012.719,139.875,56.318,90.046,0.0,3.543,163.875,223.768,14.745
08/27/2007,16:42:00,1012.719,139.375,55.781,90.046,0.0,3.479,162.5,213.813,19.315
08/27/2007,16:43:00,1012.642,140.25,55.881,89.935,0.0,3.637,159.875,196.672,15.147
08/27/2007,16:44:00,1012.68,141.75,56.082,89.812,0.0,3.637,157.875,224.278,13.51
08/27/2007,16:45:00,1012.68,140.625,56.642,89.812,0.0,3.637,158.625,181.863,11.892
08/27/2007,16:46:00,1012.68,141.25,57.663,89.935,0.0,3.732,157.875,206.248,9.963
08/27/2007,16:47:00,1012.68,140.875,55.823,90.033,0.0,3.732,155.625,202.619,17.636
08/27/2007,16:48:00,1012.642,141.25,56.344,90.085,0.0,3.795,155.625,226.348,15.019
08/27/2007,16:49:00,1012.68,139.875,56.293,90.097,0.0,3.543,154.375,186.513,15.305
08/27/2007,16:50:00,1012.642,139.625,56.267,90.033,0.0,3.637,155.875,213.361,13.261
08/27/2007,16:51:00,1012.68,139.25,57.06,90.013,0.0,3.543,153.375,229.802,7.936
08/27/2007,16:52:00,1012.719,138.625,56.312,90.046,0.0,3.543,153.0,249.158,12.366
08/27/2007,16:53:00,1012.68,139.75,56.033,90.033,0.0,3.574,151.25,225.575,12.415
08/27/2007,16:54:00,1012.68,138.875,56.497,90.013,0.0,3.447,152.0,235.341,13.297
08/27/2007,16:55:00,1012.719,139.0,55.535,90.0,0.0,3.447,151.125,215.722,9.366
08/27/2007,16:56:00,1012.642,139.125,55.195,89.948,0.0,3.479,149.875,237.133,11.703
08/27/2007,16:57:00,1012.68,139.75,56.623,89.961,0.0,3.605,149.25,198.713,8.989
08/27/2007,16:58:00,1012.68,140.25,56.412,89.974,0.0,3.637,146.75,204.63,6.135
08/27/2007,16:59:00,1012.68,139.5,55.761,89.974,0.0,3.447,145.875,197.328,11.867
08/27/2007,17:00:00,1013.198,139.75,56.425,89.923,0.0,3.668,148.375,198.742,5.874
08/27/2007,17:01:00,1013.159,139.125,56.895,89.923,0.0,3.479,145.625,165.787,7.091
08/27/2007,17:02:00,1013.198,138.5,56.532,89.923,0.0,3.574,144.75,197.007,17.076
08/27/2007,17:03:00,1013.198,139.125,56.254,89.858,0.0,3.637,144.0,215.489,14.173
08/27/2007,17:04:00,1013.198,139.625,55.755,89.858,0.0,3.764,143.875,193.232,10.821
08/27/2007,17:05:00,1013.236,139.5,55.956,89.974,0.0,3.605,142.25,194.792,9.598
08/27/2007,17:06:00,1013.198,139.0,55.625,89.897,0.0,3.416,141.75,191.09,16.455
08/27/2007,17:07:00,1013.198,139.125,56.678,89.858,0.0,3.668,140.625,206.306,8.271
08/27/2007,17:08:00,1013.198,139.625,56.076,89.923,0.0,3.795,140.5,208.755,12.914
08/27/2007,17:09:00,1013.236,138.625,55.849,89.961,0.0,3.605,140.125,203.246,12.488
08/27/2007,17:10:00,1013.236,138.75,55.774,89.935,0.0,3.637,138.625,219.366,13.948
08/27/2007,17:11:00,1013.198,139.625,56.28,89.948,0.0,3.732,138.625,207.983,9.774
08/27/2007,17:12:00,1013.198,139.625,56.704,90.046,0.0,3.795,136.625,222.252,8.015
08/27/2007,17:13:00,1013.198,140.25,56.927,90.214,0.0,3.857,135.375,243.211,8.064
08/27/2007,17:14:00,1013.198,139.125,55.784,90.305,0.0,3.826,134.125,215.066,15.944
08/27/2007,17:15:00,1013.159,139.75,56.445,90.24,0.0,3.922,132.75,224.088,9.987
08/27/2007,17:16:00,1013.236,139.125,56.299,90.35,0.0,3.795,132.5,213.419,7.03
08/27/2007,17:17:00,1013.198,140.125,56.642,90.376,0.0,4.109,132.75,176.543,8.417
08/27/2007,17:18:00,1013.198,140.0,56.506,90.305,0.0,4.016,131.75,206.846,7.541
08/27/2007,17:19:00,1013.198,139.375,56.989,90.35,0.0,4.016,130.125,195.04,8.642
08/27/2007,17:20:00,1013.159,139.0,55.982,90.35,0.0,4.016,129.25,186.294,10.346
08/27/2007,17:21:00,1013.159,138.75,55.561,90.35,0.0,3.953,128.5,197.445,11.843
08/27/2007,17:22:00,1013.198,139.0,56.788,90.279,0.0,4.047,127.5,194.529,5.399
08/27/2007,17:23:00,1013.121,139.25,58.595,90.337,0.0,3.953,127.0,228.432,6.02
08/27/2007,17:24:00,1013.198,137.75,56.254,90.305,0.0,3.732,126.25,235.69,13.449
08/27/2007,17:25:00,1013.198,137.875,56.234,90.149,0.0,3.668,122.938,198.319,14.064
08/27/2007,17:26:00,1013.198,137.375,55.829,89.974,0.0,3.922,124.375,215.285,8.642
08/27/2007,17:27:00,1013.198,138.375,56.046,89.948,0.0,4.332,123.125,213.084,11.271
08/27/2007,17:28:00,1013.236,136.875,55.823,89.858,0.0,4.109,121.75,202.356,17.088
08/27/2007,17:29:00,1013.198,137.375,56.526,89.799,0.0,3.953,120.125,200.811,12.585
08/27/2007,17:30:00,1013.236,137.75,57.242,89.611,0.0,3.984,120.125,200.447,8.502
08/27/2007,17:31:00,1013.198,136.875,56.519,89.598,0.0,3.385,94.0,197.328,13.833
08/27/2007,17:32:00,1013.236,133.25,55.395,89.482,0.0,2.467,56.844,208.303,9.64
08/27/2007,17:33:00,1013.159,136.0,56.021,89.359,0.0,3.857,115.625,219.672,17.812
08/27/2007,17:34:00,1013.236,136.625,55.23,89.359,0.0,3.984,116.438,214.221,16.565
08/27/2007,17:35:00,1013.198,137.0,55.768,89.443,0.0,3.795,115.563,212.486,12.427
08/27/2007,17:36:00,1013.159,137.5,55.697,89.456,0.0,3.668,114.313,213.084,12.391
08/27/2007,17:37:00,1013.159,136.5,56.066,89.469,0.0,3.352,112.438,243.722,15.123
08/27/2007,17:38:00,1013.159,135.625,55.441,89.423,0.0,3.258,111.938,234.524,22.023
08/27/2007,17:39:00,1013.159,137.25,56.876,89.307,0.0,3.416,110.5,197.095,11.18
08/27/2007,17:40:00,1013.198,137.25,57.387,89.346,0.0,3.479,109.75,223.564,13.486
08/27/2007,17:41:00,1013.198,137.625,57.332,89.385,0.0,3.574,108.813,218.827,10.443
08/27/2007,17:42:00,1013.198,137.625,57.452,89.547,0.0,3.637,108.188,198.64,8.04
08/27/2007,17:43:00,1013.198,137.25,57.873,89.611,0.0,3.605,106.875,228.738,6.902
08/27/2007,17:44:00,1013.236,136.75,56.623,89.56,0.0,3.637,105.313,205.082,15.445
08/27/2007,17:45:00,1013.159,136.625,56.83,89.534,0.0,3.668,104.313,197.503,16.169
08/27/2007,17:46:00,1013.198,136.5,57.815,89.521,0.0,3.637,103.375,234.466,8.064
08/27/2007,17:47:00,1013.198,136.75,57.588,89.482,0.0,3.668,102.188,226.581,13.498
08/27/2007,17:48:00,1013.198,136.25,56.61,89.495,0.0,3.605,101.438,218.593,20.654
08/27/2007,17:49:00,1013.121,136.5,56.591,89.385,0.0,3.543,100.375,191.381,11.271
08/27/2007,17:50:00,1013.121,136.0,57.614,89.359,0.0,3.605,99.0,211.874,6.36
08/27/2007,17:51:00,1013.159,136.0,57.523,89.307,0.0,3.543,98.375,234.0,13.705
08/27/2007,17:52:00,1013.159,136.375,57.847,89.294,0.0,3.574,96.875,219.818,5.648
08/27/2007,17:53:00,1013.159,135.75,57.999,89.268,0.0,3.447,95.438,203.668,19.905
08/27/2007,17:54:00,1013.159,135.375,57.98,89.19,0.0,3.479,94.438,240.151,18.865
08/27/2007,17:55:00,1013.198,135.5,58.229,89.132,0.0,3.385,93.5,228.913,13.346
08/27/2007,17:56:00,1013.198,135.875,56.591,89.19,0.0,3.447,92.5,204.484,13.711
08/27/2007,17:57:00,1013.159,136.125,57.459,89.151,0.0,3.479,91.188,219.249,15.944
08/27/2007,17:58:00,1013.198,135.375,57.141,89.119,0.0,3.258,90.563,216.116,14.386
08/27/2007,17:59:00,1013.159,135.5,57.381,89.106,0.0,3.447,89.75,209.892,11.618
08/27/2007,18:00:00,1013.198,135.75,57.235,89.132,0.0,3.385,88.563,223.943,11.009
08/27/2007,18:01:00,1013.121,135.125,57.569,89.151,0.0,3.385,87.313,225.546,16.443
08/27/2007,18:02:00,1013.198,135.5,57.115,89.151,0.0,3.447,86.813,193.626,13.395
08/27/2007,18:03:00,1013.198,136.375,57.287,89.106,0.0,3.574,85.875,217.632,10.023
08/27/2007,18:04:00,1013.121,136.25,57.74,89.119,0.0,3.637,84.625,252.875,7.541
08/27/2007,18:05:00,1013.159,136.125,57.86,89.203,0.0,3.605,83.563,236.186,4.997
08/27/2007,18:06:00,1013.121,136.375,58.191,89.242,0.0,3.732,82.25,227.004,9.634
08/27/2007,18:07:00,1013.121,136.75,58.158,89.203,0.0,3.637,80.75,210.344,7.23
08/27/2007,18:08:00,1013.083,136.5,57.967,89.281,0.0,3.795,80.125,182.869,10.097
08/27/2007,18:09:00,1013.044,135.5,58.145,89.216,0.0,3.764,78.813,215.11,5.983
08/27/2007,18:10:00,1013.159,135.375,59.288,89.229,0.0,3.732,77.5,210.227,6.02
08/27/2007,18:11:00,1013.121,135.25,57.944,89.19,0.0,3.826,76.438,214.104,10.249
08/27/2007,18:12:00,1013.121,135.375,58.284,89.177,0.0,3.826,75.438,188.189,9.074
08/27/2007,18:13:00,1013.044,135.625,58.812,89.132,0.0,3.795,74.438,207.706,10.595
08/27/2007,18:14:00,1013.083,135.25,58.761,89.119,0.0,3.732,73.125,215.824,6.719
08/27/2007,18:15:00,1013.083,135.0,58.197,89.067,0.0,3.637,71.938,226.727,11.715
08/27/2007,18:16:00,1013.121,134.75,58.563,89.028,0.0,3.637,70.938,223.433,8.441
08/27/2007,18:17:00,1013.121,135.25,57.614,89.015,0.0,3.668,70.063,220.998,12.324
08/27/2007,18:18:00,1013.083,135.25,58.291,89.054,0.0,3.543,69.313,197.721,8.606
08/27/2007,18:19:00,1013.121,134.875,58.874,89.028,0.0,3.543,68.563,231.245,6.841
08/27/2007,18:20:00,1013.121,134.625,58.184,89.015,0.0,3.574,67.75,203.727,20.417
08/27/2007,18:21:00,1013.044,134.375,57.517,88.989,0.0,3.479,66.563,179.298,18.445
08/27/2007,18:22:00,1013.121,134.5,58.259,88.937,0.0,3.543,65.625,210.431,13.632
08/27/2007,18:23:00,1013.121,135.0,58.278,88.924,0.0,3.479,64.875,228.796,4.602
08/27/2007,18:24:00,1013.121,134.625,57.614,88.924,0.0,3.416,64.0,214.046,10.894
08/27/2007,18:25:00,1013.121,134.5,57.931,88.899,0.0,3.416,63.063,190.244,9.622
08/27/2007,18:26:00,1013.083,134.375,58.848,88.873,0.0,3.385,61.813,215.576,10.2
08/27/2007,18:27:00,1013.083,134.5,59.314,88.899,0.0,3.289,60.75,211.874,4.839
08/27/2007,18:28:00,1013.083,134.25,57.627,88.84,0.0,3.447,59.719,215.168,22.187
08/27/2007,18:29:00,1013.006,133.625,58.404,88.827,0.0,3.289,59.031,218.506,8.466
08/27/2007,18:30:00,1013.044,133.75,58.006,88.827,0.0,3.385,58.25,206.015,12.427
08/27/2007,18:31:00,1013.006,133.75,57.912,88.711,0.0,3.258,57.438,240.865,13.176
08/27/2007,18:32:00,1013.006,133.5,58.676,88.698,0.0,3.289,56.625,187.125,11.843
08/27/2007,18:33:00,1012.968,133.75,58.132,88.62,0.0,3.258,55.563,195.593,13.419
08/27/2007,18:34:00,1013.044,133.5,58.78,88.672,0.0,3.227,54.531,190.842,10.474
08/27/2007,18:35:00,1013.044,133.25,58.735,88.646,0.0,3.193,53.688,196.73,7.699
08/27/2007,18:36:00,1013.044,133.375,58.9,88.594,0.0,3.193,52.719,228.942,9.427
08/27/2007,18:37:00,1013.083,133.0,58.926,88.497,0.0,3.1,51.906,234.116,9.537
08/27/2007,18:38:00,1012.968,133.125,57.986,88.471,0.0,3.227,50.875,191.643,18.445
08/27/2007,18:39:00,1013.044,133.625,57.834,88.51,0.0,3.227,49.906,187.169,10.62
08/27/2007,18:40:00,1013.121,133.5,58.349,88.51,0.0,3.193,49.063,193.932,12.165
08/27/2007,18:41:00,1013.006,133.25,58.398,88.51,0.0,3.193,48.219,210.825,12.439
08/27/2007,18:42:00,1013.044,133.5,58.867,88.497,0.0,3.1,47.313,219.905,5.6
08/27/2007,18:43:00,1013.006,132.625,58.271,88.419,0.0,2.973,46.219,229.86,12.902
08/27/2007,18:44:00,1013.006,133.125,58.676,88.341,0.0,3.035,45.188,211.685,8.752
08/27/2007,18:45:00,1013.044,133.0,59.745,88.354,0.0,3.035,44.25,232.921,11.545
08/27/2007,18:46:00,1013.044,133.0,58.9,88.237,0.0,3.1,43.313,218.419,13.936
08/27/2007,18:47:00,1013.044,132.875,59.538,88.237,0.0,3.068,42.375,215.037,7.985
08/27/2007,18:48:00,1013.006,132.875,59.097,88.276,0.0,3.068,41.5,206.015,13.772
08/27/2007,18:49:00,1012.968,132.625,58.9,88.302,0.0,3.068,40.531,224.249,8.679
08/27/2007,18:50:00,1013.006,132.5,59.23,88.134,0.0,3.004,39.625,210.402,10.522
08/27/2007,18:51:00,1013.006,132.5,58.761,88.056,0.0,3.004,38.844,214.046,20.788
08/27/2007,18:52:00,1012.968,132.5,59.243,88.082,0.0,2.973,38.0,191.41,8.368
08/27/2007,18:53:00,1012.968,132.5,59.506,88.043,0.0,3.004,37.219,220.343,6.805
08/27/2007,18:54:00,1012.968,132.625,59.531,88.017,0.0,2.973,36.25,222.179,10.705
08/27/2007,18:55:00,1013.006,132.625,59.645,87.978,0.0,2.91,35.375,198.494,9.5
08/27/2007,18:56:00,1013.006,132.25,60.037,88.017,0.0,2.91,34.5,218.2,7.243
08/27/2007,18:57:00,1013.006,132.375,59.91,87.894,0.0,2.877,33.594,204.965,10.06
08/27/2007,18:58:00,1013.006,132.25,59.493,87.881,0.0,2.877,32.719,240.661,13.431
08/27/2007,18:59:00,1012.968,132.125,59.891,87.868,0.0,2.846,31.922,241.113,7.182
08/27/2007,19:00:00,1012.968,131.625,60.263,87.803,0.0,2.721,31.031,219.045,8.015
08/27/2007,19:01:00,1012.949,132.0,59.541,87.738,0.0,2.814,30.125,195.725,9.622
08/27/2007,19:02:00,1012.949,131.875,59.518,87.751,0.0,2.783,29.313,215.081,11.739
08/27/2007,19:03:00,1012.968,131.875,59.745,87.751,0.0,2.721,28.453,229.598,10.723
08/27/2007,19:04:00,1012.968,132.0,59.561,87.751,0.0,2.688,27.609,162.347,7.59
08/27/2007,19:05:00,1012.949,131.375,59.693,87.803,0.0,2.656,26.828,221.348,10.322
08/27/2007,19:06:00,1012.949,131.125,60.367,87.764,0.0,2.656,26.063,211.029,4.839
08/27/2007,19:07:00,1012.91,131.5,59.758,87.68,0.0,2.594,25.203,229.86,9.348
08/27/2007,19:08:00,1012.949,131.125,60.467,87.667,0.0,2.498,24.391,223.433,7.164
08/27/2007,19:09:00,1012.968,131.25,60.361,87.576,0.0,2.594,23.547,191.673,6.592
08/27/2007,19:10:00,1012.949,131.375,60.011,87.538,0.0,2.594,22.766,203.435,10.535
08/27/2007,19:11:00,1012.91,131.0,60.26,87.486,0.0,2.498,22.063,197.328,8.265
08/27/2007,19:12:00,1012.949,131.25,59.962,87.512,0.0,2.529,21.406,222.15,8.429
08/27/2007,19:13:00,1012.949,130.875,60.409,87.447,0.0,2.436,20.672,194.733,8.283
08/27/2007,19:14:00,1012.949,130.875,60.607,87.375,0.0,2.436,20.047,188.393,13.431
08/27/2007,19:15:00,1012.949,130.75,60.315,87.298,0.0,2.34,19.375,199.5,12.75
08/27/2007,19:16:00,1012.91,131.0,60.778,87.324,0.0,2.309,18.672,174.576,6.433
08/27/2007,19:17:00,1012.968,130.75,60.03,87.22,0.0,2.277,18.0,215.11,12.549
08/27/2007,19:18:00,1012.949,130.5,60.063,87.259,0.0,2.309,17.344,247.22,5.125
08/27/2007,19:19:00,1012.968,130.25,60.594,87.259,0.0,2.277,16.688,246.491,5.247
08/27/2007,19:20:00,1012.968,130.625,60.367,87.168,0.0,2.119,15.961,219.993,9.5
08/27/2007,19:21:00,1012.968,130.25,60.665,87.168,0.0,2.15,15.281,233.213,10.261
08/27/2007,19:22:00,1012.968,130.625,60.778,87.058,0.0,2.119,14.664,232.003,4.614
08/27/2007,19:23:00,1012.949,130.25,61.358,86.993,0.0,2.057,13.93,220.692,8.344
08/27/2007,19:24:00,1012.968,130.5,61.238,86.889,0.0,2.057,13.227,192.329,4.042
08/27/2007,19:25:00,1012.968,129.5,61.251,86.863,0.0,1.93,12.547,216.597,3.817
08/27/2007,19:26:00,1013.006,130.5,60.62,86.838,0.0,2.057,11.977,185.915,13.084
08/27/2007,19:27:00,1012.968,130.25,60.671,86.928,0.0,1.961,11.438,177.083,7.675
08/27/2007,19:28:00,1012.91,130.0,60.95,86.928,0.0,1.897,10.922,168.687,8.381
08/27/2007,19:29:00,1012.968,130.125,60.843,86.812,0.0,1.835,10.297,194.763,12.652
08/27/2007,19:30:00,1012.91,130.125,60.701,86.825,0.0,1.897,9.781,205.563,11.453
08/27/2007,19:31:00,1012.968,130.5,60.393,86.876,0.0,1.866,9.266,206.569,11.879
08/27/2007,19:32:00,1012.968,129.875,60.772,86.851,0.0,1.677,8.75,194.355,8.764
08/27/2007,19:33:00,1012.968,129.875,61.08,86.766,0.0,1.645,8.133,201.424,7.018
08/27/2007,19:34:00,1012.968,129.875,61.326,86.63,0.0,1.55,7.535,193.64,6.944
08/27/2007,19:35:00,1012.968,129.5,61.617,86.591,0.0,1.581,6.992,204.878,7.802
08/27/2007,19:36:00,1012.968,129.625,61.857,86.52,0.0,1.519,6.477,217.457,6.172
08/27/2007,19:37:00,1012.949,129.875,61.125,86.552,0.0,1.486,5.988,189.239,12.117
08/27/2007,19:38:00,1013.006,130.0,61.054,86.604,0.0,1.36,5.367,195.331,10.188
08/27/2007,19:39:00,1012.968,129.25,61.663,86.578,0.0,1.202,4.336,203.814,5.387
08/27/2007,19:40:00,1012.968,129.25,61.63,86.442,0.0,1.013,3.631,204.339,9.963
08/27/2007,19:41:00,1012.968,128.875,62.022,86.403,0.0,0.886,3.307,273.951,2.947
08/27/2007,19:42:00,1012.968,128.5,62.288,86.235,0.0,0.696,2.955,234.656,5.636
08/27/2007,19:43:00,1012.968,128.625,62.55,86.021,0.0,0.601,2.629,222.485,6.719
08/27/2007,19:44:00,1012.968,129.0,62.44,86.073,0.0,0.601,2.467,225.021,6.494
08/27/2007,19:45:00,1012.949,129.25,62.148,86.099,0.0,0.57,2.305,212.311,10.188
08/27/2007,19:46:00,1012.968,128.875,62.563,86.112,0.0,0.412,2.113,222.427,5.028
08/27/2007,19:47:00,1012.968,129.0,62.411,86.034,0.0,0.412,1.816,201.045,6.865
08/27/2007,19:48:00,1012.968,129.0,62.55,85.969,0.0,0.316,1.518,196.759,6.908
08/27/2007,19:49:00,1013.006,128.875,62.605,85.937,0.0,0.316,1.274,208.362,8.155
08/27/2007,19:50:00,1012.968,128.875,62.453,85.885,0.0,0.316,1.111,229.569,8.776
08/27/2007,19:51:00,1013.006,128.5,62.845,85.859,0.0,0.253,0.868,221.742,6.421
08/27/2007,19:52:00,1013.044,129.0,62.79,85.768,0.0,0.253,0.813,221.771,6.646
08/27/2007,19:53:00,1013.006,128.625,63.007,85.768,0.0,0.222,0.434,209.411,4.614
08/27/2007,19:54:00,1013.006,128.625,63.185,85.69,0.0,0.253,0.298,215.008,7.815
08/27/2007,19:55:00,1012.968,128.625,63.243,85.619,0.0,0.253,0.19,225.473,6.245
08/27/2007,19:56:00,1012.968,128.875,63.078,85.593,0.0,0.253,0.163,224.875,7.626
08/27/2007,19:57:00,1012.968,128.75,63.033,85.606,0.0,0.222,0.163,227.689,5.375
08/27/2007,19:58:00,1013.006,128.5,63.59,85.528,0.0,0.222,0.163,202.182,4.054
08/27/2007,19:59:00,1013.044,129.25,63.211,85.386,0.0,0.222,0.163,205.651,13.273
08/27/2007,20:00:00,1013.044,128.5,63.363,85.567,0.0,0.222,0.163,207.735,6.756
08/27/2007,20:01:00,1013.044,128.75,63.59,85.541,0.0,0.222,0.163,202.05,5.186
08/27/2007,20:02:00,1013.006,128.875,63.356,85.451,0.0,0.19,0.163,196.074,8.478
08/27/2007,20:03:00,1013.044,129.125,63.713,85.373,0.0,0.253,0.163,199.675,8.04
08/27/2007,20:04:00,1013.044,128.875,63.496,85.412,0.0,0.253,0.163,191.527,8.168
08/27/2007,20:05:00,1013.044,129.0,63.476,85.36,0.0,0.222,0.163,198.406,8.168
08/27/2007,20:06:00,1013.121,128.625,63.654,85.34,0.0,0.222,0.19,205.359,7.279
08/27/2007,20:07:00,1013.083,128.375,63.907,85.289,0.0,0.222,0.163,206.51,7.127
08/27/2007,20:08:00,1013.083,128.5,63.901,85.25,0.0,0.222,0.163,185.099,5.922
08/27/2007,20:09:00,1013.083,128.125,64.383,85.133,0.0,0.222,0.163,218.652,6.02
08/27/2007,20:10:00,1013.083,128.375,64.416,85.062,0.0,0.253,0.163,205.651,7.364
08/27/2007,20:11:00,1013.083,128.125,64.73,85.049,0.0,0.222,0.163,191.775,6.78
08/27/2007,20:12:00,1013.121,128.25,64.885,84.952,0.0,0.222,0.163,223.287,6.208
08/27/2007,20:13:00,1013.159,128.25,65.05,84.874,0.0,0.253,0.163,209.382,9.026
08/27/2007,20:14:00,1013.159,128.5,65.115,84.952,0.0,0.253,0.163,192.299,6.032
08/27/2007,20:15:00,1013.159,128.875,65.135,84.822,0.0,0.222,0.163,190.405,11.009
08/27/2007,20:16:00,1013.159,128.375,65.374,84.848,0.0,0.222,0.163,195.9,7.437
08/27/2007,20:17:00,1013.198,128.25,65.705,84.764,0.0,0.222,0.163,214.454,9.299
08/27/2007,20:18:00,1013.198,128.5,65.912,84.673,0.0,0.222,0.163,196.876,8.557
08/27/2007,20:19:00,1013.198,128.625,66.148,84.621,0.0,0.253,0.163,192.722,7.577
08/27/2007,20:20:00,1013.198,128.375,66.223,84.53,0.0,0.19,0.163,218.258,6.683
08/27/2007,20:21:00,1013.159,128.75,66.249,84.446,0.0,0.253,0.163,185.726,10.894
08/27/2007,20:22:00,1013.198,128.75,66.375,84.556,0.0,0.253,0.136,192.299,8.052
08/27/2007,20:23:00,1013.198,128.625,66.262,84.621,0.0,0.316,0.163,186.921,5.089
08/27/2007,20:24:00,1013.198,128.625,66.281,84.582,0.0,0.253,0.163,197.896,7.151
08/27/2007,20:25:00,1013.198,128.125,66.631,84.504,0.0,0.222,0.136,208.012,7.279
08/27/2007,20:26:00,1013.198,128.125,66.906,84.342,0.0,0.222,0.163,200.841,6.245
08/27/2007,20:27:00,1013.198,128.125,66.948,84.381,0.0,0.253,0.163,219.424,7.194
08/27/2007,20:28:00,1013.198,128.0,67.133,84.342,0.0,0.253,0.163,239.13,7.614
08/27/2007,20:29:00,1013.159,127.938,67.36,84.304,0.0,0.222,0.163,189.676,6.47
08/27/2007,20:30:00,1013.159,128.125,67.583,84.193,0.0,0.253,0.163,202.867,5.563
08/27/2007,20:31:00,1013.198,127.938,67.755,84.167,0.0,0.222,0.163,184.006,5.934
08/27/2007,20:32:00,1013.198,128.125,67.803,84.167,0.0,0.222,0.163,215.664,5.338
08/27/2007,20:33:00,1013.198,128.625,67.868,84.116,0.0,0.316,0.163,211.801,9.129
08/27/2007,20:34:00,1013.198,128.25,67.995,84.154,0.0,0.222,0.163,187.125,8.168
08/27/2007,20:35:00,1013.198,128.0,68.215,84.09,0.0,0.253,0.163,188.553,2.935
08/27/2007,20:36:00,1013.198,128.125,68.237,84.064,0.0,0.253,0.163,170.145,7.243
08/27/2007,20:37:00,1013.236,127.688,68.522,84.064,0.0,0.222,0.163,194.282,8.764
08/27/2007,20:38:00,1013.274,127.688,68.487,84.012,0.0,0.222,0.163,221.946,5.849
08/27/2007,20:39:00,1013.313,127.875,68.772,83.96,0.0,0.316,0.163,208.872,4.961
08/27/2007,20:40:00,1013.313,128.25,68.714,83.973,0.0,0.316,0.163,187.096,9.141
08/27/2007,20:41:00,1013.313,128.0,68.765,84.064,0.0,0.253,0.163,224.147,7.675
08/27/2007,20:42:00,1013.351,128.5,68.94,83.96,0.0,0.316,0.163,203.464,6.957
08/27/2007,20:43:00,1013.351,128.25,69.076,83.973,0.0,0.222,0.163,200.739,5.6
08/27/2007,20:44:00,1013.351,128.0,69.238,83.889,0.0,0.222,0.163,211.058,9.166
08/27/2007,20:45:00,1013.389,128.0,69.523,83.837,0.0,0.222,0.163,205.14,3.494
08/27/2007,20:46:00,1013.389,128.25,69.779,83.811,0.0,0.253,0.163,201.103,9.664
08/27/2007,20:47:00,1013.427,128.5,69.854,83.772,0.0,0.253,0.163,214.95,10.869
08/27/2007,20:48:00,1013.427,128.125,69.847,83.876,0.0,0.316,0.163,192.183,7.468
08/27/2007,20:49:00,1013.427,128.125,69.954,83.902,0.0,0.316,0.163,200.768,6.068
08/27/2007,20:50:00,1013.504,128.375,70.174,83.863,0.0,0.253,0.163,183.131,12.585
08/27/2007,20:51:00,1013.466,128.25,70.181,83.863,0.0,0.222,0.163,199.135,9.561
08/27/2007,20:52:00,1013.466,127.625,70.485,83.824,0.0,0.222,0.163,187.008,4.492
08/27/2007,20:53:00,1013.466,128.125,70.725,83.733,0.0,0.222,0.163,220.926,5.326
08/27/2007,20:54:00,1013.427,128.5,70.712,83.63,0.0,0.253,0.163,189.355,12.074
08/27/2007,20:55:00,1013.504,127.813,70.751,83.694,0.0,0.316,0.163,178.409,6.172
08/27/2007,20:56:00,1013.504,127.688,70.777,83.733,0.0,0.253,0.163,219.016,5.636
08/27/2007,20:57:00,1013.504,127.813,70.764,83.759,0.0,0.253,0.163,180.887,8.155
08/27/2007,20:58:00,1013.504,127.625,70.757,83.733,0.0,0.253,0.163,179.123,8.977
08/27/2007,20:59:00,1013.504,127.688,70.948,83.655,0.0,0.348,0.163,189.865,7.742
08/27/2007,21:00:00,1013.504,127.75,71.036,83.617,0.0,0.348,0.163,217.005,6.744
08/27/2007,21:01:00,1013.504,127.625,71.24,83.617,0.0,0.19,0.163,227.951,5.819
08/27/2007,21:02:00,1013.504,127.5,71.402,83.558,0.0,0.253,0.163,195.958,5.971
08/27/2007,21:03:00,1013.542,127.313,71.586,83.48,0.0,0.253,0.163,205.446,6.841
08/27/2007,21:04:00,1013.581,127.563,71.402,83.48,0.0,0.316,0.163,209.323,12.871
08/27/2007,21:05:00,1013.581,127.938,71.24,83.617,0.0,0.253,0.163,191.643,9.926
08/27/2007,21:06:00,1013.542,127.313,71.408,83.597,0.0,0.253,0.163,205.621,5.898
08/27/2007,21:07:00,1013.657,127.438,71.56,83.506,0.0,0.222,0.163,152.727,5.697
08/27/2007,21:08:00,1013.581,128.125,71.269,83.558,0.0,0.253,0.163,209.017,11.429
08/27/2007,21:09:00,1013.619,127.813,71.373,83.61,0.0,0.222,0.163,174.576,11.928
08/27/2007,21:10:00,1013.619,128.125,71.207,83.617,0.0,0.316,0.163,158.703,14.234
08/27/2007,21:11:00,1013.657,127.875,71.101,83.694,0.0,0.253,0.163,200.185,8.478
08/27/2007,21:12:00,1013.657,127.875,71.104,83.72,0.0,0.222,0.163,200.564,8.241
08/27/2007,21:13:00,1013.657,128.25,70.884,83.785,0.0,0.348,0.163,208.42,10.06
08/27/2007,21:14:00,1013.657,127.625,70.916,83.746,0.0,0.253,0.163,175.596,8.502
08/27/2007,21:15:00,1013.657,127.875,71.182,83.707,0.0,0.253,0.163,198.261,9.561
08/27/2007,21:16:00,1013.734,127.938,71.049,83.798,0.0,0.38,0.163,220.182,10.309
08/27/2007,21:17:00,1013.657,128.125,70.929,83.733,0.0,0.348,0.163,176.033,7.638
08/27/2007,21:18:00,1013.696,127.688,71.023,83.72,0.0,0.222,0.163,211.903,7.328
08/27/2007,21:19:00,1013.657,127.625,71.042,83.733,0.0,0.253,0.163,189.894,9.05
08/27/2007,21:20:00,1013.696,127.5,71.194,83.655,0.0,0.222,0.163,203.756,6.628
08/27/2007,21:21:00,1013.657,127.563,71.379,83.617,0.0,0.222,0.163,210.519,9.36
08/27/2007,21:22:00,1013.696,127.125,71.538,83.519,0.0,0.222,0.163,208.128,8.076
08/27/2007,21:23:00,1013.657,127.375,71.771,83.455,0.0,0.19,0.163,197.211,9.512
08/27/2007,21:24:00,1013.734,127.563,71.803,83.422,0.0,0.253,0.163,229.059,7.9
08/27/2007,21:25:00,1013.734,127.0,71.868,83.37,0.0,0.222,0.163,193.232,8.989
08/27/2007,21:26:00,1013.734,128.0,71.467,83.422,0.0,0.348,0.163,179.925,11.8
08/27/2007,21:27:00,1013.696,127.438,71.441,83.558,0.0,0.253,0.163,181.484,7.468
08/27/2007,21:28:00,1013.734,127.188,71.726,83.519,0.0,0.253,0.163,227.295,4.675
08/27/2007,21:29:00,1013.734,127.563,71.726,83.422,0.0,0.253,0.163,158.703,9.166
08/27/2007,21:30:00,1013.734,127.438,71.687,83.467,0.0,0.253,0.19,218.142,10.967
08/27/2007,21:31:00,1013.811,127.125,71.777,83.493,0.0,0.222,0.163,183.263,10.109
08/27/2007,21:32:00,1013.772,127.188,72.007,83.383,0.0,0.222,0.163,192.751,5.314
08/27/2007,21:33:00,1013.734,127.188,72.079,83.344,0.0,0.253,0.163,190.434,9.239
08/27/2007,21:34:00,1013.734,127.438,72.14,83.357,0.0,0.316,0.163,223.68,7.766
08/27/2007,21:35:00,1013.772,127.0,72.224,83.357,0.0,0.222,0.163,221.173,8.965
08/27/2007,21:36:00,1013.772,126.938,72.432,83.234,0.0,0.222,0.163,191.206,6.567
08/27/2007,21:37:00,1013.772,126.813,72.697,83.182,0.0,0.222,0.163,191.92,6.354
08/27/2007,21:38:00,1013.734,127.188,72.496,83.195,0.0,0.253,0.163,219.934,7.997
08/27/2007,21:39:00,1013.734,127.188,72.419,83.247,0.0,0.253,0.163,175.027,8.381
08/27/2007,21:40:00,1013.734,127.0,72.432,83.234,0.0,0.222,0.163,193.669,8.989
08/27/2007,21:41:00,1013.696,127.063,72.668,83.195,0.0,0.222,0.163,197.27,9.336
08/27/2007,21:42:00,1013.734,126.625,72.801,83.118,0.0,0.222,0.163,214.673,7.778
08/27/2007,21:43:00,1013.696,126.938,72.688,83.053,0.0,0.222,0.163,218.593,13.419
08/27/2007,21:44:00,1013.657,126.938,72.649,83.105,0.0,0.253,0.163,205.505,7.875
08/27/2007,21:45:00,1013.696,126.625,72.888,83.04,0.0,0.253,0.163,178.555,8.271
08/27/2007,21:46:00,1013.696,126.563,72.843,83.066,0.0,0.222,0.163,207.851,5.934
08/27/2007,21:47:00,1013.696,126.938,72.82,82.956,0.0,0.253,0.163,196.22,9.938
08/27/2007,21:48:00,1013.696,126.688,72.837,83.02,0.0,0.253,0.163,198.96,7.03
08/27/2007,21:49:00,1013.696,126.875,72.827,82.968,0.0,0.253,0.163,212.02,8.557
08/27/2007,21:50:00,1013.696,126.75,72.801,82.968,0.0,0.253,0.163,190.157,9.975
08/27/2007,21:51:00,1013.696,126.688,72.837,82.981,0.0,0.253,0.163,201.496,7.425
08/27/2007,21:52:00,1013.734,126.188,73.021,82.878,0.0,0.222,0.163,200.564,5.898
08/27/2007,21:53:00,1013.734,126.188,73.135,82.813,0.0,0.19,0.163,198.202,2.959
08/27/2007,21:54:00,1013.772,126.375,73.206,82.69,0.0,0.222,0.163,203.391,7.863
08/27/2007,21:55:00,1013.772,126.438,73.439,82.664,0.0,0.253,0.163,184.006,5.819
08/27/2007,21:56:00,1013.772,126.563,73.617,82.599,0.0,0.222,0.163,213.929,5.648
08/27/2007,21:57:00,1013.734,126.875,73.199,82.625,0.0,0.316,0.163,214.337,7.65
08/27/2007,21:58:00,1013.772,126.813,73.073,82.716,0.0,0.253,0.163,193.393,8.18
08/27/2007,21:59:00,1013.772,126.5,73.105,82.703,0.0,0.222,0.163,213.9,6.342
08/27/2007,22:00:00,1013.811,126.375,72.862,82.69,0.0,0.222,0.163,198.64,8.295
08/27/2007,22:01:00,1013.811,126.313,73.125,82.664,0.0,0.19,0.163,185.551,7.054
08/27/2007,22:02:00,1013.811,126.5,73.358,82.56,0.0,0.222,0.163,201.424,6.458
08/27/2007,22:03:00,1013.811,126.5,73.549,82.495,0.0,0.253,0.163,215.824,4.206
08/27/2007,22:04:00,1013.83,126.938,73.251,82.495,0.0,0.316,0.163,227.295,5.825
08/27/2007,22:05:00,1013.83,126.625,73.18,82.547,0.0,0.253,0.163,195.36,4.377
08/27/2007,22:06:00,1013.868,127.0,73.154,82.521,0.0,0.253,0.163,192.547,11.046
08/27/2007,22:07:00,1013.811,126.75,73.028,82.586,0.0,0.316,0.163,213.186,7.103
08/27/2007,22:08:00,1013.772,126.375,73.079,82.534,0.0,0.222,0.163,217.253,5.362
08/27/2007,22:09:00,1013.83,126.125,73.219,82.534,0.0,0.222,0.163,194.733,8.088
08/27/2007,22:10:00,1013.772,126.0,73.154,82.469,0.0,0.222,0.163,169.824,3.135
08/27/2007,22:11:00,1013.811,126.188,73.219,82.521,0.0,0.253,0.163,197.24,10.37
08/27/2007,22:12:00,1013.811,126.0,73.293,82.424,0.0,0.222,0.163,165.422,5.533
08/27/2007,22:13:00,1013.772,126.125,73.345,82.359,0.0,0.253,0.163,200.33,8.977
08/27/2007,22:14:00,1013.772,126.438,73.332,82.333,0.0,0.253,0.163,201.045,4.425
08/27/2007,22:15:00,1013.772,126.75,73.18,82.385,0.0,0.253,0.163,198.96,7.127
08/27/2007,22:16:00,1013.811,126.625,73.067,82.385,0.0,0.316,0.163,212.341,6.135
08/27/2007,22:17:00,1013.83,127.188,72.927,82.411,0.0,0.316,0.163,219.57,8.867
08/27/2007,22:18:00,1013.811,127.063,72.704,82.456,0.0,0.348,0.163,196.133,9.938
08/27/2007,22:19:00,1013.811,126.5,72.843,82.495,0.0,0.253,0.163,217.602,8.813
08/27/2007,22:20:00,1013.811,126.75,72.558,82.411,0.0,0.222,0.163,200.243,13.419
08/27/2007,22:21:00,1013.811,126.563,72.688,82.482,0.0,0.316,0.163,229.569,9.452
08/27/2007,22:22:00,1013.83,126.313,72.649,82.424,0.0,0.253,0.163,229.948,8.843
08/27/2007,22:23:00,1013.868,126.375,72.642,82.424,0.0,0.253,0.19,204.82,6.36
08/27/2007,22:24:00,1013.868,126.125,72.794,82.411,0.0,0.222,0.163,212.37,9.336
08/27/2007,22:25:00,1013.868,126.563,72.616,82.411,0.0,0.253,0.163,221.888,8.977
08/27/2007,22:26:00,1013.906,126.5,72.697,82.437,0.0,0.316,0.163,217.821,6.817
08/27/2007,22:27:00,1013.868,126.438,72.629,82.372,0.0,0.253,0.163,230.633,7.437
08/27/2007,22:28:00,1013.868,126.438,72.688,82.359,0.0,0.222,0.163,202.502,8.441
08/27/2007,22:29:00,1013.945,126.125,72.814,82.281,0.0,0.253,0.163,229.117,7.529
08/27/2007,22:30:00,1013.945,126.188,73.092,82.178,0.0,0.19,0.163,184.502,7.577
08/27/2007,22:31:00,1013.983,126.313,72.953,82.178,0.0,0.348,0.163,219.483,7.516
08/27/2007,22:32:00,1013.945,126.438,72.749,82.178,0.0,0.253,0.163,206.131,9.61
08/27/2007,22:33:00,1013.983,126.563,72.833,82.119,0.0,0.222,0.163,216.655,14.386
08/27/2007,22:34:00,1014.021,126.375,72.914,82.158,0.0,0.253,0.136,210.912,11.429
08/27/2007,22:35:00,1013.983,126.125,72.862,82.158,0.0,0.253,0.163,236.842,9.166
08/27/2007,22:36:00,1013.945,126.188,72.807,82.081,0.0,0.253,0.163,207.735,5.575
08/27/2007,22:37:00,1013.983,126.375,72.875,82.055,0.0,0.222,0.163,192.547,13.985
08/27/2007,22:38:00,1013.983,127.125,72.471,82.132,0.0,0.348,0.163,205.563,11.271
08/27/2007,22:39:00,1013.983,126.313,72.623,82.132,0.0,0.222,0.163,214.979,8.417
08/27/2007,22:40:00,1013.983,126.875,72.338,82.204,0.0,0.316,0.163,204.484,14.326
08/27/2007,22:41:00,1014.021,126.438,72.318,82.243,0.0,0.253,0.163,220.547,11.393
08/27/2007,22:42:00,1014.021,126.0,72.597,82.158,0.0,0.222,0.163,225.867,9.129
08/27/2007,22:43:00,1014.021,125.563,72.947,82.068,0.0,0.19,0.163,227.922,6.281
08/27/2007,22:44:00,1014.021,126.063,73.021,81.938,0.0,0.316,0.163,183.904,3.367
08/27/2007,22:45:00,1014.021,125.75,73.002,81.873,0.0,0.222,0.163,217.078,8.204
08/27/2007,22:46:00,1014.06,126.0,73.219,81.873,0.0,0.222,0.163,202.356,7.352
08/27/2007,22:47:00,1014.06,126.563,72.995,81.821,0.0,0.253,0.163,195.608,12.537
08/27/2007,22:48:00,1014.06,126.438,72.94,81.899,0.0,0.253,0.163,200.272,10.236
08/27/2007,22:49:00,1014.098,125.813,72.989,81.854,0.0,0.222,0.163,215.489,5.673
08/27/2007,22:50:00,1014.098,126.188,72.989,81.782,0.0,0.253,0.163,207.166,7.541
08/27/2007,22:51:00,1014.06,125.938,73.377,81.731,0.0,0.222,0.163,216.568,5.302
08/27/2007,22:52:00,1014.06,126.5,73.154,81.744,0.0,0.316,0.163,214.133,8.8
08/27/2007,22:53:00,1014.098,126.25,73.173,81.731,0.0,0.253,0.163,209.047,9.95
08/27/2007,22:54:00,1014.136,125.813,73.445,81.692,0.0,0.222,0.163,231.07,7.492
08/27/2007,22:55:00,1014.175,126.313,73.543,81.627,0.0,0.253,0.163,205.505,5.886
08/27/2007,22:56:00,1014.098,126.125,73.39,81.614,0.0,0.253,0.163,206.671,5.076
08/27/2007,22:57:00,1014.098,126.125,73.319,81.64,0.0,0.316,0.163,209.221,10.608
08/27/2007,22:58:00,1014.175,125.563,73.504,81.601,0.0,0.222,0.163,223.199,9.287
08/27/2007,22:59:00,1014.098,125.813,73.465,81.556,0.0,0.222,0.163,201.132,7.182
08/27/2007,23:00:00,1014.175,126.063,73.549,81.491,0.0,0.253,0.163,228.315,4.924
08/27/2007,23:01:00,1014.136,126.188,73.565,81.556,0.0,0.253,0.163,198.523,6.957
08/27/2007,23:02:00,1014.175,126.438,73.445,81.504,0.0,0.253,0.163,218.885,8.63
08/27/2007,23:03:00,1014.175,126.0,73.543,81.465,0.0,0.222,0.163,222.237,9.415
08/27/2007,23:04:00,1014.175,125.75,73.685,81.504,0.0,0.253,0.163,194.646,6.89
08/27/2007,23:05:00,1014.175,126.0,73.51,81.465,0.0,0.253,0.163,245.471,9.153
08/27/2007,23:06:00,1014.175,125.875,73.591,81.465,0.0,0.253,0.163,233.635,6.257
08/27/2007,23:07:00,1014.175,126.188,73.51,81.452,0.0,0.253,0.163,219.905,9.963
08/27/2007,23:08:00,1014.175,125.813,73.452,81.491,0.0,0.253,0.163,240.602,6.829
08/27/2007,23:09:00,1014.175,125.5,73.64,81.4,0.0,0.253,0.163,208.041,8.168
08/27/2007,23:10:00,1014.175,125.625,73.97,81.251,0.0,0.253,0.163,245.66,6.878
08/27/2007,23:11:00,1014.175,125.5,74.051,81.225,0.0,0.222,0.163,234.656,9.549
08/27/2007,23:12:00,1014.175,125.75,73.899,81.264,0.0,0.253,0.163,221.173,7.626
08/27/2007,23:13:00,1014.175,125.5,74.122,81.238,0.0,0.253,0.163,189.268,4.723
08/27/2007,23:14:00,1014.175,126.188,74.077,81.186,0.0,0.348,0.163,204.047,5.819
08/27/2007,23:15:00,1014.175,125.625,74.032,81.134,0.0,0.222,0.163,228.884,11.332
08/27/2007,23:16:00,1014.136,125.813,74.032,81.134,0.0,0.316,0.163,233.271,9.859
08/27/2007,23:17:00,1014.175,125.5,74.158,81.121,0.0,0.253,0.163,240.238,4.778
08/27/2007,23:18:00,1014.175,125.75,74.317,81.057,0.0,0.222,0.19,227.412,5.886
08/27/2007,23:19:00,1014.213,125.563,74.177,81.005,0.0,0.222,0.163,224.088,12.08
08/27/2007,23:20:00,1014.175,125.875,74.096,81.044,0.0,0.316,0.163,203.639,5.289
08/27/2007,23:21:00,1014.175,125.438,74.184,81.083,0.0,0.222,0.163,242.73,5.794
08/27/2007,23:22:00,1014.213,125.438,74.317,81.031,0.0,0.253,0.163,218.142,6.957
08/27/2007,23:23:00,1014.213,125.563,74.164,80.959,0.0,0.222,0.163,185.187,6.068
08/27/2007,23:24:00,1014.213,125.5,74.177,81.005,0.0,0.253,0.163,203.042,6.22
08/27/2007,23:25:00,1014.175,125.375,74.09,80.985,0.0,0.19,0.163,193.844,5.91
08/27/2007,23:26:00,1014.175,125.188,74.158,80.946,0.0,0.253,0.163,245.296,8.241
08/27/2007,23:27:00,1014.213,125.375,73.983,80.985,0.0,0.253,0.163,236.157,10.535
08/27/2007,23:28:00,1014.175,125.375,73.818,80.985,0.0,0.253,0.163,221.683,6.659
08/27/2007,23:29:00,1014.175,125.438,73.805,81.031,0.0,0.253,0.136,188.014,7.279
08/27/2007,23:30:00,1014.213,125.625,73.64,80.992,0.0,0.253,0.163,216.801,10.881
08/27/2007,23:31:00,1014.175,125.313,73.585,81.095,0.0,0.222,0.163,202.356,4.103
08/27/2007,23:32:00,1014.175,125.188,73.471,80.985,0.0,0.222,0.163,221.173,13.948
08/27/2007,23:33:00,1014.175,125.5,73.565,81.005,0.0,0.253,0.163,211.029,13.297
08/27/2007,23:34:00,1014.175,125.375,73.219,81.173,0.0,0.316,0.163,223.403,9.701
08/27/2007,23:35:00,1014.136,125.313,73.054,81.108,0.0,0.222,0.163,208.42,12.263
08/27/2007,23:36:00,1014.175,125.063,73.416,81.095,0.0,0.222,0.163,219.308,9.737
08/27/2007,23:37:00,1014.136,125.125,73.326,81.044,0.0,0.222,0.163,202.327,10.991
08/27/2007,23:38:00,1014.136,125.563,73.371,81.005,0.0,0.316,0.163,235.807,7.924
08/27/2007,23:39:00,1014.175,125.25,73.517,80.959,0.0,0.222,0.163,209.411,6.756
08/27/2007,23:40:00,1014.175,125.375,73.685,80.882,0.0,0.253,0.163,148.413,3.16
08/27/2007,23:41:00,1014.213,125.125,73.734,80.791,0.0,0.253,0.19,227.149,12.348
08/27/2007,23:42:00,1014.251,125.688,73.604,80.882,0.0,0.316,0.163,223.709,11.24
08/27/2007,23:43:00,1014.175,125.188,73.319,81.044,0.0,0.253,0.163,235.282,9.117
08/27/2007,23:44:00,1014.175,125.188,73.384,80.985,0.0,0.222,0.163,219.847,8.253
08/27/2007,23:45:00,1014.175,125.25,73.591,80.83,0.0,0.222,0.163,236.842,6.494
08/27/2007,23:46:00,1014.175,124.875,73.458,80.804,0.0,0.253,0.163,227.208,11.453
08/27/2007,23:47:00,1014.251,125.938,73.099,80.921,0.0,0.348,0.19,223.462,13.583
08/27/2007,23:48:00,1014.175,125.563,73.079,81.005,0.0,0.316,0.163,223.826,8.502
08/27/2007,23:49:00,1014.175,125.375,72.934,81.07,0.0,0.316,0.163,198.552,5.271
08/27/2007,23:50:00,1014.213,125.313,73.258,80.921,0.0,0.222,0.163,212.734,9.823
08/27/2007,23:51:00,1014.251,124.813,73.565,80.791,0.0,0.222,0.163,237.352,4.042
08/27/2007,23:52:00,1014.213,124.813,73.604,80.707,0.0,0.222,0.163,231.041,7.218
08/27/2007,23:53:00,1014.175,124.75,73.698,80.713,0.0,0.253,0.19,241.521,9.038
08/27/2007,23:54:00,1014.213,125.5,73.517,80.739,0.0,0.316,0.163,226.012,8.308
08/27/2007,23:55:00,1014.213,125.313,73.345,80.856,0.0,0.253,0.163,184.574,8.581
08/27/2007,23:56:00,1014.213,124.938,73.245,80.83,0.0,0.222,0.163,239.436,9.95
08/27/2007,23:57:00,1014.175,125.188,73.251,80.791,0.0,0.253,0.163,225.342,12.001
08/27/2007,23:58:00,1014.213,124.813,73.585,80.726,0.0,0.222,0.163,228.344,6.354
08/27/2007,23:59:00,1014.213,124.813,73.74,80.629,0.0,0.222,0.163,238.154,7.078
