variable,index,time_s,value_before,value_after,value_jump
Cooling Coil Discharge Air Temperature (°K),60,18000.0,1.405960912018428,1.3987300732042278,0.007230838814200169
Cooling Coil Discharge Air Temperature (°K),102,30600.0,1.102265681821751,1.0950348430075303,0.007230838814220819
Cooling Coil Discharge Air Temperature (°K),190,57000.0,0.8094167098463744,0.8058012904392743,0.0036154194071000845
Cooling Coil Discharge Air Temperature (°K),342,102600.0,0.5852607066059615,0.5816452871988614,0.0036154194071000845
Cooling Coil Discharge Air Temperature (°K),406,121800.0,0.9034176144310596,1.4131917508326284,0.5097741364015688
Cooling Coil Discharge Air Temperature (°K),408,122400.0,1.9988896947833816,2.49781757296365,0.4989278781802682
Cooling Coil Discharge Air Temperature (°K),414,124200.0,1.955504661898139,1.3517296209118852,0.6037750409862539
Cooling Coil Discharge Air Temperature (°K),458,137400.0,0.7262620634829895,0.7696470963682319,0.043385032885242425
Cooling Coil Discharge Air Temperature (°K),460,138000.0,1.5144234942315344,2.2302765368380157,0.7158530426064813
Cooling Coil Discharge Air Temperature (°K),466,139800.0,2.3098157637942798,2.053120985889945,0.2566947779043347
Cooling Coil Discharge Air Temperature (°K),468,140400.0,1.4457305254965704,1.0227264548654662,0.42300407063110423
Cooling Coil Discharge Air Temperature (°K),476,142800.0,0.6647999335622258,0.6431074171196045,0.021692516442621268
Cooling Coil Discharge Air Temperature (°K),498,149400.0,0.0863328284256932,0.6322611588983041,0.5459283304726109
Cooling Coil Discharge Air Temperature (°K),500,150000.0,1.5361160106741556,1.933812145455518,0.39769613478136234
Cooling Coil Discharge Air Temperature (°K),508,152400.0,1.6735019481440834,1.4457305254965704,0.22777142264751293
Cooling Coil Discharge Air Temperature (°K),512,153600.0,0.5744144483846406,0.440643930321813,0.13377051806282764
Cooling Coil Discharge Air Temperature (°K),516,154800.0,0.3032579928518852,0.0357169567262299,0.26754103612565533
Cooling Coil Discharge Air Temperature (°K),664,199200.0,0.0284861179120296,0.1441795389393362,0.11569342102730659
Cooling Coil Discharge Air Temperature (°K),676,202800.0,0.2309496047098212,0.2381804435240214,0.007230838814200197
Cooling Coil Discharge Air Temperature (°K),682,204600.0,0.3936434780294703,1.102265681821751,0.7086222037922808
Cooling Coil Discharge Air Temperature (°K),684,205200.0,1.7277332392506262,2.0639672441112453,0.33623400486061916
Cooling Coil Discharge Air Temperature (°K),692,207600.0,1.575885624152298,1.0299572936796664,0.5459283304726317
Cooling Coil Discharge Air Temperature (°K),720,216000.0,0.3791818004010699,0.8817250979884383,0.5025432975873685
Cooling Coil Discharge Air Temperature (°K),722,216600.0,1.7458103362861477,2.1471218904746303,0.40131155418848263
Cooling Coil Discharge Air Temperature (°K),730,219000.0,1.6807327869582835,1.1348044564856727,0.5459283304726108
Cooling Coil Discharge Air Temperature (°K),736,220800.0,0.4767981243928553,0.3864126392152701,0.09038548517758521
Cooling Coil Discharge Air Temperature (°K),750,225000.0,-0.0040526567518919,0.5454910931278192,0.5495437498797111
Cooling Coil Discharge Air Temperature (°K),752,225600.0,1.416807170239749,1.8181187244282115,0.40131155418846265
Cooling Coil Discharge Air Temperature (°K),762,228600.0,1.1998820058135364,1.0299572936796664,0.16992471213387006
Cooling Coil Discharge Air Temperature (°K),768,230400.0,0.4008743168436912,-0.0655147866726555,0.46638910351634666
Cooling Coil Discharge Air Temperature (°K),776,232800.0,-0.3764408556835534,0.5021060602425766,0.8785469159261301
Cooling Coil Discharge Air Temperature (°K),778,233400.0,1.0697269071578088,1.3444987820976644,0.27477187493985555
Cooling Coil Discharge Air Temperature (°K),788,236400.0,1.2179591028490575,1.0588806489365086,0.15907845391254893
Cooling Coil Discharge Air Temperature (°K),840,252000.0,0.6937232888190679,0.6901078694119471,0.0036154194071207346
Cooling Coil Discharge Air Temperature (°K),882,264600.0,0.5057214796496767,0.4984906408354765,0.0072308388142002245
Cooling Coil Discharge Air Temperature (°K),948,284400.0,0.2020262494529997,0.1984108300458996,0.0036154194071001122
Cooling Coil Discharge Air Temperature (°K),1016,304800.0,-0.0908227225223769,-0.094438141929477,0.0036154194071000983
Cooling Coil Discharge Air Temperature (°K),1082,324600.0,-0.2715936928775472,-0.2752091122846473,0.0036154194071000845
Cooling Coil Discharge Air Temperature (°K),1140,342000.0,-0.4415184050114171,-0.4451338244185173,0.0036154194071001955
Cooling Coil Discharge Air Temperature (°K),1238,371400.0,-0.5861351812955452,-0.5897506007026453,0.0036154194071000845
Cooling Coil Discharge Air Temperature (°K),1526,457800.0,-0.3836716944977536,0.1044099254611938,0.48808161995894744
Cooling Coil Discharge Air Temperature (°K),1528,458400.0,0.4623364467644342,0.6611845141551257,0.1988480673906915
Cooling Coil Discharge Air Temperature (°K),1600,480000.0,0.8455709039173961,0.8238783874747748,0.021692516442621268
Cooling Coil Discharge Air Temperature (°K),1630,489000.0,0.6901078694119471,0.7551854187398109,0.0650775493278638
Cooling Coil Discharge Air Temperature (°K),1862,558600.0,0.625030320084104,0.6033378036414827,0.021692516442621268
Cooling Coil Discharge Air Temperature (°K),1892,567600.0,0.9938030996086448,1.702425303400905,0.7086222037922602
Cooling Coil Discharge Air Temperature (°K),1900,570000.0,1.95912008130526,1.6445785928872618,0.3145414884179982
Cooling Coil Discharge Air Temperature (°K),1904,571200.0,0.4731827049857551,0.3936434780294703,0.07953922695628479
Cooling Coil Discharge Air Temperature (°K),1922,576600.0,0.1333332807180358,0.8925713562097387,0.759238075491703
Cooling Coil Discharge Air Temperature (°K),1924,577200.0,1.6120398182233198,1.9012733707915963,0.28923355256827654
Cooling Coil Discharge Air Temperature (°K),1932,579600.0,1.5288851718599554,1.2974983298053218,0.23138684205463367
Cooling Coil Discharge Air Temperature (°K),1940,582000.0,0.3357967675158274,-0.1125152389649982,0.4483120064808256
Cooling Coil Discharge Air Temperature (°K),1948,584400.0,-0.1920544659212829,0.6467228365267047,0.8387773024479876
Cooling Coil Discharge Air Temperature (°K),1950,585000.0,1.102265681821751,1.3372679432834642,0.2350022614617131
Cooling Coil Discharge Air Temperature (°K),2008,602400.0,1.3806529761687067,1.3770375567616069,0.0036154194070998624
Cooling Coil Discharge Air Temperature (°K),2074,622200.0,1.08780400419333,1.0841885847862298,0.0036154194071000845
Cooling Coil Discharge Air Temperature (°K),2102,630600.0,0.8238783874747748,0.1911799912316788,0.632698396243096
Cooling Coil Discharge Air Temperature (°K),2116,634800.0,-0.1305923360005193,0.2345650241169213,0.3651573601174406
Cooling Coil Discharge Air Temperature (°K),2118,635400.0,1.1167273594501514,1.6301169152588408,0.5133895558086894
Cooling Coil Discharge Air Temperature (°K),2128,638400.0,1.4276534284610494,1.1926511669993365,0.23500226146171288
Cooling Coil Discharge Air Temperature (°K),2134,640200.0,0.625030320084104,0.3285659287016066,0.29646439138249736
Cooling Coil Discharge Air Temperature (°K),2148,644400.0,0.2671037987808635,0.91064845324526,0.6435446544643966
Cooling Coil Discharge Air Temperature (°K),2150,645000.0,1.579501043559398,1.9446584036768388,0.36515736011744093
Cooling Coil Discharge Air Temperature (°K),2158,647400.0,1.7132715616222258,1.2360361998845786,0.47723536173764725
Cooling Coil Discharge Air Temperature (°K),2160,648000.0,0.7190312246687892,0.4370285109147129,0.2820027137540763
Cooling Coil Discharge Air Temperature (°K),2182,654600.0,0.856417162138717,1.6120398182233198,0.7556226560846028
Cooling Coil Discharge Air Temperature (°K),2190,657000.0,1.96273550071236,1.6988098839938048,0.2639256167185551
Cooling Coil Discharge Air Temperature (°K),2192,657600.0,1.2071128446277366,0.6792616111906469,0.5278512334370897
Cooling Coil Discharge Air Temperature (°K),2210,663000.0,0.0791019896114724,0.5093368990567769,0.4302349094453045
Cooling Coil Discharge Air Temperature (°K),2212,663600.0,1.2902674909911216,1.720502400436426,0.4302349094453044
Cooling Coil Discharge Air Temperature (°K),2220,666000.0,1.716886981029326,1.4638076225320915,0.2530793584972344
Cooling Coil Discharge Air Temperature (°K),2228,668400.0,0.3068734122589853,-0.0474376896371344,0.3543111018961197
Cooling Coil Discharge Air Temperature (°K),2236,670800.0,-0.4595955020469177,-0.0763610448939764,0.3832344571529413
Cooling Coil Discharge Air Temperature (°K),2238,671400.0,0.7732625157753321,1.2649595551414,0.4916970393660678
Cooling Coil Discharge Air Temperature (°K),2330,699000.0,1.7132715616222258,1.7096561422151255,0.0036154194071003065
Cooling Coil Discharge Air Temperature (°K),2390,717000.0,1.3083445880266429,0.5744144483846406,0.7339301396420023
Cooling Coil Discharge Air Temperature (°K),2410,723000.0,0.2020262494529997,0.2598729599666427,0.05784671051364301
Cooling Coil Discharge Air Temperature (°K),2412,723600.0,1.001033938422845,1.720502400436426,0.719468462013581
Cooling Coil Discharge Air Temperature (°K),2420,726000.0,1.9410429842697388,1.6843482063653836,0.25669477790435513
Cooling Coil Discharge Air Temperature (°K),2422,726600.0,1.1854203281851154,0.6937232888190679,0.4916970393660476
Cooling Coil Discharge Air Temperature (°K),2446,733800.0,0.5635681901633403,1.3770375567616069,0.8134693665982666
Cooling Coil Discharge Air Temperature (°K),2456,736800.0,1.3625758791331857,0.8672634203600174,0.4953124587731683
Cooling Coil Discharge Air Temperature (°K),2484,745200.0,0.3972588974365705,0.8672634203600174,0.47000452292344685
Cooling Coil Discharge Air Temperature (°K),2486,745800.0,1.738579497471947,2.1507373098817304,0.41215781240978333
Cooling Coil Discharge Air Temperature (°K),2494,748200.0,1.6626556899227625,1.1384198758927728,0.5242358140299896
Cooling Coil Discharge Air Temperature (°K),2496,748800.0,0.6756461917835467,0.440643930321813,0.2350022614617337
Cooling Coil Discharge Air Temperature (°K),2514,754200.0,0.2598729599666427,1.1203427788572515,0.8604698188906088
Cooling Coil Discharge Air Temperature (°K),2524,757200.0,1.5650393659309771,1.3444987820976644,0.22054058383331276
Cooling Coil Discharge Air Temperature (°K),2528,758400.0,0.5310294154993982,0.5129523184638975,0.018077097035500644
Cooling Coil Discharge Air Temperature (°K),2532,759600.0,0.1658720553819574,-0.0438222702300343,0.2096943256119917
Cooling Coil Discharge Air Temperature (°K),2680,804000.0,0.0574094731688511,0.1803337330103784,0.12292425984152729
Cooling Coil Discharge Air Temperature (°K),2698,809400.0,0.2851808958163641,0.4297976721005127,0.1446167762841486
Cooling Coil Discharge Air Temperature (°K),2700,810000.0,1.1854203281851154,1.7530411751003476,0.5676208469152322
Cooling Coil Discharge Air Temperature (°K),2708,812400.0,1.9012733707915963,1.5903473017806984,0.3109260690108979
Cooling Coil Discharge Air Temperature (°K),2710,813000.0,1.0263418742725663,0.6177994812698832,0.40854239300268314
Cooling Coil Discharge Air Temperature (°K),2736,820800.0,0.9214947114665808,1.6915790451796044,0.7700843337130236
Cooling Coil Discharge Air Temperature (°K),2744,823200.0,1.9193504678271172,1.6590402705156624,0.26031019731145477
Cooling Coil Discharge Air Temperature (°K),2746,823800.0,1.1311890370785724,0.6503382559338253,0.4808507811447471
Cooling Coil Discharge Air Temperature (°K),2766,829800.0,0.2056416688600998,0.9901876802015448,0.784546011341445
Cooling Coil Discharge Air Temperature (°K),2768,830400.0,1.6192706570375406,1.9193504678271172,0.3000798107895766
Cooling Coil Discharge Air Temperature (°K),2776,832800.0,1.6590402705156624,1.4384996866823705,0.2205405838332919
Cooling Coil Discharge Air Temperature (°K),2782,834600.0,0.8383400651031958,0.5491065125349193,0.28923355256827654
Cooling Coil Discharge Air Temperature (°K),2796,838800.0,0.1550257971606571,0.91426387265236,0.7592380754917029
Cooling Coil Discharge Air Temperature (°K),2798,839400.0,1.489115558381813,1.7964262079855902,0.3073106496037772
Cooling Coil Discharge Air Temperature (°K),2806,841800.0,1.622886076444641,1.387883814982907,0.23500226146173397
Cooling Coil Discharge Air Temperature (°K),2808,842400.0,1.2034974252206363,1.0371881324938872,0.1663092927267491
Cooling Coil Discharge Air Temperature (°K),2814,844200.0,0.2381804435240214,-0.0040526567518919,0.2422331002759133
Cooling Coil Discharge Air Temperature (°K),3174,952200.0,-0.3909025333119538,-0.3945179527190745,0.0036154194071207346
Cooling Coil Discharge Air Temperature (°K),3258,977400.0,-0.6005968589239662,-0.6042122783310663,0.0036154194071000845
Cooling Coil Discharge Air Temperature (°K),3330,999000.0,-0.8464453786070002,-0.8500607980141004,0.0036154194071001955
Cooling Coil Discharge Air Temperature (°K),3398,1019400.0,-1.1067555759184349,-1.110370995325535,0.0036154194071000845
Cooling Coil Discharge Air Temperature (°K),3468,1040400.0,-1.3634503538227691,-1.36706577322989,0.0036154194071209567
Cooling Coil Discharge Air Temperature (°K),3548,1064400.0,-1.0019084131124285,-0.0691302060797556,0.9327782070326729
Cooling Coil Discharge Air Temperature (°K),3550,1065000.0,0.5093368990567769,0.8238783874747748,0.3145414884179979
Cooling Coil Discharge Air Temperature (°K),3562,1068600.0,1.1890357475922155,1.0697269071578088,0.1193088404344067
Cooling Coil Discharge Air Temperature (°K),3654,1096200.0,0.7949550322179534,0.7696470963682319,0.025307935849721463
Cooling Coil Discharge Air Temperature (°K),3830,1149000.0,0.2056416688600998,-1.2043718999102202,1.41001356877032
Cooling Coil Discharge Air Temperature (°K),3836,1150800.0,-1.8406857155604368,-0.7885986680933367,1.0520870474671002
Cooling Coil Discharge Air Temperature (°K),3840,1152000.0,0.4587210273573341,0.7190312246687892,0.2603101973114551
Cooling Coil Discharge Air Temperature (°K),3890,1167000.0,0.841955484510296,0.4189514138791917,0.4230040706311043
Cooling Coil Discharge Air Temperature (°K),3906,1171800.0,0.4478747691360338,0.8491863233244962,0.40131155418846237
Cooling Coil Discharge Air Temperature (°K),3908,1172400.0,1.6518094317014622,2.110967696403588,0.45915826470212595
Cooling Coil Discharge Air Temperature (°K),3916,1174800.0,1.6048089794091196,1.1131119400430514,0.49169703936606823
Cooling Coil Discharge Air Temperature (°K),3918,1175400.0,0.8672634203600174,0.7732625157753321,0.09400090458468524
Cooling Coil Discharge Air Temperature (°K),3938,1181400.0,0.5924915454201618,0.5563373513491195,0.036154194071042256
Cooling Coil Discharge Air Temperature (°K),3952,1185600.0,-0.0618993672655554,0.7949550322179534,0.8568543994835088
Cooling Coil Discharge Air Temperature (°K),3962,1188600.0,1.489115558381813,1.2504978775129791,0.23861768086883384
Cooling Coil Discharge Air Temperature (°K),3966,1189800.0,0.6358765783054043,0.5129523184638975,0.12292425984150679
Cooling Coil Discharge Air Temperature (°K),4042,1212600.0,0.2924117346305849,0.2851808958163641,0.007230838814220819
Cooling Coil Discharge Air Temperature (°K),4118,1235400.0,0.126102441903815,-0.1956698853283831,0.32177232723219806
Cooling Coil Discharge Air Temperature (°K),4130,1239000.0,-0.1450540136289403,0.1224870224967149,0.2675410361256552
Cooling Coil Discharge Air Temperature (°K),4132,1239600.0,0.9612643249447026,1.510808074824434,0.5495437498797313
Cooling Coil Discharge Air Temperature (°K),4142,1242600.0,1.4421151060894704,1.2758058133627006,0.16630929272676975
Cooling Coil Discharge Air Temperature (°K),4148,1244400.0,0.7804933545895323,0.4912598020212763,0.289233552568256
Cooling Coil Discharge Air Temperature (°K),4168,1250400.0,0.4587210273573341,1.1492661341140935,0.6905451067567594
Cooling Coil Discharge Air Temperature (°K),4170,1251000.0,1.734964078064847,2.0422747276686244,0.3073106496037774
Cooling Coil Discharge Air Temperature (°K),4178,1253400.0,1.579501043559398,1.0480343907151877,0.5314666528442102
Cooling Coil Discharge Air Temperature (°K),4202,1260600.0,0.6720307723764466,0.6901078694119471,0.018077097035500533
Cooling Coil Discharge Air Temperature (°K),4252,1275600.0,0.758800838146911,1.510808074824434,0.7520072366775229
Cooling Coil Discharge Air Temperature (°K),4260,1278000.0,1.865119176720554,1.6084243988162197,0.25669477790433426
Cooling Coil Discharge Air Temperature (°K),4332,1299600.0,1.279421232769801,1.2758058133627006,0.0036154194071003065
Cooling Coil Discharge Air Temperature (°K),4404,1321200.0,1.0588806489365086,1.0552652295294085,0.0036154194071000845
Cooling Coil Discharge Air Temperature (°K),4406,1321800.0,0.8347246456960957,0.0393323761333506,0.7953922695627451
Cooling Coil Discharge Air Temperature (°K),4418,1325400.0,-0.1378231748147195,0.8094167098463744,0.9472398846610939
Cooling Coil Discharge Air Temperature (°K),4420,1326000.0,1.3698067179473858,1.6156552376304198,0.245848519683034
Cooling Coil Discharge Air Temperature (°K),4430,1329000.0,1.2866520715840215,1.1384198758927728,0.14823219569124868
Cooling Coil Discharge Air Temperature (°K),4438,1331400.0,0.2092570882671999,-0.0655147866726555,0.27477187493985544
Cooling Coil Discharge Air Temperature (°K),4448,1334400.0,0.5744144483846406,1.3228062656550432,0.7483918172704026
Cooling Coil Discharge Air Temperature (°K),4458,1337400.0,1.5216543330457346,1.3191908462479431,0.20246348679779147
Cooling Coil Discharge Air Temperature (°K),4464,1339200.0,0.7154158052616891,0.3647201227726488,0.3506956824890403
Cooling Coil Discharge Air Temperature (°K),4476,1342800.0,0.1369487001251359,0.91787929205946,0.780930591934324
Cooling Coil Discharge Air Temperature (°K),4478,1343400.0,1.474653880753392,1.7855799497642897,0.3109260690108977
Cooling Coil Discharge Air Temperature (°K),4486,1345800.0,1.7313486586577262,1.510808074824434,0.22054058383329234
Cooling Coil Discharge Air Temperature (°K),4488,1346400.0,1.1275736176714724,0.625030320084104,0.5025432975873684
Cooling Coil Discharge Air Temperature (°K),4494,1348200.0,0.3141042510732061,0.1550257971606571,0.15907845391254902
Cooling Coil Discharge Air Temperature (°K),4506,1351800.0,0.8347246456960957,1.391499234390007,0.5567745886939113
Cooling Coil Discharge Air Temperature (°K),4516,1354800.0,1.3553450403189853,1.156496972928294,0.19884806739069139
Cooling Coil Discharge Air Temperature (°K),4524,1357200.0,0.5021060602425766,0.0357169567262299,0.46638910351634677
Cooling Coil Discharge Air Temperature (°K),4532,1359600.0,-0.49574969611796,0.2779500570021638,0.7736997531201237
Cooling Coil Discharge Air Temperature (°K),4534,1360200.0,0.9757260025731236,1.3083445880266429,0.3326185854535193
Cooling Coil Discharge Air Temperature (°K),4544,1363200.0,1.2830366521769214,1.1094965206359513,0.17354013154097014
Cooling Coil Discharge Air Temperature (°K),4578,1373400.0,0.6394919977125044,0.6358765783054043,0.0036154194071000845
Cooling Coil Discharge Air Temperature (°K),4694,1408200.0,0.1911799912316788,-0.9115229279348436,1.1027029191665223
Cooling Coil Discharge Air Temperature (°K),4700,1410000.0,-1.6671455840194669,-1.139294350582377,0.52785123343709
Cooling Coil Discharge Air Temperature (°K),4702,1410600.0,-0.1595156912573408,0.3936434780294703,0.5531591692868111
Cooling Coil Discharge Air Temperature (°K),4704,1411200.0,0.6937232888190679,0.9504180667234022,0.25669477790433437
Cooling Coil Discharge Air Temperature (°K),4718,1415400.0,1.174574069963815,1.1167273594501514,0.057846710513663524
Cooling Coil Discharge Air Temperature (°K),4734,1420200.0,1.1167273594501514,0.9395718085020812,0.17715555094807023
Cooling Coil Discharge Air Temperature (°K),4762,1428600.0,0.8708788397671174,0.8961867756168593,0.02530793584974189
Cooling Coil Discharge Air Temperature (°K),4812,1443600.0,0.5961069648272619,0.5454910931278192,0.050615871699442705
Cooling Coil Discharge Air Temperature (°K),4828,1448400.0,0.5816452871988614,1.3011137492124218,0.7194684620135604
Cooling Coil Discharge Air Temperature (°K),4836,1450800.0,1.637347754073041,1.4493459449036703,0.1880018091693707
Cooling Coil Discharge Air Temperature (°K),4946,1483800.0,1.163727811742494,1.160112392335394,0.0036154194071000845
Cooling Coil Discharge Air Temperature (°K),5150,1545000.0,0.8998021950239595,0.8961867756168593,0.0036154194071001955
Cooling Coil Discharge Air Temperature (°K),5260,1578000.0,0.5852607066059615,0.5816452871988614,0.0036154194071000845
Cooling Coil Discharge Air Temperature (°K),5308,1592400.0,0.4189514138791917,0.4153359944720916,0.00361541940710014
Cooling Coil Discharge Air Temperature (°K),5366,1609800.0,0.2526421211524425,0.2490267017453423,0.0036154194071001955
Cooling Coil Discharge Air Temperature (°K),5448,1634400.0,0.0827174090185931,0.0827174090185931,0.0
Cooling Coil Discharge Air Temperature (°K),5510,1653000.0,-0.0799764643010765,-0.0835918837081767,0.0036154194071002094
Cooling Coil Discharge Air Temperature (°K),5596,1678800.0,-0.2607474346562469,-0.264362854063347,0.0036154194071000845
Cooling Coil Discharge Air Temperature (°K),5772,1731600.0,-0.4885188573037597,-0.49574969611796,0.00723083881420028
Cooling Coil Discharge Air Temperature (°K),5846,1753800.0,-0.8283682815714791,-1.3200653209375472,0.4916970393660681
Cooling Coil Discharge Air Temperature (°K),5852,1755600.0,-1.3453732567872685,-0.4270567273829961,0.9183165294042723
Cooling Coil Discharge Air Temperature (°K),5854,1756200.0,0.3936434780294703,0.7768779351824322,0.3832344571529619
Cooling Coil Discharge Air Temperature (°K),5866,1759800.0,1.2866520715840215,1.1709586505567149,0.11569342102730662
Cooling Coil Discharge Air Temperature (°K),5958,1787400.0,0.7262620634829895,0.7190312246687892,0.00723083881420028
Cooling Coil Discharge Air Temperature (°K),6004,1801200.0,0.5093368990567769,0.5021060602425766,0.00723083881420028
Cooling Coil Discharge Air Temperature (°K),6034,1810200.0,0.3068734122589853,0.2996425734447851,0.007230838814200169
Cooling Coil Discharge Air Temperature (°K),6082,1824600.0,-0.0402068508229341,-0.0474376896371344,0.007230838814200301
Cooling Coil Discharge Air Temperature (°K),6134,1840200.0,-0.5535964066316236,-1.6599147452052665,1.1063183385736428
Cooling Coil Discharge Air Temperature (°K),6140,1842000.0,-1.2477569327954627,-0.4415184050114171,0.8062385277840456
Cooling Coil Discharge Air Temperature (°K),6144,1843200.0,0.5021060602425766,0.7298774828900896,0.22777142264751293
Cooling Coil Discharge Air Temperature (°K),6234,1870200.0,0.8311092262889956,0.8094167098463744,0.021692516442621268
Cooling Coil Discharge Air Temperature (°K),6270,1881000.0,0.6431074171196045,0.6358765783054043,0.007230838814200169
Cooling Coil Discharge Air Temperature (°K),6422,1926600.0,0.3141042510732061,-0.8247528621643789,1.138857113237585
Cooling Coil Discharge Air Temperature (°K),6430,1929000.0,-0.3149787257627897,0.3249505092945065,0.6399292350572962
Cooling Coil Discharge Air Temperature (°K),6432,1929600.0,0.6539536753409254,0.91064845324526,0.2566947779043346
Cooling Coil Discharge Air Temperature (°K),6444,1933200.0,1.2685749745485002,1.1926511669993365,0.07592380754916372
Cooling Coil Discharge Air Temperature (°K),6490,1947000.0,0.4840289632070555,0.2092570882671999,0.2747718749398556
Cooling Coil Discharge Air Temperature (°K),6504,1951200.0,0.5418756737207191,1.3625758791331857,0.8207002054124666
Cooling Coil Discharge Air Temperature (°K),6514,1954200.0,1.579501043559398,1.0516498101222878,0.5278512334371102
Cooling Coil Discharge Air Temperature (°K),6520,1956000.0,0.5852607066059615,0.38279721980817,0.20246348679779153
Cooling Coil Discharge Air Temperature (°K),6534,1960200.0,0.0031781820623083,0.7479545799256107,0.7447763978633023
Cooling Coil Discharge Air Temperature (°K),6546,1963800.0,1.0914194236004302,0.9395718085020812,0.151847615098349
Cooling Coil Discharge Air Temperature (°K),6642,1992600.0,0.5852607066059615,0.5816452871988614,0.0036154194071000845
Cooling Coil Discharge Air Temperature (°K),6710,2013000.0,0.2490267017453423,-0.3728254362764532,0.6218521380217955
Cooling Coil Discharge Air Temperature (°K),6720,2016000.0,-0.2752091122846473,0.5816452871988614,0.8568543994835087
Cooling Coil Discharge Air Temperature (°K),6722,2016600.0,1.0516498101222878,1.3119600074337427,0.260310197311455
Cooling Coil Discharge Air Temperature (°K),6732,2019600.0,1.2541132969200792,1.102265681821751,0.15184761509832811
Cooling Coil Discharge Air Temperature (°K),6900,2070000.0,0.6901078694119471,0.686492450004847,0.0036154194071000845
Cooling Coil Discharge Air Temperature (°K),6998,2099400.0,0.3357967675158274,0.3321813481087273,0.0036154194071000845
Cooling Coil Discharge Air Temperature (°K),7066,2119800.0,0.126102441903815,0.1224870224967149,0.0036154194071000983
Cooling Coil Discharge Air Temperature (°K),7200,2160000.0,-0.094438141929477,-0.1016689807436978,0.007230838814220805
Cooling Coil Discharge Air Temperature (°K),7336,2200800.0,-0.2499011764349259,-0.253516595842026,0.0036154194071001122
Cooling Coil Discharge Air Temperature (°K),7574,2272200.0,-0.4017487915332747,-1.1573714476178776,0.7556226560846029
Cooling Coil Discharge Air Temperature (°K),7580,2274000.0,-1.4936054524784967,-0.7524444740222944,0.7411609784562023
Cooling Coil Discharge Air Temperature (°K),7582,2274600.0,0.1477949583464363,0.6177994812698832,0.47000452292344685
Cooling Coil Discharge Air Temperature (°K),7584,2275200.0,0.8998021950239595,1.1528815535211938,0.2530793584972343
Cooling Coil Discharge Air Temperature (°K),7596,2278800.0,1.3011137492124218,1.210728264034837,0.09038548517758493
Cooling Coil Discharge Air Temperature (°K),7614,2284200.0,0.7624162575540318,0.3864126392152701,0.37600361833876167
Cooling Coil Discharge Air Temperature (°K),7630,2289000.0,0.5346448349065188,1.3589604597260854,0.8243156248195666
Cooling Coil Discharge Air Temperature (°K),7640,2292000.0,1.420422589646849,0.8636480009529173,0.5567745886939317
Cooling Coil Discharge Air Temperature (°K),7662,2298600.0,1.228805361070358,1.807272466206911,0.5784671051365531
Cooling Coil Discharge Air Temperature (°K),7670,2301000.0,2.0097359530047028,1.6120398182233198,0.397696134781383
Cooling Coil Discharge Air Temperature (°K),7672,2301600.0,1.073342326564909,0.7624162575540318,0.31092606901087716
Cooling Coil Discharge Air Temperature (°K),7700,2310000.0,0.4370285109147129,1.3517296209118852,0.9147011099971722
Cooling Coil Discharge Air Temperature (°K),7710,2313000.0,1.489115558381813,1.2902674909911216,0.19884806739069139
Cooling Coil Discharge Air Temperature (°K),7716,2314800.0,0.7190312246687892,0.4297976721005127,0.28923355256827654
Cooling Coil Discharge Air Temperature (°K),7878,2363400.0,0.1333332807180358,0.3285659287016066,0.19523264798357082
Cooling Coil Discharge Air Temperature (°K),7880,2364000.0,1.1167273594501514,1.6807327869582835,0.5640054275081321
Cooling Coil Discharge Air Temperature (°K),7888,2366400.0,1.9374275648626385,1.6735019481440834,0.2639256167185551
Cooling Coil Discharge Air Temperature (°K),7890,2367000.0,1.1709586505567149,0.700954127633268,0.47000452292344685
Cooling Coil Discharge Air Temperature (°K),7914,2374200.0,0.8021858710321536,1.6084243988162197,0.8062385277840661
Cooling Coil Discharge Air Temperature (°K),7922,2376600.0,2.0639672441112453,1.7530411751003476,0.3109260690108977
Cooling Coil Discharge Air Temperature (°K),7924,2377200.0,1.1962665864064363,0.8202629680676747,0.3760036183387616
Cooling Coil Discharge Air Temperature (°K),7978,2393400.0,0.5563373513491195,0.4912598020212763,0.06507754932784326
Cooling Coil Discharge Air Temperature (°K),7994,2398200.0,1.1058811012288512,1.6120398182233198,0.5061587169944686
Cooling Coil Discharge Air Temperature (°K),8004,2401200.0,1.2251899416632577,1.0371881324938872,0.18800180916937048
Cooling Coil Discharge Air Temperature (°K),8086,2425800.0,0.700954127633268,0.697338708226168,0.0036154194071000845
Cooling Coil Discharge Air Temperature (°K),8184,2455200.0,0.8528017427316169,0.8817250979884383,0.028923355256821437
Cooling Coil Discharge Air Temperature (°K),8204,2461200.0,1.1818049087780154,1.2071128446277366,0.02530793584972124
Cooling Coil Discharge Air Temperature (°K),8220,2466000.0,1.1818049087780154,0.9721105831660236,0.20969432561199175
Cooling Coil Discharge Air Temperature (°K),8240,2472000.0,0.946802647316302,-1.8913015872598795,2.8381042345761816
Cooling Coil Discharge Air Temperature (°K),8244,2473200.0,-1.833454876746216,-1.4032199673009116,0.4302349094453044
Cooling Coil Discharge Air Temperature (°K),8246,2473800.0,-0.5608272454458237,0.0971790866469935,0.6580063320928172
Cooling Coil Discharge Air Temperature (°K),8292,2487600.0,0.7298774828900896,0.8998021950239595,0.16992471213386995
Cooling Coil Discharge Air Temperature (°K),8526,2557800.0,0.6647999335622258,0.6503382559338253,0.014461677628400449
Cooling Coil Discharge Air Temperature (°K),8538,2561400.0,0.4008743168436912,0.368335542179749,0.03253877466394217
Cooling Coil Discharge Air Temperature (°K),8552,2565600.0,0.1080253448683144,0.5816452871988614,0.47361994233054705
Cooling Coil Discharge Air Temperature (°K),8554,2566200.0,1.391499234390007,1.8145033050211112,0.42300407063110423
Cooling Coil Discharge Air Temperature (°K),8562,2568600.0,1.6915790451796044,1.4421151060894704,0.2494639390901341
Cooling Coil Discharge Air Temperature (°K),8568,2570400.0,0.6431074171196045,0.5707990289775405,0.07230838814206397
Cooling Coil Discharge Air Temperature (°K),8570,2571000.0,0.1694874747890575,-0.1125152389649982,0.2820027137540557
Cooling Coil Discharge Air Temperature (°K),8578,2573400.0,-0.336671242205411,0.4334130915076127,0.7700843337130236
Cooling Coil Discharge Air Temperature (°K),8580,2574000.0,1.0624960683436089,1.387883814982907,0.32538774663929804
Cooling Coil Discharge Air Temperature (°K),8648,2594400.0,1.210728264034837,1.2034974252206363,0.007230838814200613
Cooling Coil Discharge Air Temperature (°K),8702,2610600.0,0.8491863233244962,0.841955484510296,0.007230838814200169
Cooling Coil Discharge Air Temperature (°K),8726,2617800.0,0.4623364467644342,-0.481288018489539,0.9436244652539731
Cooling Coil Discharge Air Temperature (°K),8734,2620200.0,-1.0019084131124285,-0.1269769165934192,0.8749314965190094
Cooling Coil Discharge Air Temperature (°K),8736,2620800.0,0.5057214796496767,0.8817250979884383,0.3760036183387616
Cooling Coil Discharge Air Temperature (°K),8748,2624400.0,1.2360361998845786,1.1528815535211938,0.08315464636338477
Cooling Coil Discharge Air Temperature (°K),8794,2638200.0,0.7768779351824322,0.3755663809939492,0.401311554188483
Cooling Coil Discharge Air Temperature (°K),8810,2643000.0,0.4840289632070555,0.6720307723764466,0.18800180916939108
Cooling Coil Discharge Air Temperature (°K),8812,2643600.0,1.474653880753392,2.031428469447324,0.5567745886939321
Cooling Coil Discharge Air Temperature (°K),8820,2646000.0,1.7747336915429688,1.1962665864064363,0.5784671051365324
Cooling Coil Discharge Air Temperature (°K),8822,2646600.0,0.784108773996653,0.5997223842343621,0.18438638976229094
Cooling Coil Discharge Air Temperature (°K),8844,2653200.0,-0.007668076158992,0.3285659287016066,0.3362340048605986
Cooling Coil Discharge Air Temperature (°K),8846,2653800.0,1.232420780477458,1.6879636257725044,0.4555428452950463
Cooling Coil Discharge Air Temperature (°K),8856,2656800.0,1.0588806489365086,0.8781096785813383,0.1807709703551703
Cooling Coil Discharge Air Temperature (°K),8926,2677800.0,0.4587210273573341,0.4514901885431339,0.0072308388142002245
Cooling Coil Discharge Air Temperature (°K),9010,2703000.0,0.0465632149475508,0.0393323761333506,0.007230838814200204
Cooling Coil Discharge Air Temperature (°K),9064,2719200.0,-0.3294404033912108,-0.3330558227983108,0.003615419407100029
Cooling Coil Discharge Air Temperature (°K),9134,2740200.0,-0.6259047947736875,-0.6331356335878878,0.00723083881420028
Cooling Coil Discharge Air Temperature (°K),9192,2757600.0,-0.915138347341964,-0.9187537667490644,0.0036154194071004175
Cooling Coil Discharge Air Temperature (°K),9380,2814000.0,-1.1971410610960198,-1.20075648050312,0.0036154194071000845
Cooling Coil Discharge Air Temperature (°K),9456,2836800.0,-1.3526040956014689,-1.359834934415669,0.007230838814200169
Cooling Coil Discharge Air Temperature (°K),9590,2877000.0,-1.4140662255222325,-2.025072105322707,0.6110058798004747
Cooling Coil Discharge Air Temperature (°K),9594,2878200.0,-2.227535592120499,-1.7322231333473306,0.4953124587731683
Cooling Coil Discharge Air Temperature (°K),9596,2878800.0,-0.6729052470660302,-0.036591431415834,0.6363138156501962
Cooling Coil Discharge Air Temperature (°K),9598,2879400.0,0.3032579928518852,0.5816452871988614,0.27838729434697623
Cooling Coil Discharge Air Temperature (°K),9644,2893200.0,0.91426387265236,0.5237985766851979,0.39046529596716206
Cooling Coil Discharge Air Temperature (°K),9660,2898000.0,0.3791818004010699,0.5997223842343621,0.22054058383329217
Cooling Coil Discharge Air Temperature (°K),9662,2898600.0,1.4457305254965704,2.0025051141904817,0.5567745886939113
Cooling Coil Discharge Air Temperature (°K),9670,2901000.0,1.803657046799811,1.2721903939556003,0.5314666528442107
Cooling Coil Discharge Air Temperature (°K),9672,2901600.0,0.7949550322179534,0.5491065125349193,0.24584851968303412
Cooling Coil Discharge Air Temperature (°K),9694,2908200.0,0.3466430257371277,1.1998820058135364,0.8532389800764087
Cooling Coil Discharge Air Temperature (°K),9704,2911200.0,1.4999618166031132,1.246882458105879,0.2530793584972342
Cooling Coil Discharge Air Temperature (°K),9706,2911800.0,0.7154158052616891,0.3141042510732061,0.401311554188483
Cooling Coil Discharge Air Temperature (°K),9710,2913000.0,0.5237985766851979,0.1333332807180358,0.3904652959671621
Cooling Coil Discharge Air Temperature (°K),9720,2916000.0,0.4659518661715344,1.0444189713080876,0.5784671051365532
Cooling Coil Discharge Air Temperature (°K),9730,2919000.0,1.2179591028490575,1.0082647772370452,0.2096943256120123
Cooling Coil Discharge Air Temperature (°K),9878,2963400.0,0.3249505092945065,-0.2860553705059682,0.6110058798004747
Cooling Coil Discharge Air Temperature (°K),9888,2966400.0,-0.5282884707819022,0.1297178613109357,0.658006332092838
Cooling Coil Discharge Air Temperature (°K),9890,2967000.0,0.9504180667234022,1.3734221373545064,0.4230040706311041
Cooling Coil Discharge Air Temperature (°K),9900,2970000.0,1.4240380090539493,1.243267038698779,0.1807709703551703
Cooling Coil Discharge Air Temperature (°K),9908,2972400.0,0.8130321292534745,0.3972588974365705,0.41577323181690395
Cooling Coil Discharge Air Temperature (°K),9920,2976000.0,0.126102441903815,0.91787929205946,0.7917768501556449
Cooling Coil Discharge Air Temperature (°K),9922,2976600.0,1.6048089794091196,1.951889242491039,0.3470802630819194
Cooling Coil Discharge Air Temperature (°K),9930,2979000.0,1.7747336915429688,1.3011137492124218,0.47361994233054694
Cooling Coil Discharge Air Temperature (°K),9976,2992800.0,0.7443391605185106,1.1167273594501514,0.3723881989316409
Cooling Coil Discharge Air Temperature (°K),9978,2993400.0,1.955504661898139,2.382124151936344,0.426619490038205
Cooling Coil Discharge Air Temperature (°K),9984,2995200.0,2.172429826324352,1.7964262079855902,0.37600361833876206
Cooling Coil Discharge Air Temperature (°K),9988,2996400.0,0.7624162575540318,0.697338708226168,0.0650775493278638
Cooling Coil Discharge Air Temperature (°K),10020,3006000.0,1.3698067179473858,1.8723500155347748,0.5025432975873889
Cooling Coil Discharge Air Temperature (°K),10092,3027600.0,1.8108878856140112,1.807272466206911,0.0036154194071000845
Cooling Coil Discharge Air Temperature (°K),10166,3049800.0,1.5144234942315344,1.073342326564909,0.44108116766662553
Cooling Coil Discharge Air Temperature (°K),10236,3070800.0,0.8166475486605745,0.7624162575540318,0.05423129110654279
Cooling Coil Discharge Air Temperature (°K),10256,3076800.0,0.932340969687881,0.9648797443518232,0.03253877466394217
Cooling Coil Discharge Air Temperature (°K),10258,3077400.0,-0.8247528621643789,-1.9997641694729855,1.1750113073086066
Cooling Coil Discharge Air Temperature (°K),10264,3079200.0,-1.4827591942571965,-1.211602738724441,0.27115645553275547
Cooling Coil Discharge Air Temperature (°K),10266,3079800.0,-0.506595954339281,-0.3800562750906535,0.12653967924862747
Cooling Coil Discharge Air Temperature (°K),10270,3081000.0,-0.1269769165934192,0.6539536753409254,0.7809305919343446
Cooling Coil Discharge Air Temperature (°K),10288,3086400.0,0.296027154037685,0.2309496047098212,0.06507754932786378
Cooling Coil Discharge Air Temperature (°K),10302,3090600.0,0.4081051556578914,0.6467228365267047,0.2386176808688133
Cooling Coil Discharge Air Temperature (°K),10494,3148200.0,0.8058012904392743,0.8202629680676747,0.014461677628400449
Cooling Coil Discharge Air Temperature (°K),10510,3153000.0,1.0480343907151877,1.0661114877507087,0.018077097035521072
Cooling Coil Discharge Air Temperature (°K),10534,3160200.0,0.8383400651031958,0.7262620634829895,0.11207800162020631
Cooling Coil Discharge Air Temperature (°K),10546,3163800.0,-0.0835918837081767,-2.0178412665084866,1.93424938280031
Cooling Coil Discharge Air Temperature (°K),10552,3165600.0,-1.3272961597517474,-0.1667465300715616,1.1605496296801858
Cooling Coil Discharge Air Temperature (°K),10558,3167400.0,0.7479545799256107,0.9938030996086448,0.24584851968303412
Cooling Coil Discharge Air Temperature (°K),10564,3169200.0,1.1492661341140935,-2.014225847101386,3.1634919812154796
Cooling Coil Discharge Air Temperature (°K),10570,3171000.0,-1.685222681054988,-0.6295202141807876,1.0557024668742003
Cooling Coil Discharge Air Temperature (°K),10572,3171600.0,0.1803337330103784,0.6503382559338253,0.47000452292344697
Cooling Coil Discharge Air Temperature (°K),10582,3174600.0,0.4081051556578914,0.6539536753409254,0.245848519683034
Cooling Coil Discharge Air Temperature (°K),10742,3222600.0,0.5997223842343621,-0.0004372373447917,0.6001596215791538
Cooling Coil Discharge Air Temperature (°K),10752,3225600.0,-0.5572118260387237,0.1477949583464363,0.70500678438516
Cooling Coil Discharge Air Temperature (°K),10754,3226200.0,0.8889559368026386,1.3481142015047851,0.4591582647021465
Cooling Coil Discharge Air Temperature (°K),10764,3229200.0,1.6662711093298832,1.2396516192916789,0.4266194900382043
Cooling Coil Discharge Air Temperature (°K),10792,3237600.0,0.2345650241169213,-2.006995008287186,2.241560032404107
Cooling Coil Discharge Air Temperature (°K),10800,3240000.0,-1.4646820972216752,-0.9440617025987856,0.5206203946228896
Cooling Coil Discharge Air Temperature (°K),10804,3241200.0,-1.1754485446533989,-0.5246730513747815,0.6507754932786174
Cooling Coil Discharge Air Temperature (°K),10806,3241800.0,0.758800838146911,1.478269300160492,0.7194684620135811
Cooling Coil Discharge Air Temperature (°K),10808,3242400.0,1.825349563242432,-1.356219515008569,3.181569078251001
Cooling Coil Discharge Air Temperature (°K),10830,3249000.0,-1.4863746136642964,-1.2586031910167836,0.2277714226475127
Cooling Coil Discharge Air Temperature (°K),10832,3249600.0,-0.6475973112163088,0.668415352969326,1.3160126641856347
Cooling Coil Discharge Air Temperature (°K),10836,3250800.0,1.7602720139145684,-1.9997641694729855,3.760036183387554
Cooling Coil Discharge Air Temperature (°K),10848,3254400.0,-1.7756081662325731,-1.692453519869188,0.08315464636338521
Cooling Coil Discharge Air Temperature (°K),10852,3255600.0,-1.0055238325195492,-0.9296000249703644,0.07592380754918482
Cooling Coil Discharge Air Temperature (°K),10854,3256200.0,-0.1233614971863191,0.8347246456960957,0.9580861428824148
Cooling Coil Discharge Air Temperature (°K),10858,3257400.0,1.3661912985402858,1.3264216850621635,0.039769613478122245
Cooling Coil Discharge Air Temperature (°K),10860,3258000.0,-1.8768399096314583,-2.006995008287186,0.1301550986557276
Cooling Coil Discharge Air Temperature (°K),10866,3259800.0,-1.674376422833667,-0.6114431171452666,1.0629333056884005
Cooling Coil Discharge Air Temperature (°K),10872,3261600.0,0.5852607066059615,0.8383400651031958,0.2530793584972343
Cooling Coil Discharge Air Temperature (°K),10882,3264600.0,0.8347246456960957,-0.8102911845359579,1.6450158302320537
Cooling Coil Discharge Air Temperature (°K),10982,3294600.0,-1.6382222287626451,-1.6309913899484243,0.007230838814220819
Cooling Coil Discharge Air Temperature (°K),11042,3312600.0,-1.3381424179730477,-1.3345269985659476,0.0036154194071000845
Cooling Coil Discharge Air Temperature (°K),11098,3329400.0,-0.9946775742982285,-0.987446735484028,0.007230838814200502
Cooling Coil Discharge Air Temperature (°K),11150,3345000.0,-0.6295202141807876,-0.6222893753665875,0.007230838814200169
Cooling Coil Discharge Air Temperature (°K),11198,3359400.0,-0.3655945974622325,-0.3583637586480322,0.00723083881420028
Cooling Coil Discharge Air Temperature (°K),11260,3378000.0,-0.1197460777791984,-0.1161306583720983,0.0036154194071001122
Cooling Coil Discharge Air Temperature (°K),11342,3402600.0,0.1369487001251359,0.1405641195322361,0.0036154194071001955
Cooling Coil Discharge Air Temperature (°K),11502,3450600.0,0.1984108300458996,0.1947954106387789,0.003615419407120707
Cooling Coil Discharge Air Temperature (°K),11550,3465000.0,-0.0040526567518919,-0.007668076158992,0.0036154194071001
Cooling Coil Discharge Air Temperature (°K),11608,3482400.0,-0.3728254362764532,-0.49574969611796,0.12292425984150679
Cooling Coil Discharge Air Temperature (°K),11616,3484800.0,-0.5138267931534811,0.3213350898874064,0.8351618830408876
Cooling Coil Discharge Air Temperature (°K),11618,3485400.0,1.1528815535211938,1.5035772360102135,0.3506956824890197
Cooling Coil Discharge Air Temperature (°K),11626,3487800.0,1.800041627392711,1.5975781405949192,0.2024634867977917
Cooling Coil Discharge Air Temperature (°K),11630,3489000.0,1.0950348430075303,1.0046493578299451,0.09038548517758516
Cooling Coil Discharge Air Temperature (°K),11636,3490800.0,0.7660316769611318,0.3285659287016066,0.4374657482595252
Cooling Coil Discharge Air Temperature (°K),11646,3493800.0,-0.1703619494786617,0.6503382559338253,0.820700205412487
Cooling Coil Discharge Air Temperature (°K),11648,3494400.0,1.3191908462479431,1.648194012294362,0.32900316604641877
Cooling Coil Discharge Air Temperature (°K),11658,3497400.0,1.3083445880266429,1.163727811742494,0.14461677628414882
Cooling Coil Discharge Air Temperature (°K),11664,3499200.0,0.6033378036414827,0.2887963152234847,0.314541488417998
Cooling Coil Discharge Air Temperature (°K),11676,3502800.0,0.2128725076743001,1.0444189713080876,0.8315464636337875
Cooling Coil Discharge Air Temperature (°K),11686,3505800.0,1.5216543330457346,1.2866520715840215,0.2350022614617131
Cooling Coil Discharge Air Temperature (°K),11694,3508200.0,0.6177994812698832,0.1622566359748573,0.45554284529502587
Cooling Coil Discharge Air Temperature (°K),11702,3510600.0,-0.4849034378966597,0.3430276063300276,0.8279310442266873
Cooling Coil Discharge Air Temperature (°K),11704,3511200.0,1.0082647772370452,1.3228062656550432,0.314541488417998
Cooling Coil Discharge Air Temperature (°K),11714,3514200.0,1.3083445880266429,1.1203427788572515,0.18800180916939135
Cooling Coil Discharge Air Temperature (°K),11774,3532200.0,0.7045695470403682,0.700954127633268,0.0036154194071001955
Cooling Coil Discharge Air Temperature (°K),11816,3544800.0,0.5382602543136189,0.5346448349065188,0.0036154194071000845
Cooling Coil Discharge Air Temperature (°K),11894,3568200.0,0.281565476409264,-0.1305923360005193,0.41215781240978333
Cooling Coil Discharge Air Temperature (°K),11906,3571800.0,-0.2607474346562469,0.0465632149475508,0.30731064960379767
Cooling Coil Discharge Air Temperature (°K),11908,3572400.0,0.8925713562097387,1.402345492611328,0.5097741364015892
Cooling Coil Discharge Air Temperature (°K),11918,3575400.0,1.2866520715840215,1.0950348430075303,0.19161722857649122
Cooling Coil Discharge Air Temperature (°K),12058,3617400.0,0.700954127633268,0.697338708226168,0.0036154194071000845
Cooling Coil Discharge Air Temperature (°K),12182,3654600.0,0.3068734122589853,-0.3981333721261746,0.70500678438516
Cooling Coil Discharge Air Temperature (°K),12192,3657600.0,0.0031781820623083,0.7804933545895323,0.7773151725272239
Cooling Coil Discharge Air Temperature (°K),12194,3658200.0,1.1673432311496148,1.402345492611328,0.2350022614617131
Cooling Coil Discharge Air Temperature (°K),12204,3661200.0,1.2179591028490575,1.073342326564909,0.1446167762841486
Cooling Coil Discharge Air Temperature (°K),12282,3684600.0,0.4117205750649915,0.0212552790978294,0.39046529596716206
Cooling Coil Discharge Air Temperature (°K),12292,3687600.0,0.5852607066059615,1.2179591028490575,0.632698396243096
Cooling Coil Discharge Air Temperature (°K),12302,3690600.0,1.4348842672752495,1.2251899416632577,0.20969432561199186
Cooling Coil Discharge Air Temperature (°K),12306,3691800.0,0.8202629680676747,0.7515699993327108,0.06869296873496389
Cooling Coil Discharge Air Temperature (°K),12470,3741000.0,0.5707990289775405,0.1803337330103784,0.3904652959671622
Cooling Coil Discharge Air Temperature (°K),12486,3745800.0,-0.0329760120087339,0.6792616111906469,0.7122376231993808
Cooling Coil Discharge Air Temperature (°K),12488,3746400.0,1.3806529761687067,1.7313486586577262,0.3506956824890195
Cooling Coil Discharge Air Temperature (°K),12498,3749400.0,1.2830366521769214,1.1384198758927728,0.1446167762841486
Cooling Coil Discharge Air Temperature (°K),12504,3751200.0,0.469567285578655,0.1803337330103784,0.28923355256827665
Cooling Coil Discharge Air Temperature (°K),12516,3754800.0,0.7696470963682319,1.3408833626905643,0.5712362663223324
Cooling Coil Discharge Air Temperature (°K),12526,3757800.0,1.3842683955758068,1.178189489370915,0.20607890620489178
Cooling Coil Discharge Air Temperature (°K),12534,3760200.0,0.527413996092298,0.0357169567262299,0.4916970393660681
Cooling Coil Discharge Air Temperature (°K),12542,3762600.0,-0.3619791780551323,0.5129523184638975,0.8749314965190298
Cooling Coil Discharge Air Temperature (°K),12544,3763200.0,1.0950348430075303,1.3842683955758068,0.28923355256827654
Cooling Coil Discharge Air Temperature (°K),12554,3766200.0,1.2577287163272,1.0841885847862298,0.17354013154097014
Cooling Coil Discharge Air Temperature (°K),12610,3783000.0,0.6756461917835467,0.6611845141551257,0.014461677628420988
Cooling Coil Discharge Air Temperature (°K),12714,3814200.0,0.5382602543136189,0.5310294154993982,0.007230838814220708
Cooling Coil Discharge Air Temperature (°K),12758,3827400.0,-0.0582839478584553,-1.3526040956014689,1.2943201477430135
Cooling Coil Discharge Air Temperature (°K),12764,3829200.0,-1.5586830018063604,-0.5174422125605813,1.0412407892457791
Cooling Coil Discharge Air Temperature (°K),12768,3830400.0,0.7045695470403682,0.9684951637589234,0.2639256167185552
Cooling Coil Discharge Air Temperature (°K),12804,3841200.0,1.0588806489365086,0.697338708226168,0.3615419407103406
Cooling Coil Discharge Air Temperature (°K),12824,3847200.0,0.6286457394912041,0.6539536753409254,0.025307935849721352
Cooling Coil Discharge Air Temperature (°K),12874,3862200.0,0.9684951637589234,1.7783491109500895,0.8098539471911661
Cooling Coil Discharge Air Temperature (°K),12882,3864600.0,1.800041627392711,1.561423946523877,0.23861768086883384
Cooling Coil Discharge Air Temperature (°K),12884,3865200.0,1.1167273594501514,0.5780298677917408,0.5386974916584106
Cooling Coil Discharge Air Temperature (°K),12888,3866400.0,0.7624162575540318,0.5129523184638975,0.2494639390901342
Cooling Coil Discharge Air Temperature (°K),12900,3870000.0,0.6901078694119471,0.9865722607944444,0.29646439138249725
Cooling Coil Discharge Air Temperature (°K),13050,3915000.0,1.0082647772370452,1.001033938422845,0.007230838814200169
Cooling Coil Discharge Air Temperature (°K),13104,3931200.0,0.8347246456960957,0.8311092262889956,0.0036154194071000845
Cooling Coil Discharge Air Temperature (°K),13196,3958800.0,0.5671836095704405,0.5635681901633403,0.0036154194071001955
Cooling Coil Discharge Air Temperature (°K),13622,4086600.0,0.2743346375950637,-0.6909823441015513,0.9653169816966151
Cooling Coil Discharge Air Temperature (°K),13630,4089000.0,-0.7018286023228517,0.1803337330103784,0.8821623353332301
Cooling Coil Discharge Air Temperature (°K),13632,4089600.0,0.8528017427316169,1.279421232769801,0.426619490038184
Cooling Coil Discharge Air Temperature (°K),13642,4092600.0,1.637347754073041,1.420422589646849,0.21692516442619203
Cooling Coil Discharge Air Temperature (°K),13676,4102800.0,1.0408035519009873,-2.014225847101386,3.0550293990023736
Cooling Coil Discharge Air Temperature (°K),13684,4105200.0,-1.5261442271424388,-0.506595954339281,1.0195482728031577
Cooling Coil Discharge Air Temperature (°K),13688,4106400.0,-0.9729850578556072,-0.5463655678174028,0.42661949003820443
Cooling Coil Discharge Air Temperature (°K),13690,4107000.0,0.6539536753409254,1.2938829103982217,0.6399292350572963
Cooling Coil Discharge Air Temperature (°K),13692,4107600.0,1.572270204745177,1.6988098839938048,0.12653967924862775
Cooling Coil Discharge Air Temperature (°K),13694,4108200.0,-2.006995008287186,-2.0178412665084866,0.010846258221300697
Cooling Coil Discharge Air Temperature (°K),13710,4113000.0,-1.6599147452052665,-1.4863746136642964,0.17354013154097014
Cooling Coil Discharge Air Temperature (°K),13740,4122000.0,-1.2079873193173407,-0.980215896669828,0.2277714226475127
Cooling Coil Discharge Air Temperature (°K),13744,4123200.0,-0.756059893429415,-0.6765206664731302,0.07953922695628479
Cooling Coil Discharge Air Temperature (°K),13750,4125000.0,-0.2173624017710043,-0.1125152389649982,0.1048471628060061
Cooling Coil Discharge Air Temperature (°K),13760,4128000.0,0.2417958629311421,0.6792616111906469,0.4374657482595048
Cooling Coil Discharge Air Temperature (°K),13948,4184400.0,1.0480343907151877,-2.010610427694286,3.0586448184094737
Cooling Coil Discharge Air Temperature (°K),13958,4187400.0,-1.5261442271424388,-1.287526546273605,0.23861768086883384
Cooling Coil Discharge Air Temperature (°K),13962,4188600.0,-1.36706577322989,0.1297178613109357,1.4967836345408259
Cooling Coil Discharge Air Temperature (°K),13964,4189200.0,1.210728264034837,1.7277332392506262,0.5170049752157893
Cooling Coil Discharge Air Temperature (°K),13966,4189800.0,1.9446584036768388,-2.006995008287186,3.951653411964025
Cooling Coil Discharge Air Temperature (°K),13984,4195200.0,-1.605683454098703,-1.5225288077353387,0.08315464636336434
Cooling Coil Discharge Air Temperature (°K),13988,4196400.0,-0.4704417602682386,1.0299572936796664,1.500399053947905
Cooling Coil Discharge Air Temperature (°K),13990,4197000.0,1.8542729184992537,2.194122342766973,0.33984942426771947
Cooling Coil Discharge Air Temperature (°K),13992,4197600.0,-2.003379588880086,-2.014225847101386,0.010846258221300253
Cooling Coil Discharge Air Temperature (°K),14006,4201800.0,-1.7719927468254728,-1.6707610034265667,0.10123174339890606
Cooling Coil Discharge Air Temperature (°K),14038,4211400.0,-1.37429661204409,-1.229679835759962,0.14461677628412795
Cooling Coil Discharge Air Temperature (°K),14048,4214400.0,-0.8572916368283006,-0.1269769165934192,0.7303147202348814
Cooling Coil Discharge Air Temperature (°K),14050,4215000.0,0.8491863233244962,1.2613441357343,0.41215781240980387
Cooling Coil Discharge Air Temperature (°K),14202,4260600.0,1.1094965206359513,0.8853405173955384,0.22415600324041285
Cooling Coil Discharge Air Temperature (°K),14236,4270800.0,1.0552652295294085,-1.912994103702501,2.9682593332319094
Cooling Coil Discharge Air Temperature (°K),14250,4275000.0,-1.5803755182489818,-1.5369904853637393,0.043385032885242536
Cooling Coil Discharge Air Temperature (°K),14256,4276800.0,-0.2499011764349259,1.0624960683436089,1.3123972447785348
Cooling Coil Discharge Air Temperature (°K),14258,4277400.0,1.7458103362861477,2.024197630633103,0.2783872943469554
Cooling Coil Discharge Air Temperature (°K),14260,4278000.0,-1.9780716530303648,-2.006995008287186,0.028923355256821104
Cooling Coil Discharge Air Temperature (°K),14276,4282800.0,-1.5948371958774028,-1.5478367435850602,0.04700045229234262
Cooling Coil Discharge Air Temperature (°K),14284,4285200.0,-1.37068119263699,0.1477949583464363,1.5184761509834264
Cooling Coil Discharge Air Temperature (°K),14288,4286400.0,-1.1356789311752562,-1.9997641694729855,0.8640852382977293
Cooling Coil Discharge Air Temperature (°K),14306,4291800.0,-1.5261442271424388,-1.4899900330713969,0.03615419407104192
Cooling Coil Discharge Air Temperature (°K),14314,4294200.0,-0.3258249839841106,1.0552652295294085,1.381090213513519
Cooling Coil Discharge Air Temperature (°K),14316,4294800.0,1.79281078857849,2.0711980829254664,0.2783872943469763
Cooling Coil Discharge Air Temperature (°K),14318,4295400.0,-1.992533330658765,-2.006995008287186,0.014461677628420988
Cooling Coil Discharge Air Temperature (°K),14332,4299600.0,-1.5008362912927176,-1.392373709079611,0.10846258221310645
Cooling Coil Discharge Air Temperature (°K),14338,4301400.0,0.1911799912316788,0.8817250979884383,0.6905451067567595
Cooling Coil Discharge Air Temperature (°K),14490,4347000.0,1.0697269071578088,0.8202629680676747,0.2494639390901341
Cooling Coil Discharge Air Temperature (°K),14502,4350600.0,0.8166475486605745,-1.5297596465495389,2.3464071952101135
Cooling Coil Discharge Air Temperature (°K),14508,4352400.0,-1.4863746136642964,-0.6620589888447093,0.8243156248195871
Cooling Coil Discharge Air Temperature (°K),14514,4354200.0,0.0465632149475508,0.686492450004847,0.6399292350572963
Cooling Coil Discharge Air Temperature (°K),14520,4356000.0,1.1131119400430514,1.1311890370785724,0.018077097035521072
Cooling Coil Discharge Air Temperature (°K),14522,4356600.0,-1.1826793834675988,-1.9997641694729855,0.8170847860053867
Cooling Coil Discharge Air Temperature (°K),14528,4358400.0,-1.6309913899484243,-1.3959891284867114,0.23500226146171288
Cooling Coil Discharge Air Temperature (°K),14534,4360200.0,-0.9585233802272066,-0.9512925414129858,0.007230838814220819
Cooling Coil Discharge Air Temperature (°K),14536,4360800.0,0.1767183136032783,0.9684951637589234,0.7917768501556451
Cooling Coil Discharge Air Temperature (°K),14540,4362000.0,1.572270204745177,-1.981687072437465,3.5539572771826418
Cooling Coil Discharge Air Temperature (°K),14550,4365000.0,-1.4104508061151324,-1.2947573850878054,0.11569342102732705
Cooling Coil Discharge Air Temperature (°K),14556,4366800.0,-1.110370995325535,-1.1176018341397556,0.007230838814220597
Cooling Coil Discharge Air Temperature (°K),14558,4367400.0,0.151410377753557,1.0408035519009873,0.8893931741474302
Cooling Coil Discharge Air Temperature (°K),14560,4368000.0,1.5144234942315344,1.716886981029326,0.20246348679779147
Cooling Coil Discharge Air Temperature (°K),14562,4368600.0,-1.9455328783664223,-2.003379588880086,0.057846710513663524
Cooling Coil Discharge Air Temperature (°K),14576,4372800.0,-1.605683454098703,-1.5442213241779394,0.06146212992076361
Cooling Coil Discharge Air Temperature (°K),14612,4383600.0,-1.0850630594758135,-0.1450540136289403,0.9400090458468732
Cooling Coil Discharge Air Temperature (°K),14614,4384200.0,0.7515699993327108,1.2902674909911216,0.5386974916584107
Cooling Coil Discharge Air Temperature (°K),14616,4384800.0,1.507192655417334,1.579501043559398,0.07230838814206386
Cooling Coil Discharge Air Temperature (°K),14618,4385400.0,-1.967225394809044,-2.003379588880086,0.03615419407104192
Cooling Coil Discharge Air Temperature (°K),14624,4387200.0,-1.3851428702653903,-0.264362854063347,1.1207800162020434
Cooling Coil Discharge Air Temperature (°K),14628,4388400.0,0.5021060602425766,0.6539536753409254,0.15184761509834876
Cooling Coil Discharge Air Temperature (°K),14810,4443000.0,0.943187227909202,0.9901876802015448,0.04700045229234284
Cooling Coil Discharge Air Temperature (°K),14812,4443600.0,-1.992533330658765,-1.9961487500658648,0.0036154194070998624
Cooling Coil Discharge Air Temperature (°K),14818,4445400.0,-1.6418376481697454,-1.5297596465495389,0.11207800162020654
Cooling Coil Discharge Air Temperature (°K),14900,4470000.0,-1.2043718999102202,-1.1537560282107773,0.05061587169944293
Cooling Coil Discharge Air Temperature (°K),14908,4472400.0,-0.2860553705059682,0.6756461917835467,0.9617015622895149
Cooling Coil Discharge Air Temperature (°K),15170,4551000.0,0.6937232888190679,0.697338708226168,0.0036154194071000845
Cooling Coil Discharge Air Temperature (°K),15506,4651800.0,0.6756461917835467,0.6720307723764466,0.0036154194071000845
Cooling Coil Discharge Air Temperature (°K),15572,4671600.0,0.4297976721005127,0.4261822526934125,0.0036154194071001955
Cooling Coil Discharge Air Temperature (°K),15608,4682400.0,0.223718765895621,0.2164879270814002,0.007230838814220819
Cooling Coil Discharge Air Temperature (°K),15640,4692000.0,-0.1161306583720983,-0.4342875661971964,0.3181569078250981
Cooling Coil Discharge Air Temperature (°K),15648,4694400.0,-0.582519761888445,-0.2137469823639042,0.3687727795245408
Cooling Coil Discharge Air Temperature (°K),15650,4695000.0,0.7696470963682319,1.333652523876364,0.564005427508132
Cooling Coil Discharge Air Temperature (°K),15660,4698000.0,1.489115558381813,1.2974983298053218,0.19161722857649122
Cooling Coil Discharge Air Temperature (°K),15668,4700400.0,0.856417162138717,0.6539536753409254,0.20246348679779158
Cooling Coil Discharge Air Temperature (°K),15680,4704000.0,0.4587210273573341,1.3011137492124218,0.8423927218550877
Cooling Coil Discharge Air Temperature (°K),15690,4707000.0,1.2902674909911216,0.7949550322179534,0.4953124587731682
Cooling Coil Discharge Air Temperature (°K),15706,4711800.0,0.6611845141551257,0.7696470963682319,0.10846258221310623
Cooling Coil Discharge Air Temperature (°K),15748,4724400.0,1.0480343907151877,0.8889559368026386,0.15907845391254904
Cooling Coil Discharge Air Temperature (°K),15926,4777800.0,0.7081849664474683,0.1550257971606571,0.5531591692868112
Cooling Coil Discharge Air Temperature (°K),15936,4780800.0,-0.5499809872245028,0.3647201227726488,0.9147011099971516
Cooling Coil Discharge Air Temperature (°K),15938,4781400.0,1.011880196644166,1.3589604597260854,0.3470802630819194
Cooling Coil Discharge Air Temperature (°K),15948,4784400.0,1.6192706570375406,1.485500138974713,0.1337705180628277
Cooling Coil Discharge Air Temperature (°K),15964,4789200.0,0.9684951637589234,1.015495616051266,0.04700045229234262
Cooling Coil Discharge Air Temperature (°K),15978,4793400.0,0.3321813481087273,-0.4198258885687959,0.7520072366775232
Cooling Coil Discharge Air Temperature (°K),16000,4800000.0,-0.0908227225223769,-0.022129753787413,0.0686929687349639
Cooling Coil Discharge Air Temperature (°K),16002,4800600.0,-1.920224942516701,-1.967225394809044,0.04700045229234284
Cooling Coil Discharge Air Temperature (°K),16010,4803000.0,-1.1682177058391985,-0.9332154443774648,0.23500226146173364
Cooling Coil Discharge Air Temperature (°K),16042,4812600.0,-0.2029007241425833,-0.0185143343803129,0.1843863897622704
Cooling Coil Discharge Air Temperature (°K),16056,4816800.0,0.3972588974365705,0.5888761260130617,0.19161722857649122
Cooling Coil Discharge Air Temperature (°K),16172,4851600.0,0.610568642455683,0.6069532230485828,0.0036154194071001955
Cooling Coil Discharge Air Temperature (°K),16216,4864800.0,0.1007945060540937,-0.3258249839841106,0.42661949003820426
Cooling Coil Discharge Air Temperature (°K),16226,4867800.0,0.2526421211524425,0.9540334861305024,0.7013913649780599
Cooling Coil Discharge Air Temperature (°K),16238,4871400.0,1.1926511669993365,1.0624960683436089,0.1301550986557276
Cooling Coil Discharge Air Temperature (°K),16270,4881000.0,0.6756461917835467,0.3719509615868491,0.3036952301966976
Cooling Coil Discharge Air Temperature (°K),16282,4884600.0,0.4008743168436912,0.2056416688600998,0.19523264798359138
Cooling Coil Discharge Air Temperature (°K),16284,4885200.0,-0.7307519575796732,-1.7719927468254728,1.0412407892457995
Cooling Coil Discharge Air Temperature (°K),16286,4885800.0,-1.7394539721615307,-0.4559800826398176,1.283473889521713
Cooling Coil Discharge Air Temperature (°K),16290,4887000.0,0.2490267017453423,-0.9368308637845854,1.1858575655299277
Cooling Coil Discharge Air Temperature (°K),16292,4887600.0,-1.815377779710695,-1.2586031910167836,0.5567745886939113
Cooling Coil Discharge Air Temperature (°K),16304,4891200.0,-1.36706577322989,-1.829839457339116,0.4627736841092258
Cooling Coil Discharge Air Temperature (°K),16306,4891800.0,-0.5752889230742448,0.5165677378709976,1.0918566609452425
Cooling Coil Discharge Air Temperature (°K),16310,4893000.0,-0.7596753128365152,-1.7900698438609737,1.0303945310244584
Cooling Coil Discharge Air Temperature (°K),16312,4893600.0,-1.1501406088036772,0.2707192181879636,1.4208598269916408
Cooling Coil Discharge Air Temperature (°K),16316,4894800.0,-0.3149787257627897,-1.3092190627162263,0.9942403369534367
Cooling Coil Discharge Air Temperature (°K),16318,4895400.0,-0.9115229279348436,0.223718765895621,1.1352416938304646
Cooling Coil Discharge Air Temperature (°K),16338,4901400.0,0.5382602543136189,0.6069532230485828,0.06869296873496389
Cooling Coil Discharge Air Temperature (°K),16408,4922400.0,0.5635681901633403,0.5563373513491195,0.007230838814220708
Cooling Coil Discharge Air Temperature (°K),16450,4935000.0,0.3032579928518852,0.296027154037685,0.0072308388142002245
Cooling Coil Discharge Air Temperature (°K),16502,4950600.0,-0.0618993672655554,-0.0763610448939764,0.014461677628420995
Cooling Coil Discharge Air Temperature (°K),16510,4953000.0,-0.9332154443774648,-0.5535964066316236,0.37961903774584127
Cooling Coil Discharge Air Temperature (°K),16512,4953600.0,0.527413996092298,1.156496972928294,0.6290829768359959
Cooling Coil Discharge Air Temperature (°K),16524,4957200.0,1.246882458105879,1.1239581982643725,0.12292425984150657
Cooling Coil Discharge Air Temperature (°K),16536,4960800.0,0.8708788397671174,0.4984906408354765,0.37238819893164093
Cooling Coil Discharge Air Temperature (°K),16554,4966200.0,0.6069532230485828,0.6322611588983041,0.025307935849721352
Cooling Coil Discharge Air Temperature (°K),16570,4971000.0,1.033572713086787,0.700954127633268,0.3326185854535191
Cooling Coil Discharge Air Temperature (°K),16588,4976400.0,-0.3475175004267319,-0.2101315629567835,0.1373859374699484
Cooling Coil Discharge Air Temperature (°K),16602,4980600.0,0.1369487001251359,0.2128725076743001,0.0759238075491642
Cooling Coil Discharge Air Temperature (°K),16616,4984800.0,0.3936434780294703,0.5201831572780978,0.12653967924862752
Cooling Coil Discharge Air Temperature (°K),16684,5005200.0,0.6503382559338253,0.6467228365267047,0.0036154194071206236
Cooling Coil Discharge Air Temperature (°K),16814,5044200.0,0.8744942591742382,0.9251101308736808,0.050615871699442594
Cooling Coil Discharge Air Temperature (°K),16838,5051400.0,0.625030320084104,-0.1342077554076194,0.7592380754917234
Cooling Coil Discharge Air Temperature (°K),16844,5053200.0,0.3466430257371277,0.625030320084104,0.2783872943469763
Cooling Coil Discharge Air Temperature (°K),16868,5060400.0,0.682877030597747,0.7407237411114105,0.057846710513663524
Cooling Coil Discharge Air Temperature (°K),16870,5061000.0,-1.826224037932016,-1.9527637171806431,0.12653967924862708
Cooling Coil Discharge Air Temperature (°K),16876,5062800.0,-1.4538358390003543,-1.1356789311752562,0.3181569078250981
Cooling Coil Discharge Air Temperature (°K),16878,5063400.0,-0.8753687338638217,-0.5391347290032025,0.3362340048606193
Cooling Coil Discharge Air Temperature (°K),16896,5068800.0,-0.1920544659212829,-0.1631311106644409,0.028923355256842004
Cooling Coil Discharge Air Temperature (°K),16906,5071800.0,0.1731028941961782,0.2201033464885208,0.04700045229234262
Cooling Coil Discharge Air Temperature (°K),16916,5074800.0,0.5961069648272619,0.91064845324526,0.3145414884179981
Cooling Coil Discharge Air Temperature (°K),17026,5107800.0,0.5491065125349193,0.5454910931278192,0.0036154194071000845
Cooling Coil Discharge Air Temperature (°K),17468,5240400.0,0.4044897362507912,0.4081051556578914,0.0036154194071001955
Cooling Coil Discharge Air Temperature (°K),17660,5298000.0,0.1839491524174786,-0.4487492438256173,0.6326983962430959
Cooling Coil Discharge Air Temperature (°K),17664,5299200.0,-0.1305923360005193,0.2381804435240214,0.3687727795245407
Cooling Coil Discharge Air Temperature (°K),17698,5309400.0,0.686492450004847,0.7551854187398109,0.06869296873496389
Cooling Coil Discharge Air Temperature (°K),17712,5313600.0,0.6431074171196045,0.5382602543136189,0.1048471628059856
Cooling Coil Discharge Air Temperature (°K),17714,5314200.0,-0.4198258885687959,-1.844301134967537,1.4244752463987411
Cooling Coil Discharge Air Temperature (°K),17716,5314800.0,-1.5225288077353387,-0.1739773688857618,1.348551438849577
Cooling Coil Discharge Air Temperature (°K),17770,5331000.0,-0.0148989149732128,0.0718711507972722,0.086770065770485
Cooling Coil Discharge Air Temperature (°K),17784,5335200.0,0.527413996092298,0.6937232888190679,0.16630929272676986
Cooling Coil Discharge Air Temperature (°K),17942,5382600.0,0.5057214796496767,0.3538738645513485,0.15184761509832823
Cooling Coil Discharge Air Temperature (°K),17954,5386200.0,0.5165677378709976,1.228805361070358,0.7122376231993603
Cooling Coil Discharge Air Temperature (°K),17962,5388600.0,1.6120398182233198,1.405960912018428,0.20607890620489178
Cooling Coil Discharge Air Temperature (°K),17974,5392200.0,0.7081849664474683,0.3574892839584486,0.3506956824890197
Cooling Coil Discharge Air Temperature (°K),17984,5395200.0,0.1080253448683144,-1.0959093176971344,1.2039346625654488
Cooling Coil Discharge Air Temperature (°K),17986,5395800.0,-2.003379588880086,-1.2188335775386412,0.7845460113414446
Cooling Coil Discharge Air Temperature (°K),17988,5396400.0,0.0574094731688511,0.4225668332863124,0.3651573601174613
Cooling Coil Discharge Air Temperature (°K),17990,5397000.0,0.1731028941961782,-1.1935256416889195,1.3666285358850976
Cooling Coil Discharge Air Temperature (°K),17992,5397600.0,-1.931071200738022,-1.045293445997671,0.8857777547403509
Cooling Coil Discharge Air Temperature (°K),17996,5398800.0,-0.0112834955661127,-1.4249124837435327,1.41362898817742
Cooling Coil Discharge Air Temperature (°K),17998,5399400.0,-1.746684810975731,-0.6801360858802304,1.0665487250955006
Cooling Coil Discharge Air Temperature (°K),18002,5400600.0,-0.7813678292791365,-1.822608618524916,1.0412407892457796
Cooling Coil Discharge Air Temperature (°K),18004,5401200.0,-1.703299778090509,-0.6909823441015513,1.0123174339889576
Cooling Coil Discharge Air Temperature (°K),18062,5418600.0,-0.6222893753665875,-0.2571320152491467,0.36515736011744077
Cooling Coil Discharge Air Temperature (°K),18068,5420400.0,0.1731028941961782,0.3864126392152701,0.2133097450190919
Cooling Coil Discharge Air Temperature (°K),18138,5441400.0,0.5093368990567769,0.5057214796496767,0.0036154194071001955
Cooling Coil Discharge Air Temperature (°K),18244,5473200.0,0.5744144483846406,0.6214149006769832,0.04700045229234262
Cooling Coil Discharge Air Temperature (°K),18254,5476200.0,1.0697269071578088,1.1094965206359513,0.03976961347814245
Cooling Coil Discharge Air Temperature (°K),18266,5479800.0,1.4131917508326284,0.5671836095704405,0.8460081412621879
Cooling Coil Discharge Air Temperature (°K),18272,5481600.0,0.2743346375950637,0.6611845141551257,0.386849876560062
Cooling Coil Discharge Air Temperature (°K),18290,5487000.0,1.011880196644166,1.073342326564909,0.06146212992074296
Cooling Coil Discharge Air Temperature (°K),18292,5487600.0,-1.6960689392762882,-1.8876861678527797,0.19161722857649144
Cooling Coil Discharge Air Temperature (°K),18300,5490000.0,-1.3128344821233264,-1.110370995325535,0.20246348679779147
Cooling Coil Discharge Air Temperature (°K),18360,5508000.0,-0.6512127306234089,-0.6078276977381664,0.043385032885242536
Cooling Coil Discharge Air Temperature (°K),18368,5510400.0,-0.1486694330360404,-0.108899819557898,0.03976961347814241
Cooling Coil Discharge Air Temperature (°K),18376,5512800.0,0.2634883793737634,0.310488831666106,0.04700045229234262
Cooling Coil Discharge Air Temperature (°K),18518,5555400.0,0.6611845141551257,1.2541132969200792,0.5929287827649535
Cooling Coil Discharge Air Temperature (°K),18524,5557200.0,1.1311890370785724,0.758800838146911,0.3723881989316614
Cooling Coil Discharge Air Temperature (°K),18528,5558400.0,0.469567285578655,0.9070330338381596,0.43746574825950457
Cooling Coil Discharge Air Temperature (°K),18566,5569800.0,1.2179591028490575,-1.6635301646123666,2.881489267461424
Cooling Coil Discharge Air Temperature (°K),18576,5572800.0,-1.0959093176971344,-1.0344471877763708,0.06146212992076361
Cooling Coil Discharge Air Temperature (°K),18616,5584800.0,-0.4017487915332747,-0.2607474346562469,0.1410013568770278
Cooling Coil Discharge Air Temperature (°K),18624,5587200.0,0.2743346375950637,0.3285659287016066,0.0542312911065429
Cooling Coil Discharge Air Temperature (°K),18634,5590200.0,0.5418756737207191,0.6467228365267047,0.1048471628059856
Cooling Coil Discharge Air Temperature (°K),18714,5614200.0,0.6177994812698832,0.6141840618627831,0.0036154194071000845
Cooling Coil Discharge Air Temperature (°K),18754,5626200.0,0.4225668332863124,0.4189514138791917,0.003615419407120679
Cooling Coil Discharge Air Temperature (°K),18808,5642400.0,0.3285659287016066,-0.0510531090442345,0.3796190377458411
Cooling Coil Discharge Air Temperature (°K),18820,5646000.0,0.5671836095704405,1.3951146537971275,0.8279310442266871
Cooling Coil Discharge Air Temperature (°K),18830,5649000.0,1.633732334665941,1.4493459449036703,0.18438638976227062
Cooling Coil Discharge Air Temperature (°K),18872,5661600.0,0.1622566359748573,-1.2513723522025832,1.4136289881774404
Cooling Coil Discharge Air Temperature (°K),18876,5662800.0,-0.6982131829157515,0.2526421211524425,0.950855304068194
Cooling Coil Discharge Air Temperature (°K),18878,5663400.0,0.440643930321813,-0.3836716944977536,0.8243156248195667
Cooling Coil Discharge Air Temperature (°K),18882,5664600.0,-0.6331356335878878,0.0574094731688511,0.690545106756739
Cooling Coil Discharge Air Temperature (°K),18898,5669400.0,0.0429477955404507,0.1694874747890575,0.12653967924860682
Cooling Coil Discharge Air Temperature (°K),18904,5671200.0,0.6141840618627831,0.6503382559338253,0.036154194071042256
Cooling Coil Discharge Air Temperature (°K),19020,5706000.0,0.6611845141551257,0.6575690947480256,0.0036154194071000845
Cooling Coil Discharge Air Temperature (°K),19090,5727000.0,0.3791818004010699,0.3755663809939492,0.0036154194071207346
Cooling Coil Discharge Air Temperature (°K),19146,5743800.0,0.2164879270814002,0.2128725076743001,0.0036154194071000845
Cooling Coil Discharge Air Temperature (°K),19270,5781000.0,0.0863328284256932,0.0827174090185931,0.0036154194071000983
Cooling Coil Discharge Air Temperature (°K),19586,5875800.0,-0.1197460777791984,-0.1197460777791984,0.0
Cooling Coil Discharge Air Temperature (°K),19680,5904000.0,-0.5138267931534811,-1.934686620145122,1.420859826991641
Cooling Coil Discharge Air Temperature (°K),19682,5904600.0,-2.4119219818827693,-1.045293445997671,1.3666285358850983
Cooling Coil Discharge Air Temperature (°K),19686,5905800.0,0.3538738645513485,-0.3222095645769899,0.6760834291283384
Cooling Coil Discharge Air Temperature (°K),19690,5907000.0,-0.6837515052873305,0.4153359944720916,1.0990874997594222
Cooling Coil Discharge Air Temperature (°K),19692,5907600.0,0.5527219319420194,-0.568058084260024,1.1207800162020434
Cooling Coil Discharge Air Temperature (°K),19696,5908800.0,-0.510211373746381,0.5418756737207191,1.0520870474671002
Cooling Coil Discharge Air Temperature (°K),19698,5909400.0,0.2562575405595426,-1.442989580779054,1.6992471213385967
Cooling Coil Discharge Air Temperature (°K),19700,5910000.0,-2.0178412665084866,-1.37068119263699,0.6471600738714967
Cooling Coil Discharge Air Temperature (°K),19728,5918400.0,-0.5138267931534811,-0.4559800826398176,0.057846710513663524
Cooling Coil Discharge Air Temperature (°K),19740,5922000.0,-0.0257451731945131,-1.5044517106998176,1.4787065375053046
Cooling Coil Discharge Air Temperature (°K),19748,5924400.0,-1.2405260939812623,-1.0019084131124285,0.23861768086883384
Cooling Coil Discharge Air Temperature (°K),19760,5928000.0,-0.6475973112163088,-0.7126748605441726,0.0650775493278638
Cooling Coil Discharge Air Temperature (°K),19788,5936400.0,-0.3909025333119538,-0.3258249839841106,0.06507754932784321
Cooling Coil Discharge Air Temperature (°K),19800,5940000.0,0.3719509615868491,0.5237985766851979,0.15184761509834882
Cooling Coil Discharge Air Temperature (°K),19862,5958600.0,0.682877030597747,0.6792616111906469,0.0036154194071000845
Cooling Coil Discharge Air Temperature (°K),19904,5971200.0,0.5021060602425766,0.4948752214283764,0.0072308388142002245
Cooling Coil Discharge Air Temperature (°K),19960,5988000.0,0.3900280586223703,0.1405641195322361,0.24946393909013417
Cooling Coil Discharge Air Temperature (°K),19976,5992800.0,0.6358765783054043,1.4312688478681497,0.7953922695627453
Cooling Coil Discharge Air Temperature (°K),19984,5995200.0,1.471038461346292,1.2396516192916789,0.23138684205461302
Cooling Coil Discharge Air Temperature (°K),20038,6011400.0,0.9214947114665808,0.8130321292534745,0.10846258221310634
Cooling Coil Discharge Air Temperature (°K),20156,6046800.0,0.668415352969326,0.6647999335622258,0.0036154194071001955
Cooling Coil Discharge Air Temperature (°K),20202,6060600.0,0.4370285109147129,0.4334130915076127,0.0036154194071001955
Cooling Coil Discharge Air Temperature (°K),20248,6074400.0,0.0899482478327933,-0.2318240793994048,0.3217723272321981
Cooling Coil Discharge Air Temperature (°K),20260,6078000.0,0.0935636672398934,0.7479545799256107,0.6543909126857173
Cooling Coil Discharge Air Temperature (°K),20262,6078600.0,1.5035772360102135,1.879580854348975,0.3760036183387614
Cooling Coil Discharge Air Temperature (°K),20270,6081000.0,1.6156552376304198,1.4131917508326284,0.20246348679779147
Cooling Coil Discharge Air Temperature (°K),20298,6089400.0,0.3719509615868491,-0.5319038901890023,0.9038548517758513
Cooling Coil Discharge Air Temperature (°K),20300,6090000.0,-0.6620589888447093,-0.1522848524431405,0.5097741364015688
Cooling Coil Discharge Air Temperature (°K),20326,6097800.0,-0.0040526567518919,-1.518913388328218,1.514860731576326
Cooling Coil Discharge Air Temperature (°K),20334,6100200.0,-1.3056036433091265,-1.02360092955505,0.2820027137540764
Cooling Coil Discharge Air Temperature (°K),20338,6101400.0,-0.0438222702300343,-0.0438222702300343,0.0
Cooling Coil Discharge Air Temperature (°K),20352,6105600.0,0.4731827049857551,0.5454910931278192,0.07230838814206408
Cooling Coil Discharge Air Temperature (°K),20468,6140400.0,0.7045695470403682,0.700954127633268,0.0036154194071001955
Cooling Coil Discharge Air Temperature (°K),20534,6160200.0,0.6611845141551257,1.0299572936796664,0.3687727795245407
Cooling Coil Discharge Air Temperature (°K),20660,6198000.0,0.686492450004847,0.6467228365267047,0.03976961347814234
Cooling Coil Discharge Air Temperature (°K),20728,6218400.0,0.3900280586223703,0.3864126392152701,0.0036154194071001955
Cooling Coil Discharge Air Temperature (°K),20850,6255000.0,0.310488831666106,0.6394919977125044,0.3290031660463984
Cooling Coil Discharge Air Temperature (°K),20852,6255600.0,1.4493459449036703,1.9193504678271172,0.47000452292344685
Cooling Coil Discharge Air Temperature (°K),20860,6258000.0,1.7783491109500895,1.4457305254965704,0.3326185854535191
Cooling Coil Discharge Air Temperature (°K),20862,6258600.0,0.8853405173955384,0.5129523184638975,0.3723881989316409
Cooling Coil Discharge Air Temperature (°K),20882,6264600.0,0.686492450004847,1.409576331425528,0.723083881420681
Cooling Coil Discharge Air Temperature (°K),20892,6267600.0,1.402345492611328,1.2034974252206363,0.1988480673906916
Cooling Coil Discharge Air Temperature (°K),20898,6269400.0,0.8058012904392743,0.4587210273573341,0.3470802630819402
Cooling Coil Discharge Air Temperature (°K),20910,6273000.0,0.8274938068818749,1.3481142015047851,0.5206203946229102
Cooling Coil Discharge Air Temperature (°K),20920,6276000.0,1.3444987820976644,1.142035295299873,0.20246348679779147
Cooling Coil Discharge Air Temperature (°K),20992,6297600.0,0.6141840618627831,0.6069532230485828,0.00723083881420028
Cooling Coil Discharge Air Temperature (°K),21052,6315600.0,0.2743346375950637,0.2671037987808635,0.0072308388142002245
Cooling Coil Discharge Air Temperature (°K),21096,6328800.0,0.053794053761751,0.0465632149475508,0.007230838814200197
Cooling Coil Discharge Air Temperature (°K),21138,6341400.0,-0.1522848524431405,-0.1559002718502407,0.0036154194071001955
Cooling Coil Discharge Air Temperature (°K),21268,6380400.0,-0.3330558227983108,-0.3330558227983108,0.0
Cooling Coil Discharge Air Temperature (°K),21688,6506400.0,-0.3258249839841106,-0.1739773688857618,0.1518476150983488
Cooling Coil Discharge Air Temperature (°K),21694,6508200.0,0.2707192181879636,0.3285659287016066,0.05784671051364304
Cooling Coil Discharge Air Temperature (°K),21706,6511800.0,0.9757260025731236,1.0408035519009873,0.06507754932786369
Cooling Coil Discharge Air Temperature (°K),21722,6516600.0,1.7494257556932475,1.3553450403189853,0.39408071537426226
Cooling Coil Discharge Air Temperature (°K),21724,6517200.0,0.2707192181879636,0.0501786343546509,0.22054058383331268
Cooling Coil Discharge Air Temperature (°K),21730,6519000.0,0.3611047033655488,0.4261822526934125,0.06507754932786369
Cooling Coil Discharge Air Temperature (°K),21732,6519600.0,-1.4502204195932542,-1.967225394809044,0.5170049752157897
Cooling Coil Discharge Air Temperature (°K),21738,6521400.0,-1.37791203145119,-1.02360092955505,0.3543111018961398
Cooling Coil Discharge Air Temperature (°K),21750,6525000.0,-0.6837515052873305,-0.7705215710578156,0.08677006577048507
Cooling Coil Discharge Air Temperature (°K),21758,6527400.0,-1.132063511768156,-1.1899102222818196,0.057846710513663746
Cooling Coil Discharge Air Temperature (°K),21822,6546600.0,-0.8066757651288579,-0.7452136352080941,0.06146212992076372
Cooling Coil Discharge Air Temperature (°K),21832,6549600.0,0.0393323761333506,0.1044099254611938,0.06507754932784321
Cooling Coil Discharge Air Temperature (°K),21974,6592200.0,0.4731827049857551,0.8491863233244962,0.3760036183387411
Cooling Coil Discharge Air Temperature (°K),22014,6604200.0,-0.5752889230742448,-1.920224942516701,1.3449360194424562
Cooling Coil Discharge Air Temperature (°K),22026,6607800.0,-1.5803755182489818,-1.5514521629921605,0.028923355256821326
Cooling Coil Discharge Air Temperature (°K),22114,6634200.0,-1.1790639640604987,-1.0633705430331923,0.1156934210273064
Cooling Coil Discharge Air Temperature (°K),22118,6635400.0,-0.813906603943058,-0.6692898276589301,0.14461677628412795
Cooling Coil Discharge Air Temperature (°K),22124,6637200.0,-0.2788245316917475,-0.2354394988065254,0.04338503288522208
Cooling Coil Discharge Air Temperature (°K),22262,6678600.0,0.1116407642754146,0.8130321292534745,0.7013913649780599
Cooling Coil Discharge Air Temperature (°K),22286,6685800.0,0.7298774828900896,0.3574892839584486,0.372388198931641
Cooling Coil Discharge Air Temperature (°K),22296,6688800.0,0.5201831572780978,0.6901078694119471,0.1699247121338493
Cooling Coil Discharge Air Temperature (°K),22314,6694200.0,0.8636480009529173,0.932340969687881,0.06869296873496378
Cooling Coil Discharge Air Temperature (°K),22316,6694800.0,-1.761146488604152,-1.8732244902243584,0.11207800162020654
Cooling Coil Discharge Air Temperature (°K),22322,6696600.0,-1.6960689392762882,-1.5622984212134603,0.13377051806282791
Cooling Coil Discharge Air Temperature (°K),22392,6717600.0,-1.1031401565113346,-0.9982929937053284,0.10484716280600614
Cooling Coil Discharge Air Temperature (°K),22400,6720000.0,-0.1992853047354832,-0.0148989149732128,0.1843863897622704
Cooling Coil Discharge Air Temperature (°K),22550,6765000.0,0.4984906408354765,0.91426387265236,0.41577323181688347
Cooling Coil Discharge Air Temperature (°K),22604,6781200.0,1.015495616051266,-1.587606357063182,2.6031019731144482
Cooling Coil Discharge Air Temperature (°K),22610,6783000.0,-1.5406059047708394,-1.3056036433091265,0.23500226146171288
Cooling Coil Discharge Air Temperature (°K),22626,6787800.0,-0.9187537667490644,-1.052524284811892,0.1337705180628277
Cooling Coil Discharge Air Temperature (°K),22656,6796800.0,-1.124832672953956,-0.9946775742982285,0.1301550986557275
Cooling Coil Discharge Air Temperature (°K),22660,6798000.0,-0.1703619494786617,0.151410377753557,0.3217723272322187
Cooling Coil Discharge Air Temperature (°K),22666,6799800.0,0.4225668332863124,0.9648797443518232,0.5423129110655108
Cooling Coil Discharge Air Temperature (°K),22766,6829800.0,0.7479545799256107,0.7443391605185106,0.0036154194071000845
Cooling Coil Discharge Air Temperature (°K),22860,6858000.0,0.8781096785813383,0.9070330338381596,0.028923355256821326
Cooling Coil Discharge Air Temperature (°K),22872,6861600.0,0.8347246456960957,-0.1016689807436978,0.9363936264397935
Cooling Coil Discharge Air Temperature (°K),22876,6862800.0,0.5491065125349193,1.011880196644166,0.4627736841092467
Cooling Coil Discharge Air Temperature (°K),22890,6867000.0,0.3972588974365705,0.1405641195322361,0.25669477790433437
Cooling Coil Discharge Air Temperature (°K),22906,6871800.0,0.2851808958163641,-1.287526546273605,1.572707442089969
Cooling Coil Discharge Air Temperature (°K),22916,6874800.0,-1.0272163489621704,-0.8464453786070002,0.1807709703551702
Cooling Coil Discharge Air Temperature (°K),22958,6887400.0,0.0791019896114724,0.1369487001251359,0.05784671051366351
Cooling Coil Discharge Air Temperature (°K),22972,6891600.0,0.5237985766851979,0.6539536753409254,0.1301550986557275
Cooling Coil Discharge Air Temperature (°K),23054,6916200.0,0.6647999335622258,0.6611845141551257,0.0036154194071000845
Cooling Coil Discharge Air Temperature (°K),23106,6931800.0,0.4840289632070555,0.4767981243928553,0.0072308388142002245
Cooling Coil Discharge Air Temperature (°K),23336,7000800.0,0.3466430257371277,0.3430276063300276,0.0036154194071000845
Cooling Coil Discharge Air Temperature (°K),23506,7051800.0,0.281565476409264,0.2851808958163641,0.0036154194071000845
Cooling Coil Discharge Air Temperature (°K),23702,7110600.0,0.6177994812698832,1.4638076225320915,0.8460081412622084
Cooling Coil Discharge Air Temperature (°K),23706,7111800.0,1.0371881324938872,-0.1595156912573408,1.196703823751228
Cooling Coil Discharge Air Temperature (°K),23716,7114800.0,0.1188716030896148,-0.7524444740222944,0.8713160771119092
Cooling Coil Discharge Air Temperature (°K),23728,7118400.0,-0.7596753128365152,-0.66567440825183,0.09400090458468524
Cooling Coil Discharge Air Temperature (°K),23736,7120800.0,-0.2607474346562469,-0.1739773688857618,0.0867700657704851
Cooling Coil Discharge Air Temperature (°K),23770,7131000.0,-0.0872073031152768,-0.1269769165934192,0.039769613478142396
Cooling Coil Discharge Air Temperature (°K),23780,7134000.0,-0.5572118260387237,-0.6078276977381664,0.050615871699442705
Cooling Coil Discharge Air Temperature (°K),23790,7137000.0,-0.9585233802272066,-0.9946775742982285,0.03615419407102183
Cooling Coil Discharge Air Temperature (°K),23816,7144800.0,-1.0886784788829136,-1.0308317683692707,0.057846710513642874
Cooling Coil Discharge Air Temperature (°K),23826,7147800.0,-0.6512127306234089,-0.6186739559594873,0.03253877466392163
Cooling Coil Discharge Air Temperature (°K),23836,7150800.0,-0.2932862093201684,-0.2715936928775472,0.021692516442621212
Cooling Coil Discharge Air Temperature (°K),23842,7152600.0,0.2056416688600998,0.2454112823382422,0.039769613478142396
Cooling Coil Discharge Air Temperature (°K),23990,7197000.0,0.5852607066059615,1.1528815535211938,0.5676208469152323
Cooling Coil Discharge Air Temperature (°K),24040,7212000.0,0.9938030996086448,1.015495616051266,0.021692516442621268
Cooling Coil Discharge Air Temperature (°K),24058,7217400.0,1.3191908462479431,0.9034176144310596,0.4157732318168835
Cooling Coil Discharge Air Temperature (°K),24110,7233000.0,0.7551854187398109,1.015495616051266,0.2603101973114551
Cooling Coil Discharge Air Temperature (°K),24204,7261200.0,0.6792616111906469,0.6756461917835467,0.0036154194071001955
Cooling Coil Discharge Air Temperature (°K),24244,7273200.0,0.5021060602425766,0.4948752214283764,0.0072308388142002245
Cooling Coil Discharge Air Temperature (°K),24304,7291200.0,0.7660316769611318,0.8021858710321536,0.03615419407102172
Cooling Coil Discharge Air Temperature (°K),24324,7297200.0,1.0914194236004302,-0.3800562750906535,1.4714756986910837
Cooling Coil Discharge Air Temperature (°K),24330,7299000.0,-0.987446735484028,-0.6367510529949879,0.35069568248904004
Cooling Coil Discharge Air Temperature (°K),24362,7308600.0,-0.2137469823639042,-1.912994103702501,1.6992471213385967
Cooling Coil Discharge Air Temperature (°K),24370,7311000.0,-1.2549877716096831,-0.6186739559594873,0.6363138156501958
Cooling Coil Discharge Air Temperature (°K),24378,7313400.0,0.3285659287016066,-0.6620589888447093,0.9906249175463159
Cooling Coil Discharge Air Temperature (°K),24390,7317000.0,-0.2282086599923047,0.053794053761751,0.28200271375405567
Cooling Coil Discharge Air Temperature (°K),24406,7321800.0,0.310488831666106,0.4370285109147129,0.12653967924860687
Cooling Coil Discharge Air Temperature (°K),24468,7340400.0,0.6358765783054043,0.6322611588983041,0.0036154194071001955
Cooling Coil Discharge Air Temperature (°K),24530,7359000.0,0.4081051556578914,0.4044897362507912,0.0036154194071001955
Cooling Coil Discharge Air Temperature (°K),24584,7375200.0,0.6539536753409254,1.5939627211877987,0.9400090458468733
Cooling Coil Discharge Air Temperature (°K),24590,7377000.0,2.056736405297045,1.738579497471947,0.3181569078250981
Cooling Coil Discharge Air Temperature (°K),24594,7378200.0,0.9034176144310596,0.223718765895621,0.6796988485354386
Cooling Coil Discharge Air Temperature (°K),24596,7378800.0,-1.3489886761943686,-1.7719927468254728,0.42300407063110423
Cooling Coil Discharge Air Temperature (°K),24598,7379400.0,-1.7503002303828517,-1.1646022864320982,0.5856979439507535
Cooling Coil Discharge Air Temperature (°K),24644,7393200.0,0.1767183136032783,-1.90214784548118,2.078866159084458
Cooling Coil Discharge Air Temperature (°K),24652,7395600.0,-1.20075648050312,-0.954907960820086,0.2458485196830339
Cooling Coil Discharge Air Temperature (°K),24654,7396200.0,-0.7596753128365152,-0.481288018489539,0.27838729434697623
Cooling Coil Discharge Air Temperature (°K),24672,7401600.0,-0.4125950497545751,-0.5029805349321602,0.0903854851775851
Cooling Coil Discharge Air Temperature (°K),24686,7405800.0,-0.1920544659212829,-0.0980535613365771,0.0940009045847058
Cooling Coil Discharge Air Temperature (°K),24694,7408200.0,0.2743346375950637,0.5744144483846406,0.3000798107895769
Cooling Coil Discharge Air Temperature (°K),24796,7438800.0,0.6431074171196045,0.6394919977125044,0.0036154194071000845
Cooling Coil Discharge Air Temperature (°K),24870,7461000.0,0.8998021950239595,0.9684951637589234,0.06869296873496389
Cooling Coil Discharge Air Temperature (°K),24882,7464600.0,1.2866520715840215,-0.0040526567518919,1.2907047283359134
Cooling Coil Discharge Air Temperature (°K),24888,7466400.0,0.0465632149475508,0.1333332807180358,0.08677006577048499
Cooling Coil Discharge Air Temperature (°K),24896,7468800.0,0.5671836095704405,-1.920224942516701,2.4874085520871416
Cooling Coil Discharge Air Temperature (°K),24902,7470600.0,-1.124832672953956,-0.336671242205411,0.7881614307485449
Cooling Coil Discharge Air Temperature (°K),24916,7474800.0,-0.4487492438256173,-0.5752889230742448,0.12653967924862752
Cooling Coil Discharge Air Temperature (°K),24922,7476600.0,-0.9766004772627072,-1.0380626071834709,0.06146212992076372
Cooling Coil Discharge Air Temperature (°K),24986,7495800.0,-0.8609070562354006,-0.756059893429415,0.1048471628059856
Cooling Coil Discharge Air Temperature (°K),24990,7497000.0,-0.4306721467900962,0.126102441903815,0.5567745886939112
Cooling Coil Discharge Air Temperature (°K),24992,7497600.0,0.3502584451442279,0.4731827049857551,0.12292425984152722
Cooling Coil Discharge Air Temperature (°K),25150,7545000.0,0.6033378036414827,0.6033378036414827,0.0
Cooling Coil Discharge Air Temperature (°K),25384,7615200.0,0.38279721980817,0.3791818004010699,0.0036154194071000845
Cooling Coil Discharge Air Temperature (°K),25566,7669800.0,0.1658720553819574,0.1622566359748573,0.0036154194071001122
Cooling Coil Discharge Air Temperature (°K),25718,7715400.0,0.2562575405595426,0.9576489055376024,0.7013913649780599
Cooling Coil Discharge Air Temperature (°K),25726,7717800.0,1.1492661341140935,1.0408035519009873,0.10846258221310623
Cooling Coil Discharge Air Temperature (°K),25802,7740600.0,0.9576489055376024,-1.992533330658765,2.950182236196367
Cooling Coil Discharge Air Temperature (°K),25808,7742400.0,-1.3815274508582902,-0.9476771220058856,0.4338503288524046
Cooling Coil Discharge Air Temperature (°K),25814,7744200.0,-0.0257451731945131,0.6394919977125044,0.6652371709070175
Cooling Coil Discharge Air Temperature (°K),25820,7746000.0,1.2758058133627006,-1.89491700666698,3.1707228200296806
Cooling Coil Discharge Air Temperature (°K),25828,7748400.0,-1.37068119263699,-1.139294350582377,0.23138684205461302
Cooling Coil Discharge Air Temperature (°K),25834,7750200.0,-0.6801360858802304,0.2996425734447851,0.9797786593250155
Cooling Coil Discharge Air Temperature (°K),25840,7752000.0,1.3553450403189853,-1.9780716530303648,3.33341669334935
Cooling Coil Discharge Air Temperature (°K),25848,7754400.0,-1.110370995325535,-0.4993651155250601,0.6110058798004749
Cooling Coil Discharge Air Temperature (°K),25854,7756200.0,0.4912598020212763,0.91064845324526,0.4193886512239837
Cooling Coil Discharge Air Temperature (°K),25860,7758000.0,1.1962665864064363,-1.9780716530303648,3.174338239436801
Cooling Coil Discharge Air Temperature (°K),25886,7765800.0,-1.7358385527544309,-1.7286077139402305,0.007230838814200391
Cooling Coil Discharge Air Temperature (°K),26006,7801800.0,-1.128448092361056,-0.4342875661971964,0.6941605261638597
Cooling Coil Discharge Air Temperature (°K),26014,7804200.0,0.3032579928518852,0.3538738645513485,0.0506158716994633
Cooling Coil Discharge Air Temperature (°K),26024,7807200.0,0.8961867756168593,0.9648797443518232,0.06869296873496389
Cooling Coil Discharge Air Temperature (°K),26032,7809600.0,1.4384996866823705,1.5035772360102135,0.06507754932784304
Cooling Coil Discharge Air Temperature (°K),26044,7813200.0,1.1818049087780154,0.91787929205946,0.2639256167185554
Cooling Coil Discharge Air Temperature (°K),26048,7814400.0,1.1058811012288512,-1.829839457339116,2.935720558567967
Cooling Coil Discharge Air Temperature (°K),26060,7818000.0,-1.587606357063182,-1.5225288077353387,0.06507754932784326
Cooling Coil Discharge Air Temperature (°K),26144,7843200.0,-0.9621387996343068,-0.8175220233501582,0.1446167762841486
Cooling Coil Discharge Air Temperature (°K),26148,7844400.0,-0.0727456254868558,0.0574094731688511,0.1301550986557069
Cooling Coil Discharge Air Temperature (°K),26294,7888200.0,0.527413996092298,0.91426387265236,0.386849876560062
Cooling Coil Discharge Air Temperature (°K),26318,7895400.0,1.1962665864064363,1.3481142015047851,0.15184761509834876
Cooling Coil Discharge Air Temperature (°K),26320,7896000.0,-0.568058084260024,-1.970840814216144,1.40278272995612
Cooling Coil Discharge Air Temperature (°K),26332,7899600.0,-1.6707610034265667,-1.5984526152845029,0.07230838814206386
Cooling Coil Discharge Air Temperature (°K),26436,7930800.0,-0.9476771220058856,-0.8283682815714791,0.11930884043440648
Cooling Coil Discharge Air Temperature (°K),26442,7932600.0,-0.3728254362764532,-0.3149787257627897,0.057846710513663524
Cooling Coil Discharge Air Temperature (°K),26582,7974600.0,0.1477949583464363,0.7877241934037531,0.6399292350573168
Cooling Coil Discharge Air Temperature (°K),26614,7984200.0,0.4081051556578914,-1.916609523109601,2.324714678767492
Cooling Coil Discharge Air Temperature (°K),26626,7987800.0,-1.7322231333473306,-1.6562993257981458,0.07592380754918482
Cooling Coil Discharge Air Temperature (°K),26728,8018400.0,-1.160986867024998,-1.0669859624402924,0.09400090458470567
Cooling Coil Discharge Air Temperature (°K),26738,8021400.0,-0.6729052470660302,-0.6584435694376092,0.014461677628420988
Cooling Coil Discharge Air Temperature (°K),26870,8061000.0,-0.0004372373447917,1.0914194236004302,1.0918566609452218
Cooling Coil Discharge Air Temperature (°K),26876,8062800.0,0.6214149006769832,0.3177196704803062,0.30369523019667705
Cooling Coil Discharge Air Temperature (°K),26880,8064000.0,0.4261822526934125,-0.9982929937053284,1.424475246398741
Cooling Coil Discharge Air Temperature (°K),26888,8066400.0,-1.5984526152845029,-1.461066677814575,0.13738593746992778
Cooling Coil Discharge Air Temperature (°K),26904,8071200.0,-1.20075648050312,-1.2224489969457413,0.02169251644262138
Cooling Coil Discharge Air Temperature (°K),27016,8104800.0,-1.1790639640604987,-1.0886784788829136,0.09038548517758516
Cooling Coil Discharge Air Temperature (°K),27024,8107200.0,-0.7524444740222944,-0.7307519575796732,0.021692516442621268
Cooling Coil Discharge Air Temperature (°K),27256,8176800.0,-0.351132919833832,-0.3475175004267319,0.0036154194071000845
Cooling Coil Discharge Air Temperature (°K),27502,8250600.0,0.0140244402836086,0.0176398596907293,0.0036154194071207017
Cooling Coil Discharge Air Temperature (°K),27556,8266800.0,0.2779500570021638,0.281565476409264,0.0036154194071001955
Cooling Coil Discharge Air Temperature (°K),27734,8320200.0,0.8238783874747748,1.7819645303571896,0.9580861428824148
Cooling Coil Discharge Air Temperature (°K),27740,8322000.0,1.3698067179473858,-0.7813678292791365,2.1511745472265225
Cooling Coil Discharge Air Temperature (°K),27880,8364000.0,-1.287526546273605,-1.215218158131541,0.07230838814206386
Cooling Coil Discharge Air Temperature (°K),27890,8367000.0,-0.8789841532709218,-0.8609070562354006,0.018077097035521184
Cooling Coil Discharge Air Temperature (°K),27952,8385600.0,-0.4451338244185173,-0.4415184050114171,0.0036154194071001955
Cooling Coil Discharge Air Temperature (°K),28022,8406600.0,0.4442593497289336,1.575885624152298,1.1316262744233645
Cooling Coil Discharge Air Temperature (°K),28026,8407800.0,1.640963173480141,0.1984108300458996,1.4425523434342415
Cooling Coil Discharge Air Temperature (°K),28028,8408400.0,-1.5550675823992604,-1.7249922945331098,0.1699247121338494
Cooling Coil Discharge Air Temperature (°K),28038,8411400.0,-1.5659138406205606,-1.5297596465495389,0.03615419407102172
Cooling Coil Discharge Air Temperature (°K),28168,8450400.0,-0.8789841532709218,-0.7777524098720363,0.10123174339888552
Cooling Coil Discharge Air Temperature (°K),28176,8452800.0,-0.3800562750906535,-0.351132919833832,0.028923355256821492
Cooling Coil Discharge Air Temperature (°K),28220,8466000.0,-0.0691302060797556,-0.0655147866726555,0.0036154194071000983
Cooling Coil Discharge Air Temperature (°K),28310,8493000.0,0.6901078694119471,1.7277332392506262,1.037625369838679
Cooling Coil Discharge Air Temperature (°K),28314,8494200.0,1.5650393659309771,-1.938302039552222,3.503341405483199
Cooling Coil Discharge Air Temperature (°K),28326,8497800.0,-1.6418376481697454,-1.5586830018063604,0.08315464636338499
Cooling Coil Discharge Air Temperature (°K),28446,8533800.0,-1.070601381847413,-0.969369638448507,0.10123174339890595
Cooling Coil Discharge Air Temperature (°K),28456,8536800.0,-0.094438141929477,-0.0293605926016132,0.0650775493278638
Cooling Coil Discharge Air Temperature (°K),28598,8579400.0,0.5671836095704405,1.279421232769801,0.7122376231993605
Cooling Coil Discharge Air Temperature (°K),28604,8581200.0,0.8528017427316169,0.3466430257371277,0.5061587169944892
Cooling Coil Discharge Air Temperature (°K),28616,8584800.0,0.8058012904392743,-1.9238403619238007,2.729641652363075
Cooling Coil Discharge Air Temperature (°K),28624,8587200.0,-1.7539156497899515,-1.5984526152845029,0.15546303450544863
Cooling Coil Discharge Air Temperature (°K),28740,8622000.0,-0.8175220233501582,-0.4921342767108599,0.3253877466392983
Cooling Coil Discharge Air Temperature (°K),28746,8623800.0,-0.1161306583720983,-0.0763610448939764,0.0397696134781219
Cooling Coil Discharge Air Temperature (°K),28886,8665800.0,0.3719509615868491,1.1890357475922155,0.8170847860053665
Cooling Coil Discharge Air Temperature (°K),28890,8667000.0,1.5831164629664982,1.102265681821751,0.4808507811447471
Cooling Coil Discharge Air Temperature (°K),28892,8667600.0,0.1333332807180358,-0.1956698853283831,0.3290031660464189
Cooling Coil Discharge Air Temperature (°K),28900,8670000.0,-0.1775927882928619,-1.9889179112516648,1.811325122958803
Cooling Coil Discharge Air Temperature (°K),28910,8673000.0,-1.4719129360358754,-1.3634503538227691,0.10846258221310623
Cooling Coil Discharge Air Temperature (°K),28962,8688600.0,-1.0959093176971344,-1.1682177058391985,0.07230838814206408
Cooling Coil Discharge Air Temperature (°K),29034,8710200.0,-0.8862149920851221,-0.8283682815714791,0.057846710513642985
Cooling Coil Discharge Air Temperature (°K),29200,8760000.0,-0.3800562750906535,-0.3764408556835534,0.0036154194071000845
Cooling Coil Discharge Air Temperature (°K),29252,8775600.0,-0.1667465300715616,-0.1595156912573408,0.007230838814220791
Cooling Coil Discharge Air Temperature (°K),29292,8787600.0,0.068255731390172,0.0754865702043723,0.007230838814200294
Cooling Coil Discharge Air Temperature (°K),29336,8800800.0,0.2887963152234847,0.2924117346305849,0.0036154194071001955
Cooling Coil Discharge Air Temperature (°K),29412,8823600.0,0.4804135437999554,0.4840289632070555,0.00361541940710014
Cooling Coil Discharge Air Temperature (°K),29526,8857800.0,0.7190312246687892,0.7262620634829895,0.00723083881420028
Cooling Coil Discharge Air Temperature (°K),29588,8876400.0,1.0046493578299451,1.0082647772370452,0.0036154194071000845
Cooling Coil Discharge Air Temperature (°K),29750,8925000.0,1.507192655417334,2.262815311501937,0.7556226560846029
Cooling Coil Discharge Air Temperature (°K),29752,8925600.0,2.259199892094837,1.1275736176714724,1.1316262744233645
Cooling Coil Discharge Air Temperature (°K),29754,8926200.0,1.0408035519009873,1.0661114877507087,0.025307935849721463
Cooling Coil Discharge Air Temperature (°K),29756,8926800.0,0.0429477955404507,-1.1356789311752562,1.178626726715707
Cooling Coil Discharge Air Temperature (°K),29776,8932800.0,-0.8319837009785792,-0.7813678292791365,0.050615871699442705
Cooling Coil Discharge Air Temperature (°K),29802,8940600.0,-0.4885188573037597,-0.5789043424813449,0.09038548517758521
Cooling Coil Discharge Air Temperature (°K),29810,8943000.0,-1.0380626071834709,-1.0995247371042345,0.06146212992076361
Cooling Coil Discharge Air Temperature (°K),29894,8968200.0,-1.128448092361056,-0.9910621548911284,0.13738593746992767
Cooling Coil Discharge Air Temperature (°K),29898,8969400.0,-0.6982131829157515,-0.6295202141807876,0.06869296873496389
Cooling Coil Discharge Air Temperature (°K),29912,8973600.0,-0.2715936928775472,-0.264362854063347,0.0072308388142002245
Cooling Coil Discharge Air Temperature (°K),30038,9011400.0,0.4044897362507912,1.4276534284610494,1.0231636922102583
Cooling Coil Discharge Air Temperature (°K),30044,9013200.0,1.015495616051266,-0.9042920891206432,1.9197877051719092
Cooling Coil Discharge Air Temperature (°K),30054,9016200.0,-1.287526546273605,-1.132063511768156,0.15546303450544907
Cooling Coil Discharge Air Temperature (°K),30084,9025200.0,-1.0922938982900137,-1.1573714476178776,0.06507754932786391
Cooling Coil Discharge Air Temperature (°K),30182,9054600.0,-1.0272163489621704,-0.9223691861561644,0.10484716280600603
Cooling Coil Discharge Air Temperature (°K),30326,9097800.0,0.0176398596907293,1.0480343907151877,1.0303945310244584
Cooling Coil Discharge Air Temperature (°K),30332,9099600.0,0.4587210273573341,0.2092570882671999,0.2494639390901342
Cooling Coil Discharge Air Temperature (°K),30336,9100800.0,0.4261822526934125,0.5129523184638975,0.08677006577048507
Cooling Coil Discharge Air Temperature (°K),30338,9101400.0,-1.6996843586833883,-1.9093786842954008,0.2096943256120125
Cooling Coil Discharge Air Temperature (°K),30342,9102600.0,-1.7864544244538734,-1.623760551134224,0.16269387331964946
Cooling Coil Discharge Air Temperature (°K),30358,9107400.0,-1.2332952551670622,-1.2622186104238835,0.028923355256821326
Cooling Coil Discharge Air Temperature (°K),30472,9141600.0,-1.2260644163528414,-1.1573714476178776,0.06869296873496378
Cooling Coil Discharge Air Temperature (°K),30614,9184200.0,-0.2282086599923047,0.9612643249447026,1.1894729849370074
Cooling Coil Discharge Air Temperature (°K),30620,9186000.0,1.3698067179473858,1.073342326564909,0.29646439138247693
Cooling Coil Discharge Air Temperature (°K),30624,9187200.0,-0.1920544659212829,-1.8768399096314583,1.6847854437101755
Cooling Coil Discharge Air Temperature (°K),30634,9190200.0,-1.620145131727124,-1.5369904853637393,0.08315464636338477
Cooling Coil Discharge Air Temperature (°K),30760,9228000.0,-1.0814476400687134,-1.009139251926649,0.0723083881420643
Cooling Coil Discharge Air Temperature (°K),30902,9270600.0,-0.0980535613365771,1.1456507147069936,1.2437042760435708
Cooling Coil Discharge Air Temperature (°K),30908,9272400.0,0.9070330338381596,0.8491863233244962,0.05784671051366341
Cooling Coil Discharge Air Temperature (°K),30910,9273000.0,-1.692453519869188,-1.9274557813309008,0.23500226146171288
Cooling Coil Discharge Air Temperature (°K),30918,9275400.0,-1.4212970643364329,-1.211602738724441,0.20969432561199186
Cooling Coil Discharge Air Temperature (°K),30946,9283800.0,-1.1646022864320982,-1.2079873193173407,0.043385032885242536
Cooling Coil Discharge Air Temperature (°K),31032,9309600.0,-1.0199855101479498,-0.8753687338638217,0.14461677628412806
Cooling Coil Discharge Air Temperature (°K),31044,9313200.0,-0.4198258885687959,-0.4306721467900962,0.010846258221300309
Cooling Coil Discharge Air Temperature (°K),31052,9315600.0,0.0827174090185931,0.1116407642754146,0.028923355256821492
Cooling Coil Discharge Air Temperature (°K),31242,9372600.0,0.4659518661715344,0.469567285578655,0.0036154194071206236
Cooling Coil Discharge Air Temperature (°K),31298,9389400.0,0.610568642455683,0.6141840618627831,0.0036154194071000845
Cooling Coil Discharge Air Temperature (°K),31714,9514200.0,0.6431074171196045,0.6394919977125044,0.0036154194071000845
Cooling Coil Discharge Air Temperature (°K),31766,9529800.0,0.758800838146911,1.402345492611328,0.6435446544644169
Cooling Coil Discharge Air Temperature (°K),31770,9531000.0,0.7804933545895323,-0.756059893429415,1.5365532480189472
Cooling Coil Discharge Air Temperature (°K),31790,9537000.0,-0.1197460777791984,0.1622566359748573,0.2820027137540557
Cooling Coil Discharge Air Temperature (°K),31796,9538800.0,0.4623364467644342,0.5816452871988614,0.11930884043442724
Cooling Coil Discharge Air Temperature (°K),31850,9555000.0,0.7913396128108532,-1.5731446794347814,2.364484292245635
Cooling Coil Discharge Air Temperature (°K),31856,9556800.0,-0.7632907322436153,-0.5499809872245028,0.21330974501911248
Cooling Coil Discharge Air Temperature (°K),31886,9565800.0,-0.1305923360005193,0.1369487001251359,0.2675410361256552
Cooling Coil Discharge Air Temperature (°K),31894,9568200.0,0.610568642455683,0.8600325815458171,0.2494639390901341
Cooling Coil Discharge Air Temperature (°K),32054,9616200.0,0.8347246456960957,1.3228062656550432,0.4880816199589475
Cooling Coil Discharge Air Temperature (°K),32060,9618000.0,0.6177994812698832,-0.0148989149732128,0.632698396243096
Cooling Coil Discharge Air Temperature (°K),32064,9619200.0,0.7877241934037531,1.232420780477458,0.44469658707370496
Cooling Coil Discharge Air Temperature (°K),32068,9620400.0,1.3951146537971275,1.243267038698779,0.15184761509834854
Cooling Coil Discharge Air Temperature (°K),32368,9710400.0,1.156496972928294,1.2360361998845786,0.07953922695628468
Cooling Coil Discharge Air Temperature (°K),32370,9711000.0,-1.291141965680705,-1.8189931991178157,0.5278512334371106
Cooling Coil Discharge Air Temperature (°K),32380,9714000.0,-1.4357587419648536,-1.37429661204409,0.06146212992076361
Cooling Coil Discharge Air Temperature (°K),32386,9715800.0,-0.9079075085277434,-0.8066757651288579,0.10123174339888552
Cooling Coil Discharge Air Temperature (°K),32402,9720600.0,-1.009139251926649,-1.070601381847413,0.06146212992076383
Cooling Coil Discharge Air Temperature (°K),32478,9743400.0,-1.1356789311752562,-1.0163700907408495,0.1193088404344067
Cooling Coil Discharge Air Temperature (°K),32482,9744600.0,-0.3041324675414893,0.068255731390172,0.3723881989316613
Cooling Coil Discharge Air Temperature (°K),32630,9789000.0,0.7262620634829895,1.402345492611328,0.6760834291283384
Cooling Coil Discharge Air Temperature (°K),32634,9790200.0,1.4999618166031132,0.6901078694119471,0.8098539471911661
Cooling Coil Discharge Air Temperature (°K),32636,9790800.0,0.0140244402836086,-0.2101315629567835,0.22415600324039212
Cooling Coil Discharge Air Temperature (°K),32644,9793200.0,-1.1067555759184349,-1.967225394809044,0.860469818890609
Cooling Coil Discharge Air Temperature (°K),32652,9795600.0,-1.5912217764703027,-1.515297968921118,0.07592380754918482
Cooling Coil Discharge Air Temperature (°K),32774,9832200.0,-1.0669859624402924,-0.9585233802272066,0.1084625822130858
Cooling Coil Discharge Air Temperature (°K),32786,9835800.0,-0.5138267931534811,-0.4993651155250601,0.014461677628421044
Cooling Coil Discharge Air Temperature (°K),32918,9875400.0,0.1767183136032783,1.2649595551414,1.0882412415381215
Cooling Coil Discharge Air Temperature (°K),32924,9877200.0,0.8600325815458171,0.8600325815458171,0.0
Cooling Coil Discharge Air Temperature (°K),32926,9877800.0,-1.5261442271424388,-1.992533330658765,0.4663891035163261
Cooling Coil Discharge Air Temperature (°K),32936,9880800.0,-1.6418376481697454,-1.4755283554429754,0.16630929272676997
Cooling Coil Discharge Air Temperature (°K),33066,9919800.0,-0.9729850578556072,-0.915138347341964,0.05784671051364321
Cooling Coil Discharge Air Temperature (°K),33106,9931800.0,-0.481288018489539,-0.4776725990824388,0.0036154194071001955
Cooling Coil Discharge Air Temperature (°K),33190,9957000.0,-0.2752091122846473,-0.2715936928775472,0.0036154194071000845
Cooling Coil Discharge Air Temperature (°K),33262,9978600.0,-0.0655147866726555,-0.0618993672655554,0.0036154194071001053
Cooling Coil Discharge Air Temperature (°K),33318,9995400.0,0.151410377753557,0.1550257971606571,0.0036154194071000845
Cooling Coil Discharge Air Temperature (°K),33378,10013400.0,0.3466430257371277,0.3502584451442279,0.0036154194071001955
Cooling Coil Discharge Air Temperature (°K),33522,10056600.0,0.5599527707562402,0.5635681901633403,0.0036154194071000845
Cooling Coil Discharge Air Temperature (°K),33582,10074600.0,0.7804933545895323,0.7877241934037531,0.007230838814220819
Cooling Coil Discharge Air Temperature (°K),33676,10102800.0,1.0408035519009873,1.0444189713080876,0.0036154194071003065
Cooling Coil Discharge Air Temperature (°K),33782,10134600.0,1.510808074824434,2.2230456980237943,0.7122376231993603
Cooling Coil Discharge Air Temperature (°K),33784,10135200.0,2.367662474307943,2.1579681486959306,0.2096943256120123
Cooling Coil Discharge Air Temperature (°K),33786,10135800.0,-1.4502204195932542,-1.7069151974976091,0.2566947779043549
Cooling Coil Discharge Air Temperature (°K),33796,10138800.0,-1.583990937656082,-1.533375065956639,0.05061587169944293
Cooling Coil Discharge Air Temperature (°K),33832,10149600.0,-1.0633705430331923,-0.9259846055632645,0.1373859374699279
Cooling Coil Discharge Air Temperature (°K),33836,10150800.0,-0.5029805349321602,-0.3872871139048537,0.11569342102730651
Cooling Coil Discharge Air Temperature (°K),33870,10161000.0,-0.1631311106644409,-0.2029007241425833,0.039769613478142424
Cooling Coil Discharge Air Temperature (°K),33878,10163400.0,-0.5355193095961024,-0.5789043424813449,0.043385032885242536
Cooling Coil Discharge Air Temperature (°K),33884,10165200.0,-1.041678026590571,-1.1067555759184349,0.06507754932786391
Cooling Coil Discharge Air Temperature (°K),33932,10179600.0,-0.897061250306443,-0.8500607980141004,0.04700045229234262
Cooling Coil Discharge Air Temperature (°K),33984,10195200.0,-0.3872871139048537,-0.3836716944977536,0.0036154194071000845
Cooling Coil Discharge Air Temperature (°K),34030,10209000.0,-0.1305923360005193,-0.1233614971863191,0.007230838814200211
Cooling Coil Discharge Air Temperature (°K),34070,10221000.0,0.527413996092298,1.4999618166031132,0.9725478205108152
Cooling Coil Discharge Air Temperature (°K),34074,10222200.0,1.4457305254965704,0.9938030996086448,0.45192742588792567
Cooling Coil Discharge Air Temperature (°K),34076,10222800.0,0.8166475486605745,0.7985704516250535,0.018077097035521072
Cooling Coil Discharge Air Temperature (°K),34078,10223400.0,-1.844301134967537,-1.9238403619238007,0.07953922695626381
Cooling Coil Discharge Air Temperature (°K),34086,10225800.0,-1.1031401565113346,-0.8789841532709218,0.22415600324041274
Cooling Coil Discharge Air Temperature (°K),34154,10246200.0,-0.2390549182136256,-0.2173624017710043,0.021692516442621296
Cooling Coil Discharge Air Temperature (°K),34190,10257000.0,0.0718711507972722,0.0899482478327933,0.0180770970355211
Cooling Coil Discharge Air Temperature (°K),34214,10264200.0,0.3611047033655488,0.3972588974365705,0.03615419407102172
Cooling Coil Discharge Air Temperature (°K),34358,10307400.0,0.8311092262889956,1.6120398182233198,0.7809305919343241
Cooling Coil Discharge Air Temperature (°K),34362,10308600.0,1.3625758791331857,1.073342326564909,0.28923355256827676
Cooling Coil Discharge Air Temperature (°K),34368,10310400.0,0.9359563890949812,-1.963609975401944,2.899566364496925
Cooling Coil Discharge Air Temperature (°K),34374,10312200.0,-1.4032199673009116,-1.02360092955505,0.3796190377458615
Cooling Coil Discharge Air Temperature (°K),34380,10314000.0,-0.3692100168693326,0.5780298677917408,0.9472398846610735
Cooling Coil Discharge Air Temperature (°K),34384,10315200.0,1.4818847195675922,1.572270204745177,0.09038548517758493
Cooling Coil Discharge Air Temperature (°K),34386,10315800.0,-1.587606357063182,-1.8587628125959372,0.27115645553275525
Cooling Coil Discharge Air Temperature (°K),34398,10319400.0,-1.5659138406205606,-1.5225288077353387,0.043385032885221886
Cooling Coil Discharge Air Temperature (°K),34502,10350600.0,-1.301988223902026,-1.1646022864320982,0.13738593746992778
Cooling Coil Discharge Air Temperature (°K),34510,10353000.0,-0.6331356335878878,-0.5969814395168661,0.03615419407102172
Cooling Coil Discharge Air Temperature (°K),34548,10364400.0,-0.2860553705059682,-0.2824399510988681,0.0036154194071000845
Cooling Coil Discharge Air Temperature (°K),34592,10377600.0,-0.1016689807436978,-0.0980535613365771,0.003615419407120707
Cooling Coil Discharge Air Temperature (°K),34646,10393800.0,0.5382602543136189,1.648194012294362,1.109933757980743
Cooling Coil Discharge Air Temperature (°K),34650,10395000.0,1.96635092011946,-1.963609975401944,3.929960895521404
Cooling Coil Discharge Air Temperature (°K),34660,10398000.0,-1.6996843586833883,-1.605683454098703,0.09400090458468524
Cooling Coil Discharge Air Temperature (°K),34792,10437600.0,-1.215218158131541,-1.139294350582377,0.07592380754916417
Cooling Coil Discharge Air Temperature (°K),34934,10480200.0,-0.108899819557898,1.160112392335394,1.269012211893292
Cooling Coil Discharge Air Temperature (°K),34940,10482000.0,1.0082647772370452,1.0661114877507087,0.057846710513663524
Cooling Coil Discharge Air Temperature (°K),34942,10482600.0,-1.920224942516701,-1.970840814216144,0.05061587169944293
Cooling Coil Discharge Air Temperature (°K),34952,10485600.0,-1.5731446794347814,-1.4936054524784967,0.07953922695628468
Cooling Coil Discharge Air Temperature (°K),35082,10524600.0,-1.0850630594758135,-1.02360092955505,0.061462129920763386
Cooling Coil Discharge Air Temperature (°K),35260,10578000.0,-0.6331356335878878,-0.6295202141807876,0.0036154194071001955
Cooling Coil Discharge Air Temperature (°K),35296,10588800.0,-0.437902985604317,-0.4342875661971964,0.0036154194071206236
Cooling Coil Discharge Air Temperature (°K),35356,10606800.0,-0.2029007241425833,-0.1992853047354832,0.0036154194071001122
Cooling Coil Discharge Air Temperature (°K),35402,10620600.0,-0.036591431415834,-0.0329760120087339,0.0036154194071000983
Cooling Coil Discharge Air Temperature (°K),35506,10651800.0,0.1803337330103784,0.1875645718245787,0.007230838814200308
Cooling Coil Discharge Air Temperature (°K),35556,10666800.0,0.4225668332863124,0.4261822526934125,0.0036154194071000845
Cooling Coil Discharge Air Temperature (°K),35602,10680600.0,0.6177994812698832,0.6214149006769832,0.0036154194071000845
Cooling Coil Discharge Air Temperature (°K),35646,10693800.0,0.7949550322179534,0.7985704516250535,0.0036154194071000845
Cooling Coil Discharge Air Temperature (°K),35708,10712400.0,0.9395718085020812,0.943187227909202,0.0036154194071207346
Cooling Coil Discharge Air Temperature (°K),35796,10738800.0,1.08780400419333,1.08780400419333,0.0
Cooling Coil Discharge Air Temperature (°K),35798,10739400.0,1.489115558381813,2.378508732529244,0.889393174147431
Cooling Coil Discharge Air Temperature (°K),35800,10740000.0,2.580972219327035,2.2375073756522155,0.34346484367481933
Cooling Coil Discharge Air Temperature (°K),35802,10740600.0,-0.6114431171452666,-1.0308317683692707,0.41938865122400415
Cooling Coil Discharge Air Temperature (°K),35858,10757400.0,-0.8825995726780219,-0.6512127306234089,0.23138684205461302
Cooling Coil Discharge Air Temperature (°K),35908,10772400.0,-0.423441307975896,-0.4740571796753388,0.05061587169944276
Cooling Coil Discharge Air Temperature (°K),35944,10783200.0,-0.2390549182136256,-0.1703619494786617,0.06869296873496389
Cooling Coil Discharge Air Temperature (°K),36084,10825200.0,0.2309496047098212,0.2309496047098212,0.0
Cooling Coil Discharge Air Temperature (°K),36086,10825800.0,0.6069532230485828,1.492730977788913,0.8857777547403303
Cooling Coil Discharge Air Temperature (°K),36090,10827000.0,1.5975781405949192,0.2454112823382422,1.352166858256677
Cooling Coil Discharge Air Temperature (°K),36098,10829400.0,0.1984108300458996,-1.6960689392762882,1.8944797693221878
Cooling Coil Discharge Air Temperature (°K),36108,10832400.0,-1.1176018341397556,-0.8862149920851221,0.23138684205463345
Cooling Coil Discharge Air Temperature (°K),36112,10833600.0,-0.4451338244185173,-0.351132919833832,0.0940009045846853
Cooling Coil Discharge Air Temperature (°K),36134,10840200.0,-0.2824399510988681,-0.3402866616125111,0.057846710513642985
Cooling Coil Discharge Air Temperature (°K),36140,10842000.0,-0.7162902799512727,-0.7885986680933367,0.07230838814206397
Cooling Coil Discharge Air Temperature (°K),36146,10843800.0,-1.110370995325535,-1.1682177058391985,0.057846710513663524
Cooling Coil Discharge Air Temperature (°K),36222,10866600.0,-1.0055238325195492,-0.8898304114922427,0.11569342102730651
Cooling Coil Discharge Air Temperature (°K),36228,10868400.0,-0.0799764643010765,0.053794053761751,0.1337705180628275
Cooling Coil Discharge Air Temperature (°K),36374,10912200.0,0.6467228365267047,1.3047291686195426,0.6580063320928379
Cooling Coil Discharge Air Temperature (°K),36378,10913400.0,1.554193107709677,0.9721105831660236,0.5820825245436533
Cooling Coil Discharge Air Temperature (°K),36384,10915200.0,0.5924915454201618,-1.9238403619238007,2.5163319073439627
Cooling Coil Discharge Air Temperature (°K),36394,10918200.0,-1.5622984212134603,-1.3309115791588475,0.2313868420546128
Cooling Coil Discharge Air Temperature (°K),36406,10921800.0,-1.1537560282107773,-1.211602738724441,0.057846710513663746
Cooling Coil Discharge Air Temperature (°K),36520,10956000.0,-1.142909769989477,-1.041678026590571,0.10123174339890606
Cooling Coil Discharge Air Temperature (°K),36524,10957200.0,-0.8283682815714791,-0.7777524098720363,0.050615871699442816
Cooling Coil Discharge Air Temperature (°K),36662,10998600.0,0.126102441903815,1.3481142015047851,1.22201175960097
Cooling Coil Discharge Air Temperature (°K),36666,10999800.0,1.828964982649532,1.6698865287369833,0.1590784539125487
Cooling Coil Discharge Air Temperature (°K),36668,11000400.0,-1.8840707484456796,-1.9563791365877432,0.07230838814206364
Cooling Coil Discharge Air Temperature (°K),36680,11004000.0,-1.602068034691603,-1.4682975166287753,0.1337705180628277
Cooling Coil Discharge Air Temperature (°K),36686,11005800.0,-0.4415184050114171,-0.3149787257627897,0.1265396792486274
Cooling Coil Discharge Air Temperature (°K),36694,11008200.0,0.3068734122589853,0.3864126392152701,0.07953922695628479
Cooling Coil Discharge Air Temperature (°K),36730,11019000.0,0.2092570882671999,0.1767183136032783,0.032538774663921605
Cooling Coil Discharge Air Temperature (°K),36744,11023200.0,-0.2824399510988681,-0.3149787257627897,0.03253877466392158
Cooling Coil Discharge Air Temperature (°K),36814,11044200.0,-0.2029007241425833,-0.1703619494786617,0.032538774663921605
Cooling Coil Discharge Air Temperature (°K),36950,11085000.0,0.686492450004847,1.7277332392506262,1.0412407892457791
Cooling Coil Discharge Air Temperature (°K),36952,11085600.0,2.244738214466416,2.2881232473516584,0.043385032885242314
Cooling Coil Discharge Air Temperature (°K),36954,11086200.0,-1.3092190627162263,-1.9889179112516648,0.6796988485354385
Cooling Coil Discharge Air Temperature (°K),36966,11089800.0,-1.6779918422407671,-1.5080671301069175,0.16992471213384963
Cooling Coil Discharge Air Temperature (°K),37096,11128800.0,-1.1754485446533989,-1.0959093176971344,0.07953922695626447
Cooling Coil Discharge Air Temperature (°K),37102,11130600.0,-0.8247528621643789,-0.7922140875004368,0.03253877466394217
Cooling Coil Discharge Air Temperature (°K),37150,11145000.0,-0.3185941451698899,-0.3149787257627897,0.0036154194071001955
Cooling Coil Discharge Air Temperature (°K),37216,11164800.0,0.0393323761333506,0.0429477955404507,0.0036154194071001053
Cooling Coil Discharge Air Temperature (°K),37268,11180400.0,0.3249505092945065,0.3321813481087273,0.007230838814220819
Cooling Coil Discharge Air Temperature (°K),37318,11195400.0,0.6177994812698832,0.6214149006769832,0.0036154194071000845
Cooling Coil Discharge Air Temperature (°K),37580,11274000.0,0.91064845324526,0.91426387265236,0.0036154194070999734
Cooling Coil Discharge Air Temperature (°K),37814,11344200.0,1.3734221373545064,2.089275179960967,0.7158530426064604
Cooling Coil Discharge Air Temperature (°K),37818,11345400.0,1.4240380090539493,0.1586412165677572,1.2653967924861922
Cooling Coil Discharge Air Temperature (°K),37820,11346000.0,-1.1790639640604987,-1.392373709079611,0.21330974501911237
Cooling Coil Discharge Air Temperature (°K),37880,11364000.0,-1.1501406088036772,-1.0742168012545132,0.07592380754916395
Cooling Coil Discharge Air Temperature (°K),37918,11375400.0,-0.7922140875004368,-0.8283682815714791,0.03615419407104237
Cooling Coil Discharge Air Temperature (°K),37960,11388000.0,-0.4487492438256173,-0.3619791780551323,0.08677006577048502
Cooling Coil Discharge Air Temperature (°K),37972,11391600.0,0.0248706985049295,0.0393323761333506,0.014461677628421096
Cooling Coil Discharge Air Temperature (°K),38102,11430600.0,0.625030320084104,1.5505776883025562,0.9255473682184522
Cooling Coil Discharge Air Temperature (°K),38108,11432400.0,1.0588806489365086,-1.6273759705413244,2.686256619477833
Cooling Coil Discharge Air Temperature (°K),38116,11434800.0,-1.7105306169047092,-1.5912217764703027,0.11930884043440648
Cooling Coil Discharge Air Temperature (°K),38248,11474400.0,-1.1718331252462986,-1.0742168012545132,0.09761632399178533
Cooling Coil Discharge Air Temperature (°K),38270,11481000.0,-0.4523646632327175,-0.4451338244185173,0.0072308388142002245
Cooling Coil Discharge Air Temperature (°K),38390,11517000.0,0.38279721980817,1.561423946523877,1.1786267267157071
Cooling Coil Discharge Air Temperature (°K),38394,11518200.0,1.926581306641317,-1.6707610034265667,3.5973423100678836
Cooling Coil Discharge Air Temperature (°K),38404,11521200.0,-1.692453519869188,-1.616529712320024,0.07592380754916395
Cooling Coil Discharge Air Temperature (°K),38536,11560800.0,-1.2369106745741625,-1.160986867024998,0.07592380754916439
Cooling Coil Discharge Air Temperature (°K),38548,11564400.0,-0.7452136352080941,-0.7271365381725731,0.018077097035521072
Cooling Coil Discharge Air Temperature (°K),38678,11603400.0,0.1875645718245787,1.637347754073041,1.4497831822484624
Cooling Coil Discharge Air Temperature (°K),38680,11604000.0,2.476125056521029,2.67497312391172,0.19884806739069116
Cooling Coil Discharge Air Temperature (°K),38682,11604600.0,-0.5355193095961024,-1.4502204195932542,0.9147011099971518
Cooling Coil Discharge Air Temperature (°K),38694,11608200.0,-1.5695292600276811,-1.5297596465495389,0.03976961347814223
Cooling Coil Discharge Air Temperature (°K),38824,11647200.0,-1.2441415133883624,-1.1718331252462986,0.07230838814206386
Cooling Coil Discharge Air Temperature (°K),38874,11662200.0,-0.6512127306234089,-0.6439818918092087,0.007230838814200169
Cooling Coil Discharge Air Temperature (°K),38966,11689800.0,0.281565476409264,1.7421949168790472,1.4606294404697833
Cooling Coil Discharge Air Temperature (°K),38968,11690400.0,2.6098955745838563,2.9063599659663333,0.29646439138247693
Cooling Coil Discharge Air Temperature (°K),38970,11691000.0,-0.9368308637845854,-1.4863746136642964,0.549543749879711
Cooling Coil Discharge Air Temperature (°K),38982,11694600.0,-1.515297968921118,-1.4791437748500962,0.03615419407102172
Cooling Coil Discharge Air Temperature (°K),39114,11734200.0,-1.139294350582377,-1.0814476400687134,0.057846710513663524
Cooling Coil Discharge Air Temperature (°K),39200,11760000.0,-0.5572118260387237,-0.5499809872245028,0.007230838814220819
Cooling Coil Discharge Air Temperature (°K),39256,11776800.0,-0.3077478869485895,-0.3005170481343687,0.007230838814220819
Cooling Coil Discharge Air Temperature (°K),39302,11790600.0,-0.0618993672655554,-0.0510531090442345,0.010846258221320904
Cooling Coil Discharge Air Temperature (°K),39326,11797800.0,0.1839491524174786,0.1911799912316788,0.007230838814200197
Cooling Coil Discharge Air Temperature (°K),39352,11805600.0,0.4225668332863124,0.4297976721005127,0.00723083881420028
Cooling Coil Discharge Air Temperature (°K),39408,11822400.0,0.8021858710321536,0.8094167098463744,0.007230838814220819
Cooling Coil Discharge Air Temperature (°K),39576,11872800.0,1.1673432311496148,1.174574069963815,0.007230838814200169
Cooling Coil Discharge Air Temperature (°K),39632,11889600.0,1.4348842672752495,1.4384996866823705,0.0036154194071209567
Cooling Coil Discharge Air Temperature (°K),39830,11949000.0,1.9916588559691812,2.834051577824269,0.8423927218550877
Cooling Coil Discharge Air Temperature (°K),39832,11949600.0,2.920821643594754,0.0248706985049295,2.8959509450898246
Cooling Coil Discharge Air Temperature (°K),39842,11952600.0,-0.3945179527190745,-0.5029805349321602,0.10846258221308569
Cooling Coil Discharge Air Temperature (°K),39844,11953200.0,-0.6620589888447093,-1.3200653209375472,0.658006332092838
Cooling Coil Discharge Air Temperature (°K),39976,11992800.0,-1.0199855101479498,-0.9187537667490644,0.10123174339888541
Cooling Coil Discharge Air Temperature (°K),39986,11995800.0,-0.4559800826398176,-0.4342875661971964,0.021692516442621212
Cooling Coil Discharge Air Temperature (°K),40046,12013800.0,-0.1233614971863191,-0.1197460777791984,0.003615419407120693
Cooling Coil Discharge Air Temperature (°K),40118,12035400.0,0.7226466440758893,1.868734596127675,1.1460879520517855
Cooling Coil Discharge Air Temperature (°K),40122,12036600.0,1.1311890370785724,-1.3128344821233264,2.444023519201899
Cooling Coil Discharge Air Temperature (°K),40266,12079800.0,-1.059755123626092,-1.0019084131124285,0.057846710513663524
Cooling Coil Discharge Air Temperature (°K),40310,12093000.0,-0.4776725990824388,-0.4740571796753388,0.003615419407100029
Cooling Coil Discharge Air Temperature (°K),40406,12121800.0,0.3538738645513485,1.572270204745177,1.2183963401938285
Cooling Coil Discharge Air Temperature (°K),40410,12123000.0,1.96996633952656,-1.674376422833667,3.6443427623602274
Cooling Coil Discharge Air Temperature (°K),40422,12126600.0,-1.5695292600276811,-1.5044517106998176,0.06507754932786347
Cooling Coil Discharge Air Temperature (°K),40552,12165600.0,-1.1935256416889195,-1.113986414732635,0.07953922695628446
Cooling Coil Discharge Air Temperature (°K),40564,12169200.0,-0.7090594411370724,-0.6945977635086514,0.014461677628420988
Cooling Coil Discharge Air Temperature (°K),40604,12181200.0,-0.3945179527190745,-0.3872871139048537,0.007230838814220819
Cooling Coil Discharge Air Temperature (°K),40644,12193200.0,-0.1884390465141623,-0.1848236271070622,0.0036154194071000845
Cooling Coil Discharge Air Temperature (°K),40694,12208200.0,0.5888761260130617,1.8578883379063535,1.2690122118932918
Cooling Coil Discharge Air Temperature (°K),40696,12208800.0,2.595433896955456,2.8232053196029687,0.2277714226475127
Cooling Coil Discharge Air Temperature (°K),40698,12209400.0,-1.5803755182489818,-1.7683773274183523,0.18800180916937048
Cooling Coil Discharge Air Temperature (°K),40710,12213000.0,-1.5767600988418815,-1.518913388328218,0.057846710513663524
Cooling Coil Discharge Air Temperature (°K),40842,12252600.0,-0.9982929937053284,-0.9404462831916854,0.057846710513642985
Cooling Coil Discharge Air Temperature (°K),40876,12262800.0,-0.4487492438256173,-0.4415184050114171,0.0072308388142002245
Cooling Coil Discharge Air Temperature (°K),40930,12279000.0,-0.108899819557898,-0.1016689807436978,0.007230838814200197
Cooling Coil Discharge Air Temperature (°K),40982,12294600.0,0.7624162575540318,1.933812145455518,1.171395887901486
Cooling Coil Discharge Air Temperature (°K),40984,12295200.0,2.6062801551767563,2.808743641974548,0.2024634867977917
Cooling Coil Discharge Air Temperature (°K),40986,12295800.0,-1.6526839063910457,-1.7828390050467733,0.1301550986557276
Cooling Coil Discharge Air Temperature (°K),40998,12299400.0,-1.5767600988418815,-1.515297968921118,0.06146212992076361
Cooling Coil Discharge Air Temperature (°K),41128,12338400.0,-1.139294350582377,-1.052524284811892,0.08677006577048485
Cooling Coil Discharge Air Temperature (°K),41146,12343800.0,-0.5138267931534811,-0.5029805349321602,0.010846258221320904
Cooling Coil Discharge Air Temperature (°K),41184,12355200.0,-0.2101315629567835,-0.2029007241425833,0.007230838814200197
Cooling Coil Discharge Air Temperature (°K),41234,12370200.0,0.0574094731688511,0.0610248925759718,0.0036154194071207
Cooling Coil Discharge Air Temperature (°K),41300,12390000.0,0.4261822526934125,0.4334130915076127,0.0072308388142002245
Cooling Coil Discharge Air Temperature (°K),41362,12408600.0,0.8347246456960957,0.841955484510296,0.00723083881420028
Cooling Coil Discharge Air Temperature (°K),41428,12428400.0,1.2215745222561576,1.2251899416632577,0.0036154194071000845
Cooling Coil Discharge Air Temperature (°K),41518,12455400.0,1.5288851718599554,1.5325005912670555,0.0036154194071000845
Cooling Coil Discharge Air Temperature (°K),41604,12481200.0,1.800041627392711,1.807272466206911,0.007230838814200169
Cooling Coil Discharge Air Temperature (°K),41674,12502200.0,2.053120985889945,2.056736405297045,0.0036154194071000845
Cooling Coil Discharge Air Temperature (°K),41812,12543600.0,2.1905069233598726,2.1905069233598726,0.0
Cooling Coil Discharge Air Temperature (°K),41932,12579600.0,2.335123699644001,2.335123699644001,0.0
Cooling Coil Discharge Air Temperature (°K),42134,12640200.0,2.765358609089305,3.253440229048273,0.4880816199589679
Cooling Coil Discharge Air Temperature (°K),42136,12640800.0,3.1739010020919887,-0.6909823441015513,3.86488334619354
Cooling Coil Discharge Air Temperature (°K),42150,12645000.0,-0.3764408556835534,-0.3258249839841106,0.050615871699442816
Cooling Coil Discharge Air Temperature (°K),42284,12685200.0,-1.041678026590571,-0.9982929937053284,0.043385032885242536
Cooling Coil Discharge Air Temperature (°K),42322,12696600.0,-0.5391347290032025,-0.5282884707819022,0.010846258221300253
Cooling Coil Discharge Air Temperature (°K),42362,12708600.0,-0.1703619494786617,-0.1631311106644409,0.007230838814220819
Cooling Coil Discharge Air Temperature (°K),42396,12718800.0,0.1080253448683144,0.1152561836825147,0.007230838814200294
Cooling Coil Discharge Air Temperature (°K),42422,12726600.0,1.0299572936796664,2.2013531815811733,1.171395887901507
Cooling Coil Discharge Air Temperature (°K),42424,12727200.0,2.895513707745033,3.191978099127509,0.29646439138247604
Cooling Coil Discharge Air Temperature (°K),42426,12727800.0,-1.0272163489621704,-1.2477569327954627,0.22054058383329234
Cooling Coil Discharge Air Temperature (°K),42570,12771000.0,-1.056139704218992,-0.9946775742982285,0.0614621299207635
Cooling Coil Discharge Air Temperature (°K),42586,12775800.0,-0.6042122783310663,-0.5933660201097454,0.010846258221320904
Cooling Coil Discharge Air Temperature (°K),42616,12784800.0,-0.3222095645769899,-0.3185941451698899,0.003615419407100029
Cooling Coil Discharge Air Temperature (°K),42674,12802200.0,-0.0618993672655554,-0.0546685284513552,0.007230838814200204
Cooling Coil Discharge Air Temperature (°K),42710,12813000.0,0.8311092262889956,2.035043888854424,1.2039346625654286
Cooling Coil Discharge Air Temperature (°K),42712,12813600.0,2.7472815120537843,3.003976289958139,0.2566947779043547
Cooling Coil Discharge Air Temperature (°K),42714,12814200.0,-1.20075648050312,-1.5695292600276811,0.3687727795245612
Cooling Coil Discharge Air Temperature (°K),42724,12817200.0,-1.583990937656082,-1.5369904853637393,0.04700045229234262
Cooling Coil Discharge Air Temperature (°K),42862,12858600.0,-1.0163700907408495,-0.983831316076928,0.03253877466392152
Cooling Coil Discharge Air Temperature (°K),42894,12868200.0,-0.6475973112163088,-0.6367510529949879,0.010846258221320904
Cooling Coil Discharge Air Temperature (°K),42924,12877200.0,-0.3800562750906535,-0.3692100168693326,0.010846258221320904
Cooling Coil Discharge Air Temperature (°K),42962,12888600.0,-0.1161306583720983,-0.108899819557898,0.007230838814200294
Cooling Coil Discharge Air Temperature (°K),42998,12899400.0,0.7660316769611318,1.9771971783407605,1.2111655013796288
Cooling Coil Discharge Air Temperature (°K),43000,12900000.0,2.66412686569042,2.8593595136739904,0.19523264798357065
Cooling Coil Discharge Air Temperature (°K),43002,12900600.0,-1.1356789311752562,-1.5225288077353387,0.3868498765600825
Cooling Coil Discharge Air Temperature (°K),43016,12904800.0,-1.5080671301069175,-1.4755283554429754,0.03253877466394206
Cooling Coil Discharge Air Temperature (°K),43146,12943800.0,-1.211602738724441,-1.1573714476178776,0.05423129110656344
Cooling Coil Discharge Air Temperature (°K),43154,12946200.0,-0.9259846055632645,-0.9042920891206432,0.021692516442621268
Cooling Coil Discharge Air Temperature (°K),43182,12954600.0,-0.6439818918092087,-0.6331356335878878,0.010846258221320904
Cooling Coil Discharge Air Temperature (°K),43326,12997800.0,-0.3330558227983108,-0.3222095645769899,0.010846258221320904
Cooling Coil Discharge Air Temperature (°K),43370,13011000.0,0.1297178613109357,0.1405641195322361,0.010846258221300392
Cooling Coil Discharge Air Temperature (°K),43422,13026600.0,0.5816452871988614,0.5888761260130617,0.00723083881420028
Cooling Coil Discharge Air Temperature (°K),43500,13050000.0,0.8166475486605745,0.8202629680676747,0.0036154194071001955
Cooling Coil Discharge Air Temperature (°K),43572,13071600.0,1.0299572936796664,1.033572713086787,0.0036154194071207346
Cooling Coil Discharge Air Temperature (°K),43644,13093200.0,1.2938829103982217,1.2974983298053218,0.0036154194071000845
Cooling Coil Discharge Air Temperature (°K),43862,13158600.0,1.7711182721358687,2.505048411777871,0.7339301396420022
Cooling Coil Discharge Air Temperature (°K),43864,13159200.0,2.353200796679522,1.9157350484200173,0.4374657482595048
Cooling Coil Discharge Air Temperature (°K),43866,13159800.0,-0.5572118260387237,-0.6584435694376092,0.10123174339888552
Cooling Coil Discharge Air Temperature (°K),43874,13162200.0,-1.0127546713337494,-1.1862948028747196,0.17354013154097014
Cooling Coil Discharge Air Temperature (°K),44010,13203000.0,-1.128448092361056,-1.077832220661613,0.05061587169944293
Cooling Coil Discharge Air Temperature (°K),44150,13245000.0,0.1224870224967149,1.6518094317014622,1.5293224092047473
Cooling Coil Discharge Air Temperature (°K),44154,13246200.0,-0.1161306583720983,-1.113986414732635,0.9978557563605368
Cooling Coil Discharge Air Temperature (°K),44298,13289400.0,-1.142909769989477,-1.0886784788829136,0.05423129110656344
Cooling Coil Discharge Air Temperature (°K),44438,13331400.0,0.1984108300458996,1.8217341438353116,1.623323313789412
Cooling Coil Discharge Air Temperature (°K),44440,13332000.0,2.84489783604559,3.37997990829688,0.5350820722512899
Cooling Coil Discharge Air Temperature (°K),44442,13332600.0,-0.8862149920851221,-1.323680740344647,0.437465748259525
Cooling Coil Discharge Air Temperature (°K),44590,13377000.0,-1.009139251926649,-0.9766004772627072,0.03253877466394195
Cooling Coil Discharge Air Temperature (°K),44612,13383600.0,-0.66567440825183,-0.6584435694376092,0.007230838814220819
Cooling Coil Discharge Air Temperature (°K),44646,13393800.0,-0.4053642109403749,-0.4017487915332747,0.0036154194071001955
Cooling Coil Discharge Air Temperature (°K),44686,13405800.0,-0.1775927882928619,-0.1703619494786617,0.007230838814200197
Cooling Coil Discharge Air Temperature (°K),44726,13417800.0,0.682877030597747,2.056736405297045,1.3738593746992982
Cooling Coil Discharge Air Temperature (°K),44728,13418400.0,2.895513707745033,3.340210294818758,0.44469658707372517
Cooling Coil Discharge Air Temperature (°K),44730,13419000.0,-0.9079075085277434,-1.4538358390003543,0.5459283304726109
Cooling Coil Discharge Air Temperature (°K),44876,13462800.0,-1.0922938982900137,-1.0489088654047918,0.043385032885221886
Cooling Coil Discharge Air Temperature (°K),44896,13468800.0,-0.7054440217299518,-0.6945977635086514,0.010846258221300364
Cooling Coil Discharge Air Temperature (°K),44928,13478400.0,-0.4487492438256173,-0.4415184050114171,0.0072308388142002245
Cooling Coil Discharge Air Temperature (°K),44960,13488000.0,-0.2462857570278258,-0.2426703376207257,0.0036154194071000845
Cooling Coil Discharge Air Temperature (°K),45014,13504200.0,0.5635681901633403,1.9374275648626385,1.3738593746992982
Cooling Coil Discharge Air Temperature (°K),45016,13504800.0,2.7689740284964053,3.112438872171245,0.34346484367483976
Cooling Coil Discharge Air Temperature (°K),45018,13505400.0,-0.7090594411370724,-1.2477569327954627,0.5386974916583903
Cooling Coil Discharge Air Temperature (°K),45164,13549200.0,-1.041678026590571,-0.9946775742982285,0.04700045229234251
Cooling Coil Discharge Air Temperature (°K),45206,13561800.0,-0.4559800826398176,-0.4487492438256173,0.00723083881420028
Cooling Coil Discharge Air Temperature (°K),45278,13583400.0,-0.1414385942218196,-0.1378231748147195,0.0036154194071000845
Cooling Coil Discharge Air Temperature (°K),45320,13596000.0,0.1441795389393362,0.151410377753557,0.007230838814220819
Cooling Coil Discharge Air Temperature (°K),45356,13606800.0,0.469567285578655,0.4767981243928553,0.00723083881420028
Cooling Coil Discharge Air Temperature (°K),45394,13618200.0,0.7949550322179534,0.8058012904392743,0.010846258221320904
Cooling Coil Discharge Air Temperature (°K),45430,13629000.0,1.0805731653791295,1.08780400419333,0.007230838814200391
Cooling Coil Discharge Air Temperature (°K),45476,13642800.0,1.3119600074337427,1.3191908462479431,0.007230838814200391
Cooling Coil Discharge Air Temperature (°K),45544,13663200.0,1.5216543330457346,1.5252697524528347,0.0036154194071000845
Cooling Coil Discharge Air Temperature (°K),45626,13687800.0,1.803657046799811,1.8108878856140112,0.007230838814200169
Cooling Coil Discharge Air Temperature (°K),45660,13698000.0,2.020582211226003,2.024197630633103,0.0036154194071000845
Cooling Coil Discharge Air Temperature (°K),45698,13709400.0,2.2302765368380157,2.2375073756522155,0.007230838814199725
Cooling Coil Discharge Air Temperature (°K),45878,13763400.0,2.805128222567448,3.604135911537293,0.7990076889698452
Cooling Coil Discharge Air Temperature (°K),45880,13764000.0,4.092217531496261,-0.2860553705059682,4.378272902002229
Cooling Coil Discharge Air Temperature (°K),45890,13767000.0,-0.1016689807436978,-0.2607474346562469,0.1590784539125491
Cooling Coil Discharge Air Temperature (°K),45940,13782000.0,-0.9512925414129858,-0.987446735484028,0.036154194071042145
Cooling Coil Discharge Air Temperature (°K),46024,13807200.0,-1.1718331252462986,-1.0959093176971344,0.07592380754916417
Cooling Coil Discharge Air Temperature (°K),46032,13809600.0,-0.7596753128365152,-0.7271365381725731,0.03253877466394217
Cooling Coil Discharge Air Temperature (°K),46164,13849200.0,-0.3836716944977536,-0.3728254362764532,0.01084625822130042
Cooling Coil Discharge Air Temperature (°K),46166,13849800.0,0.6394919977125044,2.2338919562451154,1.594399958532611
Cooling Coil Discharge Air Temperature (°K),46168,13850400.0,3.4161341023679226,3.907831141733991,0.49169703936606846
Cooling Coil Discharge Air Temperature (°K),46170,13851000.0,-0.8211374427572583,-0.7162902799512727,0.1048471628059856
Cooling Coil Discharge Air Temperature (°K),46176,13852800.0,-0.915138347341964,-1.02360092955505,0.10846258221308613
Cooling Coil Discharge Air Temperature (°K),46314,13894200.0,-1.0633705430331923,-1.0019084131124285,0.06146212992076383
Cooling Coil Discharge Air Temperature (°K),46334,13900200.0,-0.5499809872245028,-0.5391347290032025,0.010846258221300364
Cooling Coil Discharge Air Temperature (°K),46404,13921200.0,-0.2029007241425833,-0.1920544659212829,0.01084625822130042
Cooling Coil Discharge Air Temperature (°K),46454,13936200.0,0.7913396128108532,2.219430278616694,1.428090665805841
Cooling Coil Discharge Air Temperature (°K),46456,13936800.0,3.130515969206746,3.676444299679378,0.5459283304726319
Cooling Coil Discharge Air Temperature (°K),46458,13937400.0,-1.0055238325195492,-1.287526546273605,0.2820027137540557
Cooling Coil Discharge Air Temperature (°K),46604,13981200.0,-1.045293445997671,-1.0019084131124285,0.043385032885242536
Cooling Coil Discharge Air Temperature (°K),46662,13998600.0,-0.5138267931534811,-0.506595954339281,0.007230838814200169
Cooling Coil Discharge Air Temperature (°K),46696,14008800.0,-0.2824399510988681,-0.2752091122846473,0.007230838814220819
Cooling Coil Discharge Air Temperature (°K),46742,14022600.0,0.3972588974365705,1.5397314300812557,1.1424725326446852
Cooling Coil Discharge Air Temperature (°K),46746,14023800.0,1.0263418742725663,0.8636480009529173,0.16269387331964902
Cooling Coil Discharge Air Temperature (°K),46748,14024400.0,0.8781096785813383,0.8961867756168593,0.018077097035521072
Cooling Coil Discharge Air Temperature (°K),46750,14025000.0,-1.4249124837435327,-1.6779918422407671,0.2530793584972344
Cooling Coil Discharge Air Temperature (°K),46758,14027400.0,-1.2224489969457413,-1.0959093176971344,0.12653967924860687
Cooling Coil Discharge Air Temperature (°K),46798,14039400.0,-1.110370995325535,-1.1501406088036772,0.03976961347814223
Cooling Coil Discharge Air Temperature (°K),46894,14068200.0,-1.0127546713337494,-0.987446735484028,0.025307935849721463
Cooling Coil Discharge Air Temperature (°K),47030,14109000.0,-0.1956698853283831,1.174574069963815,1.3702439552921981
Cooling Coil Discharge Air Temperature (°K),47036,14110800.0,1.1926511669993365,1.3228062656550432,0.13015509865570674
Cooling Coil Discharge Air Temperature (°K),47038,14111400.0,-1.7249922945331098,-1.837070296153316,0.11207800162020631
Cooling Coil Discharge Air Temperature (°K),47052,14115600.0,-1.583990937656082,-1.5478367435850602,0.03615419407102172
Cooling Coil Discharge Air Temperature (°K),47176,14152800.0,-1.2260644163528414,-1.1356789311752562,0.09038548517758516
Cooling Coil Discharge Air Temperature (°K),47186,14155800.0,-0.7488290546151943,-0.7343673769867939,0.014461677628400449
Cooling Coil Discharge Air Temperature (°K),47362,14208600.0,-0.5138267931534811,-0.510211373746381,0.0036154194071000845
Cooling Coil Discharge Air Temperature (°K),47412,14223600.0,-0.2752091122846473,-0.2679782734704471,0.007230838814200169
Cooling Coil Discharge Air Temperature (°K),47454,14236200.0,-0.0691302060797556,-0.0655147866726555,0.0036154194071000983
Cooling Coil Discharge Air Temperature (°K),47638,14291400.0,0.1116407642754146,0.1152561836825147,0.0036154194071000983
Cooling Coil Discharge Air Temperature (°K),47688,14306400.0,0.3538738645513485,0.3611047033655488,0.00723083881420028
Cooling Coil Discharge Air Temperature (°K),47736,14320800.0,0.5961069648272619,0.5997223842343621,0.0036154194071001955
Cooling Coil Discharge Air Temperature (°K),47894,14368200.0,1.1926511669993365,2.298969505572979,1.1063183385736426
Cooling Coil Discharge Air Temperature (°K),47896,14368800.0,2.508663831184971,2.1471218904746303,0.3615419407103406
Cooling Coil Discharge Air Temperature (°K),47898,14369400.0,-0.8319837009785792,-0.8681378950496215,0.036154194071042256
Cooling Coil Discharge Air Temperature (°K),47906,14371800.0,-1.0886784788829136,-1.2332952551670622,0.1446167762841486
Cooling Coil Discharge Air Temperature (°K),47912,14373600.0,-1.761146488604152,-1.533375065956639,0.22777142264751293
Cooling Coil Discharge Air Temperature (°K),48042,14412600.0,-1.142909769989477,-1.0886784788829136,0.05423129110656344
Cooling Coil Discharge Air Temperature (°K),48086,14425800.0,-0.6259047947736875,-0.6222893753665875,0.0036154194071000845
Cooling Coil Discharge Air Temperature (°K),48182,14454600.0,0.2309496047098212,1.7458103362861477,1.5148607315763265
Cooling Coil Discharge Air Temperature (°K),48184,14455200.0,2.588203058141235,2.685819382133041,0.0976163239918062
Cooling Coil Discharge Air Temperature (°K),48186,14455800.0,-0.6873669246944512,-1.2513723522025832,0.5640054275081321
Cooling Coil Discharge Air Temperature (°K),48330,14499000.0,-1.1754485446533989,-1.1176018341397556,0.05784671051364332
Cooling Coil Discharge Air Temperature (°K),48370,14511000.0,-0.741598215800994,-0.737982796393894,0.0036154194071000845
Cooling Coil Discharge Air Temperature (°K),48470,14541000.0,0.0067936014694084,1.474653880753392,1.4678602792839837
Cooling Coil Discharge Air Temperature (°K),48474,14542200.0,2.165198987510152,-1.4646820972216752,3.629881084731827
Cooling Coil Discharge Air Temperature (°K),48618,14585400.0,-1.160986867024998,-1.1067555759184349,0.05423129110656322
Cooling Coil Discharge Air Temperature (°K),48758,14627400.0,-0.0799764643010765,1.333652523876364,1.4136289881774404
Cooling Coil Discharge Air Temperature (°K),48762,14628600.0,1.96273550071236,-0.8862149920851221,2.8489504927974822
Cooling Coil Discharge Air Temperature (°K),48778,14633400.0,-1.518913388328218,-1.4936054524784967,0.02530793584972124
Cooling Coil Discharge Air Temperature (°K),48836,14650800.0,-1.359834934415669,-1.142909769989477,0.21692516442619203
Cooling Coil Discharge Air Temperature (°K),48874,14662200.0,-0.980215896669828,-0.8609070562354006,0.11930884043442735
Cooling Coil Discharge Air Temperature (°K),48878,14663400.0,-0.5572118260387237,-0.4921342767108599,0.06507754932786375
Cooling Coil Discharge Air Temperature (°K),48906,14671800.0,0.0104090208765085,0.0574094731688511,0.04700045229234261
Cooling Coil Discharge Air Temperature (°K),49046,14713800.0,0.7479545799256107,1.6554248511085623,0.9074702711829516
Cooling Coil Discharge Air Temperature (°K),49050,14715000.0,1.6084243988162197,1.492730977788913,0.11569342102730662
Cooling Coil Discharge Air Temperature (°K),49052,14715600.0,-1.7394539721615307,-1.9093786842954008,0.16992471213387006
Cooling Coil Discharge Air Temperature (°K),49062,14718600.0,-1.6960689392762882,-1.620145131727124,0.07592380754916417
Cooling Coil Discharge Air Temperature (°K),49192,14757600.0,-0.8464453786070002,-0.7488290546151943,0.09761632399180586
Cooling Coil Discharge Air Temperature (°K),49202,14760600.0,-0.3077478869485895,-0.2860553705059682,0.021692516442621324
Cooling Coil Discharge Air Temperature (°K),49358,14807400.0,0.0104090208765085,0.0140244402836086,0.0036154194071001
Cooling Coil Discharge Air Temperature (°K),49420,14826000.0,0.3285659287016066,0.3321813481087273,0.003615419407120679
Cooling Coil Discharge Air Temperature (°K),49498,14849400.0,0.6177994812698832,0.6214149006769832,0.0036154194071000845
Cooling Coil Discharge Air Temperature (°K),49648,14894400.0,0.7913396128108532,0.7949550322179534,0.0036154194071001955
Cooling Coil Discharge Air Temperature (°K),49688,14906400.0,1.001033938422845,1.0046493578299451,0.0036154194071000845
Cooling Coil Discharge Air Temperature (°K),49742,14922600.0,1.2721903939556003,1.279421232769801,0.007230838814200613
Cooling Coil Discharge Air Temperature (°K),49910,14973000.0,1.8108878856140112,2.67497312391172,0.8640852382977089
Cooling Coil Discharge Air Temperature (°K),49912,14973600.0,2.834051577824269,0.8238783874747748,2.0101731903494944
Cooling Coil Discharge Air Temperature (°K),49914,14974200.0,-0.6331356335878878,-0.4053642109403749,0.22777142264751293
Cooling Coil Discharge Air Temperature (°K),49920,14976000.0,-0.6765206664731302,-0.8283682815714791,0.15184761509834888
Cooling Coil Discharge Air Temperature (°K),50056,15016800.0,-1.2405260939812623,-1.1718331252462986,0.06869296873496378
Cooling Coil Discharge Air Temperature (°K),50198,15059400.0,0.1188716030896148,1.8181187244282115,1.6992471213385967
Cooling Coil Discharge Air Temperature (°K),50200,15060000.0,2.902744546559233,3.510135006952608,0.6073904603933746
Cooling Coil Discharge Air Temperature (°K),50202,15060600.0,-0.5282884707819022,-1.139294350582377,0.6110058798004747
Cooling Coil Discharge Air Temperature (°K),50346,15103800.0,-1.1826793834675988,-1.124832672953956,0.057846710513642874
Cooling Coil Discharge Air Temperature (°K),50356,15106800.0,-0.8609070562354006,-0.8464453786070002,0.014461677628400449
Cooling Coil Discharge Air Temperature (°K),50486,15145800.0,0.3068734122589853,1.6554248511085623,1.348551438849577
Cooling Coil Discharge Air Temperature (°K),50490,15147000.0,-0.0618993672655554,-1.3417578373801684,1.279858470114613
Cooling Coil Discharge Air Temperature (°K),50634,15190200.0,-1.0669859624402924,-0.9910621548911284,0.07592380754916406
Cooling Coil Discharge Air Temperature (°K),50644,15193200.0,-0.6295202141807876,-0.6114431171452666,0.018077097035521072
Cooling Coil Discharge Air Temperature (°K),50730,15219000.0,-0.2571320152491467,-0.253516595842026,0.003615419407120679
Cooling Coil Discharge Air Temperature (°K),50774,15232200.0,0.6539536753409254,1.9446584036768388,1.2907047283359134
Cooling Coil Discharge Air Temperature (°K),50776,15232800.0,2.685819382133041,2.920821643594754,0.23500226146171288
Cooling Coil Discharge Air Temperature (°K),50778,15233400.0,-0.9115229279348436,-1.4719129360358754,0.5603900081010318
Cooling Coil Discharge Air Temperature (°K),50790,15237000.0,-1.5225288077353387,-1.4863746136642964,0.03615419407104237
Cooling Coil Discharge Air Temperature (°K),50920,15276000.0,-1.287526546273605,-1.211602738724441,0.07592380754916395
Cooling Coil Discharge Air Temperature (°K),50932,15279600.0,-0.8319837009785792,-0.8211374427572583,0.010846258221320904
Cooling Coil Discharge Air Temperature (°K),51062,15318600.0,0.0031781820623083,1.5397314300812557,1.5365532480189474
Cooling Coil Discharge Air Temperature (°K),51066,15319800.0,-0.2282086599923047,-1.4502204195932542,1.2220117596009494
Cooling Coil Discharge Air Temperature (°K),51080,15324000.0,-1.4755283554429754,-1.4393741613719535,0.03615419407102194
Cooling Coil Discharge Air Temperature (°K),51212,15363600.0,-1.0633705430331923,-1.0199855101479498,0.043385032885242536
Cooling Coil Discharge Air Temperature (°K),51274,15382200.0,-0.6331356335878878,-0.6295202141807876,0.0036154194071001955
Cooling Coil Discharge Air Temperature (°K),51368,15410400.0,-0.3909025333119538,-0.3800562750906535,0.010846258221300309
Cooling Coil Discharge Air Temperature (°K),51418,15425400.0,-0.0293605926016132,-0.022129753787413,0.0072308388142002
Cooling Coil Discharge Air Temperature (°K),51478,15443400.0,0.3141042510732061,0.3177196704803062,0.0036154194071000845
Cooling Coil Discharge Air Temperature (°K),51560,15468000.0,0.4587210273573341,0.4623364467644342,0.0036154194071000845
Cooling Coil Discharge Air Temperature (°K),51668,15500400.0,0.6937232888190679,0.697338708226168,0.0036154194071000845
Cooling Coil Discharge Air Temperature (°K),51710,15513000.0,0.946802647316302,0.9504180667234022,0.0036154194071001955
Cooling Coil Discharge Air Temperature (°K),51752,15525600.0,1.2071128446277366,1.2143436834419574,0.007230838814220819
Cooling Coil Discharge Air Temperature (°K),51788,15536400.0,1.3951146537971275,1.3987300732042278,0.0036154194071003065
Cooling Coil Discharge Air Temperature (°K),51926,15577800.0,1.96996633952656,2.9461295794444755,0.9761632399179154
Cooling Coil Discharge Air Temperature (°K),51928,15578400.0,3.37997990829688,-0.1414385942218196,3.5214185025186997
Cooling Coil Discharge Air Temperature (°K),51938,15581400.0,-0.6331356335878878,-0.8066757651288579,0.17354013154097003
Cooling Coil Discharge Air Temperature (°K),52072,15621600.0,-1.0633705430331923,-0.9729850578556072,0.09038548517758516
Cooling Coil Discharge Air Temperature (°K),52078,15623400.0,-0.6692898276589301,-0.6331356335878878,0.036154194071042256
Cooling Coil Discharge Air Temperature (°K),52126,15637800.0,-0.1522848524431405,-0.1450540136289403,0.007230838814200197
Cooling Coil Discharge Air Temperature (°K),52214,15664200.0,0.686492450004847,2.103736857589388,1.417244407584541
Cooling Coil Discharge Air Temperature (°K),52216,15664800.0,3.007591709365239,3.596905072723093,0.5893133633578538
Cooling Coil Discharge Air Temperature (°K),52218,15665400.0,-0.9982929937053284,-1.3634503538227691,0.3651573601174407
Cooling Coil Discharge Air Temperature (°K),52360,15708000.0,-1.2802957074594048,-1.2043718999102202,0.0759238075491846
Cooling Coil Discharge Air Temperature (°K),52500,15750000.0,-0.5933660201097454,-0.582519761888445,0.010846258221300364
Cooling Coil Discharge Air Temperature (°K),52502,15750600.0,0.3141042510732061,1.8868116931631755,1.5727074420899694
Cooling Coil Discharge Air Temperature (°K),52504,15751200.0,2.902744546559233,3.510135006952608,0.6073904603933746
Cooling Coil Discharge Air Temperature (°K),52506,15751800.0,-0.9259846055632645,-1.388758289672511,0.4627736841092466
Cooling Coil Discharge Air Temperature (°K),52650,15795000.0,-1.1356789311752562,-1.0742168012545132,0.06146212992074296
Cooling Coil Discharge Air Temperature (°K),52752,15825600.0,-0.5608272454458237,-0.5535964066316236,0.007230838814200169
Cooling Coil Discharge Air Temperature (°K),52790,15837000.0,0.4189514138791917,1.96996633952656,1.5510149256473684
Cooling Coil Discharge Air Temperature (°K),52792,15837600.0,2.9931300317368184,3.5752125562804715,0.5820825245436532
Cooling Coil Discharge Air Temperature (°K),52794,15838200.0,-1.2224489969457413,-1.4755283554429754,0.2530793584972342
Cooling Coil Discharge Air Temperature (°K),52940,15882000.0,-1.052524284811892,-1.0055238325195492,0.04700045229234284
Cooling Coil Discharge Air Temperature (°K),52988,15896400.0,-0.6005968589239662,-0.5969814395168661,0.0036154194071000845
Cooling Coil Discharge Air Temperature (°K),53124,15937200.0,-0.3149787257627897,-0.3077478869485895,0.007230838814200169
Cooling Coil Discharge Air Temperature (°K),53182,15954600.0,0.0429477955404507,0.0465632149475508,0.0036154194071000983
Cooling Coil Discharge Air Temperature (°K),53230,15969000.0,0.3249505092945065,0.3285659287016066,0.00361541940710014
Cooling Coil Discharge Air Temperature (°K),53386,16015800.0,0.5418756737207191,0.5454910931278192,0.0036154194071000845
Cooling Coil Discharge Air Temperature (°K),53452,16035600.0,0.8744942591742382,0.8817250979884383,0.007230838814200169
Cooling Coil Discharge Air Temperature (°K),53510,16053000.0,1.228805361070358,1.232420780477458,0.0036154194071000845
Cooling Coil Discharge Air Temperature (°K),53692,16107600.0,1.4638076225320915,1.4674230419391918,0.0036154194071003065
Cooling Coil Discharge Air Temperature (°K),53738,16121400.0,1.7096561422151255,1.716886981029326,0.007230838814200391
Cooling Coil Discharge Air Temperature (°K),53786,16135800.0,2.0025051141904817,2.0061205335976022,0.0036154194071205126
Cooling Coil Discharge Air Temperature (°K),53942,16182600.0,2.620741832805177,3.5318275233952288,0.9110856905900517
Cooling Coil Discharge Air Temperature (°K),53944,16183200.0,3.933139077583712,-0.1305923360005193,4.0637314135842315
Cooling Coil Discharge Air Temperature (°K),53954,16186200.0,-0.1052844001507979,-0.2607474346562469,0.155463034505449
Cooling Coil Discharge Air Temperature (°K),54024,16207200.0,-0.7922140875004368,-0.8247528621643789,0.03253877466394217
Cooling Coil Discharge Air Temperature (°K),54038,16211400.0,-1.113986414732635,-1.1899102222818196,0.0759238075491846
Cooling Coil Discharge Air Temperature (°K),54090,16227000.0,-0.8789841532709218,-0.795829506907537,0.08315464636338488
Cooling Coil Discharge Air Temperature (°K),54102,16230600.0,-0.3764408556835534,-0.3583637586480322,0.018077097035521184
Cooling Coil Discharge Air Temperature (°K),54152,16245600.0,0.0212552790978294,0.0284861179120296,0.0072308388142002
Cooling Coil Discharge Air Temperature (°K),54230,16269000.0,0.9359563890949812,2.1181985352178088,1.1822421461228276
Cooling Coil Discharge Air Temperature (°K),54232,16269600.0,2.707511898575662,2.750896931460905,0.04338503288524276
Cooling Coil Discharge Air Temperature (°K),54234,16270200.0,-0.8030603457217577,-1.0489088654047918,0.24584851968303412
Cooling Coil Discharge Air Temperature (°K),54376,16312800.0,-1.273064868645184,-1.1971410610960198,0.07592380754916417
Cooling Coil Discharge Air Temperature (°K),54388,16316400.0,-0.7849832486862366,-0.7669061516507154,0.018077097035521184
Cooling Coil Discharge Air Temperature (°K),54418,16325400.0,-0.4668263408611385,-0.4595955020469177,0.007230838814220819
Cooling Coil Discharge Air Temperature (°K),54448,16334400.0,-0.2679782734704471,-0.2607474346562469,0.0072308388142002245
Cooling Coil Discharge Air Temperature (°K),54518,16355400.0,0.686492450004847,1.96996633952656,1.283473889521713
Cooling Coil Discharge Air Temperature (°K),54520,16356000.0,2.765358609089305,3.0979771945428243,0.3326185854535191
Cooling Coil Discharge Air Temperature (°K),54522,16356600.0,-1.1537560282107773,-1.4863746136642964,0.3326185854535191
Cooling Coil Discharge Air Temperature (°K),54534,16360200.0,-1.515297968921118,-1.4755283554429754,0.03976961347814245
Cooling Coil Discharge Air Temperature (°K),54664,16399200.0,-1.3056036433091265,-1.229679835759962,0.07592380754916439
Cooling Coil Discharge Air Temperature (°K),54754,16426200.0,-0.6439818918092087,-0.6367510529949879,0.007230838814220819
Cooling Coil Discharge Air Temperature (°K),54806,16441800.0,0.2598729599666427,1.720502400436426,1.4606294404697833
Cooling Coil Discharge Air Temperature (°K),54808,16442400.0,2.562895122291514,2.826820739010069,0.26392561671855486
Cooling Coil Discharge Air Temperature (°K),54810,16443000.0,-1.113986414732635,-1.583990937656082,0.47000452292344685
Cooling Coil Discharge Air Temperature (°K),54822,16446600.0,-1.5514521629921605,-1.5225288077353387,0.02892335525682177
Cooling Coil Discharge Air Temperature (°K),54952,16485600.0,-1.2802957074594048,-1.20075648050312,0.0795392269562849
Cooling Coil Discharge Air Temperature (°K),55004,16501200.0,-0.7271365381725731,-0.723521118765473,0.0036154194071000845
Cooling Coil Discharge Air Temperature (°K),55094,16528200.0,0.0971790866469935,1.622886076444641,1.5257069897976474
Cooling Coil Discharge Air Temperature (°K),55096,16528800.0,2.523125508813392,2.808743641974548,0.2856181331611558
Cooling Coil Discharge Air Temperature (°K),55098,16529400.0,-1.02360092955505,-1.6454530675768455,0.6218521380217954
Cooling Coil Discharge Air Temperature (°K),55110,16533000.0,-1.5406059047708394,-1.4899900330713969,0.05061587169944248
Cooling Coil Discharge Air Temperature (°K),55242,16572600.0,-1.121217253546856,-1.056139704218992,0.06507754932786414
Cooling Coil Discharge Air Temperature (°K),55262,16578600.0,-0.5861351812955452,-0.5752889230742448,0.010846258221300364
Cooling Coil Discharge Air Temperature (°K),55332,16599600.0,-0.2173624017710043,-0.2101315629567835,0.007230838814220791
Cooling Coil Discharge Air Temperature (°K),55372,16611600.0,0.0754865702043723,0.0827174090185931,0.007230838814220805
Cooling Coil Discharge Air Temperature (°K),55418,16625400.0,0.4225668332863124,0.4297976721005127,0.00723083881420028
Cooling Coil Discharge Air Temperature (°K),55458,16637400.0,0.784108773996653,0.7949550322179534,0.010846258221300364
Cooling Coil Discharge Air Temperature (°K),55494,16648200.0,1.1167273594501514,1.1239581982643725,0.007230838814221041
Cooling Coil Discharge Air Temperature (°K),55712,16713600.0,1.3517296209118852,1.3589604597260854,0.007230838814200169
Cooling Coil Discharge Air Temperature (°K),55746,16723800.0,1.5903473017806984,1.6011935600020193,0.010846258221320904
Cooling Coil Discharge Air Temperature (°K),55806,16741800.0,1.8868116931631755,1.894042531977396,0.007230838814220375
Cooling Coil Discharge Air Temperature (°K),55958,16787400.0,2.3965858295647644,3.054592161657582,0.6580063320928176
Cooling Coil Discharge Air Temperature (°K),55960,16788000.0,2.967822095887097,-0.3330558227983108,3.3008779186854076
Cooling Coil Discharge Air Temperature (°K),55978,16793400.0,-1.1718331252462986,-1.3851428702653903,0.21330974501909172
Cooling Coil Discharge Air Temperature (°K),56106,16831800.0,-1.0995247371042345,-1.0489088654047918,0.050615871699442705
Cooling Coil Discharge Air Temperature (°K),56134,16840200.0,-0.5535964066316236,-0.5427501484103027,0.010846258221320904
Cooling Coil Discharge Air Temperature (°K),56164,16849200.0,-0.2499011764349259,-0.2390549182136256,0.010846258221300309
Cooling Coil Discharge Air Temperature (°K),56198,16859400.0,0.068255731390172,0.0754865702043723,0.007230838814200294
Cooling Coil Discharge Air Temperature (°K),56244,16873200.0,0.4478747691360338,0.4587210273573341,0.010846258221300309
Cooling Coil Discharge Air Temperature (°K),56246,16873800.0,1.4131917508326284,2.472509637113929,1.0593178862813004
Cooling Coil Discharge Air Temperature (°K),56248,16874400.0,3.1847472603133093,0.91426387265236,2.270483387660949
Cooling Coil Discharge Air Temperature (°K),56250,16875000.0,-0.9042920891206432,-1.139294350582377,0.23500226146173375
Cooling Coil Discharge Air Temperature (°K),56396,16918800.0,-1.0850630594758135,-1.041678026590571,0.043385032885242536
Cooling Coil Discharge Air Temperature (°K),56412,16923600.0,-0.7343673769867939,-0.723521118765473,0.010846258221320904
Cooling Coil Discharge Air Temperature (°K),56440,16932000.0,-0.4668263408611385,-0.4559800826398176,0.010846258221320904
Cooling Coil Discharge Air Temperature (°K),56486,16945800.0,-0.108899819557898,-0.1016689807436978,0.007230838814200197
Cooling Coil Discharge Air Temperature (°K),56534,16960200.0,0.9576489055376024,2.0639672441112453,1.1063183385736428
Cooling Coil Discharge Air Temperature (°K),56536,16960800.0,2.685819382133041,2.8665903524882115,0.1807709703551703
Cooling Coil Discharge Air Temperature (°K),56538,16961400.0,-0.9766004772627072,-1.323680740344647,0.34708026308193995
Cooling Coil Discharge Air Temperature (°K),56684,17005200.0,-1.045293445997671,-0.9946775742982285,0.050615871699442594
Cooling Coil Discharge Air Temperature (°K),56720,17016000.0,-0.4632109214540384,-0.4487492438256173,0.014461677628421099
Cooling Coil Discharge Air Temperature (°K),56762,17028600.0,-0.1667465300715616,-0.1595156912573408,0.007230838814220791
Cooling Coil Discharge Air Temperature (°K),56822,17046600.0,0.8817250979884383,2.2013531815811733,1.319628083592735
Cooling Coil Discharge Air Temperature (°K),56824,17047200.0,3.058207581064682,3.513750426359708,0.45554284529502587
Cooling Coil Discharge Air Temperature (°K),56826,17047800.0,-1.2477569327954627,-1.5767600988418815,0.32900316604641877
Cooling Coil Discharge Air Temperature (°K),56970,17091000.0,-1.0633705430331923,-1.0019084131124285,0.06146212992076383
Cooling Coil Discharge Air Temperature (°K),56996,17098800.0,-0.4921342767108599,-0.481288018489539,0.010846258221320904
Cooling Coil Discharge Air Temperature (°K),57080,17124000.0,-0.1233614971863191,-0.1161306583720983,0.007230838814220805
Cooling Coil Discharge Air Temperature (°K),57110,17133000.0,0.7768779351824322,2.100121438182288,1.3232435029998557
Cooling Coil Discharge Air Temperature (°K),57112,17133600.0,2.938898740630276,3.383595327704001,0.44469658707372517
Cooling Coil Discharge Air Temperature (°K),57114,17134200.0,-1.4032199673009116,-1.602068034691603,0.19884806739069139
Cooling Coil Discharge Air Temperature (°K),57260,17178000.0,-1.0308317683692707,-0.983831316076928,0.04700045229234273
Cooling Coil Discharge Air Temperature (°K),57298,17189400.0,-0.5644426648529239,-0.5535964066316236,0.010846258221300364
Cooling Coil Discharge Air Temperature (°K),57358,17207400.0,-0.3041324675414893,-0.2932862093201684,0.010846258221320904
Cooling Coil Discharge Air Temperature (°K),57398,17219400.0,-0.094438141929477,-0.0835918837081767,0.010846258221300295
Cooling Coil Discharge Air Temperature (°K),57420,17226000.0,0.1477949583464363,0.1586412165677572,0.010846258221320904
Cooling Coil Discharge Air Temperature (°K),57460,17238000.0,0.5707990289775405,0.5816452871988614,0.010846258221320904
Cooling Coil Discharge Air Temperature (°K),57506,17251800.0,0.9865722607944444,0.9938030996086448,0.007230838814200391
Cooling Coil Discharge Air Temperature (°K),57538,17261400.0,1.246882458105879,1.2541132969200792,0.007230838814200169
Cooling Coil Discharge Air Temperature (°K),57698,17309400.0,1.5144234942315344,1.5216543330457346,0.007230838814200169
Cooling Coil Discharge Air Temperature (°K),57750,17325000.0,1.9157350484200173,1.9229658872342172,0.007230838814199947
Cooling Coil Discharge Air Temperature (°K),57810,17343000.0,2.335123699644001,2.342354538458222,0.007230838814221041
Cooling Coil Discharge Air Temperature (°K),57974,17392200.0,2.881052030116612,3.654751783236757,0.773699753120145
Cooling Coil Discharge Air Temperature (°K),57976,17392800.0,4.280219340665632,-0.3113633063556896,4.591582647021322
Cooling Coil Discharge Air Temperature (°K),57986,17395800.0,-0.1486694330360404,-0.3402866616125111,0.19161722857647068
Cooling Coil Discharge Air Temperature (°K),58016,17404800.0,-0.8175220233501582,-0.8464453786070002,0.028923355256841976
Cooling Coil Discharge Air Temperature (°K),58028,17408400.0,-1.1682177058391985,-1.2043718999102202,0.03615419407102172
Cooling Coil Discharge Air Temperature (°K),58124,17437200.0,-1.0344471877763708,-0.987446735484028,0.04700045229234284
Cooling Coil Discharge Air Temperature (°K),58146,17443800.0,-0.568058084260024,-0.5608272454458237,0.00723083881420028
Cooling Coil Discharge Air Temperature (°K),58196,17458800.0,-0.2715936928775472,-0.2607474346562469,0.010846258221300309
Cooling Coil Discharge Air Temperature (°K),58222,17466600.0,-0.0004372373447917,0.0104090208765085,0.0108462582213002
Cooling Coil Discharge Air Temperature (°K),58260,17478000.0,0.3574892839584486,0.3647201227726488,0.0072308388142002245
Cooling Coil Discharge Air Temperature (°K),58262,17478600.0,1.2034974252206363,2.515894669999171,1.3123972447785348
Cooling Coil Discharge Air Temperature (°K),58264,17479200.0,3.4522882964389647,0.1658720553819574,3.2864162410570072
Cooling Coil Discharge Air Temperature (°K),58266,17479800.0,-0.9657542190414068,-0.9223691861561644,0.043385032885242425
Cooling Coil Discharge Air Temperature (°K),58412,17523600.0,-1.059755123626092,-1.0163700907408495,0.043385032885242536
Cooling Coil Discharge Air Temperature (°K),58428,17528400.0,-0.7162902799512727,-0.7054440217299518,0.010846258221320904
Cooling Coil Discharge Air Temperature (°K),58468,17540400.0,-0.49574969611796,-0.4885188573037597,0.00723083881420028
Cooling Coil Discharge Air Temperature (°K),58512,17553600.0,-0.1956698853283831,-0.1884390465141623,0.007230838814220791
Cooling Coil Discharge Air Temperature (°K),58550,17565000.0,0.8058012904392743,2.0061205335976022,1.200319243158328
Cooling Coil Discharge Air Temperature (°K),58552,17565600.0,2.656896026876199,2.7978973837532477,0.1410013568770485
Cooling Coil Discharge Air Temperature (°K),58554,17566200.0,-0.9115229279348436,-1.37068119263699,0.4591582647021464
Cooling Coil Discharge Air Temperature (°K),58696,17608800.0,-1.291141965680705,-1.215218158131541,0.07592380754916395
Cooling Coil Discharge Air Temperature (°K),58704,17611200.0,-0.8825995726780219,-0.8572916368283006,0.025307935849721352
Cooling Coil Discharge Air Temperature (°K),58836,17650800.0,-0.6078276977381664,-0.6005968589239662,0.007230838814200169
Cooling Coil Discharge Air Temperature (°K),58838,17651400.0,0.4767981243928553,1.9735817589336604,1.496783634540805
Cooling Coil Discharge Air Temperature (°K),58840,17652000.0,2.985899192922618,3.54628920102365,0.5603900081010318
Cooling Coil Discharge Air Temperature (°K),58842,17652600.0,-1.1935256416889195,-1.5080671301069175,0.314541488417998
Cooling Coil Discharge Air Temperature (°K),58986,17695800.0,-1.059755123626092,-0.9982929937053284,0.06146212992076361
Cooling Coil Discharge Air Temperature (°K),59006,17701800.0,-0.568058084260024,-0.5572118260387237,0.010846258221300364
Cooling Coil Discharge Air Temperature (°K),59096,17728800.0,-0.1992853047354832,-0.1920544659212829,0.007230838814200308
Cooling Coil Discharge Air Temperature (°K),59126,17737800.0,0.841955484510296,1.951889242491039,1.109933757980743
Cooling Coil Discharge Air Temperature (°K),59128,17738400.0,2.580972219327035,2.736435253832484,0.1554630345054493
Cooling Coil Discharge Air Temperature (°K),59130,17739000.0,-1.1754485446533989,-1.6346068093555246,0.45915826470212573
Cooling Coil Discharge Air Temperature (°K),59144,17743200.0,-1.5297596465495389,-1.4791437748500962,0.050615871699442705
Cooling Coil Discharge Air Temperature (°K),59272,17781600.0,-1.1537560282107773,-1.0633705430331923,0.09038548517758493
Cooling Coil Discharge Air Temperature (°K),59284,17785200.0,-0.582519761888445,-0.5644426648529239,0.018077097035521072
Cooling Coil Discharge Air Temperature (°K),59336,17800800.0,-0.1848236271070622,-0.1775927882928619,0.007230838814200308
Cooling Coil Discharge Air Temperature (°K),59434,17830200.0,0.223718765895621,0.2309496047098212,0.007230838814200197
Cooling Coil Discharge Air Temperature (°K),59476,17842800.0,0.5563373513491195,0.5671836095704405,0.010846258221320904
Cooling Coil Discharge Air Temperature (°K),59524,17857200.0,0.8383400651031958,0.841955484510296,0.0036154194071001955
Cooling Coil Discharge Air Temperature (°K),59570,17871000.0,1.1131119400430514,1.1167273594501514,0.0036154194071000845
Cooling Coil Discharge Air Temperature (°K),59726,17917800.0,1.3191908462479431,1.3264216850621635,0.007230838814220375
Cooling Coil Discharge Air Temperature (°K),59766,17929800.0,1.5505776883025562,1.5578085271167768,0.007230838814220597
Cooling Coil Discharge Air Temperature (°K),59808,17942400.0,1.8108878856140112,1.8181187244282115,0.007230838814200391
Cooling Coil Discharge Air Temperature (°K),59990,17997000.0,2.2375073756522155,2.805128222567448,0.5676208469152324
Cooling Coil Discharge Air Temperature (°K),59992,17997600.0,2.6388189298406983,0.2779500570021638,2.3608688728385347
Cooling Coil Discharge Air Temperature (°K),60000,18000000.0,-0.7994449263146576,-0.954907960820086,0.15546303450542842
Cooling Coil Discharge Air Temperature (°K),60138,18041400.0,-1.0669859624402924,-1.0127546713337494,0.05423129110654301
Cooling Coil Discharge Air Temperature (°K),60152,18045600.0,-0.6729052470660302,-0.6620589888447093,0.010846258221320904
Cooling Coil Discharge Air Temperature (°K),60178,18053400.0,-0.4053642109403749,-0.3981333721261746,0.00723083881420028
Cooling Coil Discharge Air Temperature (°K),60278,18083400.0,0.6611845141551257,1.9844280171549813,1.3232435029998557
Cooling Coil Discharge Air Temperature (°K),60280,18084000.0,2.725588995611163,2.895513707745033,0.16992471213387006
Cooling Coil Discharge Air Temperature (°K),60282,18084600.0,-0.5535964066316236,-1.0272163489621704,0.47361994233054683
Cooling Coil Discharge Air Temperature (°K),60426,18127800.0,-1.070601381847413,-1.0055238325195492,0.06507754932786369
Cooling Coil Discharge Air Temperature (°K),60442,18132600.0,-0.568058084260024,-0.5499809872245028,0.018077097035521184
Cooling Coil Discharge Air Temperature (°K),60472,18141600.0,-0.2426703376207257,-0.2354394988065254,0.007230838814200308
Cooling Coil Discharge Air Temperature (°K),60518,18155400.0,0.0140244402836086,0.0212552790978294,0.0072308388142208
Cooling Coil Discharge Air Temperature (°K),60566,18169800.0,1.0480343907151877,2.2555844726877368,1.207550081972549
Cooling Coil Discharge Air Temperature (°K),60568,18170400.0,3.0365150646220607,3.499288748731307,0.46277368410924646
Cooling Coil Discharge Air Temperature (°K),60570,18171000.0,-1.02360092955505,-1.461066677814575,0.437465748259525
Cooling Coil Discharge Air Temperature (°K),60712,18213600.0,-1.211602738724441,-1.124832672953956,0.08677006577048507
Cooling Coil Discharge Air Temperature (°K),60724,18217200.0,-0.6439818918092087,-0.6295202141807876,0.014461677628421099
Cooling Coil Discharge Air Temperature (°K),60772,18231600.0,-0.3402866616125111,-0.3330558227983108,0.00723083881420028
Cooling Coil Discharge Air Temperature (°K),60854,18256200.0,0.625030320084104,2.020582211226003,1.3955518911418991
Cooling Coil Discharge Air Temperature (°K),60856,18256800.0,2.920821643594754,3.4161341023679226,0.49531245877316854
Cooling Coil Discharge Air Temperature (°K),60858,18257400.0,-1.3526040956014689,-1.442989580779054,0.09038548517758516
Cooling Coil Discharge Air Temperature (°K),61000,18300000.0,-1.2043718999102202,-1.1176018341397556,0.08677006577046464
Cooling Coil Discharge Air Temperature (°K),61008,18302400.0,-0.7488290546151943,-0.7199056993583728,0.028923355256821548
Cooling Coil Discharge Air Temperature (°K),61142,18342600.0,0.4225668332863124,1.7638874333216683,1.341320600035356
Cooling Coil Discharge Air Temperature (°K),61144,18343200.0,2.5773567999199347,2.8557440942668904,0.27838729434695564
Cooling Coil Discharge Air Temperature (°K),61146,18343800.0,-0.9115229279348436,-1.3381424179730477,0.4266194900382041
Cooling Coil Discharge Air Temperature (°K),61158,18347400.0,-1.5044517106998176,-1.446605000186154,0.057846710513663746
Cooling Coil Discharge Air Temperature (°K),61292,18387600.0,-1.0922938982900137,-1.045293445997671,0.04700045229234262
Cooling Coil Discharge Air Temperature (°K),61334,18400200.0,-0.5969814395168661,-0.5861351812955452,0.010846258221320904
Cooling Coil Discharge Air Temperature (°K),61374,18412200.0,-0.1884390465141623,-0.1775927882928619,0.010846258221300392
Cooling Coil Discharge Air Temperature (°K),61438,18431400.0,0.1839491524174786,0.1911799912316788,0.007230838814200197
Cooling Coil Discharge Air Temperature (°K),61488,18446400.0,0.5093368990567769,0.5129523184638975,0.0036154194071206236
Cooling Coil Discharge Air Temperature (°K),61536,18460800.0,0.8238783874747748,0.8311092262889956,0.007230838814220819
Cooling Coil Discharge Air Temperature (°K),61570,18471000.0,1.0299572936796664,1.033572713086787,0.0036154194071207346
Cooling Coil Discharge Air Temperature (°K),61748,18524400.0,1.232420780477458,1.2360361998845786,0.0036154194071205126
Cooling Coil Discharge Air Temperature (°K),61788,18536400.0,1.4999618166031132,1.507192655417334,0.007230838814220819
Cooling Coil Discharge Air Temperature (°K),61838,18551400.0,1.7747336915429688,1.7819645303571896,0.007230838814220819
Cooling Coil Discharge Air Temperature (°K),62006,18601800.0,2.3206620220156005,3.2353631320127523,0.9147011099971518
Cooling Coil Discharge Air Temperature (°K),62008,18602400.0,3.633059266794135,-0.0763610448939764,3.7094203116881115
Cooling Coil Discharge Air Temperature (°K),62020,18606000.0,-0.5427501484103027,-0.6909823441015513,0.14823219569124868
Cooling Coil Discharge Air Temperature (°K),62038,18611400.0,-1.1682177058391985,-1.1826793834675988,0.014461677628400338
Cooling Coil Discharge Air Temperature (°K),62156,18646800.0,-1.070601381847413,-1.0344471877763708,0.036154194071042145
Cooling Coil Discharge Air Temperature (°K),62292,18687600.0,-0.8392145397927795,-0.8392145397927795,0.0
Cooling Coil Discharge Air Temperature (°K),62294,18688200.0,0.2924117346305849,1.9012733707915963,1.6088616361610115
Cooling Coil Discharge Air Temperature (°K),62298,18689400.0,-0.3185941451698899,-0.7885986680933367,0.4700045229234468
Cooling Coil Discharge Air Temperature (°K),62304,18691200.0,-1.0742168012545132,-1.2586031910167836,0.1843863897622704
Cooling Coil Discharge Air Temperature (°K),62444,18733200.0,-0.9404462831916854,-0.8934458308993428,0.04700045229234262
Cooling Coil Discharge Air Temperature (°K),62460,18738000.0,-0.5282884707819022,-0.5138267931534811,0.014461677628421099
Cooling Coil Discharge Air Temperature (°K),62488,18746400.0,-0.2282086599923047,-0.2173624017710043,0.010846258221300392
Cooling Coil Discharge Air Temperature (°K),62528,18758400.0,0.0212552790978294,0.0248706985049295,0.003615419407100102
Cooling Coil Discharge Air Temperature (°K),62582,18774600.0,0.7732625157753321,1.9880434365620812,1.214780920786749
Cooling Coil Discharge Air Temperature (°K),62584,18775200.0,2.5773567999199347,2.5520488640702133,0.025307935849721463
Cooling Coil Discharge Air Temperature (°K),62586,18775800.0,-0.9512925414129858,-1.4719129360358754,0.5206203946228896
Cooling Coil Discharge Air Temperature (°K),62734,18820200.0,-0.9512925414129858,-0.9187537667490644,0.03253877466392141
Cooling Coil Discharge Air Temperature (°K),62772,18831600.0,-0.6475973112163088,-0.6439818918092087,0.0036154194071000845
Cooling Coil Discharge Air Temperature (°K),62870,18861000.0,0.068255731390172,1.402345492611328,1.334089761221156
Cooling Coil Discharge Air Temperature (°K),62874,18862200.0,1.738579497471947,1.7421949168790472,0.0036154194071000845
Cooling Coil Discharge Air Temperature (°K),62876,18862800.0,-1.620145131727124,-1.7756081662325731,0.15546303450544907
Cooling Coil Discharge Air Temperature (°K),62886,18865800.0,-1.5369904853637393,-1.4863746136642964,0.05061587169944293
Cooling Coil Discharge Air Temperature (°K),63018,18905400.0,-1.1646022864320982,-1.110370995325535,0.05423129110656322
Cooling Coil Discharge Air Temperature (°K),63044,18913200.0,-0.6837515052873305,-0.6765206664731302,0.00723083881420028
Cooling Coil Discharge Air Temperature (°K),63090,18927000.0,-0.481288018489539,-0.4776725990824388,0.0036154194071001955
Cooling Coil Discharge Air Temperature (°K),63158,18947400.0,0.2887963152234847,1.6771173675511837,1.388321052327699
Cooling Coil Discharge Air Temperature (°K),63160,18948000.0,2.439970862450007,2.5773567999199347,0.13738593746992755
Cooling Coil Discharge Air Temperature (°K),63162,18948600.0,-1.0850630594758135,-1.6599147452052665,0.574851685729453
Cooling Coil Discharge Air Temperature (°K),63176,18952800.0,-1.518913388328218,-1.4827591942571965,0.036154194071021495
Cooling Coil Discharge Air Temperature (°K),63306,18991800.0,-1.1031401565113346,-1.045293445997671,0.057846710513663524
Cooling Coil Discharge Air Temperature (°K),63338,19001400.0,-0.6259047947736875,-0.6186739559594873,0.00723083881420028
Cooling Coil Discharge Air Temperature (°K),63386,19015800.0,-0.4342875661971964,-0.4306721467900962,0.0036154194071001955
Cooling Coil Discharge Air Temperature (°K),63450,19035000.0,-0.2679782734704471,-0.264362854063347,0.00361541940710014
Cooling Coil Discharge Air Temperature (°K),63510,19053000.0,0.1080253448683144,0.1188716030896148,0.010846258221300392
Cooling Coil Discharge Air Temperature (°K),63546,19063800.0,0.440643930321813,0.4478747691360338,0.007230838814220819
Cooling Coil Discharge Air Temperature (°K),63660,19098000.0,0.7515699993327108,0.758800838146911,0.007230838814200169
Cooling Coil Discharge Air Temperature (°K),63726,19117800.0,1.0371881324938872,1.0408035519009873,0.0036154194071000845
Cooling Coil Discharge Air Temperature (°K),63794,19138200.0,1.3444987820976644,1.3517296209118852,0.007230838814220819
Cooling Coil Discharge Air Temperature (°K),63842,19152600.0,1.5975781405949192,1.6011935600020193,0.0036154194071000845
Cooling Coil Discharge Air Temperature (°K),64022,19206600.0,2.0025051141904817,2.5773567999199347,0.574851685729453
Cooling Coil Discharge Air Temperature (°K),64024,19207200.0,2.429124604228686,2.016966791818903,0.4121578124097831
Cooling Coil Discharge Air Temperature (°K),64026,19207800.0,-0.8536762174212005,-1.1682177058391985,0.314541488417998
Cooling Coil Discharge Air Temperature (°K),64170,19251000.0,-1.1682177058391985,-1.113986414732635,0.05423129110656344
Cooling Coil Discharge Air Temperature (°K),64218,19265400.0,-0.5933660201097454,-0.5861351812955452,0.007230838814200169
Cooling Coil Discharge Air Temperature (°K),64310,19293000.0,0.3719509615868491,1.6807327869582835,1.3087818253714345
Cooling Coil Discharge Air Temperature (°K),64314,19294200.0,0.3321813481087273,-1.457451258407475,1.7896326065162023
Cooling Coil Discharge Air Temperature (°K),64456,19336800.0,-1.229679835759962,-1.1537560282107773,0.07592380754918482
Cooling Coil Discharge Air Temperature (°K),64472,19341600.0,-0.741598215800994,-0.7343673769867939,0.007230838814200169
Cooling Coil Discharge Air Temperature (°K),64598,19379400.0,-0.022129753787413,1.210728264034837,1.23285801782225
Cooling Coil Discharge Air Temperature (°K),64602,19380600.0,1.8398112408708327,1.102265681821751,0.7375455590490816
Cooling Coil Discharge Air Temperature (°K),64604,19381200.0,0.9070330338381596,0.9504180667234022,0.04338503288524265
Cooling Coil Discharge Air Temperature (°K),64606,19381800.0,-1.7503002303828517,-1.90576326488828,0.15546303450542842
Cooling Coil Discharge Air Temperature (°K),64614,19384200.0,-1.6418376481697454,-1.5622984212134603,0.07953922695628513
Cooling Coil Discharge Air Temperature (°K),64744,19423200.0,-1.2477569327954627,-1.1826793834675988,0.06507754932786391
Cooling Coil Discharge Air Temperature (°K),64886,19465800.0,-0.1631311106644409,1.1384198758927728,1.3015509865572137
Cooling Coil Discharge Air Temperature (°K),64892,19467600.0,0.91787929205946,0.9504180667234022,0.03253877466394228
Cooling Coil Discharge Air Temperature (°K),64894,19468200.0,-1.703299778090509,-1.912994103702501,0.20969432561199186
Cooling Coil Discharge Air Temperature (°K),64902,19470600.0,-1.6816072616478877,-1.5948371958774028,0.08677006577048485
Cooling Coil Discharge Air Temperature (°K),65038,19511400.0,-0.8898304114922427,-0.8572916368283006,0.03253877466394217
Cooling Coil Discharge Air Temperature (°K),65174,19552200.0,-0.036591431415834,1.2504978775129791,1.2870893089288131
Cooling Coil Discharge Air Temperature (°K),65180,19554000.0,1.3553450403189853,-1.8117623603035948,3.16710740062258
Cooling Coil Discharge Air Temperature (°K),65192,19557600.0,-1.5948371958774028,-1.5514521629921605,0.043385032885242314
Cooling Coil Discharge Air Temperature (°K),65320,19596000.0,-1.2260644163528414,-1.139294350582377,0.08677006577046442
Cooling Coil Discharge Air Temperature (°K),65328,19598400.0,-0.7994449263146576,-0.7777524098720363,0.021692516442621268
Cooling Coil Discharge Air Temperature (°K),65522,19656600.0,-0.3836716944977536,-0.3764408556835534,0.0072308388142002245
Cooling Coil Discharge Air Temperature (°K),65586,19675800.0,-0.0510531090442345,-0.0438222702300343,0.007230838814200197
Cooling Coil Discharge Air Temperature (°K),65786,19735800.0,0.1767183136032783,0.1803337330103784,0.0036154194071000845
Cooling Coil Discharge Air Temperature (°K),65830,19749000.0,0.38279721980817,0.3864126392152701,0.0036154194071000845
Cooling Coil Discharge Air Temperature (°K),65870,19761000.0,0.5744144483846406,0.5780298677917408,0.0036154194071001955
Cooling Coil Discharge Air Temperature (°K),66038,19811400.0,1.1275736176714724,2.165198987510152,1.0376253698386797
Cooling Coil Discharge Air Temperature (°K),66042,19812600.0,1.648194012294362,-0.3583637586480322,2.0065577709423943
Cooling Coil Discharge Air Temperature (°K),66052,19815600.0,-1.1031401565113346,-1.2622186104238835,0.15907845391254893
Cooling Coil Discharge Air Temperature (°K),66184,19855200.0,-1.229679835759962,-1.160986867024998,0.068692968734964
Cooling Coil Discharge Air Temperature (°K),66326,19897800.0,-0.0727456254868558,1.5505776883025562,1.6233233137894119
Cooling Coil Discharge Air Temperature (°K),66330,19899000.0,0.3068734122589853,-1.070601381847413,1.3774747941063983
Cooling Coil Discharge Air Temperature (°K),66474,19942200.0,-1.2224489969457413,-1.1754485446533989,0.0470004522923424
Cooling Coil Discharge Air Temperature (°K),66560,19968000.0,-0.8428299591998796,-0.8319837009785792,0.010846258221300364
Cooling Coil Discharge Air Temperature (°K),66590,19977000.0,-0.5463655678174028,-0.5391347290032025,0.00723083881420028
Cooling Coil Discharge Air Temperature (°K),66614,19984200.0,0.6539536753409254,2.038659308261524,1.3847056329205985
Cooling Coil Discharge Air Temperature (°K),66616,19984800.0,2.9425141600373754,3.4378266188105435,0.4953124587731681
Cooling Coil Discharge Air Temperature (°K),66618,19985400.0,-1.298372804494926,-1.442989580779054,0.14461677628412795
Cooling Coil Discharge Air Temperature (°K),66764,20029200.0,-0.9512925414129858,-0.9042920891206432,0.04700045229234262
Cooling Coil Discharge Air Temperature (°K),66792,20037600.0,-0.5535964066316236,-0.5463655678174028,0.007230838814220819
Cooling Coil Discharge Air Temperature (°K),66822,20046600.0,-0.2932862093201684,-0.2860553705059682,0.0072308388142002245
Cooling Coil Discharge Air Temperature (°K),66858,20057400.0,-0.0510531090442345,-0.0474376896371344,0.0036154194071000983
Cooling Coil Discharge Air Temperature (°K),66902,20070600.0,0.7624162575540318,1.9374275648626385,1.1750113073086066
Cooling Coil Discharge Air Temperature (°K),66904,20071200.0,2.6315880910264777,2.870205771895312,0.23861768086883428
Cooling Coil Discharge Air Temperature (°K),66906,20071800.0,-1.4285279031506328,-1.7286077139402305,0.30007981078959767
Cooling Coil Discharge Air Temperature (°K),66918,20075400.0,-1.5550675823992604,-1.5044517106998176,0.050615871699442705
Cooling Coil Discharge Air Temperature (°K),67050,20115000.0,-1.059755123626092,-0.9982929937053284,0.06146212992076361
Cooling Coil Discharge Air Temperature (°K),67062,20118600.0,-0.6439818918092087,-0.6259047947736875,0.018077097035521184
Cooling Coil Discharge Air Temperature (°K),67086,20125800.0,-0.3655945974622325,-0.3547483392409321,0.01084625822130042
Cooling Coil Discharge Air Temperature (°K),67122,20136600.0,-0.0438222702300343,-0.036591431415834,0.007230838814200301
Cooling Coil Discharge Air Temperature (°K),67190,20157000.0,0.7154158052616891,2.049505566482845,1.334089761221156
Cooling Coil Discharge Air Temperature (°K),67192,20157600.0,2.895513707745033,3.2859790037121948,0.39046529596716173
Cooling Coil Discharge Air Temperature (°K),67194,20158200.0,-1.5406059047708394,-1.7647619080112522,0.22415600324041285
Cooling Coil Discharge Air Temperature (°K),67204,20161200.0,-1.620145131727124,-1.5695292600276811,0.05061587169944293
Cooling Coil Discharge Air Temperature (°K),67338,20201400.0,-1.0344471877763708,-0.969369638448507,0.0650775493278638
Cooling Coil Discharge Air Temperature (°K),67356,20206800.0,-0.510211373746381,-0.4993651155250601,0.010846258221320959
Cooling Coil Discharge Air Temperature (°K),67402,20220600.0,-0.0691302060797556,-0.0618993672655554,0.007230838814200204
Cooling Coil Discharge Air Temperature (°K),67504,20251200.0,0.2779500570021638,0.281565476409264,0.0036154194071001955
Cooling Coil Discharge Air Temperature (°K),67550,20265000.0,0.5635681901633403,0.5744144483846406,0.010846258221300364
Cooling Coil Discharge Air Temperature (°K),67586,20275800.0,0.8455709039173961,0.8528017427316169,0.007230838814220819
Cooling Coil Discharge Air Temperature (°K),67620,20286000.0,1.0408035519009873,1.0444189713080876,0.0036154194071003065
Cooling Coil Discharge Air Temperature (°K),67690,20307000.0,1.1926511669993365,1.1962665864064363,0.0036154194070998624
Cooling Coil Discharge Air Temperature (°K),67848,20354400.0,1.5361160106741556,1.5433468494883558,0.007230838814200169
Cooling Coil Discharge Air Temperature (°K),67966,20389800.0,1.8542729184992537,1.8578883379063535,0.0036154194070998624
Cooling Coil Discharge Air Temperature (°K),68054,20416200.0,2.382124151936344,3.130515969206746,0.7483918172704018
Cooling Coil Discharge Air Temperature (°K),68056,20416800.0,3.6836751384935775,-0.6186739559594873,4.3023490944530645
Cooling Coil Discharge Air Temperature (°K),68064,20419200.0,-1.041678026590571,-1.2513723522025832,0.2096943256120123
Cooling Coil Discharge Air Temperature (°K),68202,20460600.0,-1.121217253546856,-1.059755123626092,0.06146212992076405
Cooling Coil Discharge Air Temperature (°K),68220,20466000.0,-0.6259047947736875,-0.6150585365523666,0.010846258221320904
Cooling Coil Discharge Air Temperature (°K),68278,20483400.0,-0.3619791780551323,-0.3547483392409321,0.0072308388142002245
Cooling Coil Discharge Air Temperature (°K),68342,20502600.0,0.6431074171196045,1.96273550071236,1.3196280835927554
Cooling Coil Discharge Air Temperature (°K),68344,20503200.0,2.765358609089305,3.1015926139499244,0.33623400486061916
Cooling Coil Discharge Air Temperature (°K),68346,20503800.0,-1.121217253546856,-1.4212970643364329,0.3000798107895768
Cooling Coil Discharge Air Temperature (°K),68358,20507400.0,-1.5044517106998176,-1.4682975166287753,0.03615419407104237
Cooling Coil Discharge Air Temperature (°K),68490,20547000.0,-1.146525189396577,-1.0886784788829136,0.057846710513663524
Cooling Coil Discharge Air Temperature (°K),68526,20557800.0,-0.7199056993583728,-0.7090594411370724,0.010846258221300364
Cooling Coil Discharge Air Temperature (°K),68630,20589000.0,0.3900280586223703,1.9012733707915963,1.511245312169226
Cooling Coil Discharge Air Temperature (°K),68632,20589600.0,2.931667901816075,3.445057457624744,0.513389555808669
Cooling Coil Discharge Air Temperature (°K),68634,20590200.0,-1.215218158131541,-1.5948371958774028,0.3796190377458617
Cooling Coil Discharge Air Temperature (°K),68778,20633400.0,-1.1573714476178776,-1.0995247371042345,0.057846710513643096
Cooling Coil Discharge Air Temperature (°K),68812,20643600.0,-0.6909823441015513,-0.6801360858802304,0.010846258221320904
Cooling Coil Discharge Air Temperature (°K),68918,20675400.0,0.3900280586223703,1.879580854348975,1.4895527957266046
Cooling Coil Discharge Air Temperature (°K),68920,20676000.0,2.8629749330811114,3.390826166518201,0.5278512334370897
Cooling Coil Discharge Air Temperature (°K),68922,20676600.0,-1.1501406088036772,-1.5369904853637393,0.3868498765600621
Cooling Coil Discharge Air Temperature (°K),69066,20719800.0,-1.059755123626092,-1.0019084131124285,0.057846710513663524
Cooling Coil Discharge Air Temperature (°K),69096,20728800.0,-0.5319038901890023,-0.5210576319676814,0.010846258221320904
Cooling Coil Discharge Air Temperature (°K),69138,20741400.0,-0.1884390465141623,-0.181208207699962,0.007230838814200308
Cooling Coil Discharge Air Temperature (°K),69206,20761800.0,0.6358765783054043,1.8108878856140112,1.1750113073086068
Cooling Coil Discharge Air Temperature (°K),69208,20762400.0,2.418278346007386,2.4942021535565497,0.07592380754916395
Cooling Coil Discharge Air Temperature (°K),69210,20763000.0,-1.1176018341397556,-1.6707610034265667,0.5531591692868112
Cooling Coil Discharge Air Temperature (°K),69220,20766000.0,-1.612914292912924,-1.5586830018063604,0.05423129110656366
Cooling Coil Discharge Air Temperature (°K),69356,20806800.0,-1.052524284811892,-1.0127546713337494,0.039769613478142674
Cooling Coil Discharge Air Temperature (°K),69418,20825400.0,-0.5861351812955452,-0.5789043424813449,0.00723083881420028
Cooling Coil Discharge Air Temperature (°K),69500,20850000.0,-0.3909025333119538,-0.3836716944977536,0.007230838814200169
Cooling Coil Discharge Air Temperature (°K),69534,20860200.0,-0.1342077554076194,-0.1233614971863191,0.010846258221300295
Cooling Coil Discharge Air Temperature (°K),69570,20871000.0,0.1803337330103784,0.1875645718245787,0.007230838814200308
Cooling Coil Discharge Air Temperature (°K),69608,20882400.0,0.4948752214283764,0.5021060602425766,0.0072308388142002245
Cooling Coil Discharge Air Temperature (°K),69666,20899800.0,0.8311092262889956,0.8383400651031958,0.007230838814200169
Cooling Coil Discharge Air Temperature (°K),69806,20941800.0,1.0263418742725663,1.0299572936796664,0.0036154194071000845
Cooling Coil Discharge Air Temperature (°K),69854,20956200.0,1.2034974252206363,1.210728264034837,0.007230838814200613
Cooling Coil Discharge Air Temperature (°K),69906,20971800.0,1.4276534284610494,1.4312688478681497,0.0036154194071003065
Cooling Coil Discharge Air Temperature (°K),70070,21021000.0,1.95912008130526,2.7762048673106263,0.8170847860053663
Cooling Coil Discharge Air Temperature (°K),70072,21021600.0,2.9352833212231757,0.1044099254611938,2.830873395761982
Cooling Coil Discharge Air Temperature (°K),70082,21024600.0,-0.9404462831916854,-1.0886784788829136,0.14823219569122814
Cooling Coil Discharge Air Temperature (°K),70216,21064800.0,-1.215218158131541,-1.142909769989477,0.07230838814206408
Cooling Coil Discharge Air Temperature (°K),70228,21068400.0,-0.7596753128365152,-0.7452136352080941,0.014461677628421099
Cooling Coil Discharge Air Temperature (°K),70358,21107400.0,0.2851808958163641,1.7675028527287686,1.4823219569124046
Cooling Coil Discharge Air Temperature (°K),70360,21108000.0,2.6388189298406983,2.8882828689308324,0.2494639390901341
Cooling Coil Discharge Air Temperature (°K),70362,21108600.0,-0.2679782734704471,-1.0019084131124285,0.7339301396419814
Cooling Coil Discharge Air Temperature (°K),70506,21151800.0,-1.211602738724441,-1.1646022864320982,0.04700045229234284
Cooling Coil Discharge Air Temperature (°K),70646,21193800.0,0.0899482478327933,1.6735019481440834,1.58355370031129
Cooling Coil Discharge Air Temperature (°K),70648,21194400.0,2.711127317982762,3.20282435734883,0.491697039366068
Cooling Coil Discharge Air Temperature (°K),70650,21195000.0,-0.5752889230742448,-1.1682177058391985,0.5929287827649536
Cooling Coil Discharge Air Temperature (°K),70792,21237600.0,-1.3056036433091265,-1.2332952551670622,0.0723083881420643
Cooling Coil Discharge Air Temperature (°K),70934,21280200.0,0.0284861179120296,1.648194012294362,1.6197078943823322
Cooling Coil Discharge Air Temperature (°K),70936,21280800.0,2.6930502209472413,3.188362679720409,0.49531245877316765
Cooling Coil Discharge Air Temperature (°K),70938,21281400.0,-0.8536762174212005,-1.5044517106998176,0.6507754932786172
Cooling Coil Discharge Air Temperature (°K),71082,21324600.0,-1.215218158131541,-1.1646022864320982,0.05061587169944293
Cooling Coil Discharge Air Temperature (°K),71222,21366600.0,0.0357169567262299,1.7494257556932475,1.7137087989670177
Cooling Coil Discharge Air Temperature (°K),71224,21367200.0,2.8918982883379325,3.473980812881586,0.5820825245436536
Cooling Coil Discharge Air Temperature (°K),71226,21367800.0,-1.4176816449293326,-1.5622984212134603,0.14461677628412772
Cooling Coil Discharge Air Temperature (°K),71372,21411600.0,-1.0886784788829136,-1.045293445997671,0.043385032885242536
Cooling Coil Discharge Air Temperature (°K),71444,21433200.0,-0.6186739559594873,-0.6078276977381664,0.010846258221320904
Cooling Coil Discharge Air Temperature (°K),71528,21458400.0,-0.3402866616125111,-0.3330558227983108,0.00723083881420028
Cooling Coil Discharge Air Temperature (°K),71564,21469200.0,0.0176398596907293,0.0284861179120296,0.010846258221300299
Cooling Coil Discharge Air Temperature (°K),71614,21484200.0,0.4334130915076127,0.440643930321813,0.00723083881420028
Cooling Coil Discharge Air Temperature (°K),71672,21501600.0,0.7877241934037531,0.7949550322179534,0.00723083881420028
Cooling Coil Discharge Air Temperature (°K),71754,21526200.0,1.1203427788572515,1.1239581982643725,0.0036154194071209567
Cooling Coil Discharge Air Temperature (°K),71808,21542400.0,1.2974983298053218,1.3011137492124218,0.0036154194071000845
Cooling Coil Discharge Air Temperature (°K),71848,21554400.0,1.478269300160492,1.485500138974713,0.007230838814220819
Cooling Coil Discharge Air Temperature (°K),71904,21571200.0,1.7458103362861477,1.7494257556932475,0.0036154194070998624
Cooling Coil Discharge Air Temperature (°K),72110,21633000.0,1.9229658872342172,1.926581306641317,0.0036154194070998624
Cooling Coil Discharge Air Temperature (°K),72164,21649200.0,2.024197630633103,-2.021456685915607,4.04565431654871
Cooling Coil Discharge Air Temperature (°K),72184,21655200.0,-1.970840814216144,-1.90214784548118,0.068692968734964
Cooling Coil Discharge Air Temperature (°K),72190,21657000.0,-1.1356789311752562,-0.3113633063556896,0.8243156248195667
Cooling Coil Discharge Air Temperature (°K),72192,21657600.0,0.3864126392152701,1.1528815535211938,0.7664689143059238
Cooling Coil Discharge Air Temperature (°K),72194,21658200.0,1.948273823083939,2.6930502209472413,0.7447763978633024
Cooling Coil Discharge Air Temperature (°K),72196,21658800.0,-2.021456685915607,-2.021456685915607,0.0
Cooling Coil Discharge Air Temperature (°K),72212,21663600.0,-1.9455328783664223,-1.602068034691603,0.34346484367481933
Cooling Coil Discharge Air Temperature (°K),72218,21665400.0,-0.9621387996343068,-0.5716735036671241,0.3904652959671827
Cooling Coil Discharge Air Temperature (°K),72220,21666000.0,-0.2282086599923047,0.1297178613109357,0.35792652130324043
Cooling Coil Discharge Air Temperature (°K),72224,21667200.0,1.1384198758927728,0.1767183136032783,0.9617015622894945
Cooling Coil Discharge Air Temperature (°K),72226,21667800.0,-2.021456685915607,-2.021456685915607,0.0
Cooling Coil Discharge Air Temperature (°K),72252,21675600.0,-1.674376422833667,-1.5984526152845029,0.07592380754916417
Cooling Coil Discharge Air Temperature (°K),72260,21678000.0,-1.045293445997671,-0.969369638448507,0.07592380754916406
Cooling Coil Discharge Air Temperature (°K),72268,21680400.0,-0.510211373746381,-0.4559800826398176,0.05423129110656344
Cooling Coil Discharge Air Temperature (°K),72282,21684600.0,0.2020262494529997,0.2490267017453423,0.04700045229234259
Cooling Coil Discharge Air Temperature (°K),72284,21685200.0,-2.021456685915607,-2.021456685915607,0.0
Cooling Coil Discharge Air Temperature (°K),72310,21693000.0,-1.981687072437465,-1.912994103702501,0.068692968734964
Cooling Coil Discharge Air Temperature (°K),72318,21695400.0,-1.3453732567872685,-1.2622186104238835,0.08315464636338499
Cooling Coil Discharge Air Temperature (°K),72330,21699000.0,-0.5174422125605813,-0.4704417602682386,0.04700045229234273
Cooling Coil Discharge Air Temperature (°K),72348,21704400.0,0.1044099254611938,-1.2766802880523047,1.3810902135134986
Cooling Coil Discharge Air Temperature (°K),72356,21706800.0,-2.140765526350014,-2.379383207218827,0.23861768086881296
Cooling Coil Discharge Air Temperature (°K),72372,21711600.0,-2.187765978642356,-2.144380945757114,0.04338503288524187
Cooling Coil Discharge Air Temperature (°K),72374,21712200.0,0.0393323761333506,1.8361958214637328,1.7968634453303822
Cooling Coil Discharge Air Temperature (°K),72376,21712800.0,3.3980570053324013,2.909975385373454,0.4880816199589475
Cooling Coil Discharge Air Temperature (°K),72378,21713400.0,-0.264362854063347,-0.5174422125605813,0.25307935849723434
Cooling Coil Discharge Air Temperature (°K),72386,21715800.0,-0.2715936928775472,-0.4270567273829961,0.1554630345054489
Cooling Coil Discharge Air Temperature (°K),72390,21717000.0,-0.969369638448507,-1.124832672953956,0.15546303450544896
Cooling Coil Discharge Air Temperature (°K),72442,21732600.0,-1.291141965680705,-1.301988223902026,0.010846258221320904
Cooling Coil Discharge Air Temperature (°K),72522,21756600.0,-1.20075648050312,-1.146525189396577,0.05423129110654279
Cooling Coil Discharge Air Temperature (°K),72662,21798600.0,0.068255731390172,1.6843482063653836,1.6160924749752117
Cooling Coil Discharge Air Temperature (°K),72664,21799200.0,2.6496651880619986,2.7689740284964053,0.1193088404344067
Cooling Coil Discharge Air Temperature (°K),72666,21799800.0,-0.1884390465141623,-0.568058084260024,0.3796190377458617
Cooling Coil Discharge Air Temperature (°K),72668,21800400.0,-0.813906603943058,-0.8862149920851221,0.07230838814206408
Cooling Coil Discharge Air Temperature (°K),72808,21842400.0,-1.273064868645184,-1.2079873193173407,0.06507754932784326
Cooling Coil Discharge Air Temperature (°K),72950,21885000.0,-0.1414385942218196,1.510808074824434,1.6522466690462534
Cooling Coil Discharge Air Temperature (°K),72954,21886200.0,-0.3294404033912108,-1.3526040956014689,1.023163692210258
Cooling Coil Discharge Air Temperature (°K),73100,21930000.0,-1.121217253546856,-1.0814476400687134,0.039769613478142674
Cooling Coil Discharge Air Temperature (°K),73148,21944400.0,-0.723521118765473,-0.7199056993583728,0.0036154194071001955
Cooling Coil Discharge Air Temperature (°K),73184,21955200.0,-0.506595954339281,-0.4993651155250601,0.007230838814220875
Cooling Coil Discharge Air Temperature (°K),73238,21971400.0,0.3249505092945065,1.7964262079855902,1.4714756986910837
Cooling Coil Discharge Air Temperature (°K),73240,21972000.0,2.653280607469099,2.953360418258697,0.3000798107895979
Cooling Coil Discharge Air Temperature (°K),73242,21972600.0,-1.0669859624402924,-1.3453732567872685,0.27838729434697607
Cooling Coil Discharge Air Temperature (°K),73388,22016400.0,-1.0922938982900137,-1.052524284811892,0.03976961347812158
Cooling Coil Discharge Air Temperature (°K),73430,22029000.0,-0.6186739559594873,-0.6114431171452666,0.007230838814220708
Cooling Coil Discharge Air Temperature (°K),73488,22046400.0,-0.2499011764349259,-0.2426703376207257,0.007230838814200197
Cooling Coil Discharge Air Temperature (°K),73556,22066800.0,0.1622566359748573,0.1694874747890575,0.0072308388142002245
Cooling Coil Discharge Air Temperature (°K),73600,22080000.0,0.5418756737207191,0.5491065125349193,0.007230838814200169
Cooling Coil Discharge Air Temperature (°K),73648,22094400.0,0.8708788397671174,0.8781096785813383,0.007230838814220819
Cooling Coil Discharge Air Temperature (°K),73686,22105800.0,1.0805731653791295,1.0841885847862298,0.0036154194071003065
Cooling Coil Discharge Air Temperature (°K),73732,22119600.0,1.2721903939556003,1.2758058133627006,0.0036154194071003065
Cooling Coil Discharge Air Temperature (°K),73788,22136400.0,1.4529613643107706,1.456576783717871,0.0036154194071003065
Cooling Coil Discharge Air Temperature (°K),73848,22154400.0,1.6120398182233198,1.6156552376304198,0.0036154194071000845
Cooling Coil Discharge Air Temperature (°K),73932,22179600.0,1.8759654349418748,1.879580854348975,0.0036154194071000845
Cooling Coil Discharge Air Temperature (°K),74102,22230600.0,2.3098157637942798,2.920821643594754,0.6110058798004743
Cooling Coil Discharge Air Temperature (°K),74104,22231200.0,2.9063599659663333,-0.1667465300715616,3.073106496037895
Cooling Coil Discharge Air Temperature (°K),74114,22234200.0,-0.7669061516507154,-0.9296000249703644,0.16269387331964902
Cooling Coil Discharge Air Temperature (°K),74116,22234800.0,-1.1537560282107773,-1.9238403619238007,0.7700843337130234
Cooling Coil Discharge Air Temperature (°K),74120,22236000.0,-1.8406857155604368,-1.6092988735058031,0.23138684205463367
Cooling Coil Discharge Air Temperature (°K),74130,22239000.0,-1.0308317683692707,-1.2224489969457413,0.19161722857647057
Cooling Coil Discharge Air Temperature (°K),74254,22276200.0,-0.9440617025987856,-0.9223691861561644,0.021692516442621268
Cooling Coil Discharge Air Temperature (°K),74304,22291200.0,-0.640366472402088,-0.6367510529949879,0.0036154194071000845
Cooling Coil Discharge Air Temperature (°K),74390,22317000.0,0.2851808958163641,1.803657046799811,1.5184761509834468
Cooling Coil Discharge Air Temperature (°K),74392,22317600.0,2.7436660926466843,3.1702855826848886,0.4266194900382043
Cooling Coil Discharge Air Temperature (°K),74394,22318200.0,-0.7162902799512727,-1.0380626071834709,0.3217723272321982
Cooling Coil Discharge Air Temperature (°K),74538,22361400.0,-1.1573714476178776,-1.0995247371042345,0.057846710513643096
Cooling Coil Discharge Air Temperature (°K),74548,22364400.0,-0.8283682815714791,-0.813906603943058,0.014461677628421099
Cooling Coil Discharge Air Temperature (°K),74678,22403400.0,0.2128725076743001,1.7132715616222258,1.5003990539479257
Cooling Coil Discharge Air Temperature (°K),74680,22404000.0,2.6460497686548985,2.967822095887097,0.3217723272321984
Cooling Coil Discharge Air Temperature (°K),74682,22404600.0,-0.8247528621643789,-1.4176816449293326,0.5929287827649536
Cooling Coil Discharge Air Temperature (°K),74696,22408800.0,-1.5586830018063604,-1.5080671301069175,0.05061587169944293
Cooling Coil Discharge Air Temperature (°K),74826,22447800.0,-1.132063511768156,-1.070601381847413,0.06146212992074296
Cooling Coil Discharge Air Temperature (°K),74844,22453200.0,-0.6548281500305091,-0.6439818918092087,0.010846258221300364
Cooling Coil Discharge Air Temperature (°K),74892,22467600.0,-0.3402866616125111,-0.3330558227983108,0.00723083881420028
Cooling Coil Discharge Air Temperature (°K),74966,22489800.0,0.5816452871988614,1.9085042096057965,1.326858922406935
Cooling Coil Discharge Air Temperature (°K),74968,22490400.0,2.721973576204063,3.0292842258078605,0.3073106496037976
Cooling Coil Discharge Air Temperature (°K),74970,22491000.0,-1.0380626071834709,-1.4755283554429754,0.43746574825950457
Cooling Coil Discharge Air Temperature (°K),74982,22494600.0,-1.5116825495140178,-1.4682975166287753,0.043385032885242536
Cooling Coil Discharge Air Temperature (°K),75116,22534800.0,-1.0886784788829136,-1.0489088654047918,0.0397696134781218
Cooling Coil Discharge Air Temperature (°K),75146,22543800.0,-0.6078276977381664,-0.6005968589239662,0.007230838814200169
Cooling Coil Discharge Air Temperature (°K),75184,22555200.0,-0.3330558227983108,-0.3222095645769899,0.010846258221320904
Cooling Coil Discharge Air Temperature (°K),75254,22576200.0,0.6720307723764466,1.95912008130526,1.2870893089288136
Cooling Coil Discharge Air Temperature (°K),75256,22576800.0,2.740050673239584,3.054592161657582,0.3145414884179978
Cooling Coil Discharge Air Temperature (°K),75258,22577400.0,-1.009139251926649,-1.3851428702653903,0.3760036183387412
Cooling Coil Discharge Air Temperature (°K),75402,22620600.0,-1.0959093176971344,-1.0344471877763708,0.06146212992076361
Cooling Coil Discharge Air Temperature (°K),75428,22628400.0,-0.510211373746381,-0.49574969611796,0.014461677628421044
Cooling Coil Discharge Air Temperature (°K),75482,22644600.0,-0.0582839478584553,-0.0474376896371344,0.010846258221320904
Cooling Coil Discharge Air Temperature (°K),75532,22659600.0,0.3321813481087273,0.3394121869229275,0.0072308388142002245
Cooling Coil Discharge Air Temperature (°K),75580,22674000.0,0.7262620634829895,0.7334929022971897,0.007230838814200169
Cooling Coil Discharge Air Temperature (°K),75628,22688400.0,1.1275736176714724,1.1348044564856727,0.007230838814200391
Cooling Coil Discharge Air Temperature (°K),75656,22696800.0,1.3517296209118852,1.3589604597260854,0.007230838814200169
Cooling Coil Discharge Air Temperature (°K),75690,22707000.0,1.5686547853380772,1.575885624152298,0.007230838814220819
Cooling Coil Discharge Air Temperature (°K),75808,22742400.0,1.79281078857849,1.7964262079855902,0.0036154194071000845
Cooling Coil Discharge Air Temperature (°K),75880,22764000.0,1.948273823083939,1.955504661898139,0.007230838814200169
Cooling Coil Discharge Air Temperature (°K),75932,22779600.0,2.179660665138552,2.179660665138552,0.0
Cooling Coil Discharge Air Temperature (°K),76120,22836000.0,2.66412686569042,-0.253516595842026,2.917643461532446
Cooling Coil Discharge Air Temperature (°K),76130,22839000.0,-0.9404462831916854,-1.121217253546856,0.18077097035517065
Cooling Coil Discharge Air Temperature (°K),76268,22880400.0,-1.059755123626092,-1.0199855101479498,0.03976961347814223
Cooling Coil Discharge Air Temperature (°K),76290,22887000.0,-0.6837515052873305,-0.6765206664731302,0.00723083881420028
Cooling Coil Discharge Air Temperature (°K),76324,22897200.0,-0.4415184050114171,-0.4342875661971964,0.007230838814220708
Cooling Coil Discharge Air Temperature (°K),76406,22921800.0,0.4225668332863124,1.5831164629664982,1.1605496296801858
Cooling Coil Discharge Air Temperature (°K),76410,22923000.0,1.5325005912670555,1.5144234942315344,0.018077097035521072
Cooling Coil Discharge Air Temperature (°K),76412,22923600.0,-1.515297968921118,-1.746684810975731,0.23138684205461302
Cooling Coil Discharge Air Temperature (°K),76422,22926600.0,-1.5225288077353387,-1.4719129360358754,0.050615871699463355
Cooling Coil Discharge Air Temperature (°K),76554,22966200.0,-1.2043718999102202,-1.1501406088036772,0.05423129110654301
Cooling Coil Discharge Air Temperature (°K),76562,22968600.0,-0.9332154443774648,-0.915138347341964,0.018077097035500866
Cooling Coil Discharge Air Temperature (°K),76618,22985400.0,-0.5716735036671241,-0.568058084260024,0.0036154194071000845
Cooling Coil Discharge Air Temperature (°K),76694,23008200.0,0.2743346375950637,1.6048089794091196,1.3304743418140559
Cooling Coil Discharge Air Temperature (°K),76698,23009400.0,1.0299572936796664,-1.6490684869839456,2.679025780663612
Cooling Coil Discharge Air Temperature (°K),76710,23013000.0,-1.5406059047708394,-1.4899900330713969,0.05061587169944248
Cooling Coil Discharge Air Temperature (°K),76840,23052000.0,-1.1899102222818196,-1.1067555759184349,0.08315464636338477
Cooling Coil Discharge Air Temperature (°K),76860,23058000.0,-0.5933660201097454,-0.582519761888445,0.010846258221300364
Cooling Coil Discharge Air Temperature (°K),76912,23073600.0,-0.2101315629567835,-0.2029007241425833,0.007230838814200197
Cooling Coil Discharge Air Temperature (°K),76980,23094000.0,0.151410377753557,0.1550257971606571,0.0036154194071000845
Cooling Coil Discharge Air Temperature (°K),76982,23094600.0,0.7913396128108532,1.7855799497642897,0.9942403369534365
Cooling Coil Discharge Air Temperature (°K),76984,23095200.0,2.2230456980237943,2.1615835681030515,0.061462129920742736
Cooling Coil Discharge Air Temperature (°K),76986,23095800.0,-1.273064868645184,-1.963609975401944,0.6905451067567601
Cooling Coil Discharge Air Temperature (°K),77000,23100000.0,-1.5767600988418815,-1.5116825495140178,0.06507754932786369
Cooling Coil Discharge Air Temperature (°K),77016,23104800.0,-1.059755123626092,-1.0127546713337494,0.04700045229234262
Cooling Coil Discharge Air Temperature (°K),77024,23107200.0,-0.7018286023228517,-0.6584435694376092,0.043385032885242536
Cooling Coil Discharge Air Temperature (°K),77130,23139000.0,-0.0402068508229341,0.0140244402836086,0.0542312911065427
Cooling Coil Discharge Air Temperature (°K),77184,23155200.0,0.3791818004010699,0.3791818004010699,0.0
Cooling Coil Discharge Air Temperature (°K),77270,23181000.0,0.946802647316302,1.7313486586577262,0.7845460113414242
Cooling Coil Discharge Air Temperature (°K),77274,23182200.0,1.803657046799811,-1.9274557813309008,3.731112828130712
Cooling Coil Discharge Air Temperature (°K),77286,23185800.0,-1.6562993257981458,-1.5803755182489818,0.07592380754916395
Cooling Coil Discharge Air Temperature (°K),77414,23224200.0,-1.2188335775386412,-1.0669859624402924,0.15184761509834876
Cooling Coil Discharge Air Temperature (°K),77418,23225400.0,-0.7307519575796732,-0.6475973112163088,0.08315464636336434
Cooling Coil Discharge Air Temperature (°K),77442,23232600.0,-0.0691302060797556,-0.0582839478584553,0.010846258221300302
Cooling Coil Discharge Air Temperature (°K),77498,23249400.0,0.2887963152234847,0.296027154037685,0.00723083881420028
Cooling Coil Discharge Air Temperature (°K),77564,23269200.0,0.5165677378709976,0.5201831572780978,0.0036154194071001955
Cooling Coil Discharge Air Temperature (°K),77634,23290200.0,0.7081849664474683,0.7118003858545684,0.0036154194071000845
Cooling Coil Discharge Air Temperature (°K),77680,23304000.0,0.8528017427316169,0.856417162138717,0.0036154194071000845
Cooling Coil Discharge Air Temperature (°K),77908,23372400.0,1.0588806489365086,1.0624960683436089,0.0036154194071003065
Cooling Coil Discharge Air Temperature (°K),77954,23386200.0,1.2721903939556003,1.2758058133627006,0.0036154194071003065
Cooling Coil Discharge Air Temperature (°K),78134,23440200.0,1.6626556899227625,2.215814859209594,0.5531591692868316
Cooling Coil Discharge Air Temperature (°K),78138,23441400.0,1.6445785928872618,-0.8247528621643789,2.4693314550516408
Cooling Coil Discharge Air Temperature (°K),78282,23484600.0,-1.2332952551670622,-1.1862948028747196,0.04700045229234262
Cooling Coil Discharge Air Temperature (°K),78318,23495400.0,-0.9006766697135431,-0.8934458308993428,0.00723083881420028
Cooling Coil Discharge Air Temperature (°K),78384,23515200.0,-0.5319038901890023,-0.5210576319676814,0.010846258221320904
Cooling Coil Discharge Air Temperature (°K),78422,23526600.0,0.4876443826141556,1.8434266602779328,1.3557822776637771
Cooling Coil Discharge Air Temperature (°K),78424,23527200.0,2.6062801551767563,2.7725894479035262,0.16630929272676997
Cooling Coil Discharge Air Temperature (°K),78426,23527800.0,-0.8681378950496215,-1.3272961597517474,0.45915826470212595
Cooling Coil Discharge Air Temperature (°K),78568,23570400.0,-1.1899102222818196,-1.1031401565113346,0.08677006577048507
Cooling Coil Discharge Air Temperature (°K),78574,23572200.0,-0.8211374427572583,-0.7813678292791365,0.0397696134781218
Cooling Coil Discharge Air Temperature (°K),78600,23580000.0,-0.3836716944977536,-0.3764408556835534,0.0072308388142002245
Cooling Coil Discharge Air Temperature (°K),78710,23613000.0,0.0827174090185931,0.9070330338381596,0.8243156248195664
Cooling Coil Discharge Air Temperature (°K),78716,23614800.0,0.2454112823382422,-0.3149787257627897,0.5603900081010319
Cooling Coil Discharge Air Temperature (°K),78726,23617800.0,0.5671836095704405,-1.862378232003058,2.4295618415734985
Cooling Coil Discharge Air Temperature (°K),78732,23619600.0,-1.5731446794347814,-1.2947573850878054,0.27838729434697607
Cooling Coil Discharge Air Temperature (°K),78742,23622600.0,-1.1356789311752562,-1.1935256416889195,0.0578467105136633
Cooling Coil Discharge Air Temperature (°K),78842,23652600.0,-0.9476771220058856,-0.8247528621643789,0.12292425984150668
Cooling Coil Discharge Air Temperature (°K),78848,23654400.0,0.0284861179120296,0.1803337330103784,0.1518476150983488
Cooling Coil Discharge Air Temperature (°K),78998,23699400.0,0.6575690947480256,1.2143436834419574,0.5567745886939318
Cooling Coil Discharge Air Temperature (°K),79002,23700600.0,1.2974983298053218,0.5924915454201618,0.70500678438516
Cooling Coil Discharge Air Temperature (°K),79010,23703000.0,0.1658720553819574,0.2924117346305849,0.1265396792486275
Cooling Coil Discharge Air Temperature (°K),79014,23704200.0,0.668415352969326,-1.7358385527544309,2.404253905723757
Cooling Coil Discharge Air Temperature (°K),79020,23706000.0,-1.5225288077353387,-1.392373709079611,0.1301550986557276
Cooling Coil Discharge Air Temperature (°K),79130,23739000.0,-1.02360092955505,-0.8717533144567216,0.15184761509832856
Cooling Coil Discharge Air Temperature (°K),79138,23741400.0,0.0863328284256932,0.310488831666106,0.22415600324041282
Cooling Coil Discharge Air Temperature (°K),79286,23785800.0,0.6575690947480256,1.2830366521769214,0.6254675574288958
Cooling Coil Discharge Air Temperature (°K),79290,23787000.0,1.3806529761687067,0.5382602543136189,0.8423927218550878
Cooling Coil Discharge Air Temperature (°K),79300,23790000.0,0.368335542179749,-1.7973006826751945,2.1656362248549437
Cooling Coil Discharge Air Temperature (°K),79306,23791800.0,-1.688838100462088,-1.533375065956639,0.15546303450544907
Cooling Coil Discharge Air Temperature (°K),79420,23826000.0,-1.142909769989477,-1.0272163489621704,0.11569342102730662
Cooling Coil Discharge Air Temperature (°K),79426,23827800.0,-0.4885188573037597,0.0357169567262299,0.5242358140299896
Cooling Coil Discharge Air Temperature (°K),79662,23898600.0,0.6069532230485828,0.610568642455683,0.0036154194071001955
Cooling Coil Discharge Air Temperature (°K),79926,23977800.0,0.9034176144310596,0.9070330338381596,0.0036154194070999734
Cooling Coil Discharge Air Temperature (°K),79984,23995200.0,1.1348044564856727,1.1384198758927728,0.0036154194071000845
Cooling Coil Discharge Air Temperature (°K),80150,24045000.0,1.4240380090539493,2.056736405297045,0.6326983962430959
Cooling Coil Discharge Air Temperature (°K),80152,24045600.0,2.060351824704145,0.5599527707562402,1.5003990539479046
Cooling Coil Discharge Air Temperature (°K),80154,24046200.0,-0.8609070562354006,-0.9332154443774648,0.0723083881420642
Cooling Coil Discharge Air Temperature (°K),80170,24051000.0,-0.9079075085277434,-0.6620589888447093,0.24584851968303412
Cooling Coil Discharge Air Temperature (°K),80180,24054000.0,-0.1884390465141623,-0.0908227225223769,0.0976163239917854
Cooling Coil Discharge Air Temperature (°K),80186,24055800.0,0.3538738645513485,0.4442593497289336,0.0903854851775851
Cooling Coil Discharge Air Temperature (°K),80206,24061800.0,0.7262620634829895,0.6394919977125044,0.08677006577048507
Cooling Coil Discharge Air Temperature (°K),80246,24073800.0,0.8672634203600174,0.8528017427316169,0.014461677628400449
Cooling Coil Discharge Air Temperature (°K),80248,24074400.0,-0.9440617025987856,-1.323680740344647,0.3796190377458615
Cooling Coil Discharge Air Temperature (°K),80252,24075600.0,-1.128448092361056,-0.8862149920851221,0.24223310027593392
Cooling Coil Discharge Air Temperature (°K),80256,24076800.0,-0.2390549182136256,-0.1197460777791984,0.11930884043442719
Cooling Coil Discharge Air Temperature (°K),80272,24081600.0,0.3213350898874064,0.3755663809939492,0.05423129110654279
Cooling Coil Discharge Air Temperature (°K),80358,24107400.0,0.625030320084104,0.6214149006769832,0.0036154194071207346
Cooling Coil Discharge Air Temperature (°K),80438,24131400.0,0.4514901885431339,0.8781096785813383,0.4266194900382044
Cooling Coil Discharge Air Temperature (°K),80446,24133800.0,0.5707990289775405,-0.7488290546151943,1.3196280835927348
Cooling Coil Discharge Air Temperature (°K),80450,24135000.0,-0.2571320152491467,0.7515699993327108,1.0087020145818575
Cooling Coil Discharge Air Temperature (°K),80452,24135600.0,0.8925713562097387,0.0646403119830719,0.8279310442266669
Cooling Coil Discharge Air Temperature (°K),80456,24136800.0,0.4514901885431339,1.0697269071578088,0.6182367186146749
Cooling Coil Discharge Air Temperature (°K),80458,24137400.0,0.982956841387324,0.3141042510732061,0.6688525903141178
Cooling Coil Discharge Air Temperature (°K),80470,24141000.0,0.2707192181879636,0.3791818004010699,0.10846258221310634
Cooling Coil Discharge Air Temperature (°K),80484,24145200.0,-0.6222893753665875,-1.7430693915686308,1.1207800162020434
Cooling Coil Discharge Air Temperature (°K),80492,24147600.0,-1.4538358390003543,-1.2802957074594048,0.1735401315409495
Cooling Coil Discharge Air Temperature (°K),80516,24154800.0,-1.1754485446533989,-1.1935256416889195,0.01807709703552063
Cooling Coil Discharge Air Temperature (°K),80556,24166800.0,-0.9259846055632645,-0.8211374427572583,0.10484716280600614
Cooling Coil Discharge Air Temperature (°K),80562,24168600.0,-0.2173624017710043,0.3502584451442279,0.5676208469152322
Cooling Coil Discharge Air Temperature (°K),80660,24198000.0,0.625030320084104,0.6214149006769832,0.0036154194071207346
Cooling Coil Discharge Air Temperature (°K),80754,24226200.0,0.7804933545895323,0.841955484510296,0.06146212992076372
Cooling Coil Discharge Air Temperature (°K),80756,24226800.0,-1.844301134967537,-1.912994103702501,0.068692968734964
Cooling Coil Discharge Air Temperature (°K),80762,24228600.0,-1.6960689392762882,-1.5478367435850602,0.14823219569122803
Cooling Coil Discharge Air Temperature (°K),80852,24255600.0,-1.0669859624402924,-0.8283682815714791,0.2386176808688133
Cooling Coil Discharge Air Temperature (°K),80854,24256200.0,-0.5897506007026453,0.2201033464885208,0.8098539471911661
Cooling Coil Discharge Air Temperature (°K),80858,24257400.0,0.4008743168436912,0.8238783874747748,0.42300407063108364
Cooling Coil Discharge Air Temperature (°K),81014,24304200.0,0.8238783874747748,1.330037104469264,0.5061587169944892
Cooling Coil Discharge Air Temperature (°K),81020,24306000.0,0.4623364467644342,-0.1667465300715616,0.6290829768359958
Cooling Coil Discharge Air Temperature (°K),81024,24307200.0,0.3213350898874064,0.9504180667234022,0.6290829768359958
Cooling Coil Discharge Air Temperature (°K),81042,24312600.0,0.8925713562097387,-1.612914292912924,2.505485649122663
Cooling Coil Discharge Air Temperature (°K),81050,24315000.0,-1.6382222287626451,-1.5586830018063604,0.07953922695628468
Cooling Coil Discharge Air Temperature (°K),81160,24348000.0,-1.132063511768156,-1.059755123626092,0.07230838814206386
Cooling Coil Discharge Air Temperature (°K),81174,24352200.0,-0.6873669246944512,-0.6801360858802304,0.007230838814220708
Cooling Coil Discharge Air Temperature (°K),81302,24390600.0,-0.0040526567518919,1.1456507147069936,1.1497033714588856
Cooling Coil Discharge Air Temperature (°K),81306,24391800.0,1.9374275648626385,1.3553450403189853,0.5820825245436532
Cooling Coil Discharge Air Temperature (°K),81310,24393000.0,0.6177994812698832,0.686492450004847,0.06869296873496389
Cooling Coil Discharge Air Temperature (°K),81312,24393600.0,-1.8876861678527797,-1.9455328783664223,0.05784671051364265
Cooling Coil Discharge Air Temperature (°K),81318,24395400.0,-1.6960689392762882,-1.5586830018063604,0.13738593746992778
Cooling Coil Discharge Air Temperature (°K),81338,24401400.0,-1.2188335775386412,-1.2622186104238835,0.043385032885242314
Cooling Coil Discharge Air Temperature (°K),81448,24434400.0,-1.160986867024998,-1.0814476400687134,0.07953922695628468
Cooling Coil Discharge Air Temperature (°K),81464,24439200.0,-0.6512127306234089,-0.6439818918092087,0.007230838814200169
Cooling Coil Discharge Air Temperature (°K),81512,24453600.0,-0.4487492438256173,-0.4451338244185173,0.003615419407100029
Cooling Coil Discharge Air Temperature (°K),81566,24469800.0,-0.2752091122846473,-0.2715936928775472,0.0036154194071000845
Cooling Coil Discharge Air Temperature (°K),81624,24487200.0,-0.0872073031152768,-0.0799764643010765,0.007230838814200308
Cooling Coil Discharge Air Temperature (°K),81664,24499200.0,0.126102441903815,0.1297178613109357,0.003615419407120707
Cooling Coil Discharge Air Temperature (°K),81706,24511800.0,0.3466430257371277,0.3538738645513485,0.007230838814220819
Cooling Coil Discharge Air Temperature (°K),81746,24523800.0,0.5491065125349193,0.5527219319420194,0.0036154194071000845
Cooling Coil Discharge Air Temperature (°K),81798,24539400.0,0.7226466440758893,0.7226466440758893,0.0
Cooling Coil Discharge Air Temperature (°K),81918,24575400.0,0.8889559368026386,0.8925713562097387,0.0036154194071000845
Cooling Coil Discharge Air Temperature (°K),81994,24598200.0,1.1926511669993365,1.1962665864064363,0.0036154194070998624
Cooling Coil Discharge Air Temperature (°K),82074,24622200.0,1.485500138974713,1.489115558381813,0.0036154194071000845
Cooling Coil Discharge Air Temperature (°K),82176,24652800.0,1.7277332392506262,1.7277332392506262,0.0
Cooling Coil Discharge Air Temperature (°K),82456,24736800.0,2.132660212846209,1.330037104469264,0.8026231083769451
Cooling Coil Discharge Air Temperature (°K),82460,24738000.0,0.8600325815458171,-1.5550675823992604,2.4151001639450773
Cooling Coil Discharge Air Temperature (°K),82468,24740400.0,-1.2586031910167836,-1.0995247371042345,0.15907845391254916
Cooling Coil Discharge Air Temperature (°K),82490,24747000.0,-1.1862948028747196,-1.2224489969457413,0.03615419407102172
Cooling Coil Discharge Air Temperature (°K),82580,24774000.0,-1.215218158131541,-1.124832672953956,0.09038548517758516
Cooling Coil Discharge Air Temperature (°K),82584,24775200.0,-0.7307519575796732,-0.6114431171452666,0.1193088404344066
Cooling Coil Discharge Air Temperature (°K),82588,24776400.0,-0.3113633063556896,0.0357169567262299,0.34708026308191947
Cooling Coil Discharge Air Temperature (°K),82742,24822600.0,0.7154158052616891,1.279421232769801,0.5640054275081118
Cooling Coil Discharge Air Temperature (°K),82746,24823800.0,1.3372679432834642,0.5707990289775405,0.7664689143059237
Cooling Coil Discharge Air Temperature (°K),82756,24826800.0,0.3502584451442279,-1.7936852632680942,2.143943708412322
Cooling Coil Discharge Air Temperature (°K),82764,24829200.0,-1.6273759705413244,-1.5369904853637393,0.09038548517758516
Cooling Coil Discharge Air Temperature (°K),82870,24861000.0,-1.1573714476178776,-1.0163700907408495,0.14100135687702808
Cooling Coil Discharge Air Temperature (°K),82874,24862200.0,-0.5246730513747815,-0.3619791780551323,0.16269387331964918
Cooling Coil Discharge Air Temperature (°K),82884,24865200.0,0.5237985766851979,0.7371083217042897,0.21330974501909183
Cooling Coil Discharge Air Temperature (°K),83030,24909000.0,0.7118003858545684,1.246882458105879,0.5350820722513107
Cooling Coil Discharge Air Temperature (°K),83034,24910200.0,1.1094965206359513,0.3068734122589853,0.8026231083769659
Cooling Coil Discharge Air Temperature (°K),83036,24910800.0,-0.9404462831916854,-1.4791437748500962,0.5386974916584107
Cooling Coil Discharge Air Temperature (°K),83040,24912000.0,-1.6418376481697454,-1.2513723522025832,0.3904652959671622
Cooling Coil Discharge Air Temperature (°K),83042,24912600.0,-0.2029007241425833,0.6575690947480256,0.8604698188906089
Cooling Coil Discharge Air Temperature (°K),83044,24913200.0,0.8383400651031958,0.0031781820623083,0.8351618830408875
Cooling Coil Discharge Air Temperature (°K),83046,24913800.0,-1.0489088654047918,-1.3489886761943686,0.3000798107895768
Cooling Coil Discharge Air Temperature (°K),83048,24914400.0,-1.0886784788829136,-0.0835918837081767,1.005086595174737
Cooling Coil Discharge Air Temperature (°K),83052,24915600.0,-0.108899819557898,-0.9042920891206432,0.7953922695627452
Cooling Coil Discharge Air Temperature (°K),83060,24918000.0,-0.7126748605441726,-0.5644426648529239,0.14823219569124868
Cooling Coil Discharge Air Temperature (°K),83088,24926400.0,0.0791019896114724,-1.826224037932016,1.9053260275434885
Cooling Coil Discharge Air Temperature (°K),83096,24928800.0,-1.2260644163528414,-0.980215896669828,0.24584851968301336
Cooling Coil Discharge Air Temperature (°K),83134,24940200.0,-0.5355193095961024,-0.3005170481343687,0.2350022614617337
Cooling Coil Discharge Air Temperature (°K),83144,24943200.0,-0.1378231748147195,-0.0872073031152768,0.050615871699442705
Cooling Coil Discharge Air Temperature (°K),83150,24945000.0,0.3647201227726488,0.4153359944720916,0.05061587169944276
Cooling Coil Discharge Air Temperature (°K),83254,24976200.0,0.5671836095704405,0.5599527707562402,0.00723083881420028
Cooling Coil Discharge Air Temperature (°K),83336,25000800.0,0.8347246456960957,0.8744942591742382,0.03976961347814245
Cooling Coil Discharge Air Temperature (°K),83350,25005000.0,1.2974983298053218,0.856417162138717,0.44108116766660477
Cooling Coil Discharge Air Temperature (°K),83382,25014600.0,-0.0799764643010765,-1.90576326488828,1.8257868005872036
Cooling Coil Discharge Air Temperature (°K),83390,25017000.0,-1.128448092361056,-0.8645224756425008,0.2639256167185552
Cooling Coil Discharge Air Temperature (°K),83412,25023600.0,-0.582519761888445,-0.5138267931534811,0.06869296873496389
Cooling Coil Discharge Air Temperature (°K),83430,25029000.0,-0.0148989149732128,0.1116407642754146,0.12653967924862738
Cooling Coil Discharge Air Temperature (°K),83532,25059600.0,0.3791818004010699,0.3719509615868491,0.007230838814220819
Cooling Coil Discharge Air Temperature (°K),83604,25081200.0,0.0321015373191298,0.0284861179120296,0.003615419407100199
Cooling Coil Discharge Air Temperature (°K),83826,25147800.0,-0.181208207699962,-0.1848236271070622,0.0036154194071002232
Cooling Coil Discharge Air Temperature (°K),83870,25161000.0,-0.3330558227983108,-0.336671242205411,0.0036154194071001955
Cooling Coil Discharge Air Temperature (°K),83990,25197000.0,-0.3258249839841106,-0.3222095645769899,0.003615419407120679
Cooling Coil Discharge Air Temperature (°K),84182,25254600.0,0.0429477955404507,0.8528017427316169,0.8098539471911662
Cooling Coil Discharge Air Temperature (°K),84186,25255800.0,1.1275736176714724,1.001033938422845,0.1265396792486273
Cooling Coil Discharge Air Temperature (°K),84188,25256400.0,-0.4921342767108599,-1.3345269985659476,0.8423927218550877
Cooling Coil Discharge Air Temperature (°K),84194,25258200.0,-0.7452136352080941,-0.6259047947736875,0.1193088404344066
Cooling Coil Discharge Air Temperature (°K),84200,25260000.0,-0.1595156912573408,-0.036591431415834,0.1229242598415068
Cooling Coil Discharge Air Temperature (°K),84206,25261800.0,0.5780298677917408,-1.3851428702653903,1.963172738057131
Cooling Coil Discharge Air Temperature (°K),84312,25293600.0,-0.9042920891206432,-0.756059893429415,0.14823219569122814
Cooling Coil Discharge Air Temperature (°K),84316,25294800.0,0.053794053761751,0.4370285109147129,0.3832344571529619
Cooling Coil Discharge Air Temperature (°K),84470,25341000.0,0.7298774828900896,1.2758058133627006,0.545928330472611
Cooling Coil Discharge Air Temperature (°K),84474,25342200.0,1.3228062656550432,0.682877030597747,0.6399292350572963
Cooling Coil Discharge Air Temperature (°K),84484,25345200.0,0.3430276063300276,-1.8804553290385584,2.223482935368586
Cooling Coil Discharge Air Temperature (°K),84490,25347000.0,-1.7177614557189094,-1.5550675823992604,0.16269387331964902
Cooling Coil Discharge Air Temperature (°K),84514,25354200.0,-1.20075648050312,-1.4249124837435327,0.22415600324041285
Cooling Coil Discharge Air Temperature (°K),84610,25383000.0,-0.9729850578556072,-0.8645224756425008,0.10846258221310634
Cooling Coil Discharge Air Temperature (°K),84618,25385400.0,-0.2282086599923047,-0.1739773688857618,0.0542312911065429
Cooling Coil Discharge Air Temperature (°K),84758,25427400.0,0.527413996092298,1.4312688478681497,0.9038548517758517
Cooling Coil Discharge Air Temperature (°K),84762,25428600.0,1.5252697524528347,0.9540334861305024,0.5712362663223323
Cooling Coil Discharge Air Temperature (°K),84766,25429800.0,-0.108899819557898,-1.8732244902243584,1.7643246706664604
Cooling Coil Discharge Air Temperature (°K),84772,25431600.0,-1.761146488604152,-1.620145131727124,0.14100135687702786
Cooling Coil Discharge Air Temperature (°K),84898,25469400.0,-0.954907960820086,-0.8500607980141004,0.1048471628059856
Cooling Coil Discharge Air Temperature (°K),84906,25471800.0,-0.2209778211781044,-0.1667465300715616,0.05423129110654282
Cooling Coil Discharge Air Temperature (°K),85046,25513800.0,0.5057214796496767,1.3734221373545064,0.8677006577048296
Cooling Coil Discharge Air Temperature (°K),85050,25515000.0,1.7675028527287686,1.0227264548654662,0.7447763978633024
Cooling Coil Discharge Air Temperature (°K),85054,25516200.0,0.5888761260130617,0.6575690947480256,0.06869296873496389
Cooling Coil Discharge Air Temperature (°K),85056,25516800.0,-1.822608618524916,-1.89491700666698,0.07230838814206408
Cooling Coil Discharge Air Temperature (°K),85062,25518600.0,-1.602068034691603,-1.4755283554429754,0.12653967924862752
Cooling Coil Discharge Air Temperature (°K),85196,25558800.0,-0.9404462831916854,-0.897061250306443,0.043385032885242425
Cooling Coil Discharge Air Temperature (°K),85258,25577400.0,-0.510211373746381,-0.506595954339281,0.0036154194071000845
Cooling Coil Discharge Air Temperature (°K),85334,25600200.0,0.3574892839584486,1.5686547853380772,1.2111655013796288
Cooling Coil Discharge Air Temperature (°K),85338,25601400.0,1.926581306641317,-1.837070296153316,3.763651602794633
Cooling Coil Discharge Air Temperature (°K),85348,25604400.0,-1.7177614557189094,-1.6382222287626451,0.07953922695626425
Cooling Coil Discharge Air Temperature (°K),85480,25644000.0,-1.1356789311752562,-1.052524284811892,0.08315464636336412
Cooling Coil Discharge Air Temperature (°K),85492,25647600.0,-0.6150585365523666,-0.5969814395168661,0.018077097035500533
Cooling Coil Discharge Air Temperature (°K),85514,25654200.0,-0.3800562750906535,-0.3728254362764532,0.00723083881420028
Cooling Coil Discharge Air Temperature (°K),85688,25706400.0,-0.2173624017710043,-0.2137469823639042,0.0036154194071001122
Cooling Coil Discharge Air Temperature (°K),85870,25761000.0,-0.3041324675414893,-0.3077478869485895,0.0036154194071001955
Cooling Coil Discharge Air Temperature (°K),86124,25837200.0,-0.4776725990824388,-0.481288018489539,0.0036154194071001955
Cooling Coil Discharge Air Temperature (°K),86198,25859400.0,-0.4595955020469177,0.1984108300458996,0.6580063320928173
Cooling Coil Discharge Air Temperature (°K),86206,25861800.0,0.0429477955404507,-0.7669061516507154,0.8098539471911661
Cooling Coil Discharge Air Temperature (°K),86210,25863000.0,-0.2065161435496834,0.0971790866469935,0.3036952301966769
Cooling Coil Discharge Air Temperature (°K),86212,25863600.0,-0.5608272454458237,-1.865993651410158,1.3051664059643344
Cooling Coil Discharge Air Temperature (°K),86214,25864200.0,-1.616529712320024,-0.2390549182136256,1.3774747941063983
Cooling Coil Discharge Air Temperature (°K),86216,25864800.0,0.1839491524174786,-0.5029805349321602,0.6869296873496389
Cooling Coil Discharge Air Temperature (°K),86220,25866000.0,-0.2354394988065254,0.1550257971606571,0.3904652959671825
Cooling Coil Discharge Air Temperature (°K),86222,25866600.0,-0.7162902799512727,-1.7213768751260097,1.005086595174737
Cooling Coil Discharge Air Temperature (°K),86224,25867200.0,-1.2839111268665049,-0.1920544659212829,1.091856660945222
Cooling Coil Discharge Air Temperature (°K),86264,25879200.0,-0.8283682815714791,-0.9115229279348436,0.08315464636336445
Cooling Coil Discharge Air Temperature (°K),86310,25893000.0,-0.6982131829157515,-0.3149787257627897,0.38323445715296184
Cooling Coil Discharge Air Temperature (°K),86314,25894200.0,-0.4053642109403749,-0.1342077554076194,0.27115645553275547
Cooling Coil Discharge Air Temperature (°K),86320,25896000.0,0.310488831666106,0.4008743168436912,0.09038548517758516
Cooling Coil Discharge Air Temperature (°K),86398,25919400.0,0.6286457394912041,0.625030320084104,0.0036154194071000845
Cooling Coil Discharge Air Temperature (°K),86440,25932000.0,0.3900280586223703,0.38279721980817,0.00723083881420028
Cooling Coil Discharge Air Temperature (°K),86488,25946400.0,0.053794053761751,-0.253516595842026,0.307310649603777
Cooling Coil Discharge Air Temperature (°K),86498,25949400.0,-0.1414385942218196,0.3791818004010699,0.5206203946228896
Cooling Coil Discharge Air Temperature (°K),86500,25950000.0,1.5397314300812557,1.9844280171549813,0.4446965870737256
Cooling Coil Discharge Air Temperature (°K),86506,25951800.0,1.9012733707915963,1.4312688478681497,0.47000452292344663
Cooling Coil Discharge Air Temperature (°K),86508,25952400.0,1.2251899416632577,1.001033938422845,0.22415600324041263
Cooling Coil Discharge Air Temperature (°K),86516,25954800.0,0.5744144483846406,-0.4993651155250601,1.0737795639097008
Cooling Coil Discharge Air Temperature (°K),86520,25956000.0,0.0140244402836086,0.6647999335622258,0.6507754932786172
Cooling Coil Discharge Air Temperature (°K),86522,25956600.0,0.5888761260130617,-0.4125950497545751,1.001471175767637
Cooling Coil Discharge Air Temperature (°K),86526,25957800.0,0.1622566359748573,0.7696470963682319,0.6073904603933746
Cooling Coil Discharge Air Temperature (°K),86528,25958400.0,0.5021060602425766,-0.6114431171452666,1.1135491773878432
Cooling Coil Discharge Air Temperature (°K),86530,25959000.0,-1.0922938982900137,-0.6692898276589301,0.4230040706310836
Cooling Coil Discharge Air Temperature (°K),86534,25960200.0,0.1441795389393362,-0.6765206664731302,0.8207002054124665
Cooling Coil Discharge Air Temperature (°K),86578,25973400.0,-0.3149787257627897,-1.90214784548118,1.5871691197183904
Cooling Coil Discharge Air Temperature (°K),86586,25975800.0,-1.146525189396577,-0.9223691861561644,0.22415600324041274
Cooling Coil Discharge Air Temperature (°K),86588,25976400.0,-0.1992853047354832,-0.1125152389649982,0.086770065770485
Cooling Coil Discharge Air Temperature (°K),86604,25981200.0,0.3538738645513485,0.4261822526934125,0.07230838814206397
Cooling Coil Discharge Air Temperature (°K),86684,26005200.0,0.6177994812698832,0.610568642455683,0.007230838814200169
Cooling Coil Discharge Air Temperature (°K),86726,26017800.0,0.38279721980817,0.3755663809939492,0.007230838814220819
Cooling Coil Discharge Air Temperature (°K),86776,26032800.0,-0.0185143343803129,-0.2896707899130684,0.27115645553275547
Cooling Coil Discharge Air Temperature (°K),86788,26036400.0,0.6575690947480256,1.633732334665941,0.9761632399179153
Cooling Coil Discharge Air Temperature (°K),86796,26038800.0,1.980812597747881,1.5180389136386343,0.4627736841092467
Cooling Coil Discharge Air Temperature (°K),86804,26041200.0,0.1767183136032783,-0.5789043424813449,0.7556226560846232
Cooling Coil Discharge Air Temperature (°K),86808,26042400.0,-0.2896707899130684,0.2634883793737634,0.5531591692868318
Cooling Coil Discharge Air Temperature (°K),86812,26043600.0,0.0574094731688511,-0.3258249839841106,0.38323445715296167
Cooling Coil Discharge Air Temperature (°K),86830,26049000.0,0.1586412165677572,-1.89853242607408,2.057173642641837
Cooling Coil Discharge Air Temperature (°K),86838,26051400.0,-1.4357587419648536,-1.139294350582377,0.2964643913824767
Cooling Coil Discharge Air Temperature (°K),86862,26058600.0,-0.6295202141807876,-0.5752889230742448,0.05423129110654279
Cooling Coil Discharge Air Temperature (°K),86884,26065200.0,-0.0004372373447917,0.296027154037685,0.29646439138247666
Cooling Coil Discharge Air Temperature (°K),86948,26084400.0,0.5310294154993982,0.527413996092298,0.0036154194071001955
Cooling Coil Discharge Air Temperature (°K),86994,26098200.0,0.3141042510732061,0.3068734122589853,0.007230838814220819
Cooling Coil Discharge Air Temperature (°K),87064,26119200.0,-0.0727456254868558,-0.351132919833832,0.2783872943469762
Cooling Coil Discharge Air Temperature (°K),87074,26122200.0,-0.0004372373447917,0.6503382559338253,0.6507754932786171
Cooling Coil Discharge Air Temperature (°K),87076,26122800.0,1.6120398182233198,2.0711980829254664,0.4591582647021466
Cooling Coil Discharge Air Temperature (°K),87084,26125200.0,1.7638874333216683,1.279421232769801,0.4844662005518674
Cooling Coil Discharge Air Temperature (°K),87092,26127600.0,1.0227264548654662,0.1550257971606571,0.8677006577048091
Cooling Coil Discharge Air Temperature (°K),87096,26128800.0,-0.5138267931534811,-0.1052844001507979,0.40854239300268325
Cooling Coil Discharge Air Temperature (°K),87112,26133600.0,0.5816452871988614,-1.9527637171806431,2.5344090043795044
Cooling Coil Discharge Air Temperature (°K),87120,26136000.0,-1.616529712320024,-1.4212970643364329,0.19523264798359108
Cooling Coil Discharge Air Temperature (°K),87176,26152800.0,-1.128448092361056,-1.009139251926649,0.11930884043440693
Cooling Coil Discharge Air Temperature (°K),87180,26154000.0,-0.6150585365523666,-0.4776725990824388,0.13738593746992783
Cooling Coil Discharge Air Temperature (°K),87186,26155800.0,0.1947954106387789,0.2707192181879636,0.07592380754918468
Cooling Coil Discharge Air Temperature (°K),87282,26184600.0,0.5310294154993982,0.527413996092298,0.0036154194071001955
Cooling Coil Discharge Air Temperature (°K),87322,26196600.0,0.3321813481087273,0.3285659287016066,0.003615419407120679
Cooling Coil Discharge Air Temperature (°K),87364,26209200.0,0.4659518661715344,0.5346448349065188,0.06869296873498443
Cooling Coil Discharge Air Temperature (°K),87370,26211000.0,0.91064845324526,1.019111035458366,0.1084625822131059
Cooling Coil Discharge Air Temperature (°K),87376,26212800.0,1.456576783717871,1.5325005912670555,0.0759238075491846
Cooling Coil Discharge Air Temperature (°K),87386,26215800.0,1.2541132969200792,0.7334929022971897,0.5206203946228896
Cooling Coil Discharge Air Temperature (°K),87390,26217000.0,1.073342326564909,-1.920224942516701,2.99356726908161
Cooling Coil Discharge Air Temperature (°K),87402,26220600.0,-1.6779918422407671,-1.605683454098703,0.07230838814206408
Cooling Coil Discharge Air Temperature (°K),87470,26241000.0,-1.20075648050312,-1.070601381847413,0.13015509865570696
Cooling Coil Discharge Air Temperature (°K),87474,26242200.0,-0.5789043424813449,0.1803337330103784,0.7592380754917233
Cooling Coil Discharge Air Temperature (°K),87480,26244000.0,0.6611845141551257,1.0841885847862298,0.4230040706311041
Cooling Coil Discharge Air Temperature (°K),87696,26308800.0,1.015495616051266,1.0227264548654662,0.007230838814200169
Cooling Coil Discharge Air Temperature (°K),87768,26330400.0,1.3842683955758068,1.387883814982907,0.0036154194071000845
Cooling Coil Discharge Air Temperature (°K),87854,26356200.0,1.6048089794091196,1.6084243988162197,0.0036154194071000845
Cooling Coil Discharge Air Temperature (°K),87954,26386200.0,1.8217341438353116,1.825349563242432,0.0036154194071202905
Cooling Coil Discharge Air Temperature (°K),88034,26410200.0,2.0025051141904817,2.0061205335976022,0.0036154194071205126
Cooling Coil Discharge Air Temperature (°K),88214,26464200.0,2.3242774414227005,2.7689740284964053,0.44469658707370474
Cooling Coil Discharge Air Temperature (°K),88216,26464800.0,2.7147427373898627,-0.0835918837081767,2.7983346210980393
Cooling Coil Discharge Air Temperature (°K),88218,26465400.0,-1.1682177058391985,-1.446605000186154,0.2783872943469554
Cooling Coil Discharge Air Temperature (°K),88360,26508000.0,-1.0669859624402924,-0.9512925414129858,0.11569342102730662
Cooling Coil Discharge Air Temperature (°K),88368,26510400.0,-0.4704417602682386,-0.4342875661971964,0.0361541940710422
Cooling Coil Discharge Air Temperature (°K),88408,26522400.0,0.0357169567262299,0.0429477955404507,0.007230838814220805
Cooling Coil Discharge Air Temperature (°K),88500,26550000.0,0.296027154037685,0.296027154037685,0.0
Cooling Coil Discharge Air Temperature (°K),88502,26550600.0,0.5852607066059615,1.2902674909911216,0.7050067843851601
Cooling Coil Discharge Air Temperature (°K),88508,26552400.0,0.4334130915076127,-0.3872871139048537,0.8207002054124664
Cooling Coil Discharge Air Temperature (°K),88512,26553600.0,-0.1559002718502407,0.5454910931278192,0.7013913649780599
Cooling Coil Discharge Air Temperature (°K),88518,26555400.0,0.2671037987808635,0.9070330338381596,0.639929235057296
Cooling Coil Discharge Air Temperature (°K),88710,26613000.0,0.7190312246687892,0.7154158052616891,0.0036154194071000845
Cooling Coil Discharge Air Temperature (°K),88800,26640000.0,0.8889559368026386,0.9395718085020812,0.050615871699442594
Cooling Coil Discharge Air Temperature (°K),88824,26647200.0,0.5057214796496767,0.4081051556578914,0.09761632399178533
Cooling Coil Discharge Air Temperature (°K),88844,26653200.0,0.1405641195322361,0.1297178613109357,0.010846258221300392
Cooling Coil Discharge Air Temperature (°K),88846,26653800.0,-1.9238403619238007,-1.967225394809044,0.0433850328852432
Cooling Coil Discharge Air Temperature (°K),88852,26655600.0,-1.602068034691603,-1.3092190627162263,0.2928489719753766
Cooling Coil Discharge Air Temperature (°K),88900,26670000.0,-0.506595954339281,-0.4487492438256173,0.057846710513663635
Cooling Coil Discharge Air Temperature (°K),88904,26671200.0,0.1767183136032783,0.3213350898874064,0.14461677628412808
Cooling Coil Discharge Air Temperature (°K),88908,26672400.0,0.2743346375950637,0.4587210273573341,0.1843863897622704
Cooling Coil Discharge Air Temperature (°K),89044,26713200.0,0.6286457394912041,0.625030320084104,0.0036154194071000845
Cooling Coil Discharge Air Temperature (°K),89104,26731200.0,0.8998021950239595,0.9648797443518232,0.06507754932786369
Cooling Coil Discharge Air Temperature (°K),89114,26734200.0,1.4674230419391918,0.8853405173955384,0.5820825245436534
Cooling Coil Discharge Air Temperature (°K),89128,26738400.0,0.3249505092945065,-1.8840707484456796,2.209021257740186
Cooling Coil Discharge Air Temperature (°K),89136,26740800.0,-1.4212970643364329,-1.215218158131541,0.20607890620489178
Cooling Coil Discharge Air Temperature (°K),89152,26745600.0,-1.0019084131124285,-1.052524284811892,0.05061587169946358
Cooling Coil Discharge Air Temperature (°K),89190,26757000.0,-1.0922938982900137,-1.0127546713337494,0.07953922695626425
Cooling Coil Discharge Air Temperature (°K),89196,26758800.0,-0.49574969611796,-0.0582839478584553,0.4374657482595047
Cooling Coil Discharge Air Temperature (°K),89208,26762400.0,0.3900280586223703,0.6141840618627831,0.2241560032404128
Cooling Coil Discharge Air Temperature (°K),89376,26812800.0,0.91064845324526,0.9793414219802238,0.06869296873496378
Cooling Coil Discharge Air Temperature (°K),89386,26815800.0,0.7190312246687892,-0.036591431415834,0.7556226560846232
Cooling Coil Discharge Air Temperature (°K),89404,26821200.0,-1.4357587419648536,-1.7141460363118093,0.27838729434695564
Cooling Coil Discharge Air Temperature (°K),89410,26823000.0,-1.587606357063182,-1.4719129360358754,0.11569342102730662
Cooling Coil Discharge Air Temperature (°K),89494,26848200.0,-0.6114431171452666,-0.3945179527190745,0.21692516442619203
Cooling Coil Discharge Air Temperature (°K),89500,26850000.0,0.4623364467644342,1.0444189713080876,0.5820825245436534
Cooling Coil Discharge Air Temperature (°K),89846,26953800.0,0.8058012904392743,0.8021858710321536,0.0036154194071207346
Cooling Coil Discharge Air Temperature (°K),89900,26970000.0,0.6286457394912041,0.625030320084104,0.0036154194071000845
Cooling Coil Discharge Air Temperature (°K),90158,27047400.0,0.4261822526934125,0.4261822526934125,0.0
Cooling Coil Discharge Air Temperature (°K),90230,27069000.0,0.5346448349065188,1.163727811742494,0.6290829768359752
Cooling Coil Discharge Air Temperature (°K),90234,27070200.0,0.9395718085020812,-0.336671242205411,1.2762430507074922
Cooling Coil Discharge Air Temperature (°K),90258,27077400.0,-0.4921342767108599,-0.3764408556835534,0.11569342102730651
Cooling Coil Discharge Air Temperature (°K),90268,27080400.0,0.2273341853027211,-1.6382222287626451,1.8655564140653662
Cooling Coil Discharge Air Temperature (°K),90274,27082200.0,-1.5514521629921605,-1.37791203145119,0.1735401315409706
Cooling Coil Discharge Air Temperature (°K),90310,27093000.0,-0.8898304114922427,-0.9440617025987856,0.0542312911065429
Cooling Coil Discharge Air Temperature (°K),90340,27102000.0,-1.0308317683692707,-0.9621387996343068,0.06869296873496389
Cooling Coil Discharge Air Temperature (°K),90346,27103800.0,-0.5897506007026453,-0.4885188573037597,0.10123174339888558
Cooling Coil Discharge Air Temperature (°K),90358,27107400.0,0.2996425734447851,0.3394121869229275,0.039769613478142396
Cooling Coil Discharge Air Temperature (°K),90368,27110400.0,0.6575690947480256,0.700954127633268,0.043385032885242425
Cooling Coil Discharge Air Temperature (°K),90518,27155400.0,0.8998021950239595,1.5216543330457346,0.6218521380217751
Cooling Coil Discharge Air Temperature (°K),90522,27156600.0,1.1673432311496148,-0.253516595842026,1.4208598269916408
Cooling Coil Discharge Air Temperature (°K),90548,27164400.0,-0.3692100168693326,-0.3330558227983108,0.03615419407102177
Cooling Coil Discharge Air Temperature (°K),90560,27168000.0,0.0393323761333506,0.068255731390172,0.02892335525682141
Cooling Coil Discharge Air Temperature (°K),90568,27170400.0,0.1984108300458996,0.440643930321813,0.24223310027591338
Cooling Coil Discharge Air Temperature (°K),90620,27186000.0,0.7371083217042897,0.697338708226168,0.0397696134781218
Cooling Coil Discharge Air Temperature (°K),90650,27195000.0,0.8889559368026386,0.8889559368026386,0.0
Cooling Coil Discharge Air Temperature (°K),90652,27195600.0,-0.5391347290032025,-1.7394539721615307,1.2003192431583283
Cooling Coil Discharge Air Temperature (°K),90656,27196800.0,-1.3815274508582902,-0.980215896669828,0.4013115541884622
Cooling Coil Discharge Air Temperature (°K),90660,27198000.0,-0.3113633063556896,-0.2318240793994048,0.07953922695628479
Cooling Coil Discharge Air Temperature (°K),90666,27199800.0,0.2092570882671999,0.2490267017453423,0.039769613478142396
Cooling Coil Discharge Air Temperature (°K),90962,27288600.0,0.2924117346305849,0.2924117346305849,0.0
Cooling Coil Discharge Air Temperature (°K),91094,27328200.0,0.3394121869229275,1.011880196644166,0.6724680097212384
Cooling Coil Discharge Air Temperature (°K),91236,27370800.0,0.5997223842343621,0.4081051556578914,0.19161722857647068
Cooling Coil Discharge Air Temperature (°K),91382,27414600.0,0.4153359944720916,0.784108773996653,0.36877277952456144
Cooling Coil Discharge Air Temperature (°K),91434,27430200.0,0.9395718085020812,0.8274938068818749,0.11207800162020631
Cooling Coil Discharge Air Temperature (°K),91456,27436800.0,0.9251101308736808,-1.605683454098703,2.530793584972384
Cooling Coil Discharge Air Temperature (°K),91464,27439200.0,-1.3056036433091265,-0.5608272454458237,0.7447763978633027
Cooling Coil Discharge Air Temperature (°K),91482,27444600.0,-0.1486694330360404,-0.0582839478584553,0.0903854851775851
Cooling Coil Discharge Air Temperature (°K),91494,27448200.0,0.3755663809939492,0.4153359944720916,0.039769613478142396
Cooling Coil Discharge Air Temperature (°K),91592,27477600.0,0.7226466440758893,0.7190312246687892,0.0036154194071000845
Cooling Coil Discharge Air Temperature (°K),91648,27494400.0,0.5599527707562402,0.5563373513491195,0.0036154194071206236
Cooling Coil Discharge Air Temperature (°K),91874,27562200.0,0.2779500570021638,0.2779500570021638,0.0
Cooling Coil Discharge Air Temperature (°K),92246,27673800.0,0.2996425734447851,0.7407237411114105,0.44108116766662536
Cooling Coil Discharge Air Temperature (°K),92258,27677400.0,0.7190312246687892,-0.2209778211781044,0.9400090458468936
Cooling Coil Discharge Air Temperature (°K),92262,27678600.0,-0.6982131829157515,0.3321813481087273,1.0303945310244789
Cooling Coil Discharge Air Temperature (°K),92266,27679800.0,-0.2209778211781044,-0.7343673769867939,0.5133895558086895
Cooling Coil Discharge Air Temperature (°K),92274,27682200.0,-0.1848236271070622,-0.0908227225223769,0.09400090458468531
Cooling Coil Discharge Air Temperature (°K),92280,27684000.0,0.368335542179749,0.4587210273573341,0.0903854851775851
Cooling Coil Discharge Air Temperature (°K),92282,27684600.0,-1.89491700666698,-1.931071200738022,0.03615419407104192
Cooling Coil Discharge Air Temperature (°K),92288,27686400.0,-1.674376422833667,-1.5261442271424388,0.14823219569122825
Cooling Coil Discharge Air Temperature (°K),92362,27708600.0,-0.8392145397927795,-0.6114431171452666,0.22777142264751293
Cooling Coil Discharge Air Temperature (°K),92364,27709200.0,-0.4162104691616958,0.3321813481087273,0.7483918172704231
Cooling Coil Discharge Air Temperature (°K),92368,27710400.0,0.2381804435240214,0.4514901885431339,0.21330974501911248
Cooling Coil Discharge Air Temperature (°K),92588,27776400.0,0.8708788397671174,0.8708788397671174,0.0
Cooling Coil Discharge Air Temperature (°K),92590,27777000.0,-1.9093786842954008,-1.9563791365877432,0.0470004522923424
Cooling Coil Discharge Air Temperature (°K),92594,27778200.0,-1.6092988735058031,-1.146525189396577,0.46277368410922604
Cooling Coil Discharge Air Temperature (°K),92596,27778800.0,-0.0799764643010765,0.0067936014694084,0.08677006577048489
Cooling Coil Discharge Air Temperature (°K),92612,27783600.0,0.2128725076743001,0.2562575405595426,0.04338503288524248
Cooling Coil Discharge Air Temperature (°K),92626,27787800.0,0.7732625157753321,0.856417162138717,0.08315464636338488
Cooling Coil Discharge Air Temperature (°K),92960,27888000.0,0.758800838146911,0.3791818004010699,0.3796190377458411
Cooling Coil Discharge Air Temperature (°K),92964,27889200.0,0.625030320084104,1.0516498101222878,0.4266194900381838
Cooling Coil Discharge Air Temperature (°K),93114,27934200.0,1.279421232769801,1.0082647772370452,0.2711564555327557
Cooling Coil Discharge Air Temperature (°K),93120,27936000.0,0.932340969687881,1.2577287163272,0.3253877466393189
Cooling Coil Discharge Air Temperature (°K),93126,27937800.0,0.5888761260130617,0.4261822526934125,0.16269387331964924
Cooling Coil Discharge Air Temperature (°K),93160,27948000.0,0.8528017427316169,0.8347246456960957,0.018077097035521184
Cooling Coil Discharge Air Temperature (°K),93162,27948600.0,-1.89853242607408,-1.992533330658765,0.09400090458468502
Cooling Coil Discharge Air Temperature (°K),93166,27949800.0,-1.457451258407475,-0.2173624017710043,1.2400888566364707
Cooling Coil Discharge Air Temperature (°K),93168,27950400.0,0.2454112823382422,0.4225668332863124,0.1771555509480702
Cooling Coil Discharge Air Temperature (°K),93248,27974400.0,0.368335542179749,0.3249505092945065,0.043385032885242536
Cooling Coil Discharge Air Temperature (°K),93398,28019400.0,0.5816452871988614,1.2613441357343,0.6796988485354386
Cooling Coil Discharge Air Temperature (°K),93404,28021200.0,1.2974983298053218,0.841955484510296,0.45554284529502576
Cooling Coil Discharge Air Temperature (°K),93410,28023000.0,0.7190312246687892,1.102265681821751,0.3832344571529619
Cooling Coil Discharge Air Temperature (°K),93436,28030800.0,0.841955484510296,0.5346448349065188,0.3073106496037772
Cooling Coil Discharge Air Temperature (°K),93482,28044600.0,0.856417162138717,0.8672634203600174,0.010846258221300364
Cooling Coil Discharge Air Temperature (°K),93484,28045200.0,-1.3164499015304263,-1.9961487500658648,0.6796988485354385
Cooling Coil Discharge Air Temperature (°K),93488,28046400.0,-1.7213768751260097,-1.301988223902026,0.4193886512239837
Cooling Coil Discharge Air Temperature (°K),93490,28047000.0,-0.2860553705059682,-0.0510531090442345,0.2350022614617337
Cooling Coil Discharge Air Temperature (°K),93494,28048200.0,-0.0112834955661127,0.38279721980817,0.3940807153742827
Cooling Coil Discharge Air Temperature (°K),93506,28051800.0,0.8708788397671174,-1.0995247371042345,1.970403576871352
Cooling Coil Discharge Air Temperature (°K),93512,28053600.0,-1.3200653209375472,-0.3583637586480322,0.9617015622895151
Cooling Coil Discharge Air Temperature (°K),93518,28055400.0,0.3574892839584486,0.6611845141551257,0.3036952301966771
Cooling Coil Discharge Air Temperature (°K),93756,28126800.0,0.5888761260130617,0.5924915454201618,0.0036154194071000845
Cooling Coil Discharge Air Temperature (°K),94046,28213800.0,0.758800838146911,0.7624162575540318,0.0036154194071207346
Cooling Coil Discharge Air Temperature (°K),94158,28247400.0,1.0263418742725663,1.0299572936796664,0.0036154194071000845
Cooling Coil Discharge Air Temperature (°K),94272,28281600.0,0.8708788397671174,-1.623760551134224,2.4946393909013413
Cooling Coil Discharge Air Temperature (°K),94278,28283400.0,-1.3417578373801684,-0.9259846055632645,0.41577323181690395
Cooling Coil Discharge Air Temperature (°K),94284,28285200.0,-0.0835918837081767,0.5997223842343621,0.6833142679425388
Cooling Coil Discharge Air Temperature (°K),94290,28287000.0,1.228805361070358,-1.1501406088036772,2.378945969874035
Cooling Coil Discharge Air Temperature (°K),94298,28289400.0,-1.1790639640604987,-0.9115229279348436,0.26754103612565516
Cooling Coil Discharge Air Temperature (°K),94304,28291200.0,0.3466430257371277,0.8094167098463744,0.4627736841092467
Cooling Coil Discharge Air Temperature (°K),94310,28293000.0,1.232420780477458,-1.970840814216144,3.2032615946936023
Cooling Coil Discharge Air Temperature (°K),94318,28295400.0,-1.5550675823992604,-1.446605000186154,0.10846258221310645
Cooling Coil Discharge Air Temperature (°K),94336,28300800.0,-1.009139251926649,-1.070601381847413,0.06146212992076383
Cooling Coil Discharge Air Temperature (°K),94338,28301400.0,0.2092570882671999,1.0371881324938872,0.8279310442266873
Cooling Coil Discharge Air Temperature (°K),94340,28302000.0,1.5831164629664982,1.8615037573134536,0.2783872943469554
Cooling Coil Discharge Air Temperature (°K),94342,28302600.0,-1.9744562336232645,-1.992533330658765,0.018077097035500422
Cooling Coil Discharge Air Temperature (°K),94354,28306200.0,-1.7286077139402305,-1.6779918422407671,0.050615871699463355
Cooling Coil Discharge Air Temperature (°K),94374,28312200.0,-1.2947573850878054,-0.9476771220058856,0.34708026308191975
Cooling Coil Discharge Air Temperature (°K),94384,28315200.0,-0.3655945974622325,-0.3294404033912108,0.03615419407102172
Cooling Coil Discharge Air Temperature (°K),94394,28318200.0,-0.0835918837081767,0.1369487001251359,0.2205405838333126
Cooling Coil Discharge Air Temperature (°K),94480,28344000.0,0.38279721980817,0.3791818004010699,0.0036154194071000845
Cooling Coil Discharge Air Temperature (°K),94572,28371600.0,0.8817250979884383,1.716886981029326,0.8351618830408876
Cooling Coil Discharge Air Temperature (°K),94582,28374600.0,1.3770375567616069,0.8274938068818749,0.549543749879732
Cooling Coil Discharge Air Temperature (°K),94604,28381200.0,0.2924117346305849,0.455105607950234,0.16269387331964913
Cooling Coil Discharge Air Temperature (°K),94606,28381800.0,1.2143436834419574,1.7530411751003476,0.5386974916583902
Cooling Coil Discharge Air Temperature (°K),94614,28384200.0,1.8759654349418748,1.622886076444641,0.25307935849723395
Cooling Coil Discharge Air Temperature (°K),94616,28384800.0,1.1131119400430514,0.6539536753409254,0.45915826470212595
Cooling Coil Discharge Air Temperature (°K),94638,28391400.0,0.6286457394912041,0.6503382559338253,0.021692516442621268
Cooling Coil Discharge Air Temperature (°K),94662,28398600.0,0.700954127633268,0.6647999335622258,0.036154194071042256
Cooling Coil Discharge Air Temperature (°K),94664,28399200.0,1.3155754268408428,1.879580854348975,0.5640054275081321
Cooling Coil Discharge Air Temperature (°K),94674,28402200.0,1.2504978775129791,1.156496972928294,0.09400090458468524
Cooling Coil Discharge Air Temperature (°K),94688,28406400.0,0.7226466440758893,0.6937232888190679,0.028923355256821437
Cooling Coil Discharge Air Temperature (°K),94838,28451400.0,0.5093368990567769,0.0791019896114724,0.4302349094453045
Cooling Coil Discharge Air Temperature (°K),94850,28455000.0,0.1044099254611938,0.9504180667234022,0.8460081412622085
Cooling Coil Discharge Air Temperature (°K),94852,28455600.0,1.416807170239749,1.6843482063653836,0.26754103612563473
Cooling Coil Discharge Air Temperature (°K),94862,28458600.0,1.405960912018428,1.1094965206359513,0.2964643913824767
Cooling Coil Discharge Air Temperature (°K),94876,28462800.0,0.8853405173955384,0.943187227909202,0.057846710513663524
Cooling Coil Discharge Air Temperature (°K),94894,28468200.0,0.296027154037685,-0.4415184050114171,0.737545559049102
Cooling Coil Discharge Air Temperature (°K),94916,28474800.0,0.0031781820623083,0.0321015373191298,0.0289233552568215
Cooling Coil Discharge Air Temperature (°K),94918,28475400.0,-1.963609975401944,-1.981687072437465,0.01807709703552085
Cooling Coil Discharge Air Temperature (°K),94924,28477200.0,-1.587606357063182,-1.3056036433091265,0.2820027137540555
Cooling Coil Discharge Air Temperature (°K),94926,28477800.0,-0.5355193095961024,-0.2282086599923047,0.3073106496037977
Cooling Coil Discharge Air Temperature (°K),94942,28482600.0,-0.1161306583720983,0.1911799912316788,0.3073106496037771
Cooling Coil Discharge Air Temperature (°K),95036,28510800.0,0.6611845141551257,0.6575690947480256,0.0036154194071000845
Cooling Coil Discharge Air Temperature (°K),95090,28527000.0,0.455105607950234,0.4514901885431339,0.00361541940710014
Cooling Coil Discharge Air Temperature (°K),95142,28542600.0,0.281565476409264,0.2779500570021638,0.0036154194071001955
Cooling Coil Discharge Air Temperature (°K),95190,28557000.0,0.1080253448683144,0.1044099254611938,0.003615419407120596
Cooling Coil Discharge Air Temperature (°K),95338,28601400.0,-0.094438141929477,-0.0980535613365771,0.0036154194071000983
Cooling Coil Discharge Air Temperature (°K),95426,28627800.0,0.1224870224967149,0.982956841387324,0.860469818890609
Cooling Coil Discharge Air Temperature (°K),95428,28628400.0,1.5180389136386343,1.8217341438353116,0.3036952301966773
Cooling Coil Discharge Air Temperature (°K),95436,28630800.0,1.7602720139145684,1.5144234942315344,0.245848519683034
Cooling Coil Discharge Air Temperature (°K),95438,28631400.0,1.019111035458366,0.6358765783054043,0.38323445715296156
Cooling Coil Discharge Air Temperature (°K),95454,28636200.0,0.7877241934037531,0.8274938068818749,0.0397696134781218
Cooling Coil Discharge Air Temperature (°K),95488,28646400.0,0.943187227909202,0.7226466440758893,0.22054058383331265
Cooling Coil Discharge Air Temperature (°K),95542,28662600.0,0.5961069648272619,0.5635681901633403,0.03253877466392163
Cooling Coil Discharge Air Temperature (°K),95692,28707600.0,0.2634883793737634,0.2562575405595426,0.007230838814220819
Cooling Coil Discharge Air Temperature (°K),96204,28861200.0,0.0429477955404507,0.0393323761333506,0.0036154194071001053
Cooling Coil Discharge Air Temperature (°K),96278,28883400.0,-0.2318240793994048,-0.6692898276589301,0.4374657482595253
Cooling Coil Discharge Air Temperature (°K),96286,28885800.0,-0.2860553705059682,0.527413996092298,0.8134693665982662
Cooling Coil Discharge Air Temperature (°K),96288,28886400.0,0.932340969687881,1.1962665864064363,0.2639256167185553
Cooling Coil Discharge Air Temperature (°K),96300,28890000.0,1.232420780477458,1.1456507147069936,0.08677006577046442
Cooling Coil Discharge Air Temperature (°K),96310,28893000.0,0.7949550322179534,0.5201831572780978,0.27477187493985555
Cooling Coil Discharge Air Temperature (°K),96330,28899000.0,1.0371881324938872,1.0769577459720296,0.03976961347814245
Cooling Coil Discharge Air Temperature (°K),96352,28905600.0,0.8491863233244962,0.6901078694119471,0.15907845391254904
Cooling Coil Discharge Air Temperature (°K),96410,28923000.0,0.7154158052616891,0.7081849664474683,0.007230838814220819
Cooling Coil Discharge Air Temperature (°K),96566,28969800.0,0.4731827049857551,0.3032579928518852,0.1699247121338699
Cooling Coil Discharge Air Temperature (°K),96588,28976400.0,0.3141042510732061,0.7985704516250535,0.48446620055184736
Cooling Coil Discharge Air Temperature (°K),96590,28977000.0,1.6554248511085623,2.092890599368067,0.43746574825950457
Cooling Coil Discharge Air Temperature (°K),96598,28979400.0,1.7566565945074684,1.2179591028490575,0.5386974916584109
Cooling Coil Discharge Air Temperature (°K),96654,28996200.0,0.6033378036414827,0.5382602543136189,0.0650775493278638
Cooling Coil Discharge Air Temperature (°K),96672,29001600.0,0.6539536753409254,1.4818847195675922,0.8279310442266667
Cooling Coil Discharge Air Temperature (°K),96682,29004600.0,1.402345492611328,1.1998820058135364,0.20246348679779147
Cooling Coil Discharge Air Temperature (°K),96690,29007000.0,0.310488831666106,-0.0872073031152768,0.3976961347813828
Cooling Coil Discharge Air Temperature (°K),96698,29009400.0,-0.4017487915332747,0.4081051556578914,0.8098539471911661
Cooling Coil Discharge Air Temperature (°K),96700,29010000.0,1.0697269071578088,1.3842683955758068,0.314541488417998
Cooling Coil Discharge Air Temperature (°K),96710,29013000.0,1.3770375567616069,1.3553450403189853,0.0216925164426216
Cooling Coil Discharge Air Temperature (°K),96752,29025600.0,1.073342326564909,1.0697269071578088,0.0036154194071000845
Cooling Coil Discharge Air Temperature (°K),96796,29038800.0,0.8455709039173961,0.841955484510296,0.0036154194071000845
Cooling Coil Discharge Air Temperature (°K),96854,29056200.0,0.3538738645513485,-0.3981333721261746,0.7520072366775231
Cooling Coil Discharge Air Temperature (°K),96864,29059200.0,-0.022129753787413,0.8021858710321536,0.8243156248195666
Cooling Coil Discharge Air Temperature (°K),96876,29062800.0,1.232420780477458,1.0841885847862298,0.14823219569122825
Cooling Coil Discharge Air Temperature (°K),96966,29089800.0,0.7154158052616891,0.7045695470403682,0.010846258221320904
Cooling Coil Discharge Air Temperature (°K),97008,29102400.0,0.455105607950234,0.4478747691360338,0.0072308388142002245
Cooling Coil Discharge Air Temperature (°K),97046,29113800.0,0.2309496047098212,0.2273341853027211,0.0036154194071001122
Cooling Coil Discharge Air Temperature (°K),97108,29132400.0,-0.0293605926016132,-0.036591431415834,0.007230838814220798
Cooling Coil Discharge Air Temperature (°K),97142,29142600.0,-0.336671242205411,-1.3417578373801684,1.0050865951747574
Cooling Coil Discharge Air Temperature (°K),97148,29144400.0,-1.4755283554429754,-0.437902985604317,1.0376253698386584
Cooling Coil Discharge Air Temperature (°K),97150,29145000.0,0.223718765895621,0.5780298677917408,0.3543111018961198
Cooling Coil Discharge Air Temperature (°K),97152,29145600.0,0.8528017427316169,1.1167273594501514,0.26392561671853454
Cooling Coil Discharge Air Temperature (°K),97166,29149800.0,1.1348044564856727,1.0769577459720296,0.057846710513643096
Cooling Coil Discharge Air Temperature (°K),97196,29158800.0,0.9214947114665808,0.625030320084104,0.2964643913824768
Cooling Coil Discharge Air Temperature (°K),97208,29162400.0,0.2273341853027211,1.0841885847862298,0.8568543994835087
Cooling Coil Discharge Air Temperature (°K),97210,29163000.0,1.6048089794091196,1.8723500155347748,0.26754103612565516
Cooling Coil Discharge Air Temperature (°K),97218,29165400.0,1.5433468494883558,1.3770375567616069,0.16630929272674888
Cooling Coil Discharge Air Temperature (°K),97430,29229000.0,0.5418756737207191,-0.5138267931534811,1.0557024668742003
Cooling Coil Discharge Air Temperature (°K),97438,29231400.0,-0.506595954339281,0.1803337330103784,0.6869296873496593
Cooling Coil Discharge Air Temperature (°K),97440,29232000.0,0.5346448349065188,0.8058012904392743,0.27115645553275547
Cooling Coil Discharge Air Temperature (°K),97470,29241000.0,1.1203427788572515,0.7551854187398109,0.3651573601174406
Cooling Coil Discharge Air Temperature (°K),97486,29245800.0,0.7443391605185106,0.7949550322179534,0.050615871699442816
Cooling Coil Discharge Air Temperature (°K),97510,29253000.0,1.1456507147069936,0.686492450004847,0.4591582647021466
Cooling Coil Discharge Air Temperature (°K),97522,29256600.0,-0.3041324675414893,0.4225668332863124,0.7266993008278018
Cooling Coil Discharge Air Temperature (°K),97528,29258400.0,0.2851808958163641,0.9395718085020812,0.6543909126857171
Cooling Coil Discharge Air Temperature (°K),97558,29267400.0,0.455105607950234,0.4153359944720916,0.03976961347814245
Cooling Coil Discharge Air Temperature (°K),97790,29337000.0,0.1694874747890575,0.1658720553819574,0.0036154194071001122
Cooling Coil Discharge Air Temperature (°K),97854,29356200.0,0.0321015373191298,0.0284861179120296,0.003615419407100199
Cooling Coil Discharge Air Temperature (°K),98074,29422200.0,-0.1233614971863191,-0.1269769165934192,0.0036154194071000983
Cooling Coil Discharge Air Temperature (°K),98294,29488200.0,-0.2426703376207257,-0.3692100168693326,0.12653967924860687
Cooling Coil Discharge Air Temperature (°K),98302,29490600.0,-0.9404462831916854,-0.2969016287272686,0.6435446544644168
Cooling Coil Discharge Air Temperature (°K),98304,29491200.0,0.6503382559338253,1.1167273594501514,0.4663891035163261
Cooling Coil Discharge Air Temperature (°K),98318,29495400.0,1.1673432311496148,1.1094965206359513,0.057846710513663524
Cooling Coil Discharge Air Temperature (°K),98322,29496600.0,1.033572713086787,0.9034176144310596,0.1301550986557275
Cooling Coil Discharge Air Temperature (°K),98340,29502000.0,0.91064845324526,0.9648797443518232,0.05423129110656322
Cooling Coil Discharge Air Temperature (°K),98362,29508600.0,1.2613441357343,1.3047291686195426,0.043385032885242536
Cooling Coil Discharge Air Temperature (°K),98376,29512800.0,0.7407237411114105,0.5961069648272619,0.1446167762841486
Cooling Coil Discharge Air Temperature (°K),98406,29521800.0,0.368335542179749,0.2887963152234847,0.07953922695626431
Cooling Coil Discharge Air Temperature (°K),98414,29524200.0,0.2924117346305849,0.7985704516250535,0.5061587169944686
Cooling Coil Discharge Air Temperature (°K),98422,29526600.0,0.8130321292534745,0.668415352969326,0.14461677628414848
Cooling Coil Discharge Air Temperature (°K),98522,29556600.0,0.6141840618627831,0.610568642455683,0.0036154194071000845
Cooling Coil Discharge Air Temperature (°K),98582,29574600.0,0.4297976721005127,0.3032579928518852,0.12653967924862747
Cooling Coil Discharge Air Temperature (°K),98600,29580000.0,0.1947954106387789,1.0661114877507087,0.8713160771119298
Cooling Coil Discharge Air Temperature (°K),98602,29580600.0,1.6951944645867043,1.951889242491039,0.2566947779043347
Cooling Coil Discharge Air Temperature (°K),98610,29583000.0,1.706040722808005,1.5035772360102135,0.20246348679779147
Cooling Coil Discharge Air Temperature (°K),98658,29597400.0,1.0914194236004302,1.156496972928294,0.06507754932786369
Cooling Coil Discharge Air Temperature (°K),98674,29602200.0,1.073342326564909,0.7660316769611318,0.3073106496037771
Cooling Coil Discharge Air Temperature (°K),98694,29608200.0,0.3249505092945065,0.2634883793737634,0.06146212992074307
Cooling Coil Discharge Air Temperature (°K),98702,29610600.0,0.1622566359748573,0.5671836095704405,0.40492697359558316
Cooling Coil Discharge Air Temperature (°K),98772,29631600.0,0.7443391605185106,0.7407237411114105,0.0036154194071000845
Cooling Coil Discharge Air Temperature (°K),98836,29650800.0,0.5888761260130617,0.5852607066059615,0.0036154194071001955
Cooling Coil Discharge Air Temperature (°K),98900,29670000.0,0.8961867756168593,1.6988098839938048,0.8026231083769455
Cooling Coil Discharge Air Temperature (°K),98908,29672400.0,2.053120985889945,1.561423946523877,0.491697039366068
Cooling Coil Discharge Air Temperature (°K),98910,29673000.0,1.0516498101222878,0.7768779351824322,0.27477187493985555
Cooling Coil Discharge Air Temperature (°K),98966,29689800.0,0.6611845141551257,1.2034974252206363,0.5423129110655106
Cooling Coil Discharge Air Temperature (°K),98968,29690400.0,2.027813050040224,2.382124151936344,0.35431110189612003
Cooling Coil Discharge Air Temperature (°K),98974,29692200.0,2.103736857589388,1.78919536917139,0.314541488417998
Cooling Coil Discharge Air Temperature (°K),98978,29693400.0,0.6720307723764466,0.5961069648272619,0.07592380754918471
Cooling Coil Discharge Air Temperature (°K),99004,29701200.0,0.2887963152234847,0.7154158052616891,0.42661949003820443
Cooling Coil Discharge Air Temperature (°K),99080,29724000.0,1.5288851718599554,1.5252697524528347,0.0036154194071207346
Cooling Coil Discharge Air Temperature (°K),99158,29747400.0,1.1998820058135364,0.7515699993327108,0.4483120064808256
Cooling Coil Discharge Air Temperature (°K),99194,29758200.0,0.7081849664474683,0.7226466440758893,0.014461677628420988
Cooling Coil Discharge Air Temperature (°K),99236,29770800.0,1.0480343907151877,1.0588806489365086,0.010846258221320904
Cooling Coil Discharge Air Temperature (°K),99264,29779200.0,0.9974185190157449,0.7949550322179534,0.20246348679779147
Cooling Coil Discharge Air Temperature (°K),99284,29785200.0,0.6539536753409254,0.758800838146911,0.1048471628059856
Cooling Coil Discharge Air Temperature (°K),99378,29813400.0,0.7262620634829895,0.7226466440758893,0.0036154194071001955
Cooling Coil Discharge Air Temperature (°K),99416,29824800.0,0.5057214796496767,0.4984906408354765,0.0072308388142002245
Cooling Coil Discharge Air Temperature (°K),99446,29833800.0,0.0718711507972722,-0.8030603457217577,0.8749314965190299
Cooling Coil Discharge Air Temperature (°K),99452,29835600.0,-1.7756081662325731,-1.1718331252462986,0.6037750409862745
Cooling Coil Discharge Air Temperature (°K),99454,29836200.0,-0.1595156912573408,0.3394121869229275,0.4989278781802683
Cooling Coil Discharge Air Temperature (°K),99456,29836800.0,0.5599527707562402,0.7407237411114105,0.1807709703551703
Cooling Coil Discharge Air Temperature (°K),99474,29842200.0,0.9793414219802238,0.9612643249447026,0.018077097035521184
Cooling Coil Discharge Air Temperature (°K),99574,29872200.0,0.5997223842343621,0.5888761260130617,0.010846258221300364
Cooling Coil Discharge Air Temperature (°K),99600,29880000.0,0.3321813481087273,0.3285659287016066,0.003615419407120679
Cooling Coil Discharge Air Temperature (°K),99636,29890800.0,0.0971790866469935,0.0899482478327933,0.007230838814200197
Cooling Coil Discharge Air Temperature (°K),99688,29906400.0,-0.2318240793994048,-0.2390549182136256,0.007230838814220791
Cooling Coil Discharge Air Temperature (°K),99740,29922000.0,-0.5391347290032025,-0.5463655678174028,0.00723083881420028
Cooling Coil Discharge Air Temperature (°K),99826,29947800.0,-0.813906603943058,-0.8175220233501582,0.0036154194071001955
Cooling Coil Discharge Air Temperature (°K),99966,29989800.0,-0.9621387996343068,-0.9657542190414068,0.0036154194070999734
Cooling Coil Discharge Air Temperature (°K),100022,30006600.0,-1.124832672953956,-1.128448092361056,0.0036154194071000845
Cooling Coil Discharge Air Temperature (°K),100088,30026400.0,-1.3381424179730477,-1.3417578373801684,0.0036154194071207346
Cooling Coil Discharge Air Temperature (°K),100156,30046800.0,-1.5442213241779394,-1.5478367435850602,0.0036154194071207346
Cooling Coil Discharge Air Temperature (°K),100222,30066600.0,-1.7358385527544309,-1.7394539721615307,0.0036154194070998624
Cooling Coil Discharge Air Temperature (°K),100312,30093600.0,-1.5478367435850602,-1.388758289672511,0.15907845391254916
Cooling Coil Discharge Air Temperature (°K),100316,30094800.0,-0.8175220233501582,0.1297178613109357,0.9472398846610939
Cooling Coil Discharge Air Temperature (°K),100318,30095400.0,0.6792616111906469,0.9648797443518232,0.28561813316117635
Cooling Coil Discharge Air Temperature (°K),100326,30097800.0,1.232420780477458,1.0480343907151877,0.1843863897622704
Cooling Coil Discharge Air Temperature (°K),100468,30140400.0,0.784108773996653,0.7804933545895323,0.0036154194071207346
Cooling Coil Discharge Air Temperature (°K),100598,30179400.0,0.625030320084104,0.8166475486605745,0.19161722857647057
Cooling Coil Discharge Air Temperature (°K),100614,30184200.0,1.0588806489365086,1.1239581982643725,0.06507754932786391
Cooling Coil Discharge Air Temperature (°K),100616,30184800.0,-1.9889179112516648,-1.9961487500658648,0.007230838814199947
Cooling Coil Discharge Air Temperature (°K),100622,30186600.0,-1.6779918422407671,-1.5442213241779394,0.1337705180628277
Cooling Coil Discharge Air Temperature (°K),100704,30211200.0,-1.070601381847413,-1.0019084131124285,0.06869296873498443
Cooling Coil Discharge Air Temperature (°K),100708,30212400.0,-0.49574969611796,0.1984108300458996,0.6941605261638596
Cooling Coil Discharge Air Temperature (°K),100716,30214800.0,0.7118003858545684,0.6358765783054043,0.07592380754916406
Cooling Coil Discharge Air Temperature (°K),100724,30217200.0,0.2417958629311421,0.1911799912316788,0.0506158716994633
Cooling Coil Discharge Air Temperature (°K),100734,30220200.0,0.1188716030896148,0.3936434780294703,0.2747718749398555
Cooling Coil Discharge Air Temperature (°K),100830,30249000.0,0.3141042510732061,0.3068734122589853,0.007230838814220819
Cooling Coil Discharge Air Temperature (°K),100886,30265800.0,-0.2969016287272686,-1.142909769989477,0.8460081412622085
Cooling Coil Discharge Air Temperature (°K),100892,30267600.0,-1.7105306169047092,-0.7054440217299518,1.0050865951747574
Cooling Coil Discharge Air Temperature (°K),100896,30268800.0,0.368335542179749,0.5924915454201618,0.2241560032404128
Cooling Coil Discharge Air Temperature (°K),100998,30299400.0,0.7226466440758893,0.700954127633268,0.021692516442621268
Cooling Coil Discharge Air Temperature (°K),101028,30308400.0,0.3466430257371277,0.3321813481087273,0.014461677628400393
Cooling Coil Discharge Air Temperature (°K),101098,30329400.0,0.2020262494529997,0.1947954106387789,0.007230838814220819
Cooling Coil Discharge Air Temperature (°K),101174,30352200.0,-0.3439020810196112,-1.5406059047708394,1.1967038237512282
Cooling Coil Discharge Air Temperature (°K),101180,30354000.0,-1.4068353867080117,-0.5499809872245028,0.8568543994835088
Cooling Coil Discharge Air Temperature (°K),101184,30355200.0,0.4478747691360338,0.6901078694119471,0.24223310027591333
Cooling Coil Discharge Air Temperature (°K),101250,30375000.0,0.9504180667234022,0.91426387265236,0.036154194071042256
Cooling Coil Discharge Air Temperature (°K),101254,30376200.0,0.0357169567262299,-0.1631311106644409,0.1988480673906708
Cooling Coil Discharge Air Temperature (°K),101262,30378600.0,-0.3800562750906535,0.3032579928518852,0.6833142679425387
Cooling Coil Discharge Air Temperature (°K),101264,30379200.0,1.0552652295294085,1.4240380090539493,0.3687727795245408
Cooling Coil Discharge Air Temperature (°K),101274,30382200.0,1.2902674909911216,1.1094965206359513,0.1807709703551703
Cooling Coil Discharge Air Temperature (°K),101344,30403200.0,0.7226466440758893,0.7154158052616891,0.007230838814200169
Cooling Coil Discharge Air Temperature (°K),101408,30422400.0,0.3357967675158274,0.3285659287016066,0.007230838814220764
Cooling Coil Discharge Air Temperature (°K),101462,30438600.0,-0.2752091122846473,-1.2405260939812623,0.9653169816966151
Cooling Coil Discharge Air Temperature (°K),101468,30440400.0,-1.605683454098703,-0.5752889230742448,1.0303945310244582
Cooling Coil Discharge Air Temperature (°K),101470,30441000.0,0.1116407642754146,0.4514901885431339,0.3398494242677193
Cooling Coil Discharge Air Temperature (°K),101646,30493800.0,0.6286457394912041,0.6214149006769832,0.007230838814220819
Cooling Coil Discharge Air Temperature (°K),101694,30508200.0,0.2201033464885208,0.2092570882671999,0.010846258221320904
Cooling Coil Discharge Air Temperature (°K),101720,30516000.0,0.0140244402836086,0.0067936014694084,0.007230838814200199
Cooling Coil Discharge Air Temperature (°K),101792,30537600.0,-0.1595156912573408,-0.1667465300715616,0.007230838814220791
Cooling Coil Discharge Air Temperature (°K),101828,30548400.0,-0.3872871139048537,-0.3945179527190745,0.007230838814220819
Cooling Coil Discharge Air Temperature (°K),101904,30571200.0,-0.7126748605441726,-0.7162902799512727,0.0036154194071000845
Cooling Coil Discharge Air Temperature (°K),101984,30595200.0,-1.0489088654047918,-1.056139704218992,0.007230838814200169
Cooling Coil Discharge Air Temperature (°K),102028,30608400.0,-1.2477569327954627,-1.2513723522025832,0.0036154194071205126
Cooling Coil Discharge Air Temperature (°K),102116,30634800.0,-1.4249124837435327,-1.4285279031506328,0.0036154194071000845
Cooling Coil Discharge Air Temperature (°K),102332,30699600.0,-0.4849034378966597,0.2201033464885208,0.7050067843851805
Cooling Coil Discharge Air Temperature (°K),102350,30705000.0,0.2743346375950637,0.4044897362507912,0.1301550986557275
Cooling Coil Discharge Air Temperature (°K),102356,30706800.0,0.686492450004847,0.7551854187398109,0.06869296873496389
Cooling Coil Discharge Air Temperature (°K),102374,30712200.0,1.0371881324938872,0.9938030996086448,0.043385032885242425
Cooling Coil Discharge Air Temperature (°K),102436,30730800.0,0.7877241934037531,0.7732625157753321,0.014461677628420988
Cooling Coil Discharge Air Temperature (°K),102492,30747600.0,0.5852607066059615,0.5780298677917408,0.007230838814220708
Cooling Coil Discharge Air Temperature (°K),102522,30756600.0,0.3321813481087273,0.3213350898874064,0.010846258221320904
Cooling Coil Discharge Air Temperature (°K),102568,30770400.0,-0.036591431415834,-0.0438222702300343,0.007230838814200301
Cooling Coil Discharge Air Temperature (°K),102614,30784200.0,-0.5572118260387237,-1.2043718999102202,0.6471600738714965
Cooling Coil Discharge Air Temperature (°K),102620,30786000.0,-1.5369904853637393,-0.4885188573037597,1.0484716280599795
Cooling Coil Discharge Air Temperature (°K),102624,30787200.0,0.625030320084104,0.7334929022971897,0.10846258221308569
Cooling Coil Discharge Air Temperature (°K),102698,30809400.0,0.5346448349065188,0.3538738645513485,0.1807709703551703
Cooling Coil Discharge Air Temperature (°K),102716,30814800.0,1.2071128446277366,1.7530411751003476,0.545928330472611
Cooling Coil Discharge Air Temperature (°K),102724,30817200.0,1.8470420796850533,1.5939627211877987,0.2530793584972546
Cooling Coil Discharge Air Temperature (°K),102726,30817800.0,1.142035295299873,0.6141840618627831,0.5278512334370898
Cooling Coil Discharge Air Temperature (°K),102732,30819600.0,0.2743346375950637,0.0935636672398934,0.1807709703551703
Cooling Coil Discharge Air Temperature (°K),102742,30822600.0,0.068255731390172,0.7768779351824322,0.7086222037922602
Cooling Coil Discharge Air Temperature (°K),102754,30826200.0,1.178189489370915,1.0371881324938872,0.14100135687702786
Cooling Coil Discharge Air Temperature (°K),102902,30870600.0,0.5310294154993982,-0.1739773688857618,0.70500678438516
Cooling Coil Discharge Air Temperature (°K),102912,30873600.0,0.1044099254611938,0.7624162575540318,0.658006332092838
Cooling Coil Discharge Air Temperature (°K),102914,30874200.0,1.0841885847862298,1.3083445880266429,0.22415600324041307
Cooling Coil Discharge Air Temperature (°K),102924,30877200.0,1.2866520715840215,1.1239581982643725,0.16269387331964902
Cooling Coil Discharge Air Temperature (°K),102966,30889800.0,1.0299572936796664,0.8274938068818749,0.20246348679779147
Cooling Coil Discharge Air Temperature (°K),102990,30897000.0,0.5418756737207191,0.8274938068818749,0.2856181331611558
Cooling Coil Discharge Air Temperature (°K),102992,30897600.0,1.6192706570375406,2.0965060187751874,0.4772353617376468
Cooling Coil Discharge Air Temperature (°K),103000,30900000.0,1.5867318823735983,1.019111035458366,0.5676208469152324
Cooling Coil Discharge Air Temperature (°K),103002,30900600.0,0.6792616111906469,0.5201831572780978,0.15907845391254904
Cooling Coil Discharge Air Temperature (°K),103020,30906000.0,0.8130321292534745,1.3698067179473858,0.5567745886939114
Cooling Coil Discharge Air Temperature (°K),103030,30909000.0,1.0950348430075303,0.91426387265236,0.1807709703551703
Cooling Coil Discharge Air Temperature (°K),103090,30927000.0,0.5997223842343621,0.5961069648272619,0.0036154194071001955
Cooling Coil Discharge Air Temperature (°K),103122,30936600.0,0.4081051556578914,0.4008743168436912,0.0072308388142002245
Cooling Coil Discharge Air Temperature (°K),103158,30947400.0,0.1694874747890575,0.1622566359748573,0.0072308388142002245
Cooling Coil Discharge Air Temperature (°K),103190,30957000.0,-0.2824399510988681,-1.291141965680705,1.008702014581837
Cooling Coil Discharge Air Temperature (°K),103196,30958800.0,-1.5659138406205606,-0.5319038901890023,1.0340099504315583
Cooling Coil Discharge Air Temperature (°K),103200,30960000.0,0.6901078694119471,0.9504180667234022,0.2603101973114551
Cooling Coil Discharge Air Temperature (°K),103278,30983400.0,1.08780400419333,0.9576489055376024,0.1301550986557275
Cooling Coil Discharge Air Temperature (°K),103280,30984000.0,0.5563373513491195,0.2671037987808635,0.28923355256825606
Cooling Coil Discharge Air Temperature (°K),103294,30988200.0,0.8274938068818749,1.4457305254965704,0.6182367186146955
Cooling Coil Discharge Air Temperature (°K),103304,30991200.0,1.2613441357343,1.0552652295294085,0.20607890620489155
Cooling Coil Discharge Air Temperature (°K),103364,31009200.0,0.6214149006769832,0.6177994812698832,0.0036154194071000845
Cooling Coil Discharge Air Temperature (°K),103414,31024200.0,0.3936434780294703,0.3900280586223703,0.003615419407100029
Cooling Coil Discharge Air Temperature (°K),103476,31042800.0,0.1441795389393362,0.1405641195322361,0.0036154194071000845
Cooling Coil Discharge Air Temperature (°K),103532,31059600.0,-0.0908227225223769,-0.094438141929477,0.0036154194071000983
Cooling Coil Discharge Air Temperature (°K),103644,31093200.0,-0.3475175004267319,-0.351132919833832,0.0036154194071000845
Cooling Coil Discharge Air Temperature (°K),103732,31119600.0,-0.6222893753665875,-0.6259047947736875,0.0036154194071000845
Cooling Coil Discharge Air Temperature (°K),103808,31142400.0,-0.9079075085277434,-0.9115229279348436,0.0036154194071001955
Cooling Coil Discharge Air Temperature (°K),103892,31167600.0,-1.1573714476178776,-1.160986867024998,0.0036154194071205126
Cooling Coil Discharge Air Temperature (°K),104008,31202400.0,-1.4285279031506328,-1.4285279031506328,0.0
Cooling Coil Discharge Air Temperature (°K),104116,31234800.0,-1.7105306169047092,-1.7141460363118093,0.0036154194071000845
Cooling Coil Discharge Air Temperature (°K),104180,31254000.0,-1.90576326488828,-1.9093786842954008,0.0036154194071207346
Cooling Coil Discharge Air Temperature (°K),104252,31275600.0,-2.1082267516860718,-2.1118421710931923,0.0036154194071205126
Cooling Coil Discharge Air Temperature (°K),104300,31290000.0,-2.310690238483863,-2.3143056578909835,0.0036154194071205126
Cooling Coil Discharge Air Temperature (°K),104346,31303800.0,-2.2673052055986207,-1.146525189396577,1.1207800162020436
Cooling Coil Discharge Air Temperature (°K),104358,31307400.0,-0.408979630347475,-0.3258249839841106,0.08315464636336439
Cooling Coil Discharge Air Temperature (°K),104366,31309800.0,0.4117205750649915,0.5852607066059615,0.17354013154097003
Cooling Coil Discharge Air Temperature (°K),104400,31320000.0,0.9576489055376024,0.91426387265236,0.043385032885242425
Cooling Coil Discharge Air Temperature (°K),104488,31346400.0,0.7371083217042897,0.7262620634829895,0.010846258221300253
Cooling Coil Discharge Air Temperature (°K),104510,31353000.0,0.5382602543136189,0.5310294154993982,0.007230838814220708
Cooling Coil Discharge Air Temperature (°K),104560,31368000.0,0.151410377753557,0.1405641195322361,0.010846258221320904
Cooling Coil Discharge Air Temperature (°K),104604,31381200.0,-0.2245932405852045,-0.2318240793994048,0.007230838814200308
Cooling Coil Discharge Air Temperature (°K),104630,31389000.0,-0.6982131829157515,-1.605683454098703,0.9074702711829515
Cooling Coil Discharge Air Temperature (°K),104636,31390800.0,-1.4538358390003543,-0.7777524098720363,0.676083429128318
Cooling Coil Discharge Air Temperature (°K),104650,31395000.0,-0.4198258885687959,-0.3547483392409321,0.0650775493278638
Cooling Coil Discharge Air Temperature (°K),104656,31396800.0,0.0465632149475508,0.1333332807180358,0.08677006577048499
Cooling Coil Discharge Air Temperature (°K),104662,31398600.0,0.625030320084104,0.7371083217042897,0.11207800162018577
Cooling Coil Discharge Air Temperature (°K),104736,31420800.0,0.856417162138717,0.7949550322179534,0.06146212992076361
Cooling Coil Discharge Air Temperature (°K),104784,31435200.0,0.7081849664474683,0.700954127633268,0.00723083881420028
Cooling Coil Discharge Air Temperature (°K),104822,31446600.0,0.4153359944720916,0.4044897362507912,0.010846258221300364
Cooling Coil Discharge Air Temperature (°K),104868,31460400.0,0.1984108300458996,0.1911799912316788,0.007230838814220791
Cooling Coil Discharge Air Temperature (°K),104918,31475400.0,-0.3475175004267319,-1.5406059047708394,1.1930884043441075
Cooling Coil Discharge Air Temperature (°K),104924,31477200.0,-1.6599147452052665,-0.9404462831916854,0.7194684620135811
Cooling Coil Discharge Air Temperature (°K),104938,31481400.0,0.0031781820623083,0.0610248925759718,0.0578467105136635
Cooling Coil Discharge Air Temperature (°K),104946,31483800.0,0.5852607066059615,0.6792616111906469,0.09400090458468535
Cooling Coil Discharge Air Temperature (°K),105022,31506600.0,0.8636480009529173,0.8600325815458171,0.0036154194071001955
