DATE,TIME,BAR-PRES,IR-RADIA,OA-HUMD,OA-TEMP,SOL-ALM,SOL-BEAM,SOL-HORZ,WIND-DIR,WIND-VEL
05/27/2008,00:00:00,1015.19,206.125,52.629,65.412,0.0,0.348,0.163,12.03,10.273
05/27/2008,00:01:00,1015.151,206.0,52.325,65.412,0.0,0.348,0.136,54.153,14.35
05/27/2008,00:02:00,1015.228,205.75,52.72,65.451,0.0,0.348,0.136,31.751,3.616
05/27/2008,00:03:00,1015.228,205.125,52.934,65.438,0.0,0.348,0.163,39.753,4.723
05/27/2008,00:04:00,1015.151,204.25,52.892,65.373,0.0,0.348,0.163,54.226,5.362
05/27/2008,00:05:00,1015.151,203.625,53.264,65.347,0.0,0.316,0.163,22.379,6.123
05/27/2008,00:06:00,1015.151,202.75,53.536,65.276,0.0,0.348,0.163,24.609,3.78
05/27/2008,00:07:00,1015.075,201.75,53.316,65.25,0.0,0.348,0.163,61.339,3.829
05/27/2008,00:08:00,1015.075,200.875,52.84,65.276,0.0,0.348,0.136,39.388,4.103
05/27/2008,00:09:00,1015.075,201.125,52.966,65.263,0.0,0.348,0.163,24.143,8.028
05/27/2008,00:10:00,1015.036,200.625,53.277,65.237,0.0,0.348,0.163,58.555,9.908
05/27/2008,00:11:00,1015.075,201.5,52.859,65.211,0.0,0.348,0.163,34.724,9.823
05/27/2008,00:12:00,1015.151,202.5,52.84,65.224,0.0,0.348,0.163,37.887,7.79
05/27/2008,00:13:00,1015.151,203.5,53.365,65.185,0.0,0.348,0.136,45.044,5.399
05/27/2008,00:14:00,1015.151,204.75,52.999,65.172,0.0,0.316,0.163,27.976,6.147
05/27/2008,00:15:00,1015.19,205.625,53.472,65.172,0.0,0.348,0.163,29.375,9.908
05/27/2008,00:16:00,1015.151,206.125,53.371,65.133,0.0,0.348,0.163,34.987,4.663
05/27/2008,00:17:00,1015.113,206.25,54.058,65.094,0.0,0.348,0.136,47.186,5.174
05/27/2008,00:18:00,1015.075,206.625,53.841,65.016,0.0,0.316,0.163,56.34,4.231
05/27/2008,00:19:00,1015.075,206.625,54.003,64.997,0.0,0.348,0.163,76.352,3.732
05/27/2008,00:20:00,1015.113,206.625,54.204,64.971,0.0,0.316,0.163,57.418,5.289
05/27/2008,00:21:00,1015.075,206.75,53.478,64.945,0.0,0.316,0.163,70.201,6.007
05/27/2008,00:22:00,1015.151,206.875,53.663,64.997,0.0,0.316,0.163,56.223,6.579
05/27/2008,00:23:00,1015.151,206.875,53.575,65.016,0.0,0.38,0.163,39.534,5.922
05/27/2008,00:24:00,1015.151,206.5,53.802,65.003,0.0,0.316,0.163,23.064,9.737
05/27/2008,00:25:00,1015.151,205.875,53.957,64.984,0.0,0.316,0.163,29.463,4.042
05/27/2008,00:26:00,1015.19,205.875,53.86,64.958,0.0,0.348,0.163,63.657,7.997
05/27/2008,00:27:00,1015.19,206.375,54.197,64.958,0.0,0.348,0.163,69.458,9.75
05/27/2008,00:28:00,1015.228,207.0,53.957,64.971,0.0,0.348,0.163,40.38,4.164
05/27/2008,00:29:00,1015.228,206.75,54.369,64.932,0.0,0.348,0.163,48.673,4.364
05/27/2008,00:30:00,1015.228,206.625,54.333,64.867,0.0,0.348,0.136,24.113,8.581
05/27/2008,00:31:00,1015.305,206.75,54.255,64.867,0.0,0.348,0.136,75.375,7.054
05/27/2008,00:32:00,1015.343,206.75,54.751,64.841,0.0,0.348,0.136,48.964,4.437
05/27/2008,00:33:00,1015.381,206.75,54.625,64.841,0.0,0.348,0.163,44.271,3.281
05/27/2008,00:34:00,1015.381,206.625,54.793,64.777,0.0,0.348,0.163,47.011,5.6
05/27/2008,00:35:00,1015.381,206.625,54.919,64.751,0.0,0.348,0.163,30.264,2.624
05/27/2008,00:36:00,1015.343,206.375,55.37,64.725,0.0,0.348,0.136,48.075,6.184
05/27/2008,00:37:00,1015.305,206.125,55.327,64.64,0.0,0.316,0.163,30.833,6.853
05/27/2008,00:38:00,1015.266,206.125,55.097,64.602,0.0,0.316,0.163,19.26,10.023
05/27/2008,00:39:00,1015.266,206.125,54.77,64.576,0.0,0.38,0.163,52.725,10.522
05/27/2008,00:40:00,1015.305,206.25,54.851,64.615,0.0,0.316,0.136,48.381,10.224
05/27/2008,00:41:00,1015.305,206.125,55.097,64.615,0.0,0.316,0.163,52.419,5.673
05/27/2008,00:42:00,1015.305,205.875,54.56,64.615,0.0,0.348,0.163,45.991,7.437
05/27/2008,00:43:00,1015.305,206.0,54.984,64.615,0.0,0.253,0.163,44.446,8.168
05/27/2008,00:44:00,1015.381,205.625,55.217,64.537,0.0,0.316,0.136,23.982,8.283
05/27/2008,00:45:00,1015.343,205.375,55.528,64.485,0.0,0.348,0.163,65.653,8.965
05/27/2008,00:46:00,1015.305,205.25,55.509,64.42,0.0,0.316,0.163,49.445,6.908
05/27/2008,00:47:00,1015.266,205.25,55.548,64.388,0.0,0.316,0.163,31.693,4.504
05/27/2008,00:48:00,1015.305,205.25,55.988,64.362,0.0,0.316,0.163,25.323,5.947
05/27/2008,00:49:00,1015.305,205.5,55.735,64.323,0.0,0.253,0.136,25.177,10.735
05/27/2008,00:50:00,1015.343,205.25,56.072,64.271,0.0,0.316,0.163,38.674,9.859
05/27/2008,00:51:00,1015.343,205.375,56.076,64.258,0.0,0.316,0.163,62.767,2.277
05/27/2008,00:52:00,1015.381,205.5,56.254,64.245,0.0,0.348,0.163,62.767,11.843
05/27/2008,00:53:00,1015.381,205.375,56.545,64.161,0.0,0.316,0.163,44.738,5.697
05/27/2008,00:54:00,1015.343,205.375,56.445,64.122,0.0,0.316,0.163,45.641,12.987
05/27/2008,00:55:00,1015.343,205.375,57.041,64.115,0.0,0.316,0.163,38.033,6.172
05/27/2008,00:56:00,1015.343,205.25,57.219,64.038,0.0,0.316,0.163,58.016,6.744
05/27/2008,00:57:00,1015.343,205.5,57.287,63.973,0.0,0.316,0.163,95.096,4.401
05/27/2008,00:58:00,1015.343,205.75,57.562,63.934,0.0,0.316,0.163,56.019,9.823
05/27/2008,00:59:00,1015.419,205.625,57.938,63.895,0.0,0.316,0.163,43.513,13.559
05/27/2008,01:00:00,1015.419,205.5,58.576,63.843,0.0,0.316,0.163,74.136,5.052
05/27/2008,01:01:00,1015.381,205.5,58.676,63.785,0.0,0.348,0.163,42.129,8.904
05/27/2008,01:02:00,1015.381,205.375,58.774,63.746,0.0,0.316,0.163,36.153,6.659
05/27/2008,01:03:00,1015.305,205.125,58.913,63.694,0.0,0.348,0.163,61.397,12.64
05/27/2008,01:04:00,1015.305,204.875,59.421,63.642,0.0,0.348,0.163,75.842,6.744
05/27/2008,01:05:00,1015.266,204.25,59.726,63.591,0.0,0.316,0.163,71.469,5.648
05/27/2008,01:06:00,1015.151,203.5,60.03,63.532,0.0,0.253,0.163,61.572,8.703
05/27/2008,01:07:00,1015.075,202.875,60.328,63.467,0.0,0.316,0.136,35.672,5.016
05/27/2008,01:08:00,1015.036,202.125,60.872,63.416,0.0,0.316,0.163,40.321,4.03
05/27/2008,01:09:00,1014.998,201.75,60.924,63.312,0.0,0.316,0.163,48.586,7.59
05/27/2008,01:10:00,1015.075,201.875,61.465,63.273,0.0,0.253,0.163,38.645,8.727
05/27/2008,01:11:00,1015.075,201.75,61.465,63.202,0.0,0.316,0.136,64.764,12.08
05/27/2008,01:12:00,1015.151,201.875,62.042,63.163,0.0,0.316,0.136,54.343,11.058
05/27/2008,01:13:00,1015.113,202.125,61.948,63.111,0.0,0.316,0.163,52.754,10.249
05/27/2008,01:14:00,1015.151,202.125,62.113,63.085,0.0,0.316,0.136,47.303,11.253
05/27/2008,01:15:00,1015.075,202.5,62.446,63.033,0.0,0.316,0.163,24.259,7.255
05/27/2008,01:16:00,1015.075,202.125,62.709,62.981,0.0,0.316,0.163,52.302,12.713
05/27/2008,01:17:00,1015.075,202.125,62.702,62.923,0.0,0.253,0.163,53.76,9.117
05/27/2008,01:18:00,1015.113,202.125,63.084,62.884,0.0,0.316,0.163,52.127,10.176
05/27/2008,01:19:00,1015.113,202.25,63.282,62.858,0.0,0.253,0.163,42.58,11.466
05/27/2008,01:20:00,1015.075,202.0,63.311,62.806,0.0,0.316,0.136,30.206,8.344
05/27/2008,01:21:00,1015.036,201.875,63.794,62.767,0.0,0.316,0.136,58.162,9.366
05/27/2008,01:22:00,1015.036,201.75,64.098,62.703,0.0,0.316,0.163,77.343,7.127
05/27/2008,01:23:00,1015.075,201.75,64.257,62.657,0.0,0.253,0.163,56.704,10.906
05/27/2008,01:24:00,1015.036,201.875,64.471,62.605,0.0,0.348,0.136,79.004,4.936
05/27/2008,01:25:00,1015.036,201.5,64.665,62.605,0.0,0.348,0.136,49.387,14.1
05/27/2008,01:26:00,1014.998,201.625,64.752,62.534,0.0,0.316,0.163,61.791,7.766
05/27/2008,01:27:00,1015.075,201.625,64.95,62.495,0.0,0.348,0.163,52.302,9.391
05/27/2008,01:28:00,1014.998,201.875,64.843,62.443,0.0,0.316,0.136,48.075,12.117
05/27/2008,01:29:00,1015.036,202.125,65.361,62.443,0.0,0.316,0.163,54.037,5.959
05/27/2008,01:30:00,1015.036,202.125,65.501,62.392,0.0,0.316,0.163,44.738,7.194
05/27/2008,01:31:00,1015.036,202.125,65.627,62.333,0.0,0.316,0.163,90.869,11.606
05/27/2008,01:32:00,1015.036,202.25,65.705,62.294,0.0,0.316,0.163,48.527,12.238
05/27/2008,01:33:00,1015.075,201.875,65.659,62.255,0.0,0.316,0.163,56.558,10.571
05/27/2008,01:34:00,1015.113,201.25,66.022,62.23,0.0,0.316,0.163,37.056,10.273
05/27/2008,01:35:00,1015.075,200.875,66.058,62.217,0.0,0.316,0.163,59.357,8.557
05/27/2008,01:36:00,1015.075,199.75,66.45,62.178,0.0,0.348,0.163,61.747,7.468
05/27/2008,01:37:00,1015.113,199.25,66.909,62.139,0.0,0.348,0.163,65.114,3.385
05/27/2008,01:38:00,1015.075,198.75,66.663,62.1,0.0,0.253,0.163,33.981,11.466
05/27/2008,01:39:00,1015.036,198.5,66.702,62.068,0.0,0.316,0.163,64.735,11.679
05/27/2008,01:40:00,1014.998,198.25,67.214,62.016,0.0,0.316,0.163,72.693,6.543
05/27/2008,01:41:00,1015.036,198.125,66.88,61.964,0.0,0.316,0.163,66.688,17.398
05/27/2008,01:42:00,1014.922,198.125,67.02,61.938,0.0,0.316,0.136,38.062,13.96
05/27/2008,01:43:00,1014.922,198.75,67.033,61.912,0.0,0.316,0.163,69.676,9.598
05/27/2008,01:44:00,1014.998,200.125,67.185,61.873,0.0,0.316,0.163,94.105,14.259
05/27/2008,01:45:00,1015.036,201.5,67.557,61.873,0.0,0.316,0.136,60.8,8.076
05/27/2008,01:46:00,1015.075,202.625,67.768,61.821,0.0,0.316,0.136,45.131,10.17
05/27/2008,01:47:00,1015.075,203.0,67.894,61.795,0.0,0.253,0.163,66.397,5.922
05/27/2008,01:48:00,1014.998,203.25,68.289,61.763,0.0,0.316,0.163,51.282,11.32
05/27/2008,01:49:00,1014.998,203.5,68.199,61.698,0.0,0.316,0.163,83.916,14.259
05/27/2008,01:50:00,1014.96,203.75,68.02,61.711,0.0,0.348,0.163,58.191,9.439
05/27/2008,01:51:00,1014.96,204.0,68.121,61.633,0.0,0.348,0.163,33.762,11.295
05/27/2008,01:52:00,1014.998,204.0,68.403,61.62,0.0,0.316,0.163,68.233,9.062
05/27/2008,01:53:00,1015.113,204.375,68.568,61.607,0.0,0.316,0.136,44.213,6.604
05/27/2008,01:54:00,1015.151,204.125,68.555,61.543,0.0,0.316,0.136,61.456,8.788
05/27/2008,01:55:00,1015.228,204.0,68.6,61.504,0.0,0.316,0.163,25.629,6.184
05/27/2008,01:56:00,1015.305,204.0,68.726,61.471,0.0,0.316,0.136,73.976,9.585
05/27/2008,01:57:00,1015.381,203.875,69.092,61.445,0.0,0.316,0.136,76.119,7.997
05/27/2008,01:58:00,1015.515,203.75,69.475,61.406,0.0,0.316,0.163,40.846,5.861
05/27/2008,01:59:00,1015.554,203.625,69.494,61.329,0.0,0.316,0.163,23.982,9.287
05/27/2008,02:00:00,1015.592,203.375,69.828,61.264,0.0,0.316,0.163,71.032,11.07
05/27/2008,02:01:00,1015.668,203.0,70.029,61.18,0.0,0.316,0.136,34.214,6.123
05/27/2008,02:02:00,1015.707,203.0,70.242,61.141,0.0,0.253,0.163,9.873,2.971
05/27/2008,02:03:00,1015.745,203.0,70.663,61.102,0.0,0.316,0.163,59.94,7.602
05/27/2008,02:04:00,1015.745,202.75,70.553,61.037,0.0,0.253,0.163,58.453,6.683
05/27/2008,02:05:00,1015.745,202.875,70.838,60.94,0.0,0.316,0.163,69.224,6.281
05/27/2008,02:06:00,1015.822,202.75,71.25,60.869,0.0,0.316,0.136,73.451,8.228
05/27/2008,02:07:00,1015.86,202.5,71.347,60.843,0.0,0.253,0.136,72.577,7.9
05/27/2008,02:08:00,1015.975,202.5,71.392,60.817,0.0,0.253,0.163,51.442,7.711
05/27/2008,02:09:00,1016.013,202.375,71.677,60.739,0.0,0.316,0.163,55.363,10.608
05/27/2008,02:10:00,1016.09,202.75,71.965,60.687,0.0,0.316,0.163,48.148,9.226
05/27/2008,02:11:00,1016.128,202.625,72.027,60.629,0.0,0.253,0.163,55.99,9.926
05/27/2008,02:12:00,1016.205,202.75,72.273,60.616,0.0,0.316,0.136,42.726,10.522
05/27/2008,02:13:00,1016.243,202.875,72.522,60.59,0.0,0.316,0.136,38.354,5.661
05/27/2008,02:14:00,1016.358,202.875,72.471,60.616,0.0,0.222,0.163,40.817,4.815
05/27/2008,02:15:00,1016.377,203.0,72.37,60.59,0.0,0.316,0.136,27.699,6.47
05/27/2008,02:16:00,1016.454,203.125,72.351,60.577,0.0,0.253,0.163,51.617,5.186
05/27/2008,02:17:00,1016.492,203.125,72.477,60.59,0.0,0.316,0.163,30.235,6.099
05/27/2008,02:18:00,1016.569,203.125,72.584,60.59,0.0,0.253,0.163,24.492,10.17
05/27/2008,02:19:00,1016.531,203.125,72.636,60.59,0.0,0.316,0.163,31.255,8.618
05/27/2008,02:20:00,1016.531,203.25,72.403,60.59,0.0,0.316,0.163,53.614,12.725
05/27/2008,02:21:00,1016.492,202.875,72.14,60.616,0.0,0.316,0.136,9.217,11.271
05/27/2008,02:22:00,1016.492,203.0,72.053,60.629,0.0,0.348,0.136,33.354,8.454
05/27/2008,02:23:00,1016.492,203.25,71.946,60.635,0.0,0.348,0.163,10.762,7.9
05/27/2008,02:24:00,1016.492,202.875,72.014,60.629,0.0,0.316,0.163,90.3,3.354
05/27/2008,02:25:00,1016.454,203.25,72.166,60.616,0.0,0.316,0.163,30.439,7.553
05/27/2008,02:26:00,1016.416,202.75,72.377,60.59,0.0,0.348,0.163,41.502,6.634
05/27/2008,02:27:00,1016.377,202.875,72.496,60.564,0.0,0.316,0.136,32.509,8.989
05/27/2008,02:28:00,1016.377,202.75,72.762,60.551,0.0,0.316,0.163,71.09,5.758
05/27/2008,02:29:00,1016.416,202.75,72.94,60.538,0.0,0.316,0.163,45.729,6.33
05/27/2008,02:30:00,1016.377,202.5,73.105,60.512,0.0,0.316,0.136,27.845,8.356
05/27/2008,02:31:00,1016.358,202.625,72.837,60.473,0.0,0.316,0.163,36.036,11.989
05/27/2008,02:32:00,1016.281,202.625,73.118,60.46,0.0,0.316,0.136,16.082,6.494
05/27/2008,02:33:00,1016.205,202.625,72.888,60.447,0.0,0.316,0.163,25.352,8.113
05/27/2008,02:34:00,1016.205,202.0,72.856,60.421,0.0,0.316,0.163,51.763,5.807
05/27/2008,02:35:00,1016.205,202.0,73.015,60.395,0.0,0.316,0.163,29.492,11.216
05/27/2008,02:36:00,1016.243,201.625,73.219,60.344,0.0,0.316,0.163,25.002,9.786
05/27/2008,02:37:00,1016.281,201.75,73.873,60.246,0.0,0.316,0.163,34.185,8.076
05/27/2008,02:38:00,1016.416,201.25,74.456,60.156,0.0,0.316,0.163,29.944,7.437
05/27/2008,02:39:00,1016.416,201.25,75.185,59.929,0.0,0.316,0.163,36.663,5.338
05/27/2008,02:40:00,1016.377,201.0,75.829,59.702,0.0,0.253,0.136,45.496,13.583
05/27/2008,02:41:00,1016.416,201.125,76.691,59.469,0.0,0.222,0.163,41.327,12.311
05/27/2008,02:42:00,1016.377,201.25,76.564,59.326,0.0,0.253,0.163,48.775,7.255
05/27/2008,02:43:00,1016.377,201.25,76.752,59.261,0.0,0.253,0.136,66.338,9.774
05/27/2008,02:44:00,1016.377,201.25,76.898,59.177,0.0,0.253,0.136,50.101,15.372
05/27/2008,02:45:00,1016.416,200.75,77.423,59.138,0.0,0.253,0.163,49.999,12.999
05/27/2008,02:46:00,1016.358,200.5,77.594,59.047,0.0,0.316,0.163,71.6,10.535
05/27/2008,02:47:00,1016.281,200.0,77.834,59.047,0.0,0.253,0.163,48.848,13.461
05/27/2008,02:48:00,1016.205,199.875,77.973,58.944,0.0,0.222,0.163,46.836,13.705
05/27/2008,02:49:00,1016.167,200.25,78.278,58.892,0.0,0.253,0.163,38.674,11.8
05/27/2008,02:50:00,1016.167,200.25,78.67,58.859,0.0,0.253,0.163,65.114,8.867
05/27/2008,02:51:00,1016.09,200.25,78.764,58.821,0.0,0.316,0.136,50.539,14.794
05/27/2008,02:52:00,1016.052,200.375,79.084,58.795,0.0,0.316,0.163,74.034,10.443
05/27/2008,02:53:00,1016.013,200.375,79.049,58.73,0.0,0.316,0.136,65.639,7.766
05/27/2008,02:54:00,1015.975,200.75,79.204,58.691,0.0,0.316,0.136,64.079,7.456
05/27/2008,02:55:00,1015.975,200.625,79.282,58.665,0.0,0.316,0.163,73.772,6.969
05/27/2008,02:56:00,1015.975,201.0,79.34,58.652,0.0,0.316,0.136,38.222,4.352
05/27/2008,02:57:00,1015.937,200.625,79.314,58.652,0.0,0.316,0.163,73.291,11.417
05/27/2008,02:58:00,1015.937,200.625,79.34,58.652,0.0,0.253,0.163,45.481,9.847
05/27/2008,02:59:00,1015.86,200.875,79.395,58.678,0.0,0.316,0.136,61.252,9.963
05/27/2008,03:00:00,1015.86,200.75,79.314,58.717,0.0,0.316,0.163,56.646,8.101
05/27/2008,03:01:00,1015.783,200.875,79.078,58.717,0.0,0.316,0.136,57.987,12.354
05/27/2008,03:02:00,1015.898,200.875,78.874,58.73,0.0,0.316,0.163,55.144,10.431
05/27/2008,03:03:00,1015.822,201.125,78.631,58.756,0.0,0.348,0.136,50.699,12.299
05/27/2008,03:04:00,1015.86,201.25,78.437,58.821,0.0,0.348,0.163,58.307,11.295
05/27/2008,03:05:00,1015.783,201.25,77.947,58.846,0.0,0.348,0.163,76.949,9.366
05/27/2008,03:06:00,1015.745,201.25,77.465,58.885,0.0,0.348,0.136,72.169,18.542
05/27/2008,03:07:00,1015.822,201.25,77.377,58.931,0.0,0.348,0.163,74.763,9.129
05/27/2008,03:08:00,1015.745,201.125,77.141,58.931,0.0,0.316,0.136,53.468,4.675
05/27/2008,03:09:00,1015.745,201.125,77.332,58.918,0.0,0.348,0.163,46.501,14.052
05/27/2008,03:10:00,1015.745,201.125,77.497,58.918,0.0,0.348,0.163,48.673,9.141
05/27/2008,03:11:00,1015.783,201.125,77.51,58.905,0.0,0.316,0.163,47.784,13.608
05/27/2008,03:12:00,1015.822,201.0,77.51,58.859,0.0,0.348,0.136,52.594,14.52
05/27/2008,03:13:00,1015.822,200.875,77.397,58.808,0.0,0.316,0.136,45.496,18.981
05/27/2008,03:14:00,1015.783,201.0,77.701,58.756,0.0,0.316,0.136,77.897,11.058
05/27/2008,03:15:00,1015.783,200.75,77.795,58.743,0.0,0.316,0.163,96.495,10.632
05/27/2008,03:16:00,1015.822,200.875,78.067,58.704,0.0,0.316,0.163,42.435,7.839
05/27/2008,03:17:00,1015.822,201.0,78.171,58.678,0.0,0.348,0.163,60.319,14.472
05/27/2008,03:18:00,1015.898,200.875,78.398,58.639,0.0,0.348,0.163,67.111,11.009
05/27/2008,03:19:00,1016.416,200.625,78.411,58.6,0.0,0.316,0.163,50.961,7.778
05/27/2008,03:20:00,1016.377,200.625,78.43,58.555,0.0,0.316,0.163,62.855,17.709
05/27/2008,03:21:00,1016.454,200.625,78.722,58.503,0.0,0.316,0.163,84.66,14.484
05/27/2008,03:22:00,1016.454,200.625,78.861,58.451,0.0,0.316,0.136,36.182,9.427
05/27/2008,03:23:00,1016.377,200.75,79.23,58.412,0.0,0.316,0.163,70.551,5.508
05/27/2008,03:24:00,1016.358,200.5,79.428,58.386,0.0,0.316,0.163,78.29,14.064
05/27/2008,03:25:00,1016.281,200.75,79.395,58.322,0.0,0.316,0.136,82.182,9.896
05/27/2008,03:26:00,1016.416,200.625,79.573,58.263,0.0,0.316,0.163,76.862,13.273
05/27/2008,03:27:00,1016.243,200.625,79.535,58.211,0.0,0.253,0.163,101.465,10.93
05/27/2008,03:28:00,1016.281,200.375,79.764,58.172,0.0,0.316,0.136,64.254,15.384
05/27/2008,03:29:00,1016.205,200.5,79.91,58.095,0.0,0.316,0.136,96.262,10.894
05/27/2008,03:30:00,1016.32,200.25,79.719,58.069,0.0,0.253,0.163,88.158,14.733
05/27/2008,03:31:00,1016.128,200.375,79.693,58.017,0.0,0.253,0.163,81.409,17.21
05/27/2008,03:32:00,1016.052,200.375,80.03,57.985,0.0,0.316,0.163,81.876,15.816
05/27/2008,03:33:00,1016.09,200.5,80.403,57.972,0.0,0.316,0.163,53.847,12.038
05/27/2008,03:34:00,1016.09,200.5,80.487,57.959,0.0,0.316,0.136,77.066,11.581
05/27/2008,03:35:00,1016.052,200.5,80.581,57.933,0.0,0.316,0.163,59.634,13.169
05/27/2008,03:36:00,1016.052,200.5,80.875,57.946,0.0,0.253,0.163,63.817,12.488
05/27/2008,03:37:00,1016.052,200.5,80.843,57.92,0.0,0.253,0.163,62.593,10.273
05/27/2008,03:38:00,1016.128,200.5,81.199,57.881,0.0,0.348,0.163,82.269,7.425
05/27/2008,03:39:00,1016.167,200.625,81.394,57.894,0.0,0.316,0.136,78.086,9.896
05/27/2008,03:40:00,1016.09,200.375,81.241,57.868,0.0,0.253,0.163,58.045,7.103
05/27/2008,03:41:00,1016.09,200.25,81.287,57.79,0.0,0.316,0.163,66.542,16.814
05/27/2008,03:42:00,1016.205,200.25,81.737,57.758,0.0,0.253,0.136,56.165,13.559
05/27/2008,03:43:00,1016.205,200.25,81.824,57.732,0.0,0.348,0.163,56.937,5.35
05/27/2008,03:44:00,1016.358,200.125,81.902,57.719,0.0,0.348,0.163,32.815,7.364
05/27/2008,03:45:00,1016.377,200.25,82.168,57.686,0.0,0.38,0.163,75.929,5.709
05/27/2008,03:46:00,1016.454,199.875,82.129,57.712,0.0,0.316,0.163,73.203,9.178
05/27/2008,03:47:00,1016.454,199.875,82.122,57.699,0.0,0.253,0.136,60.596,13.608
05/27/2008,03:48:00,1016.531,199.875,82.129,57.686,0.0,0.253,0.136,74.253,11.514
05/27/2008,03:49:00,1016.569,199.75,82.213,57.673,0.0,0.316,0.163,64.473,14.971
05/27/2008,03:50:00,1016.875,199.75,82.262,57.66,0.0,0.316,0.163,50.728,9.105
05/27/2008,03:51:00,1016.875,199.75,82.466,57.699,0.0,0.316,0.136,69.049,7.267
05/27/2008,03:52:00,1016.875,199.75,82.585,57.686,0.0,0.316,0.163,42.522,7.851
05/27/2008,03:53:00,1016.799,199.875,82.663,57.719,0.0,0.253,0.136,38.616,4.34
05/27/2008,03:54:00,1017.009,200.0,82.78,57.712,0.0,0.253,0.136,52.244,8.441
05/27/2008,03:55:00,1017.048,199.875,82.741,57.712,0.0,0.316,0.136,82.605,7.413
05/27/2008,03:56:00,1017.086,199.75,82.994,57.686,0.0,0.316,0.136,57.2,7.723
05/27/2008,03:57:00,1017.163,199.5,82.945,57.66,0.0,0.316,0.163,50.99,11.557
05/27/2008,03:58:00,1017.201,199.625,83.133,57.635,0.0,0.253,0.136,53.162,14.508
05/27/2008,03:59:00,1017.163,199.375,83.198,57.622,0.0,0.316,0.163,39.359,12.622
05/27/2008,04:00:00,1017.373,199.25,83.35,57.596,0.0,0.253,0.136,56.136,3.902
05/27/2008,04:01:00,1017.45,199.25,83.502,57.57,0.0,0.222,0.163,69.939,6.184
05/27/2008,04:02:00,1017.488,199.125,83.522,57.557,0.0,0.19,0.163,50.757,12.092
05/27/2008,04:03:00,1017.488,199.0,83.654,57.505,0.0,0.222,0.136,40.584,12.153
05/27/2008,04:04:00,1017.565,199.125,83.755,57.44,0.0,0.253,0.163,48.207,17.873
05/27/2008,04:05:00,1017.68,199.25,83.994,57.382,0.0,0.222,0.163,44.271,13.632
05/27/2008,04:06:00,1017.68,199.5,84.318,57.33,0.0,0.253,0.136,23.035,8.052
05/27/2008,04:07:00,1017.68,199.5,84.6,57.291,0.0,0.253,0.136,66.309,3.433
05/27/2008,04:08:00,1017.68,198.875,84.733,57.239,0.0,0.253,0.163,28.413,12.652
05/27/2008,04:09:00,1017.68,198.875,85.222,57.174,0.0,0.253,0.136,55.888,8.478
05/27/2008,04:10:00,1017.718,198.375,85.303,57.051,0.0,0.222,0.163,49.256,9.378
05/27/2008,04:11:00,1017.756,199.375,85.773,56.922,0.0,0.222,0.136,39.695,10.772
05/27/2008,04:12:00,1017.833,199.25,86.281,56.85,0.0,0.222,0.163,14.333,0.884
05/27/2008,04:13:00,1017.833,199.0,86.275,56.721,0.0,0.222,0.163,47.128,7.936
05/27/2008,04:14:00,1017.833,199.0,86.585,56.578,0.0,0.253,0.163,65.493,11.819
05/27/2008,04:15:00,1017.91,199.25,86.89,56.52,0.0,0.253,0.136,68.277,14.076
05/27/2008,04:16:00,1017.871,199.25,87.016,56.494,0.0,0.253,0.163,59.779,6.147
05/27/2008,04:17:00,1017.91,199.375,87.385,56.468,0.0,0.253,0.136,41.691,8.216
05/27/2008,04:18:00,1017.91,199.0,87.512,56.442,0.0,0.253,0.136,50.699,6.841
05/27/2008,04:19:00,1017.871,199.0,87.658,56.429,0.0,0.253,0.136,52.812,7.054
05/27/2008,04:20:00,1017.91,199.25,87.677,56.494,0.0,0.222,0.163,47.813,10.121
05/27/2008,04:21:00,1017.948,199.75,87.716,56.481,0.0,0.253,0.136,60.741,5.782
05/27/2008,04:22:00,1017.91,199.5,87.638,56.429,0.0,0.253,0.136,46.676,10.906
05/27/2008,04:23:00,1017.91,199.125,87.651,56.338,0.0,0.253,0.136,50.99,8.916
05/27/2008,04:24:00,1017.91,198.0,87.878,56.287,0.0,0.253,0.163,66.236,6.744
05/27/2008,04:25:00,1017.871,198.875,87.777,56.287,0.0,0.253,0.163,33.675,8.514
05/27/2008,04:26:00,1017.91,198.0,87.696,56.157,0.0,0.253,0.136,79.209,10.236
05/27/2008,04:27:00,1017.871,198.0,87.968,56.092,0.0,0.253,0.136,72.548,6.671
05/27/2008,04:28:00,1017.833,197.625,87.985,56.053,0.0,0.222,0.136,64.983,8.101
05/27/2008,04:29:00,1017.871,197.875,88.066,56.04,0.0,0.19,0.163,41.866,12.737
05/27/2008,04:30:00,1017.833,197.25,87.745,55.956,0.0,0.222,0.163,70.245,15.135
05/27/2008,04:31:00,1017.948,197.875,88.04,55.917,0.0,0.222,0.136,40.409,10.608
05/27/2008,04:32:00,1017.948,197.625,88.37,55.93,0.0,0.222,0.163,64.05,5.661
05/27/2008,04:33:00,1017.948,197.875,88.27,55.975,0.0,0.222,0.163,73.437,4.742
05/27/2008,04:34:00,1017.948,197.625,87.91,55.975,0.0,0.19,0.163,48.207,4.316
05/27/2008,04:35:00,1017.871,197.5,87.57,55.917,0.0,0.222,0.163,58.701,10.407
05/27/2008,04:36:00,1017.986,197.5,87.803,55.826,0.0,0.222,0.163,75.638,6.732
05/27/2008,04:37:00,1018.063,197.625,87.842,55.826,0.0,0.222,0.163,63.569,6.817
05/27/2008,04:38:00,1018.063,197.25,87.745,55.787,0.0,0.222,0.163,71.207,14.015
05/27/2008,04:39:00,1018.025,196.75,87.855,55.736,0.0,0.19,0.163,65.493,6.841
05/27/2008,04:40:00,1018.025,196.75,87.943,55.697,0.0,0.19,0.136,68.117,3.914
05/27/2008,04:41:00,1018.025,196.75,87.981,55.723,0.0,0.19,0.136,86.817,10.236
05/27/2008,04:42:00,1018.025,196.625,87.985,55.664,0.0,0.19,0.163,71.863,9.336
05/27/2008,04:43:00,1018.082,196.625,87.891,55.574,0.0,0.19,0.136,76.293,10.906
05/27/2008,04:44:00,1018.063,196.625,87.904,55.496,0.0,0.222,0.163,37.144,18.019
05/27/2008,04:45:00,1018.197,196.625,88.192,55.47,0.0,0.222,0.163,36.605,6.044
05/27/2008,04:46:00,1018.12,196.75,88.276,55.47,0.0,0.19,0.136,72.256,14.66
05/27/2008,04:47:00,1018.197,196.625,88.344,55.418,0.0,0.19,0.136,74.165,13.249
05/27/2008,04:48:00,1018.274,197.0,88.681,55.405,0.0,0.19,0.163,63.394,7.565
05/27/2008,04:49:00,1018.197,196.75,88.768,55.373,0.0,0.19,0.136,49.11,10.991
05/27/2008,04:50:00,1018.159,196.625,89.079,55.347,0.0,0.222,0.136,75.842,6.446
05/27/2008,04:51:00,1018.063,195.75,89.079,55.256,0.0,0.222,0.163,71.469,11.204
05/27/2008,04:52:00,1017.948,195.625,89.193,55.165,0.0,0.19,0.136,75.608,13.169
05/27/2008,04:53:00,1017.833,196.0,89.581,55.081,0.0,0.222,0.136,72.008,16.425
05/27/2008,04:54:00,1017.68,196.25,89.811,55.029,0.0,0.222,0.163,98.506,10.796
05/27/2008,04:55:00,1017.527,196.25,89.957,54.951,0.0,0.19,0.163,91.583,14.399
05/27/2008,04:56:00,1017.297,195.875,90.002,54.835,0.0,0.19,0.136,87.473,15.683
05/27/2008,04:57:00,1017.163,196.0,90.242,54.776,0.0,0.19,0.136,93.361,17.599
05/27/2008,04:58:00,1017.086,196.125,90.566,54.764,0.0,0.222,0.136,88.304,17.672
05/27/2008,04:59:00,1017.048,196.125,90.508,54.738,0.0,0.222,0.163,99.672,12.488
05/27/2008,05:00:00,1017.086,195.75,90.495,54.699,0.0,0.253,0.163,76.978,20.07
05/27/2008,05:01:00,1017.22,195.625,90.903,54.776,0.0,0.348,0.163,88.581,7.492
05/27/2008,05:02:00,1017.335,195.25,90.679,54.673,0.0,0.443,0.136,81.978,18.494
05/27/2008,05:03:00,1017.412,196.125,91.045,54.608,0.0,0.506,0.136,68.627,6.482
05/27/2008,05:04:00,1017.45,195.875,91.288,54.563,0.0,0.696,0.163,65.77,7.364
05/27/2008,05:05:00,1017.45,196.125,91.447,54.517,0.0,0.728,0.163,104.992,7.827
05/27/2008,05:06:00,1017.45,195.5,91.709,54.517,0.0,0.759,0.136,73.568,16.005
05/27/2008,05:07:00,1017.488,195.5,91.874,54.375,0.0,0.759,0.163,61.397,10.097
05/27/2008,05:08:00,1017.527,195.125,91.936,54.323,0.0,0.759,0.136,83.202,11.581
05/27/2008,05:09:00,1017.527,195.375,92.027,54.284,0.0,0.759,0.136,48.046,8.052
05/27/2008,05:10:00,1017.527,195.625,92.127,54.297,0.0,0.759,0.163,62.316,11.405
05/27/2008,05:11:00,1017.565,195.75,92.16,54.2,0.0,0.759,0.163,55.713,8.417
05/27/2008,05:12:00,1017.527,195.625,92.266,54.232,0.0,0.759,0.163,75.929,10.474
05/27/2008,05:13:00,1017.45,195.625,92.344,54.226,0.0,0.759,0.136,60.8,8.642
05/27/2008,05:14:00,1017.412,194.875,92.464,54.226,0.0,0.759,0.136,62.563,6.981
05/27/2008,05:15:00,1017.373,194.5,92.299,54.2,0.0,0.759,0.136,84.12,13.273
05/27/2008,05:16:00,1017.373,195.0,92.338,54.148,0.0,0.759,0.136,45.641,13.644
05/27/2008,05:17:00,1017.412,194.875,92.425,54.174,0.0,0.759,0.136,67.883,5.794
05/27/2008,05:18:00,1017.45,194.875,92.221,54.135,0.0,0.759,0.163,50.072,8.265
05/27/2008,05:19:00,1017.45,195.0,92.266,54.096,0.0,0.728,0.163,110.283,12.391
05/27/2008,05:20:00,1017.527,194.625,92.273,54.083,0.0,0.728,0.163,59.109,7.766
05/27/2008,05:21:00,1017.527,195.125,92.331,54.083,0.0,0.759,0.163,85.228,6.957
05/27/2008,05:22:00,1017.527,195.0,92.338,54.135,0.0,0.759,0.136,86.307,5.137
05/27/2008,05:23:00,1017.527,194.875,92.234,54.07,0.0,0.759,0.163,79.398,8.368
05/27/2008,05:24:00,1017.527,194.875,92.053,53.992,0.0,0.759,0.136,72.489,10.309
05/27/2008,05:25:00,1017.603,194.875,92.075,53.992,0.0,0.759,0.136,72.824,6.482
05/27/2008,05:26:00,1017.641,194.5,91.913,53.908,0.0,0.759,0.136,64.356,15.622
05/27/2008,05:27:00,1017.756,194.875,91.797,53.895,0.0,0.728,0.136,42.974,8.727
05/27/2008,05:28:00,1017.833,194.625,91.981,53.921,0.0,0.759,0.163,52.594,7.723
05/27/2008,05:29:00,1017.871,194.375,91.868,53.882,0.0,0.759,0.163,26.824,11.167
05/27/2008,05:30:00,1017.871,194.0,91.79,53.83,0.0,0.728,0.163,72.664,15.123
05/27/2008,05:31:00,1017.833,194.125,91.658,53.843,0.0,0.759,0.136,34.272,10.784
05/27/2008,05:32:00,1017.833,193.5,91.784,53.817,0.0,0.728,0.163,47.186,10.632
05/27/2008,05:33:00,1017.91,193.5,91.768,53.778,0.0,0.728,0.136,74.311,7.492
05/27/2008,05:34:00,1017.986,193.75,91.943,53.804,0.0,0.728,0.163,82.182,5.794
05/27/2008,05:35:00,1018.063,193.625,91.988,53.791,0.0,0.728,0.163,342.922,2.46
05/27/2008,05:36:00,1018.159,193.75,92.001,53.791,0.0,0.728,0.136,15.601,3.044
05/27/2008,05:37:00,1018.312,193.75,91.923,53.765,0.0,0.728,0.163,56.165,12.896
05/27/2008,05:38:00,1018.35,193.75,91.962,53.74,0.0,0.728,0.163,29.288,8.63
05/27/2008,05:39:00,1018.388,193.75,92.069,53.74,0.0,0.728,0.163,37.639,7.127
05/27/2008,05:40:00,1018.388,194.125,92.14,53.791,0.0,0.728,0.136,43.732,4.34
05/27/2008,05:41:00,1018.35,193.875,92.166,53.765,0.0,0.728,0.136,37.8,4.863
05/27/2008,05:42:00,1018.312,193.875,92.247,53.778,0.0,0.759,0.163,54.124,6.433
05/27/2008,05:43:00,1018.35,193.25,92.279,53.765,0.0,0.728,0.136,72.256,5.721
05/27/2008,05:44:00,1018.388,193.0,92.292,53.74,0.0,0.728,0.136,63.03,8.368
05/27/2008,05:45:00,1018.427,192.5,92.279,53.74,0.0,0.759,0.163,35.861,6.841
05/27/2008,05:46:00,1018.465,192.375,92.266,53.662,0.0,0.728,0.136,9.538,2.922
05/27/2008,05:47:00,1018.58,192.0,92.26,53.662,0.0,0.728,0.136,56.515,9.299
05/27/2008,05:48:00,1018.657,192.5,92.075,53.565,0.0,0.728,0.136,39.272,10.395
05/27/2008,05:49:00,1018.733,191.875,92.027,53.513,0.0,0.728,0.136,17.948,9.336
05/27/2008,05:50:00,1018.733,192.0,91.913,53.461,0.0,0.728,0.163,47.274,8.94
05/27/2008,05:51:00,1018.81,192.0,91.907,53.409,0.0,0.728,0.136,80.141,4.997
05/27/2008,05:52:00,1018.81,192.5,91.69,53.364,0.0,0.728,0.163,26.431,10.261
05/27/2008,05:53:00,1018.848,192.5,91.771,53.325,0.0,0.728,0.136,62.345,6.494
05/27/2008,05:54:00,1018.848,193.125,91.609,53.234,0.0,0.728,0.163,34.36,5.375
05/27/2008,05:55:00,1018.81,192.875,91.622,53.221,0.0,0.728,0.163,52.302,10.382
05/27/2008,05:56:00,1018.848,192.75,91.567,53.156,0.0,0.728,0.136,21.461,8.088
05/27/2008,05:57:00,1018.733,192.375,91.382,53.072,0.0,0.728,0.136,26.081,9.378
05/27/2008,05:58:00,1018.695,192.5,91.308,53.007,0.0,0.728,0.163,92.501,5.247
05/27/2008,05:59:00,1018.657,192.125,90.964,52.884,0.0,0.696,0.163,42.814,13.845
05/27/2008,06:00:00,1018.657,192.375,90.851,52.819,0.0,0.696,0.163,50.932,20.143
05/27/2008,06:01:00,1018.657,192.25,90.786,52.819,0.0,0.696,0.136,19.916,7.565
05/27/2008,06:02:00,1018.618,192.25,90.605,52.793,0.0,0.696,0.163,33.704,7.243
05/27/2008,06:03:00,1018.618,192.125,90.585,52.793,0.0,0.696,0.163,28.719,8.581
05/27/2008,06:04:00,1018.58,192.5,90.553,52.78,0.0,0.633,0.19,59.022,16.753
05/27/2008,06:05:00,1018.657,192.625,90.501,52.793,0.0,0.696,0.163,87.05,8.514
05/27/2008,06:06:00,1018.657,192.5,90.381,52.819,0.0,0.696,0.163,42.406,13.419
05/27/2008,06:07:00,1018.733,192.625,90.355,52.819,0.0,0.633,0.163,46.56,9.324
05/27/2008,06:08:00,1018.771,192.5,90.32,52.819,0.0,0.696,0.163,34.389,11.034
05/27/2008,06:09:00,1018.733,192.5,90.242,52.871,0.0,0.696,0.163,56.019,12.311
05/27/2008,06:10:00,1018.771,192.625,90.375,52.897,0.0,0.633,0.163,35.919,3.099
05/27/2008,06:11:00,1018.81,192.75,90.547,52.923,0.0,0.696,0.163,67.344,5.794
05/27/2008,06:12:00,1018.848,192.875,90.579,52.923,0.0,0.696,0.19,89.834,2.758
05/27/2008,06:13:00,1018.848,192.75,90.547,52.923,0.0,0.696,0.163,41.925,6.08
05/27/2008,06:14:00,1018.886,193.125,90.634,52.897,0.0,0.696,0.19,38.907,11.009
05/27/2008,06:15:00,1018.944,192.875,90.44,52.819,0.0,0.696,0.19,31.809,14.849
05/27/2008,06:16:00,1018.982,192.5,90.349,52.761,0.0,0.633,0.217,15.106,11.831
05/27/2008,06:17:00,1018.944,192.625,90.262,52.709,0.0,0.696,0.163,33.529,8.94
05/27/2008,06:18:00,1018.944,192.625,90.307,52.67,0.0,0.633,0.217,49.169,10.51
05/27/2008,06:19:00,1018.982,192.375,90.09,52.554,0.0,0.633,0.19,53.381,10.693
05/27/2008,06:20:00,1018.944,192.375,89.857,52.456,0.0,0.633,0.217,49.11,9.36
05/27/2008,06:21:00,1019.059,192.5,89.912,52.391,0.0,0.633,0.19,63.394,6.865
05/27/2008,06:22:00,1019.212,192.5,89.899,52.262,0.0,0.696,0.19,47.215,10.857
05/27/2008,06:23:00,1019.289,192.75,89.74,52.178,0.0,0.696,0.19,44.65,11.478
05/27/2008,06:24:00,1019.404,192.5,89.682,52.165,0.0,0.696,0.163,35.73,10.608
05/27/2008,06:25:00,1019.634,192.875,90.148,52.152,0.0,0.696,0.136,98.681,5.076
05/27/2008,06:26:00,1019.787,193.0,90.32,52.21,0.0,0.696,0.136,344.875,5.758
05/27/2008,06:27:00,1019.844,193.125,90.3,52.191,0.0,0.696,0.136,33.354,7.577
05/27/2008,06:28:00,1019.844,193.25,90.32,52.165,0.0,0.696,0.163,61.631,3.817
05/27/2008,06:29:00,1019.844,193.25,90.313,52.178,0.0,0.696,0.163,351.988,7.723
05/27/2008,06:30:00,1019.844,192.875,90.414,52.165,0.0,0.696,0.217,33.704,5.947
05/27/2008,06:31:00,1019.787,192.75,90.349,52.139,0.0,0.696,0.217,24.434,4.267
05/27/2008,06:32:00,1019.749,192.875,90.33,52.061,0.0,0.633,0.326,74.909,7.912
05/27/2008,06:33:00,1019.749,192.75,90.469,52.022,0.0,0.696,0.38,51.34,2.673
05/27/2008,06:34:00,1019.787,192.5,90.521,51.983,0.0,0.696,0.461,16.505,6.579
05/27/2008,06:35:00,1019.844,192.375,90.547,51.918,0.0,0.696,0.434,15.047,7.018
05/27/2008,06:36:00,1019.921,192.375,90.566,51.821,0.0,0.633,0.434,16.913,3.172
05/27/2008,06:37:00,1019.959,191.75,90.634,51.756,0.0,0.696,0.488,55.655,7.437
05/27/2008,06:38:00,1020.074,192.375,90.679,51.679,0.0,0.696,0.515,17.598,4.316
05/27/2008,06:39:00,1020.151,192.0,90.751,51.594,0.0,0.696,0.461,63.336,6.604
05/27/2008,06:40:00,1020.266,191.125,90.177,51.368,0.0,0.696,0.515,75.565,6.89
05/27/2008,06:41:00,1020.381,191.625,90.592,51.329,0.0,0.696,0.515,61.281,4.066
05/27/2008,06:42:00,1020.381,191.625,90.446,51.283,0.0,0.696,0.624,51.02,9.299
05/27/2008,06:43:00,1020.342,191.25,90.313,51.089,0.0,0.696,0.759,46.895,8.813
05/27/2008,06:44:00,1020.304,190.875,90.236,50.979,0.0,0.633,0.678,65.056,5.338
05/27/2008,06:45:00,1020.304,191.25,90.547,50.94,0.0,0.728,0.759,49.97,3.099
05/27/2008,06:46:00,1020.304,191.25,90.611,50.888,0.0,0.696,0.651,42.041,6.732
05/27/2008,06:47:00,1020.304,191.125,90.647,50.836,0.0,0.633,0.813,45.583,10.395
05/27/2008,06:48:00,1020.227,190.75,90.482,50.726,0.0,0.696,0.922,66.003,7.778
05/27/2008,06:49:00,1020.189,190.75,90.66,50.713,0.0,0.633,0.868,47.39,7.614
05/27/2008,06:50:00,1020.189,190.875,90.705,50.648,0.0,0.633,0.976,55.057,5.101
05/27/2008,06:51:00,1020.189,191.125,90.812,50.609,0.0,0.633,0.949,56.821,11.788
05/27/2008,06:52:00,1020.151,190.25,90.977,50.583,0.0,0.633,1.166,28.748,6.044
05/27/2008,06:53:00,1020.112,190.5,91.149,50.544,0.0,0.601,1.355,59.882,6.354
05/27/2008,06:54:00,1019.998,190.875,91.269,50.48,0.0,0.601,1.491,74.85,11.417
05/27/2008,06:55:00,1019.998,190.75,91.334,50.421,0.0,0.601,1.843,75.288,8.8
05/27/2008,06:56:00,1020.036,191.0,91.573,50.421,0.0,0.601,2.223,49.795,7.45
05/27/2008,06:57:00,1020.036,191.0,91.664,50.408,0.0,0.601,2.547,73.291,6.519
05/27/2008,06:58:00,1020.074,191.125,91.638,50.344,0.0,0.601,3.117,54.124,9.774
05/27/2008,06:59:00,1020.189,191.25,91.797,50.356,0.0,0.538,3.74,68.831,8.271
05/27/2008,07:00:00,1020.227,191.125,91.797,50.318,0.0,0.538,4.363,85.695,8.569
05/27/2008,07:01:00,1020.304,191.125,91.729,50.331,0.0,0.538,4.879,41.298,5.983
05/27/2008,07:02:00,1020.457,190.375,91.761,50.292,0.0,0.538,5.23,67.315,8.088
05/27/2008,07:03:00,1020.534,190.375,91.784,50.266,0.0,0.538,5.422,51.676,9.762
05/27/2008,07:04:00,1020.61,190.375,91.509,50.162,0.0,0.538,5.555,42.58,5.089
05/27/2008,07:05:00,1020.61,189.75,91.483,50.104,0.0,0.506,5.527,48.586,8.393
05/27/2008,07:06:00,1020.649,189.875,91.541,50.104,0.0,0.506,5.473,33.354,4.243
05/27/2008,07:07:00,1020.649,190.0,91.651,50.104,0.0,0.506,5.395,58.22,3.969
05/27/2008,07:08:00,1020.572,189.75,91.583,50.065,0.0,0.506,5.203,42.289,12.19
05/27/2008,07:09:00,1020.534,189.375,91.421,50.013,0.0,0.506,4.906,61.485,7.504
05/27/2008,07:10:00,1020.342,189.5,91.382,49.935,0.0,0.443,4.605,31.882,15.281
05/27/2008,07:11:00,1020.266,189.375,91.473,49.87,0.0,0.506,4.391,27.232,6.628
05/27/2008,07:12:00,1020.074,188.75,91.078,49.799,0.0,0.57,4.227,82.094,17.824
05/27/2008,07:13:00,1019.998,189.25,91.091,49.741,0.0,0.57,4.039,84.354,6.981
05/27/2008,07:14:00,1019.844,189.625,91.191,49.741,0.0,0.57,4.094,50.932,10.224
05/27/2008,07:15:00,1019.787,189.375,91.042,49.702,0.0,0.57,4.254,84.354,12.823
05/27/2008,07:16:00,1019.844,189.25,91.117,49.715,0.0,0.57,4.418,66.12,16.102
05/27/2008,07:17:00,1019.921,189.375,91.065,49.676,0.0,0.57,4.852,51.996,10.894
05/27/2008,07:18:00,1020.074,189.875,91.198,49.702,0.0,0.57,5.258,24.886,9.464
05/27/2008,07:19:00,1020.189,189.5,90.945,49.663,0.0,0.57,5.527,36.24,5.721
05/27/2008,07:20:00,1020.304,189.75,91.029,49.663,0.0,0.601,5.691,74.034,2.825
05/27/2008,07:21:00,1020.381,189.875,90.757,49.689,0.0,0.601,5.719,26.314,6.099
05/27/2008,07:22:00,1020.496,189.875,90.819,49.676,0.0,0.57,5.582,52.929,8.088
05/27/2008,07:23:00,1020.572,190.125,90.56,49.702,0.0,0.601,5.473,46.647,6.494
05/27/2008,07:24:00,1020.668,190.0,90.521,49.702,0.0,0.601,5.258,34.491,6.719
05/27/2008,07:25:00,1020.744,190.125,90.495,49.728,0.0,0.57,5.094,37.858,5.849
05/27/2008,07:26:00,1020.744,190.125,90.446,49.728,0.0,0.601,4.742,31.372,6.099
05/27/2008,07:27:00,1020.783,190.125,90.394,49.754,0.0,0.601,4.5,44.738,4.377
05/27/2008,07:28:00,1020.783,190.0,90.615,49.812,0.0,0.601,4.254,45.787,5.861
05/27/2008,07:29:00,1020.783,189.75,90.229,49.767,0.0,0.601,4.418,333.346,2.782
05/27/2008,07:30:00,1020.744,189.875,90.197,49.786,0.0,0.601,4.121,38.091,9.214
05/27/2008,07:31:00,1020.744,189.5,90.064,49.741,0.0,0.601,4.039,48.775,9.226
05/27/2008,07:32:00,1020.783,189.375,90.287,49.799,0.0,0.601,4.555,68.117,10.954
05/27/2008,07:33:00,1020.821,189.25,90.045,49.754,0.0,0.601,3.768,32.407,11.727
05/27/2008,07:34:00,1020.898,189.375,90.057,49.728,0.0,0.601,3.578,93.245,5.496
05/27/2008,07:35:00,1020.936,189.5,90.051,49.715,0.0,0.601,2.928,81.978,3.768
05/27/2008,07:36:00,1020.974,189.875,90.051,49.702,0.0,0.601,2.711,67.971,9.239
05/27/2008,07:37:00,1020.974,190.0,90.051,49.702,0.0,0.601,2.602,35.701,7.754
05/27/2008,07:38:00,1021.013,190.0,90.242,49.741,0.0,0.601,2.738,85.17,4.176
05/27/2008,07:39:00,1021.013,189.75,90.057,49.715,0.0,0.601,2.98,58.788,5.003
05/27/2008,07:40:00,1020.936,189.5,89.964,49.663,0.0,0.601,3.469,53.439,9.798
05/27/2008,07:41:00,1020.859,189.375,90.015,49.663,0.0,0.601,3.74,59.532,7.602
05/27/2008,07:42:00,1020.898,189.625,90.038,49.637,0.0,0.601,4.254,106.45,10.097
05/27/2008,07:43:00,1020.859,189.5,90.045,49.663,0.0,0.601,4.336,109.686,8.32
05/27/2008,07:44:00,1020.821,189.625,89.889,49.637,0.0,0.601,4.391,85.316,10.656
05/27/2008,07:45:00,1020.936,189.125,89.892,49.611,0.0,0.601,5.879,65.61,10.157
05/27/2008,07:46:00,1020.974,189.375,89.912,49.566,0.0,0.601,4.66,32.961,4.699
05/27/2008,07:47:00,1021.089,189.0,90.242,49.611,0.0,0.601,4.254,74.486,6.683
05/27/2008,07:48:00,1021.089,189.25,90.064,49.579,0.0,0.601,4.5,58.191,6.792
05/27/2008,07:49:00,1021.051,189.125,90.249,49.553,0.0,0.601,4.281,57.928,7.176
05/27/2008,07:50:00,1021.013,188.75,90.223,49.553,0.0,0.601,4.391,76.148,8.654
05/27/2008,07:51:00,1020.974,188.875,90.3,49.553,0.0,0.601,5.34,85.345,9.537
05/27/2008,07:52:00,1020.936,188.875,90.621,49.585,0.0,0.633,5.395,92.254,6.531
05/27/2008,07:53:00,1020.936,188.875,90.679,49.637,0.0,0.601,5.555,71.513,9.938
05/27/2008,07:54:00,1020.936,189.375,90.615,49.566,0.0,0.601,4.715,84.237,6.123
05/27/2008,07:55:00,1020.898,189.5,90.572,49.527,0.0,0.601,5.719,85.068,9.117
05/27/2008,07:56:00,1020.744,189.25,90.255,49.449,0.0,0.601,5.961,88.96,11.429
05/27/2008,07:57:00,1020.744,189.375,90.453,49.501,0.0,0.601,5.012,82.153,10.224
05/27/2008,07:58:00,1020.668,188.875,90.414,49.514,0.0,0.601,5.582,59.911,5.064
05/27/2008,07:59:00,1020.668,189.125,90.368,49.527,0.0,0.601,6.367,74.574,8.813
05/27/2008,08:00:00,1020.668,189.625,90.653,49.514,0.0,0.633,7.18,71.775,10.668
05/27/2008,08:01:00,1020.61,188.875,90.475,49.501,0.0,0.633,7.914,68.087,8.727
05/27/2008,08:02:00,1020.572,188.875,90.566,49.436,0.0,0.633,8.234,89.863,4.778
05/27/2008,08:03:00,1020.534,188.5,90.598,49.41,0.0,0.601,8.266,89.645,14.587
05/27/2008,08:04:00,1020.457,188.625,90.453,49.332,0.0,0.633,8.234,102.179,9.823
05/27/2008,08:05:00,1020.342,188.5,90.42,49.32,0.0,0.601,7.941,61.397,9.129
05/27/2008,08:06:00,1020.227,188.625,90.666,49.32,0.0,0.633,7.668,87.094,13.845
05/27/2008,08:07:00,1020.151,188.75,90.76,49.287,0.0,0.633,7.535,67.023,11.204
05/27/2008,08:08:00,1020.112,188.625,90.673,49.209,0.0,0.601,7.371,42.639,9.336
05/27/2008,08:09:00,1020.151,188.75,90.906,49.183,0.0,0.601,7.316,68.029,7.602
05/27/2008,08:10:00,1020.189,188.375,90.951,49.158,0.0,0.601,7.262,72.46,11.356
05/27/2008,08:11:00,1020.227,188.125,91.155,49.145,0.0,0.601,7.18,61.456,12.336
05/27/2008,08:12:00,1020.342,188.125,91.168,49.106,0.0,0.601,7.129,81.73,11.295
05/27/2008,08:13:00,1020.419,188.125,91.321,49.093,0.0,0.601,7.152,51.413,8.88
05/27/2008,08:14:00,1020.496,188.625,91.204,49.054,0.0,0.633,7.18,40.307,11.916
05/27/2008,08:15:00,1020.457,188.5,91.376,49.08,0.0,0.633,7.48,78.771,13.486
05/27/2008,08:16:00,1020.457,188.5,91.408,49.041,0.0,0.601,7.777,76.643,6.805
05/27/2008,08:17:00,1020.419,188.375,91.363,49.015,0.0,0.601,8.133,42.522,8.155
05/27/2008,08:18:00,1020.457,188.375,91.534,49.054,0.0,0.633,8.727,55.174,7.961
05/27/2008,08:19:00,1020.572,188.375,91.521,49.015,0.0,0.633,9.297,68.175,11.18
05/27/2008,08:20:00,1020.572,188.375,91.56,49.028,0.0,0.601,10.023,65.085,6.646
05/27/2008,08:21:00,1020.668,188.25,91.521,49.002,0.0,0.601,10.625,29.156,15.354
05/27/2008,08:22:00,1020.649,188.625,91.473,48.983,0.0,0.601,11.516,28.296,6.957
05/27/2008,08:23:00,1020.668,188.375,91.56,49.002,0.0,0.601,12.523,24.944,11.752
05/27/2008,08:24:00,1020.61,188.75,91.645,49.054,0.0,0.633,13.391,17.831,6.257
05/27/2008,08:25:00,1020.61,188.75,91.632,49.08,0.0,0.601,13.789,45.7,11.478
05/27/2008,08:26:00,1020.572,188.5,91.677,49.106,0.0,0.601,14.578,67.767,6.506
05/27/2008,08:27:00,1020.61,188.375,91.81,49.145,0.0,0.57,14.93,29.186,10.918
05/27/2008,08:28:00,1020.61,188.125,91.402,49.028,0.0,0.601,15.586,32.261,11.021
05/27/2008,08:29:00,1020.61,188.0,91.447,49.015,0.0,0.601,16.047,73.378,9.999
05/27/2008,08:30:00,1020.649,188.5,91.528,49.028,0.0,0.57,16.609,43.032,10.522
05/27/2008,08:31:00,1020.668,187.875,91.256,48.995,0.0,0.57,16.641,74.574,13.285
05/27/2008,08:32:00,1020.668,187.75,91.217,48.983,0.0,0.57,16.281,12.628,9.086
05/27/2008,08:33:00,1020.668,187.875,90.913,48.931,0.0,0.57,16.969,49.824,15.889
05/27/2008,08:34:00,1020.668,187.875,90.786,48.905,0.0,0.57,17.531,74.486,12.378
05/27/2008,08:35:00,1020.744,188.25,91.036,48.983,0.0,0.57,18.016,11.578,5.6
05/27/2008,08:36:00,1020.706,188.125,90.977,49.015,0.0,0.57,18.422,51.763,5.959
05/27/2008,08:37:00,1020.706,188.5,91.029,49.028,0.0,0.57,18.531,43.761,6.482
05/27/2008,08:38:00,1020.668,189.125,91.01,49.067,0.0,0.57,19.484,46.443,8.545
05/27/2008,08:39:00,1020.61,188.375,91.282,49.132,0.0,0.538,20.516,60.377,7.437
05/27/2008,08:40:00,1020.61,188.25,91.052,49.106,0.0,0.57,21.266,63.598,7.973
05/27/2008,08:41:00,1020.61,188.625,91.236,49.08,0.0,0.57,22.438,49.504,11.228
05/27/2008,08:42:00,1020.61,188.5,91.11,49.028,0.0,0.57,23.875,59.823,4.194
05/27/2008,08:43:00,1020.572,188.25,90.508,48.931,0.0,0.57,25.344,49.373,14.758
05/27/2008,08:44:00,1020.61,188.625,90.718,48.879,0.0,0.601,27.125,55.961,10.486
05/27/2008,08:45:00,1020.668,188.25,90.793,48.866,0.0,0.57,28.281,19.974,6.257
05/27/2008,08:46:00,1020.744,188.5,90.653,48.866,0.0,0.538,29.891,74.486,7.054
05/27/2008,08:47:00,1020.821,188.5,90.799,48.853,0.0,0.57,30.859,90.49,8.989
05/27/2008,08:48:00,1020.936,188.375,91.01,48.918,0.0,0.57,30.625,61.31,3.756
05/27/2008,08:49:00,1021.051,188.75,90.919,48.957,0.0,0.57,28.641,67.082,6.768
05/27/2008,08:50:00,1021.128,188.5,91.249,49.093,0.0,0.538,28.078,35.643,5.636
05/27/2008,08:51:00,1021.204,188.25,90.851,49.015,0.0,0.538,26.344,49.343,6.969
05/27/2008,08:52:00,1021.242,188.375,90.628,48.957,0.0,0.538,25.688,47.755,7.03
05/27/2008,08:53:00,1021.281,188.75,90.547,48.866,0.0,0.57,24.656,66.805,4.553
05/27/2008,08:54:00,1021.281,188.625,90.514,48.866,0.0,0.538,22.922,86.817,9.713
05/27/2008,08:55:00,1021.396,188.75,90.851,48.866,0.0,0.538,24.422,80.287,3.482
05/27/2008,08:56:00,1021.434,188.375,90.767,48.853,0.0,0.538,23.109,66.776,7.516
05/27/2008,08:57:00,1021.53,188.75,90.832,48.853,0.0,0.538,22.594,56.34,9.312
05/27/2008,08:58:00,1021.606,188.5,90.89,48.905,0.0,0.538,21.953,69.458,7.766
05/27/2008,08:59:00,1021.683,188.0,90.634,48.866,0.0,0.538,21.484,67.548,7.194
05/27/2008,09:00:00,1021.76,188.75,90.767,48.853,0.0,0.538,19.703,28.326,3.683
05/27/2008,09:01:00,1021.798,189.125,91.01,48.957,0.0,0.57,18.047,56.019,3.02
05/27/2008,09:02:00,1021.875,188.75,90.883,49.015,0.0,0.57,18.016,29.9,6.099
05/27/2008,09:03:00,1021.875,188.75,90.42,48.918,0.0,0.57,16.875,50.131,3.78
05/27/2008,09:04:00,1021.875,188.75,90.534,48.892,0.0,0.538,16.125,46.501,3.969
05/27/2008,09:05:00,1021.875,188.625,90.699,48.879,0.0,0.538,18.719,55.232,5.91
05/27/2008,09:06:00,1021.875,188.75,90.54,48.866,0.0,0.57,20.844,51.676,8.344
05/27/2008,09:07:00,1021.836,188.625,90.459,48.775,0.0,0.538,20.047,73.349,4.9
05/27/2008,09:08:00,1021.836,188.875,90.592,48.762,0.0,0.57,19.484,38.004,7.553
05/27/2008,09:09:00,1021.836,189.0,90.521,48.704,0.0,0.538,18.516,25.367,4.316
05/27/2008,09:10:00,1021.798,189.0,90.553,48.704,0.0,0.57,17.047,58.045,5.46
05/27/2008,09:11:00,1021.798,189.0,90.786,48.723,0.0,0.57,18.531,74.792,4.231
05/27/2008,09:12:00,1021.798,189.125,91.071,48.827,0.0,0.57,19.047,57.535,3.829
05/27/2008,09:13:00,1021.721,188.875,90.864,48.827,0.0,0.57,19.859,68.656,8.429
05/27/2008,09:14:00,1021.683,189.0,90.611,48.749,0.0,0.57,20.844,39.039,11.082
05/27/2008,09:15:00,1021.568,189.0,90.547,48.652,0.0,0.57,23.063,91.933,8.253
05/27/2008,09:16:00,1021.491,188.375,90.028,48.535,0.0,0.57,24.828,48.381,14.234
05/27/2008,09:17:00,1021.472,188.375,89.977,48.432,0.0,0.57,26.063,60.29,9.525
05/27/2008,09:18:00,1021.434,188.375,89.97,48.399,0.0,0.57,27.578,20.907,8.892
05/27/2008,09:19:00,1021.357,188.375,89.811,48.334,0.0,0.57,29.313,55.086,11.344
05/27/2008,09:20:00,1021.357,188.25,89.714,48.296,0.0,0.57,31.375,45.364,8.514
05/27/2008,09:21:00,1021.357,188.625,89.857,48.283,0.0,0.443,33.281,62.447,7.815
05/27/2008,09:22:00,1021.434,189.125,90.09,48.309,0.0,0.506,34.25,34.549,4.34
05/27/2008,09:23:00,1021.434,188.875,89.905,48.231,0.0,0.506,34.688,63.278,9.178
05/27/2008,09:24:00,1021.472,189.0,90.051,48.231,0.0,0.506,34.969,36.24,10.157
05/27/2008,09:25:00,1021.53,189.0,90.19,48.257,0.0,0.506,34.313,40.278,8.241
05/27/2008,09:26:00,1021.53,189.125,90.381,48.231,0.0,0.506,34.625,54.795,5.289
05/27/2008,09:27:00,1021.568,189.0,90.242,48.218,0.0,0.443,33.469,67.432,7.875
05/27/2008,09:28:00,1021.606,189.0,90.495,48.27,0.0,0.506,34.656,85.286,6.342
05/27/2008,09:29:00,1021.606,188.5,90.44,48.231,0.0,0.443,36.781,93.784,14.697
05/27/2008,09:30:00,1021.683,188.875,90.54,48.146,0.0,0.443,37.125,54.576,7.279
05/27/2008,09:31:00,1021.645,188.5,90.122,48.114,0.0,0.443,37.438,76.92,14.472
05/27/2008,09:32:00,1021.798,189.125,90.699,48.159,0.0,0.443,36.844,90.271,3.732
05/27/2008,09:33:00,1021.798,189.0,90.446,48.159,0.0,0.506,37.781,77.576,5.423
05/27/2008,09:34:00,1021.836,188.625,90.281,48.101,0.0,0.443,37.813,43.499,15.67
05/27/2008,09:35:00,1021.76,189.0,90.54,48.101,0.0,0.443,37.75,82.182,12.238
05/27/2008,09:36:00,1021.721,188.5,90.349,48.088,0.0,0.412,38.531,63.394,11.94
05/27/2008,09:37:00,1021.721,189.0,90.155,48.049,0.0,0.443,38.188,72.883,12.512
05/27/2008,09:38:00,1021.798,188.875,90.381,48.088,0.0,0.443,37.688,94.892,2.995
05/27/2008,09:39:00,1021.836,188.75,90.142,48.088,0.0,0.443,35.875,57.243,9.598
05/27/2008,09:40:00,1021.913,188.875,90.666,48.134,0.0,0.443,31.25,91.466,5.04
05/27/2008,09:41:00,1021.951,188.875,90.54,48.192,0.0,0.443,30.266,72.999,5.289
05/27/2008,09:42:00,1021.951,188.875,90.572,48.192,0.0,0.443,29.813,37.435,5.709
05/27/2008,09:43:00,1021.913,188.875,90.896,48.192,0.0,0.506,29.375,73.976,6.756
05/27/2008,09:44:00,1021.836,188.625,90.76,48.231,0.0,0.443,30.859,51.676,6.981
05/27/2008,09:45:00,1021.76,188.75,90.621,48.159,0.0,0.443,31.0,63.846,8.155
05/27/2008,09:46:00,1021.606,188.625,90.647,48.114,0.0,0.506,34.906,74.69,9.348
05/27/2008,09:47:00,1021.472,188.5,90.628,48.075,0.0,0.443,35.063,67.14,12.774
05/27/2008,09:48:00,1021.396,188.75,90.381,47.997,0.0,0.443,39.031,73.233,15.019
05/27/2008,09:49:00,1021.396,188.625,90.819,48.023,0.0,0.443,39.219,92.618,12.963
05/27/2008,09:50:00,1021.434,188.75,90.906,48.023,0.0,0.443,40.75,66.776,4.462
05/27/2008,09:51:00,1021.491,188.75,90.877,48.062,0.0,0.412,39.063,31.518,8.727
05/27/2008,09:52:00,1021.491,188.75,91.01,48.088,0.0,0.506,38.5,73.539,5.247
05/27/2008,09:53:00,1021.53,188.5,91.065,48.049,0.0,0.443,35.781,80.2,10.462
05/27/2008,09:54:00,1021.491,188.25,90.896,47.971,0.0,0.443,34.375,81.264,9.963
05/27/2008,09:55:00,1021.53,188.875,91.162,48.062,0.0,0.443,33.813,58.395,5.338
05/27/2008,09:56:00,1021.53,188.875,91.042,48.062,0.0,0.443,34.25,64.997,6.969
05/27/2008,09:57:00,1021.568,188.875,91.447,48.146,0.0,0.412,32.188,43.236,5.898
05/27/2008,09:58:00,1021.53,188.875,91.249,48.146,0.0,0.443,30.406,87.327,8.228
05/27/2008,09:59:00,1021.491,188.875,91.363,48.231,0.0,0.443,29.453,79.063,7.802
05/27/2008,10:00:00,1021.472,188.875,91.547,48.257,0.0,0.443,28.188,71.571,6.707
05/27/2008,10:01:00,1021.491,188.25,91.748,48.321,0.0,0.443,29.531,94.644,8.04
05/27/2008,10:02:00,1021.472,188.875,91.609,48.347,0.0,0.443,28.344,76.774,4.626
05/27/2008,10:03:00,1021.472,188.875,91.696,48.309,0.0,0.443,30.125,71.513,4.723
05/27/2008,10:04:00,1021.434,188.875,91.321,48.192,0.0,0.412,31.438,61.222,3.805
05/27/2008,10:05:00,1021.396,188.625,91.466,48.121,0.0,0.412,31.406,105.226,14.161
05/27/2008,10:06:00,1021.357,188.625,91.567,48.023,0.0,0.443,34.688,69.487,8.271
05/27/2008,10:07:00,1021.319,188.875,91.13,47.959,0.0,0.443,32.344,84.208,10.297
05/27/2008,10:08:00,1021.281,188.5,90.87,47.842,0.0,0.412,35.156,56.515,10.748
05/27/2008,10:09:00,1021.281,187.75,90.718,47.745,0.0,0.412,35.438,43.236,13.863
05/27/2008,10:10:00,1021.242,187.375,90.3,47.628,0.0,0.412,34.125,49.65,12.238
05/27/2008,10:11:00,1021.281,188.375,90.482,47.654,0.0,0.443,32.906,68.772,7.316
05/27/2008,10:12:00,1021.242,188.25,90.355,47.641,0.0,0.443,31.922,100.081,7.663
05/27/2008,10:13:00,1021.319,187.875,90.313,47.654,0.0,0.506,30.547,65.887,14.149
05/27/2008,10:14:00,1021.281,188.0,90.355,47.654,0.0,0.443,29.641,75.929,15.433
05/27/2008,10:15:00,1021.281,188.25,90.56,47.732,0.0,0.506,28.75,82.182,6.135
05/27/2008,10:16:00,1021.281,188.125,90.433,47.758,0.0,0.506,28.969,94.192,9.427
05/27/2008,10:17:00,1021.204,188.0,90.427,47.758,0.0,0.506,31.547,79.427,18.281
05/27/2008,10:18:00,1021.051,187.875,90.109,47.654,0.0,0.443,37.344,88.216,15.397
05/27/2008,10:19:00,1021.051,188.125,90.135,47.758,0.0,0.506,44.938,47.245,15.269
05/27/2008,10:20:00,1020.936,188.375,90.407,47.797,0.0,0.538,50.031,67.198,5.003
05/27/2008,10:21:00,1020.859,188.375,90.103,47.809,0.0,0.506,55.156,57.025,15.646
05/27/2008,10:22:00,1020.936,188.25,90.521,47.868,0.0,0.538,53.969,86.423,4.65
05/27/2008,10:23:00,1021.013,188.125,90.002,47.822,0.0,0.506,48.188,39.782,6.646
05/27/2008,10:24:00,1021.128,188.125,90.21,47.842,0.0,0.506,44.531,76.06,14.563
05/27/2008,10:25:00,1021.281,187.875,90.103,47.92,0.0,0.506,36.969,54.795,9.415
05/27/2008,10:26:00,1021.396,188.0,89.824,47.881,0.0,0.506,35.219,72.999,7.164
05/27/2008,10:27:00,1021.472,188.25,90.051,47.959,0.0,0.538,34.0,51.136,5.423
05/27/2008,10:28:00,1021.53,188.125,89.951,48.01,0.0,0.506,33.594,82.269,10.656
05/27/2008,10:29:00,1021.568,188.0,89.763,48.023,0.0,0.506,34.313,75.113,7.005
05/27/2008,10:30:00,1021.568,188.125,90.09,48.088,0.0,0.506,36.063,81.468,11.593
05/27/2008,10:31:00,1021.53,188.125,89.397,48.075,0.0,0.538,41.313,71.542,10.991
05/27/2008,10:32:00,1021.491,188.25,89.675,48.088,0.0,0.538,43.375,69.049,12.987
05/27/2008,10:33:00,1021.491,188.0,89.206,48.088,0.0,0.506,44.344,80.681,6.409
05/27/2008,10:34:00,1021.491,188.25,89.186,48.101,0.0,0.538,46.0,55.334,12.61
05/27/2008,10:35:00,1021.491,188.375,89.562,48.159,0.0,0.506,46.469,62.024,8.204
05/27/2008,10:36:00,1021.53,188.5,89.74,48.244,0.0,0.443,44.031,74.938,5.721
05/27/2008,10:37:00,1021.568,188.75,90.038,48.399,0.0,0.506,44.75,70.376,3.756
05/27/2008,10:38:00,1021.606,189.0,89.682,48.419,0.0,0.538,44.438,66.513,6.433
05/27/2008,10:39:00,1021.645,188.875,89.332,48.412,0.0,0.538,39.25,33.704,6.354
05/27/2008,10:40:00,1021.721,188.75,89.167,48.347,0.0,0.538,39.656,84.572,6.172
05/27/2008,10:41:00,1021.76,188.875,89.747,48.471,0.0,0.538,40.906,83.552,5.411
05/27/2008,10:42:00,1021.721,188.875,89.734,48.535,0.0,0.443,39.344,67.577,15.257
05/27/2008,10:43:00,1021.721,189.125,88.846,48.399,0.0,0.443,41.156,68.714,8.892
05/27/2008,10:44:00,1021.798,188.75,89.047,48.445,0.0,0.443,41.469,67.49,10.918
05/27/2008,10:45:00,1021.836,189.0,89.06,48.445,0.0,0.443,40.688,90.3,9.239
05/27/2008,10:46:00,1021.875,188.75,88.992,48.445,0.0,0.443,38.75,115.458,11.539
05/27/2008,10:47:00,1021.99,189.125,89.047,48.548,0.0,0.506,38.219,19.493,7.304
05/27/2008,10:48:00,1022.028,189.125,89.332,48.652,0.0,0.506,33.594,75.084,4.437
05/27/2008,10:49:00,1022.066,189.125,89.39,48.723,0.0,0.506,32.344,63.759,6.932
05/27/2008,10:50:00,1022.104,188.875,89.066,48.723,0.0,0.443,31.25,78.742,9.847
05/27/2008,10:51:00,1022.143,189.25,88.581,48.587,0.0,0.443,30.375,62.112,8.928
05/27/2008,10:52:00,1022.219,188.375,88.276,48.548,0.0,0.412,27.984,56.223,6.683
05/27/2008,10:53:00,1022.296,188.625,88.205,48.509,0.0,0.443,25.719,85.826,9.525
05/27/2008,10:54:00,1022.354,188.75,88.616,48.587,0.0,0.443,24.5,54.62,6.519
05/27/2008,10:55:00,1022.392,188.875,88.496,48.613,0.0,0.443,24.172,44.84,12.622
05/27/2008,10:56:00,1022.43,189.0,88.655,48.639,0.0,0.443,23.203,93.565,8.064
05/27/2008,10:57:00,1022.488,188.625,88.629,48.639,0.0,0.443,22.141,50.845,5.484
05/27/2008,10:58:00,1022.526,188.625,88.299,48.626,0.0,0.412,19.703,71.484,8.381
05/27/2008,10:59:00,1022.603,188.5,88.218,48.6,0.0,0.412,18.719,60.086,5.435
05/27/2008,11:00:00,1022.679,188.75,88.296,48.6,0.0,0.412,17.281,63.248,9.677
05/27/2008,11:01:00,1022.756,189.0,88.535,48.626,0.0,0.412,14.984,49.591,7.23
05/27/2008,11:02:00,1022.832,189.0,88.794,48.691,0.0,0.412,15.313,343.388,6.628
05/27/2008,11:03:00,1022.832,189.0,88.623,48.736,0.0,0.412,14.852,39.899,5.861
05/27/2008,11:04:00,1022.832,188.875,88.814,48.762,0.0,0.348,14.445,22.554,5.289
05/27/2008,11:05:00,1022.832,188.875,88.675,48.704,0.0,0.348,15.117,35.074,4.936
05/27/2008,11:06:00,1022.832,188.75,88.649,48.71,0.0,0.348,15.742,38.339,11.453
05/27/2008,11:07:00,1022.756,188.375,88.749,48.71,0.0,0.316,15.984,41.298,9.896
05/27/2008,11:08:00,1022.717,188.5,88.383,48.639,0.0,0.348,15.477,51.078,10.796
05/27/2008,11:09:00,1022.679,188.375,88.548,48.626,0.0,0.316,15.586,37.115,4.876
05/27/2008,11:10:00,1022.679,188.625,88.72,48.639,0.0,0.316,15.148,38.441,9.476
05/27/2008,11:11:00,1022.603,188.5,88.542,48.626,0.0,0.348,15.227,52.157,10.559
05/27/2008,11:12:00,1022.603,188.75,88.788,48.678,0.0,0.348,15.094,64.225,6.494
05/27/2008,11:13:00,1022.603,188.625,89.219,48.736,0.0,0.38,15.773,60.654,4.078
05/27/2008,11:14:00,1022.526,188.625,88.827,48.71,0.0,0.412,16.688,29.258,9.05
05/27/2008,11:15:00,1022.449,188.75,89.005,48.704,0.0,0.38,17.688,83.756,4.328
05/27/2008,11:16:00,1022.43,188.75,89.358,48.749,0.0,0.38,19.016,35.016,10.121
05/27/2008,11:17:00,1022.392,188.75,88.726,48.652,0.0,0.38,20.484,82.269,6.147
05/27/2008,11:18:00,1022.392,188.75,88.853,48.613,0.0,0.38,21.031,69.705,7.742
05/27/2008,11:19:00,1022.392,189.125,89.193,48.652,0.0,0.412,22.141,65.551,5.003
05/27/2008,11:20:00,1022.334,188.625,88.762,48.574,0.0,0.38,22.469,85.01,11.606
05/27/2008,11:21:00,1022.354,188.75,88.927,48.6,0.0,0.38,22.625,60.056,10.717
05/27/2008,11:22:00,1022.334,188.625,88.921,48.626,0.0,0.38,22.469,77.43,10.498
05/27/2008,11:23:00,1022.334,188.5,88.47,48.548,0.0,0.38,22.625,82.328,13.249
05/27/2008,11:24:00,1022.334,188.5,88.781,48.613,0.0,0.38,22.953,45.306,11.107
05/27/2008,11:25:00,1022.334,188.875,88.888,48.639,0.0,0.38,22.984,79.996,6.805
05/27/2008,11:26:00,1022.296,188.875,88.888,48.678,0.0,0.38,23.063,97.107,9.452
05/27/2008,11:27:00,1022.334,189.0,88.96,48.691,0.0,0.38,23.844,37.975,5.435
05/27/2008,11:28:00,1022.334,188.875,89.125,48.71,0.0,0.38,24.438,92.851,2.898
05/27/2008,11:29:00,1022.334,189.0,89.277,48.814,0.0,0.38,24.391,31.663,8.514
05/27/2008,11:30:00,1022.334,188.25,88.872,48.749,0.0,0.316,24.5,82.386,8.204
05/27/2008,11:31:00,1022.392,188.75,89.053,48.723,0.0,0.348,23.688,74.544,5.673
05/27/2008,11:32:00,1022.392,189.0,89.099,48.736,0.0,0.348,23.406,68.889,10.979
05/27/2008,11:33:00,1022.43,188.75,89.164,48.71,0.0,0.316,23.141,63.511,7.924
05/27/2008,11:34:00,1022.449,188.75,89.471,48.775,0.0,0.348,23.578,53.906,9.835
05/27/2008,11:35:00,1022.449,189.0,89.403,48.762,0.0,0.348,22.984,43.994,7.985
05/27/2008,11:36:00,1022.488,188.5,89.384,48.723,0.0,0.38,22.547,78.29,9.263
05/27/2008,11:37:00,1022.488,188.875,89.575,48.704,0.0,0.538,23.219,87.152,8.965
05/27/2008,11:38:00,1022.449,188.875,89.575,48.678,0.0,0.538,24.203,71.688,8.466
05/27/2008,11:39:00,1022.488,189.375,89.889,48.71,0.0,0.538,25.641,55.392,5.314
05/27/2008,11:40:00,1022.449,188.875,89.792,48.561,0.0,0.57,27.797,55.99,10.072
05/27/2008,11:41:00,1022.43,189.125,89.824,48.639,0.0,0.506,29.297,65.945,11.07
05/27/2008,11:42:00,1022.43,189.0,89.889,48.626,0.0,0.538,30.891,56.821,6.865
05/27/2008,11:43:00,1022.392,189.25,89.889,48.652,0.0,0.57,33.219,45.277,7.176
05/27/2008,11:44:00,1022.43,189.625,90.459,48.736,0.0,0.57,33.938,87.385,7.182
05/27/2008,11:45:00,1022.449,189.375,90.19,48.723,0.0,0.57,35.063,62.738,9.835
05/27/2008,11:46:00,1022.449,189.625,89.883,48.678,0.0,0.538,35.781,68.831,10.443
05/27/2008,11:47:00,1022.526,189.375,89.883,48.652,0.0,0.538,35.0,69.734,17.362
05/27/2008,11:48:00,1022.564,189.375,89.889,48.639,0.0,0.538,33.313,69.909,8.295
05/27/2008,11:49:00,1022.641,189.25,89.883,48.678,0.0,0.57,30.922,49.023,5.837
05/27/2008,11:50:00,1022.679,189.25,89.763,48.691,0.0,0.538,27.375,81.526,9.75
05/27/2008,11:51:00,1022.756,189.0,89.75,48.665,0.0,0.57,25.203,52.696,7.492
05/27/2008,11:52:00,1022.794,188.875,89.889,48.678,0.0,0.538,24.219,68.685,6.543
05/27/2008,11:53:00,1022.832,189.125,89.876,48.736,0.0,0.57,22.734,77.124,8.101
05/27/2008,11:54:00,1022.871,189.125,89.876,48.723,0.0,0.57,21.672,61.164,6.196
05/27/2008,11:55:00,1022.986,189.375,90.103,48.775,0.0,0.57,20.188,47.303,6.604
05/27/2008,11:56:00,1022.986,189.25,89.416,48.691,0.0,0.538,19.813,54.707,4.517
05/27/2008,11:57:00,1022.986,189.0,89.688,48.736,0.0,0.538,20.266,64.356,7.437
05/27/2008,11:58:00,1022.986,188.875,89.883,48.788,0.0,0.57,21.813,26.256,7.279
05/27/2008,11:59:00,1022.909,189.0,89.863,48.775,0.0,0.601,25.094,73.626,8.843
05/27/2008,12:00:00,1022.909,189.25,89.876,48.775,0.0,0.538,27.422,79.515,9.677
05/27/2008,12:01:00,1022.871,189.375,89.876,48.775,0.0,0.57,32.219,64.254,8.989
05/27/2008,12:02:00,1022.832,189.125,89.792,48.762,0.0,0.538,37.125,56.194,12.701
05/27/2008,12:03:00,1022.794,189.125,89.87,48.775,0.0,0.538,40.281,54.066,7.005
05/27/2008,12:04:00,1022.717,189.625,90.19,48.788,0.0,0.57,44.281,62.053,6.385
05/27/2008,12:05:00,1022.679,189.625,90.051,48.814,0.0,0.538,48.0,59.182,10.644
05/27/2008,12:06:00,1022.564,189.375,89.863,48.788,0.0,0.57,50.75,73.568,6.22
05/27/2008,12:07:00,1022.526,189.625,89.876,48.827,0.0,0.57,54.031,42.187,13.632
05/27/2008,12:08:00,1022.449,189.25,89.87,48.853,0.0,0.57,57.094,89.266,8.308
05/27/2008,12:09:00,1022.43,189.375,89.776,48.827,0.0,0.57,62.156,74.69,11.058
05/27/2008,12:10:00,1022.392,189.625,89.87,48.879,0.0,0.57,66.875,53.614,9.634
05/27/2008,12:11:00,1022.334,189.625,89.594,48.827,0.0,0.57,72.188,85.403,12.652
05/27/2008,12:12:00,1022.334,189.75,89.549,48.827,0.0,0.57,77.5,39.184,6.579
05/27/2008,12:13:00,1022.354,189.625,89.863,48.892,0.0,0.57,78.5,60.887,9.038
05/27/2008,12:14:00,1022.354,189.75,90.168,49.015,0.0,0.601,77.75,84.208,7.565
05/27/2008,12:15:00,1022.334,189.75,89.85,49.015,0.0,0.538,78.688,84.004,9.013
05/27/2008,12:16:00,1022.392,189.75,90.103,49.093,0.0,0.538,76.875,80.856,10.395
05/27/2008,12:17:00,1022.392,189.875,89.824,49.106,0.0,0.57,77.75,60.435,7.675
05/27/2008,12:18:00,1022.43,190.0,89.811,49.17,0.0,0.57,75.438,96.728,7.03
05/27/2008,12:19:00,1022.526,189.875,89.319,49.106,0.0,0.538,73.5,71.979,12.689
05/27/2008,12:20:00,1022.564,190.0,89.798,49.158,0.0,0.538,66.938,81.92,10.072
05/27/2008,12:21:00,1022.641,190.125,90.547,49.32,0.0,0.506,60.75,77.868,10.419
05/27/2008,12:22:00,1022.679,190.0,89.649,49.261,0.0,0.443,57.656,54.999,6.829
05/27/2008,12:23:00,1022.756,190.125,90.116,49.41,0.0,0.538,52.5,81.701,7.827
05/27/2008,12:24:00,1022.794,190.125,89.87,49.41,0.0,0.443,49.844,55.174,8.228
05/27/2008,12:25:00,1022.832,190.25,89.763,49.358,0.0,0.443,48.844,37.085,3.866
05/27/2008,12:26:00,1022.871,190.0,89.734,49.32,0.0,0.443,47.031,83.581,8.478
05/27/2008,12:27:00,1022.871,190.5,89.938,49.371,0.0,0.443,45.906,54.401,6.056
05/27/2008,12:28:00,1022.909,190.0,89.714,49.332,0.0,0.412,42.719,89.353,7.766
05/27/2008,12:29:00,1022.909,190.125,89.798,49.371,0.0,0.506,44.156,65.493,9.427
05/27/2008,12:30:00,1022.871,190.375,89.384,49.32,0.0,0.506,47.25,79.996,11.916
05/27/2008,12:31:00,1022.832,190.375,89.455,49.32,0.0,0.506,51.406,86.03,15.111
05/27/2008,12:32:00,1022.909,190.625,89.734,49.449,0.0,0.538,58.594,72.518,11.819
05/27/2008,12:33:00,1022.871,190.5,89.397,49.436,0.0,0.506,59.625,73.801,12.226
05/27/2008,12:34:00,1022.909,190.375,89.951,49.611,0.0,0.601,61.75,91.379,3.58
05/27/2008,12:35:00,1022.909,190.375,89.345,49.637,0.0,0.601,62.688,36.124,9.166
05/27/2008,12:36:00,1022.909,190.375,88.979,49.553,0.0,0.57,62.594,84.893,15.47
05/27/2008,12:37:00,1022.909,190.25,88.934,49.501,0.0,0.57,60.813,78.64,13.875
05/27/2008,12:38:00,1022.909,190.375,89.309,49.514,0.0,0.601,61.656,77.372,11.082
05/27/2008,12:39:00,1022.909,190.625,89.173,49.514,0.0,0.601,56.719,64.414,3.196
05/27/2008,12:40:00,1022.947,190.375,89.549,49.566,0.0,0.57,57.031,82.269,8.49
05/27/2008,12:41:00,1022.947,190.5,89.39,49.579,0.0,0.57,55.094,95.125,8.429
05/27/2008,12:42:00,1022.909,190.625,89.805,49.689,0.0,0.57,52.313,71.411,8.216
05/27/2008,12:43:00,1022.947,190.625,90.051,49.741,0.0,0.57,52.406,70.944,3.707
05/27/2008,12:44:00,1022.986,190.625,90.611,49.948,0.0,0.538,54.688,85.374,7.328
05/27/2008,12:45:00,1022.986,190.375,89.918,49.838,0.0,0.538,50.063,52.302,11.441
05/27/2008,12:46:00,1022.986,190.375,89.99,49.799,0.0,0.538,47.781,47.988,9.488
05/27/2008,12:47:00,1023.024,190.5,89.831,49.754,0.0,0.538,48.438,51.442,9.634
05/27/2008,12:48:00,1023.024,190.375,89.811,49.767,0.0,0.538,44.281,56.544,8.788
05/27/2008,12:49:00,1023.062,190.5,89.951,49.799,0.0,0.538,42.719,59.794,6.707
05/27/2008,12:50:00,1023.139,190.375,89.944,49.754,0.0,0.538,47.0,50.131,9.664
05/27/2008,12:51:00,1023.139,190.375,89.905,49.786,0.0,0.538,46.375,59.022,4.675
05/27/2008,12:52:00,1023.196,190.5,89.63,49.754,0.0,0.506,43.125,59.882,11.18
05/27/2008,12:53:00,1023.196,190.375,89.624,49.799,0.0,0.506,45.219,75.987,8.752
05/27/2008,12:54:00,1023.139,190.75,89.734,49.825,0.0,0.538,46.313,57.141,11.952
05/27/2008,12:55:00,1023.139,190.5,89.662,49.864,0.0,0.538,47.75,80.52,15.482
05/27/2008,12:56:00,1023.177,190.25,89.617,49.851,0.0,0.506,46.313,67.592,9.884
05/27/2008,12:57:00,1023.196,190.625,89.601,49.896,0.0,0.538,47.813,50.684,7.164
05/27/2008,12:58:00,1023.196,190.875,89.912,49.974,0.0,0.538,47.125,80.826,7.663
05/27/2008,12:59:00,1023.196,190.375,89.41,49.922,0.0,0.538,43.688,95.008,7.675
05/27/2008,13:00:00,1023.235,190.875,89.594,50.026,0.0,0.538,38.438,76.439,10.236
05/27/2008,13:01:00,1023.273,190.625,89.951,50.104,0.0,0.538,35.219,77.008,7.151
05/27/2008,13:02:00,1023.311,190.875,90.129,50.143,0.0,0.506,35.594,77.838,8.454
05/27/2008,13:03:00,1023.273,190.625,89.996,50.175,0.0,0.506,35.313,95.548,5.484
05/27/2008,13:04:00,1023.273,191.0,90.307,50.253,0.0,0.538,37.0,34.666,6.196
05/27/2008,13:05:00,1023.273,190.625,89.611,50.143,0.0,0.506,36.406,67.402,12.299
05/27/2008,13:06:00,1023.311,190.5,89.905,50.117,0.0,0.506,38.844,45.583,9.348
05/27/2008,13:07:00,1023.273,190.75,89.983,50.175,0.0,0.538,40.688,78.8,8.581
05/27/2008,13:08:00,1023.349,190.75,90.229,50.201,0.0,0.538,44.688,70.245,6.306
05/27/2008,13:09:00,1023.273,191.125,90.275,50.227,0.0,0.538,45.656,65.26,8.904
05/27/2008,13:10:00,1023.273,191.25,90.56,50.279,0.0,0.57,50.844,77.664,8.101
05/27/2008,13:11:00,1023.273,191.375,90.757,50.331,0.0,0.538,52.5,58.497,2.886
05/27/2008,13:12:00,1023.273,191.375,90.466,50.421,0.0,0.538,55.313,87.327,11.752
05/27/2008,13:13:00,1023.273,191.25,90.446,50.382,0.0,0.506,55.719,78.145,7.103
05/27/2008,13:14:00,1023.273,191.625,90.605,50.408,0.0,0.506,61.813,54.343,5.612
05/27/2008,13:15:00,1023.273,191.5,90.634,50.454,0.0,0.538,68.813,68.743,6.044
05/27/2008,13:16:00,1023.273,191.625,91.13,50.583,0.0,0.601,64.125,49.139,6.604
05/27/2008,13:17:00,1023.311,191.75,91.337,50.596,0.0,0.57,65.625,78.975,8.654
05/27/2008,13:18:00,1023.349,191.75,91.683,50.7,0.0,0.601,65.875,89.951,2.886
05/27/2008,13:19:00,1023.311,191.875,91.168,50.687,0.0,0.57,61.844,66.921,11.356
05/27/2008,13:20:00,1023.388,191.5,91.003,50.583,0.0,0.538,63.031,48.177,5.508
05/27/2008,13:21:00,1023.388,192.25,91.622,50.674,0.0,0.506,63.719,65.683,3.555
05/27/2008,13:22:00,1023.426,192.0,91.479,50.726,0.0,0.538,55.781,71.032,7.176
05/27/2008,13:23:00,1023.426,192.25,91.609,50.784,0.0,0.538,62.938,107.354,4.437
05/27/2008,13:24:00,1023.464,192.375,91.334,50.823,0.0,0.57,65.375,79.004,9.141
05/27/2008,13:25:00,1023.503,192.0,91.421,50.758,0.0,0.506,63.875,80.345,9.896
05/27/2008,13:26:00,1023.464,192.25,91.275,50.648,0.0,0.506,63.188,74.748,11.417
05/27/2008,13:27:00,1023.464,192.25,91.515,50.713,0.0,0.506,65.25,95.3,4.973
05/27/2008,13:28:00,1023.464,192.375,91.369,50.726,0.0,0.506,65.875,59.022,9.013
05/27/2008,13:29:00,1023.464,192.5,91.376,50.726,0.0,0.538,70.0,76.177,11.417
05/27/2008,13:30:00,1023.503,192.375,91.797,50.784,0.0,0.538,71.25,86.817,7.912
05/27/2008,13:31:00,1023.464,192.375,91.496,50.836,0.0,0.506,73.938,72.008,11.606
05/27/2008,13:32:00,1023.503,192.5,91.269,50.823,0.0,0.506,70.688,90.33,10.918
05/27/2008,13:33:00,1023.541,192.5,91.521,50.823,0.0,0.506,61.188,69.647,6.08
05/27/2008,13:34:00,1023.579,192.25,91.065,50.771,0.0,0.443,58.094,67.082,6.957
05/27/2008,13:35:00,1023.656,192.375,91.301,50.81,0.0,0.443,53.125,58.162,8.679
05/27/2008,13:36:00,1023.618,192.25,91.534,50.862,0.0,0.506,56.594,80.375,11.32
05/27/2008,13:37:00,1023.618,192.625,91.078,50.81,0.0,0.443,61.594,67.708,9.914
05/27/2008,13:38:00,1023.618,192.25,91.211,50.836,0.0,0.506,62.094,64.312,6.993
05/27/2008,13:39:00,1023.579,192.5,91.117,50.849,0.0,0.443,61.5,56.485,10.407
05/27/2008,13:40:00,1023.503,192.625,91.288,50.914,0.0,0.538,69.625,69.195,11.046
05/27/2008,13:41:00,1023.503,192.5,91.045,50.875,0.0,0.443,71.688,83.158,5.198
05/27/2008,13:42:00,1023.503,192.625,91.269,50.966,0.0,0.538,67.625,56.194,6.659
05/27/2008,13:43:00,1023.541,192.625,91.369,51.018,0.0,0.506,68.25,77.124,7.973
05/27/2008,13:44:00,1023.579,192.5,90.913,50.94,0.0,0.412,61.75,106.246,9.585
05/27/2008,13:45:00,1023.618,192.25,90.679,50.901,0.0,0.443,54.75,52.215,10.06
05/27/2008,13:46:00,1023.656,192.5,90.76,50.875,0.0,0.443,64.25,79.937,10.918
05/27/2008,13:47:00,1023.656,192.375,90.628,50.862,0.0,0.412,69.125,52.987,7.961
05/27/2008,13:48:00,1023.694,192.5,91.084,51.018,0.0,0.443,61.75,84.601,8.088
05/27/2008,13:49:00,1023.771,192.75,91.337,51.076,0.0,0.538,54.75,72.096,4.468
05/27/2008,13:50:00,1023.809,192.625,91.078,51.102,0.0,0.443,43.719,78.975,6.865
05/27/2008,13:51:00,1023.809,192.25,91.143,51.102,0.0,0.412,39.875,56.515,5.076
05/27/2008,13:52:00,1023.886,192.75,91.479,51.18,0.0,0.506,48.469,80.054,3.78
05/27/2008,13:53:00,1023.924,192.375,91.211,51.18,0.0,0.412,45.219,73.233,9.713
05/27/2008,13:54:00,1023.924,192.375,90.984,51.063,0.0,0.412,42.063,73.32,8.813
05/27/2008,13:55:00,1023.962,192.375,91.084,51.115,0.0,0.412,37.656,58.905,4.936
05/27/2008,13:56:00,1023.962,192.625,91.036,51.089,0.0,0.38,37.063,72.125,5.551
05/27/2008,13:57:00,1023.962,192.875,91.243,51.205,0.0,0.443,37.219,54.401,3.957
05/27/2008,13:58:00,1023.962,192.875,91.56,51.309,0.0,0.506,43.531,74.938,6.147
05/27/2008,13:59:00,1023.962,193.0,91.295,51.387,0.0,0.506,48.0,14.027,6.482
05/27/2008,14:00:00,1023.962,193.125,91.078,51.27,0.0,0.412,45.25,55.509,7.164
05/27/2008,14:01:00,1023.962,192.625,91.301,51.296,0.0,0.443,42.063,73.058,6.592
05/27/2008,14:02:00,1023.962,192.875,91.162,51.296,0.0,0.412,47.375,88.012,7.437
05/27/2008,14:03:00,1023.924,193.0,91.369,51.322,0.0,0.506,58.156,26.708,6.208
05/27/2008,14:04:00,1023.886,193.25,91.308,51.387,0.0,0.538,67.25,60.173,5.302
05/27/2008,14:05:00,1023.809,193.0,90.984,51.342,0.0,0.443,71.188,72.431,11.441
05/27/2008,14:06:00,1023.809,193.375,91.016,51.355,0.0,0.412,67.938,120.88,3.792
05/27/2008,14:07:00,1023.771,193.125,91.262,51.452,0.0,0.412,68.563,76.148,13.176
05/27/2008,14:08:00,1023.694,193.375,90.951,51.452,0.0,0.506,79.375,60.348,8.216
05/27/2008,14:09:00,1023.694,193.625,90.712,51.426,0.0,0.506,71.938,41.925,9.202
05/27/2008,14:10:00,1023.694,193.75,90.751,51.504,0.0,0.696,82.25,65.376,8.441
05/27/2008,14:11:00,1023.694,193.5,90.615,51.478,0.0,0.443,76.625,71.921,9.239
05/27/2008,14:12:00,1023.733,193.75,90.686,51.491,0.0,0.538,61.906,56.515,4.766
05/27/2008,14:13:00,1023.809,194.0,90.799,51.517,0.0,0.443,57.875,61.543,4.377
05/27/2008,14:14:00,1023.809,193.875,90.851,51.568,0.0,0.633,73.125,57.841,6.02
05/27/2008,14:15:00,1023.809,193.875,90.641,51.53,0.0,0.538,72.5,75.419,7.754
05/27/2008,14:16:00,1023.847,194.0,90.793,51.517,0.0,0.443,71.188,51.588,4.267
05/27/2008,14:17:00,1023.809,194.0,90.919,51.581,0.0,0.601,79.188,35.409,3.981
05/27/2008,14:18:00,1023.809,194.25,91.191,51.782,0.0,0.696,77.563,70.288,4.65
05/27/2008,14:19:00,1023.809,194.0,91.155,51.795,0.0,0.506,68.938,60.435,7.328
05/27/2008,14:20:00,1023.771,194.125,91.408,51.873,0.0,0.791,75.625,50.786,5.521
05/27/2008,14:21:00,1023.771,194.25,91.369,52.061,0.0,0.696,85.688,43.003,5.91
05/27/2008,14:22:00,1023.733,194.25,90.262,51.756,0.0,0.538,105.75,61.062,8.076
05/27/2008,14:23:00,1023.771,194.5,90.621,51.73,0.0,0.538,102.563,55.961,9.476
05/27/2008,14:24:00,1023.771,194.625,91.01,51.873,0.0,0.696,97.875,64.91,4.243
05/27/2008,14:25:00,1023.771,194.625,90.945,51.905,0.0,0.57,101.438,57.112,5.101
05/27/2008,14:26:00,1023.733,194.5,90.806,51.905,0.0,0.538,91.938,59.138,7.078
05/27/2008,14:27:00,1023.771,194.5,90.845,51.957,0.0,0.538,91.938,61.689,7.815
05/27/2008,14:28:00,1023.771,194.75,90.932,52.009,0.0,0.538,93.563,55.625,8.429
05/27/2008,14:29:00,1023.771,194.75,90.971,52.061,0.0,0.57,93.438,69.545,2.795
05/27/2008,14:30:00,1023.809,194.75,91.13,52.21,0.0,0.633,95.5,98.302,4.291
05/27/2008,14:31:00,1023.809,194.875,90.66,52.191,0.0,0.538,93.5,45.015,6.604
05/27/2008,14:32:00,1023.847,194.875,89.951,52.009,0.0,0.506,98.438,46.924,5.825
05/27/2008,14:33:00,1023.847,194.875,90.064,51.983,0.0,0.57,78.25,48.833,11.058
05/27/2008,14:34:00,1023.886,194.5,90.022,51.86,0.0,0.412,62.75,75.113,8.916
05/27/2008,14:35:00,1023.847,193.625,89.649,51.769,0.0,0.412,68.75,68.146,11.021
05/27/2008,14:36:00,1023.886,194.375,90.381,51.769,0.0,0.443,68.438,65.464,9.914
05/27/2008,14:37:00,1023.924,193.375,90.064,51.743,0.0,0.412,57.125,55.509,9.239
05/27/2008,14:38:00,1023.924,193.125,89.857,51.627,0.0,0.412,54.156,60.479,13.121
05/27/2008,14:39:00,1023.962,193.875,90.307,51.653,0.0,0.443,53.969,46.793,4.687
05/27/2008,14:40:00,1023.962,193.75,90.022,51.627,0.0,0.412,45.813,89.674,9.701
05/27/2008,14:41:00,1023.962,193.5,90.262,51.653,0.0,0.443,46.5,82.153,7.316
05/27/2008,14:42:00,1023.962,193.375,89.977,51.581,0.0,0.412,46.688,77.066,5.849
05/27/2008,14:43:00,1023.962,193.5,90.488,51.717,0.0,0.443,49.563,84.354,4.413
05/27/2008,14:44:00,1023.962,193.5,90.355,51.743,0.0,0.506,52.313,79.209,11.155
05/27/2008,14:45:00,1023.924,194.0,90.495,51.795,0.0,0.443,48.75,75.812,8.295
05/27/2008,14:46:00,1023.924,193.75,90.355,51.847,0.0,0.443,43.469,69.909,10.991
05/27/2008,14:47:00,1023.886,192.875,89.899,51.717,0.0,0.412,39.563,58.905,11.094
05/27/2008,14:48:00,1023.924,192.75,89.792,51.607,0.0,0.412,37.875,78.713,11.879
05/27/2008,14:49:00,1023.886,192.875,89.675,51.53,0.0,0.443,36.25,78.582,12.896
05/27/2008,14:50:00,1023.847,193.125,89.977,51.542,0.0,0.443,42.531,52.244,5.259
05/27/2008,14:51:00,1023.809,193.25,90.375,51.614,0.0,0.443,45.625,74.909,12.348
05/27/2008,14:52:00,1023.771,193.375,90.002,51.581,0.0,0.443,53.063,73.947,10.419
05/27/2008,14:53:00,1023.733,193.625,90.32,51.64,0.0,0.506,59.875,35.118,4.462
05/27/2008,14:54:00,1023.694,193.375,89.53,51.555,0.0,0.506,69.625,60.144,8.867
05/27/2008,14:55:00,1023.656,193.0,89.588,51.614,0.0,0.506,74.188,73.976,16.303
05/27/2008,14:56:00,1023.656,193.375,89.811,51.73,0.0,0.538,73.375,57.622,12.75
05/27/2008,14:57:00,1023.579,193.625,89.491,51.782,0.0,0.506,69.438,30.716,7.863
05/27/2008,14:58:00,1023.618,194.0,89.892,51.86,0.0,0.601,68.563,77.897,6.89
05/27/2008,14:59:00,1023.618,194.0,89.785,51.886,0.0,0.601,69.875,91.379,7.48
05/27/2008,15:00:00,1023.579,194.125,89.876,51.957,0.0,0.601,63.125,73.349,9.153
05/27/2008,15:01:00,1023.656,193.625,89.384,51.957,0.0,0.601,69.375,56.048,9.823
05/27/2008,15:02:00,1023.656,193.5,89.212,51.86,0.0,0.538,64.375,68.146,8.977
05/27/2008,15:03:00,1023.694,193.75,89.034,51.847,0.0,0.57,71.0,80.054,10.644
05/27/2008,15:04:00,1023.733,194.25,89.555,51.944,0.0,0.633,78.25,76.833,7.699
05/27/2008,15:05:00,1023.733,194.375,89.617,51.996,0.0,0.601,75.438,61.718,9.634
05/27/2008,15:06:00,1023.733,193.625,89.028,51.944,0.0,0.443,77.5,65.58,9.598
05/27/2008,15:07:00,1023.809,193.625,89.028,51.996,0.0,0.443,69.375,45.67,8.545
05/27/2008,15:08:00,1023.809,192.5,87.868,51.808,0.0,0.412,61.344,81.322,11.952
05/27/2008,15:09:00,1023.847,192.5,87.917,51.743,0.0,0.443,59.5,72.256,10.845
05/27/2008,15:10:00,1023.886,193.0,88.053,51.717,0.0,0.538,57.906,86.7,9.64
05/27/2008,15:11:00,1023.847,192.625,88.104,51.743,0.0,0.57,56.781,62.257,13.821
05/27/2008,15:12:00,1023.924,193.5,88.649,51.782,0.0,0.57,55.156,47.551,7.127
05/27/2008,15:13:00,1023.924,193.375,88.422,51.769,0.0,0.538,51.031,59.794,11.441
05/27/2008,15:14:00,1023.924,193.625,88.529,51.795,0.0,0.57,44.344,40.977,10.334
05/27/2008,15:15:00,1023.962,193.625,88.807,51.782,0.0,0.57,48.5,51.734,5.794
05/27/2008,15:16:00,1023.962,193.125,88.642,51.756,0.0,0.57,48.438,88.376,9.129
05/27/2008,15:17:00,1024.0,193.0,88.687,51.704,0.0,0.538,46.844,45.729,6.683
05/27/2008,15:18:00,1024.039,193.75,88.985,51.692,0.0,0.57,44.188,78.349,5.533
05/27/2008,15:19:00,1024.0,193.625,88.833,51.666,0.0,0.506,41.281,49.912,6.555
05/27/2008,15:20:00,1024.039,193.625,88.914,51.607,0.0,0.506,42.375,99.104,8.679
05/27/2008,15:21:00,1024.039,192.75,88.96,51.627,0.0,0.443,42.719,53.046,6.385
05/27/2008,15:22:00,1024.039,192.875,88.662,51.581,0.0,0.412,48.094,69.939,7.565
05/27/2008,15:23:00,1024.0,192.625,88.587,51.504,0.0,0.38,51.969,49.445,6.768
05/27/2008,15:24:00,1023.924,191.875,88.244,51.504,0.0,0.506,52.406,74.457,15.056
05/27/2008,15:25:00,1023.886,192.625,88.409,51.491,0.0,0.412,48.5,89.324,4.139
05/27/2008,15:26:00,1023.847,193.0,88.914,51.581,0.0,0.57,51.531,77.489,9.452
05/27/2008,15:27:00,1023.847,192.875,88.636,51.53,0.0,0.506,60.375,73.626,7.541
05/27/2008,15:28:00,1023.809,193.0,88.509,51.581,0.0,0.538,55.875,40.904,9.464
05/27/2008,15:29:00,1023.847,192.875,88.833,51.704,0.0,0.506,60.656,78.64,10.571
05/27/2008,15:30:00,1023.886,192.75,88.503,51.704,0.0,0.538,66.375,67.825,11.776
05/27/2008,15:31:00,1023.886,192.375,88.649,51.743,0.0,0.443,63.719,87.021,9.525
05/27/2008,15:32:00,1023.886,193.0,88.104,51.666,0.0,0.538,65.875,69.705,11.131
05/27/2008,15:33:00,1023.886,192.625,87.891,51.679,0.0,0.538,68.625,59.882,9.823
05/27/2008,15:34:00,1023.886,193.625,87.991,51.692,0.0,0.601,71.188,71.382,6.732
05/27/2008,15:35:00,1023.809,193.0,87.606,51.704,0.0,0.57,72.188,73.655,9.366
05/27/2008,15:36:00,1023.809,192.875,87.557,51.653,0.0,0.57,66.688,46.953,14.052
05/27/2008,15:37:00,1023.733,192.5,87.473,51.692,0.0,0.538,70.313,29.346,9.141
05/27/2008,15:38:00,1023.733,193.625,88.211,51.756,0.0,0.57,75.125,89.411,9.062
05/27/2008,15:39:00,1023.694,193.125,87.301,51.653,0.0,0.601,82.688,77.095,14.758
05/27/2008,15:40:00,1023.656,193.0,87.062,51.607,0.0,0.601,93.625,87.895,10.954
05/27/2008,15:41:00,1023.656,192.875,87.411,51.679,0.0,1.202,102.938,66.805,10.249
05/27/2008,15:42:00,1023.618,192.625,86.751,51.653,0.0,0.57,107.5,77.124,13.681
05/27/2008,15:43:00,1023.656,193.875,87.612,51.73,0.0,0.601,107.938,80.826,19.139
05/27/2008,15:44:00,1023.656,193.625,87.156,51.769,0.0,0.601,99.688,59.415,8.454
05/27/2008,15:45:00,1023.656,192.75,87.424,51.821,0.0,0.57,87.438,71.688,9.086
05/27/2008,15:46:00,1023.656,192.125,86.89,51.743,0.0,0.538,78.125,60.144,15.932
05/27/2008,15:47:00,1023.656,191.5,86.657,51.666,0.0,0.538,75.313,48.833,14.113
05/27/2008,15:48:00,1023.694,191.5,87.188,51.666,0.0,0.538,68.313,73.233,11.356
05/27/2008,15:49:00,1023.656,192.375,87.764,51.743,0.0,0.538,61.781,104.453,8.831
05/27/2008,15:50:00,1023.694,192.25,87.068,51.704,0.0,0.538,60.125,92.735,5.758
05/27/2008,15:51:00,1023.694,192.625,87.862,51.782,0.0,0.57,60.938,77.153,19.041
05/27/2008,15:52:00,1023.618,191.125,86.122,51.555,0.0,0.538,65.313,96.131,13.084
05/27/2008,15:53:00,1023.579,192.125,86.485,51.53,0.0,0.57,70.125,79.267,4.602
05/27/2008,15:54:00,1023.579,191.875,86.696,51.53,0.0,0.538,77.438,77.299,17.697
05/27/2008,15:55:00,1023.541,192.0,86.281,51.517,0.0,0.538,74.313,69.253,12.585
05/27/2008,15:56:00,1023.579,191.75,86.184,51.53,0.0,0.538,73.688,82.546,10.796
05/27/2008,15:57:00,1023.579,192.375,86.657,51.53,0.0,0.538,67.0,102.456,9.701
05/27/2008,15:58:00,1023.656,192.75,87.758,51.692,0.0,0.538,63.938,82.269,11.831
05/27/2008,15:59:00,1023.579,191.875,87.094,51.679,0.0,0.538,60.938,60.741,15.354
05/27/2008,16:00:00,1023.618,191.375,86.731,51.64,0.0,0.506,58.313,74.661,15.993
05/27/2008,16:01:00,1023.656,191.625,86.177,51.607,0.0,0.506,55.656,82.065,16.181
05/27/2008,16:02:00,1023.579,192.125,86.709,51.614,0.0,0.538,52.969,95.125,18.591
05/27/2008,16:03:00,1023.464,192.0,87.062,51.679,0.0,0.506,56.281,67.432,16.589
05/27/2008,16:04:00,1023.426,192.0,87.214,51.704,0.0,0.57,59.0,81.759,9.512
05/27/2008,16:05:00,1023.273,192.125,86.764,51.756,0.0,0.506,54.469,82.065,19.692
05/27/2008,16:06:00,1023.235,192.0,86.731,51.717,0.0,0.506,56.375,79.631,16.948
05/27/2008,16:07:00,1023.235,192.125,86.709,51.73,0.0,0.538,59.531,87.079,17.684
05/27/2008,16:08:00,1023.273,192.5,87.107,51.782,0.0,0.538,60.625,93.93,7.103
05/27/2008,16:09:00,1023.273,192.875,87.803,51.886,0.0,0.601,66.375,102.325,11.928
05/27/2008,16:10:00,1023.311,192.0,86.796,51.834,0.0,0.506,68.188,99.643,16.65
05/27/2008,16:11:00,1023.349,192.25,86.427,51.756,0.0,0.506,68.938,106.392,9.403
05/27/2008,16:12:00,1023.388,192.75,86.433,51.821,0.0,0.538,72.375,89.586,11.368
05/27/2008,16:13:00,1023.388,192.5,86.207,51.86,0.0,0.57,74.5,75.025,17.015
05/27/2008,16:14:00,1023.464,193.125,86.968,51.996,0.0,0.506,71.375,93.988,13.419
05/27/2008,16:15:00,1023.464,193.125,86.453,51.996,0.0,0.443,66.313,65.172,12.847
05/27/2008,16:16:00,1023.503,192.875,85.944,51.905,0.0,0.506,59.531,61.601,12.391
05/27/2008,16:17:00,1023.541,192.125,86.346,51.905,0.0,0.538,58.219,88.245,14.496
05/27/2008,16:18:00,1023.541,191.875,85.374,51.808,0.0,0.506,58.094,81.89,17.1
05/27/2008,16:19:00,1023.541,192.0,85.785,51.782,0.0,0.506,55.719,78.83,12.725
05/27/2008,16:20:00,1023.541,192.125,85.701,51.769,0.0,0.443,52.625,75.229,16.699
05/27/2008,16:21:00,1023.464,191.875,85.096,51.666,0.0,0.443,52.781,69.545,7.79
05/27/2008,16:22:00,1023.426,191.5,85.381,51.627,0.0,0.443,62.125,96.582,8.064
05/27/2008,16:23:00,1023.426,192.375,85.811,51.704,0.0,0.506,68.0,81.497,9.963
05/27/2008,16:24:00,1023.349,192.25,85.785,51.743,0.0,0.57,71.375,75.2,17.064
05/27/2008,16:25:00,1023.349,192.25,85.387,51.692,0.0,0.443,71.75,64.138,11.569
05/27/2008,16:26:00,1023.388,192.875,85.798,51.756,0.0,0.506,69.25,76.148,10.571
05/27/2008,16:27:00,1023.349,192.75,85.99,51.808,0.0,0.506,65.938,61.368,8.965
05/27/2008,16:28:00,1023.349,192.0,85.423,51.808,0.0,0.443,54.594,79.66,17.563
05/27/2008,16:29:00,1023.349,192.125,85.202,51.743,0.0,0.412,48.469,80.229,11.569
05/27/2008,16:30:00,1023.388,191.625,85.228,51.73,0.0,0.412,47.813,26.883,9.64
05/27/2008,16:31:00,1023.388,191.625,85.607,51.756,0.0,0.412,49.875,85.286,15.22
05/27/2008,16:32:00,1023.388,192.5,85.698,51.743,0.0,0.443,46.875,78.494,12.664
05/27/2008,16:33:00,1023.349,191.625,85.19,51.679,0.0,0.412,45.813,105.794,14.599
05/27/2008,16:34:00,1023.388,191.875,85.646,51.704,0.0,0.38,45.063,79.923,9.61
05/27/2008,16:35:00,1023.349,191.875,86.411,51.821,0.0,0.443,47.0,83.319,8.271
05/27/2008,16:36:00,1023.388,192.375,86.417,51.873,0.0,0.443,41.625,58.613,8.137
05/27/2008,16:37:00,1023.388,191.875,85.866,51.905,0.0,0.443,41.906,57.593,8.606
05/27/2008,16:38:00,1023.426,191.25,85.076,51.756,0.0,0.348,43.219,75.113,8.953
05/27/2008,16:39:00,1023.388,191.5,84.976,51.717,0.0,0.38,41.625,80.141,11.228
05/27/2008,16:40:00,1023.426,191.875,85.277,51.756,0.0,0.38,38.625,71.833,7.851
05/27/2008,16:41:00,1023.426,191.625,85.368,51.808,0.0,0.412,39.25,91.146,11.666
05/27/2008,16:42:00,1023.349,192.125,84.992,51.756,0.0,0.38,41.0,86.03,15.731
05/27/2008,16:43:00,1023.426,191.875,85.335,51.756,0.0,0.38,42.25,82.299,8.539
05/27/2008,16:44:00,1023.349,192.125,86.019,51.873,0.0,0.443,47.094,80.958,8.064
05/27/2008,16:45:00,1023.273,192.375,86.2,52.022,0.0,0.443,49.844,88.901,6.433
05/27/2008,16:46:00,1023.235,191.75,85.442,52.061,0.0,0.412,53.063,97.34,9.585
05/27/2008,16:47:00,1023.235,191.5,85.633,52.087,0.0,0.506,54.438,78.378,8.393
05/27/2008,16:48:00,1023.196,191.875,85.526,52.009,0.0,0.443,53.156,105.954,14.849
05/27/2008,16:49:00,1023.177,191.75,85.309,51.97,0.0,0.348,52.5,69.764,14.697
05/27/2008,16:50:00,1023.101,192.125,85.97,52.009,0.0,0.412,55.5,92.647,13.461
05/27/2008,16:51:00,1023.062,191.75,85.481,51.944,0.0,0.601,60.969,78.684,12.549
05/27/2008,16:52:00,1023.024,192.375,85.125,51.899,0.0,0.506,63.625,110.648,15.171
05/27/2008,16:53:00,1023.024,192.625,85.805,51.931,0.0,0.506,71.0,85.607,8.776
05/27/2008,16:54:00,1023.101,192.5,85.792,52.022,0.0,0.633,73.188,61.252,8.32
05/27/2008,16:55:00,1023.101,191.875,85.309,52.035,0.0,0.443,81.25,108.593,17.198
05/27/2008,16:56:00,1023.139,192.25,85.138,52.022,0.0,0.443,87.813,85.126,10.224
05/27/2008,16:57:00,1023.139,192.75,84.6,52.113,0.0,0.728,93.188,81.876,12.378
05/27/2008,16:58:00,1023.177,192.125,83.729,52.035,0.0,0.886,94.5,95.927,13.875
05/27/2008,16:59:00,1023.196,192.75,84.778,52.126,0.0,0.917,94.188,75.812,13.936
05/27/2008,17:00:00,1023.235,192.625,84.121,52.035,0.0,0.633,102.0,75.958,7.577
05/27/2008,17:01:00,1023.273,193.5,85.102,52.126,0.0,0.633,96.875,66.295,7.626
05/27/2008,17:02:00,1023.273,193.25,84.917,52.191,0.0,0.601,92.188,68.335,16.315
05/27/2008,17:03:00,1023.349,193.5,85.19,52.074,0.0,0.538,89.375,74.399,11.788
05/27/2008,17:04:00,1023.388,194.0,85.556,52.1,0.0,0.57,86.25,99.191,11.776
05/27/2008,17:05:00,1023.503,193.875,86.096,52.165,0.0,0.601,92.188,89.98,5.697
05/27/2008,17:06:00,1023.503,194.25,85.779,52.236,0.0,0.759,93.875,99.104,7.45
05/27/2008,17:07:00,1023.541,193.875,85.792,52.275,0.0,0.412,102.125,98.987,11.393
05/27/2008,17:08:00,1023.618,194.125,85.698,52.262,0.0,0.601,108.875,81.22,12.263
05/27/2008,17:09:00,1023.618,194.625,85.679,52.288,0.0,0.759,135.625,83.698,13.583
05/27/2008,17:10:00,1023.618,194.5,85.918,52.314,0.0,0.886,128.875,84.354,18.579
05/27/2008,17:11:00,1023.579,194.25,84.976,52.249,0.0,0.601,86.938,100.212,7.267
05/27/2008,17:12:00,1023.503,193.625,85.672,52.314,0.0,0.506,57.406,98.477,6.397
05/27/2008,17:13:00,1023.579,193.125,85.601,52.314,0.0,0.412,50.844,68.204,12.074
05/27/2008,17:14:00,1023.579,192.375,84.969,52.152,0.0,0.316,48.781,85.724,17.362
05/27/2008,17:15:00,1023.618,192.625,85.462,52.035,0.0,0.348,52.625,101.961,14.003
05/27/2008,17:16:00,1023.694,193.25,86.689,52.139,0.0,0.538,51.375,77.328,9.324
05/27/2008,17:17:00,1023.694,192.625,86.083,52.1,0.0,0.443,49.844,88.668,10.011
05/27/2008,17:18:00,1023.733,193.0,86.164,52.087,0.0,0.443,55.156,112.732,7.328
05/27/2008,17:19:00,1023.694,192.875,85.792,52.139,0.0,0.538,62.25,81.016,9.64
05/27/2008,17:20:00,1023.694,192.875,85.633,52.165,0.0,0.57,60.344,73.058,10.2
05/27/2008,17:21:00,1023.656,192.5,84.83,52.074,0.0,0.538,64.875,85.141,21.664
05/27/2008,17:22:00,1023.656,193.25,84.338,52.061,0.0,0.601,60.0,80.112,10.869
05/27/2008,17:23:00,1023.579,192.5,84.917,52.21,0.0,0.57,61.844,84.324,13.772
05/27/2008,17:24:00,1023.541,192.5,84.25,52.139,0.0,0.633,69.438,73.976,11.752
05/27/2008,17:25:00,1023.579,193.0,84.493,52.178,0.0,0.759,81.813,85.01,11.679
05/27/2008,17:26:00,1023.579,193.375,85.335,52.327,0.0,1.171,84.313,76.468,7.729
05/27/2008,17:27:00,1023.579,193.75,86.045,52.618,0.0,1.202,80.313,96.757,9.391
05/27/2008,17:28:00,1023.579,193.125,84.318,52.579,0.0,0.759,82.938,86.176,11.666
05/27/2008,17:29:00,1023.579,194.0,84.007,52.579,0.0,1.202,91.25,97.005,11.082
05/27/2008,17:30:00,1023.579,193.625,84.105,52.631,0.0,3.162,86.438,88.93,11.058
05/27/2008,17:31:00,1023.579,193.25,84.548,52.709,0.0,2.814,86.688,92.254,6.768
05/27/2008,17:32:00,1023.618,193.5,83.385,52.709,0.0,0.728,82.688,77.037,16.242
05/27/2008,17:33:00,1023.579,193.625,83.794,52.793,0.0,0.633,75.688,87.895,15.804
05/27/2008,17:34:00,1023.618,193.125,82.861,52.67,0.0,0.633,66.625,94.498,11.082
05/27/2008,17:35:00,1023.656,193.25,83.185,52.67,0.0,0.538,60.906,87.895,11.892
05/27/2008,17:36:00,1023.656,193.25,84.266,52.735,0.0,0.57,67.375,93.58,9.153
05/27/2008,17:37:00,1023.694,193.0,82.663,52.605,0.0,1.486,63.531,96.524,14.423
05/27/2008,17:38:00,1023.733,192.375,83.522,52.631,0.0,0.412,72.063,107.266,10.51
05/27/2008,17:39:00,1023.733,193.375,84.072,52.748,0.0,0.601,79.75,70.405,12.348
05/27/2008,17:40:00,1023.694,193.125,82.433,52.657,0.0,3.258,83.688,95.416,13.443
05/27/2008,17:41:00,1023.733,192.625,82.048,52.618,0.0,2.088,81.188,80.797,8.679
05/27/2008,17:42:00,1023.694,192.875,82.352,52.709,0.0,0.538,89.563,96.947,8.606
05/27/2008,17:43:00,1023.656,193.625,82.394,52.806,0.0,1.866,93.125,91.583,10.224
05/27/2008,17:44:00,1023.656,192.75,82.009,52.806,0.0,1.139,87.438,99.046,11.417
05/27/2008,17:45:00,1023.694,193.0,81.789,52.774,0.0,0.633,79.813,115.735,12.336
05/27/2008,17:46:00,1023.733,192.75,82.122,52.871,0.0,0.506,82.875,94.586,13.334
05/27/2008,17:47:00,1023.771,192.375,81.565,52.806,0.0,0.601,83.438,115.254,14.1
05/27/2008,17:48:00,1023.886,193.5,81.578,52.806,0.0,0.538,86.125,91.845,11.514
05/27/2008,17:49:00,1023.924,193.375,81.617,52.845,0.0,0.57,82.188,83.698,13.346
05/27/2008,17:50:00,1024.0,193.625,82.741,52.981,0.0,0.601,82.375,69.428,10.583
05/27/2008,17:51:00,1024.0,193.125,82.401,53.033,0.0,0.538,77.813,82.444,11.009
05/27/2008,17:52:00,1024.039,193.25,81.902,52.936,0.0,0.316,60.125,71.658,11.009
05/27/2008,17:53:00,1024.058,193.125,81.261,52.871,0.0,0.316,47.5,82.78,17.538
05/27/2008,17:54:00,1024.097,193.25,81.876,52.819,0.0,0.348,40.219,84.835,14.825
05/27/2008,17:55:00,1024.173,192.75,81.361,52.696,0.0,0.222,36.219,66.368,17.125
05/27/2008,17:56:00,1024.173,192.25,81.041,52.605,0.0,0.19,34.156,94.498,15.92
05/27/2008,17:57:00,1024.25,192.375,81.578,52.605,0.0,0.222,35.781,68.991,10.273
05/27/2008,17:58:00,1024.211,192.75,80.995,52.541,0.0,0.253,39.125,74.574,14.599
05/27/2008,17:59:00,1024.211,192.875,82.867,52.644,0.0,0.348,41.281,80.914,12.251
05/27/2008,18:00:00,1024.211,193.0,82.339,52.644,0.0,0.38,40.438,106.188,6.792
05/27/2008,18:01:00,1024.135,192.625,81.983,52.631,0.0,0.316,38.531,83.639,14.447
05/27/2008,18:02:00,1024.097,192.75,82.181,52.605,0.0,0.348,36.563,76.833,7.888
05/27/2008,18:03:00,1024.097,193.0,83.133,52.748,0.0,0.348,33.313,84.572,10.157
05/27/2008,18:04:00,1024.058,192.375,82.194,52.683,0.0,0.253,33.125,98.419,12.677
05/27/2008,18:05:00,1024.097,193.0,82.288,52.579,0.0,0.316,30.547,74.005,15.445
05/27/2008,18:06:00,1024.097,192.75,82.602,52.644,0.0,0.348,30.625,80.826,11.49
05/27/2008,18:07:00,1024.097,192.5,82.015,52.592,0.0,0.316,29.891,87.75,12.762
05/27/2008,18:08:00,1024.097,192.375,81.624,52.489,0.0,0.316,27.344,69.793,16.54
05/27/2008,18:09:00,1024.097,192.625,82.375,52.541,0.0,0.316,26.156,83.319,8.204
05/27/2008,18:10:00,1024.135,192.375,82.459,52.605,0.0,0.348,24.25,90.271,7.936
05/27/2008,18:11:00,1024.135,192.625,82.527,52.605,0.0,0.348,24.219,80.579,11.283
05/27/2008,18:12:00,1024.173,192.625,82.767,52.618,0.0,0.348,25.234,90.548,9.391
05/27/2008,18:13:00,1024.173,192.5,82.974,52.657,0.0,0.348,25.344,88.93,7.279
05/27/2008,18:14:00,1024.173,192.625,82.981,52.683,0.0,0.316,26.719,91.292,8.381
05/27/2008,18:15:00,1024.173,192.25,82.472,52.67,0.0,0.253,29.563,95.693,9.439
05/27/2008,18:16:00,1024.173,192.25,82.109,52.592,0.0,0.316,28.828,92.049,10.76
05/27/2008,18:17:00,1024.173,192.125,82.236,52.592,0.0,0.348,28.453,99.425,7.638
05/27/2008,18:18:00,1024.097,192.625,82.676,52.657,0.0,0.412,29.531,84.091,7.48
05/27/2008,18:19:00,1024.135,192.5,81.889,52.67,0.0,0.38,29.891,89.207,8.478
05/27/2008,18:20:00,1024.097,192.375,81.28,52.657,0.0,0.38,30.859,97.165,11.283
05/27/2008,18:21:00,1024.097,192.5,82.365,52.761,0.0,0.38,32.063,111.216,7.875
05/27/2008,18:22:00,1024.097,192.875,82.213,52.819,0.0,0.412,32.875,83.814,9.226
05/27/2008,18:23:00,1024.097,193.0,82.048,52.793,0.0,0.443,31.563,88.187,5.624
05/27/2008,18:24:00,1024.097,193.125,81.685,52.897,0.0,0.443,35.469,106.567,9.074
05/27/2008,18:25:00,1024.097,192.875,81.261,52.793,0.0,0.38,33.156,69.705,4.218
05/27/2008,18:26:00,1024.097,192.75,81.394,52.832,0.0,0.348,31.328,84.601,10.048
05/27/2008,18:27:00,1024.135,192.75,82.041,52.897,0.0,0.38,32.719,79.835,8.308
05/27/2008,18:28:00,1024.135,192.75,82.683,53.007,0.0,0.348,30.844,69.909,7.389
05/27/2008,18:29:00,1024.135,192.5,81.254,52.936,0.0,0.348,28.891,93.536,14.624
05/27/2008,18:30:00,1024.135,192.0,80.594,52.748,0.0,0.253,26.781,82.896,15.257
05/27/2008,18:31:00,1024.211,192.375,80.982,52.696,0.0,0.316,25.141,75.536,10.431
05/27/2008,18:32:00,1024.25,192.125,81.109,52.735,0.0,0.316,23.953,73.291,6.969
05/27/2008,18:33:00,1024.288,194.125,80.448,52.644,0.0,0.316,22.813,85.942,12.275
05/27/2008,18:34:00,1024.326,191.625,80.804,52.592,0.0,0.253,21.516,78.494,10.869
05/27/2008,18:35:00,1024.365,192.125,80.995,52.579,0.0,0.348,20.031,86.934,5.533
05/27/2008,18:36:00,1024.326,192.25,81.28,52.605,0.0,0.348,20.859,90.213,10.474
05/27/2008,18:37:00,1024.365,192.125,81.484,52.592,0.0,0.316,23.063,79.69,12.025
05/27/2008,18:38:00,1024.365,192.0,81.332,52.579,0.0,0.316,24.281,88.522,9.287
05/27/2008,18:39:00,1024.403,192.25,81.096,52.554,0.0,0.316,24.031,75.842,10.176
05/27/2008,18:40:00,1024.403,192.125,81.4,52.566,0.0,0.316,22.219,66.936,8.478
05/27/2008,18:41:00,1024.441,192.25,81.381,52.554,0.0,0.316,21.0,98.244,6.878
05/27/2008,18:42:00,1024.441,192.125,81.387,52.579,0.0,0.348,20.516,88.814,11.429
05/27/2008,18:43:00,1024.479,192.125,81.445,52.605,0.0,0.348,20.188,96.101,7.218
05/27/2008,18:44:00,1024.479,192.25,81.445,52.605,0.0,0.316,20.484,75.725,8.581
05/27/2008,18:45:00,1024.518,192.0,81.008,52.579,0.0,0.348,19.078,72.489,7.949
05/27/2008,18:46:00,1024.518,192.0,81.147,52.566,0.0,0.316,17.828,65.027,5.235
05/27/2008,18:47:00,1024.518,192.0,81.083,52.579,0.0,0.348,18.594,84.601,7.802
05/27/2008,18:48:00,1024.556,192.0,81.18,52.579,0.0,0.348,18.719,84.237,6.409
05/27/2008,18:49:00,1024.556,191.875,81.358,52.566,0.0,0.316,18.234,81.818,7.456
05/27/2008,18:50:00,1024.556,191.625,81.374,52.541,0.0,0.316,18.344,88.814,9.573
05/27/2008,18:51:00,1024.594,191.875,81.128,52.528,0.0,0.316,17.531,74.603,8.466
05/27/2008,18:52:00,1024.594,191.75,80.072,52.489,0.0,0.348,16.422,83.727,11.192
05/27/2008,18:53:00,1024.633,191.875,81.18,52.566,0.0,0.348,16.266,85.17,8.265
05/27/2008,18:54:00,1024.633,192.0,81.115,52.592,0.0,0.348,18.203,69.647,9.439
05/27/2008,18:55:00,1024.633,192.0,81.212,52.631,0.0,0.348,19.344,71.323,6.22
05/27/2008,18:56:00,1024.633,192.0,80.746,52.592,0.0,0.348,19.625,80.579,9.141
05/27/2008,18:57:00,1024.594,192.125,81.034,52.644,0.0,0.348,19.078,90.927,8.928
05/27/2008,18:58:00,1024.556,191.875,80.079,52.631,0.0,0.348,19.344,87.385,11.715
05/27/2008,18:59:00,1024.518,191.875,79.878,52.631,0.0,0.348,20.156,79.179,13.249
05/27/2008,19:00:00,1024.556,192.375,80.62,52.67,0.0,0.38,20.953,88.274,9.348
05/27/2008,19:01:00,1024.556,192.0,80.694,52.709,0.0,0.38,21.625,82.634,13.261
05/27/2008,19:02:00,1024.518,191.875,80.27,52.657,0.0,0.348,22.703,81.92,9.598
05/27/2008,19:03:00,1024.479,192.125,80.415,52.696,0.0,0.38,23.688,79.209,11.63
05/27/2008,19:04:00,1024.479,191.875,81.047,52.722,0.0,0.38,23.906,87.954,9.092
05/27/2008,19:05:00,1024.441,192.0,80.93,52.722,0.0,0.348,24.094,81.672,7.182
05/27/2008,19:06:00,1024.479,191.875,81.18,52.78,0.0,0.38,25.172,86.423,8.332
05/27/2008,19:07:00,1024.441,191.875,80.914,52.722,0.0,0.38,25.531,76.716,8.137
05/27/2008,19:08:00,1024.441,191.5,80.655,52.722,0.0,0.348,25.203,107.223,9.64
05/27/2008,19:09:00,1024.479,191.875,80.441,52.657,0.0,0.348,24.125,107.223,9.823
05/27/2008,19:10:00,1024.518,191.875,81.526,52.722,0.0,0.348,23.469,86.292,5.435
05/27/2008,19:11:00,1024.556,192.125,81.054,52.735,0.0,0.348,23.094,85.097,7.602
05/27/2008,19:12:00,1024.556,192.25,81.604,52.793,0.0,0.38,23.109,93.332,8.606
05/27/2008,19:13:00,1024.594,191.875,81.339,52.761,0.0,0.348,23.063,84.004,9.537
05/27/2008,19:14:00,1024.556,192.0,80.976,52.774,0.0,0.316,22.078,78.115,14.52
05/27/2008,19:15:00,1024.594,191.875,81.122,52.793,0.0,0.316,20.969,109.336,9.153
05/27/2008,19:16:00,1024.594,191.875,80.869,52.819,0.0,0.348,20.656,95.3,6.719
05/27/2008,19:17:00,1024.633,192.125,81.235,52.819,0.0,0.348,20.344,79.719,8.076
05/27/2008,19:18:00,1024.633,192.0,81.073,52.793,0.0,0.348,19.531,78.145,8.101
05/27/2008,19:19:00,1024.633,191.875,80.882,52.78,0.0,0.316,18.484,89.776,7.827
05/27/2008,19:20:00,1024.633,191.875,80.752,52.774,0.0,0.316,17.938,105.794,8.557
05/27/2008,19:21:00,1024.671,192.0,80.963,52.774,0.0,0.316,18.266,93.361,9.324
05/27/2008,19:22:00,1024.671,191.75,81.533,52.832,0.0,0.348,19.406,83.435,4.504
05/27/2008,19:23:00,1024.633,192.375,81.066,52.858,0.0,0.38,21.25,61.966,12.05
05/27/2008,19:24:00,1024.633,192.25,81.533,52.91,0.0,0.348,23.391,96.291,5.588
05/27/2008,19:25:00,1024.633,192.125,80.668,52.871,0.0,0.348,25.469,76.745,13.796
05/27/2008,19:26:00,1024.594,192.125,81.06,52.923,0.0,0.412,26.875,102.733,6.908
05/27/2008,19:27:00,1024.594,192.375,80.626,52.936,0.0,0.506,28.672,84.033,6.744
05/27/2008,19:28:00,1024.594,192.375,80.824,52.962,0.0,0.443,29.266,97.559,5.411
05/27/2008,19:29:00,1024.594,192.25,81.128,53.033,0.0,0.506,29.422,89.615,4.243
05/27/2008,19:30:00,1024.518,192.0,80.124,52.949,0.0,0.57,29.734,99.935,9.798
05/27/2008,19:31:00,1024.556,192.125,79.965,52.962,0.0,0.538,29.922,114.423,7.553
05/27/2008,19:32:00,1024.556,192.125,80.328,53.059,0.0,0.538,30.125,95.446,4.65
05/27/2008,19:33:00,1024.518,192.125,80.454,53.078,0.0,0.57,30.078,87.954,9.129
05/27/2008,19:34:00,1024.556,192.625,80.315,53.104,0.0,0.696,29.422,94.323,12.153
05/27/2008,19:35:00,1024.556,192.5,80.296,53.104,0.0,0.538,27.672,84.864,10.17
05/27/2008,19:36:00,1024.556,192.375,80.415,53.13,0.0,0.412,25.172,99.585,8.028
05/27/2008,19:37:00,1024.556,192.125,80.25,53.104,0.0,0.348,23.797,75.871,5.983
05/27/2008,19:38:00,1024.556,192.125,80.688,53.143,0.0,0.38,22.891,102.966,9.105
05/27/2008,19:39:00,1024.556,191.5,79.288,53.078,0.0,0.38,22.219,83.042,12.299
05/27/2008,19:40:00,1024.556,192.375,79.408,53.059,0.0,0.412,22.0,100.051,11.271
05/27/2008,19:41:00,1024.594,192.125,79.726,53.046,0.0,0.443,21.781,89.411,4.504
05/27/2008,19:42:00,1024.633,192.125,79.619,53.02,0.0,0.443,21.188,96.32,8.393
05/27/2008,19:43:00,1024.633,192.25,80.296,53.078,0.0,0.506,20.328,96.203,5.721
05/27/2008,19:44:00,1024.633,191.875,80.328,53.059,0.0,0.538,19.016,92.443,9.61
05/27/2008,19:45:00,1024.633,191.625,79.813,53.007,0.0,0.728,18.266,114.262,11.009
05/27/2008,19:46:00,1024.671,191.5,79.586,52.923,0.0,0.601,17.859,113.796,7.091
05/27/2008,19:47:00,1024.633,191.375,80.098,52.949,0.0,0.506,17.5,106.275,8.466
05/27/2008,19:48:00,1024.671,191.5,79.904,52.897,0.0,0.443,17.188,92.137,8.88
05/27/2008,19:49:00,1024.633,191.375,79.295,52.871,0.0,0.38,16.969,102.937,9.975
05/27/2008,19:50:00,1024.633,191.25,80.105,52.923,0.0,0.316,17.016,106.275,4.054
05/27/2008,19:51:00,1024.633,191.25,79.599,52.897,0.0,0.316,17.344,119.495,6.902
05/27/2008,19:52:00,1024.594,191.0,79.845,52.884,0.0,0.222,17.5,111.027,10.121
05/27/2008,19:53:00,1024.633,190.75,79.421,52.845,0.0,0.253,17.422,90.752,9.64
05/27/2008,19:54:00,1024.633,190.875,79.7,52.832,0.0,0.316,17.094,105.197,7.243
05/27/2008,19:55:00,1024.633,190.75,79.739,52.819,0.0,0.316,16.609,110.56,11.307
05/27/2008,19:56:00,1024.671,190.75,79.891,52.832,0.0,0.316,16.094,113.694,6.92
05/27/2008,19:57:00,1024.709,191.0,80.098,52.793,0.0,0.348,15.719,123.168,8.003
05/27/2008,19:58:00,1024.748,191.0,80.124,52.819,0.0,0.316,15.148,119.408,8.125
05/27/2008,19:59:00,1024.748,191.0,80.383,52.832,0.0,0.253,14.578,97.559,5.423
05/27/2008,20:00:00,1024.748,191.375,80.542,52.819,0.0,0.348,14.258,98.813,5.003
05/27/2008,20:01:00,1024.786,191.5,80.62,52.845,0.0,0.316,14.039,89.091,8.478
05/27/2008,20:02:00,1024.786,191.375,80.542,52.858,0.0,0.348,13.633,95.358,6.732
05/27/2008,20:03:00,1024.824,191.375,80.195,52.819,0.0,0.316,13.031,82.357,8.74
05/27/2008,20:04:00,1024.824,191.25,79.959,52.793,0.0,0.316,12.359,127.424,8.466
05/27/2008,20:05:00,1024.824,190.875,80.195,52.793,0.0,0.316,11.703,115.662,6.123
05/27/2008,20:06:00,1024.824,190.625,80.581,52.819,0.0,0.253,10.594,104.162,7.456
05/27/2008,20:07:00,1024.824,191.125,80.347,52.793,0.0,0.253,9.461,100.241,7.949
05/27/2008,20:08:00,1024.786,190.75,80.555,52.774,0.0,0.253,8.289,100.736,11.253
05/27/2008,20:09:00,1024.786,190.75,79.926,52.709,0.0,0.253,7.344,100.868,5.898
05/27/2008,20:10:00,1024.786,190.875,80.189,52.722,0.0,0.222,6.723,87.895,7.912
05/27/2008,20:11:00,1024.786,190.625,80.189,52.709,0.0,0.253,6.207,93.332,10.784
05/27/2008,20:12:00,1024.863,190.75,80.309,52.696,0.0,0.222,5.664,112.528,5.149
05/27/2008,20:13:00,1024.863,190.875,80.302,52.67,0.0,0.222,5.313,107.645,9.129
05/27/2008,20:14:00,1024.901,191.0,80.765,52.67,0.0,0.222,4.934,94.046,5.533
05/27/2008,20:15:00,1024.92,191.125,81.352,52.683,0.0,0.222,4.555,94.673,7.553
05/27/2008,20:16:00,1024.92,190.875,80.759,52.657,0.0,0.222,4.254,100.503,9.117
05/27/2008,20:17:00,1024.958,191.375,80.6,52.67,0.0,0.222,3.93,61.485,6.08
05/27/2008,20:18:00,1024.958,191.25,80.668,52.67,0.0,0.253,3.631,111.537,8.904
05/27/2008,20:19:00,1024.997,191.0,80.548,52.67,0.0,0.253,3.441,97.821,10.145
05/27/2008,20:20:00,1024.997,191.25,80.529,52.67,0.0,0.253,3.117,79.369,6.397
05/27/2008,20:21:00,1024.997,191.125,81.102,52.67,0.0,0.253,2.9,117.076,5.563
05/27/2008,20:22:00,1024.997,191.25,80.694,52.605,0.0,0.253,2.873,98.594,10.358
05/27/2008,20:23:00,1024.997,191.125,80.587,52.618,0.0,0.253,2.656,101.728,8.101
05/27/2008,20:24:00,1025.035,190.875,80.529,52.618,0.0,0.253,2.494,79.267,11.393
05/27/2008,20:25:00,1024.997,191.125,80.208,52.631,0.0,0.253,2.25,99.337,8.204
05/27/2008,20:26:00,1025.073,190.75,80.39,52.644,0.0,0.253,2.088,83.552,5.825
05/27/2008,20:27:00,1025.073,191.125,80.335,52.605,0.0,0.253,1.843,87.925,8.265
05/27/2008,20:28:00,1025.073,191.125,80.092,52.618,0.0,0.316,1.626,100.809,9.476
05/27/2008,20:29:00,1025.112,191.125,80.263,52.618,0.0,0.253,1.464,98.477,7.078
05/27/2008,20:30:00,1025.15,191.0,80.713,52.657,0.0,0.253,1.328,108.826,6.172
05/27/2008,20:31:00,1025.15,191.0,80.943,52.618,0.0,0.253,1.111,97.851,5.003
05/27/2008,20:32:00,1025.15,190.75,80.788,52.592,0.0,0.316,1.003,104.366,7.413
05/27/2008,20:33:00,1025.188,190.375,80.649,52.579,0.0,0.253,0.922,106.931,5.448
05/27/2008,20:34:00,1025.227,190.25,80.632,52.566,0.0,0.253,0.786,80.943,10.273
05/27/2008,20:35:00,1025.227,190.125,80.694,52.579,0.0,0.253,0.759,93.58,5.521
05/27/2008,20:36:00,1025.265,189.625,80.882,52.592,0.0,0.253,0.624,88.041,7.401
05/27/2008,20:37:00,1025.227,189.625,80.982,52.579,0.0,0.316,0.515,85.753,4.078
05/27/2008,20:38:00,1025.265,189.875,80.668,52.554,0.0,0.253,0.461,92.472,5.508
05/27/2008,20:39:00,1025.265,189.75,80.581,52.566,0.0,0.253,0.434,100.212,5.271
05/27/2008,20:40:00,1025.303,189.875,80.493,52.579,0.0,0.316,0.353,82.328,6.08
05/27/2008,20:41:00,1025.303,189.625,81.128,52.579,0.0,0.316,0.326,62.534,6.318
05/27/2008,20:42:00,1025.303,189.5,80.668,52.554,0.0,0.253,0.271,71.003,9.847
05/27/2008,20:43:00,1025.303,189.125,80.849,52.554,0.0,0.253,0.217,86.001,7.456
05/27/2008,20:44:00,1025.303,188.75,80.561,52.528,0.0,0.253,0.163,86.307,8.618
05/27/2008,20:45:00,1025.303,189.125,80.435,52.515,0.0,0.316,0.163,63.569,11.119
05/27/2008,20:46:00,1025.303,188.625,80.231,52.528,0.0,0.253,0.136,108.199,10.395
05/27/2008,20:47:00,1025.303,188.375,80.555,52.528,0.0,0.253,0.136,93.507,5.551
05/27/2008,20:48:00,1025.341,188.625,80.642,52.541,0.0,0.253,0.136,103.171,6.245
05/27/2008,20:49:00,1025.341,188.5,80.454,52.502,0.0,0.253,0.163,85.228,6.683
05/27/2008,20:50:00,1025.38,188.375,80.48,52.489,0.0,0.316,0.136,78.523,7.437
05/27/2008,20:51:00,1025.38,187.875,80.561,52.456,0.0,0.222,0.163,77.605,7.45
05/27/2008,20:52:00,1025.38,188.0,80.694,52.443,0.0,0.253,0.136,97.195,5.551
05/27/2008,20:53:00,1025.38,187.625,80.467,52.404,0.0,0.222,0.163,104.103,8.113
05/27/2008,20:54:00,1025.38,187.875,80.969,52.417,0.0,0.222,0.136,75.259,6.792
05/27/2008,20:55:00,1025.341,187.75,80.467,52.379,0.0,0.253,0.163,98.652,7.176
05/27/2008,20:56:00,1025.38,187.625,80.441,52.366,0.0,0.253,0.136,71.979,5.186
05/27/2008,20:57:00,1025.341,187.75,80.529,52.379,0.0,0.253,0.163,93.755,5.508
05/27/2008,20:58:00,1025.303,188.0,80.555,52.379,0.0,0.19,0.163,101.247,7.875
05/27/2008,20:59:00,1025.303,187.625,80.93,52.391,0.0,0.253,0.136,103.652,4.711
05/27/2008,21:00:00,1025.303,187.625,80.62,52.353,0.0,0.222,0.136,91.0,9.324
05/27/2008,21:01:00,1025.265,187.5,80.908,52.353,0.0,0.253,0.136,93.842,6.123
05/27/2008,21:02:00,1025.303,187.625,81.047,52.327,0.0,0.222,0.163,73.684,5.807
05/27/2008,21:03:00,1025.303,187.75,81.076,52.314,0.0,0.253,0.136,72.518,2.886
05/27/2008,21:04:00,1025.341,187.875,81.199,52.275,0.0,0.222,0.163,92.137,7.377
05/27/2008,21:05:00,1025.341,188.125,80.632,52.262,0.0,0.222,0.163,78.713,10.309
05/27/2008,21:06:00,1025.38,188.125,80.315,52.301,0.0,0.222,0.136,93.041,8.545
05/27/2008,21:07:00,1025.418,188.125,80.39,52.301,0.0,0.222,0.136,85.345,10.382
05/27/2008,21:08:00,1025.418,188.125,80.202,52.275,0.0,0.222,0.136,94.294,6.604
05/27/2008,21:09:00,1025.457,188.125,80.587,52.314,0.0,0.253,0.136,79.485,3.792
05/27/2008,21:10:00,1025.457,187.875,80.516,52.288,0.0,0.222,0.163,89.615,9.537
05/27/2008,21:11:00,1025.457,187.875,80.27,52.262,0.0,0.253,0.136,96.553,8.417
05/27/2008,21:12:00,1025.495,187.625,80.48,52.301,0.0,0.222,0.136,78.465,6.981
05/27/2008,21:13:00,1025.533,187.625,80.493,52.288,0.0,0.222,0.136,81.672,7.078
05/27/2008,21:14:00,1025.533,187.75,80.396,52.236,0.0,0.222,0.163,92.618,4.961
05/27/2008,21:15:00,1025.571,188.0,80.072,52.223,0.0,0.222,0.163,98.769,7.577
05/27/2008,21:16:00,1025.609,187.875,80.276,52.249,0.0,0.253,0.163,81.132,6.16
05/27/2008,21:17:00,1025.648,188.125,80.105,52.262,0.0,0.253,0.163,80.856,9.677
05/27/2008,21:18:00,1025.686,188.25,80.189,52.288,0.0,0.222,0.163,77.605,4.48
05/27/2008,21:19:00,1025.686,187.875,80.377,52.288,0.0,0.222,0.136,79.996,8.557
05/27/2008,21:20:00,1025.686,187.75,80.428,52.262,0.0,0.222,0.136,80.229,8.466
05/27/2008,21:21:00,1025.725,187.875,80.105,52.21,0.0,0.222,0.163,105.299,4.711
05/27/2008,21:22:00,1025.763,187.75,80.328,52.21,0.0,0.222,0.136,97.501,8.228
05/27/2008,21:23:00,1025.763,187.625,80.587,52.191,0.0,0.222,0.136,102.937,6.409
05/27/2008,21:24:00,1025.763,187.625,80.817,52.152,0.0,0.253,0.136,88.639,9.348
05/27/2008,21:25:00,1025.763,187.625,80.701,52.139,0.0,0.222,0.136,104.963,4.778
05/27/2008,21:26:00,1025.763,187.75,80.639,52.1,0.0,0.253,0.163,85.797,8.064
05/27/2008,21:27:00,1025.763,187.75,80.707,52.113,0.0,0.222,0.136,92.137,9.178
05/27/2008,21:28:00,1025.763,187.75,80.415,52.139,0.0,0.222,0.163,71.119,4.34
05/27/2008,21:29:00,1025.782,187.875,80.707,52.113,0.0,0.222,0.136,99.191,9.117
05/27/2008,21:30:00,1025.763,188.125,80.746,52.087,0.0,0.222,0.136,81.191,8.241
05/27/2008,21:31:00,1025.782,188.25,80.6,52.1,0.0,0.253,0.136,81.89,4.316
05/27/2008,21:32:00,1025.782,188.375,80.568,52.074,0.0,0.222,0.163,91.758,11.228
05/27/2008,21:33:00,1025.782,188.375,80.655,52.074,0.0,0.222,0.163,79.69,8.691
05/27/2008,21:34:00,1025.82,188.5,80.568,52.074,0.0,0.253,0.136,86.7,8.113
05/27/2008,21:35:00,1025.82,188.375,80.675,52.061,0.0,0.222,0.163,81.468,5.709
05/27/2008,21:36:00,1025.82,188.375,80.804,52.022,0.0,0.222,0.136,91.7,5.77
05/27/2008,21:37:00,1025.82,188.375,81.173,52.035,0.0,0.253,0.136,85.636,4.638
05/27/2008,21:38:00,1025.82,188.25,81.413,52.022,0.0,0.19,0.136,78.888,7.267
05/27/2008,21:39:00,1025.82,188.25,81.287,52.009,0.0,0.222,0.136,107.529,7.961
05/27/2008,21:40:00,1025.82,187.875,81.407,52.009,0.0,0.19,0.136,87.05,6.628
05/27/2008,21:41:00,1025.82,188.0,81.313,52.009,0.0,0.222,0.136,79.398,8.788
05/27/2008,21:42:00,1025.858,187.75,81.649,52.009,0.0,0.222,0.136,81.132,7.577
05/27/2008,21:43:00,1025.897,187.875,81.604,51.983,0.0,0.222,0.136,97.005,6.056
05/27/2008,21:44:00,1025.897,187.75,81.798,51.996,0.0,0.222,0.136,76.017,8.557
05/27/2008,21:45:00,1025.897,187.875,81.368,51.996,0.0,0.253,0.136,79.937,5.648
05/27/2008,21:46:00,1025.897,187.875,81.539,52.009,0.0,0.222,0.136,95.358,9.884
05/27/2008,21:47:00,1025.974,187.5,81.552,52.009,0.0,0.222,0.136,75.506,7.377
05/27/2008,21:48:00,1025.935,187.5,81.394,52.022,0.0,0.253,0.136,72.795,9.226
05/27/2008,21:49:00,1025.974,187.5,81.458,52.035,0.0,0.222,0.136,72.373,9.634
05/27/2008,21:50:00,1025.974,187.125,81.743,52.048,0.0,0.222,0.163,74.486,7.863
05/27/2008,21:51:00,1025.935,186.5,81.87,52.022,0.0,0.222,0.163,98.769,7.997
05/27/2008,21:52:00,1025.974,186.125,82.255,52.009,0.0,0.222,0.163,104.628,5.052
05/27/2008,21:53:00,1025.974,185.625,82.479,51.996,0.0,0.222,0.163,67.825,4.73
05/27/2008,21:54:00,1025.974,185.25,82.375,51.996,0.0,0.222,0.136,83.071,4.45
05/27/2008,21:55:00,1026.012,184.875,82.527,51.983,0.0,0.222,0.136,83.042,6.482
05/27/2008,21:56:00,1026.012,185.125,82.472,51.97,0.0,0.222,0.136,90.927,6.555
05/27/2008,21:57:00,1026.012,184.75,82.122,51.931,0.0,0.253,0.136,82.838,10.681
05/27/2008,21:58:00,1026.088,184.875,81.909,51.957,0.0,0.253,0.136,99.133,8.977
05/27/2008,21:59:00,1026.127,184.75,81.818,51.97,0.0,0.222,0.136,82.065,5.533
05/27/2008,22:00:00,1026.165,184.625,81.776,51.996,0.0,0.222,0.163,84.324,7.364
05/27/2008,22:01:00,1026.204,184.125,82.061,51.983,0.0,0.222,0.136,76.323,3.47
05/27/2008,22:02:00,1026.204,184.0,82.414,51.957,0.0,0.253,0.136,87.531,6.196
05/27/2008,22:03:00,1026.204,183.375,82.521,51.918,0.0,0.253,0.136,76.978,7.626
05/27/2008,22:04:00,1026.204,183.125,82.388,51.899,0.0,0.253,0.136,82.605,3.093
05/27/2008,22:05:00,1026.242,182.625,82.521,51.873,0.0,0.253,0.136,100.736,5.922
05/27/2008,22:06:00,1026.204,182.375,82.022,51.86,0.0,0.253,0.136,101.961,11.107
05/27/2008,22:07:00,1026.242,181.75,81.572,51.918,0.0,0.316,0.136,86.423,8.454
05/27/2008,22:08:00,1026.242,180.875,81.776,51.944,0.0,0.253,0.136,81.409,6.719
05/27/2008,22:09:00,1026.204,180.375,81.445,51.931,0.0,0.253,0.136,68.802,6.878
05/27/2008,22:10:00,1026.242,179.75,81.711,51.944,0.0,0.253,0.136,100.241,8.417
05/27/2008,22:11:00,1026.242,179.375,81.743,51.918,0.0,0.253,0.163,93.361,4.997
05/27/2008,22:12:00,1026.242,179.125,81.805,51.899,0.0,0.222,0.136,77.984,6.768
05/27/2008,22:13:00,1026.28,179.375,81.737,51.873,0.0,0.253,0.136,82.328,9.598
05/27/2008,22:14:00,1026.318,179.375,81.737,51.86,0.0,0.253,0.136,71.513,6.519
05/27/2008,22:15:00,1026.356,179.875,81.611,51.847,0.0,0.253,0.136,101.013,6.482
05/27/2008,22:16:00,1026.433,180.25,81.426,51.834,0.0,0.222,0.136,88.158,6.969
05/27/2008,22:17:00,1026.51,180.625,81.798,51.873,0.0,0.253,0.136,75.39,4.553
05/27/2008,22:18:00,1026.586,181.125,81.87,51.808,0.0,0.316,0.136,100.503,6.616
05/27/2008,22:19:00,1026.605,181.625,81.996,51.782,0.0,0.253,0.136,77.576,5.375
05/27/2008,22:20:00,1026.644,182.0,82.067,51.756,0.0,0.253,0.136,103.564,3.646
05/27/2008,22:21:00,1026.682,182.5,82.288,51.73,0.0,0.253,0.136,88.872,2.545
05/27/2008,22:22:00,1026.721,182.5,82.459,51.717,0.0,0.253,0.163,82.634,4.973
05/27/2008,22:23:00,1026.721,182.625,82.505,51.73,0.0,0.253,0.136,64.823,5.016
05/27/2008,22:24:00,1026.759,182.625,82.579,51.743,0.0,0.253,0.136,91.321,6.792
05/27/2008,22:25:00,1026.759,182.25,82.459,51.769,0.0,0.253,0.136,81.074,3.993
05/27/2008,22:26:00,1026.721,181.875,82.446,51.769,0.0,0.253,0.136,74.457,4.626
05/27/2008,22:27:00,1026.721,181.875,82.621,51.769,0.0,0.253,0.136,81.978,6.196
05/27/2008,22:28:00,1026.759,181.5,82.547,51.769,0.0,0.253,0.136,85.665,4.504
05/27/2008,22:29:00,1026.759,181.375,82.621,51.782,0.0,0.253,0.136,77.576,6.446
05/27/2008,22:30:00,1026.759,181.25,82.579,51.769,0.0,0.316,0.163,84.033,5.46
05/27/2008,22:31:00,1026.759,181.375,82.511,51.756,0.0,0.316,0.136,93.93,8.015
05/27/2008,22:32:00,1026.797,182.0,82.505,51.782,0.0,0.316,0.136,89.062,5.782
05/27/2008,22:33:00,1026.759,182.0,82.553,51.769,0.0,0.316,0.163,87.56,3.732
05/27/2008,22:34:00,1026.759,181.875,82.634,51.743,0.0,0.253,0.136,82.386,5.411
05/27/2008,22:35:00,1026.759,182.0,82.913,51.717,0.0,0.253,0.136,81.89,5.174
05/27/2008,22:36:00,1026.759,182.25,83.133,51.653,0.0,0.253,0.136,97.646,5.076
05/27/2008,22:37:00,1026.797,182.5,83.185,51.627,0.0,0.316,0.136,77.605,6.567
05/27/2008,22:38:00,1026.835,183.25,83.091,51.64,0.0,0.316,0.136,83.581,7.304
05/27/2008,22:39:00,1026.835,184.25,83.113,51.666,0.0,0.316,0.136,93.536,7.127
05/27/2008,22:40:00,1026.874,184.875,83.159,51.666,0.0,0.316,0.136,67.767,4.291
05/27/2008,22:41:00,1026.912,185.25,83.007,51.679,0.0,0.316,0.136,69.399,2.673
05/27/2008,22:42:00,1026.95,185.5,83.02,51.692,0.0,0.253,0.136,107.193,4.291
05/27/2008,22:43:00,1026.989,186.0,82.767,51.692,0.0,0.316,0.163,81.132,9.847
05/27/2008,22:44:00,1026.989,186.25,82.333,51.756,0.0,0.348,0.136,119.976,4.492
05/27/2008,22:45:00,1026.989,186.375,82.009,51.808,0.0,0.316,0.136,66.717,7.255
05/27/2008,22:46:00,1026.95,185.875,81.896,51.86,0.0,0.316,0.136,77.095,6.805
05/27/2008,22:47:00,1026.912,185.5,81.811,51.86,0.0,0.253,0.163,70.944,5.77
05/27/2008,22:48:00,1026.912,185.0,81.75,51.834,0.0,0.316,0.163,70.215,7.766
05/27/2008,22:49:00,1026.912,184.75,81.585,51.834,0.0,0.316,0.136,81.701,8.606
05/27/2008,22:50:00,1026.912,184.125,81.705,51.873,0.0,0.316,0.136,81.264,7.577
05/27/2008,22:51:00,1026.874,183.625,81.352,51.847,0.0,0.316,0.163,76.017,5.886
05/27/2008,22:52:00,1026.874,183.25,81.274,51.834,0.0,0.316,0.136,84.835,6.33
05/27/2008,22:53:00,1026.835,182.375,81.445,51.808,0.0,0.316,0.136,106.844,7.413
05/27/2008,22:54:00,1026.874,182.0,81.332,51.795,0.0,0.316,0.136,76.774,5.35
05/27/2008,22:55:00,1026.874,182.0,81.267,51.769,0.0,0.316,0.163,80.856,9.086
05/27/2008,22:56:00,1026.874,182.25,80.908,51.769,0.0,0.316,0.136,75.229,7.401
05/27/2008,22:57:00,1026.874,182.875,80.37,51.782,0.0,0.316,0.163,80.171,7.936
05/27/2008,22:58:00,1026.912,183.0,80.257,51.808,0.0,0.253,0.163,69.764,8.88
05/27/2008,22:59:00,1026.912,183.0,79.541,51.795,0.0,0.316,0.136,77.693,5.794
05/27/2008,23:00:00,1026.95,183.0,79.269,51.821,0.0,0.316,0.163,80.258,8.204
05/27/2008,23:01:00,1026.95,183.0,78.663,51.847,0.0,0.316,0.136,79.966,7.851
05/27/2008,23:02:00,1026.95,183.125,79.029,51.86,0.0,0.253,0.136,81.876,5.46
05/27/2008,23:03:00,1026.912,183.5,78.893,51.834,0.0,0.253,0.136,81.409,11.253
05/27/2008,23:04:00,1026.95,183.75,78.955,51.808,0.0,0.316,0.136,59.211,3.957
05/27/2008,23:05:00,1026.95,184.0,79.314,51.769,0.0,0.316,0.163,89.688,5.508
05/27/2008,23:06:00,1026.912,184.125,78.987,51.717,0.0,0.316,0.136,82.094,8.417
05/27/2008,23:07:00,1026.874,184.375,78.854,51.717,0.0,0.316,0.136,104.73,9.975
05/27/2008,23:08:00,1026.874,184.25,79.162,51.717,0.0,0.316,0.136,73.947,4.462
05/27/2008,23:09:00,1026.797,184.125,78.595,51.692,0.0,0.316,0.136,72.577,6.409
05/27/2008,23:10:00,1026.797,183.375,78.696,51.743,0.0,0.316,0.136,89.892,9.488
05/27/2008,23:11:00,1026.797,182.75,78.754,51.717,0.0,0.253,0.163,73.801,7.03
05/27/2008,23:12:00,1026.759,182.375,79.036,51.704,0.0,0.253,0.136,82.269,6.16
05/27/2008,23:13:00,1026.797,182.375,79.301,51.653,0.0,0.316,0.136,61.747,7.456
05/27/2008,23:14:00,1026.835,182.25,79.269,51.653,0.0,0.316,0.136,81.526,9.05
05/27/2008,23:15:00,1026.835,182.25,79.104,51.627,0.0,0.253,0.136,78.494,9.847
05/27/2008,23:16:00,1026.835,181.75,79.01,51.627,0.0,0.316,0.163,79.311,4.218
05/27/2008,23:17:00,1026.874,180.625,78.65,51.627,0.0,0.253,0.163,69.399,8.228
05/27/2008,23:18:00,1026.835,179.5,78.76,51.627,0.0,0.316,0.136,84.835,6.695
05/27/2008,23:19:00,1026.797,178.25,79.01,51.607,0.0,0.253,0.109,81.788,5.545
05/27/2008,23:20:00,1026.797,177.375,79.275,51.53,0.0,0.253,0.136,74.311,4.949
05/27/2008,23:21:00,1026.759,176.75,79.136,51.465,0.0,0.253,0.136,68.568,7.997
05/27/2008,23:22:00,1026.797,176.375,79.049,51.465,0.0,0.253,0.136,75.171,6.433
05/27/2008,23:23:00,1026.797,176.625,78.916,51.452,0.0,0.316,0.136,75.259,8.192
05/27/2008,23:24:00,1026.835,176.875,78.722,51.413,0.0,0.316,0.163,77.897,7.437
05/27/2008,23:25:00,1026.835,177.625,78.676,51.368,0.0,0.253,0.136,73.655,6.373
05/27/2008,23:26:00,1026.874,178.125,78.582,51.355,0.0,0.253,0.136,81.788,3.421
05/27/2008,23:27:00,1026.912,178.75,78.323,51.342,0.0,0.316,0.136,90.009,7.139
05/27/2008,23:28:00,1026.95,178.875,78.093,51.355,0.0,0.316,0.163,80.258,7.078
05/27/2008,23:29:00,1026.912,179.125,77.821,51.322,0.0,0.253,0.136,87.56,5.77
05/27/2008,23:30:00,1026.912,179.125,77.947,51.296,0.0,0.316,0.136,93.959,9.403
05/27/2008,23:31:00,1026.912,178.875,77.721,51.27,0.0,0.316,0.136,85.753,8.028
05/27/2008,23:32:00,1026.874,178.75,77.701,51.231,0.0,0.253,0.163,89.98,8.113
05/27/2008,23:33:00,1026.874,178.375,77.39,51.205,0.0,0.316,0.136,85.286,9.038
05/27/2008,23:34:00,1026.835,178.25,77.497,51.205,0.0,0.253,0.163,93.93,10.249
05/27/2008,23:35:00,1026.797,178.0,77.455,51.18,0.0,0.316,0.136,109.059,9.5
05/27/2008,23:36:00,1026.797,178.0,77.465,51.141,0.0,0.253,0.136,89.776,7.863
05/27/2008,23:37:00,1026.797,177.75,77.05,51.154,0.0,0.316,0.163,104.701,8.356
05/27/2008,23:38:00,1026.759,177.375,77.352,51.089,0.0,0.253,0.136,70.143,6.02
05/27/2008,23:39:00,1026.797,177.125,77.675,51.03,0.0,0.253,0.136,58.132,5.338
05/27/2008,23:40:00,1026.759,176.75,77.556,50.992,0.0,0.316,0.163,77.999,9.561
05/27/2008,23:41:00,1026.721,176.5,77.096,50.992,0.0,0.316,0.136,105.882,8.368
05/27/2008,23:42:00,1026.721,176.25,76.849,50.966,0.0,0.253,0.136,79.864,8.867
05/27/2008,23:43:00,1026.682,176.25,76.71,50.979,0.0,0.253,0.136,74.136,7.316
05/27/2008,23:44:00,1026.682,176.25,76.691,50.94,0.0,0.253,0.136,87.619,9.026
05/27/2008,23:45:00,1026.644,176.125,76.791,50.901,0.0,0.253,0.163,90.402,7.389
05/27/2008,23:46:00,1026.644,176.125,76.849,50.862,0.0,0.316,0.136,93.478,11.892
05/27/2008,23:47:00,1026.644,176.375,76.736,50.888,0.0,0.253,0.136,80.141,6.671
05/27/2008,23:48:00,1026.644,176.5,76.791,50.849,0.0,0.253,0.163,95.067,5.673
05/27/2008,23:49:00,1026.682,176.875,76.645,50.836,0.0,0.253,0.136,68.335,7.577
05/27/2008,23:50:00,1026.682,177.25,76.182,50.836,0.0,0.253,0.136,90.096,7.425
05/27/2008,23:51:00,1026.682,177.875,75.823,50.849,0.0,0.253,0.163,81.468,8.892
05/27/2008,23:52:00,1026.721,178.625,75.871,50.836,0.0,0.316,0.163,103.826,10.084
05/27/2008,23:53:00,1026.721,179.375,76.14,50.836,0.0,0.253,0.136,88.96,7.176
05/27/2008,23:54:00,1026.721,180.125,76.108,50.784,0.0,0.316,0.163,79.748,5.174
05/27/2008,23:55:00,1026.759,180.875,76.127,50.823,0.0,0.253,0.136,85.432,6.458
05/27/2008,23:56:00,1026.759,181.375,75.975,50.81,0.0,0.316,0.163,92.501,9.835
05/27/2008,23:57:00,1026.759,181.625,76.519,50.771,0.0,0.316,0.136,93.93,3.853
05/27/2008,23:58:00,1026.759,181.75,76.645,50.726,0.0,0.253,0.163,86.963,9.725
05/27/2008,23:59:00,1026.797,182.125,77.102,50.674,0.0,0.316,0.136,77.518,3.257
