HWC-VLV,CHWC-VLV,EA-DMPR,RA-DMPR,OA-DMPR,SF-WAT,RF-WAT,SA-CFM,RA-CFM,OA-CFM,SA-TEMP,MA-TEMP,RA-TEMP,HWC-DAT,CHWC-DAT,SA-SP,SF-DP,RF-DP,SF-SPD,RF-SPD,OA-TEMP
0.0,0.0,0.0,100.0,0.0,11.493,0.0,218.053,191.08,26.4,77.052,75.186,75.189,75.165,76.969,0.055,0.143,-0.01,100.0,0.0,75.172
0.0,0.0,0.0,100.0,0.0,153.113,0.0,847.785,607.811,239.117,77.078,75.169,75.172,75.169,76.675,0.25,0.689,-0.046,100.0,0.0,75.165
0.0,0.0,0.0,100.0,0.0,680.342,0.0,1752.916,1179.327,572.206,76.992,75.182,75.174,75.174,76.046,0.573,1.623,-0.173,100.0,0.0,75.198
0.0,0.0,0.0,100.0,0.0,1738.9,0.0,2482.04,1673.813,806.291,77.345,75.179,75.192,75.179,75.541,0.999,2.91,-0.348,100.0,0.0,75.152
0.0,0.0,0.0,100.0,0.0,3482.31,0.0,3143.043,2106.896,1033.618,78.273,75.201,75.228,75.192,75.305,1.74,4.596,-0.551,100.0,0.0,75.152
0.0,0.0,0.0,100.0,0.0,3756.69,0.0,3223.211,2159.01,1061.609,78.836,75.241,75.287,75.227,75.242,1.849,4.835,-0.578,100.0,0.0,75.152
0.0,0.0,0.0,100.0,0.0,3756.48,0.0,3223.018,2158.869,1061.544,78.921,75.256,75.35,75.25,75.242,1.849,4.836,-0.578,100.0,0.0,75.062
0.0,0.0,0.0,100.0,0.0,3756.34,0.0,3222.877,2158.781,1061.498,78.949,75.295,75.413,75.28,75.259,1.85,4.836,-0.578,100.0,0.0,75.062
0.0,0.0,0.0,100.0,0.0,3756.25,0.0,3222.789,2158.71,1061.468,78.98,75.326,75.475,75.314,75.288,1.85,4.836,-0.578,100.0,0.0,75.023
0.0,0.0,0.0,100.0,0.0,3756.19,0.0,3222.736,2158.675,1061.449,79.011,75.359,75.534,75.345,75.318,1.85,4.836,-0.578,100.0,0.0,74.997
0.0,0.0,0.0,100.0,0.0,3756.15,0.0,3222.701,2158.658,1061.437,79.048,75.409,75.593,75.39,75.355,1.85,4.836,-0.578,100.0,0.0,75.036
0.0,0.0,0.0,100.0,0.0,3756.13,0.0,3222.666,2158.64,1061.428,79.085,75.428,75.651,75.42,75.393,1.85,4.836,-0.578,100.0,0.0,74.971
0.0,0.0,0.0,100.0,0.0,3756.11,0.0,3222.648,2158.622,1061.423,79.115,75.462,75.708,75.449,75.422,1.85,4.836,-0.578,100.0,0.0,74.971
0.0,0.0,0.0,100.0,0.0,3756.1,0.0,3222.648,2158.622,1061.419,79.151,75.511,75.763,75.493,75.458,1.85,4.836,-0.578,100.0,0.0,74.997
0.0,0.0,0.0,100.0,0.0,3756.09,0.0,3222.63,2158.605,1061.417,79.192,75.548,75.818,75.534,75.499,1.85,4.836,-0.578,100.0,0.0,75.01
0.0,0.0,0.0,100.0,0.0,3756.09,0.0,3222.63,2158.605,1061.416,79.235,75.601,75.872,75.582,75.542,1.85,4.836,-0.578,100.0,0.0,75.062
0.0,0.0,0.0,100.0,0.0,3756.09,0.0,3222.63,2158.605,1061.416,79.276,75.623,75.925,75.614,75.584,1.85,4.836,-0.578,100.0,0.0,74.997
0.0,0.0,0.0,100.0,0.0,3756.08,0.0,3222.63,2158.605,1061.414,79.306,75.645,75.977,75.636,75.614,1.85,4.836,-0.578,100.0,0.0,74.971
0.0,0.0,0.0,100.0,0.0,3756.08,0.0,3222.63,2158.605,1061.414,79.333,75.678,76.028,75.665,75.64,1.85,4.836,-0.578,100.0,0.0,74.971
0.0,0.0,0.0,100.0,0.0,3756.08,0.0,3222.63,2158.605,1061.414,79.366,75.723,76.079,75.706,75.674,1.85,4.836,-0.578,100.0,0.0,74.997
0.0,0.0,0.0,100.0,0.0,3756.08,0.0,3222.63,2158.605,1061.414,79.401,75.741,76.128,75.733,75.708,1.85,4.836,-0.578,100.0,0.0,74.945
0.0,0.0,0.0,100.0,0.0,3756.08,0.0,3222.63,2158.605,1061.414,79.431,75.782,76.177,75.767,75.739,1.85,4.836,-0.578,100.0,0.0,74.984
0.0,0.0,0.0,100.0,0.0,3756.08,0.0,3222.63,2158.605,1061.414,79.462,75.8,76.224,75.793,75.77,1.85,4.836,-0.578,100.0,0.0,74.932
0.0,0.0,0.0,100.0,0.0,3756.08,0.0,3222.63,2158.605,1061.414,79.486,75.819,76.271,75.812,75.793,1.85,4.836,-0.578,100.0,0.0,74.893
0.0,0.0,0.0,100.0,0.0,3756.08,0.0,3222.63,2158.605,1061.414,79.505,75.833,76.317,75.827,75.813,1.85,4.836,-0.578,100.0,0.0,74.835
0.0,0.0,0.0,100.0,0.0,3756.08,0.0,3222.63,2158.605,1061.414,79.522,75.85,76.362,75.844,75.829,1.85,4.836,-0.578,100.0,0.0,74.796
0.0,0.0,0.0,100.0,0.0,3756.08,0.0,3222.63,2158.605,1061.414,79.539,75.868,76.406,75.861,75.846,1.85,4.836,-0.578,100.0,0.0,74.77
0.0,0.0,0.0,100.0,0.0,3756.08,0.0,3222.63,2158.605,1061.414,79.557,75.89,76.449,75.882,75.865,1.85,4.836,-0.578,100.0,0.0,74.744
0.0,0.0,0.0,100.0,0.0,3756.08,0.0,3222.63,2158.605,1061.414,79.576,75.902,76.491,75.897,75.883,1.85,4.836,-0.578,100.0,0.0,74.692
0.0,0.0,0.0,100.0,0.0,3756.08,0.0,3222.63,2158.605,1061.414,79.593,75.926,76.532,75.917,75.9,1.85,4.836,-0.578,100.0,0.0,74.692
0.0,0.0,0.0,100.0,0.0,3756.08,0.0,3222.63,2158.605,1061.414,79.62,75.971,76.573,75.955,75.927,1.85,4.836,-0.578,100.0,0.0,74.744
0.0,0.0,0.0,100.0,0.0,3756.08,0.0,3222.63,2158.605,1061.414,79.647,75.973,76.613,75.971,75.955,1.85,4.836,-0.578,100.0,0.0,74.666
0.0,0.0,0.0,100.0,0.0,3756.08,0.0,3222.63,2158.605,1061.414,79.666,76.006,76.652,75.994,75.974,1.85,4.836,-0.578,100.0,0.0,74.692
0.0,0.0,0.0,100.0,0.0,3756.08,0.0,3222.63,2158.605,1061.414,79.69,76.023,76.69,76.016,75.998,1.85,4.836,-0.578,100.0,0.0,74.653
0.0,0.0,0.0,100.0,0.0,3756.08,0.0,3222.63,2158.605,1061.414,79.712,76.048,76.728,76.038,76.019,1.85,4.836,-0.578,100.0,0.0,74.653
0.0,0.0,0.0,100.0,0.0,3756.08,0.0,3222.63,2158.605,1061.414,79.728,76.045,76.765,76.045,76.036,1.85,4.836,-0.578,100.0,0.0,74.569
0.0,0.0,0.0,100.0,0.0,3756.08,0.0,3222.63,2158.605,1061.414,79.743,76.082,76.801,76.069,76.05,1.85,4.836,-0.578,100.0,0.0,74.615
0.0,0.0,0.0,100.0,0.0,3756.08,0.0,3222.63,2158.605,1061.414,79.766,76.098,76.837,76.092,76.074,1.85,4.836,-0.578,100.0,0.0,74.582
0.0,0.0,0.0,100.0,0.0,3756.08,0.0,3222.63,2158.605,1061.414,79.785,76.114,76.872,76.108,76.092,1.85,4.836,-0.578,100.0,0.0,74.569
0.0,0.0,0.0,100.0,0.0,3756.08,0.0,3222.63,2158.605,1061.414,79.804,76.137,76.906,76.128,76.111,1.85,4.836,-0.578,100.0,0.0,74.569
0.0,0.0,0.0,100.0,0.0,3756.08,0.0,3222.63,2158.605,1061.414,79.825,76.16,76.94,76.151,76.132,1.85,4.836,-0.578,100.0,0.0,74.569
0.0,0.0,0.0,100.0,0.0,3756.08,0.0,3222.63,2158.605,1061.414,79.846,76.177,76.974,76.17,76.153,1.85,4.836,-0.578,100.0,0.0,74.556
0.0,0.0,0.0,100.0,0.0,3756.08,0.0,3222.63,2158.605,1061.414,79.865,76.198,77.006,76.189,76.173,1.85,4.836,-0.578,100.0,0.0,74.543
0.0,0.0,0.0,100.0,0.0,3756.08,0.0,3222.63,2158.605,1061.414,79.888,76.231,77.039,76.218,76.196,1.85,4.836,-0.578,100.0,0.0,74.582
0.0,0.0,0.0,100.0,0.0,3756.08,0.0,3222.63,2158.605,1061.414,79.912,76.242,77.071,76.237,76.22,1.85,4.836,-0.578,100.0,0.0,74.543
0.0,0.0,0.0,100.0,0.0,3756.08,0.0,3222.63,2158.605,1061.414,79.932,76.267,77.102,76.258,76.24,1.85,4.836,-0.578,100.0,0.0,74.569
0.0,0.0,0.0,100.0,0.0,3756.08,0.0,3222.63,2158.605,1061.414,79.954,76.289,77.133,76.281,76.262,1.85,4.836,-0.578,100.0,0.0,74.569
0.0,0.0,0.0,100.0,0.0,3756.08,0.0,3222.63,2158.605,1061.414,79.976,76.309,77.163,76.301,76.283,1.85,4.836,-0.578,100.0,0.0,74.569
0.0,0.0,0.0,100.0,0.0,3756.08,0.0,3222.63,2158.605,1061.414,79.998,76.335,77.194,76.325,76.305,1.85,4.836,-0.578,100.0,0.0,74.595
0.0,0.0,0.0,100.0,0.0,3756.08,0.0,3222.63,2158.605,1061.414,80.02,76.351,77.223,76.344,76.327,1.85,4.836,-0.578,100.0,0.0,74.569
0.0,0.0,0.0,100.0,0.0,3756.08,0.0,3222.63,2158.605,1061.414,80.037,76.364,77.253,76.358,76.345,1.85,4.836,-0.578,100.0,0.0,74.543
0.0,0.0,0.0,100.0,0.0,3756.08,0.0,3222.63,2158.605,1061.414,80.054,76.383,77.282,76.376,76.361,1.85,4.836,-0.578,100.0,0.0,74.543
0.0,0.0,0.0,100.0,0.0,3756.08,0.0,3222.63,2158.605,1061.414,80.069,76.391,77.31,76.387,76.376,1.85,4.836,-0.578,100.0,0.0,74.517
0.0,0.0,0.0,100.0,0.0,3756.08,0.0,3222.63,2158.605,1061.414,80.084,76.419,77.338,76.409,76.392,1.85,4.836,-0.578,100.0,0.0,74.556
0.0,0.0,0.0,100.0,0.0,3756.08,0.0,3222.63,2158.605,1061.414,80.103,76.428,77.365,76.424,76.41,1.85,4.836,-0.578,100.0,0.0,74.517
0.0,0.0,0.0,100.0,0.0,3756.08,0.0,3222.63,2158.605,1061.414,80.121,76.461,77.392,76.448,76.429,1.85,4.836,-0.578,100.0,0.0,74.569
0.0,0.0,0.0,100.0,0.0,3756.08,0.0,3222.63,2158.605,1061.414,80.146,76.482,77.419,76.474,76.454,1.85,4.836,-0.578,100.0,0.0,74.569
0.0,0.0,0.0,100.0,0.0,3756.08,0.0,3222.63,2158.605,1061.414,80.165,76.488,77.446,76.485,76.472,1.85,4.836,-0.578,100.0,0.0,74.53
0.0,0.0,0.0,100.0,0.0,3756.08,0.0,3222.63,2158.605,1061.414,80.178,76.504,77.472,76.498,76.486,1.85,4.836,-0.578,100.0,0.0,74.53
0.0,0.0,0.0,100.0,0.0,3756.08,0.0,3222.63,2158.605,1061.414,80.195,76.528,77.498,76.519,76.503,1.85,4.836,-0.578,100.0,0.0,74.543
0.0,0.0,0.0,100.0,0.0,3756.08,0.0,3222.63,2158.605,1061.414,80.211,76.529,77.523,76.528,76.519,1.85,4.836,-0.578,100.0,0.0,74.491
0.0,0.0,0.0,100.0,0.0,3756.08,0.0,3222.63,2158.605,1061.414,80.218,76.528,77.548,76.528,76.525,1.85,4.836,-0.578,100.0,0.0,74.44
0.0,0.0,0.0,100.0,0.0,3756.08,0.0,3222.63,2158.605,1061.414,80.221,76.537,77.572,76.534,76.529,1.85,4.836,-0.578,100.0,0.0,74.427
0.0,0.0,0.0,100.0,0.0,3756.08,0.0,3222.63,2158.605,1061.414,80.225,76.53,77.596,76.532,76.532,1.85,4.836,-0.578,100.0,0.0,74.362
0.0,0.0,0.0,100.0,0.0,3756.08,0.0,3222.63,2158.605,1061.414,80.23,76.56,77.619,76.549,76.538,1.85,4.836,-0.578,100.0,0.0,74.414
0.0,0.0,0.0,100.0,0.0,3756.08,0.0,3222.63,2158.605,1061.414,80.244,76.561,77.642,76.56,76.551,1.85,4.836,-0.578,100.0,0.0,74.362
0.0,0.0,0.0,100.0,0.0,3756.08,0.0,3222.63,2158.605,1061.414,80.253,76.574,77.664,76.569,76.56,1.85,4.836,-0.578,100.0,0.0,74.362
0.0,0.0,0.0,100.0,0.0,3756.08,0.0,3222.63,2158.605,1061.414,80.264,76.589,77.686,76.583,76.572,1.85,4.836,-0.578,100.0,0.0,74.349
0.0,0.0,0.0,100.0,0.0,3756.08,0.0,3222.63,2158.605,1061.414,80.278,76.604,77.708,76.598,76.586,1.85,4.836,-0.578,100.0,0.0,74.362
0.0,0.0,0.0,100.0,0.0,3756.08,0.0,3222.63,2158.605,1061.414,80.29,76.607,77.729,76.605,76.598,1.85,4.836,-0.578,100.0,0.0,74.31
0.0,0.0,0.0,100.0,0.0,3756.08,0.0,3222.63,2158.605,1061.414,80.301,76.63,77.75,76.622,76.609,1.85,4.836,-0.578,100.0,0.0,74.349
0.0,0.0,0.0,100.0,0.0,3756.08,0.0,3222.63,2158.605,1061.414,80.317,76.641,77.771,76.637,76.624,1.85,4.836,-0.578,100.0,0.0,74.336
0.0,0.0,0.0,100.0,0.0,3756.08,0.0,3222.63,2158.605,1061.414,80.33,76.654,77.791,76.649,76.638,1.85,4.836,-0.578,100.0,0.0,74.336
0.0,0.0,0.0,100.0,0.0,3756.08,0.0,3222.63,2158.605,1061.414,80.338,76.641,77.812,76.646,76.645,1.85,4.836,-0.578,100.0,0.0,74.252
0.0,0.0,0.0,100.0,0.0,3756.08,0.0,3222.63,2158.605,1061.414,80.334,76.634,77.831,76.636,76.641,1.85,4.836,-0.578,100.0,0.0,74.2
0.0,0.0,0.0,100.0,0.0,3756.08,0.0,3222.63,2158.605,1061.414,80.333,76.651,77.85,76.645,76.641,1.85,4.836,-0.578,100.0,0.0,74.213
0.0,0.0,0.0,100.0,0.0,3756.08,0.0,3222.63,2158.605,1061.414,80.338,76.648,77.869,76.649,76.646,1.85,4.836,-0.578,100.0,0.0,74.161
0.0,0.0,0.0,100.0,0.0,3756.08,0.0,3222.63,2158.605,1061.414,80.343,76.663,77.887,76.658,76.651,1.85,4.836,-0.578,100.0,0.0,74.174
0.0,0.0,0.0,100.0,0.0,3756.08,0.0,3222.63,2158.605,1061.414,80.355,76.678,77.905,76.673,76.662,1.85,4.836,-0.578,100.0,0.0,74.174
0.0,0.0,0.0,100.0,0.0,3756.08,0.0,3222.63,2158.605,1061.414,80.359,76.657,77.923,76.664,76.667,1.85,4.836,-0.578,100.0,0.0,74.07
0.0,0.0,0.0,100.0,0.0,3756.08,0.0,3222.63,2158.605,1061.414,80.354,76.658,77.94,76.658,76.661,1.85,4.836,-0.578,100.0,0.0,74.057
0.0,0.0,0.0,100.0,0.0,3756.08,0.0,3222.63,2158.605,1061.414,80.354,76.669,77.957,76.665,76.662,1.85,4.836,-0.578,100.0,0.0,74.057
0.0,0.0,0.0,100.0,0.0,3756.08,0.0,3222.63,2158.605,1061.414,80.363,76.686,77.973,76.68,76.67,1.85,4.836,-0.578,100.0,0.0,74.07
0.0,0.0,0.0,100.0,0.0,3756.08,0.0,3222.63,2158.605,1061.414,80.371,76.681,77.989,76.682,76.679,1.85,4.836,-0.578,100.0,0.0,74.018
0.0,0.0,0.0,100.0,0.0,3756.08,0.0,3222.63,2158.605,1061.414,80.379,76.711,78.005,76.7,76.687,1.85,4.836,-0.578,100.0,0.0,74.083
0.0,0.0,0.0,100.0,0.0,3756.08,0.0,3222.63,2158.605,1061.414,80.398,76.73,78.021,76.723,76.706,1.85,4.836,-0.578,100.0,0.0,74.109
0.0,0.0,0.0,100.0,0.0,3756.08,0.0,3222.63,2158.605,1061.414,80.416,76.741,78.037,76.736,76.723,1.85,4.836,-0.578,100.0,0.0,74.109
0.0,0.0,0.0,100.0,0.0,3756.08,0.0,3222.63,2158.605,1061.414,80.43,76.752,78.052,76.748,76.737,1.85,4.836,-0.578,100.0,0.0,74.109
0.0,0.0,0.0,100.0,0.0,3756.08,0.0,3222.63,2158.605,1061.414,80.438,76.751,78.068,76.751,76.746,1.85,4.836,-0.578,100.0,0.0,74.07
0.0,0.0,0.0,100.0,0.0,3756.08,0.0,3222.63,2158.605,1061.414,80.445,76.766,78.083,76.76,76.753,1.85,4.836,-0.578,100.0,0.0,74.083
0.0,0.0,0.0,100.0,0.0,3756.08,0.0,3222.63,2158.605,1061.414,80.453,76.765,78.099,76.765,76.76,1.85,4.836,-0.578,100.0,0.0,74.057
0.0,0.0,0.0,100.0,0.0,3756.08,0.0,3222.63,2158.605,1061.414,80.461,76.789,78.113,76.78,76.769,1.85,4.836,-0.578,100.0,0.0,74.096
0.0,0.0,0.0,100.0,0.0,3756.08,0.0,3222.63,2158.605,1061.414,80.481,76.818,78.128,76.808,76.788,1.85,4.836,-0.578,100.0,0.0,74.148
0.0,0.0,0.0,100.0,0.0,3756.08,0.0,3222.63,2158.605,1061.414,80.502,76.83,78.143,76.825,76.81,1.85,4.836,-0.578,100.0,0.0,74.148
0.0,0.0,0.0,100.0,0.0,3756.08,0.0,3222.63,2158.605,1061.414,80.518,76.841,78.158,76.837,76.825,1.85,4.836,-0.578,100.0,0.0,74.161
0.0,0.0,0.0,100.0,0.0,3756.08,0.0,3222.63,2158.605,1061.414,80.526,76.835,78.173,76.837,76.834,1.85,4.836,-0.578,100.0,0.0,74.109
0.0,0.0,0.0,100.0,0.0,3756.08,0.0,3222.63,2158.605,1061.414,80.525,76.826,78.187,76.828,76.832,1.85,4.836,-0.578,100.0,0.0,74.044
0.0,0.0,0.0,100.0,0.0,3756.08,0.0,3222.63,2158.605,1061.414,80.523,76.838,78.201,76.834,76.831,1.85,4.836,-0.578,100.0,0.0,74.07
0.0,0.0,0.0,100.0,0.0,3756.08,0.0,3222.63,2158.605,1061.414,80.532,76.859,78.215,76.851,76.84,1.85,4.836,-0.578,100.0,0.0,74.109
0.0,0.0,0.0,100.0,0.0,3756.08,0.0,3222.63,2158.605,1061.414,80.551,76.891,78.229,76.879,76.859,1.85,4.836,-0.578,100.0,0.0,74.174
0.0,0.0,0.0,100.0,0.0,3756.08,0.0,3222.63,2158.605,1061.414,80.575,76.908,78.243,76.902,76.883,1.85,4.836,-0.578,100.0,0.0,74.2
0.0,0.0,0.0,100.0,0.0,3756.08,0.0,3222.63,2158.605,1061.414,80.596,76.929,78.257,76.921,76.904,1.85,4.836,-0.578,100.0,0.0,74.226
0.0,0.0,0.0,100.0,0.0,3756.08,0.0,3222.63,2158.605,1061.414,80.616,76.945,78.272,76.939,76.923,1.85,4.836,-0.578,100.0,0.0,74.252
0.0,0.0,0.0,100.0,0.0,3756.08,0.0,3222.63,2158.605,1061.414,80.632,76.956,78.286,76.952,76.94,1.85,4.836,-0.578,100.0,0.0,74.252
0.0,0.0,0.0,100.0,0.0,3756.08,0.0,3222.63,2158.605,1061.414,80.638,76.938,78.3,76.944,76.946,1.85,4.836,-0.578,100.0,0.0,74.161
0.0,0.0,0.0,100.0,0.0,3756.08,0.0,3222.63,2158.605,1061.414,80.636,76.948,78.314,76.944,76.943,1.85,4.836,-0.578,100.0,0.0,74.174
0.0,0.0,0.0,100.0,0.0,3756.08,0.0,3222.63,2158.605,1061.414,80.648,76.99,78.327,76.975,76.955,1.85,4.836,-0.578,100.0,0.0,74.278
0.0,0.0,0.0,100.0,0.0,3756.08,0.0,3222.63,2158.605,1061.414,80.679,77.036,78.341,77.019,76.987,1.85,4.836,-0.578,100.0,0.0,74.388
0.0,0.0,0.0,100.0,0.0,3756.08,0.0,3222.63,2158.605,1061.414,80.719,77.076,78.355,77.06,77.026,1.85,4.836,-0.578,100.0,0.0,74.478
0.0,0.0,0.0,100.0,0.0,3756.08,0.0,3222.63,2158.605,1061.414,80.755,77.098,78.37,77.089,77.062,1.85,4.836,-0.578,100.0,0.0,74.517
0.0,0.0,0.0,100.0,0.0,3756.08,0.0,3222.63,2158.605,1061.414,80.788,77.146,78.385,77.128,77.095,1.85,4.836,-0.578,100.0,0.0,74.64
0.0,0.0,0.0,100.0,0.0,3756.08,0.0,3222.63,2158.605,1061.414,80.834,77.21,78.4,77.186,77.141,1.85,4.836,-0.578,100.0,0.0,74.796
0.0,0.0,0.0,100.0,0.0,3756.08,0.0,3222.63,2158.605,1061.414,80.886,77.253,78.416,77.236,77.194,1.85,4.836,-0.578,100.0,0.0,74.893
0.0,0.0,0.0,100.0,0.0,3756.08,0.0,3222.63,2158.605,1061.414,80.931,77.289,78.433,77.275,77.239,1.85,4.836,-0.578,100.0,0.0,74.971
0.0,0.0,0.0,100.0,0.0,3756.08,0.0,3222.63,2158.605,1061.414,80.971,77.325,78.45,77.311,77.279,1.85,4.836,-0.578,100.0,0.0,75.036
0.0,0.0,0.0,100.0,0.0,3756.08,0.0,3222.63,2158.605,1061.414,81.001,77.329,78.468,77.327,77.309,1.85,4.836,-0.578,100.0,0.0,74.997
0.0,0.0,0.0,100.0,0.0,3756.08,0.0,3222.63,2158.605,1061.414,81.015,77.334,78.486,77.331,77.323,1.85,4.836,-0.578,100.0,0.0,74.984
0.0,0.0,0.0,100.0,0.0,3756.08,0.0,3222.63,2158.605,1061.414,81.021,77.329,78.503,77.33,77.329,1.85,4.836,-0.578,100.0,0.0,74.932
0.0,0.0,0.0,100.0,0.0,3756.08,0.0,3222.63,2158.605,1061.414,81.02,77.326,78.52,77.327,77.328,1.85,4.836,-0.578,100.0,0.0,74.893
0.0,0.0,0.0,100.0,0.0,3756.08,0.0,3222.63,2158.605,1061.414,81.024,77.346,78.536,77.339,77.331,1.85,4.836,-0.578,100.0,0.0,74.932
0.0,0.0,0.0,100.0,0.0,3756.08,0.0,3222.63,2158.605,1061.414,81.042,77.386,78.553,77.372,77.35,1.85,4.836,-0.578,100.0,0.0,75.023
0.0,0.0,0.0,100.0,0.0,3756.08,0.0,3222.63,2158.605,1061.414,81.067,77.395,78.569,77.391,77.374,1.85,4.836,-0.578,100.0,0.0,74.997
0.0,0.0,0.0,100.0,0.0,3756.08,0.0,3222.63,2158.605,1061.414,81.085,77.416,78.586,77.408,77.392,1.85,4.836,-0.578,100.0,0.0,75.036
0.0,0.0,0.0,100.0,0.0,3756.08,0.0,3222.63,2158.605,1061.414,81.104,77.434,78.602,77.427,77.411,1.85,4.836,-0.578,100.0,0.0,75.062
0.0,0.0,0.0,100.0,0.0,3756.08,0.0,3222.63,2158.605,1061.414,81.118,77.435,78.618,77.435,77.426,1.85,4.836,-0.578,100.0,0.0,75.023
0.0,0.0,0.0,100.0,0.0,3756.08,0.0,3222.63,2158.605,1061.414,81.123,77.428,78.634,77.43,77.43,1.85,4.836,-0.578,100.0,0.0,74.971
0.0,0.0,0.0,100.0,0.0,3756.08,0.0,3222.63,2158.605,1061.414,81.123,77.436,78.65,77.433,77.431,1.85,4.836,-0.578,100.0,0.0,74.971
0.0,0.0,0.0,100.0,0.0,3756.08,0.0,3222.63,2158.605,1061.414,81.129,77.447,78.666,77.443,77.436,1.85,4.836,-0.578,100.0,0.0,74.971
0.0,0.0,0.0,100.0,0.0,3756.08,0.0,3222.63,2158.605,1061.414,81.138,77.462,78.681,77.456,77.446,1.85,4.836,-0.578,100.0,0.0,74.984
0.0,0.0,0.0,100.0,0.0,3756.08,0.0,3222.63,2158.605,1061.414,81.156,77.494,78.696,77.483,77.463,1.85,4.836,-0.578,100.0,0.0,75.049
0.0,0.0,0.0,100.0,0.0,3756.08,0.0,3222.63,2158.605,1061.414,81.178,77.508,78.711,77.503,77.486,1.85,4.836,-0.578,100.0,0.0,75.049
0.0,0.0,0.0,100.0,0.0,3756.08,0.0,3222.63,2158.605,1061.414,81.193,77.512,78.726,77.51,77.5,1.85,4.836,-0.578,100.0,0.0,75.036
0.0,0.0,0.0,100.0,0.0,3756.08,0.0,3222.63,2158.605,1061.414,81.204,77.528,78.741,77.523,77.512,1.85,4.836,-0.578,100.0,0.0,75.049
0.0,0.0,0.0,100.0,0.0,3756.08,0.0,3222.63,2158.605,1061.414,81.208,77.5,78.756,77.51,77.515,1.85,4.836,-0.578,100.0,0.0,74.932
0.0,0.0,0.0,100.0,0.0,3756.08,0.0,3222.63,2158.605,1061.414,81.202,77.516,78.77,77.511,77.51,1.85,4.836,-0.578,100.0,0.0,74.971
0.0,0.0,0.0,100.0,0.0,3756.08,0.0,3222.63,2158.605,1061.414,81.204,77.506,78.784,77.51,77.511,1.85,4.836,-0.578,100.0,0.0,74.887
0.0,0.0,0.0,100.0,0.0,3756.08,0.0,3222.63,2158.605,1061.414,81.199,77.501,78.798,77.503,77.507,1.85,4.836,-0.578,100.0,0.0,74.861
0.0,0.0,0.0,100.0,0.0,3756.08,0.0,3222.63,2158.605,1061.414,81.199,77.515,78.811,77.51,77.506,1.85,4.836,-0.578,100.0,0.0,74.874
0.0,0.0,0.0,100.0,0.0,3756.08,0.0,3222.63,2158.605,1061.414,81.203,77.513,78.824,77.514,77.511,1.85,4.836,-0.578,100.0,0.0,74.835
0.0,0.0,0.0,100.0,0.0,3756.08,0.0,3222.63,2158.605,1061.414,81.207,77.521,78.837,77.519,77.514,1.85,4.836,-0.578,100.0,0.0,74.835
0.0,0.0,0.0,100.0,0.0,3756.08,0.0,3222.63,2158.605,1061.414,81.207,77.502,78.849,77.509,77.514,1.85,4.836,-0.578,100.0,0.0,74.757
0.0,0.0,0.0,100.0,0.0,3756.08,0.0,3222.63,2158.605,1061.414,81.201,77.507,78.861,77.506,77.508,1.85,4.836,-0.578,100.0,0.0,74.744
0.0,0.0,0.0,100.0,0.0,3756.08,0.0,3222.63,2158.605,1061.414,81.198,77.5,78.873,77.503,77.506,1.85,4.836,-0.578,100.0,0.0,74.692
0.0,0.0,0.0,100.0,0.0,3756.08,0.0,3222.63,2158.605,1061.414,81.191,77.484,78.884,77.49,77.499,1.85,4.836,-0.578,100.0,0.0,74.628
0.0,0.0,0.0,100.0,0.0,3756.08,0.0,3222.63,2158.605,1061.414,81.18,77.478,78.895,77.48,77.488,1.85,4.836,-0.578,100.0,0.0,74.595
0.0,0.0,0.0,100.0,0.0,3756.08,0.0,3222.63,2158.605,1061.414,81.173,77.473,78.905,77.475,77.48,1.85,4.836,-0.578,100.0,0.0,74.556
0.0,0.0,0.0,100.0,0.0,3756.08,0.0,3222.63,2158.605,1061.414,81.168,77.469,78.915,77.471,77.475,1.85,4.836,-0.578,100.0,0.0,74.517
0.0,0.0,0.0,100.0,0.0,3756.08,0.0,3222.63,2158.605,1061.414,81.157,77.441,78.925,77.451,77.465,1.85,4.836,-0.578,100.0,0.0,74.414
0.0,0.0,0.0,100.0,0.0,3756.08,0.0,3222.63,2158.605,1061.414,81.142,77.437,78.934,77.439,77.449,1.85,4.836,-0.578,100.0,0.0,74.388
0.0,0.0,0.0,100.0,0.0,3756.08,0.0,3222.63,2158.605,1061.414,81.137,77.448,78.943,77.445,77.444,1.85,4.836,-0.578,100.0,0.0,74.401
0.0,0.0,0.0,100.0,0.0,3756.08,0.0,3222.63,2158.605,1061.414,81.141,77.456,78.951,77.453,77.448,1.85,4.836,-0.578,100.0,0.0,74.401
0.0,0.0,0.0,100.0,0.0,3756.08,0.0,3222.63,2158.605,1061.414,81.143,77.445,78.96,77.449,77.451,1.85,4.836,-0.578,100.0,0.0,74.362
0.0,0.0,0.0,100.0,0.0,3756.08,0.0,3222.63,2158.605,1061.414,81.137,77.432,78.968,77.436,77.444,1.85,4.836,-0.578,100.0,0.0,74.303
0.0,0.0,0.0,100.0,0.0,3756.08,0.0,3222.63,2158.605,1061.414,81.132,77.442,78.976,77.439,77.439,1.85,4.836,-0.578,100.0,0.0,74.31
0.0,0.0,0.0,100.0,0.0,3756.08,0.0,3222.63,2158.605,1061.414,81.127,77.415,78.983,77.425,77.435,1.85,4.836,-0.578,100.0,0.0,74.213
0.0,0.0,0.0,100.0,0.0,3756.08,0.0,3222.63,2158.605,1061.414,81.115,77.416,78.991,77.416,77.423,1.85,4.836,-0.578,100.0,0.0,74.213
0.0,0.0,0.0,100.0,0.0,3756.08,0.0,3222.63,2158.605,1061.414,81.108,77.405,78.997,77.409,77.416,1.85,4.836,-0.578,100.0,0.0,74.148
0.0,0.0,0.0,100.0,0.0,3756.08,0.0,3222.63,2158.605,1061.414,81.102,77.408,79.004,77.407,77.41,1.85,4.836,-0.578,100.0,0.0,74.161
0.0,0.0,0.0,100.0,0.0,3756.08,0.0,3222.63,2158.605,1061.414,81.098,77.396,79.011,77.4,77.406,1.85,4.836,-0.578,100.0,0.0,74.109
0.0,0.0,0.0,100.0,0.0,3756.08,0.0,3222.63,2158.605,1061.414,81.09,77.388,79.017,77.391,77.398,1.85,4.836,-0.578,100.0,0.0,74.07
0.0,0.0,0.0,100.0,0.0,3756.08,0.0,3222.63,2158.605,1061.414,81.082,77.38,79.023,77.383,77.39,1.85,4.836,-0.578,100.0,0.0,74.031
0.0,0.0,0.0,100.0,0.0,3756.08,0.0,3222.63,2158.605,1061.414,81.072,77.362,79.028,77.369,77.38,1.85,4.836,-0.578,100.0,0.0,73.96
0.0,0.0,0.0,100.0,0.0,3756.08,0.0,3222.63,2158.605,1061.414,81.056,77.341,79.033,77.349,77.364,1.85,4.836,-0.578,100.0,0.0,73.895
0.0,0.0,0.0,100.0,0.0,3756.08,0.0,3222.63,2158.605,1061.414,81.038,77.325,79.038,77.331,77.346,1.85,4.836,-0.578,100.0,0.0,73.83
0.0,0.0,0.0,100.0,0.0,3756.08,0.0,3222.63,2158.605,1061.414,81.026,77.327,79.043,77.327,77.333,1.85,4.836,-0.578,100.0,0.0,73.83
0.0,0.0,0.0,100.0,0.0,3756.08,0.0,3222.63,2158.605,1061.414,81.017,77.309,79.047,77.315,77.325,1.85,4.836,-0.578,100.0,0.0,73.759
0.0,0.0,0.0,100.0,0.0,3756.08,0.0,3222.63,2158.605,1061.414,81.005,77.298,79.051,77.302,77.312,1.85,4.836,-0.578,100.0,0.0,73.72
0.0,0.0,0.0,100.0,0.0,3756.08,0.0,3222.63,2158.605,1061.414,80.992,77.283,79.054,77.289,77.3,1.85,4.836,-0.578,100.0,0.0,73.675
0.0,0.0,0.0,100.0,0.0,3756.08,0.0,3222.63,2158.605,1061.414,80.979,77.273,79.057,77.277,77.287,1.85,4.836,-0.578,100.0,0.0,73.636
0.0,0.0,0.0,100.0,0.0,3756.08,0.0,3222.63,2158.605,1061.414,80.965,77.251,79.06,77.258,77.273,1.85,4.836,-0.578,100.0,0.0,73.571
0.0,0.0,0.0,100.0,0.0,3756.08,0.0,3222.63,2158.605,1061.414,80.956,77.272,79.063,77.265,77.264,1.85,4.836,-0.578,100.0,0.0,73.636
0.0,0.0,0.0,100.0,0.0,3756.08,0.0,3222.63,2158.605,1061.414,80.961,77.272,79.065,77.272,77.268,1.85,4.836,-0.578,100.0,0.0,73.61
0.0,0.0,0.0,100.0,0.0,3756.08,0.0,3222.63,2158.605,1061.414,80.964,77.273,79.068,77.273,77.271,1.85,4.836,-0.578,100.0,0.0,73.623
0.0,0.0,0.0,100.0,0.0,3756.08,0.0,3222.63,2158.605,1061.414,80.958,77.242,79.071,77.253,77.266,1.85,4.836,-0.578,100.0,0.0,73.506
0.0,0.0,0.0,100.0,0.0,3756.08,0.0,3222.63,2158.605,1061.414,80.943,77.24,79.073,77.241,77.251,1.85,4.836,-0.578,100.0,0.0,73.506
0.0,0.0,0.0,100.0,0.0,3756.08,0.0,3222.63,2158.605,1061.414,80.934,77.231,79.075,77.235,77.242,1.85,4.836,-0.578,100.0,0.0,73.467
0.0,0.0,0.0,100.0,0.0,3756.08,0.0,3222.63,2158.605,1061.414,80.925,77.221,79.077,77.224,77.233,1.85,4.836,-0.578,100.0,0.0,73.441
0.0,0.0,0.0,100.0,0.0,3756.08,0.0,3222.63,2158.605,1061.414,80.916,77.215,79.079,77.217,77.224,1.85,4.836,-0.578,100.0,0.0,73.422
0.0,0.0,0.0,100.0,0.0,3756.08,0.0,3222.63,2158.605,1061.414,80.911,77.216,79.081,77.216,77.219,1.85,4.836,-0.578,100.0,0.0,73.422
0.0,0.0,0.0,100.0,0.0,3756.08,0.0,3222.63,2158.605,1061.414,80.906,77.201,79.082,77.206,77.213,1.85,4.836,-0.578,100.0,0.0,73.37
0.0,0.0,0.0,100.0,0.0,3756.08,0.0,3222.63,2158.605,1061.414,80.898,77.199,79.084,77.2,77.205,1.85,4.836,-0.578,100.0,0.0,73.37
0.0,0.0,0.0,100.0,0.0,3756.08,0.0,3222.63,2158.605,1061.414,80.896,77.211,79.085,77.207,77.204,1.85,4.836,-0.578,100.0,0.0,73.409
0.0,0.0,0.0,100.0,0.0,3756.08,0.0,3222.63,2158.605,1061.414,80.901,77.214,79.086,77.213,77.209,1.85,4.836,-0.578,100.0,0.0,73.396
0.0,0.0,0.0,100.0,0.0,3756.08,0.0,3222.63,2158.605,1061.414,80.903,77.209,79.088,77.21,77.211,1.85,4.836,-0.578,100.0,0.0,73.383
0.0,0.0,0.0,100.0,0.0,3756.08,0.0,3222.63,2158.605,1061.414,80.906,77.226,79.09,77.22,77.214,1.85,4.836,-0.578,100.0,0.0,73.441
0.0,0.0,0.0,100.0,0.0,3756.08,0.0,3222.63,2158.605,1061.414,80.912,77.219,79.091,77.222,77.22,1.85,4.836,-0.578,100.0,0.0,73.396
0.0,0.0,0.0,100.0,0.0,3756.08,0.0,3222.63,2158.605,1061.414,80.908,77.203,79.093,77.208,77.216,1.85,4.836,-0.578,100.0,0.0,73.344
0.0,0.0,0.0,100.0,0.0,3756.08,0.0,3222.63,2158.605,1061.414,80.898,77.191,79.095,77.195,77.205,1.85,4.836,-0.578,100.0,0.0,73.318
0.0,0.0,0.0,100.0,0.0,3756.08,0.0,3222.63,2158.605,1061.414,80.886,77.18,79.096,77.184,77.194,1.85,4.836,-0.578,100.0,0.0,73.267
0.0,0.0,0.0,100.0,0.0,3756.08,0.0,3222.63,2158.605,1061.414,80.878,77.18,79.098,77.18,77.185,1.85,4.836,-0.578,100.0,0.0,73.267
0.0,0.0,0.0,100.0,0.0,3756.08,0.0,3222.63,2158.605,1061.414,80.871,77.169,79.099,77.173,77.179,1.85,4.836,-0.578,100.0,0.0,73.241
0.0,0.0,0.0,100.0,0.0,3756.08,0.0,3222.63,2158.605,1061.414,80.868,77.179,79.1,77.176,77.175,1.85,4.836,-0.578,100.0,0.0,73.267
0.0,0.0,0.0,100.0,0.0,3756.08,0.0,3222.63,2158.605,1061.414,80.87,77.181,79.101,77.18,77.178,1.85,4.836,-0.578,100.0,0.0,73.267
0.0,0.0,0.0,100.0,0.0,3756.08,0.0,3222.63,2158.605,1061.414,80.88,77.214,79.102,77.203,77.187,1.85,4.836,-0.578,100.0,0.0,73.383
0.0,0.0,0.0,100.0,0.0,3756.08,0.0,3222.63,2158.605,1061.414,80.896,77.214,79.104,77.214,77.204,1.85,4.836,-0.578,100.0,0.0,73.357
0.0,0.0,0.0,100.0,0.0,3756.08,0.0,3222.63,2158.605,1061.414,80.906,77.23,79.105,77.224,77.214,1.85,4.836,-0.578,100.0,0.0,73.422
0.0,0.0,0.0,100.0,0.0,3756.08,0.0,3222.63,2158.605,1061.414,80.919,77.24,79.108,77.236,77.226,1.85,4.836,-0.578,100.0,0.0,73.429
0.0,0.0,0.0,100.0,0.0,3756.08,0.0,3222.63,2158.605,1061.414,80.925,77.231,79.11,77.234,77.233,1.85,4.836,-0.578,100.0,0.0,73.409
0.0,0.0,0.0,100.0,0.0,3756.08,0.0,3222.63,2158.605,1061.414,80.925,77.231,79.112,77.231,77.232,1.85,4.836,-0.578,100.0,0.0,73.396
0.0,0.0,0.0,100.0,0.0,3756.08,0.0,3222.63,2158.605,1061.414,80.921,77.218,79.115,77.223,77.229,1.85,4.836,-0.578,100.0,0.0,73.344
0.0,0.0,0.0,100.0,0.0,3756.08,0.0,3222.63,2158.605,1061.414,80.91,77.196,79.117,77.204,77.217,1.85,4.836,-0.578,100.0,0.0,73.267
0.0,0.0,0.0,100.0,0.0,3756.08,0.0,3222.63,2158.605,1061.414,80.891,77.173,79.119,77.182,77.199,1.85,4.836,-0.578,100.0,0.0,73.202
0.0,0.0,0.0,100.0,0.0,3756.08,0.0,3222.63,2158.605,1061.414,80.871,77.155,79.12,77.162,77.179,1.85,4.836,-0.578,100.0,0.0,73.15
0.0,0.0,0.0,100.0,0.0,3756.08,0.0,3222.63,2158.605,1061.414,80.852,77.138,79.121,77.144,77.16,1.85,4.836,-0.578,100.0,0.0,73.092
0.0,0.0,0.0,100.0,0.0,3756.08,0.0,3222.63,2158.605,1061.414,80.838,77.136,79.122,77.137,77.146,1.85,4.836,-0.578,100.0,0.0,73.092
0.0,0.0,0.0,100.0,0.0,3756.08,0.0,3222.63,2158.605,1061.414,80.832,77.137,79.122,77.137,77.14,1.85,4.836,-0.578,100.0,0.0,73.092
0.0,0.0,0.0,100.0,0.0,3756.08,0.0,3222.63,2158.605,1061.414,80.828,77.126,79.123,77.13,77.135,1.85,4.836,-0.578,100.0,0.0,73.066
0.0,0.0,0.0,100.0,0.0,3756.08,0.0,3222.63,2158.605,1061.414,80.825,77.141,79.123,77.136,77.133,1.85,4.836,-0.578,100.0,0.0,73.117
0.0,0.0,0.0,100.0,0.0,3756.08,0.0,3222.63,2158.605,1061.414,80.832,77.149,79.124,77.146,77.139,1.85,4.836,-0.578,100.0,0.0,73.137
0.0,0.0,0.0,100.0,0.0,3756.08,0.0,3222.63,2158.605,1061.414,80.841,77.161,79.125,77.157,77.148,1.85,4.836,-0.578,100.0,0.0,73.163
0.0,0.0,0.0,100.0,0.0,3756.08,0.0,3222.63,2158.605,1061.414,80.847,77.153,79.125,77.156,77.154,1.85,4.836,-0.578,100.0,0.0,73.137
0.0,0.0,0.0,100.0,0.0,3756.08,0.0,3222.63,2158.605,1061.414,80.845,77.147,79.127,77.149,77.152,1.85,4.836,-0.578,100.0,0.0,73.117
0.0,0.0,0.0,100.0,0.0,3756.08,0.0,3222.63,2158.605,1061.414,80.837,77.13,79.127,77.135,77.145,1.85,4.836,-0.578,100.0,0.0,73.066
0.0,0.0,0.0,100.0,0.0,3756.08,0.0,3222.63,2158.605,1061.414,80.832,77.15,79.128,77.143,77.14,1.85,4.836,-0.578,100.0,0.0,73.13
0.0,0.0,0.0,100.0,0.0,3756.08,0.0,3222.63,2158.605,1061.414,80.839,77.154,79.129,77.153,77.147,1.85,4.836,-0.578,100.0,0.0,73.137
0.0,0.0,0.0,100.0,0.0,3756.08,0.0,3222.63,2158.605,1061.414,80.842,77.149,79.13,77.15,77.15,1.85,4.836,-0.578,100.0,0.0,73.117
0.0,0.0,0.0,100.0,0.0,3756.08,0.0,3222.63,2158.605,1061.414,80.843,77.154,79.131,77.152,77.15,1.85,4.836,-0.578,100.0,0.0,73.13
0.0,0.0,0.0,100.0,0.0,3756.08,0.0,3222.63,2158.605,1061.414,80.847,77.161,79.132,77.158,77.154,1.85,4.836,-0.578,100.0,0.0,73.15
0.0,0.0,0.0,100.0,0.0,3756.08,0.0,3222.63,2158.605,1061.414,80.851,77.162,79.134,77.161,77.159,1.85,4.836,-0.578,100.0,0.0,73.15
0.0,0.0,0.0,100.0,0.0,3756.08,0.0,3222.63,2158.605,1061.414,80.856,77.174,79.135,77.17,77.163,1.85,4.836,-0.578,100.0,0.0,73.176
0.0,0.0,0.0,100.0,0.0,3756.08,0.0,3222.63,2158.605,1061.414,80.864,77.182,79.137,77.179,77.172,1.85,4.836,-0.578,100.0,0.0,73.202
0.0,0.0,0.0,100.0,0.0,3756.08,0.0,3222.63,2158.605,1061.414,80.868,77.172,79.139,77.175,77.176,1.85,4.836,-0.578,100.0,0.0,73.163
0.0,0.0,0.0,100.0,0.0,3756.08,0.0,3222.63,2158.605,1061.414,80.87,77.189,79.14,77.183,77.178,1.85,4.836,-0.578,100.0,0.0,73.228
0.0,0.0,0.0,100.0,0.0,3756.08,0.0,3222.63,2158.605,1061.414,80.875,77.182,79.142,77.184,77.183,1.85,4.836,-0.578,100.0,0.0,73.189
0.0,0.0,0.0,100.0,0.0,3756.08,0.0,3222.63,2158.605,1061.414,80.873,77.175,79.144,77.177,77.181,1.85,4.836,-0.578,100.0,0.0,73.163
0.0,0.0,0.0,100.0,0.0,3756.08,0.0,3222.63,2158.605,1061.414,80.873,77.187,79.146,77.183,77.18,1.85,4.836,-0.578,100.0,0.0,73.202
0.0,0.0,0.0,100.0,0.0,3756.08,0.0,3222.63,2158.605,1061.414,80.878,77.19,79.148,77.189,77.185,1.85,4.836,-0.578,100.0,0.0,73.202
0.0,0.0,0.0,100.0,0.0,3756.08,0.0,3222.63,2158.605,1061.414,80.879,77.181,79.15,77.184,77.186,1.85,4.836,-0.578,100.0,0.0,73.163
0.0,0.0,0.0,100.0,0.0,3756.08,0.0,3222.63,2158.605,1061.414,80.873,77.17,79.152,77.174,77.18,1.85,4.836,-0.578,100.0,0.0,73.137
0.0,0.0,0.0,100.0,0.0,3756.08,0.0,3222.63,2158.605,1061.414,80.865,77.165,79.154,77.167,77.173,1.85,4.836,-0.578,100.0,0.0,73.104
0.0,0.0,0.0,100.0,0.0,3756.08,0.0,3222.63,2158.605,1061.414,80.856,77.149,79.155,77.155,77.164,1.85,4.836,-0.578,100.0,0.0,73.066
0.0,0.0,0.0,100.0,0.0,3756.08,0.0,3222.63,2158.605,1061.414,80.846,77.147,79.156,77.147,77.154,1.85,4.836,-0.578,100.0,0.0,73.066
0.0,0.0,0.0,100.0,0.0,3756.08,0.0,3222.63,2158.605,1061.414,80.846,77.164,79.158,77.158,77.153,1.85,4.836,-0.578,100.0,0.0,73.104
0.0,0.0,0.0,100.0,0.0,3756.08,0.0,3222.63,2158.605,1061.414,80.854,77.173,79.159,77.169,77.162,1.85,4.836,-0.578,100.0,0.0,73.13
0.0,0.0,0.0,100.0,0.0,3756.08,0.0,3222.63,2158.605,1061.414,80.864,77.185,79.161,77.18,77.171,1.85,4.836,-0.578,100.0,0.0,73.163
0.0,0.0,0.0,100.0,0.0,3756.08,0.0,3222.63,2158.605,1061.414,80.876,77.199,79.162,77.194,77.183,1.85,4.836,-0.578,100.0,0.0,73.202
0.0,0.0,0.0,100.0,0.0,3756.08,0.0,3222.63,2158.605,1061.414,80.879,77.17,79.164,77.18,77.187,1.85,4.836,-0.578,100.0,0.0,73.092
0.0,0.0,0.0,100.0,0.0,3756.08,0.0,3222.63,2158.605,1061.414,80.865,77.15,79.166,77.158,77.172,1.85,4.836,-0.578,100.0,0.0,73.04
0.0,0.0,0.0,100.0,0.0,3756.08,0.0,3222.63,2158.605,1061.414,80.847,77.129,79.168,77.138,77.154,1.85,4.836,-0.578,100.0,0.0,72.975
0.0,0.0,0.0,100.0,0.0,3756.08,0.0,3222.63,2158.605,1061.414,80.824,77.1,79.169,77.111,77.132,1.85,4.836,-0.578,100.0,0.0,72.884
0.0,0.0,0.0,100.0,0.0,3756.08,0.0,3222.63,2158.605,1061.414,80.803,77.092,79.169,77.095,77.11,1.85,4.836,-0.578,100.0,0.0,72.858
0.0,0.0,0.0,100.0,0.0,3756.08,0.0,3222.63,2158.605,1061.414,80.788,77.081,79.17,77.085,77.096,1.85,4.836,-0.578,100.0,0.0,72.826
0.0,0.0,0.0,100.0,0.0,3756.08,0.0,3222.63,2158.605,1061.414,80.777,77.074,79.17,77.076,77.085,1.85,4.836,-0.578,100.0,0.0,72.8
0.0,0.0,0.0,100.0,0.0,3756.08,0.0,3222.63,2158.605,1061.414,80.773,77.084,79.169,77.081,77.08,1.85,4.836,-0.578,100.0,0.0,72.839
0.0,0.0,0.0,100.0,0.0,3756.08,0.0,3222.63,2158.605,1061.414,80.773,77.075,79.169,77.078,77.08,1.85,4.836,-0.578,100.0,0.0,72.8
0.0,0.0,0.0,100.0,0.0,3756.08,0.0,3222.63,2158.605,1061.414,80.77,77.078,79.169,77.077,77.078,1.85,4.836,-0.578,100.0,0.0,72.826
0.0,0.0,0.0,100.0,0.0,3756.08,0.0,3222.63,2158.605,1061.414,80.772,77.085,79.169,77.083,77.08,1.85,4.836,-0.578,100.0,0.0,72.839
0.0,0.0,0.0,100.0,0.0,3756.08,0.0,3222.63,2158.605,1061.414,80.773,77.075,79.169,77.079,77.081,1.85,4.836,-0.578,100.0,0.0,72.813
0.0,0.0,0.0,100.0,0.0,3756.08,0.0,3222.63,2158.605,1061.414,80.766,77.058,79.169,77.064,77.074,1.85,4.836,-0.578,100.0,0.0,72.761
0.0,0.0,0.0,100.0,0.0,3756.08,0.0,3222.63,2158.605,1061.414,80.754,77.046,79.169,77.051,77.061,1.85,4.836,-0.578,100.0,0.0,72.709
0.0,0.0,0.0,100.0,0.0,3756.08,0.0,3222.63,2158.605,1061.414,80.738,77.017,79.169,77.028,77.045,1.85,4.836,-0.578,100.0,0.0,72.631
0.0,0.0,0.0,100.0,0.0,3756.08,0.0,3222.63,2158.605,1061.414,80.716,76.997,79.168,77.005,77.023,1.85,4.836,-0.578,100.0,0.0,72.58
0.0,0.0,0.0,100.0,0.0,3756.08,0.0,3222.63,2158.605,1061.414,80.698,76.989,79.167,76.993,77.005,1.85,4.836,-0.578,100.0,0.0,72.56
0.0,0.0,0.0,100.0,0.0,3756.08,0.0,3222.63,2158.605,1061.414,80.686,76.983,79.165,76.985,76.994,1.85,4.836,-0.578,100.0,0.0,72.534
0.0,0.0,0.0,100.0,0.0,3756.08,0.0,3222.63,2158.605,1061.414,80.679,76.981,79.164,76.982,76.986,1.85,4.836,-0.578,100.0,0.0,72.534
0.0,0.0,0.0,100.0,0.0,3756.08,0.0,3222.63,2158.605,1061.414,80.674,76.975,79.163,76.977,76.982,1.85,4.836,-0.578,100.0,0.0,72.521
0.0,0.0,0.0,100.0,0.0,3756.08,0.0,3222.63,2158.605,1061.414,80.668,76.967,79.161,76.97,76.976,1.85,4.836,-0.578,100.0,0.0,72.508
0.0,0.0,0.0,100.0,0.0,3756.08,0.0,3222.63,2158.605,1061.414,80.665,76.977,79.159,76.974,76.973,1.85,4.836,-0.578,100.0,0.0,72.534
0.0,0.0,0.0,100.0,0.0,3756.08,0.0,3222.63,2158.605,1061.414,80.665,76.962,79.158,76.968,76.972,1.85,4.836,-0.578,100.0,0.0,72.482
0.0,0.0,0.0,100.0,0.0,3756.08,0.0,3222.63,2158.605,1061.414,80.651,76.932,79.157,76.943,76.959,1.85,4.836,-0.578,100.0,0.0,72.392
0.0,0.0,0.0,100.0,0.0,3756.08,0.0,3222.63,2158.605,1061.414,80.634,76.928,79.155,76.93,76.942,1.85,4.836,-0.578,100.0,0.0,72.392
0.0,0.0,0.0,100.0,0.0,3756.08,0.0,3222.63,2158.605,1061.414,80.62,76.905,79.153,76.913,76.927,1.85,4.836,-0.578,100.0,0.0,72.327
0.0,0.0,0.0,100.0,0.0,3756.08,0.0,3222.63,2158.605,1061.414,80.605,76.9,79.15,76.902,76.912,1.85,4.836,-0.578,100.0,0.0,72.327
0.0,0.0,0.0,100.0,0.0,3756.08,0.0,3222.63,2158.605,1061.414,80.597,76.9,79.148,76.901,76.905,1.85,4.836,-0.578,100.0,0.0,72.327
0.0,0.0,0.0,100.0,0.0,3756.08,0.0,3222.63,2158.605,1061.414,80.589,76.877,79.146,76.885,76.896,1.85,4.836,-0.578,100.0,0.0,72.255
0.0,0.0,0.0,100.0,0.0,3756.08,0.0,3222.63,2158.605,1061.414,80.576,76.872,79.143,76.874,76.883,1.85,4.836,-0.578,100.0,0.0,72.255
0.0,0.0,0.0,100.0,0.0,3756.08,0.0,3222.63,2158.605,1061.414,80.568,76.871,79.141,76.872,76.876,1.85,4.836,-0.578,100.0,0.0,72.243
0.0,0.0,0.0,100.0,0.0,3756.08,0.0,3222.63,2158.605,1061.414,80.561,76.853,79.138,76.86,76.869,1.85,4.836,-0.578,100.0,0.0,72.197
0.0,0.0,0.0,100.0,0.0,3756.08,0.0,3222.63,2158.605,1061.414,80.548,76.838,79.135,76.844,76.856,1.85,4.836,-0.578,100.0,0.0,72.158
0.0,0.0,0.0,100.0,0.0,3756.08,0.0,3222.63,2158.605,1061.414,80.538,76.841,79.132,76.841,76.846,1.85,4.836,-0.578,100.0,0.0,72.171
0.0,0.0,0.0,100.0,0.0,3756.08,0.0,3222.63,2158.605,1061.414,80.531,76.824,79.13,76.83,76.839,1.85,4.836,-0.578,100.0,0.0,72.119
0.0,0.0,0.0,100.0,0.0,3756.08,0.0,3222.63,2158.605,1061.414,80.521,76.82,79.127,76.821,76.828,1.85,4.836,-0.578,100.0,0.0,72.119
0.0,0.0,0.0,100.0,0.0,3756.08,0.0,3222.63,2158.605,1061.414,80.512,76.807,79.124,76.812,76.82,1.85,4.836,-0.578,100.0,0.0,72.081
0.0,0.0,0.0,100.0,0.0,3756.08,0.0,3222.63,2158.605,1061.414,80.503,76.803,79.12,76.804,76.811,1.85,4.836,-0.578,100.0,0.0,72.081
0.0,0.0,0.0,100.0,0.0,3756.08,0.0,3222.63,2158.605,1061.414,80.501,76.817,79.117,76.812,76.809,1.85,4.836,-0.578,100.0,0.0,72.132
0.0,0.0,0.0,100.0,0.0,3756.08,0.0,3222.63,2158.605,1061.414,80.509,76.829,79.115,76.825,76.817,1.85,4.836,-0.578,100.0,0.0,72.184
0.0,0.0,0.0,100.0,0.0,3756.08,0.0,3222.63,2158.605,1061.414,80.514,76.817,79.112,76.821,76.822,1.85,4.836,-0.578,100.0,0.0,72.145
0.0,0.0,0.0,100.0,0.0,3756.08,0.0,3222.63,2158.605,1061.414,80.51,76.809,79.11,76.812,76.817,1.85,4.836,-0.578,100.0,0.0,72.119
0.0,0.0,0.0,100.0,0.0,3756.08,0.0,3222.63,2158.605,1061.414,80.502,76.796,79.107,76.801,76.809,1.85,4.836,-0.578,100.0,0.0,72.093
0.0,0.0,0.0,100.0,0.0,3756.08,0.0,3222.63,2158.605,1061.414,80.491,76.787,79.105,76.791,76.799,1.85,4.836,-0.578,100.0,0.0,72.068
0.0,0.0,0.0,100.0,0.0,3756.08,0.0,3222.63,2158.605,1061.414,80.484,76.786,79.102,76.787,76.792,1.85,4.836,-0.578,100.0,0.0,72.068
0.0,0.0,0.0,100.0,0.0,3756.08,0.0,3222.63,2158.605,1061.414,80.475,76.762,79.099,76.771,76.783,1.85,4.836,-0.578,100.0,0.0,71.99
0.0,0.0,0.0,100.0,0.0,3756.08,0.0,3222.63,2158.605,1061.414,80.462,76.762,79.096,76.762,76.77,1.85,4.836,-0.578,100.0,0.0,72.016
0.0,0.0,0.0,100.0,0.0,3756.08,0.0,3222.63,2158.605,1061.414,80.46,76.773,79.094,76.77,76.768,1.85,4.836,-0.578,100.0,0.0,72.055
0.0,0.0,0.0,100.0,0.0,3756.08,0.0,3222.63,2158.605,1061.414,80.46,76.762,79.091,76.765,76.768,1.85,4.836,-0.578,100.0,0.0,72.016
0.0,0.0,0.0,100.0,0.0,3756.08,0.0,3222.63,2158.605,1061.414,80.456,76.758,79.088,76.759,76.763,1.85,4.836,-0.578,100.0,0.0,72.016
0.0,0.0,0.0,100.0,0.0,3756.08,0.0,3222.63,2158.605,1061.414,80.454,76.767,79.086,76.764,76.762,1.85,4.836,-0.578,100.0,0.0,72.055
0.0,0.0,0.0,100.0,0.0,3756.08,0.0,3222.63,2158.605,1061.414,80.458,76.767,79.083,76.767,76.765,1.85,4.836,-0.578,100.0,0.0,72.042
0.0,0.0,0.0,100.0,0.0,3756.08,0.0,3222.63,2158.605,1061.414,80.456,76.754,79.081,76.759,76.763,1.85,4.836,-0.578,100.0,0.0,72.016
0.0,0.0,0.0,100.0,0.0,3756.08,0.0,3222.63,2158.605,1061.414,80.451,76.757,79.079,76.757,76.759,1.85,4.836,-0.578,100.0,0.0,72.029
0.0,0.0,0.0,100.0,0.0,3756.08,0.0,3222.63,2158.605,1061.414,80.448,76.746,79.076,76.75,76.755,1.85,4.836,-0.578,100.0,0.0,71.99
0.0,0.0,0.0,100.0,0.0,3756.08,0.0,3222.63,2158.605,1061.414,80.44,76.737,79.074,76.741,76.748,1.85,4.836,-0.578,100.0,0.0,71.97
0.0,0.0,0.0,100.0,0.0,3756.08,0.0,3222.63,2158.605,1061.414,80.433,76.735,79.072,76.736,76.741,1.85,4.836,-0.578,100.0,0.0,71.97
0.0,0.0,0.0,100.0,0.0,3756.08,0.0,3222.63,2158.605,1061.414,80.429,76.734,79.069,76.735,76.737,1.85,4.836,-0.578,100.0,0.0,71.97
0.0,0.0,0.0,100.0,0.0,3756.08,0.0,3222.63,2158.605,1061.414,80.426,76.727,79.067,76.73,76.734,1.85,4.836,-0.578,100.0,0.0,71.957
0.0,0.0,0.0,100.0,0.0,3756.08,0.0,3222.63,2158.605,1061.414,80.419,76.714,79.065,76.719,76.727,1.85,4.836,-0.578,100.0,0.0,71.931
0.0,0.0,0.0,100.0,0.0,3756.08,0.0,3222.63,2158.605,1061.414,80.41,76.706,79.062,76.709,76.717,1.85,4.836,-0.578,100.0,0.0,71.906
0.0,0.0,0.0,100.0,0.0,3756.08,0.0,3222.63,2158.605,1061.414,80.401,76.698,79.06,76.701,76.708,1.85,4.836,-0.578,100.0,0.0,71.88
0.0,0.0,0.0,100.0,0.0,3756.08,0.0,3222.63,2158.605,1061.414,80.397,76.711,79.057,76.707,76.705,1.85,4.836,-0.578,100.0,0.0,71.944
0.0,0.0,0.0,100.0,0.0,3756.08,0.0,3222.63,2158.605,1061.414,80.403,76.718,79.055,76.716,76.71,1.85,4.836,-0.578,100.0,0.0,71.957
0.0,0.0,0.0,100.0,0.0,3756.08,0.0,3222.63,2158.605,1061.414,80.405,76.706,79.053,76.71,76.713,1.85,4.836,-0.578,100.0,0.0,71.931
0.0,0.0,0.0,100.0,0.0,3756.08,0.0,3222.63,2158.605,1061.414,80.401,76.704,79.051,76.705,76.708,1.85,4.836,-0.578,100.0,0.0,71.918
0.0,0.0,0.0,100.0,0.0,3756.08,0.0,3222.63,2158.605,1061.414,80.396,76.692,79.049,76.697,76.703,1.85,4.836,-0.578,100.0,0.0,71.893
0.0,0.0,0.0,100.0,0.0,3756.08,0.0,3222.63,2158.605,1061.414,80.385,76.674,79.047,76.681,76.692,1.85,4.836,-0.578,100.0,0.0,71.828
0.0,0.0,0.0,100.0,0.0,3756.08,0.0,3222.63,2158.605,1061.414,80.366,76.643,79.044,76.655,76.674,1.85,4.836,-0.578,100.0,0.0,71.737
0.0,0.0,0.0,100.0,0.0,3756.08,0.0,3222.63,2158.605,1061.414,80.344,76.627,79.042,76.634,76.651,1.85,4.836,-0.578,100.0,0.0,71.711
0.0,0.0,0.0,100.0,0.0,3756.08,0.0,3222.63,2158.605,1061.414,80.326,76.613,79.038,76.619,76.633,1.85,4.836,-0.578,100.0,0.0,71.679
0.0,0.0,0.0,100.0,0.0,3756.08,0.0,3222.63,2158.605,1061.414,80.312,76.61,79.035,76.612,76.62,1.85,4.836,-0.578,100.0,0.0,71.666
0.0,0.0,0.0,100.0,0.0,3756.08,0.0,3222.63,2158.605,1061.414,80.304,76.603,79.032,76.606,76.612,1.85,4.836,-0.578,100.0,0.0,71.653
0.0,0.0,0.0,100.0,0.0,3756.08,0.0,3222.63,2158.605,1061.414,80.297,76.594,79.028,76.598,76.604,1.85,4.836,-0.578,100.0,0.0,71.627
0.0,0.0,0.0,100.0,0.0,3756.08,0.0,3222.63,2158.605,1061.414,80.289,76.586,79.025,76.59,76.596,1.85,4.836,-0.578,100.0,0.0,71.614
0.0,0.0,0.0,100.0,0.0,3756.08,0.0,3222.63,2158.605,1061.414,80.28,76.573,79.021,76.578,76.587,1.85,4.836,-0.578,100.0,0.0,71.588
0.0,0.0,0.0,100.0,0.0,3756.08,0.0,3222.63,2158.605,1061.414,80.265,76.547,79.018,76.557,76.573,1.85,4.836,-0.578,100.0,0.0,71.51
0.0,0.0,0.0,100.0,0.0,3756.08,0.0,3222.63,2158.605,1061.414,80.248,76.542,79.014,76.545,76.556,1.85,4.836,-0.578,100.0,0.0,71.51
0.0,0.0,0.0,100.0,0.0,3756.08,0.0,3222.63,2158.605,1061.414,80.238,76.535,79.01,76.538,76.546,1.85,4.836,-0.578,100.0,0.0,71.497
0.0,0.0,0.0,100.0,0.0,3756.08,0.0,3222.63,2158.605,1061.414,80.229,76.526,79.006,76.529,76.537,1.85,4.836,-0.578,100.0,0.0,71.471
0.0,0.0,0.0,100.0,0.0,3756.08,0.0,3222.63,2158.605,1061.414,80.221,76.517,79.002,76.521,76.528,1.85,4.836,-0.578,100.0,0.0,71.458
0.0,0.0,0.0,100.0,0.0,3756.08,0.0,3222.63,2158.605,1061.414,80.212,76.509,78.998,76.512,76.52,1.85,4.836,-0.578,100.0,0.0,71.432
0.0,0.0,0.0,100.0,0.0,3756.08,0.0,3222.63,2158.605,1061.414,80.203,76.5,78.994,76.503,76.511,1.85,4.836,-0.578,100.0,0.0,71.419
0.0,0.0,0.0,100.0,0.0,3756.08,0.0,3222.63,2158.605,1061.414,80.198,76.507,78.99,76.505,76.506,1.85,4.836,-0.578,100.0,0.0,71.458
0.0,0.0,0.0,100.0,0.0,3756.08,0.0,3222.63,2158.605,1061.414,80.197,76.501,78.986,76.503,76.505,1.85,4.836,-0.578,100.0,0.0,71.445
0.0,0.0,0.0,100.0,0.0,3756.08,0.0,3222.63,2158.605,1061.414,80.194,76.497,78.982,76.498,76.501,1.85,4.836,-0.578,100.0,0.0,71.432
0.0,0.0,0.0,100.0,0.0,3756.08,0.0,3222.63,2158.605,1061.414,80.192,76.5,78.978,76.499,76.499,1.85,4.836,-0.578,100.0,0.0,71.458
0.0,0.0,0.0,100.0,0.0,3756.08,0.0,3222.63,2158.605,1061.414,80.192,76.502,78.975,76.501,76.5,1.85,4.836,-0.578,100.0,0.0,71.471
0.0,0.0,0.0,100.0,0.0,3756.08,0.0,3222.63,2158.605,1061.414,80.201,76.534,78.971,76.523,76.509,1.85,4.836,-0.578,100.0,0.0,71.575
0.0,0.0,0.0,100.0,0.0,3756.08,0.0,3222.63,2158.605,1061.414,80.216,76.531,78.968,76.532,76.524,1.85,4.836,-0.578,100.0,0.0,71.562
0.0,0.0,0.0,100.0,0.0,3756.08,0.0,3222.63,2158.605,1061.414,80.218,76.517,78.965,76.522,76.525,1.85,4.836,-0.578,100.0,0.0,71.523
0.0,0.0,0.0,100.0,0.0,3756.08,0.0,3222.63,2158.605,1061.414,80.212,76.514,78.963,76.515,76.52,1.85,4.836,-0.578,100.0,0.0,71.536
0.0,0.0,0.0,100.0,0.0,3756.08,0.0,3222.63,2158.605,1061.414,80.209,76.518,78.96,76.516,76.517,1.85,4.836,-0.578,100.0,0.0,71.549
0.0,0.0,0.0,100.0,0.0,3756.08,0.0,3222.63,2158.605,1061.414,80.21,76.517,78.958,76.518,76.517,1.85,4.836,-0.578,100.0,0.0,71.549
0.0,0.0,0.0,100.0,0.0,3756.08,0.0,3222.63,2158.605,1061.414,80.205,76.499,78.955,76.505,76.513,1.85,4.836,-0.578,100.0,0.0,71.484
0.0,0.0,0.0,100.0,0.0,3756.08,0.0,3222.63,2158.605,1061.414,80.199,76.511,78.953,76.507,76.507,1.85,4.836,-0.578,100.0,0.0,71.549
0.0,0.0,0.0,100.0,0.0,3756.08,0.0,3222.63,2158.605,1061.414,80.202,76.511,78.95,76.511,76.509,1.85,4.836,-0.578,100.0,0.0,71.549
0.0,0.0,0.0,100.0,0.0,3756.08,0.0,3222.63,2158.605,1061.414,80.205,76.521,78.948,76.518,76.513,1.85,4.836,-0.578,100.0,0.0,71.575
0.0,0.0,0.0,100.0,0.0,3756.08,0.0,3222.63,2158.605,1061.414,80.208,76.51,78.946,76.514,76.515,1.85,4.836,-0.578,100.0,0.0,71.549
0.0,0.0,0.0,100.0,0.0,3756.08,0.0,3222.63,2158.605,1061.414,80.204,76.507,78.944,76.508,76.512,1.85,4.836,-0.578,100.0,0.0,71.549
0.0,0.0,0.0,100.0,0.0,3756.08,0.0,3222.63,2158.605,1061.414,80.201,76.506,78.942,76.507,76.509,1.85,4.836,-0.578,100.0,0.0,71.549
0.0,0.0,0.0,100.0,0.0,3756.08,0.0,3222.63,2158.605,1061.414,80.197,76.495,78.94,76.499,76.505,1.85,4.836,-0.578,100.0,0.0,71.51
0.0,0.0,0.0,100.0,0.0,3756.08,0.0,3222.63,2158.605,1061.414,80.188,76.481,78.938,76.486,76.495,1.85,4.836,-0.578,100.0,0.0,71.471
0.0,0.0,0.0,100.0,0.0,3756.08,0.0,3222.63,2158.605,1061.414,80.175,76.467,78.936,76.472,76.483,1.85,4.836,-0.578,100.0,0.0,71.445
0.0,0.0,0.0,100.0,0.0,3756.08,0.0,3222.63,2158.605,1061.414,80.169,76.481,78.933,76.477,76.477,1.85,4.836,-0.578,100.0,0.0,71.484
0.0,0.0,0.0,100.0,0.0,3756.08,0.0,3222.63,2158.605,1061.414,80.165,76.455,78.931,76.464,76.473,1.85,4.836,-0.578,100.0,0.0,71.394
0.0,0.0,0.0,100.0,0.0,3756.08,0.0,3222.63,2158.605,1061.414,80.154,76.454,78.929,76.454,76.461,1.85,4.836,-0.578,100.0,0.0,71.419
0.0,0.0,0.0,100.0,0.0,3756.08,0.0,3222.63,2158.605,1061.414,80.154,76.475,78.926,76.468,76.461,1.85,4.836,-0.578,100.0,0.0,71.484
0.0,0.0,0.0,100.0,0.0,3756.08,0.0,3222.63,2158.605,1061.414,80.163,76.477,78.924,76.476,76.47,1.85,4.836,-0.578,100.0,0.0,71.484
0.0,0.0,0.0,100.0,0.0,3756.08,0.0,3222.63,2158.605,1061.414,80.164,76.465,78.922,76.469,76.472,1.85,4.836,-0.578,100.0,0.0,71.458
0.0,0.0,0.0,100.0,0.0,3756.08,0.0,3222.63,2158.605,1061.414,80.154,76.44,78.92,76.449,76.462,1.85,4.836,-0.578,100.0,0.0,71.387
0.0,0.0,0.0,100.0,0.0,3756.08,0.0,3222.63,2158.605,1061.414,80.141,76.441,78.918,76.441,76.449,1.85,4.836,-0.578,100.0,0.0,71.394
0.0,0.0,0.0,100.0,0.0,3756.08,0.0,3222.63,2158.605,1061.414,80.136,76.441,78.915,76.441,76.444,1.85,4.836,-0.578,100.0,0.0,71.406
0.0,0.0,0.0,100.0,0.0,3756.08,0.0,3222.63,2158.605,1061.414,80.133,76.434,78.913,76.437,76.441,1.85,4.836,-0.578,100.0,0.0,71.387
0.0,0.0,0.0,100.0,0.0,3756.08,0.0,3222.63,2158.605,1061.414,80.127,76.427,78.911,76.43,76.435,1.85,4.836,-0.578,100.0,0.0,71.361
0.0,0.0,0.0,100.0,0.0,3756.08,0.0,3222.63,2158.605,1061.414,80.119,76.414,78.908,76.418,76.427,1.85,4.836,-0.578,100.0,0.0,71.335
0.0,0.0,0.0,100.0,0.0,3756.08,0.0,3222.63,2158.605,1061.414,80.111,76.411,78.906,76.412,76.418,1.85,4.836,-0.578,100.0,0.0,71.335
0.0,0.0,0.0,100.0,0.0,3756.08,0.0,3222.63,2158.605,1061.414,80.102,76.393,78.903,76.4,76.41,1.85,4.836,-0.578,100.0,0.0,71.283
0.0,0.0,0.0,100.0,0.0,3756.08,0.0,3222.63,2158.605,1061.414,80.09,76.384,78.901,76.388,76.398,1.85,4.836,-0.578,100.0,0.0,71.257
0.0,0.0,0.0,100.0,0.0,3756.08,0.0,3222.63,2158.605,1061.414,80.079,76.371,78.898,76.376,76.386,1.85,4.836,-0.578,100.0,0.0,71.219
0.0,0.0,0.0,100.0,0.0,3756.08,0.0,3222.63,2158.605,1061.414,80.068,76.367,78.895,76.369,76.376,1.85,4.836,-0.578,100.0,0.0,71.219
0.0,0.0,0.0,100.0,0.0,3756.08,0.0,3222.63,2158.605,1061.414,80.064,76.371,78.892,76.37,76.371,1.85,4.836,-0.578,100.0,0.0,71.232
0.0,0.0,0.0,100.0,0.0,3756.08,0.0,3222.63,2158.605,1061.414,80.064,76.376,78.889,76.374,76.372,1.85,4.836,-0.578,100.0,0.0,71.257
0.0,0.0,0.0,100.0,0.0,3756.08,0.0,3222.63,2158.605,1061.414,80.063,76.358,78.886,76.364,76.37,1.85,4.836,-0.578,100.0,0.0,71.206
0.0,0.0,40.0,60.0,40.0,3703.47,0.0,3171.133,1671.078,1061.966,80.065,76.26,78.813,76.339,76.372,1.908,4.86,-0.284,100.0,1022.22,71.193
0.0,0.0,40.0,60.0,40.0,3732.38,0.0,3199.416,1807.696,1054.808,80.028,76.302,78.834,76.302,76.332,1.895,4.847,-0.155,100.0,1022.22,71.154
0.0,0.0,40.0,60.0,40.0,3764.57,30.412,3230.955,2048.482,1045.519,80.021,76.372,78.863,76.347,76.328,1.883,4.832,0.043,100.0,1022.22,71.128
0.0,0.0,40.0,60.0,40.0,3808.37,419.406,3274.093,2503.019,1040.866,80.095,76.636,78.897,76.531,76.407,1.841,4.81,0.38,100.0,1022.22,71.095
0.0,0.0,40.0,60.0,40.0,3867.15,1159.72,3332.701,2910.442,1005.87,80.358,77.194,78.902,76.991,76.679,1.852,4.778,0.87,100.0,1022.22,71.005
0.0,0.0,40.0,60.0,40.0,3858.33,1162.84,3323.83,2907.538,1002.253,80.716,77.367,78.894,77.294,77.038,1.874,4.783,0.873,100.0,1022.22,70.979
0.0,0.0,40.0,60.0,40.0,3856.48,1163.49,3321.982,2906.922,1001.498,80.926,77.366,78.892,77.358,77.248,1.879,4.784,0.874,100.0,1022.22,70.901
0.0,0.0,40.0,60.0,40.0,3856.21,1163.58,3321.701,2906.834,1001.387,81.008,77.378,78.893,77.373,77.33,1.879,4.784,0.874,100.0,1022.22,70.927
0.0,0.0,40.0,60.0,40.0,3856.18,1163.6,3321.666,2906.834,1001.373,81.035,77.358,78.896,77.365,77.358,1.879,4.784,0.874,100.0,1022.22,70.849
0.0,3.539,40.0,60.0,40.0,3856.17,1163.6,3321.666,2906.834,1001.371,80.874,77.351,78.898,77.353,77.196,1.879,4.784,0.874,100.0,1022.22,70.817
0.0,10.238,40.0,60.0,40.0,3856.17,1163.6,3321.666,2906.834,1001.371,78.927,77.334,78.881,77.341,75.249,1.879,4.784,0.874,100.0,1022.22,70.804
0.0,14.937,40.0,60.0,40.0,3856.17,1163.6,3321.666,2906.834,1001.371,76.659,77.28,78.819,77.3,72.981,1.879,4.784,0.874,100.0,1022.22,70.765
0.0,18.988,40.0,60.0,40.0,3856.17,1163.6,3321.666,2906.834,1001.371,74.932,77.209,78.718,77.236,71.254,1.879,4.784,0.874,100.0,1022.22,70.778
0.0,22.994,40.0,60.0,40.0,3856.17,1163.6,3321.666,2906.834,1001.371,73.203,77.102,78.587,77.142,69.526,1.879,4.784,0.874,100.0,1022.22,70.726
0.0,26.077,40.0,60.0,40.0,3856.17,1163.6,3321.666,2906.834,1001.371,71.206,76.983,78.418,77.028,67.528,1.879,4.784,0.874,100.0,1022.22,70.726
0.0,28.999,40.0,60.0,40.0,3856.17,1163.6,3321.666,2906.834,1001.371,69.966,76.835,78.222,76.89,66.288,1.879,4.784,0.874,100.0,1022.22,70.687
0.0,32.917,40.0,60.0,40.0,3856.17,1163.6,3321.666,2906.834,1001.371,70.375,76.706,78.023,76.755,66.697,1.879,4.784,0.874,100.0,1022.22,70.726
0.0,37.034,40.0,60.0,40.0,3856.17,1163.6,3321.666,2906.834,1001.371,69.875,76.56,77.826,76.615,66.197,1.879,4.784,0.874,100.0,1022.22,70.687
0.0,41.124,40.0,60.0,40.0,3856.17,1163.6,3321.666,2906.834,1001.371,69.645,76.418,77.633,76.472,65.967,1.879,4.784,0.874,100.0,1022.22,70.661
0.0,45.459,40.0,60.0,40.0,3856.17,1163.6,3321.666,2906.834,1001.371,70.082,76.276,77.445,76.33,66.404,1.879,4.784,0.874,100.0,1022.22,70.622
0.0,49.13,40.0,60.0,40.0,3856.17,1163.6,3321.666,2906.834,1001.371,69.609,76.141,77.254,76.192,65.931,1.879,4.784,0.874,100.0,1022.22,70.622
0.0,53.382,40.0,60.0,40.0,3856.17,1163.6,3321.666,2906.834,1001.371,68.905,76.001,77.067,76.054,65.227,1.879,4.784,0.874,100.0,1022.22,70.59
0.0,56.635,40.0,60.0,40.0,3856.17,1163.6,3321.666,2906.834,1001.371,67.994,75.846,76.87,75.904,64.316,1.879,4.784,0.874,100.0,1022.22,70.538
0.0,59.411,40.0,60.0,40.0,3856.17,1163.6,3321.666,2906.834,1001.371,67.073,75.701,76.66,75.756,63.396,1.879,4.784,0.874,100.0,1022.22,70.564
0.0,61.952,40.0,60.0,40.0,3856.17,1163.6,3321.666,2906.834,1001.371,66.231,75.567,76.439,75.619,62.553,1.879,4.784,0.874,100.0,1022.22,70.622
0.0,64.296,40.0,60.0,40.0,3856.17,1163.6,3321.666,2906.834,1001.371,65.4,75.408,76.207,75.468,61.722,1.879,4.784,0.874,100.0,1022.22,70.622
0.0,66.419,40.0,60.0,40.0,3856.17,1163.6,3321.666,2906.834,1001.371,64.647,75.239,75.967,75.302,60.97,1.879,4.784,0.874,100.0,1022.22,70.635
0.0,68.442,40.0,60.0,40.0,3856.17,1163.6,3321.666,2906.834,1001.371,63.99,75.066,75.72,75.131,60.312,1.879,4.784,0.874,100.0,1022.22,70.622
0.0,70.373,40.0,60.0,40.0,3856.17,1163.6,3321.666,2906.834,1001.371,63.545,74.885,75.468,74.953,59.867,1.879,4.784,0.874,100.0,1022.22,70.603
0.0,72.439,40.0,60.0,40.0,3856.17,1163.6,3321.666,2906.834,1001.371,63.187,74.704,75.217,74.772,59.509,1.879,4.784,0.874,100.0,1022.22,70.59
0.0,74.29,40.0,60.0,40.0,3856.17,1163.6,3321.666,2906.834,1001.371,62.558,74.516,74.964,74.587,58.88,1.879,4.784,0.874,100.0,1022.22,70.551
0.0,75.854,40.0,60.0,40.0,3856.17,1163.6,3321.666,2906.834,1001.371,61.993,74.325,74.707,74.397,58.315,1.879,4.784,0.874,100.0,1022.22,70.519
0.0,72.493,40.0,60.0,40.0,3856.17,1163.6,3321.666,2906.834,1001.371,55.686,74.093,74.364,74.18,52.008,1.879,4.784,0.874,100.0,1022.22,70.564
0.0,70.198,40.0,60.0,40.0,3856.17,1163.6,3321.666,2906.834,1001.371,55.033,73.822,73.988,73.923,51.355,1.879,4.784,0.874,100.0,1022.22,70.519
0.0,69.17,40.0,60.0,40.0,3856.17,1163.6,3321.666,2906.834,1001.371,54.358,73.545,73.608,73.65,50.68,1.879,4.784,0.874,100.0,1022.22,70.48
0.0,68.217,40.0,60.0,40.0,3856.17,1163.6,3321.666,2906.834,1001.371,55.673,73.258,73.231,73.367,51.995,1.879,4.784,0.874,100.0,1022.22,70.402
0.0,74.467,40.0,60.0,40.0,3856.17,1163.6,3321.666,2906.834,1001.371,61.218,73.033,72.975,73.119,57.54,1.879,4.784,0.874,100.0,1022.22,70.233
0.0,77.692,40.0,60.0,40.0,3856.17,1163.6,3321.666,2906.834,1001.371,60.332,72.84,72.747,72.915,56.654,1.879,4.784,0.874,100.0,1022.22,70.123
0.0,78.832,40.0,60.0,40.0,3856.17,1163.6,3321.666,2906.834,1001.371,59.916,72.636,72.516,72.713,56.238,1.879,4.784,0.874,100.0,1022.22,69.981
0.0,79.883,40.0,60.0,40.0,3856.17,1163.6,3321.666,2906.834,1001.371,59.744,72.456,72.285,72.525,56.066,1.879,4.784,0.874,100.0,1022.22,69.922
0.0,81.175,40.0,60.0,40.0,3856.17,1163.6,3321.666,2906.834,1001.371,59.833,72.278,72.06,72.345,56.156,1.879,4.784,0.874,100.0,1022.22,69.858
0.0,82.694,40.0,60.0,40.0,3763.83,1193.82,3230.234,2878.075,963.528,59.872,72.163,71.855,72.205,56.188,2.094,4.832,0.905,100.0,1022.22,69.871
0.0,83.994,40.0,60.0,40.0,3220.99,1348.08,2670.818,2707.373,714.975,59.301,72.272,71.702,72.223,55.543,3.116,4.973,1.087,100.0,1022.22,69.832
0.0,84.097,40.0,60.0,40.0,2670.21,1481.8,1893.954,2496.806,269.806,57.322,72.873,71.599,72.564,53.112,3.877,4.735,1.295,100.0,1022.22,69.883
0.0,81.747,40.0,60.0,40.0,2116.76,1537.43,1313.675,2359.685,-129.177,53.574,73.499,71.514,73.104,48.642,4.004,4.386,1.422,100.0,1022.22,69.922
0.0,77.162,40.0,60.0,40.0,1593.87,1557.06,1022.826,2288.563,-325.792,50.199,73.537,71.418,73.377,45.239,4.062,4.242,1.485,100.0,1022.22,69.955
0.0,73.445,40.0,60.0,40.0,1549.38,1558.5,996.887,2282.262,-343.277,50.13,73.458,71.301,73.454,45.201,4.068,4.231,1.49,100.0,1022.22,70.007
0.0,72.114,40.0,60.0,40.0,1549.34,1558.5,996.864,2282.245,-343.293,50.674,73.346,71.184,73.421,45.749,4.068,4.23,1.49,100.0,1022.22,69.955
0.0,71.328,40.0,60.0,40.0,1549.34,1558.5,996.864,2282.245,-343.293,51.097,73.234,71.071,73.339,46.173,4.068,4.23,1.49,100.0,1022.22,69.955
0.0,70.654,40.0,60.0,40.0,1512.51,1559.76,975.253,2276.613,-357.648,51.359,73.129,70.962,73.241,46.44,4.074,4.221,1.495,100.0,1022.22,69.981
0.0,69.607,40.0,60.0,40.0,1431.19,1562.43,927.092,2263.958,-389.546,51.036,73.044,70.864,73.147,46.136,4.089,4.202,1.506,100.0,1022.22,69.994
0.0,68.11,40.0,60.0,40.0,1349.07,1565.0,877.839,2250.846,-422.03,50.704,72.971,70.775,73.065,45.826,4.105,4.183,1.517,100.0,1022.22,70.007
0.0,66.514,40.0,60.0,40.0,1268.17,1567.66,828.726,2236.01,-451.157,50.415,72.909,70.696,72.994,45.558,4.127,4.165,1.53,100.0,1022.22,70.02
0.0,64.858,40.0,60.0,40.0,1217.34,1569.45,797.57,2225.133,-466.856,50.178,72.856,70.626,72.934,45.339,4.146,4.155,1.539,100.0,1022.22,69.994
0.0,63.411,40.0,60.0,40.0,1217.21,1569.45,797.491,2225.098,-466.895,50.491,72.793,70.559,72.875,45.655,4.146,4.155,1.539,100.0,1022.22,70.02
0.0,62.551,40.0,60.0,40.0,1217.21,1569.45,797.491,2225.098,-466.896,50.584,72.728,70.494,72.813,45.749,4.146,4.155,1.539,100.0,1022.22,70.046
0.0,60.68,40.0,60.0,40.0,1217.21,1569.45,797.491,2225.098,-466.895,49.902,72.664,70.429,72.75,45.066,4.146,4.155,1.539,100.0,1022.22,70.033
0.0,58.969,40.0,60.0,40.0,1217.21,1569.45,797.491,2225.098,-466.895,50.182,72.599,70.365,72.686,45.347,4.146,4.155,1.539,100.0,1022.22,70.046
0.0,57.921,40.0,60.0,40.0,1217.21,1569.45,797.491,2225.098,-466.895,50.597,72.537,70.302,72.622,45.761,4.146,4.155,1.539,100.0,1022.22,70.033
0.0,57.048,40.0,60.0,40.0,1217.21,1569.45,797.491,2225.098,-466.895,50.88,72.477,70.242,72.559,46.045,4.146,4.155,1.539,100.0,1022.22,70.046
0.0,56.12,40.0,60.0,40.0,1217.21,1569.45,797.491,2225.098,-466.895,51.061,72.42,70.185,72.499,46.226,4.146,4.155,1.539,100.0,1022.22,70.071
0.0,55.126,40.0,60.0,40.0,1217.21,1569.45,797.491,2225.098,-466.895,51.193,72.365,70.13,72.441,46.358,4.146,4.155,1.539,100.0,1022.22,70.11
0.0,54.148,40.0,60.0,40.0,1217.21,1569.45,797.491,2225.098,-466.895,51.301,72.311,70.077,72.385,46.466,4.146,4.155,1.539,100.0,1022.22,70.11
0.0,53.268,40.0,60.0,40.0,1217.21,1569.45,797.491,2225.098,-466.895,51.516,72.26,70.025,72.331,46.681,4.146,4.155,1.539,100.0,1022.22,70.123
0.0,52.446,40.0,60.0,40.0,1217.21,1569.45,797.491,2225.098,-466.895,51.654,72.21,69.976,72.279,46.818,4.146,4.155,1.539,100.0,1022.22,70.162
0.0,51.596,40.0,60.0,40.0,1217.21,1569.45,797.491,2225.098,-466.895,51.768,72.162,69.928,72.229,46.933,4.146,4.155,1.539,100.0,1022.22,70.201
0.0,50.829,40.0,60.0,40.0,1217.21,1569.45,797.491,2225.098,-466.895,51.95,72.116,69.882,72.18,47.115,4.146,4.155,1.539,100.0,1022.22,70.188
0.0,50.105,40.0,60.0,40.0,1217.21,1569.45,797.491,2225.098,-466.895,52.085,72.072,69.837,72.133,47.25,4.146,4.155,1.539,100.0,1022.22,70.201
0.0,49.431,40.0,60.0,40.0,1217.21,1569.45,797.491,2225.098,-466.895,52.252,72.031,69.796,72.089,47.417,4.146,4.155,1.539,100.0,1022.22,70.201
0.0,48.791,40.0,60.0,40.0,1217.21,1569.45,797.491,2225.098,-466.895,52.38,71.993,69.758,72.047,47.545,4.146,4.155,1.539,100.0,1022.22,70.233
0.0,48.164,40.0,60.0,40.0,1217.21,1569.45,797.491,2225.098,-466.895,52.506,71.959,69.724,72.008,47.671,4.146,4.155,1.539,100.0,1022.22,70.227
0.0,47.6,40.0,60.0,40.0,1217.21,1569.45,797.491,2225.098,-466.895,52.661,71.928,69.694,71.973,47.825,4.146,4.155,1.539,100.0,1022.22,70.259
0.0,40.461,40.0,60.0,40.0,1217.21,1569.45,797.491,2225.098,-466.895,41.099,71.886,69.652,71.939,36.264,4.146,4.155,1.539,100.0,1022.22,70.285
0.0,36.352,40.0,60.0,40.0,1217.21,1569.45,797.491,2225.098,-466.895,54.731,71.831,69.596,71.894,49.895,4.146,4.155,1.539,100.0,1022.22,70.35
0.0,44.714,40.0,60.0,40.0,1217.21,1569.45,797.491,2225.098,-466.895,55.03,71.808,69.573,71.853,50.195,4.146,4.155,1.539,100.0,1022.22,70.324
0.0,44.92,40.0,60.0,40.0,1217.21,1569.45,797.491,2225.098,-466.895,54.518,71.793,69.558,71.824,49.683,4.146,4.155,1.539,100.0,1022.22,70.311
0.0,44.806,40.0,60.0,40.0,1217.21,1569.45,797.491,2225.098,-466.895,54.755,71.78,69.546,71.803,49.92,4.146,4.155,1.539,100.0,1022.22,70.363
0.0,44.849,40.0,60.0,40.0,1217.21,1569.45,797.491,2225.098,-466.895,54.788,71.771,69.536,71.788,49.952,4.146,4.155,1.539,100.0,1022.22,70.35
0.0,44.848,40.0,60.0,40.0,1217.21,1569.45,797.491,2225.098,-466.895,54.901,71.764,69.529,71.777,50.066,4.146,4.155,1.539,100.0,1022.22,70.35
0.0,45.043,40.0,60.0,40.0,1217.21,1569.45,797.491,2225.098,-466.895,55.163,71.759,69.525,71.768,50.327,4.146,4.155,1.539,100.0,1022.22,70.376
0.0,45.34,40.0,60.0,40.0,1217.21,1569.45,797.491,2225.098,-466.895,55.316,71.758,69.524,71.763,50.481,4.146,4.155,1.539,100.0,1022.22,70.454
0.0,45.534,40.0,60.0,40.0,1217.21,1569.45,797.491,2225.098,-466.895,55.336,71.759,69.524,71.761,50.501,4.146,4.155,1.539,100.0,1022.22,70.415
0.0,45.666,40.0,60.0,40.0,1217.21,1569.45,797.491,2225.098,-466.895,55.374,71.761,69.527,71.76,50.538,4.146,4.155,1.539,100.0,1022.22,70.441
0.0,45.826,40.0,60.0,40.0,1217.21,1569.45,797.491,2225.098,-466.895,55.447,71.765,69.53,71.762,50.612,4.146,4.155,1.539,100.0,1022.22,70.506
0.0,46.094,40.0,60.0,40.0,1217.21,1569.45,797.491,2225.098,-466.895,55.57,71.77,69.535,71.765,50.734,4.146,4.155,1.539,100.0,1022.22,70.538
0.0,46.301,40.0,60.0,40.0,1217.21,1569.45,797.491,2225.098,-466.895,55.543,71.776,69.542,71.769,50.707,4.146,4.155,1.539,100.0,1022.22,70.635
0.0,46.48,40.0,60.0,40.0,1217.21,1569.45,797.491,2225.098,-466.895,55.567,71.783,69.549,71.775,50.732,4.146,4.155,1.539,100.0,1022.22,70.603
0.0,46.779,40.0,60.0,40.0,1217.21,1569.45,797.491,2225.098,-466.895,55.481,71.792,69.557,71.782,50.646,4.146,4.155,1.539,100.0,1022.22,70.661
0.0,46.229,40.0,60.0,40.0,1217.21,1569.45,797.491,2225.098,-466.895,54.619,71.799,69.565,71.789,49.784,4.146,4.155,1.539,100.0,1022.22,70.7
0.0,45.657,40.0,60.0,40.0,1217.21,1569.45,797.491,2225.098,-466.895,54.635,71.806,69.571,71.796,49.799,4.146,4.155,1.539,100.0,1022.22,70.778
0.0,45.585,40.0,60.0,40.0,1217.21,1569.45,797.491,2225.098,-466.895,54.746,71.813,69.578,71.803,49.911,4.146,4.155,1.539,100.0,1022.22,70.778
0.0,45.65,40.0,60.0,40.0,1217.21,1569.45,797.491,2225.098,-466.895,54.816,71.821,69.586,71.811,49.981,4.146,4.155,1.539,100.0,1022.22,70.849
0.0,45.524,40.0,60.0,40.0,1217.21,1569.45,797.491,2225.098,-466.895,54.63,71.83,69.595,71.819,49.794,4.146,4.155,1.539,100.0,1022.22,70.875
0.0,45.229,40.0,60.0,40.0,1217.21,1569.45,797.491,2225.098,-466.895,54.508,71.839,69.604,71.827,49.672,4.146,4.155,1.539,100.0,1022.22,70.979
0.0,45.026,40.0,60.0,40.0,1217.21,1569.45,797.491,2225.098,-466.895,54.532,71.848,69.614,71.836,49.697,4.146,4.155,1.539,100.0,1022.22,71.018
0.0,44.917,40.0,60.0,40.0,1217.21,1569.45,797.491,2225.098,-466.895,54.559,71.858,69.624,71.845,49.723,4.146,4.155,1.539,100.0,1022.22,71.018
0.0,44.783,40.0,60.0,40.0,1217.21,1569.45,797.491,2225.098,-466.895,54.536,71.869,69.634,71.855,49.701,4.146,4.155,1.539,100.0,1022.22,71.018
0.0,44.662,40.0,60.0,40.0,1217.21,1569.45,797.491,2225.098,-466.895,54.56,71.879,69.645,71.865,49.725,4.146,4.155,1.539,100.0,1022.22,71.031
0.0,44.506,40.0,60.0,40.0,1217.21,1569.45,797.491,2225.098,-466.895,54.515,71.89,69.655,71.876,49.68,4.146,4.155,1.539,100.0,1022.22,71.069
0.0,44.363,40.0,60.0,40.0,1217.21,1569.45,797.491,2225.098,-466.895,54.551,71.901,69.666,71.886,49.716,4.146,4.155,1.539,100.0,1022.22,71.057
0.0,44.267,40.0,60.0,40.0,1217.21,1569.45,797.491,2225.098,-466.895,54.572,71.912,69.678,71.897,49.736,4.146,4.155,1.539,100.0,1022.22,71.044
0.0,44.143,40.0,60.0,40.0,1217.21,1569.45,797.491,2225.098,-466.895,54.555,71.923,69.689,71.908,49.72,4.146,4.155,1.539,100.0,1022.22,71.069
0.0,44.01,40.0,60.0,40.0,1217.21,1569.45,797.491,2225.098,-466.895,54.554,71.935,69.7,71.92,49.718,4.146,4.155,1.539,100.0,1022.22,71.082
0.0,43.845,40.0,60.0,40.0,1217.21,1569.45,797.491,2225.098,-466.895,54.512,71.946,69.712,71.931,49.676,4.146,4.155,1.539,100.0,1022.22,71.031
0.0,43.689,40.0,60.0,40.0,1217.21,1569.45,797.491,2225.098,-466.895,54.539,71.957,69.723,71.942,49.704,4.146,4.155,1.539,100.0,1022.22,71.044
0.0,43.611,40.0,60.0,40.0,1217.21,1569.45,797.491,2225.098,-466.895,54.594,71.968,69.734,71.953,49.759,4.146,4.155,1.539,100.0,1022.22,71.018
0.0,43.499,40.0,60.0,40.0,1217.21,1569.45,797.491,2225.098,-466.895,54.566,71.979,69.744,71.964,49.73,4.146,4.155,1.539,100.0,1022.22,71.005
0.0,43.383,40.0,60.0,40.0,1217.21,1569.45,797.491,2225.098,-466.895,54.59,71.99,69.755,71.975,49.755,4.146,4.155,1.539,100.0,1022.22,70.953
0.0,31.252,40.0,60.0,40.0,1217.21,1569.45,797.491,2225.098,-466.895,48.312,71.973,69.739,71.98,43.477,4.146,4.155,1.539,100.0,1022.22,70.966
0.0,38.138,40.0,60.0,40.0,1217.21,1569.45,797.491,2225.098,-466.895,57.866,71.971,69.736,71.974,53.031,4.146,4.155,1.539,100.0,1022.22,70.966
0.0,31.783,40.0,60.0,40.0,1217.21,1569.45,797.491,2225.098,-466.895,47.931,71.966,69.732,71.973,43.095,4.146,4.155,1.539,100.0,1022.22,71.031
0.0,36.136,40.0,60.0,40.0,1217.21,1569.45,797.491,2225.098,-466.895,58.223,71.967,69.732,71.968,53.388,4.146,4.155,1.539,100.0,1022.22,71.044
0.0,37.874,40.0,60.0,40.0,1217.21,1569.45,797.491,2225.098,-466.895,41.88,71.978,69.743,71.972,37.045,4.146,4.155,1.539,100.0,1022.22,71.102
0.0,31.04,40.0,60.0,40.0,1217.21,1569.45,797.491,2225.098,-466.895,57.428,71.971,69.737,71.972,52.592,4.146,4.155,1.539,100.0,1022.22,71.115
0.0,39.504,40.0,60.0,40.0,1217.21,1569.45,797.491,2225.098,-466.895,58.288,71.992,69.758,71.976,53.452,4.146,4.155,1.539,100.0,1022.22,71.18
0.0,27.138,40.0,60.0,40.0,1217.21,1569.45,797.491,2225.098,-466.895,52.004,71.99,69.755,71.986,47.169,4.146,4.155,1.539,100.0,1022.22,71.27
0.0,35.328,40.0,60.0,40.0,1217.21,1569.45,797.491,2225.098,-466.895,59.456,72.002,69.767,71.99,54.621,4.146,4.155,1.539,100.0,1022.22,71.387
0.0,39.818,40.0,60.0,40.0,1217.21,1569.45,797.491,2225.098,-466.895,42.598,72.018,69.784,72.002,37.763,4.146,4.155,1.539,100.0,1022.22,71.445
0.0,27.486,40.0,60.0,40.0,1217.21,1569.45,797.491,2225.098,-466.895,56.735,72.089,69.854,72.022,51.9,4.146,4.155,1.539,100.0,1022.22,71.497
0.0,37.164,40.0,60.0,40.0,1217.21,1569.45,797.491,2225.098,-466.895,59.373,72.28,70.046,72.107,54.538,4.146,4.155,1.539,100.0,1022.22,71.523
0.0,39.52,40.0,60.0,40.0,1217.21,1569.45,797.491,2225.098,-466.895,58.122,72.469,70.234,72.251,53.287,4.146,4.155,1.539,100.0,1022.22,71.523
0.0,40.087,40.0,60.0,40.0,1217.21,1569.45,797.491,2225.098,-466.895,58.299,72.649,70.414,72.418,53.464,4.146,4.155,1.539,100.0,1022.22,71.588
0.0,41.043,40.0,60.0,40.0,1217.21,1569.45,797.491,2225.098,-466.895,58.115,72.819,70.584,72.59,53.28,4.146,4.155,1.539,100.0,1022.22,71.601
0.0,41.649,40.0,60.0,40.0,1217.21,1569.45,797.491,2225.098,-466.895,57.879,72.978,70.744,72.758,53.044,4.146,4.155,1.539,100.0,1022.22,71.679
0.0,42.469,40.0,60.0,40.0,1217.21,1569.45,797.491,2225.098,-466.895,58.128,73.127,70.893,72.918,53.293,4.146,4.155,1.539,100.0,1022.22,71.698
0.0,43.751,40.0,60.0,40.0,1217.21,1569.45,797.491,2225.098,-466.895,58.462,73.269,71.034,73.07,53.627,4.146,4.155,1.539,100.0,1022.22,71.724
0.0,45.178,40.0,60.0,40.0,1217.21,1569.45,797.491,2225.098,-466.895,58.304,73.404,71.17,73.215,53.469,4.146,4.155,1.539,100.0,1022.22,71.815
0.0,44.938,40.0,60.0,40.0,1217.21,1569.45,797.491,2225.098,-466.895,56.7,73.531,71.297,73.353,51.865,4.146,4.155,1.539,100.0,1022.22,71.802
0.0,44.374,40.0,60.0,40.0,1217.21,1569.45,797.491,2225.098,-466.895,56.462,73.65,71.416,73.482,51.626,4.146,4.155,1.539,100.0,1022.22,71.828
0.0,44.863,40.0,60.0,40.0,1217.21,1569.45,797.491,2225.098,-466.895,56.701,73.765,71.531,73.605,51.866,4.146,4.155,1.539,100.0,1022.22,71.906
0.0,45.232,40.0,60.0,40.0,1217.21,1569.45,797.491,2225.098,-466.895,56.232,73.878,71.643,73.722,51.397,4.146,4.155,1.539,100.0,1022.22,71.88
0.0,44.947,40.0,60.0,40.0,1217.21,1569.45,797.491,2225.098,-466.895,55.642,73.986,71.752,73.836,50.807,4.146,4.155,1.539,100.0,1022.22,71.944
0.0,44.686,40.0,60.0,40.0,1217.21,1569.45,797.491,2225.098,-466.895,55.507,74.09,71.855,73.946,50.672,4.146,4.155,1.539,100.0,1022.22,71.97
0.0,44.837,40.0,60.0,40.0,1217.21,1569.45,797.491,2225.098,-466.895,55.638,74.191,71.956,74.051,50.803,4.146,4.155,1.539,100.0,1022.22,71.944
0.0,45.088,40.0,60.0,40.0,1217.21,1569.45,797.491,2225.098,-466.895,55.594,74.29,72.055,74.154,50.759,4.146,4.155,1.539,100.0,1022.22,71.957
0.0,45.118,40.0,60.0,40.0,1217.21,1569.45,797.491,2225.098,-466.895,55.387,74.387,72.152,74.254,50.552,4.146,4.155,1.539,100.0,1022.22,71.97
0.0,45.017,40.0,60.0,40.0,1217.21,1569.45,797.491,2225.098,-466.895,55.24,74.481,72.246,74.351,50.404,4.146,4.155,1.539,100.0,1022.22,72.029
0.0,44.975,40.0,60.0,40.0,1217.21,1569.45,797.491,2225.098,-466.895,55.212,74.572,72.337,74.446,50.377,4.146,4.155,1.539,100.0,1022.22,72.055
0.0,45.061,40.0,60.0,40.0,1217.21,1569.45,797.491,2225.098,-466.895,55.261,74.661,72.427,74.539,50.426,4.146,4.155,1.539,100.0,1022.22,71.99
0.0,45.115,40.0,60.0,40.0,1219.75,1569.37,799.052,2225.661,-466.118,55.197,74.749,72.514,74.629,50.362,4.145,4.155,1.539,100.0,1022.22,72.042
0.0,45.347,40.0,60.0,40.0,1383.1,1563.89,898.327,2256.637,-408.707,46.913,74.808,72.598,74.716,42.052,4.098,4.191,1.512,100.0,1022.22,72.171
0.0,33.247,40.0,60.0,40.0,1646.2,1555.16,1053.094,2296.536,-305.705,53.109,74.796,72.629,74.771,48.19,4.054,4.255,1.478,100.0,1022.22,72.119
0.0,45.408,40.0,60.0,40.0,1975.22,1542.95,1237.481,2341.786,-181.203,57.104,74.794,72.683,74.785,52.09,4.016,4.345,1.438,100.0,1022.22,72.081
0.0,38.763,40.0,60.0,40.0,2385.73,1531.77,1492.343,2381.086,26.4,56.885,74.701,72.697,74.764,51.775,4.015,4.483,1.406,100.0,1022.22,72.171
0.0,48.924,40.0,60.0,40.0,2549.59,1502.63,1702.232,2451.962,137.151,63.759,74.53,72.75,74.651,58.875,3.938,4.622,1.337,100.0,1022.22,72.379
0.0,54.49,40.0,60.0,40.0,2698.71,1477.21,1940.576,2505.976,302.989,63.136,74.371,72.824,74.473,58.591,3.857,4.76,1.286,100.0,1022.22,72.508
0.0,56.974,40.0,60.0,40.0,2846.55,1447.77,2175.888,2560.36,462.505,63.134,74.27,72.886,74.334,58.879,3.72,4.87,1.234,100.0,1022.22,72.657
0.0,59.332,40.0,60.0,40.0,3012.46,1404.72,2412.89,2629.317,588.537,63.027,74.145,72.932,74.21,58.992,3.467,4.944,1.166,100.0,1022.22,72.534
0.0,61.584,40.0,60.0,40.0,3204.86,1352.69,2652.179,2701.442,706.205,62.982,74.105,72.962,74.128,59.1,3.144,4.973,1.093,100.0,1022.22,72.813
0.0,63.918,40.0,60.0,40.0,3412.9,1295.53,2880.469,2771.032,811.772,63.039,74.063,72.977,74.083,59.253,2.778,4.952,1.02,100.0,1022.22,72.962
0.0,66.297,40.0,60.0,40.0,3601.07,1242.87,3070.69,2828.672,895.77,63.003,74.001,72.979,74.026,59.271,2.429,4.9,0.959,100.0,1022.22,73.014
0.0,68.576,40.0,60.0,40.0,3711.53,1210.7,3179.018,2861.478,942.16,62.901,73.937,72.973,73.962,59.195,2.206,4.856,0.923,100.0,1022.22,72.988
0.0,70.7,40.0,60.0,40.0,3782.28,1188.97,3248.362,2882.774,971.282,62.618,73.849,72.959,73.882,58.925,2.053,4.823,0.9,100.0,1022.22,72.826
0.0,72.638,40.0,60.0,40.0,3819.91,1176.52,3285.515,2894.69,986.635,62.383,73.777,72.938,73.804,58.697,1.966,4.804,0.887,100.0,1022.22,72.722
0.0,74.542,40.0,60.0,40.0,3840.49,1169.13,3305.984,2901.642,994.972,62.171,73.77,72.912,73.775,58.489,1.918,4.793,0.879,100.0,1022.22,72.813
0.0,76.374,40.0,60.0,40.0,3852.76,1164.7,3318.251,2905.795,999.958,61.873,73.746,72.882,73.756,58.194,1.888,4.786,0.875,100.0,1022.22,72.813
0.0,78.038,40.0,60.0,40.0,3854.85,1164.03,3320.328,2906.429,1000.822,61.573,73.728,72.845,73.735,57.895,1.883,4.785,0.874,100.0,1022.22,72.839
0.0,79.661,40.0,60.0,40.0,3855.26,1163.91,3320.75,2906.534,1000.995,61.345,73.709,72.805,73.716,57.667,1.882,4.785,0.874,100.0,1022.22,72.871
0.0,81.298,40.0,60.0,40.0,3855.46,1163.84,3320.962,2906.605,1001.079,61.281,73.709,72.762,73.709,57.603,1.881,4.785,0.874,100.0,1022.22,72.988
0.0,83.127,40.0,60.0,40.0,3853.58,1164.44,3319.061,2906.042,1000.298,61.346,73.739,72.721,73.729,57.668,1.886,4.786,0.874,100.0,1022.22,73.176
0.0,85.019,40.0,60.0,40.0,3847.95,1166.18,3313.429,2904.405,997.953,61.336,73.747,72.684,73.744,57.657,1.9,4.789,0.876,100.0,1022.22,73.267
0.0,86.83,40.0,60.0,40.0,3832.42,1171.06,3297.941,2899.846,991.517,61.254,73.723,72.648,73.731,57.574,1.937,4.797,0.881,100.0,1022.22,73.254
0.0,88.604,40.0,60.0,40.0,3807.55,1178.86,3273.266,2892.454,981.249,61.258,73.703,72.614,73.71,57.575,1.996,4.81,0.889,100.0,1022.22,73.241
0.0,90.431,40.0,60.0,40.0,3779.66,1187.56,3245.774,2884.13,969.769,61.227,73.66,72.584,73.675,57.539,2.06,4.824,0.899,100.0,1022.22,73.137
0.0,92.203,40.0,60.0,40.0,3742.76,1198.67,3209.571,2873.358,954.524,61.237,73.663,72.557,73.662,57.545,2.141,4.842,0.91,100.0,1022.22,73.176
0.0,94.01,40.0,60.0,40.0,3678.18,1217.25,3146.387,2854.931,927.569,61.094,73.678,72.534,73.673,57.395,2.277,4.87,0.931,100.0,1022.22,73.215
0.0,95.642,40.0,60.0,40.0,3598.37,1239.74,3068.014,2831.946,893.679,61.004,73.686,72.515,73.682,57.294,2.436,4.901,0.955,100.0,1022.22,73.202
0.0,97.298,40.0,60.0,40.0,3530.46,1258.68,3000.501,2811.917,864.091,60.91,73.736,72.5,73.716,57.188,2.565,4.923,0.977,100.0,1022.22,73.344
0.0,98.93,40.0,60.0,40.0,3470.16,1275.37,2939.534,2793.718,837.03,60.842,73.811,72.488,73.781,57.108,2.677,4.939,0.996,100.0,1022.22,73.571
0.0,100.0,40.0,60.0,40.0,3415.77,1290.36,2883.461,2776.928,811.833,60.828,73.897,72.48,73.861,57.08,2.776,4.952,1.014,100.0,1022.22,73.811
0.0,100.0,40.0,60.0,40.0,3367.83,1303.52,2833.019,2761.792,788.908,60.775,73.979,72.476,73.945,57.015,2.862,4.96,1.03,100.0,1022.22,74.057
0.0,100.0,40.0,60.0,40.0,3326.64,1314.81,2788.773,2748.486,768.583,60.631,74.006,72.473,73.993,56.857,2.935,4.966,1.044,100.0,1022.22,74.07
0.0,99.998,40.0,60.0,40.0,3291.58,1324.4,2750.405,2736.923,750.786,60.505,73.968,72.47,73.982,56.719,2.996,4.97,1.056,100.0,1022.22,73.869
0.0,100.0,40.0,60.0,40.0,3261.79,1332.56,2717.211,2726.926,735.265,60.516,73.931,72.468,73.946,56.718,3.048,4.972,1.066,100.0,1022.22,73.714
0.0,100.0,40.0,60.0,40.0,3237.06,1339.33,2689.227,2718.496,722.08,60.488,73.938,72.469,73.937,56.679,3.091,4.972,1.075,100.0,1022.22,73.714
0.0,100.0,40.0,60.0,40.0,3217.34,1344.72,2666.629,2711.667,711.366,60.398,73.927,72.47,73.931,56.58,3.125,4.973,1.082,100.0,1022.22,73.61
0.0,100.0,40.0,60.0,40.0,3202.14,1348.89,2648.994,2706.352,702.969,60.468,73.931,72.472,73.929,56.642,3.152,4.972,1.088,100.0,1022.22,73.61
0.0,100.0,40.0,60.0,40.0,3191.26,1351.87,2636.286,2702.498,696.891,60.416,73.961,72.475,73.948,56.583,3.17,4.972,1.092,100.0,1022.22,73.701
0.0,100.0,40.0,60.0,40.0,3184.3,1353.79,2628.102,2700.016,692.97,60.354,73.985,72.478,73.973,56.517,3.182,4.972,1.094,100.0,1022.22,73.772
0.0,100.0,40.0,60.0,40.0,3180.41,1354.86,2623.509,2698.626,690.772,60.368,74.045,72.48,74.018,56.528,3.189,4.972,1.096,100.0,1022.22,74.018
0.0,100.0,40.0,60.0,40.0,3179.22,1355.2,2622.101,2698.186,690.101,60.353,74.131,72.484,74.094,56.512,3.191,4.972,1.096,100.0,1022.22,74.31
0.0,100.0,40.0,60.0,40.0,3180.66,1354.83,2623.808,2698.661,690.928,60.294,74.151,72.487,74.14,56.453,3.189,4.972,1.096,100.0,1022.22,74.362
0.0,100.0,40.0,60.0,40.0,3184.12,1353.92,2627.891,2699.84,692.903,60.195,74.143,72.488,74.144,56.356,3.183,4.972,1.094,100.0,1022.22,74.31
0.0,100.0,40.0,60.0,40.0,3188.51,1352.76,2633.066,2701.354,695.399,60.106,74.131,72.487,74.136,56.269,3.175,4.972,1.093,100.0,1022.22,74.29
0.0,100.0,40.0,60.0,40.0,3192.73,1351.66,2638.011,2702.779,697.792,60.166,74.118,72.486,74.123,56.331,3.168,4.972,1.091,100.0,1022.22,74.252
0.0,100.0,40.0,60.0,40.0,3196.55,1350.67,2642.482,2704.046,699.95,60.064,74.133,72.484,74.127,56.231,3.161,4.972,1.09,100.0,1022.22,74.323
0.0,100.0,40.0,60.0,40.0,3199.59,1349.9,2646.037,2705.05,701.672,59.991,74.106,72.481,74.117,56.16,3.156,4.972,1.089,100.0,1022.22,74.213
0.0,100.0,40.0,60.0,40.0,3201.27,1349.49,2647.99,2705.578,702.627,59.939,74.072,72.476,74.087,56.109,3.153,4.972,1.089,100.0,1022.22,74.096
0.0,100.0,40.0,60.0,40.0,3201.26,1349.55,2647.973,2705.49,702.643,59.934,74.054,72.472,74.062,56.104,3.153,4.972,1.089,100.0,1022.22,74.07
0.0,100.0,40.0,60.0,40.0,3199.62,1350.05,2646.054,2704.856,701.744,59.874,74.103,72.467,74.084,56.044,3.156,4.972,1.089,100.0,1022.22,74.278
0.0,100.0,40.0,60.0,40.0,3196.47,1350.95,2642.376,2703.694,700.001,59.832,74.133,72.462,74.119,56.0,3.161,4.972,1.09,100.0,1022.22,74.388
0.0,100.0,40.0,60.0,40.0,3191.89,1352.24,2637.026,2702.022,697.451,59.792,74.17,72.458,74.154,55.958,3.169,4.972,1.092,100.0,1022.22,74.53
0.0,100.0,40.0,60.0,40.0,3186.06,1353.86,2630.179,2699.928,694.183,59.758,74.159,72.453,74.161,55.922,3.179,4.972,1.094,100.0,1022.22,74.478
0.0,100.0,40.0,60.0,40.0,3179.19,1355.76,2622.083,2697.446,690.302,59.753,74.181,72.449,74.171,55.913,3.191,4.972,1.097,100.0,1022.22,74.595
0.0,100.0,40.0,60.0,40.0,3171.69,1357.82,2613.178,2694.754,686.027,59.69,74.206,72.445,74.195,55.847,3.204,4.971,1.1,100.0,1022.22,74.679
0.0,100.0,40.0,60.0,40.0,3163.76,1360.0,2603.744,2691.885,681.474,59.638,74.213,72.442,74.209,55.79,3.217,4.971,1.103,100.0,1022.22,74.692
0.0,100.0,40.0,60.0,40.0,3155.44,1362.27,2593.782,2688.893,676.658,59.54,74.205,72.438,74.208,55.688,3.231,4.97,1.106,100.0,1022.22,74.666
0.0,100.0,40.0,60.0,40.0,3146.61,1364.68,2583.152,2685.672,671.5,59.501,74.189,72.433,74.195,55.644,3.246,4.969,1.109,100.0,1022.22,74.602
0.0,100.0,40.0,60.0,40.0,3137.38,1367.2,2571.958,2682.31,666.054,59.497,74.215,72.43,74.205,55.635,3.262,4.969,1.112,100.0,1022.22,74.718
0.0,100.0,40.0,60.0,40.0,3128.21,1369.69,2560.765,2678.949,660.593,59.378,74.2,72.427,74.206,55.51,3.278,4.968,1.116,100.0,1022.22,74.628
0.0,100.0,40.0,60.0,40.0,3119.06,1372.18,2549.536,2675.587,655.095,59.325,74.157,72.423,74.175,55.452,3.293,4.966,1.119,100.0,1022.22,74.465
0.0,100.0,40.0,60.0,40.0,3109.8,1374.69,2538.096,2672.155,649.468,59.219,74.173,72.42,74.168,55.34,3.309,4.965,1.123,100.0,1022.22,74.543
0.0,100.0,40.0,60.0,40.0,3100.38,1377.25,2526.374,2668.635,643.692,59.239,74.186,72.416,74.18,55.354,3.325,4.964,1.126,100.0,1022.22,74.582
0.0,100.0,40.0,60.0,40.0,3091.02,1379.79,2514.653,2665.133,637.893,59.214,74.205,72.413,74.196,55.322,3.34,4.962,1.13,100.0,1022.22,74.666
0.0,100.0,40.0,60.0,40.0,3082.11,1382.21,2503.406,2661.754,632.315,59.165,74.212,72.411,74.208,55.267,3.355,4.961,1.133,100.0,1022.22,74.679
0.0,100.0,40.0,60.0,40.0,3073.68,1384.5,2492.706,2658.55,626.991,59.08,74.222,72.408,74.217,55.176,3.369,4.959,1.137,100.0,1022.22,74.718
0.0,100.0,40.0,60.0,40.0,3065.69,1386.67,2482.498,2655.488,621.896,59.028,74.23,72.406,74.225,55.118,3.383,4.958,1.14,100.0,1022.22,74.757
0.0,100.0,40.0,60.0,40.0,3058.13,1388.73,2472.782,2652.584,617.037,59.029,74.281,72.404,74.258,55.113,3.395,4.956,1.143,100.0,1022.22,74.971
0.0,100.0,40.0,60.0,40.0,3051.19,1390.61,2463.824,2649.891,612.536,58.999,74.33,72.402,74.307,55.078,3.407,4.954,1.145,100.0,1022.22,75.152
0.0,100.0,40.0,60.0,40.0,3045.04,1392.28,2455.834,2647.498,608.518,59.041,74.347,72.401,74.337,55.115,3.417,4.953,1.148,100.0,1022.22,75.198
0.0,100.0,40.0,60.0,40.0,3039.92,1393.68,2449.163,2645.491,605.157,59.044,74.385,72.402,74.366,55.114,3.425,4.952,1.15,100.0,1022.22,75.366
0.0,100.0,40.0,60.0,40.0,3036.1,1394.72,2444.147,2643.995,602.631,59.129,74.448,72.403,74.419,55.195,3.432,4.951,1.151,100.0,1022.22,75.613
0.0,100.0,40.0,60.0,40.0,3033.8,1395.35,2441.138,2643.08,601.107,59.001,74.497,72.404,74.474,55.065,3.435,4.95,1.152,100.0,1022.22,75.775
0.0,100.0,40.0,60.0,40.0,3032.59,1395.68,2439.554,2642.605,600.308,58.913,74.431,72.403,74.457,54.975,3.437,4.95,1.153,100.0,1022.22,75.47
0.0,100.0,40.0,60.0,40.0,3031.78,1395.91,2438.48,2642.27,599.769,58.935,74.408,72.403,74.419,54.996,3.439,4.95,1.153,100.0,1022.22,75.418
0.0,100.0,40.0,60.0,40.0,3031.31,1396.04,2437.882,2642.077,599.463,58.888,74.407,72.402,74.409,54.949,3.439,4.95,1.153,100.0,1022.22,75.418
0.0,100.0,40.0,60.0,40.0,3031.06,1396.11,2437.547,2641.971,599.299,58.895,74.409,72.4,74.407,54.956,3.44,4.949,1.153,100.0,1022.22,75.438
0.0,100.0,40.0,60.0,40.0,3030.94,1396.15,2437.389,2641.918,599.224,59.012,74.46,72.4,74.437,55.073,3.44,4.949,1.153,100.0,1022.22,75.664
0.0,100.0,40.0,60.0,40.0,3031.49,1396.01,2438.11,2642.13,599.586,59.016,74.54,72.401,74.504,55.077,3.439,4.95,1.153,100.0,1022.22,75.969
0.0,100.0,40.0,60.0,40.0,3032.93,1395.62,2439.994,2642.693,600.549,58.945,74.512,72.402,74.521,55.007,3.437,4.95,1.153,100.0,1022.22,75.814
0.0,100.0,40.0,60.0,40.0,3034.88,1395.09,2442.563,2643.45,601.846,58.938,74.492,72.402,74.5,55.001,3.433,4.95,1.152,100.0,1022.22,75.762
0.0,100.0,40.0,60.0,40.0,3037.0,1394.52,2445.344,2644.277,603.251,58.93,74.498,72.401,74.496,54.995,3.43,4.951,1.151,100.0,1022.22,75.801
0.0,100.0,40.0,60.0,40.0,3039.15,1393.93,2448.16,2645.122,604.673,59.025,74.517,72.4,74.508,55.091,3.426,4.952,1.15,100.0,1022.22,75.891
0.0,100.0,40.0,60.0,40.0,3041.63,1393.26,2451.381,2646.09,606.302,59.114,74.573,72.402,74.547,55.183,3.422,4.952,1.149,100.0,1022.22,76.118
0.0,100.0,40.0,60.0,40.0,3044.87,1392.38,2455.605,2647.357,608.43,59.079,74.629,72.403,74.602,55.15,3.417,4.953,1.148,100.0,1022.22,76.339
0.0,100.0,40.0,60.0,40.0,3048.74,1391.32,2460.656,2648.888,610.965,59.161,74.673,72.404,74.651,55.235,3.411,4.954,1.146,100.0,1022.22,76.501
0.0,100.0,40.0,60.0,40.0,3053.19,1390.11,2466.411,2650.613,613.86,59.1,74.67,72.405,74.669,55.177,3.403,4.955,1.145,100.0,1022.22,76.462
0.0,100.0,40.0,60.0,40.0,3057.95,1388.81,2472.554,2652.461,616.935,59.156,74.643,72.406,74.654,55.236,3.395,4.956,1.143,100.0,1022.22,76.345
0.0,100.0,40.0,60.0,40.0,3062.84,1387.47,2478.837,2654.362,620.081,59.149,74.632,72.406,74.638,55.233,3.387,4.957,1.141,100.0,1022.22,76.313
0.0,100.0,40.0,60.0,40.0,3067.79,1386.12,2485.19,2656.28,623.253,59.143,74.621,72.406,74.626,55.231,3.379,4.958,1.139,100.0,1022.22,76.287
0.0,100.0,40.0,60.0,40.0,3072.54,1384.82,2491.262,2658.11,626.271,59.147,74.626,72.405,74.624,55.238,3.371,4.959,1.137,100.0,1022.22,76.313
0.0,100.0,40.0,60.0,40.0,3076.9,1383.63,2496.806,2659.782,629.029,59.197,74.66,72.405,74.645,55.292,3.364,4.96,1.135,100.0,1022.22,76.462
0.0,100.0,40.0,60.0,40.0,3080.9,1382.53,2501.875,2661.314,631.551,59.212,74.675,72.404,74.667,55.309,3.357,4.961,1.134,100.0,1022.22,76.513
0.0,100.0,40.0,60.0,40.0,3084.72,1381.48,2506.715,2662.792,633.948,59.332,74.717,72.404,74.697,55.432,3.351,4.961,1.132,100.0,1022.22,76.688
0.0,100.0,40.0,60.0,40.0,3088.77,1380.37,2511.819,2664.323,636.476,59.35,74.765,72.406,74.743,55.453,3.344,4.962,1.131,100.0,1022.22,76.87
0.0,100.0,40.0,60.0,40.0,3093.19,1379.16,2517.363,2666.013,639.221,59.286,74.779,72.406,74.771,55.392,3.337,4.963,1.129,100.0,1022.22,76.909
0.0,100.0,40.0,60.0,40.0,3097.5,1377.98,2522.766,2667.65,641.886,59.335,74.75,72.406,74.761,55.444,3.33,4.963,1.127,100.0,1022.22,76.779
0.0,100.0,40.0,60.0,40.0,3101.57,1376.86,2527.853,2669.181,644.394,59.334,74.732,72.406,74.74,55.445,3.323,4.964,1.126,100.0,1022.22,76.727
0.0,100.0,40.0,60.0,40.0,3105.41,1375.81,2532.64,2670.624,646.749,59.355,74.737,72.405,74.735,55.469,3.316,4.965,1.124,100.0,1022.22,76.766
0.0,100.0,40.0,60.0,40.0,3109.01,1374.82,2537.11,2671.979,648.947,59.489,74.777,72.406,74.759,55.606,3.31,4.965,1.123,100.0,1022.22,76.954
0.0,100.0,40.0,60.0,40.0,3112.96,1373.74,2542.003,2673.458,651.35,59.618,74.889,72.408,74.839,55.737,3.304,4.966,1.121,100.0,1022.22,77.395
0.0,100.0,40.0,60.0,40.0,3118.01,1372.37,2548.251,2675.323,654.417,59.68,75.002,72.411,74.951,55.802,3.295,4.966,1.12,100.0,1022.22,77.797
0.0,100.0,40.0,60.0,40.0,3124.44,1370.64,2556.154,2677.682,658.305,59.661,74.977,72.415,74.983,55.787,3.284,4.967,1.117,100.0,1022.22,77.622
0.0,100.0,40.0,60.0,40.0,3131.9,1368.64,2565.288,2680.374,662.781,59.61,74.948,72.417,74.958,55.74,3.271,4.968,1.114,100.0,1022.22,77.531
0.0,100.0,40.0,60.0,40.0,3139.7,1366.56,2574.774,2683.155,667.431,59.657,74.985,72.418,74.97,55.792,3.258,4.969,1.112,100.0,1022.22,77.699
0.0,100.0,40.0,60.0,40.0,3147.7,1364.44,2584.454,2686.006,672.158,59.839,75.037,72.421,75.015,55.979,3.245,4.97,1.109,100.0,1022.22,77.887
0.0,100.0,40.0,60.0,40.0,3156.47,1362.1,2595.014,2689.104,677.299,59.901,75.031,72.425,75.032,56.045,3.23,4.97,1.105,100.0,1022.22,77.81
0.0,100.0,40.0,60.0,40.0,3166.09,1359.53,2606.525,2692.501,682.889,59.79,74.965,72.427,74.992,55.94,3.213,4.971,1.102,100.0,1022.22,77.531
0.0,100.0,40.0,60.0,40.0,3175.62,1356.98,2617.859,2695.862,688.368,59.813,74.912,72.428,74.935,55.968,3.197,4.972,1.099,100.0,1022.22,77.356
0.0,100.0,40.0,60.0,40.0,3184.45,1354.62,2628.278,2698.942,693.4,59.815,74.905,72.429,74.909,55.975,3.182,4.972,1.095,100.0,1022.22,77.356
0.0,100.0,40.0,60.0,40.0,3192.46,1352.47,2637.694,2701.723,697.923,59.89,74.956,72.429,74.935,56.054,3.168,4.972,1.093,100.0,1022.22,77.57
0.0,100.0,40.0,60.0,40.0,3199.84,1350.49,2646.318,2704.293,702.06,59.922,75.037,72.43,75.002,56.09,3.155,4.972,1.09,100.0,1022.22,77.874
0.0,100.0,40.0,60.0,40.0,3206.84,1348.6,2654.467,2706.704,705.955,59.986,75.089,72.431,75.064,56.157,3.143,4.973,1.087,100.0,1022.22,78.056
0.0,100.0,40.0,60.0,40.0,3213.61,1346.77,2662.299,2709.062,709.694,60.235,75.17,72.433,75.134,56.409,3.131,4.973,1.085,100.0,1022.22,78.361
0.0,100.0,40.0,60.0,40.0,3220.99,1344.76,2670.835,2711.614,713.745,60.187,75.239,72.437,75.21,56.365,3.118,4.973,1.082,100.0,1022.22,78.587
0.0,100.0,40.0,60.0,40.0,3229.13,1342.53,2680.163,2714.448,718.173,60.168,75.174,72.44,75.199,56.349,3.104,4.973,1.079,100.0,1022.22,78.27
0.0,100.0,40.0,60.0,40.0,3237.19,1340.32,2689.368,2717.229,722.524,60.216,75.067,72.442,75.11,56.401,3.09,4.972,1.077,100.0,1022.22,77.9
0.0,100.0,40.0,60.0,40.0,3245.08,1338.15,2698.362,2719.974,726.755,60.38,75.108,72.444,75.093,56.568,3.077,4.972,1.074,100.0,1022.22,78.114
0.0,100.0,40.0,60.0,40.0,3253.3,1335.88,2707.654,2722.808,731.123,60.416,75.212,72.448,75.169,56.608,3.062,4.972,1.071,100.0,1022.22,78.497
0.0,100.0,40.0,60.0,40.0,3262.2,1333.42,2717.669,2725.853,735.823,60.526,75.316,72.452,75.271,56.721,3.047,4.971,1.068,100.0,1022.22,78.86
0.0,100.0,40.0,60.0,40.0,3272.07,1330.7,2728.722,2729.232,740.99,60.684,75.373,72.458,75.347,56.884,3.03,4.971,1.064,100.0,1022.22,79.009
0.0,100.0,40.0,60.0,40.0,3283.41,1327.56,2741.358,2733.069,746.881,60.71,75.371,72.464,75.368,56.914,3.01,4.97,1.06,100.0,1022.22,78.983
0.0,100.0,40.0,60.0,40.0,3295.91,1324.11,2755.174,2737.293,753.312,60.76,75.403,72.469,75.389,56.968,2.988,4.969,1.056,100.0,1022.22,79.112
0.0,100.0,40.0,60.0,40.0,3309.07,1320.47,2769.624,2741.693,760.008,60.779,75.461,72.474,75.437,56.992,2.965,4.968,1.051,100.0,1022.22,79.3
0.0,100.0,40.0,60.0,40.0,3322.46,1316.77,2784.232,2746.128,766.753,60.752,75.498,72.473,75.483,56.969,2.942,4.966,1.046,100.0,1022.22,79.417
0.0,100.0,40.0,60.0,40.0,3332.49,1313.99,2795.126,2749.454,771.764,60.755,75.4,72.47,75.436,56.977,2.924,4.965,1.043,100.0,1022.22,79.035
0.0,100.0,40.0,60.0,40.0,3340.23,1311.85,2803.469,2752.006,775.6,60.832,75.423,72.473,75.415,57.056,2.91,4.964,1.04,100.0,1022.22,79.177
0.0,100.0,40.0,60.0,40.0,3348.02,1309.69,2811.846,2754.558,779.439,60.927,75.481,72.476,75.46,57.153,2.896,4.963,1.038,100.0,1022.22,79.352
0.0,100.0,40.0,60.0,40.0,3356.16,1307.43,2820.576,2757.216,783.434,60.943,75.429,72.48,75.447,57.172,2.882,4.962,1.035,100.0,1022.22,79.125
0.0,100.0,40.0,60.0,40.0,3364.75,1305.06,2829.746,2759.997,787.623,61.219,75.444,72.485,75.439,57.451,2.867,4.961,1.032,100.0,1022.22,79.203
0.0,100.0,40.0,60.0,40.0,3374.66,1302.32,2840.27,2763.182,792.424,61.01,75.39,72.49,75.411,57.245,2.849,4.959,1.029,100.0,1022.22,78.97
0.0,100.0,40.0,60.0,40.0,3385.58,1299.31,2851.816,2766.667,797.681,61.328,75.421,72.496,75.409,57.566,2.83,4.957,1.025,100.0,1022.22,79.099
0.0,100.0,40.0,60.0,40.0,3397.97,1295.89,2864.858,2770.61,803.6,61.108,75.481,72.502,75.46,57.349,2.807,4.955,1.021,100.0,1022.22,79.287
0.0,100.0,40.0,60.0,40.0,3411.25,1292.23,2878.762,2774.798,809.892,61.193,75.404,72.506,75.431,57.437,2.784,4.953,1.016,100.0,1022.22,78.97
0.0,100.0,40.0,60.0,40.0,3424.49,1288.58,2892.525,2778.952,816.108,61.302,75.423,72.51,75.416,57.55,2.76,4.95,1.012,100.0,1022.22,79.073
0.0,100.0,40.0,60.0,40.0,3438.26,1284.78,2906.781,2783.246,822.524,61.366,75.419,72.516,75.421,57.617,2.735,4.947,1.007,100.0,1022.22,79.009
0.0,100.0,40.0,60.0,40.0,3452.65,1280.8,2921.618,2787.699,829.175,61.405,75.395,72.521,75.403,57.66,2.709,4.944,1.003,100.0,1022.22,78.924
0.0,100.0,40.0,60.0,40.0,3467.32,1276.74,2936.63,2792.205,835.896,61.334,75.403,72.524,75.401,57.592,2.682,4.94,0.998,100.0,1022.22,78.957
0.0,100.0,40.0,60.0,40.0,3481.55,1272.8,2951.15,2796.552,842.364,61.627,75.392,72.528,75.395,57.888,2.656,4.936,0.993,100.0,1022.22,78.911
0.0,100.0,40.0,60.0,40.0,3495.91,1268.82,2965.706,2800.917,848.841,61.454,75.444,72.533,75.425,57.718,2.629,4.933,0.989,100.0,1022.22,79.112
0.0,100.0,40.0,60.0,40.0,3510.06,1264.9,2979.997,2805.194,855.173,61.477,75.419,72.534,75.426,57.745,2.603,4.929,0.984,100.0,1022.22,78.996
0.0,100.0,40.0,60.0,40.0,3522.9,1261.33,2992.915,2809.066,860.885,61.764,75.537,72.537,75.493,58.033,2.579,4.925,0.98,100.0,1022.22,79.443
0.0,100.0,40.0,60.0,40.0,3535.42,1257.84,3005.464,2812.814,866.418,61.656,75.537,72.542,75.536,57.928,2.556,4.921,0.976,100.0,1022.22,79.378
0.0,100.0,40.0,60.0,40.0,3547.81,1254.38,3017.854,2816.51,871.862,61.782,75.53,72.544,75.532,58.057,2.532,4.917,0.972,100.0,1022.22,79.365
0.0,100.0,40.0,60.0,40.0,3559.7,1251.05,3029.699,2820.048,877.059,61.661,75.478,72.547,75.5,57.938,2.51,4.914,0.968,100.0,1022.22,79.138
0.0,100.0,40.0,60.0,40.0,3570.02,1248.16,3039.96,2823.11,881.551,61.595,75.323,72.54,75.381,57.874,2.49,4.91,0.965,100.0,1022.22,78.613
0.0,100.0,40.0,60.0,40.0,3573.52,1247.18,3043.427,2824.149,883.068,61.639,75.285,72.53,75.301,57.919,2.484,4.909,0.964,100.0,1022.22,78.587
0.0,100.0,40.0,60.0,40.0,3571.33,1247.79,3041.262,2823.498,882.117,61.728,75.319,72.531,75.308,58.008,2.488,4.91,0.964,100.0,1022.22,78.717
0.0,100.0,40.0,60.0,40.0,3568.89,1248.46,3038.834,2822.794,881.058,61.818,75.406,72.535,75.372,58.097,2.492,4.911,0.965,100.0,1022.22,79.009
0.0,100.0,40.0,60.0,40.0,3567.88,1248.74,3037.83,2822.494,880.618,61.821,75.519,72.539,75.475,58.101,2.494,4.911,0.966,100.0,1022.22,79.391
0.0,100.0,40.0,60.0,40.0,3568.01,1248.69,3037.971,2822.547,880.671,61.886,75.59,72.543,75.56,58.166,2.494,4.911,0.965,100.0,1022.22,79.605
0.0,100.0,40.0,60.0,40.0,3569.44,1248.29,3039.379,2822.97,881.29,62.002,75.681,72.544,75.646,58.281,2.491,4.911,0.965,100.0,1022.22,79.909
0.0,100.0,40.0,60.0,40.0,3569.57,1248.24,3039.502,2823.022,881.343,61.962,75.648,72.544,75.658,58.241,2.491,4.91,0.965,100.0,1022.22,79.747
0.0,100.0,40.0,60.0,40.0,3569.29,1248.31,3039.238,2822.952,881.22,61.97,75.64,72.552,75.643,58.249,2.492,4.911,0.965,100.0,1022.22,79.734
0.0,100.0,40.0,60.0,40.0,3571.41,1247.71,3041.333,2823.586,882.138,61.8,75.632,72.552,75.636,58.08,2.488,4.91,0.964,100.0,1022.22,79.709
0.0,100.0,40.0,60.0,40.0,3571.47,1247.69,3041.386,2823.603,882.161,61.836,75.593,72.549,75.607,58.116,2.487,4.91,0.964,100.0,1022.22,79.566
0.0,100.0,40.0,60.0,40.0,3570.0,1248.09,3039.942,2823.181,881.522,62.043,75.624,72.556,75.612,58.322,2.49,4.91,0.965,100.0,1022.22,79.696
0.0,100.0,40.0,60.0,40.0,3571.23,1247.74,3041.157,2823.55,882.056,62.041,75.754,72.564,75.707,58.321,2.488,4.91,0.964,100.0,1022.22,80.136
0.0,100.0,40.0,60.0,40.0,3575.31,1246.59,3045.205,2824.765,883.824,61.847,75.729,72.564,75.738,58.128,2.48,4.909,0.963,100.0,1022.22,79.974
0.0,100.0,40.0,60.0,40.0,3576.54,1246.24,3046.437,2825.134,884.358,61.807,75.592,72.559,75.642,58.088,2.478,4.908,0.963,100.0,1022.22,79.508
0.0,100.0,40.0,60.0,40.0,3575.04,1246.66,3044.941,2824.694,883.707,61.746,75.542,72.563,75.564,58.027,2.481,4.909,0.963,100.0,1022.22,79.352
0.0,100.0,40.0,60.0,40.0,3573.57,1247.1,3043.48,2824.237,883.073,61.725,75.447,72.555,75.485,58.005,2.483,4.909,0.964,100.0,1022.22,79.035
0.0,100.0,40.0,60.0,40.0,3564.79,1249.59,3034.768,2821.597,879.268,61.698,75.394,72.534,75.417,57.978,2.5,4.912,0.967,100.0,1022.22,78.924
0.0,100.0,40.0,60.0,40.0,3543.92,1255.45,3013.965,2815.366,870.155,61.455,75.321,72.524,75.35,57.732,2.54,4.919,0.973,100.0,1022.22,78.691
0.0,100.0,40.0,60.0,40.0,3518.54,1262.56,2988.533,2807.728,858.956,61.419,75.319,72.524,75.319,57.691,2.587,4.926,0.981,100.0,1022.22,78.73
0.0,100.0,40.0,60.0,40.0,3495.3,1269.08,2965.09,2800.653,848.589,61.679,75.473,72.528,75.414,57.947,2.63,4.933,0.989,100.0,1022.22,79.287
0.0,100.0,40.0,60.0,40.0,3476.78,1274.29,2946.275,2794.915,840.243,61.481,75.606,72.536,75.552,57.744,2.664,4.938,0.995,100.0,1022.22,79.709
0.0,100.0,40.0,60.0,40.0,3463.19,1278.14,2932.406,2790.656,834.078,61.56,75.705,72.54,75.662,57.82,2.689,4.941,1.0,100.0,1022.22,80.026
0.0,100.0,40.0,60.0,40.0,3452.68,1281.14,2921.653,2787.312,829.289,61.502,75.826,72.546,75.777,57.76,2.708,4.944,1.003,100.0,1022.22,80.415
0.0,100.0,40.0,60.0,40.0,3444.86,1283.4,2913.592,2784.778,825.708,61.504,75.776,72.542,75.795,57.759,2.723,4.945,1.006,100.0,1022.22,80.162
0.0,100.0,40.0,60.0,40.0,3433.0,1286.75,2901.342,2781.029,820.229,61.343,75.594,72.535,75.663,57.596,2.744,4.948,1.01,100.0,1022.22,79.534
0.0,100.0,40.0,60.0,40.0,3417.23,1291.15,2884.992,2776.03,812.87,61.245,75.525,72.528,75.557,57.494,2.772,4.951,1.015,100.0,1022.22,79.378
0.0,100.0,40.0,60.0,40.0,3396.24,1296.95,2863.045,2769.395,802.951,61.193,75.483,72.519,75.503,57.438,2.81,4.955,1.022,100.0,1022.22,79.248
0.0,100.0,40.0,60.0,40.0,3373.1,1303.33,2838.616,2762.003,791.849,61.23,75.486,72.524,75.485,57.468,2.852,4.959,1.03,100.0,1022.22,79.261
0.0,100.0,40.0,60.0,40.0,3354.84,1308.37,2819.168,2756.107,782.968,61.16,75.564,72.533,75.532,57.392,2.884,4.962,1.036,100.0,1022.22,79.553
0.0,100.0,40.0,60.0,40.0,3341.77,1311.98,2805.141,2751.848,776.542,61.144,75.693,72.531,75.643,57.372,2.907,4.964,1.04,100.0,1022.22,80.013
0.0,100.0,40.0,60.0,40.0,3326.55,1316.16,2788.685,2746.867,768.969,60.947,75.622,72.525,75.645,57.17,2.934,4.966,1.046,100.0,1022.22,79.696
0.0,100.0,40.0,60.0,40.0,3309.38,1320.87,2769.976,2741.218,760.322,60.943,75.635,72.528,75.629,57.161,2.964,4.968,1.052,100.0,1022.22,79.812
0.0,100.0,40.0,60.0,40.0,3295.42,1324.69,2754.629,2736.589,753.208,60.897,75.697,72.535,75.673,57.11,2.989,4.969,1.056,100.0,1022.22,80.013
0.0,100.0,40.0,60.0,40.0,3285.63,1327.37,2743.805,2733.315,748.172,61.143,75.685,72.535,75.689,57.351,3.006,4.97,1.06,100.0,1022.22,79.909
0.0,100.0,40.0,60.0,40.0,3274.18,1330.5,2731.08,2729.478,742.227,60.868,75.597,72.526,75.633,57.072,3.026,4.971,1.064,100.0,1022.22,79.605
0.0,100.0,40.0,60.0,40.0,3256.84,1335.21,2711.65,2723.635,733.109,60.63,75.468,72.514,75.522,56.828,3.056,4.972,1.07,100.0,1022.22,79.177
0.0,100.0,40.0,60.0,40.0,3233.28,1341.61,2684.915,2715.61,720.5,60.575,75.414,72.501,75.44,56.764,3.097,4.972,1.078,100.0,1022.22,79.073
0.0,100.0,40.0,60.0,40.0,3204.72,1349.37,2652.003,2705.718,704.852,60.457,75.442,72.491,75.433,56.635,3.146,4.973,1.088,100.0,1022.22,79.229
0.0,100.0,40.0,60.0,40.0,3174.1,1357.69,2616.046,2694.93,687.613,60.305,75.462,72.491,75.452,56.468,3.199,4.971,1.099,100.0,1022.22,79.313
0.0,100.0,40.0,60.0,40.0,3148.26,1364.71,2585.141,2685.637,672.665,60.364,75.57,72.502,75.522,56.511,3.243,4.97,1.109,100.0,1022.22,79.76
0.0,100.0,40.0,60.0,40.0,3130.92,1369.43,2564.074,2679.301,662.411,60.35,75.721,72.514,75.653,56.486,3.273,4.968,1.115,100.0,1022.22,80.311
0.0,100.0,40.0,60.0,40.0,3121.63,1371.97,2552.704,2675.869,656.855,60.266,75.855,72.527,75.792,56.395,3.288,4.967,1.119,100.0,1022.22,80.778
0.0,100.0,40.0,60.0,40.0,3119.14,1372.68,2549.642,2674.901,655.364,60.318,75.935,72.538,75.894,56.443,3.293,4.966,1.12,100.0,1022.22,81.031
0.0,100.0,40.0,60.0,40.0,3122.45,1371.82,2553.707,2676.08,657.374,60.117,76.028,72.548,75.985,56.242,3.287,4.967,1.119,100.0,1022.22,81.348
0.0,100.0,40.0,60.0,40.0,3130.1,1369.78,2563.07,2678.826,661.975,60.402,76.019,72.557,76.018,56.531,3.274,4.968,1.116,100.0,1022.22,81.225
0.0,100.0,40.0,60.0,40.0,3141.58,1366.71,2577.062,2682.962,668.811,60.34,76.05,72.567,76.035,56.476,3.254,4.969,1.112,100.0,1022.22,81.335
0.0,100.0,40.0,60.0,40.0,3156.45,1362.72,2594.997,2688.294,677.538,60.434,76.083,72.575,76.07,56.577,3.229,4.97,1.106,100.0,1022.22,81.4
0.0,100.0,40.0,60.0,40.0,3174.15,1357.95,2616.099,2694.578,687.75,60.367,75.999,72.583,76.033,56.519,3.199,4.971,1.1,100.0,1022.22,80.972
0.0,100.0,40.0,60.0,40.0,3193.71,1352.68,2639.155,2701.459,698.833,60.317,75.89,72.587,75.936,56.479,3.165,4.972,1.093,100.0,1022.22,80.564
0.0,100.0,40.0,60.0,40.0,3213.35,1347.37,2662.0,2708.288,709.752,60.328,75.881,72.589,75.889,56.5,3.131,4.973,1.086,100.0,1022.22,80.538
0.0,100.0,40.0,60.0,40.0,3231.95,1342.34,2683.402,2714.694,719.914,60.375,75.839,72.59,75.858,56.556,3.099,4.973,1.079,100.0,1022.22,80.35
0.0,100.0,40.0,60.0,40.0,3248.66,1337.82,2702.41,2720.379,728.893,60.333,75.788,72.579,75.812,56.522,3.07,4.972,1.073,100.0,1022.22,80.188
0.0,100.0,40.0,60.0,40.0,3255.53,1335.95,2710.171,2722.72,732.547,60.408,75.678,72.556,75.725,56.601,3.058,4.972,1.071,100.0,1022.22,79.825
0.0,100.0,40.0,60.0,40.0,3249.48,1337.57,2703.342,2720.696,729.323,60.423,75.595,72.536,75.633,56.616,3.069,4.972,1.073,100.0,1022.22,79.618
0.0,100.0,40.0,60.0,40.0,3233.18,1341.96,2684.792,2715.17,720.556,60.4,75.564,72.518,75.581,56.588,3.097,4.972,1.079,100.0,1022.22,79.566
0.0,100.0,40.0,60.0,40.0,3209.03,1348.47,2657.002,2706.88,707.34,60.354,75.549,72.502,75.557,56.532,3.139,4.973,1.087,100.0,1022.22,79.579
0.0,100.0,40.0,60.0,40.0,3179.3,1356.49,2622.206,2696.496,690.657,60.309,75.536,72.489,75.543,56.474,3.19,4.972,1.098,100.0,1022.22,79.579
0.0,100.0,40.0,60.0,40.0,3146.3,1365.4,2582.765,2684.722,671.574,60.144,75.491,72.481,75.509,56.292,3.246,4.969,1.11,100.0,1022.22,79.443
0.0,100.0,40.0,60.0,40.0,3113.77,1374.19,2543.006,2672.842,652.133,60.111,75.534,72.478,75.516,56.24,3.302,4.966,1.122,100.0,1022.22,79.709
0.0,100.0,40.0,60.0,40.0,3084.12,1382.19,2505.941,2661.789,633.813,59.975,75.658,72.483,75.604,56.085,3.352,4.961,1.133,100.0,1022.22,80.227
0.0,100.0,40.0,60.0,40.0,3061.82,1388.21,2477.534,2653.306,619.64,59.947,75.773,72.495,75.719,56.038,3.389,4.957,1.142,100.0,1022.22,80.629
0.0,100.0,40.0,60.0,40.0,3048.36,1391.85,2460.163,2648.114,610.917,60.067,75.812,72.509,75.788,56.146,3.411,4.954,1.147,100.0,1022.22,80.752
0.0,100.0,40.0,60.0,40.0,3042.58,1393.43,2452.63,2645.843,607.133,59.883,75.913,72.515,75.867,55.955,3.421,4.952,1.149,100.0,1022.22,81.16
0.0,100.0,40.0,60.0,40.0,3039.12,1394.39,2448.107,2644.47,604.861,59.898,75.881,72.519,75.889,55.967,3.426,4.951,1.151,100.0,1022.22,80.959
0.0,100.0,40.0,60.0,40.0,3039.6,1394.29,2448.741,2644.611,605.194,60.029,75.911,72.532,75.896,56.096,3.425,4.952,1.151,100.0,1022.22,81.083
0.0,100.0,40.0,60.0,40.0,3046.11,1392.57,2457.224,2647.093,609.493,59.973,75.983,72.539,75.952,56.044,3.415,4.953,1.148,100.0,1022.22,81.335
0.0,100.0,40.0,60.0,40.0,3054.14,1390.44,2467.643,2650.138,614.75,59.943,75.988,72.543,75.982,56.019,3.401,4.955,1.145,100.0,1022.22,81.296
0.0,100.0,40.0,60.0,40.0,3064.86,1387.59,2481.442,2654.203,621.681,60.157,76.058,72.554,76.026,56.241,3.384,4.957,1.141,100.0,1022.22,81.556
0.0,100.0,40.0,60.0,40.0,3080.0,1383.54,2500.731,2659.906,631.326,60.013,76.131,72.562,76.098,56.107,3.358,4.96,1.135,100.0,1022.22,81.77
0.0,100.0,40.0,60.0,40.0,3097.31,1378.89,2522.538,2666.382,642.148,60.177,76.126,72.567,76.123,56.282,3.329,4.963,1.129,100.0,1022.22,81.679
0.0,100.0,40.0,60.0,40.0,3116.18,1373.82,2545.981,2673.352,653.715,60.35,76.214,72.575,76.174,56.467,3.297,4.966,1.122,100.0,1022.22,82.016
0.0,100.0,40.0,60.0,40.0,3137.87,1367.96,2572.557,2681.29,666.716,60.503,76.387,72.587,76.311,56.633,3.261,4.969,1.113,100.0,1022.22,82.612
0.0,100.0,40.0,60.0,40.0,3161.45,1361.59,2600.981,2689.79,680.527,60.657,76.458,72.564,76.424,56.801,3.22,4.971,1.105,100.0,1022.22,82.852
0.0,100.0,40.0,60.0,40.0,3169.55,1359.44,2610.643,2692.624,685.21,60.594,76.391,72.501,76.414,56.746,3.207,4.971,1.102,100.0,1022.22,82.748
0.0,100.0,40.0,60.0,40.0,3154.88,1363.51,2593.114,2687.238,676.771,60.496,76.338,72.443,76.362,56.645,3.232,4.97,1.107,100.0,1022.22,82.761
0.0,100.0,40.0,60.0,40.0,3121.17,1372.8,2552.123,2674.742,656.871,60.457,76.227,72.386,76.275,56.591,3.289,4.967,1.12,100.0,1022.22,82.56
0.0,100.0,40.0,60.0,40.0,3072.72,1386.11,2491.491,2656.298,626.996,60.39,76.2,72.331,76.218,56.496,3.37,4.959,1.139,100.0,1022.22,82.774
0.0,100.0,40.0,60.0,40.0,3012.17,1402.61,2412.502,2632.45,587.249,60.102,76.069,72.274,76.132,56.167,3.469,4.944,1.163,100.0,1022.22,82.56
0.0,100.0,40.0,60.0,40.0,2942.27,1421.39,2316.459,2603.814,537.529,59.765,75.876,72.224,75.971,55.77,3.58,4.919,1.191,100.0,1022.22,82.178
0.0,100.0,40.0,60.0,40.0,2869.53,1440.49,2210.613,2572.786,480.726,59.239,75.653,72.179,75.77,55.164,3.689,4.884,1.222,100.0,1022.22,81.718
0.0,100.0,40.0,60.0,40.0,2795.75,1457.72,2097.093,2542.76,411.74,58.786,75.353,72.134,75.516,54.609,3.779,4.837,1.251,100.0,1022.22,81.057
0.0,99.959,40.0,60.0,40.0,2721.99,1471.99,1978.61,2516.166,328.775,58.373,75.13,72.091,75.266,54.071,3.841,4.78,1.277,100.0,1022.22,81.121
0.0,99.899,40.0,60.0,40.0,2645.52,1486.21,1853.667,2487.76,241.696,57.661,74.884,72.048,75.039,53.209,3.892,4.712,1.304,100.0,1022.22,81.225
0.0,99.716,40.0,60.0,40.0,2563.61,1500.1,1723.587,2457.734,151.519,56.593,74.566,72.003,74.768,51.96,3.933,4.635,1.332,100.0,1022.22,81.186
0.0,98.966,40.0,60.0,40.0,2473.23,1511.88,1616.803,2430.032,79.202,55.468,74.274,71.964,74.465,50.658,3.952,4.554,1.358,100.0,1022.22,81.07
0.0,97.797,40.0,60.0,40.0,2384.14,1532.89,1490.238,2377.883,26.4,54.39,74.068,71.929,74.175,49.376,4.015,4.482,1.408,100.0,1022.22,81.07
0.0,96.314,40.0,60.0,40.0,2179.47,1534.64,1346.838,2368.291,-106.916,53.23,73.933,71.894,74.011,48.089,3.999,4.405,1.414,100.0,1022.22,80.778
0.0,94.655,40.0,60.0,40.0,1978.78,1542.91,1239.422,2341.926,-179.717,52.193,73.938,71.865,73.96,47.109,4.016,4.346,1.438,100.0,1022.22,80.908
0.0,92.688,40.0,60.0,40.0,1812.53,1549.4,1147.585,2319.046,-241.63,51.195,73.942,71.837,73.947,46.169,4.033,4.299,1.458,100.0,1022.22,81.16
0.0,90.545,40.0,60.0,40.0,1717.47,1552.82,1093.898,2305.952,-277.895,50.512,73.933,71.807,73.941,45.524,4.044,4.274,1.47,100.0,1022.22,81.186
0.0,88.57,40.0,60.0,40.0,1644.69,1555.36,1052.22,2295.709,-305.971,49.975,73.918,71.777,73.931,45.014,4.054,4.255,1.479,100.0,1022.22,81.452
0.0,86.378,40.0,60.0,40.0,1571.13,1557.89,1009.589,2284.938,-334.506,49.313,73.902,71.747,73.918,44.375,4.065,4.236,1.488,100.0,1022.22,81.361
0.0,84.118,40.0,60.0,40.0,1518.97,1559.65,979.051,2277.106,-354.853,48.874,73.886,71.72,73.903,43.952,4.073,4.223,1.495,100.0,1022.22,81.543
0.0,81.778,40.0,60.0,40.0,1474.14,1561.14,952.604,2270.154,-372.384,48.401,73.87,71.695,73.887,43.493,4.081,4.212,1.501,100.0,1022.22,81.309
0.0,79.352,40.0,60.0,40.0,1434.78,1562.44,929.232,2263.906,-387.795,48.004,73.855,71.672,73.872,43.108,4.088,4.203,1.506,100.0,1022.22,81.095
0.0,77.011,40.0,60.0,40.0,1399.65,1563.59,908.248,2258.168,-401.562,48.006,73.844,71.653,73.859,43.12,4.094,4.195,1.511,100.0,1022.22,80.869
0.0,75.003,40.0,60.0,40.0,1368.08,1564.61,889.3,2252.87,-413.927,48.066,73.838,71.64,73.848,43.189,4.1,4.187,1.516,100.0,1022.22,81.251
0.0,72.98,40.0,60.0,40.0,1340.05,1565.52,872.395,2248.066,-424.899,48.099,73.836,71.633,73.841,43.23,4.106,4.181,1.52,100.0,1022.22,81.491
0.0,71.052,40.0,60.0,40.0,1319.46,1566.19,859.934,2244.387,-432.918,48.218,73.839,71.63,73.839,43.355,4.11,4.176,1.523,100.0,1022.22,81.692
0.0,69.313,40.0,60.0,40.0,1336.38,1565.73,870.174,2246.886,-426.047,48.67,73.837,71.628,73.839,43.806,4.107,4.18,1.521,100.0,1022.22,81.439
0.0,67.977,40.0,60.0,40.0,1351.65,1565.32,879.4,2249.122,-419.85,49.13,73.825,71.619,73.835,44.262,4.103,4.184,1.519,100.0,1022.22,81.264
0.0,66.719,40.0,60.0,40.0,1355.84,1565.21,881.925,2249.72,-418.151,49.465,73.805,71.601,73.824,44.595,4.103,4.185,1.518,100.0,1022.22,81.16
0.0,65.423,40.0,60.0,40.0,1346.58,1565.46,876.336,2248.382,-421.909,49.677,73.795,71.589,73.809,44.808,4.104,4.183,1.52,100.0,1022.22,80.992
0.0,64.11,40.0,60.0,40.0,1333.06,1565.82,868.171,2246.394,-427.393,49.85,73.797,71.59,73.801,44.985,4.107,4.18,1.521,100.0,1022.22,80.992
0.0,62.784,40.0,60.0,40.0,1323.91,1566.07,862.631,2245.056,-431.112,50.076,73.804,71.595,73.801,45.213,4.109,4.177,1.522,100.0,1022.22,81.057
0.0,61.699,40.0,60.0,40.0,1320.97,1566.15,860.849,2244.616,-432.307,50.477,73.811,71.6,73.805,45.616,4.11,4.177,1.523,100.0,1022.22,81.53
0.0,60.773,40.0,60.0,40.0,1322.22,1566.11,861.608,2244.81,-431.798,50.824,73.818,71.607,73.81,45.962,4.11,4.177,1.523,100.0,1022.22,81.925
0.0,60.002,40.0,60.0,40.0,1328.76,1565.94,865.564,2245.76,-429.143,51.237,73.828,71.618,73.817,46.375,4.108,4.179,1.522,100.0,1022.22,81.64
0.0,59.289,40.0,60.0,40.0,1341.14,1565.61,873.053,2247.573,-424.112,51.669,73.838,71.63,73.826,46.804,4.106,4.181,1.52,100.0,1022.22,82.191
0.0,58.901,40.0,60.0,40.0,1358.3,1565.14,883.406,2250.09,-417.155,52.149,73.849,71.644,73.836,47.28,4.102,4.185,1.518,100.0,1022.22,82.625
0.0,58.495,40.0,60.0,40.0,1379.62,1564.56,896.236,2253.17,-408.524,52.496,73.861,71.66,73.847,47.622,4.098,4.19,1.515,100.0,1022.22,82.742
0.0,58.229,40.0,60.0,40.0,1404.04,1563.88,910.879,2256.69,-398.665,52.924,73.873,71.675,73.859,48.043,4.093,4.196,1.512,100.0,1022.22,82.813
0.0,58.037,40.0,60.0,40.0,1430.21,1563.14,926.506,2260.421,-388.129,53.225,73.884,71.691,73.871,48.338,4.088,4.202,1.509,100.0,1022.22,82.398
0.0,57.825,40.0,60.0,40.0,1456.91,1562.38,942.394,2264.205,-377.404,53.498,73.895,71.707,73.882,48.603,4.083,4.208,1.506,100.0,1022.22,82.281
0.0,57.733,40.0,60.0,40.0,1482.82,1561.63,957.741,2267.848,-367.032,53.834,73.905,71.722,73.893,48.932,4.078,4.214,1.503,100.0,1022.22,82.23
0.0,57.793,40.0,60.0,40.0,1507.07,1560.92,972.052,2271.227,-357.352,54.161,73.916,71.737,73.904,49.252,4.074,4.22,1.5,100.0,1022.22,82.081
0.0,57.846,40.0,60.0,40.0,1559.74,1559.26,1002.945,2278.866,-336.616,54.484,73.925,71.753,73.914,49.563,4.065,4.233,1.493,100.0,1022.22,81.873
0.0,58.166,40.0,60.0,40.0,1617.91,1557.37,1036.76,2287.208,-313.896,54.937,73.929,71.768,73.923,50.0,4.057,4.248,1.486,100.0,1022.22,81.808
0.0,58.567,40.0,60.0,40.0,1674.47,1555.48,1069.336,2295.216,-291.968,55.235,73.932,71.781,73.928,50.282,4.049,4.262,1.479,100.0,1022.22,81.627
0.0,58.964,40.0,60.0,40.0,1727.24,1553.67,1099.456,2302.573,-271.66,55.511,73.934,71.793,73.932,50.541,4.042,4.276,1.473,100.0,1022.22,81.543
0.0,59.431,40.0,60.0,40.0,1774.82,1552.01,1126.388,2309.138,-253.472,55.76,73.936,71.804,73.934,50.774,4.036,4.289,1.467,100.0,1022.22,81.666
0.0,59.866,40.0,60.0,40.0,1817.01,1550.51,1150.095,2314.875,-237.435,55.925,73.938,71.813,73.936,50.925,4.031,4.3,1.462,100.0,1022.22,81.977
0.0,60.405,40.0,60.0,40.0,1853.26,1549.21,1170.324,2319.75,-223.731,56.153,73.941,71.822,73.939,51.142,4.027,4.31,1.457,100.0,1022.22,82.23
0.0,60.866,40.0,60.0,40.0,1882.49,1548.14,1186.546,2323.658,-212.731,56.173,73.94,71.827,73.94,51.151,4.024,4.318,1.454,100.0,1022.22,82.256
0.0,61.293,40.0,60.0,40.0,1898.53,1547.55,1195.415,2325.805,-206.724,56.229,73.929,71.82,73.936,51.2,4.022,4.323,1.452,100.0,1022.22,81.873
0.0,61.631,40.0,60.0,40.0,1892.45,1547.75,1192.057,2325.083,-209.048,56.114,73.919,71.811,73.927,51.083,4.023,4.321,1.453,100.0,1022.22,81.64
0.0,61.814,40.0,60.0,40.0,1866.09,1548.67,1177.458,2321.722,-219.023,55.913,73.914,71.802,73.92,50.888,4.026,4.314,1.456,100.0,1022.22,81.413
0.0,61.827,40.0,60.0,40.0,1824.62,1550.13,1154.351,2316.318,-234.772,55.625,73.908,71.791,73.914,50.612,4.03,4.302,1.461,100.0,1022.22,81.251
0.0,61.646,40.0,60.0,40.0,1768.46,1552.07,1122.801,2308.891,-256.226,55.252,73.905,71.78,73.909,50.255,4.037,4.287,1.467,100.0,1022.22,81.361
0.0,61.322,40.0,60.0,40.0,1703.28,1554.29,1085.814,2300.109,-281.317,54.9,73.915,71.779,73.909,49.922,4.045,4.27,1.475,100.0,1022.22,81.4
0.0,60.921,40.0,60.0,40.0,1643.79,1556.26,1051.706,2291.942,-304.396,54.58,73.927,71.78,73.918,49.621,4.053,4.254,1.482,100.0,1022.22,81.601
0.0,60.413,40.0,60.0,40.0,1583.45,1558.22,1016.768,2283.494,-327.978,54.234,73.925,71.768,73.923,49.292,4.062,4.239,1.489,100.0,1022.22,81.4
0.0,59.82,40.0,60.0,40.0,1522.21,1560.15,980.959,2274.782,-352.093,53.906,73.971,71.803,73.935,48.982,4.072,4.224,1.497,100.0,1022.22,81.426
0.0,59.166,40.0,60.0,40.0,1497.97,1560.9,966.685,2271.298,-361.689,53.772,74.056,71.88,73.984,48.86,4.076,4.218,1.5,100.0,1022.22,81.543
0.0,58.821,40.0,60.0,40.0,1510.4,1560.52,974.01,2273.093,-356.771,54.023,74.119,71.943,74.048,49.111,4.074,4.221,1.498,100.0,1022.22,81.569
0.0,58.851,40.0,60.0,40.0,1558.1,1558.98,1001.987,2280.15,-338.064,54.434,74.175,72.004,74.11,49.514,4.066,4.233,1.492,100.0,1022.22,81.569
0.0,59.364,40.0,60.0,40.0,1702.55,1553.87,1085.399,2301.816,-282.543,55.441,74.215,72.065,74.165,50.489,4.046,4.27,1.473,100.0,1022.22,81.666
0.0,60.565,40.0,60.0,40.0,1874.88,1547.35,1182.333,2326.509,-217.599,56.375,74.243,72.123,74.208,51.374,4.026,4.316,1.452,100.0,1022.22,81.757
0.0,61.976,40.0,60.0,40.0,2068.79,1539.57,1288.061,2352.909,-146.287,57.213,74.265,72.178,74.241,52.152,4.008,4.372,1.428,100.0,1022.22,81.504
0.0,63.559,40.0,60.0,40.0,2284.96,1531.03,1387.982,2378.992,-79.285,57.994,74.288,72.235,74.267,52.848,3.997,4.437,1.405,100.0,1022.22,81.309
0.0,65.154,40.0,60.0,40.0,2415.44,1523.25,1517.919,2400.781,26.4,58.648,74.45,72.29,74.363,53.56,4.0,4.508,1.385,100.0,1022.22,82.029
0.0,66.865,40.0,60.0,40.0,2508.95,1508.72,1642.367,2437.688,95.983,59.139,74.777,72.337,74.553,54.221,3.951,4.585,1.351,100.0,1022.22,82.178
0.0,68.674,40.0,60.0,40.0,2592.56,1496.05,1768.677,2466.746,183.424,59.418,75.132,72.374,74.902,54.693,3.92,4.662,1.324,100.0,1022.22,82.145
0.0,70.194,40.0,60.0,40.0,2667.08,1483.21,1888.814,2493.92,267.061,59.548,75.385,72.402,75.213,55.003,3.879,4.732,1.298,100.0,1022.22,81.873
0.0,71.684,40.0,60.0,40.0,2735.14,1470.69,1999.994,2518.683,344.823,59.646,75.591,72.423,75.458,55.254,3.83,4.791,1.274,100.0,1022.22,81.782
0.0,73.155,40.0,60.0,40.0,2796.86,1459.03,2098.853,2540.402,414.279,59.758,75.731,72.434,75.643,55.49,3.777,4.838,1.253,100.0,1022.22,81.614
0.0,74.665,40.0,60.0,40.0,2850.76,1447.06,2182.294,2561.574,466.287,59.815,75.772,72.44,75.741,55.642,3.714,4.873,1.233,100.0,1022.22,81.322
0.0,76.055,40.0,60.0,40.0,2896.68,1435.44,2250.829,2581.181,503.798,59.677,75.785,72.441,75.773,55.574,3.648,4.898,1.214,100.0,1022.22,81.173
0.0,77.317,40.0,60.0,40.0,2933.65,1425.92,2304.245,2596.634,532.352,59.67,75.785,72.437,75.783,55.618,3.592,4.916,1.198,100.0,1022.22,81.057
0.0,78.67,40.0,60.0,40.0,2961.81,1418.53,2343.862,2608.285,553.157,59.622,75.792,72.428,75.787,55.606,3.548,4.927,1.187,100.0,1022.22,81.057
0.0,80.017,40.0,60.0,40.0,2995.09,1409.25,2389.534,2622.506,576.541,59.706,75.879,72.424,75.84,55.722,3.496,4.939,1.173,100.0,1022.22,81.361
0.0,81.437,40.0,60.0,40.0,3022.66,1401.45,2426.459,2634.157,595.172,59.719,75.943,72.42,75.912,55.762,3.451,4.947,1.161,100.0,1022.22,81.53
0.0,82.882,40.0,60.0,40.0,3042.79,1395.6,2452.894,2642.71,608.328,59.827,75.924,72.408,75.929,55.89,3.419,4.952,1.153,100.0,1022.22,81.426
0.0,84.371,40.0,60.0,40.0,3054.13,1392.09,2467.626,2647.779,615.509,59.837,75.861,72.396,75.888,55.912,3.4,4.955,1.147,100.0,1022.22,81.186
0.0,85.836,40.0,60.0,40.0,3058.67,1390.42,2473.486,2650.155,618.242,59.94,75.83,72.393,75.845,56.021,3.393,4.956,1.145,100.0,1022.22,81.108
0.0,87.401,40.0,60.0,40.0,3063.44,1388.76,2479.611,2652.531,621.136,60.031,75.863,72.401,75.85,56.115,3.385,4.957,1.143,100.0,1022.22,81.238
0.0,88.884,40.0,60.0,40.0,3071.68,1386.24,2490.154,2656.104,626.263,59.93,75.912,72.399,75.891,56.02,3.372,4.959,1.139,100.0,1022.22,81.413
0.0,90.259,40.0,60.0,40.0,3076.68,1384.62,2496.525,2658.392,629.314,59.941,75.903,72.388,75.905,56.035,3.364,4.96,1.137,100.0,1022.22,81.4
0.0,91.755,40.0,60.0,40.0,3061.72,1388.73,2477.411,2652.566,619.807,60.013,75.93,72.382,75.916,56.101,3.389,4.957,1.143,100.0,1022.22,81.588
0.0,93.255,40.0,60.0,40.0,3048.32,1392.44,2460.11,2647.286,611.16,59.999,76.043,72.383,75.995,56.078,3.411,4.954,1.148,100.0,1022.22,82.068
0.0,94.67,40.0,60.0,40.0,3036.94,1395.59,2445.256,2642.728,603.712,59.884,76.0,72.379,76.016,55.953,3.429,4.951,1.152,100.0,1022.22,81.867
0.0,95.983,40.0,60.0,40.0,3025.79,1398.65,2430.595,2638.275,596.314,59.814,75.914,72.372,75.951,55.874,3.448,4.948,1.157,100.0,1022.22,81.575
0.0,97.353,40.0,60.0,40.0,3013.3,1402.04,2414.016,2633.294,587.889,59.835,75.876,72.367,75.896,55.885,3.468,4.945,1.162,100.0,1022.22,81.504
0.0,98.745,40.0,60.0,40.0,3000.97,1405.36,2397.472,2628.349,579.438,59.744,75.889,72.364,75.887,55.783,3.488,4.941,1.167,100.0,1022.22,81.614
0.0,100.0,40.0,60.0,40.0,2988.52,1408.7,2380.611,2623.35,570.759,59.772,75.86,72.357,75.873,55.8,3.508,4.937,1.172,100.0,1022.22,81.517
0.0,100.0,40.0,60.0,40.0,2975.25,1412.21,2362.448,2618.018,561.35,59.678,75.834,72.356,75.845,55.694,3.529,4.932,1.177,100.0,1022.22,81.478
0.0,100.0,40.0,60.0,40.0,2965.02,1414.93,2348.315,2613.864,553.997,59.636,75.915,72.363,75.879,55.64,3.545,4.928,1.181,100.0,1022.22,81.873
0.0,100.0,40.0,60.0,40.0,2960.34,1416.2,2341.803,2611.893,550.611,59.567,76.017,72.372,75.969,55.564,3.553,4.927,1.183,100.0,1022.22,82.281
0.0,100.0,40.0,60.0,40.0,2960.18,1416.3,2341.592,2611.752,550.526,59.579,76.036,72.374,76.021,55.574,3.553,4.927,1.183,100.0,1022.22,82.307
0.0,100.0,40.0,60.0,40.0,2960.35,1416.31,2341.838,2611.734,550.685,59.656,76.093,72.375,76.064,55.651,3.552,4.927,1.183,100.0,1022.22,82.586
0.0,100.0,40.0,60.0,40.0,2962.93,1415.69,2345.411,2612.702,552.587,59.804,76.173,72.386,76.134,55.801,3.548,4.928,1.183,100.0,1022.22,82.865
0.0,100.0,40.0,60.0,40.0,2970.31,1413.81,2355.637,2615.571,557.968,59.778,76.283,72.397,76.23,55.781,3.537,4.93,1.18,100.0,1022.22,83.273
0.0,100.0,40.0,60.0,40.0,2981.47,1410.95,2370.984,2619.954,565.977,60.087,76.34,72.4,76.309,56.099,3.519,4.934,1.175,100.0,1022.22,83.383
0.0,100.0,40.0,60.0,40.0,2991.41,1408.36,2384.536,2623.861,573.012,60.064,76.366,72.397,76.351,56.086,3.503,4.938,1.171,100.0,1022.22,83.467
0.0,100.0,40.0,60.0,40.0,2997.81,1406.65,2393.213,2626.43,577.47,59.884,76.323,72.391,76.341,55.914,3.493,4.94,1.169,100.0,1022.22,83.247
0.0,100.0,40.0,60.0,40.0,3000.74,1405.82,2397.173,2627.68,579.48,59.838,76.22,72.392,76.267,55.871,3.488,4.941,1.168,100.0,1022.22,82.8
0.0,100.0,40.0,60.0,40.0,3004.07,1404.89,2401.643,2629.07,581.757,59.836,76.115,72.391,76.167,55.872,3.483,4.942,1.166,100.0,1022.22,82.372
0.0,100.0,40.0,60.0,40.0,3005.43,1404.47,2403.474,2629.686,582.659,59.764,76.028,72.387,76.071,55.802,3.48,4.942,1.166,100.0,1022.22,82.042
0.0,100.0,40.0,60.0,40.0,3004.75,1404.58,2402.558,2629.51,582.162,59.569,76.004,72.381,76.019,55.607,3.482,4.942,1.166,100.0,1022.22,82.003
0.0,100.0,40.0,60.0,40.0,3000.43,1405.66,2396.75,2627.909,579.14,59.636,76.03,72.37,76.022,55.672,3.489,4.941,1.167,100.0,1022.22,82.165
0.0,100.0,40.0,60.0,40.0,2991.47,1407.96,2384.624,2624.459,572.859,59.587,75.995,72.361,76.01,55.616,3.503,4.938,1.171,100.0,1022.22,82.055
0.0,100.0,40.0,60.0,40.0,2979.15,1411.14,2367.816,2619.654,564.115,59.6,75.986,72.353,75.991,55.619,3.523,4.934,1.176,100.0,1022.22,82.107
0.0,100.0,40.0,60.0,40.0,2964.5,1414.93,2347.611,2613.864,553.55,59.411,75.975,72.346,75.981,55.417,3.546,4.928,1.181,100.0,1022.22,82.145
0.0,100.0,40.0,60.0,40.0,2948.24,1419.14,2324.89,2607.334,541.592,59.349,75.972,72.339,75.975,55.339,3.572,4.922,1.188,100.0,1022.22,82.217
0.0,100.0,40.0,60.0,40.0,2930.72,1423.68,2300.074,2600.206,528.431,59.298,75.894,72.332,75.93,55.269,3.599,4.914,1.195,100.0,1022.22,81.951
0.0,100.0,40.0,60.0,40.0,2912.54,1428.38,2273.938,2592.709,514.459,59.137,75.843,72.327,75.87,55.088,3.626,4.906,1.202,100.0,1022.22,81.854
0.0,100.0,40.0,60.0,40.0,2894.03,1433.14,2246.939,2584.965,499.886,59.045,75.802,72.321,75.825,54.974,3.654,4.897,1.21,100.0,1022.22,81.782
0.0,100.0,40.0,60.0,40.0,2875.52,1437.89,2219.554,2577.133,484.95,58.929,75.764,72.317,75.785,54.834,3.681,4.887,1.218,100.0,1022.22,81.731
0.0,100.0,40.0,60.0,40.0,2857.32,1442.52,2192.238,2569.354,469.908,58.82,75.733,72.312,75.751,54.701,3.707,4.877,1.225,100.0,1022.22,81.718
0.0,100.0,40.0,60.0,40.0,2839.7,1446.98,2165.416,2561.733,454.986,58.772,75.701,72.309,75.719,54.628,3.731,4.866,1.233,100.0,1022.22,81.679
0.0,100.0,40.0,60.0,40.0,2823.01,1451.16,2139.72,2554.446,440.528,58.718,75.653,72.306,75.678,54.549,3.754,4.856,1.24,100.0,1022.22,81.575
0.0,100.0,40.0,60.0,40.0,2807.41,1454.22,2115.414,2549.043,423.567,58.651,75.636,72.305,75.647,54.457,3.769,4.845,1.245,100.0,1022.22,81.692
0.0,100.0,40.0,60.0,40.0,2793.59,1456.92,2093.696,2544.221,408.311,58.542,75.62,72.309,75.629,54.325,3.781,4.836,1.25,100.0,1022.22,81.77
0.0,100.0,40.0,60.0,40.0,2783.99,1458.83,2078.49,2540.771,397.672,58.371,75.636,72.312,75.631,54.134,3.79,4.829,1.253,100.0,1022.22,81.964
0.0,100.0,40.0,60.0,40.0,2776.67,1460.31,2066.856,2538.061,389.551,58.343,75.617,72.316,75.624,54.092,3.796,4.823,1.256,100.0,1022.22,81.925
0.0,100.0,40.0,60.0,40.0,2774.21,1460.88,2062.931,2537.022,386.883,58.32,75.674,72.33,75.646,54.061,3.799,4.821,1.257,100.0,1022.22,82.243
0.0,100.0,40.0,60.0,40.0,2778.53,1460.19,2069.813,2538.307,391.831,58.32,75.731,72.344,75.7,54.064,3.795,4.825,1.255,100.0,1022.22,82.385
0.0,100.0,40.0,60.0,40.0,2788.21,1458.48,2085.178,2541.405,402.771,58.449,75.783,72.352,75.753,54.206,3.786,4.832,1.252,100.0,1022.22,82.456
0.0,100.0,40.0,60.0,40.0,2799.38,1456.49,2102.813,2544.995,415.302,58.512,75.827,72.351,75.801,54.287,3.776,4.84,1.249,100.0,1022.22,82.534
0.0,100.0,40.0,60.0,40.0,2808.27,1454.9,2116.77,2547.829,425.223,58.628,75.887,72.347,75.855,54.419,3.768,4.846,1.246,100.0,1022.22,82.716
0.0,100.0,40.0,60.0,40.0,2814.37,1453.81,2126.291,2549.782,432.003,58.71,75.902,72.344,75.891,54.512,3.762,4.85,1.244,100.0,1022.22,82.69
0.0,100.0,40.0,60.0,40.0,2818.46,1453.06,2132.662,2551.102,436.512,58.633,75.864,72.34,75.88,54.443,3.758,4.853,1.243,100.0,1022.22,82.45
0.0,100.0,40.0,60.0,40.0,2820.75,1452.63,2136.218,2551.859,439.021,58.662,75.829,72.342,75.845,54.477,3.756,4.854,1.242,100.0,1022.22,82.269
0.0,100.0,40.0,60.0,40.0,2825.59,1451.48,2143.715,2553.883,443.453,58.768,75.906,72.354,75.871,54.589,3.75,4.857,1.24,100.0,1022.22,82.599
0.0,100.0,40.0,60.0,40.0,2835.1,1449.14,2158.358,2557.984,451.713,58.736,75.967,72.364,75.935,54.568,3.737,4.863,1.236,100.0,1022.22,82.742
0.0,100.0,40.0,60.0,40.0,2848.2,1445.88,2178.405,2563.616,462.922,58.78,76.013,72.373,75.986,54.63,3.719,4.871,1.231,100.0,1022.22,82.839
0.0,100.0,40.0,60.0,40.0,2863.89,1441.94,2202.147,2570.322,476.084,59.026,76.122,72.382,76.067,54.896,3.697,4.881,1.224,100.0,1022.22,83.208
0.0,100.0,40.0,60.0,40.0,2881.5,1437.48,2228.442,2577.819,490.512,59.174,76.225,72.383,76.173,55.067,3.672,4.89,1.217,100.0,1022.22,83.519
0.0,100.0,40.0,60.0,40.0,2896.69,1433.57,2250.846,2584.278,502.672,59.206,76.22,72.383,76.216,55.12,3.649,4.898,1.211,100.0,1022.22,83.344
0.0,100.0,40.0,60.0,40.0,2911.15,1429.8,2271.931,2590.403,514.008,59.22,76.159,72.384,76.185,55.153,3.628,4.905,1.205,100.0,1022.22,82.981
0.0,100.0,40.0,60.0,40.0,2922.33,1426.84,2288.053,2595.173,522.597,59.239,76.114,72.374,76.137,55.188,3.611,4.911,1.2,100.0,1022.22,82.774
0.0,100.0,40.0,60.0,40.0,2927.68,1425.36,2295.726,2597.549,526.627,59.215,76.054,72.364,76.085,55.172,3.603,4.913,1.198,100.0,1022.22,82.534
0.0,100.0,40.0,60.0,40.0,2928.3,1425.09,2296.606,2597.971,527.037,59.243,76.007,72.362,76.031,55.203,3.602,4.913,1.197,100.0,1022.22,82.346
0.0,100.0,40.0,60.0,40.0,2929.9,1424.58,2298.894,2598.781,528.201,59.33,76.039,72.37,76.026,55.292,3.599,4.914,1.196,100.0,1022.22,82.482
0.0,100.0,40.0,60.0,40.0,2934.75,1423.25,2305.811,2600.893,531.828,59.372,76.135,72.372,76.091,55.338,3.592,4.916,1.194,100.0,1022.22,82.878
0.0,100.0,40.0,60.0,40.0,2939.46,1421.96,2312.482,2602.934,535.334,59.331,76.184,72.373,76.156,55.302,3.585,4.918,1.192,100.0,1022.22,83.053
0.0,100.0,40.0,60.0,40.0,2945.33,1420.38,2320.771,2605.398,539.69,59.479,76.269,72.381,76.227,55.456,3.576,4.921,1.19,100.0,1022.22,83.37
0.0,100.0,40.0,60.0,40.0,2953.71,1418.16,2332.563,2608.866,545.878,59.539,76.332,72.383,76.302,55.524,3.563,4.924,1.186,100.0,1022.22,83.545
0.0,100.0,40.0,60.0,40.0,2960.17,1416.44,2341.574,2611.541,550.593,59.511,76.249,72.375,76.282,55.504,3.553,4.927,1.184,100.0,1022.22,83.143
0.0,100.0,40.0,60.0,40.0,2961.79,1415.97,2343.845,2612.262,551.755,59.599,76.184,72.367,76.215,55.595,3.55,4.927,1.183,100.0,1022.22,82.917
0.0,100.0,40.0,60.0,40.0,2959.16,1416.61,2340.166,2611.277,549.803,59.535,76.131,72.36,76.159,55.53,3.554,4.926,1.184,100.0,1022.22,82.742
0.0,100.0,40.0,60.0,40.0,2953.19,1418.11,2331.824,2608.936,545.396,59.472,76.11,72.353,76.123,55.462,3.564,4.924,1.186,100.0,1022.22,82.716
0.0,100.0,40.0,60.0,40.0,2944.62,1420.3,2319.786,2605.522,539.021,59.385,76.074,72.352,76.091,55.367,3.577,4.92,1.19,100.0,1022.22,82.612
0.0,100.0,40.0,60.0,40.0,2938.02,1421.99,2310.458,2602.864,534.068,59.41,76.134,72.359,76.108,55.384,3.587,4.918,1.192,100.0,1022.22,82.917
0.0,100.0,40.0,60.0,40.0,2935.6,1422.62,2307.026,2601.878,532.247,59.47,76.182,72.364,76.158,55.44,3.591,4.917,1.193,100.0,1022.22,83.105
0.0,100.0,40.0,60.0,40.0,2935.49,1422.67,2306.85,2601.808,532.166,59.454,76.265,72.369,76.224,55.423,3.591,4.916,1.193,100.0,1022.22,83.455
0.0,100.0,40.0,60.0,40.0,2937.7,1422.12,2310.0,2602.67,533.85,59.57,76.337,72.377,76.299,55.54,3.588,4.917,1.192,100.0,1022.22,83.72
0.0,100.0,40.0,60.0,40.0,2943.32,1420.7,2317.955,2604.906,538.083,59.572,76.413,72.385,76.374,55.547,3.579,4.92,1.19,100.0,1022.22,83.96
0.0,100.0,40.0,60.0,40.0,2951.77,1418.54,2329.835,2608.285,544.379,59.666,76.41,72.393,76.406,55.648,3.566,4.923,1.187,100.0,1022.22,83.837
0.0,100.0,40.0,60.0,40.0,2962.26,1415.84,2344.496,2612.456,552.094,59.668,76.421,72.395,76.416,55.661,3.549,4.927,1.183,100.0,1022.22,83.837
0.0,100.0,40.0,60.0,40.0,2971.23,1413.53,2356.922,2616.011,558.606,59.744,76.377,72.394,76.396,55.747,3.535,4.931,1.179,100.0,1022.22,83.584
0.0,100.0,40.0,60.0,40.0,2978.78,1411.57,2367.306,2619.003,564.024,59.689,76.366,72.393,76.372,55.7,3.523,4.933,1.176,100.0,1022.22,83.545
0.0,100.0,40.0,60.0,40.0,2983.91,1410.23,2374.328,2621.027,567.676,59.992,76.426,72.391,76.4,56.008,3.515,4.935,1.174,100.0,1022.22,83.798
0.0,100.0,40.0,60.0,40.0,2987.71,1409.23,2379.502,2622.558,570.353,59.884,76.507,72.39,76.471,55.905,3.509,4.936,1.173,100.0,1022.22,84.116
0.0,100.0,40.0,60.0,40.0,2989.27,1408.78,2381.632,2623.227,571.44,59.813,76.437,72.39,76.464,55.836,3.506,4.937,1.172,100.0,1022.22,83.746
0.0,100.0,40.0,60.0,40.0,2991.4,1408.19,2384.536,2624.107,572.919,59.915,76.388,72.398,76.41,55.94,3.503,4.938,1.171,100.0,1022.22,83.545
0.0,100.0,40.0,60.0,40.0,2996.19,1406.91,2391.013,2626.043,576.256,59.758,76.418,72.399,76.408,55.786,3.495,4.939,1.169,100.0,1022.22,83.681
0.0,100.0,40.0,60.0,40.0,2999.96,1405.89,2396.117,2627.574,578.868,59.912,76.396,72.4,76.405,55.944,3.489,4.94,1.168,100.0,1022.22,83.532
0.0,100.0,40.0,60.0,40.0,3003.8,1404.85,2401.274,2629.123,581.511,59.892,76.394,72.4,76.397,55.928,3.483,4.942,1.166,100.0,1022.22,83.519
0.0,100.0,40.0,60.0,40.0,3005.34,1404.41,2403.35,2629.774,582.56,59.85,76.287,72.397,76.334,55.888,3.481,4.942,1.165,100.0,1022.22,83.053
0.0,100.0,40.0,60.0,40.0,3006.33,1404.12,2404.688,2630.214,583.227,59.826,76.273,72.401,76.284,55.865,3.479,4.942,1.165,100.0,1022.22,83.027
0.0,100.0,40.0,60.0,40.0,3008.37,1403.56,2407.416,2631.042,584.619,59.809,76.238,72.401,76.254,55.85,3.476,4.943,1.164,100.0,1022.22,82.865
0.0,100.0,40.0,60.0,40.0,3009.39,1403.28,2408.771,2631.464,585.311,59.861,76.312,72.396,76.282,55.903,3.474,4.943,1.164,100.0,1022.22,83.221
0.0,100.0,40.0,60.0,40.0,3007.23,1403.83,2405.885,2630.637,583.817,59.872,76.297,72.394,76.3,55.912,3.478,4.943,1.165,100.0,1022.22,83.143
0.0,100.0,40.0,60.0,40.0,3004.67,1404.49,2402.453,2629.669,582.048,59.93,76.362,72.396,76.334,55.968,3.482,4.942,1.166,100.0,1022.22,83.442
0.0,100.0,40.0,60.0,40.0,3003.05,1404.91,2400.27,2629.035,580.923,59.82,76.338,72.399,76.346,55.857,3.484,4.941,1.166,100.0,1022.22,83.299
0.0,100.0,40.0,60.0,40.0,3003.05,1404.9,2400.27,2629.035,580.925,59.976,76.381,72.404,76.361,56.013,3.484,4.941,1.166,100.0,1022.22,83.493
0.0,100.0,40.0,60.0,40.0,3005.27,1404.33,2403.262,2629.898,582.46,59.888,76.42,72.41,76.401,55.925,3.481,4.942,1.165,100.0,1022.22,83.63
0.0,100.0,40.0,60.0,40.0,3009.5,1403.23,2408.93,2631.534,585.374,59.916,76.483,72.415,76.453,55.957,3.474,4.943,1.164,100.0,1022.22,83.85
0.0,100.0,40.0,60.0,40.0,3015.32,1401.71,2416.691,2633.787,589.364,60.143,76.544,72.421,76.513,56.188,3.464,4.945,1.161,100.0,1022.22,84.051
0.0,100.0,40.0,60.0,40.0,3023.03,1399.69,2426.934,2636.744,594.604,60.207,76.655,72.428,76.603,56.258,3.452,4.947,1.159,100.0,1022.22,84.472
0.0,100.0,40.0,60.0,40.0,3032.84,1397.11,2439.888,2640.528,601.195,60.334,76.723,72.436,76.69,56.393,3.436,4.95,1.155,100.0,1022.22,84.608
0.0,100.0,40.0,60.0,40.0,3044.68,1393.97,2455.358,2645.069,609.036,60.309,76.622,72.443,76.662,56.376,3.416,4.953,1.15,100.0,1022.22,84.077
0.0,100.0,40.0,60.0,40.0,3057.64,1390.53,2472.166,2650.014,617.498,60.221,76.509,72.443,76.561,56.298,3.395,4.956,1.145,100.0,1022.22,83.61
0.0,100.0,40.0,60.0,40.0,3066.53,1388.14,2483.589,2653.411,623.218,60.284,76.401,72.434,76.452,56.37,3.38,4.958,1.142,100.0,1022.22,83.195
0.0,100.0,40.0,60.0,40.0,3069.01,1387.44,2486.757,2654.414,624.784,60.393,76.368,72.425,76.388,56.482,3.376,4.958,1.141,100.0,1022.22,83.118
0.0,100.0,40.0,60.0,40.0,3066.25,1388.11,2483.219,2653.464,622.982,60.35,76.349,72.418,76.362,56.439,3.381,4.958,1.142,100.0,1022.22,83.066
0.0,100.0,40.0,60.0,40.0,3059.22,1389.9,2474.19,2650.912,618.42,60.351,76.264,72.412,76.303,56.436,3.392,4.956,1.144,100.0,1022.22,82.748
0.0,100.0,40.0,60.0,40.0,3048.78,1392.59,2460.691,2647.058,611.586,60.289,76.168,72.406,76.214,56.367,3.41,4.954,1.148,100.0,1022.22,82.411
0.0,100.0,40.0,60.0,40.0,3035.63,1395.99,2443.549,2642.147,602.872,60.235,76.076,72.4,76.121,56.304,3.431,4.951,1.153,100.0,1022.22,82.107
0.0,100.0,40.0,60.0,40.0,3020.42,1399.95,2423.485,2636.374,592.631,60.124,76.032,72.395,76.056,56.181,3.456,4.947,1.159,100.0,1022.22,82.016
0.0,100.0,40.0,60.0,40.0,3003.59,1404.34,2401.01,2629.88,581.089,60.002,76.004,72.39,76.02,56.045,3.484,4.942,1.165,100.0,1022.22,81.99
0.0,100.0,40.0,60.0,40.0,2985.56,1409.06,2376.581,2622.805,568.457,59.936,75.993,72.385,76.0,55.963,3.513,4.936,1.172,100.0,1022.22,82.029
0.0,100.0,40.0,60.0,40.0,2966.78,1413.97,2350.762,2615.325,555.009,59.814,75.986,72.38,75.99,55.823,3.543,4.929,1.18,100.0,1022.22,82.068
0.0,100.0,40.0,60.0,40.0,2947.98,1418.89,2324.52,2607.722,541.221,59.694,75.969,72.382,75.977,55.684,3.572,4.922,1.187,100.0,1022.22,82.081
0.0,100.0,40.0,60.0,40.0,2933.23,1422.76,2303.646,2601.667,530.179,59.598,75.998,72.391,75.985,55.571,3.595,4.916,1.193,100.0,1022.22,82.256
0.0,100.0,40.0,60.0,40.0,2923.79,1425.26,2290.147,2597.707,523.019,59.585,76.078,72.396,76.041,55.545,3.61,4.911,1.197,100.0,1022.22,82.638
0.0,100.0,40.0,60.0,40.0,2917.58,1426.92,2281.224,2595.032,518.274,59.558,76.103,72.402,76.086,55.51,3.619,4.908,1.2,100.0,1022.22,82.729
0.0,100.0,40.0,60.0,40.0,2914.72,1427.74,2277.088,2593.73,516.106,59.546,76.18,72.405,76.143,55.493,3.623,4.907,1.201,100.0,1022.22,83.079
0.0,100.0,40.0,60.0,40.0,2911.82,1428.57,2272.899,2592.41,513.899,59.49,76.171,72.403,76.171,55.433,3.628,4.906,1.203,100.0,1022.22,83.007
0.0,100.0,40.0,60.0,40.0,2909.45,1429.26,2269.467,2591.283,512.1,59.453,76.148,72.409,76.156,55.393,3.631,4.905,1.204,100.0,1022.22,82.917
0.0,100.0,40.0,60.0,40.0,2910.32,1429.13,2270.717,2591.494,512.832,59.515,76.198,72.417,76.176,55.454,3.63,4.905,1.204,100.0,1022.22,83.143
0.0,100.0,40.0,60.0,40.0,2913.74,1428.33,2275.68,2592.779,515.55,59.651,76.255,72.418,76.229,55.593,3.624,4.907,1.202,100.0,1022.22,83.344
0.0,100.0,40.0,60.0,40.0,2915.92,1427.85,2278.83,2593.554,517.278,59.625,76.23,72.414,76.238,55.57,3.621,4.908,1.201,100.0,1022.22,83.195
0.0,100.0,40.0,60.0,40.0,2915.43,1428.03,2278.126,2593.272,516.938,59.615,76.192,72.411,76.21,55.561,3.622,4.907,1.202,100.0,1022.22,83.04
0.0,100.0,40.0,60.0,40.0,2913.04,1428.69,2274.677,2592.216,515.108,59.685,76.147,72.408,76.17,55.629,3.625,4.906,1.203,100.0,1022.22,82.865
0.0,100.0,40.0,60.0,40.0,2909.11,1429.72,2268.974,2590.544,512.061,59.577,76.108,72.405,76.129,55.518,3.631,4.904,1.204,100.0,1022.22,82.748
0.0,100.0,40.0,60.0,40.0,2903.66,1431.13,2261.054,2588.256,507.795,59.561,76.085,72.402,76.098,55.495,3.639,4.902,1.207,100.0,1022.22,82.69
0.0,100.0,40.0,60.0,40.0,2896.87,1432.87,2251.11,2585.405,502.422,59.448,76.056,72.398,76.071,55.374,3.65,4.898,1.21,100.0,1022.22,82.625
0.0,100.0,40.0,60.0,40.0,2889.29,1434.81,2239.97,2582.237,496.366,59.266,76.057,72.4,76.057,55.184,3.661,4.895,1.213,100.0,1022.22,82.69
0.0,100.0,40.0,60.0,40.0,2884.36,1436.06,2232.701,2580.178,492.404,59.205,76.115,72.407,76.088,55.115,3.668,4.892,1.215,100.0,1022.22,82.981
0.0,100.0,40.0,60.0,40.0,2883.35,1436.33,2231.187,2579.72,491.589,59.294,76.199,72.415,76.156,55.201,3.669,4.891,1.215,100.0,1022.22,83.344
0.0,100.0,40.0,60.0,40.0,2885.54,1435.79,2234.443,2580.618,493.37,59.418,76.31,72.417,76.255,55.326,3.666,4.893,1.214,100.0,1022.22,83.811
0.0,100.0,40.0,60.0,40.0,2887.12,1435.39,2236.766,2581.269,494.648,59.353,76.337,72.412,76.319,55.264,3.664,4.893,1.214,100.0,1022.22,83.876
0.0,100.0,40.0,60.0,40.0,2886.29,1435.61,2235.552,2580.917,493.984,59.334,76.278,72.408,76.303,55.244,3.665,4.893,1.214,100.0,1022.22,83.61
0.0,100.0,40.0,60.0,40.0,2883.36,1436.35,2231.205,2579.685,491.612,59.223,76.21,72.403,76.244,55.13,3.669,4.891,1.215,100.0,1022.22,83.357
0.0,100.0,40.0,60.0,40.0,2878.34,1437.62,2223.76,2577.59,487.532,59.237,76.149,72.397,76.182,55.139,3.677,4.889,1.217,100.0,1022.22,83.143
0.0,100.0,40.0,60.0,40.0,2871.52,1439.34,2213.587,2574.722,481.951,59.222,76.12,72.393,76.138,55.116,3.687,4.885,1.22,100.0,1022.22,83.079
0.0,100.0,40.0,60.0,40.0,2863.7,1441.3,2201.866,2571.413,475.485,59.122,76.078,72.392,76.099,55.006,3.698,4.881,1.223,100.0,1022.22,82.956
0.0,100.0,40.0,60.0,40.0,2857.05,1442.97,2191.834,2568.579,469.936,59.142,76.11,72.395,76.097,55.016,3.707,4.877,1.226,100.0,1022.22,83.182
0.0,100.0,40.0,60.0,40.0,2852.92,1444.02,2185.586,2566.802,466.467,59.135,76.15,72.396,76.131,55.002,3.713,4.874,1.228,100.0,1022.22,83.37
0.0,100.0,40.0,60.0,40.0,2849.18,1444.96,2179.883,2565.182,463.304,59.135,76.159,72.398,76.152,54.997,3.718,4.872,1.229,100.0,1022.22,83.422
0.0,100.0,40.0,60.0,40.0,2847.34,1445.43,2177.085,2564.373,461.752,59.093,76.18,72.401,76.169,54.951,3.721,4.871,1.23,100.0,1022.22,83.532
0.0,100.0,40.0,60.0,40.0,2846.03,1445.77,2175.096,2563.792,460.654,59.104,76.184,72.397,76.181,54.96,3.722,4.87,1.231,100.0,1022.22,83.558
0.0,100.0,40.0,60.0,40.0,2843.56,1446.4,2171.33,2562.718,458.552,59.019,76.143,72.395,76.16,54.872,3.726,4.869,1.232,100.0,1022.22,83.383
0.0,100.0,40.0,60.0,40.0,2840.9,1447.08,2167.264,2561.557,456.291,59.024,76.182,72.397,76.164,54.873,3.729,4.867,1.233,100.0,1022.22,83.642
0.0,100.0,40.0,60.0,40.0,2840.59,1447.18,2166.789,2561.381,456.032,59.108,76.265,72.405,76.224,54.955,3.73,4.867,1.233,100.0,1022.22,83.999
0.0,100.0,40.0,60.0,40.0,2843.7,1446.43,2171.541,2562.666,458.707,59.101,76.339,72.411,76.3,54.951,3.726,4.869,1.232,100.0,1022.22,84.265
0.0,100.0,40.0,60.0,40.0,2849.09,1445.11,2179.76,2564.936,463.316,59.131,76.341,72.415,76.334,54.987,3.718,4.872,1.23,100.0,1022.22,84.18
0.0,100.0,40.0,60.0,40.0,2855.63,1443.49,2189.686,2567.699,468.845,59.177,76.375,72.415,76.358,55.042,3.709,4.876,1.227,100.0,1022.22,84.316
0.0,100.0,40.0,60.0,40.0,2861.28,1442.09,2198.222,2570.075,473.586,59.176,76.389,72.417,76.38,55.049,3.701,4.879,1.225,100.0,1022.22,84.304
0.0,100.0,40.0,60.0,40.0,2868.14,1440.37,2208.518,2572.979,479.28,59.336,76.44,72.424,76.415,55.217,3.691,4.883,1.222,100.0,1022.22,84.472
0.0,100.0,40.0,60.0,40.0,2877.71,1437.96,2222.81,2577.01,487.135,59.359,76.494,72.431,76.467,55.253,3.677,4.888,1.218,100.0,1022.22,84.595
0.0,100.0,40.0,60.0,40.0,2889.51,1434.97,2240.286,2581.973,496.677,59.397,76.513,72.438,76.499,55.305,3.66,4.895,1.213,100.0,1022.22,84.569
0.0,100.0,40.0,60.0,40.0,2902.66,1431.6,2259.594,2587.482,507.133,59.532,76.614,72.44,76.567,55.455,3.641,4.901,1.207,100.0,1022.22,84.926
0.0,100.0,40.0,60.0,40.0,2914.89,1428.45,2277.334,2592.603,516.68,59.546,76.591,72.437,76.598,55.485,3.622,4.907,1.202,100.0,1022.22,84.66
0.0,100.0,40.0,60.0,40.0,2923.8,1426.12,2290.165,2596.334,523.523,59.5,76.517,72.434,76.549,55.451,3.609,4.911,1.199,100.0,1022.22,84.316
0.0,100.0,40.0,60.0,40.0,2931.8,1424.01,2301.605,2599.678,529.595,59.471,76.501,72.438,76.511,55.432,3.597,4.915,1.195,100.0,1022.22,84.213
0.0,100.0,40.0,60.0,40.0,2940.07,1421.83,2313.362,2603.128,535.813,59.735,76.532,72.435,76.521,55.705,3.584,4.918,1.192,100.0,1022.22,84.304
0.0,100.0,40.0,60.0,40.0,2945.45,1420.38,2320.947,2605.398,539.801,59.649,76.517,72.428,76.524,55.626,3.576,4.921,1.19,100.0,1022.22,84.213
0.0,100.0,40.0,60.0,40.0,2946.77,1419.98,2322.813,2606.032,540.748,59.687,76.449,72.423,76.479,55.668,3.574,4.921,1.189,100.0,1022.22,83.934
0.0,100.0,40.0,60.0,40.0,2946.62,1419.96,2322.602,2606.05,540.605,59.683,76.458,72.425,76.456,55.664,3.574,4.921,1.189,100.0,1022.22,84.012
0.0,100.0,40.0,60.0,40.0,2947.53,1419.68,2323.886,2606.507,541.255,59.754,76.535,72.425,76.502,55.735,3.572,4.922,1.189,100.0,1022.22,84.342
0.0,100.0,40.0,60.0,40.0,2946.82,1419.81,2322.883,2606.296,540.704,59.775,76.513,72.418,76.52,55.756,3.574,4.921,1.189,100.0,1022.22,84.213
0.0,100.0,40.0,60.0,40.0,2943.48,1420.63,2318.166,2605.011,538.183,59.737,76.447,72.419,76.475,55.715,3.579,4.92,1.19,100.0,1022.22,83.96
0.0,100.0,40.0,60.0,40.0,2941.84,1421.01,2315.861,2604.413,536.93,59.84,76.454,72.426,76.452,55.817,3.581,4.919,1.191,100.0,1022.22,84.025
0.0,100.0,40.0,60.0,40.0,2943.54,1420.52,2318.254,2605.17,538.183,59.692,76.538,72.429,76.501,55.668,3.579,4.92,1.19,100.0,1022.22,84.381
0.0,100.0,40.0,60.0,40.0,2945.43,1420.0,2320.93,2605.997,539.57,59.619,76.551,72.429,76.542,55.598,3.576,4.921,1.189,100.0,1022.22,84.381
0.0,100.0,40.0,60.0,40.0,2947.65,1419.4,2324.045,2606.947,541.205,59.586,76.534,72.433,76.539,55.566,3.572,4.922,1.188,100.0,1022.22,84.291
0.0,100.0,40.0,60.0,40.0,2951.02,1418.5,2328.779,2608.338,543.696,59.568,76.566,72.43,76.553,55.552,3.567,4.923,1.187,100.0,1022.22,84.433
0.0,100.0,40.0,60.0,40.0,2952.43,1418.13,2330.75,2608.918,544.732,59.637,76.552,72.428,76.557,55.624,3.565,4.924,1.186,100.0,1022.22,84.342
0.0,100.0,40.0,60.0,40.0,2953.84,1417.77,2332.739,2609.482,545.776,59.639,76.536,72.432,76.542,55.627,3.563,4.924,1.186,100.0,1022.22,84.265
0.0,100.0,40.0,60.0,40.0,2956.92,1416.97,2337.051,2610.714,548.046,59.686,76.589,72.435,76.566,55.676,3.558,4.925,1.185,100.0,1022.22,84.485
0.0,100.0,40.0,60.0,40.0,2960.95,1415.93,2342.666,2612.315,551.0,59.644,76.597,72.432,76.593,55.638,3.552,4.927,1.183,100.0,1022.22,84.472
0.0,100.0,40.0,60.0,40.0,2962.31,1415.59,2344.549,2612.843,551.999,59.666,76.538,72.428,76.562,55.663,3.549,4.927,1.182,100.0,1022.22,84.226
0.0,100.0,40.0,60.0,40.0,2962.9,1415.45,2345.376,2613.054,552.439,59.741,76.55,72.431,76.547,55.738,3.549,4.928,1.182,100.0,1022.22,84.291
0.0,100.0,40.0,60.0,40.0,2964.95,1414.94,2348.227,2613.846,553.939,59.67,76.566,72.434,76.559,55.669,3.545,4.928,1.181,100.0,1022.22,84.329
0.0,100.0,40.0,60.0,40.0,2967.96,1414.17,2352.398,2615.026,556.132,59.707,76.565,72.436,76.565,55.709,3.541,4.93,1.18,100.0,1022.22,84.291
0.0,100.0,40.0,60.0,40.0,2971.66,1413.22,2357.502,2616.486,558.807,59.683,76.545,72.438,76.554,55.688,3.535,4.931,1.179,100.0,1022.22,84.18
0.0,100.0,40.0,60.0,40.0,2975.78,1412.16,2363.17,2618.106,561.773,59.653,76.562,72.439,76.555,55.662,3.528,4.932,1.177,100.0,1022.22,84.252
0.0,100.0,40.0,60.0,40.0,2979.93,1411.08,2368.89,2619.742,564.749,59.673,76.612,72.439,76.589,55.686,3.521,4.934,1.176,100.0,1022.22,84.459
0.0,100.0,40.0,60.0,40.0,2984.02,1410.03,2374.469,2621.344,567.66,59.756,76.663,72.44,76.638,55.773,3.515,4.935,1.174,100.0,1022.22,84.634
0.0,100.0,40.0,60.0,40.0,2988.3,1408.91,2380.312,2623.034,570.689,59.912,76.707,72.443,76.685,55.934,3.508,4.937,1.172,100.0,1022.22,84.77
0.0,100.0,40.0,60.0,40.0,2993.27,1407.61,2387.07,2624.987,574.182,59.885,76.747,72.446,76.727,55.911,3.5,4.938,1.17,100.0,1022.22,84.9
0.0,100.0,40.0,60.0,40.0,2998.96,1406.11,2394.762,2627.24,578.149,60.009,76.763,72.449,76.753,56.04,3.491,4.94,1.168,100.0,1022.22,84.926
0.0,100.0,40.0,60.0,40.0,3004.93,1404.52,2402.805,2629.598,582.282,59.942,76.803,72.446,76.786,55.978,3.481,4.942,1.166,100.0,1022.22,85.062
0.0,100.0,40.0,60.0,40.0,3007.33,1403.87,2406.008,2630.584,583.919,59.929,76.705,72.436,76.748,55.968,3.477,4.943,1.165,100.0,1022.22,84.621
0.0,100.0,40.0,60.0,40.0,3004.57,1404.56,2402.312,2629.546,582.006,59.934,76.585,72.428,76.641,55.973,3.482,4.942,1.166,100.0,1022.22,84.18
0.0,100.0,40.0,60.0,40.0,2997.53,1406.39,2392.826,2626.835,577.1,59.907,76.475,72.419,76.53,55.941,3.493,4.94,1.168,100.0,1022.22,83.798
0.0,100.0,40.0,60.0,40.0,2987.0,1409.12,2378.534,2622.717,569.7,59.799,76.397,72.413,76.438,55.824,3.51,4.936,1.173,100.0,1022.22,83.571
0.0,100.0,40.0,60.0,40.0,2974.98,1412.25,2362.078,2617.965,561.141,59.775,76.362,72.408,76.383,55.789,3.529,4.932,1.177,100.0,1022.22,83.519
0.0,100.0,40.0,60.0,40.0,2961.31,1415.81,2343.158,2612.509,551.246,59.732,76.348,72.401,76.358,55.734,3.551,4.927,1.183,100.0,1022.22,83.558
0.0,100.0,40.0,60.0,40.0,2945.86,1419.83,2321.528,2606.261,539.859,59.714,76.327,72.395,76.338,55.701,3.575,4.921,1.189,100.0,1022.22,83.558
0.0,100.0,40.0,60.0,40.0,2929.57,1424.06,2298.419,2599.608,527.602,59.606,76.292,72.393,76.309,55.576,3.6,4.914,1.196,100.0,1022.22,83.506
0.0,100.0,40.0,60.0,40.0,2914.0,1428.09,2276.05,2593.184,515.645,59.463,76.264,72.39,76.28,55.415,3.624,4.907,1.202,100.0,1022.22,83.48
0.0,100.0,40.0,60.0,40.0,2898.44,1432.1,2253.416,2586.672,503.45,59.39,76.209,72.385,76.237,55.323,3.647,4.899,1.208,100.0,1022.22,83.344
0.0,100.0,40.0,60.0,40.0,2882.46,1436.21,2229.867,2579.914,490.653,59.284,76.159,72.381,76.186,55.197,3.671,4.891,1.215,100.0,1022.22,83.247
0.0,100.0,40.0,60.0,40.0,2866.38,1440.32,2205.878,2573.067,477.506,59.184,76.115,72.377,76.14,55.077,3.694,4.882,1.222,100.0,1022.22,83.169
0.0,100.0,40.0,60.0,40.0,2850.52,1444.35,2181.942,2566.238,464.263,59.142,76.075,72.375,76.097,55.012,3.716,4.873,1.228,100.0,1022.22,83.118
0.0,100.0,40.0,60.0,40.0,2836.38,1447.92,2160.347,2560.096,452.214,59.052,76.085,72.377,76.083,54.901,3.736,4.864,1.234,100.0,1022.22,83.299
0.0,100.0,40.0,60.0,40.0,2824.61,1450.88,2142.202,2554.939,442.015,58.953,76.117,72.377,76.103,54.783,3.752,4.857,1.239,100.0,1022.22,83.558
0.0,100.0,40.0,60.0,40.0,2813.95,1453.09,2125.64,2551.032,430.874,58.997,76.092,72.376,76.102,54.81,3.763,4.85,1.243,100.0,1022.22,83.558
0.0,100.0,40.0,60.0,40.0,2804.32,1454.99,2110.592,2547.67,420.306,58.951,76.096,72.377,76.096,54.748,3.772,4.843,1.246,100.0,1022.22,83.733
0.0,100.0,40.0,60.0,40.0,2796.17,1456.6,2097.762,2544.784,411.316,58.89,76.062,72.377,76.079,54.673,3.779,4.837,1.249,100.0,1022.22,83.655
0.0,100.0,40.0,60.0,40.0,2789.06,1458.01,2086.533,2542.25,403.459,58.833,76.036,72.378,76.05,54.604,3.785,4.832,1.252,100.0,1022.22,83.655
0.0,100.0,40.0,60.0,40.0,2783.8,1459.06,2078.19,2540.349,397.63,58.807,76.061,72.382,76.051,54.567,3.79,4.828,1.253,100.0,1022.22,83.876
0.0,100.0,40.0,60.0,40.0,2781.43,1459.57,2074.424,2539.416,395.023,58.8,76.094,72.389,76.076,54.554,3.792,4.827,1.254,100.0,1022.22,84.064
0.0,100.0,40.0,60.0,40.0,2782.34,1459.45,2075.867,2539.645,396.083,58.805,76.163,72.393,76.128,54.558,3.791,4.827,1.254,100.0,1022.22,84.381
0.0,100.0,40.0,60.0,40.0,2784.07,1459.16,2078.613,2540.155,398.059,58.812,76.158,72.392,76.157,54.567,3.79,4.829,1.254,100.0,1022.22,84.278
0.0,100.0,40.0,60.0,40.0,2785.15,1458.99,2080.338,2540.472,399.296,58.852,76.115,72.391,76.135,54.61,3.789,4.829,1.253,100.0,1022.22,84.012
0.0,100.0,40.0,60.0,40.0,2785.73,1458.91,2081.253,2540.63,399.971,58.841,76.047,72.39,76.083,54.601,3.788,4.83,1.253,100.0,1022.22,83.655
0.0,100.0,40.0,60.0,40.0,2785.81,1458.91,2081.394,2540.63,400.074,58.777,75.997,72.388,76.026,54.537,3.788,4.83,1.253,100.0,1022.22,83.422
0.0,100.0,40.0,60.0,40.0,2785.2,1459.03,2080.426,2540.402,399.399,58.803,75.962,72.386,75.984,54.562,3.789,4.83,1.253,100.0,1022.22,83.273
0.0,100.0,40.0,60.0,40.0,2783.95,1459.27,2078.437,2539.962,398.003,58.778,75.919,72.384,75.944,54.535,3.79,4.829,1.254,100.0,1022.22,83.066
0.0,100.0,40.0,60.0,40.0,2782.15,1459.61,2075.568,2539.346,395.979,58.718,75.854,72.381,75.89,54.473,3.791,4.827,1.254,100.0,1022.22,82.761
0.0,100.0,40.0,60.0,40.0,2779.73,1460.06,2071.731,2538.536,393.267,58.707,75.801,72.379,75.832,54.458,3.794,4.825,1.255,100.0,1022.22,82.547
0.0,100.0,40.0,60.0,40.0,2776.73,1460.62,2066.944,2537.498,389.888,58.689,75.761,72.376,75.785,54.435,3.796,4.823,1.256,100.0,1022.22,82.398
0.0,100.0,40.0,60.0,40.0,2773.27,1461.27,2061.418,2536.318,386.0,58.66,75.739,72.373,75.753,54.4,3.799,4.821,1.257,100.0,1022.22,82.359
0.0,100.0,40.0,60.0,40.0,2769.46,1461.98,2055.328,2535.016,381.704,58.656,75.725,72.371,75.734,54.39,3.803,4.818,1.259,100.0,1022.22,82.372
0.0,100.0,40.0,60.0,40.0,2765.87,1462.66,2049.59,2533.766,377.659,58.629,75.734,72.373,75.73,54.356,3.806,4.815,1.26,100.0,1022.22,82.469
0.0,100.0,40.0,60.0,40.0,2764.38,1462.94,2047.197,2533.256,375.975,58.607,75.774,72.376,75.755,54.33,3.807,4.814,1.26,100.0,1022.22,82.703
0.0,100.0,40.0,60.0,40.0,2764.14,1462.98,2046.81,2533.168,375.697,58.584,75.788,72.378,75.777,54.306,3.807,4.814,1.26,100.0,1022.22,82.761
0.0,100.0,40.0,60.0,40.0,2765.96,1462.64,2049.731,2533.802,377.763,58.615,75.847,72.384,75.815,54.339,3.806,4.815,1.26,100.0,1022.22,83.04
0.0,100.0,40.0,60.0,40.0,2770.69,1461.75,2057.299,2535.438,383.101,58.665,75.932,72.39,75.886,54.395,3.801,4.819,1.258,100.0,1022.22,83.383
0.0,100.0,40.0,60.0,40.0,2777.92,1460.39,2068.845,2537.92,391.234,58.644,76.002,72.395,75.961,54.385,3.795,4.824,1.256,100.0,1022.22,83.584
0.0,100.0,40.0,60.0,40.0,2786.87,1458.71,2083.066,2540.982,401.257,58.771,76.04,72.399,76.016,54.526,3.787,4.831,1.253,100.0,1022.22,83.584
0.0,100.0,40.0,60.0,40.0,2797.19,1456.76,2099.363,2544.502,412.748,58.797,76.061,72.404,76.047,54.569,3.778,4.838,1.249,100.0,1022.22,83.506
0.0,100.0,40.0,60.0,40.0,2808.65,1454.59,2117.35,2548.392,425.436,58.827,76.078,72.407,76.067,54.617,3.767,4.846,1.246,100.0,1022.22,83.396
0.0,100.0,40.0,60.0,40.0,2820.77,1452.28,2136.235,2552.475,438.763,58.941,76.083,72.41,76.078,54.749,3.756,4.854,1.242,100.0,1022.22,83.221
0.0,100.0,40.0,60.0,40.0,2833.08,1449.32,2155.261,2557.667,449.75,59.042,76.125,72.412,76.103,54.87,3.74,4.862,1.237,100.0,1022.22,83.344
0.0,100.0,40.0,60.0,40.0,2845.01,1446.34,2173.547,2562.824,459.99,59.05,76.186,72.413,76.155,54.896,3.724,4.87,1.232,100.0,1022.22,83.519
0.0,100.0,40.0,60.0,40.0,2856.3,1443.5,2190.69,2567.682,469.52,59.111,76.215,72.411,76.198,54.974,3.708,4.876,1.227,100.0,1022.22,83.545
0.0,100.0,40.0,60.0,40.0,2864.7,1441.37,2203.362,2571.307,476.509,59.186,76.215,72.404,76.213,55.062,3.696,4.881,1.223,100.0,1022.22,83.493
0.0,100.0,40.0,60.0,40.0,2869.7,1440.07,2210.859,2573.49,480.623,59.294,76.171,72.398,76.191,55.179,3.689,4.884,1.221,100.0,1022.22,83.273
0.0,100.0,40.0,60.0,40.0,2871.76,1439.51,2213.939,2574.44,482.288,59.299,76.131,72.393,76.152,55.189,3.686,4.885,1.22,100.0,1022.22,83.105
0.0,100.0,40.0,60.0,40.0,2871.1,1439.63,2212.954,2574.229,481.716,59.244,76.069,72.387,76.102,55.134,3.687,4.885,1.221,100.0,1022.22,82.826
0.0,100.0,40.0,60.0,40.0,2867.99,1440.36,2208.307,2572.997,479.13,59.227,75.984,72.381,76.028,55.115,3.691,4.883,1.222,100.0,1022.22,82.482
0.0,100.0,40.0,60.0,40.0,2862.76,1441.64,2200.44,2570.832,474.767,59.235,75.931,72.375,75.962,55.117,3.699,4.88,1.224,100.0,1022.22,82.32
0.0,100.0,40.0,60.0,40.0,2856.06,1443.29,2190.338,2568.034,469.146,59.142,75.898,72.374,75.918,55.015,3.708,4.876,1.227,100.0,1022.22,82.23
0.0,100.0,40.0,60.0,40.0,2850.5,1444.66,2181.89,2565.71,464.438,59.081,75.905,72.376,75.905,54.946,3.716,4.873,1.229,100.0,1022.22,82.307
0.0,100.0,40.0,60.0,40.0,2846.95,1445.53,2176.504,2564.232,461.417,59.059,75.907,72.379,75.906,54.917,3.721,4.871,1.23,100.0,1022.22,82.32
0.0,100.0,40.0,60.0,40.0,2845.06,1445.99,2173.618,2563.44,459.809,59.08,75.921,72.381,75.914,54.935,3.724,4.87,1.231,100.0,1022.22,82.398
0.0,100.0,40.0,60.0,40.0,2844.62,1446.1,2172.949,2563.246,459.427,59.025,75.926,72.382,75.923,54.878,3.724,4.869,1.231,100.0,1022.22,82.411
0.0,100.0,40.0,60.0,40.0,2844.67,1446.09,2173.019,2563.246,459.48,59.05,75.939,72.38,75.933,54.903,3.724,4.869,1.231,100.0,1022.22,82.495
0.0,100.0,40.0,60.0,40.0,2843.73,1446.34,2171.576,2562.824,458.681,59.039,75.936,72.375,75.937,54.892,3.726,4.869,1.232,100.0,1022.22,82.482
0.0,100.0,40.0,60.0,40.0,2840.78,1447.09,2167.088,2561.539,456.171,59.069,75.913,72.37,75.924,54.918,3.73,4.867,1.233,100.0,1022.22,82.411
0.0,100.0,40.0,60.0,40.0,2836.41,1448.19,2160.382,2559.621,452.424,59.047,75.902,72.369,75.908,54.89,3.736,4.864,1.235,100.0,1022.22,82.411
0.0,100.0,40.0,60.0,40.0,2832.71,1449.12,2154.698,2558.002,449.244,59.008,75.911,72.368,75.908,54.846,3.741,4.862,1.236,100.0,1022.22,82.482
0.0,100.0,40.0,60.0,40.0,2828.49,1450.19,2148.186,2556.154,445.584,59.012,75.895,72.363,75.902,54.844,3.746,4.859,1.238,100.0,1022.22,82.45
0.0,100.0,40.0,60.0,40.0,2823.27,1451.49,2140.107,2553.866,441.031,58.945,75.894,72.363,75.895,54.769,3.753,4.856,1.24,100.0,1022.22,82.508
0.0,100.0,40.0,60.0,40.0,2819.24,1452.34,2133.877,2552.37,436.897,58.912,75.898,72.366,75.896,54.73,3.758,4.853,1.242,100.0,1022.22,82.56
0.0,100.0,40.0,60.0,40.0,2817.22,1452.75,2130.726,2551.648,434.694,58.893,75.926,72.369,75.912,54.706,3.759,4.852,1.243,100.0,1022.22,82.716
0.0,100.0,40.0,60.0,40.0,2816.64,1452.88,2129.829,2551.419,434.081,58.887,75.944,72.369,75.934,54.698,3.76,4.851,1.243,100.0,1022.22,82.8
0.0,100.0,40.0,60.0,40.0,2816.35,1452.96,2129.371,2551.278,433.78,58.864,75.934,72.37,75.937,54.674,3.76,4.851,1.243,100.0,1022.22,82.748
0.0,100.0,40.0,60.0,40.0,2816.82,1452.89,2130.11,2551.402,434.319,58.85,75.936,72.371,75.935,54.661,3.76,4.852,1.243,100.0,1022.22,82.748
0.0,100.0,40.0,60.0,40.0,2817.89,1452.71,2131.782,2551.718,435.508,58.811,75.934,72.37,75.935,54.623,3.759,4.852,1.242,100.0,1022.22,82.729
0.0,100.0,40.0,60.0,40.0,2818.13,1452.68,2132.134,2551.771,435.78,58.843,75.92,72.368,75.927,54.656,3.759,4.852,1.242,100.0,1022.22,82.651
0.0,100.0,40.0,60.0,40.0,2818.5,1452.63,2132.715,2551.859,436.202,58.79,75.913,72.37,75.917,54.603,3.758,4.853,1.242,100.0,1022.22,82.612
0.0,100.0,40.0,60.0,40.0,2819.67,1452.42,2134.528,2552.229,437.497,58.792,75.91,72.37,75.912,54.606,3.757,4.853,1.242,100.0,1022.22,82.586
0.0,100.0,40.0,60.0,40.0,2821.53,1452.08,2137.432,2552.827,439.548,58.832,75.932,72.372,75.921,54.649,3.755,4.855,1.241,100.0,1022.22,82.664
0.0,100.0,40.0,60.0,40.0,2824.04,1451.5,2141.322,2553.848,441.848,58.843,75.958,72.373,75.945,54.663,3.752,4.856,1.24,100.0,1022.22,82.761
0.0,100.0,40.0,60.0,40.0,2827.07,1450.76,2146.003,2555.15,444.504,58.843,75.953,72.374,75.953,54.668,3.748,4.858,1.239,100.0,1022.22,82.69
0.0,100.0,40.0,60.0,40.0,2830.43,1449.94,2151.195,2556.576,447.436,58.798,75.948,72.374,75.949,54.627,3.744,4.86,1.238,100.0,1022.22,82.651
0.0,100.0,40.0,60.0,40.0,2833.84,1449.1,2156.44,2558.037,450.395,58.923,75.978,72.374,75.964,54.758,3.739,4.863,1.236,100.0,1022.22,82.774
0.0,100.0,40.0,60.0,40.0,2837.46,1448.21,2162.002,2559.603,453.519,58.85,75.999,72.375,75.988,54.69,3.734,4.865,1.235,100.0,1022.22,82.826
0.0,100.0,40.0,60.0,40.0,2841.21,1447.27,2167.739,2561.205,456.734,58.847,75.991,72.375,75.993,54.692,3.729,4.867,1.233,100.0,1022.22,82.761
0.0,100.0,40.0,60.0,40.0,2844.73,1446.39,2173.125,2562.736,459.74,58.924,76.008,72.375,75.999,54.775,3.724,4.869,1.232,100.0,1022.22,82.839
0.0,100.0,40.0,60.0,40.0,2848.08,1445.55,2178.229,2564.179,462.586,58.99,76.052,72.375,76.031,54.845,3.719,4.871,1.23,100.0,1022.22,83.007
0.0,100.0,40.0,60.0,40.0,2851.38,1444.72,2183.227,2565.605,465.37,58.983,76.052,72.375,76.05,54.843,3.715,4.873,1.229,100.0,1022.22,82.956
0.0,100.0,40.0,60.0,40.0,2854.57,1443.91,2188.067,2566.995,468.049,58.941,76.033,72.374,76.041,54.807,3.71,4.875,1.228,100.0,1022.22,82.852
0.0,100.0,40.0,60.0,40.0,2857.39,1443.19,2192.344,2568.21,470.408,58.998,76.02,72.374,76.027,54.868,3.706,4.877,1.226,100.0,1022.22,82.787
0.0,100.0,40.0,60.0,40.0,2859.88,1442.55,2196.093,2569.301,472.479,58.98,76.0,72.373,76.011,54.853,3.703,4.878,1.225,100.0,1022.22,82.677
0.0,100.0,40.0,60.0,40.0,2861.93,1442.02,2199.19,2570.198,474.183,59.004,75.996,72.372,75.999,54.88,3.7,4.88,1.224,100.0,1022.22,82.651
0.0,100.0,40.0,60.0,40.0,2863.52,1441.6,2201.584,2570.902,475.499,58.991,76.007,72.371,76.002,54.87,3.698,4.88,1.224,100.0,1022.22,82.703
0.0,100.0,40.0,60.0,40.0,2864.73,1441.28,2203.397,2571.448,476.49,59.031,76.024,72.37,76.015,54.912,3.696,4.881,1.223,100.0,1022.22,82.774
0.0,100.0,40.0,60.0,40.0,2865.64,1441.04,2204.77,2571.853,477.236,59.082,76.054,72.369,76.039,54.964,3.695,4.882,1.223,100.0,1022.22,82.917
0.0,100.0,40.0,60.0,40.0,2866.43,1440.83,2205.949,2572.205,477.882,59.144,76.091,72.369,76.072,55.027,3.694,4.882,1.222,100.0,1022.22,83.079
0.0,100.0,40.0,60.0,40.0,2867.32,1440.59,2207.286,2572.61,478.609,59.204,76.115,72.37,76.101,55.088,3.692,4.883,1.222,100.0,1022.22,83.182
0.0,100.0,40.0,60.0,40.0,2868.56,1440.26,2209.152,2573.155,479.628,59.233,76.135,72.371,76.124,55.119,3.691,4.883,1.222,100.0,1022.22,83.247
0.0,100.0,40.0,60.0,40.0,2870.25,1439.82,2211.686,2573.894,481.012,59.246,76.144,72.373,76.138,55.134,3.688,4.884,1.221,100.0,1022.22,83.273
0.0,100.0,40.0,60.0,40.0,2872.34,1439.28,2214.819,2574.81,482.719,59.278,76.149,72.374,76.146,55.168,3.685,4.885,1.22,100.0,1022.22,83.273
0.0,100.0,40.0,60.0,40.0,2875.19,1438.54,2219.061,2576.059,485.037,59.246,76.131,72.382,76.139,55.139,3.681,4.887,1.219,100.0,1022.22,83.118
0.0,100.0,40.0,60.0,40.0,2875.8,1438.37,2219.976,2576.323,485.535,59.271,76.047,72.308,76.091,55.168,3.68,4.887,1.218,100.0,1022.22,83.02
0.0,100.0,40.0,60.0,40.0,2841.93,1447.04,2168.848,2561.61,457.32,59.156,75.868,72.144,75.959,55.026,3.728,4.868,1.233,100.0,1022.22,83.079
0.0,60.0,0.0,100.0,0.0,2762.2,769.98,2043.694,1959.285,86.739,58.121,73.84,71.981,74.582,53.879,3.97,4.812,0.858,100.0,0.0,83.04
0.0,12.0,0.0,100.0,0.0,2656.02,299.185,1870.774,1594.609,277.71,63.497,74.256,71.869,74.211,59.087,3.872,4.722,0.409,100.0,0.0,82.994
0.0,0.0,0.0,100.0,0.0,2532.95,49.295,1677.343,1257.33,420.392,69.369,74.871,71.828,74.531,64.703,3.775,4.607,0.09,100.0,0.0,82.93
0.0,0.0,0.0,100.0,0.0,2396.73,0.0,1495.336,1033.49,460.852,74.502,75.32,71.866,74.998,69.543,3.703,4.494,-0.07,100.0,0.0,82.904
0.0,0.0,0.0,100.0,0.0,2200.76,0.0,1358.018,911.631,445.299,77.2,75.57,71.947,75.345,72.078,3.688,4.411,-0.103,100.0,0.0,82.93
0.0,0.0,0.0,100.0,0.0,2020.67,0.0,1262.154,855.388,405.724,78.596,75.546,72.039,75.492,73.504,3.692,4.358,-0.091,100.0,0.0,82.878
0.0,0.0,0.0,100.0,0.0,1921.2,0.0,1207.907,824.081,382.805,79.377,75.535,72.131,75.523,74.325,3.693,4.329,-0.084,100.0,0.0,82.813
0.0,0.0,0.0,100.0,0.0,1895.29,0.0,1193.628,815.632,376.98,79.842,75.589,72.216,75.549,74.808,3.694,4.322,-0.083,100.0,0.0,82.852
0.0,0.0,0.0,100.0,0.0,1936.33,0.0,1216.218,828.499,386.693,80.152,75.645,72.293,75.598,75.114,3.693,4.334,-0.085,100.0,0.0,82.774
0.0,0.0,0.0,100.0,0.0,2019.72,0.0,1261.638,854.133,406.46,80.381,75.709,72.368,75.654,75.321,3.691,4.357,-0.09,100.0,0.0,82.69
0.0,0.0,0.0,100.0,0.0,2146.89,0.0,1329.657,892.067,436.515,80.571,75.802,72.442,75.728,75.474,3.69,4.395,-0.099,100.0,0.0,82.638
0.0,0.0,0.0,100.0,0.0,2335.87,0.0,1427.987,957.792,469.047,80.755,75.848,72.513,75.8,75.601,3.677,4.452,-0.114,100.0,0.0,82.638
0.0,0.0,0.0,100.0,0.0,2445.74,0.0,1556.137,1044.787,510.106,80.761,75.944,72.588,75.877,75.709,3.656,4.532,-0.135,100.0,0.0,82.813
0.0,0.0,0.0,100.0,0.0,2553.71,0.0,1708.472,1148.071,559.045,80.646,76.001,72.669,75.957,75.811,3.616,4.626,-0.163,100.0,0.0,82.813
0.0,0.0,0.0,100.0,0.0,2668.79,0.0,1891.613,1272.227,617.896,80.482,76.036,72.757,76.009,75.902,3.541,4.733,-0.201,100.0,0.0,82.761
0.0,0.0,0.0,100.0,0.0,2799.03,0.0,2102.267,1412.286,688.311,80.297,76.083,72.854,76.055,75.974,3.404,4.839,-0.247,100.0,0.0,82.69
0.0,0.0,0.0,100.0,0.0,2958.85,0.0,2339.726,1570.161,767.7,80.138,76.172,72.959,76.127,76.043,3.188,4.926,-0.306,100.0,0.0,82.742
0.0,0.0,0.0,100.0,0.0,3146.67,0.0,2583.222,1731.125,850.013,80.052,76.303,73.073,76.243,76.133,2.899,4.969,-0.372,100.0,0.0,82.891
0.0,0.0,0.0,100.0,0.0,3284.27,0.0,2742.309,1836.595,903.492,80.07,76.399,73.188,76.354,76.245,2.679,4.97,-0.418,100.0,0.0,82.917
0.0,0.0,0.0,100.0,0.0,3426.57,0.0,2894.69,1938.147,954.195,80.129,76.524,73.305,76.472,76.36,2.446,4.949,-0.466,100.0,0.0,83.066
0.0,0.0,0.0,100.0,0.0,3510.38,0.0,2980.331,1995.576,982.332,80.214,76.6,73.426,76.568,76.474,2.304,4.929,-0.494,100.0,0.0,83.027
0.0,0.0,0.0,100.0,0.0,3581.39,0.0,3051.224,2043.202,1005.555,80.283,76.635,73.546,76.619,76.558,2.181,4.907,-0.518,100.0,0.0,82.891
0.0,0.0,0.0,100.0,0.0,3645.74,0.0,3114.619,2085.917,1026.187,80.324,76.659,73.664,76.649,76.612,2.064,4.883,-0.54,100.0,0.0,82.729
0.0,0.0,0.0,100.0,0.0,3703.76,0.0,3171.414,2124.162,1044.687,80.346,76.662,73.781,76.66,76.642,1.954,4.859,-0.56,100.0,0.0,82.495
0.0,0.0,0.0,100.0,0.0,3743.51,0.0,3210.31,2150.333,1057.373,80.359,76.693,73.9,76.682,76.662,1.876,4.842,-0.574,100.0,0.0,82.346
0.0,0.0,0.0,100.0,0.0,3751.53,0.0,3218.16,2155.613,1059.946,80.37,76.667,74.027,76.676,76.676,1.86,4.838,-0.576,100.0,0.0,81.99
0.0,0.0,0.0,100.0,0.0,3753.82,0.0,3220.413,2157.126,1060.685,80.357,76.639,74.151,76.648,76.664,1.855,4.837,-0.577,100.0,0.0,81.666
0.0,0.0,0.0,100.0,0.0,3754.82,0.0,3221.398,2157.778,1061.007,80.347,76.664,74.272,76.655,76.654,1.853,4.836,-0.578,100.0,0.0,81.517
0.0,0.0,0.0,100.0,0.0,3755.34,0.0,3221.891,2158.112,1061.174,80.364,76.716,74.388,76.697,76.671,1.852,4.836,-0.578,100.0,0.0,81.439
0.0,0.0,0.0,100.0,0.0,3755.63,0.0,3222.19,2158.306,1061.268,80.408,76.791,74.501,76.763,76.716,1.851,4.836,-0.578,100.0,0.0,81.452
0.0,0.0,0.0,100.0,0.0,3755.8,0.0,3222.349,2158.429,1061.324,80.467,76.845,74.612,76.824,76.775,1.851,4.836,-0.578,100.0,0.0,81.374
0.0,0.0,0.0,100.0,0.0,3755.91,0.0,3222.454,2158.499,1061.357,80.517,76.872,74.72,76.861,76.825,1.851,4.836,-0.578,100.0,0.0,81.238
0.0,0.0,0.0,100.0,0.0,3755.97,0.0,3222.525,2158.534,1061.379,80.55,76.886,74.822,76.879,76.857,1.85,4.836,-0.578,100.0,0.0,81.07
0.0,0.0,0.0,100.0,0.0,3756.01,0.0,3222.56,2158.552,1061.391,80.578,76.931,74.921,76.914,76.886,1.85,4.836,-0.578,100.0,0.0,81.005
0.0,0.0,0.0,100.0,0.0,3756.04,0.0,3222.578,2158.57,1061.4,80.615,76.972,75.018,76.956,76.923,1.85,4.836,-0.578,100.0,0.0,80.946
0.0,0.0,0.0,100.0,0.0,3756.05,0.0,3222.595,2158.587,1061.405,80.656,77.017,75.112,77.0,76.964,1.85,4.836,-0.578,100.0,0.0,80.895
0.0,0.0,0.0,100.0,0.0,3756.06,0.0,3222.613,2158.587,1061.407,80.699,77.061,75.204,77.044,77.007,1.85,4.836,-0.578,100.0,0.0,80.83
0.0,0.0,0.0,100.0,0.0,3756.07,0.0,3222.613,2158.605,1061.41,80.743,77.109,75.296,77.09,77.051,1.85,4.836,-0.578,100.0,0.0,80.804
0.0,0.0,0.0,100.0,0.0,3756.07,0.0,3222.613,2158.605,1061.41,80.797,77.186,75.389,77.157,77.104,1.85,4.836,-0.578,100.0,0.0,80.843
0.0,0.0,0.0,100.0,0.0,3756.08,0.0,3222.613,2158.605,1061.412,80.864,77.26,75.48,77.232,77.172,1.85,4.836,-0.578,100.0,0.0,80.895
0.0,0.0,0.0,100.0,0.0,3756.08,0.0,3222.63,2158.605,1061.412,80.936,77.332,75.57,77.304,77.243,1.85,4.836,-0.578,100.0,0.0,80.921
0.0,0.0,0.0,100.0,0.0,3756.08,0.0,3222.63,2158.605,1061.412,81.007,77.403,75.658,77.376,77.315,1.85,4.836,-0.578,100.0,0.0,80.959
0.0,0.0,0.0,100.0,0.0,3756.08,0.0,3222.63,2158.605,1061.414,81.077,77.468,75.745,77.442,77.384,1.85,4.836,-0.578,100.0,0.0,80.985
0.0,0.0,0.0,100.0,0.0,3756.08,0.0,3222.63,2158.605,1061.414,81.144,77.537,75.831,77.51,77.452,1.85,4.836,-0.578,100.0,0.0,81.018
0.0,0.0,0.0,100.0,0.0,3756.08,0.0,3222.63,2158.605,1061.414,81.212,77.601,75.916,77.576,77.52,1.85,4.836,-0.578,100.0,0.0,81.031
0.0,0.0,0.0,100.0,0.0,3756.08,0.0,3222.63,2158.605,1061.414,81.274,77.652,76.0,77.632,77.582,1.85,4.836,-0.578,100.0,0.0,81.005
0.0,0.0,0.0,100.0,0.0,3756.08,0.0,3222.63,2158.605,1061.414,81.332,77.708,76.083,77.687,77.639,1.85,4.836,-0.578,100.0,0.0,81.005
0.0,0.0,0.0,100.0,0.0,3756.08,0.0,3222.63,2158.605,1061.414,81.378,77.725,76.163,77.717,77.686,1.85,4.836,-0.578,100.0,0.0,80.882
0.0,0.0,0.0,100.0,0.0,3756.08,0.0,3222.63,2158.605,1061.414,81.411,77.762,76.243,77.747,77.719,1.85,4.836,-0.578,100.0,0.0,80.843
0.0,0.0,0.0,100.0,0.0,3756.08,0.0,3222.63,2158.605,1061.414,81.446,77.797,76.32,77.784,77.754,1.85,4.836,-0.578,100.0,0.0,80.804
0.0,0.0,0.0,100.0,0.0,3756.08,0.0,3222.63,2158.605,1061.414,81.48,77.83,76.396,77.817,77.788,1.85,4.836,-0.578,100.0,0.0,80.739
0.0,0.0,0.0,100.0,0.0,3756.08,0.0,3222.63,2158.605,1061.414,81.518,77.882,76.47,77.862,77.826,1.85,4.836,-0.578,100.0,0.0,80.765
0.0,0.0,0.0,100.0,0.0,3756.08,0.0,3222.63,2158.605,1061.414,81.567,77.944,76.542,77.921,77.875,1.85,4.836,-0.578,100.0,0.0,80.804
0.0,0.0,0.0,100.0,0.0,3756.08,0.0,3222.63,2158.605,1061.414,81.619,77.983,76.614,77.968,77.927,1.85,4.836,-0.578,100.0,0.0,80.765
0.0,0.0,0.0,100.0,0.0,3756.08,0.0,3222.63,2158.605,1061.414,81.659,78.001,76.683,77.993,77.966,1.85,4.836,-0.578,100.0,0.0,80.668
0.0,0.0,0.0,100.0,0.0,3756.08,0.0,3222.63,2158.605,1061.414,81.684,78.016,76.75,78.01,77.992,1.85,4.836,-0.578,100.0,0.0,80.577
0.0,0.0,0.0,100.0,0.0,3756.08,0.0,3222.63,2158.605,1061.414,81.703,78.031,76.817,78.026,78.011,1.85,4.836,-0.578,100.0,0.0,80.486
0.0,0.0,0.0,100.0,0.0,3756.08,0.0,3222.63,2158.605,1061.414,81.718,78.04,76.882,78.037,78.026,1.85,4.836,-0.578,100.0,0.0,80.376
0.0,0.0,0.0,100.0,0.0,3756.08,0.0,3222.63,2158.605,1061.414,81.729,78.046,76.945,78.044,78.036,1.85,4.836,-0.578,100.0,0.0,80.272
0.0,0.0,0.0,100.0,0.0,3756.08,0.0,3222.63,2158.605,1061.414,81.737,78.056,77.005,78.052,78.045,1.85,4.836,-0.578,100.0,0.0,80.188
0.0,0.0,0.0,100.0,0.0,3756.08,0.0,3222.63,2158.605,1061.414,81.749,78.081,77.064,78.072,78.057,1.85,4.836,-0.578,100.0,0.0,80.149
0.0,0.0,0.0,100.0,0.0,3756.08,0.0,3222.63,2158.605,1061.414,81.774,78.124,77.12,78.109,78.082,1.85,4.836,-0.578,100.0,0.0,80.162
0.0,0.0,0.0,100.0,0.0,3756.08,0.0,3222.63,2158.605,1061.414,81.804,78.141,77.176,78.134,78.112,1.85,4.836,-0.578,100.0,0.0,80.104
0.0,0.0,0.0,100.0,0.0,3756.08,0.0,3222.63,2158.605,1061.414,81.828,78.164,77.23,78.155,78.135,1.85,4.836,-0.578,100.0,0.0,80.052
0.0,0.0,0.0,100.0,0.0,3756.08,0.0,3222.63,2158.605,1061.414,81.852,78.194,77.284,78.183,78.16,1.85,4.836,-0.578,100.0,0.0,80.039
0.0,0.0,0.0,100.0,0.0,3756.08,0.0,3222.63,2158.605,1061.414,81.875,78.201,77.336,78.198,78.183,1.85,4.836,-0.578,100.0,0.0,79.961
0.0,0.0,0.0,100.0,0.0,3756.08,0.0,3222.63,2158.605,1061.414,81.894,78.233,77.388,78.221,78.201,1.85,4.836,-0.578,100.0,0.0,79.961
0.0,0.0,0.0,100.0,0.0,3756.08,0.0,3222.63,2158.605,1061.414,81.919,78.257,77.44,78.248,78.227,1.85,4.836,-0.578,100.0,0.0,79.922
0.0,0.0,0.0,100.0,0.0,3756.08,0.0,3222.63,2158.605,1061.414,81.942,78.273,77.49,78.267,78.25,1.85,4.836,-0.578,100.0,0.0,79.871
0.0,0.0,0.0,100.0,0.0,3756.08,0.0,3222.63,2158.605,1061.414,81.961,78.293,77.539,78.285,78.269,1.85,4.836,-0.578,100.0,0.0,79.832
0.0,0.0,0.0,100.0,0.0,3756.08,0.0,3222.63,2158.605,1061.414,81.987,78.337,77.589,78.321,78.294,1.85,4.836,-0.578,100.0,0.0,79.858
0.0,0.0,0.0,100.0,0.0,3756.08,0.0,3222.63,2158.605,1061.414,82.016,78.349,77.637,78.344,78.323,1.85,4.836,-0.578,100.0,0.0,79.786
0.0,0.0,0.0,100.0,0.0,3756.08,0.0,3222.63,2158.605,1061.414,82.036,78.367,77.684,78.36,78.344,1.85,4.836,-0.578,100.0,0.0,79.76
0.0,0.0,0.0,100.0,0.0,3756.08,0.0,3222.63,2158.605,1061.414,82.054,78.381,77.73,78.375,78.362,1.85,4.836,-0.578,100.0,0.0,79.696
0.0,0.0,0.0,100.0,0.0,3756.08,0.0,3222.63,2158.605,1061.414,82.072,78.404,77.776,78.395,78.379,1.85,4.836,-0.578,100.0,0.0,79.683
0.0,0.0,0.0,100.0,0.0,3756.08,0.0,3222.63,2158.605,1061.414,82.092,78.423,77.82,78.416,78.399,1.85,4.836,-0.578,100.0,0.0,79.644
0.0,0.0,0.0,100.0,0.0,3756.08,0.0,3222.63,2158.605,1061.414,82.108,78.43,77.864,78.427,78.416,1.85,4.836,-0.578,100.0,0.0,79.579
0.0,0.0,0.0,100.0,0.0,3756.08,0.0,3222.63,2158.605,1061.414,82.121,78.445,77.906,78.44,78.428,1.85,4.836,-0.578,100.0,0.0,79.534
0.0,0.0,0.0,100.0,0.0,3756.08,0.0,3222.63,2158.605,1061.414,82.133,78.451,77.948,78.448,78.44,1.85,4.836,-0.578,100.0,0.0,79.469
0.0,0.0,0.0,100.0,0.0,3756.08,0.0,3222.63,2158.605,1061.414,82.144,78.471,77.989,78.463,78.451,1.85,4.836,-0.578,100.0,0.0,79.456
0.0,0.0,0.0,100.0,0.0,3756.08,0.0,3222.63,2158.605,1061.414,82.155,78.47,78.029,78.469,78.463,1.85,4.836,-0.578,100.0,0.0,79.365
0.0,0.0,0.0,100.0,0.0,3756.08,0.0,3222.63,2158.605,1061.414,82.165,78.492,78.067,78.484,78.472,1.85,4.836,-0.578,100.0,0.0,79.352
0.0,0.0,0.0,100.0,0.0,3756.08,0.0,3222.63,2158.605,1061.414,82.179,78.502,78.105,78.498,78.487,1.85,4.836,-0.578,100.0,0.0,79.3
0.0,0.0,0.0,100.0,0.0,3756.08,0.0,3222.63,2158.605,1061.414,82.195,78.531,78.142,78.52,78.503,1.85,4.836,-0.578,100.0,0.0,79.313
0.0,0.0,0.0,100.0,0.0,3756.08,0.0,3222.63,2158.605,1061.414,82.214,78.535,78.179,78.533,78.521,1.85,4.836,-0.578,100.0,0.0,79.242
0.0,0.0,0.0,100.0,0.0,3756.08,0.0,3222.63,2158.605,1061.414,82.224,78.54,78.215,78.538,78.531,1.85,4.836,-0.578,100.0,0.0,79.203
0.0,0.0,0.0,100.0,0.0,3756.08,0.0,3222.63,2158.605,1061.414,82.229,78.536,78.25,78.537,78.536,1.85,4.836,-0.578,100.0,0.0,79.099
0.0,0.0,0.0,100.0,0.0,3756.08,0.0,3222.63,2158.605,1061.414,82.227,78.528,78.284,78.531,78.534,1.85,4.836,-0.578,100.0,0.0,79.022
0.0,0.0,0.0,100.0,0.0,3756.08,0.0,3222.63,2158.605,1061.414,82.222,78.525,78.317,78.526,78.53,1.85,4.836,-0.578,100.0,0.0,78.95
0.0,0.0,0.0,100.0,0.0,3756.08,0.0,3222.63,2158.605,1061.414,82.224,78.545,78.349,78.538,78.531,1.85,4.836,-0.578,100.0,0.0,78.937
0.0,0.0,0.0,100.0,0.0,3756.08,0.0,3222.63,2158.605,1061.414,82.234,78.556,78.38,78.551,78.542,1.85,4.836,-0.578,100.0,0.0,78.911
0.0,0.0,0.0,100.0,0.0,3756.08,0.0,3222.63,2158.605,1061.414,82.243,78.558,78.41,78.557,78.551,1.85,4.836,-0.578,100.0,0.0,78.86
0.0,0.0,0.0,100.0,0.0,3756.08,0.0,3222.63,2158.605,1061.414,82.252,78.576,78.44,78.569,78.56,1.85,4.836,-0.578,100.0,0.0,78.847
0.0,0.0,0.0,100.0,0.0,3756.08,0.0,3222.63,2158.605,1061.414,82.265,78.59,78.469,78.585,78.573,1.85,4.836,-0.578,100.0,0.0,78.834
0.0,0.0,0.0,100.0,0.0,3756.08,0.0,3222.63,2158.605,1061.414,82.282,78.615,78.498,78.606,78.59,1.85,4.836,-0.578,100.0,0.0,78.86
0.0,0.0,0.0,100.0,0.0,3756.08,0.0,3222.63,2158.605,1061.414,82.298,78.614,78.527,78.614,78.605,1.85,4.836,-0.578,100.0,0.0,78.782
0.0,0.0,0.0,100.0,0.0,3756.08,0.0,3222.63,2158.605,1061.414,82.305,78.624,78.554,78.62,78.613,1.85,4.836,-0.578,100.0,0.0,78.756
0.0,0.0,0.0,100.0,0.0,3756.08,0.0,3222.63,2158.605,1061.414,82.314,78.632,78.582,78.629,78.622,1.85,4.836,-0.578,100.0,0.0,78.73
0.0,0.0,0.0,100.0,0.0,3756.08,0.0,3222.63,2158.605,1061.414,82.322,78.638,78.608,78.635,78.629,1.85,4.836,-0.578,100.0,0.0,78.691
0.0,0.0,0.0,100.0,0.0,3756.08,0.0,3222.63,2158.605,1061.414,82.327,78.638,78.635,78.637,78.634,1.85,4.836,-0.578,100.0,0.0,78.633
0.0,0.0,0.0,100.0,0.0,3756.08,0.0,3222.63,2158.605,1061.414,82.332,78.653,78.661,78.647,78.64,1.85,4.836,-0.578,100.0,0.0,78.633
0.0,0.0,0.0,100.0,0.0,3756.08,0.0,3222.63,2158.605,1061.414,82.345,78.671,78.686,78.664,78.652,1.85,4.836,-0.578,100.0,0.0,78.646
0.0,0.0,0.0,100.0,0.0,3756.08,0.0,3222.63,2158.605,1061.414,82.356,78.667,78.711,78.668,78.663,1.85,4.836,-0.578,100.0,0.0,78.574
0.0,0.0,0.0,100.0,0.0,3756.08,0.0,3222.63,2158.605,1061.414,82.355,78.653,78.735,78.658,78.662,1.85,4.836,-0.578,100.0,0.0,78.471
0.0,0.0,0.0,100.0,0.0,3756.08,0.0,3222.63,2158.605,1061.414,82.35,78.656,78.759,78.655,78.658,1.85,4.836,-0.578,100.0,0.0,78.432
0.0,0.0,0.0,100.0,0.0,3756.08,0.0,3222.63,2158.605,1061.414,82.345,78.638,78.782,78.644,78.652,1.85,4.836,-0.578,100.0,0.0,78.335
0.0,0.0,0.0,100.0,0.0,3756.08,0.0,3222.63,2158.605,1061.414,82.337,78.644,78.805,78.642,78.645,1.85,4.836,-0.578,100.0,0.0,78.309
0.0,0.0,0.0,100.0,0.0,3756.08,0.0,3222.63,2158.605,1061.414,82.334,78.632,78.826,78.636,78.641,1.85,4.836,-0.578,100.0,0.0,78.231
0.0,0.0,0.0,100.0,0.0,3756.08,0.0,3222.63,2158.605,1061.414,82.328,78.632,78.848,78.632,78.635,1.85,4.836,-0.578,100.0,0.0,78.192
0.0,0.0,0.0,100.0,0.0,3756.08,0.0,3222.63,2158.605,1061.414,82.325,78.629,78.868,78.63,78.633,1.85,4.836,-0.578,100.0,0.0,78.127
0.0,0.0,0.0,100.0,0.0,3756.08,0.0,3222.63,2158.605,1061.414,82.318,78.608,78.888,78.615,78.626,1.85,4.836,-0.578,100.0,0.0,78.03
0.0,0.0,0.0,100.0,0.0,3756.08,0.0,3222.63,2158.605,1061.414,82.306,78.605,78.907,78.606,78.614,1.85,4.836,-0.578,100.0,0.0,77.991
0.0,0.0,0.0,100.0,0.0,3756.08,0.0,3222.63,2158.605,1061.414,82.306,78.628,78.926,78.62,78.614,1.85,4.836,-0.578,100.0,0.0,78.017
0.0,0.0,0.0,100.0,0.0,3756.08,0.0,3222.63,2158.605,1061.414,82.319,78.648,78.944,78.64,78.626,1.85,4.836,-0.578,100.0,0.0,78.043
0.0,0.0,0.0,100.0,0.0,3756.08,0.0,3222.63,2158.605,1061.414,82.335,78.661,78.963,78.656,78.643,1.85,4.836,-0.578,100.0,0.0,78.043
0.0,0.0,0.0,100.0,0.0,3756.08,0.0,3222.63,2158.605,1061.414,82.347,78.662,78.981,78.661,78.654,1.85,4.836,-0.578,100.0,0.0,78.004
0.0,0.0,0.0,100.0,0.0,3756.08,0.0,3222.63,2158.605,1061.414,82.354,78.673,78.999,78.669,78.662,1.85,4.836,-0.578,100.0,0.0,78.004
0.0,0.0,0.0,100.0,0.0,3756.08,0.0,3222.63,2158.605,1061.414,82.358,78.659,79.017,78.664,78.666,1.85,4.836,-0.578,100.0,0.0,77.926
0.0,0.0,0.0,100.0,0.0,3756.08,0.0,3222.63,2158.605,1061.414,82.353,78.655,79.034,78.657,78.661,1.85,4.836,-0.578,100.0,0.0,77.887
0.0,0.0,0.0,100.0,0.0,3756.08,0.0,3222.63,2158.605,1061.414,82.352,78.666,79.051,78.662,78.66,1.85,4.836,-0.578,100.0,0.0,77.874
0.0,0.0,0.0,100.0,0.0,3756.08,0.0,3222.63,2158.605,1061.414,82.358,78.673,79.068,78.671,78.665,1.85,4.836,-0.578,100.0,0.0,77.862
0.0,0.0,0.0,100.0,0.0,3756.08,0.0,3222.63,2158.605,1061.414,82.36,78.661,79.084,78.665,78.667,1.85,4.836,-0.578,100.0,0.0,77.797
0.0,0.0,0.0,100.0,0.0,3756.08,0.0,3222.63,2158.605,1061.414,82.358,78.669,79.1,78.666,78.666,1.85,4.836,-0.578,100.0,0.0,77.79
0.0,0.0,0.0,100.0,0.0,3756.08,0.0,3222.63,2158.605,1061.414,82.36,78.67,79.116,78.67,78.668,1.85,4.836,-0.578,100.0,0.0,77.764
0.0,0.0,0.0,100.0,0.0,3756.08,0.0,3222.63,2158.605,1061.414,82.36,78.663,79.131,78.665,78.668,1.85,4.836,-0.578,100.0,0.0,77.699
0.0,0.0,0.0,100.0,0.0,3756.08,0.0,3222.63,2158.605,1061.414,82.356,78.66,79.146,78.661,78.664,1.85,4.836,-0.578,100.0,0.0,77.674
0.0,0.0,0.0,100.0,0.0,3756.08,0.0,3222.63,2158.605,1061.414,82.353,78.658,79.161,78.659,78.661,1.85,4.836,-0.578,100.0,0.0,77.635
0.0,0.0,0.0,100.0,0.0,3756.08,0.0,3222.63,2158.605,1061.414,82.352,78.661,79.175,78.66,78.66,1.85,4.836,-0.578,100.0,0.0,77.609
0.0,0.0,0.0,100.0,0.0,3756.08,0.0,3222.63,2158.605,1061.414,82.354,78.665,79.189,78.663,78.661,1.85,4.836,-0.578,100.0,0.0,77.596
0.0,0.0,0.0,100.0,0.0,3756.08,0.0,3222.63,2158.605,1061.414,82.355,78.662,79.203,78.663,78.663,1.85,4.836,-0.578,100.0,0.0,77.557
0.0,0.0,0.0,100.0,0.0,3756.08,0.0,3222.63,2158.605,1061.414,82.358,78.676,79.216,78.671,78.666,1.85,4.836,-0.578,100.0,0.0,77.57
0.0,0.0,0.0,100.0,0.0,3756.08,0.0,3222.63,2158.605,1061.414,82.364,78.675,79.23,78.675,78.672,1.85,4.836,-0.578,100.0,0.0,77.531
0.0,0.0,0.0,100.0,0.0,3756.08,0.0,3222.63,2158.605,1061.414,82.365,78.671,79.243,78.672,78.673,1.85,4.836,-0.578,100.0,0.0,77.499
0.0,0.0,0.0,100.0,0.0,3756.08,0.0,3222.63,2158.605,1061.414,82.367,78.684,79.256,78.68,78.675,1.85,4.836,-0.578,100.0,0.0,77.518
0.0,0.0,0.0,100.0,0.0,3756.08,0.0,3222.63,2158.605,1061.414,82.374,78.689,79.269,78.688,78.682,1.85,4.836,-0.578,100.0,0.0,77.499
0.0,0.0,0.0,100.0,0.0,3756.08,0.0,3222.63,2158.605,1061.414,82.374,78.67,79.281,78.676,78.682,1.85,4.836,-0.578,100.0,0.0,77.421
0.0,0.0,0.0,100.0,0.0,3756.08,0.0,3222.63,2158.605,1061.414,82.367,78.669,79.294,78.669,78.674,1.85,4.836,-0.578,100.0,0.0,77.395
0.0,0.0,0.0,100.0,0.0,3756.08,0.0,3222.63,2158.605,1061.414,82.362,78.665,79.305,78.666,78.67,1.85,4.836,-0.578,100.0,0.0,77.369
0.0,0.0,0.0,100.0,0.0,3756.08,0.0,3222.63,2158.605,1061.414,82.367,78.699,79.317,78.687,78.675,1.85,4.836,-0.578,100.0,0.0,77.447
0.0,0.0,0.0,100.0,0.0,3756.08,0.0,3222.63,2158.605,1061.414,82.383,78.701,79.329,78.7,78.69,1.85,4.836,-0.578,100.0,0.0,77.408
0.0,0.0,0.0,100.0,0.0,3756.08,0.0,3222.63,2158.605,1061.414,82.387,78.691,79.341,78.694,78.695,1.85,4.836,-0.578,100.0,0.0,77.369
0.0,0.0,0.0,100.0,0.0,3756.08,0.0,3222.63,2158.605,1061.414,82.381,78.67,79.352,78.678,78.688,1.85,4.836,-0.578,100.0,0.0,77.278
0.0,0.0,0.0,100.0,0.0,3756.08,0.0,3222.63,2158.605,1061.414,82.364,78.647,79.363,78.655,78.672,1.85,4.836,-0.578,100.0,0.0,77.181
0.0,0.0,0.0,100.0,0.0,3756.08,0.0,3222.63,2158.605,1061.414,82.35,78.656,79.374,78.653,78.658,1.85,4.836,-0.578,100.0,0.0,77.207
0.0,0.0,0.0,100.0,0.0,3756.08,0.0,3222.63,2158.605,1061.414,82.353,78.675,79.384,78.669,78.661,1.85,4.836,-0.578,100.0,0.0,77.239
0.0,0.0,0.0,100.0,0.0,3756.08,0.0,3222.63,2158.605,1061.414,82.36,78.667,79.394,78.669,78.668,1.85,4.836,-0.578,100.0,0.0,77.181
0.0,0.0,0.0,100.0,0.0,3756.08,0.0,3222.63,2158.605,1061.414,82.362,78.677,79.404,78.673,78.669,1.85,4.836,-0.578,100.0,0.0,77.207
0.0,0.0,0.0,100.0,0.0,3756.08,0.0,3222.63,2158.605,1061.414,82.368,78.685,79.414,78.682,78.676,1.85,4.836,-0.578,100.0,0.0,77.207
0.0,0.0,0.0,100.0,0.0,3756.08,0.0,3222.63,2158.605,1061.414,82.373,78.681,79.424,78.682,78.681,1.85,4.836,-0.578,100.0,0.0,77.155
0.0,0.0,0.0,100.0,0.0,3756.08,0.0,3222.63,2158.605,1061.414,82.372,78.675,79.434,78.677,78.68,1.85,4.836,-0.578,100.0,0.0,77.129
0.0,0.0,0.0,100.0,0.0,3756.08,0.0,3222.63,2158.605,1061.414,82.369,78.671,79.444,78.673,78.676,1.85,4.836,-0.578,100.0,0.0,77.09
0.0,0.0,0.0,100.0,0.0,3756.08,0.0,3222.63,2158.605,1061.414,82.36,78.649,79.453,78.657,78.668,1.85,4.836,-0.578,100.0,0.0,76.993
0.0,0.0,0.0,100.0,0.0,3756.08,0.0,3222.63,2158.605,1061.414,82.345,78.635,79.462,78.64,78.653,1.85,4.836,-0.578,100.0,0.0,76.941
0.0,0.0,0.0,100.0,0.0,3756.08,0.0,3222.63,2158.605,1061.414,82.332,78.628,79.471,78.631,78.64,1.85,4.836,-0.578,100.0,0.0,76.909
0.0,0.0,0.0,100.0,0.0,3756.08,0.0,3222.63,2158.605,1061.414,82.328,78.643,79.479,78.638,78.636,1.85,4.836,-0.578,100.0,0.0,76.941
0.0,0.0,0.0,100.0,0.0,3756.08,0.0,3222.63,2158.605,1061.414,82.335,78.655,79.487,78.651,78.642,1.85,4.836,-0.578,100.0,0.0,76.967
0.0,0.0,0.0,100.0,0.0,3756.08,0.0,3222.63,2158.605,1061.414,82.347,78.673,79.495,78.666,78.655,1.85,4.836,-0.578,100.0,0.0,77.006
0.0,0.0,0.0,100.0,0.0,3756.08,0.0,3222.63,2158.605,1061.414,82.356,78.664,79.504,78.667,78.664,1.85,4.836,-0.578,100.0,0.0,76.954
0.0,0.0,0.0,100.0,0.0,3756.08,0.0,3222.63,2158.605,1061.414,82.355,78.657,79.512,78.659,78.663,1.85,4.836,-0.578,100.0,0.0,76.909
0.0,0.0,0.0,100.0,0.0,3756.08,0.0,3222.63,2158.605,1061.414,82.346,78.634,79.52,78.642,78.654,1.85,4.836,-0.578,100.0,0.0,76.818
0.0,0.0,0.0,100.0,0.0,3756.08,0.0,3222.63,2158.605,1061.414,82.332,78.624,79.528,78.628,78.639,1.85,4.836,-0.578,100.0,0.0,76.792
0.0,0.0,0.0,100.0,0.0,3756.08,0.0,3222.63,2158.605,1061.414,82.325,78.635,79.535,78.632,78.633,1.85,4.836,-0.578,100.0,0.0,76.805
0.0,0.0,0.0,100.0,0.0,3756.08,0.0,3222.63,2158.605,1061.414,82.322,78.619,79.542,78.624,78.63,1.85,4.836,-0.578,100.0,0.0,76.727
0.0,0.0,0.0,100.0,0.0,3756.08,0.0,3222.63,2158.605,1061.414,82.316,78.621,79.549,78.62,78.624,1.85,4.836,-0.578,100.0,0.0,76.727
0.0,0.0,0.0,100.0,0.0,3756.08,0.0,3222.63,2158.605,1061.414,82.31,78.604,79.556,78.61,78.618,1.85,4.836,-0.578,100.0,0.0,76.65
0.0,0.0,0.0,100.0,0.0,3756.08,0.0,3222.63,2158.605,1061.414,82.304,78.616,79.562,78.612,78.612,1.85,4.836,-0.578,100.0,0.0,76.701
0.0,0.0,0.0,100.0,0.0,3756.08,0.0,3222.63,2158.605,1061.414,82.307,78.618,79.569,78.617,78.615,1.85,4.836,-0.578,100.0,0.0,76.676
0.0,0.0,0.0,100.0,0.0,3756.08,0.0,3222.63,2158.605,1061.414,82.305,78.6,79.575,78.606,78.613,1.85,4.836,-0.578,100.0,0.0,76.604
0.0,0.0,0.0,100.0,0.0,3756.08,0.0,3222.63,2158.605,1061.414,82.293,78.58,79.582,78.587,78.6,1.85,4.836,-0.578,100.0,0.0,76.526
0.0,0.0,0.0,100.0,0.0,3756.08,0.0,3222.63,2158.605,1061.414,82.278,78.57,79.588,78.574,78.585,1.85,4.836,-0.578,100.0,0.0,76.488
0.0,0.0,0.0,100.0,0.0,3756.08,0.0,3222.63,2158.605,1061.414,82.268,78.572,79.593,78.571,78.576,1.85,4.836,-0.578,100.0,0.0,76.501
0.0,0.0,0.0,100.0,0.0,3756.08,0.0,3222.63,2158.605,1061.414,82.271,78.593,79.598,78.586,78.578,1.85,4.836,-0.578,100.0,0.0,76.552
0.0,0.0,0.0,100.0,0.0,3756.08,0.0,3222.63,2158.605,1061.414,82.278,78.587,79.604,78.589,78.586,1.85,4.836,-0.578,100.0,0.0,76.513
0.0,0.0,0.0,100.0,0.0,3756.08,0.0,3222.63,2158.605,1061.414,82.284,78.607,79.609,78.6,78.592,1.85,4.836,-0.578,100.0,0.0,76.565
0.0,0.0,0.0,100.0,0.0,3756.08,0.0,3222.63,2158.605,1061.414,82.286,78.575,79.615,78.586,78.594,1.85,4.836,-0.578,100.0,0.0,76.449
0.0,0.0,0.0,100.0,0.0,3756.08,0.0,3222.63,2158.605,1061.414,82.275,78.574,79.621,78.575,78.582,1.85,4.836,-0.578,100.0,0.0,76.449
0.0,0.0,0.0,100.0,0.0,3756.08,0.0,3222.63,2158.605,1061.414,82.264,78.551,79.626,78.56,78.572,1.85,4.836,-0.578,100.0,0.0,76.345
0.0,0.0,0.0,100.0,0.0,3756.08,0.0,3222.63,2158.605,1061.414,82.25,78.545,79.631,78.547,78.557,1.85,4.836,-0.578,100.0,0.0,76.339
0.0,0.0,0.0,100.0,0.0,3756.08,0.0,3222.63,2158.605,1061.414,82.243,78.549,79.635,78.548,78.551,1.85,4.836,-0.578,100.0,0.0,76.339
0.0,0.0,0.0,100.0,0.0,3756.08,0.0,3222.63,2158.605,1061.414,82.238,78.535,79.64,78.54,78.546,1.85,4.836,-0.578,100.0,0.0,76.287
0.0,0.0,0.0,100.0,0.0,3756.08,0.0,3222.63,2158.605,1061.414,82.233,78.542,79.644,78.54,78.541,1.85,4.836,-0.578,100.0,0.0,76.3
0.0,0.0,0.0,100.0,0.0,3756.08,0.0,3222.63,2158.605,1061.414,82.229,78.523,79.648,78.53,78.537,1.85,4.836,-0.578,100.0,0.0,76.222
0.0,0.0,0.0,100.0,0.0,3756.08,0.0,3222.63,2158.605,1061.414,82.225,78.544,79.652,78.536,78.533,1.85,4.836,-0.578,100.0,0.0,76.3
0.0,0.0,0.0,100.0,0.0,3756.08,0.0,3222.63,2158.605,1061.414,82.24,78.578,79.657,78.566,78.548,1.85,4.836,-0.578,100.0,0.0,76.397
0.0,0.0,0.0,100.0,0.0,3756.08,0.0,3222.63,2158.605,1061.414,82.256,78.564,79.661,78.568,78.563,1.85,4.836,-0.578,100.0,0.0,76.313
0.0,0.0,0.0,100.0,0.0,3756.08,0.0,3222.63,2158.605,1061.414,82.253,78.547,79.666,78.553,78.56,1.85,4.836,-0.578,100.0,0.0,76.261
0.0,0.0,0.0,100.0,0.0,3756.08,0.0,3222.63,2158.605,1061.414,82.243,78.538,79.671,78.541,78.55,1.85,4.836,-0.578,100.0,0.0,76.222
0.0,0.0,0.0,100.0,0.0,3756.08,0.0,3222.63,2158.605,1061.414,82.232,78.527,79.675,78.531,78.54,1.85,4.836,-0.578,100.0,0.0,76.196
0.0,0.0,0.0,100.0,0.0,3756.08,0.0,3222.63,2158.605,1061.414,82.231,78.556,79.679,78.546,78.538,1.85,4.836,-0.578,100.0,0.0,76.274
0.0,0.0,0.0,100.0,0.0,3756.08,0.0,3222.63,2158.605,1061.414,82.243,78.564,79.683,78.561,78.551,1.85,4.836,-0.578,100.0,0.0,76.287
0.0,0.0,0.0,100.0,0.0,3756.08,0.0,3222.63,2158.605,1061.414,82.249,78.551,79.688,78.555,78.556,1.85,4.836,-0.578,100.0,0.0,76.222
0.0,0.0,0.0,100.0,0.0,3756.08,0.0,3222.63,2158.605,1061.414,82.239,78.524,79.692,78.534,78.547,1.85,4.836,-0.578,100.0,0.0,76.144
0.0,0.0,0.0,100.0,0.0,3756.08,0.0,3222.63,2158.605,1061.414,82.224,78.518,79.696,78.521,78.532,1.85,4.836,-0.578,100.0,0.0,76.118
0.0,0.0,0.0,100.0,0.0,3756.08,0.0,3222.63,2158.605,1061.414,82.212,78.504,79.7,78.51,78.52,1.85,4.836,-0.578,100.0,0.0,76.066
0.0,0.0,0.0,100.0,0.0,3756.08,0.0,3222.63,2158.605,1061.414,82.203,78.505,79.704,78.505,78.51,1.85,4.836,-0.578,100.0,0.0,76.066
0.0,0.0,0.0,100.0,0.0,3756.08,0.0,3222.63,2158.605,1061.414,82.199,78.502,79.707,78.503,78.506,1.85,4.836,-0.578,100.0,0.0,76.047
0.0,0.0,0.0,100.0,0.0,3756.08,0.0,3222.63,2158.605,1061.414,82.195,78.498,79.71,78.5,78.503,1.85,4.836,-0.578,100.0,0.0,76.021
0.0,0.0,0.0,100.0,0.0,3756.08,0.0,3222.63,2158.605,1061.414,82.191,78.493,79.713,78.494,78.498,1.85,4.836,-0.578,100.0,0.0,76.008
0.0,0.0,0.0,100.0,0.0,3756.08,0.0,3222.63,2158.605,1061.414,82.196,78.532,79.717,78.518,78.504,1.85,4.836,-0.578,100.0,0.0,76.131
0.0,0.0,0.0,100.0,0.0,3756.08,0.0,3222.63,2158.605,1061.414,82.218,78.552,79.72,78.545,78.526,1.85,4.836,-0.578,100.0,0.0,76.17
0.0,0.0,0.0,100.0,0.0,3756.08,0.0,3222.63,2158.605,1061.414,82.233,78.545,79.724,78.547,78.54,1.85,4.836,-0.578,100.0,0.0,76.131
0.0,0.0,0.0,100.0,0.0,3756.08,0.0,3222.63,2158.605,1061.414,82.233,78.534,79.728,78.538,78.541,1.85,4.836,-0.578,100.0,0.0,76.092
0.0,0.0,0.0,100.0,0.0,3756.08,0.0,3222.63,2158.605,1061.414,82.23,78.536,79.733,78.536,78.538,1.85,4.836,-0.578,100.0,0.0,76.105
0.0,0.0,0.0,100.0,0.0,3756.08,0.0,3222.63,2158.605,1061.414,82.226,78.524,79.737,78.528,78.534,1.85,4.836,-0.578,100.0,0.0,76.047
0.0,0.0,0.0,100.0,0.0,3756.08,0.0,3222.63,2158.605,1061.414,82.217,78.512,79.74,78.516,78.525,1.85,4.836,-0.578,100.0,0.0,76.008
0.0,0.0,0.0,100.0,0.0,3756.08,0.0,3222.63,2158.605,1061.414,82.214,78.53,79.744,78.524,78.521,1.85,4.836,-0.578,100.0,0.0,76.066
0.0,0.0,0.0,100.0,0.0,3756.08,0.0,3222.63,2158.605,1061.414,82.218,78.525,79.748,78.527,78.525,1.85,4.836,-0.578,100.0,0.0,76.034
0.0,0.0,0.0,100.0,0.0,3756.08,0.0,3222.63,2158.605,1061.414,82.214,78.509,79.751,78.515,78.522,1.85,4.836,-0.578,100.0,0.0,75.969
0.0,0.0,0.0,100.0,0.0,3756.08,0.0,3222.63,2158.605,1061.414,82.204,78.499,79.755,78.503,78.512,1.85,4.836,-0.578,100.0,0.0,75.93
0.0,0.0,0.0,100.0,0.0,3756.08,0.0,3222.63,2158.605,1061.414,82.196,78.499,79.758,78.499,78.504,1.85,4.836,-0.578,100.0,0.0,75.93
0.0,0.0,0.0,100.0,0.0,3756.08,0.0,3222.63,2158.605,1061.414,82.199,78.523,79.761,78.515,78.506,1.85,4.836,-0.578,100.0,0.0,76.008
0.0,0.0,0.0,100.0,0.0,3756.08,0.0,3222.63,2158.605,1061.414,82.21,78.529,79.765,78.527,78.518,1.85,4.836,-0.578,100.0,0.0,76.008
0.0,0.0,0.0,100.0,0.0,3756.08,0.0,3222.63,2158.605,1061.414,82.216,78.52,79.768,78.523,78.523,1.85,4.836,-0.578,100.0,0.0,75.982
0.0,0.0,0.0,100.0,0.0,3756.08,0.0,3222.63,2158.605,1061.414,82.212,78.511,79.772,78.514,78.52,1.85,4.836,-0.578,100.0,0.0,75.943
0.0,0.0,0.0,100.0,0.0,3756.08,0.0,3222.63,2158.605,1061.414,82.205,78.506,79.776,78.507,78.513,1.85,4.836,-0.578,100.0,0.0,75.917
0.0,0.0,0.0,100.0,0.0,3756.08,0.0,3222.63,2158.605,1061.414,82.204,78.52,79.779,78.515,78.512,1.85,4.836,-0.578,100.0,0.0,75.956
0.0,0.0,0.0,100.0,0.0,3756.08,0.0,3222.63,2158.605,1061.414,82.203,78.492,79.782,78.502,78.51,1.85,4.836,-0.578,100.0,0.0,75.852
0.0,0.0,0.0,100.0,0.0,3756.08,0.0,3222.63,2158.605,1061.414,82.185,78.462,79.785,78.473,78.492,1.85,4.836,-0.578,100.0,0.0,75.755
0.0,0.0,0.0,100.0,0.0,3756.08,0.0,3222.63,2158.605,1061.414,82.163,78.449,79.788,78.454,78.47,1.85,4.836,-0.578,100.0,0.0,75.729
0.0,0.0,0.0,100.0,0.0,3756.08,0.0,3222.63,2158.605,1061.414,82.152,78.461,79.791,78.457,78.46,1.85,4.836,-0.578,100.0,0.0,75.762
0.0,0.0,0.0,100.0,0.0,3756.08,0.0,3222.63,2158.605,1061.414,82.153,78.464,79.793,78.463,78.461,1.85,4.836,-0.578,100.0,0.0,75.755
0.0,0.0,0.0,100.0,0.0,3756.08,0.0,3222.63,2158.605,1061.414,82.154,78.46,79.795,78.461,78.462,1.85,4.836,-0.578,100.0,0.0,75.742
0.0,0.0,0.0,100.0,0.0,3756.08,0.0,3222.63,2158.605,1061.414,82.155,78.466,79.798,78.464,78.462,1.85,4.836,-0.578,100.0,0.0,75.755
0.0,0.0,0.0,100.0,0.0,3756.08,0.0,3222.63,2158.605,1061.414,82.158,78.469,79.8,78.468,78.466,1.85,4.836,-0.578,100.0,0.0,75.762
0.0,0.0,0.0,100.0,0.0,3756.08,0.0,3222.63,2158.605,1061.414,82.159,78.465,79.803,78.466,78.467,1.85,4.836,-0.578,100.0,0.0,75.742
0.0,0.0,0.0,100.0,0.0,3756.08,0.0,3222.63,2158.605,1061.414,82.16,78.472,79.805,78.47,78.468,1.85,4.836,-0.578,100.0,0.0,75.755
0.0,0.0,0.0,100.0,0.0,3756.08,0.0,3222.63,2158.605,1061.414,82.161,78.464,79.808,78.467,78.468,1.85,4.836,-0.578,100.0,0.0,75.729
0.0,0.0,0.0,100.0,0.0,3756.08,0.0,3222.63,2158.605,1061.414,82.156,78.454,79.81,78.458,78.464,1.85,4.836,-0.578,100.0,0.0,75.677
0.0,0.0,0.0,100.0,0.0,3756.08,0.0,3222.63,2158.605,1061.414,82.145,78.432,79.813,78.44,78.453,1.85,4.836,-0.578,100.0,0.0,75.613
0.0,0.0,0.0,100.0,0.0,3756.08,0.0,3222.63,2158.605,1061.414,82.134,78.437,79.815,78.436,78.441,1.85,4.836,-0.578,100.0,0.0,75.626
0.0,0.0,0.0,100.0,0.0,3756.08,0.0,3222.63,2158.605,1061.414,82.127,78.419,79.817,78.426,78.435,1.85,4.836,-0.578,100.0,0.0,75.561
0.0,0.0,0.0,100.0,0.0,3756.08,0.0,3222.63,2158.605,1061.414,82.108,78.378,79.819,78.392,78.415,1.85,4.836,-0.578,100.0,0.0,75.438
0.0,0.0,0.0,100.0,0.0,3756.08,0.0,3222.63,2158.605,1061.414,82.087,78.39,79.82,78.386,78.395,1.85,4.836,-0.578,100.0,0.0,75.496
0.0,0.0,0.0,100.0,0.0,3756.08,0.0,3222.63,2158.605,1061.414,82.089,78.41,79.821,78.403,78.396,1.85,4.836,-0.578,100.0,0.0,75.548
0.0,0.0,0.0,100.0,0.0,3756.08,0.0,3222.63,2158.605,1061.414,82.098,78.413,79.823,78.412,78.405,1.85,4.836,-0.578,100.0,0.0,75.548
0.0,0.0,0.0,100.0,0.0,3756.08,0.0,3222.63,2158.605,1061.414,82.104,78.419,79.824,78.417,78.412,1.85,4.836,-0.578,100.0,0.0,75.561
0.0,0.0,0.0,100.0,0.0,3756.08,0.0,3222.63,2158.605,1061.414,82.109,78.417,79.826,78.418,78.416,1.85,4.836,-0.578,100.0,0.0,75.535
0.0,0.0,0.0,100.0,0.0,3756.08,0.0,3222.63,2158.605,1061.414,82.104,78.395,79.828,78.403,78.412,1.85,4.836,-0.578,100.0,0.0,75.464
0.0,0.0,0.0,100.0,0.0,3756.08,0.0,3222.63,2158.605,1061.414,82.092,78.388,79.829,78.39,78.4,1.85,4.836,-0.578,100.0,0.0,75.451
0.0,0.0,0.0,100.0,0.0,3756.08,0.0,3222.63,2158.605,1061.414,82.087,78.4,79.831,78.396,78.395,1.85,4.836,-0.578,100.0,0.0,75.483
0.0,0.0,0.0,100.0,0.0,3756.08,0.0,3222.63,2158.605,1061.414,82.088,78.391,79.832,78.394,78.396,1.85,4.836,-0.578,100.0,0.0,75.451
0.0,0.0,0.0,100.0,0.0,3756.08,0.0,3222.63,2158.605,1061.414,82.088,78.402,79.834,78.398,78.395,1.85,4.836,-0.578,100.0,0.0,75.483
0.0,0.0,0.0,100.0,0.0,3756.08,0.0,3222.63,2158.605,1061.414,82.088,78.388,79.836,78.392,78.396,1.85,4.836,-0.578,100.0,0.0,75.438
0.0,0.0,0.0,100.0,0.0,3756.08,0.0,3222.63,2158.605,1061.414,82.086,78.398,79.837,78.395,78.394,1.85,4.836,-0.578,100.0,0.0,75.47
0.0,0.0,0.0,100.0,0.0,3756.08,0.0,3222.63,2158.605,1061.414,82.083,78.37,79.839,78.38,78.39,1.85,4.836,-0.578,100.0,0.0,75.366
0.0,0.0,0.0,100.0,0.0,3756.08,0.0,3222.63,2158.605,1061.414,82.063,78.339,79.84,78.35,78.371,1.85,4.836,-0.578,100.0,0.0,75.276
0.0,0.0,0.0,100.0,0.0,3756.08,0.0,3222.63,2158.605,1061.414,82.039,78.32,79.841,78.328,78.347,1.85,4.836,-0.578,100.0,0.0,75.211
0.0,0.0,0.0,100.0,0.0,3756.08,0.0,3222.63,2158.605,1061.414,82.019,78.302,79.842,78.309,78.326,1.85,4.836,-0.578,100.0,0.0,75.172
0.0,0.0,0.0,100.0,0.0,3756.08,0.0,3222.63,2158.605,1061.414,82.004,78.306,79.842,78.305,78.312,1.85,4.836,-0.578,100.0,0.0,75.185
0.0,0.0,0.0,100.0,0.0,3756.08,0.0,3222.63,2158.605,1061.414,82.004,78.323,79.842,78.317,78.311,1.85,4.836,-0.578,100.0,0.0,75.237
0.0,0.0,0.0,100.0,0.0,3756.08,0.0,3222.63,2158.605,1061.414,82.014,78.337,79.843,78.331,78.322,1.85,4.836,-0.578,100.0,0.0,75.263
0.0,0.0,0.0,100.0,0.0,3756.08,0.0,3222.63,2158.605,1061.414,82.023,78.333,79.843,78.334,78.33,1.85,4.836,-0.578,100.0,0.0,75.25
0.0,0.0,0.0,100.0,0.0,3756.08,0.0,3222.63,2158.605,1061.414,82.022,78.322,79.844,78.326,78.33,1.85,4.836,-0.578,100.0,0.0,75.211
0.0,0.0,0.0,100.0,0.0,3756.08,0.0,3222.63,2158.605,1061.414,82.013,78.3,79.845,78.308,78.32,1.85,4.836,-0.578,100.0,0.0,75.152
0.0,0.0,0.0,100.0,0.0,3756.08,0.0,3222.63,2158.605,1061.414,81.996,78.281,79.845,78.288,78.304,1.85,4.836,-0.578,100.0,0.0,75.088
0.0,0.0,0.0,100.0,0.0,3756.08,0.0,3222.63,2158.605,1061.414,81.98,78.274,79.845,78.277,78.288,1.85,4.836,-0.578,100.0,0.0,75.075
0.0,0.0,0.0,100.0,0.0,3756.08,0.0,3222.63,2158.605,1061.414,81.974,78.284,79.845,78.281,78.281,1.85,4.836,-0.578,100.0,0.0,75.101
0.0,0.0,0.0,100.0,0.0,3756.08,0.0,3222.63,2158.605,1061.414,81.976,78.287,79.846,78.286,78.284,1.85,4.836,-0.578,100.0,0.0,75.114
0.0,0.0,0.0,100.0,0.0,3756.08,0.0,3222.63,2158.605,1061.414,81.972,78.259,79.846,78.269,78.279,1.85,4.836,-0.578,100.0,0.0,75.023
0.0,0.0,0.0,100.0,0.0,3756.08,0.0,3222.63,2158.605,1061.414,81.961,78.266,79.846,78.264,78.268,1.85,4.836,-0.578,100.0,0.0,75.049
0.0,0.0,0.0,100.0,0.0,3756.08,0.0,3222.63,2158.605,1061.414,81.961,78.274,79.846,78.271,78.269,1.85,4.836,-0.578,100.0,0.0,75.075
0.0,0.0,0.0,100.0,0.0,3756.08,0.0,3222.63,2158.605,1061.414,81.964,78.275,79.846,78.274,78.272,1.85,4.836,-0.578,100.0,0.0,75.075
0.0,0.0,0.0,100.0,0.0,3756.08,0.0,3222.63,2158.605,1061.414,81.965,78.27,79.846,78.272,78.273,1.85,4.836,-0.578,100.0,0.0,75.049
0.0,0.0,0.0,100.0,0.0,3756.08,0.0,3222.63,2158.605,1061.414,81.957,78.243,79.847,78.252,78.265,1.85,4.836,-0.578,100.0,0.0,74.958
0.0,0.0,0.0,100.0,0.0,3756.08,0.0,3222.63,2158.605,1061.414,81.941,78.233,79.847,78.236,78.249,1.85,4.836,-0.578,100.0,0.0,74.945
0.0,0.0,0.0,100.0,0.0,3756.08,0.0,3222.63,2158.605,1061.414,81.935,78.249,79.847,78.244,78.243,1.85,4.836,-0.578,100.0,0.0,74.997
0.0,0.0,0.0,100.0,0.0,3756.08,0.0,3222.63,2158.605,1061.414,81.937,78.241,79.847,78.244,78.245,1.85,4.836,-0.578,100.0,0.0,74.958
0.0,0.0,0.0,100.0,0.0,3756.08,0.0,3222.63,2158.605,1061.414,81.933,78.234,79.847,78.237,78.241,1.85,4.836,-0.578,100.0,0.0,74.945
0.0,0.0,0.0,100.0,0.0,3756.08,0.0,3222.63,2158.605,1061.414,81.925,78.217,79.847,78.223,78.233,1.85,4.836,-0.578,100.0,0.0,74.893
0.0,0.0,0.0,100.0,0.0,3756.08,0.0,3222.63,2158.605,1061.414,81.916,78.22,79.847,78.219,78.224,1.85,4.836,-0.578,100.0,0.0,74.906
0.0,0.0,0.0,100.0,0.0,3756.08,0.0,3222.63,2158.605,1061.414,81.913,78.216,79.846,78.218,78.221,1.85,4.836,-0.578,100.0,0.0,74.887
0.0,0.0,0.0,100.0,0.0,3756.08,0.0,3222.63,2158.605,1061.414,81.907,78.2,79.846,78.206,78.214,1.85,4.836,-0.578,100.0,0.0,74.835
0.0,0.0,0.0,100.0,0.0,3756.08,0.0,3222.63,2158.605,1061.414,81.895,78.186,79.846,78.191,78.202,1.85,4.836,-0.578,100.0,0.0,74.796
0.0,0.0,0.0,100.0,0.0,3756.08,0.0,3222.63,2158.605,1061.414,81.884,78.185,79.845,78.186,78.192,1.85,4.836,-0.578,100.0,0.0,74.809
0.0,0.0,0.0,100.0,0.0,3756.08,0.0,3222.63,2158.605,1061.414,81.877,78.174,79.845,78.178,78.185,1.85,4.836,-0.578,100.0,0.0,74.77
0.0,0.0,0.0,100.0,0.0,3756.08,0.0,3222.63,2158.605,1061.414,81.872,78.178,79.844,78.177,78.179,1.85,4.836,-0.578,100.0,0.0,74.783
0.0,0.0,0.0,100.0,0.0,3756.08,0.0,3222.63,2158.605,1061.414,81.863,78.146,79.843,78.157,78.171,1.85,4.836,-0.578,100.0,0.0,74.679
0.0,0.0,0.0,100.0,0.0,3756.08,0.0,3222.63,2158.605,1061.414,81.848,78.146,79.843,78.147,78.156,1.85,4.836,-0.578,100.0,0.0,74.692
0.0,0.0,0.0,100.0,0.0,3756.08,0.0,3222.63,2158.605,1061.414,81.84,78.137,79.842,78.141,78.148,1.85,4.836,-0.578,100.0,0.0,74.666
0.0,0.0,0.0,100.0,0.0,3756.08,0.0,3222.63,2158.605,1061.414,81.831,78.124,79.841,78.129,78.138,1.85,4.836,-0.578,100.0,0.0,74.615
0.0,0.0,0.0,100.0,0.0,3756.08,0.0,3222.63,2158.605,1061.414,81.815,78.095,79.839,78.106,78.123,1.85,4.836,-0.578,100.0,0.0,74.53
0.0,0.0,0.0,100.0,0.0,3756.08,0.0,3222.63,2158.605,1061.414,81.796,78.086,79.838,78.09,78.104,1.85,4.836,-0.578,100.0,0.0,74.517
0.0,0.0,0.0,100.0,0.0,3756.08,0.0,3222.63,2158.605,1061.414,81.781,78.068,79.836,78.075,78.088,1.85,4.836,-0.578,100.0,0.0,74.465
0.0,0.0,0.0,100.0,0.0,3756.08,0.0,3222.63,2158.605,1061.414,81.764,78.049,79.834,78.056,78.071,1.85,4.836,-0.578,100.0,0.0,74.401
0.0,0.0,0.0,100.0,0.0,3756.08,0.0,3222.63,2158.605,1061.414,81.748,78.041,79.832,78.045,78.056,1.85,4.836,-0.578,100.0,0.0,74.388
0.0,0.0,0.0,100.0,0.0,3756.08,0.0,3222.63,2158.605,1061.414,81.731,78.006,79.83,78.019,78.038,1.85,4.836,-0.578,100.0,0.0,74.29
0.0,0.0,0.0,100.0,0.0,3756.08,0.0,3222.63,2158.605,1061.414,81.709,77.996,79.827,78.0,78.016,1.85,4.836,-0.578,100.0,0.0,74.265
0.0,0.0,0.0,100.0,0.0,3756.08,0.0,3222.63,2158.605,1061.414,81.688,77.961,79.824,77.974,77.995,1.85,4.836,-0.578,100.0,0.0,74.161
0.0,0.0,0.0,100.0,0.0,3756.08,0.0,3222.63,2158.605,1061.414,81.665,77.954,79.82,77.957,77.972,1.85,4.836,-0.578,100.0,0.0,74.161
0.0,0.0,0.0,100.0,0.0,3756.08,0.0,3222.63,2158.605,1061.414,81.653,77.952,79.817,77.953,77.96,1.85,4.836,-0.578,100.0,0.0,74.148
0.0,0.0,0.0,100.0,0.0,3756.08,0.0,3222.63,2158.605,1061.414,81.647,77.95,79.813,77.951,77.955,1.85,4.836,-0.578,100.0,0.0,74.161
0.0,0.0,0.0,100.0,0.0,3756.08,0.0,3222.63,2158.605,1061.414,81.643,77.948,79.81,77.949,77.951,1.85,4.836,-0.578,100.0,0.0,74.148
0.0,0.0,0.0,100.0,0.0,3756.08,0.0,3222.63,2158.605,1061.414,81.641,77.946,79.807,77.947,77.949,1.85,4.836,-0.578,100.0,0.0,74.148
0.0,0.0,0.0,100.0,0.0,3756.08,0.0,3222.63,2158.605,1061.414,81.635,77.928,79.803,77.934,77.943,1.85,4.836,-0.578,100.0,0.0,74.096
0.0,0.0,0.0,100.0,0.0,3756.08,0.0,3222.63,2158.605,1061.414,81.624,77.918,79.8,77.922,77.932,1.85,4.836,-0.578,100.0,0.0,74.083
0.0,0.0,0.0,100.0,0.0,3756.08,0.0,3222.63,2158.605,1061.414,81.613,77.905,79.797,77.91,77.92,1.85,4.836,-0.578,100.0,0.0,74.057
0.0,0.0,0.0,100.0,0.0,3756.08,0.0,3222.63,2158.605,1061.414,81.6,77.89,79.793,77.896,77.907,1.85,4.836,-0.578,100.0,0.0,74.018
0.0,0.0,0.0,100.0,0.0,3756.08,0.0,3222.63,2158.605,1061.414,81.589,77.887,79.79,77.889,77.896,1.85,4.836,-0.578,100.0,0.0,74.018
0.0,0.0,0.0,100.0,0.0,3756.08,0.0,3222.63,2158.605,1061.414,81.578,77.864,79.786,77.873,77.885,1.85,4.836,-0.578,100.0,0.0,73.947
0.0,0.0,0.0,100.0,0.0,3756.08,0.0,3222.63,2158.605,1061.414,81.56,77.842,79.783,77.85,77.867,1.85,4.836,-0.578,100.0,0.0,73.895
0.0,0.0,0.0,100.0,0.0,3756.08,0.0,3222.63,2158.605,1061.414,81.541,77.827,79.779,77.833,77.848,1.85,4.836,-0.578,100.0,0.0,73.856
0.0,0.0,0.0,100.0,0.0,3756.08,0.0,3222.63,2158.605,1061.414,81.526,77.823,79.775,77.825,77.834,1.85,4.836,-0.578,100.0,0.0,73.843
0.0,0.0,0.0,100.0,0.0,3756.08,0.0,3222.63,2158.605,1061.414,81.517,77.815,79.77,77.818,77.825,1.85,4.836,-0.578,100.0,0.0,73.83
0.0,0.0,0.0,100.0,0.0,3756.08,0.0,3222.63,2158.605,1061.414,81.512,77.818,79.766,77.817,77.82,1.85,4.836,-0.578,100.0,0.0,73.843
0.0,0.0,0.0,100.0,0.0,3756.08,0.0,3222.63,2158.605,1061.414,81.506,77.795,79.762,77.803,77.813,1.85,4.836,-0.578,100.0,0.0,73.785
0.0,0.0,0.0,100.0,0.0,3756.08,0.0,3222.63,2158.605,1061.414,81.489,77.772,79.758,77.78,77.796,1.85,4.836,-0.578,100.0,0.0,73.733
0.0,0.0,0.0,100.0,0.0,3756.08,0.0,3222.63,2158.605,1061.414,81.473,77.768,79.754,77.77,77.78,1.85,4.836,-0.578,100.0,0.0,73.72
0.0,0.0,0.0,100.0,0.0,3756.08,0.0,3222.63,2158.605,1061.414,81.464,77.765,79.749,77.766,77.771,1.85,4.836,-0.578,100.0,0.0,73.733
0.0,0.0,0.0,100.0,0.0,3756.08,0.0,3222.63,2158.605,1061.414,81.459,77.762,79.745,77.763,77.767,1.85,4.836,-0.578,100.0,0.0,73.72
0.0,0.0,0.0,100.0,0.0,3756.08,0.0,3222.63,2158.605,1061.414,81.456,77.76,79.741,77.761,77.764,1.85,4.836,-0.578,100.0,0.0,73.72
0.0,0.0,0.0,100.0,0.0,3756.08,0.0,3222.63,2158.605,1061.414,81.448,77.735,79.737,77.744,77.755,1.85,4.836,-0.578,100.0,0.0,73.649
0.0,0.0,0.0,100.0,0.0,3756.08,0.0,3222.63,2158.605,1061.414,81.435,77.735,79.733,77.735,77.743,1.85,4.836,-0.578,100.0,0.0,73.662
0.0,0.0,0.0,100.0,0.0,3756.08,0.0,3222.63,2158.605,1061.414,81.43,77.734,79.728,77.735,77.738,1.85,4.836,-0.578,100.0,0.0,73.675
0.0,0.0,0.0,100.0,0.0,3756.08,0.0,3222.63,2158.605,1061.414,81.424,77.72,79.724,77.725,77.732,1.85,4.836,-0.578,100.0,0.0,73.636
0.0,0.0,0.0,100.0,0.0,3756.08,0.0,3222.63,2158.605,1061.414,81.414,77.705,79.72,77.711,77.721,1.85,4.836,-0.578,100.0,0.0,73.597
0.0,0.0,0.0,100.0,0.0,3756.08,0.0,3222.63,2158.605,1061.414,81.401,77.692,79.716,77.697,77.709,1.85,4.836,-0.578,100.0,0.0,73.571
0.0,0.0,0.0,100.0,0.0,3756.08,0.0,3222.63,2158.605,1061.414,81.382,77.655,79.712,77.668,77.69,1.85,4.836,-0.578,100.0,0.0,73.454
0.0,0.0,0.0,100.0,0.0,3756.08,0.0,3222.63,2158.605,1061.414,81.356,77.636,79.707,77.644,77.664,1.85,4.836,-0.578,100.0,0.0,73.422
0.0,0.0,0.0,100.0,0.0,3756.08,0.0,3222.63,2158.605,1061.414,81.338,77.632,79.702,77.634,77.646,1.85,4.836,-0.578,100.0,0.0,73.422
0.0,0.0,0.0,100.0,0.0,3756.08,0.0,3222.63,2158.605,1061.414,81.33,77.634,79.697,77.633,77.637,1.85,4.836,-0.578,100.0,0.0,73.429
0.0,0.0,0.0,100.0,0.0,3756.08,0.0,3222.63,2158.605,1061.414,81.332,77.653,79.693,77.646,77.639,1.85,4.836,-0.578,100.0,0.0,73.506
0.0,0.0,0.0,100.0,0.0,3756.08,0.0,3222.63,2158.605,1061.414,81.343,77.664,79.688,77.66,77.65,1.85,4.836,-0.578,100.0,0.0,73.545
0.0,0.0,0.0,100.0,0.0,3756.08,0.0,3222.63,2158.605,1061.414,81.351,77.663,79.684,77.663,77.659,1.85,4.836,-0.578,100.0,0.0,73.545
0.0,0.0,0.0,100.0,0.0,3756.08,0.0,3222.63,2158.605,1061.414,81.348,77.638,79.68,77.647,77.656,1.85,4.836,-0.578,100.0,0.0,73.467
0.0,0.0,0.0,100.0,0.0,3756.08,0.0,3222.63,2158.605,1061.414,81.337,77.638,79.677,77.638,77.645,1.85,4.836,-0.578,100.0,0.0,73.493
0.0,0.0,0.0,100.0,0.0,3756.08,0.0,3222.63,2158.605,1061.414,81.334,77.642,79.673,77.641,77.642,1.85,4.836,-0.578,100.0,0.0,73.506
0.0,0.0,0.0,100.0,0.0,3756.08,0.0,3222.63,2158.605,1061.414,81.331,77.629,79.669,77.634,77.639,1.85,4.836,-0.578,100.0,0.0,73.467
0.0,0.0,0.0,100.0,0.0,3756.08,0.0,3222.63,2158.605,1061.414,81.326,77.631,79.666,77.631,77.634,1.85,4.836,-0.578,100.0,0.0,73.493
0.0,0.0,0.0,100.0,0.0,3756.08,0.0,3222.63,2158.605,1061.414,81.321,77.614,79.662,77.62,77.628,1.85,4.836,-0.578,100.0,0.0,73.429
0.0,0.0,0.0,100.0,0.0,3756.08,0.0,3222.63,2158.605,1061.414,81.31,77.609,79.658,77.611,77.618,1.85,4.836,-0.578,100.0,0.0,73.429
0.0,0.0,0.0,100.0,0.0,3756.08,0.0,3222.63,2158.605,1061.414,81.305,77.612,79.655,77.611,77.613,1.85,4.836,-0.578,100.0,0.0,73.454
0.0,0.0,0.0,100.0,0.0,3756.08,0.0,3222.63,2158.605,1061.414,81.305,77.615,79.652,77.614,77.613,1.85,4.836,-0.578,100.0,0.0,73.467
0.0,0.0,0.0,100.0,0.0,3756.08,0.0,3222.63,2158.605,1061.414,81.31,77.631,79.648,77.626,77.618,1.85,4.836,-0.578,100.0,0.0,73.519
0.0,0.0,0.0,100.0,0.0,3756.08,0.0,3222.63,2158.605,1061.414,81.315,77.615,79.645,77.62,77.622,1.85,4.836,-0.578,100.0,0.0,73.467
0.0,0.0,0.0,100.0,0.0,3756.08,0.0,3222.63,2158.605,1061.414,81.307,77.6,79.643,77.605,77.615,1.85,4.836,-0.578,100.0,0.0,73.441
0.0,0.0,0.0,100.0,0.0,3756.08,0.0,3222.63,2158.605,1061.414,81.295,77.586,79.64,77.591,77.602,1.85,4.836,-0.578,100.0,0.0,73.396
0.0,0.0,0.0,100.0,0.0,3756.08,0.0,3222.63,2158.605,1061.414,81.284,77.587,79.637,77.587,77.592,1.85,4.836,-0.578,100.0,0.0,73.422
0.0,0.0,0.0,100.0,0.0,3756.08,0.0,3222.63,2158.605,1061.414,81.284,77.602,79.634,77.597,77.592,1.85,4.836,-0.578,100.0,0.0,73.467
0.0,0.0,0.0,100.0,0.0,3756.08,0.0,3222.63,2158.605,1061.414,81.295,77.619,79.631,77.613,77.602,1.85,4.836,-0.578,100.0,0.0,73.519
0.0,0.0,0.0,100.0,0.0,3756.08,0.0,3222.63,2158.605,1061.414,81.301,77.603,79.628,77.608,77.609,1.85,4.836,-0.578,100.0,0.0,73.467
0.0,0.0,0.0,100.0,0.0,3756.08,0.0,3222.63,2158.605,1061.414,81.3,77.61,79.626,77.608,77.607,1.85,4.836,-0.578,100.0,0.0,73.506
0.0,0.0,0.0,100.0,0.0,3756.08,0.0,3222.63,2158.605,1061.414,81.297,77.589,79.624,77.597,77.604,1.85,4.836,-0.578,100.0,0.0,73.441
0.0,0.0,0.0,100.0,0.0,3756.08,0.0,3222.63,2158.605,1061.414,81.284,77.573,79.622,77.579,77.591,1.85,4.836,-0.578,100.0,0.0,73.396
0.0,0.0,0.0,100.0,0.0,3756.08,0.0,3222.63,2158.605,1061.414,81.272,77.571,79.619,77.573,77.58,1.85,4.836,-0.578,100.0,0.0,73.396
0.0,0.0,0.0,100.0,0.0,3756.08,0.0,3222.63,2158.605,1061.414,81.262,77.553,79.617,77.559,77.57,1.85,4.836,-0.578,100.0,0.0,73.344
0.0,0.0,0.0,100.0,0.0,3756.08,0.0,3222.63,2158.605,1061.414,81.255,77.566,79.614,77.562,77.563,1.85,4.836,-0.578,100.0,0.0,73.396
0.0,0.0,0.0,100.0,0.0,3756.08,0.0,3222.63,2158.605,1061.414,81.254,77.556,79.612,77.559,77.562,1.85,4.836,-0.578,100.0,0.0,73.357
0.0,0.0,0.0,100.0,0.0,3756.08,0.0,3222.63,2158.605,1061.414,81.25,77.553,79.609,77.554,77.557,1.85,4.836,-0.578,100.0,0.0,73.37
0.0,0.0,0.0,100.0,0.0,3756.08,0.0,3222.63,2158.605,1061.414,81.243,77.535,79.607,77.542,77.551,1.85,4.836,-0.578,100.0,0.0,73.318
0.0,0.0,0.0,100.0,0.0,3756.08,0.0,3222.63,2158.605,1061.414,81.229,77.515,79.604,77.523,77.537,1.85,4.836,-0.578,100.0,0.0,73.254
0.0,0.0,0.0,100.0,0.0,3756.08,0.0,3222.63,2158.605,1061.414,81.214,77.506,79.602,77.51,77.521,1.85,4.836,-0.578,100.0,0.0,73.241
0.0,0.0,0.0,100.0,0.0,3756.08,0.0,3222.63,2158.605,1061.414,81.204,77.504,79.599,77.505,77.511,1.85,4.836,-0.578,100.0,0.0,73.241
0.0,0.0,0.0,100.0,0.0,3756.08,0.0,3222.63,2158.605,1061.414,81.195,77.485,79.596,77.492,77.502,1.85,4.836,-0.578,100.0,0.0,73.189
0.0,0.0,0.0,100.0,0.0,3756.08,0.0,3222.63,2158.605,1061.414,81.187,77.497,79.593,77.493,77.494,1.85,4.836,-0.578,100.0,0.0,73.241
0.0,0.0,0.0,100.0,0.0,3756.08,0.0,3222.63,2158.605,1061.414,81.191,77.509,79.59,77.505,77.499,1.85,4.836,-0.578,100.0,0.0,73.279
0.0,0.0,0.0,100.0,0.0,3756.08,0.0,3222.63,2158.605,1061.414,81.196,77.503,79.587,77.505,77.503,1.85,4.836,-0.578,100.0,0.0,73.254
0.0,0.0,0.0,100.0,0.0,3756.08,0.0,3222.63,2158.605,1061.414,81.194,77.494,79.585,77.497,77.501,1.85,4.836,-0.578,100.0,0.0,73.241
0.0,0.0,0.0,100.0,0.0,3756.08,0.0,3222.63,2158.605,1061.414,81.193,77.509,79.582,77.504,77.501,1.85,4.836,-0.578,100.0,0.0,73.292
0.0,0.0,0.0,100.0,0.0,3756.08,0.0,3222.63,2158.605,1061.414,81.193,77.488,79.58,77.496,77.501,1.85,4.836,-0.578,100.0,0.0,73.215
0.0,0.0,0.0,100.0,0.0,3756.08,0.0,3222.63,2158.605,1061.414,81.182,77.475,79.578,77.479,77.49,1.85,4.836,-0.578,100.0,0.0,73.202
